CCStrip-at Ep-60C,VSTEP1,-1.395,TSTEP1,600.0,QLIMIT,60000.0
T,Im,Q
0.0,3.2782,0.16391
0.05,0.394644,0.183642
0.1,0.430418,0.205163
0.15,0.451103,0.227718
0.2,0.460791,0.250758
0.25,0.46521,0.274018
0.3,0.466873,0.297362
0.35,0.467205,0.320722
0.4,0.466888,0.344067
0.45,0.466244,0.367379
0.5,0.465396,0.390649
0.55,0.464465,0.413872
0.6,0.463517,0.437048
0.65,0.462511,0.460173
0.7,0.461494,0.483248
0.75,0.460568,0.506276
0.8,0.459566,0.529255
0.85,0.45861,0.552185
0.9,0.457658,0.575068
0.95,0.456735,0.597905
1.0,0.455887,0.620699
1.05,0.45495,0.643447
1.1,0.454153,0.666154
1.15,0.453299,0.688819
1.2,0.452483,0.711444
1.25,0.451672,0.734027
1.3,0.4509,0.756572
1.35,0.450146,0.779079
1.4,0.449347,0.801547
1.45,0.448638,0.823979
1.5,0.44794,0.846376
1.55,0.447242,0.868738
1.6,0.446541,0.891065
1.65,0.44589,0.913359
1.7,0.445229,0.935621
1.75,0.444602,0.957851
1.8,0.44397,0.980049
1.85,0.443376,1.00222
1.9,0.442746,1.02436
1.95,0.442178,1.04646
2.0,0.441633,1.06855
2.05,0.441048,1.0906
2.1,0.440509,1.11262
2.15,0.43993,1.13462
2.2,0.439399,1.15659
2.25,0.438898,1.17854
2.3,0.438346,1.20045
2.35,0.437893,1.22235
2.4,0.437341,1.24421
2.45,0.436847,1.26606
2.5,0.43636,1.28787
2.55,0.435842,1.30967
2.6,0.435405,1.33144
2.65,0.434984,1.35319
2.7,0.434529,1.37491
2.75,0.4341,1.39662
2.8,0.433647,1.4183
2.85,0.433227,1.43996
2.9,0.43278,1.4616
2.95,0.432372,1.48322
3.0,0.431945,1.50482
3.05,0.431522,1.52639
3.1,0.431119,1.54795
3.15,0.430707,1.56948
3.2,0.430289,1.591
3.25,0.429891,1.61249
3.3,0.429497,1.63397
3.35,0.429109,1.65542
3.4,0.428754,1.67686
3.45,0.428398,1.69828
3.5,0.428037,1.71968
3.55,0.427627,1.74106
3.6,0.427268,1.76243
3.65,0.42691,1.78377
3.7,0.426549,1.8051
3.75,0.426201,1.82641
3.8,0.425852,1.8477
3.85,0.425506,1.86898
3.9,0.425184,1.89024
3.95,0.424834,1.91148
4.0,0.424499,1.9327
4.05,0.424181,1.95391
4.1,0.423832,1.9751
4.15,0.423524,1.99628
4.2,0.423186,2.01744
4.25,0.4229,2.03858
4.3,0.422568,2.05971
4.35,0.422292,2.08083
4.4,0.422017,2.10193
4.45,0.421709,2.12301
4.5,0.421431,2.14409
4.55,0.421125,2.16514
4.6,0.420842,2.18618
4.65,0.420583,2.20721
4.7,0.420335,2.22823
4.75,0.420056,2.24923
4.8,0.419777,2.27022
4.85,0.41949,2.2912
4.9,0.419246,2.31216
4.95,0.418984,2.33311
5.0,0.41875,2.35405
5.05,0.418501,2.37497
5.1,0.418248,2.39588
5.15,0.418017,2.41678
5.2,0.417732,2.43767
5.25,0.417525,2.45855
5.3,0.417286,2.47941
5.35,0.417048,2.50026
5.4,0.416822,2.5211
5.45,0.416594,2.54193
5.5,0.416384,2.56275
5.55,0.416155,2.58356
5.6,0.41597,2.60436
5.65,0.415766,2.62515
5.7,0.415543,2.64592
5.75,0.41535,2.66669
5.8,0.415152,2.68745
5.85,0.41494,2.7082
5.9,0.414742,2.72893
5.95,0.414532,2.74966
6.0,0.414362,2.77038
6.05,0.414167,2.79109
6.1,0.413993,2.81179
6.15,0.413811,2.83248
6.2,0.413654,2.85316
6.25,0.413477,2.87383
6.3,0.413311,2.8945
6.35,0.413134,2.91516
6.4,0.412947,2.9358
6.45,0.412806,2.95644
6.5,0.412641,2.97708
6.55,0.412465,2.9977
6.6,0.412303,3.01831
6.65,0.412142,3.03892
6.7,0.412007,3.05952
6.75,0.411841,3.08011
6.8,0.411716,3.1007
6.85,0.411599,3.12128
6.9,0.411417,3.14185
6.95,0.411292,3.16241
7.0,0.411167,3.18297
7.05,0.411012,3.20352
7.1,0.410894,3.22407
7.15,0.410908,3.24461
7.2,0.410815,3.26515
7.25,0.410689,3.28569
7.3,0.410607,3.30622
7.35,0.410472,3.32674
7.4,0.410371,3.34726
7.45,0.410249,3.36777
7.5,0.410119,3.38828
7.55,0.410061,3.40878
7.6,0.409971,3.42928
7.65,0.409824,3.44977
7.7,0.409703,3.47026
7.75,0.409573,3.49074
7.8,0.409514,3.51121
7.85,0.40943,3.53168
7.9,0.409329,3.55215
7.95,0.409236,3.57261
8.0,0.409122,3.59307
8.05,0.40902,3.61352
8.1,0.408937,3.63397
8.15,0.40884,3.65441
8.2,0.408725,3.67484
8.25,0.408666,3.69528
8.3,0.408616,3.71571
8.35,0.408502,3.73613
8.4,0.408454,3.75656
8.45,0.408348,3.77697
8.5,0.408255,3.79739
8.55,0.408196,3.8178
8.6,0.408135,3.8382
8.65,0.408071,3.85861
8.7,0.408031,3.87901
8.75,0.407963,3.89941
8.8,0.40789,3.9198
8.85,0.407823,3.94019
8.9,0.40775,3.96058
8.95,0.407692,3.98096
9.0,0.407629,4.00135
9.05,0.407575,4.02172
9.1,0.407526,4.0421
9.15,0.407476,4.06247
9.2,0.407431,4.08285
9.25,0.407384,4.10322
9.3,0.40749,4.12359
9.35,0.407452,4.14396
9.4,0.407417,4.16433
9.45,0.407346,4.1847
9.5,0.407284,4.20506
9.55,0.407224,4.22543
9.6,0.407158,4.24578
9.65,0.407081,4.26614
9.7,0.406967,4.28649
9.75,0.406854,4.30683
9.8,0.406695,4.32716
9.85,0.406602,4.34749
9.9,0.406517,4.36782
9.95,0.406439,4.38814
10.0,0.406329,4.40846
10.05,0.406275,4.42877
10.1,0.406237,4.44908
10.15,0.406195,4.46939
10.2,0.406142,4.4897
10.25,0.406093,4.51
10.3,0.406052,4.53031
10.35,0.405975,4.55061
10.4,0.405886,4.5709
10.45,0.405853,4.59119
10.5,0.405764,4.61148
10.55,0.40569,4.63177
10.6,0.40562,4.65205
10.65,0.40559,4.67233
10.7,0.405549,4.6926
10.75,0.405496,4.71288
10.8,0.405471,4.73315
10.85,0.405438,4.75342
10.9,0.405394,4.77369
10.95,0.405329,4.79396
11.0,0.405242,4.81422
11.05,0.405215,4.83448
11.1,0.405146,4.85474
11.15,0.405049,4.87499
11.2,0.405054,4.89525
11.25,0.404942,4.91549
11.3,0.404966,4.93574
11.35,0.404915,4.95599
11.4,0.404863,4.97623
11.45,0.40484,4.99647
11.5,0.404767,5.01671
11.55,0.404725,5.03695
11.6,0.404665,5.05718
11.65,0.404505,5.0774
11.7,0.404524,5.09763
11.75,0.404407,5.11785
11.8,0.40437,5.13807
11.85,0.404361,5.15829
11.9,0.404327,5.1785
11.95,0.404241,5.19872
12.0,0.404129,5.21892
12.05,0.404044,5.23913
12.1,0.403972,5.25932
12.15,0.403941,5.27952
12.2,0.403991,5.29972
12.25,0.403932,5.31992
12.3,0.403907,5.34011
12.35,0.403852,5.3603
12.4,0.403783,5.38049
12.45,0.403756,5.40068
12.5,0.403671,5.42087
12.55,0.403688,5.44105
12.6,0.403735,5.46124
12.65,0.403431,5.48141
12.7,0.403383,5.50158
12.75,0.403294,5.52174
12.8,0.403295,5.54191
12.85,0.403244,5.56207
12.9,0.403175,5.58223
12.95,0.403175,5.60239
13.0,0.403089,5.62254
13.05,0.40308,5.64269
13.1,0.402974,5.66284
13.15,0.40288,5.68299
13.2,0.403046,5.70314
13.25,0.403137,5.7233
13.3,0.403254,5.74346
13.35,0.403301,5.76362
13.4,0.403345,5.78379
13.45,0.403413,5.80396
13.5,0.403389,5.82413
13.55,0.403419,5.8443
13.6,0.403401,5.86447
13.65,0.403418,5.88464
13.7,0.403288,5.90481
13.75,0.403253,5.92497
13.8,0.403269,5.94513
13.85,0.403278,5.9653
13.9,0.403359,5.98547
13.95,0.403348,6.00563
14.0,0.403292,6.0258
14.05,0.40327,6.04596
14.1,0.403186,6.06612
14.15,0.402902,6.08627
14.2,0.402551,6.10639
14.25,0.402407,6.12651
14.3,0.402338,6.14663
14.35,0.402298,6.16675
14.4,0.402254,6.18686
14.45,0.402222,6.20697
14.5,0.402141,6.22708
14.55,0.402164,6.24718
14.6,0.402114,6.26729
14.65,0.40208,6.28739
14.7,0.402085,6.3075
14.75,0.401993,6.3276
14.8,0.401935,6.3477
14.85,0.40172,6.36778
14.9,0.401827,6.38787
14.95,0.401896,6.40797
15.0,0.401829,6.42806
15.05,0.401818,6.44815
15.1,0.401682,6.46823
15.15,0.401678,6.48832
15.2,0.401733,6.5084
15.25,0.401676,6.52849
15.3,0.401648,6.54857
15.35,0.401531,6.56865
15.4,0.401583,6.58873
15.45,0.401519,6.6088
15.5,0.401417,6.62887
15.55,0.40143,6.64894
15.6,0.401295,6.66901
15.65,0.401337,6.68908
15.7,0.401313,6.70914
15.75,0.401245,6.7292
15.8,0.40126,6.74927
15.85,0.401165,6.76933
15.9,0.401187,6.78938
15.95,0.401151,6.80944
16.0,0.401084,6.8295
16.05,0.401019,6.84955
16.1,0.400931,6.86959
16.15,0.400911,6.88964
16.2,0.400825,6.90968
16.25,0.400826,6.92972
16.3,0.400795,6.94976
16.35,0.400681,6.9698
16.4,0.400631,6.98983
16.45,0.400547,7.00985
16.5,0.400485,7.02988
16.55,0.400432,7.0499
16.6,0.400397,7.06992
16.65,0.400382,7.08994
16.7,0.400314,7.10996
16.75,0.400261,7.12997
16.8,0.400211,7.14998
16.85,0.400106,7.16998
16.9,0.400079,7.18999
16.95,0.400006,7.20999
17.0,0.400001,7.22999
17.05,0.399917,7.24998
17.1,0.3998,7.26997
17.15,0.399802,7.28996
17.2,0.399666,7.30995
17.25,0.399583,7.32993
17.3,0.399507,7.3499
17.35,0.399379,7.36987
17.4,0.39935,7.38984
17.45,0.399267,7.4098
17.5,0.399217,7.42976
17.55,0.399201,7.44972
17.6,0.399094,7.46968
17.65,0.399026,7.48963
17.7,0.398846,7.50957
17.75,0.398793,7.52951
17.8,0.398723,7.54945
17.85,0.398647,7.56938
17.9,0.398571,7.58931
17.95,0.398454,7.60923
18.0,0.398354,7.62915
18.05,0.398277,7.64906
18.1,0.398144,7.66897
18.15,0.398048,7.68887
18.2,0.397977,7.70877
18.25,0.397893,7.72866
18.3,0.397835,7.74856
18.35,0.397766,7.76845
18.4,0.397741,7.78833
18.45,0.397676,7.80822
18.5,0.397607,7.8281
18.55,0.39752,7.84797
18.6,0.397427,7.86784
18.65,0.397376,7.88771
18.7,0.397331,7.90758
18.75,0.397261,7.92744
18.8,0.397189,7.9473
18.85,0.397082,7.96716
18.9,0.39698,7.987
18.95,0.396944,8.00685
19.0,0.396878,8.0267
19.05,0.396767,8.04653
19.1,0.396649,8.06637
19.15,0.396652,8.0862
19.2,0.396624,8.10603
19.25,0.396554,8.12586
19.3,0.396492,8.14568
19.35,0.396409,8.1655
19.4,0.396332,8.18532
19.45,0.396256,8.20513
19.5,0.396141,8.22494
19.55,0.396065,8.24474
19.6,0.395977,8.26454
19.65,0.395936,8.28434
19.7,0.395916,8.30413
19.75,0.395903,8.32393
19.8,0.395842,8.34372
19.85,0.395752,8.36351
19.9,0.395665,8.38329
19.95,0.395555,8.40307
20.0,0.395487,8.42284
20.05,0.39543,8.44262
20.1,0.395342,8.46238
20.15,0.395243,8.48215
20.2,0.395065,8.5019
20.25,0.394859,8.52164
20.3,0.394725,8.54138
20.35,0.394679,8.56111
20.4,0.394558,8.58084
20.45,0.394505,8.60056
20.5,0.394664,8.6203
20.55,0.394716,8.64003
20.6,0.39465,8.65977
20.65,0.394585,8.6795
20.7,0.394501,8.69922
20.75,0.394399,8.71894
20.8,0.394302,8.73866
20.85,0.394233,8.75837
20.9,0.393996,8.77807
20.95,0.393727,8.79775
21.0,0.393594,8.81743
21.05,0.393477,8.83711
21.1,0.393339,8.85677
21.15,0.393156,8.87643
21.2,0.393061,8.89608
21.25,0.39314,8.91574
21.3,0.392947,8.93539
21.35,0.392924,8.95504
21.4,0.392702,8.97467
21.45,0.392692,8.9943
21.5,0.392429,9.01393
21.55,0.392344,9.03354
21.6,0.392228,9.05315
21.65,0.392198,9.07277
21.7,0.392066,9.09237
21.75,0.39188,9.11196
21.8,0.391745,9.13155
21.85,0.391769,9.15114
21.9,0.391677,9.17072
21.95,0.391714,9.19031
22.0,0.391769,9.2099
22.05,0.391537,9.22947
22.1,0.391467,9.24905
22.15,0.391138,9.2686
22.2,0.391138,9.28816
22.25,0.390964,9.30771
22.3,0.391159,9.32727
22.35,0.390923,9.34681
22.4,0.390869,9.36636
22.45,0.390763,9.38589
22.5,0.390669,9.40543
22.55,0.390519,9.42495
22.6,0.39037,9.44447
22.65,0.390262,9.46398
22.7,0.39008,9.48349
22.75,0.389956,9.50299
22.8,0.389846,9.52248
22.85,0.389799,9.54197
22.9,0.389569,9.56145
22.95,0.389419,9.58092
23.0,0.389244,9.60038
23.05,0.389187,9.61984
23.1,0.389008,9.63929
23.15,0.389031,9.65874
23.2,0.388959,9.67819
23.25,0.3891,9.69765
23.3,0.388999,9.71709
23.35,0.388895,9.73654
23.4,0.388815,9.75598
23.45,0.388705,9.77542
23.5,0.388589,9.79484
23.55,0.388494,9.81427
23.6,0.388395,9.83369
23.65,0.388281,9.8531
23.7,0.388139,9.87251
23.75,0.388048,9.89191
23.8,0.387969,9.91131
23.85,0.388193,9.93072
23.9,0.388106,9.95013
23.95,0.388018,9.96953
24.0,0.38792,9.98892
24.05,0.387842,10.0083
24.1,0.387706,10.0277
24.15,0.387509,10.0471
24.2,0.387332,10.0664
24.25,0.387246,10.0858
24.3,0.387229,10.1052
24.35,0.387113,10.1245
24.4,0.386928,10.1439
24.45,0.386546,10.1632
24.5,0.38636,10.1825
24.55,0.386264,10.2018
24.6,0.386241,10.2211
24.65,0.386116,10.2404
24.7,0.385865,10.2597
24.75,0.385688,10.279
24.8,0.385424,10.2983
24.85,0.385242,10.3176
24.9,0.385157,10.3368
24.95,0.385005,10.3561
25.0,0.384925,10.3753
25.05,0.384822,10.3946
25.1,0.38469,10.4138
25.15,0.38459,10.433
25.2,0.384487,10.4522
25.25,0.384401,10.4715
25.3,0.384285,10.4907
25.35,0.384181,10.5099
25.4,0.384124,10.5291
25.45,0.384005,10.5483
25.5,0.383763,10.5675
25.55,0.383426,10.5866
25.6,0.383315,10.6058
25.65,0.383175,10.625
25.7,0.382711,10.6441
25.75,0.382445,10.6632
25.8,0.382279,10.6823
25.85,0.382179,10.7015
25.9,0.381981,10.7206
25.95,0.381749,10.7396
26.0,0.38161,10.7587
26.05,0.381464,10.7778
26.1,0.38131,10.7969
26.15,0.381181,10.8159
26.2,0.381014,10.835
26.25,0.380866,10.854
26.3,0.380742,10.873
26.35,0.380611,10.8921
26.4,0.380421,10.9111
26.45,0.380316,10.9301
26.5,0.380121,10.9491
26.55,0.379795,10.9681
26.6,0.379698,10.9871
26.65,0.379582,11.0061
26.7,0.379576,11.0251
26.75,0.379557,11.044
26.8,0.379473,11.063
26.85,0.379392,11.082
26.9,0.379206,11.1009
26.95,0.378988,11.1199
27.0,0.378854,11.1388
27.05,0.378714,11.1578
27.1,0.378552,11.1767
27.15,0.378397,11.1956
27.2,0.378241,11.2145
27.25,0.377925,11.2334
27.3,0.377683,11.2523
27.35,0.377649,11.2712
27.4,0.37756,11.2901
27.45,0.377511,11.3089
27.5,0.377437,11.3278
27.55,0.377189,11.3467
27.6,0.376973,11.3655
27.65,0.376812,11.3844
27.7,0.376642,11.4032
27.75,0.376562,11.422
27.8,0.376411,11.4408
27.85,0.376273,11.4597
27.9,0.376079,11.4785
27.95,0.375939,11.4973
28.0,0.375711,11.516
28.05,0.375252,11.5348
28.1,0.374908,11.5536
28.15,0.374698,11.5723
28.2,0.37446,11.591
28.25,0.374302,11.6097
28.3,0.37412,11.6284
28.35,0.373912,11.6471
28.4,0.373569,11.6658
28.45,0.373156,11.6845
28.5,0.372728,11.7031
28.55,0.372469,11.7217
28.6,0.372226,11.7403
28.65,0.372089,11.7589
28.7,0.371892,11.7775
28.75,0.371766,11.7961
28.8,0.371672,11.8147
28.85,0.36947,11.8332
28.9,0.367857,11.8516
28.95,0.364703,11.8698
29.0,0.364119,11.888
29.05,0.363724,11.9062
29.1,0.363418,11.9244
29.15,0.362947,11.9425
29.2,0.362187,11.9606
29.25,0.361782,11.9787
29.3,0.361155,11.9968
29.35,0.360612,12.0148
29.4,0.360286,12.0328
29.45,0.35997,12.0508
29.5,0.359148,12.0688
29.55,0.358052,12.0867
29.6,0.357516,12.1046
29.65,0.357305,12.1224
29.7,0.357264,12.1403
29.75,0.35747,12.1582
29.8,0.357311,12.176
29.85,0.357091,12.1939
29.9,0.356833,12.2117
29.95,0.356602,12.2295
30.0,0.356373,12.2474
30.05,0.356182,12.2652
30.1,0.35603,12.283
30.15,0.355873,12.3008
30.2,0.355886,12.3186
30.25,0.355602,12.3363
30.3,0.355277,12.3541
30.35,0.3549,12.3719
30.4,0.354612,12.3896
30.45,0.354418,12.4073
30.5,0.354356,12.425
30.55,0.354327,12.4427
30.6,0.354098,12.4604
30.65,0.353826,12.4781
30.7,0.353651,12.4958
30.75,0.35345,12.5135
30.8,0.353207,12.5311
30.85,0.352965,12.5488
30.9,0.352803,12.5664
30.95,0.352624,12.5841
31.0,0.352423,12.6017
31.05,0.352238,12.6193
31.1,0.352017,12.6369
31.15,0.35166,12.6545
31.2,0.351392,12.6721
31.25,0.351187,12.6896
31.3,0.351298,12.7072
31.35,0.351107,12.7247
31.4,0.350832,12.7423
31.45,0.35051,12.7598
31.5,0.349149,12.7773
31.55,0.348887,12.7947
31.6,0.348889,12.8121
31.65,0.348861,12.8296
31.7,0.348791,12.847
31.75,0.3487,12.8645
31.8,0.34859,12.8819
31.85,0.348294,12.8993
31.9,0.348173,12.9167
31.95,0.348216,12.9341
32.0,0.348066,12.9515
32.05,0.347995,12.9689
32.1,0.347878,12.9863
32.15,0.347628,13.0037
32.2,0.347663,13.0211
32.25,0.347513,13.0385
32.3,0.347265,13.0558
32.35,0.346963,13.0732
32.4,0.346636,13.0905
32.45,0.34639,13.1078
32.5,0.346276,13.1251
32.55,0.345959,13.1424
32.6,0.345746,13.1597
32.65,0.344669,13.177
32.7,0.342926,13.1941
32.75,0.342592,13.2112
32.8,0.342325,13.2284
32.85,0.342178,13.2455
32.9,0.341803,13.2626
32.95,0.341498,13.2796
33.0,0.340174,13.2966
33.05,0.339879,13.3136
33.1,0.33956,13.3306
33.15,0.339132,13.3476
33.2,0.338847,13.3645
33.25,0.338444,13.3814
33.3,0.338033,13.3983
33.35,0.337952,13.4152
33.4,0.337602,13.4321
33.45,0.337206,13.449
33.5,0.336902,13.4658
33.55,0.336551,13.4826
33.6,0.336135,13.4994
33.65,0.335946,13.5162
33.7,0.335674,13.533
33.75,0.335307,13.5498
33.8,0.334954,13.5665
33.85,0.334595,13.5833
33.9,0.330182,13.5998
33.95,0.328041,13.6162
34.0,0.327317,13.6325
34.05,0.326904,13.6489
34.1,0.326419,13.6652
34.15,0.325964,13.6815
34.2,0.325813,13.6978
34.25,0.325214,13.7141
34.3,0.324942,13.7303
34.35,0.325296,13.7466
34.4,0.3257,13.7629
34.45,0.325644,13.7791
34.5,0.325696,13.7954
34.55,0.325455,13.8117
34.6,0.325391,13.828
34.65,0.325227,13.8442
34.7,0.325219,13.8605
34.75,0.324972,13.8767
34.8,0.324686,13.893
34.85,0.324419,13.9092
34.9,0.324123,13.9254
34.95,0.323873,13.9416
35.0,0.32361,13.9578
35.05,0.32339,13.9739
35.1,0.323046,13.9901
35.15,0.322855,14.0062
35.2,0.322588,14.0224
35.25,0.322289,14.0385
35.3,0.321731,14.0546
35.35,0.321431,14.0706
35.4,0.321205,14.0867
35.45,0.320949,14.1028
35.5,0.320561,14.1188
35.55,0.320279,14.1348
35.6,0.320082,14.1508
35.65,0.319775,14.1668
35.7,0.319607,14.1828
35.75,0.319182,14.1987
35.8,0.318753,14.2147
35.85,0.318275,14.2306
35.9,0.318244,14.2465
35.95,0.318194,14.2624
36.0,0.318048,14.2783
36.05,0.318276,14.2942
36.1,0.317667,14.3101
36.15,0.317266,14.326
36.2,0.317146,14.3418
36.25,0.316716,14.3577
36.3,0.316601,14.3735
36.35,0.316117,14.3893
36.4,0.315979,14.4051
36.45,0.315538,14.4209
36.5,0.315105,14.4366
36.55,0.314963,14.4524
36.6,0.314443,14.4681
36.65,0.314096,14.4838
36.7,0.313723,14.4995
36.75,0.313163,14.5151
36.8,0.312391,14.5308
36.85,0.311588,14.5463
36.9,0.311178,14.5619
36.95,0.310892,14.5774
37.0,0.310492,14.593
37.05,0.310711,14.6085
37.1,0.310209,14.624
37.15,0.309712,14.6395
37.2,0.309237,14.655
37.25,0.308865,14.6704
37.3,0.308836,14.6858
37.35,0.308203,14.7013
37.4,0.307728,14.7166
37.45,0.307463,14.732
37.5,0.307442,14.7474
37.55,0.30635,14.7627
37.6,0.305415,14.778
37.65,0.304851,14.7932
37.7,0.304202,14.8084
37.75,0.303414,14.8236
37.8,0.303021,14.8388
37.85,0.302108,14.8539
37.9,0.300266,14.8689
37.95,0.300156,14.8839
38.0,0.29967,14.8989
38.05,0.299075,14.9138
38.1,0.30044,14.9288
38.15,0.301755,14.9439
38.2,0.301853,14.959
38.25,0.302485,14.9741
38.3,0.302395,14.9893
38.35,0.302243,15.0044
38.4,0.301945,15.0195
38.45,0.301618,15.0346
38.5,0.301316,15.0496
38.55,0.300856,15.0647
38.6,0.300313,15.0797
38.65,0.299884,15.0947
38.7,0.299513,15.1096
38.75,0.299147,15.1246
38.8,0.299381,15.1396
38.85,0.2992,15.1545
38.9,0.298821,15.1695
38.95,0.298472,15.1844
39.0,0.298044,15.1993
39.05,0.297682,15.2142
39.1,0.297457,15.2291
39.15,0.297091,15.2439
39.2,0.296714,15.2587
39.25,0.296371,15.2736
39.3,0.295943,15.2884
39.35,0.295463,15.3031
39.4,0.294936,15.3179
39.45,0.294483,15.3326
39.5,0.294034,15.3473
39.55,0.293573,15.362
39.6,0.293164,15.3766
39.65,0.292615,15.3913
39.7,0.292026,15.4059
39.75,0.291423,15.4204
39.8,0.29079,15.435
39.85,0.290263,15.4495
39.9,0.289537,15.464
39.95,0.288085,15.4784
40.0,0.288083,15.4928
40.05,0.288508,15.5072
40.1,0.289152,15.5217
40.15,0.289043,15.5361
40.2,0.288934,15.5506
40.25,0.288599,15.565
40.3,0.28823,15.5794
40.35,0.287309,15.5938
40.4,0.286767,15.6081
40.45,0.285398,15.6224
40.5,0.283675,15.6366
40.55,0.28421,15.6508
40.6,0.284043,15.665
40.65,0.283378,15.6791
40.7,0.282643,15.6933
40.75,0.281551,15.7074
40.8,0.279018,15.7213
40.85,0.277046,15.7352
40.9,0.276808,15.749
40.95,0.27627,15.7628
41.0,0.278252,15.7767
41.05,0.281221,15.7908
41.1,0.28277,15.8049
41.15,0.282881,15.8191
41.2,0.282391,15.8332
41.25,0.281019,15.8472
41.3,0.279135,15.8612
41.35,0.278504,15.8751
41.4,0.278515,15.889
41.45,0.27828,15.903
41.5,0.278094,15.9169
41.55,0.277847,15.9308
41.6,0.276372,15.9446
41.65,0.275524,15.9584
41.7,0.275717,15.9721
41.75,0.273436,15.9858
41.8,0.271932,15.9994
41.85,0.270541,16.0129
41.9,0.270977,16.0265
41.95,0.270549,16.04
42.0,0.269626,16.0535
42.05,0.269908,16.067
42.1,0.269605,16.0805
42.15,0.269216,16.0939
42.2,0.268699,16.1074
42.25,0.268529,16.1208
42.3,0.267929,16.1342
42.35,0.268008,16.1476
42.4,0.26759,16.161
42.45,0.267551,16.1743
42.5,0.267058,16.1877
42.55,0.267676,16.2011
42.6,0.266822,16.2144
42.65,0.266793,16.2278
42.7,0.266161,16.2411
42.75,0.265327,16.2543
42.8,0.264761,16.2676
42.85,0.262444,16.2807
42.9,0.262901,16.2938
42.95,0.263321,16.307
43.0,0.262901,16.3202
43.05,0.262913,16.3333
43.1,0.262989,16.3464
43.15,0.262606,16.3596
43.2,0.262381,16.3727
43.25,0.261699,16.3858
43.3,0.260912,16.3988
43.35,0.260041,16.4118
43.4,0.258654,16.4248
43.45,0.259473,16.4377
43.5,0.261582,16.4508
43.55,0.260725,16.4639
43.6,0.259499,16.4768
43.65,0.256473,16.4897
43.7,0.251991,16.5023
43.75,0.251708,16.5148
43.8,0.250331,16.5274
43.85,0.250489,16.5399
43.9,0.249273,16.5523
43.95,0.249424,16.5648
44.0,0.247527,16.5772
44.05,0.249089,16.5896
44.1,0.247979,16.602
44.15,0.244128,16.6142
44.2,0.243573,16.6264
44.25,0.245563,16.6387
44.3,0.243461,16.6509
44.35,0.241517,16.663
44.4,0.243627,16.6751
44.45,0.243151,16.6873
44.5,0.242963,16.6994
44.55,0.239753,16.7114
44.6,0.238174,16.7233
44.65,0.238483,16.7353
44.7,0.235494,16.747
44.75,0.237741,16.7589
44.8,0.235981,16.7707
44.85,0.232191,16.7823
44.9,0.233673,16.794
44.95,0.231807,16.8056
45.0,0.231882,16.8172
45.05,0.22835,16.8286
45.1,0.231447,16.8402
45.15,0.226003,16.8515
45.2,0.226412,16.8628
45.25,0.223745,16.874
45.3,0.222474,16.8851
45.35,0.222856,16.8963
45.4,0.218333,16.9072
45.45,0.219807,16.9182
45.5,0.217476,16.929
45.55,0.218123,16.94
45.6,0.215698,16.9507
45.65,0.211784,16.9613
45.7,0.212187,16.9719
45.75,0.209353,16.9824
45.8,0.211277,16.993
45.85,0.204096,17.0032
45.9,0.203436,17.0133
45.95,0.202057,17.0234
46.0,0.200526,17.0335
46.05,0.199531,17.0434
46.1,0.199985,17.0534
46.15,0.199133,17.0634
46.2,0.200457,17.0734
46.25,0.201446,17.0835
46.3,0.202667,17.0936
46.35,0.205396,17.1039
46.4,0.199317,17.1139
46.45,0.201072,17.1239
46.5,0.19988,17.1339
46.55,0.19536,17.1437
46.6,0.194339,17.1534
46.65,0.19333,17.1631
46.7,0.192409,17.1727
46.75,0.188891,17.1821
46.8,0.189918,17.1916
46.85,0.190511,17.2012
46.9,0.193446,17.2108
46.95,0.193329,17.2205
47.0,0.194724,17.2302
47.05,0.194415,17.24
47.1,0.186081,17.2493
47.15,0.182731,17.2584
47.2,0.182997,17.2675
47.25,0.181066,17.2766
47.3,0.180658,17.2856
47.35,0.179415,17.2946
47.4,0.178511,17.3035
47.45,0.177298,17.3124
47.5,0.17693,17.3212
47.55,0.179495,17.3302
47.6,0.180529,17.3392
47.65,0.180188,17.3482
47.7,0.178858,17.3572
47.75,0.172399,17.3658
47.8,0.160757,17.3738
47.85,0.158066,17.3817
47.9,0.158733,17.3897
47.95,0.155813,17.3975
48.0,0.153197,17.4051
48.05,0.151681,17.4127
48.1,0.14844,17.4201
48.15,0.151529,17.4277
48.2,0.148857,17.4352
48.25,0.147111,17.4425
48.3,0.159309,17.4505
48.35,0.166146,17.4588
48.4,0.170703,17.4673
48.45,0.168715,17.4758
48.5,0.167553,17.4841
48.55,0.173733,17.4928
48.6,0.188573,17.5023
48.65,0.186445,17.5116
48.7,0.174891,17.5203
48.75,0.182603,17.5294
48.8,0.18564,17.5387
48.85,0.185226,17.548
48.9,0.17259,17.5566
48.95,0.16859,17.5651
49.0,0.153633,17.5727
49.05,0.15234,17.5804
49.1,0.151003,17.5879
49.15,0.15542,17.5957
49.2,0.163051,17.6038
49.25,0.163226,17.612
49.3,0.161618,17.6201
49.35,0.15085,17.6276
49.4,0.129319,17.6341
49.45,0.142473,17.6412
49.5,0.150585,17.6487
49.55,0.15063,17.6563
49.6,0.140381,17.6633
49.65,0.130188,17.6698
49.7,0.131491,17.6764
49.75,0.120049,17.6824
49.8,0.117123,17.6882
49.85,0.106546,17.6935
49.9,0.107721,17.6989
49.95,0.121533,17.705
50.0,0.121499,17.7111
50.05,0.108675,17.7165
50.1,0.10231,17.7216
50.15,0.0893779,17.7261
50.2,0.123154,17.7323
50.25,0.125791,17.7386
50.3,0.117918,17.7444
50.35,0.114493,17.7502
50.4,0.120497,17.7562
50.45,0.150339,17.7637
50.5,0.131933,17.7703
50.55,0.129099,17.7768
50.6,0.118476,17.7827
50.65,0.134855,17.7894
50.7,0.122083,17.7955
50.75,0.129437,17.802
50.8,0.128016,17.8084
50.85,0.121523,17.8145
50.9,0.130248,17.821
50.95,0.13209,17.8276
51.0,0.139562,17.8346
51.05,0.142251,17.8417
51.1,0.144247,17.8489
51.15,0.151208,17.8565
51.2,0.135687,17.8632
51.25,0.136989,17.8701
51.3,0.130423,17.8766
51.35,0.12839,17.883
51.4,0.130595,17.8896
51.45,0.12844,17.896
51.5,0.132585,17.9026
51.55,0.127207,17.909
51.6,0.13089,17.9155
51.65,0.127066,17.9219
51.7,0.130168,17.9284
51.75,0.126918,17.9347
51.8,0.120022,17.9407
51.85,0.122048,17.9468
51.9,0.103465,17.952
51.95,0.0941615,17.9567
52.0,0.107587,17.9621
52.05,0.118469,17.968
52.1,0.11131,17.9736
52.15,0.116199,17.9794
52.2,0.107494,17.9848
52.25,0.105679,17.9901
52.3,0.104326,17.9953
52.35,0.0983021,18.0002
52.4,0.11435,18.0059
52.45,0.109764,18.0114
52.5,0.106831,18.0167
52.55,0.112467,18.0224
52.6,0.111351,18.0279
52.65,0.109524,18.0334
52.7,0.111404,18.039
52.75,0.0995876,18.0439
52.8,0.0982643,18.0489
52.85,0.0959241,18.0537
52.9,0.100225,18.0587
52.95,0.102673,18.0638
53.0,0.108117,18.0692
53.05,0.109072,18.0747
53.1,0.105763,18.08
53.15,0.0995628,18.0849
53.2,0.105127,18.0902
53.25,0.103992,18.0954
53.3,0.107689,18.1008
53.35,0.105103,18.106
53.4,0.115383,18.1118
53.45,0.120565,18.1178
53.5,0.118764,18.1238
53.55,0.12394,18.13
53.6,0.125143,18.1362
53.65,0.128438,18.1426
53.7,0.130572,18.1492
53.75,0.140679,18.1562
53.8,0.143614,18.1634
53.85,0.145886,18.1707
53.9,0.140054,18.1777
53.95,0.127046,18.184
54.0,0.128918,18.1905
54.05,0.126953,18.1968
54.1,0.134802,18.2036
54.15,0.133529,18.2102
54.2,0.138124,18.2171
54.25,0.132587,18.2238
54.3,0.124778,18.23
54.35,0.129101,18.2365
54.4,0.12411,18.2427
54.45,0.124365,18.2489
54.5,0.122893,18.255
54.55,0.117597,18.2609
54.6,0.11142,18.2665
54.65,0.12406,18.2727
54.7,0.123676,18.2789
54.75,0.128011,18.2853
54.8,0.132822,18.2919
54.85,0.139647,18.2989
54.9,0.140754,18.3059
54.95,0.144675,18.3132
55.0,0.134931,18.3199
55.05,0.150854,18.3275
55.1,0.152493,18.3351
55.15,0.161138,18.3431
55.2,0.16197,18.3512
55.25,0.168876,18.3597
55.3,0.169401,18.3682
55.35,0.167977,18.3766
55.4,0.164781,18.3848
55.45,0.164452,18.393
55.5,0.164059,18.4012
55.55,0.16144,18.4093
55.6,0.157962,18.4172
55.65,0.1672,18.4255
55.7,0.167362,18.4339
55.75,0.162131,18.442
55.8,0.168891,18.4505
55.85,0.170136,18.459
55.9,0.16845,18.4674
55.95,0.166566,18.4757
56.0,0.171588,18.4843
56.05,0.169284,18.4928
56.1,0.163264,18.5009
56.15,0.161449,18.509
56.2,0.16911,18.5175
56.25,0.165062,18.5257
56.3,0.163526,18.5339
56.35,0.159234,18.5419
56.4,0.150078,18.5494
56.45,0.160074,18.5574
56.5,0.164844,18.5656
56.55,0.16176,18.5737
56.6,0.162619,18.5818
56.65,0.157208,18.5897
56.7,0.152378,18.5973
56.75,0.1485,18.6047
56.8,0.146899,18.6121
56.85,0.149765,18.6196
56.9,0.145982,18.6269
56.95,0.148629,18.6343
57.0,0.152417,18.6419
57.05,0.148829,18.6493
57.1,0.14724,18.6567
57.15,0.148468,18.6641
57.2,0.152846,18.6718
57.25,0.154045,18.6795
57.3,0.15401,18.6872
57.35,0.155644,18.695
57.4,0.155541,18.7027
57.45,0.153874,18.7104
57.5,0.153999,18.7181
57.55,0.147781,18.7255
57.6,0.1514,18.7331
57.65,0.15358,18.7408
57.7,0.148762,18.7482
57.75,0.148261,18.7556
57.8,0.148679,18.7631
57.85,0.150031,18.7706
57.9,0.147513,18.7779
57.95,0.151248,18.7855
58.0,0.145526,18.7928
58.05,0.145809,18.8001
58.1,0.141069,18.8071
58.15,0.138416,18.814
58.2,0.142161,18.8211
58.25,0.141886,18.8282
58.3,0.144662,18.8355
58.35,0.142354,18.8426
58.4,0.135099,18.8493
58.45,0.136718,18.8562
58.5,0.136975,18.863
58.55,0.133493,18.8697
58.6,0.13814,18.8766
58.65,0.141579,18.8837
58.7,0.136203,18.8905
58.75,0.134728,18.8972
58.8,0.133324,18.9039
58.85,0.132737,18.9105
58.9,0.131338,18.9171
58.95,0.139015,18.9241
59.0,0.139421,18.931
59.05,0.138931,18.938
59.1,0.137626,18.9449
59.15,0.133444,18.9515
59.2,0.137178,18.9584
59.25,0.138735,18.9653
59.3,0.13528,18.9721
59.35,0.142415,18.9792
59.4,0.148787,18.9866
59.45,0.138437,18.9936
59.5,0.137275,19.0004
59.55,0.134319,19.0071
59.6,0.136042,19.014
59.65,0.146222,19.0213
59.7,0.144119,19.0285
59.75,0.13325,19.0351
59.8,0.150942,19.0427
59.85,0.144771,19.0499
59.9,0.137127,19.0568
59.95,0.14896,19.0642
60.0,0.154956,19.072
60.05,0.148037,19.0794
60.1,0.140908,19.0864
60.15,0.146421,19.0937
60.2,0.148081,19.1011
60.25,0.154379,19.1089
60.3,0.150354,19.1164
60.35,0.147159,19.1237
60.4,0.154912,19.1315
60.45,0.127286,19.1378
60.5,0.141952,19.1449
60.55,0.146915,19.1523
60.6,0.146462,19.1596
60.65,0.163817,19.1678
60.7,0.169137,19.1763
60.75,0.164432,19.1845
60.8,0.159375,19.1924
60.85,0.154111,19.2002
60.9,0.156139,19.208
60.95,0.147766,19.2154
61.0,0.142765,19.2225
61.05,0.137423,19.2294
61.1,0.135539,19.2361
61.15,0.133328,19.2428
61.2,0.14307,19.25
61.25,0.151179,19.2575
61.3,0.146859,19.2649
61.35,0.136373,19.2717
61.4,0.12399,19.2779
61.45,0.119308,19.2838
61.5,0.128319,19.2903
61.55,0.12454,19.2965
61.6,0.129147,19.3029
61.65,0.131187,19.3095
61.7,0.132136,19.3161
61.75,0.134069,19.3228
61.8,0.115872,19.3286
61.85,0.11992,19.3346
61.9,0.12748,19.341
61.95,0.124636,19.3472
62.0,0.130057,19.3537
62.05,0.127769,19.3601
62.1,0.137858,19.367
62.15,0.139188,19.374
62.2,0.134792,19.3807
62.25,0.125303,19.387
62.3,0.123259,19.3931
62.35,0.116445,19.3989
62.4,0.113361,19.4046
62.45,0.111748,19.4102
62.5,0.11344,19.4159
62.55,0.111893,19.4215
62.6,0.110339,19.427
62.65,0.110609,19.4325
62.7,0.11033,19.438
62.75,0.112613,19.4437
62.8,0.11684,19.4495
62.85,0.11585,19.4553
62.9,0.115061,19.461
62.95,0.11786,19.4669
63.0,0.115749,19.4727
63.05,0.118201,19.4786
63.1,0.104499,19.4839
63.15,0.102272,19.489
63.2,0.110683,19.4945
63.25,0.112912,19.5002
63.3,0.109678,19.5056
63.35,0.113525,19.5113
63.4,0.127098,19.5177
63.45,0.12159,19.5237
63.5,0.131539,19.5303
63.55,0.134573,19.5371
63.6,0.131546,19.5436
63.65,0.12848,19.5501
63.7,0.126284,19.5564
63.75,0.121269,19.5624
63.8,0.118017,19.5683
63.85,0.108185,19.5737
63.9,0.103433,19.5789
63.95,0.10975,19.5844
64.0,0.103166,19.5896
64.05,0.100961,19.5946
64.1,0.094745,19.5993
64.15,0.0856983,19.6036
64.2,0.0884183,19.6081
64.25,0.107721,19.6134
64.3,0.0966541,19.6183
64.35,0.0997238,19.6233
64.4,0.0998391,19.6282
64.45,0.0924252,19.6329
64.5,0.0902805,19.6374
64.55,0.0834362,19.6416
64.6,0.0920373,19.6462
64.65,0.0895295,19.6506
64.7,0.0957322,19.6554
64.75,0.0988577,19.6604
64.8,0.111423,19.6659
64.85,0.105127,19.6712
64.9,0.107018,19.6765
64.95,0.106207,19.6819
65.0,0.107384,19.6872
65.05,0.114474,19.6929
65.1,0.118909,19.6989
65.15,0.124883,19.7051
65.2,0.122676,19.7113
65.25,0.109779,19.7168
65.3,0.101135,19.7218
65.35,0.110785,19.7274
65.4,0.100263,19.7324
65.45,0.0875786,19.7367
65.5,0.0824248,19.7409
65.55,0.101699,19.746
65.6,0.105977,19.7513
65.65,0.117674,19.7571
65.7,0.100898,19.7622
65.75,0.0949818,19.7669
65.8,0.101523,19.772
65.85,0.10554,19.7773
65.9,0.106964,19.7826
65.95,0.11042,19.7882
66.0,0.117047,19.794
66.05,0.111956,19.7996
66.1,0.117666,19.8055
66.15,0.104571,19.8107
66.2,0.0994198,19.8157
66.25,0.110496,19.8212
66.3,0.109743,19.8267
66.35,0.0939722,19.8314
66.4,0.101545,19.8365
66.45,0.097357,19.8413
66.5,0.114003,19.847
66.55,0.0984899,19.852
66.6,0.0947003,19.8567
66.65,0.103197,19.8619
66.7,0.106535,19.8672
66.75,0.121857,19.8733
66.8,0.122572,19.8794
66.85,0.113063,19.8851
66.9,0.113697,19.8907
66.95,0.112635,19.8964
67.0,0.118536,19.9023
67.05,0.114803,19.908
67.1,0.109027,19.9135
67.15,0.105329,19.9188
67.2,0.0960966,19.9236
67.25,0.10059,19.9286
67.3,0.110576,19.9341
67.35,0.0917549,19.9387
67.4,0.0841612,19.9429
67.45,0.118718,19.9489
67.5,0.11842,19.9548
67.55,0.0977548,19.9597
67.6,0.0976013,19.9645
67.65,0.095787,19.9693
67.7,0.106741,19.9747
67.75,0.109209,19.9801
67.8,0.115667,19.9859
67.85,0.117556,19.9918
67.9,0.115893,19.9976
67.95,0.126241,20.0039
68.0,0.118511,20.0098
68.05,0.116967,20.0157
68.1,0.110589,20.0212
68.15,0.117237,20.0271
68.2,0.12329,20.0332
68.25,0.116594,20.0391
68.3,0.110926,20.0446
68.35,0.096856,20.0494
68.4,0.0775042,20.0533
68.45,0.0957678,20.0581
68.5,0.092938,20.0628
68.55,0.0952865,20.0675
68.6,0.0986357,20.0725
68.65,0.104011,20.0777
68.7,0.105777,20.0829
68.75,0.104024,20.0881
68.8,0.109546,20.0936
68.85,0.119336,20.0996
68.9,0.116697,20.1054
68.95,0.127959,20.1118
69.0,0.128253,20.1182
69.05,0.123613,20.1244
69.1,0.134751,20.1312
69.15,0.122025,20.1373
69.2,0.125097,20.1435
69.25,0.126447,20.1498
69.3,0.124904,20.1561
69.35,0.121289,20.1621
69.4,0.123723,20.1683
69.45,0.100585,20.1734
69.5,0.102253,20.1785
69.55,0.102369,20.1836
69.6,0.105434,20.1889
69.65,0.112735,20.1945
69.7,0.114081,20.2002
69.75,0.1168,20.206
69.8,0.11461,20.2118
69.85,0.111154,20.2173
69.9,0.109501,20.2228
69.95,0.111228,20.2284
70.0,0.0966545,20.2332
70.05,0.103648,20.2384
70.1,0.113438,20.2441
70.15,0.119104,20.25
70.2,0.125631,20.2563
70.25,0.121747,20.2624
70.3,0.128497,20.2688
70.35,0.128359,20.2752
70.4,0.124795,20.2815
70.45,0.116754,20.2873
70.5,0.115827,20.2931
70.55,0.124756,20.2993
70.6,0.1309,20.3059
70.65,0.130325,20.3124
70.7,0.130274,20.3189
70.75,0.130318,20.3254
70.8,0.125999,20.3317
70.85,0.12464,20.3379
70.9,0.126135,20.3443
70.95,0.12445,20.3505
71.0,0.122607,20.3566
71.05,0.117285,20.3625
71.1,0.116818,20.3683
71.15,0.121243,20.3744
71.2,0.118441,20.3803
71.25,0.11551,20.3861
71.3,0.113052,20.3917
71.35,0.109749,20.3972
71.4,0.104611,20.4024
71.45,0.109229,20.4079
71.5,0.104359,20.4131
71.55,0.105573,20.4184
71.6,0.110149,20.4239
71.65,0.101573,20.429
71.7,0.0968033,20.4338
71.75,0.102356,20.4389
71.8,0.101302,20.444
71.85,0.104788,20.4493
71.9,0.108862,20.4547
71.95,0.113977,20.4604
72.0,0.114875,20.4661
72.05,0.112932,20.4718
72.1,0.118536,20.4777
72.15,0.115909,20.4835
72.2,0.108765,20.4889
72.25,0.104368,20.4942
72.3,0.108106,20.4996
72.35,0.105069,20.5048
72.4,0.0976776,20.5097
72.45,0.103234,20.5149
72.5,0.103133,20.52
72.55,0.10643,20.5253
72.6,0.111042,20.5309
72.65,0.0946185,20.5356
72.7,0.107013,20.541
72.75,0.0946307,20.5457
72.8,0.0866433,20.55
72.85,0.0951893,20.5548
72.9,0.0685679,20.5582
72.95,0.0685648,20.5617
73.0,0.0626802,20.5648
73.05,0.0691895,20.5683
73.1,0.104764,20.5735
73.15,0.0833054,20.5777
73.2,0.0822804,20.5818
73.25,0.0712144,20.5853
73.3,0.0674542,20.5887
73.35,0.0571997,20.5916
73.4,0.0589433,20.5945
73.45,0.0652979,20.5978
73.5,0.0585044,20.6007
73.55,0.0609466,20.6037
73.6,0.0577364,20.6066
73.65,0.0540241,20.6093
73.7,0.0522062,20.6119
73.75,0.057109,20.6148
73.8,0.0489636,20.6172
73.85,0.0761056,20.6211
73.9,0.0789331,20.625
73.95,0.0733512,20.6287
74.0,0.0717979,20.6323
74.05,0.0918056,20.6368
74.1,0.0901339,20.6414
74.15,0.0858245,20.6456
74.2,0.0841286,20.6499
74.25,0.0796191,20.6538
74.3,0.0794862,20.6578
74.35,0.0759808,20.6616
74.4,0.0744907,20.6653
74.45,0.0735666,20.669
74.5,0.072692,20.6726
74.55,0.0740079,20.6763
74.6,0.0763218,20.6802
74.65,0.0768969,20.684
74.7,0.0734641,20.6877
74.75,0.0740442,20.6914
74.8,0.0750097,20.6951
74.85,0.0744198,20.6989
74.9,0.0735076,20.7025
74.95,0.075362,20.7063
75.0,0.073365,20.71
75.05,0.072746,20.7136
75.1,0.0757865,20.7174
75.15,0.0790449,20.7213
75.2,0.0798905,20.7253
75.25,0.0805756,20.7294
75.3,0.0825388,20.7335
75.35,0.0849007,20.7377
75.4,0.0867174,20.7421
75.45,0.0860935,20.7464
75.5,0.0845357,20.7506
75.55,0.0824947,20.7547
75.6,0.0822711,20.7588
75.65,0.082828,20.763
75.7,0.0772612,20.7668
75.75,0.0782084,20.7708
75.8,0.0364572,20.7726
75.85,0.00446222,20.7728
75.9,0.00298845,20.773
75.95,0.00270631,20.7731
76.0,-0.000232015,20.7731
76.05,-0.000327152,20.7731
76.1,-0.000242067,20.7731
76.15,-0.000304612,20.773
76.2,-0.000417548,20.773
76.25,-0.000421121,20.773
76.3,-0.000418683,20.773
76.35,-0.000435012,20.7729
76.4,-0.000397746,20.7729
76.45,-0.000425161,20.7729
76.5,-0.000445464,20.7729
76.55,-0.000460525,20.7729
76.6,-0.000468105,20.7728
76.65,-0.000452544,20.7728
76.7,-0.000457419,20.7728
76.75,-0.000463463,20.7728
76.8,-0.000466235,20.7727
76.85,-0.000462595,20.7727
76.9,-0.000462628,20.7727
76.95,-0.000470943,20.7727
77.0,-0.000473448,20.7727
77.05,-0.000477722,20.7726
77.1,-0.000479559,20.7726
77.15,-0.000486872,20.7726
77.2,-0.000486738,20.7726
77.25,-0.000470075,20.7725
77.3,-0.000479692,20.7725
77.35,-0.000482497,20.7725
77.4,-0.000476654,20.7725
77.45,-0.000482264,20.7724
77.5,-0.000487206,20.7724
77.55,-0.00048203,20.7724
77.6,-0.000478724,20.7724
77.65,-0.000476453,20.7723
77.7,-0.000479759,20.7723
77.75,-0.000477889,20.7723
77.8,-0.000467938,20.7723
77.85,-0.000476219,20.7722
77.9,-0.000482297,20.7722
77.95,-0.000475752,20.7722
78.0,-0.000482431,20.7722
78.05,-0.000473882,20.7722
78.1,-0.000479225,20.7721
78.15,-0.000470743,20.7721
78.2,-0.000466736,20.7721
78.25,-0.000474617,20.7721
78.3,-0.00047288,20.772
78.35,-0.000481395,20.772
78.4,-0.000478089,20.772
78.45,-0.000479292,20.772
78.5,-0.000473448,20.7719
78.55,-0.000488976,20.7719
78.6,-0.000484401,20.7719
78.65,-0.000469674,20.7719
78.7,-0.000469007,20.7718
78.75,-0.000480227,20.7718
78.8,-0.00048056,20.7718
78.85,-0.000474316,20.7718
78.9,-0.000478023,20.7717
78.95,-0.000480661,20.7717
79.0,-0.000479492,20.7717
79.05,-0.000480828,20.7717
79.1,-0.000475218,20.7717
79.15,-0.00048036,20.7716
79.2,-0.000487807,20.7716
79.25,-0.000475451,20.7716
79.3,-0.000483199,20.7716
79.35,-0.00048213,20.7715
79.4,-0.000480861,20.7715
79.45,-0.00047672,20.7715
79.5,-0.000475084,20.7715
79.55,-0.000472813,20.7714
79.6,-0.000476086,20.7714
79.65,-0.000483366,20.7714
79.7,-0.000476086,20.7714
79.75,-0.000479325,20.7713
79.8,-0.00047996,20.7713
79.85,-0.000474583,20.7713
79.9,-0.000473982,20.7713
79.95,-0.000484501,20.7712
80.0,-0.000487273,20.7712
80.05,-0.0004841,20.7712
80.1,-0.000484301,20.7712
80.15,-0.000494853,20.7711
80.2,-0.000495921,20.7711
80.25,-0.000489844,20.7711
80.3,-0.000454213,20.7711
80.35,-0.0004656,20.771
80.4,-0.000492315,20.771
80.45,-0.000492582,20.771
80.5,-0.000484801,20.771
80.55,-0.0004839,20.771
80.6,-0.000485636,20.7709
80.65,-0.000476487,20.7709
80.7,-0.000479826,20.7709
80.75,-0.00048016,20.7709
80.8,-0.000484534,20.7708
80.85,-0.000478958,20.7708
80.9,-0.000483833,20.7708
80.95,-0.000484701,20.7708
81.0,-0.000488575,20.7707
81.05,-0.0004839,20.7707
81.1,-0.000484601,20.7707
81.15,-0.000486738,20.7707
81.2,-0.000487273,20.7706
81.25,-0.000480995,20.7706
81.3,-0.000488408,20.7706
81.35,-0.000487239,20.7706
81.4,-0.000484935,20.7705
81.45,-0.000488374,20.7705
81.5,-0.000486438,20.7705
81.55,-0.000483699,20.7705
81.6,-0.000487306,20.7704
81.65,-0.000492482,20.7704
81.7,-0.000494586,20.7704
81.75,-0.000490512,20.7704
81.8,-0.000483833,20.7703
81.85,-0.000484634,20.7703
81.9,-0.000481128,20.7703
81.95,-0.000484334,20.7703
82.0,-0.000491781,20.7702
82.05,-0.000494519,20.7702
82.1,-0.000491714,20.7702
82.15,-0.000480694,20.7702
82.2,-0.000487273,20.7702
82.25,-0.000492215,20.7701
82.3,-0.000495855,20.7701
82.35,-0.000504537,20.7701
82.4,-0.000501097,20.7701
82.45,-0.000499194,20.77
82.5,-0.000489476,20.77
82.55,-0.000492482,20.77
82.6,-0.000495254,20.77
82.65,-0.000488842,20.7699
82.7,-0.000455749,20.7699
82.75,-0.000468539,20.7699
82.8,-0.000463363,20.7699
82.85,-0.000467571,20.7698
82.9,-0.000471077,20.7698
82.95,-0.000470242,20.7698
83.0,-0.000478691,20.7698
83.05,-0.000468205,20.7697
83.1,-0.000467571,20.7697
83.15,-0.000469641,20.7697
83.2,-0.00043942,20.7697
83.25,-0.000461326,20.7696
83.3,-0.000477822,20.7696
83.35,-0.000472613,20.7696
83.4,-0.000473682,20.7696
83.45,-0.000471645,20.7696
83.5,-0.00047455,20.7695
83.55,-0.000474984,20.7695
83.6,-0.000473682,20.7695
83.65,-0.000476821,20.7695
83.7,-0.000474817,20.7694
83.75,-0.000480427,20.7694
83.8,-0.000481329,20.7694
83.85,-0.000475351,20.7694
83.9,-0.000443628,20.7693
83.95,-0.000442392,20.7693
84.0,-0.000454013,20.7693
84.05,-0.000461994,20.7693
84.1,-0.000464899,20.7693
84.15,-0.000458588,20.7692
84.2,-0.000450707,20.7692
84.25,-0.000462762,20.7692
84.3,-0.000463129,20.7692
84.35,-0.000461994,20.7691
84.4,-0.000471177,20.7691
84.45,-0.000467036,20.7691
84.5,-0.000463597,20.7691
84.55,-0.000456684,20.769
84.6,-0.00046176,20.769
84.65,-0.000470042,20.769
84.7,-0.000470008,20.769
84.75,-0.000472847,20.7689
84.8,-0.000471444,20.7689
84.85,-0.000448537,20.7689
84.9,-0.000453178,20.7689
84.95,-0.000452644,20.7689
85.0,-0.000449505,20.7688
85.05,-0.000445698,20.7688
85.1,-0.000443995,20.7688
85.15,-0.000413641,20.7688
85.2,-0.00041147,20.7687
85.25,-0.000396443,20.7687
85.3,-0.000410736,20.7687
85.35,-0.00042613,20.7687
85.4,-0.000432007,20.7687
85.45,-0.000435647,20.7686
85.5,-0.00044493,20.7686
85.55,-0.000370998,20.7686
85.6,-0.00038893,20.7686
85.65,-0.000402688,20.7686
85.7,-0.000398948,20.7685
85.75,-0.000369228,20.7685
85.8,-0.00033874,20.7685
85.85,-0.00036088,20.7685
85.9,-0.000355871,20.7685
85.95,-0.000366623,20.7685
86.0,-0.000311825,20.7684
86.05,0.000158217,20.7684
86.1,0.00108468,20.7685
86.15,0.000255791,20.7685
86.2,-0.000240163,20.7685
86.25,-0.000138648,20.7685
86.3,-0.000293926,20.7685
86.35,-0.000356672,20.7685
86.4,-0.000344884,20.7684
86.45,-0.000354368,20.7684
86.5,-0.000383754,20.7684
86.55,-0.000390232,20.7684
86.6,-0.000384221,20.7684
86.65,-0.000247744,20.7684
86.7,-0.000350361,20.7683
86.75,-0.000382619,20.7683
86.8,-0.000339708,20.7683
86.85,-0.000147063,20.7683
86.9,-0.000263539,20.7683
86.95,-0.000366824,20.7683
87.0,-0.000401285,20.7682
87.05,-0.000415143,20.7682
87.1,-0.000445565,20.7682
87.15,-0.000425729,20.7682
87.2,-0.000374537,20.7682
87.25,-0.000401953,20.7681
87.3,-0.000434378,20.7681
87.35,-0.000442426,20.7681
87.4,-0.00043164,20.7681
87.45,-0.000405025,20.7681
87.5,-0.000420653,20.768
87.55,-0.000428601,20.768
87.6,-0.000440889,20.768
87.65,-0.000454113,20.768
87.7,-0.000445798,20.7679
87.75,-0.000453679,20.7679
87.8,-0.000458989,20.7679
87.85,-0.000461827,20.7679
87.9,-0.000463463,20.7679
87.95,-0.000477488,20.7678
88.0,-0.000478557,20.7678
88.05,-0.00047662,20.7678
88.1,-0.000476052,20.7678
88.15,-0.000478457,20.7677
88.2,-0.000476954,20.7677
88.25,-0.000487172,20.7677
88.3,-0.000486037,20.7677
88.35,-0.000478691,20.7676
88.4,-0.000484668,20.7676
88.45,-0.000487005,20.7676
88.5,-0.000485937,20.7676
88.55,-0.000481729,20.7675
88.6,-0.000482865,20.7675
88.65,-0.00049158,20.7675
88.7,-0.000499127,20.7675
88.75,-0.000502901,20.7674
88.8,-0.000498593,20.7674
88.85,-0.000493951,20.7674
88.9,-0.000479425,20.7674
88.95,-0.000490311,20.7673
89.0,-0.000500797,20.7673
89.05,-0.000493116,20.7673
89.1,-0.000494452,20.7673
89.15,-0.000489009,20.7672
89.2,-0.000491814,20.7672
89.25,-0.000483432,20.7672
89.3,-0.000484601,20.7672
89.35,-0.000488408,20.7671
89.4,-0.000496756,20.7671
89.45,-0.000497023,20.7671
89.5,-0.000497691,20.7671
89.55,-0.000497624,20.767
89.6,-0.000490512,20.767
89.65,-0.000480227,20.767
89.7,-0.000488208,20.767
89.75,-0.000491714,20.767
89.8,-0.000496723,20.7669
89.85,-0.000506474,20.7669
89.9,-0.000502266,20.7669
89.95,-0.000500697,20.7669
90.0,-0.000501865,20.7668
90.05,-0.000499327,20.7668
90.1,-0.000497057,20.7668
90.15,-0.000501598,20.7668
90.2,-0.000495521,20.7667
90.25,-0.000497457,20.7667
90.3,-0.000497491,20.7667
90.35,-0.000499294,20.7667
90.4,-0.000498793,20.7666
90.45,-0.000493884,20.7666
90.5,-0.000496088,20.7666
90.55,-0.000489911,20.7666
90.6,-0.00048754,20.7665
90.65,-0.00048223,20.7665
90.7,-0.000480093,20.7665
90.75,-0.000490445,20.7665
90.8,-0.00048941,20.7664
90.85,-0.00050063,20.7664
90.9,-0.000503168,20.7664
90.95,-0.000501498,20.7664
91.0,-0.000502299,20.7663
91.05,-0.00049906,20.7663
91.1,-0.00049335,20.7663
91.15,-0.000493851,20.7663
91.2,-0.000498526,20.7662
91.25,-0.000491246,20.7662
91.3,-0.000489309,20.7662
91.35,-0.000485236,20.7662
91.4,-0.000492348,20.7661
91.45,-0.000492749,20.7661
91.5,-0.000498459,20.7661
91.55,-0.000500096,20.7661
91.6,-0.000501932,20.766
91.65,-0.000499227,20.766
91.7,-0.000496189,20.766
91.75,-0.000493751,20.766
91.8,-0.000497357,20.7659
91.85,-0.000501531,20.7659
91.9,-0.000504904,20.7659
91.95,-0.000493584,20.7659
92.0,-0.000499027,20.7658
92.05,-0.00049492,20.7658
92.1,-0.000496656,20.7658
92.15,-0.000488441,20.7658
92.2,-0.000496422,20.7657
92.25,-0.00048764,20.7657
92.3,-0.000484634,20.7657
92.35,-0.000492883,20.7657
92.4,-0.000489343,20.7656
92.45,-0.000490612,20.7656
92.5,-0.000491714,20.7656
92.55,-0.000485336,20.7656
92.6,-0.000482264,20.7655
92.65,-0.000483265,20.7655
92.7,-0.000492181,20.7655
92.75,-0.000492749,20.7655
92.8,-0.000486471,20.7654
92.85,-0.000488241,20.7654
92.9,-0.000496623,20.7654
92.95,-0.000489109,20.7654
93.0,-0.000495921,20.7653
93.05,-0.000488441,20.7653
93.1,-0.000485169,20.7653
93.15,-0.000491513,20.7653
93.2,-0.000497057,20.7652
93.25,-0.000490879,20.7652
93.3,-0.000499595,20.7652
93.35,-0.000497825,20.7652
93.4,-0.000488241,20.7651
93.45,-0.00048213,20.7651
93.5,-0.00047101,20.7651
93.55,-0.000445731,20.7651
93.6,-0.000448904,20.7651
93.65,-0.0004284,20.765
93.7,-0.000401619,20.765
93.75,-0.000419384,20.765
93.8,-0.000442058,20.765
93.85,-0.00045261,20.7649
93.9,-0.000472413,20.7649
93.95,-0.000468172,20.7649
94.0,-0.000482397,20.7649
94.05,-0.000477822,20.7649
94.1,-0.000489376,20.7648
94.15,-0.000493384,20.7648
94.2,-0.000485102,20.7648
94.25,-0.000495554,20.7648
94.3,-0.000490345,20.7647
94.35,-0.000497658,20.7647
94.4,-0.000485269,20.7647
94.45,-0.00049315,20.7647
94.5,-0.000489476,20.7646
94.55,-0.000501765,20.7646
94.6,-0.00047632,20.7646
94.65,-0.000488508,20.7646
94.7,-0.000497825,20.7645
94.75,-0.000493617,20.7645
94.8,-0.000496222,20.7645
94.85,-0.00049699,20.7645
94.9,-0.000499695,20.7644
94.95,-0.000496055,20.7644
95.0,-0.000485202,20.7644
95.05,-0.000488374,20.7644
95.1,-0.00049355,20.7643
95.15,-0.000493584,20.7643
95.2,-0.000500363,20.7643
95.25,-0.000493584,20.7643
95.3,-0.000491547,20.7642
95.35,-0.000499261,20.7642
95.4,-0.000496189,20.7642
95.45,-0.000506307,20.7642
95.5,-0.000509512,20.7641
95.55,-0.000514521,20.7641
95.6,-0.000510548,20.7641
95.65,-0.000508811,20.7641
95.7,-0.000507275,20.764
95.75,-0.000498927,20.764
95.8,-0.000503969,20.764
95.85,-0.000498326,20.764
95.9,-0.000502567,20.7639
95.95,-0.000504771,20.7639
96.0,-0.000499962,20.7639
96.05,-0.000494886,20.7639
96.1,-0.000490278,20.7638
96.15,-0.000493183,20.7638
96.2,-0.000482297,20.7638
96.25,-0.000489109,20.7638
96.3,-0.000486004,20.7637
96.35,-0.000499962,20.7637
96.4,-0.000496088,20.7637
96.45,-0.000495086,20.7637
96.5,-0.000487273,20.7636
96.55,-0.000489309,20.7636
96.6,-0.000490478,20.7636
96.65,-0.000487974,20.7636
96.7,-0.000490712,20.7635
96.75,-0.000484033,20.7635
96.8,-0.000485803,20.7635
96.85,-0.000482531,20.7635
96.9,-0.000485837,20.7634
96.95,-0.000491013,20.7634
97.0,-0.000494085,20.7634
97.05,-0.000498459,20.7634
97.1,-0.000490578,20.7633
97.15,-0.000495153,20.7633
97.2,-0.00050437,20.7633
97.25,-0.000490044,20.7633
97.3,-0.000486404,20.7632
97.35,-0.000490879,20.7632
97.4,-0.000481329,20.7632
97.45,-0.000488642,20.7632
97.5,-0.00049148,20.7631
97.55,-0.000488208,20.7631
97.6,-0.000483165,20.7631
97.65,-0.000487506,20.7631
97.7,-0.000487172,20.7631
97.75,-0.000482598,20.763
97.8,-0.000481763,20.763
97.85,-0.000490578,20.763
97.9,-0.000488909,20.763
97.95,-0.000487373,20.7629
98.0,-0.000494352,20.7629
98.05,-0.000486037,20.7629
98.1,-0.000486137,20.7629
98.15,-0.000481829,20.7628
98.2,-0.000487573,20.7628
98.25,-0.000488374,20.7628
98.3,-0.000488007,20.7628
98.35,-0.000494152,20.7627
98.4,-0.000493918,20.7627
98.45,-0.000485269,20.7627
98.5,-0.000484234,20.7627
98.55,-0.000485069,20.7626
98.6,-0.000478824,20.7626
98.65,-0.00048006,20.7626
98.7,-0.000483332,20.7626
98.75,-0.000485937,20.7625
98.8,-0.000489309,20.7625
98.85,-0.000494686,20.7625
98.9,-0.000490412,20.7625
98.95,-0.000492415,20.7624
99.0,-0.000482831,20.7624
99.05,-0.000482197,20.7624
99.1,-0.000481061,20.7624
99.15,-0.00048754,20.7623
99.2,-0.000486505,20.7623
99.25,-0.000492449,20.7623
99.3,-0.000480928,20.7623
99.35,-0.000479158,20.7622
99.4,-0.000482464,20.7622
99.45,-0.000491046,20.7622
99.5,-0.000491981,20.7622
99.55,-0.000484701,20.7622
99.6,-0.000488241,20.7621
99.65,-0.000485503,20.7621
99.7,-0.00048754,20.7621
99.75,-0.000496489,20.7621
99.8,-0.000485536,20.762
99.85,-0.000480661,20.762
99.9,-0.00048046,20.762
99.95,-0.000484768,20.762
100.0,-0.000486772,20.7619
100.05,-0.000481963,20.7619
100.1,-0.000479225,20.7619
100.15,-0.000483165,20.7619
100.2,-0.000496389,20.7618
100.25,-0.000485503,20.7618
100.3,-0.000486037,20.7618
100.35,-0.000495855,20.7618
100.4,-0.000496155,20.7617
100.45,-0.000487072,20.7617
100.5,-0.000472246,20.7617
100.55,-0.000477589,20.7617
100.6,-0.000481295,20.7616
100.65,-0.000474617,20.7616
100.7,-0.000474182,20.7616
100.75,-0.000472346,20.7616
100.8,-0.000472513,20.7615
100.85,-0.000469808,20.7615
100.9,-0.000477154,20.7615
100.95,-0.000489042,20.7615
101.0,-0.000492148,20.7614
101.05,-0.000486304,20.7614
101.1,-0.000477255,20.7614
101.15,-0.000489143,20.7614
101.2,-0.000487239,20.7614
101.25,-0.000450173,20.7613
101.3,-0.000447902,20.7613
101.35,-0.000456851,20.7613
101.4,-0.000452544,20.7613
101.45,-0.000459189,20.7612
101.5,-0.000454514,20.7612
101.55,-0.000460625,20.7612
101.6,-0.000464899,20.7612
101.65,-0.000457286,20.7611
101.7,-0.00046363,20.7611
101.75,-0.000458755,20.7611
101.8,-0.000448837,20.7611
101.85,-0.000445231,20.7611
101.9,-0.000470977,20.761
101.95,-0.000479525,20.761
102.0,-0.000477722,20.761
102.05,-0.000483299,20.761
102.1,-0.000485603,20.7609
102.15,-0.000483199,20.7609
102.2,-0.000483633,20.7609
102.25,-0.000477889,20.7609
102.3,-0.000482097,20.7608
102.35,-0.000494552,20.7608
102.4,-0.000488742,20.7608
102.45,-0.000488274,20.7608
102.5,-0.000500363,20.7607
102.55,-0.000479358,20.7607
102.6,-0.000483199,20.7607
102.65,-0.000488575,20.7607
102.7,-0.000483533,20.7606
102.75,-0.000480794,20.7606
102.8,-0.000486037,20.7606
102.85,-0.000483699,20.7606
102.9,-0.000490011,20.7605
102.95,-0.000485503,20.7605
103.0,-0.000474884,20.7605
103.05,-0.000476754,20.7605
103.1,-0.000483132,20.7605
103.15,-0.000485135,20.7604
103.2,-0.00048006,20.7604
103.25,-0.000492449,20.7604
103.3,-0.000480761,20.7604
103.35,-0.000482598,20.7603
103.4,-0.00047278,20.7603
103.45,-0.000480494,20.7603
103.5,-0.000472646,20.7603
103.55,-0.000485636,20.7602
103.6,-0.000484801,20.7602
103.65,-0.000480126,20.7602
103.7,-0.000478757,20.7602
103.75,-0.000480761,20.7601
103.8,-0.000472947,20.7601
103.85,-0.000475084,20.7601
103.9,-0.000475719,20.7601
103.95,-0.000477088,20.76
104.0,-0.000470576,20.76
104.05,-0.000474349,20.76
104.1,-0.00048006,20.76
104.15,-0.000478791,20.7599
104.2,-0.000482364,20.7599
104.25,-0.000464732,20.7599
104.3,-0.000477989,20.7599
104.35,-0.000473448,20.7599
104.4,-0.000465166,20.7598
104.45,-0.00046373,20.7598
104.5,-0.00046904,20.7598
104.55,-0.000466836,20.7598
104.6,-0.000470643,20.7597
104.65,-0.000469307,20.7597
104.7,-0.000477922,20.7597
104.75,-0.000476186,20.7597
104.8,-0.000480627,20.7596
104.85,-0.000475051,20.7596
104.9,-0.000490512,20.7596
104.95,-0.00049158,20.7596
105.0,-0.000487874,20.7595
105.05,-0.000489276,20.7595
105.1,-0.000483466,20.7595
105.15,-0.00047632,20.7595
105.2,-0.000485369,20.7594
105.25,-0.00048784,20.7594
105.3,-0.000484768,20.7594
105.35,-0.000490478,20.7594
105.4,-0.000485135,20.7594
105.45,-0.000491079,20.7593
105.5,-0.000482798,20.7593
105.55,-0.000486605,20.7593
105.6,-0.000483432,20.7593
105.65,-0.000494385,20.7592
105.7,-0.000489376,20.7592
105.75,-0.000495587,20.7592
105.8,-0.000498359,20.7592
105.85,-0.000498392,20.7591
105.9,-0.000492215,20.7591
105.95,-0.000491313,20.7591
106.0,-0.000486404,20.7591
106.05,-0.000487673,20.759
106.1,-0.000484367,20.759
106.15,-0.000483132,20.759
106.2,-0.000491847,20.759
106.25,-0.000491013,20.7589
106.3,-0.000491814,20.7589
106.35,-0.000486204,20.7589
106.4,-0.000488909,20.7589
106.45,-0.000493651,20.7588
106.5,-0.000497591,20.7588
106.55,-0.000491313,20.7588
106.6,-0.000488542,20.7588
106.65,-0.000484935,20.7587
106.7,-0.000485202,20.7587
106.75,-0.000481362,20.7587
106.8,-0.000490578,20.7587
106.85,-0.000497257,20.7586
106.9,-0.000501665,20.7586
106.95,-0.000495086,20.7586
107.0,-0.000494953,20.7586
107.05,-0.000494085,20.7585
107.1,-0.000508277,20.7585
107.15,-0.00050644,20.7585
107.2,-0.000501832,20.7585
107.25,-0.000506206,20.7584
107.3,-0.000496456,20.7584
107.35,-0.00048794,20.7584
107.4,-0.000487373,20.7584
107.45,-0.00048567,20.7583
107.5,-0.000485603,20.7583
107.55,-0.000486137,20.7583
107.6,-0.00048981,20.7583
107.65,-0.000492682,20.7582
107.7,-0.000489643,20.7582
107.75,-0.000497791,20.7582
107.8,-0.000496022,20.7582
107.85,-0.000495587,20.7581
107.9,-0.000492615,20.7581
107.95,-0.000494786,20.7581
108.0,-0.000494953,20.7581
108.05,-0.000494586,20.758
108.1,-0.00049502,20.758
108.15,-0.000491447,20.758
108.2,-0.000496389,20.758
108.25,-0.000494352,20.7579
108.3,-0.000493283,20.7579
108.35,-0.000499127,20.7579
108.4,-0.000491447,20.7579
108.45,-0.000495153,20.7578
108.5,-0.000495654,20.7578
108.55,-0.000506808,20.7578
108.6,-0.000498726,20.7578
108.65,-0.000500797,20.7577
108.7,-0.000507876,20.7577
108.75,-0.000506039,20.7577
108.8,-0.00050801,20.7577
108.85,-0.000503502,20.7576
108.9,-0.000508043,20.7576
108.95,-0.000506607,20.7576
109.0,-0.000513085,20.7576
109.05,-0.000505706,20.7575
109.1,-0.00051028,20.7575
109.15,-0.000509946,20.7575
109.2,-0.000505906,20.7575
109.25,-0.000498927,20.7574
109.3,-0.000501231,20.7574
109.35,-0.000504437,20.7574
109.4,-0.00051008,20.7574
109.45,-0.000507743,20.7573
109.5,-0.000509846,20.7573
109.55,-0.000500429,20.7573
109.6,-0.000513853,20.7573
109.65,-0.00051175,20.7572
109.7,-0.000509279,20.7572
109.75,-0.000507208,20.7572
109.8,-0.000512952,20.7572
109.85,-0.000509846,20.7571
109.9,-0.000506941,20.7571
109.95,-0.000499194,20.7571
110.0,-0.000500429,20.7571
110.05,-0.000501832,20.757
110.1,-0.000494385,20.757
110.15,-0.000498893,20.757
110.2,-0.00049886,20.757
110.25,-0.000499962,20.7569
110.3,-0.0005024,20.7569
110.35,-0.000502233,20.7569
110.4,-0.00050093,20.7569
110.45,-0.000508277,20.7568
110.5,-0.000505004,20.7568
110.55,-0.000499895,20.7568
110.6,-0.000503068,20.7568
110.65,-0.000501298,20.7567
110.7,-0.000496355,20.7567
110.75,-0.000506874,20.7567
110.8,-0.000500096,20.7567
110.85,-0.000501198,20.7566
110.9,-0.000511817,20.7566
110.95,-0.000515757,20.7566
111.0,-0.000518428,20.7566
111.05,-0.000514388,20.7565
111.1,-0.000514121,20.7565
111.15,-0.000514154,20.7565
111.2,-0.000501064,20.7565
111.25,-0.000505271,20.7564
111.3,-0.000510815,20.7564
111.35,-0.000505739,20.7564
111.4,-0.000506307,20.7564
111.45,-0.00048557,20.7563
111.5,-0.000499962,20.7563
111.55,-0.000478457,20.7563
111.6,-0.00046333,20.7563
111.65,-0.000467871,20.7562
111.7,-0.000490044,20.7562
111.75,-0.000480327,20.7562
111.8,-0.000493016,20.7562
111.85,-0.000508477,20.7561
111.9,-0.000509345,20.7561
111.95,-0.000506975,20.7561
112.0,-0.000499695,20.7561
112.05,-0.00050801,20.756
112.1,-0.000515423,20.756
112.15,-0.000522736,20.756
112.2,-0.000513853,20.756
112.25,-0.000515623,20.7559
112.3,-0.000520232,20.7559
112.35,-0.00051165,20.7559
112.4,-0.000511883,20.7559
112.45,-0.000509679,20.7558
112.5,-0.000507576,20.7558
112.55,-0.000514788,20.7558
112.6,-0.000524706,20.7558
112.65,-0.000517226,20.7557
112.7,-0.000510848,20.7557
112.75,-0.000511215,20.7557
112.8,-0.000509379,20.7557
112.85,-0.000499762,20.7556
112.9,-0.000502967,20.7556
112.95,-0.000504036,20.7556
113.0,-0.000508978,20.7556
113.05,-0.000513453,20.7555
113.1,-0.000513052,20.7555
113.15,-0.000505839,20.7555
113.2,-0.000507375,20.7554
113.25,-0.000511282,20.7554
113.3,-0.000500997,20.7554
113.35,-0.00048951,20.7554
113.4,-0.000495287,20.7554
113.45,-0.000496623,20.7553
113.5,-0.00049355,20.7553
113.55,-0.000509846,20.7553
113.6,-0.000504036,20.7552
113.65,-0.000504971,20.7552
113.7,-0.000502233,20.7552
113.75,-0.00050811,20.7552
113.8,-0.000510147,20.7551
113.85,-0.000507676,20.7551
113.9,-0.000510113,20.7551
113.95,-0.000514321,20.7551
114.0,-0.000499895,20.755
114.05,-0.000496656,20.755
114.1,-0.000495454,20.755
114.15,-0.000493884,20.755
114.2,-0.00049876,20.7549
114.25,-0.000491079,20.7549
114.3,-0.00049138,20.7549
114.35,-0.000503869,20.7549
114.4,-0.000514621,20.7548
114.45,-0.000509813,20.7548
114.5,-0.00051215,20.7548
114.55,-0.000509279,20.7548
114.6,-0.000499995,20.7547
114.65,-0.000503368,20.7547
114.7,-0.000509012,20.7547
114.75,-0.000515723,20.7547
114.8,-0.00050654,20.7546
114.85,-0.000506474,20.7546
114.9,-0.000502901,20.7546
114.95,-0.000508878,20.7546
115.0,-0.000500196,20.7545
115.05,-0.000499127,20.7545
115.1,-0.000503368,20.7545
115.15,-0.000506574,20.7545
115.2,-0.000500129,20.7544
115.25,-0.000502366,20.7544
115.3,-0.000511449,20.7544
115.35,-0.000508845,20.7544
115.4,-0.000505038,20.7543
115.45,-0.000510381,20.7543
115.5,-0.000510882,20.7543
115.55,-0.000505271,20.7543
115.6,-0.000508845,20.7542
115.65,-0.000514121,20.7542
115.7,-0.000508577,20.7542
115.75,-0.000509345,20.7542
115.8,-0.000516558,20.7541
115.85,-0.000506273,20.7541
115.9,-0.000509946,20.7541
115.95,-0.000500129,20.7541
116.0,-0.000503969,20.754
116.05,-0.000502901,20.754
116.1,-0.000492248,20.754
116.15,-0.000496823,20.754
116.2,-0.000494051,20.7539
116.25,-0.000496122,20.7539
116.3,-0.000497758,20.7539
116.35,-0.000493985,20.7539
116.4,-0.000493083,20.7538
116.45,-0.000494686,20.7538
116.5,-0.000489476,20.7538
116.55,-0.000499428,20.7538
116.6,-0.000497925,20.7537
116.65,-0.00050063,20.7537
116.7,-0.000501832,20.7537
116.75,-0.000501531,20.7537
116.8,-0.0005025,20.7536
116.85,-0.000498025,20.7536
116.9,-0.000503535,20.7536
116.95,-0.000505138,20.7536
117.0,-0.000515189,20.7535
117.05,-0.000513987,20.7535
117.1,-0.000510247,20.7535
117.15,-0.000514421,20.7535
117.2,-0.000507375,20.7534
117.25,-0.000512518,20.7534
117.3,-0.00051746,20.7534
117.35,-0.00051008,20.7534
117.4,-0.000509045,20.7533
117.45,-0.000507008,20.7533
117.5,-0.000505839,20.7533
117.55,-0.000507542,20.7533
117.6,-0.000492983,20.7532
117.65,-0.000505338,20.7532
117.7,-0.00050427,20.7532
117.75,-0.000506841,20.7532
117.8,-0.000503836,20.7531
117.85,-0.000505271,20.7531
117.9,-0.000500162,20.7531
117.95,-0.000492181,20.7531
118.0,-0.000499628,20.753
118.05,-0.000498994,20.753
118.1,-0.000497992,20.753
118.15,-0.000500296,20.753
118.2,-0.000502366,20.7529
118.25,-0.000503435,20.7529
118.3,-0.000503068,20.7529
118.35,-0.000497023,20.7529
118.4,-0.000497023,20.7528
118.45,-0.000503669,20.7528
118.5,-0.000506841,20.7528
118.55,-0.000499227,20.7528
118.6,-0.000501565,20.7527
118.65,-0.000503535,20.7527
118.7,-0.000497124,20.7527
118.75,-0.00050467,20.7527
118.8,-0.000503201,20.7526
118.85,-0.000503635,20.7526
118.9,-0.000500029,20.7526
118.95,-0.000507776,20.7526
119.0,-0.000499895,20.7525
119.05,-0.000504437,20.7525
119.1,-0.00049866,20.7525
119.15,-0.0005027,20.7525
119.2,-0.000500329,20.7524
119.25,-0.000505004,20.7524
119.3,-0.000508143,20.7524
119.35,-0.000504303,20.7524
119.4,-0.000494586,20.7523
119.45,-0.00049896,20.7523
119.5,-0.000498559,20.7523
119.55,-0.000492482,20.7523
119.6,-0.000494686,20.7522
119.65,-0.000500196,20.7522
119.7,-0.000508477,20.7522
119.75,-0.000505438,20.7522
119.8,-0.000515456,20.7521
119.85,-0.000509446,20.7521
119.9,-0.000499728,20.7521
119.95,-0.000501698,20.7521
120.0,-0.000496255,20.752
120.05,-0.000498025,20.752
120.1,-0.000490378,20.752
120.15,-0.000489577,20.752
120.2,-0.000489143,20.7519
120.25,-0.00048587,20.7519
120.3,-0.000480828,20.7519
120.35,-0.000483866,20.7519
120.4,-0.000484468,20.7518
120.45,-0.000487406,20.7518
120.5,-0.000485069,20.7518
120.55,-0.000481295,20.7518
120.6,-0.00049542,20.7517
120.65,-0.000490612,20.7517
120.7,-0.000486404,20.7517
120.75,-0.000485469,20.7517
120.8,-0.000490745,20.7516
120.85,-0.000487139,20.7516
120.9,-0.000493784,20.7516
120.95,-0.000489376,20.7516
121.0,-0.000480494,20.7515
121.05,-0.000483366,20.7515
121.1,-0.000494819,20.7515
121.15,-0.000493016,20.7515
121.2,-0.000505505,20.7514
121.25,-0.000497591,20.7514
121.3,-0.000489844,20.7514
121.35,-0.000493717,20.7514
121.4,-0.000488074,20.7513
121.45,-0.000492849,20.7513
121.5,-0.000488575,20.7513
121.55,-0.000496723,20.7513
121.6,-0.000487106,20.7512
121.65,-0.000484401,20.7512
121.7,-0.000482264,20.7512
121.75,-0.000480227,20.7512
121.8,-0.000478557,20.7511
121.85,-0.000484801,20.7511
121.9,-0.000494786,20.7511
121.95,-0.000485102,20.7511
122.0,-0.000483098,20.7511
122.05,-0.000492148,20.751
122.1,-0.000486672,20.751
122.15,-0.000488408,20.751
122.2,-0.000482764,20.751
122.25,-0.000488308,20.7509
122.3,-0.000487907,20.7509
122.35,-0.000485503,20.7509
122.4,-0.000486104,20.7509
122.45,-0.000490144,20.7508
122.5,-0.000492382,20.7508
122.55,-0.000500062,20.7508
122.6,-0.000501999,20.7508
122.65,-0.000495521,20.7507
122.7,-0.000498426,20.7507
122.75,-0.000507609,20.7507
122.8,-0.000509078,20.7507
122.85,-0.000502166,20.7506
122.9,-0.000503368,20.7506
122.95,-0.000500864,20.7506
123.0,-0.000504837,20.7506
123.05,-0.000507542,20.7505
123.1,-0.000508177,20.7505
123.15,-0.000508444,20.7505
123.2,-0.000507743,20.7505
123.25,-0.000508444,20.7504
123.3,-0.000509379,20.7504
123.35,-0.000509512,20.7504
123.4,-0.000504537,20.7504
123.45,-0.000501097,20.7503
123.5,-0.000499661,20.7503
123.55,-0.000499929,20.7503
123.6,-0.000503134,20.7503
123.65,-0.000495788,20.7502
123.7,-0.000500296,20.7502
123.75,-0.000501264,20.7502
123.8,-0.000502466,20.7502
123.85,-0.000513853,20.7501
123.9,-0.0005027,20.7501
123.95,-0.000501698,20.7501
124.0,-0.000506707,20.75
124.05,-0.00051215,20.75
124.1,-0.000504036,20.75
124.15,-0.000503936,20.75
124.2,-0.000507008,20.7499
124.25,-0.00051352,20.7499
124.3,-0.000507208,20.7499
124.35,-0.000509312,20.7499
124.4,-0.000502333,20.7498
124.45,-0.00049709,20.7498
124.5,-0.000487206,20.7498
124.55,-0.000497591,20.7498
124.6,-0.000494519,20.7497
124.65,-0.000494152,20.7497
124.7,-0.000490745,20.7497
124.75,-0.000497357,20.7497
124.8,-0.000497624,20.7496
124.85,-0.000492716,20.7496
124.9,-0.000501264,20.7496
124.95,-0.000494853,20.7496
125.0,-0.000495554,20.7495
125.05,-0.000497324,20.7495
125.1,-0.000496022,20.7495
125.15,-0.000497057,20.7495
125.2,-0.000494819,20.7495
125.25,-0.000494051,20.7494
125.3,-0.000487807,20.7494
125.35,-0.000482431,20.7494
125.4,-0.000499494,20.7494
125.45,-0.000502633,20.7493
125.5,-0.000494252,20.7493
125.55,-0.000505305,20.7493
125.6,-0.000497224,20.7493
125.65,-0.000491981,20.7492
125.7,-0.000486471,20.7492
125.75,-0.000496289,20.7492
125.8,-0.000497391,20.7492
125.85,-0.000499261,20.7491
125.9,-0.000499795,20.7491
125.95,-0.000495554,20.7491
126.0,-0.000497758,20.7491
126.05,-0.000489143,20.749
126.1,-0.00049522,20.749
126.15,-0.000494319,20.749
126.2,-0.000486872,20.749
126.25,-0.000490912,20.7489
126.3,-0.000498994,20.7489
126.35,-0.000506808,20.7489
126.4,-0.000499428,20.7489
126.45,-0.000498059,20.7488
126.5,-0.00049906,20.7488
126.55,-0.000503735,20.7488
126.6,-0.0004842,20.7488
126.65,-0.000489744,20.7487
126.7,-0.000489677,20.7487
126.75,-0.000489176,20.7487
126.8,-0.00049118,20.7487
126.85,-0.000488976,20.7486
126.9,-0.000483533,20.7486
126.95,-0.00049315,20.7486
127.0,-0.000492649,20.7486
127.05,-0.00048961,20.7485
127.1,-0.000484067,20.7485
127.15,-0.000486371,20.7485
127.2,-0.000484067,20.7485
127.25,-0.000494118,20.7484
127.3,-0.000488341,20.7484
127.35,-0.000492415,20.7484
127.4,-0.000486271,20.7484
127.45,-0.000490178,20.7483
127.5,-0.000493183,20.7483
127.55,-0.000491246,20.7483
127.6,-0.000483633,20.7483
127.65,-0.000488241,20.7482
127.7,-0.000485069,20.7482
127.75,-0.000488074,20.7482
127.8,-0.00049512,20.7482
127.85,-0.000500563,20.7481
127.9,-0.000492382,20.7481
127.95,-0.000492181,20.7481
128.0,-0.000495153,20.7481
128.05,-0.000494986,20.748
128.1,-0.00048961,20.748
128.15,-0.000486805,20.748
128.2,-0.000493985,20.748
128.25,-0.000492348,20.7479
128.3,-0.000487239,20.7479
128.35,-0.000486805,20.7479
128.4,-0.000493417,20.7479
128.45,-0.000496957,20.7479
128.5,-0.000495354,20.7478
128.55,-0.000494252,20.7478
128.6,-0.000501097,20.7478
128.65,-0.000498593,20.7478
128.7,-0.000504103,20.7477
128.75,-0.000498159,20.7477
128.8,-0.000503134,20.7477
128.85,-0.000497424,20.7477
128.9,-0.000493016,20.7476
128.95,-0.000490578,20.7476
129.0,-0.000497157,20.7476
129.05,-0.000492716,20.7476
129.1,-0.000494218,20.7475
129.15,-0.000486471,20.7475
129.2,-0.000491447,20.7475
129.25,-0.000490979,20.7475
129.3,-0.000491347,20.7474
129.35,-0.000489543,20.7474
129.4,-0.000497624,20.7474
129.45,-0.000489176,20.7474
129.5,-0.00049315,20.7473
129.55,-0.000497224,20.7473
129.6,-0.000511716,20.7473
129.65,-0.000500997,20.7473
129.7,-0.000503468,20.7472
129.75,-0.000497424,20.7472
129.8,-0.000499561,20.7472
129.85,-0.000501031,20.7472
129.9,-0.000494085,20.7471
129.95,-0.000493717,20.7471
130.0,-0.00048784,20.7471
130.05,-0.000489042,20.7471
130.1,-0.000493884,20.747
130.15,-0.000499762,20.747
130.2,-0.000489844,20.747
130.25,-0.00049325,20.747
130.3,-0.000492014,20.7469
130.35,-0.000491013,20.7469
130.4,-0.000494319,20.7469
130.45,-0.000485636,20.7469
130.5,-0.000496422,20.7468
130.55,-0.000487673,20.7468
130.6,-0.000502266,20.7468
130.65,-0.000489276,20.7468
130.7,-0.000488241,20.7467
130.75,-0.000497892,20.7467
130.8,-0.000495454,20.7467
130.85,-0.000495587,20.7467
130.9,-0.000491847,20.7466
130.95,-0.000497791,20.7466
131.0,-0.000498526,20.7466
131.05,-0.000497124,20.7466
131.1,-0.000497825,20.7465
131.15,-0.0005027,20.7465
131.2,-0.000502099,20.7465
131.25,-0.000494385,20.7465
131.3,-0.000482664,20.7464
131.35,-0.000478457,20.7464
131.4,-0.00048607,20.7464
131.45,-0.000482063,20.7464
131.5,-0.000476854,20.7463
131.55,-0.000482698,20.7463
131.6,-0.000484768,20.7463
131.65,-0.000493884,20.7463
131.7,-0.000497591,20.7462
131.75,-0.000495521,20.7462
131.8,-0.000489443,20.7462
131.85,-0.000477756,20.7462
131.9,-0.000486605,20.7461
131.95,-0.000485937,20.7461
132.0,-0.000483032,20.7461
132.05,-0.000482931,20.7461
132.1,-0.000495688,20.746
132.15,-0.000499795,20.746
132.2,-0.000492449,20.746
132.25,-0.000495888,20.746
132.3,-0.000496155,20.746
132.35,-0.000499494,20.7459
132.4,-0.00049335,20.7459
132.45,-0.000484701,20.7459
132.5,-0.000493317,20.7459
132.55,-0.00049709,20.7458
132.6,-0.000497958,20.7458
132.65,-0.000506874,20.7458
132.7,-0.000504804,20.7458
132.75,-0.000503001,20.7457
132.8,-0.00049866,20.7457
132.85,-0.000495821,20.7457
132.9,-0.000495521,20.7457
132.95,-0.000502133,20.7456
133.0,-0.000499762,20.7456
133.05,-0.000503502,20.7456
133.1,-0.000501431,20.7456
133.15,-0.000496856,20.7455
133.2,-0.000495888,20.7455
133.25,-0.000492115,20.7455
133.3,-0.000493384,20.7455
133.35,-0.000501097,20.7454
133.4,-0.000496489,20.7454
133.45,-0.000490779,20.7454
133.5,-0.000485603,20.7454
133.55,-0.000494953,20.7453
133.6,-0.00049689,20.7453
133.65,-0.000502233,20.7453
133.7,-0.000492482,20.7453
133.75,-0.000495855,20.7452
133.8,-0.000494085,20.7452
133.85,-0.00049158,20.7452
133.9,-0.000496823,20.7452
133.95,-0.000499261,20.7451
134.0,-0.000491647,20.7451
134.05,-0.000491079,20.7451
134.1,-0.000489543,20.7451
134.15,-0.000486004,20.745
134.2,-0.000489176,20.745
134.25,-0.000486271,20.745
134.3,-0.000485302,20.745
134.35,-0.000485636,20.7449
134.4,-0.000481496,20.7449
134.45,-0.000490211,20.7449
134.5,-0.000482063,20.7449
134.55,-0.000483499,20.7448
134.6,-0.000493116,20.7448
134.65,-0.000494619,20.7448
134.7,-0.000495921,20.7448
134.75,-0.000495086,20.7447
134.8,-0.000499394,20.7447
134.85,-0.000496122,20.7447
134.9,-0.000495587,20.7447
134.95,-0.000499027,20.7446
135.0,-0.000492749,20.7446
135.05,-0.000499728,20.7446
135.1,-0.000497157,20.7446
135.15,-0.000502533,20.7445
135.2,-0.000503969,20.7445
135.25,-0.000500096,20.7445
135.3,-0.000492649,20.7445
135.35,-0.000499361,20.7444
135.4,-0.000504002,20.7444
135.45,-0.000502133,20.7444
135.5,-0.000499428,20.7444
135.55,-0.000505271,20.7443
135.6,-0.00049876,20.7443
135.65,-0.000497324,20.7443
135.7,-0.000499294,20.7443
135.75,-0.000504704,20.7442
135.8,-0.000497524,20.7442
135.85,-0.000493818,20.7442
135.9,-0.000497491,20.7442
135.95,-0.000508344,20.7441
136.0,-0.000496556,20.7441
136.05,-0.000503869,20.7441
136.1,-0.000500997,20.7441
136.15,-0.00049325,20.744
136.2,-0.000499428,20.744
136.25,-0.000503468,20.744
136.3,-0.000492582,20.744
136.35,-0.000501164,20.7439
136.4,-0.000505138,20.7439
136.45,-0.000505438,20.7439
136.5,-0.000502366,20.7439
136.55,-0.000507308,20.7438
136.6,-0.000498159,20.7438
136.65,-0.000500296,20.7438
136.7,-0.000507409,20.7438
136.75,-0.000499762,20.7437
136.8,-0.000499628,20.7437
136.85,-0.000488508,20.7437
136.9,-0.00048754,20.7437
136.95,-0.000494319,20.7436
137.0,-0.000495654,20.7436
137.05,-0.000497624,20.7436
137.1,-0.000494652,20.7436
137.15,-0.000494686,20.7435
137.2,-0.000487807,20.7435
137.25,-0.000489844,20.7435
137.3,-0.000497892,20.7435
137.35,-0.000495587,20.7434
137.4,-0.000494686,20.7434
137.45,-0.000491113,20.7434
137.5,-0.000493784,20.7434
137.55,-0.000492716,20.7433
137.6,-0.000505238,20.7433
137.65,-0.000499995,20.7433
137.7,-0.000502667,20.7433
137.75,-0.000497725,20.7432
137.8,-0.000502233,20.7432
137.85,-0.000489243,20.7432
137.9,-0.000501765,20.7432
137.95,-0.00049128,20.7431
138.0,-0.000491781,20.7431
138.05,-0.000483533,20.7431
138.1,-0.00049315,20.7431
138.15,-0.00049502,20.743
138.2,-0.000500129,20.743
138.25,-0.00049709,20.743
138.3,-0.000495454,20.743
138.35,-0.000495354,20.7429
138.4,-0.000495086,20.7429
138.45,-0.000499762,20.7429
138.5,-0.000505806,20.7429
138.55,-0.000501765,20.7428
138.6,-0.000500463,20.7428
138.65,-0.000498526,20.7428
138.7,-0.000498392,20.7428
138.75,-0.000501966,20.7427
138.8,-0.000499428,20.7427
138.85,-0.000492916,20.7427
138.9,-0.00049345,20.7427
138.95,-0.000501131,20.7426
139.0,-0.000507041,20.7426
139.05,-0.00050447,20.7426
139.1,-0.000499862,20.7426
139.15,-0.000501732,20.7425
139.2,-0.00050634,20.7425
139.25,-0.000504236,20.7425
139.3,-0.000499929,20.7425
139.35,-0.00050634,20.7424
139.4,-0.000507041,20.7424
139.45,-0.000504069,20.7424
139.5,-0.000505539,20.7424
139.55,-0.000500162,20.7423
139.6,-0.000509245,20.7423
139.65,-0.00051382,20.7423
139.7,-0.000510581,20.7423
139.75,-0.000506808,20.7422
139.8,-0.000506841,20.7422
139.85,-0.000502299,20.7422
139.9,-0.00050644,20.7422
139.95,-0.000508911,20.7421
140.0,-0.000513887,20.7421
140.05,-0.000502867,20.7421
140.1,-0.000508511,20.7421
140.15,-0.0005025,20.742
140.2,-0.000496656,20.742
140.25,-0.000506307,20.742
140.3,-0.000508477,20.742
140.35,-0.000501031,20.7419
140.4,-0.000503235,20.7419
140.45,-0.000513152,20.7419
140.5,-0.000513453,20.7419
140.55,-0.000510514,20.7418
140.6,-0.000508978,20.7418
140.65,-0.000504036,20.7418
140.7,-0.000511449,20.7418
140.75,-0.000505171,20.7417
140.8,-0.000503001,20.7417
140.85,-0.000502133,20.7417
140.9,-0.000503268,20.7417
140.95,-0.000503635,20.7416
141.0,-0.000507442,20.7416
141.05,-0.000511483,20.7416
141.1,-0.000507976,20.7416
141.15,-0.00050427,20.7415
141.2,-0.000505539,20.7415
141.25,-0.00050093,20.7415
141.3,-0.000494686,20.7415
141.35,-0.000500496,20.7414
141.4,-0.000496489,20.7414
141.45,-0.000491413,20.7414
141.5,-0.000496723,20.7414
141.55,-0.000496289,20.7413
141.6,-0.000499027,20.7413
141.65,-0.000496689,20.7413
141.7,-0.00049699,20.7413
141.75,-0.000506641,20.7412
141.8,-0.000499795,20.7412
141.85,-0.00050821,20.7412
141.9,-0.000499595,20.7412
141.95,-0.000504002,20.7411
142.0,-0.000501832,20.7411
142.05,-0.000507642,20.7411
142.1,-0.000503702,20.7411
142.15,-0.000499294,20.741
142.2,-0.000499094,20.741
142.25,-0.000503568,20.741
142.3,-0.000496122,20.741
142.35,-0.000490445,20.7409
142.4,-0.000508644,20.7409
142.45,-0.000506507,20.7409
142.5,-0.000503201,20.7409
142.55,-0.000505238,20.7408
142.6,-0.000500763,20.7408
142.65,-0.000505839,20.7408
142.7,-0.000505071,20.7408
142.75,-0.000503335,20.7407
142.8,-0.000502867,20.7407
142.85,-0.000500463,20.7407
142.9,-0.000503268,20.7407
142.95,-0.000497791,20.7406
143.0,-0.000509112,20.7406
143.05,-0.000496623,20.7406
143.1,-0.000500429,20.7406
143.15,-0.00050624,20.7405
143.2,-0.000506707,20.7405
143.25,-0.000504737,20.7405
143.3,-0.000502133,20.7405
143.35,-0.000504704,20.7404
143.4,-0.000500296,20.7404
143.45,-0.000499962,20.7404
143.5,-0.000502133,20.7404
143.55,-0.000497658,20.7403
143.6,-0.000492282,20.7403
143.65,-0.000498326,20.7403
143.7,-0.000500396,20.7403
143.75,-0.00049128,20.7402
143.8,-0.000490311,20.7402
143.85,-0.000502767,20.7402
143.9,-0.000504937,20.7402
143.95,-0.000508611,20.7401
144.0,-0.000508143,20.7401
144.05,-0.000513186,20.7401
144.1,-0.000506407,20.7401
144.15,-0.000507308,20.74
144.2,-0.000507175,20.74
144.25,-0.000494419,20.74
144.3,-0.000495988,20.74
144.35,-0.000503335,20.7399
144.4,-0.000505973,20.7399
144.45,-0.000499127,20.7399
144.5,-0.00049709,20.7399
144.55,-0.000499862,20.7398
144.6,-0.00049729,20.7398
144.65,-0.000501598,20.7398
144.7,-0.000501865,20.7398
144.75,-0.000499828,20.7397
144.8,-0.000504103,20.7397
144.85,-0.000503435,20.7397
144.9,-0.000498392,20.7397
144.95,-0.000505472,20.7396
145.0,-0.000507776,20.7396
145.05,-0.000499929,20.7396
145.1,-0.000489643,20.7396
145.15,-0.00049699,20.7395
145.2,-0.0005024,20.7395
145.25,-0.00049512,20.7395
145.3,-0.000492215,20.7395
145.35,-0.000501698,20.7394
145.4,-0.000502767,20.7394
145.45,-0.000495086,20.7394
145.5,-0.000495688,20.7394
145.55,-0.000489109,20.7393
145.6,-0.00049512,20.7393
145.65,-0.000493016,20.7393
145.7,-0.000499194,20.7393
145.75,-0.000496923,20.7392
145.8,-0.000497424,20.7392
145.85,-0.000492983,20.7392
145.9,-0.000497124,20.7392
145.95,-0.000503001,20.7391
146.0,-0.00049906,20.7391
146.05,-0.000499461,20.7391
146.1,-0.000501665,20.7391
146.15,-0.000498092,20.739
146.2,-0.000495921,20.739
146.25,-0.000500262,20.739
146.3,-0.000501131,20.739
146.35,-0.000492181,20.7389
146.4,-0.000499394,20.7389
146.45,-0.000499728,20.7389
146.5,-0.000491347,20.7389
146.55,-0.000495921,20.7388
146.6,-0.000490078,20.7388
146.65,-0.000490011,20.7388
146.7,-0.000494018,20.7388
146.75,-0.000500096,20.7387
146.8,-0.00049148,20.7387
146.85,-0.000490745,20.7387
146.9,-0.000495254,20.7387
146.95,-0.000505038,20.7386
147.0,-0.000508177,20.7386
147.05,-0.000509279,20.7386
147.1,-0.00051175,20.7386
147.15,-0.00051008,20.7385
147.2,-0.000510047,20.7385
147.25,-0.000505872,20.7385
147.3,-0.000501899,20.7385
147.35,-0.000499094,20.7384
147.4,-0.000495888,20.7384
147.45,-0.000491547,20.7384
147.5,-0.000502967,20.7384
147.55,-0.000494986,20.7383
147.6,-0.000493484,20.7383
147.65,-0.000497791,20.7383
147.7,-0.000496289,20.7383
147.75,-0.00049512,20.7382
147.8,-0.000491347,20.7382
147.85,-0.000497224,20.7382
147.9,-0.000495387,20.7382
147.95,-0.000494552,20.7381
148.0,-0.000493183,20.7381
148.05,-0.000497992,20.7381
148.1,-0.000506941,20.7381
148.15,-0.000505639,20.738
148.2,-0.00050053,20.738
148.25,-0.000489911,20.738
148.3,-0.00049876,20.738
148.35,-0.000496923,20.7379
148.4,-0.000486872,20.7379
148.45,-0.000488274,20.7379
148.5,-0.000487807,20.7379
148.55,-0.00049906,20.7378
148.6,-0.000492782,20.7378
148.65,-0.000491046,20.7378
148.7,-0.000487239,20.7378
148.75,-0.000483833,20.7377
148.8,-0.000491847,20.7377
148.85,-0.000489343,20.7377
148.9,-0.000499929,20.7377
148.95,-0.000499094,20.7376
149.0,-0.000490178,20.7376
149.05,-0.000494051,20.7376
149.1,-0.000489911,20.7376
149.15,-0.000492916,20.7375
149.2,-0.00050093,20.7375
149.25,-0.000501431,20.7375
149.3,-0.000500596,20.7375
149.35,-0.000501865,20.7374
149.4,-0.000488976,20.7374
149.45,-0.000492115,20.7374
149.5,-0.000497424,20.7374
149.55,-0.000485937,20.7373
149.6,-0.000485837,20.7373
149.65,-0.000491313,20.7373
149.7,-0.000490078,20.7373
149.75,-0.000484801,20.7372
149.8,-0.00048754,20.7372
149.85,-0.000481763,20.7372
149.9,-0.000485236,20.7372
149.95,-0.000489977,20.7372
150.0,-0.000495354,20.7371
150.05,-0.000485469,20.7371
150.1,-0.000480694,20.7371
150.15,-0.000477789,20.7371
150.2,-0.000477689,20.737
150.25,-0.000473147,20.737
150.3,-0.000483533,20.737
150.35,-0.000484401,20.737
150.4,-0.000482798,20.7369
150.45,-0.000489343,20.7369
150.5,-0.000485035,20.7369
150.55,-0.000474383,20.7369
150.6,-0.000478089,20.7368
150.65,-0.000487974,20.7368
150.7,-0.000488542,20.7368
150.75,-0.000487005,20.7368
150.8,-0.000487206,20.7367
150.85,-0.000489376,20.7367
150.9,-0.000494519,20.7367
150.95,-0.000493951,20.7367
151.0,-0.000494352,20.7366
151.05,-0.000490912,20.7366
151.1,-0.000491046,20.7366
151.15,-0.000488074,20.7366
151.2,-0.000487673,20.7365
151.25,-0.000495855,20.7365
151.3,-0.000487005,20.7365
151.35,-0.000483933,20.7365
151.4,-0.000491079,20.7364
151.45,-0.00048794,20.7364
151.5,-0.00048567,20.7364
151.55,-0.000494185,20.7364
151.6,-0.000502433,20.7363
151.65,-0.000499127,20.7363
151.7,-0.000500262,20.7363
151.75,-0.000500363,20.7363
151.8,-0.000507208,20.7362
151.85,-0.000501865,20.7362
151.9,-0.000499327,20.7362
151.95,-0.000504437,20.7362
152.0,-0.000509212,20.7361
152.05,-0.000511382,20.7361
152.1,-0.000509446,20.7361
152.15,-0.000509078,20.7361
152.2,-0.000512718,20.736
152.25,-0.000509245,20.736
152.3,-0.000518762,20.736
152.35,-0.00051402,20.736
152.4,-0.000510882,20.7359
152.45,-0.000504203,20.7359
152.5,-0.000501097,20.7359
152.55,-0.000506674,20.7359
152.6,-0.000513687,20.7358
152.65,-0.000505505,20.7358
152.7,-0.000502299,20.7358
152.75,-0.000502633,20.7358
152.8,-0.000502734,20.7357
152.85,-0.000497658,20.7357
152.9,-0.000498259,20.7357
152.95,-0.000497391,20.7357
153.0,-0.00049502,20.7356
153.05,-0.000498793,20.7356
153.1,-0.000503769,20.7356
153.15,-0.000503068,20.7356
153.2,-0.000505305,20.7355
153.25,-0.000500162,20.7355
153.3,-0.000497825,20.7355
153.35,-0.000495521,20.7355
153.4,-0.000499561,20.7354
153.45,-0.000503268,20.7354
153.5,-0.000516258,20.7354
153.55,-0.000509212,20.7354
153.6,-0.000506474,20.7353
153.65,-0.000499628,20.7353
153.7,-0.000503869,20.7353
153.75,-0.000499929,20.7353
153.8,-0.000500463,20.7352
153.85,-0.000497391,20.7352
153.9,-0.00050447,20.7352
153.95,-0.000501698,20.7352
154.0,-0.000496122,20.7351
154.05,-0.00049886,20.7351
154.1,-0.000504904,20.7351
154.15,-0.000503001,20.7351
154.2,-0.000502667,20.735
154.25,-0.000505806,20.735
154.3,-0.00050841,20.735
154.35,-0.000502934,20.735
154.4,-0.000504537,20.7349
154.45,-0.000507576,20.7349
154.5,-0.000504637,20.7349
154.55,-0.000507776,20.7349
154.6,-0.000508143,20.7348
154.65,-0.00051175,20.7348
154.7,-0.0005027,20.7348
154.75,-0.000500029,20.7348
154.8,-0.000500363,20.7347
154.85,-0.000501632,20.7347
154.9,-0.000499695,20.7347
154.95,-0.000501832,20.7347
155.0,-0.000502066,20.7346
155.05,-0.000496957,20.7346
155.1,-0.000498559,20.7346
155.15,-0.000497157,20.7346
155.2,-0.000503201,20.7345
155.25,-0.000499795,20.7345
155.3,-0.00049335,20.7345
155.35,-0.000494786,20.7345
155.4,-0.000492348,20.7344
155.45,-0.000496255,20.7344
155.5,-0.000506707,20.7344
155.55,-0.000512384,20.7344
155.6,-0.000505939,20.7343
155.65,-0.000510514,20.7343
155.7,-0.00050073,20.7343
155.75,-0.00049709,20.7343
155.8,-0.000503301,20.7342
155.85,-0.000496456,20.7342
155.9,-0.000501966,20.7342
155.95,-0.00049719,20.7342
156.0,-0.000505906,20.7341
156.05,-0.000506574,20.7341
156.1,-0.000508611,20.7341
156.15,-0.000506774,20.7341
156.2,-0.000512184,20.734
156.25,-0.000506006,20.734
156.3,-0.000509212,20.734
156.35,-0.000504737,20.734
156.4,-0.000501398,20.7339
156.45,-0.000501799,20.7339
156.5,-0.000493717,20.7339
156.55,-0.000494118,20.7339
156.6,-0.000486638,20.7338
156.65,-0.000492282,20.7338
156.7,-0.000495621,20.7338
156.75,-0.000501698,20.7338
156.8,-0.000501097,20.7337
156.85,-0.000500296,20.7337
156.9,-0.000497124,20.7337
156.95,-0.000509379,20.7337
157.0,-0.000513319,20.7336
157.05,-0.000502567,20.7336
157.1,-0.00050988,20.7336
157.15,-0.000487473,20.7336
157.2,-0.000500897,20.7335
157.25,-0.000490378,20.7335
157.3,-0.000496289,20.7335
157.35,-0.000493517,20.7335
157.4,-0.000494218,20.7334
157.45,-0.000496055,20.7334
157.5,-0.000488842,20.7334
157.55,-0.000486939,20.7334
157.6,-0.00048233,20.7333
157.65,-0.000489643,20.7333
157.7,-0.000488642,20.7333
157.75,-0.000493116,20.7333
157.8,-0.00049866,20.7332
157.85,-0.000486571,20.7332
157.9,-0.000485035,20.7332
157.95,-0.000485469,20.7332
158.0,-0.000483699,20.7331
158.05,-0.000483499,20.7331
158.1,-0.000491981,20.7331
158.15,-0.000493016,20.7331
158.2,-0.00049305,20.733
158.25,-0.000486171,20.733
158.3,-0.000490912,20.733
158.35,-0.000483633,20.733
158.4,-0.000487874,20.7329
158.45,-0.000489076,20.7329
158.5,-0.00049345,20.7329
158.55,-0.000492649,20.7329
158.6,-0.000497324,20.7328
158.65,-0.000485403,20.7328
158.7,-0.000487506,20.7328
158.75,-0.000490812,20.7328
158.8,-0.000494886,20.7327
158.85,-0.000488775,20.7327
158.9,-0.00048951,20.7327
158.95,-0.000490011,20.7327
159.0,-0.000488341,20.7326
159.05,-0.000488107,20.7326
159.1,-0.000499795,20.7326
159.15,-0.00048577,20.7326
159.2,-0.000491313,20.7325
159.25,-0.000488475,20.7325
159.3,-0.000488742,20.7325
159.35,-0.000486672,20.7325
159.4,-0.000495654,20.7325
159.45,-0.000492482,20.7324
159.5,-0.000483032,20.7324
159.55,-0.000492949,20.7324
159.6,-0.000492949,20.7324
159.65,-0.00049699,20.7323
159.7,-0.000493684,20.7323
159.75,-0.000492749,20.7323
159.8,-0.000490478,20.7323
159.85,-0.000490144,20.7322
159.9,-0.000494218,20.7322
159.95,-0.000495086,20.7322
160.0,-0.000501465,20.7322
160.05,-0.000497324,20.7321
160.1,-0.000493684,20.7321
160.15,-0.000491146,20.7321
160.2,-0.000494419,20.7321
160.25,-0.000494953,20.732
160.3,-0.000499194,20.732
160.35,-0.000501264,20.732
160.4,-0.000490846,20.732
160.45,-0.000504002,20.7319
160.5,-0.000495754,20.7319
160.55,-0.00049729,20.7319
160.6,-0.00050053,20.7319
160.65,-0.000489877,20.7318
160.7,-0.000501698,20.7318
160.75,-0.000496823,20.7318
160.8,-0.000502199,20.7318
160.85,-0.000502166,20.7317
160.9,-0.000492348,20.7317
160.95,-0.000492816,20.7317
161.0,-0.000493951,20.7317
161.05,-0.000495621,20.7316
161.1,-0.000493851,20.7316
161.15,-0.000484701,20.7316
161.2,-0.000471845,20.7316
161.25,-0.000479191,20.7315
161.3,-0.000487707,20.7315
161.35,-0.000483132,20.7315
161.4,-0.000481829,20.7315
161.45,-0.000484668,20.7314
161.5,-0.000487506,20.7314
161.55,-0.000491246,20.7314
161.6,-0.000491213,20.7314
161.65,-0.000488875,20.7313
161.7,-0.000491246,20.7313
161.75,-0.000482598,20.7313
161.8,-0.000484033,20.7313
161.85,-0.00048006,20.7312
161.9,-0.000475017,20.7312
161.95,-0.000478791,20.7312
162.0,-0.000482397,20.7312
162.05,-0.000474283,20.7312
162.1,-0.000481796,20.7311
162.15,-0.000492248,20.7311
162.2,-0.000477455,20.7311
162.25,-0.000473882,20.7311
162.3,-0.000481829,20.731
162.35,-0.000482364,20.731
162.4,-0.000483065,20.731
162.45,-0.000474149,20.731
162.5,-0.000469975,20.7309
162.55,-0.000481729,20.7309
162.6,-0.000488174,20.7309
162.65,-0.000493317,20.7309
162.7,-0.000497357,20.7308
162.75,-0.000494485,20.7308
162.8,-0.000489476,20.7308
162.85,-0.000489543,20.7308
162.9,-0.000498326,20.7307
162.95,-0.000488708,20.7307
163.0,-0.000482397,20.7307
163.05,-0.000485436,20.7307
163.1,-0.000491046,20.7306
163.15,-0.000493918,20.7306
163.2,-0.000499828,20.7306
163.25,-0.000494719,20.7306
163.3,-0.000498292,20.7305
163.35,-0.00050083,20.7305
163.4,-0.000503836,20.7305
163.45,-0.000501164,20.7305
163.5,-0.000500262,20.7304
163.55,-0.000494719,20.7304
163.6,-0.00049876,20.7304
163.65,-0.000499428,20.7304
163.7,-0.000503168,20.7303
163.75,-0.000498726,20.7303
163.8,-0.000492983,20.7303
163.85,-0.000500062,20.7303
163.9,-0.000494285,20.7302
163.95,-0.000495788,20.7302
164.0,-0.000494452,20.7302
164.05,-0.000497992,20.7302
164.1,-0.00049876,20.7301
164.15,-0.000495821,20.7301
164.2,-0.000505806,20.7301
164.25,-0.000505105,20.7301
164.3,-0.000501698,20.73
164.35,-0.000492449,20.73
164.4,-0.000501164,20.73
164.45,-0.000495955,20.73
164.5,-0.000488374,20.7299
164.55,-0.00049355,20.7299
164.6,-0.000497224,20.7299
164.65,-0.000488542,20.7299
164.7,-0.000491948,20.7298
164.75,-0.000486872,20.7298
164.8,-0.000494686,20.7298
164.85,-0.000495086,20.7298
164.9,-0.000502533,20.7297
164.95,-0.000505438,20.7297
165.0,-0.000497658,20.7297
165.05,-0.000495086,20.7297
165.1,-0.000491046,20.7296
165.15,-0.000490545,20.7296
165.2,-0.00048774,20.7296
165.25,-0.000488174,20.7296
165.3,-0.000494686,20.7295
165.35,-0.000491079,20.7295
165.4,-0.000488274,20.7295
165.45,-0.000498493,20.7295
165.5,-0.000488508,20.7295
165.55,-0.000494619,20.7294
165.6,-0.000497391,20.7294
165.65,-0.000490745,20.7294
165.7,-0.000491781,20.7294
165.75,-0.000498025,20.7293
165.8,-0.000501732,20.7293
165.85,-0.000494285,20.7293
165.9,-0.00048784,20.7293
165.95,-0.000489009,20.7292
166.0,-0.000488675,20.7292
166.05,-0.000489577,20.7292
166.1,-0.00047839,20.7292
166.15,-0.000484668,20.7291
166.2,-0.000481529,20.7291
166.25,-0.000492315,20.7291
166.3,-0.000484835,20.7291
166.35,-0.000484167,20.729
166.4,-0.000486672,20.729
166.45,-0.000486137,20.729
166.5,-0.000486137,20.729
166.55,-0.000486705,20.7289
166.6,-0.000482664,20.7289
166.65,-0.000484134,20.7289
166.7,-0.000476253,20.7289
166.75,-0.00048006,20.7288
166.8,-0.000479158,20.7288
166.85,-0.000476253,20.7288
166.9,-0.00047632,20.7288
166.95,-0.000479292,20.7287
167.0,-0.000486838,20.7287
167.05,-0.000487406,20.7287
167.1,-0.00048941,20.7287
167.15,-0.00047996,20.7286
167.2,-0.000480961,20.7286
167.25,-0.000491747,20.7286
167.3,-0.000492181,20.7286
167.35,-0.000482865,20.7285
167.4,-0.000474483,20.7285
167.45,-0.000473281,20.7285
167.5,-0.000482063,20.7285
167.55,-0.000479626,20.7285
167.6,-0.000482364,20.7284
167.65,-0.000473748,20.7284
167.7,-0.000477956,20.7284
167.75,-0.000477288,20.7284
167.8,-0.00048016,20.7283
167.85,-0.000482097,20.7283
167.9,-0.000481195,20.7283
167.95,-0.000484301,20.7283
168.0,-0.000482898,20.7282
168.05,-0.000485403,20.7282
168.1,-0.000478156,20.7282
168.15,-0.000480761,20.7282
168.2,-0.000485002,20.7281
168.25,-0.000487139,20.7281
168.3,-0.000488976,20.7281
168.35,-0.000484067,20.7281
168.4,-0.000478524,20.728
168.45,-0.000495721,20.728
168.5,-0.000475552,20.728
168.55,-0.000485503,20.728
168.6,-0.00048026,20.7279
168.65,-0.000485403,20.7279
168.7,-0.000477321,20.7279
168.75,-0.000474216,20.7279
168.8,-0.000487373,20.7279
168.85,-0.000483065,20.7278
168.9,-0.000483366,20.7278
168.95,-0.00048193,20.7278
169.0,-0.000486538,20.7278
169.05,-0.000483199,20.7277
169.1,-0.000482564,20.7277
169.15,-0.000479692,20.7277
169.2,-0.000473314,20.7277
169.25,-0.000468238,20.7276
169.3,-0.000478423,20.7276
169.35,-0.000482798,20.7276
169.4,-0.000479993,20.7276
169.45,-0.000479058,20.7275
169.5,-0.00048607,20.7275
169.55,-0.000477488,20.7275
169.6,-0.000483032,20.7275
169.65,-0.00048784,20.7274
169.7,-0.000484067,20.7274
169.75,-0.000487106,20.7274
169.8,-0.0004841,20.7274
169.85,-0.000488642,20.7273
169.9,-0.000486872,20.7273
169.95,-0.000480961,20.7273
170.0,-0.00048567,20.7273
170.05,-0.000492081,20.7272
170.1,-0.000497624,20.7272
170.15,-0.000496489,20.7272
170.2,-0.000494051,20.7272
170.25,-0.000494152,20.7271
170.3,-0.000481663,20.7271
170.35,-0.00047268,20.7271
170.4,-0.000474683,20.7271
170.45,-0.000479058,20.7271
170.5,-0.000481162,20.727
170.55,-0.000483232,20.727
170.6,-0.000482898,20.727
170.65,-0.000485703,20.727
170.7,-0.000490178,20.7269
170.75,-0.000492716,20.7269
170.8,-0.000494552,20.7269
170.85,-0.00048764,20.7269
170.9,-0.0004841,20.7268
170.95,-0.000488041,20.7268
171.0,-0.000486705,20.7268
171.05,-0.00048193,20.7268
171.1,-0.000488842,20.7267
171.15,-0.000487607,20.7267
171.2,-0.000497591,20.7267
171.25,-0.000495086,20.7267
171.3,-0.000495754,20.7266
171.35,-0.000489009,20.7266
171.4,-0.000498593,20.7266
171.45,-0.000503535,20.7266
171.5,-0.00050053,20.7265
171.55,-0.000500296,20.7265
171.6,-0.000500429,20.7265
171.65,-0.000501298,20.7265
171.7,-0.00050073,20.7264
171.75,-0.000487506,20.7264
171.8,-0.000495688,20.7264
171.85,-0.000494853,20.7264
171.9,-0.000489443,20.7263
171.95,-0.000499695,20.7263
172.0,-0.000498726,20.7263
172.05,-0.000490812,20.7263
172.1,-0.000491847,20.7262
172.15,-0.000499361,20.7262
172.2,-0.000493717,20.7262
172.25,-0.000499394,20.7262
172.3,-0.000499394,20.7261
172.35,-0.000490612,20.7261
172.4,-0.000491246,20.7261
172.45,-0.000488575,20.7261
172.5,-0.000490979,20.726
172.55,-0.000485269,20.726
172.6,-0.000486404,20.726
172.65,-0.000482063,20.726
172.7,-0.000490278,20.7259
172.75,-0.000491046,20.7259
172.8,-0.000484801,20.7259
172.85,-0.000482197,20.7259
172.9,-0.000477622,20.7259
172.95,-0.000479626,20.7258
173.0,-0.00047632,20.7258
173.05,-0.000487206,20.7258
173.1,-0.000479258,20.7258
173.15,-0.000477555,20.7257
173.2,-0.000484334,20.7257
173.25,-0.000486104,20.7257
173.3,-0.000490378,20.7257
173.35,-0.000491948,20.7256
173.4,-0.000490612,20.7256
173.45,-0.000486371,20.7256
173.5,-0.000491113,20.7256
173.55,-0.000489276,20.7255
173.6,-0.000486404,20.7255
173.65,-0.000482831,20.7255
173.7,-0.000489944,20.7255
173.75,-0.000494452,20.7254
173.8,-0.00049345,20.7254
173.85,-0.000474182,20.7254
173.9,-0.000481061,20.7254
173.95,-0.000484601,20.7253
174.0,-0.000489042,20.7253
174.05,-0.000484434,20.7253
174.1,-0.000483699,20.7253
174.15,-0.000477689,20.7252
174.2,-0.000481095,20.7252
174.25,-0.000481362,20.7252
174.3,-0.000485135,20.7252
174.35,-0.000482731,20.7251
174.4,-0.000483132,20.7251
174.45,-0.000493985,20.7251
174.5,-0.000492549,20.7251
174.55,-0.000487907,20.725
174.6,-0.000491847,20.725
174.65,-0.000489343,20.725
174.7,-0.000485369,20.725
174.75,-0.000489209,20.725
174.8,-0.000489176,20.7249
174.85,-0.000491246,20.7249
174.9,-0.000488842,20.7249
174.95,-0.000481596,20.7249
175.0,-0.000483533,20.7248
175.05,-0.000478657,20.7248
175.1,-0.00049158,20.7248
175.15,-0.000489844,20.7248
175.2,-0.000488441,20.7247
175.25,-0.000485302,20.7247
175.3,-0.000487005,20.7247
175.35,-0.000489109,20.7247
175.4,-0.000496756,20.7246
175.45,-0.000492482,20.7246
175.5,-0.000498292,20.7246
175.55,-0.000496856,20.7246
175.6,-0.000493083,20.7245
175.65,-0.000484935,20.7245
175.7,-0.000487673,20.7245
175.75,-0.00049335,20.7245
175.8,-0.000496289,20.7244
175.85,-0.000487506,20.7244
175.9,-0.000491013,20.7244
175.95,-0.00048597,20.7244
176.0,-0.000490979,20.7243
176.05,-0.000496522,20.7243
176.1,-0.000492849,20.7243
176.15,-0.000496556,20.7243
176.2,-0.000487406,20.7242
176.25,-0.00048597,20.7242
176.3,-0.000493016,20.7242
176.35,-0.000491781,20.7242
176.4,-0.000489577,20.7241
176.45,-0.000497791,20.7241
176.5,-0.000494485,20.7241
176.55,-0.000492816,20.7241
176.6,-0.000489977,20.724
176.65,-0.000497725,20.724
176.7,-0.000493951,20.724
176.75,-0.000497023,20.724
176.8,-0.000493183,20.7239
176.85,-0.000494385,20.7239
176.9,-0.000489476,20.7239
176.95,-0.000486171,20.7239
177.0,-0.000488308,20.7238
177.05,-0.000491847,20.7238
177.1,-0.000479993,20.7238
177.15,-0.000480961,20.7238
177.2,-0.000476654,20.7238
177.25,-0.000473548,20.7237
177.3,-0.000483165,20.7237
177.35,-0.000480961,20.7237
177.4,-0.000488441,20.7237
177.45,-0.000484067,20.7236
177.5,-0.000489911,20.7236
177.55,-0.000482531,20.7236
177.6,-0.000493517,20.7236
177.65,-0.000499361,20.7235
177.7,-0.000494886,20.7235
177.75,-0.000492949,20.7235
177.8,-0.0004839,20.7235
177.85,-0.000487339,20.7234
177.9,-0.000486538,20.7234
177.95,-0.000484801,20.7234
178.0,-0.000491847,20.7234
178.05,-0.000489744,20.7233
178.1,-0.000490879,20.7233
178.15,-0.000486204,20.7233
178.2,-0.000491614,20.7233
178.25,-0.000491313,20.7232
178.3,-0.000483399,20.7232
178.35,-0.000482698,20.7232
178.4,-0.000487072,20.7232
178.45,-0.000496355,20.7231
178.5,-0.000490345,20.7231
178.55,-0.000490044,20.7231
178.6,-0.000492181,20.7231
178.65,-0.000491781,20.723
178.7,-0.000497892,20.723
178.75,-0.000491847,20.723
178.8,-0.000497691,20.723
178.85,-0.000496656,20.7229
178.9,-0.00049335,20.7229
178.95,-0.000493417,20.7229
179.0,-0.000490612,20.7229
179.05,-0.000482731,20.7228
179.1,-0.000477789,20.7228
179.15,-0.000488107,20.7228
179.2,-0.000487907,20.7228
179.25,-0.000483332,20.7227
179.3,-0.00048951,20.7227
179.35,-0.000483866,20.7227
179.4,-0.000489176,20.7227
179.45,-0.000484668,20.7227
179.5,-0.00048971,20.7226
179.55,-0.000486905,20.7226
179.6,-0.000479659,20.7226
179.65,-0.000472479,20.7226
179.7,-0.000486638,20.7225
179.75,-0.00048026,20.7225
179.8,-0.00047996,20.7225
179.85,-0.000480828,20.7225
179.9,-0.000481896,20.7224
179.95,-0.000481128,20.7224
180.0,-0.000492949,20.7224
180.05,-0.000483633,20.7224
180.1,-0.000488208,20.7223
180.15,-0.000486705,20.7223
180.2,-0.000490745,20.7223
180.25,-0.000487273,20.7223
180.3,-0.000489543,20.7222
180.35,-0.000484534,20.7222
180.4,-0.000481996,20.7222
180.45,-0.000482197,20.7222
180.5,-0.000476921,20.7221
180.55,-0.000480861,20.7221
180.6,-0.000480995,20.7221
180.65,-0.00048754,20.7221
180.7,-0.000487807,20.722
180.75,-0.000493384,20.722
180.8,-0.000493016,20.722
180.85,-0.000490144,20.722
180.9,-0.000492782,20.7219
180.95,-0.000488074,20.7219
181.0,-0.000483399,20.7219
181.05,-0.000488542,20.7219
181.1,-0.000481963,20.7219
181.15,-0.000484568,20.7218
181.2,-0.000492649,20.7218
181.25,-0.000488942,20.7218
181.3,-0.000480193,20.7218
181.35,-0.000485803,20.7217
181.4,-0.000491447,20.7217
181.45,-0.000499494,20.7217
181.5,-0.000500797,20.7217
181.55,-0.000490712,20.7216
181.6,-0.000494085,20.7216
181.65,-0.000496088,20.7216
181.7,-0.000500596,20.7216
181.75,-0.000507776,20.7215
181.8,-0.000496322,20.7215
181.85,-0.000506206,20.7215
181.9,-0.000506073,20.7215
181.95,-0.000500897,20.7214
182.0,-0.00049355,20.7214
182.05,-0.000487139,20.7214
182.1,-0.000494285,20.7214
182.15,-0.000489143,20.7213
182.2,-0.000484902,20.7213
182.25,-0.000488041,20.7213
182.3,-0.000485703,20.7213
182.35,-0.000479559,20.7212
182.4,-0.000484234,20.7212
182.45,-0.000479859,20.7212
182.5,-0.000484334,20.7212
182.55,-0.000482698,20.7211
182.6,-0.000488041,20.7211
182.65,-0.000494452,20.7211
182.7,-0.000490946,20.7211
182.75,-0.000501598,20.721
182.8,-0.000492549,20.721
182.85,-0.000488241,20.721
182.9,-0.000479392,20.721
182.95,-0.000494352,20.7209
183.0,-0.000488742,20.7209
183.05,-0.000487974,20.7209
183.1,-0.000490812,20.7209
183.15,-0.000484868,20.7208
183.2,-0.000481562,20.7208
183.25,-0.00048607,20.7208
183.3,-0.000485536,20.7208
183.35,-0.000484701,20.7207
183.4,-0.000480861,20.7207
183.45,-0.000488976,20.7207
183.5,-0.000489476,20.7207
183.55,-0.000488408,20.7206
183.6,-0.000482731,20.7206
183.65,-0.000488475,20.7206
183.7,-0.000485069,20.7206
183.75,-0.000483733,20.7206
183.8,-0.000486972,20.7205
183.85,-0.000495287,20.7205
183.9,-0.000485135,20.7205
183.95,-0.000482965,20.7205
184.0,-0.000493116,20.7204
184.05,-0.000486004,20.7204
184.1,-0.00048193,20.7204
184.15,-0.000493651,20.7204
184.2,-0.000491614,20.7203
184.25,-0.000501966,20.7203
184.3,-0.00049729,20.7203
184.35,-0.000486171,20.7203
184.4,-0.00048971,20.7202
184.45,-0.000489443,20.7202
184.5,-0.000484801,20.7202
184.55,-0.000488274,20.7202
184.6,-0.000490812,20.7201
184.65,-0.00047475,20.7201
184.7,-0.000484401,20.7201
184.75,-0.000488475,20.7201
184.8,-0.000489042,20.72
184.85,-0.000492348,20.72
184.9,-0.000484735,20.72
184.95,-0.00048597,20.72
185.0,-0.000482731,20.7199
185.05,-0.000476553,20.7199
185.1,-0.000328856,20.7199
185.15,-0.000335,20.7199
185.2,-0.00026267,20.7199
185.25,-0.000247009,20.7199
185.3,-0.000235021,20.7198
185.35,-0.000245306,20.7198
185.4,-0.000241499,20.7198
185.45,-0.000243403,20.7198
185.5,-0.000249614,20.7198
185.55,-0.000267345,20.7198
185.6,-0.000232817,20.7198
185.65,-0.00022497,20.7198
185.7,-0.000228476,20.7198
185.75,-0.000304545,20.7197
185.8,-0.000410902,20.7197
185.85,-0.000407463,20.7197
185.9,-0.00041905,20.7197
185.95,-0.000372333,20.7197
186.0,-0.00035193,20.7196
186.05,-0.000360813,20.7196
186.1,-0.000433476,20.7196
186.15,-0.000456718,20.7196
186.2,-0.000453178,20.7196
186.25,-0.000444362,20.7195
186.3,-0.000441157,20.7195
186.35,-0.000439754,20.7195
186.4,-0.000431072,20.7195
186.45,-0.000424059,20.7194
186.5,-0.000458855,20.7194
186.55,-0.000462996,20.7194
186.6,-0.000433977,20.7194
186.65,-0.000453111,20.7194
186.7,-0.000431473,20.7193
186.75,-0.000428801,20.7193
186.8,-0.000460424,20.7193
186.85,-0.000475986,20.7193
186.9,-0.000476219,20.7192
186.95,-0.000480727,20.7192
187.0,-0.000478256,20.7192
187.05,-0.00048597,20.7192
187.1,-0.000489944,20.7191
187.15,-0.000489643,20.7191
187.2,-0.00047091,20.7191
187.25,-0.00047672,20.7191
187.3,-0.000449071,20.719
187.35,-0.000482063,20.719
187.4,-0.000482564,20.719
187.45,-0.000483733,20.719
187.5,-0.000455349,20.719
187.55,-0.000442893,20.7189
187.6,-0.000445731,20.7189
187.65,-0.000351329,20.7189
187.7,-0.00043194,20.7189
187.75,-0.000455182,20.7188
187.8,-0.000484668,20.7188
187.85,-0.000468673,20.7188
187.9,-0.000468405,20.7188
187.95,-0.000476286,20.7188
188.0,-0.00046343,20.7187
188.05,-0.000466035,20.7187
188.1,-0.000483499,20.7187
188.15,-0.000480727,20.7187
188.2,-0.000482764,20.7186
188.25,-0.000487072,20.7186
188.3,-0.000484267,20.7186
188.35,-0.000488408,20.7186
188.4,-0.000488675,20.7185
188.45,-0.000496088,20.7185
188.5,-0.000500563,20.7185
188.55,-0.000497925,20.7185
188.6,-0.000481395,20.7184
188.65,-0.000473047,20.7184
188.7,-0.000475184,20.7184
188.75,-0.000486037,20.7184
188.8,-0.000486738,20.7183
188.85,-0.000477522,20.7183
188.9,-0.000481663,20.7183
188.95,-0.000475117,20.7183
189.0,-0.000473281,20.7182
189.05,-0.00047859,20.7182
189.1,-0.000488208,20.7182
189.15,-0.000484367,20.7182
189.2,-0.000496522,20.7181
189.25,-0.000502967,20.7181
189.3,-0.00049886,20.7181
189.35,-0.000492048,20.7181
189.4,-0.000484033,20.7181
189.45,-0.000483833,20.718
189.5,-0.000485035,20.718
189.55,-0.000489176,20.718
189.6,-0.000490846,20.718
189.65,-0.000484835,20.7179
189.7,-0.0004838,20.7179
189.75,-0.000488575,20.7179
189.8,-0.00048754,20.7179
189.85,-0.000488742,20.7178
189.9,-0.000485436,20.7178
189.95,-0.000479592,20.7178
190.0,-0.000488775,20.7178
190.05,-0.000468673,20.7177
190.1,-0.000479191,20.7177
190.15,-0.000481162,20.7177
190.2,-0.00048026,20.7177
190.25,-0.000483132,20.7176
190.3,-0.000473682,20.7176
190.35,-0.000486772,20.7176
190.4,-0.00048764,20.7176
190.45,-0.000477789,20.7175
190.5,-0.000489476,20.7175
190.55,-0.000487807,20.7175
190.6,-0.000484968,20.7175
190.65,-0.000485035,20.7174
190.7,-0.000483466,20.7174
190.75,-0.000487039,20.7174
190.8,-0.000477255,20.7174
190.85,-0.000482764,20.7173
190.9,-0.000489009,20.7173
190.95,-0.000488775,20.7173
191.0,-0.000487273,20.7173
191.05,-0.000492749,20.7173
191.1,-0.000492148,20.7172
191.15,-0.000491647,20.7172
191.2,-0.000490645,20.7172
191.25,-0.000485837,20.7172
191.3,-0.000479492,20.7171
191.35,-0.000484935,20.7171
191.4,-0.000480093,20.7171
191.45,-0.000482764,20.7171
191.5,-0.000486738,20.717
191.55,-0.000483666,20.717
191.6,-0.000489243,20.717
191.65,-0.000487139,20.717
191.7,-0.000481596,20.7169
191.75,-0.000480761,20.7169
191.8,-0.000482798,20.7169
191.85,-0.000482063,20.7169
191.9,-0.000473782,20.7168
191.95,-0.000477121,20.7168
192.0,-0.000476787,20.7168
192.05,-0.000472279,20.7168
192.1,-0.000471344,20.7167
192.15,-0.000474884,20.7167
192.2,-0.000467103,20.7167
192.25,-0.000468305,20.7167
192.3,-0.000471244,20.7167
192.35,-0.000471812,20.7166
192.4,-0.000478023,20.7166
192.45,-0.000483699,20.7166
192.5,-0.000476453,20.7166
192.55,-0.000481529,20.7165
192.6,-0.000486237,20.7165
192.65,-0.000472747,20.7165
192.7,-0.000483967,20.7165
192.75,-0.000483666,20.7164
192.8,-0.000480961,20.7164
192.85,-0.000477321,20.7164
192.9,-0.000478123,20.7164
192.95,-0.000475017,20.7163
193.0,-0.000481796,20.7163
193.05,-0.000482731,20.7163
193.1,-0.00048056,20.7163
193.15,-0.000483065,20.7162
193.2,-0.00048597,20.7162
193.25,-0.000479859,20.7162
193.3,-0.00047662,20.7162
193.35,-0.000479659,20.7161
193.4,-0.000474884,20.7161
193.45,-0.000474349,20.7161
193.5,-0.000487306,20.7161
193.55,-0.000475952,20.716
193.6,-0.000473414,20.716
193.65,-0.000479592,20.716
193.7,-0.000484334,20.716
193.75,-0.000488742,20.716
193.8,-0.000484835,20.7159
193.85,-0.000478023,20.7159
193.9,-0.000487106,20.7159
193.95,-0.000481763,20.7159
194.0,-0.0004838,20.7158
194.05,-0.000480126,20.7158
194.1,-0.000490645,20.7158
194.15,-0.000498593,20.7158
194.2,-0.000486538,20.7157
194.25,-0.000483466,20.7157
194.3,-0.000485503,20.7157
194.35,-0.000485469,20.7157
194.4,-0.000486605,20.7156
194.45,-0.000483165,20.7156
194.5,-0.000482898,20.7156
194.55,-0.000480961,20.7156
194.6,-0.000492849,20.7155
194.65,-0.000486271,20.7155
194.7,-0.000486137,20.7155
194.75,-0.000493985,20.7155
194.8,-0.00048744,20.7154
194.85,-0.000478724,20.7154
194.9,-0.000477188,20.7154
194.95,-0.000486204,20.7154
195.0,-0.000480727,20.7153
195.05,-0.000482163,20.7153
195.1,-0.000483165,20.7153
195.15,-0.000483499,20.7153
195.2,-0.000484935,20.7153
195.25,-0.000485202,20.7152
195.3,-0.000493484,20.7152
195.35,-0.000496055,20.7152
195.4,-0.000499595,20.7152
195.45,-0.000491814,20.7151
195.5,-0.000488842,20.7151
195.55,-0.000497357,20.7151
195.6,-0.00049866,20.7151
195.65,-0.000492282,20.715
195.7,-0.000489677,20.715
195.75,-0.000484501,20.715
195.8,-0.000485636,20.715
195.85,-0.000491914,20.7149
195.9,-0.000498226,20.7149
195.95,-0.000496122,20.7149
196.0,-0.000494986,20.7149
196.05,-0.000479592,20.7148
196.1,-0.000475485,20.7148
196.15,-0.000479559,20.7148
196.2,-0.000489076,20.7148
196.25,-0.000492449,20.7147
196.3,-0.000491046,20.7147
196.35,-0.000495654,20.7147
196.4,-0.000492215,20.7147
196.45,-0.000489143,20.7146
196.5,-0.000490512,20.7146
196.55,-0.000482431,20.7146
196.6,-0.000484835,20.7146
196.65,-0.000485403,20.7145
196.7,-0.000480761,20.7145
196.75,-0.000486738,20.7145
196.8,-0.000480995,20.7145
196.85,-0.000479993,20.7144
196.9,-0.000487139,20.7144
196.95,-0.000489443,20.7144
197.0,-0.000481028,20.7144
197.05,-0.000482764,20.7143
197.1,-0.000483866,20.7143
197.15,-0.000483933,20.7143
197.2,-0.000479692,20.7143
197.25,-0.00047849,20.7143
197.3,-0.000470943,20.7142
197.35,-0.000475719,20.7142
197.4,-0.000480327,20.7142
197.45,-0.000478123,20.7142
197.5,-0.000480727,20.7141
197.55,-0.000484167,20.7141
197.6,-0.000486505,20.7141
197.65,-0.000484367,20.7141
197.7,-0.000482931,20.714
197.75,-0.000480327,20.714
197.8,-0.000472913,20.714
197.85,-0.000476153,20.714
197.9,-0.000481462,20.7139
197.95,-0.000487072,20.7139
198.0,-0.000488976,20.7139
198.05,-0.000479158,20.7139
198.1,-0.000483165,20.7138
198.15,-0.000481629,20.7138
198.2,-0.00048213,20.7138
198.25,-0.000486538,20.7138
198.3,-0.000482497,20.7137
198.35,-0.00047485,20.7137
198.4,-0.000479859,20.7137
198.45,-0.00048193,20.7137
198.5,-0.000488241,20.7136
198.55,-0.000485202,20.7136
198.6,-0.000492749,20.7136
198.65,-0.000491781,20.7136
198.7,-0.000498893,20.7136
198.75,-0.000492382,20.7135
198.8,-0.000483399,20.7135
198.85,-0.000486204,20.7135
198.9,-0.000487273,20.7135
198.95,-0.000488274,20.7134
199.0,-0.000486905,20.7134
199.05,-0.000490912,20.7134
199.1,-0.000490278,20.7134
199.15,-0.000490779,20.7133
199.2,-0.00047642,20.7133
199.25,-0.000478156,20.7133
199.3,-0.000483232,20.7133
199.35,-0.000480995,20.7132
199.4,-0.000474784,20.7132
199.45,-0.000479993,20.7132
199.5,-0.000473247,20.7132
199.55,-0.000481996,20.7131
199.6,-0.000485269,20.7131
199.65,-0.000484868,20.7131
199.7,-0.00048223,20.7131
199.75,-0.000482731,20.713
199.8,-0.000478824,20.713
199.85,-0.000480093,20.713
199.9,-0.000475585,20.713
199.95,-0.000475017,20.7129
200.0,-0.000475318,20.7129
200.05,-0.000479392,20.7129
200.1,-0.000482063,20.7129
200.15,-0.000482798,20.7129
200.2,-0.000482531,20.7128
200.25,-0.00048223,20.7128
200.3,-0.000488007,20.7128
200.35,-0.000488542,20.7128
200.4,-0.000492382,20.7127
200.45,-0.000481195,20.7127
200.5,-0.00048971,20.7127
200.55,-0.000480193,20.7127
200.6,-0.000481429,20.7126
200.65,-0.000481829,20.7126
200.7,-0.000492048,20.7126
200.75,-0.000498159,20.7126
200.8,-0.000492615,20.7125
200.85,-0.000490478,20.7125
200.9,-0.000493784,20.7125
200.95,-0.000494519,20.7125
201.0,-0.00048607,20.7124
201.05,-0.000492315,20.7124
201.1,-0.000489844,20.7124
201.15,-0.000492282,20.7124
201.2,-0.000492749,20.7123
201.25,-0.000492382,20.7123
201.3,-0.000484367,20.7123
201.35,-0.000487473,20.7123
201.4,-0.000482965,20.7122
201.45,-0.000489076,20.7122
201.5,-0.00048784,20.7122
201.55,-0.00048046,20.7122
201.6,-0.000470877,20.7121
201.65,-0.000473648,20.7121
201.7,-0.000482097,20.7121
201.75,-0.000481763,20.7121
201.8,-0.00048213,20.712
201.85,-0.000483666,20.712
201.9,-0.0004841,20.712
201.95,-0.000481562,20.712
202.0,-0.000481128,20.712
202.05,-0.000484468,20.7119
202.1,-0.000481395,20.7119
202.15,-0.000490345,20.7119
202.2,-0.000490879,20.7119
202.25,-0.000496489,20.7118
202.3,-0.000487106,20.7118
202.35,-0.000487306,20.7118
202.4,-0.000488608,20.7118
202.45,-0.000486505,20.7117
202.5,-0.000479358,20.7117
202.55,-0.000475284,20.7117
202.6,-0.000481629,20.7117
202.65,-0.000481896,20.7116
202.7,-0.000485469,20.7116
202.75,-0.00047819,20.7116
202.8,-0.000478624,20.7116
202.85,-0.000489543,20.7115
202.9,-0.000482564,20.7115
202.95,-0.00048784,20.7115
203.0,-0.000478156,20.7115
203.05,-0.000480126,20.7114
203.1,-0.000483299,20.7114
203.15,-0.00048046,20.7114
203.2,-0.000479893,20.7114
203.25,-0.000483733,20.7113
203.3,-0.000491313,20.7113
203.35,-0.000487306,20.7113
203.4,-0.000486872,20.7113
203.45,-0.000483399,20.7112
203.5,-0.000475618,20.7112
203.55,-0.000474216,20.7112
203.6,-0.000479559,20.7112
203.65,-0.000478357,20.7112
203.7,-0.000472646,20.7111
203.75,-0.000482297,20.7111
203.8,-0.000473581,20.7111
203.85,-0.000478557,20.7111
203.9,-0.000483065,20.711
203.95,-0.00047495,20.711
204.0,-0.000473882,20.711
204.05,-0.000484801,20.711
204.1,-0.000487306,20.7109
204.15,-0.000485536,20.7109
204.2,-0.000483232,20.7109
204.25,-0.000482097,20.7109
204.3,-0.000480961,20.7108
204.35,-0.000497391,20.7108
204.4,-0.000494853,20.7108
204.45,-0.000483265,20.7108
204.5,-0.000481028,20.7107
204.55,-0.000474416,20.7107
204.6,-0.000478791,20.7107
204.65,-0.000475852,20.7107
204.7,-0.000479058,20.7106
204.75,-0.000476487,20.7106
204.8,-0.000473715,20.7106
204.85,-0.000475251,20.7106
204.9,-0.000470142,20.7106
204.95,-0.000470342,20.7105
205.0,-0.000472145,20.7105
205.05,-0.000477989,20.7105
205.1,-0.000473782,20.7105
205.15,-0.000466869,20.7104
205.2,-0.000472747,20.7104
205.25,-0.000474182,20.7104
205.3,-0.000480627,20.7104
205.35,-0.000472613,20.7103
205.4,-0.000473648,20.7103
205.45,-0.000481529,20.7103
205.5,-0.000481629,20.7103
205.55,-0.000472913,20.7102
205.6,-0.000470476,20.7102
205.65,-0.000483766,20.7102
205.7,-0.000479626,20.7102
205.75,-0.000472312,20.7101
205.8,-0.000475685,20.7101
205.85,-0.000487473,20.7101
205.9,-0.000490578,20.7101
205.95,-0.000481262,20.7101
206.0,-0.000477722,20.71
206.05,-0.000475518,20.71
206.1,-0.000471711,20.71
206.15,-0.000476687,20.71
206.2,-0.000471544,20.7099
206.25,-0.000471645,20.7099
206.3,-0.00047258,20.7099
206.35,-0.000469808,20.7099
206.4,-0.000471678,20.7098
206.45,-0.000479258,20.7098
206.5,-0.000484968,20.7098
206.55,-0.000484835,20.7098
206.6,-0.000473815,20.7097
206.65,-0.000477321,20.7097
206.7,-0.000478256,20.7097
206.75,-0.000477756,20.7097
206.8,-0.000492615,20.7096
206.85,-0.000490645,20.7096
206.9,-0.000477922,20.7096
206.95,-0.000476286,20.7096
207.0,-0.000467871,20.7096
207.05,-0.000471411,20.7095
207.1,-0.000471277,20.7095
207.15,-0.00047485,20.7095
207.2,-0.000478256,20.7095
207.25,-0.000482898,20.7094
207.3,-0.000471578,20.7094
207.35,-0.00047839,20.7094
207.4,-0.000476153,20.7094
207.45,-0.000467704,20.7093
207.5,-0.000468272,20.7093
207.55,-0.000472947,20.7093
207.6,-0.000467571,20.7093
207.65,-0.000461293,20.7092
207.7,-0.000462962,20.7092
207.75,-0.000462361,20.7092
207.8,-0.000471912,20.7092
207.85,-0.00046914,20.7092
207.9,-0.000458755,20.7091
207.95,-0.000453712,20.7091
208.0,-0.000462628,20.7091
208.05,-0.000466736,20.7091
208.1,-0.000461593,20.709
208.15,-0.000452777,20.709
208.2,-0.000461794,20.709
208.25,-0.000457553,20.709
208.3,-0.000447334,20.7089
208.35,-0.000457519,20.7089
208.4,-0.00046186,20.7089
208.45,-0.000457987,20.7089
208.5,-0.000458187,20.7089
208.55,-0.000455148,20.7088
208.6,-0.000457286,20.7088
208.65,-0.000463497,20.7088
208.7,-0.000462628,20.7088
208.75,-0.000466869,20.7087
208.8,-0.00046363,20.7087
208.85,-0.000474116,20.7087
208.9,-0.000476286,20.7087
208.95,-0.000471912,20.7086
209.0,-0.00046934,20.7086
209.05,-0.000477188,20.7086
209.1,-0.000476587,20.7086
209.15,-0.000474683,20.7085
209.2,-0.000467036,20.7085
209.25,-0.000471878,20.7085
209.3,-0.000467905,20.7085
209.35,-0.000467637,20.7085
209.4,-0.00046717,20.7084
209.45,-0.00047101,20.7084
209.5,-0.000473748,20.7084
209.55,-0.000472847,20.7084
209.6,-0.000456451,20.7083
209.65,-0.000461727,20.7083
209.7,-0.000466101,20.7083
209.75,-0.00046924,20.7083
209.8,-0.000461794,20.7082
209.85,-0.000469441,20.7082
209.9,-0.000473882,20.7082
209.95,-0.000468172,20.7082
210.0,-0.000468639,20.7082
210.05,-0.000462695,20.7081
210.1,-0.000474015,20.7081
210.15,-0.000466502,20.7081
210.2,-0.000466702,20.7081
210.25,-0.000462695,20.708
210.3,-0.000468773,20.708
210.35,-0.00045802,20.708
210.4,-0.000460859,20.708
210.45,-0.000463931,20.7079
210.5,-0.000467537,20.7079
210.55,-0.00047268,20.7079
210.6,-0.000463998,20.7079
210.65,-0.000461126,20.7078
210.7,-0.000472279,20.7078
210.75,-0.000460458,20.7078
210.8,-0.00046353,20.7078
210.85,-0.000460792,20.7078
210.9,-0.000462294,20.7077
210.95,-0.000456651,20.7077
211.0,-0.000464164,20.7077
211.05,-0.000466669,20.7077
211.1,-0.000462729,20.7076
211.15,-0.000462628,20.7076
211.2,-0.000460792,20.7076
211.25,-0.000457452,20.7076
211.3,-0.000464198,20.7075
211.35,-0.000457386,20.7075
211.4,-0.000458054,20.7075
211.45,-0.0004653,20.7075
211.5,-0.000475952,20.7075
211.55,-0.000486171,20.7074
211.6,-0.000477121,20.7074
211.65,-0.000477288,20.7074
211.7,-0.000479726,20.7074
211.75,-0.000482097,20.7073
211.8,-0.000484334,20.7073
211.85,-0.000486438,20.7073
211.9,-0.000485937,20.7073
211.95,-0.000479826,20.7072
212.0,-0.000483599,20.7072
212.05,-0.000470943,20.7072
212.1,-0.000479792,20.7072
212.15,-0.000479692,20.7071
212.2,-0.000467571,20.7071
212.25,-0.00046747,20.7071
212.3,-0.000471611,20.7071
212.35,-0.000478423,20.707
212.4,-0.000474583,20.707
212.45,-0.000473448,20.707
212.5,-0.00046934,20.707
212.55,-0.000472813,20.707
212.6,-0.000482631,20.7069
212.65,-0.000479626,20.7069
212.7,-0.00047839,20.7069
212.75,-0.000477455,20.7069
212.8,-0.000477388,20.7068
212.85,-0.000467905,20.7068
212.9,-0.000475218,20.7068
212.95,-0.000474182,20.7068
213.0,-0.000469007,20.7067
213.05,-0.000468071,20.7067
213.1,-0.000475652,20.7067
213.15,-0.000469908,20.7067
213.2,-0.000467938,20.7066
213.25,-0.000465333,20.7066
213.3,-0.000475284,20.7066
213.35,-0.000472379,20.7066
213.4,-0.000474249,20.7066
213.45,-0.000476119,20.7065
213.5,-0.000470476,20.7065
213.55,-0.000473114,20.7065
213.6,-0.000461126,20.7065
213.65,-0.000468906,20.7064
213.7,-0.000470142,20.7064
213.75,-0.000470543,20.7064
213.8,-0.000464432,20.7064
213.85,-0.00046707,20.7063
213.9,-0.000470042,20.7063
213.95,-0.000485102,20.7063
214.0,-0.00047839,20.7063
214.05,-0.000476487,20.7062
214.1,-0.00047455,20.7062
214.15,-0.000468339,20.7062
214.2,-0.000475618,20.7062
214.25,-0.000472747,20.7062
214.3,-0.000479325,20.7061
214.35,-0.000463597,20.7061
214.4,-0.000477689,20.7061
214.45,-0.000467504,20.7061
214.5,-0.000469641,20.706
214.55,-0.000472112,20.706
214.6,-0.000466569,20.706
214.65,-0.000471344,20.706
214.7,-0.00046924,20.7059
214.75,-0.000476487,20.7059
214.8,-0.000466235,20.7059
214.85,-0.000470843,20.7059
214.9,-0.000471411,20.7058
214.95,-0.000473247,20.7058
215.0,-0.000481863,20.7058
215.05,-0.000477689,20.7058
215.1,-0.000464866,20.7057
215.15,-0.000473982,20.7057
215.2,-0.000475218,20.7057
215.25,-0.000471311,20.7057
215.3,-0.000471377,20.7057
215.35,-0.000467137,20.7056
215.4,-0.000469741,20.7056
215.45,-0.000471878,20.7056
215.5,-0.00046737,20.7056
215.55,-0.000467771,20.7055
215.6,-0.000468439,20.7055
215.65,-0.000462528,20.7055
215.7,-0.000460291,20.7055
215.75,-0.000470108,20.7054
215.8,-0.000471845,20.7054
215.85,-0.000474717,20.7054
215.9,-0.000472513,20.7054
215.95,-0.00046934,20.7053
216.0,-0.000465266,20.7053
216.05,-0.00046146,20.7053
216.1,-0.000466869,20.7053
216.15,-0.000469107,20.7053
216.2,-0.000465634,20.7052
216.25,-0.000470609,20.7052
216.3,-0.000471177,20.7052
216.35,-0.000471244,20.7052
216.4,-0.000463998,20.7051
216.45,-0.000472312,20.7051
216.5,-0.000472279,20.7051
216.55,-0.000471244,20.7051
216.6,-0.000464532,20.705
216.65,-0.000462695,20.705
216.7,-0.000457352,20.705
216.75,-0.00045211,20.705
216.8,-0.000460024,20.705
216.85,-0.00046166,20.7049
216.9,-0.000453111,20.7049
216.95,-0.000458421,20.7049
217.0,-0.000453579,20.7049
217.05,-0.000458989,20.7048
217.1,-0.000467504,20.7048
217.15,-0.000475819,20.7048
217.2,-0.000471411,20.7048
217.25,-0.000471177,20.7047
217.3,-0.000465166,20.7047
217.35,-0.000471544,20.7047
217.4,-0.00047081,20.7047
217.45,-0.000471778,20.7047
217.5,-0.000475785,20.7046
217.55,-0.000476253,20.7046
217.6,-0.000476754,20.7046
217.65,-0.000476153,20.7046
217.7,-0.000465834,20.7045
217.75,-0.000465801,20.7045
217.8,-0.000469841,20.7045
217.85,-0.000472413,20.7045
217.9,-0.000467637,20.7044
217.95,-0.000466769,20.7044
218.0,-0.000462929,20.7044
218.05,-0.000465433,20.7044
218.1,-0.000461126,20.7043
218.15,-0.000457386,20.7043
218.2,-0.000456217,20.7043
218.25,-0.000465367,20.7043
218.3,-0.000464699,20.7043
218.35,-0.000466068,20.7042
218.4,-0.000462094,20.7042
218.45,-0.000465233,20.7042
218.5,-0.000466435,20.7042
218.55,-0.000469107,20.7041
218.6,-0.00047111,20.7041
218.65,-0.000476487,20.7041
218.7,-0.000473748,20.7041
218.75,-0.000472947,20.704
218.8,-0.00047642,20.704
218.85,-0.00047465,20.704
218.9,-0.000477188,20.704
218.95,-0.00047455,20.7039
219.0,-0.000476553,20.7039
219.05,-0.000479893,20.7039
219.1,-0.000481061,20.7039
219.15,-0.000471812,20.7039
219.2,-0.000478557,20.7038
219.25,-0.000482631,20.7038
219.3,-0.000478891,20.7038
219.35,-0.000484568,20.7038
219.4,-0.000488141,20.7037
219.45,-0.000486137,20.7037
219.5,-0.000488742,20.7037
219.55,-0.000482063,20.7037
219.6,-0.000488208,20.7036
219.65,-0.00048036,20.7036
219.7,-0.000480093,20.7036
219.75,-0.000492582,20.7036
219.8,-0.000482531,20.7035
219.85,-0.000481462,20.7035
219.9,-0.00048026,20.7035
219.95,-0.000484902,20.7035
220.0,-0.000484234,20.7034
220.05,-0.000483332,20.7034
220.1,-0.000479726,20.7034
220.15,-0.000479859,20.7034
220.2,-0.000480293,20.7033
220.25,-0.000486037,20.7033
220.3,-0.000483032,20.7033
220.35,-0.000486738,20.7033
220.4,-0.000479459,20.7032
220.45,-0.000477121,20.7032
220.5,-0.000477455,20.7032
220.55,-0.000479392,20.7032
220.6,-0.000477922,20.7032
220.65,-0.000477455,20.7031
220.7,-0.000483165,20.7031
220.75,-0.000470342,20.7031
220.8,-0.000474216,20.7031
220.85,-0.000475351,20.703
220.9,-0.000475385,20.703
220.95,-0.000475284,20.703
221.0,-0.000465767,20.703
221.05,-0.000465066,20.7029
221.1,-0.000462729,20.7029
221.15,-0.000463664,20.7029
221.2,-0.000463931,20.7029
221.25,-0.000463831,20.7028
221.3,-0.000460959,20.7028
221.35,-0.000459723,20.7028
221.4,-0.000466235,20.7028
221.45,-0.000465066,20.7028
221.5,-0.000467003,20.7027
221.55,-0.000463597,20.7027
221.6,-0.000458087,20.7027
221.65,-0.000474516,20.7027
221.7,-0.000468439,20.7026
221.75,-0.000471845,20.7026
221.8,-0.000470209,20.7026
221.85,-0.000466235,20.7026
221.9,-0.000470776,20.7025
221.95,-0.000460191,20.7025
222.0,-0.0004654,20.7025
222.05,-0.000470342,20.7025
222.1,-0.000468673,20.7024
222.15,-0.000474617,20.7024
222.2,-0.000468339,20.7024
222.25,-0.000464231,20.7024
222.3,-0.000454948,20.7024
222.35,-0.000448136,20.7023
222.4,-0.000455416,20.7023
222.45,-0.0004655,20.7023
222.5,-0.000475184,20.7023
222.55,-0.000465734,20.7022
222.6,-0.000459823,20.7022
222.65,-0.000457352,20.7022
222.7,-0.000466736,20.7022
222.75,-0.000467838,20.7021
222.8,-0.000463463,20.7021
222.85,-0.000470142,20.7021
222.9,-0.000468005,20.7021
222.95,-0.000476253,20.7021
223.0,-0.00046727,20.702
223.05,-0.0004652,20.702
223.1,-0.000456818,20.702
223.15,-0.000466068,20.702
223.2,-0.000467604,20.7019
223.25,-0.000463463,20.7019
223.3,-0.000458688,20.7019
223.35,-0.000457119,20.7019
223.4,-0.000459957,20.7018
223.45,-0.000453245,20.7018
223.5,-0.000447635,20.7018
223.55,-0.000447301,20.7018
223.6,-0.000451408,20.7018
223.65,-0.000449071,20.7017
223.7,-0.000449438,20.7017
223.75,-0.000454848,20.7017
223.8,-0.000453545,20.7017
223.85,-0.000454514,20.7016
223.9,-0.000460525,20.7016
223.95,-0.00045979,20.7016
224.0,-0.000467804,20.7016
224.05,-0.000464966,20.7016
224.1,-0.000464966,20.7015
224.15,-0.000468806,20.7015
224.2,-0.000461727,20.7015
224.25,-0.000459389,20.7015
224.3,-0.000458655,20.7014
224.35,-0.000452777,20.7014
224.4,-0.000458454,20.7014
224.45,-0.000460157,20.7014
224.5,-0.000451842,20.7013
224.55,-0.000445364,20.7013
224.6,-0.000457619,20.7013
224.65,-0.000449805,20.7013
224.7,-0.000453479,20.7013
224.75,-0.000456818,20.7012
224.8,-0.00045615,20.7012
224.85,-0.000459356,20.7012
224.9,-0.000459356,20.7012
224.95,-0.000454915,20.7011
225.0,-0.000447735,20.7011
225.05,-0.000453512,20.7011
225.1,-0.000460157,20.7011
225.15,-0.000468071,20.701
225.2,-0.000464432,20.701
225.25,-0.000463129,20.701
225.3,-0.000466368,20.701
225.35,-0.000465634,20.701
225.4,-0.000471979,20.7009
225.45,-0.000466602,20.7009
225.5,-0.000470943,20.7009
225.55,-0.000460091,20.7009
225.6,-0.000453712,20.7008
225.65,-0.00046884,20.7008
225.7,-0.000463263,20.7008
225.75,-0.000456351,20.7008
225.8,-0.000455282,20.7007
225.85,-0.000459656,20.7007
225.9,-0.000459055,20.7007
225.95,-0.000461493,20.7007
226.0,-0.000461092,20.7007
226.05,-0.000455282,20.7006
226.1,-0.000462896,20.7006
226.15,-0.000468339,20.7006
226.2,-0.00047465,20.7006
226.25,-0.00047101,20.7005
226.3,-0.000471177,20.7005
226.35,-0.000465634,20.7005
226.4,-0.000469942,20.7005
226.45,-0.000473381,20.7004
226.5,-0.00047288,20.7004
226.55,-0.000463831,20.7004
226.6,-0.000466235,20.7004
226.65,-0.000462395,20.7004
226.7,-0.000453779,20.7003
226.75,-0.000461961,20.7003
226.8,-0.00046373,20.7003
226.85,-0.000464866,20.7003
226.9,-0.000456584,20.7002
226.95,-0.000445498,20.7002
227.0,-0.000452544,20.7002
227.05,-0.000463263,20.7002
227.1,-0.000456517,20.7001
227.15,-0.00045034,20.7001
227.2,-0.000462829,20.7001
227.25,-0.000465033,20.7001
227.3,-0.000462996,20.7001
227.35,-0.000462729,20.7
227.4,-0.00047101,20.7
227.45,-0.000463497,20.7
227.5,-0.000467704,20.7
227.55,-0.000465834,20.6999
227.6,-0.00046747,20.6999
227.65,-0.000460558,20.6999
227.7,-0.000455649,20.6999
227.75,-0.000451041,20.6998
227.8,-0.000447401,20.6998
227.85,-0.000463029,20.6998
227.9,-0.000455482,20.6998
227.95,-0.000458655,20.6998
228.0,-0.000458855,20.6997
228.05,-0.00047101,20.6997
228.1,-0.000471745,20.6997
228.15,-0.000468372,20.6997
228.2,-0.000457686,20.6996
228.25,-0.000453111,20.6996
228.3,-0.000451976,20.6996
228.35,-0.000461326,20.6996
228.4,-0.000458488,20.6995
228.45,-0.000449238,20.6995
228.5,-0.000454113,20.6995
228.55,-0.000452544,20.6995
228.6,-0.000444129,20.6995
228.65,-0.000455449,20.6994
228.7,-0.000459055,20.6994
228.75,-0.000454848,20.6994
228.8,-0.000454147,20.6994
228.85,-0.000456785,20.6993
228.9,-0.000453278,20.6993
228.95,-0.000462395,20.6993
229.0,-0.000455749,20.6993
229.05,-0.000452477,20.6993
229.1,-0.000454481,20.6992
229.15,-0.000456618,20.6992
229.2,-0.000456618,20.6992
229.25,-0.000453245,20.6992
229.3,-0.000460892,20.6991
229.35,-0.000452677,20.6991
229.4,-0.000456317,20.6991
229.45,-0.000446934,20.6991
229.5,-0.000445898,20.699
229.55,-0.000448236,20.699
229.6,-0.000444062,20.699
229.65,-0.000455582,20.699
229.7,-0.000455148,20.699
229.75,-0.000453111,20.6989
229.8,-0.000457185,20.6989
229.85,-0.000466669,20.6989
229.9,-0.00045969,20.6989
229.95,-0.000463129,20.6988
230.0,-0.000464432,20.6988
230.05,-0.000466502,20.6988
230.1,-0.000455549,20.6988
230.15,-0.000461193,20.6987
230.2,-0.000455082,20.6987
230.25,-0.000453846,20.6987
230.3,-0.000458421,20.6987
230.35,-0.000456517,20.6987
230.4,-0.000459857,20.6986
230.45,-0.000456017,20.6986
230.5,-0.000447234,20.6986
230.55,-0.000452043,20.6986
230.6,-0.000449705,20.6985
230.65,-0.000450139,20.6985
230.7,-0.000452777,20.6985
230.75,-0.000461326,20.6985
230.8,-0.000452009,20.6985
230.85,-0.000453011,20.6984
230.9,-0.000451442,20.6984
230.95,-0.000447401,20.6984
231.0,-0.000451408,20.6984
231.05,-0.000457419,20.6983
231.1,-0.000454113,20.6983
231.15,-0.000463563,20.6983
231.2,-0.000455082,20.6983
231.25,-0.000449138,20.6982
231.3,-0.000451008,20.6982
231.35,-0.000460291,20.6982
231.4,-0.000455382,20.6982
231.45,-0.000460291,20.6982
231.5,-0.000454113,20.6981
231.55,-0.000457352,20.6981
231.6,-0.000459356,20.6981
231.65,-0.000462562,20.6981
231.7,-0.000462962,20.698
231.75,-0.000459857,20.698
231.8,-0.000457219,20.698
231.85,-0.000449338,20.698
231.9,-0.000455015,20.698
231.95,-0.000451909,20.6979
232.0,-0.000445264,20.6979
232.05,-0.000455749,20.6979
232.1,-0.00045585,20.6979
232.15,-0.000453045,20.6978
232.2,-0.000447435,20.6978
232.25,-0.000459623,20.6978
232.3,-0.000447,20.6978
232.35,-0.000455015,20.6977
232.4,-0.000466569,20.6977
232.45,-0.000462595,20.6977
232.5,-0.000456751,20.6977
232.55,-0.000456317,20.6977
232.6,-0.000460191,20.6976
232.65,-0.000453445,20.6976
232.7,-0.000450807,20.6976
232.75,-0.000458187,20.6976
232.8,-0.00044837,20.6975
232.85,-0.000447568,20.6975
232.9,-0.000442058,20.6975
232.95,-0.000441491,20.6975
233.0,-0.000435747,20.6975
233.05,-0.000439988,20.6974
233.1,-0.000445798,20.6974
233.15,-0.000443461,20.6974
233.2,-0.000438652,20.6974
233.25,-0.000438218,20.6973
233.3,-0.000439888,20.6973
233.35,-0.000442192,20.6973
233.4,-0.000449906,20.6973
233.45,-0.000450306,20.6973
233.5,-0.000445598,20.6972
233.55,-0.000455582,20.6972
233.6,-0.000455416,20.6972
233.65,-0.000452243,20.6972
233.7,-0.00044887,20.6971
233.75,-0.000456417,20.6971
233.8,-0.000457152,20.6971
233.85,-0.000450473,20.6971
233.9,-0.000455082,20.6971
233.95,-0.000452277,20.697
234.0,-0.000440455,20.697
234.05,-0.000440522,20.697
234.1,-0.000446399,20.697
234.15,-0.000444362,20.6969
234.2,-0.000441691,20.6969
234.25,-0.000446099,20.6969
234.3,-0.000444095,20.6969
234.35,-0.000444296,20.6969
234.4,-0.00044326,20.6968
234.45,-0.000449171,20.6968
234.5,-0.000437951,20.6968
234.55,-0.000440522,20.6968
234.6,-0.000435213,20.6967
234.65,-0.000427499,20.6967
234.7,-0.000421722,20.6967
234.75,-0.000435112,20.6967
234.8,-0.000444362,20.6967
234.85,-0.000440789,20.6966
234.9,-0.000444162,20.6966
234.95,-0.000443461,20.6966
235.0,-0.000439387,20.6966
235.05,-0.000451008,20.6965
235.1,-0.000444496,20.6965
235.15,-0.000451108,20.6965
235.2,-0.000452009,20.6965
235.25,-0.000455883,20.6965
235.3,-0.000444396,20.6964
235.35,-0.000445598,20.6964
235.4,-0.000441724,20.6964
235.45,-0.00043578,20.6964
235.5,-0.000449839,20.6963
235.55,-0.000449772,20.6963
235.6,-0.000445598,20.6963
235.65,-0.000436682,20.6963
235.7,-0.000447501,20.6963
235.75,-0.000454614,20.6962
235.8,-0.000456451,20.6962
235.85,-0.000456351,20.6962
235.9,-0.000449705,20.6962
235.95,-0.000451609,20.6961
236.0,-0.000444362,20.6961
236.05,-0.0004466,20.6961
236.1,-0.000445097,20.6961
236.15,-0.000443528,20.6961
236.2,-0.000449238,20.696
236.25,-0.000447101,20.696
236.3,-0.000438185,20.696
236.35,-0.000451074,20.696
236.4,-0.000455582,20.6959
236.45,-0.000453011,20.6959
236.5,-0.000456985,20.6959
236.55,-0.000456384,20.6959
236.6,-0.00045221,20.6958
236.65,-0.000448804,20.6958
236.7,-0.000451175,20.6958
236.75,-0.000452009,20.6958
236.8,-0.000451275,20.6958
236.85,-0.000447902,20.6957
236.9,-0.000453946,20.6957
236.95,-0.000450907,20.6957
237.0,-0.000441357,20.6957
237.05,-0.000443928,20.6956
237.1,-0.000438285,20.6956
237.15,-0.000439854,20.6956
237.2,-0.00044326,20.6956
237.25,-0.000440656,20.6956
237.3,-0.00044129,20.6955
237.35,-0.000446733,20.6955
237.4,-0.00044139,20.6955
237.45,-0.000444362,20.6955
237.5,-0.000445097,20.6954
237.55,-0.000451108,20.6954
237.6,-0.000453312,20.6954
237.65,-0.000456083,20.6954
237.7,-0.000458922,20.6954
237.75,-0.000455148,20.6953
237.8,-0.000465066,20.6953
237.85,-0.000457987,20.6953
237.9,-0.000459757,20.6953
237.95,-0.000464164,20.6952
238.0,-0.00045979,20.6952
238.05,-0.000454213,20.6952
238.1,-0.000454213,20.6952
238.15,-0.00045398,20.6952
238.2,-0.000453278,20.6951
238.25,-0.000459022,20.6951
238.3,-0.000457386,20.6951
238.35,-0.000455916,20.6951
238.4,-0.000459222,20.695
238.45,-0.000464465,20.695
238.5,-0.000460224,20.695
238.55,-0.000464799,20.695
238.6,-0.00045585,20.6949
238.65,-0.000460591,20.6949
238.7,-0.000455315,20.6949
238.75,-0.000451475,20.6949
238.8,-0.000444028,20.6949
238.85,-0.000452744,20.6948
238.9,-0.000458989,20.6948
238.95,-0.000474116,20.6948
239.0,-0.000460024,20.6948
239.05,-0.000455883,20.6947
239.1,-0.000447568,20.6947
239.15,-0.000451041,20.6947
239.2,-0.000445064,20.6947
239.25,-0.000447902,20.6946
239.3,-0.000453779,20.6946
239.35,-0.000455549,20.6946
239.4,-0.000456885,20.6946
239.45,-0.000455883,20.6946
239.5,-0.000453145,20.6945
239.55,-0.000456117,20.6945
239.6,-0.000459456,20.6945
239.65,-0.000454714,20.6945
239.7,-0.00044867,20.6944
239.75,-0.000457452,20.6944
239.8,-0.000452009,20.6944
239.85,-0.000452711,20.6944
239.9,-0.000451308,20.6944
239.95,-0.000455749,20.6943
240.0,-0.000461326,20.6943
240.05,-0.000456351,20.6943
240.1,-0.000453045,20.6943
240.15,-0.000458855,20.6942
240.2,-0.00045408,20.6942
240.25,-0.000457452,20.6942
240.3,-0.000462228,20.6942
240.35,-0.00045772,20.6941
240.4,-0.000459623,20.6941
240.45,-0.000454347,20.6941
240.5,-0.000463964,20.6941
240.55,-0.000454514,20.6941
240.6,-0.000454013,20.694
240.65,-0.000457686,20.694
240.7,-0.000447034,20.694
240.75,-0.000450373,20.694
240.8,-0.000455783,20.6939
240.85,-0.000462495,20.6939
240.9,-0.000468005,20.6939
240.95,-0.000465834,20.6939
241.0,-0.000460692,20.6938
241.05,-0.000467103,20.6938
241.1,-0.000460091,20.6938
241.15,-0.000462361,20.6938
241.2,-0.000458354,20.6938
241.25,-0.000458922,20.6937
241.3,-0.000465266,20.6937
241.35,-0.000472079,20.6937
241.4,-0.00046373,20.6937
241.45,-0.000463964,20.6936
241.5,-0.000458354,20.6936
241.55,-0.000459289,20.6936
241.6,-0.000465133,20.6936
241.65,-0.000464766,20.6935
241.7,-0.000462762,20.6935
241.75,-0.000457686,20.6935
241.8,-0.000457887,20.6935
241.85,-0.000457185,20.6935
241.9,-0.00046176,20.6934
241.95,-0.000457753,20.6934
242.0,-0.000454848,20.6934
242.05,-0.000456451,20.6934
242.1,-0.000454614,20.6933
242.15,-0.000447401,20.6933
242.2,-0.000449805,20.6933
242.25,-0.000449705,20.6933
242.3,-0.000451074,20.6933
242.35,-0.000448603,20.6932
242.4,-0.000449505,20.6932
242.45,-0.000460825,20.6932
242.5,-0.000454915,20.6932
242.55,-0.000453278,20.6931
242.6,-0.000451008,20.6931
242.65,-0.000447401,20.6931
242.7,-0.000447268,20.6931
242.75,-0.000460925,20.693
242.8,-0.000457452,20.693
242.85,-0.000449238,20.693
242.9,-0.000455148,20.693
242.95,-0.000460057,20.693
243.0,-0.000453245,20.6929
243.05,-0.000453846,20.6929
243.1,-0.000461627,20.6929
243.15,-0.000463196,20.6929
243.2,-0.000460124,20.6928
243.25,-0.000455048,20.6928
243.3,-0.000469441,20.6928
243.35,-0.000457018,20.6928
243.4,-0.000456785,20.6928
243.45,-0.000460658,20.6927
243.5,-0.000452343,20.6927
243.55,-0.000452878,20.6927
243.6,-0.000453712,20.6927
243.65,-0.00045064,20.6926
243.7,-0.000451909,20.6926
243.75,-0.000449405,20.6926
243.8,-0.000445331,20.6926
243.85,-0.000445364,20.6925
243.9,-0.000451742,20.6925
243.95,-0.000458521,20.6925
244.0,-0.00044847,20.6925
244.05,-0.000456584,20.6925
244.1,-0.000464398,20.6924
244.15,-0.000462161,20.6924
244.2,-0.000451675,20.6924
244.25,-0.000457452,20.6924
244.3,-0.000459623,20.6923
244.35,-0.000453579,20.6923
244.4,-0.000455683,20.6923
244.45,-0.000447869,20.6923
244.5,-0.000451909,20.6923
244.55,-0.000457052,20.6922
244.6,-0.000449939,20.6922
244.65,-0.000448203,20.6922
244.7,-0.000442993,20.6922
244.75,-0.000450941,20.6921
244.8,-0.000446099,20.6921
244.85,-0.000440789,20.6921
244.9,-0.000440723,20.6921
244.95,-0.000449872,20.6921
245.0,-0.000443695,20.692
245.05,-0.000443027,20.692
245.1,-0.000452143,20.692
245.15,-0.000444797,20.692
245.2,-0.000442793,20.6919
245.25,-0.0004466,20.6919
245.3,-0.000445565,20.6919
245.35,-0.000444162,20.6919
245.4,-0.000444763,20.6919
245.45,-0.000440155,20.6918
245.5,-0.000437049,20.6918
245.55,-0.00044296,20.6918
245.6,-0.000440789,20.6918
245.65,-0.000447501,20.6917
245.7,-0.000446266,20.6917
245.75,-0.00044887,20.6917
245.8,-0.000443194,20.6917
245.85,-0.000451342,20.6917
245.9,-0.000442259,20.6916
245.95,-0.000445932,20.6916
246.0,-0.000444362,20.6916
246.05,-0.000449906,20.6916
246.1,-0.000456584,20.6915
246.15,-0.00044887,20.6915
246.2,-0.000453312,20.6915
246.25,-0.000452644,20.6915
246.3,-0.000448002,20.6914
246.35,-0.00045408,20.6914
246.4,-0.000449438,20.6914
246.45,-0.000447334,20.6914
246.5,-0.000451909,20.6914
246.55,-0.000453846,20.6913
246.6,-0.000458488,20.6913
246.65,-0.000453646,20.6913
246.7,-0.000453779,20.6913
246.75,-0.000439954,20.6912
246.8,-0.000445498,20.6912
246.85,-0.0004466,20.6912
246.9,-0.000455215,20.6912
246.95,-0.000456117,20.6912
247.0,-0.000452444,20.6911
247.05,-0.000453111,20.6911
247.1,-0.000457786,20.6911
247.15,-0.000456451,20.6911
247.2,-0.000458588,20.691
247.25,-0.000465667,20.691
247.3,-0.000458454,20.691
247.35,-0.000453245,20.691
247.4,-0.000456584,20.691
247.45,-0.00045792,20.6909
247.5,-0.000459222,20.6909
247.55,-0.00045615,20.6909
247.6,-0.000460358,20.6909
247.65,-0.000453345,20.6908
247.7,-0.000462261,20.6908
247.75,-0.00045428,20.6908
247.8,-0.000451943,20.6908
247.85,-0.000455282,20.6907
247.9,-0.000453579,20.6907
247.95,-0.000467303,20.6907
248.0,-0.000462361,20.6907
248.05,-0.000453646,20.6907
248.1,-0.000450473,20.6906
248.15,-0.000455082,20.6906
248.2,-0.000462361,20.6906
248.25,-0.000452277,20.6906
248.3,-0.000450373,20.6905
248.35,-0.000455182,20.6905
248.4,-0.000461493,20.6905
248.45,-0.000457452,20.6905
248.5,-0.00044463,20.6904
248.55,-0.000458354,20.6904
248.6,-0.000462562,20.6904
248.65,-0.000449538,20.6904
248.7,-0.000454481,20.6904
248.75,-0.000462862,20.6903
248.8,-0.000464599,20.6903
248.85,-0.000467137,20.6903
248.9,-0.000460057,20.6903
248.95,-0.00046904,20.6902
249.0,-0.000456818,20.6902
249.05,-0.000458588,20.6902
249.1,-0.000462528,20.6902
249.15,-0.000457887,20.6901
249.2,-0.000457519,20.6901
249.25,-0.000459823,20.6901
249.3,-0.00046136,20.6901
249.35,-0.000458788,20.6901
249.4,-0.00046166,20.69
249.45,-0.000451041,20.69
249.5,-0.00045782,20.69
249.55,-0.000455148,20.69
249.6,-0.000453913,20.6899
249.65,-0.000461627,20.6899
249.7,-0.000454981,20.6899
249.75,-0.000453813,20.6899
249.8,-0.000454981,20.6899
249.85,-0.000460324,20.6898
249.9,-0.00046333,20.6898
249.95,-0.000465033,20.6898
250.0,-0.000461059,20.6898
250.05,-0.000465701,20.6897
250.1,-0.000459857,20.6897
250.15,-0.000462528,20.6897
250.2,-0.000459924,20.6897
250.25,-0.000454814,20.6896
250.3,-0.000456584,20.6896
250.35,-0.000446566,20.6896
250.4,-0.000465033,20.6896
250.45,-0.000460658,20.6896
250.5,-0.000457887,20.6895
250.55,-0.000456718,20.6895
250.6,-0.00045211,20.6895
250.65,-0.000456517,20.6895
250.7,-0.000456584,20.6894
250.75,-0.000457085,20.6894
250.8,-0.000456985,20.6894
250.85,-0.000447334,20.6894
250.9,-0.000446065,20.6893
250.95,-0.000452944,20.6893
251.0,-0.000445898,20.6893
251.05,-0.00045261,20.6893
251.1,-0.000449071,20.6893
251.15,-0.00044326,20.6892
251.2,-0.000453679,20.6892
251.25,-0.000442125,20.6892
251.3,-0.000442325,20.6892
251.35,-0.000448303,20.6891
251.4,-0.000443427,20.6891
251.45,-0.000444963,20.6891
251.5,-0.000442058,20.6891
251.55,-0.000440823,20.6891
251.6,-0.000448804,20.689
251.65,-0.000443361,20.689
251.7,-0.000448203,20.689
251.75,-0.000451876,20.689
251.8,-0.000450206,20.6889
251.85,-0.000450907,20.6889
251.9,-0.000457887,20.6889
251.95,-0.000454848,20.6889
252.0,-0.000445765,20.6889
252.05,-0.000451208,20.6888
252.1,-0.000445898,20.6888
252.15,-0.000453779,20.6888
252.2,-0.000451108,20.6888
252.25,-0.000456751,20.6887
252.3,-0.000447702,20.6887
252.35,-0.000451408,20.6887
252.4,-0.000447334,20.6887
252.45,-0.000455983,20.6887
252.5,-0.000446466,20.6886
252.55,-0.000451408,20.6886
252.6,-0.000454013,20.6886
252.65,-0.000452777,20.6886
252.7,-0.000451108,20.6885
252.75,-0.000456818,20.6885
252.8,-0.00044877,20.6885
252.85,-0.000451208,20.6885
252.9,-0.000449505,20.6884
252.95,-0.000454814,20.6884
253.0,-0.000450841,20.6884
253.05,-0.000443361,20.6884
253.1,-0.000449204,20.6884
253.15,-0.000446566,20.6883
253.2,-0.000443461,20.6883
253.25,-0.000433443,20.6883
253.3,-0.000440489,20.6883
253.35,-0.000428634,20.6882
253.4,-0.000433242,20.6882
253.45,-0.000434077,20.6882
253.5,-0.000438218,20.6882
253.55,-0.000437517,20.6882
253.6,-0.000430204,20.6881
253.65,-0.000439721,20.6881
253.7,-0.000434812,20.6881
253.75,-0.000426831,20.6881
253.8,-0.000438919,20.6881
253.85,-0.000444362,20.688
253.9,-0.00044877,20.688
253.95,-0.00044887,20.688
254.0,-0.000450874,20.688
254.05,-0.0004467,20.6879
254.1,-0.00044276,20.6879
254.15,-0.000439353,20.6879
254.2,-0.00043174,20.6879
254.25,-0.000440188,20.6879
254.3,-0.000447,20.6878
254.35,-0.00045261,20.6878
254.4,-0.00044503,20.6878
254.45,-0.000453913,20.6878
254.5,-0.00044513,20.6877
254.55,-0.00045772,20.6877
254.6,-0.000453779,20.6877
254.65,-0.000452711,20.6877
254.7,-0.000450206,20.6877
254.75,-0.000447969,20.6876
254.8,-0.000449672,20.6876
254.85,-0.000455549,20.6876
254.9,-0.00045261,20.6876
254.95,-0.000456952,20.6875
255.0,-0.000452944,20.6875
255.05,-0.000445598,20.6875
255.1,-0.000455883,20.6875
255.15,-0.00045044,20.6874
255.2,-0.000460191,20.6874
255.25,-0.000452477,20.6874
255.3,-0.000456217,20.6874
255.35,-0.000445631,20.6874
255.4,-0.000459022,20.6873
255.45,-0.000458488,20.6873
255.5,-0.000458554,20.6873
255.55,-0.000454113,20.6873
255.6,-0.000457085,20.6872
255.65,-0.000449705,20.6872
255.7,-0.000445264,20.6872
255.75,-0.000450941,20.6872
255.8,-0.00045074,20.6872
255.85,-0.000452911,20.6871
255.9,-0.000455082,20.6871
255.95,-0.000457352,20.6871
256.0,-0.00046156,20.6871
256.05,-0.000455883,20.687
256.1,-0.000459055,20.687
256.15,-0.000453646,20.687
256.2,-0.000453712,20.687
256.25,-0.000459924,20.6869
256.3,-0.000459656,20.6869
256.35,-0.000466268,20.6869
256.4,-0.000466201,20.6869
256.45,-0.000455683,20.6869
256.5,-0.000454414,20.6868
256.55,-0.000454547,20.6868
256.6,-0.000451542,20.6868
256.65,-0.000458955,20.6868
256.7,-0.00044847,20.6867
256.75,-0.000445832,20.6867
256.8,-0.000456284,20.6867
256.85,-0.000452644,20.6867
256.9,-0.000458087,20.6867
256.95,-0.000454213,20.6866
257.0,-0.000460057,20.6866
257.05,-0.000459389,20.6866
257.1,-0.000453178,20.6866
257.15,-0.000460558,20.6865
257.2,-0.000460658,20.6865
257.25,-0.000466636,20.6865
257.3,-0.000451943,20.6865
257.35,-0.000442993,20.6864
257.4,-0.000449305,20.6864
257.45,-0.00045024,20.6864
257.5,-0.000450039,20.6864
257.55,-0.000452477,20.6864
257.6,-0.000448837,20.6863
257.65,-0.000452076,20.6863
257.7,-0.000450206,20.6863
257.75,-0.000446533,20.6863
257.8,-0.000439921,20.6862
257.85,-0.000436515,20.6862
257.9,-0.000450674,20.6862
257.95,-0.000451475,20.6862
258.0,-0.000447668,20.6862
258.05,-0.000454414,20.6861
258.1,-0.000453178,20.6861
258.15,-0.000454948,20.6861
258.2,-0.000449939,20.6861
258.25,-0.000450407,20.686
258.3,-0.000449405,20.686
258.35,-0.000441324,20.686
258.4,-0.0004467,20.686
258.45,-0.000445665,20.686
258.5,-0.000446399,20.6859
258.55,-0.000455015,20.6859
258.6,-0.000449772,20.6859
258.65,-0.000455549,20.6859
258.7,-0.000453813,20.6858
258.75,-0.000446399,20.6858
258.8,-0.000447535,20.6858
258.85,-0.00045034,20.6858
258.9,-0.000450807,20.6857
258.95,-0.000452444,20.6857
259.0,-0.000447101,20.6857
259.05,-0.000447935,20.6857
259.1,-0.000446299,20.6857
259.15,-0.000445097,20.6856
259.2,-0.000449171,20.6856
259.25,-0.000455215,20.6856
259.3,-0.00046353,20.6856
259.35,-0.00046343,20.6855
259.4,-0.000456584,20.6855
259.45,-0.000458721,20.6855
259.5,-0.000462495,20.6855
259.55,-0.000457953,20.6855
259.6,-0.000443027,20.6854
259.65,-0.000449405,20.6854
259.7,-0.000445731,20.6854
259.75,-0.0004467,20.6854
259.8,-0.000444296,20.6853
259.85,-0.000447835,20.6853
259.9,-0.000456117,20.6853
259.95,-0.000451175,20.6853
260.0,-0.000449305,20.6853
260.05,-0.000446333,20.6852
260.1,-0.000448136,20.6852
260.15,-0.000435747,20.6852
260.2,-0.000437149,20.6852
260.25,-0.000442659,20.6851
260.3,-0.000427599,20.6851
260.35,-0.000437851,20.6851
260.4,-0.000436014,20.6851
260.45,-0.00043174,20.6851
260.5,-0.000439687,20.685
260.55,-0.000446867,20.685
260.6,-0.000450039,20.685
260.65,-0.000449772,20.685
260.7,-0.000446834,20.6849
260.75,-0.000448203,20.6849
260.8,-0.000444329,20.6849
260.85,-0.000445231,20.6849
260.9,-0.000449171,20.6849
260.95,-0.000447935,20.6848
261.0,-0.000441958,20.6848
261.05,-0.000459189,20.6848
261.1,-0.000447368,20.6848
261.15,-0.000451709,20.6847
261.2,-0.000447435,20.6847
261.25,-0.000443661,20.6847
261.3,-0.00044139,20.6847
261.35,-0.000455683,20.6847
261.4,-0.000464866,20.6846
261.45,-0.000465767,20.6846
261.5,-0.000457753,20.6846
261.55,-0.000460491,20.6846
261.6,-0.000451742,20.6845
261.65,-0.0004651,20.6845
261.7,-0.000465901,20.6845
261.75,-0.00045969,20.6845
261.8,-0.000461426,20.6844
261.85,-0.000466168,20.6844
261.9,-0.000465868,20.6844
261.95,-0.000456217,20.6844
262.0,-0.000451074,20.6844
262.05,-0.000447601,20.6843
262.1,-0.000448403,20.6843
262.15,-0.000456684,20.6843
262.2,-0.000449071,20.6843
262.25,-0.00046146,20.6842
262.3,-0.000456785,20.6842
262.35,-0.000444229,20.6842
262.4,-0.00045438,20.6842
262.45,-0.000453445,20.6841
262.5,-0.00045989,20.6841
262.55,-0.00045438,20.6841
262.6,-0.000457052,20.6841
262.65,-0.000453445,20.6841
262.7,-0.000448737,20.684
262.75,-0.000459723,20.684
262.8,-0.000455315,20.684
262.85,-0.000449271,20.684
262.9,-0.000451575,20.6839
262.95,-0.000449505,20.6839
263.0,-0.000447134,20.6839
263.05,-0.000446834,20.6839
263.1,-0.000443561,20.6839
263.15,-0.000449104,20.6838
263.2,-0.000448002,20.6838
263.25,-0.000453312,20.6838
263.3,-0.000443861,20.6838
263.35,-0.000439186,20.6837
263.4,-0.000441557,20.6837
263.45,-0.000454614,20.6837
263.5,-0.000437918,20.6837
263.55,-0.000452644,20.6837
263.6,-0.000444296,20.6836
263.65,-0.0004467,20.6836
263.7,-0.000448804,20.6836
263.75,-0.000450874,20.6836
263.8,-0.000438686,20.6835
263.85,-0.000442259,20.6835
263.9,-0.000441557,20.6835
263.95,-0.000454481,20.6835
264.0,-0.000456484,20.6835
264.05,-0.000446733,20.6834
264.1,-0.000441357,20.6834
264.15,-0.000434979,20.6834
264.2,-0.0004467,20.6834
264.25,-0.000447902,20.6833
264.3,-0.000440622,20.6833
264.35,-0.000454213,20.6833
264.4,-0.000452377,20.6833
264.45,-0.000458187,20.6833
264.5,-0.000449271,20.6832
264.55,-0.000454347,20.6832
264.6,-0.000455983,20.6832
264.65,-0.000451175,20.6832
264.7,-0.000454647,20.6831
264.75,-0.000452811,20.6831
264.8,-0.00045211,20.6831
264.85,-0.000462328,20.6831
264.9,-0.000456317,20.683
264.95,-0.000456017,20.683
265.0,-0.000454314,20.683
265.05,-0.000465333,20.683
265.1,-0.00046373,20.683
265.15,-0.000459757,20.6829
265.2,-0.000456451,20.6829
265.25,-0.000457419,20.6829
265.3,-0.000442158,20.6829
265.35,-0.000453445,20.6828
265.4,-0.000449672,20.6828
265.45,-0.000456284,20.6828
265.5,-0.00045979,20.6828
265.55,-0.000455416,20.6828
265.6,-0.000453679,20.6827
265.65,-0.000449638,20.6827
265.7,-0.000451241,20.6827
265.75,-0.000441324,20.6827
265.8,-0.000452644,20.6826
265.85,-0.000454748,20.6826
265.9,-0.000456317,20.6826
265.95,-0.000447702,20.6826
266.0,-0.000454748,20.6825
266.05,-0.000459389,20.6825
266.1,-0.000447334,20.6825
266.15,-0.000455749,20.6825
266.2,-0.000441791,20.6825
266.25,-0.000445398,20.6824
266.3,-0.000445598,20.6824
266.35,-0.000453646,20.6824
266.4,-0.000453178,20.6824
266.45,-0.000455749,20.6823
266.5,-0.000455249,20.6823
266.55,-0.000451342,20.6823
266.6,-0.000451342,20.6823
266.65,-0.000443728,20.6823
266.7,-0.000451575,20.6822
266.75,-0.000450273,20.6822
266.8,-0.000449872,20.6822
266.85,-0.00045034,20.6822
266.9,-0.000455249,20.6821
266.95,-0.000461627,20.6821
267.0,-0.000458588,20.6821
267.05,-0.000464265,20.6821
267.1,-0.00046333,20.6821
267.15,-0.000464532,20.682
267.2,-0.000452878,20.682
267.25,-0.000468673,20.682
267.3,-0.000468873,20.682
267.35,-0.000452844,20.6819
267.4,-0.000459957,20.6819
267.45,-0.000460792,20.6819
267.5,-0.000455282,20.6819
267.55,-0.000448937,20.6818
267.6,-0.000442593,20.6818
267.65,-0.000447134,20.6818
267.7,-0.00045251,20.6818
267.75,-0.000455048,20.6818
267.8,-0.000450907,20.6817
267.85,-0.000447268,20.6817
267.9,-0.000448036,20.6817
267.95,-0.000450039,20.6817
268.0,-0.000446666,20.6816
268.05,-0.00045034,20.6816
268.1,-0.000453545,20.6816
268.15,-0.000453479,20.6816
268.2,-0.000451675,20.6816
268.25,-0.00044326,20.6815
268.3,-0.00044857,20.6815
268.35,-0.000447301,20.6815
268.4,-0.000447034,20.6815
268.45,-0.000445832,20.6814
268.5,-0.000447601,20.6814
268.55,-0.000438719,20.6814
268.6,-0.000435947,20.6814
268.65,-0.000447902,20.6814
268.7,-0.000438051,20.6813
268.75,-0.000448503,20.6813
268.8,-0.000457586,20.6813
268.85,-0.000458554,20.6813
268.9,-0.000458855,20.6812
268.95,-0.000453879,20.6812
269.0,-0.000453846,20.6812
269.05,-0.000452811,20.6812
269.1,-0.000458321,20.6811
269.15,-0.000452176,20.6811
269.2,-0.000457319,20.6811
269.25,-0.00045989,20.6811
269.3,-0.000459857,20.6811
269.35,-0.000459556,20.681
269.4,-0.00045241,20.681
269.45,-0.000448904,20.681
269.5,-0.000449739,20.681
269.55,-0.000465433,20.6809
269.6,-0.000455649,20.6809
269.65,-0.000457352,20.6809
269.7,-0.000457319,20.6809
269.75,-0.000456985,20.6808
269.8,-0.000457219,20.6808
269.85,-0.000465467,20.6808
269.9,-0.000466435,20.6808
269.95,-0.000471044,20.6808
270.0,-0.000475685,20.6807
270.05,-0.000470843,20.6807
270.1,-0.000464565,20.6807
270.15,-0.000457953,20.6807
270.2,-0.000457987,20.6806
270.25,-0.00044887,20.6806
270.3,-0.000448436,20.6806
270.35,-0.00046353,20.6806
270.4,-0.000463764,20.6805
270.45,-0.000457286,20.6805
270.5,-0.000455716,20.6805
270.55,-0.000458721,20.6805
270.6,-0.000456317,20.6805
270.65,-0.000456818,20.6804
270.7,-0.000462128,20.6804
270.75,-0.000457987,20.6804
270.8,-0.000462829,20.6804
270.85,-0.000457085,20.6803
270.9,-0.000456918,20.6803
270.95,-0.000460959,20.6803
271.0,-0.000461259,20.6803
271.05,-0.000458454,20.6803
271.1,-0.00046333,20.6802
271.15,-0.000458187,20.6802
271.2,-0.000457987,20.6802
271.25,-0.000457152,20.6802
271.3,-0.000454581,20.6801
271.35,-0.00045959,20.6801
271.4,-0.000455115,20.6801
271.45,-0.000458454,20.6801
271.5,-0.00046707,20.68
271.55,-0.000462061,20.68
271.6,-0.000458621,20.68
271.65,-0.00045261,20.68
271.7,-0.000457753,20.68
271.75,-0.000464098,20.6799
271.8,-0.000463931,20.6799
271.85,-0.000456117,20.6799
271.9,-0.000456017,20.6799
271.95,-0.000459389,20.6798
272.0,-0.000451275,20.6798
272.05,-0.000458989,20.6798
272.1,-0.00045969,20.6798
272.15,-0.000462729,20.6797
272.2,-0.000462896,20.6797
272.25,-0.000461827,20.6797
272.3,-0.000469441,20.6797
272.35,-0.000461026,20.6797
272.4,-0.00046353,20.6796
272.45,-0.000456918,20.6796
272.5,-0.000454247,20.6796
272.55,-0.00045044,20.6796
272.6,-0.000450106,20.6795
272.65,-0.000452711,20.6795
272.7,-0.000456184,20.6795
272.75,-0.000462862,20.6795
272.8,-0.000469574,20.6794
272.85,-0.000457653,20.6794
272.9,-0.000452343,20.6794
272.95,-0.00045605,20.6794
273.0,-0.000456751,20.6794
273.05,-0.000454647,20.6793
273.1,-0.000454347,20.6793
273.15,-0.000445698,20.6793
273.2,-0.000452444,20.6793
273.25,-0.000454447,20.6792
273.3,-0.000455015,20.6792
273.35,-0.000459556,20.6792
273.4,-0.000461693,20.6792
273.45,-0.000461493,20.6792
273.5,-0.000461059,20.6791
273.55,-0.000471144,20.6791
273.6,-0.000469274,20.6791
273.65,-0.000453879,20.6791
273.7,-0.000451375,20.679
273.75,-0.000445665,20.679
273.8,-0.000455048,20.679
273.85,-0.000458454,20.679
273.9,-0.000453312,20.6789
273.95,-0.000459656,20.6789
274.0,-0.000450173,20.6789
274.05,-0.00045054,20.6789
274.1,-0.000459489,20.6789
274.15,-0.000459723,20.6788
274.2,-0.000457319,20.6788
274.25,-0.000450473,20.6788
274.3,-0.000453813,20.6788
274.35,-0.000460191,20.6787
274.4,-0.000460959,20.6787
274.45,-0.00046333,20.6787
274.5,-0.000455683,20.6787
274.55,-0.000460191,20.6786
274.6,-0.000459256,20.6786
274.65,-0.000448336,20.6786
274.7,-0.000452844,20.6786
274.75,-0.000456751,20.6786
274.8,-0.0004467,20.6785
274.85,-0.000449171,20.6785
274.9,-0.000449071,20.6785
274.95,-0.000454581,20.6785
275.0,-0.000452343,20.6784
275.05,-0.000450206,20.6784
275.1,-0.000444062,20.6784
275.15,-0.000445231,20.6784
275.2,-0.000449638,20.6784
275.25,-0.000451375,20.6783
275.3,-0.000451342,20.6783
275.35,-0.000453078,20.6783
275.4,-0.000457319,20.6783
275.45,-0.000451008,20.6782
275.5,-0.00045782,20.6782
275.55,-0.000449071,20.6782
275.6,-0.000453312,20.6782
275.65,-0.000463029,20.6782
275.7,-0.00045261,20.6781
275.75,-0.000449405,20.6781
275.8,-0.000458989,20.6781
275.85,-0.000462061,20.6781
275.9,-0.000451943,20.678
275.95,-0.000451509,20.678
276.0,-0.000451074,20.678
276.05,-0.000451475,20.678
276.1,-0.000450774,20.6779
276.15,-0.000451909,20.6779
276.2,-0.000443327,20.6779
276.25,-0.000441925,20.6779
276.3,-0.000456818,20.6779
276.35,-0.000454314,20.6778
276.4,-0.000461393,20.6778
276.45,-0.000448937,20.6778
276.5,-0.000449772,20.6778
276.55,-0.000444195,20.6777
276.6,-0.000449906,20.6777
276.65,-0.000455082,20.6777
276.7,-0.000456351,20.6777
276.75,-0.000462695,20.6777
276.8,-0.000466569,20.6776
276.85,-0.000466268,20.6776
276.9,-0.000463831,20.6776
276.95,-0.000475752,20.6776
277.0,-0.000471244,20.6775
277.05,-0.0004651,20.6775
277.1,-0.000464799,20.6775
277.15,-0.000473181,20.6775
277.2,-0.000467404,20.6774
277.25,-0.000466702,20.6774
277.3,-0.000461526,20.6774
277.35,-0.000460792,20.6774
277.4,-0.000462795,20.6774
277.45,-0.000464265,20.6773
277.5,-0.000457152,20.6773
277.55,-0.000458621,20.6773
277.6,-0.000461927,20.6773
277.65,-0.000463831,20.6772
277.7,-0.000474784,20.6772
277.75,-0.000477889,20.6772
277.8,-0.000482464,20.6772
277.85,-0.000473047,20.6771
277.9,-0.000464432,20.6771
277.95,-0.00047288,20.6771
278.0,-0.000462328,20.6771
278.05,-0.000457286,20.677
278.1,-0.000457686,20.677
278.15,-0.000459757,20.677
278.2,-0.00045064,20.677
278.25,-0.0004656,20.677
278.3,-0.000464198,20.6769
278.35,-0.00046333,20.6769
278.4,-0.000463897,20.6769
278.45,-0.000458287,20.6769
278.5,-0.00047101,20.6768
278.55,-0.000460692,20.6768
278.6,-0.000460558,20.6768
278.65,-0.000470643,20.6768
278.7,-0.000462829,20.6767
278.75,-0.000451876,20.6767
278.8,-0.000453646,20.6767
278.85,-0.000459456,20.6767
278.9,-0.000466769,20.6767
278.95,-0.000461727,20.6766
279.0,-0.000455416,20.6766
279.05,-0.000449004,20.6766
279.1,-0.000448837,20.6766
279.15,-0.000449271,20.6765
279.2,-0.000454981,20.6765
279.25,-0.00045261,20.6765
279.3,-0.000445297,20.6765
279.35,-0.00044513,20.6765
279.4,-0.000446266,20.6764
279.45,-0.000445765,20.6764
279.5,-0.00045064,20.6764
279.55,-0.000458822,20.6764
279.6,-0.000455249,20.6763
279.65,-0.000456718,20.6763
279.7,-0.000454981,20.6763
279.75,-0.000457185,20.6763
279.8,-0.000458888,20.6762
279.85,-0.000465868,20.6762
279.9,-0.000463563,20.6762
279.95,-0.000459055,20.6762
280.0,-0.000456718,20.6762
280.05,-0.000453646,20.6761
280.1,-0.000459323,20.6761
280.15,-0.000462762,20.6761
280.2,-0.000453545,20.6761
280.25,-0.000457386,20.676
280.3,-0.000461059,20.676
280.35,-0.000456017,20.676
280.4,-0.00045231,20.676
280.45,-0.000460191,20.6759
280.5,-0.000456985,20.6759
280.55,-0.000453913,20.6759
280.6,-0.00045595,20.6759
280.65,-0.000453178,20.6759
280.7,-0.000447768,20.6758
280.75,-0.00046176,20.6758
280.8,-0.000463296,20.6758
280.85,-0.000455148,20.6758
280.9,-0.000453212,20.6757
280.95,-0.000454447,20.6757
281.0,-0.000444663,20.6757
281.05,-0.000445064,20.6757
281.1,-0.000444262,20.6757
281.15,-0.000447568,20.6756
281.2,-0.000459623,20.6756
281.25,-0.000449438,20.6756
281.3,-0.000446867,20.6756
281.35,-0.000450707,20.6755
281.4,-0.000449104,20.6755
281.45,-0.000458254,20.6755
281.5,-0.000464031,20.6755
281.55,-0.000460424,20.6755
281.6,-0.000457419,20.6754
281.65,-0.000459823,20.6754
281.7,-0.000459055,20.6754
281.75,-0.000450139,20.6754
281.8,-0.000449605,20.6753
281.85,-0.00045054,20.6753
281.9,-0.000451909,20.6753
281.95,-0.000451175,20.6753
282.0,-0.000457619,20.6752
282.05,-0.000458588,20.6752
282.1,-0.00046747,20.6752
282.15,-0.000456751,20.6752
282.2,-0.000453245,20.6752
282.25,-0.000445398,20.6751
282.3,-0.000454915,20.6751
282.35,-0.000466101,20.6751
282.4,-0.000463129,20.6751
282.45,-0.000456651,20.675
282.5,-0.000460925,20.675
282.55,-0.000457185,20.675
282.6,-0.000459089,20.675
282.65,-0.000463797,20.6749
282.7,-0.000461159,20.6749
282.75,-0.000468405,20.6749
282.8,-0.000469975,20.6749
282.85,-0.000458521,20.6749
282.9,-0.000457419,20.6748
282.95,-0.000460024,20.6748
283.0,-0.000472546,20.6748
283.05,-0.000464599,20.6748
283.1,-0.000461493,20.6747
283.15,-0.000457185,20.6747
283.2,-0.000462662,20.6747
283.25,-0.000464766,20.6747
283.3,-0.000466936,20.6746
283.35,-0.000473247,20.6746
283.4,-0.000470242,20.6746
283.45,-0.00047849,20.6746
283.5,-0.000474984,20.6746
283.55,-0.000469608,20.6745
283.6,-0.000467905,20.6745
283.65,-0.000462061,20.6745
283.7,-0.000462729,20.6745
283.75,-0.000464231,20.6744
283.8,-0.000465868,20.6744
283.85,-0.000470676,20.6744
283.9,-0.00046747,20.6744
283.95,-0.000468572,20.6743
284.0,-0.000463229,20.6743
284.05,-0.000466736,20.6743
284.1,-0.000454314,20.6743
284.15,-0.000465968,20.6742
284.2,-0.000466736,20.6742
284.25,-0.000460658,20.6742
284.3,-0.000467971,20.6742
284.35,-0.000455683,20.6742
284.4,-0.000455148,20.6741
284.45,-0.000456184,20.6741
284.5,-0.000448537,20.6741
284.55,-0.000455616,20.6741
284.6,-0.000453212,20.674
284.65,-0.000451208,20.674
284.7,-0.000451442,20.674
284.75,-0.000453445,20.674
284.8,-0.000457052,20.674
284.85,-0.000444129,20.6739
284.9,-0.000440055,20.6739
284.95,-0.000443695,20.6739
285.0,-0.000449138,20.6739
285.05,-0.000447768,20.6738
285.1,-0.00045221,20.6738
285.15,-0.000443795,20.6738
285.2,-0.000447702,20.6738
285.25,-0.000446666,20.6738
285.3,-0.000438752,20.6737
285.35,-0.00044286,20.6737
285.4,-0.000455015,20.6737
285.45,-0.000453078,20.6737
285.5,-0.000454347,20.6736
285.55,-0.000449238,20.6736
285.6,-0.000448436,20.6736
285.65,-0.000447969,20.6736
285.7,-0.000448102,20.6735
285.75,-0.000452711,20.6735
285.8,-0.000447735,20.6735
285.85,-0.00045408,20.6735
285.9,-0.000453913,20.6735
285.95,-0.000452377,20.6734
286.0,-0.000452143,20.6734
286.05,-0.000453412,20.6734
286.1,-0.000453278,20.6734
286.15,-0.000450306,20.6733
286.2,-0.000452644,20.6733
286.25,-0.00044463,20.6733
286.3,-0.000433877,20.6733
286.35,-0.000447835,20.6733
286.4,-0.00045979,20.6732
286.45,-0.000455416,20.6732
286.5,-0.00045024,20.6732
286.55,-0.000453813,20.6732
286.6,-0.000452043,20.6731
286.65,-0.000447668,20.6731
286.7,-0.000455416,20.6731
286.75,-0.000456985,20.6731
286.8,-0.000454514,20.6731
286.85,-0.000453545,20.673
286.9,-0.000449238,20.673
286.95,-0.000455449,20.673
287.0,-0.000456818,20.673
287.05,-0.000456751,20.6729
287.1,-0.000452711,20.6729
287.15,-0.000450774,20.6729
287.2,-0.000452076,20.6729
287.25,-0.000444496,20.6728
287.3,-0.000439554,20.6728
287.35,-0.000439721,20.6728
287.4,-0.000434111,20.6728
287.45,-0.000448804,20.6728
287.5,-0.000439954,20.6727
287.55,-0.000440756,20.6727
287.6,-0.000446967,20.6727
287.65,-0.000456985,20.6727
287.7,-0.000446232,20.6726
287.75,-0.000445431,20.6726
287.8,-0.000442593,20.6726
287.85,-0.000436815,20.6726
287.9,-0.000441658,20.6726
287.95,-0.000443594,20.6725
288.0,-0.000436047,20.6725
288.05,-0.000440723,20.6725
288.1,-0.000452444,20.6725
288.15,-0.000436515,20.6725
288.2,-0.000438686,20.6724
288.25,-0.000447134,20.6724
288.3,-0.000442359,20.6724
288.35,-0.000445398,20.6724
288.4,-0.000448269,20.6723
288.45,-0.000453946,20.6723
288.5,-0.000442192,20.6723
288.55,-0.00044109,20.6723
288.6,-0.000432575,20.6723
288.65,-0.000442025,20.6722
288.7,-0.000436014,20.6722
288.75,-0.000442726,20.6722
288.8,-0.000440956,20.6722
288.85,-0.000441424,20.6721
288.9,-0.000432575,20.6721
288.95,-0.000440723,20.6721
289.0,-0.000434645,20.6721
289.05,-0.00044286,20.6721
289.1,-0.000441624,20.672
289.15,-0.000446366,20.672
289.2,-0.000436682,20.672
289.25,-0.000436815,20.672
289.3,-0.00043765,20.6719
289.35,-0.000430137,20.6719
289.4,-0.000436114,20.6719
289.45,-0.000440255,20.6719
289.5,-0.000441223,20.6719
289.55,-0.00043371,20.6718
289.6,-0.00043912,20.6718
289.65,-0.00043568,20.6718
289.7,-0.000435279,20.6718
289.75,-0.000442025,20.6717
289.8,-0.000441557,20.6717
289.85,-0.000437417,20.6717
289.9,-0.000443561,20.6717
289.95,-0.000434812,20.6717
290.0,-0.000429536,20.6716
290.05,-0.000438452,20.6716
290.1,-0.000440255,20.6716
290.15,-0.000439353,20.6716
290.2,-0.000445498,20.6716
290.25,-0.0004468,20.6715
290.3,-0.000446232,20.6715
290.35,-0.000442659,20.6715
290.4,-0.000440355,20.6715
290.45,-0.000447034,20.6714
290.5,-0.000445064,20.6714
290.55,-0.000445665,20.6714
290.6,-0.000439353,20.6714
290.65,-0.000436148,20.6714
290.7,-0.000432508,20.6713
290.75,-0.000432808,20.6713
290.8,-0.000435012,20.6713
290.85,-0.000429235,20.6713
290.9,-0.000437417,20.6712
290.95,-0.000436882,20.6712
291.0,-0.000430671,20.6712
291.05,-0.000443494,20.6712
291.1,-0.000435613,20.6712
291.15,-0.000443861,20.6711
291.2,-0.000443995,20.6711
291.25,-0.000440589,20.6711
291.3,-0.000442158,20.6711
291.35,-0.000443093,20.671
291.4,-0.000437684,20.671
291.45,-0.000441123,20.671
291.5,-0.0004466,20.671
291.55,-0.000436582,20.671
291.6,-0.000439654,20.6709
291.65,-0.000442559,20.6709
291.7,-0.000445665,20.6709
291.75,-0.000441824,20.6709
291.8,-0.000439754,20.6708
291.85,-0.000433777,20.6708
291.9,-0.000432742,20.6708
291.95,-0.000438585,20.6708
292.0,-0.000438552,20.6708
292.05,-0.000434011,20.6707
292.1,-0.00043391,20.6707
292.15,-0.0004283,20.6707
292.2,-0.000434445,20.6707
292.25,-0.00042456,20.6707
292.3,-0.000425395,20.6706
292.35,-0.000420787,20.6706
292.4,-0.000420386,20.6706
292.45,-0.000423492,20.6706
292.5,-0.000435012,20.6705
292.55,-0.000438752,20.6705
292.6,-0.00044276,20.6705
292.65,-0.000442559,20.6705
292.7,-0.000443895,20.6705
292.75,-0.000440355,20.6704
292.8,-0.000432074,20.6704
292.85,-0.000436448,20.6704
292.9,-0.000438151,20.6704
292.95,-0.000447,20.6703
293.0,-0.000442158,20.6703
293.05,-0.000437049,20.6703
293.1,-0.000430137,20.6703
293.15,-0.000438619,20.6703
293.2,-0.00043932,20.6702
293.25,-0.000437383,20.6702
293.3,-0.000428835,20.6702
293.35,-0.000438251,20.6702
293.4,-0.000437016,20.6701
293.45,-0.000435146,20.6701
293.5,-0.000439854,20.6701
293.55,-0.000440923,20.6701
293.6,-0.000439821,20.6701
293.65,-0.000447869,20.67
293.7,-0.000455182,20.67
293.75,-0.000443327,20.67
293.8,-0.00044129,20.67
293.85,-0.000435313,20.67
293.9,-0.000435413,20.6699
293.95,-0.000435213,20.6699
294.0,-0.00043558,20.6699
294.05,-0.000434645,20.6699
294.1,-0.000429235,20.6698
294.15,-0.000433276,20.6698
294.2,-0.000431072,20.6698
294.25,-0.00042997,20.6698
294.3,-0.000426597,20.6698
294.35,-0.000430271,20.6697
294.4,-0.000423492,20.6697
294.45,-0.000428868,20.6697
294.5,-0.000438218,20.6697
294.55,-0.000433042,20.6696
294.6,-0.000440255,20.6696
294.65,-0.000445965,20.6696
294.7,-0.00044296,20.6696
294.75,-0.000432708,20.6696
294.8,-0.000436749,20.6695
294.85,-0.000436649,20.6695
294.9,-0.000439788,20.6695
294.95,-0.000433009,20.6695
295.0,-0.000436949,20.6695
295.05,-0.000428968,20.6694
295.1,-0.000433944,20.6694
295.15,-0.000434011,20.6694
295.2,-0.000439988,20.6694
295.25,-0.000433309,20.6693
295.3,-0.000429603,20.6693
295.35,-0.000429736,20.6693
295.4,-0.000438151,20.6693
295.45,-0.000433944,20.6693
295.5,-0.000430504,20.6692
295.55,-0.000425028,20.6692
295.6,-0.000425863,20.6692
295.65,-0.000431773,20.6692
295.7,-0.000422256,20.6691
295.75,-0.000432241,20.6691
295.8,-0.000429469,20.6691
295.85,-0.000424059,20.6691
295.9,-0.000421688,20.6691
295.95,-0.000436448,20.669
296.0,-0.000434812,20.669
296.05,-0.000429335,20.669
296.1,-0.000430271,20.669
296.15,-0.000433142,20.669
296.2,-0.000439186,20.6689
296.25,-0.000442158,20.6689
296.3,-0.0004466,20.6689
296.35,-0.00043922,20.6689
296.4,-0.000440255,20.6688
296.45,-0.000439387,20.6688
296.5,-0.000439253,20.6688
296.55,-0.000438452,20.6688
296.6,-0.000446566,20.6688
296.65,-0.000432775,20.6687
296.7,-0.000438552,20.6687
296.75,-0.000441925,20.6687
296.8,-0.000440489,20.6687
296.85,-0.000442593,20.6686
296.9,-0.000448436,20.6686
296.95,-0.000445932,20.6686
297.0,-0.0004468,20.6686
297.05,-0.000435814,20.6686
297.1,-0.000439821,20.6685
297.15,-0.000434511,20.6685
297.2,-0.000441958,20.6685
297.25,-0.000437817,20.6685
297.3,-0.00043381,20.6684
297.35,-0.000432842,20.6684
297.4,-0.000441658,20.6684
297.45,-0.000434712,20.6684
297.5,-0.000437417,20.6684
297.55,-0.000441758,20.6683
297.6,-0.000449939,20.6683
297.65,-0.000440021,20.6683
297.7,-0.000448637,20.6683
297.75,-0.000451108,20.6683
297.8,-0.00044837,20.6682
297.85,-0.000448737,20.6682
297.9,-0.000441791,20.6682
297.95,-0.000433343,20.6682
298.0,-0.000435747,20.6681
298.05,-0.000443661,20.6681
298.1,-0.000441991,20.6681
298.15,-0.000436315,20.6681
298.2,-0.000434311,20.6681
298.25,-0.000441157,20.668
298.3,-0.000438886,20.668
298.35,-0.000442593,20.668
298.4,-0.000447268,20.668
298.45,-0.000450407,20.6679
298.5,-0.000442693,20.6679
298.55,-0.000444429,20.6679
298.6,-0.000447435,20.6679
298.65,-0.000445598,20.6679
298.7,-0.000449405,20.6678
298.75,-0.000439353,20.6678
298.8,-0.000437717,20.6678
298.85,-0.0004467,20.6678
298.9,-0.000439788,20.6677
298.95,-0.000444195,20.6677
299.0,-0.000443427,20.6677
299.05,-0.000459122,20.6677
299.1,-0.000448336,20.6677
299.15,-0.000439988,20.6676
299.2,-0.000438852,20.6676
299.25,-0.000439621,20.6676
299.3,-0.000450674,20.6676
299.35,-0.00045211,20.6675
299.4,-0.000450273,20.6675
299.45,-0.000452978,20.6675
299.5,-0.000444863,20.6675
299.55,-0.000450507,20.6674
299.6,-0.000447034,20.6674
299.65,-0.000443461,20.6674
299.7,-0.00044286,20.6674
299.75,-0.00044276,20.6674
299.8,-0.000441123,20.6673
299.85,-0.000432808,20.6673
299.9,-0.000440789,20.6673
299.95,-0.000439253,20.6673
300.0,-0.00044837,20.6673
300.05,-0.000445765,20.6672
300.1,-0.000443093,20.6672
300.15,-0.000451108,20.6672
300.2,-0.000449271,20.6672
300.25,-0.000454447,20.6671
300.3,-0.000446666,20.6671
300.35,-0.000447635,20.6671
300.4,-0.000449605,20.6671
300.45,-0.000446967,20.667
300.5,-0.000446199,20.667
300.55,-0.000451442,20.667
300.6,-0.000442726,20.667
300.65,-0.000441925,20.667
300.7,-0.00045231,20.6669
300.75,-0.000451575,20.6669
300.8,-0.000444863,20.6669
300.85,-0.000445565,20.6669
300.9,-0.000449839,20.6668
300.95,-0.00045034,20.6668
301.0,-0.000446032,20.6668
301.05,-0.000452644,20.6668
301.1,-0.00045251,20.6668
301.15,-0.000445565,20.6667
301.2,-0.000451776,20.6667
301.25,-0.000453512,20.6667
301.3,-0.000452009,20.6667
301.35,-0.000443728,20.6666
301.4,-0.000447201,20.6666
301.45,-0.000448069,20.6666
301.5,-0.000445731,20.6666
301.55,-0.000437383,20.6666
301.6,-0.000443895,20.6665
301.65,-0.000440355,20.6665
301.7,-0.0004469,20.6665
301.75,-0.000453679,20.6665
301.8,-0.000457119,20.6664
301.85,-0.000448904,20.6664
301.9,-0.000449204,20.6664
301.95,-0.000447568,20.6664
302.0,-0.000442426,20.6664
302.05,-0.000445999,20.6663
302.1,-0.000446032,20.6663
302.15,-0.000442426,20.6663
302.2,-0.000445531,20.6663
302.25,-0.000445898,20.6662
302.3,-0.000447668,20.6662
302.35,-0.000447869,20.6662
302.4,-0.000442359,20.6662
302.45,-0.000439988,20.6662
302.5,-0.000436181,20.6661
302.55,-0.00043391,20.6661
302.6,-0.000442325,20.6661
302.65,-0.000446566,20.6661
302.7,-0.000453212,20.666
302.75,-0.000445498,20.666
302.8,-0.000442793,20.666
302.85,-0.000440789,20.666
302.9,-0.00044857,20.666
302.95,-0.000442559,20.6659
303.0,-0.00044119,20.6659
303.05,-0.000447101,20.6659
303.1,-0.000447969,20.6659
303.15,-0.000441357,20.6658
303.2,-0.000438752,20.6658
303.25,-0.000445498,20.6658
303.3,-0.000445765,20.6658
303.35,-0.00044857,20.6658
303.4,-0.000453445,20.6657
303.45,-0.000460558,20.6657
303.5,-0.00045054,20.6657
303.55,-0.000444362,20.6657
303.6,-0.000451375,20.6656
303.65,-0.000440255,20.6656
303.7,-0.000437584,20.6656
303.75,-0.000447368,20.6656
303.8,-0.000442459,20.6656
303.85,-0.000439854,20.6655
303.9,-0.000445865,20.6655
303.95,-0.000442492,20.6655
304.0,-0.000443861,20.6655
304.05,-0.000449438,20.6654
304.1,-0.000438285,20.6654
304.15,-0.000438385,20.6654
304.2,-0.000434678,20.6654
304.25,-0.000438986,20.6654
304.3,-0.000440522,20.6653
304.35,-0.000431406,20.6653
304.4,-0.000438819,20.6653
304.45,-0.000438886,20.6653
304.5,-0.000438352,20.6652
304.55,-0.000440088,20.6652
304.6,-0.000433977,20.6652
304.65,-0.000434511,20.6652
304.7,-0.000437083,20.6652
304.75,-0.000443194,20.6651
304.8,-0.000439554,20.6651
304.85,-0.000439888,20.6651
304.9,-0.000442259,20.6651
304.95,-0.00044306,20.665
305.0,-0.000442225,20.665
305.05,-0.000434478,20.665
305.1,-0.000448937,20.665
305.15,-0.000442693,20.665
305.2,-0.000437851,20.6649
305.25,-0.000437517,20.6649
305.3,-0.000443995,20.6649
305.35,-0.000435947,20.6649
305.4,-0.000436982,20.6649
305.45,-0.000439086,20.6648
305.5,-0.000441324,20.6648
305.55,-0.000447735,20.6648
305.6,-0.00045211,20.6648
305.65,-0.000438819,20.6647
305.7,-0.000445631,20.6647
305.75,-0.000437483,20.6647
305.8,-0.000430638,20.6647
305.85,-0.000447368,20.6647
305.9,-0.000444763,20.6646
305.95,-0.000449538,20.6646
306.0,-0.000443093,20.6646
306.05,-0.000441691,20.6646
306.1,-0.000436381,20.6645
306.15,-0.000441491,20.6645
306.2,-0.000438418,20.6645
306.25,-0.000441624,20.6645
306.3,-0.000450473,20.6645
306.35,-0.000443728,20.6644
306.4,-0.000457352,20.6644
306.45,-0.000451141,20.6644
306.5,-0.00045408,20.6644
306.55,-0.000443795,20.6643
306.6,-0.000446166,20.6643
306.65,-0.000448203,20.6643
306.7,-0.000451074,20.6643
306.75,-0.000448203,20.6643
306.8,-0.000458755,20.6642
306.85,-0.000452878,20.6642
306.9,-0.00045024,20.6642
306.95,-0.000452544,20.6642
307.0,-0.000460625,20.6641
307.05,-0.000451108,20.6641
307.1,-0.000454013,20.6641
307.15,-0.00045782,20.6641
307.2,-0.000456117,20.664
307.25,-0.000451742,20.664
307.3,-0.000447802,20.664
307.35,-0.000444897,20.664
307.4,-0.000438452,20.664
307.45,-0.00044837,20.6639
307.5,-0.000445097,20.6639
307.55,-0.000449405,20.6639
307.6,-0.000449705,20.6639
307.65,-0.000449739,20.6638
307.7,-0.000447435,20.6638
307.75,-0.000443494,20.6638
307.8,-0.000441457,20.6638
307.85,-0.000448236,20.6638
307.9,-0.000449438,20.6637
307.95,-0.000440756,20.6637
308.0,-0.000435947,20.6637
308.05,-0.000435747,20.6637
308.1,-0.000444262,20.6636
308.15,-0.000439687,20.6636
308.2,-0.000436982,20.6636
308.25,-0.000426631,20.6636
308.3,-0.000444663,20.6636
308.35,-0.000443695,20.6635
308.4,-0.000440021,20.6635
308.45,-0.000445464,20.6635
308.5,-0.000434278,20.6635
308.55,-0.000443594,20.6634
308.6,-0.000439621,20.6634
308.65,-0.000436181,20.6634
308.7,-0.000450941,20.6634
308.75,-0.000444362,20.6634
308.8,-0.000450306,20.6633
308.85,-0.000451976,20.6633
308.9,-0.000441591,20.6633
308.95,-0.000447034,20.6633
309.0,-0.000450941,20.6632
309.05,-0.000442593,20.6632
309.1,-0.000439253,20.6632
309.15,-0.000446299,20.6632
309.2,-0.00043578,20.6632
309.25,-0.000438118,20.6631
309.3,-0.000429302,20.6631
309.35,-0.000438819,20.6631
309.4,-0.000440622,20.6631
309.45,-0.000446099,20.663
309.5,-0.000443093,20.663
309.55,-0.000436715,20.663
309.6,-0.000444797,20.663
309.65,-0.000433576,20.663
309.7,-0.000435112,20.6629
309.75,-0.000430337,20.6629
309.8,-0.000428167,20.6629
309.85,-0.000432541,20.6629
309.9,-0.000438385,20.6629
309.95,-0.000429636,20.6628
310.0,-0.000428467,20.6628
310.05,-0.000428367,20.6628
310.1,-0.000428467,20.6628
310.15,-0.000430938,20.6627
310.2,-0.000431539,20.6627
310.25,-0.000442659,20.6627
310.3,-0.000443194,20.6627
310.35,-0.000440789,20.6627
310.4,-0.000428901,20.6626
310.45,-0.000423759,20.6626
310.5,-0.000427566,20.6626
310.55,-0.000442993,20.6626
310.6,-0.000437417,20.6625
310.65,-0.000430872,20.6625
310.7,-0.000428634,20.6625
310.75,-0.000424493,20.6625
310.8,-0.000432007,20.6625
310.85,-0.000430504,20.6624
310.9,-0.000429603,20.6624
310.95,-0.000430404,20.6624
311.0,-0.00042416,20.6624
311.05,-0.000428935,20.6624
311.1,-0.000432708,20.6623
311.15,-0.000437016,20.6623
311.2,-0.000430872,20.6623
311.25,-0.000437617,20.6623
311.3,-0.00044119,20.6622
311.35,-0.000442158,20.6622
311.4,-0.000445598,20.6622
311.45,-0.000444563,20.6622
311.5,-0.000450473,20.6622
311.55,-0.000450173,20.6621
311.6,-0.000453712,20.6621
311.65,-0.000444496,20.6621
311.7,-0.000440489,20.6621
311.75,-0.0004469,20.662
311.8,-0.000442559,20.662
311.85,-0.000445765,20.662
311.9,-0.000444095,20.662
311.95,-0.00044493,20.662
312.0,-0.000439019,20.6619
312.05,-0.000446333,20.6619
312.1,-0.000444696,20.6619
312.15,-0.000443628,20.6619
312.2,-0.000436381,20.6618
312.25,-0.000443895,20.6618
312.3,-0.000450507,20.6618
312.35,-0.000438886,20.6618
312.4,-0.000429068,20.6618
312.45,-0.000440556,20.6617
312.5,-0.000445331,20.6617
312.55,-0.000439153,20.6617
312.6,-0.000440322,20.6617
312.65,-0.00043922,20.6616
312.7,-0.000440889,20.6616
312.75,-0.000445698,20.6616
312.8,-0.000442392,20.6616
312.85,-0.000451809,20.6616
312.9,-0.00044306,20.6615
312.95,-0.000443127,20.6615
313.0,-0.000435513,20.6615
313.05,-0.00043942,20.6615
313.1,-0.000445698,20.6614
313.15,-0.000449138,20.6614
313.2,-0.000439086,20.6614
313.25,-0.000438652,20.6614
313.3,-0.000435847,20.6614
313.35,-0.000440723,20.6613
313.4,-0.00043942,20.6613
313.45,-0.0004466,20.6613
313.5,-0.00043755,20.6613
313.55,-0.000445531,20.6613
313.6,-0.000447234,20.6612
313.65,-0.00043952,20.6612
313.7,-0.000440723,20.6612
313.75,-0.00043381,20.6612
313.8,-0.000434779,20.6611
313.85,-0.00043755,20.6611
313.9,-0.000442392,20.6611
313.95,-0.000443528,20.6611
314.0,-0.000444129,20.6611
314.05,-0.000445064,20.661
314.1,-0.000434879,20.661
314.15,-0.000432842,20.661
314.2,-0.000433309,20.661
314.25,-0.000426564,20.6609
314.3,-0.000431907,20.6609
314.35,-0.000427165,20.6609
314.4,-0.000431139,20.6609
314.45,-0.000426597,20.6609
314.5,-0.000432408,20.6608
314.55,-0.000434111,20.6608
314.6,-0.000428734,20.6608
314.65,-0.00042062,20.6608
314.7,-0.00042977,20.6608
314.75,-0.000438652,20.6607
314.8,-0.000437149,20.6607
314.85,-0.000433109,20.6607
314.9,-0.00044326,20.6607
314.95,-0.000426297,20.6606
315.0,-0.000435146,20.6606
315.05,-0.000438385,20.6606
315.1,-0.000435213,20.6606
315.15,-0.00043371,20.6606
315.2,-0.000436381,20.6605
315.25,-0.000426965,20.6605
315.3,-0.000429302,20.6605
315.35,-0.000423191,20.6605
315.4,-0.000427632,20.6604
315.45,-0.000425161,20.6604
315.5,-0.000426831,20.6604
315.55,-0.000428768,20.6604
315.6,-0.00043017,20.6604
315.65,-0.000432107,20.6603
315.7,-0.000438986,20.6603
315.75,-0.000444963,20.6603
315.8,-0.000437918,20.6603
315.85,-0.00043371,20.6603
315.9,-0.000428634,20.6602
315.95,-0.000433176,20.6602
316.0,-0.00043017,20.6602
316.05,-0.000430104,20.6602
316.1,-0.000432708,20.6601
316.15,-0.000433743,20.6601
316.2,-0.000435012,20.6601
316.25,-0.000429335,20.6601
316.3,-0.000440121,20.6601
316.35,-0.000441491,20.66
316.4,-0.00044129,20.66
316.45,-0.000435814,20.66
316.5,-0.000441457,20.66
316.55,-0.000432241,20.6599
316.6,-0.000439621,20.6599
316.65,-0.000442492,20.6599
316.7,-0.000440055,20.6599
316.75,-0.000443561,20.6599
316.8,-0.000439788,20.6598
316.85,-0.000427866,20.6598
316.9,-0.000435079,20.6598
316.95,-0.000440389,20.6598
317.0,-0.000439988,20.6598
317.05,-0.00043932,20.6597
317.1,-0.000446666,20.6597
317.15,-0.000442259,20.6597
317.2,-0.00043942,20.6597
317.25,-0.000441658,20.6596
317.3,-0.000444696,20.6596
317.35,-0.000439287,20.6596
317.4,-0.000443227,20.6596
317.45,-0.000450574,20.6596
317.5,-0.000446733,20.6595
317.55,-0.000440956,20.6595
317.6,-0.000449271,20.6595
317.65,-0.000446065,20.6595
317.7,-0.000439988,20.6594
317.75,-0.000439754,20.6594
317.8,-0.000445464,20.6594
317.85,-0.000439287,20.6594
317.9,-0.000429035,20.6594
317.95,-0.000439687,20.6593
318.0,-0.000443294,20.6593
318.05,-0.000445364,20.6593
318.1,-0.00044099,20.6593
318.15,-0.000447735,20.6592
318.2,-0.00044483,20.6592
318.25,-0.00045261,20.6592
318.3,-0.000443728,20.6592
318.35,-0.000441958,20.6592
318.4,-0.00044296,20.6591
318.45,-0.000436649,20.6591
318.5,-0.000432909,20.6591
318.55,-0.000428835,20.6591
318.6,-0.000438084,20.659
318.65,-0.000441858,20.659
318.7,-0.000446299,20.659
318.75,-0.000447101,20.659
318.8,-0.000445197,20.659
318.85,-0.000447368,20.6589
318.9,-0.000444863,20.6589
318.95,-0.000443427,20.6589
319.0,-0.000442926,20.6589
319.05,-0.000441858,20.6588
319.1,-0.000450574,20.6588
319.15,-0.000449672,20.6588
319.2,-0.000455549,20.6588
319.25,-0.000447401,20.6588
319.3,-0.000440789,20.6587
319.35,-0.000434612,20.6587
319.4,-0.000444997,20.6587
319.45,-0.000442993,20.6587
319.5,-0.000437951,20.6586
319.55,-0.000437617,20.6586
319.6,-0.000439454,20.6586
319.65,-0.00044139,20.6586
319.7,-0.000444463,20.6586
319.75,-0.00043164,20.6585
319.8,-0.000430972,20.6585
319.85,-0.000436415,20.6585
319.9,-0.000435981,20.6585
319.95,-0.000429469,20.6584
320.0,-0.000435012,20.6584
320.05,-0.00045034,20.6584
320.1,-0.000446232,20.6584
320.15,-0.000442893,20.6584
320.2,-0.000448102,20.6583
320.25,-0.000446533,20.6583
320.3,-0.000442158,20.6583
320.35,-0.000445631,20.6583
320.4,-0.000443928,20.6582
320.45,-0.000440656,20.6582
320.5,-0.000435714,20.6582
320.55,-0.000439888,20.6582
320.6,-0.000442526,20.6582
320.65,-0.000443628,20.6581
320.7,-0.000444763,20.6581
320.75,-0.000446533,20.6581
320.8,-0.000439587,20.6581
320.85,-0.00043351,20.658
320.9,-0.00043922,20.658
320.95,-0.00043725,20.658
321.0,-0.00043578,20.658
321.05,-0.000437316,20.658
321.1,-0.000427399,20.6579
321.15,-0.000439487,20.6579
321.2,-0.000448269,20.6579
321.25,-0.000439587,20.6579
321.3,-0.000441324,20.6579
321.35,-0.000438218,20.6578
321.4,-0.000451208,20.6578
321.45,-0.000450306,20.6578
321.5,-0.000450974,20.6578
321.55,-0.000452711,20.6577
321.6,-0.000452277,20.6577
321.65,-0.000452243,20.6577
321.7,-0.000454514,20.6577
321.75,-0.000446767,20.6576
321.8,-0.000446433,20.6576
321.85,-0.000448236,20.6576
321.9,-0.000451842,20.6576
321.95,-0.000456351,20.6576
322.0,-0.000455616,20.6575
322.05,-0.000463697,20.6575
322.1,-0.000457887,20.6575
322.15,-0.000457486,20.6575
322.2,-0.00045074,20.6574
322.25,-0.00045044,20.6574
322.3,-0.00045969,20.6574
322.35,-0.000454748,20.6574
322.4,-0.000447635,20.6574
322.45,-0.000454213,20.6573
322.5,-0.000443761,20.6573
322.55,-0.000446967,20.6573
322.6,-0.000456284,20.6573
322.65,-0.000448002,20.6572
322.7,-0.000445898,20.6572
322.75,-0.00044483,20.6572
322.8,-0.000454213,20.6572
322.85,-0.000455048,20.6572
322.9,-0.000458154,20.6571
322.95,-0.000450774,20.6571
323.0,-0.000445932,20.6571
323.05,-0.000445765,20.6571
323.1,-0.000441557,20.657
323.15,-0.000435613,20.657
323.2,-0.000436248,20.657
323.25,-0.000435981,20.657
323.3,-0.000441424,20.657
323.35,-0.000443895,20.6569
323.4,-0.000446466,20.6569
323.45,-0.000443528,20.6569
323.5,-0.000442058,20.6569
323.55,-0.000443861,20.6568
323.6,-0.000441056,20.6568
323.65,-0.000448904,20.6568
323.7,-0.000442793,20.6568
323.75,-0.000442092,20.6568
323.8,-0.000448169,20.6567
323.85,-0.000441891,20.6567
323.9,-0.000440622,20.6567
323.95,-0.000440723,20.6567
324.0,-0.000440222,20.6566
324.05,-0.00043164,20.6566
324.1,-0.000432975,20.6566
324.15,-0.000443194,20.6566
324.2,-0.000434545,20.6566
324.25,-0.000432975,20.6565
324.3,-0.000438652,20.6565
324.35,-0.000429202,20.6565
324.4,-0.000433242,20.6565
324.45,-0.000445431,20.6564
324.5,-0.000448169,20.6564
324.55,-0.00045074,20.6564
324.6,-0.000446633,20.6564
324.65,-0.000442893,20.6564
324.7,-0.000435947,20.6563
324.75,-0.000438986,20.6563
324.8,-0.000441056,20.6563
324.85,-0.000443093,20.6563
324.9,-0.000441123,20.6562
324.95,-0.000437584,20.6562
325.0,-0.000442726,20.6562
325.05,-0.000434278,20.6562
325.1,-0.000440556,20.6562
325.15,-0.000445898,20.6561
325.2,-0.000448603,20.6561
325.25,-0.000450173,20.6561
325.3,-0.00044099,20.6561
325.35,-0.000442593,20.656
325.4,-0.000456584,20.656
325.45,-0.000449906,20.656
325.5,-0.00045034,20.656
325.55,-0.000458721,20.656
325.6,-0.000450974,20.6559
325.65,-0.000460792,20.6559
325.7,-0.000457753,20.6559
325.75,-0.000454781,20.6559
325.8,-0.000464799,20.6558
325.85,-0.00045615,20.6558
325.9,-0.00045241,20.6558
325.95,-0.000451776,20.6558
326.0,-0.000451642,20.6558
326.05,-0.000446967,20.6557
326.1,-0.000453445,20.6557
326.15,-0.000442826,20.6557
326.2,-0.00045024,20.6557
326.25,-0.000448603,20.6556
326.3,-0.000443461,20.6556
326.35,-0.000449839,20.6556
326.4,-0.000445264,20.6556
326.45,-0.000457119,20.6556
326.5,-0.000452343,20.6555
326.55,-0.000453312,20.6555
326.6,-0.000450306,20.6555
326.65,-0.000460258,20.6555
326.7,-0.000457553,20.6554
326.75,-0.000464298,20.6554
326.8,-0.000457386,20.6554
326.85,-0.00044276,20.6554
326.9,-0.000451275,20.6553
326.95,-0.000453078,20.6553
327.0,-0.000447969,20.6553
327.05,-0.000452777,20.6553
327.1,-0.000450874,20.6553
327.15,-0.000455282,20.6552
327.2,-0.000439821,20.6552
327.25,-0.00043745,20.6552
327.3,-0.000434779,20.6552
327.35,-0.000437784,20.6551
327.4,-0.000444162,20.6551
327.45,-0.000444696,20.6551
327.5,-0.000449305,20.6551
327.55,-0.000441324,20.6551
327.6,-0.000443127,20.655
327.65,-0.000443327,20.655
327.7,-0.00044099,20.655
327.75,-0.00044463,20.655
327.8,-0.000441424,20.6549
327.85,-0.000444897,20.6549
327.9,-0.000444095,20.6549
327.95,-0.000441491,20.6549
328.0,-0.000443427,20.6549
328.05,-0.000448436,20.6548
328.1,-0.000440689,20.6548
328.15,-0.000447234,20.6548
328.2,-0.000440556,20.6548
328.25,-0.000436415,20.6547
328.3,-0.000434077,20.6547
328.35,-0.000439721,20.6547
328.4,-0.000435046,20.6547
328.45,-0.00044139,20.6547
328.5,-0.000446566,20.6546
328.55,-0.000446199,20.6546
328.6,-0.000449204,20.6546
328.65,-0.000432808,20.6546
328.7,-0.000440689,20.6545
328.75,-0.000434344,20.6545
328.8,-0.000447635,20.6545
328.85,-0.000440689,20.6545
328.9,-0.00043912,20.6545
328.95,-0.000437049,20.6544
329.0,-0.000434712,20.6544
329.05,-0.000440923,20.6544
329.1,-0.000434011,20.6544
329.15,-0.000445665,20.6544
329.2,-0.000436515,20.6543
329.25,-0.000440055,20.6543
329.3,-0.000444596,20.6543
329.35,-0.000441557,20.6543
329.4,-0.000437316,20.6542
329.45,-0.00043952,20.6542
329.5,-0.000440355,20.6542
329.55,-0.00043932,20.6542
329.6,-0.000429937,20.6542
329.65,-0.000423759,20.6541
329.7,-0.000423859,20.6541
329.75,-0.000433276,20.6541
329.8,-0.000437617,20.6541
329.85,-0.000448203,20.654
329.9,-0.000441624,20.654
329.95,-0.000434511,20.654
330.0,-0.000438886,20.654
330.05,-0.000431539,20.654
330.1,-0.000431205,20.6539
330.15,-0.000429335,20.6539
330.2,-0.000436315,20.6539
330.25,-0.000435413,20.6539
330.3,-0.000434578,20.6538
330.35,-0.000431105,20.6538
330.4,-0.000432909,20.6538
330.45,-0.000427699,20.6538
330.5,-0.000433576,20.6538
330.55,-0.000435346,20.6537
330.6,-0.000435847,20.6537
330.65,-0.000443795,20.6537
330.7,-0.000430404,20.6537
330.75,-0.000434745,20.6537
330.8,-0.000443861,20.6536
330.85,-0.000444095,20.6536
330.9,-0.00043558,20.6536
330.95,-0.000424961,20.6536
331.0,-0.000432842,20.6535
331.05,-0.00042446,20.6535
331.1,-0.000425195,20.6535
331.15,-0.000421889,20.6535
331.2,-0.000424226,20.6535
331.25,-0.000434612,20.6534
331.3,-0.000424126,20.6534
331.35,-0.000425128,20.6534
331.4,-0.000422423,20.6534
331.45,-0.0004284,20.6534
331.5,-0.000418182,20.6533
331.55,-0.000423859,20.6533
331.6,-0.000425028,20.6533
331.65,-0.000424827,20.6533
331.7,-0.000424594,20.6532
331.75,-0.000437851,20.6532
331.8,-0.000433844,20.6532
331.85,-0.000437083,20.6532
331.9,-0.000438218,20.6532
331.95,-0.000438385,20.6531
332.0,-0.000429669,20.6531
332.05,-0.000430805,20.6531
332.1,-0.000439587,20.6531
332.15,-0.000449872,20.653
332.2,-0.000441157,20.653
332.25,-0.000440823,20.653
332.3,-0.000435613,20.653
332.35,-0.000434044,20.653
332.4,-0.000433343,20.6529
332.45,-0.000431105,20.6529
332.5,-0.000425629,20.6529
332.55,-0.000433142,20.6529
332.6,-0.000425428,20.6529
332.65,-0.000430337,20.6528
332.7,-0.000422757,20.6528
332.75,-0.000428133,20.6528
332.8,-0.00042239,20.6528
332.85,-0.000422557,20.6527
332.9,-0.000430805,20.6527
332.95,-0.000430671,20.6527
333.0,-0.00043765,20.6527
333.05,-0.000423692,20.6527
333.1,-0.000433242,20.6526
333.15,-0.000435847,20.6526
333.2,-0.000423358,20.6526
333.25,-0.000429502,20.6526
333.3,-0.000430705,20.6526
333.35,-0.000438251,20.6525
333.4,-0.00044316,20.6525
333.45,-0.000442693,20.6525
333.5,-0.000444162,20.6525
333.55,-0.000433142,20.6524
333.6,-0.00043745,20.6524
333.65,-0.000438018,20.6524
333.7,-0.0004284,20.6524
333.75,-0.000429168,20.6524
333.8,-0.000440422,20.6523
333.85,-0.00043568,20.6523
333.9,-0.000437717,20.6523
333.95,-0.000438218,20.6523
334.0,-0.000435112,20.6522
334.05,-0.000436348,20.6522
334.1,-0.000431306,20.6522
334.15,-0.000434845,20.6522
334.2,-0.000425195,20.6522
334.25,-0.000430204,20.6521
334.3,-0.000435914,20.6521
334.35,-0.00043204,20.6521
334.4,-0.000429202,20.6521
334.45,-0.000428801,20.6521
334.5,-0.000444362,20.652
334.55,-0.000443093,20.652
334.6,-0.000439454,20.652
334.65,-0.000444863,20.652
334.7,-0.000448603,20.6519
334.75,-0.000440255,20.6519
334.8,-0.000438919,20.6519
334.85,-0.000436615,20.6519
334.9,-0.000438886,20.6519
334.95,-0.000432708,20.6518
335.0,-0.000431439,20.6518
335.05,-0.000436348,20.6518
335.1,-0.000439186,20.6518
335.15,-0.000437851,20.6517
335.2,-0.000435279,20.6517
335.25,-0.000436415,20.6517
335.3,-0.000435046,20.6517
335.35,-0.000427532,20.6517
335.4,-0.000435012,20.6516
335.45,-0.000441457,20.6516
335.5,-0.000436415,20.6516
335.55,-0.00044109,20.6516
335.6,-0.000443127,20.6516
335.65,-0.000444062,20.6515
335.7,-0.000444897,20.6515
335.75,-0.000447601,20.6515
335.8,-0.000452644,20.6515
335.85,-0.000450006,20.6514
335.9,-0.000449472,20.6514
335.95,-0.00045064,20.6514
336.0,-0.000453111,20.6514
336.05,-0.000449438,20.6513
336.1,-0.000455148,20.6513
336.15,-0.000444496,20.6513
336.2,-0.000442893,20.6513
336.25,-0.000445598,20.6513
336.3,-0.00044129,20.6512
336.35,-0.0004466,20.6512
336.4,-0.000440522,20.6512
336.45,-0.00043725,20.6512
336.5,-0.000426898,20.6511
336.55,-0.000430237,20.6511
336.6,-0.000433543,20.6511
336.65,-0.000438485,20.6511
336.7,-0.000437149,20.6511
336.75,-0.000433944,20.651
336.8,-0.000436448,20.651
336.85,-0.000437817,20.651
336.9,-0.000436515,20.651
336.95,-0.000437283,20.651
337.0,-0.000449305,20.6509
337.05,-0.000443661,20.6509
337.1,-0.00045054,20.6509
337.15,-0.000448203,20.6509
337.2,-0.000445898,20.6508
337.25,-0.000443361,20.6508
337.3,-0.000440856,20.6508
337.35,-0.000442459,20.6508
337.4,-0.000444429,20.6508
337.45,-0.000445898,20.6507
337.5,-0.000452143,20.6507
337.55,-0.00045428,20.6507
337.6,-0.00045428,20.6507
337.65,-0.000449872,20.6506
337.7,-0.000444396,20.6506
337.75,-0.000451141,20.6506
337.8,-0.000445765,20.6506
337.85,-0.000448403,20.6506
337.9,-0.000449004,20.6505
337.95,-0.000449505,20.6505
338.0,-0.000451074,20.6505
338.05,-0.000463196,20.6505
338.1,-0.000449805,20.6504
338.15,-0.000448436,20.6504
338.2,-0.000450039,20.6504
338.25,-0.000449839,20.6504
338.3,-0.000448269,20.6503
338.35,-0.000451342,20.6503
338.4,-0.000450173,20.6503
338.45,-0.000444696,20.6503
338.5,-0.000444028,20.6503
338.55,-0.000444229,20.6502
338.6,-0.000451475,20.6502
338.65,-0.000458087,20.6502
338.7,-0.000457286,20.6502
338.75,-0.000457619,20.6501
338.8,-0.000451675,20.6501
338.85,-0.00045074,20.6501
338.9,-0.000453445,20.6501
338.95,-0.000449772,20.6501
339.0,-0.000446266,20.65
339.05,-0.00044473,20.65
339.1,-0.000437751,20.65
339.15,-0.000437483,20.65
339.2,-0.000450139,20.6499
339.25,-0.000444028,20.6499
339.3,-0.000445197,20.6499
339.35,-0.000444797,20.6499
339.4,-0.000448336,20.6499
339.45,-0.000452577,20.6498
339.5,-0.000456517,20.6498
339.55,-0.000457185,20.6498
339.6,-0.000444129,20.6498
339.65,-0.000450039,20.6497
339.7,-0.000442559,20.6497
339.75,-0.00044129,20.6497
339.8,-0.000446065,20.6497
339.85,-0.000434445,20.6497
339.9,-0.000427666,20.6496
339.95,-0.000433643,20.6496
340.0,-0.000430204,20.6496
340.05,-0.000428234,20.6496
340.1,-0.000431606,20.6495
340.15,-0.000437016,20.6495
340.2,-0.000434311,20.6495
340.25,-0.000435747,20.6495
340.3,-0.000442659,20.6495
340.35,-0.00043548,20.6494
340.4,-0.000433777,20.6494
340.45,-0.000436415,20.6494
340.5,-0.000438318,20.6494
340.55,-0.000433376,20.6493
340.6,-0.000438786,20.6493
340.65,-0.000445932,20.6493
340.7,-0.00043538,20.6493
340.75,-0.000436148,20.6493
340.8,-0.000442793,20.6492
340.85,-0.000441223,20.6492
340.9,-0.000434845,20.6492
340.95,-0.000431506,20.6492
341.0,-0.000441691,20.6492
341.05,-0.000441424,20.6491
341.1,-0.000438619,20.6491
341.15,-0.000432775,20.6491
341.2,-0.000437083,20.6491
341.25,-0.000433076,20.649
341.3,-0.000433009,20.649
341.35,-0.000429402,20.649
341.4,-0.000431205,20.649
341.45,-0.000430738,20.649
341.5,-0.000430037,20.6489
341.55,-0.000441925,20.6489
341.6,-0.000432909,20.6489
341.65,-0.000439954,20.6489
341.7,-0.000435046,20.6488
341.75,-0.000437149,20.6488
341.8,-0.00043735,20.6488
341.85,-0.000432808,20.6488
341.9,-0.0004284,20.6488
341.95,-0.000432808,20.6487
342.0,-0.000442058,20.6487
342.05,-0.000438185,20.6487
342.1,-0.000432975,20.6487
342.15,-0.000433777,20.6487
342.2,-0.000430872,20.6486
342.25,-0.000436782,20.6486
342.3,-0.000439587,20.6486
342.35,-0.000437517,20.6486
342.4,-0.000439654,20.6485
342.45,-0.000433977,20.6485
342.5,-0.000435914,20.6485
342.55,-0.000429168,20.6485
342.6,-0.000425395,20.6485
342.65,-0.000426798,20.6484
342.7,-0.000423892,20.6484
342.75,-0.000430437,20.6484
342.8,-0.000425462,20.6484
342.85,-0.000431139,20.6483
342.9,-0.000431706,20.6483
342.95,-0.00043361,20.6483
343.0,-0.00044109,20.6483
343.05,-0.000441891,20.6483
343.1,-0.000442626,20.6482
343.15,-0.000437183,20.6482
343.2,-0.000427465,20.6482
343.25,-0.00042977,20.6482
343.3,-0.000428167,20.6482
343.35,-0.000428935,20.6481
343.4,-0.000433009,20.6481
343.45,-0.000434946,20.6481
343.5,-0.00043371,20.6481
343.55,-0.000437918,20.648
343.6,-0.00042977,20.648
343.65,-0.000437083,20.648
343.7,-0.000440088,20.648
343.75,-0.00044316,20.648
343.8,-0.000435446,20.6479
343.85,-0.000439888,20.6479
343.9,-0.000437817,20.6479
343.95,-0.000443928,20.6479
344.0,-0.000433677,20.6478
344.05,-0.000436148,20.6478
344.1,-0.00043922,20.6478
344.15,-0.000426998,20.6478
344.2,-0.000418984,20.6478
344.25,-0.000427666,20.6477
344.3,-0.000419852,20.6477
344.35,-0.000432975,20.6477
344.4,-0.000426397,20.6477
344.45,-0.000427833,20.6477
344.5,-0.000433944,20.6476
344.55,-0.000439253,20.6476
344.6,-0.000435747,20.6476
344.65,-0.000428935,20.6476
344.7,-0.000432307,20.6475
344.75,-0.000430805,20.6475
344.8,-0.000425128,20.6475
344.85,-0.000425295,20.6475
344.9,-0.000423625,20.6475
344.95,-0.000413641,20.6474
345.0,-0.000422156,20.6474
345.05,-0.000432107,20.6474
345.1,-0.000425028,20.6474
345.15,-0.000432742,20.6474
345.2,-0.000433376,20.6473
345.25,-0.000438886,20.6473
345.3,-0.000434779,20.6473
345.35,-0.000440155,20.6473
345.4,-0.000428668,20.6472
345.45,-0.000424727,20.6472
345.5,-0.000431506,20.6472
345.55,-0.00042416,20.6472
345.6,-0.000431172,20.6472
345.65,-0.00043194,20.6471
345.7,-0.000433142,20.6471
345.75,-0.000428935,20.6471
345.8,-0.00043184,20.6471
345.85,-0.000431439,20.6471
345.9,-0.000435647,20.647
345.95,-0.000432775,20.647
346.0,-0.000435213,20.647
346.05,-0.000426798,20.647
346.1,-0.000429836,20.6469
346.15,-0.000442559,20.6469
346.2,-0.000438752,20.6469
346.25,-0.000440889,20.6469
346.3,-0.000439253,20.6469
346.35,-0.000437116,20.6468
346.4,-0.000438786,20.6468
346.45,-0.000440155,20.6468
346.5,-0.000437083,20.6468
346.55,-0.000435814,20.6467
346.6,-0.000426764,20.6467
346.65,-0.000432842,20.6467
346.7,-0.000426965,20.6467
346.75,-0.000429736,20.6467
346.8,-0.000434879,20.6466
346.85,-0.000442826,20.6466
346.9,-0.000439487,20.6466
346.95,-0.000438151,20.6466
347.0,-0.000443895,20.6466
347.05,-0.000436515,20.6465
347.1,-0.000434044,20.6465
347.15,-0.000430972,20.6465
347.2,-0.00044129,20.6465
347.25,-0.000442359,20.6464
347.3,-0.000445364,20.6464
347.35,-0.000442325,20.6464
347.4,-0.000439788,20.6464
347.45,-0.00043912,20.6464
347.5,-0.000450974,20.6463
347.55,-0.000443528,20.6463
347.6,-0.000442492,20.6463
347.65,-0.000448203,20.6463
347.7,-0.000441157,20.6462
347.75,-0.000438886,20.6462
347.8,-0.000441324,20.6462
347.85,-0.000449638,20.6462
347.9,-0.000444897,20.6462
347.95,-0.000437817,20.6461
348.0,-0.000442125,20.6461
348.05,-0.00043765,20.6461
348.1,-0.000434311,20.6461
348.15,-0.000435914,20.646
348.2,-0.000435112,20.646
348.25,-0.000428768,20.646
348.3,-0.00043184,20.646
348.35,-0.000431139,20.646
348.4,-0.000429603,20.6459
348.45,-0.000440322,20.6459
348.5,-0.000437884,20.6459
348.55,-0.000441424,20.6459
348.6,-0.000443795,20.6458
348.65,-0.000440789,20.6458
348.7,-0.000446099,20.6458
348.75,-0.000451241,20.6458
348.8,-0.000443795,20.6458
348.85,-0.000434111,20.6457
348.9,-0.000435012,20.6457
348.95,-0.000432875,20.6457
349.0,-0.000437016,20.6457
349.05,-0.000435714,20.6457
349.1,-0.000453545,20.6456
349.15,-0.000447101,20.6456
349.2,-0.000447468,20.6456
349.25,-0.000436715,20.6456
349.3,-0.000438519,20.6455
349.35,-0.000445898,20.6455
349.4,-0.00045398,20.6455
349.45,-0.000448036,20.6455
349.5,-0.000437517,20.6455
349.55,-0.000439921,20.6454
349.6,-0.000436849,20.6454
349.65,-0.000430437,20.6454
349.7,-0.000436882,20.6454
349.75,-0.000440455,20.6453
349.8,-0.000427966,20.6453
349.85,-0.00043745,20.6453
349.9,-0.000432808,20.6453
349.95,-0.000439053,20.6453
350.0,-0.000435213,20.6452
350.05,-0.000432074,20.6452
350.1,-0.000431673,20.6452
350.15,-0.000429135,20.6452
350.2,-0.000423024,20.6451
350.25,-0.000431072,20.6451
350.3,-0.000425896,20.6451
350.35,-0.000424761,20.6451
350.4,-0.000424093,20.6451
350.45,-0.000428067,20.645
350.5,-0.000424794,20.645
350.55,-0.000436515,20.645
350.6,-0.000430437,20.645
350.65,-0.000432675,20.645
350.7,-0.000440956,20.6449
350.75,-0.000439353,20.6449
350.8,-0.000440121,20.6449
350.85,-0.000431038,20.6449
350.9,-0.000445598,20.6448
350.95,-0.000443628,20.6448
351.0,-0.00045211,20.6448
351.05,-0.000440222,20.6448
351.1,-0.00043765,20.6448
351.15,-0.000436916,20.6447
351.2,-0.00043932,20.6447
351.25,-0.00044473,20.6447
351.3,-0.000453412,20.6447
351.35,-0.00044483,20.6446
351.4,-0.000438886,20.6446
351.45,-0.00044473,20.6446
351.5,-0.000433142,20.6446
351.55,-0.000430471,20.6446
351.6,-0.000441858,20.6445
351.65,-0.000443093,20.6445
351.7,-0.000426697,20.6445
351.75,-0.000434578,20.6445
351.8,-0.000438452,20.6444
351.85,-0.000430872,20.6444
351.9,-0.000430938,20.6444
351.95,-0.000440622,20.6444
352.0,-0.000438719,20.6444
352.05,-0.000437784,20.6443
352.1,-0.000440322,20.6443
352.15,-0.000432508,20.6443
352.2,-0.000429436,20.6443
352.25,-0.000430738,20.6443
352.3,-0.000437049,20.6442
352.35,-0.000435346,20.6442
352.4,-0.000437183,20.6442
352.45,-0.000432107,20.6442
352.5,-0.000431807,20.6441
352.55,-0.000432608,20.6441
352.6,-0.000437116,20.6441
352.65,-0.000441023,20.6441
352.7,-0.000436181,20.6441
352.75,-0.000431606,20.644
352.8,-0.000436649,20.644
352.85,-0.000432241,20.644
352.9,-0.000443995,20.644
352.95,-0.000441491,20.6439
353.0,-0.000437817,20.6439
353.05,-0.000447635,20.6439
353.1,-0.000449872,20.6439
353.15,-0.000443194,20.6439
353.2,-0.000440288,20.6438
353.25,-0.000443728,20.6438
353.3,-0.000450173,20.6438
353.35,-0.000445731,20.6438
353.4,-0.000444062,20.6437
353.45,-0.000446433,20.6437
353.5,-0.000445398,20.6437
353.55,-0.000443594,20.6437
353.6,-0.000433176,20.6437
353.65,-0.00044109,20.6436
353.7,-0.000443327,20.6436
353.75,-0.000444863,20.6436
353.8,-0.00045054,20.6436
353.85,-0.000441858,20.6435
353.9,-0.000438686,20.6435
353.95,-0.000443962,20.6435
354.0,-0.00044139,20.6435
354.05,-0.000443962,20.6435
354.1,-0.000438752,20.6434
354.15,-0.00043568,20.6434
354.2,-0.000426063,20.6434
354.25,-0.000443327,20.6434
354.3,-0.000439053,20.6433
354.35,-0.000438752,20.6433
354.4,-0.000437851,20.6433
354.45,-0.000440021,20.6433
354.5,-0.000432274,20.6433
354.55,-0.000448136,20.6432
354.6,-0.000440923,20.6432
354.65,-0.000443127,20.6432
354.7,-0.000443728,20.6432
354.75,-0.000436916,20.6432
354.8,-0.000433242,20.6431
354.85,-0.000429302,20.6431
354.9,-0.00043578,20.6431
354.95,-0.000441724,20.6431
355.0,-0.000438352,20.643
355.05,-0.000438552,20.643
355.1,-0.000438285,20.643
355.15,-0.000432174,20.643
355.2,-0.000437984,20.643
355.25,-0.00042643,20.6429
355.3,-0.000427232,20.6429
355.35,-0.00042977,20.6429
355.4,-0.000430304,20.6429
355.45,-0.000437083,20.6428
355.5,-0.000436448,20.6428
355.55,-0.000436248,20.6428
355.6,-0.000433276,20.6428
355.65,-0.000420019,20.6428
355.7,-0.000424894,20.6427
355.75,-0.000441424,20.6427
355.8,-0.000438285,20.6427
355.85,-0.000450874,20.6427
355.9,-0.000439086,20.6427
355.95,-0.000430538,20.6426
356.0,-0.000432675,20.6426
356.05,-0.00043391,20.6426
356.1,-0.000433844,20.6426
356.15,-0.000434344,20.6425
356.2,-0.00043912,20.6425
356.25,-0.000441123,20.6425
356.3,-0.00043932,20.6425
356.35,-0.000444262,20.6425
356.4,-0.000437684,20.6424
356.45,-0.00045034,20.6424
356.5,-0.000435079,20.6424
356.55,-0.000433543,20.6424
356.6,-0.000435814,20.6423
356.65,-0.000444963,20.6423
356.7,-0.000443761,20.6423
356.75,-0.000447368,20.6423
356.8,-0.000444028,20.6423
356.85,-0.000441257,20.6422
356.9,-0.000451842,20.6422
356.95,-0.0004467,20.6422
357.0,-0.000439954,20.6422
357.05,-0.000440188,20.6421
357.1,-0.000445531,20.6421
357.15,-0.00044109,20.6421
357.2,-0.000442259,20.6421
357.25,-0.000438318,20.6421
357.3,-0.000433176,20.642
357.35,-0.000439788,20.642
357.4,-0.000442125,20.642
357.45,-0.000434946,20.642
357.5,-0.000446266,20.6419
357.55,-0.000435714,20.6419
357.6,-0.000429603,20.6419
357.65,-0.000434111,20.6419
357.7,-0.000435847,20.6419
357.75,-0.000439287,20.6418
357.8,-0.000444563,20.6418
357.85,-0.000442225,20.6418
357.9,-0.000439621,20.6418
357.95,-0.000442192,20.6418
358.0,-0.000441357,20.6417
358.05,-0.000430504,20.6417
358.1,-0.000435914,20.6417
358.15,-0.000435213,20.6417
358.2,-0.000439988,20.6416
358.25,-0.000437918,20.6416
358.3,-0.000436415,20.6416
358.35,-0.000426664,20.6416
358.4,-0.000426664,20.6416
358.45,-0.000431573,20.6415
358.5,-0.000433242,20.6415
358.55,-0.000428668,20.6415
358.6,-0.000430271,20.6415
358.65,-0.000438719,20.6414
358.7,-0.000447535,20.6414
358.75,-0.000438719,20.6414
358.8,-0.000432508,20.6414
358.85,-0.000427766,20.6414
358.9,-0.000436148,20.6413
358.95,-0.000420854,20.6413
359.0,-0.000434278,20.6413
359.05,-0.000447,20.6413
359.1,-0.00044493,20.6413
359.15,-0.000439253,20.6412
359.2,-0.000441791,20.6412
359.25,-0.000442125,20.6412
359.3,-0.000446867,20.6412
359.35,-0.000436782,20.6411
359.4,-0.000436916,20.6411
359.45,-0.000438819,20.6411
359.5,-0.000438018,20.6411
359.55,-0.000440622,20.6411
359.6,-0.000445398,20.641
359.65,-0.000438218,20.641
359.7,-0.000449271,20.641
359.75,-0.00044513,20.641
359.8,-0.000439754,20.6409
359.85,-0.000438786,20.6409
359.9,-0.000434077,20.6409
359.95,-0.000437784,20.6409
360.0,-0.000442225,20.6409
360.05,-0.000429335,20.6408
360.1,-0.000428434,20.6408
360.15,-0.000439454,20.6408
360.2,-0.000442225,20.6408
360.25,-0.00043558,20.6407
360.3,-0.000433877,20.6407
360.35,-0.000432909,20.6407
360.4,-0.000431306,20.6407
360.45,-0.000438719,20.6407
360.5,-0.000434411,20.6406
360.55,-0.000440055,20.6406
360.6,-0.000435012,20.6406
360.65,-0.000432541,20.6406
360.7,-0.000443027,20.6405
360.75,-0.000440689,20.6405
360.8,-0.000436148,20.6405
360.85,-0.000439053,20.6405
360.9,-0.000438519,20.6405
360.95,-0.000438485,20.6404
361.0,-0.000433076,20.6404
361.05,-0.000436882,20.6404
361.1,-0.000428968,20.6404
361.15,-0.000421688,20.6404
361.2,-0.000430404,20.6403
361.25,-0.000431606,20.6403
361.3,-0.000429836,20.6403
361.35,-0.00043351,20.6403
361.4,-0.000433643,20.6402
361.45,-0.000427966,20.6402
361.5,-0.000429035,20.6402
361.55,-0.000422189,20.6402
361.6,-0.000416679,20.6402
361.65,-0.000424961,20.6401
361.7,-0.000424126,20.6401
361.75,-0.000436415,20.6401
361.8,-0.000437951,20.6401
361.85,-0.000432875,20.6401
361.9,-0.000438519,20.64
361.95,-0.000434946,20.64
362.0,-0.000443895,20.64
362.05,-0.000444463,20.64
362.1,-0.000436014,20.6399
362.15,-0.000431974,20.6399
362.2,-0.000439053,20.6399
362.25,-0.000441791,20.6399
362.3,-0.000443594,20.6399
362.35,-0.000441958,20.6398
362.4,-0.000440756,20.6398
362.45,-0.000441557,20.6398
362.5,-0.000442025,20.6398
362.55,-0.000427866,20.6397
362.6,-0.000434144,20.6397
362.65,-0.000429636,20.6397
362.7,-0.000431005,20.6397
362.75,-0.000427132,20.6397
362.8,-0.000433076,20.6396
362.85,-0.000434244,20.6396
362.9,-0.000431873,20.6396
362.95,-0.000435647,20.6396
363.0,-0.000442158,20.6395
363.05,-0.000437951,20.6395
363.1,-0.000447702,20.6395
363.15,-0.000440255,20.6395
363.2,-0.000438151,20.6395
363.25,-0.000434645,20.6394
363.3,-0.000444696,20.6394
363.35,-0.000443294,20.6394
363.4,-0.000450574,20.6394
363.45,-0.000443327,20.6394
363.5,-0.000442659,20.6393
363.55,-0.000446299,20.6393
363.6,-0.000450006,20.6393
363.65,-0.000445498,20.6393
363.7,-0.000443795,20.6392
363.75,-0.000433576,20.6392
363.8,-0.000439621,20.6392
363.85,-0.000433743,20.6392
363.9,-0.000433677,20.6392
363.95,-0.000437483,20.6391
364.0,-0.000432074,20.6391
364.05,-0.000421789,20.6391
364.1,-0.00042239,20.6391
364.15,-0.000425696,20.639
364.2,-0.000422657,20.639
364.25,-0.000424527,20.639
364.3,-0.000426163,20.639
364.35,-0.000428501,20.639
364.4,-0.000421488,20.6389
364.45,-0.000421288,20.6389
364.5,-0.000430872,20.6389
364.55,-0.000434144,20.6389
364.6,-0.000423225,20.6389
364.65,-0.000422891,20.6388
364.7,-0.000429402,20.6388
364.75,-0.000422557,20.6388
364.8,-0.000433076,20.6388
364.85,-0.000436014,20.6387
364.9,-0.000431005,20.6387
364.95,-0.000429469,20.6387
365.0,-0.000430705,20.6387
365.05,-0.000425395,20.6387
365.1,-0.000436448,20.6386
365.15,-0.00043371,20.6386
365.2,-0.000436315,20.6386
365.25,-0.000432074,20.6386
365.3,-0.000431439,20.6386
365.35,-0.000425662,20.6385
365.4,-0.000433343,20.6385
365.45,-0.000435179,20.6385
365.5,-0.000434411,20.6385
365.55,-0.000437216,20.6384
365.6,-0.000440155,20.6384
365.65,-0.000442693,20.6384
365.7,-0.000447101,20.6384
365.75,-0.000438986,20.6384
365.8,-0.000437183,20.6383
365.85,-0.000440088,20.6383
365.9,-0.000445631,20.6383
365.95,-0.000434144,20.6383
366.0,-0.000433042,20.6382
366.05,-0.000432742,20.6382
366.1,-0.000441624,20.6382
366.15,-0.000437951,20.6382
366.2,-0.000445898,20.6382
366.25,-0.000439253,20.6381
366.3,-0.00044119,20.6381
366.35,-0.00043558,20.6381
366.4,-0.000434845,20.6381
366.45,-0.000428968,20.6381
366.5,-0.000429803,20.638
366.55,-0.000431439,20.638
366.6,-0.000431473,20.638
366.65,-0.000431272,20.638
366.7,-0.000425395,20.6379
366.75,-0.000432608,20.6379
366.8,-0.000430571,20.6379
366.85,-0.000432608,20.6379
366.9,-0.000431573,20.6379
366.95,-0.000436148,20.6378
367.0,-0.000432508,20.6378
367.05,-0.000427399,20.6378
367.1,-0.000428935,20.6378
367.15,-0.000440622,20.6377
367.2,-0.000430104,20.6377
367.25,-0.000440923,20.6377
367.3,-0.000445364,20.6377
367.35,-0.000448737,20.6377
367.4,-0.000452878,20.6376
367.45,-0.000445531,20.6376
367.5,-0.000441658,20.6376
367.55,-0.000442459,20.6376
367.6,-0.000440923,20.6375
367.65,-0.000445097,20.6375
367.7,-0.000445565,20.6375
367.75,-0.000442225,20.6375
367.8,-0.000443394,20.6375
367.85,-0.000450106,20.6374
367.9,-0.000449872,20.6374
367.95,-0.000441123,20.6374
368.0,-0.000448403,20.6374
368.05,-0.00045605,20.6373
368.1,-0.000454013,20.6373
368.15,-0.000463797,20.6373
368.2,-0.000448303,20.6373
368.25,-0.000448804,20.6373
368.3,-0.000453479,20.6372
368.35,-0.000454881,20.6372
368.4,-0.000448002,20.6372
368.45,-0.000455516,20.6372
368.5,-0.00045595,20.6371
368.55,-0.00045054,20.6371
368.6,-0.000453378,20.6371
368.65,-0.000441524,20.6371
368.7,-0.000442025,20.6371
368.75,-0.000439287,20.637
368.8,-0.000439353,20.637
368.85,-0.000440789,20.637
368.9,-0.000444563,20.637
368.95,-0.000446867,20.6369
369.0,-0.000443995,20.6369
369.05,-0.000439988,20.6369
369.1,-0.000451241,20.6369
369.15,-0.000447768,20.6369
369.2,-0.000451509,20.6368
369.25,-0.000455115,20.6368
369.3,-0.000446232,20.6368
369.35,-0.000449004,20.6368
369.4,-0.000454681,20.6367
369.45,-0.000451509,20.6367
369.5,-0.000447401,20.6367
369.55,-0.000453045,20.6367
369.6,-0.00044306,20.6367
369.65,-0.000453779,20.6366
369.7,-0.00045054,20.6366
369.75,-0.000444696,20.6366
369.8,-0.000448436,20.6366
369.85,-0.00044867,20.6365
369.9,-0.000443828,20.6365
369.95,-0.000439487,20.6365
370.0,-0.000442626,20.6365
370.05,-0.000450139,20.6364
370.1,-0.000449238,20.6364
370.15,-0.000445565,20.6364
370.2,-0.000443962,20.6364
370.25,-0.000445431,20.6364
370.3,-0.000445331,20.6363
370.35,-0.000439854,20.6363
370.4,-0.000438251,20.6363
370.45,-0.000446333,20.6363
370.5,-0.000442526,20.6362
370.55,-0.000444229,20.6362
370.6,-0.000440589,20.6362
370.65,-0.000442793,20.6362
370.7,-0.000451308,20.6362
370.75,-0.000433944,20.6361
370.8,-0.000447601,20.6361
370.85,-0.00045605,20.6361
370.9,-0.000450507,20.6361
370.95,-0.000449104,20.636
371.0,-0.000445565,20.636
371.05,-0.000442526,20.636
371.1,-0.000448336,20.636
371.15,-0.000437083,20.636
371.2,-0.000446767,20.6359
371.25,-0.000446733,20.6359
371.3,-0.000437817,20.6359
371.35,-0.000436248,20.6359
371.4,-0.000433643,20.6359
371.45,-0.000429068,20.6358
371.5,-0.000430204,20.6358
371.55,-0.000440522,20.6358
371.6,-0.000432775,20.6358
371.65,-0.000447034,20.6357
371.7,-0.000440923,20.6357
371.75,-0.000442492,20.6357
371.8,-0.000440422,20.6357
371.85,-0.000438652,20.6357
371.9,-0.0004467,20.6356
371.95,-0.000452577,20.6356
372.0,-0.000452009,20.6356
372.05,-0.000455549,20.6356
372.1,-0.00045054,20.6355
372.15,-0.000451876,20.6355
372.2,-0.000444028,20.6355
372.25,-0.000444195,20.6355
372.3,-0.000451041,20.6355
372.35,-0.000449104,20.6354
372.4,-0.000448537,20.6354
372.45,-0.000449805,20.6354
372.5,-0.000443828,20.6354
372.55,-0.000447635,20.6353
372.6,-0.000447535,20.6353
372.65,-0.000441624,20.6353
372.7,-0.000449872,20.6353
372.75,-0.000446533,20.6353
372.8,-0.000442726,20.6352
372.85,-0.000442092,20.6352
372.9,-0.000445598,20.6352
372.95,-0.000445898,20.6352
373.0,-0.000445665,20.6351
373.05,-0.000450373,20.6351
373.1,-0.000451141,20.6351
373.15,-0.000449104,20.6351
373.2,-0.000443361,20.635
373.25,-0.000449238,20.635
373.3,-0.000440622,20.635
373.35,-0.000442993,20.635
373.4,-0.000437751,20.635
373.45,-0.000445832,20.6349
373.5,-0.000438285,20.6349
373.55,-0.000443528,20.6349
373.6,-0.00043351,20.6349
373.65,-0.00044099,20.6348
373.7,-0.000444296,20.6348
373.75,-0.00044316,20.6348
373.8,-0.00043952,20.6348
373.85,-0.000440055,20.6348
373.9,-0.000437517,20.6347
373.95,-0.000439721,20.6347
374.0,-0.000445765,20.6347
374.05,-0.00043755,20.6347
374.1,-0.000440756,20.6347
374.15,-0.000442893,20.6346
374.2,-0.000443194,20.6346
374.25,-0.000446299,20.6346
374.3,-0.000441324,20.6346
374.35,-0.000450139,20.6345
374.4,-0.000439654,20.6345
374.45,-0.000444663,20.6345
374.5,-0.000449071,20.6345
374.55,-0.000451375,20.6345
374.6,-0.000445631,20.6344
374.65,-0.000447869,20.6344
374.7,-0.000446366,20.6344
374.75,-0.000437316,20.6344
374.8,-0.00044306,20.6343
374.85,-0.000435814,20.6343
374.9,-0.00043952,20.6343
374.95,-0.000437617,20.6343
375.0,-0.000442593,20.6343
375.05,-0.000439186,20.6342
375.1,-0.000443361,20.6342
375.15,-0.00044109,20.6342
375.2,-0.000443494,20.6342
375.25,-0.00044286,20.6341
375.3,-0.000432408,20.6341
375.35,-0.000440355,20.6341
375.4,-0.000435446,20.6341
375.45,-0.000449605,20.6341
375.5,-0.000447301,20.634
375.55,-0.000447802,20.634
375.6,-0.000438352,20.634
375.65,-0.000441824,20.634
375.7,-0.000448269,20.6339
375.75,-0.000449371,20.6339
375.8,-0.000452377,20.6339
375.85,-0.00045074,20.6339
375.9,-0.0004465,20.6339
375.95,-0.000445598,20.6338
376.0,-0.00044513,20.6338
376.05,-0.000442526,20.6338
376.1,-0.000438084,20.6338
376.15,-0.000434845,20.6337
376.2,-0.000430538,20.6337
376.25,-0.000436916,20.6337
376.3,-0.000440889,20.6337
376.35,-0.000438552,20.6337
376.4,-0.000434612,20.6336
376.45,-0.000438552,20.6336
376.5,-0.000443093,20.6336
376.55,-0.000444797,20.6336
376.6,-0.000443995,20.6335
376.65,-0.000449004,20.6335
376.7,-0.000437951,20.6335
376.75,-0.000441056,20.6335
376.8,-0.000446633,20.6335
376.85,-0.000447468,20.6334
376.9,-0.000451408,20.6334
376.95,-0.000447201,20.6334
377.0,-0.000439019,20.6334
377.05,-0.000439287,20.6333
377.1,-0.000443828,20.6333
377.15,-0.000441591,20.6333
377.2,-0.000438752,20.6333
377.25,-0.00043942,20.6333
377.3,-0.000445297,20.6332
377.35,-0.000442693,20.6332
377.4,-0.000449004,20.6332
377.45,-0.000447835,20.6332
377.5,-0.000437751,20.6331
377.55,-0.000442426,20.6331
377.6,-0.00045398,20.6331
377.65,-0.000446199,20.6331
377.7,-0.0004467,20.6331
377.75,-0.000450139,20.633
377.8,-0.000451008,20.633
377.85,-0.000453045,20.633
377.9,-0.000448069,20.633
377.95,-0.000450473,20.6329
378.0,-0.000451675,20.6329
378.05,-0.000456484,20.6329
378.1,-0.000444329,20.6329
378.15,-0.000445999,20.6329
378.2,-0.000436982,20.6328
378.25,-0.000438786,20.6328
378.3,-0.000443361,20.6328
378.35,-0.000437617,20.6328
378.4,-0.000443861,20.6327
378.45,-0.000452377,20.6327
378.5,-0.000449672,20.6327
378.55,-0.000452377,20.6327
378.6,-0.000447334,20.6327
378.65,-0.0004465,20.6326
378.7,-0.000451709,20.6326
378.75,-0.000441524,20.6326
378.8,-0.000437817,20.6326
378.85,-0.000431406,20.6325
378.9,-0.000433276,20.6325
378.95,-0.000438519,20.6325
379.0,-0.000437149,20.6325
379.05,-0.000433643,20.6325
379.1,-0.000435046,20.6324
379.15,-0.000434879,20.6324
379.2,-0.000435747,20.6324
379.25,-0.000436348,20.6324
379.3,-0.000431606,20.6323
379.35,-0.000427031,20.6323
379.4,-0.000427666,20.6323
379.45,-0.0004281,20.6323
379.5,-0.000423859,20.6323
379.55,-0.000427933,20.6322
379.6,-0.000438953,20.6322
379.65,-0.000431873,20.6322
379.7,-0.000432341,20.6322
379.75,-0.000434177,20.6322
379.8,-0.000437383,20.6321
379.85,-0.000448169,20.6321
379.9,-0.000448069,20.6321
379.95,-0.000453212,20.6321
380.0,-0.000441457,20.632
380.05,-0.000440222,20.632
380.1,-0.000439086,20.632
380.15,-0.000431072,20.632
380.2,-0.000428901,20.632
380.25,-0.000430638,20.6319
380.3,-0.000424293,20.6319
380.35,-0.000433376,20.6319
380.4,-0.000426497,20.6319
380.45,-0.000428,20.6318
380.5,-0.000429703,20.6318
380.55,-0.000428901,20.6318
380.6,-0.000434879,20.6318
380.65,-0.000432909,20.6318
380.7,-0.000436381,20.6317
380.75,-0.000432641,20.6317
380.8,-0.00043194,20.6317
380.85,-0.000425729,20.6317
380.9,-0.000427632,20.6317
380.95,-0.00042052,20.6316
381.0,-0.000420787,20.6316
381.05,-0.000423525,20.6316
381.1,-0.000412772,20.6316
381.15,-0.000424861,20.6315
381.2,-0.000427132,20.6315
381.25,-0.000421087,20.6315
381.3,-0.000422824,20.6315
381.35,-0.000412873,20.6315
381.4,-0.000418483,20.6314
381.45,-0.000417648,20.6314
381.5,-0.000416579,20.6314
381.55,-0.000416613,20.6314
381.6,-0.000421288,20.6314
381.65,-0.000413574,20.6313
381.7,-0.000419451,20.6313
381.75,-0.000423692,20.6313
381.8,-0.000413607,20.6313
381.85,-0.000421154,20.6313
381.9,-0.000425395,20.6312
381.95,-0.000421755,20.6312
382.0,-0.000432441,20.6312
382.05,-0.000428935,20.6312
382.1,-0.000421722,20.6311
382.15,-0.000418015,20.6311
382.2,-0.000424827,20.6311
382.25,-0.000414108,20.6311
382.3,-0.000419685,20.6311
382.35,-0.0004284,20.631
382.4,-0.000421188,20.631
382.45,-0.000425896,20.631
382.5,-0.000441557,20.631
382.55,-0.000432842,20.631
382.6,-0.000435346,20.6309
382.65,-0.000437383,20.6309
382.7,-0.000436782,20.6309
382.75,-0.000439053,20.6309
382.8,-0.000438151,20.6308
382.85,-0.000436782,20.6308
382.9,-0.000433109,20.6308
382.95,-0.000433042,20.6308
383.0,-0.000440155,20.6308
383.05,-0.000434211,20.6307
383.1,-0.000433777,20.6307
383.15,-0.000438886,20.6307
383.2,-0.000434912,20.6307
383.25,-0.000424861,20.6307
383.3,-0.000425362,20.6306
383.35,-0.000427766,20.6306
383.4,-0.000427566,20.6306
383.45,-0.000433042,20.6306
383.5,-0.000438118,20.6305
383.55,-0.000435881,20.6305
383.6,-0.000425729,20.6305
383.65,-0.00042997,20.6305
383.7,-0.000435881,20.6305
383.75,-0.000428835,20.6304
383.8,-0.000432341,20.6304
383.85,-0.000434278,20.6304
383.9,-0.000433643,20.6304
383.95,-0.000432675,20.6304
384.0,-0.000436749,20.6303
384.05,-0.000435881,20.6303
384.1,-0.000437751,20.6303
384.15,-0.00043174,20.6303
384.2,-0.00043952,20.6302
384.25,-0.00043548,20.6302
384.3,-0.000441524,20.6302
384.35,-0.000436582,20.6302
384.4,-0.000433877,20.6302
384.45,-0.000428067,20.6301
384.5,-0.000435647,20.6301
384.55,-0.000431072,20.6301
384.6,-0.000434411,20.6301
384.65,-0.000434845,20.63
384.7,-0.000440389,20.63
384.75,-0.000432508,20.63
384.8,-0.000433376,20.63
384.85,-0.000426664,20.63
384.9,-0.000429502,20.6299
384.95,-0.000430771,20.6299
385.0,-0.000425562,20.6299
385.05,-0.000428033,20.6299
385.1,-0.000425195,20.6299
385.15,-0.000425929,20.6298
385.2,-0.000423792,20.6298
385.25,-0.000429669,20.6298
385.3,-0.000423926,20.6298
385.35,-0.000419318,20.6297
385.4,-0.000423391,20.6297
385.45,-0.000427332,20.6297
385.5,-0.000417448,20.6297
385.55,-0.000421855,20.6297
385.6,-0.000420052,20.6296
385.65,-0.000422924,20.6296
385.7,-0.000420687,20.6296
385.75,-0.000420954,20.6296
385.8,-0.000427365,20.6296
385.85,-0.000430838,20.6295
385.9,-0.000428534,20.6295
385.95,-0.000428501,20.6295
386.0,-0.000440522,20.6295
386.05,-0.000432141,20.6294
386.1,-0.0004283,20.6294
386.15,-0.00043735,20.6294
386.2,-0.000423692,20.6294
386.25,-0.000427632,20.6294
386.3,-0.000429636,20.6293
386.35,-0.000428133,20.6293
386.4,-0.000426731,20.6293
386.45,-0.000432575,20.6293
386.5,-0.000434745,20.6293
386.55,-0.000430404,20.6292
386.6,-0.000424761,20.6292
386.65,-0.000426998,20.6292
386.7,-0.000425963,20.6292
386.75,-0.000423759,20.6291
386.8,-0.000428801,20.6291
386.85,-0.000424126,20.6291
386.9,-0.000416613,20.6291
386.95,-0.000428567,20.6291
387.0,-0.000422657,20.629
387.05,-0.000416579,20.629
387.1,-0.000432274,20.629
387.15,-0.000431773,20.629
387.2,-0.000435346,20.629
387.25,-0.000432141,20.6289
387.3,-0.000440589,20.6289
387.35,-0.00044473,20.6289
387.4,-0.000441023,20.6289
387.45,-0.00043755,20.6288
387.5,-0.000434879,20.6288
387.55,-0.000441991,20.6288
387.6,-0.000434344,20.6288
387.65,-0.000438585,20.6288
387.7,-0.00043932,20.6287
387.75,-0.00044503,20.6287
387.8,-0.000441157,20.6287
387.85,-0.000440956,20.6287
387.9,-0.00043381,20.6286
387.95,-0.000437918,20.6286
388.0,-0.000435012,20.6286
388.05,-0.000426764,20.6286
388.1,-0.000446166,20.6286
388.15,-0.000438218,20.6285
388.2,-0.000436348,20.6285
388.25,-0.000440222,20.6285
388.3,-0.000444062,20.6285
388.35,-0.000436014,20.6285
388.4,-0.000441791,20.6284
388.45,-0.000437016,20.6284
388.5,-0.000436248,20.6284
388.55,-0.000436014,20.6284
388.6,-0.000429937,20.6283
388.65,-0.000434445,20.6283
388.7,-0.000434745,20.6283
388.75,-0.000433109,20.6283
388.8,-0.000438652,20.6283
388.85,-0.000446666,20.6282
388.9,-0.000446366,20.6282
388.95,-0.00044847,20.6282
389.0,-0.000433376,20.6282
389.05,-0.000429436,20.6281
389.1,-0.000439821,20.6281
389.15,-0.000432541,20.6281
389.2,-0.000443594,20.6281
389.25,-0.000438652,20.6281
389.3,-0.000429669,20.628
389.35,-0.000430738,20.628
389.4,-0.000433944,20.628
389.45,-0.000434879,20.628
389.5,-0.000436114,20.628
389.55,-0.000430905,20.6279
389.6,-0.000445464,20.6279
389.65,-0.00043548,20.6279
389.7,-0.000438519,20.6279
389.75,-0.000437216,20.6278
389.8,-0.000428267,20.6278
389.85,-0.000430972,20.6278
389.9,-0.000435112,20.6278
389.95,-0.000437116,20.6278
390.0,-0.000438218,20.6277
390.05,-0.000423291,20.6277
390.1,-0.000429669,20.6277
390.15,-0.000427399,20.6277
390.2,-0.000431372,20.6276
390.25,-0.000428935,20.6276
390.3,-0.000434712,20.6276
390.35,-0.000440121,20.6276
390.4,-0.000445464,20.6276
390.45,-0.000444496,20.6275
390.5,-0.000432508,20.6275
390.55,-0.000432074,20.6275
390.6,-0.000440622,20.6275
390.65,-0.000435313,20.6274
390.7,-0.00043942,20.6274
390.75,-0.000440422,20.6274
390.8,-0.000446433,20.6274
390.85,-0.000442426,20.6274
390.9,-0.000439287,20.6273
390.95,-0.00043735,20.6273
391.0,-0.000449672,20.6273
391.05,-0.000446232,20.6273
391.1,-0.000444296,20.6273
391.15,-0.000450841,20.6272
391.2,-0.000452577,20.6272
391.25,-0.000451275,20.6272
391.3,-0.000448169,20.6272
391.35,-0.000443661,20.6271
391.4,-0.000442192,20.6271
391.45,-0.000441658,20.6271
391.5,-0.000443661,20.6271
391.55,-0.0004469,20.6271
391.6,-0.000451008,20.627
391.65,-0.000450607,20.627
391.7,-0.000438485,20.627
391.75,-0.000440789,20.627
391.8,-0.000434545,20.6269
391.85,-0.000441491,20.6269
391.9,-0.000436014,20.6269
391.95,-0.000437617,20.6269
392.0,-0.000437216,20.6269
392.05,-0.000447601,20.6268
392.1,-0.000448336,20.6268
392.15,-0.000438118,20.6268
392.2,-0.000443093,20.6268
392.25,-0.000438018,20.6267
392.3,-0.000449572,20.6267
392.35,-0.000448169,20.6267
392.4,-0.000449505,20.6267
392.45,-0.000439621,20.6267
392.5,-0.000445731,20.6266
392.55,-0.00043755,20.6266
392.6,-0.000450407,20.6266
392.65,-0.000441424,20.6266
392.7,-0.000435947,20.6265
392.75,-0.000443995,20.6265
392.8,-0.000433142,20.6265
392.85,-0.000425929,20.6265
392.9,-0.000427232,20.6265
392.95,-0.0004282,20.6264
393.0,-0.00043361,20.6264
393.05,-0.000425362,20.6264
393.1,-0.000429436,20.6264
393.15,-0.000421855,20.6263
393.2,-0.000435513,20.6263
393.25,-0.00043174,20.6263
393.3,-0.000423859,20.6263
393.35,-0.000422924,20.6263
393.4,-0.000429168,20.6262
393.45,-0.000427933,20.6262
393.5,-0.000434044,20.6262
393.55,-0.000439921,20.6262
393.6,-0.000431539,20.6262
393.65,-0.000428267,20.6261
393.7,-0.000434712,20.6261
393.75,-0.000429636,20.6261
393.8,-0.000427933,20.6261
393.85,-0.000439186,20.626
393.9,-0.000441157,20.626
393.95,-0.000432942,20.626
394.0,-0.000438151,20.626
394.05,-0.000439387,20.626
394.1,-0.000433209,20.6259
394.15,-0.000432441,20.6259
394.2,-0.000438018,20.6259
394.25,-0.000447835,20.6259
394.3,-0.000439821,20.6258
394.35,-0.000435714,20.6258
394.4,-0.000435947,20.6258
394.45,-0.000431907,20.6258
394.5,-0.000429269,20.6258
394.55,-0.000429369,20.6257
394.6,-0.00044493,20.6257
394.65,-0.000444296,20.6257
394.7,-0.000437283,20.6257
394.75,-0.000436448,20.6257
394.8,-0.000422456,20.6256
394.85,-0.000432842,20.6256
394.9,-0.000434278,20.6256
394.95,-0.000434678,20.6256
395.0,-0.000435613,20.6255
395.05,-0.000428501,20.6255
395.1,-0.000430805,20.6255
395.15,-0.000440522,20.6255
395.2,-0.000440723,20.6255
395.25,-0.00044109,20.6254
395.3,-0.000446266,20.6254
395.35,-0.000443494,20.6254
395.4,-0.000445264,20.6254
395.45,-0.000445164,20.6253
395.5,-0.000443761,20.6253
395.55,-0.000440923,20.6253
395.6,-0.000443361,20.6253
395.65,-0.000450306,20.6253
395.7,-0.000430638,20.6252
395.75,-0.000442259,20.6252
395.8,-0.00043745,20.6252
395.85,-0.000438585,20.6252
395.9,-0.000436949,20.6251
395.95,-0.00043755,20.6251
396.0,-0.000441557,20.6251
396.05,-0.000437851,20.6251
396.1,-0.000435647,20.6251
396.15,-0.000438786,20.625
396.2,-0.000442125,20.625
396.25,-0.000449839,20.625
396.3,-0.000451475,20.625
396.35,-0.000447869,20.6249
396.4,-0.000443394,20.6249
396.45,-0.00044286,20.6249
396.5,-0.000446834,20.6249
396.55,-0.000451175,20.6249
396.6,-0.000446633,20.6248
396.65,-0.000451241,20.6248
396.7,-0.000448436,20.6248
396.75,-0.000453479,20.6248
396.8,-0.000452444,20.6247
396.85,-0.000451776,20.6247
396.9,-0.000447034,20.6247
396.95,-0.000448537,20.6247
397.0,-0.000445798,20.6247
397.05,-0.000442259,20.6246
397.1,-0.000441791,20.6246
397.15,-0.000440021,20.6246
397.2,-0.00044129,20.6246
397.25,-0.000443561,20.6245
397.3,-0.000435246,20.6245
397.35,-0.000435179,20.6245
397.4,-0.000439287,20.6245
397.45,-0.00044276,20.6245
397.5,-0.00043381,20.6244
397.55,-0.000438686,20.6244
397.6,-0.000440455,20.6244
397.65,-0.000442526,20.6244
397.7,-0.000447468,20.6243
397.75,-0.000453813,20.6243
397.8,-0.000455683,20.6243
397.85,-0.00045418,20.6243
397.9,-0.000440756,20.6243
397.95,-0.000439788,20.6242
398.0,-0.00044503,20.6242
398.05,-0.000441691,20.6242
398.1,-0.000440088,20.6242
398.15,-0.000435179,20.6241
398.2,-0.000443928,20.6241
398.25,-0.000442359,20.6241
398.3,-0.00043912,20.6241
398.35,-0.000437884,20.6241
398.4,-0.00044286,20.624
398.45,-0.000442559,20.624
398.5,-0.000444563,20.624
398.55,-0.000443795,20.624
398.6,-0.000445665,20.6239
398.65,-0.000440889,20.6239
398.7,-0.000444563,20.6239
398.75,-0.000444563,20.6239
398.8,-0.000435246,20.6239
398.85,-0.000438686,20.6238
398.9,-0.000434144,20.6238
398.95,-0.000433844,20.6238
399.0,-0.00044109,20.6238
399.05,-0.000445965,20.6238
399.1,-0.000444963,20.6237
399.15,-0.000456217,20.6237
399.2,-0.000451575,20.6237
399.25,-0.000458287,20.6237
399.3,-0.000449872,20.6236
399.35,-0.000456451,20.6236
399.4,-0.000453679,20.6236
399.45,-0.000451842,20.6236
399.5,-0.000443561,20.6235
399.55,-0.000447334,20.6235
399.6,-0.000438886,20.6235
399.65,-0.000441557,20.6235
399.7,-0.000440155,20.6235
399.75,-0.000436682,20.6234
399.8,-0.000442092,20.6234
399.85,-0.000436448,20.6234
399.9,-0.000440723,20.6234
399.95,-0.000436047,20.6234
400.0,-0.000441758,20.6233
400.05,-0.000436548,20.6233
400.1,-0.000431239,20.6233
400.15,-0.000438986,20.6233
400.2,-0.000447702,20.6232
400.25,-0.00044513,20.6232
400.3,-0.00043942,20.6232
400.35,-0.000434211,20.6232
400.4,-0.000439888,20.6232
400.45,-0.000440222,20.6231
400.5,-0.000442492,20.6231
400.55,-0.00044847,20.6231
400.6,-0.000436882,20.6231
400.65,-0.000438018,20.623
400.7,-0.000436715,20.623
400.75,-0.000439954,20.623
400.8,-0.000442359,20.623
400.85,-0.000430471,20.623
400.9,-0.000433443,20.6229
400.95,-0.000442392,20.6229
401.0,-0.000441557,20.6229
401.05,-0.000437751,20.6229
401.1,-0.000433844,20.6228
401.15,-0.000434678,20.6228
401.2,-0.00043735,20.6228
401.25,-0.000429569,20.6228
401.3,-0.000421221,20.6228
401.35,-0.000426564,20.6227
401.4,-0.000425295,20.6227
401.45,-0.000444362,20.6227
401.5,-0.000437417,20.6227
401.55,-0.00043755,20.6227
401.6,-0.000434244,20.6226
401.65,-0.000430905,20.6226
401.7,-0.000425729,20.6226
401.75,-0.000421956,20.6226
401.8,-0.000421054,20.6225
401.85,-0.000426864,20.6225
401.9,-0.000425696,20.6225
401.95,-0.000427299,20.6225
402.0,-0.00042643,20.6225
402.05,-0.00042603,20.6224
402.1,-0.00042987,20.6224
402.15,-0.000434011,20.6224
402.2,-0.000427198,20.6224
402.25,-0.000439086,20.6224
402.3,-0.000436482,20.6223
402.35,-0.00043204,20.6223
402.4,-0.000435847,20.6223
402.45,-0.000437951,20.6223
402.5,-0.000427566,20.6222
402.55,-0.00043194,20.6222
402.6,-0.00042603,20.6222
402.65,-0.000422123,20.6222
402.7,-0.000417715,20.6222
402.75,-0.00042279,20.6221
402.8,-0.000423124,20.6221
402.85,-0.000429903,20.6221
402.9,-0.000424226,20.6221
402.95,-0.000420653,20.6221
403.0,-0.000424727,20.622
403.05,-0.000426798,20.622
403.1,-0.000424293,20.622
403.15,-0.000427566,20.622
403.2,-0.000436281,20.6219
403.25,-0.000433643,20.6219
403.3,-0.00043578,20.6219
403.35,-0.000438118,20.6219
403.4,-0.000436949,20.6219
403.45,-0.000433476,20.6218
403.5,-0.000433209,20.6218
403.55,-0.000423592,20.6218
403.6,-0.000434211,20.6218
403.65,-0.000436548,20.6217
403.7,-0.000436348,20.6217
403.75,-0.000429536,20.6217
403.8,-0.000434311,20.6217
403.85,-0.000430037,20.6217
403.9,-0.000431706,20.6216
403.95,-0.00043922,20.6216
404.0,-0.000434879,20.6216
404.05,-0.000443695,20.6216
404.1,-0.000439888,20.6216
404.15,-0.000440389,20.6215
404.2,-0.000440656,20.6215
404.25,-0.000444396,20.6215
404.3,-0.000446132,20.6215
404.35,-0.000432942,20.6214
404.4,-0.000427532,20.6214
404.45,-0.000425696,20.6214
404.5,-0.000430204,20.6214
404.55,-0.000444162,20.6214
404.6,-0.000439053,20.6213
404.65,-0.000437617,20.6213
404.7,-0.000442359,20.6213
404.75,-0.000449338,20.6213
404.8,-0.000435046,20.6212
404.85,-0.000438919,20.6212
404.9,-0.000439353,20.6212
404.95,-0.000434745,20.6212
405.0,-0.000440455,20.6212
405.05,-0.000442492,20.6211
405.1,-0.000438452,20.6211
405.15,-0.000434211,20.6211
405.2,-0.000437483,20.6211
405.25,-0.000446032,20.621
405.3,-0.000443294,20.621
405.35,-0.000438652,20.621
405.4,-0.000441524,20.621
405.45,-0.000447,20.621
405.5,-0.000441524,20.6209
405.55,-0.000445832,20.6209
405.6,-0.000445565,20.6209
405.65,-0.000443828,20.6209
405.7,-0.000439888,20.6208
405.75,-0.000440322,20.6208
405.8,-0.000439821,20.6208
405.85,-0.000438084,20.6208
405.9,-0.000437717,20.6208
405.95,-0.000442526,20.6207
406.0,-0.000454647,20.6207
406.05,-0.000452277,20.6207
406.1,-0.000448737,20.6207
406.15,-0.000449906,20.6206
406.2,-0.000448069,20.6206
406.25,-0.000430805,20.6206
406.3,-0.000435279,20.6206
406.35,-0.000439487,20.6206
406.4,-0.00043568,20.6205
406.45,-0.00043381,20.6205
406.5,-0.000445297,20.6205
406.55,-0.000437483,20.6205
406.6,-0.000429102,20.6205
406.65,-0.000430304,20.6204
406.7,-0.00043361,20.6204
406.75,-0.00044119,20.6204
406.8,-0.000438786,20.6204
406.85,-0.000433543,20.6203
406.9,-0.000432241,20.6203
406.95,-0.000434111,20.6203
407.0,-0.000434177,20.6203
407.05,-0.000431506,20.6203
407.1,-0.000434144,20.6202
407.15,-0.000420286,20.6202
407.2,-0.000428901,20.6202
407.25,-0.000432775,20.6202
407.3,-0.000431272,20.6201
407.35,-0.000435046,20.6201
407.4,-0.000428968,20.6201
407.45,-0.000425195,20.6201
407.5,-0.00042446,20.6201
407.55,-0.000439587,20.62
407.6,-0.000432141,20.62
407.65,-0.000431339,20.62
407.7,-0.000427432,20.62
407.75,-0.000433777,20.62
407.8,-0.000441624,20.6199
407.85,-0.00043932,20.6199
407.9,-0.000449605,20.6199
407.95,-0.000450574,20.6199
408.0,-0.000440255,20.6198
408.05,-0.000436849,20.6198
408.1,-0.000436081,20.6198
408.15,-0.000432808,20.6198
408.2,-0.000438585,20.6198
408.25,-0.000443127,20.6197
408.3,-0.000442392,20.6197
408.35,-0.000440489,20.6197
408.4,-0.000443427,20.6197
408.45,-0.000439988,20.6196
408.5,-0.000437016,20.6196
408.55,-0.000442259,20.6196
408.6,-0.000446065,20.6196
408.65,-0.000442092,20.6196
408.7,-0.000441023,20.6195
408.75,-0.000435513,20.6195
408.8,-0.000431573,20.6195
408.85,-0.000443695,20.6195
408.9,-0.000442526,20.6194
408.95,-0.000431239,20.6194
409.0,-0.000439287,20.6194
409.05,-0.000443494,20.6194
409.1,-0.00044316,20.6194
409.15,-0.000448169,20.6193
409.2,-0.000441591,20.6193
409.25,-0.00044099,20.6193
409.3,-0.000446399,20.6193
409.35,-0.00045074,20.6192
409.4,-0.000441724,20.6192
409.45,-0.000443594,20.6192
409.5,-0.000439253,20.6192
409.55,-0.000443494,20.6192
409.6,-0.000444529,20.6191
409.65,-0.000441624,20.6191
409.7,-0.000455215,20.6191
409.75,-0.000455783,20.6191
409.8,-0.000453345,20.619
409.85,-0.00045024,20.619
409.9,-0.000456217,20.619
409.95,-0.000457486,20.619
410.0,-0.00046166,20.619
410.05,-0.000457286,20.6189
410.1,-0.000457586,20.6189
410.15,-0.000455549,20.6189
410.2,-0.000456484,20.6189
410.25,-0.000470142,20.6188
410.3,-0.000463096,20.6188
410.35,-0.000460024,20.6188
410.4,-0.000453011,20.6188
410.45,-0.000457486,20.6188
410.5,-0.000453378,20.6187
410.55,-0.000452444,20.6187
410.6,-0.000454781,20.6187
410.65,-0.00044857,20.6187
410.7,-0.000449271,20.6186
410.75,-0.000441858,20.6186
410.8,-0.000442626,20.6186
410.85,-0.000451342,20.6186
410.9,-0.000447034,20.6185
410.95,-0.000445431,20.6185
411.0,-0.00044857,20.6185
411.05,-0.000443695,20.6185
411.1,-0.000449572,20.6185
411.15,-0.000459723,20.6184
411.2,-0.000451575,20.6184
411.25,-0.000448537,20.6184
411.3,-0.000450974,20.6184
411.35,-0.00045231,20.6183
411.4,-0.000454948,20.6183
411.45,-0.000448036,20.6183
411.5,-0.000444329,20.6183
411.55,-0.000441858,20.6183
411.6,-0.000439554,20.6182
411.65,-0.000441925,20.6182
411.7,-0.000439921,20.6182
411.75,-0.00043558,20.6182
411.8,-0.000432374,20.6181
411.85,-0.000441591,20.6181
411.9,-0.000438852,20.6181
411.95,-0.000443928,20.6181
412.0,-0.000441424,20.6181
412.05,-0.000437016,20.618
412.1,-0.000436782,20.618
412.15,-0.000453312,20.618
412.2,-0.000447702,20.618
412.25,-0.000445464,20.6179
412.3,-0.000440489,20.6179
412.35,-0.000445064,20.6179
412.4,-0.000441624,20.6179
412.45,-0.000442593,20.6179
412.5,-0.000456017,20.6178
412.55,-0.000455449,20.6178
412.6,-0.000455382,20.6178
412.65,-0.000453045,20.6178
412.7,-0.000444663,20.6177
412.75,-0.000445531,20.6177
412.8,-0.000447535,20.6177
412.85,-0.000445097,20.6177
412.9,-0.000456284,20.6177
412.95,-0.000450106,20.6176
413.0,-0.000453646,20.6176
413.05,-0.00045585,20.6176
413.1,-0.000452043,20.6176
413.15,-0.000445431,20.6175
413.2,-0.000445197,20.6175
413.25,-0.000441624,20.6175
413.3,-0.000438318,20.6175
413.35,-0.000434745,20.6175
413.4,-0.000443294,20.6174
413.45,-0.000444296,20.6174
413.5,-0.000451308,20.6174
413.55,-0.000445798,20.6174
413.6,-0.000445565,20.6173
413.65,-0.000450607,20.6173
413.7,-0.000451074,20.6173
413.75,-0.000455883,20.6173
413.8,-0.000444797,20.6173
413.85,-0.000450907,20.6172
413.9,-0.000448269,20.6172
413.95,-0.000439888,20.6172
414.0,-0.000436281,20.6172
414.05,-0.000437817,20.6171
414.1,-0.00044503,20.6171
414.15,-0.000442192,20.6171
414.2,-0.000432742,20.6171
414.25,-0.000442125,20.6171
414.3,-0.000433443,20.617
414.35,-0.000426998,20.617
414.4,-0.000429102,20.617
414.45,-0.000429569,20.617
414.5,-0.000427365,20.6169
414.55,-0.000429302,20.6169
414.6,-0.000423759,20.6169
414.65,-0.000429937,20.6169
414.7,-0.000430504,20.6169
414.75,-0.000426664,20.6168
414.8,-0.0004282,20.6168
414.85,-0.000428868,20.6168
414.9,-0.000438285,20.6168
414.95,-0.000438084,20.6168
415.0,-0.000439954,20.6167
415.05,-0.000438385,20.6167
415.1,-0.000437417,20.6167
415.15,-0.000436448,20.6167
415.2,-0.000430204,20.6166
415.25,-0.00042229,20.6166
415.3,-0.000425829,20.6166
415.35,-0.000430671,20.6166
415.4,-0.000443861,20.6166
415.45,-0.000437584,20.6165
415.5,-0.000432274,20.6165
415.55,-0.000430471,20.6165
415.6,-0.000429469,20.6165
415.65,-0.000437584,20.6165
415.7,-0.000431439,20.6164
415.75,-0.000431706,20.6164
415.8,-0.000431807,20.6164
415.85,-0.000433042,20.6164
415.9,-0.000433009,20.6163
415.95,-0.000437049,20.6163
416.0,-0.000431339,20.6163
416.05,-0.000424326,20.6163
416.1,-0.000427766,20.6163
416.15,-0.000428968,20.6162
416.2,-0.000433109,20.6162
416.25,-0.000433209,20.6162
416.3,-0.000436482,20.6162
416.35,-0.000432575,20.6161
416.4,-0.000433309,20.6161
416.45,-0.000431172,20.6161
416.5,-0.000428567,20.6161
416.55,-0.000427432,20.6161
416.6,-0.00042466,20.616
416.65,-0.000433877,20.616
416.7,-0.000438352,20.616
416.75,-0.000437684,20.616
416.8,-0.000440055,20.616
416.85,-0.000435847,20.6159
416.9,-0.000428935,20.6159
416.95,-0.000430104,20.6159
417.0,-0.000438385,20.6159
417.05,-0.000431205,20.6158
417.1,-0.000430304,20.6158
417.15,-0.000433409,20.6158
417.2,-0.000428334,20.6158
417.25,-0.000434311,20.6158
417.3,-0.000430471,20.6157
417.35,-0.000430137,20.6157
417.4,-0.000427799,20.6157
417.45,-0.000427599,20.6157
417.5,-0.000431573,20.6157
417.55,-0.000433343,20.6156
417.6,-0.000427799,20.6156
417.65,-0.000430304,20.6156
417.7,-0.00043381,20.6156
417.75,-0.000438585,20.6155
417.8,-0.000430738,20.6155
417.85,-0.000423558,20.6155
417.9,-0.000430237,20.6155
417.95,-0.00043538,20.6155
418.0,-0.000430304,20.6154
418.05,-0.000426898,20.6154
418.1,-0.000430037,20.6154
418.15,-0.00042426,20.6154
418.2,-0.00042279,20.6154
418.25,-0.000420419,20.6153
418.3,-0.000425562,20.6153
418.35,-0.000424794,20.6153
418.4,-0.000423926,20.6153
418.45,-0.000425595,20.6152
418.5,-0.000427065,20.6152
418.55,-0.000429168,20.6152
418.6,-0.000438485,20.6152
418.65,-0.000434478,20.6152
418.7,-0.000433376,20.6151
418.75,-0.000424126,20.6151
418.8,-0.000431306,20.6151
418.85,-0.000424794,20.6151
418.9,-0.000425629,20.6151
418.95,-0.000433944,20.615
419.0,-0.00043538,20.615
419.05,-0.000437951,20.615
419.1,-0.00043007,20.615
419.15,-0.000427733,20.6149
419.2,-0.00042633,20.6149
419.25,-0.000421822,20.6149
419.3,-0.00043351,20.6149
419.35,-0.000424727,20.6149
419.4,-0.000440121,20.6148
419.45,-0.000436014,20.6148
419.5,-0.000428434,20.6148
419.55,-0.000423725,20.6148
419.6,-0.000433242,20.6147
419.65,-0.000429135,20.6147
419.7,-0.000421054,20.6147
419.75,-0.000421355,20.6147
419.8,-0.000434645,20.6147
419.85,-0.000427065,20.6146
419.9,-0.000422189,20.6146
419.95,-0.000425629,20.6146
420.0,-0.00043381,20.6146
420.05,-0.000429803,20.6146
420.1,-0.00042653,20.6145
420.15,-0.0004284,20.6145
420.2,-0.000422189,20.6145
420.25,-0.000426464,20.6145
420.3,-0.000419651,20.6145
420.35,-0.000421321,20.6144
420.4,-0.000428901,20.6144
420.45,-0.000428668,20.6144
420.5,-0.000433677,20.6144
420.55,-0.000421521,20.6143
420.6,-0.000417948,20.6143
420.65,-0.000411837,20.6143
420.7,-0.000410669,20.6143
420.75,-0.000413307,20.6143
420.8,-0.000419217,20.6142
420.85,-0.000421288,20.6142
420.9,-0.000428868,20.6142
420.95,-0.000421922,20.6142
421.0,-0.000413374,20.6142
421.05,-0.000425195,20.6141
421.1,-0.000420653,20.6141
421.15,-0.000425863,20.6141
421.2,-0.000426764,20.6141
421.25,-0.000430003,20.614
421.3,-0.00043007,20.614
421.35,-0.000428267,20.614
421.4,-0.00043174,20.614
421.45,-0.000430604,20.614
421.5,-0.000433276,20.6139
421.55,-0.000431339,20.6139
421.6,-0.000431105,20.6139
421.65,-0.000435413,20.6139
421.7,-0.000433309,20.6139
421.75,-0.000434879,20.6138
421.8,-0.000431038,20.6138
421.85,-0.000426898,20.6138
421.9,-0.00042436,20.6138
421.95,-0.000427566,20.6137
422.0,-0.000427365,20.6137
422.05,-0.000433877,20.6137
422.1,-0.000446466,20.6137
422.15,-0.00045211,20.6137
422.2,-0.000445531,20.6136
422.25,-0.000450173,20.6136
422.3,-0.000442225,20.6136
422.35,-0.000435513,20.6136
422.4,-0.000441691,20.6136
422.45,-0.000440288,20.6135
422.5,-0.000431706,20.6135
422.55,-0.000440656,20.6135
422.6,-0.000438352,20.6135
422.65,-0.000432708,20.6134
422.7,-0.00043174,20.6134
422.75,-0.000431473,20.6134
422.8,-0.000440055,20.6134
422.85,-0.000441357,20.6134
422.9,-0.000436815,20.6133
422.95,-0.000439086,20.6133
423.0,-0.000432141,20.6133
423.05,-0.000428334,20.6133
423.1,-0.000430137,20.6132
423.15,-0.000437951,20.6132
423.2,-0.000442192,20.6132
423.25,-0.000433009,20.6132
423.3,-0.000439454,20.6132
423.35,-0.000437016,20.6131
423.4,-0.000433176,20.6131
423.45,-0.000438051,20.6131
423.5,-0.000434311,20.6131
423.55,-0.000437116,20.613
423.6,-0.000433643,20.613
423.65,-0.000430671,20.613
423.7,-0.000444129,20.613
423.75,-0.000438519,20.613
423.8,-0.000432174,20.6129
423.85,-0.000435747,20.6129
423.9,-0.000428835,20.6129
423.95,-0.000431974,20.6129
424.0,-0.000428133,20.6129
424.05,-0.000436281,20.6128
424.1,-0.000429135,20.6128
424.15,-0.000430972,20.6128
424.2,-0.000434912,20.6128
424.25,-0.000447735,20.6127
424.3,-0.000440889,20.6127
424.35,-0.000436148,20.6127
424.4,-0.000434845,20.6127
424.45,-0.000435112,20.6127
424.5,-0.000436615,20.6126
424.55,-0.000436114,20.6126
424.6,-0.000440923,20.6126
424.65,-0.000438585,20.6126
424.7,-0.000444429,20.6125
424.75,-0.000449305,20.6125
424.8,-0.000440188,20.6125
424.85,-0.0004469,20.6125
424.9,-0.00045261,20.6125
424.95,-0.000437316,20.6124
425.0,-0.00043725,20.6124
425.05,-0.000436649,20.6124
425.1,-0.000442826,20.6124
425.15,-0.000446466,20.6123
425.2,-0.000437383,20.6123
425.25,-0.000443427,20.6123
425.3,-0.000440522,20.6123
425.35,-0.000440021,20.6123
425.4,-0.000431573,20.6122
425.45,-0.000441925,20.6122
425.5,-0.00044119,20.6122
425.55,-0.000436281,20.6122
425.6,-0.000445865,20.6122
425.65,-0.000448002,20.6121
425.7,-0.000453646,20.6121
425.75,-0.000443695,20.6121
425.8,-0.000441758,20.6121
425.85,-0.000448804,20.612
425.9,-0.000451141,20.612
425.95,-0.000451943,20.612
426.0,-0.00045221,20.612
426.05,-0.000453545,20.6119
426.1,-0.000456851,20.6119
426.15,-0.000450874,20.6119
426.2,-0.000444028,20.6119
426.25,-0.000433677,20.6119
426.3,-0.000427432,20.6118
426.35,-0.00042613,20.6118
426.4,-0.00042633,20.6118
426.45,-0.000426931,20.6118
426.5,-0.000423725,20.6118
426.55,-0.000431473,20.6117
426.6,-0.000427599,20.6117
426.65,-0.000425428,20.6117
426.7,-0.000426931,20.6117
426.75,-0.000428367,20.6116
426.8,-0.000434712,20.6116
426.85,-0.000437617,20.6116
426.9,-0.000434244,20.6116
426.95,-0.000433309,20.6116
427.0,-0.000436381,20.6115
427.05,-0.000437016,20.6115
427.1,-0.000438619,20.6115
427.15,-0.000436148,20.6115
427.2,-0.0004279,20.6114
427.25,-0.00043735,20.6114
427.3,-0.000432641,20.6114
427.35,-0.000429269,20.6114
427.4,-0.000436849,20.6114
427.45,-0.000428901,20.6113
427.5,-0.000430471,20.6113
427.55,-0.000434177,20.6113
427.6,-0.000436014,20.6113
427.65,-0.000433443,20.6113
427.7,-0.000443528,20.6112
427.75,-0.000441123,20.6112
427.8,-0.000441524,20.6112
427.85,-0.000438585,20.6112
427.9,-0.000442659,20.6111
427.95,-0.000440155,20.6111
428.0,-0.000438452,20.6111
428.05,-0.000434612,20.6111
428.1,-0.00043735,20.6111
428.15,-0.000445231,20.611
428.2,-0.000452577,20.611
428.25,-0.000446299,20.611
428.3,-0.000448203,20.611
428.35,-0.00044316,20.6109
428.4,-0.000439821,20.6109
428.45,-0.000441691,20.6109
428.5,-0.00043578,20.6109
428.55,-0.00042613,20.6109
428.6,-0.000430805,20.6108
428.65,-0.000429369,20.6108
428.7,-0.00044296,20.6108
428.75,-0.000445197,20.6108
428.8,-0.000436682,20.6107
428.85,-0.000440656,20.6107
428.9,-0.000437951,20.6107
428.95,-0.000438585,20.6107
429.0,-0.000437584,20.6107
429.05,-0.000438452,20.6106
429.1,-0.000442826,20.6106
429.15,-0.000430538,20.6106
429.2,-0.00044483,20.6106
429.25,-0.000437083,20.6105
429.3,-0.000432207,20.6105
429.35,-0.000437149,20.6105
429.4,-0.000428801,20.6105
429.45,-0.000427566,20.6105
429.5,-0.000438352,20.6104
429.55,-0.000429235,20.6104
429.6,-0.000440088,20.6104
429.65,-0.000439888,20.6104
429.7,-0.000430738,20.6104
429.75,-0.00042613,20.6103
429.8,-0.000426931,20.6103
429.85,-0.000429502,20.6103
429.9,-0.000426731,20.6103
429.95,-0.000429736,20.6102
430.0,-0.000426831,20.6102
430.05,-0.000422356,20.6102
430.1,-0.000433677,20.6102
430.15,-0.000427966,20.6102
430.2,-0.000431272,20.6101
430.25,-0.000428835,20.6101
430.3,-0.000426965,20.6101
430.35,-0.000430805,20.6101
430.4,-0.00041885,20.6101
430.45,-0.000411871,20.61
430.5,-0.000427499,20.61
430.55,-0.000424761,20.61
430.6,-0.000420954,20.61
430.65,-0.000428601,20.61
430.7,-0.0004283,20.6099
430.75,-0.000422089,20.6099
430.8,-0.000420386,20.6099
430.85,-0.00042466,20.6099
430.9,-0.000421521,20.6098
430.95,-0.000421121,20.6098
431.0,-0.000437984,20.6098
431.05,-0.000431439,20.6098
431.1,-0.000426564,20.6098
431.15,-0.000426464,20.6097
431.2,-0.000418616,20.6097
431.25,-0.000421321,20.6097
431.3,-0.00041698,20.6097
431.35,-0.000419485,20.6097
431.4,-0.000429736,20.6096
431.45,-0.000420586,20.6096
431.5,-0.000417815,20.6096
431.55,-0.000424961,20.6096
431.6,-0.000425595,20.6095
431.65,-0.000423625,20.6095
431.7,-0.000425295,20.6095
431.75,-0.000428668,20.6095
431.8,-0.000432875,20.6095
431.85,-0.000433944,20.6094
431.9,-0.000436649,20.6094
431.95,-0.000435046,20.6094
432.0,-0.00042249,20.6094
432.05,-0.000423458,20.6094
432.1,-0.000427699,20.6093
432.15,-0.00042997,20.6093
432.2,-0.000429569,20.6093
432.25,-0.000439788,20.6093
432.3,-0.000436214,20.6092
432.35,-0.00042249,20.6092
432.4,-0.000434912,20.6092
432.45,-0.000429569,20.6092
432.5,-0.000436114,20.6092
432.55,-0.000437316,20.6091
432.6,-0.000428267,20.6091
432.65,-0.000427799,20.6091
432.7,-0.000426731,20.6091
432.75,-0.00042259,20.6091
432.8,-0.000417882,20.609
432.85,-0.000427933,20.609
432.9,-0.000428067,20.609
432.95,-0.000426564,20.609
433.0,-0.000430571,20.6089
433.05,-0.000436815,20.6089
433.1,-0.000436415,20.6089
433.15,-0.000435279,20.6089
433.2,-0.00043735,20.6089
433.25,-0.000428701,20.6088
433.3,-0.000437149,20.6088
433.35,-0.000436448,20.6088
433.4,-0.000439587,20.6088
433.45,-0.000434177,20.6087
433.5,-0.000433743,20.6087
433.55,-0.0004282,20.6087
433.6,-0.000438953,20.6087
433.65,-0.000434011,20.6087
433.7,-0.000442025,20.6086
433.75,-0.000455749,20.6086
433.8,-0.000456851,20.6086
433.85,-0.000449605,20.6086
433.9,-0.00045074,20.6086
433.95,-0.000445431,20.6085
434.0,-0.000437183,20.6085
434.05,-0.000442325,20.6085
434.1,-0.000438519,20.6085
434.15,-0.000440923,20.6084
434.2,-0.00043952,20.6084
434.25,-0.000429402,20.6084
434.3,-0.000433242,20.6084
434.35,-0.00042643,20.6084
434.4,-0.000430872,20.6083
434.45,-0.000426197,20.6083
434.5,-0.000434578,20.6083
434.55,-0.000425896,20.6083
434.6,-0.000436615,20.6082
434.65,-0.000436114,20.6082
434.7,-0.000431139,20.6082
434.75,-0.00042997,20.6082
434.8,-0.000433109,20.6082
434.85,-0.000433543,20.6081
434.9,-0.000440455,20.6081
434.95,-0.000434879,20.6081
435.0,-0.000429669,20.6081
435.05,-0.000429235,20.6081
435.1,-0.000431205,20.608
435.15,-0.000430471,20.608
435.2,-0.000430237,20.608
435.25,-0.000432541,20.608
435.3,-0.000432742,20.6079
435.35,-0.000429335,20.6079
435.4,-0.000429302,20.6079
435.45,-0.000425796,20.6079
435.5,-0.000421989,20.6079
435.55,-0.000419618,20.6078
435.6,-0.0004279,20.6078
435.65,-0.000431539,20.6078
435.7,-0.000431139,20.6078
435.75,-0.000421922,20.6078
435.8,-0.000434077,20.6077
435.85,-0.000431139,20.6077
435.9,-0.00043391,20.6077
435.95,-0.000431172,20.6077
436.0,-0.000430337,20.6076
436.05,-0.00043735,20.6076
436.1,-0.000418483,20.6076
436.15,-0.000430371,20.6076
436.2,-0.000429636,20.6076
436.25,-0.00043007,20.6075
436.3,-0.000424026,20.6075
436.35,-0.000429903,20.6075
436.4,-0.000422924,20.6075
436.45,-0.000417047,20.6075
436.5,-0.000410736,20.6074
436.55,-0.000425762,20.6074
436.6,-0.00042269,20.6074
436.65,-0.000427599,20.6074
436.7,-0.000433176,20.6073
436.75,-0.00043371,20.6073
436.8,-0.000433309,20.6073
436.85,-0.000436849,20.6073
436.9,-0.000436482,20.6073
436.95,-0.000427799,20.6072
437.0,-0.000429002,20.6072
437.05,-0.00043391,20.6072
437.1,-0.000439854,20.6072
437.15,-0.000434278,20.6072
437.2,-0.000438652,20.6071
437.25,-0.000436949,20.6071
437.3,-0.00043194,20.6071
437.35,-0.000430271,20.6071
437.4,-0.000431773,20.607
437.45,-0.000436047,20.607
437.5,-0.000429135,20.607
437.55,-0.000429135,20.607
437.6,-0.000427232,20.607
437.65,-0.000421889,20.6069
437.7,-0.000421388,20.6069
437.75,-0.000427031,20.6069
437.8,-0.000431139,20.6069
437.85,-0.000433042,20.6068
437.9,-0.000431974,20.6068
437.95,-0.000429135,20.6068
438.0,-0.000424427,20.6068
438.05,-0.000433777,20.6068
438.1,-0.000437817,20.6067
438.15,-0.000421555,20.6067
438.2,-0.000422456,20.6067
438.25,-0.000423659,20.6067
438.3,-0.000428901,20.6067
438.35,-0.000435714,20.6066
438.4,-0.000428534,20.6066
438.45,-0.000425863,20.6066
438.5,-0.000422724,20.6066
438.55,-0.000430705,20.6066
438.6,-0.000418583,20.6065
438.65,-0.000413507,20.6065
438.7,-0.000409667,20.6065
438.75,-0.000416846,20.6065
438.8,-0.000422089,20.6064
438.85,-0.00041895,20.6064
438.9,-0.000425395,20.6064
438.95,-0.000430404,20.6064
439.0,-0.000428,20.6064
439.05,-0.000425762,20.6063
439.1,-0.000422891,20.6063
439.15,-0.000423625,20.6063
439.2,-0.000431807,20.6063
439.25,-0.000432207,20.6063
439.3,-0.000423926,20.6062
439.35,-0.000428534,20.6062
439.4,-0.000426564,20.6062
439.45,-0.000429469,20.6062
439.5,-0.000434278,20.6061
439.55,-0.000431773,20.6061
439.6,-0.000432241,20.6061
439.65,-0.000429569,20.6061
439.7,-0.000430204,20.6061
439.75,-0.000432875,20.606
439.8,-0.000432975,20.606
439.85,-0.000433276,20.606
439.9,-0.000448136,20.606
439.95,-0.000447401,20.6059
440.0,-0.000437784,20.6059
440.05,-0.000433309,20.6059
440.1,-0.000420887,20.6059
440.15,-0.000432842,20.6059
440.2,-0.000430037,20.6058
440.25,-0.000434077,20.6058
440.3,-0.000438786,20.6058
440.35,-0.000433944,20.6058
440.4,-0.000433076,20.6058
440.45,-0.000434779,20.6057
440.5,-0.000436281,20.6057
440.55,-0.000445865,20.6057
440.6,-0.000436582,20.6057
440.65,-0.000433076,20.6056
440.7,-0.000438218,20.6056
440.75,-0.000432141,20.6056
440.8,-0.000433276,20.6056
440.85,-0.000441023,20.6056
440.9,-0.000440622,20.6055
440.95,-0.000430137,20.6055
441.0,-0.000422423,20.6055
441.05,-0.000427966,20.6055
441.1,-0.000414142,20.6055
441.15,-0.000413708,20.6054
441.2,-0.000420319,20.6054
441.25,-0.000420286,20.6054
441.3,-0.000421789,20.6054
441.35,-0.00042623,20.6053
441.4,-0.000438786,20.6053
441.45,-0.000428133,20.6053
441.5,-0.000428167,20.6053
441.55,-0.000428133,20.6053
441.6,-0.000423625,20.6052
441.65,-0.000423124,20.6052
441.7,-0.00042416,20.6052
441.75,-0.000417114,20.6052
441.8,-0.00042062,20.6052
441.85,-0.000425262,20.6051
441.9,-0.00042062,20.6051
441.95,-0.000414242,20.6051
442.0,-0.000411537,20.6051
442.05,-0.000417882,20.6051
442.1,-0.000419985,20.605
442.15,-0.000422123,20.605
442.2,-0.00041304,20.605
442.25,-0.0004096,20.605
442.3,-0.000425863,20.6049
442.35,-0.000422323,20.6049
442.4,-0.000428434,20.6049
442.45,-0.000422857,20.6049
442.5,-0.000429068,20.6049
442.55,-0.000428067,20.6048
442.6,-0.000430003,20.6048
442.65,-0.000431005,20.6048
442.7,-0.000425295,20.6048
442.75,-0.000421521,20.6048
442.8,-0.000417247,20.6047
442.85,-0.000422757,20.6047
442.9,-0.000410001,20.6047
442.95,-0.000425362,20.6047
443.0,-0.000414242,20.6047
443.05,-0.00041304,20.6046
443.1,-0.000410235,20.6046
443.15,-0.000419551,20.6046
443.2,-0.000414275,20.6046
443.25,-0.000417314,20.6045
443.3,-0.000411938,20.6045
443.35,-0.000415444,20.6045
443.4,-0.000421755,20.6045
443.45,-0.000409233,20.6045
443.5,-0.000414776,20.6044
443.55,-0.000416913,20.6044
443.6,-0.000424126,20.6044
443.65,-0.000432742,20.6044
443.7,-0.000428534,20.6044
443.75,-0.000427031,20.6043
443.8,-0.000431105,20.6043
443.85,-0.000425929,20.6043
443.9,-0.000423892,20.6043
443.95,-0.000420753,20.6043
444.0,-0.000426096,20.6042
444.05,-0.000421355,20.6042
444.1,-0.000421121,20.6042
444.15,-0.000419985,20.6042
444.2,-0.000421288,20.6041
444.25,-0.000421021,20.6041
444.3,-0.000424493,20.6041
444.35,-0.000429068,20.6041
444.4,-0.000427098,20.6041
444.45,-0.000427666,20.604
444.5,-0.00042643,20.604
444.55,-0.000426263,20.604
444.6,-0.000423225,20.604
444.65,-0.000428501,20.604
444.7,-0.000421822,20.6039
444.75,-0.000427332,20.6039
444.8,-0.000420787,20.6039
444.85,-0.000418516,20.6039
444.9,-0.00041304,20.6038
444.95,-0.000415444,20.6038
445.0,-0.000416012,20.6038
445.05,-0.00042466,20.6038
445.1,-0.000421989,20.6038
445.15,-0.000422123,20.6037
445.2,-0.000413073,20.6037
445.25,-0.000417548,20.6037
445.3,-0.000422189,20.6037
445.35,-0.000419752,20.6037
445.4,-0.000415544,20.6036
445.45,-0.000416513,20.6036
445.5,-0.000407897,20.6036
445.55,-0.000419184,20.6036
445.6,-0.000434411,20.6036
445.65,-0.000434378,20.6035
445.7,-0.000431272,20.6035
445.75,-0.00042653,20.6035
445.8,-0.000434278,20.6035
445.85,-0.000426965,20.6034
445.9,-0.000435547,20.6034
445.95,-0.000433176,20.6034
446.0,-0.000427632,20.6034
446.05,-0.000424126,20.6034
446.1,-0.000425963,20.6033
446.15,-0.000415945,20.6033
446.2,-0.000425028,20.6033
446.25,-0.000429068,20.6033
446.3,-0.000420787,20.6033
446.35,-0.00042072,20.6032
446.4,-0.000419117,20.6032
446.45,-0.000412338,20.6032
446.5,-0.00042466,20.6032
446.55,-0.000419718,20.6032
446.6,-0.00042613,20.6031
446.65,-0.000429703,20.6031
446.7,-0.00042466,20.6031
446.75,-0.000427499,20.6031
446.8,-0.000423225,20.603
446.85,-0.000422957,20.603
446.9,-0.000425028,20.603
446.95,-0.000424861,20.603
447.0,-0.000421889,20.603
447.05,-0.000423058,20.6029
447.1,-0.000418182,20.6029
447.15,-0.00042269,20.6029
447.2,-0.000429102,20.6029
447.25,-0.000426497,20.6029
447.3,-0.000433977,20.6028
447.35,-0.000422757,20.6028
447.4,-0.000412205,20.6028
447.45,-0.000410869,20.6028
447.5,-0.000419818,20.6027
447.55,-0.000428501,20.6027
447.6,-0.000420687,20.6027
447.65,-0.000418349,20.6027
447.7,-0.000420186,20.6027
447.75,-0.000415444,20.6026
447.8,-0.00041698,20.6026
447.85,-0.000413674,20.6026
447.9,-0.000409066,20.6026
447.95,-0.000421121,20.6026
448.0,-0.000424326,20.6025
448.05,-0.000423558,20.6025
448.1,-0.000415143,20.6025
448.15,-0.000423158,20.6025
448.2,-0.000424928,20.6025
448.25,-0.000422423,20.6024
448.3,-0.00042623,20.6024
448.35,-0.000416446,20.6024
448.4,-0.000415077,20.6024
448.45,-0.000412806,20.6024
448.5,-0.000421688,20.6023
448.55,-0.000431439,20.6023
448.6,-0.000427632,20.6023
448.65,-0.00043351,20.6023
448.7,-0.000436515,20.6022
448.75,-0.000431539,20.6022
448.8,-0.000429703,20.6022
448.85,-0.000418182,20.6022
448.9,-0.000419785,20.6022
448.95,-0.000423959,20.6021
449.0,-0.000423258,20.6021
449.05,-0.000422557,20.6021
449.1,-0.000427332,20.6021
449.15,-0.000426197,20.6021
449.2,-0.000409734,20.602
449.25,-0.000411337,20.602
449.3,-0.000416446,20.602
449.35,-0.000412272,20.602
449.4,-0.000421388,20.6019
449.45,-0.000420386,20.6019
449.5,-0.000416179,20.6019
449.55,-0.000429469,20.6019
449.6,-0.000435714,20.6019
449.65,-0.000426497,20.6018
449.7,-0.000427165,20.6018
449.75,-0.000425796,20.6018
449.8,-0.000419084,20.6018
449.85,-0.000430872,20.6018
449.9,-0.000421288,20.6017
449.95,-0.000423225,20.6017
450.0,-0.000425395,20.6017
450.05,-0.000424493,20.6017
450.1,-0.000418616,20.6017
450.15,-0.000415945,20.6016
450.2,-0.000428734,20.6016
450.25,-0.000423124,20.6016
450.3,-0.000433777,20.6016
450.35,-0.000421355,20.6015
450.4,-0.000427933,20.6015
450.45,-0.000422423,20.6015
450.5,-0.000421087,20.6015
450.55,-0.000424961,20.6015
450.6,-0.000425729,20.6014
450.65,-0.000415277,20.6014
450.7,-0.000423058,20.6014
450.75,-0.000434278,20.6014
450.8,-0.00043942,20.6014
450.85,-0.000438752,20.6013
450.9,-0.000424994,20.6013
450.95,-0.000430571,20.6013
451.0,-0.000436415,20.6013
451.05,-0.000432241,20.6012
451.1,-0.000428768,20.6012
451.15,-0.000424594,20.6012
451.2,-0.000434244,20.6012
451.25,-0.000425328,20.6012
451.3,-0.000423058,20.6011
451.35,-0.000421922,20.6011
451.4,-0.000419985,20.6011
451.45,-0.00042466,20.6011
451.5,-0.000432007,20.6011
451.55,-0.000424827,20.601
451.6,-0.000429636,20.601
451.65,-0.000431673,20.601
451.7,-0.000431807,20.601
451.75,-0.000428901,20.6009
451.8,-0.000421355,20.6009
451.85,-0.00042092,20.6009
451.9,-0.000411504,20.6009
451.95,-0.000415611,20.6009
452.0,-0.000409567,20.6008
452.05,-0.000415444,20.6008
452.1,-0.000421388,20.6008
452.15,-0.000429168,20.6008
452.2,-0.000423959,20.6008
452.25,-0.000423358,20.6007
452.3,-0.000426931,20.6007
452.35,-0.000415978,20.6007
452.4,-0.000420019,20.6007
452.45,-0.000417347,20.6007
452.5,-0.000422256,20.6006
452.55,-0.000415911,20.6006
452.6,-0.000412205,20.6006
452.65,-0.000405092,20.6006
452.7,-0.000421388,20.6005
452.75,-0.000423291,20.6005
452.8,-0.000434712,20.6005
452.85,-0.000436982,20.6005
452.9,-0.000427699,20.6005
452.95,-0.000412338,20.6004
453.0,-0.000416846,20.6004
453.05,-0.000421755,20.6004
453.1,-0.000414075,20.6004
453.15,-0.000416479,20.6004
453.2,-0.000420086,20.6003
453.25,-0.000420653,20.6003
453.3,-0.00041718,20.6003
453.35,-0.000411003,20.6003
453.4,-0.00042613,20.6003
453.45,-0.00042633,20.6002
453.5,-0.000424627,20.6002
453.55,-0.00041708,20.6002
453.6,-0.00042229,20.6002
453.65,-0.000418783,20.6001
453.7,-0.000421221,20.6001
453.75,-0.000420052,20.6001
453.8,-0.000418449,20.6001
453.85,-0.000416045,20.6001
453.9,-0.000416713,20.6
453.95,-0.000414709,20.6
454.0,-0.000411804,20.6
454.05,-0.000409032,20.6
454.1,-0.000413006,20.6
454.15,-0.000416746,20.5999
454.2,-0.000416112,20.5999
454.25,-0.000419885,20.5999
454.3,-0.000420787,20.5999
454.35,-0.000420653,20.5999
454.4,-0.00041531,20.5998
454.45,-0.000418683,20.5998
454.5,-0.000422123,20.5998
454.55,-0.000419818,20.5998
454.6,-0.000417047,20.5998
454.65,-0.000419852,20.5997
454.7,-0.000419184,20.5997
454.75,-0.000423926,20.5997
454.8,-0.000425028,20.5997
454.85,-0.000422423,20.5996
454.9,-0.0004284,20.5996
454.95,-0.000429937,20.5996
455.0,-0.000429436,20.5996
455.05,-0.000434979,20.5996
455.1,-0.000428167,20.5995
455.15,-0.000425428,20.5995
455.2,-0.000421956,20.5995
455.25,-0.000418917,20.5995
455.3,-0.000411837,20.5995
455.35,-0.000416045,20.5994
455.4,-0.000417548,20.5994
455.45,-0.000433276,20.5994
455.5,-0.000423492,20.5994
455.55,-0.000428734,20.5993
455.6,-0.000423191,20.5993
455.65,-0.000418249,20.5993
455.7,-0.000415811,20.5993
455.75,-0.000420119,20.5993
455.8,-0.000421655,20.5992
455.85,-0.00042229,20.5992
455.9,-0.000417848,20.5992
455.95,-0.000411771,20.5992
456.0,-0.000414943,20.5992
456.05,-0.000423058,20.5991
456.1,-0.000428601,20.5991
456.15,-0.00042239,20.5991
456.2,-0.000413006,20.5991
456.25,-0.000421021,20.5991
456.3,-0.000419284,20.599
456.35,-0.000415911,20.599
456.4,-0.000424994,20.599
456.45,-0.000431573,20.599
456.5,-0.000431773,20.5989
456.55,-0.000435346,20.5989
456.6,-0.000435547,20.5989
456.65,-0.000429569,20.5989
456.7,-0.000430504,20.5989
456.75,-0.000431038,20.5988
456.8,-0.000425462,20.5988
456.85,-0.00042643,20.5988
456.9,-0.000425428,20.5988
456.95,-0.000428334,20.5988
457.0,-0.000437851,20.5987
457.05,-0.000439253,20.5987
457.1,-0.000434912,20.5987
457.15,-0.000441491,20.5987
457.2,-0.000440422,20.5986
457.25,-0.000444062,20.5986
457.3,-0.000432241,20.5986
457.35,-0.000442693,20.5986
457.4,-0.000441958,20.5986
457.45,-0.000440288,20.5985
457.5,-0.000439487,20.5985
457.55,-0.000440723,20.5985
457.6,-0.000430137,20.5985
457.65,-0.000425028,20.5984
457.7,-0.000426564,20.5984
457.75,-0.000429836,20.5984
457.8,-0.000425562,20.5984
457.85,-0.000425195,20.5984
457.9,-0.000425262,20.5983
457.95,-0.000423659,20.5983
458.0,-0.0004281,20.5983
458.05,-0.000422256,20.5983
458.1,-0.000420553,20.5983
458.15,-0.000425395,20.5982
458.2,-0.000421822,20.5982
458.25,-0.000427265,20.5982
458.3,-0.000433142,20.5982
458.35,-0.000431673,20.5982
458.4,-0.000430872,20.5981
458.45,-0.000422991,20.5981
458.5,-0.000421822,20.5981
458.55,-0.000422356,20.5981
458.6,-0.000416947,20.598
458.65,-0.000425896,20.598
458.7,-0.00041875,20.598
458.75,-0.000407496,20.598
458.8,-0.000420987,20.598
458.85,-0.000420687,20.5979
458.9,-0.000424193,20.5979
458.95,-0.000426564,20.5979
459.0,-0.000418883,20.5979
459.05,-0.00042279,20.5979
459.1,-0.000421588,20.5978
459.15,-0.000412305,20.5978
459.2,-0.000424961,20.5978
459.25,-0.00041688,20.5978
459.3,-0.000414309,20.5978
459.35,-0.000414476,20.5977
459.4,-0.000400217,20.5977
459.45,-0.000406194,20.5977
459.5,-0.00041344,20.5977
459.55,-0.000415477,20.5976
459.6,-0.000413407,20.5976
459.65,-0.000418683,20.5976
459.7,-0.000412439,20.5976
459.75,-0.000413307,20.5976
459.8,-0.00041344,20.5975
459.85,-0.000407763,20.5975
459.9,-0.000406995,20.5975
459.95,-0.000405593,20.5975
460.0,-0.000417514,20.5975
460.05,-0.000404691,20.5974
460.1,-0.000414442,20.5974
460.15,-0.000416746,20.5974
460.2,-0.000415945,20.5974
460.25,-0.000415711,20.5974
460.3,-0.000411904,20.5973
460.35,-0.000405994,20.5973
460.4,-0.000405426,20.5973
460.45,-0.000403489,20.5973
460.5,-0.000407396,20.5973
460.55,-0.000419852,20.5972
460.6,-0.000418216,20.5972
460.65,-0.000410301,20.5972
460.7,-0.000413607,20.5972
460.75,-0.000424761,20.5972
460.8,-0.000421054,20.5971
460.85,-0.000419151,20.5971
460.9,-0.000413908,20.5971
460.95,-0.000411537,20.5971
461.0,-0.000420854,20.597
461.05,-0.000423859,20.597
461.1,-0.000422323,20.597
461.15,-0.00042249,20.597
461.2,-0.000413874,20.597
461.25,-0.000430337,20.5969
461.3,-0.000433376,20.5969
461.35,-0.000419151,20.5969
461.4,-0.000420553,20.5969
461.45,-0.000418683,20.5969
461.5,-0.000426063,20.5968
461.55,-0.000418416,20.5968
461.6,-0.000407897,20.5968
461.65,-0.000406094,20.5968
461.7,-0.000411504,20.5968
461.75,-0.000413273,20.5967
461.8,-0.000420386,20.5967
461.85,-0.000416245,20.5967
461.9,-0.000413674,20.5967
461.95,-0.00041304,20.5967
462.0,-0.000414542,20.5966
462.05,-0.000417648,20.5966
462.1,-0.000419818,20.5966
462.15,-0.000406361,20.5966
462.2,-0.000408331,20.5965
462.25,-0.000405727,20.5965
462.3,-0.000410368,20.5965
462.35,-0.000406027,20.5965
462.4,-0.000412572,20.5965
462.45,-0.000411504,20.5964
462.5,-0.000416513,20.5964
462.55,-0.000410769,20.5964
462.6,-0.000417047,20.5964
462.65,-0.000416012,20.5964
462.7,-0.000411504,20.5963
462.75,-0.00040182,20.5963
462.8,-0.000401118,20.5963
462.85,-0.00040763,20.5963
462.9,-0.00040763,20.5963
462.95,-0.000403088,20.5962
463.0,-0.000418883,20.5962
463.05,-0.000417715,20.5962
463.1,-0.000423358,20.5962
463.15,-0.00041885,20.5962
463.2,-0.000423892,20.5961
463.25,-0.000418316,20.5961
463.3,-0.000424326,20.5961
463.35,-0.00043194,20.5961
463.4,-0.000428668,20.5961
463.45,-0.000429803,20.596
463.5,-0.000426597,20.596
463.55,-0.000420486,20.596
463.6,-0.000427399,20.596
463.65,-0.000421421,20.5959
463.7,-0.000428901,20.5959
463.75,-0.000429302,20.5959
463.8,-0.000434545,20.5959
463.85,-0.000426965,20.5959
463.9,-0.00042633,20.5958
463.95,-0.000426096,20.5958
464.0,-0.000425128,20.5958
464.05,-0.00041698,20.5958
464.1,-0.000425295,20.5958
464.15,-0.000423659,20.5957
464.2,-0.000422557,20.5957
464.25,-0.000430271,20.5957
464.3,-0.000431038,20.5957
464.35,-0.000426631,20.5956
464.4,-0.000422891,20.5956
464.45,-0.00041875,20.5956
464.5,-0.000426697,20.5956
464.55,-0.000435079,20.5956
464.6,-0.000431172,20.5955
464.65,-0.00043204,20.5955
464.7,-0.000432408,20.5955
464.75,-0.000431205,20.5955
464.8,-0.000426497,20.5955
464.85,-0.00042633,20.5954
464.9,-0.000427031,20.5954
464.95,-0.000410535,20.5954
465.0,-0.000419685,20.5954
465.05,-0.000418282,20.5953
465.1,-0.000414476,20.5953
465.15,-0.000423725,20.5953
465.2,-0.000426697,20.5953
465.25,-0.000429703,20.5953
465.3,-0.00042259,20.5952
465.35,-0.000425428,20.5952
465.4,-0.000425495,20.5952
465.45,-0.000434979,20.5952
465.5,-0.000422724,20.5952
465.55,-0.000418282,20.5951
465.6,-0.000428234,20.5951
465.65,-0.000428734,20.5951
465.7,-0.000424293,20.5951
465.75,-0.000432408,20.5951
465.8,-0.000431306,20.595
465.85,-0.000428,20.595
465.9,-0.000431239,20.595
465.95,-0.000436014,20.595
466.0,-0.000418817,20.5949
466.05,-0.000430037,20.5949
466.1,-0.000426731,20.5949
466.15,-0.000423291,20.5949
466.2,-0.000420253,20.5949
466.25,-0.000414776,20.5948
466.3,-0.000419752,20.5948
466.35,-0.000414709,20.5948
466.4,-0.000419117,20.5948
466.45,-0.000418883,20.5948
466.5,-0.000420553,20.5947
466.55,-0.000421855,20.5947
466.6,-0.000428067,20.5947
466.65,-0.000430471,20.5947
466.7,-0.000423191,20.5946
466.75,-0.0004284,20.5946
466.8,-0.000430805,20.5946
466.85,-0.000427432,20.5946
466.9,-0.000425495,20.5946
466.95,-0.000426163,20.5945
467.0,-0.000427666,20.5945
467.05,-0.000427098,20.5945
467.1,-0.000423725,20.5945
467.15,-0.000427699,20.5945
467.2,-0.000423325,20.5944
467.25,-0.000424794,20.5944
467.3,-0.000429502,20.5944
467.35,-0.00042643,20.5944
467.4,-0.000422356,20.5943
467.45,-0.000416212,20.5943
467.5,-0.000420954,20.5943
467.55,-0.000411236,20.5943
467.6,-0.000420253,20.5943
467.65,-0.00042613,20.5942
467.7,-0.000430371,20.5942
467.75,-0.000422924,20.5942
467.8,-0.000419785,20.5942
467.85,-0.000422891,20.5942
467.9,-0.000419418,20.5941
467.95,-0.000416479,20.5941
468.0,-0.00041885,20.5941
468.05,-0.000421254,20.5941
468.1,-0.000423759,20.5941
468.15,-0.000417514,20.594
468.2,-0.000428768,20.594
468.25,-0.000429002,20.594
468.3,-0.000429269,20.594
468.35,-0.000423558,20.5939
468.4,-0.000428734,20.5939
468.45,-0.000429102,20.5939
468.5,-0.000433777,20.5939
468.55,-0.000437216,20.5939
468.6,-0.000431573,20.5938
468.65,-0.000427699,20.5938
468.7,-0.000434278,20.5938
468.75,-0.000441858,20.5938
468.8,-0.000430872,20.5938
468.85,-0.000434177,20.5937
468.9,-0.000439019,20.5937
468.95,-0.000442058,20.5937
469.0,-0.000439654,20.5937
469.05,-0.000443928,20.5936
469.1,-0.000439186,20.5936
469.15,-0.000444463,20.5936
469.2,-0.000447902,20.5936
469.25,-0.000432207,20.5936
469.3,-0.000435012,20.5935
469.35,-0.000436281,20.5935
469.4,-0.000436882,20.5935
469.45,-0.000437116,20.5935
469.5,-0.000440889,20.5934
469.55,-0.000439387,20.5934
469.6,-0.000441023,20.5934
469.65,-0.000443828,20.5934
469.7,-0.000430938,20.5934
469.75,-0.00043538,20.5933
469.8,-0.000422423,20.5933
469.85,-0.000428133,20.5933
469.9,-0.00043558,20.5933
469.95,-0.000438819,20.5933
470.0,-0.000435947,20.5932
470.05,-0.000432608,20.5932
470.1,-0.000434044,20.5932
470.15,-0.000432341,20.5932
470.2,-0.000435547,20.5931
470.25,-0.000430504,20.5931
470.3,-0.00043194,20.5931
470.35,-0.000428868,20.5931
470.4,-0.000423826,20.5931
470.45,-0.000425061,20.593
470.5,-0.000425595,20.593
470.55,-0.000425529,20.593
470.6,-0.000420186,20.593
470.65,-0.000424493,20.593
470.7,-0.000427933,20.5929
470.75,-0.00042603,20.5929
470.8,-0.000431773,20.5929
470.85,-0.000434845,20.5929
470.9,-0.000431239,20.5928
470.95,-0.000430104,20.5928
471.0,-0.000422924,20.5928
471.05,-0.000418583,20.5928
471.1,-0.000419284,20.5928
471.15,-0.000424059,20.5927
471.2,-0.000429703,20.5927
471.25,-0.000425863,20.5927
471.3,-0.000421722,20.5927
471.35,-0.000426297,20.5927
471.4,-0.000424761,20.5926
471.45,-0.000433743,20.5926
471.5,-0.000435213,20.5926
471.55,-0.000425061,20.5926
471.6,-0.000427198,20.5925
471.65,-0.000426664,20.5925
471.7,-0.000424594,20.5925
471.75,-0.000417815,20.5925
471.8,-0.00042416,20.5925
471.85,-0.000423258,20.5924
471.9,-0.000427566,20.5924
471.95,-0.000428801,20.5924
472.0,-0.000432942,20.5924
472.05,-0.000429803,20.5924
472.1,-0.000436348,20.5923
472.15,-0.000442559,20.5923
472.2,-0.000442292,20.5923
472.25,-0.000443227,20.5923
472.3,-0.000435547,20.5922
472.35,-0.00044139,20.5922
472.4,-0.000447134,20.5922
472.45,-0.000449338,20.5922
472.5,-0.000439053,20.5922
472.55,-0.000437483,20.5921
472.6,-0.000443628,20.5921
472.65,-0.000440222,20.5921
472.7,-0.000449672,20.5921
472.75,-0.00045064,20.592
472.8,-0.000447735,20.592
472.85,-0.000444696,20.592
472.9,-0.000437684,20.592
472.95,-0.000430872,20.592
473.0,-0.000440923,20.5919
473.05,-0.000434779,20.5919
473.1,-0.000440355,20.5919
473.15,-0.000440689,20.5919
473.2,-0.000441958,20.5918
473.25,-0.00043755,20.5918
473.3,-0.000436248,20.5918
473.35,-0.000436548,20.5918
473.4,-0.000434244,20.5918
473.45,-0.000436849,20.5917
473.5,-0.000434044,20.5917
473.55,-0.000434979,20.5917
473.6,-0.000447568,20.5917
473.65,-0.00043942,20.5916
473.7,-0.000444195,20.5916
473.75,-0.000432141,20.5916
473.8,-0.000444763,20.5916
473.85,-0.000443294,20.5916
473.9,-0.000453579,20.5915
473.95,-0.000442426,20.5915
474.0,-0.000434211,20.5915
474.05,-0.000439721,20.5915
474.1,-0.00044296,20.5914
474.15,-0.000449605,20.5914
474.2,-0.000437717,20.5914
474.25,-0.00043932,20.5914
474.3,-0.000436248,20.5914
474.35,-0.000441958,20.5913
474.4,-0.000445965,20.5913
474.45,-0.00043942,20.5913
474.5,-0.000432875,20.5913
474.55,-0.000435046,20.5913
474.6,-0.000425762,20.5912
474.65,-0.000435914,20.5912
474.7,-0.000438318,20.5912
474.75,-0.000436114,20.5912
474.8,-0.00043017,20.5911
474.85,-0.000438251,20.5911
474.9,-0.000434177,20.5911
474.95,-0.000428567,20.5911
475.0,-0.00042623,20.5911
475.05,-0.000428601,20.591
475.1,-0.000426764,20.591
475.15,-0.000429436,20.591
475.2,-0.000430604,20.591
475.25,-0.000429035,20.5909
475.3,-0.000432141,20.5909
475.35,-0.000426464,20.5909
475.4,-0.000419852,20.5909
475.45,-0.000427198,20.5909
475.5,-0.000428,20.5908
475.55,-0.000428634,20.5908
475.6,-0.000433242,20.5908
475.65,-0.000432975,20.5908
475.7,-0.000413641,20.5908
475.75,-0.000414242,20.5907
475.8,-0.000429202,20.5907
475.85,-0.000430972,20.5907
475.9,-0.000420687,20.5907
475.95,-0.000423425,20.5907
476.0,-0.000423058,20.5906
476.05,-0.00042466,20.5906
476.1,-0.000422724,20.5906
476.15,-0.000416713,20.5906
476.2,-0.000430104,20.5905
476.25,-0.000428534,20.5905
476.3,-0.000426998,20.5905
476.35,-0.000424627,20.5905
476.4,-0.000433209,20.5905
476.45,-0.000425662,20.5904
476.5,-0.000424627,20.5904
476.55,-0.000425061,20.5904
476.6,-0.000427532,20.5904
476.65,-0.000422757,20.5904
476.7,-0.00042426,20.5903
476.75,-0.000427666,20.5903
476.8,-0.000427866,20.5903
476.85,-0.000423024,20.5903
476.9,-0.000429502,20.5902
476.95,-0.000430571,20.5902
477.0,-0.000436882,20.5902
477.05,-0.000437483,20.5902
477.1,-0.000430104,20.5902
477.15,-0.000434812,20.5901
477.2,-0.000434311,20.5901
477.25,-0.000437417,20.5901
477.3,-0.000441858,20.5901
477.35,-0.000435881,20.59
477.4,-0.000427299,20.59
477.45,-0.000433443,20.59
477.5,-0.00043017,20.59
477.55,-0.000433343,20.59
477.6,-0.000421722,20.5899
477.65,-0.000421021,20.5899
477.7,-0.000427499,20.5899
477.75,-0.000426998,20.5899
477.8,-0.00043922,20.5899
477.85,-0.000441023,20.5898
477.9,-0.000433409,20.5898
477.95,-0.000444563,20.5898
478.0,-0.000439019,20.5898
478.05,-0.000436982,20.5897
478.1,-0.000429168,20.5897
478.15,-0.000429436,20.5897
478.2,-0.000431072,20.5897
478.25,-0.00042416,20.5897
478.3,-0.000417114,20.5896
478.35,-0.00043538,20.5896
478.4,-0.000430738,20.5896
478.45,-0.00042997,20.5896
478.5,-0.00043007,20.5896
478.55,-0.000429536,20.5895
478.6,-0.000427699,20.5895
478.65,-0.000426363,20.5895
478.7,-0.000418716,20.5895
478.75,-0.000427198,20.5894
478.8,-0.000420586,20.5894
478.85,-0.00042426,20.5894
478.9,-0.000420854,20.5894
478.95,-0.000426631,20.5894
479.0,-0.000430771,20.5893
479.05,-0.000439988,20.5893
479.1,-0.000430104,20.5893
479.15,-0.000421622,20.5893
479.2,-0.000427465,20.5893
479.25,-0.0004283,20.5892
479.3,-0.000433142,20.5892
479.35,-0.000437817,20.5892
479.4,-0.000440489,20.5892
479.45,-0.00044483,20.5891
479.5,-0.000441925,20.5891
479.55,-0.000434745,20.5891
479.6,-0.00043932,20.5891
479.65,-0.000430504,20.5891
479.7,-0.000428768,20.589
479.75,-0.000421789,20.589
479.8,-0.000424894,20.589
479.85,-0.000430671,20.589
479.9,-0.000433109,20.589
479.95,-0.000434044,20.5889
480.0,-0.000427399,20.5889
480.05,-0.000431673,20.5889
480.1,-0.000432141,20.5889
480.15,-0.000442426,20.5888
480.2,-0.000426864,20.5888
480.25,-0.000430237,20.5888
480.3,-0.000425195,20.5888
480.35,-0.000424493,20.5888
480.4,-0.000429002,20.5887
480.45,-0.000436582,20.5887
480.5,-0.000435547,20.5887
480.55,-0.000428434,20.5887
480.6,-0.000433777,20.5887
480.65,-0.000432074,20.5886
480.7,-0.000433309,20.5886
480.75,-0.000438786,20.5886
480.8,-0.000439921,20.5886
480.85,-0.000438318,20.5885
480.9,-0.000438318,20.5885
480.95,-0.0004466,20.5885
481.0,-0.000449438,20.5885
481.05,-0.000456417,20.5885
481.1,-0.000444296,20.5884
481.15,-0.000442492,20.5884
481.2,-0.000443227,20.5884
481.25,-0.000434712,20.5884
481.3,-0.000427666,20.5883
481.35,-0.000434244,20.5883
481.4,-0.000434211,20.5883
481.45,-0.000436214,20.5883
481.5,-0.000427098,20.5883
481.55,-0.000441624,20.5882
481.6,-0.000443194,20.5882
481.65,-0.000439954,20.5882
481.7,-0.000440956,20.5882
481.75,-0.000438953,20.5881
481.8,-0.000438519,20.5881
481.85,-0.000447034,20.5881
481.9,-0.000440622,20.5881
481.95,-0.000437617,20.5881
482.0,-0.000437216,20.588
482.05,-0.000443861,20.588
482.1,-0.000431005,20.588
482.15,-0.000435947,20.588
482.2,-0.000434879,20.5879
482.25,-0.000433009,20.5879
482.3,-0.000434779,20.5879
482.35,-0.000424694,20.5879
482.4,-0.000422724,20.5879
482.45,-0.000425696,20.5878
482.5,-0.000425095,20.5878
482.55,-0.000424761,20.5878
482.6,-0.000430237,20.5878
482.65,-0.000426497,20.5878
482.7,-0.000424827,20.5877
482.75,-0.000435012,20.5877
482.8,-0.00042623,20.5877
482.85,-0.000432007,20.5877
482.9,-0.000434745,20.5876
482.95,-0.000425295,20.5876
483.0,-0.000427666,20.5876
483.05,-0.000425796,20.5876
483.1,-0.000429736,20.5876
483.15,-0.000432341,20.5875
483.2,-0.000437383,20.5875
483.25,-0.00043184,20.5875
483.3,-0.000428901,20.5875
483.35,-0.000430437,20.5875
483.4,-0.000444095,20.5874
483.45,-0.000446834,20.5874
483.5,-0.000442593,20.5874
483.55,-0.00043755,20.5874
483.6,-0.000435313,20.5873
483.65,-0.000432274,20.5873
483.7,-0.000429803,20.5873
483.75,-0.000423158,20.5873
483.8,-0.000427699,20.5873
483.85,-0.000426096,20.5872
483.9,-0.000424827,20.5872
483.95,-0.000423225,20.5872
484.0,-0.000426697,20.5872
484.05,-0.000431372,20.5872
484.1,-0.000422924,20.5871
484.15,-0.000423792,20.5871
484.2,-0.000437049,20.5871
484.25,-0.000431873,20.5871
484.3,-0.000428467,20.587
484.35,-0.000423291,20.587
484.4,-0.000420586,20.587
484.45,-0.000427465,20.587
484.5,-0.000432975,20.587
484.55,-0.000431473,20.5869
484.6,-0.000430337,20.5869
484.65,-0.000434946,20.5869
484.7,-0.00043922,20.5869
484.75,-0.000440088,20.5869
484.8,-0.000441958,20.5868
484.85,-0.000442459,20.5868
484.9,-0.000441591,20.5868
484.95,-0.000437417,20.5868
485.0,-0.000430638,20.5867
485.05,-0.000423425,20.5867
485.1,-0.000426831,20.5867
485.15,-0.000423725,20.5867
485.2,-0.00042643,20.5867
485.25,-0.00042977,20.5866
485.3,-0.000436448,20.5866
485.35,-0.000433443,20.5866
485.4,-0.000435112,20.5866
485.45,-0.000434578,20.5865
485.5,-0.000434478,20.5865
485.55,-0.000431406,20.5865
485.6,-0.000428935,20.5865
485.65,-0.000421121,20.5865
485.7,-0.000420586,20.5864
485.75,-0.000421555,20.5864
485.8,-0.000429369,20.5864
485.85,-0.000427766,20.5864
485.9,-0.000422022,20.5864
485.95,-0.000427165,20.5863
486.0,-0.000427699,20.5863
486.05,-0.000427933,20.5863
486.1,-0.000424226,20.5863
486.15,-0.000428634,20.5862
486.2,-0.000432007,20.5862
486.25,-0.000415778,20.5862
486.3,-0.00041501,20.5862
486.35,-0.000423191,20.5862
486.4,-0.000423725,20.5861
486.45,-0.000426864,20.5861
486.5,-0.000436615,20.5861
486.55,-0.000432641,20.5861
486.6,-0.000415845,20.5861
486.65,-0.00042436,20.586
486.7,-0.00042092,20.586
486.75,-0.000430838,20.586
486.8,-0.000423325,20.586
486.85,-0.000419752,20.586
486.9,-0.000422724,20.5859
486.95,-0.000423458,20.5859
487.0,-0.000419351,20.5859
487.05,-0.000422724,20.5859
487.1,-0.000425462,20.5858
487.15,-0.000423091,20.5858
487.2,-0.000424961,20.5858
487.25,-0.000428434,20.5858
487.3,-0.000435079,20.5858
487.35,-0.000425195,20.5857
487.4,-0.000428634,20.5857
487.45,-0.000426197,20.5857
487.5,-0.000428634,20.5857
487.55,-0.000438786,20.5857
487.6,-0.00043391,20.5856
487.65,-0.000429302,20.5856
487.7,-0.00042416,20.5856
487.75,-0.00042426,20.5856
487.8,-0.00041875,20.5855
487.85,-0.00042643,20.5855
487.9,-0.000428835,20.5855
487.95,-0.000429536,20.5855
488.0,-0.000429135,20.5855
488.05,-0.000419651,20.5854
488.1,-0.000423258,20.5854
488.15,-0.000438218,20.5854
488.2,-0.000427699,20.5854
488.25,-0.000437884,20.5854
488.3,-0.000428501,20.5853
488.35,-0.000432508,20.5853
488.4,-0.000437016,20.5853
488.45,-0.000438084,20.5853
488.5,-0.000437684,20.5852
488.55,-0.000434244,20.5852
488.6,-0.00043381,20.5852
488.65,-0.00043942,20.5852
488.7,-0.000433176,20.5852
488.75,-0.000436548,20.5851
488.8,-0.000438218,20.5851
488.85,-0.000438819,20.5851
488.9,-0.000441056,20.5851
488.95,-0.00042997,20.585
489.0,-0.000431673,20.585
489.05,-0.000432241,20.585
489.1,-0.000436548,20.585
489.15,-0.000431038,20.585
489.2,-0.000429536,20.5849
489.25,-0.000431539,20.5849
489.3,-0.00043548,20.5849
489.35,-0.000436749,20.5849
489.4,-0.000443962,20.5849
489.45,-0.00044326,20.5848
489.5,-0.000436348,20.5848
489.55,-0.000448904,20.5848
489.6,-0.000447301,20.5848
489.65,-0.000438686,20.5847
489.7,-0.000447468,20.5847
489.75,-0.000447969,20.5847
489.8,-0.000451842,20.5847
489.85,-0.000452477,20.5847
489.9,-0.000440889,20.5846
489.95,-0.000442158,20.5846
490.0,-0.000440589,20.5846
490.05,-0.000441658,20.5846
490.1,-0.000445431,20.5845
490.15,-0.000433576,20.5845
490.2,-0.000436715,20.5845
490.25,-0.000442292,20.5845
490.3,-0.000445832,20.5845
490.35,-0.000438919,20.5844
490.4,-0.000445565,20.5844
490.45,-0.000439687,20.5844
490.5,-0.000429703,20.5844
490.55,-0.000434946,20.5843
490.6,-0.000436548,20.5843
490.65,-0.000435079,20.5843
490.7,-0.000440756,20.5843
490.75,-0.000441758,20.5843
490.8,-0.000436649,20.5842
490.85,-0.000432675,20.5842
490.9,-0.000441991,20.5842
490.95,-0.000436148,20.5842
491.0,-0.000436348,20.5841
491.05,-0.000438452,20.5841
491.1,-0.000445832,20.5841
491.15,-0.000443093,20.5841
491.2,-0.000444062,20.5841
491.25,-0.000452777,20.584
491.3,-0.000440088,20.584
491.35,-0.000432808,20.584
491.4,-0.000437517,20.584
491.45,-0.000445999,20.5839
491.5,-0.000439253,20.5839
491.55,-0.000438786,20.5839
491.6,-0.000438118,20.5839
491.65,-0.000440556,20.5839
491.7,-0.000451175,20.5838
491.75,-0.000445765,20.5838
491.8,-0.000445364,20.5838
491.85,-0.000442659,20.5838
491.9,-0.000451609,20.5837
491.95,-0.0004465,20.5837
492.0,-0.000440556,20.5837
492.05,-0.000441056,20.5837
492.1,-0.000427833,20.5837
492.15,-0.000433877,20.5836
492.2,-0.000432241,20.5836
492.25,-0.000442459,20.5836
492.3,-0.000440522,20.5836
492.35,-0.000444095,20.5836
492.4,-0.000450607,20.5835
492.45,-0.000449271,20.5835
492.5,-0.000452009,20.5835
492.55,-0.000444563,20.5835
492.6,-0.000444262,20.5834
492.65,-0.000442693,20.5834
492.7,-0.000450306,20.5834
492.75,-0.000436849,20.5834
492.8,-0.000437116,20.5834
492.85,-0.000444596,20.5833
492.9,-0.00044503,20.5833
492.95,-0.000434879,20.5833
493.0,-0.000446199,20.5833
493.05,-0.000435714,20.5832
493.1,-0.000436214,20.5832
493.15,-0.00043725,20.5832
493.2,-0.000431606,20.5832
493.25,-0.000438118,20.5832
493.3,-0.000433309,20.5831
493.35,-0.000441858,20.5831
493.4,-0.000432307,20.5831
493.45,-0.000435547,20.5831
493.5,-0.000435313,20.583
493.55,-0.000432074,20.583
493.6,-0.000439186,20.583
493.65,-0.000422824,20.583
493.7,-0.000427733,20.583
493.75,-0.000424226,20.5829
493.8,-0.000435814,20.5829
493.85,-0.000434745,20.5829
493.9,-0.000432775,20.5829
493.95,-0.00043538,20.5829
494.0,-0.000436749,20.5828
494.05,-0.000435179,20.5828
494.1,-0.000432241,20.5828
494.15,-0.000431473,20.5828
494.2,-0.000430504,20.5827
494.25,-0.000427499,20.5827
494.3,-0.000431272,20.5827
494.35,-0.000434244,20.5827
494.4,-0.000429569,20.5827
494.45,-0.000433409,20.5826
494.5,-0.00043558,20.5826
494.55,-0.000431105,20.5826
494.6,-0.000439721,20.5826
494.65,-0.000435747,20.5825
494.7,-0.000435881,20.5825
494.75,-0.000440889,20.5825
494.8,-0.000438719,20.5825
494.85,-0.000436815,20.5825
494.9,-0.000434645,20.5824
494.95,-0.00043381,20.5824
495.0,-0.00043538,20.5824
495.05,-0.000440956,20.5824
495.1,-0.000440489,20.5824
495.15,-0.000433409,20.5823
495.2,-0.00043755,20.5823
495.25,-0.000437283,20.5823
495.3,-0.000431506,20.5823
495.35,-0.000439487,20.5822
495.4,-0.000439353,20.5822
495.45,-0.000435547,20.5822
495.5,-0.000416947,20.5822
495.55,-0.000426297,20.5822
495.6,-0.000437116,20.5821
495.65,-0.000429269,20.5821
495.7,-0.000428567,20.5821
495.75,-0.000427031,20.5821
495.8,-0.000432641,20.582
495.85,-0.000435046,20.582
495.9,-0.000425562,20.582
495.95,-0.000429603,20.582
496.0,-0.000416679,20.582
496.05,-0.000421455,20.5819
496.1,-0.00041698,20.5819
496.15,-0.000424226,20.5819
496.2,-0.000425896,20.5819
496.25,-0.000429135,20.5819
496.3,-0.00042466,20.5818
496.35,-0.000429068,20.5818
496.4,-0.00042416,20.5818
496.45,-0.000425762,20.5818
496.5,-0.000420954,20.5818
496.55,-0.000423225,20.5817
496.6,-0.000433977,20.5817
496.65,-0.000425362,20.5817
496.7,-0.000427966,20.5817
496.75,-0.00042653,20.5816
496.8,-0.000434612,20.5816
496.85,-0.000438552,20.5816
496.9,-0.000429669,20.5816
496.95,-0.000421188,20.5816
497.0,-0.000418282,20.5815
497.05,-0.000424493,20.5815
497.1,-0.000418349,20.5815
497.15,-0.000425562,20.5815
497.2,-0.000423124,20.5815
497.25,-0.000418716,20.5814
497.3,-0.000415644,20.5814
497.35,-0.000417514,20.5814
497.4,-0.00041875,20.5814
497.45,-0.000423959,20.5813
497.5,-0.000420386,20.5813
497.55,-0.000411003,20.5813
497.6,-0.000416746,20.5813
497.65,-0.000417715,20.5813
497.7,-0.000421855,20.5812
497.75,-0.000421789,20.5812
497.8,-0.000427232,20.5812
497.85,-0.000415043,20.5812
497.9,-0.000417147,20.5812
497.95,-0.000419718,20.5811
498.0,-0.000418883,20.5811
498.05,-0.000415177,20.5811
498.1,-0.000422022,20.5811
498.15,-0.000419618,20.5811
498.2,-0.000416579,20.581
498.25,-0.000421989,20.581
498.3,-0.000421688,20.581
498.35,-0.000425328,20.581
498.4,-0.000419885,20.5809
498.45,-0.000421588,20.5809
498.5,-0.000425495,20.5809
498.55,-0.000428,20.5809
498.6,-0.000434779,20.5809
498.65,-0.000432775,20.5808
498.7,-0.00042987,20.5808
498.75,-0.00041678,20.5808
498.8,-0.000419885,20.5808
498.85,-0.000432341,20.5808
498.9,-0.000427866,20.5807
498.95,-0.000427833,20.5807
499.0,-0.000429502,20.5807
499.05,-0.000437383,20.5807
499.1,-0.000433643,20.5806
499.15,-0.000433977,20.5806
499.2,-0.000438185,20.5806
499.25,-0.000438018,20.5806
499.3,-0.000430872,20.5806
499.35,-0.000424293,20.5805
499.4,-0.000426831,20.5805
499.45,-0.000432207,20.5805
499.5,-0.000424861,20.5805
499.55,-0.00043725,20.5805
499.6,-0.000426397,20.5804
499.65,-0.000423058,20.5804
499.7,-0.000427265,20.5804
499.75,-0.000435313,20.5804
499.8,-0.000438418,20.5803
499.85,-0.000439587,20.5803
499.9,-0.000445464,20.5803
499.95,-0.000441056,20.5803
500.0,-0.000440856,20.5803
500.05,-0.000441023,20.5802
500.1,-0.000444463,20.5802
500.15,-0.000440121,20.5802
500.2,-0.000436582,20.5802
500.25,-0.000438352,20.5801
500.3,-0.000440589,20.5801
500.35,-0.000433777,20.5801
500.4,-0.000450273,20.5801
500.45,-0.000452343,20.5801
500.5,-0.000452444,20.58
500.55,-0.000453378,20.58
500.6,-0.000442058,20.58
500.65,-0.000447201,20.58
500.7,-0.000443895,20.5799
500.75,-0.000443594,20.5799
500.8,-0.000444563,20.5799
500.85,-0.000438519,20.5799
500.9,-0.000440322,20.5799
500.95,-0.000435814,20.5798
501.0,-0.000443194,20.5798
501.05,-0.000443394,20.5798
501.1,-0.00044847,20.5798
501.15,-0.000450073,20.5797
501.2,-0.000440355,20.5797
501.25,-0.00044296,20.5797
501.3,-0.000450707,20.5797
501.35,-0.000447735,20.5797
501.4,-0.000447268,20.5796
501.45,-0.000443093,20.5796
501.5,-0.000451575,20.5796
501.55,-0.00045024,20.5796
501.6,-0.000429402,20.5795
501.65,-0.000427599,20.5795
501.7,-0.000424326,20.5795
501.75,-0.000430037,20.5795
501.8,-0.000427198,20.5795
501.85,-0.000435814,20.5794
501.9,-0.000434211,20.5794
501.95,-0.000436715,20.5794
502.0,-0.000432408,20.5794
502.05,-0.000437617,20.5794
502.1,-0.000434378,20.5793
502.15,-0.000433376,20.5793
502.2,-0.000425595,20.5793
502.25,-0.000421021,20.5793
502.3,-0.000422356,20.5792
502.35,-0.000420887,20.5792
502.4,-0.000431239,20.5792
502.45,-0.000425128,20.5792
502.5,-0.000433576,20.5792
502.55,-0.000432742,20.5791
502.6,-0.000428334,20.5791
502.65,-0.000425495,20.5791
502.7,-0.00042623,20.5791
502.75,-0.00043007,20.5791
502.8,-0.000430237,20.579
502.85,-0.000428868,20.579
502.9,-0.000430538,20.579
502.95,-0.000436348,20.579
503.0,-0.000424994,20.5789
503.05,-0.000423826,20.5789
503.1,-0.000430437,20.5789
503.15,-0.000433777,20.5789
503.2,-0.000430504,20.5789
503.25,-0.000435079,20.5788
503.3,-0.00043952,20.5788
503.35,-0.000439086,20.5788
503.4,-0.000437984,20.5788
503.45,-0.000432808,20.5788
503.5,-0.000431105,20.5787
503.55,-0.000436248,20.5787
503.6,-0.000442726,20.5787
503.65,-0.000443828,20.5787
503.7,-0.00044276,20.5786
503.75,-0.000430938,20.5786
503.8,-0.000438084,20.5786
503.85,-0.000437083,20.5786
503.9,-0.000442659,20.5786
503.95,-0.000449906,20.5785
504.0,-0.000445097,20.5785
504.05,-0.000448136,20.5785
504.1,-0.00043922,20.5785
504.15,-0.000438852,20.5784
504.2,-0.000450607,20.5784
504.25,-0.000441791,20.5784
504.3,-0.000436047,20.5784
504.35,-0.000436081,20.5784
504.4,-0.000423525,20.5783
504.45,-0.000423892,20.5783
504.5,-0.000439086,20.5783
504.55,-0.000441557,20.5783
504.6,-0.000438352,20.5782
504.65,-0.000437984,20.5782
504.7,-0.000441791,20.5782
504.75,-0.000451742,20.5782
504.8,-0.0004465,20.5782
504.85,-0.000439921,20.5781
504.9,-0.000445264,20.5781
504.95,-0.000442325,20.5781
505.0,-0.000443194,20.5781
505.05,-0.000447067,20.578
505.1,-0.0004469,20.578
505.15,-0.000446733,20.578
505.2,-0.0004468,20.578
505.25,-0.000449438,20.578
505.3,-0.000443327,20.5779
505.35,-0.000439954,20.5779
505.4,-0.000442426,20.5779
505.45,-0.000436348,20.5779
505.5,-0.000437784,20.5778
505.55,-0.000434511,20.5778
505.6,-0.000438652,20.5778
505.65,-0.000438986,20.5778
505.7,-0.000440522,20.5778
505.75,-0.000451509,20.5777
505.8,-0.0004467,20.5777
505.85,-0.000440522,20.5777
505.9,-0.000441958,20.5777
505.95,-0.000440355,20.5777
506.0,-0.000434244,20.5776
506.05,-0.000439086,20.5776
506.1,-0.000441624,20.5776
506.15,-0.00045064,20.5776
506.2,-0.000445498,20.5775
506.25,-0.0004467,20.5775
506.3,-0.000455983,20.5775
506.35,-0.000450774,20.5775
506.4,-0.000450774,20.5774
506.45,-0.000453245,20.5774
506.5,-0.00044513,20.5774
506.55,-0.000441223,20.5774
506.6,-0.000443127,20.5774
506.65,-0.000445097,20.5773
506.7,-0.000437884,20.5773
506.75,-0.000449305,20.5773
506.8,-0.000447535,20.5773
506.85,-0.000451575,20.5772
506.9,-0.000452343,20.5772
506.95,-0.000441257,20.5772
507.0,-0.00045241,20.5772
507.05,-0.00045211,20.5772
507.1,-0.000452577,20.5771
507.15,-0.000445865,20.5771
507.2,-0.00044119,20.5771
507.25,-0.00044493,20.5771
507.3,-0.000444195,20.577
507.35,-0.000444329,20.577
507.4,-0.000440355,20.577
507.45,-0.000447969,20.577
507.5,-0.000450139,20.577
507.55,-0.00044326,20.5769
507.6,-0.000441658,20.5769
507.65,-0.000451876,20.5769
507.7,-0.00044877,20.5769
507.75,-0.000447568,20.5768
507.8,-0.000450907,20.5768
507.85,-0.000456317,20.5768
507.9,-0.000444028,20.5768
507.95,-0.000456184,20.5768
508.0,-0.000457152,20.5767
508.05,-0.000457386,20.5767
508.1,-0.000445999,20.5767
508.15,-0.000455115,20.5767
508.2,-0.000453679,20.5766
508.25,-0.000451342,20.5766
508.3,-0.00044887,20.5766
508.35,-0.000466535,20.5766
508.4,-0.000457119,20.5766
508.45,-0.000460591,20.5765
508.5,-0.000447067,20.5765
508.55,-0.000456684,20.5765
508.6,-0.000454314,20.5765
508.65,-0.000446299,20.5764
508.7,-0.000452544,20.5764
508.75,-0.000448503,20.5764
508.8,-0.000448704,20.5764
508.85,-0.000443895,20.5763
508.9,-0.000443861,20.5763
508.95,-0.00044316,20.5763
509.0,-0.00044847,20.5763
509.05,-0.000453245,20.5763
509.1,-0.000447234,20.5762
509.15,-0.000449171,20.5762
509.2,-0.000443494,20.5762
509.25,-0.000441724,20.5762
509.3,-0.000448436,20.5761
509.35,-0.00043568,20.5761
509.4,-0.000449138,20.5761
509.45,-0.000443761,20.5761
509.5,-0.000436014,20.5761
509.55,-0.00044513,20.576
509.6,-0.000439754,20.576
509.65,-0.000446566,20.576
509.7,-0.000442492,20.576
509.75,-0.000443661,20.5759
509.8,-0.000444897,20.5759
509.85,-0.000444596,20.5759
509.9,-0.000452377,20.5759
509.95,-0.000457252,20.5759
510.0,-0.000458955,20.5758
510.05,-0.000451342,20.5758
510.1,-0.000442392,20.5758
510.15,-0.000442058,20.5758
510.2,-0.000442459,20.5757
510.25,-0.000442726,20.5757
510.3,-0.000449572,20.5757
510.35,-0.00044877,20.5757
510.4,-0.000449972,20.5757
510.45,-0.000445832,20.5756
510.5,-0.000452477,20.5756
510.55,-0.000459222,20.5756
510.6,-0.000450941,20.5756
510.65,-0.000452444,20.5755
510.7,-0.000448102,20.5755
510.75,-0.000447902,20.5755
510.8,-0.00045595,20.5755
510.85,-0.000456985,20.5755
510.9,-0.000464398,20.5754
510.95,-0.00045812,20.5754
511.0,-0.000457953,20.5754
511.05,-0.000453746,20.5754
511.1,-0.000454046,20.5753
511.15,-0.000446533,20.5753
511.2,-0.000456751,20.5753
511.25,-0.000459055,20.5753
511.3,-0.000458154,20.5752
511.35,-0.000462495,20.5752
511.4,-0.00045438,20.5752
511.45,-0.000454881,20.5752
511.5,-0.000452644,20.5752
511.55,-0.000452644,20.5751
511.6,-0.00045034,20.5751
511.65,-0.000453045,20.5751
511.7,-0.000446232,20.5751
511.75,-0.000451509,20.575
511.8,-0.000462628,20.575
511.85,-0.000457553,20.575
511.9,-0.000454981,20.575
511.95,-0.000460258,20.575
512.0,-0.000460191,20.5749
512.05,-0.000470175,20.5749
512.1,-0.000460157,20.5749
512.15,-0.000459757,20.5749
512.2,-0.000461727,20.5748
512.25,-0.000458588,20.5748
512.3,-0.00044326,20.5748
512.35,-0.000447,20.5748
512.4,-0.000452577,20.5747
512.45,-0.000456618,20.5747
512.5,-0.000454481,20.5747
512.55,-0.000453312,20.5747
512.6,-0.000444863,20.5747
512.65,-0.000441524,20.5746
512.7,-0.000444696,20.5746
512.75,-0.000447368,20.5746
512.8,-0.000449705,20.5746
512.85,-0.000445598,20.5745
512.9,-0.000444463,20.5745
512.95,-0.000445097,20.5745
513.0,-0.000441157,20.5745
513.05,-0.000450073,20.5745
513.1,-0.000452677,20.5744
513.15,-0.000448169,20.5744
513.2,-0.000447167,20.5744
513.25,-0.000445798,20.5744
513.3,-0.000439854,20.5743
513.35,-0.000449872,20.5743
513.4,-0.000441691,20.5743
513.45,-0.000443361,20.5743
513.5,-0.000437417,20.5743
513.55,-0.000440656,20.5742
513.6,-0.000443561,20.5742
513.65,-0.000450073,20.5742
513.7,-0.000438519,20.5742
513.75,-0.000438452,20.5741
513.8,-0.000443227,20.5741
513.85,-0.00044119,20.5741
513.9,-0.000451241,20.5741
513.95,-0.000442359,20.5741
514.0,-0.000442225,20.574
514.05,-0.000441891,20.574
514.1,-0.000445698,20.574
514.15,-0.000442325,20.574
514.2,-0.000439086,20.5739
514.25,-0.000438218,20.5739
514.3,-0.000442492,20.5739
514.35,-0.000439654,20.5739
514.4,-0.000444162,20.5739
514.45,-0.000432675,20.5738
514.5,-0.000438018,20.5738
514.55,-0.000431907,20.5738
514.6,-0.000435947,20.5738
514.65,-0.000431673,20.5737
514.7,-0.000432141,20.5737
514.75,-0.000426998,20.5737
514.8,-0.000425262,20.5737
514.85,-0.00043558,20.5737
514.9,-0.0004466,20.5736
514.95,-0.000436882,20.5736
515.0,-0.000423391,20.5736
515.05,-0.000430504,20.5736
515.1,-0.000431306,20.5736
515.15,-0.000436214,20.5735
515.2,-0.000442559,20.5735
515.25,-0.000436081,20.5735
515.3,-0.000430271,20.5735
515.35,-0.000429803,20.5734
515.4,-0.000427265,20.5734
515.45,-0.00043194,20.5734
515.5,-0.000433076,20.5734
515.55,-0.000439353,20.5734
515.6,-0.000439253,20.5733
515.65,-0.000434311,20.5733
515.7,-0.00043735,20.5733
515.75,-0.000433409,20.5733
515.8,-0.00043164,20.5732
515.85,-0.00043391,20.5732
515.9,-0.000439654,20.5732
515.95,-0.000443427,20.5732
516.0,-0.000434278,20.5732
516.05,-0.000441724,20.5731
516.1,-0.000438452,20.5731
516.15,-0.000434211,20.5731
516.2,-0.000433042,20.5731
516.25,-0.000444296,20.5731
516.3,-0.000451809,20.573
516.35,-0.000448637,20.573
516.4,-0.000450774,20.573
516.45,-0.000445364,20.573
516.5,-0.000436415,20.5729
516.55,-0.000439621,20.5729
516.6,-0.000440288,20.5729
516.65,-0.000436148,20.5729
516.7,-0.000435179,20.5729
516.75,-0.000440723,20.5728
516.8,-0.000438819,20.5728
516.85,-0.000434712,20.5728
516.9,-0.000440389,20.5728
516.95,-0.00044463,20.5727
517.0,-0.000440856,20.5727
517.05,-0.000439687,20.5727
517.1,-0.000443828,20.5727
517.15,-0.000440622,20.5727
517.2,-0.000434712,20.5726
517.25,-0.000437918,20.5726
517.3,-0.000433176,20.5726
517.35,-0.000438218,20.5726
517.4,-0.000443227,20.5725
517.45,-0.000441925,20.5725
517.5,-0.0004469,20.5725
517.55,-0.00043538,20.5725
517.6,-0.000428567,20.5725
517.65,-0.00043007,20.5724
517.7,-0.000424627,20.5724
517.75,-0.00042416,20.5724
517.8,-0.0004284,20.5724
517.85,-0.000421188,20.5724
517.9,-0.00042633,20.5723
517.95,-0.000425729,20.5723
518.0,-0.00042082,20.5723
518.05,-0.000429302,20.5723
518.1,-0.000430872,20.5722
518.15,-0.000422857,20.5722
518.2,-0.000426263,20.5722
518.25,-0.00041521,20.5722
518.3,-0.000425696,20.5722
518.35,-0.000424627,20.5721
518.4,-0.000436181,20.5721
518.45,-0.000436515,20.5721
518.5,-0.0004284,20.5721
518.55,-0.000434812,20.5721
518.6,-0.000445731,20.572
518.65,-0.000437483,20.572
518.7,-0.00043745,20.572
518.75,-0.000440389,20.572
518.8,-0.000437918,20.5719
518.85,-0.000437283,20.5719
518.9,-0.000432675,20.5719
518.95,-0.000426397,20.5719
519.0,-0.000432875,20.5719
519.05,-0.00043194,20.5718
519.1,-0.000423091,20.5718
519.15,-0.000422891,20.5718
519.2,-0.000419451,20.5718
519.25,-0.000431239,20.5717
519.3,-0.00041895,20.5717
519.35,-0.000424226,20.5717
519.4,-0.000435747,20.5717
519.45,-0.00043558,20.5717
519.5,-0.000428935,20.5716
519.55,-0.000419885,20.5716
519.6,-0.000430404,20.5716
519.65,-0.000435279,20.5716
519.7,-0.000439454,20.5716
519.75,-0.000436047,20.5715
519.8,-0.000436081,20.5715
519.85,-0.00043017,20.5715
519.9,-0.000432641,20.5715
519.95,-0.000434612,20.5714
520.0,-0.000440689,20.5714
520.05,-0.000437584,20.5714
520.1,-0.000439921,20.5714
520.15,-0.000430271,20.5714
520.2,-0.000421087,20.5713
520.25,-0.000433476,20.5713
520.3,-0.000441324,20.5713
520.35,-0.000443427,20.5713
520.4,-0.000450039,20.5713
520.45,-0.000449739,20.5712
520.5,-0.000448937,20.5712
520.55,-0.000453011,20.5712
520.6,-0.000445197,20.5712
520.65,-0.000445264,20.5711
520.7,-0.00045221,20.5711
520.75,-0.00045034,20.5711
520.8,-0.000445364,20.5711
520.85,-0.000445264,20.571
520.9,-0.000448603,20.571
520.95,-0.000446834,20.571
521.0,-0.000445565,20.571
521.05,-0.000444329,20.571
521.1,-0.00044139,20.5709
521.15,-0.000444863,20.5709
521.2,-0.000445064,20.5709
521.25,-0.000446834,20.5709
521.3,-0.000447435,20.5708
521.35,-0.000452677,20.5708
521.4,-0.000453746,20.5708
521.45,-0.000458554,20.5708
521.5,-0.000460258,20.5708
521.55,-0.000464331,20.5707
521.6,-0.000462762,20.5707
521.65,-0.000451609,20.5707
521.7,-0.000454681,20.5707
521.75,-0.000457018,20.5706
521.8,-0.000452744,20.5706
521.85,-0.000455449,20.5706
521.9,-0.000456484,20.5706
521.95,-0.000455916,20.5706
522.0,-0.000457653,20.5705
522.05,-0.000457452,20.5705
522.1,-0.000461693,20.5705
522.15,-0.000454213,20.5705
522.2,-0.000458554,20.5704
522.25,-0.00045418,20.5704
522.3,-0.000452277,20.5704
522.35,-0.000451074,20.5704
522.4,-0.000454013,20.5703
522.45,-0.000455215,20.5703
522.5,-0.000459323,20.5703
522.55,-0.000448804,20.5703
522.6,-0.000443227,20.5703
522.65,-0.00045625,20.5702
522.7,-0.000454514,20.5702
522.75,-0.000458955,20.5702
522.8,-0.000445631,20.5702
522.85,-0.000451375,20.5701
522.9,-0.000461426,20.5701
522.95,-0.000457286,20.5701
523.0,-0.000455549,20.5701
523.05,-0.000448904,20.5701
523.1,-0.000446967,20.57
523.15,-0.000449338,20.57
523.2,-0.000446633,20.57
523.25,-0.000442459,20.57
523.3,-0.00044463,20.5699
523.35,-0.000453312,20.5699
523.4,-0.000449638,20.5699
523.45,-0.000448036,20.5699
523.5,-0.000448704,20.5699
523.55,-0.000447,20.5698
523.6,-0.000439721,20.5698
523.65,-0.000433877,20.5698
523.7,-0.000439687,20.5698
523.75,-0.000446132,20.5697
523.8,-0.000443795,20.5697
523.85,-0.000450006,20.5697
523.9,-0.000438318,20.5697
523.95,-0.000439621,20.5697
524.0,-0.000442426,20.5696
524.05,-0.000447969,20.5696
524.1,-0.000440422,20.5696
524.15,-0.000445464,20.5696
524.2,-0.000443861,20.5695
524.25,-0.000439253,20.5695
524.3,-0.000444763,20.5695
524.35,-0.000449438,20.5695
524.4,-0.000453712,20.5695
524.45,-0.000448804,20.5694
524.5,-0.000442659,20.5694
524.55,-0.000443861,20.5694
524.6,-0.000438786,20.5694
524.65,-0.000441691,20.5693
524.7,-0.000441457,20.5693
524.75,-0.000448069,20.5693
524.8,-0.000443093,20.5693
524.85,-0.000441925,20.5693
524.9,-0.000445064,20.5692
524.95,-0.000443427,20.5692
525.0,-0.000445832,20.5692
525.05,-0.000435881,20.5692
525.1,-0.000447034,20.5691
525.15,-0.000440556,20.5691
525.2,-0.000438185,20.5691
525.25,-0.000438084,20.5691
525.3,-0.000433242,20.5691
525.35,-0.000434612,20.569
525.4,-0.000449338,20.569
525.45,-0.000438919,20.569
525.5,-0.000443394,20.569
525.55,-0.000448102,20.5689
525.6,-0.000444496,20.5689
525.65,-0.000438251,20.5689
525.7,-0.000443227,20.5689
525.75,-0.000443394,20.5689
525.8,-0.000449405,20.5688
525.85,-0.000446433,20.5688
525.9,-0.000446032,20.5688
525.95,-0.000444162,20.5688
526.0,-0.000437283,20.5687
526.05,-0.0004467,20.5687
526.1,-0.000445765,20.5687
526.15,-0.000440856,20.5687
526.2,-0.000445565,20.5687
526.25,-0.000446065,20.5686
526.3,-0.000440355,20.5686
526.35,-0.000443962,20.5686
526.4,-0.000442359,20.5686
526.45,-0.000442359,20.5685
526.5,-0.000451308,20.5685
526.55,-0.000451776,20.5685
526.6,-0.000451375,20.5685
526.65,-0.000446566,20.5685
526.7,-0.000451542,20.5684
526.75,-0.000449972,20.5684
526.8,-0.000446433,20.5684
526.85,-0.000452711,20.5684
526.9,-0.000451308,20.5683
526.95,-0.000452043,20.5683
527.0,-0.000455282,20.5683
527.05,-0.000451141,20.5683
527.1,-0.000452377,20.5682
527.15,-0.000444463,20.5682
527.2,-0.000453512,20.5682
527.25,-0.00046333,20.5682
527.3,-0.000461126,20.5682
527.35,-0.000459055,20.5681
527.4,-0.000458087,20.5681
527.45,-0.000460658,20.5681
527.5,-0.000462027,20.5681
527.55,-0.000454848,20.568
527.6,-0.000463697,20.568
527.65,-0.000460692,20.568
527.7,-0.000461627,20.568
527.75,-0.000455482,20.568
527.8,-0.000454013,20.5679
527.85,-0.000462361,20.5679
527.9,-0.000457152,20.5679
527.95,-0.000453913,20.5679
528.0,-0.000458454,20.5678
528.05,-0.000456451,20.5678
528.1,-0.000457553,20.5678
528.15,-0.000456851,20.5678
528.2,-0.000457386,20.5677
528.25,-0.000456083,20.5677
528.3,-0.00045428,20.5677
528.35,-0.000445698,20.5677
528.4,-0.000439253,20.5677
528.45,-0.000451876,20.5676
528.5,-0.000447067,20.5676
528.55,-0.000444563,20.5676
528.6,-0.000441257,20.5676
528.65,-0.000442259,20.5675
528.7,-0.000448537,20.5675
528.75,-0.000443194,20.5675
528.8,-0.000446065,20.5675
528.85,-0.000444195,20.5675
528.9,-0.000447835,20.5674
528.95,-0.000455983,20.5674
529.0,-0.000453078,20.5674
529.05,-0.000451275,20.5674
529.1,-0.000448837,20.5673
529.15,-0.000449672,20.5673
529.2,-0.000450841,20.5673
529.25,-0.000443194,20.5673
529.3,-0.000443995,20.5673
529.35,-0.000441357,20.5672
529.4,-0.000439053,20.5672
529.45,-0.000445965,20.5672
529.5,-0.000445798,20.5672
529.55,-0.000444062,20.5671
529.6,-0.000444329,20.5671
529.65,-0.000442559,20.5671
529.7,-0.000442259,20.5671
529.75,-0.000452844,20.5671
529.8,-0.000442593,20.567
529.85,-0.000451074,20.567
529.9,-0.000460925,20.567
529.95,-0.000453178,20.567
530.0,-0.000437951,20.5669
530.05,-0.000443361,20.5669
530.1,-0.000443728,20.5669
530.15,-0.000447768,20.5669
530.2,-0.000445798,20.5669
530.25,-0.000447635,20.5668
530.3,-0.00044099,20.5668
530.35,-0.000445498,20.5668
530.4,-0.000442826,20.5668
530.45,-0.000442659,20.5667
530.5,-0.000440589,20.5667
530.55,-0.000443995,20.5667
530.6,-0.000452176,20.5667
530.65,-0.000453212,20.5667
530.7,-0.000442893,20.5666
530.75,-0.000439186,20.5666
530.8,-0.000447869,20.5666
530.85,-0.000453145,20.5666
530.9,-0.000454814,20.5665
530.95,-0.000451575,20.5665
531.0,-0.000452544,20.5665
531.05,-0.000446967,20.5665
531.1,-0.000454647,20.5665
531.15,-0.000461794,20.5664
531.2,-0.00045595,20.5664
531.25,-0.000457519,20.5664
531.3,-0.000450039,20.5664
531.35,-0.000452944,20.5663
531.4,-0.000457619,20.5663
531.45,-0.000451175,20.5663
531.5,-0.000453679,20.5663
531.55,-0.000459189,20.5662
531.6,-0.000454614,20.5662
531.65,-0.000449138,20.5662
531.7,-0.000443561,20.5662
531.75,-0.000450273,20.5662
531.8,-0.000439788,20.5661
531.85,-0.000451675,20.5661
531.9,-0.000442125,20.5661
531.95,-0.000445932,20.5661
532.0,-0.000451208,20.566
532.05,-0.00045408,20.566
532.1,-0.000453412,20.566
532.15,-0.000451976,20.566
532.2,-0.000452477,20.566
532.25,-0.000442826,20.5659
532.3,-0.00044119,20.5659
532.35,-0.000446666,20.5659
532.4,-0.000449305,20.5659
532.45,-0.000446199,20.5658
532.5,-0.000434445,20.5658
532.55,-0.000439253,20.5658
532.6,-0.000440622,20.5658
532.65,-0.000448203,20.5658
532.7,-0.000451141,20.5657
532.75,-0.000438719,20.5657
532.8,-0.000437116,20.5657
532.85,-0.000438919,20.5657
532.9,-0.000435647,20.5656
532.95,-0.00044286,20.5656
533.0,-0.000431306,20.5656
533.05,-0.000429703,20.5656
533.1,-0.000439721,20.5656
533.15,-0.000440656,20.5655
533.2,-0.000440088,20.5655
533.25,-0.000437316,20.5655
533.3,-0.000440589,20.5655
533.35,-0.00043912,20.5654
533.4,-0.000445565,20.5654
533.45,-0.000437116,20.5654
533.5,-0.000441157,20.5654
533.55,-0.00044286,20.5654
533.6,-0.000452811,20.5653
533.65,-0.000445498,20.5653
533.7,-0.000447935,20.5653
533.75,-0.000441925,20.5653
533.8,-0.000443561,20.5652
533.85,-0.000447067,20.5652
533.9,-0.000443661,20.5652
533.95,-0.000445297,20.5652
534.0,-0.000449872,20.5652
534.05,-0.000464131,20.5651
534.1,-0.000455182,20.5651
534.15,-0.000465033,20.5651
534.2,-0.000454113,20.5651
534.25,-0.000448169,20.565
534.3,-0.000445731,20.565
534.35,-0.000443661,20.565
534.4,-0.00044296,20.565
534.45,-0.000438752,20.565
534.5,-0.000437884,20.5649
534.55,-0.00044139,20.5649
534.6,-0.000442826,20.5649
534.65,-0.000448436,20.5649
534.7,-0.000453412,20.5648
534.75,-0.000455215,20.5648
534.8,-0.000442058,20.5648
534.85,-0.000442659,20.5648
534.9,-0.00044119,20.5648
534.95,-0.000437884,20.5647
535.0,-0.000434211,20.5647
535.05,-0.000442259,20.5647
535.1,-0.000441524,20.5647
535.15,-0.000436214,20.5646
535.2,-0.000434645,20.5646
535.25,-0.000435179,20.5646
535.3,-0.000438919,20.5646
535.35,-0.000438652,20.5646
535.4,-0.000441324,20.5645
535.45,-0.000441157,20.5645
535.5,-0.000437918,20.5645
535.55,-0.00043548,20.5645
535.6,-0.000424059,20.5644
535.65,-0.00043017,20.5644
535.7,-0.000433743,20.5644
535.75,-0.000438719,20.5644
535.8,-0.000430805,20.5644
535.85,-0.000433376,20.5643
535.9,-0.000439253,20.5643
535.95,-0.000432909,20.5643
536.0,-0.00043558,20.5643
536.05,-0.000435947,20.5643
536.1,-0.000435446,20.5642
536.15,-0.000425729,20.5642
536.2,-0.000430337,20.5642
536.25,-0.000427733,20.5642
536.3,-0.000414075,20.5641
536.35,-0.000419551,20.5641
536.4,-0.000429068,20.5641
536.45,-0.000431306,20.5641
536.5,-0.000433743,20.5641
536.55,-0.000437016,20.564
536.6,-0.000428701,20.564
536.65,-0.000430538,20.564
536.7,-0.000431372,20.564
536.75,-0.00043371,20.564
536.8,-0.000428234,20.5639
536.85,-0.000434745,20.5639
536.9,-0.000429603,20.5639
536.95,-0.000438218,20.5639
537.0,-0.000439387,20.5638
537.05,-0.000435046,20.5638
537.1,-0.000436682,20.5638
537.15,-0.000439888,20.5638
537.2,-0.000441824,20.5638
537.25,-0.000432374,20.5637
537.3,-0.000433009,20.5637
537.35,-0.000435446,20.5637
537.4,-0.000434879,20.5637
537.45,-0.000438485,20.5636
537.5,-0.000431673,20.5636
537.55,-0.000426163,20.5636
537.6,-0.000430337,20.5636
537.65,-0.00042416,20.5636
537.7,-0.000432207,20.5635
537.75,-0.000422223,20.5635
537.8,-0.000426998,20.5635
537.85,-0.000423558,20.5635
537.9,-0.000428768,20.5635
537.95,-0.000426096,20.5634
538.0,-0.000437617,20.5634
538.05,-0.000449472,20.5634
538.1,-0.000444429,20.5634
538.15,-0.000437918,20.5633
538.2,-0.000437784,20.5633
538.25,-0.0004469,20.5633
538.3,-0.000436047,20.5633
538.35,-0.000442292,20.5633
538.4,-0.000436348,20.5632
538.45,-0.000434278,20.5632
538.5,-0.000437149,20.5632
538.55,-0.00043538,20.5632
538.6,-0.000440622,20.5631
538.65,-0.000448436,20.5631
538.7,-0.000437483,20.5631
538.75,-0.000431807,20.5631
538.8,-0.000442593,20.5631
538.85,-0.000436047,20.563
538.9,-0.000433376,20.563
538.95,-0.000429836,20.563
539.0,-0.000428167,20.563
539.05,-0.000420553,20.563
539.1,-0.000412839,20.5629
539.15,-0.000418049,20.5629
539.2,-0.000425262,20.5629
539.25,-0.000420687,20.5629
539.3,-0.000421755,20.5628
539.35,-0.000427332,20.5628
539.4,-0.000439587,20.5628
539.45,-0.00043164,20.5628
539.5,-0.00043735,20.5628
539.55,-0.000438185,20.5627
539.6,-0.000442292,20.5627
539.65,-0.000441424,20.5627
539.7,-0.000432508,20.5627
539.75,-0.000438953,20.5627
539.8,-0.000442593,20.5626
539.85,-0.000445231,20.5626
539.9,-0.000438385,20.5626
539.95,-0.000436649,20.5626
540.0,-0.000439019,20.5625
540.05,-0.000440656,20.5625
540.1,-0.000454781,20.5625
540.15,-0.000452343,20.5625
540.2,-0.000449071,20.5625
540.25,-0.00044306,20.5624
540.3,-0.00044473,20.5624
540.35,-0.000444429,20.5624
540.4,-0.000434745,20.5624
540.45,-0.000434946,20.5623
540.5,-0.000431506,20.5623
540.55,-0.000438686,20.5623
540.6,-0.000438619,20.5623
540.65,-0.000442659,20.5623
540.7,-0.000442693,20.5622
540.75,-0.000446032,20.5622
540.8,-0.000441958,20.5622
540.85,-0.000445731,20.5622
540.9,-0.000446466,20.5621
540.95,-0.000446166,20.5621
541.0,-0.000451475,20.5621
541.05,-0.000452343,20.5621
541.1,-0.000444162,20.5621
541.15,-0.000448904,20.562
541.2,-0.000441123,20.562
541.25,-0.000440322,20.562
541.3,-0.00044099,20.562
541.35,-0.000450874,20.5619
541.4,-0.000445498,20.5619
541.45,-0.000447902,20.5619
541.5,-0.000446767,20.5619
541.55,-0.000447268,20.5619
541.6,-0.000451442,20.5618
541.65,-0.000441491,20.5618
541.7,-0.000450841,20.5618
541.75,-0.000444129,20.5618
541.8,-0.000438552,20.5617
541.85,-0.000437884,20.5617
541.9,-0.000434678,20.5617
541.95,-0.000442325,20.5617
542.0,-0.000445698,20.5617
542.05,-0.000441524,20.5616
542.1,-0.000443461,20.5616
542.15,-0.00044503,20.5616
542.2,-0.000439621,20.5616
542.25,-0.00043942,20.5615
542.3,-0.000441891,20.5615
542.35,-0.000447268,20.5615
542.4,-0.0004465,20.5615
542.45,-0.000450674,20.5615
542.5,-0.000448837,20.5614
542.55,-0.000446633,20.5614
542.6,-0.000439821,20.5614
542.65,-0.000439888,20.5614
542.7,-0.000445498,20.5613
542.75,-0.000441925,20.5613
542.8,-0.00044286,20.5613
542.85,-0.00044837,20.5613
542.9,-0.000454547,20.5613
542.95,-0.000446967,20.5612
543.0,-0.000452277,20.5612
543.05,-0.000454714,20.5612
543.1,-0.000452978,20.5612
543.15,-0.000453445,20.5611
543.2,-0.000448336,20.5611
543.25,-0.000449371,20.5611
543.3,-0.0004466,20.5611
543.35,-0.000443594,20.5611
543.4,-0.000449739,20.561
543.45,-0.000434445,20.561
543.5,-0.00043538,20.561
543.55,-0.000436148,20.561
543.6,-0.000434278,20.5609
543.65,-0.000433142,20.5609
543.7,-0.00041895,20.5609
543.75,-0.00042436,20.5609
543.8,-0.00042603,20.5609
543.85,-0.00045024,20.5608
543.9,-0.000439621,20.5608
543.95,-0.000436114,20.5608
544.0,-0.000432374,20.5608
544.05,-0.000431473,20.5607
544.1,-0.000425128,20.5607
544.15,-0.000425495,20.5607
544.2,-0.000425963,20.5607
544.25,-0.000427365,20.5607
544.3,-0.000431372,20.5606
544.35,-0.000436982,20.5606
544.4,-0.000433977,20.5606
544.45,-0.000432742,20.5606
544.5,-0.00044119,20.5606
544.55,-0.000438352,20.5605
544.6,-0.000435346,20.5605
544.65,-0.000444028,20.5605
544.7,-0.000442192,20.5605
544.75,-0.000440756,20.5604
544.8,-0.000437483,20.5604
544.85,-0.000448169,20.5604
544.9,-0.000451675,20.5604
544.95,-0.000443528,20.5604
545.0,-0.000444596,20.5603
545.05,-0.000447101,20.5603
545.1,-0.000449472,20.5603
545.15,-0.000446533,20.5603
545.2,-0.000440288,20.5602
545.25,-0.000434812,20.5602
545.3,-0.000431573,20.5602
545.35,-0.000424694,20.5602
545.4,-0.000436548,20.5602
545.45,-0.000447234,20.5601
545.5,-0.000445898,20.5601
545.55,-0.000445598,20.5601
545.6,-0.000452944,20.5601
545.65,-0.000432641,20.56
545.7,-0.000439253,20.56
545.75,-0.000446399,20.56
545.8,-0.000445765,20.56
545.85,-0.000443093,20.56
545.9,-0.000450941,20.5599
545.95,-0.000440355,20.5599
546.0,-0.000438285,20.5599
546.05,-0.000437784,20.5599
546.1,-0.000437751,20.5598
546.15,-0.000436615,20.5598
546.2,-0.000428768,20.5598
546.25,-0.000432307,20.5598
546.3,-0.000427866,20.5598
546.35,-0.000435146,20.5597
546.4,-0.000444463,20.5597
546.45,-0.000436014,20.5597
546.5,-0.000439654,20.5597
546.55,-0.000430838,20.5596
546.6,-0.00044493,20.5596
546.65,-0.000442593,20.5596
546.7,-0.000439788,20.5596
546.75,-0.000431706,20.5596
546.8,-0.000430805,20.5595
546.85,-0.000442693,20.5595
546.9,-0.000445197,20.5595
546.95,-0.000446366,20.5595
547.0,-0.00044286,20.5595
547.05,-0.00045044,20.5594
547.1,-0.000443928,20.5594
547.15,-0.000440055,20.5594
547.2,-0.000440622,20.5594
547.25,-0.000442392,20.5593
547.3,-0.000439554,20.5593
547.35,-0.000442459,20.5593
547.4,-0.000432307,20.5593
547.45,-0.00044276,20.5593
547.5,-0.000440121,20.5592
547.55,-0.000438786,20.5592
547.6,-0.000439454,20.5592
547.65,-0.000445865,20.5592
547.7,-0.000435714,20.5591
547.75,-0.000439353,20.5591
547.8,-0.000425696,20.5591
547.85,-0.000433009,20.5591
547.9,-0.000428133,20.5591
547.95,-0.000437717,20.559
548.0,-0.00043174,20.559
548.05,-0.000430504,20.559
548.1,-0.000422022,20.559
548.15,-0.000425161,20.5589
548.2,-0.000422156,20.5589
548.25,-0.000430437,20.5589
548.3,-0.000426297,20.5589
548.35,-0.000440055,20.5589
548.4,-0.000437617,20.5588
548.45,-0.000430003,20.5588
548.5,-0.000436582,20.5588
548.55,-0.000427833,20.5588
548.6,-0.000425328,20.5588
548.65,-0.000423926,20.5587
548.7,-0.000430671,20.5587
548.75,-0.000432007,20.5587
548.8,-0.000427098,20.5587
548.85,-0.00042997,20.5586
548.9,-0.000428868,20.5586
548.95,-0.000423993,20.5586
549.0,-0.00043361,20.5586
549.05,-0.000435413,20.5586
549.1,-0.000436515,20.5585
549.15,-0.000421455,20.5585
549.2,-0.000421288,20.5585
549.25,-0.000425963,20.5585
549.3,-0.000431072,20.5585
549.35,-0.0004282,20.5584
549.4,-0.000429502,20.5584
549.45,-0.000426864,20.5584
549.5,-0.000434278,20.5584
549.55,-0.000424827,20.5583
549.6,-0.000425095,20.5583
549.65,-0.000419084,20.5583
549.7,-0.000426163,20.5583
549.75,-0.000427499,20.5583
549.8,-0.000422423,20.5582
549.85,-0.000420887,20.5582
549.9,-0.000437483,20.5582
549.95,-0.000437851,20.5582
550.0,-0.000434445,20.5582
550.05,-0.000435547,20.5581
550.1,-0.000438151,20.5581
550.15,-0.000435413,20.5581
550.2,-0.000425662,20.5581
550.25,-0.000430938,20.558
550.3,-0.000428367,20.558
550.35,-0.000429269,20.558
550.4,-0.000427031,20.558
550.45,-0.000423826,20.558
550.5,-0.000423492,20.5579
550.55,-0.000420553,20.5579
550.6,-0.000418383,20.5579
550.65,-0.000436615,20.5579
550.7,-0.000415377,20.5579
550.75,-0.000428601,20.5578
550.8,-0.000433309,20.5578
550.85,-0.00041885,20.5578
550.9,-0.000419151,20.5578
550.95,-0.00042426,20.5577
551.0,-0.000416913,20.5577
551.05,-0.000420052,20.5577
551.1,-0.000424527,20.5577
551.15,-0.000426163,20.5577
551.2,-0.000430671,20.5576
551.25,-0.000427766,20.5576
551.3,-0.000417314,20.5576
551.35,-0.000428634,20.5576
551.4,-0.000434044,20.5576
551.45,-0.000441357,20.5575
551.5,-0.00043538,20.5575
551.55,-0.000433242,20.5575
551.6,-0.000426497,20.5575
551.65,-0.000427532,20.5574
551.7,-0.000419985,20.5574
551.75,-0.000426163,20.5574
551.8,-0.000422857,20.5574
551.85,-0.00041521,20.5574
551.9,-0.000419451,20.5573
551.95,-0.000425863,20.5573
552.0,-0.000423926,20.5573
552.05,-0.000427599,20.5573
552.1,-0.000420687,20.5573
552.15,-0.000421956,20.5572
552.2,-0.000427332,20.5572
552.25,-0.000425929,20.5572
552.3,-0.000435981,20.5572
552.35,-0.000425428,20.5572
552.4,-0.000430371,20.5571
552.45,-0.000430504,20.5571
552.5,-0.000429836,20.5571
552.55,-0.000431172,20.5571
552.6,-0.000428968,20.557
552.65,-0.000423792,20.557
552.7,-0.000415711,20.557
552.75,-0.000422022,20.557
552.8,-0.000434879,20.557
552.85,-0.000431907,20.5569
552.9,-0.000428133,20.5569
552.95,-0.000417848,20.5569
553.0,-0.00042643,20.5569
553.05,-0.000416947,20.5569
553.1,-0.000425095,20.5568
553.15,-0.0004282,20.5568
553.2,-0.000423692,20.5568
553.25,-0.000426864,20.5568
553.3,-0.000424894,20.5567
553.35,-0.000430738,20.5567
553.4,-0.000424928,20.5567
553.45,-0.00042653,20.5567
553.5,-0.000431539,20.5567
553.55,-0.000432775,20.5566
553.6,-0.0004284,20.5566
553.65,-0.000433743,20.5566
553.7,-0.000423993,20.5566
553.75,-0.000423225,20.5566
553.8,-0.000429235,20.5565
553.85,-0.000433142,20.5565
553.9,-0.000440622,20.5565
553.95,-0.000430003,20.5565
554.0,-0.000435012,20.5564
554.05,-0.000429068,20.5564
554.1,-0.000424326,20.5564
554.15,-0.000432107,20.5564
554.2,-0.000429402,20.5564
554.25,-0.000433276,20.5563
554.3,-0.000426898,20.5563
554.35,-0.000425495,20.5563
554.4,-0.000431105,20.5563
554.45,-0.000423325,20.5563
554.5,-0.000429302,20.5562
554.55,-0.000430003,20.5562
554.6,-0.00042633,20.5562
554.65,-0.000431606,20.5562
554.7,-0.000431873,20.5561
554.75,-0.000427966,20.5561
554.8,-0.000434545,20.5561
554.85,-0.000435179,20.5561
554.9,-0.000429836,20.5561
554.95,-0.000430538,20.556
555.0,-0.000432775,20.556
555.05,-0.000423124,20.556
555.1,-0.000435413,20.556
555.15,-0.000422156,20.556
555.2,-0.000427666,20.5559
555.25,-0.000433944,20.5559
555.3,-0.000424093,20.5559
555.35,-0.000432307,20.5559
555.4,-0.000433176,20.5558
555.45,-0.000421087,20.5558
555.5,-0.000425562,20.5558
555.55,-0.000427332,20.5558
555.6,-0.000426631,20.5558
555.65,-0.000422123,20.5557
555.7,-0.000432207,20.5557
555.75,-0.000436682,20.5557
555.8,-0.000429202,20.5557
555.85,-0.000434278,20.5557
555.9,-0.000431172,20.5556
555.95,-0.000434278,20.5556
556.0,-0.000428267,20.5556
556.05,-0.000419017,20.5556
556.1,-0.000420653,20.5555
556.15,-0.00042082,20.5555
556.2,-0.000417815,20.5555
556.25,-0.000419752,20.5555
556.3,-0.000421555,20.5555
556.35,-0.000421889,20.5554
556.4,-0.000423993,20.5554
556.45,-0.000430872,20.5554
556.5,-0.000418917,20.5554
556.55,-0.000425228,20.5554
556.6,-0.000429135,20.5553
556.65,-0.000432775,20.5553
556.7,-0.000423558,20.5553
556.75,-0.000437851,20.5553
556.8,-0.000444396,20.5552
556.85,-0.000438018,20.5552
556.9,-0.000435313,20.5552
556.95,-0.000435547,20.5552
557.0,-0.000438686,20.5552
557.05,-0.000432174,20.5551
557.1,-0.000438485,20.5551
557.15,-0.000438018,20.5551
557.2,-0.000433176,20.5551
557.25,-0.000436482,20.5551
557.3,-0.000435313,20.555
557.35,-0.000430604,20.555
557.4,-0.000427499,20.555
557.45,-0.000427499,20.555
557.5,-0.000430371,20.5549
557.55,-0.000433042,20.5549
557.6,-0.000433844,20.5549
557.65,-0.000430671,20.5549
557.7,-0.000435346,20.5549
557.75,-0.0004465,20.5548
557.8,-0.000432909,20.5548
557.85,-0.000436615,20.5548
557.9,-0.000432474,20.5548
557.95,-0.000430671,20.5547
558.0,-0.000435346,20.5547
558.05,-0.000428133,20.5547
558.1,-0.000424093,20.5547
558.15,-0.000426864,20.5547
558.2,-0.000427198,20.5546
558.25,-0.000418817,20.5546
558.3,-0.000427666,20.5546
558.35,-0.000428434,20.5546
558.4,-0.000431773,20.5546
558.45,-0.000423024,20.5545
558.5,-0.000420854,20.5545
558.55,-0.000418182,20.5545
558.6,-0.000415644,20.5545
558.65,-0.000420286,20.5545
558.7,-0.000425562,20.5544
558.75,-0.00043184,20.5544
558.8,-0.000438385,20.5544
558.85,-0.00043952,20.5544
558.9,-0.00044276,20.5543
558.95,-0.000443361,20.5543
559.0,-0.000433042,20.5543
559.05,-0.000425963,20.5543
559.1,-0.000428,20.5543
559.15,-0.000437383,20.5542
559.2,-0.000438318,20.5542
559.25,-0.000437116,20.5542
559.3,-0.000442092,20.5542
559.35,-0.00044276,20.5541
559.4,-0.000438051,20.5541
559.45,-0.000428067,20.5541
559.5,-0.000428501,20.5541
559.55,-0.000427833,20.5541
559.6,-0.000427165,20.554
559.65,-0.00043578,20.554
559.7,-0.000429736,20.554
559.75,-0.000423391,20.554
559.8,-0.000421021,20.554
559.85,-0.000417047,20.5539
559.9,-0.000423024,20.5539
559.95,-0.000430437,20.5539
560.0,-0.00043942,20.5539
560.05,-0.000432708,20.5538
560.1,-0.000433409,20.5538
560.15,-0.000434311,20.5538
560.2,-0.000428601,20.5538
560.25,-0.000427833,20.5538
560.3,-0.000425762,20.5537
560.35,-0.000425362,20.5537
560.4,-0.000428835,20.5537
560.45,-0.000427098,20.5537
560.5,-0.000426831,20.5537
560.55,-0.000426497,20.5536
560.6,-0.000430037,20.5536
560.65,-0.000426497,20.5536
560.7,-0.000429603,20.5536
560.75,-0.000428734,20.5535
560.8,-0.00042269,20.5535
560.85,-0.000423892,20.5535
560.9,-0.000426965,20.5535
560.95,-0.000428768,20.5535
561.0,-0.000435814,20.5534
561.05,-0.000430738,20.5534
561.1,-0.000416078,20.5534
561.15,-0.0004281,20.5534
561.2,-0.000428901,20.5534
561.25,-0.000432541,20.5533
561.3,-0.00043548,20.5533
561.35,-0.000439754,20.5533
561.4,-0.000436381,20.5533
561.45,-0.000438852,20.5532
561.5,-0.000430371,20.5532
561.55,-0.000427532,20.5532
561.6,-0.000429502,20.5532
561.65,-0.000432909,20.5532
561.7,-0.000443661,20.5531
561.75,-0.000433343,20.5531
561.8,-0.000434845,20.5531
561.85,-0.000432641,20.5531
561.9,-0.000446733,20.553
561.95,-0.000440556,20.553
562.0,-0.0004279,20.553
562.05,-0.000433476,20.553
562.1,-0.000442158,20.553
562.15,-0.000447134,20.5529
562.2,-0.00044129,20.5529
562.25,-0.000430137,20.5529
562.3,-0.000430705,20.5529
562.35,-0.000434612,20.5529
562.4,-0.000442492,20.5528
562.45,-0.000433309,20.5528
562.5,-0.00042977,20.5528
562.55,-0.000431105,20.5528
562.6,-0.000436715,20.5527
562.65,-0.000440322,20.5527
562.7,-0.00043007,20.5527
562.75,-0.000432808,20.5527
562.8,-0.000438018,20.5527
562.85,-0.000437216,20.5526
562.9,-0.000434478,20.5526
562.95,-0.000423926,20.5526
563.0,-0.0004283,20.5526
563.05,-0.000430705,20.5525
563.1,-0.000425495,20.5525
563.15,-0.000419084,20.5525
563.2,-0.00043578,20.5525
563.25,-0.000428901,20.5525
563.3,-0.000427365,20.5524
563.35,-0.000427399,20.5524
563.4,-0.000426597,20.5524
563.45,-0.00042643,20.5524
563.5,-0.00043017,20.5524
563.55,-0.000424961,20.5523
563.6,-0.000431038,20.5523
563.65,-0.000424193,20.5523
563.7,-0.000430604,20.5523
563.75,-0.000424827,20.5522
563.8,-0.000426497,20.5522
563.85,-0.000427733,20.5522
563.9,-0.000434578,20.5522
563.95,-0.000428835,20.5522
564.0,-0.000433877,20.5521
564.05,-0.000434912,20.5521
564.1,-0.000434879,20.5521
564.15,-0.000435046,20.5521
564.2,-0.000436181,20.5521
564.25,-0.000431139,20.552
564.3,-0.000420286,20.552
564.35,-0.000421321,20.552
564.4,-0.000424761,20.552
564.45,-0.000420987,20.5519
564.5,-0.000423091,20.5519
564.55,-0.000417214,20.5519
564.6,-0.000420687,20.5519
564.65,-0.000412472,20.5519
564.7,-0.000417047,20.5518
564.75,-0.000420453,20.5518
564.8,-0.000424493,20.5518
564.85,-0.000425996,20.5518
564.9,-0.000423759,20.5518
564.95,-0.000429603,20.5517
565.0,-0.000421121,20.5517
565.05,-0.000416212,20.5517
565.1,-0.000411437,20.5517
565.15,-0.000406695,20.5517
565.2,-0.000415711,20.5516
565.25,-0.000411704,20.5516
565.3,-0.00041344,20.5516
565.35,-0.000405827,20.5516
565.4,-0.000416412,20.5516
565.45,-0.000405393,20.5515
565.5,-0.000422089,20.5515
565.55,-0.000420419,20.5515
565.6,-0.000409834,20.5515
565.65,-0.000419485,20.5514
565.7,-0.000417114,20.5514
565.75,-0.000411504,20.5514
565.8,-0.000415811,20.5514
565.85,-0.000410802,20.5514
565.9,-0.00041491,20.5513
565.95,-0.000414476,20.5513
566.0,-0.000418316,20.5513
566.05,-0.000416713,20.5513
566.1,-0.000430538,20.5513
566.15,-0.000419585,20.5512
566.2,-0.000420787,20.5512
566.25,-0.000413574,20.5512
566.3,-0.000414576,20.5512
566.35,-0.000411871,20.5512
566.4,-0.000418082,20.5511
566.45,-0.000414976,20.5511
566.5,-0.000414075,20.5511
566.55,-0.000413407,20.5511
566.6,-0.00041905,20.5511
566.65,-0.000429937,20.551
566.7,-0.00042092,20.551
566.75,-0.00041708,20.551
566.8,-0.000417514,20.551
566.85,-0.0004094,20.5509
566.9,-0.000414509,20.5509
566.95,-0.000421388,20.5509
567.0,-0.000412171,20.5509
567.05,-0.000409967,20.5509
567.1,-0.000408131,20.5508
567.15,-0.000415344,20.5508
567.2,-0.000414476,20.5508
567.25,-0.000411537,20.5508
567.3,-0.000419184,20.5508
567.35,-0.000425262,20.5507
567.4,-0.000426931,20.5507
567.45,-0.000425863,20.5507
567.5,-0.000425395,20.5507
567.55,-0.00042977,20.5507
567.6,-0.000430671,20.5506
567.65,-0.000429903,20.5506
567.7,-0.000430437,20.5506
567.75,-0.000422991,20.5506
567.8,-0.000426931,20.5505
567.85,-0.000425529,20.5505
567.9,-0.000433309,20.5505
567.95,-0.000435914,20.5505
568.0,-0.000434511,20.5505
568.05,-0.000434311,20.5504
568.1,-0.000429269,20.5504
568.15,-0.000426898,20.5504
568.2,-0.000432074,20.5504
568.25,-0.000426631,20.5504
568.3,-0.000424861,20.5503
568.35,-0.000425495,20.5503
568.4,-0.000429603,20.5503
568.45,-0.000421154,20.5503
568.5,-0.000427098,20.5502
568.55,-0.000425829,20.5502
568.6,-0.000426297,20.5502
568.65,-0.000431205,20.5502
568.7,-0.00043194,20.5502
568.75,-0.000429937,20.5501
568.8,-0.00043017,20.5501
568.85,-0.000422356,20.5501
568.9,-0.000418416,20.5501
568.95,-0.000420353,20.5501
569.0,-0.000425729,20.55
569.05,-0.00042977,20.55
569.1,-0.00043381,20.55
569.15,-0.000432307,20.55
569.2,-0.000431473,20.5499
569.25,-0.000426163,20.5499
569.3,-0.000430705,20.5499
569.35,-0.000427799,20.5499
569.4,-0.000434278,20.5499
569.45,-0.000422557,20.5498
569.5,-0.000430137,20.5498
569.55,-0.000431439,20.5498
569.6,-0.00042623,20.5498
569.65,-0.000429736,20.5498
569.7,-0.000432107,20.5497
569.75,-0.000430337,20.5497
569.8,-0.000420319,20.5497
569.85,-0.000423492,20.5497
569.9,-0.000415511,20.5496
569.95,-0.000419151,20.5496
570.0,-0.000417047,20.5496
570.05,-0.000421588,20.5496
570.1,-0.000414442,20.5496
570.15,-0.000414642,20.5495
570.2,-0.000413708,20.5495
570.25,-0.000416579,20.5495
570.3,-0.000425362,20.5495
570.35,-0.000423258,20.5495
570.4,-0.000429836,20.5494
570.45,-0.00042259,20.5494
570.5,-0.000416312,20.5494
570.55,-0.000408532,20.5494
570.6,-0.000413474,20.5494
570.65,-0.000424994,20.5493
570.7,-0.000423792,20.5493
570.75,-0.00041304,20.5493
570.8,-0.000413173,20.5493
570.85,-0.000410134,20.5493
570.9,-0.000408164,20.5492
570.95,-0.000414509,20.5492
571.0,-0.000411771,20.5492
571.05,-0.00041875,20.5492
571.1,-0.000415077,20.5491
571.15,-0.000414776,20.5491
571.2,-0.000418883,20.5491
571.25,-0.00040369,20.5491
571.3,-0.000415578,20.5491
571.35,-0.000417648,20.549
571.4,-0.000422824,20.549
571.45,-0.000414609,20.549
571.5,-0.0004281,20.549
571.55,-0.000429135,20.549
571.6,-0.000428835,20.5489
571.65,-0.000436782,20.5489
571.7,-0.000441925,20.5489
571.75,-0.000436014,20.5489
571.8,-0.000434779,20.5489
571.85,-0.000432241,20.5488
571.9,-0.000428801,20.5488
571.95,-0.000421221,20.5488
572.0,-0.000424493,20.5488
572.05,-0.000418383,20.5487
572.1,-0.000419485,20.5487
572.15,-0.000425395,20.5487
572.2,-0.000422256,20.5487
572.25,-0.000428267,20.5487
572.3,-0.000433977,20.5486
572.35,-0.000427599,20.5486
572.4,-0.000422991,20.5486
572.45,-0.000417615,20.5486
572.5,-0.000420253,20.5486
572.55,-0.00041895,20.5485
572.6,-0.000415444,20.5485
572.65,-0.000420553,20.5485
572.7,-0.000425095,20.5485
572.75,-0.000420253,20.5484
572.8,-0.000418783,20.5484
572.85,-0.000424226,20.5484
572.9,-0.0004282,20.5484
572.95,-0.000435513,20.5484
573.0,-0.000438251,20.5483
573.05,-0.000423024,20.5483
573.1,-0.000416412,20.5483
573.15,-0.000413841,20.5483
573.2,-0.000417414,20.5483
573.25,-0.000421254,20.5482
573.3,-0.000417214,20.5482
573.35,-0.000423759,20.5482
573.4,-0.000416913,20.5482
573.45,-0.00042072,20.5482
573.5,-0.00042466,20.5481
573.55,-0.000416346,20.5481
573.6,-0.000416379,20.5481
573.65,-0.000422957,20.5481
573.7,-0.000417781,20.548
573.75,-0.000417448,20.548
573.8,-0.000433076,20.548
573.85,-0.000435446,20.548
573.9,-0.0004283,20.548
573.95,-0.000427866,20.5479
574.0,-0.000423592,20.5479
574.05,-0.000429269,20.5479
574.1,-0.000425228,20.5479
574.15,-0.000431974,20.5479
574.2,-0.000431706,20.5478
574.25,-0.000429536,20.5478
574.3,-0.000424594,20.5478
574.35,-0.000423892,20.5478
574.4,-0.000422256,20.5477
574.45,-0.000415444,20.5477
574.5,-0.000416012,20.5477
574.55,-0.000421555,20.5477
574.6,-0.000427365,20.5477
574.65,-0.000429703,20.5476
574.7,-0.000432975,20.5476
574.75,-0.000432875,20.5476
574.8,-0.000426998,20.5476
574.85,-0.000434111,20.5476
574.9,-0.000438652,20.5475
574.95,-0.000434478,20.5475
575.0,-0.000439253,20.5475
575.05,-0.000440923,20.5475
575.1,-0.000437984,20.5474
575.15,-0.000431606,20.5474
575.2,-0.000435046,20.5474
575.25,-0.000434545,20.5474
575.3,-0.000431372,20.5474
575.35,-0.000434011,20.5473
575.4,-0.000437851,20.5473
575.45,-0.000429202,20.5473
575.5,-0.00043745,20.5473
575.55,-0.00044109,20.5473
575.6,-0.000443027,20.5472
575.65,-0.000434011,20.5472
575.7,-0.000432374,20.5472
575.75,-0.000437183,20.5472
575.8,-0.000436949,20.5471
575.85,-0.000440723,20.5471
575.9,-0.000440088,20.5471
575.95,-0.000443561,20.5471
576.0,-0.000438352,20.5471
576.05,-0.000440656,20.547
576.1,-0.000440021,20.547
576.15,-0.000435714,20.547
576.2,-0.000437884,20.547
576.25,-0.000433977,20.5469
576.3,-0.000441056,20.5469
576.35,-0.000430538,20.5469
576.4,-0.000433042,20.5469
576.45,-0.000434411,20.5469
576.5,-0.000436181,20.5468
576.55,-0.000429335,20.5468
576.6,-0.00043184,20.5468
576.65,-0.000438251,20.5468
576.7,-0.000425095,20.5468
576.75,-0.000427065,20.5467
576.8,-0.000432307,20.5467
576.85,-0.000437517,20.5467
576.9,-0.000433009,20.5467
576.95,-0.00042987,20.5466
577.0,-0.000429569,20.5466
577.05,-0.000423659,20.5466
577.1,-0.000432307,20.5466
577.15,-0.000430037,20.5466
577.2,-0.000437617,20.5465
577.25,-0.000429903,20.5465
577.3,-0.000429536,20.5465
577.35,-0.000429903,20.5465
577.4,-0.00043164,20.5464
577.45,-0.000429302,20.5464
577.5,-0.000422223,20.5464
577.55,-0.00041718,20.5464
577.6,-0.000426597,20.5464
577.65,-0.000422724,20.5463
577.7,-0.000418917,20.5463
577.75,-0.00042456,20.5463
577.8,-0.000420253,20.5463
577.85,-0.000423225,20.5463
577.9,-0.000428734,20.5462
577.95,-0.000423191,20.5462
578.0,-0.000423592,20.5462
578.05,-0.000425696,20.5462
578.1,-0.000424126,20.5462
578.15,-0.000420152,20.5461
578.2,-0.000423759,20.5461
578.25,-0.00042603,20.5461
578.3,-0.000418984,20.5461
578.35,-0.000421956,20.546
578.4,-0.000420086,20.546
578.45,-0.000423993,20.546
578.5,-0.000418082,20.546
578.55,-0.000425128,20.546
578.6,-0.000428501,20.5459
578.65,-0.000422156,20.5459
578.7,-0.000423058,20.5459
578.75,-0.000425829,20.5459
578.8,-0.000433242,20.5459
578.85,-0.00042249,20.5458
578.9,-0.000419885,20.5458
578.95,-0.000423692,20.5458
579.0,-0.000429202,20.5458
579.05,-0.000433476,20.5457
579.1,-0.00042997,20.5457
579.15,-0.000421688,20.5457
579.2,-0.000421989,20.5457
579.25,-0.0004283,20.5457
579.3,-0.000422957,20.5456
579.35,-0.000419084,20.5456
579.4,-0.000418984,20.5456
579.45,-0.000423892,20.5456
579.5,-0.000425595,20.5456
579.55,-0.00042269,20.5455
579.6,-0.00043371,20.5455
579.65,-0.000429035,20.5455
579.7,-0.00042426,20.5455
579.75,-0.000435146,20.5455
579.8,-0.000423558,20.5454
579.85,-0.00042653,20.5454
579.9,-0.000432207,20.5454
579.95,-0.000429736,20.5454
580.0,-0.000418316,20.5453
580.05,-0.000406194,20.5453
580.1,-0.000404958,20.5453
580.15,-0.000407296,20.5453
580.2,-0.000416846,20.5453
580.25,-0.000422356,20.5452
580.3,-0.000426163,20.5452
580.35,-0.000419818,20.5452
580.4,-0.000416613,20.5452
580.45,-0.000409333,20.5452
580.5,-0.000413908,20.5451
580.55,-0.00041314,20.5451
580.6,-0.000419485,20.5451
580.65,-0.000419318,20.5451
580.7,-0.000420653,20.5451
580.75,-0.000419217,20.545
580.8,-0.000428668,20.545
580.85,-0.000427165,20.545
580.9,-0.000423458,20.545
580.95,-0.000425395,20.5449
581.0,-0.00042623,20.5449
581.05,-0.000430437,20.5449
581.1,-0.00043755,20.5449
581.15,-0.000439153,20.5449
581.2,-0.000451575,20.5448
581.25,-0.000445999,20.5448
581.3,-0.000446834,20.5448
581.35,-0.000436615,20.5448
581.4,-0.000438752,20.5448
581.45,-0.000430705,20.5447
581.5,-0.000433543,20.5447
581.55,-0.000434411,20.5447
581.6,-0.000438652,20.5447
581.65,-0.000443828,20.5446
581.7,-0.000441123,20.5446
581.75,-0.00043942,20.5446
581.8,-0.000451675,20.5446
581.85,-0.000438819,20.5446
581.9,-0.000435112,20.5445
581.95,-0.000449204,20.5445
582.0,-0.000439621,20.5445
582.05,-0.000439988,20.5445
582.1,-0.000432675,20.5444
582.15,-0.000431807,20.5444
582.2,-0.000443394,20.5444
582.25,-0.000441123,20.5444
582.3,-0.000443661,20.5444
582.35,-0.000437116,20.5443
582.4,-0.000435847,20.5443
582.45,-0.000440121,20.5443
582.5,-0.000439621,20.5443
582.55,-0.000422657,20.5442
582.6,-0.000434011,20.5442
582.65,-0.000436849,20.5442
582.7,-0.000432374,20.5442
582.75,-0.000435613,20.5442
582.8,-0.000425262,20.5441
582.85,-0.000429002,20.5441
582.9,-0.000432742,20.5441
582.95,-0.000442626,20.5441
583.0,-0.000430905,20.5441
583.05,-0.000426898,20.544
583.1,-0.000432408,20.544
583.15,-0.000425028,20.544
583.2,-0.000427265,20.544
583.25,-0.000437951,20.5439
583.3,-0.000427733,20.5439
583.35,-0.000429168,20.5439
583.4,-0.000417615,20.5439
583.45,-0.000420887,20.5439
583.5,-0.000424427,20.5438
583.55,-0.000421655,20.5438
583.6,-0.0004281,20.5438
583.65,-0.000425128,20.5438
583.7,-0.000426397,20.5438
583.75,-0.0004279,20.5437
583.8,-0.000420086,20.5437
583.85,-0.000413741,20.5437
583.9,-0.00041678,20.5437
583.95,-0.000420486,20.5436
584.0,-0.000420019,20.5436
584.05,-0.000414642,20.5436
584.1,-0.000421655,20.5436
584.15,-0.000427799,20.5436
584.2,-0.000433009,20.5435
584.25,-0.000434678,20.5435
584.3,-0.000433944,20.5435
584.35,-0.000422623,20.5435
584.4,-0.000429369,20.5435
584.45,-0.000428701,20.5434
584.5,-0.000427432,20.5434
584.55,-0.000429302,20.5434
584.6,-0.000431339,20.5434
584.65,-0.000437316,20.5433
584.7,-0.000440823,20.5433
584.75,-0.00043745,20.5433
584.8,-0.000434511,20.5433
584.85,-0.000421421,20.5433
584.9,-0.000421054,20.5432
584.95,-0.000415878,20.5432
585.0,-0.000419919,20.5432
585.05,-0.000416513,20.5432
585.1,-0.000430471,20.5432
585.15,-0.000434812,20.5431
585.2,-0.000423358,20.5431
585.25,-0.000420453,20.5431
585.3,-0.000432508,20.5431
585.35,-0.000426564,20.543
585.4,-0.000419251,20.543
585.45,-0.000428868,20.543
585.5,-0.000432074,20.543
585.55,-0.000429836,20.543
585.6,-0.000423391,20.5429
585.65,-0.000420419,20.5429
585.7,-0.000418449,20.5429
585.75,-0.000420386,20.5429
585.8,-0.000421021,20.5429
585.85,-0.000429836,20.5428
585.9,-0.000429836,20.5428
585.95,-0.000429736,20.5428
586.0,-0.000427566,20.5428
586.05,-0.000430738,20.5428
586.1,-0.000426965,20.5427
586.15,-0.000421121,20.5427
586.2,-0.000428935,20.5427
586.25,-0.000436482,20.5427
586.3,-0.000424126,20.5426
586.35,-0.000424794,20.5426
586.4,-0.000428501,20.5426
586.45,-0.000429302,20.5426
586.5,-0.000424961,20.5426
586.55,-0.000432107,20.5425
586.6,-0.000429636,20.5425
586.65,-0.000431606,20.5425
586.7,-0.000433142,20.5425
586.75,-0.000436882,20.5424
586.8,-0.000435079,20.5424
586.85,-0.000436281,20.5424
586.9,-0.000427833,20.5424
586.95,-0.000436882,20.5424
587.0,-0.00043361,20.5423
587.05,-0.000434879,20.5423
587.1,-0.000432575,20.5423
587.15,-0.000432808,20.5423
587.2,-0.000428133,20.5423
587.25,-0.00042997,20.5422
587.3,-0.000441591,20.5422
587.35,-0.000434211,20.5422
587.4,-0.000441056,20.5422
587.45,-0.000443661,20.5421
587.5,-0.000433409,20.5421
587.55,-0.000436381,20.5421
587.6,-0.000427532,20.5421
587.65,-0.000411871,20.5421
587.7,-0.000423859,20.542
587.75,-0.000427098,20.542
587.8,-0.000433844,20.542
587.85,-0.000436548,20.542
587.9,-0.000438819,20.542
587.95,-0.000429168,20.5419
588.0,-0.000430638,20.5419
588.05,-0.000434411,20.5419
588.1,-0.000436548,20.5419
588.15,-0.000437918,20.5418
588.2,-0.000433977,20.5418
588.25,-0.000433409,20.5418
588.3,-0.000433142,20.5418
588.35,-0.000442125,20.5418
588.4,-0.000429836,20.5417
588.45,-0.000433376,20.5417
588.5,-0.000431406,20.5417
588.55,-0.000444028,20.5417
588.6,-0.000437116,20.5416
588.65,-0.000430671,20.5416
588.7,-0.000440222,20.5416
588.75,-0.000431506,20.5416
588.8,-0.000438819,20.5416
588.85,-0.000436081,20.5415
588.9,-0.000434144,20.5415
588.95,-0.000434779,20.5415
589.0,-0.000428768,20.5415
589.05,-0.00043568,20.5415
589.1,-0.00043194,20.5414
589.15,-0.00043381,20.5414
589.2,-0.000435613,20.5414
589.25,-0.000438251,20.5414
589.3,-0.000432675,20.5413
589.35,-0.000432541,20.5413
589.4,-0.000438251,20.5413
589.45,-0.000422557,20.5413
589.5,-0.000427198,20.5413
589.55,-0.000435012,20.5412
589.6,-0.000433042,20.5412
589.65,-0.00043558,20.5412
589.7,-0.000429302,20.5412
589.75,-0.000424827,20.5412
589.8,-0.00042977,20.5411
589.85,-0.000427799,20.5411
589.9,-0.000423826,20.5411
589.95,-0.000427532,20.5411
590.0,-0.000427165,20.541
590.05,-0.000422924,20.541
590.1,-0.000415477,20.541
590.15,-0.000422456,20.541
590.2,-0.00042249,20.541
590.25,-0.00042239,20.5409
590.3,-0.000418549,20.5409
590.35,-0.000421922,20.5409
590.4,-0.000422123,20.5409
590.45,-0.000426464,20.5409
590.5,-0.000428267,20.5408
590.55,-0.000425161,20.5408
590.6,-0.000425762,20.5408
590.65,-0.000430671,20.5408
590.7,-0.000426731,20.5407
590.75,-0.000436882,20.5407
590.8,-0.000443227,20.5407
590.85,-0.00043381,20.5407
590.9,-0.000417514,20.5407
590.95,-0.000424694,20.5406
591.0,-0.000433977,20.5406
591.05,-0.000428801,20.5406
591.1,-0.000436148,20.5406
591.15,-0.000437617,20.5406
591.2,-0.000440923,20.5405
591.25,-0.000444162,20.5405
591.3,-0.000437316,20.5405
591.35,-0.000445398,20.5405
591.4,-0.000436749,20.5404
591.45,-0.000430404,20.5404
591.5,-0.000431506,20.5404
591.55,-0.0004283,20.5404
591.6,-0.000425061,20.5404
591.65,-0.000431072,20.5403
591.7,-0.000429569,20.5403
591.75,-0.000428601,20.5403
591.8,-0.000428868,20.5403
591.85,-0.000431239,20.5402
591.9,-0.000421054,20.5402
591.95,-0.000423091,20.5402
592.0,-0.000414509,20.5402
592.05,-0.000417848,20.5402
592.1,-0.000413574,20.5401
592.15,-0.000410402,20.5401
592.2,-0.000412372,20.5401
592.25,-0.000421655,20.5401
592.3,-0.000422623,20.5401
592.35,-0.000424193,20.54
592.4,-0.000425362,20.54
592.45,-0.000419952,20.54
592.5,-0.000421388,20.54
592.55,-0.000417681,20.54
592.6,-0.000412839,20.5399
592.65,-0.000410769,20.5399
592.7,-0.000413941,20.5399
592.75,-0.000408097,20.5399
592.8,-0.00040419,20.5399
592.85,-0.00041147,20.5398
592.9,-0.000414476,20.5398
592.95,-0.000417648,20.5398
593.0,-0.000417681,20.5398
593.05,-0.000415711,20.5397
593.1,-0.000416312,20.5397
593.15,-0.000417615,20.5397
593.2,-0.000407563,20.5397
593.25,-0.000421355,20.5397
593.3,-0.000423592,20.5396
593.35,-0.000416379,20.5396
593.4,-0.000424026,20.5396
593.45,-0.00041698,20.5396
593.5,-0.000416012,20.5396
593.55,-0.000418049,20.5395
593.6,-0.000420319,20.5395
593.65,-0.000417281,20.5395
593.7,-0.000421121,20.5395
593.75,-0.000420319,20.5395
593.8,-0.000425028,20.5394
593.85,-0.000421021,20.5394
593.9,-0.000427299,20.5394
593.95,-0.000421722,20.5394
594.0,-0.000417915,20.5394
594.05,-0.000425996,20.5393
594.1,-0.000428434,20.5393
594.15,-0.000420887,20.5393
594.2,-0.000417581,20.5393
594.25,-0.00041905,20.5392
594.3,-0.000420219,20.5392
594.35,-0.000419551,20.5392
594.4,-0.00042229,20.5392
594.45,-0.000426597,20.5392
594.5,-0.000433777,20.5391
594.55,-0.000432641,20.5391
594.6,-0.000440723,20.5391
594.65,-0.00043922,20.5391
594.7,-0.00044513,20.5391
594.75,-0.000436982,20.539
594.8,-0.000431606,20.539
594.85,-0.000433042,20.539
594.9,-0.000424326,20.539
594.95,-0.000434912,20.5389
595.0,-0.000436214,20.5389
595.05,-0.000432909,20.5389
595.1,-0.000437417,20.5389
595.15,-0.000437417,20.5389
595.2,-0.00043912,20.5388
595.25,-0.000434144,20.5388
595.3,-0.000428567,20.5388
595.35,-0.000430872,20.5388
595.4,-0.000436682,20.5387
595.45,-0.000442492,20.5387
595.5,-0.000435112,20.5387
595.55,-0.000434278,20.5387
595.6,-0.000434311,20.5387
595.65,-0.000430504,20.5386
595.7,-0.000425662,20.5386
595.75,-0.000433677,20.5386
595.8,-0.000430771,20.5386
595.85,-0.000438418,20.5386
595.9,-0.000428835,20.5385
595.95,-0.000434812,20.5385
596.0,-0.000439854,20.5385
596.05,-0.000438652,20.5385
596.1,-0.000431606,20.5384
596.15,-0.000438452,20.5384
596.2,-0.000431473,20.5384
596.25,-0.000437183,20.5384
596.3,-0.000432775,20.5384
596.35,-0.000436381,20.5383
596.4,-0.000444429,20.5383
596.45,-0.000434678,20.5383
596.5,-0.000433042,20.5383
596.55,-0.000432808,20.5382
596.6,-0.000422189,20.5382
596.65,-0.000422156,20.5382
596.7,-0.000425762,20.5382
596.75,-0.000431473,20.5382
596.8,-0.000421488,20.5381
596.85,-0.000425629,20.5381
596.9,-0.000424694,20.5381
596.95,-0.000426798,20.5381
597.0,-0.00041678,20.5381
597.05,-0.000423926,20.538
597.1,-0.000427165,20.538
597.15,-0.000429269,20.538
597.2,-0.000429569,20.538
597.25,-0.000437951,20.5379
597.3,-0.000439587,20.5379
597.35,-0.000427165,20.5379
597.4,-0.000421922,20.5379
597.45,-0.000425362,20.5379
597.5,-0.000425863,20.5378
597.55,-0.000429703,20.5378
597.6,-0.000431172,20.5378
597.65,-0.000438619,20.5378
597.7,-0.000438185,20.5378
597.75,-0.000441557,20.5377
597.8,-0.000434111,20.5377
597.85,-0.000443427,20.5377
597.9,-0.000448136,20.5377
597.95,-0.000436882,20.5376
598.0,-0.000438986,20.5376
598.05,-0.000436982,20.5376
598.1,-0.000428901,20.5376
598.15,-0.000433176,20.5376
598.2,-0.000447234,20.5375
598.25,-0.000430604,20.5375
598.3,-0.000441424,20.5375
598.35,-0.000441658,20.5375
598.4,-0.000451175,20.5374
598.45,-0.000442659,20.5374
598.5,-0.000445598,20.5374
598.55,-0.000440155,20.5374
598.6,-0.000440188,20.5374
598.65,-0.000441624,20.5373
598.7,-0.000427532,20.5373
598.75,-0.000423358,20.5373
598.8,-0.000424527,20.5373
598.85,-0.000417882,20.5373
598.9,-0.000426631,20.5372
598.95,-0.000424193,20.5372
599.0,-0.000424861,20.5372
599.05,-0.000430872,20.5372
599.1,-0.000432274,20.5371
599.15,-0.000427666,20.5371
599.2,-0.000430805,20.5371
599.25,-0.000436682,20.5371
599.3,-0.000437751,20.5371
599.35,-0.000431205,20.537
599.4,-0.000434311,20.537
599.45,-0.000431172,20.537
599.5,-0.000434077,20.537
599.55,-0.000423492,20.537
599.6,-0.000425462,20.5369
599.65,-0.000427733,20.5369
599.7,-0.000425829,20.5369
599.75,-0.000423492,20.5369
599.8,-0.000419017,20.5368
599.85,-0.0004284,20.5368
599.9,-0.000421321,20.5368
599.95,-0.000424861,20.5368
600.0,-0.000423425,20.5368
