CCStrip-at Ep-300C,VSTEP1,-1.395,TSTEP1,600.0,QLIMIT,300000.0
T,Im,Q
0.0,3.2782,0.16391
0.05,0.493712,0.188596
0.1,0.526414,0.214916
0.15,0.54411,0.242122
0.2,0.55141,0.269692
0.25,0.554514,0.297418
0.3,0.55519,0.325178
0.35,0.554738,0.352914
0.4,0.553818,0.380605
0.45,0.55271,0.408241
0.5,0.551486,0.435815
0.55,0.550235,0.463327
0.6,0.548944,0.490774
0.65,0.547685,0.518158
0.7,0.546485,0.545483
0.75,0.545265,0.572746
0.8,0.54408,0.59995
0.85,0.542951,0.627097
0.9,0.541841,0.654189
0.95,0.54075,0.681227
1.0,0.539708,0.708212
1.05,0.538694,0.735147
1.1,0.537731,0.762034
1.15,0.536792,0.788873
1.2,0.53587,0.815667
1.25,0.534976,0.842416
1.3,0.534111,0.869121
1.35,0.533285,0.895785
1.4,0.532448,0.922408
1.45,0.531638,0.94899
1.5,0.530878,0.975534
1.55,0.53011,1.00204
1.6,0.529376,1.02851
1.65,0.528664,1.05494
1.7,0.527944,1.08134
1.75,0.527259,1.1077
1.8,0.526596,1.13403
1.85,0.52592,1.16033
1.9,0.525267,1.18659
1.95,0.524659,1.21282
2.0,0.524047,1.23903
2.05,0.523411,1.2652
2.1,0.52283,1.29134
2.15,0.522238,1.31745
2.2,0.521663,1.34353
2.25,0.521121,1.36959
2.3,0.520563,1.39562
2.35,0.520029,1.42162
2.4,0.519515,1.44759
2.45,0.51901,1.47354
2.5,0.518506,1.49947
2.55,0.518014,1.52537
2.6,0.517529,1.55125
2.65,0.517058,1.5771
2.7,0.516584,1.60293
2.75,0.516121,1.62874
2.8,0.515685,1.65452
2.85,0.51524,1.68028
2.9,0.514809,1.70602
2.95,0.514374,1.73174
3.0,0.513939,1.75744
3.05,0.513529,1.78311
3.1,0.513119,1.80877
3.15,0.512726,1.83441
3.2,0.512319,1.86002
3.25,0.511991,1.88562
3.3,0.511612,1.9112
3.35,0.511221,1.93676
3.4,0.510853,1.96231
3.45,0.510462,1.98783
3.5,0.510095,2.01333
3.55,0.509723,2.03882
3.6,0.509365,2.06429
3.65,0.509003,2.08974
3.7,0.50867,2.11517
3.75,0.508324,2.14059
3.8,0.50799,2.16599
3.85,0.507631,2.19137
3.9,0.507283,2.21673
3.95,0.506961,2.24208
4.0,0.506637,2.26741
4.05,0.506303,2.29273
4.1,0.505985,2.31803
4.15,0.505677,2.34331
4.2,0.505358,2.36858
4.25,0.505051,2.39383
4.3,0.504736,2.41907
4.35,0.504424,2.44429
4.4,0.504127,2.4695
4.45,0.503819,2.49469
4.5,0.503512,2.51986
4.55,0.50322,2.54502
4.6,0.502915,2.57017
4.65,0.502622,2.5953
4.7,0.502349,2.62042
4.75,0.502063,2.64552
4.8,0.501776,2.67061
4.85,0.501522,2.69569
4.9,0.501229,2.72075
4.95,0.50095,2.7458
5.0,0.500683,2.77083
5.05,0.500414,2.79585
5.1,0.500133,2.82086
5.15,0.499866,2.84585
5.2,0.499611,2.87083
5.25,0.499348,2.8958
5.3,0.499101,2.92075
5.35,0.498828,2.94569
5.4,0.498595,2.97062
5.45,0.498333,2.99554
5.5,0.498073,3.02044
5.55,0.497808,3.04534
5.6,0.497571,3.07021
5.65,0.497326,3.09508
5.7,0.497112,3.11994
5.75,0.496868,3.14478
5.8,0.496617,3.16961
5.85,0.496383,3.19443
5.9,0.496139,3.21924
5.95,0.495917,3.24403
6.0,0.495697,3.26882
6.05,0.495477,3.29359
6.1,0.495245,3.31835
6.15,0.495009,3.3431
6.2,0.494793,3.36784
6.25,0.494558,3.39257
6.3,0.494344,3.41729
6.35,0.49411,3.44199
6.4,0.493889,3.46669
6.45,0.493654,3.49137
6.5,0.493443,3.51604
6.55,0.49321,3.5407
6.6,0.492995,3.56535
6.65,0.49281,3.58999
6.7,0.492605,3.61462
6.75,0.492403,3.63924
6.8,0.492198,3.66385
6.85,0.492013,3.68845
6.9,0.491806,3.71304
6.95,0.491607,3.73763
7.0,0.491408,3.7622
7.05,0.491229,3.78676
7.1,0.491043,3.81131
7.15,0.490861,3.83585
7.2,0.490662,3.86039
7.25,0.490515,3.88491
7.3,0.490323,3.90943
7.35,0.49014,3.93393
7.4,0.489957,3.95843
7.45,0.489765,3.98292
7.5,0.489613,4.0074
7.55,0.489435,4.03187
7.6,0.48926,4.05634
7.65,0.4891,4.08079
7.7,0.488944,4.10524
7.75,0.488769,4.12968
7.8,0.48859,4.15411
7.85,0.488433,4.17853
7.9,0.488272,4.20294
7.95,0.48812,4.22735
8.0,0.487993,4.25175
8.05,0.487862,4.27614
8.1,0.487706,4.30053
8.15,0.487544,4.3249
8.2,0.487374,4.34927
8.25,0.487244,4.37363
8.3,0.487076,4.39799
8.35,0.486943,4.42233
8.4,0.486782,4.44667
8.45,0.48663,4.471
8.5,0.486507,4.49533
8.55,0.486381,4.51965
8.6,0.486241,4.54396
8.65,0.486099,4.56827
8.7,0.485963,4.59256
8.75,0.485829,4.61686
8.8,0.485688,4.64114
8.85,0.485541,4.66542
8.9,0.485387,4.68969
8.95,0.485265,4.71395
9.0,0.485145,4.73821
9.05,0.485011,4.76246
9.1,0.48489,4.7867
9.15,0.484765,4.81094
9.2,0.484635,4.83517
9.25,0.48453,4.8594
9.3,0.484401,4.88362
9.35,0.484314,4.90783
9.4,0.484174,4.93204
9.45,0.484037,4.95624
9.5,0.483951,4.98044
9.55,0.483832,5.00463
9.6,0.483694,5.02882
9.65,0.483615,5.053
9.7,0.483488,5.07717
9.75,0.48337,5.10134
9.8,0.483269,5.12551
9.85,0.483172,5.14966
9.9,0.48306,5.17382
9.95,0.482961,5.19797
10.0,0.48286,5.22211
10.05,0.482741,5.24625
10.1,0.482656,5.27038
10.15,0.48257,5.29451
10.2,0.482466,5.31863
10.25,0.482368,5.34275
10.3,0.482284,5.36686
10.35,0.482194,5.39097
10.4,0.482102,5.41508
10.45,0.482022,5.43918
10.5,0.48193,5.46327
10.55,0.48183,5.48737
10.6,0.481753,5.51145
10.65,0.481662,5.53554
10.7,0.481595,5.55962
10.75,0.481512,5.58369
10.8,0.481428,5.60776
10.85,0.481348,5.63183
10.9,0.481261,5.65589
10.95,0.481195,5.67995
11.0,0.481127,5.70401
11.05,0.48106,5.72806
11.1,0.480989,5.75211
11.15,0.480905,5.77616
11.2,0.480831,5.8002
11.25,0.48078,5.82424
11.3,0.480719,5.84827
11.35,0.480669,5.87231
11.4,0.480613,5.89634
11.45,0.480559,5.92037
11.5,0.480497,5.94439
11.55,0.480424,5.96841
11.6,0.480367,5.99243
11.65,0.480299,6.01645
11.7,0.480249,6.04046
11.75,0.480183,6.06447
11.8,0.48015,6.08848
11.85,0.480113,6.11248
11.9,0.480058,6.13648
11.95,0.480006,6.16048
12.0,0.479965,6.18448
12.05,0.479918,6.20848
12.1,0.479872,6.23247
12.15,0.479828,6.25646
12.2,0.479785,6.28045
12.25,0.479743,6.30444
12.3,0.479693,6.32842
12.35,0.479671,6.35241
12.4,0.479636,6.37639
12.45,0.479606,6.40037
12.5,0.479581,6.42435
12.55,0.479537,6.44833
12.6,0.479512,6.4723
12.65,0.479454,6.49627
12.7,0.47943,6.52025
12.75,0.479405,6.54422
12.8,0.47936,6.56818
12.85,0.479341,6.59215
12.9,0.479307,6.61612
12.95,0.479297,6.64008
13.0,0.479261,6.66404
13.05,0.479249,6.68801
13.1,0.479213,6.71197
13.15,0.479184,6.73593
13.2,0.479175,6.75989
13.25,0.479159,6.78384
13.3,0.479126,6.8078
13.35,0.479106,6.83175
13.4,0.479087,6.85571
13.45,0.479063,6.87966
13.5,0.479047,6.90361
13.55,0.479043,6.92757
13.6,0.479018,6.95152
13.65,0.479018,6.97547
13.7,0.47901,6.99942
13.75,0.478995,7.02337
13.8,0.479,7.04732
13.85,0.479009,7.07127
13.9,0.47902,7.09522
13.95,0.479048,7.11917
14.0,0.479051,7.14313
14.05,0.479048,7.16708
14.1,0.479063,7.19103
14.15,0.479046,7.21498
14.2,0.479048,7.23894
14.25,0.479043,7.26289
14.3,0.479053,7.28684
14.35,0.479045,7.31079
14.4,0.479052,7.33475
14.45,0.479063,7.3587
14.5,0.479081,7.38265
14.55,0.479087,7.40661
14.6,0.479093,7.43056
14.65,0.479096,7.45452
14.7,0.479118,7.47847
14.75,0.479112,7.50243
14.8,0.479116,7.52638
14.85,0.47914,7.55034
14.9,0.479155,7.5743
14.95,0.479169,7.59826
15.0,0.479198,7.62222
15.05,0.479214,7.64618
15.1,0.479219,7.67014
15.15,0.479235,7.6941
15.2,0.479246,7.71806
15.25,0.479286,7.74203
15.3,0.479302,7.76599
15.35,0.479312,7.78996
15.4,0.47933,7.81392
15.45,0.479357,7.83789
15.5,0.479376,7.86186
15.55,0.479398,7.88583
15.6,0.47942,7.9098
15.65,0.479451,7.93377
15.7,0.479478,7.95775
15.75,0.479494,7.98172
15.8,0.479526,8.0057
15.85,0.479547,8.02968
15.9,0.47957,8.05365
15.95,0.479581,8.07763
16.0,0.479619,8.10161
16.05,0.47965,8.1256
16.1,0.47967,8.14958
16.15,0.47968,8.17356
16.2,0.479697,8.19755
16.25,0.479719,8.22154
16.3,0.479759,8.24552
16.35,0.479782,8.26951
16.4,0.479817,8.2935
16.45,0.479851,8.3175
16.5,0.479875,8.34149
16.55,0.479909,8.36549
16.6,0.479935,8.38948
16.65,0.479973,8.41348
16.7,0.479987,8.43748
16.75,0.480008,8.46148
16.8,0.480031,8.48548
16.85,0.480101,8.50949
16.9,0.480141,8.53349
16.95,0.480174,8.5575
17.0,0.48025,8.58152
17.05,0.4803,8.60553
17.1,0.480335,8.62955
17.15,0.480365,8.65357
17.2,0.4804,8.67758
17.25,0.480446,8.70161
17.3,0.480472,8.72563
17.35,0.480497,8.74966
17.4,0.480527,8.77368
17.45,0.480556,8.79771
17.5,0.480576,8.82174
17.55,0.480605,8.84577
17.6,0.480626,8.8698
17.65,0.480663,8.89383
17.7,0.480679,8.91787
17.75,0.480714,8.9419
17.8,0.480754,8.96594
17.85,0.480772,8.98998
17.9,0.480806,9.01402
17.95,0.480839,9.03806
18.0,0.480866,9.06211
18.05,0.48089,9.08615
18.1,0.480915,9.1102
18.15,0.480949,9.13424
18.2,0.480975,9.15829
18.25,0.481009,9.18234
18.3,0.481055,9.20639
18.35,0.481096,9.23045
18.4,0.481128,9.25451
18.45,0.481164,9.27856
18.5,0.481171,9.30262
18.55,0.481214,9.32668
18.6,0.481241,9.35075
18.65,0.481279,9.37481
18.7,0.481307,9.39887
18.75,0.481334,9.42294
18.8,0.481386,9.44701
18.85,0.481409,9.47108
18.9,0.48144,9.49515
18.95,0.481469,9.51923
19.0,0.481503,9.5433
19.05,0.48154,9.56738
19.1,0.481579,9.59146
19.15,0.481619,9.61554
19.2,0.481633,9.63962
19.25,0.481651,9.6637
19.3,0.481671,9.68779
19.35,0.481696,9.71187
19.4,0.481718,9.73596
19.45,0.481754,9.76005
19.5,0.481797,9.78413
19.55,0.481839,9.80823
19.6,0.48186,9.83232
19.65,0.481902,9.85641
19.7,0.481946,9.88051
19.75,0.481995,9.90461
19.8,0.482017,9.92871
19.85,0.482065,9.95282
19.9,0.482111,9.97692
19.95,0.482132,10.001
20.0,0.482158,10.0251
20.05,0.48219,10.0492
20.1,0.482231,10.0734
20.15,0.48228,10.0975
20.2,0.482335,10.1216
20.25,0.482363,10.1457
20.3,0.482393,10.1698
20.35,0.48243,10.1939
20.4,0.48245,10.2181
20.45,0.482489,10.2422
20.5,0.482514,10.2663
20.55,0.482554,10.2904
20.6,0.482582,10.3146
20.65,0.482616,10.3387
20.7,0.482659,10.3628
20.75,0.482691,10.387
20.8,0.482725,10.4111
20.85,0.48274,10.4352
20.9,0.482778,10.4594
20.95,0.482807,10.4835
21.0,0.482824,10.5077
21.05,0.482859,10.5318
21.1,0.482881,10.556
21.15,0.482898,10.5801
21.2,0.482927,10.6042
21.25,0.482952,10.6284
21.3,0.482987,10.6525
21.35,0.483009,10.6767
21.4,0.483028,10.7008
21.45,0.483042,10.725
21.5,0.483076,10.7492
21.55,0.483115,10.7733
21.6,0.483144,10.7975
21.65,0.483167,10.8216
21.7,0.48318,10.8458
21.75,0.483199,10.8699
21.8,0.483223,10.8941
21.85,0.483246,10.9183
21.9,0.483263,10.9424
21.95,0.483285,10.9666
22.0,0.483295,10.9908
22.05,0.483312,11.0149
22.1,0.483321,11.0391
22.15,0.483333,11.0633
22.2,0.483355,11.0874
22.25,0.483383,11.1116
22.3,0.4834,11.1358
22.35,0.483414,11.1599
22.4,0.483423,11.1841
22.45,0.48343,11.2083
22.5,0.48343,11.2324
22.55,0.483441,11.2566
22.6,0.483437,11.2808
22.65,0.483447,11.305
22.7,0.48346,11.3291
22.75,0.483469,11.3533
22.8,0.483469,11.3775
22.85,0.48346,11.4017
22.9,0.48348,11.4258
22.95,0.483504,11.45
23.0,0.483524,11.4742
23.05,0.483543,11.4984
23.1,0.483557,11.5225
23.15,0.483554,11.5467
23.2,0.483581,11.5709
23.25,0.483592,11.5951
23.3,0.483618,11.6193
23.35,0.483616,11.6434
23.4,0.483628,11.6676
23.45,0.483635,11.6918
23.5,0.483634,11.716
23.55,0.483655,11.7402
23.6,0.483671,11.7643
23.65,0.483668,11.7885
23.7,0.48368,11.8127
23.75,0.483697,11.8369
23.8,0.483691,11.8611
23.85,0.483705,11.8853
23.9,0.483687,11.9095
23.95,0.483703,11.9336
24.0,0.483713,11.9578
24.05,0.48373,11.982
24.1,0.483735,12.0062
24.15,0.483735,12.0304
24.2,0.483732,12.0546
24.25,0.483746,12.0788
24.3,0.483752,12.1029
24.35,0.483761,12.1271
24.4,0.48376,12.1513
24.45,0.483767,12.1755
24.5,0.483763,12.1997
24.55,0.483771,12.2239
24.6,0.483766,12.2481
24.65,0.483771,12.2723
24.7,0.483787,12.2965
24.75,0.483774,12.3206
24.8,0.483778,12.3448
24.85,0.483784,12.369
24.9,0.48379,12.3932
24.95,0.483777,12.4174
25.0,0.483772,12.4416
25.05,0.483789,12.4658
25.1,0.483791,12.49
25.15,0.483792,12.5142
25.2,0.483786,12.5383
25.25,0.483782,12.5625
25.3,0.48377,12.5867
25.35,0.483772,12.6109
25.4,0.483783,12.6351
25.45,0.483779,12.6593
25.5,0.483768,12.6835
25.55,0.483758,12.7077
25.6,0.483758,12.7319
25.65,0.483725,12.756
25.7,0.483701,12.7802
25.75,0.483697,12.8044
25.8,0.483709,12.8286
25.85,0.483696,12.8528
25.9,0.483683,12.877
25.95,0.483685,12.9011
26.0,0.483666,12.9253
26.05,0.483662,12.9495
26.1,0.483663,12.9737
26.15,0.48365,12.9979
26.2,0.483651,13.0221
26.25,0.483631,13.0462
26.3,0.483645,13.0704
26.35,0.483622,13.0946
26.4,0.483622,13.1188
26.45,0.483627,13.143
26.5,0.483604,13.1671
26.55,0.483591,13.1913
26.6,0.48359,13.2155
26.65,0.483586,13.2397
26.7,0.483555,13.2639
26.75,0.48355,13.288
26.8,0.483533,13.3122
26.85,0.483521,13.3364
26.9,0.483508,13.3606
26.95,0.483503,13.3847
27.0,0.48349,13.4089
27.05,0.483483,13.4331
27.1,0.483471,13.4573
27.15,0.483458,13.4814
27.2,0.48344,13.5056
27.25,0.483435,13.5298
27.3,0.483424,13.554
27.35,0.483406,13.5781
27.4,0.483398,13.6023
27.45,0.483387,13.6265
27.5,0.483386,13.6506
27.55,0.483372,13.6748
27.6,0.483357,13.699
27.65,0.483351,13.7231
27.7,0.483335,13.7473
27.75,0.483319,13.7715
27.8,0.483309,13.7956
27.85,0.48329,13.8198
27.9,0.483296,13.844
27.95,0.483282,13.8681
28.0,0.483271,13.8923
28.05,0.483256,13.9165
28.1,0.483266,13.9406
28.15,0.483263,13.9648
28.2,0.483262,13.9889
28.25,0.483247,14.0131
28.3,0.48324,14.0373
28.35,0.483217,14.0614
28.4,0.483204,14.0856
28.45,0.483157,14.1097
28.5,0.483121,14.1339
28.55,0.483118,14.1581
28.6,0.483107,14.1822
28.65,0.483089,14.2064
28.7,0.483095,14.2305
28.75,0.483061,14.2547
28.8,0.483054,14.2788
28.85,0.48304,14.303
28.9,0.483038,14.3271
28.95,0.483021,14.3513
29.0,0.483025,14.3754
29.05,0.482998,14.3996
29.1,0.482973,14.4237
29.15,0.482957,14.4479
29.2,0.482952,14.472
29.25,0.482939,14.4962
29.3,0.482919,14.5203
29.35,0.48291,14.5445
29.4,0.482899,14.5686
29.45,0.482874,14.5928
29.5,0.482856,14.6169
29.55,0.482821,14.641
29.6,0.482797,14.6652
29.65,0.482771,14.6893
29.7,0.482748,14.7135
29.75,0.482737,14.7376
29.8,0.482708,14.7617
29.85,0.48269,14.7859
29.9,0.48267,14.81
29.95,0.482661,14.8341
30.0,0.482641,14.8583
30.05,0.482616,14.8824
30.1,0.482595,14.9065
30.15,0.482574,14.9307
30.2,0.482552,14.9548
30.25,0.482523,14.9789
30.3,0.482506,15.003
30.35,0.482479,15.0272
30.4,0.482458,15.0513
30.45,0.482434,15.0754
30.5,0.482416,15.0995
30.55,0.482399,15.1236
30.6,0.482385,15.1478
30.65,0.48237,15.1719
30.7,0.482348,15.196
30.75,0.482334,15.2201
30.8,0.482198,15.2442
30.85,0.482115,15.2683
30.9,0.482102,15.2924
30.95,0.482083,15.3165
31.0,0.482062,15.3406
31.05,0.482021,15.3647
31.1,0.482,15.3888
31.15,0.481968,15.4129
31.2,0.481956,15.437
31.25,0.481938,15.4611
31.3,0.481902,15.4852
31.35,0.481883,15.5093
31.4,0.481868,15.5334
31.45,0.481843,15.5575
31.5,0.481803,15.5816
31.55,0.481775,15.6057
31.6,0.481751,15.6298
31.65,0.481718,15.6539
31.7,0.481687,15.6779
31.75,0.48164,15.702
31.8,0.481603,15.7261
31.85,0.481578,15.7502
31.9,0.481541,15.7743
31.95,0.481527,15.7983
32.0,0.481492,15.8224
32.05,0.481476,15.8465
32.1,0.481456,15.8706
32.15,0.481446,15.8946
32.2,0.481418,15.9187
32.25,0.481412,15.9428
32.3,0.481395,15.9668
32.35,0.48138,15.9909
32.4,0.481362,16.015
32.45,0.48134,16.0391
32.5,0.481336,16.0631
32.55,0.481332,16.0872
32.6,0.481309,16.1112
32.65,0.481292,16.1353
32.7,0.481288,16.1594
32.75,0.481276,16.1834
32.8,0.481276,16.2075
32.85,0.481266,16.2316
32.9,0.481263,16.2556
32.95,0.48125,16.2797
33.0,0.481239,16.3038
33.05,0.481225,16.3278
33.1,0.481206,16.3519
33.15,0.481196,16.3759
33.2,0.481184,16.4
33.25,0.481157,16.4241
33.3,0.481156,16.4481
33.35,0.481127,16.4722
33.4,0.4811,16.4962
33.45,0.481087,16.5203
33.5,0.481066,16.5443
33.55,0.481043,16.5684
33.6,0.481029,16.5924
33.65,0.481011,16.6165
33.7,0.480992,16.6405
33.75,0.480976,16.6646
33.8,0.480964,16.6886
33.85,0.48095,16.7127
33.9,0.480928,16.7367
33.95,0.480898,16.7608
34.0,0.480853,16.7848
34.05,0.480823,16.8089
34.1,0.480804,16.8329
34.15,0.480796,16.8569
34.2,0.480764,16.881
34.25,0.480775,16.905
34.3,0.480764,16.9291
34.35,0.480738,16.9531
34.4,0.480716,16.9771
34.45,0.480695,17.0012
34.5,0.480694,17.0252
34.55,0.480682,17.0492
34.6,0.480674,17.0733
34.65,0.480655,17.0973
34.7,0.480638,17.1213
34.75,0.48062,17.1454
34.8,0.480601,17.1694
34.85,0.480588,17.1934
34.9,0.480565,17.2174
34.95,0.480554,17.2415
35.0,0.480541,17.2655
35.05,0.480528,17.2895
35.1,0.480506,17.3136
35.15,0.480505,17.3376
35.2,0.48049,17.3616
35.25,0.480477,17.3856
35.3,0.480459,17.4096
35.35,0.480454,17.4337
35.4,0.480442,17.4577
35.45,0.480417,17.4817
35.5,0.480404,17.5057
35.55,0.480398,17.5298
35.6,0.480384,17.5538
35.65,0.480372,17.5778
35.7,0.48035,17.6018
35.75,0.48033,17.6258
35.8,0.480325,17.6498
35.85,0.480315,17.6739
35.9,0.480307,17.6979
35.95,0.480276,17.7219
36.0,0.480278,17.7459
36.05,0.480266,17.7699
36.1,0.480247,17.7939
36.15,0.480238,17.8179
36.2,0.480224,17.8419
36.25,0.480218,17.866
36.3,0.480211,17.89
36.35,0.480201,17.914
36.4,0.480182,17.938
36.45,0.480182,17.962
36.5,0.480162,17.986
36.55,0.480146,18.01
36.6,0.480146,18.034
36.65,0.48014,18.058
36.7,0.480129,18.082
36.75,0.480109,18.106
36.8,0.480089,18.13
36.85,0.480083,18.154
36.9,0.480073,18.1781
36.95,0.480062,18.2021
37.0,0.480056,18.2261
37.05,0.480052,18.2501
37.1,0.480028,18.2741
37.15,0.48003,18.2981
37.2,0.479995,18.3221
37.25,0.479975,18.3461
37.3,0.479967,18.3701
37.35,0.479939,18.3941
37.4,0.47991,18.4181
37.45,0.479889,18.442
37.5,0.479866,18.466
37.55,0.479849,18.49
37.6,0.479834,18.514
37.65,0.4798,18.538
37.7,0.479799,18.562
37.75,0.479771,18.586
37.8,0.479744,18.61
37.85,0.479728,18.634
37.9,0.479709,18.658
37.95,0.47969,18.6819
38.0,0.479693,18.7059
38.05,0.479672,18.7299
38.1,0.479641,18.7539
38.15,0.479632,18.7779
38.2,0.479615,18.8018
38.25,0.479607,18.8258
38.3,0.479571,18.8498
38.35,0.479573,18.8738
38.4,0.479563,18.8978
38.45,0.479556,18.9217
38.5,0.479511,18.9457
38.55,0.479495,18.9697
38.6,0.479478,18.9937
38.65,0.479466,19.0176
38.7,0.479453,19.0416
38.75,0.479454,19.0656
38.8,0.479424,19.0896
38.85,0.479404,19.1135
38.9,0.479405,19.1375
38.95,0.479394,19.1615
39.0,0.479361,19.1854
39.05,0.47936,19.2094
39.1,0.479348,19.2334
39.15,0.479323,19.2573
39.2,0.479307,19.2813
39.25,0.479307,19.3053
39.3,0.479283,19.3292
39.35,0.479267,19.3532
39.4,0.479253,19.3772
39.45,0.479231,19.4011
39.5,0.479216,19.4251
39.55,0.479193,19.449
39.6,0.479176,19.473
39.65,0.479148,19.497
39.7,0.479143,19.5209
39.75,0.479131,19.5449
39.8,0.479124,19.5688
39.85,0.479108,19.5928
39.9,0.479091,19.6167
39.95,0.479083,19.6407
40.0,0.479048,19.6646
40.05,0.479047,19.6886
40.1,0.479028,19.7125
40.15,0.479014,19.7365
40.2,0.478997,19.7604
40.25,0.478979,19.7844
40.3,0.478948,19.8083
40.35,0.478941,19.8323
40.4,0.47892,19.8562
40.45,0.478914,19.8802
40.5,0.478897,19.9041
40.55,0.478945,19.9281
40.6,0.47898,19.952
40.65,0.478979,19.976
40.7,0.478957,19.9999
40.75,0.478943,20.0239
40.8,0.47895,20.0478
40.85,0.478925,20.0718
40.9,0.478862,20.0957
40.95,0.478856,20.1196
41.0,0.478841,20.1436
41.05,0.478845,20.1675
41.1,0.47882,20.1915
41.15,0.478799,20.2154
41.2,0.478777,20.2393
41.25,0.478769,20.2633
41.3,0.478755,20.2872
41.35,0.47874,20.3112
41.4,0.478736,20.3351
41.45,0.478723,20.359
41.5,0.478723,20.383
41.55,0.478742,20.4069
41.6,0.478731,20.4308
41.65,0.478719,20.4548
41.7,0.478709,20.4787
41.75,0.478714,20.5027
41.8,0.478715,20.5266
41.85,0.478698,20.5505
41.9,0.478685,20.5745
41.95,0.478686,20.5984
42.0,0.478682,20.6223
42.05,0.478667,20.6463
42.1,0.478655,20.6702
42.15,0.478641,20.6941
42.2,0.478634,20.7181
42.25,0.478621,20.742
42.3,0.478604,20.7659
42.35,0.478595,20.7898
42.4,0.478566,20.8138
42.45,0.478559,20.8377
42.5,0.478544,20.8616
42.55,0.478544,20.8856
42.6,0.478513,20.9095
42.65,0.478498,20.9334
42.7,0.478427,20.9573
42.75,0.478337,20.9812
42.8,0.478326,21.0052
42.85,0.478308,21.0291
42.9,0.47828,21.053
42.95,0.478247,21.0769
43.0,0.478242,21.1008
43.05,0.478215,21.1247
43.1,0.478192,21.1486
43.15,0.478161,21.1725
43.2,0.478138,21.1965
43.25,0.478117,21.2204
43.3,0.478078,21.2443
43.35,0.478062,21.2682
43.4,0.478027,21.2921
43.45,0.477991,21.316
43.5,0.477958,21.3399
43.55,0.477904,21.3638
43.6,0.477842,21.3877
43.65,0.477738,21.4115
43.7,0.477693,21.4354
43.75,0.477653,21.4593
43.8,0.477625,21.4832
43.85,0.47761,21.5071
43.9,0.477586,21.5309
43.95,0.477566,21.5548
44.0,0.477548,21.5787
44.05,0.477531,21.6026
44.1,0.477505,21.6265
44.15,0.477495,21.6503
44.2,0.477488,21.6742
44.25,0.47746,21.6981
44.3,0.477448,21.7219
44.35,0.477433,21.7458
44.4,0.477406,21.7697
44.45,0.477387,21.7936
44.5,0.477381,21.8174
44.55,0.477367,21.8413
44.6,0.477324,21.8652
44.65,0.477319,21.889
44.7,0.477306,21.9129
44.75,0.477289,21.9368
44.8,0.477271,21.9606
44.85,0.477258,21.9845
44.9,0.477254,22.0083
44.95,0.477253,22.0322
45.0,0.477231,22.0561
45.05,0.477234,22.0799
45.1,0.477221,22.1038
45.15,0.477223,22.1277
45.2,0.477201,22.1515
45.25,0.477206,22.1754
45.3,0.477175,22.1992
45.35,0.477162,22.2231
45.4,0.477145,22.247
45.45,0.477002,22.2708
45.5,0.477003,22.2947
45.55,0.477048,22.3185
45.6,0.476983,22.3424
45.65,0.477007,22.3662
45.7,0.476925,22.39
45.75,0.476915,22.4139
45.8,0.476948,22.4377
45.85,0.476931,22.4616
45.9,0.47696,22.4854
45.95,0.476892,22.5093
46.0,0.476915,22.5331
46.05,0.476906,22.557
46.1,0.476886,22.5808
46.15,0.476895,22.6047
46.2,0.476865,22.6285
46.25,0.476849,22.6523
46.3,0.476865,22.6762
46.35,0.476846,22.7
46.4,0.476851,22.7239
46.45,0.476797,22.7477
46.5,0.476826,22.7716
46.55,0.476806,22.7954
46.6,0.476792,22.8192
46.65,0.47679,22.8431
46.7,0.476765,22.8669
46.75,0.476796,22.8908
46.8,0.476764,22.9146
46.85,0.476741,22.9384
46.9,0.47672,22.9623
46.95,0.476678,22.9861
47.0,0.476669,23.0099
47.05,0.476694,23.0338
47.1,0.476675,23.0576
47.15,0.476652,23.0814
47.2,0.476642,23.1053
47.25,0.476614,23.1291
47.3,0.476603,23.1529
47.35,0.476583,23.1768
47.4,0.476575,23.2006
47.45,0.476571,23.2244
47.5,0.476539,23.2482
47.55,0.476502,23.2721
47.6,0.476518,23.2959
47.65,0.476522,23.3197
47.7,0.476494,23.3435
47.75,0.476495,23.3674
47.8,0.476492,23.3912
47.85,0.476469,23.415
47.9,0.476434,23.4388
47.95,0.476407,23.4627
48.0,0.476381,23.4865
48.05,0.476356,23.5103
48.1,0.476358,23.5341
48.15,0.476339,23.5579
48.2,0.47635,23.5817
48.25,0.476326,23.6056
48.3,0.476305,23.6294
48.35,0.476317,23.6532
48.4,0.476279,23.677
48.45,0.476274,23.7008
48.5,0.476265,23.7246
48.55,0.476262,23.7484
48.6,0.476202,23.7723
48.65,0.476187,23.7961
48.7,0.476192,23.8199
48.75,0.476183,23.8437
48.8,0.476152,23.8675
48.85,0.476096,23.8913
48.9,0.47606,23.9151
48.95,0.476028,23.9389
49.0,0.476028,23.9627
49.05,0.476006,23.9865
49.1,0.475962,24.0103
49.15,0.475958,24.0341
49.2,0.475948,24.0579
49.25,0.475909,24.0817
49.3,0.475869,24.1055
49.35,0.47587,24.1293
49.4,0.475847,24.1531
49.45,0.475803,24.1769
49.5,0.475777,24.2007
49.55,0.475753,24.2244
49.6,0.475706,24.2482
49.65,0.475669,24.272
49.7,0.475617,24.2958
49.75,0.475598,24.3196
49.8,0.475556,24.3433
49.85,0.475507,24.3671
49.9,0.475487,24.3909
49.95,0.475453,24.4147
50.0,0.475477,24.4384
50.05,0.475429,24.4622
50.1,0.475478,24.486
50.15,0.475423,24.5098
50.2,0.475428,24.5335
50.25,0.475409,24.5573
50.3,0.475405,24.5811
50.35,0.475391,24.6048
50.4,0.475389,24.6286
50.45,0.475382,24.6524
50.5,0.475353,24.6761
50.55,0.475336,24.6999
50.6,0.475318,24.7237
50.65,0.475307,24.7474
50.7,0.475297,24.7712
50.75,0.475303,24.795
50.8,0.47526,24.8187
50.85,0.475233,24.8425
50.9,0.475247,24.8663
50.95,0.47523,24.89
51.0,0.475106,24.9138
51.05,0.475052,24.9375
51.1,0.475036,24.9613
51.15,0.475043,24.985
51.2,0.475028,25.0088
51.25,0.475029,25.0325
51.3,0.474975,25.0563
51.35,0.475009,25.08
51.4,0.47503,25.1038
51.45,0.475001,25.1275
51.5,0.47499,25.1513
51.55,0.474961,25.175
51.6,0.474908,25.1988
51.65,0.474903,25.2225
51.7,0.474884,25.2463
51.75,0.474878,25.27
51.8,0.474867,25.2938
51.85,0.474855,25.3175
51.9,0.474807,25.3412
51.95,0.474802,25.365
52.0,0.474762,25.3887
52.05,0.474746,25.4125
52.1,0.474745,25.4362
52.15,0.47474,25.4599
52.2,0.474715,25.4837
52.25,0.4747,25.5074
52.3,0.474639,25.5311
52.35,0.474633,25.5549
52.4,0.474645,25.5786
52.45,0.474609,25.6023
52.5,0.474609,25.6261
52.55,0.474611,25.6498
52.6,0.474624,25.6735
52.65,0.474607,25.6973
52.7,0.474583,25.721
52.75,0.474572,25.7447
52.8,0.474575,25.7684
52.85,0.474541,25.7922
52.9,0.474517,25.8159
52.95,0.474517,25.8396
53.0,0.474483,25.8633
53.05,0.474482,25.8871
53.1,0.47439,25.9108
53.15,0.474395,25.9345
53.2,0.474368,25.9582
53.25,0.474378,25.9819
53.3,0.474357,26.0057
53.35,0.474301,26.0294
53.4,0.47429,26.0531
53.45,0.474259,26.0768
53.5,0.474296,26.1005
53.55,0.474271,26.1242
53.6,0.474234,26.1479
53.65,0.47423,26.1717
53.7,0.474186,26.1954
53.75,0.47415,26.2191
53.8,0.47415,26.2428
53.85,0.474141,26.2665
53.9,0.474107,26.2902
53.95,0.474097,26.3139
54.0,0.474064,26.3376
54.05,0.474023,26.3613
54.1,0.474037,26.385
54.15,0.474006,26.4087
54.2,0.473978,26.4324
54.25,0.47394,26.4561
54.3,0.473898,26.4798
54.35,0.473886,26.5035
54.4,0.473905,26.5272
54.45,0.473883,26.5509
54.5,0.473878,26.5746
54.55,0.473825,26.5983
54.6,0.473853,26.622
54.65,0.473822,26.6456
54.7,0.473771,26.6693
54.75,0.47376,26.693
54.8,0.473731,26.7167
54.85,0.473707,26.7404
54.9,0.473669,26.7641
54.95,0.473659,26.7878
55.0,0.473624,26.8114
55.05,0.473591,26.8351
55.1,0.473573,26.8588
55.15,0.473578,26.8825
55.2,0.473567,26.9062
55.25,0.473552,26.9298
55.3,0.473523,26.9535
55.35,0.473477,26.9772
55.4,0.473493,27.0009
55.45,0.473448,27.0245
55.5,0.473449,27.0482
55.55,0.473415,27.0719
55.6,0.47336,27.0955
55.65,0.473361,27.1192
55.7,0.473402,27.1429
55.75,0.473387,27.1665
55.8,0.473361,27.1902
55.85,0.473347,27.2139
55.9,0.473269,27.2375
55.95,0.473108,27.2612
56.0,0.47307,27.2849
56.05,0.473043,27.3085
56.1,0.473016,27.3322
56.15,0.473006,27.3558
56.2,0.472979,27.3795
56.25,0.472962,27.4031
56.3,0.472943,27.4268
56.35,0.472905,27.4504
56.4,0.472875,27.474
56.45,0.472858,27.4977
56.5,0.472821,27.5213
56.55,0.472789,27.545
56.6,0.472784,27.5686
56.65,0.47276,27.5922
56.7,0.472709,27.6159
56.75,0.472688,27.6395
56.8,0.47269,27.6631
56.85,0.472675,27.6868
56.9,0.47264,27.7104
56.95,0.472593,27.734
57.0,0.472547,27.7577
57.05,0.472541,27.7813
57.1,0.472544,27.8049
57.15,0.472536,27.8286
57.2,0.472524,27.8522
57.25,0.472503,27.8758
57.3,0.472469,27.8994
57.35,0.472463,27.923
57.4,0.472436,27.9467
57.45,0.472449,27.9703
57.5,0.472427,27.9939
57.55,0.472417,28.0175
57.6,0.472416,28.0412
57.65,0.472377,28.0648
57.7,0.472366,28.0884
57.75,0.472377,28.112
57.8,0.472347,28.1356
57.85,0.47232,28.1592
57.9,0.47231,28.1829
57.95,0.472302,28.2065
58.0,0.472288,28.2301
58.05,0.472283,28.2537
58.1,0.472255,28.2773
58.15,0.47222,28.3009
58.2,0.472202,28.3245
58.25,0.472178,28.3481
58.3,0.472162,28.3718
58.35,0.472174,28.3954
58.4,0.472117,28.419
58.45,0.472113,28.4426
58.5,0.472061,28.4662
58.55,0.472062,28.4898
58.6,0.472038,28.5134
58.65,0.472032,28.537
58.7,0.472025,28.5606
58.75,0.472011,28.5842
58.8,0.471987,28.6078
58.85,0.471989,28.6314
58.9,0.472021,28.655
58.95,0.472014,28.6786
59.0,0.471996,28.7022
59.05,0.471951,28.7258
59.1,0.471951,28.7494
59.15,0.471893,28.773
59.2,0.471847,28.7966
59.25,0.471824,28.8202
59.3,0.471816,28.8438
59.35,0.471764,28.8673
59.4,0.47175,28.8909
59.45,0.471701,28.9145
59.5,0.471602,28.9381
59.55,0.471568,28.9617
59.6,0.471544,28.9852
59.65,0.471496,29.0088
59.7,0.471487,29.0324
59.75,0.471442,29.056
59.8,0.471388,29.0795
59.85,0.471387,29.1031
59.9,0.471355,29.1267
59.95,0.471353,29.1502
60.0,0.471322,29.1738
60.05,0.471318,29.1974
60.1,0.471372,29.2209
60.15,0.471362,29.2445
60.2,0.471329,29.2681
60.25,0.471291,29.2916
60.3,0.471289,29.3152
60.35,0.471299,29.3388
60.4,0.471237,29.3623
60.45,0.471225,29.3859
60.5,0.471227,29.4095
60.55,0.47121,29.433
60.6,0.471193,29.4566
60.65,0.471187,29.4801
60.7,0.471137,29.5037
60.75,0.471077,29.5272
60.8,0.471028,29.5508
60.85,0.471041,29.5744
60.9,0.471039,29.5979
60.95,0.471047,29.6215
61.0,0.471013,29.645
61.05,0.470976,29.6686
61.1,0.470976,29.6921
61.15,0.470945,29.7157
61.2,0.470938,29.7392
61.25,0.470929,29.7627
61.3,0.470893,29.7863
61.35,0.47087,29.8098
61.4,0.470848,29.8334
61.45,0.470873,29.8569
61.5,0.470862,29.8805
61.55,0.470832,29.904
61.6,0.470882,29.9275
61.65,0.470923,29.9511
61.7,0.4709,29.9746
61.75,0.470891,29.9982
61.8,0.470907,30.0217
61.85,0.470905,30.0453
61.9,0.470842,30.0688
61.95,0.470834,30.0924
62.0,0.47082,30.1159
62.05,0.470783,30.1394
62.1,0.470765,30.163
62.15,0.470733,30.1865
62.2,0.470728,30.21
62.25,0.470704,30.2336
62.3,0.470654,30.2571
62.35,0.470608,30.2806
62.4,0.470606,30.3042
62.45,0.470573,30.3277
62.5,0.470543,30.3512
62.55,0.470522,30.3748
62.6,0.47053,30.3983
62.65,0.470496,30.4218
62.7,0.4705,30.4453
62.75,0.470489,30.4689
62.8,0.470467,30.4924
62.85,0.470452,30.5159
62.9,0.470414,30.5394
62.95,0.470396,30.5629
63.0,0.470363,30.5865
63.05,0.470402,30.61
63.1,0.470409,30.6335
63.15,0.470433,30.657
63.2,0.470445,30.6805
63.25,0.470457,30.7041
63.3,0.470456,30.7276
63.35,0.470437,30.7511
63.4,0.470414,30.7746
63.45,0.470402,30.7982
63.5,0.470373,30.8217
63.55,0.470354,30.8452
63.6,0.470373,30.8687
63.65,0.470345,30.8922
63.7,0.470388,30.9157
63.75,0.470377,30.9393
63.8,0.470388,30.9628
63.85,0.470352,30.9863
63.9,0.470347,31.0098
63.95,0.470335,31.0333
64.0,0.470283,31.0569
64.05,0.470277,31.0804
64.1,0.470272,31.1039
64.15,0.470254,31.1274
64.2,0.47021,31.1509
64.25,0.470206,31.1744
64.3,0.470174,31.1979
64.35,0.470158,31.2214
64.4,0.470115,31.2449
64.45,0.470096,31.2684
64.5,0.470085,31.2919
64.55,0.470043,31.3154
64.6,0.470025,31.3389
64.65,0.469989,31.3624
64.7,0.469957,31.3859
64.75,0.469936,31.4094
64.8,0.469922,31.4329
64.85,0.46993,31.4564
64.9,0.469923,31.4799
64.95,0.469901,31.5034
65.0,0.469885,31.5269
65.05,0.469886,31.5504
65.1,0.469894,31.5739
65.15,0.469848,31.5974
65.2,0.469839,31.6209
65.25,0.4698,31.6444
65.3,0.469784,31.6679
65.35,0.469764,31.6914
65.4,0.469725,31.7148
65.45,0.469706,31.7383
65.5,0.469683,31.7618
65.55,0.469664,31.7853
65.6,0.46965,31.8088
65.65,0.469633,31.8323
65.7,0.469612,31.8557
65.75,0.469583,31.8792
65.8,0.469567,31.9027
65.85,0.469526,31.9262
65.9,0.469503,31.9497
65.95,0.469504,31.9731
66.0,0.469495,31.9966
66.05,0.469469,32.0201
66.1,0.469443,32.0435
66.15,0.469363,32.067
66.2,0.469123,32.0905
66.25,0.46885,32.1139
66.3,0.468813,32.1374
66.35,0.468806,32.1608
66.4,0.468803,32.1842
66.45,0.468881,32.2077
66.5,0.468928,32.2311
66.55,0.468945,32.2546
66.6,0.4689,32.278
66.65,0.468916,32.3015
66.7,0.468922,32.3249
66.75,0.468895,32.3484
66.8,0.468882,32.3718
66.85,0.46884,32.3952
66.9,0.46883,32.4187
66.95,0.468823,32.4421
67.0,0.468808,32.4656
67.05,0.468769,32.489
67.1,0.468767,32.5124
67.15,0.46877,32.5359
67.2,0.468749,32.5593
67.25,0.468719,32.5828
67.3,0.468675,32.6062
67.35,0.468653,32.6296
67.4,0.468634,32.6531
67.45,0.468599,32.6765
67.5,0.468566,32.6999
67.55,0.468533,32.7233
67.6,0.468509,32.7468
67.65,0.468483,32.7702
67.7,0.468457,32.7936
67.75,0.468435,32.817
67.8,0.468414,32.8405
67.85,0.468411,32.8639
67.9,0.4684,32.8873
67.95,0.468388,32.9107
68.0,0.468367,32.9341
68.05,0.468388,32.9576
68.1,0.46839,32.981
68.15,0.46837,33.0044
68.2,0.468378,33.0278
68.25,0.468334,33.0512
68.3,0.468355,33.0746
68.35,0.468335,33.0981
68.4,0.468305,33.1215
68.45,0.468255,33.1449
68.5,0.468221,33.1683
68.55,0.468165,33.1917
68.6,0.468145,33.2151
68.65,0.468115,33.2385
68.7,0.468095,33.2619
68.75,0.468056,33.2853
68.8,0.468017,33.3087
68.85,0.46798,33.3321
68.9,0.467979,33.3555
68.95,0.467953,33.3789
69.0,0.467922,33.4023
69.05,0.467901,33.4257
69.1,0.467887,33.4491
69.15,0.467887,33.4725
69.2,0.467864,33.4959
69.25,0.467853,33.5193
69.3,0.467812,33.5427
69.35,0.467792,33.5661
69.4,0.467764,33.5895
69.45,0.467745,33.6128
69.5,0.467721,33.6362
69.55,0.467711,33.6596
69.6,0.467682,33.683
69.65,0.467685,33.7064
69.7,0.467674,33.7298
69.75,0.467664,33.7532
69.8,0.467663,33.7765
69.85,0.467621,33.7999
69.9,0.467599,33.8233
69.95,0.467571,33.8467
70.0,0.46752,33.87
70.05,0.467529,33.8934
70.1,0.467495,33.9168
70.15,0.467452,33.9402
70.2,0.467447,33.9635
70.25,0.467401,33.9869
70.3,0.46737,34.0103
70.35,0.467344,34.0337
70.4,0.467322,34.057
70.45,0.467288,34.0804
70.5,0.467282,34.1037
70.55,0.467307,34.1271
70.6,0.467296,34.1505
70.65,0.46727,34.1738
70.7,0.467226,34.1972
70.75,0.467196,34.2206
70.8,0.467166,34.2439
70.85,0.467128,34.2673
70.9,0.467092,34.2906
70.95,0.467092,34.314
71.0,0.467083,34.3373
71.05,0.467063,34.3607
71.1,0.467004,34.384
71.15,0.466956,34.4074
71.2,0.466959,34.4307
71.25,0.466952,34.4541
71.3,0.466903,34.4774
71.35,0.466917,34.5008
71.4,0.466904,34.5241
71.45,0.467011,34.5475
71.5,0.466996,34.5708
71.55,0.46697,34.5942
71.6,0.466951,34.6175
71.65,0.46693,34.6409
71.7,0.466914,34.6642
71.75,0.466888,34.6876
71.8,0.46685,34.7109
71.85,0.466826,34.7342
71.9,0.466842,34.7576
71.95,0.466834,34.7809
72.0,0.466811,34.8043
72.05,0.466779,34.8276
72.1,0.466733,34.8509
72.15,0.466693,34.8743
72.2,0.466671,34.8976
72.25,0.466641,34.9209
72.3,0.466607,34.9443
72.35,0.466564,34.9676
72.4,0.466514,34.9909
72.45,0.466474,35.0142
72.5,0.466443,35.0376
72.55,0.46641,35.0609
72.6,0.466356,35.0842
72.65,0.466284,35.1075
72.7,0.466214,35.1308
72.75,0.46614,35.1541
72.8,0.466076,35.1774
72.85,0.465841,35.2007
72.9,0.465582,35.224
72.95,0.465489,35.2473
73.0,0.46539,35.2706
73.05,0.465319,35.2938
73.1,0.465239,35.3171
73.15,0.46522,35.3403
73.2,0.465113,35.3636
73.25,0.464969,35.3869
73.3,0.465053,35.4101
73.35,0.465028,35.4334
73.4,0.464927,35.4566
73.45,0.464831,35.4798
73.5,0.464768,35.5031
73.55,0.464841,35.5263
73.6,0.464849,35.5496
73.65,0.4648,35.5728
73.7,0.464758,35.596
73.75,0.464667,35.6193
73.8,0.464735,35.6425
73.85,0.464814,35.6658
73.9,0.464828,35.689
73.95,0.464763,35.7122
74.0,0.464728,35.7355
74.05,0.464621,35.7587
74.1,0.464551,35.7819
74.15,0.464552,35.8052
74.2,0.46448,35.8284
74.25,0.464455,35.8516
74.3,0.464493,35.8748
74.35,0.464465,35.8981
74.4,0.464358,35.9213
74.45,0.464356,35.9445
74.5,0.46423,35.9677
74.55,0.464339,35.9909
74.6,0.464399,36.0141
74.65,0.464363,36.0374
74.7,0.464271,36.0606
74.75,0.464337,36.0838
74.8,0.464288,36.107
74.85,0.464268,36.1302
74.9,0.464218,36.1534
74.95,0.464154,36.1766
75.0,0.464123,36.1998
75.05,0.464071,36.223
75.1,0.463957,36.2462
75.15,0.463919,36.2694
75.2,0.463956,36.2926
75.25,0.463991,36.3158
75.3,0.463909,36.339
75.35,0.463904,36.3622
75.4,0.463872,36.3854
75.45,0.463735,36.4086
75.5,0.463667,36.4318
75.55,0.463662,36.455
75.6,0.463585,36.4781
75.65,0.463561,36.5013
75.7,0.463538,36.5245
75.75,0.463445,36.5477
75.8,0.463464,36.5709
75.85,0.463429,36.594
75.9,0.463406,36.6172
75.95,0.463347,36.6404
76.0,0.463321,36.6635
76.05,0.463319,36.6867
76.1,0.463278,36.7099
76.15,0.463272,36.733
76.2,0.46324,36.7562
76.25,0.463205,36.7793
76.3,0.463197,36.8025
76.35,0.463191,36.8257
76.4,0.463096,36.8488
76.45,0.463073,36.872
76.5,0.462605,36.8951
76.55,0.461774,36.9182
76.6,0.461644,36.9413
76.65,0.461556,36.9643
76.7,0.461459,36.9874
76.75,0.46141,37.0105
76.8,0.461411,37.0336
76.85,0.461375,37.0566
76.9,0.461378,37.0797
76.95,0.461324,37.1028
77.0,0.461199,37.1258
77.05,0.461106,37.1489
77.1,0.461058,37.1719
77.15,0.461152,37.195
77.2,0.461091,37.218
77.25,0.461103,37.2411
77.3,0.461127,37.2642
77.35,0.461123,37.2872
77.4,0.461106,37.3103
77.45,0.461069,37.3333
77.5,0.461056,37.3564
77.55,0.461009,37.3794
77.6,0.460992,37.4025
77.65,0.460965,37.4255
77.7,0.460927,37.4486
77.75,0.460907,37.4716
77.8,0.460874,37.4947
77.85,0.460851,37.5177
77.9,0.460798,37.5407
77.95,0.460757,37.5638
78.0,0.460707,37.5868
78.05,0.460686,37.6098
78.1,0.460684,37.6329
78.15,0.46059,37.6559
78.2,0.460543,37.6789
78.25,0.46055,37.702
78.3,0.460522,37.725
78.35,0.460512,37.748
78.4,0.46054,37.771
78.45,0.460509,37.7941
78.5,0.460497,37.8171
78.55,0.460443,37.8401
78.6,0.460374,37.8631
78.65,0.46038,37.8862
78.7,0.460384,37.9092
78.75,0.460371,37.9322
78.8,0.460335,37.9552
78.85,0.460321,37.9782
78.9,0.460322,38.0012
78.95,0.4603,38.0243
79.0,0.460246,38.0473
79.05,0.460184,38.0703
79.1,0.460131,38.0933
79.15,0.460082,38.1163
79.2,0.460044,38.1393
79.25,0.460123,38.1623
79.3,0.460227,38.1853
79.35,0.460216,38.2083
79.4,0.460199,38.2313
79.45,0.460074,38.2543
79.5,0.459958,38.2773
79.55,0.459901,38.3003
79.6,0.459865,38.3233
79.65,0.459818,38.3463
79.7,0.459757,38.3693
79.75,0.459726,38.3923
79.8,0.459759,38.4153
79.85,0.459745,38.4383
79.9,0.459774,38.4612
79.95,0.459777,38.4842
80.0,0.45974,38.5072
80.05,0.459699,38.5302
80.1,0.459696,38.5532
80.15,0.459657,38.5762
80.2,0.459628,38.5992
80.25,0.4596,38.6221
80.3,0.459572,38.6451
80.35,0.459523,38.6681
80.4,0.45948,38.6911
80.45,0.459451,38.714
80.5,0.459402,38.737
80.55,0.459361,38.76
80.6,0.459314,38.7829
80.65,0.459274,38.8059
80.7,0.459229,38.8289
80.75,0.459207,38.8518
80.8,0.459228,38.8748
80.85,0.459372,38.8978
80.9,0.459188,38.9207
80.95,0.459107,38.9437
81.0,0.45912,38.9666
81.05,0.459179,38.9896
81.1,0.459231,39.0126
81.15,0.459217,39.0355
81.2,0.459193,39.0585
81.25,0.459168,39.0814
81.3,0.459125,39.1044
81.35,0.45906,39.1273
81.4,0.459029,39.1503
81.45,0.458984,39.1732
81.5,0.458948,39.1962
81.55,0.458884,39.2191
81.6,0.458849,39.2421
81.65,0.458808,39.265
81.7,0.458787,39.288
81.75,0.458776,39.3109
81.8,0.458764,39.3338
81.85,0.458697,39.3568
81.9,0.458636,39.3797
81.95,0.458593,39.4026
82.0,0.458558,39.4256
82.05,0.458502,39.4485
82.1,0.458442,39.4714
82.15,0.458386,39.4943
82.2,0.458369,39.5172
82.25,0.458333,39.5402
82.3,0.458267,39.5631
82.35,0.458208,39.586
82.4,0.458133,39.6089
82.45,0.458058,39.6318
82.5,0.457968,39.6547
82.55,0.45783,39.6776
82.6,0.457699,39.7005
82.65,0.457507,39.7233
82.7,0.457114,39.7462
82.75,0.457093,39.7691
82.8,0.457002,39.7919
82.85,0.456862,39.8147
82.9,0.456756,39.8376
82.95,0.45672,39.8604
83.0,0.456618,39.8832
83.05,0.456569,39.9061
83.1,0.456501,39.9289
83.15,0.456348,39.9517
83.2,0.456288,39.9745
83.25,0.456203,39.9973
83.3,0.456198,40.0202
83.35,0.456212,40.043
83.4,0.456184,40.0658
83.45,0.456204,40.0886
83.5,0.456163,40.1114
83.55,0.456078,40.1342
83.6,0.456119,40.157
83.65,0.456073,40.1798
83.7,0.456088,40.2026
83.75,0.456104,40.2254
83.8,0.456059,40.2482
83.85,0.455913,40.271
83.9,0.455772,40.2938
83.95,0.455654,40.3166
84.0,0.455506,40.3394
84.05,0.455622,40.3621
84.1,0.455564,40.3849
84.15,0.455587,40.4077
84.2,0.455299,40.4305
84.25,0.45458,40.4532
84.3,0.454414,40.4759
84.35,0.454155,40.4986
84.4,0.454906,40.5214
84.45,0.455015,40.5441
84.5,0.454293,40.5668
84.55,0.454075,40.5895
84.6,0.453975,40.6122
84.65,0.454227,40.6349
84.7,0.454219,40.6577
84.75,0.454338,40.6804
84.8,0.454156,40.7031
84.85,0.454329,40.7258
84.9,0.454428,40.7485
84.95,0.454358,40.7712
85.0,0.454344,40.794
85.05,0.454359,40.8167
85.1,0.454347,40.8394
85.15,0.454268,40.8621
85.2,0.454088,40.8848
85.25,0.453993,40.9075
85.3,0.453899,40.9302
85.35,0.453757,40.9529
85.4,0.453628,40.9756
85.45,0.453512,40.9982
85.5,0.453386,41.0209
85.55,0.453303,41.0436
85.6,0.452868,41.0662
85.65,0.45271,41.0889
85.7,0.452629,41.1115
85.75,0.452582,41.1341
85.8,0.452551,41.1567
85.85,0.452499,41.1794
85.9,0.452453,41.202
85.95,0.452426,41.2246
86.0,0.452318,41.2472
86.05,0.452183,41.2698
86.1,0.452185,41.2924
86.15,0.452126,41.3151
86.2,0.452022,41.3377
86.25,0.452104,41.3603
86.3,0.452095,41.3829
86.35,0.452039,41.4055
86.4,0.451955,41.4281
86.45,0.45184,41.4507
86.5,0.451947,41.4733
86.55,0.451914,41.4959
86.6,0.451829,41.5184
86.65,0.451702,41.541
86.7,0.451644,41.5636
86.75,0.451694,41.5862
86.8,0.451722,41.6088
86.85,0.451704,41.6314
86.9,0.451697,41.6539
86.95,0.451667,41.6765
87.0,0.451586,41.6991
87.05,0.451517,41.7217
87.1,0.45149,41.7443
87.15,0.451459,41.7668
87.2,0.451442,41.7894
87.25,0.451498,41.812
87.3,0.451446,41.8346
87.35,0.451425,41.8571
87.4,0.451417,41.8797
87.45,0.451428,41.9023
87.5,0.451401,41.9248
87.55,0.451352,41.9474
87.6,0.451365,41.97
87.65,0.451358,41.9925
87.7,0.451325,42.0151
87.75,0.451293,42.0377
87.8,0.4512,42.0602
87.85,0.451141,42.0828
87.9,0.45104,42.1053
87.95,0.451018,42.1279
88.0,0.451044,42.1504
88.05,0.451198,42.173
88.1,0.451467,42.1956
88.15,0.451656,42.2182
88.2,0.451653,42.2407
88.25,0.451642,42.2633
88.3,0.451603,42.2859
88.35,0.45154,42.3085
88.4,0.451421,42.3311
88.45,0.451404,42.3536
88.5,0.451366,42.3762
88.55,0.451316,42.3988
88.6,0.451299,42.4213
88.65,0.451254,42.4439
88.7,0.451222,42.4664
88.75,0.451187,42.489
88.8,0.451138,42.5116
88.85,0.45108,42.5341
88.9,0.451034,42.5567
88.95,0.450935,42.5792
89.0,0.450751,42.6018
89.05,0.450635,42.6243
89.1,0.450702,42.6468
89.15,0.450658,42.6694
89.2,0.45059,42.6919
89.25,0.450524,42.7144
89.3,0.450517,42.7369
89.35,0.450497,42.7595
89.4,0.450423,42.782
89.45,0.450454,42.8045
89.5,0.450413,42.827
89.55,0.450417,42.8495
89.6,0.450341,42.8721
89.65,0.450211,42.8946
89.7,0.450241,42.9171
89.75,0.450319,42.9396
89.8,0.450186,42.9621
89.85,0.450073,42.9846
89.9,0.450111,43.0071
89.95,0.450164,43.0296
90.0,0.450117,43.0521
90.05,0.450006,43.0746
90.1,0.449973,43.0971
90.15,0.449964,43.1196
90.2,0.449968,43.1421
90.25,0.449929,43.1646
90.3,0.449861,43.1871
90.35,0.449815,43.2096
90.4,0.449757,43.2321
90.45,0.449857,43.2546
90.5,0.449933,43.2771
90.55,0.449861,43.2996
90.6,0.449796,43.3221
90.65,0.449885,43.3446
90.7,0.44984,43.3671
90.75,0.449882,43.3896
90.8,0.449775,43.412
90.85,0.449794,43.4345
90.9,0.449764,43.457
90.95,0.449678,43.4795
91.0,0.449428,43.502
91.05,0.449285,43.5244
91.1,0.449284,43.5469
91.15,0.449289,43.5694
91.2,0.449248,43.5918
91.25,0.449223,43.6143
91.3,0.44913,43.6367
91.35,0.449039,43.6592
91.4,0.448906,43.6816
91.45,0.448997,43.7041
91.5,0.449234,43.7266
91.55,0.449255,43.749
91.6,0.449223,43.7715
91.65,0.449228,43.7939
91.7,0.449127,43.8164
91.75,0.448985,43.8388
91.8,0.448914,43.8613
91.85,0.448877,43.8837
91.9,0.448745,43.9062
91.95,0.448622,43.9286
92.0,0.448585,43.951
92.05,0.448518,43.9735
92.1,0.44835,43.9959
92.15,0.448227,44.0183
92.2,0.448209,44.0407
92.25,0.448264,44.0631
92.3,0.448218,44.0855
92.35,0.448128,44.1079
92.4,0.448154,44.1303
92.45,0.448059,44.1527
92.5,0.448056,44.1751
92.55,0.448041,44.1975
92.6,0.447965,44.2199
92.65,0.447956,44.2423
92.7,0.447914,44.2647
92.75,0.447753,44.2871
92.8,0.447718,44.3095
92.85,0.447756,44.3319
92.9,0.447983,44.3543
92.95,0.447901,44.3767
93.0,0.447844,44.3991
93.05,0.447898,44.4215
93.1,0.447884,44.4439
93.15,0.447841,44.4663
93.2,0.447764,44.4887
93.25,0.447681,44.511
93.3,0.447634,44.5334
93.35,0.447596,44.5558
93.4,0.447525,44.5782
93.45,0.447473,44.6005
93.5,0.447489,44.6229
93.55,0.44738,44.6453
93.6,0.44728,44.6677
93.65,0.447225,44.69
93.7,0.447112,44.7124
93.75,0.44708,44.7347
93.8,0.447055,44.7571
93.85,0.446997,44.7794
93.9,0.446974,44.8018
93.95,0.446976,44.8241
94.0,0.446926,44.8465
94.05,0.446895,44.8688
94.1,0.446856,44.8912
94.15,0.446825,44.9135
94.2,0.446717,44.9358
94.25,0.446645,44.9582
94.3,0.446562,44.9805
94.35,0.446441,45.0028
94.4,0.446355,45.0251
94.45,0.446163,45.0474
94.5,0.446074,45.0697
94.55,0.446109,45.0921
94.6,0.44602,45.1144
94.65,0.445876,45.1367
94.7,0.445845,45.1589
94.75,0.44586,45.1812
94.8,0.445753,45.2035
94.85,0.445633,45.2258
94.9,0.445495,45.2481
94.95,0.445368,45.2703
95.0,0.445312,45.2926
95.05,0.445203,45.3149
95.1,0.445149,45.3371
95.15,0.445128,45.3594
95.2,0.444986,45.3816
95.25,0.444618,45.4039
95.3,0.4447,45.4261
95.35,0.444729,45.4483
95.4,0.444575,45.4706
95.45,0.444449,45.4928
95.5,0.444391,45.515
95.55,0.444342,45.5372
95.6,0.444401,45.5594
95.65,0.444312,45.5817
95.7,0.444221,45.6039
95.75,0.444112,45.6261
95.8,0.443999,45.6483
95.85,0.443918,45.6705
95.9,0.44383,45.6927
95.95,0.443733,45.7149
96.0,0.443618,45.737
96.05,0.443508,45.7592
96.1,0.443374,45.7814
96.15,0.443248,45.8035
96.2,0.443195,45.8257
96.25,0.443163,45.8479
96.3,0.443054,45.87
96.35,0.443065,45.8922
96.4,0.443018,45.9143
96.45,0.443073,45.9365
96.5,0.442861,45.9586
96.55,0.442183,45.9807
96.6,0.442111,46.0028
96.65,0.442082,46.0249
96.7,0.442146,46.047
96.75,0.442065,46.0691
96.8,0.441974,46.0912
96.85,0.441725,46.1133
96.9,0.442047,46.1354
96.95,0.442153,46.1575
97.0,0.442185,46.1796
97.05,0.441952,46.2017
97.1,0.442241,46.2239
97.15,0.442134,46.246
97.2,0.441715,46.268
97.25,0.441707,46.2901
97.3,0.44145,46.3122
97.35,0.441318,46.3343
97.4,0.441062,46.3563
97.45,0.440898,46.3784
97.5,0.441326,46.4004
97.55,0.441442,46.4225
97.6,0.441322,46.4446
97.65,0.441125,46.4666
97.7,0.441204,46.4887
97.75,0.440965,46.5107
97.8,0.440756,46.5328
97.85,0.440499,46.5548
97.9,0.440309,46.5768
97.95,0.440323,46.5988
98.0,0.440255,46.6208
98.05,0.440077,46.6428
98.1,0.440165,46.6649
98.15,0.440548,46.6869
98.2,0.440387,46.7089
98.25,0.439949,46.7309
98.3,0.439788,46.7529
98.35,0.439798,46.7749
98.4,0.440164,46.7969
98.45,0.440743,46.8189
98.5,0.440652,46.841
98.55,0.440554,46.863
98.6,0.440421,46.885
98.65,0.43965,46.907
98.7,0.439552,46.929
98.75,0.439384,46.9509
98.8,0.439323,46.9729
98.85,0.439171,46.9949
98.9,0.439189,47.0168
98.95,0.439376,47.0388
99.0,0.439178,47.0607
99.05,0.439123,47.0827
99.1,0.439503,47.1047
99.15,0.439143,47.1266
99.2,0.439136,47.1486
99.25,0.439308,47.1706
99.3,0.43912,47.1925
99.35,0.438946,47.2145
99.4,0.43875,47.2364
99.45,0.438567,47.2583
99.5,0.438595,47.2803
99.55,0.438766,47.3022
99.6,0.438569,47.3241
99.65,0.438388,47.346
99.7,0.438271,47.368
99.75,0.43827,47.3899
99.8,0.438194,47.4118
99.85,0.438461,47.4337
99.9,0.438702,47.4556
99.95,0.438506,47.4776
100.0,0.438566,47.4995
100.05,0.438666,47.5214
100.1,0.438769,47.5434
100.15,0.438644,47.5653
100.2,0.438835,47.5872
100.25,0.439126,47.6092
100.3,0.438998,47.6311
100.35,0.438945,47.6531
100.4,0.43935,47.6751
100.45,0.439103,47.697
100.5,0.439168,47.719
100.55,0.439091,47.7409
100.6,0.438776,47.7629
100.65,0.438343,47.7848
100.7,0.438647,47.8067
100.75,0.438468,47.8286
100.8,0.438623,47.8506
100.85,0.438709,47.8725
100.9,0.438952,47.8945
100.95,0.43906,47.9164
101.0,0.439143,47.9384
101.05,0.438977,47.9603
101.1,0.439025,47.9823
101.15,0.438908,48.0042
101.2,0.439117,48.0262
101.25,0.439171,48.0481
101.3,0.439244,48.0701
101.35,0.439264,48.092
101.4,0.439443,48.114
101.45,0.439583,48.136
101.5,0.439578,48.158
101.55,0.439345,48.1799
101.6,0.439405,48.2019
101.65,0.439609,48.2239
101.7,0.439893,48.2459
101.75,0.439953,48.2679
101.8,0.439754,48.2899
101.85,0.439741,48.3119
101.9,0.439743,48.3339
101.95,0.439831,48.3558
102.0,0.439779,48.3778
102.05,0.439889,48.3998
102.1,0.439893,48.4218
102.15,0.439713,48.4438
102.2,0.439503,48.4658
102.25,0.43985,48.4878
102.3,0.439745,48.5098
102.35,0.439615,48.5317
102.4,0.439752,48.5537
102.45,0.439798,48.5757
102.5,0.439673,48.5977
102.55,0.43954,48.6197
102.6,0.439259,48.6416
102.65,0.438957,48.6636
102.7,0.438975,48.6855
102.75,0.438953,48.7075
102.8,0.438788,48.7294
102.85,0.438957,48.7514
102.9,0.439005,48.7733
102.95,0.438914,48.7953
103.0,0.438763,48.8172
103.05,0.438719,48.8391
103.1,0.438466,48.8611
103.15,0.43842,48.883
103.2,0.438315,48.9049
103.25,0.438308,48.9268
103.3,0.438583,48.9487
103.35,0.438468,48.9707
103.4,0.438442,48.9926
103.45,0.438287,49.0145
103.5,0.438118,49.0364
103.55,0.438383,49.0583
103.6,0.438342,49.0803
103.65,0.438317,49.1022
103.7,0.438269,49.1241
103.75,0.438158,49.146
103.8,0.438046,49.1679
103.85,0.437849,49.1898
103.9,0.437676,49.2117
103.95,0.437864,49.2336
104.0,0.438329,49.2555
104.05,0.438157,49.2774
104.1,0.438184,49.2993
104.15,0.438103,49.3212
104.2,0.438013,49.3431
104.25,0.438039,49.365
104.3,0.437982,49.3869
104.35,0.43771,49.4088
104.4,0.437482,49.4307
104.45,0.43756,49.4525
104.5,0.437691,49.4744
104.55,0.437475,49.4963
104.6,0.43753,49.5182
104.65,0.437612,49.5401
104.7,0.437527,49.5619
104.75,0.437499,49.5838
104.8,0.437484,49.6057
104.85,0.437315,49.6275
104.9,0.437149,49.6494
104.95,0.437293,49.6713
105.0,0.437053,49.6931
105.05,0.436876,49.715
105.1,0.436802,49.7368
105.15,0.436668,49.7586
105.2,0.436614,49.7805
105.25,0.436434,49.8023
105.3,0.436466,49.8241
105.35,0.436472,49.8459
105.4,0.436367,49.8678
105.45,0.436219,49.8896
105.5,0.43636,49.9114
105.55,0.436243,49.9332
105.6,0.436222,49.955
105.65,0.43614,49.9768
105.7,0.436267,49.9986
105.75,0.43606,50.0204
105.8,0.435788,50.0422
105.85,0.435679,50.064
105.9,0.435762,50.0858
105.95,0.435723,50.1076
106.0,0.435585,50.1294
106.05,0.435493,50.1511
106.1,0.435446,50.1729
106.15,0.435399,50.1947
106.2,0.435171,50.2164
106.25,0.435083,50.2382
106.3,0.434964,50.2599
106.35,0.434915,50.2817
106.4,0.434889,50.3034
106.45,0.434923,50.3252
106.5,0.435016,50.3469
106.55,0.434844,50.3687
106.6,0.434967,50.3904
106.65,0.434773,50.4122
106.7,0.434598,50.4339
106.75,0.434592,50.4556
106.8,0.434532,50.4773
106.85,0.434344,50.4991
106.9,0.434191,50.5208
106.95,0.434038,50.5425
107.0,0.433863,50.5642
107.05,0.433447,50.5858
107.1,0.432775,50.6075
107.15,0.432937,50.6291
107.2,0.43306,50.6508
107.25,0.433223,50.6724
107.3,0.433471,50.6941
107.35,0.433537,50.7158
107.4,0.433862,50.7375
107.45,0.434463,50.7592
107.5,0.434559,50.7809
107.55,0.434644,50.8027
107.6,0.43474,50.8244
107.65,0.434951,50.8461
107.7,0.434736,50.8679
107.75,0.434818,50.8896
107.8,0.435045,50.9114
107.85,0.434997,50.9331
107.9,0.43499,50.9549
107.95,0.434648,50.9766
108.0,0.434346,50.9983
108.05,0.434527,51.0201
108.1,0.434368,51.0418
108.15,0.433991,51.0635
108.2,0.434116,51.0852
108.25,0.434133,51.1069
108.3,0.43418,51.1286
108.35,0.434081,51.1503
108.4,0.434149,51.172
108.45,0.434129,51.1937
108.5,0.433943,51.2154
108.55,0.434048,51.2371
108.6,0.433984,51.2588
108.65,0.434129,51.2805
108.7,0.434204,51.3022
108.75,0.434224,51.3239
108.8,0.434199,51.3456
108.85,0.434121,51.3673
108.9,0.434082,51.3891
108.95,0.434243,51.4108
109.0,0.434431,51.4325
109.05,0.434383,51.4542
109.1,0.434345,51.4759
109.15,0.434365,51.4976
109.2,0.434306,51.5194
109.25,0.434357,51.5411
109.3,0.434352,51.5628
109.35,0.434248,51.5845
109.4,0.434195,51.6062
109.45,0.434118,51.6279
109.5,0.434178,51.6496
109.55,0.434257,51.6713
109.6,0.434239,51.6931
109.65,0.434189,51.7148
109.7,0.434163,51.7365
109.75,0.434215,51.7582
109.8,0.434316,51.7799
109.85,0.434212,51.8016
109.9,0.434119,51.8233
109.95,0.433921,51.845
110.0,0.433883,51.8667
110.05,0.433913,51.8884
110.1,0.433819,51.9101
110.15,0.433656,51.9318
110.2,0.433595,51.9535
110.25,0.43324,51.9751
110.3,0.433171,51.9968
110.35,0.433102,52.0184
110.4,0.433089,52.0401
110.45,0.432973,52.0617
110.5,0.432842,52.0834
110.55,0.432628,52.105
110.6,0.432125,52.1266
110.65,0.43161,52.1482
110.7,0.430953,52.1697
110.75,0.430589,52.1913
110.8,0.430149,52.2128
110.85,0.429212,52.2342
110.9,0.429111,52.2557
110.95,0.428984,52.2771
111.0,0.428695,52.2986
111.05,0.42824,52.32
111.1,0.428022,52.3414
111.15,0.428551,52.3628
111.2,0.428527,52.3842
111.25,0.42838,52.4057
111.3,0.428312,52.4271
111.35,0.428243,52.4485
111.4,0.428429,52.4699
111.45,0.428519,52.4913
111.5,0.428557,52.5128
111.55,0.428812,52.5342
111.6,0.428867,52.5557
111.65,0.428945,52.5771
111.7,0.42897,52.5985
111.75,0.428936,52.62
111.8,0.428843,52.6414
111.85,0.428714,52.6629
111.9,0.428527,52.6843
111.95,0.428825,52.7057
112.0,0.428862,52.7272
112.05,0.428834,52.7486
112.1,0.42877,52.7701
112.15,0.428725,52.7915
112.2,0.428698,52.8129
112.25,0.428654,52.8344
112.3,0.428628,52.8558
112.35,0.42854,52.8772
112.4,0.428455,52.8986
112.45,0.428308,52.9201
112.5,0.42818,52.9415
112.55,0.428173,52.9629
112.6,0.428166,52.9843
112.65,0.427892,53.0057
112.7,0.427695,53.0271
112.75,0.427648,53.0485
112.8,0.427593,53.0698
112.85,0.427584,53.0912
112.9,0.427492,53.1126
112.95,0.427432,53.134
113.0,0.427326,53.1553
113.05,0.427308,53.1767
113.1,0.427212,53.198
113.15,0.427071,53.2194
113.2,0.427203,53.2408
113.25,0.427533,53.2621
113.3,0.427742,53.2835
113.35,0.427727,53.3049
113.4,0.427643,53.3263
113.45,0.427445,53.3477
113.5,0.427665,53.369
113.55,0.427811,53.3904
113.6,0.427837,53.4118
113.65,0.427875,53.4332
113.7,0.427876,53.4546
113.75,0.427827,53.476
113.8,0.427779,53.4974
113.85,0.427726,53.5188
113.9,0.427575,53.5402
113.95,0.4273,53.5615
114.0,0.4268,53.5829
114.05,0.42652,53.6042
114.1,0.42628,53.6255
114.15,0.426753,53.6468
114.2,0.426701,53.6682
114.25,0.42684,53.6895
114.3,0.426739,53.7109
114.35,0.426668,53.7322
114.4,0.426768,53.7535
114.45,0.42649,53.7749
114.5,0.426405,53.7962
114.55,0.426298,53.8175
114.6,0.426209,53.8388
114.65,0.425602,53.8601
114.7,0.42576,53.8814
114.75,0.425942,53.9027
114.8,0.42637,53.924
114.85,0.426301,53.9453
114.9,0.426307,53.9666
114.95,0.426286,53.9879
115.0,0.426218,54.0092
115.05,0.426083,54.0305
115.1,0.425783,54.0518
115.15,0.426036,54.0731
115.2,0.426099,54.0944
115.25,0.426092,54.1157
115.3,0.426065,54.1371
115.35,0.426121,54.1584
115.4,0.426171,54.1797
115.45,0.426395,54.201
115.5,0.426974,54.2223
115.55,0.426403,54.2437
115.6,0.425955,54.2649
115.65,0.426008,54.2863
115.7,0.426134,54.3076
115.75,0.425607,54.3288
115.8,0.425585,54.3501
115.85,0.425557,54.3714
115.9,0.425611,54.3927
115.95,0.425825,54.414
116.0,0.425659,54.4352
116.05,0.425528,54.4565
116.1,0.425518,54.4778
116.15,0.425828,54.4991
116.2,0.42573,54.5204
116.25,0.425053,54.5416
116.3,0.424805,54.5629
116.35,0.424591,54.5841
116.4,0.42467,54.6053
116.45,0.424657,54.6266
116.5,0.424369,54.6478
116.55,0.424249,54.669
116.6,0.424034,54.6902
116.65,0.423699,54.7114
116.7,0.423581,54.7326
116.75,0.423427,54.7537
116.8,0.423725,54.7749
116.85,0.423839,54.7961
116.9,0.42468,54.8173
116.95,0.425288,54.8386
117.0,0.42512,54.8599
117.05,0.425375,54.8811
117.1,0.424585,54.9024
117.15,0.424244,54.9236
117.2,0.423878,54.9448
117.25,0.423822,54.966
117.3,0.424245,54.9872
117.35,0.423825,55.0084
117.4,0.424175,55.0296
117.45,0.423555,55.0508
117.5,0.42359,55.0719
117.55,0.423995,55.0931
117.6,0.423677,55.1143
117.65,0.424201,55.1355
117.7,0.424108,55.1567
117.75,0.424519,55.178
117.8,0.42432,55.1992
117.85,0.423679,55.2204
117.9,0.423513,55.2415
117.95,0.423599,55.2627
118.0,0.423552,55.2839
118.05,0.423392,55.3051
118.1,0.423322,55.3262
118.15,0.423302,55.3474
118.2,0.423523,55.3686
118.25,0.423876,55.3898
118.3,0.423911,55.411
118.35,0.423708,55.4321
118.4,0.423937,55.4533
118.45,0.423828,55.4745
118.5,0.424034,55.4957
118.55,0.424665,55.517
118.6,0.424776,55.5382
118.65,0.424709,55.5594
118.7,0.424771,55.5807
118.75,0.424974,55.6019
118.8,0.424789,55.6232
118.85,0.424693,55.6444
118.9,0.424822,55.6656
118.95,0.424598,55.6869
119.0,0.424717,55.7081
119.05,0.424969,55.7294
119.1,0.424742,55.7506
119.15,0.424419,55.7718
119.2,0.423821,55.793
119.25,0.422367,55.8141
119.3,0.422022,55.8352
119.35,0.421573,55.8563
119.4,0.421393,55.8774
119.45,0.420598,55.8984
119.5,0.420498,55.9194
119.55,0.42077,55.9405
119.6,0.420053,55.9615
119.65,0.419999,55.9825
119.7,0.419561,56.0034
119.75,0.419809,56.0244
119.8,0.418666,56.0454
119.85,0.418198,56.0663
119.9,0.417789,56.0872
119.95,0.417648,56.1081
120.0,0.417553,56.1289
120.05,0.417632,56.1498
120.1,0.417404,56.1707
120.15,0.417841,56.1916
120.2,0.417503,56.2125
120.25,0.417523,56.2333
120.3,0.417479,56.2542
120.35,0.417386,56.2751
120.4,0.417446,56.2959
120.45,0.417167,56.3168
120.5,0.417288,56.3377
120.55,0.417489,56.3585
120.6,0.417388,56.3794
120.65,0.417459,56.4003
120.7,0.417256,56.4211
120.75,0.417461,56.442
120.8,0.416976,56.4629
120.85,0.416968,56.4837
120.9,0.41706,56.5046
120.95,0.417516,56.5254
121.0,0.417876,56.5463
121.05,0.418349,56.5673
121.1,0.41857,56.5882
121.15,0.418242,56.6091
121.2,0.418286,56.63
121.25,0.416429,56.6508
121.3,0.416454,56.6717
121.35,0.416264,56.6925
121.4,0.416743,56.7133
121.45,0.416864,56.7341
121.5,0.417056,56.755
121.55,0.416311,56.7758
121.6,0.417059,56.7967
121.65,0.416651,56.8175
121.7,0.416079,56.8383
121.75,0.416797,56.8591
121.8,0.416958,56.88
121.85,0.417862,56.9009
121.9,0.418067,56.9218
121.95,0.418008,56.9427
122.0,0.418185,56.9636
122.05,0.418277,56.9845
122.1,0.41862,57.0054
122.15,0.418507,57.0264
122.2,0.418556,57.0473
122.25,0.418519,57.0682
122.3,0.41781,57.0891
122.35,0.417427,57.11
122.4,0.417075,57.1308
122.45,0.416896,57.1517
122.5,0.416958,57.1725
122.55,0.416412,57.1934
122.6,0.416605,57.2142
122.65,0.416922,57.235
122.7,0.416812,57.2559
122.75,0.416212,57.2767
122.8,0.41549,57.2975
122.85,0.415261,57.3182
122.9,0.41498,57.339
122.95,0.414868,57.3597
123.0,0.415711,57.3805
123.05,0.416431,57.4013
123.1,0.41618,57.4221
123.15,0.416342,57.4429
123.2,0.415752,57.4637
123.25,0.415373,57.4845
123.3,0.414914,57.5052
123.35,0.41412,57.526
123.4,0.414136,57.5467
123.45,0.413957,57.5674
123.5,0.414096,57.5881
123.55,0.41394,57.6088
123.6,0.414101,57.6295
123.65,0.414341,57.6502
123.7,0.414602,57.6709
123.75,0.414937,57.6917
123.8,0.414937,57.7124
123.85,0.415194,57.7332
123.9,0.414514,57.7539
123.95,0.414141,57.7746
124.0,0.413718,57.7953
124.05,0.413911,57.816
124.1,0.413342,57.8366
124.15,0.413128,57.8573
124.2,0.413698,57.878
124.25,0.414686,57.8987
124.3,0.414188,57.9194
124.35,0.414438,57.9402
124.4,0.414633,57.9609
124.45,0.413953,57.9816
124.5,0.413817,58.0023
124.55,0.413698,58.023
124.6,0.413083,58.0436
124.65,0.412647,58.0642
124.7,0.41335,58.0849
124.75,0.414203,58.1056
124.8,0.413877,58.1263
124.85,0.413785,58.147
124.9,0.413628,58.1677
124.95,0.413448,58.1884
125.0,0.413532,58.209
125.05,0.41375,58.2297
125.1,0.413538,58.2504
125.15,0.413621,58.2711
125.2,0.414011,58.2918
125.25,0.414226,58.3125
125.3,0.413909,58.3332
125.35,0.414463,58.3539
125.4,0.413945,58.3746
125.45,0.413459,58.3953
125.5,0.412797,58.4159
125.55,0.413703,58.4366
125.6,0.413894,58.4573
125.65,0.413391,58.478
125.7,0.413064,58.4986
125.75,0.412886,58.5193
125.8,0.412614,58.5399
125.85,0.412537,58.5605
125.9,0.413065,58.5812
125.95,0.412688,58.6018
126.0,0.412591,58.6224
126.05,0.412729,58.6431
126.1,0.413421,58.6637
126.15,0.412937,58.6844
126.2,0.412612,58.705
126.25,0.412695,58.7257
126.3,0.412359,58.7463
126.35,0.412566,58.7669
126.4,0.412451,58.7875
126.45,0.412737,58.8082
126.5,0.412491,58.8288
126.55,0.412073,58.8494
126.6,0.411584,58.87
126.65,0.411246,58.8905
126.7,0.411397,58.9111
126.75,0.410583,58.9316
126.8,0.41071,58.9522
126.85,0.411197,58.9727
126.9,0.41105,58.9933
126.95,0.411336,59.0139
127.0,0.411381,59.0344
127.05,0.411043,59.055
127.1,0.410935,59.0755
127.15,0.410791,59.0961
127.2,0.410906,59.1166
127.25,0.411445,59.1372
127.3,0.411367,59.1577
127.35,0.411158,59.1783
127.4,0.410692,59.1988
127.45,0.410293,59.2194
127.5,0.410227,59.2399
127.55,0.409822,59.2604
127.6,0.409852,59.2808
127.65,0.409716,59.3013
127.7,0.410142,59.3218
127.75,0.409937,59.3423
127.8,0.409119,59.3628
127.85,0.409738,59.3833
127.9,0.409793,59.4038
127.95,0.408894,59.4242
128.0,0.409389,59.4447
128.05,0.409893,59.4652
128.1,0.409323,59.4856
128.15,0.409521,59.5061
128.2,0.409358,59.5266
128.25,0.409243,59.5471
128.3,0.40928,59.5675
128.35,0.409119,59.588
128.4,0.409213,59.6084
128.45,0.409388,59.6289
128.5,0.409289,59.6494
128.55,0.408856,59.6698
128.6,0.409154,59.6903
128.65,0.40878,59.7107
128.7,0.40854,59.7311
128.75,0.408631,59.7516
128.8,0.408574,59.772
128.85,0.409094,59.7924
128.9,0.409031,59.8129
128.95,0.409142,59.8334
129.0,0.408554,59.8538
129.05,0.408466,59.8742
129.1,0.408183,59.8946
129.15,0.408573,59.915
129.2,0.408369,59.9355
129.25,0.408081,59.9559
129.3,0.407382,59.9762
129.35,0.406663,59.9966
129.4,0.406949,60.0169
129.45,0.407775,60.0373
129.5,0.407352,60.0577
129.55,0.407657,60.0781
129.6,0.407492,60.0984
129.65,0.407949,60.1188
129.7,0.407953,60.1392
129.75,0.407491,60.1596
129.8,0.407368,60.18
129.85,0.407219,60.2003
129.9,0.40709,60.2207
129.95,0.407597,60.2411
130.0,0.407058,60.2614
130.05,0.407418,60.2818
130.1,0.407783,60.3022
130.15,0.407033,60.3225
130.2,0.407483,60.3429
130.25,0.407031,60.3633
130.3,0.407335,60.3836
130.35,0.407303,60.404
130.4,0.406663,60.4243
130.45,0.406306,60.4446
130.5,0.406109,60.4649
130.55,0.406155,60.4852
130.6,0.40574,60.5055
130.65,0.404964,60.5258
130.7,0.405731,60.5461
130.75,0.406479,60.5664
130.8,0.406607,60.5867
130.85,0.406614,60.6071
130.9,0.406235,60.6274
130.95,0.406321,60.6477
131.0,0.406379,60.668
131.05,0.406491,60.6883
131.1,0.406669,60.7087
131.15,0.406885,60.729
131.2,0.406277,60.7493
131.25,0.405719,60.7696
131.3,0.405816,60.7899
131.35,0.405767,60.8102
131.4,0.405616,60.8305
131.45,0.406347,60.8508
131.5,0.406777,60.8711
131.55,0.406731,60.8915
131.6,0.406602,60.9118
131.65,0.406327,60.9321
131.7,0.406115,60.9524
131.75,0.406108,60.9727
131.8,0.405564,60.993
131.85,0.405174,61.0132
131.9,0.401332,61.0333
131.95,0.401266,61.0534
132.0,0.400913,61.0734
132.05,0.400966,61.0935
132.1,0.400869,61.1135
132.15,0.401144,61.1336
132.2,0.401344,61.1536
132.25,0.400883,61.1737
132.3,0.401569,61.1938
132.35,0.400607,61.2138
132.4,0.399349,61.2338
132.45,0.39948,61.2537
132.5,0.400051,61.2737
132.55,0.401261,61.2938
132.6,0.40145,61.3139
132.65,0.401342,61.3339
132.7,0.401179,61.354
132.75,0.401334,61.3741
132.8,0.400393,61.3941
132.85,0.399872,61.4141
132.9,0.399705,61.4341
132.95,0.400004,61.4541
133.0,0.400394,61.4741
133.05,0.400315,61.4941
133.1,0.400345,61.5141
133.15,0.400052,61.5341
133.2,0.399974,61.5541
133.25,0.39977,61.5741
133.3,0.399633,61.5941
133.35,0.399737,61.6141
133.4,0.399578,61.6341
133.45,0.398977,61.654
133.5,0.400175,61.674
133.55,0.400696,61.694
133.6,0.401029,61.7141
133.65,0.400827,61.7341
133.7,0.400376,61.7542
133.75,0.400108,61.7742
133.8,0.399664,61.7941
133.85,0.399305,61.8141
133.9,0.399255,61.8341
133.95,0.399526,61.854
134.0,0.398678,61.874
134.05,0.398174,61.8939
134.1,0.398681,61.9138
134.15,0.399173,61.9338
134.2,0.399605,61.9538
134.25,0.399416,61.9737
134.3,0.399607,61.9937
134.35,0.399535,62.0137
134.4,0.399483,62.0337
134.45,0.399421,62.0536
134.5,0.399827,62.0736
134.55,0.400462,62.0937
134.6,0.40112,62.1137
134.65,0.401225,62.1338
134.7,0.401809,62.1539
134.75,0.401675,62.1739
134.8,0.401536,62.194
134.85,0.40192,62.2141
134.9,0.401034,62.2342
134.95,0.402045,62.2543
135.0,0.402851,62.2744
135.05,0.40239,62.2945
135.1,0.40206,62.3146
135.15,0.402016,62.3347
135.2,0.401771,62.3548
135.25,0.400969,62.3749
135.3,0.400673,62.3949
135.35,0.400898,62.415
135.4,0.401498,62.435
135.45,0.401745,62.4551
135.5,0.401437,62.4752
135.55,0.400825,62.4952
135.6,0.401384,62.5153
135.65,0.401497,62.5354
135.7,0.401229,62.5554
135.75,0.400141,62.5754
135.8,0.400496,62.5955
135.85,0.400597,62.6155
135.9,0.400442,62.6355
135.95,0.401059,62.6556
136.0,0.401133,62.6756
136.05,0.401194,62.6957
136.1,0.399781,62.7157
136.15,0.400163,62.7357
136.2,0.399458,62.7557
136.25,0.399483,62.7756
136.3,0.401759,62.7957
136.35,0.402201,62.8158
136.4,0.40258,62.836
136.45,0.402279,62.8561
136.5,0.402024,62.8762
136.55,0.401014,62.8962
136.6,0.399312,62.9162
136.65,0.397961,62.9361
136.7,0.398677,62.956
136.75,0.397734,62.9759
136.8,0.39677,62.9957
136.85,0.39645,63.0156
136.9,0.397721,63.0355
136.95,0.397788,63.0553
137.0,0.398408,63.0753
137.05,0.39804,63.0952
137.1,0.397426,63.115
137.15,0.398344,63.135
137.2,0.398209,63.1549
137.25,0.397665,63.1748
137.3,0.398252,63.1947
137.35,0.39873,63.2146
137.4,0.398265,63.2345
137.45,0.397809,63.2544
137.5,0.398088,63.2743
137.55,0.398871,63.2943
137.6,0.398829,63.3142
137.65,0.398672,63.3341
137.7,0.398056,63.354
137.75,0.397442,63.3739
137.8,0.397013,63.3938
137.85,0.397738,63.4136
137.9,0.399326,63.4336
137.95,0.398451,63.4535
138.0,0.398355,63.4734
138.05,0.397929,63.4933
138.1,0.398447,63.5133
138.15,0.398437,63.5332
138.2,0.39704,63.553
138.25,0.397366,63.5729
138.3,0.398941,63.5929
138.35,0.399461,63.6128
138.4,0.399446,63.6328
138.45,0.39975,63.6528
138.5,0.399318,63.6728
138.55,0.39979,63.6927
138.6,0.400189,63.7127
138.65,0.400616,63.7328
138.7,0.40106,63.7528
138.75,0.40051,63.7729
138.8,0.399518,63.7928
138.85,0.399351,63.8128
138.9,0.399006,63.8328
138.95,0.398719,63.8527
139.0,0.399833,63.8727
139.05,0.399373,63.8927
139.1,0.398818,63.9126
139.15,0.398812,63.9325
139.2,0.399881,63.9525
139.25,0.401759,63.9726
139.3,0.401053,63.9927
139.35,0.400554,64.0127
139.4,0.400548,64.0327
139.45,0.400863,64.0528
139.5,0.401052,64.0728
139.55,0.400964,64.0929
139.6,0.400968,64.1129
139.65,0.400791,64.1329
139.7,0.400142,64.153
139.75,0.398588,64.1729
139.8,0.398608,64.1928
139.85,0.39845,64.2127
139.9,0.399267,64.2327
139.95,0.399796,64.2527
140.0,0.399811,64.2727
140.05,0.399594,64.2927
140.1,0.400035,64.3127
140.15,0.400325,64.3327
140.2,0.400253,64.3527
140.25,0.399913,64.3727
140.3,0.400031,64.3927
140.35,0.399896,64.4127
140.4,0.400393,64.4327
140.45,0.401007,64.4528
140.5,0.400795,64.4728
140.55,0.400938,64.4928
140.6,0.401382,64.5129
140.65,0.399585,64.5329
140.7,0.398603,64.5528
140.75,0.398839,64.5728
140.8,0.399504,64.5927
140.85,0.399322,64.6127
140.9,0.400055,64.6327
140.95,0.399883,64.6527
141.0,0.400245,64.6727
141.05,0.400131,64.6927
141.1,0.400605,64.7128
141.15,0.400629,64.7328
141.2,0.399922,64.7528
141.25,0.399732,64.7728
141.3,0.400299,64.7928
141.35,0.400167,64.8128
141.4,0.400775,64.8328
141.45,0.400007,64.8528
141.5,0.400041,64.8728
141.55,0.401195,64.8929
141.6,0.401114,64.9129
141.65,0.399976,64.9329
141.7,0.401356,64.953
141.75,0.401656,64.9731
141.8,0.401723,64.9932
141.85,0.401476,65.0133
141.9,0.401054,65.0333
141.95,0.401274,65.0534
142.0,0.401597,65.0735
142.05,0.40142,65.0935
142.1,0.401446,65.1136
142.15,0.401502,65.1337
142.2,0.39997,65.1537
142.25,0.399766,65.1737
142.3,0.399984,65.1937
142.35,0.400965,65.2137
142.4,0.400479,65.2337
142.45,0.399299,65.2537
142.5,0.399078,65.2737
142.55,0.399172,65.2936
142.6,0.399674,65.3136
142.65,0.399233,65.3335
142.7,0.399774,65.3535
142.75,0.398738,65.3735
142.8,0.396804,65.3933
142.85,0.397378,65.4132
142.9,0.398401,65.4331
142.95,0.398484,65.453
143.0,0.398421,65.473
143.05,0.400831,65.493
143.1,0.400932,65.513
143.15,0.400557,65.5331
143.2,0.400676,65.5531
143.25,0.400932,65.5732
143.3,0.401224,65.5932
143.35,0.401089,65.6133
143.4,0.401145,65.6333
143.45,0.400742,65.6534
143.5,0.399706,65.6733
143.55,0.39852,65.6933
143.6,0.399556,65.7132
143.65,0.400712,65.7333
143.7,0.401138,65.7533
143.75,0.40182,65.7734
143.8,0.401214,65.7935
143.85,0.400931,65.8135
143.9,0.399611,65.8335
143.95,0.399174,65.8535
144.0,0.397753,65.8734
144.05,0.398244,65.8933
144.1,0.397791,65.9132
144.15,0.398315,65.9331
144.2,0.398491,65.953
144.25,0.398284,65.9729
144.3,0.397887,65.9928
144.35,0.397272,66.0127
144.4,0.397068,66.0325
144.45,0.396839,66.0524
144.5,0.396638,66.0722
144.55,0.396736,66.092
144.6,0.39666,66.1119
144.65,0.39689,66.1317
144.7,0.396925,66.1516
144.75,0.397279,66.1714
144.8,0.397962,66.1913
144.85,0.39794,66.2112
144.9,0.396813,66.2311
144.95,0.397261,66.2509
145.0,0.397482,66.2708
145.05,0.397052,66.2907
145.1,0.396885,66.3105
145.15,0.396643,66.3303
145.2,0.396961,66.3502
145.25,0.396653,66.37
145.3,0.396779,66.3899
145.35,0.396251,66.4097
145.4,0.395835,66.4295
145.45,0.395972,66.4493
145.5,0.397312,66.4691
145.55,0.397837,66.489
145.6,0.396995,66.5089
145.65,0.397527,66.5287
145.7,0.397851,66.5486
145.75,0.397071,66.5685
145.8,0.396905,66.5883
145.85,0.397146,66.6082
145.9,0.397427,66.6281
145.95,0.396991,66.6479
146.0,0.396778,66.6677
146.05,0.396494,66.6876
146.1,0.396269,66.7074
146.15,0.396106,66.7272
146.2,0.397077,66.747
146.25,0.397597,66.7669
146.3,0.398251,66.7868
146.35,0.398418,66.8068
146.4,0.398253,66.8267
146.45,0.397914,66.8466
146.5,0.397448,66.8664
146.55,0.398403,66.8864
146.6,0.398434,66.9063
146.65,0.39876,66.9262
146.7,0.398478,66.9461
146.75,0.397917,66.966
146.8,0.397927,66.9859
146.85,0.398083,67.0058
146.9,0.398726,67.0258
146.95,0.398859,67.0457
147.0,0.398957,67.0657
147.05,0.399,67.0856
147.1,0.397857,67.1055
147.15,0.397074,67.1254
147.2,0.39798,67.1453
147.25,0.397978,67.1652
147.3,0.397434,67.185
147.35,0.397578,67.2049
147.4,0.39708,67.2248
147.45,0.397113,67.2446
147.5,0.397502,67.2645
147.55,0.397377,67.2844
147.6,0.396229,67.3042
147.65,0.395884,67.324
147.7,0.396891,67.3438
147.75,0.397067,67.3637
147.8,0.397042,67.3835
147.85,0.39712,67.4034
147.9,0.396948,67.4232
147.95,0.396836,67.4431
148.0,0.39689,67.4629
148.05,0.397446,67.4828
148.1,0.397305,67.5026
148.15,0.397295,67.5225
148.2,0.398205,67.5424
148.25,0.398071,67.5623
148.3,0.39695,67.5822
148.35,0.397889,67.6021
148.4,0.398086,67.622
148.45,0.396534,67.6418
148.5,0.396414,67.6616
148.55,0.39678,67.6815
148.6,0.397128,67.7013
148.65,0.397717,67.7212
148.7,0.398685,67.7411
148.75,0.398665,67.7611
148.8,0.39892,67.781
148.85,0.398405,67.8009
148.9,0.398316,67.8209
148.95,0.398473,67.8408
149.0,0.398107,67.8607
149.05,0.397843,67.8806
149.1,0.397666,67.9005
149.15,0.397598,67.9203
149.2,0.397425,67.9402
149.25,0.397093,67.9601
149.3,0.397016,67.9799
149.35,0.397673,67.9998
149.4,0.398056,68.0197
149.45,0.398668,68.0396
149.5,0.398334,68.0595
149.55,0.398026,68.0795
149.6,0.397495,68.0993
149.65,0.39715,68.1192
149.7,0.397212,68.139
149.75,0.397405,68.1589
149.8,0.397068,68.1788
149.85,0.396973,68.1986
149.9,0.397156,68.2185
149.95,0.397395,68.2383
150.0,0.396895,68.2582
150.05,0.39648,68.278
150.1,0.396448,68.2978
150.15,0.395224,68.3176
150.2,0.393166,68.3372
150.25,0.391054,68.3568
150.3,0.392881,68.3764
150.35,0.393144,68.3961
150.4,0.392736,68.4157
150.45,0.391655,68.4353
150.5,0.392153,68.4549
150.55,0.392646,68.4746
150.6,0.391779,68.4942
150.65,0.392315,68.5138
150.7,0.391962,68.5334
150.75,0.392056,68.553
150.8,0.393226,68.5726
150.85,0.392112,68.5922
150.9,0.392486,68.6119
150.95,0.392505,68.6315
151.0,0.393204,68.6511
151.05,0.392608,68.6708
151.1,0.39228,68.6904
151.15,0.392053,68.71
151.2,0.392482,68.7296
151.25,0.392308,68.7492
151.3,0.391791,68.7688
151.35,0.392371,68.7884
151.4,0.392178,68.8081
151.45,0.391579,68.8276
151.5,0.391177,68.8472
151.55,0.390837,68.8667
151.6,0.390667,68.8863
151.65,0.39024,68.9058
151.7,0.390529,68.9253
151.75,0.389467,68.9448
151.8,0.389674,68.9643
151.85,0.389642,68.9837
151.9,0.389737,69.0032
151.95,0.389901,69.0227
152.0,0.390078,69.0422
152.05,0.39063,69.0618
152.1,0.389504,69.0812
152.15,0.389627,69.1007
152.2,0.390453,69.1202
152.25,0.390638,69.1398
152.3,0.390638,69.1593
152.35,0.390259,69.1788
152.4,0.391055,69.1984
152.45,0.390849,69.2179
152.5,0.390703,69.2374
152.55,0.390673,69.257
152.6,0.389395,69.2765
152.65,0.389293,69.2959
152.7,0.390348,69.3154
152.75,0.388572,69.3349
152.8,0.388119,69.3543
152.85,0.388401,69.3737
152.9,0.388603,69.3931
152.95,0.388263,69.4125
153.0,0.388224,69.4319
153.05,0.387925,69.4513
153.1,0.387474,69.4707
153.15,0.387326,69.4901
153.2,0.387307,69.5094
153.25,0.386612,69.5288
153.3,0.386294,69.5481
153.35,0.385942,69.5674
153.4,0.385674,69.5867
153.45,0.385489,69.6059
153.5,0.385301,69.6252
153.55,0.384741,69.6444
153.6,0.385221,69.6637
153.65,0.384575,69.6829
153.7,0.384813,69.7022
153.75,0.38499,69.7214
153.8,0.385201,69.7407
153.85,0.384018,69.7599
153.9,0.384133,69.7791
153.95,0.384743,69.7983
154.0,0.385108,69.8176
154.05,0.382535,69.8367
154.1,0.384451,69.8559
154.15,0.384564,69.8752
154.2,0.384759,69.8944
154.25,0.384742,69.9136
154.3,0.384629,69.9329
154.35,0.384522,69.9521
154.4,0.384544,69.9713
154.45,0.384379,69.9905
154.5,0.383868,70.0097
154.55,0.38322,70.0289
154.6,0.383299,70.0481
154.65,0.38202,70.0672
154.7,0.380119,70.0862
154.75,0.380097,70.1052
154.8,0.380038,70.1242
154.85,0.379346,70.1431
154.9,0.378298,70.1621
154.95,0.378557,70.181
155.0,0.378858,70.1999
155.05,0.37952,70.2189
155.1,0.378398,70.2378
155.15,0.378808,70.2568
155.2,0.377803,70.2757
155.25,0.378422,70.2946
155.3,0.379845,70.3136
155.35,0.379287,70.3325
155.4,0.379189,70.3515
155.45,0.379956,70.3705
155.5,0.380766,70.3895
155.55,0.3796,70.4085
155.6,0.379271,70.4275
155.65,0.379531,70.4464
155.7,0.379988,70.4654
155.75,0.380311,70.4845
155.8,0.38109,70.5035
155.85,0.381486,70.5226
155.9,0.381267,70.5417
155.95,0.38123,70.5607
156.0,0.380283,70.5797
156.05,0.379169,70.5987
156.1,0.379128,70.6176
156.15,0.37909,70.6366
156.2,0.379239,70.6556
156.25,0.379974,70.6746
156.3,0.37968,70.6935
156.35,0.380417,70.7126
156.4,0.379611,70.7315
156.45,0.379453,70.7505
156.5,0.377669,70.7694
156.55,0.37879,70.7883
156.6,0.378404,70.8073
156.65,0.377198,70.8261
156.7,0.377073,70.845
156.75,0.376598,70.8638
156.8,0.378308,70.8827
156.85,0.376937,70.9016
156.9,0.376674,70.9204
156.95,0.37903,70.9394
157.0,0.37948,70.9583
157.05,0.379031,70.9773
157.1,0.3799,70.9963
157.15,0.38041,71.0153
157.2,0.380192,71.0343
157.25,0.37976,71.0533
157.3,0.378729,71.0722
157.35,0.37729,71.0911
157.4,0.3777,71.11
157.45,0.379445,71.129
157.5,0.379095,71.1479
157.55,0.379216,71.1669
157.6,0.378285,71.1858
157.65,0.378406,71.2047
157.7,0.378343,71.2236
157.75,0.377904,71.2425
157.8,0.378925,71.2615
157.85,0.375006,71.2802
157.9,0.374551,71.2989
157.95,0.375336,71.3177
158.0,0.37395,71.3364
158.05,0.374392,71.3551
158.1,0.373936,71.3738
158.15,0.372219,71.3924
158.2,0.373246,71.4111
158.25,0.373096,71.4297
158.3,0.374141,71.4484
158.35,0.374809,71.4672
158.4,0.374902,71.4859
158.45,0.375909,71.5047
158.5,0.376201,71.5235
158.55,0.376287,71.5424
158.6,0.376937,71.5612
158.65,0.377341,71.5801
158.7,0.377336,71.5989
158.75,0.377654,71.6178
158.8,0.378058,71.6367
158.85,0.377859,71.6556
158.9,0.378654,71.6745
158.95,0.378442,71.6935
159.0,0.378104,71.7124
159.05,0.37991,71.7314
159.1,0.380201,71.7504
159.15,0.380204,71.7694
159.2,0.380588,71.7884
159.25,0.381737,71.8075
159.3,0.381197,71.8266
159.35,0.381914,71.8457
159.4,0.381971,71.8648
159.45,0.381722,71.8839
159.5,0.383286,71.903
159.55,0.384069,71.9222
159.6,0.383283,71.9414
159.65,0.383361,71.9605
159.7,0.384029,71.9798
159.75,0.384194,71.999
159.8,0.384238,72.0182
159.85,0.384827,72.0374
159.9,0.385408,72.0567
159.95,0.385501,72.076
160.0,0.38504,72.0952
160.05,0.382345,72.1143
160.1,0.380918,72.1334
160.15,0.381672,72.1525
160.2,0.382152,72.1716
160.25,0.38279,72.1907
160.3,0.382148,72.2098
160.35,0.381296,72.2289
160.4,0.382724,72.248
160.45,0.382344,72.2671
160.5,0.381815,72.2862
160.55,0.381079,72.3053
160.6,0.379533,72.3242
160.65,0.379829,72.3432
160.7,0.379457,72.3622
160.75,0.379829,72.3812
160.8,0.380115,72.4002
160.85,0.379961,72.4192
160.9,0.379883,72.4382
160.95,0.379469,72.4572
161.0,0.379395,72.4762
161.05,0.378604,72.4951
161.1,0.378363,72.514
161.15,0.376888,72.5328
161.2,0.376923,72.5517
161.25,0.376766,72.5705
161.3,0.377218,72.5894
161.35,0.376384,72.6082
161.4,0.377379,72.6271
161.45,0.376439,72.6459
161.5,0.377756,72.6648
161.55,0.377034,72.6836
161.6,0.377069,72.7025
161.65,0.376931,72.7213
161.7,0.376983,72.7402
161.75,0.376395,72.759
161.8,0.375273,72.7778
161.85,0.375781,72.7966
161.9,0.376726,72.8154
161.95,0.376648,72.8342
162.0,0.378048,72.8531
162.05,0.37938,72.8721
162.1,0.380012,72.8911
162.15,0.379045,72.91
162.2,0.378626,72.929
162.25,0.380798,72.948
162.3,0.380429,72.967
162.35,0.380643,72.9861
162.4,0.38107,73.0051
162.45,0.381633,73.0242
162.5,0.382424,73.0433
162.55,0.383348,73.0625
162.6,0.384079,73.0817
162.65,0.383864,73.1009
162.7,0.383857,73.1201
162.75,0.384203,73.1393
162.8,0.384585,73.1585
162.85,0.383864,73.1777
162.9,0.383066,73.1969
162.95,0.382155,73.216
163.0,0.382019,73.2351
163.05,0.382312,73.2542
163.1,0.381888,73.2733
163.15,0.381539,73.2924
163.2,0.381863,73.3115
163.25,0.382432,73.3306
163.3,0.383278,73.3497
163.35,0.382823,73.3689
163.4,0.382139,73.388
163.45,0.383056,73.4072
163.5,0.383509,73.4263
163.55,0.384585,73.4456
163.6,0.383605,73.4647
163.65,0.382907,73.4839
163.7,0.38334,73.503
163.75,0.381867,73.5221
163.8,0.382368,73.5413
163.85,0.38326,73.5604
163.9,0.383793,73.5796
163.95,0.3838,73.5988
164.0,0.383191,73.618
164.05,0.383092,73.6371
164.1,0.38361,73.6563
164.15,0.38443,73.6755
164.2,0.383968,73.6947
164.25,0.382663,73.7139
164.3,0.381866,73.7329
164.35,0.381482,73.752
164.4,0.382169,73.7711
164.45,0.381289,73.7902
164.5,0.382418,73.8093
164.55,0.381472,73.8284
164.6,0.381363,73.8475
164.65,0.380632,73.8665
164.7,0.379079,73.8854
164.75,0.379549,73.9044
164.8,0.380436,73.9234
164.85,0.380643,73.9425
164.9,0.381642,73.9615
164.95,0.381168,73.9806
165.0,0.380513,73.9996
165.05,0.380561,74.0187
165.1,0.381141,74.0377
165.15,0.381233,74.0568
165.2,0.381677,74.0759
165.25,0.380827,74.0949
165.3,0.380701,74.1139
165.35,0.381161,74.133
165.4,0.380944,74.152
165.45,0.381149,74.1711
165.5,0.38055,74.1901
165.55,0.378402,74.2091
165.6,0.379052,74.228
165.65,0.381338,74.2471
165.7,0.38226,74.2662
165.75,0.381261,74.2852
165.8,0.37862,74.3042
165.85,0.3778,74.3231
165.9,0.377581,74.3419
165.95,0.377805,74.3608
166.0,0.378537,74.3798
166.05,0.378195,74.3987
166.1,0.377989,74.4176
166.15,0.379941,74.4366
166.2,0.381095,74.4556
166.25,0.381151,74.4747
166.3,0.382003,74.4938
166.35,0.381953,74.5129
166.4,0.381759,74.532
166.45,0.381319,74.551
166.5,0.380968,74.5701
166.55,0.380002,74.5891
166.6,0.379073,74.608
166.65,0.379072,74.627
166.7,0.379208,74.646
166.75,0.37857,74.6649
166.8,0.377807,74.6838
166.85,0.37683,74.7026
166.9,0.376873,74.7215
166.95,0.37974,74.7404
167.0,0.380661,74.7595
167.05,0.37869,74.7784
167.1,0.378581,74.7973
167.15,0.381154,74.8164
167.2,0.380598,74.8354
167.25,0.380037,74.8544
167.3,0.379059,74.8734
167.35,0.377803,74.8923
167.4,0.379214,74.9112
167.45,0.37937,74.9302
167.5,0.379272,74.9492
167.55,0.378704,74.9681
167.6,0.378903,74.987
167.65,0.378434,75.006
167.7,0.379183,75.0249
167.75,0.379015,75.0439
167.8,0.378585,75.0628
167.85,0.378599,75.0817
167.9,0.378993,75.1007
167.95,0.37894,75.1196
168.0,0.378978,75.1386
168.05,0.378463,75.1575
168.1,0.377332,75.1764
168.15,0.374994,75.1951
168.2,0.374005,75.2138
168.25,0.375192,75.2326
168.3,0.374709,75.2513
168.35,0.374466,75.27
168.4,0.374223,75.2887
168.45,0.373545,75.3074
168.5,0.374351,75.3261
168.55,0.374804,75.3449
168.6,0.375715,75.3637
168.65,0.37577,75.3825
168.7,0.375697,75.4012
168.75,0.375855,75.42
168.8,0.374506,75.4388
168.85,0.37422,75.4575
168.9,0.374313,75.4762
168.95,0.375509,75.495
169.0,0.376445,75.5138
169.05,0.376437,75.5326
169.1,0.377606,75.5515
169.15,0.376691,75.5703
169.2,0.376685,75.5892
169.25,0.376591,75.608
169.3,0.375996,75.6268
169.35,0.376196,75.6456
169.4,0.375476,75.6644
169.45,0.374395,75.6831
169.5,0.374323,75.7018
169.55,0.373613,75.7205
169.6,0.374087,75.7392
169.65,0.372867,75.7578
169.7,0.372036,75.7764
169.75,0.370726,75.795
169.8,0.370597,75.8135
169.85,0.373226,75.8322
169.9,0.372013,75.8508
169.95,0.370535,75.8693
170.0,0.369592,75.8878
170.05,0.370163,75.9063
170.1,0.371128,75.9248
170.15,0.371957,75.9434
170.2,0.371843,75.962
170.25,0.372321,75.9806
170.3,0.372137,75.9993
170.35,0.3723,76.0179
170.4,0.373307,76.0365
170.45,0.37332,76.0552
170.5,0.372866,76.0738
170.55,0.371477,76.0924
170.6,0.371139,76.111
170.65,0.371924,76.1296
170.7,0.373063,76.1482
170.75,0.37411,76.1669
170.8,0.374146,76.1856
170.85,0.374078,76.2043
170.9,0.373348,76.223
170.95,0.374316,76.2417
171.0,0.374401,76.2604
171.05,0.373325,76.2791
171.1,0.372258,76.2977
171.15,0.371471,76.3163
171.2,0.370071,76.3348
171.25,0.369296,76.3533
171.3,0.369039,76.3717
171.35,0.36845,76.3901
171.4,0.368362,76.4086
171.45,0.36692,76.4269
171.5,0.366024,76.4452
171.55,0.365371,76.4635
171.6,0.365433,76.4817
171.65,0.366194,76.5
171.7,0.367151,76.5184
171.75,0.368356,76.5368
171.8,0.365356,76.5551
171.85,0.367751,76.5735
171.9,0.371688,76.5921
171.95,0.373576,76.6107
172.0,0.373518,76.6294
172.05,0.374079,76.6481
172.1,0.375177,76.6669
172.15,0.375369,76.6857
172.2,0.373827,76.7043
172.25,0.372576,76.723
172.3,0.372355,76.7416
172.35,0.369459,76.7601
172.4,0.368873,76.7785
172.45,0.368641,76.7969
172.5,0.368482,76.8154
172.55,0.368085,76.8338
172.6,0.368596,76.8522
172.65,0.369292,76.8707
172.7,0.36894,76.8891
172.75,0.36873,76.9075
172.8,0.368735,76.926
172.85,0.368096,76.9444
172.9,0.366595,76.9627
172.95,0.368663,76.9811
173.0,0.369119,76.9996
173.05,0.369425,77.0181
173.1,0.369116,77.0365
173.15,0.368353,77.0549
173.2,0.368458,77.0734
173.25,0.367807,77.0918
173.3,0.368447,77.1102
173.35,0.369308,77.1286
173.4,0.369905,77.1471
173.45,0.37074,77.1657
173.5,0.37077,77.1842
173.55,0.370674,77.2028
173.6,0.370492,77.2213
173.65,0.369669,77.2398
173.7,0.370466,77.2583
173.75,0.370634,77.2768
173.8,0.370485,77.2953
173.85,0.369299,77.3138
173.9,0.36851,77.3322
173.95,0.369171,77.3507
174.0,0.369479,77.3692
174.05,0.368158,77.3876
174.1,0.368243,77.406
174.15,0.368208,77.4244
174.2,0.368914,77.4428
174.25,0.368987,77.4613
174.3,0.369212,77.4798
174.35,0.370552,77.4983
174.4,0.370581,77.5168
174.45,0.370044,77.5353
174.5,0.369484,77.5538
174.55,0.36886,77.5722
174.6,0.369461,77.5907
174.65,0.368481,77.6091
174.7,0.368123,77.6275
174.75,0.369231,77.646
174.8,0.369685,77.6645
174.85,0.368973,77.6829
174.9,0.367533,77.7013
174.95,0.369245,77.7198
175.0,0.368148,77.7382
175.05,0.368142,77.7566
175.1,0.368262,77.775
175.15,0.367617,77.7934
175.2,0.366209,77.8117
175.25,0.366043,77.83
175.3,0.368784,77.8484
175.35,0.36771,77.8668
175.4,0.365237,77.8851
175.45,0.365077,77.9033
175.5,0.363579,77.9215
175.55,0.363924,77.9397
175.6,0.367113,77.9581
175.65,0.370717,77.9766
175.7,0.37014,77.9951
175.75,0.370332,78.0136
175.8,0.370195,78.0321
175.85,0.370519,78.0507
175.9,0.370149,78.0692
175.95,0.370175,78.0877
176.0,0.370432,78.1062
176.05,0.370314,78.1247
176.1,0.369916,78.1432
176.15,0.368749,78.1616
176.2,0.368578,78.1801
176.25,0.369976,78.1986
176.3,0.369759,78.217
176.35,0.369925,78.2355
176.4,0.370195,78.2541
176.45,0.36979,78.2725
176.5,0.369433,78.291
176.55,0.368929,78.3095
176.6,0.369621,78.3279
176.65,0.36825,78.3464
176.7,0.369566,78.3648
176.75,0.370133,78.3833
176.8,0.369792,78.4018
176.85,0.370982,78.4204
176.9,0.370248,78.4389
176.95,0.369016,78.4573
177.0,0.369811,78.4758
177.05,0.369276,78.4943
177.1,0.369365,78.5128
177.15,0.369481,78.5312
177.2,0.369848,78.5497
177.25,0.368892,78.5682
177.3,0.371017,78.5867
177.35,0.370517,78.6053
177.4,0.370346,78.6238
177.45,0.371248,78.6423
177.5,0.371666,78.6609
177.55,0.372,78.6795
177.6,0.372011,78.6981
177.65,0.371073,78.7167
177.7,0.371143,78.7352
177.75,0.371058,78.7538
177.8,0.371027,78.7723
177.85,0.370811,78.7909
177.9,0.370428,78.8094
177.95,0.370368,78.8279
178.0,0.370436,78.8464
178.05,0.370512,78.865
178.1,0.370442,78.8835
178.15,0.370672,78.902
178.2,0.370067,78.9205
178.25,0.369756,78.939
178.3,0.369818,78.9575
178.35,0.371012,78.9761
178.4,0.369819,78.9945
178.45,0.368789,79.013
178.5,0.369754,79.0315
178.55,0.371757,79.0501
178.6,0.373686,79.0687
178.65,0.371688,79.0873
178.7,0.371043,79.1059
178.75,0.370164,79.1244
178.8,0.369884,79.1429
178.85,0.370652,79.1614
178.9,0.371744,79.18
178.95,0.373354,79.1987
179.0,0.373689,79.2174
179.05,0.373216,79.236
179.1,0.372905,79.2547
179.15,0.372599,79.2733
179.2,0.372069,79.2919
179.25,0.371959,79.3105
179.3,0.372347,79.3291
179.35,0.368355,79.3475
179.4,0.366993,79.3659
179.45,0.367356,79.3842
179.5,0.369262,79.4027
179.55,0.368739,79.4211
179.6,0.368739,79.4396
179.65,0.367949,79.458
179.7,0.368364,79.4764
179.75,0.368117,79.4948
179.8,0.367495,79.5132
179.85,0.366529,79.5315
179.9,0.366089,79.5498
179.95,0.365705,79.5681
180.0,0.363969,79.5863
180.05,0.363895,79.6045
180.1,0.366272,79.6228
180.15,0.367387,79.6412
180.2,0.365713,79.6595
180.25,0.365428,79.6777
180.3,0.363767,79.6959
180.35,0.363805,79.7141
180.4,0.363445,79.7323
180.45,0.363231,79.7504
180.5,0.363517,79.7686
180.55,0.364309,79.7868
180.6,0.364625,79.8051
180.65,0.364177,79.8233
180.7,0.363999,79.8415
180.75,0.363472,79.8596
180.8,0.364551,79.8779
180.85,0.364139,79.8961
180.9,0.365048,79.9143
180.95,0.366417,79.9326
181.0,0.366074,79.951
181.05,0.36608,79.9693
181.1,0.366927,79.9876
181.15,0.361802,80.0057
181.2,0.359019,80.0236
181.25,0.362503,80.0418
181.3,0.364338,80.06
181.35,0.364967,80.0782
181.4,0.364904,80.0965
181.45,0.362149,80.1146
181.5,0.361642,80.1327
181.55,0.361712,80.1508
181.6,0.361222,80.1688
181.65,0.360809,80.1869
181.7,0.361876,80.2049
181.75,0.361853,80.223
181.8,0.361808,80.2411
181.85,0.362243,80.2592
181.9,0.361872,80.2773
181.95,0.363996,80.2955
182.0,0.365766,80.3138
182.05,0.366295,80.3321
182.1,0.363622,80.3503
182.15,0.361986,80.3684
182.2,0.363274,80.3866
182.25,0.363804,80.4048
182.3,0.362963,80.4229
182.35,0.362407,80.441
182.4,0.36417,80.4593
182.45,0.364135,80.4775
182.5,0.363827,80.4957
182.55,0.363969,80.5138
182.6,0.363452,80.532
182.65,0.362396,80.5501
182.7,0.361985,80.5682
182.75,0.357649,80.5861
182.8,0.357302,80.604
182.85,0.357816,80.6219
182.9,0.358949,80.6398
182.95,0.356932,80.6577
183.0,0.356879,80.6755
183.05,0.354994,80.6933
183.1,0.35529,80.711
183.15,0.354219,80.7287
183.2,0.351839,80.7463
183.25,0.351244,80.7639
183.3,0.350593,80.7814
183.35,0.351498,80.799
183.4,0.349546,80.8165
183.45,0.351315,80.834
183.5,0.35172,80.8516
183.55,0.351568,80.8692
183.6,0.351806,80.8868
183.65,0.351109,80.9044
183.7,0.351084,80.9219
183.75,0.350606,80.9394
183.8,0.350479,80.957
183.85,0.350379,80.9745
183.9,0.351643,80.9921
183.95,0.352243,81.0097
184.0,0.352071,81.0273
184.05,0.349502,81.0448
184.1,0.350034,81.0623
184.15,0.348449,81.0797
184.2,0.348076,81.0971
184.25,0.348173,81.1145
184.3,0.350271,81.132
184.35,0.350466,81.1495
184.4,0.351075,81.1671
184.45,0.352438,81.1847
184.5,0.353783,81.2024
184.55,0.351361,81.22
184.6,0.351059,81.2375
184.65,0.351858,81.2551
184.7,0.351469,81.2727
184.75,0.353199,81.2903
184.8,0.35449,81.3081
184.85,0.353942,81.3258
184.9,0.35293,81.3434
184.95,0.353045,81.3611
185.0,0.353136,81.3787
185.05,0.353742,81.3964
185.1,0.354747,81.4141
185.15,0.355091,81.4319
185.2,0.352715,81.4495
185.25,0.351041,81.4671
185.3,0.350604,81.4846
185.35,0.350145,81.5021
185.4,0.350119,81.5196
185.45,0.349764,81.5371
185.5,0.349466,81.5546
185.55,0.349366,81.5721
185.6,0.349951,81.5896
185.65,0.349888,81.607
185.7,0.350984,81.6246
185.75,0.351046,81.6422
185.8,0.351481,81.6597
185.85,0.352204,81.6773
185.9,0.352934,81.695
185.95,0.352661,81.7126
186.0,0.354194,81.7303
186.05,0.354163,81.748
186.1,0.353525,81.7657
186.15,0.352587,81.7833
186.2,0.352633,81.801
186.25,0.352555,81.8186
186.3,0.353656,81.8363
186.35,0.352796,81.8539
186.4,0.354604,81.8717
186.45,0.354476,81.8894
186.5,0.352823,81.907
186.55,0.353023,81.9247
186.6,0.353946,81.9424
186.65,0.353817,81.9601
186.7,0.353523,81.9777
186.75,0.354626,81.9955
186.8,0.354309,82.0132
186.85,0.353657,82.0309
186.9,0.353522,82.0485
186.95,0.353777,82.0662
187.0,0.352903,82.0839
187.05,0.353021,82.1015
187.1,0.352655,82.1192
187.15,0.354065,82.1369
187.2,0.357764,82.1547
187.25,0.358215,82.1727
187.3,0.358204,82.1906
187.35,0.358171,82.2085
187.4,0.35822,82.2264
187.45,0.358782,82.2443
187.5,0.359206,82.2623
187.55,0.359686,82.2803
187.6,0.359805,82.2983
187.65,0.359512,82.3162
187.7,0.359582,82.3342
187.75,0.360878,82.3523
187.8,0.360215,82.3703
187.85,0.359256,82.3882
187.9,0.358792,82.4062
187.95,0.358943,82.4241
188.0,0.358626,82.4421
188.05,0.357964,82.46
188.1,0.356263,82.4778
188.15,0.355192,82.4955
188.2,0.354186,82.5132
188.25,0.351341,82.5308
188.3,0.352278,82.5484
188.35,0.352405,82.566
188.4,0.353729,82.5837
188.45,0.356012,82.6015
188.5,0.356477,82.6193
188.55,0.353861,82.637
188.6,0.354893,82.6548
188.65,0.354148,82.6725
188.7,0.353491,82.6902
188.75,0.3548,82.7079
188.8,0.352946,82.7256
188.85,0.352588,82.7432
188.9,0.352051,82.7608
188.95,0.351412,82.7784
189.0,0.351311,82.7959
189.05,0.35259,82.8136
189.1,0.352734,82.8312
189.15,0.354091,82.8489
189.2,0.352942,82.8665
189.25,0.351287,82.8841
189.3,0.353751,82.9018
189.35,0.35507,82.9195
189.4,0.354427,82.9373
189.45,0.353541,82.9549
189.5,0.352359,82.9726
189.55,0.352362,82.9902
189.6,0.352022,83.0078
189.65,0.352054,83.0254
189.7,0.3502,83.0429
189.75,0.351482,83.0605
189.8,0.350439,83.078
189.85,0.349208,83.0955
189.9,0.350547,83.113
189.95,0.35101,83.1305
190.0,0.347739,83.1479
190.05,0.345194,83.1652
190.1,0.344342,83.1824
190.15,0.347672,83.1998
190.2,0.350357,83.2173
190.25,0.347739,83.2347
190.3,0.344508,83.2519
190.35,0.344677,83.2691
190.4,0.347831,83.2865
190.45,0.350808,83.3041
190.5,0.350667,83.3216
190.55,0.352382,83.3392
190.6,0.349051,83.3567
190.65,0.348623,83.3741
190.7,0.347223,83.3915
190.75,0.348456,83.4089
190.8,0.350286,83.4264
190.85,0.350862,83.4439
190.9,0.350199,83.4615
190.95,0.348956,83.4789
191.0,0.34836,83.4963
191.05,0.346503,83.5136
191.1,0.345471,83.5309
191.15,0.346034,83.5482
191.2,0.349002,83.5657
191.25,0.349104,83.5831
191.3,0.351295,83.6007
191.35,0.349642,83.6182
191.4,0.349487,83.6357
191.45,0.349972,83.6531
191.5,0.350323,83.6707
191.55,0.349686,83.6881
191.6,0.349816,83.7056
191.65,0.35,83.7231
191.7,0.34766,83.7405
191.75,0.348697,83.758
191.8,0.34913,83.7754
191.85,0.349874,83.7929
191.9,0.349679,83.8104
191.95,0.34915,83.8279
192.0,0.351778,83.8454
192.05,0.352233,83.8631
192.1,0.350378,83.8806
192.15,0.350461,83.8981
192.2,0.350294,83.9156
192.25,0.350948,83.9332
192.3,0.350394,83.9507
192.35,0.348692,83.9681
192.4,0.351132,83.9857
192.45,0.351993,84.0033
192.5,0.352183,84.0209
192.55,0.351474,84.0384
192.6,0.351592,84.056
192.65,0.351407,84.0736
192.7,0.351316,84.0912
192.75,0.350673,84.1087
192.8,0.349738,84.1262
192.85,0.34982,84.1437
192.9,0.351001,84.1612
192.95,0.351505,84.1788
193.0,0.352114,84.1964
193.05,0.352229,84.214
193.1,0.350895,84.2316
193.15,0.349207,84.249
193.2,0.348512,84.2664
193.25,0.349066,84.2839
193.3,0.349968,84.3014
193.35,0.350779,84.3189
193.4,0.352777,84.3366
193.45,0.356224,84.3544
193.5,0.357983,84.3723
193.55,0.357728,84.3902
193.6,0.358305,84.4081
193.65,0.356591,84.4259
193.7,0.356832,84.4438
193.75,0.35717,84.4616
193.8,0.356307,84.4794
193.85,0.355999,84.4972
193.9,0.356681,84.5151
193.95,0.35604,84.5329
194.0,0.357485,84.5507
194.05,0.357264,84.5686
194.1,0.35801,84.5865
194.15,0.357946,84.6044
194.2,0.358398,84.6223
194.25,0.358686,84.6403
194.3,0.357835,84.6581
194.35,0.357821,84.676
194.4,0.356443,84.6939
194.45,0.357441,84.7117
194.5,0.357974,84.7296
194.55,0.357757,84.7475
194.6,0.358232,84.7654
194.65,0.35757,84.7833
194.7,0.356924,84.8012
194.75,0.354709,84.8189
194.8,0.354906,84.8366
194.85,0.352951,84.8543
194.9,0.35309,84.8719
194.95,0.353258,84.8896
195.0,0.354206,84.9073
195.05,0.354789,84.9251
195.1,0.354452,84.9428
195.15,0.35421,84.9605
195.2,0.353216,84.9781
195.25,0.352988,84.9958
195.3,0.354118,85.0135
195.35,0.353503,85.0312
195.4,0.353233,85.0488
195.45,0.354322,85.0666
195.5,0.353839,85.0843
195.55,0.353119,85.1019
195.6,0.352945,85.1196
195.65,0.351659,85.1371
195.7,0.351751,85.1547
195.75,0.35231,85.1723
195.8,0.353048,85.19
195.85,0.354994,85.2077
195.9,0.354507,85.2255
195.95,0.353969,85.2432
196.0,0.35598,85.261
196.05,0.356282,85.2788
196.1,0.356736,85.2966
196.15,0.357525,85.3145
196.2,0.356774,85.3323
196.25,0.355313,85.3501
196.3,0.355076,85.3679
196.35,0.353501,85.3855
196.4,0.354354,85.4032
196.45,0.354418,85.421
196.5,0.355081,85.4387
196.55,0.354653,85.4565
196.6,0.354776,85.4742
196.65,0.356854,85.492
196.7,0.357699,85.5099
196.75,0.357238,85.5278
196.8,0.356386,85.5456
196.85,0.353833,85.5633
196.9,0.352302,85.5809
196.95,0.349202,85.5984
197.0,0.352525,85.616
197.05,0.352574,85.6336
197.1,0.352432,85.6512
197.15,0.352228,85.6689
197.2,0.352573,85.6865
197.25,0.352079,85.7041
197.3,0.351613,85.7217
197.35,0.350705,85.7392
197.4,0.348037,85.7566
197.45,0.347405,85.774
197.5,0.348552,85.7914
197.55,0.348419,85.8088
197.6,0.349102,85.8263
197.65,0.347081,85.8436
197.7,0.346628,85.861
197.75,0.348005,85.8784
197.8,0.348518,85.8958
197.85,0.348167,85.9132
197.9,0.34857,85.9306
197.95,0.346797,85.948
198.0,0.343762,85.9651
198.05,0.344184,85.9824
198.1,0.344036,85.9996
198.15,0.343732,86.0167
198.2,0.343631,86.0339
198.25,0.339227,86.0509
198.3,0.340001,86.0679
198.35,0.342387,86.085
198.4,0.343735,86.1022
198.45,0.341155,86.1193
198.5,0.342255,86.1364
198.55,0.340807,86.1534
198.6,0.340253,86.1704
198.65,0.340219,86.1874
198.7,0.340752,86.2045
198.75,0.339419,86.2214
198.8,0.33854,86.2384
198.85,0.337981,86.2553
198.9,0.337155,86.2721
198.95,0.337178,86.289
199.0,0.33739,86.3059
199.05,0.338298,86.3228
199.1,0.338133,86.3397
199.15,0.338095,86.3566
199.2,0.339896,86.3736
199.25,0.339439,86.3905
199.3,0.341758,86.4076
199.35,0.343231,86.4248
199.4,0.342925,86.4419
199.45,0.342597,86.4591
199.5,0.341671,86.4762
199.55,0.340443,86.4932
199.6,0.341441,86.5102
199.65,0.34143,86.5273
199.7,0.340935,86.5444
199.75,0.339583,86.5613
199.8,0.33776,86.5782
199.85,0.338428,86.5952
199.9,0.339375,86.6121
199.95,0.337479,86.629
200.0,0.340006,86.646
200.05,0.341778,86.6631
200.1,0.341165,86.6801
200.15,0.340555,86.6972
200.2,0.339674,86.7142
200.25,0.338877,86.7311
200.3,0.340491,86.7481
200.35,0.339274,86.7651
200.4,0.339475,86.7821
200.45,0.338754,86.799
200.5,0.339157,86.816
200.55,0.338292,86.8329
200.6,0.338411,86.8498
200.65,0.340585,86.8668
200.7,0.340718,86.8839
200.75,0.342734,86.901
200.8,0.343448,86.9182
200.85,0.344081,86.9354
200.9,0.344449,86.9526
200.95,0.342377,86.9697
201.0,0.343192,86.9869
201.05,0.341427,87.0039
201.1,0.342625,87.0211
201.15,0.342561,87.0382
201.2,0.341349,87.0553
201.25,0.340977,87.0723
201.3,0.33975,87.0893
201.35,0.337434,87.1062
201.4,0.338966,87.1231
201.45,0.335595,87.1399
201.5,0.336156,87.1567
201.55,0.336904,87.1736
201.6,0.33629,87.1904
201.65,0.33757,87.2073
201.7,0.338428,87.2242
201.75,0.340143,87.2412
201.8,0.344885,87.2584
201.85,0.345706,87.2757
201.9,0.348348,87.2931
201.95,0.346594,87.3105
202.0,0.354444,87.3282
202.05,0.355715,87.346
202.1,0.357709,87.3639
202.15,0.359161,87.3818
202.2,0.359536,87.3998
202.25,0.358948,87.4177
202.3,0.359152,87.4357
202.35,0.359066,87.4536
202.4,0.360125,87.4716
202.45,0.359789,87.4896
202.5,0.360043,87.5076
202.55,0.360215,87.5257
202.6,0.35901,87.5436
202.65,0.358359,87.5615
202.7,0.359188,87.5795
202.75,0.360932,87.5975
202.8,0.36023,87.6155
202.85,0.359818,87.6335
202.9,0.361446,87.6516
202.95,0.363366,87.6698
203.0,0.362104,87.6879
203.05,0.36038,87.7059
203.1,0.360236,87.7239
203.15,0.359767,87.7419
203.2,0.358686,87.7598
203.25,0.359963,87.7778
203.3,0.361414,87.7959
203.35,0.361807,87.814
203.4,0.361965,87.8321
203.45,0.361728,87.8502
203.5,0.36157,87.8683
203.55,0.36187,87.8863
203.6,0.361524,87.9044
203.65,0.361081,87.9225
203.7,0.359893,87.9405
203.75,0.359256,87.9584
203.8,0.358182,87.9763
203.85,0.35477,87.9941
203.9,0.354363,88.0118
203.95,0.353379,88.0295
204.0,0.355043,88.0472
204.05,0.355139,88.065
204.1,0.354188,88.0827
204.15,0.354316,88.1004
204.2,0.355194,88.1182
204.25,0.355987,88.136
204.3,0.354456,88.1537
204.35,0.354691,88.1714
204.4,0.355363,88.1892
204.45,0.355134,88.2069
204.5,0.35469,88.2247
204.55,0.353814,88.2424
204.6,0.352219,88.26
204.65,0.352656,88.2776
204.7,0.351357,88.2952
204.75,0.352045,88.3128
204.8,0.351817,88.3304
204.85,0.352845,88.348
204.9,0.356311,88.3658
204.95,0.35652,88.3837
205.0,0.355872,88.4015
205.05,0.355796,88.4192
205.1,0.354133,88.437
205.15,0.353296,88.4546
205.2,0.350615,88.4721
205.25,0.349268,88.4896
205.3,0.349159,88.5071
205.35,0.347754,88.5245
205.4,0.346477,88.5418
205.45,0.348493,88.5592
205.5,0.350255,88.5767
205.55,0.35013,88.5942
205.6,0.348555,88.6116
205.65,0.349481,88.6291
205.7,0.353097,88.6468
205.75,0.352965,88.6644
205.8,0.353817,88.6821
205.85,0.353492,88.6998
205.9,0.352325,88.7174
205.95,0.352878,88.7351
206.0,0.353764,88.7527
206.05,0.352332,88.7704
206.1,0.351003,88.7879
206.15,0.350526,88.8054
206.2,0.350627,88.823
206.25,0.353482,88.8406
206.3,0.352674,88.8583
206.35,0.352825,88.8759
206.4,0.356997,88.8938
206.45,0.357334,88.9116
206.5,0.357115,88.9295
206.55,0.357528,88.9474
206.6,0.357146,88.9652
206.65,0.358812,88.9832
206.7,0.358737,89.0011
206.75,0.359912,89.0191
206.8,0.358539,89.037
206.85,0.357852,89.0549
206.9,0.357899,89.0728
206.95,0.356789,89.0906
207.0,0.358494,89.1086
207.05,0.357792,89.1265
207.1,0.357075,89.1443
207.15,0.357375,89.1622
207.2,0.357027,89.18
207.25,0.356789,89.1979
207.3,0.355081,89.2156
207.35,0.3556,89.2334
207.4,0.354329,89.2511
207.45,0.354922,89.2689
207.5,0.356078,89.2867
207.55,0.35514,89.3044
207.6,0.353764,89.3221
207.65,0.353866,89.3398
207.7,0.352836,89.3575
207.75,0.35269,89.3751
207.8,0.352048,89.3927
207.85,0.352733,89.4103
207.9,0.3535,89.428
207.95,0.353833,89.4457
208.0,0.353427,89.4634
208.05,0.353401,89.481
208.1,0.352069,89.4986
208.15,0.351379,89.5162
208.2,0.352906,89.5339
208.25,0.354257,89.5516
208.3,0.353581,89.5692
208.35,0.3532,89.5869
208.4,0.351452,89.6045
208.45,0.351868,89.6221
208.5,0.351755,89.6397
208.55,0.351903,89.6573
208.6,0.352852,89.6749
208.65,0.353119,89.6926
208.7,0.353093,89.7102
208.75,0.351745,89.7278
208.8,0.35184,89.7454
208.85,0.349702,89.7629
208.9,0.350039,89.7804
208.95,0.351121,89.7979
209.0,0.350875,89.8155
209.05,0.34918,89.8329
209.1,0.346344,89.8503
209.15,0.347091,89.8676
209.2,0.346136,89.8849
209.25,0.347013,89.9023
209.3,0.346163,89.9196
209.35,0.345278,89.9368
209.4,0.345599,89.9541
209.45,0.343861,89.9713
209.5,0.345192,89.9886
209.55,0.345373,90.0058
209.6,0.343523,90.023
209.65,0.345585,90.0403
209.7,0.346109,90.0576
209.75,0.348938,90.075
209.8,0.349069,90.0925
209.85,0.34244,90.1096
209.9,0.348499,90.127
209.95,0.350871,90.1446
210.0,0.352329,90.1622
210.05,0.353862,90.1799
210.1,0.353832,90.1976
210.15,0.354054,90.2153
210.2,0.354329,90.233
210.25,0.353647,90.2507
210.3,0.353524,90.2684
210.35,0.352948,90.286
210.4,0.352079,90.3036
210.45,0.351388,90.3212
210.5,0.350434,90.3387
210.55,0.349878,90.3562
210.6,0.349362,90.3737
210.65,0.350776,90.3912
210.7,0.35142,90.4088
210.75,0.351506,90.4264
210.8,0.351225,90.4439
210.85,0.349264,90.4614
210.9,0.349866,90.4789
210.95,0.347062,90.4962
211.0,0.348371,90.5136
211.05,0.351428,90.5312
211.1,0.347905,90.5486
211.15,0.349786,90.5661
211.2,0.350996,90.5836
211.25,0.350221,90.6012
211.3,0.348854,90.6186
211.35,0.349134,90.6361
211.4,0.347528,90.6534
211.45,0.347913,90.6708
211.5,0.346871,90.6882
211.55,0.346541,90.7055
211.6,0.347102,90.7229
211.65,0.348208,90.7403
211.7,0.349996,90.7578
211.75,0.351392,90.7753
211.8,0.351131,90.7929
211.85,0.352706,90.8105
211.9,0.352454,90.8282
211.95,0.352743,90.8458
212.0,0.352758,90.8634
212.05,0.352902,90.8811
212.1,0.353982,90.8988
212.15,0.353896,90.9165
212.2,0.354486,90.9342
212.25,0.354668,90.9519
212.3,0.354491,90.9697
212.35,0.354378,90.9874
212.4,0.353969,91.0051
212.45,0.354381,91.0228
212.5,0.354542,91.0405
212.55,0.354337,91.0582
212.6,0.354056,91.0759
212.65,0.353112,91.0936
212.7,0.352556,91.1112
212.75,0.351389,91.1288
212.8,0.351594,91.1464
212.85,0.351936,91.164
212.9,0.35194,91.1816
212.95,0.352101,91.1992
213.0,0.353555,91.2168
213.05,0.353051,91.2345
213.1,0.353573,91.2522
213.15,0.352344,91.2698
213.2,0.352378,91.2874
213.25,0.3541,91.3051
213.3,0.35362,91.3228
213.35,0.349802,91.3403
213.4,0.347846,91.3577
213.45,0.347309,91.375
213.5,0.347291,91.3924
213.55,0.346095,91.4097
213.6,0.35096,91.4273
213.65,0.352954,91.4449
213.7,0.353773,91.4626
213.75,0.355307,91.4804
213.8,0.355965,91.4982
213.85,0.355849,91.516
213.9,0.35559,91.5337
213.95,0.35461,91.5515
214.0,0.353912,91.5692
214.05,0.354152,91.5869
214.1,0.354312,91.6046
214.15,0.354866,91.6223
214.2,0.355213,91.6401
214.25,0.356089,91.6579
214.3,0.355792,91.6757
214.35,0.354139,91.6934
214.4,0.354193,91.7111
214.45,0.35369,91.7288
214.5,0.354386,91.7465
214.55,0.35449,91.7642
214.6,0.354999,91.782
214.65,0.35451,91.7997
214.7,0.35449,91.8174
214.75,0.355489,91.8352
214.8,0.355661,91.853
214.85,0.356888,91.8708
214.9,0.356284,91.8886
214.95,0.355293,91.9064
215.0,0.356132,91.9242
215.05,0.355989,91.942
215.1,0.355308,91.9598
215.15,0.356144,91.9776
215.2,0.354138,91.9953
215.25,0.35488,92.013
215.3,0.354754,92.0308
215.35,0.354188,92.0485
215.4,0.351986,92.0661
215.45,0.352084,92.0837
215.5,0.351581,92.1013
215.55,0.349183,92.1187
215.6,0.349409,92.1362
215.65,0.350479,92.1537
215.7,0.351482,92.1713
215.75,0.351612,92.1889
215.8,0.351629,92.2065
215.85,0.352312,92.2241
215.9,0.352002,92.2417
215.95,0.352356,92.2593
216.0,0.352066,92.2769
216.05,0.350544,92.2944
216.1,0.349059,92.3119
216.15,0.3501,92.3294
216.2,0.350356,92.3469
216.25,0.34981,92.3644
216.3,0.348647,92.3818
216.35,0.34866,92.3992
216.4,0.349191,92.4167
216.45,0.350011,92.4342
216.5,0.35004,92.4517
216.55,0.349466,92.4692
216.6,0.343462,92.4864
216.65,0.340718,92.5034
216.7,0.339869,92.5204
216.75,0.340961,92.5374
216.8,0.343993,92.5546
216.85,0.346433,92.572
216.9,0.344129,92.5892
216.95,0.343801,92.6064
217.0,0.345273,92.6236
217.05,0.345487,92.6409
217.1,0.346026,92.6582
217.15,0.345789,92.6755
217.2,0.345667,92.6928
217.25,0.346229,92.7101
217.3,0.34605,92.7274
217.35,0.34533,92.7446
217.4,0.342678,92.7618
217.45,0.344938,92.779
217.5,0.345008,92.7963
217.55,0.346388,92.8136
217.6,0.347038,92.8309
217.65,0.347356,92.8483
217.7,0.34635,92.8656
217.75,0.346386,92.8829
217.8,0.346987,92.9003
217.85,0.345644,92.9176
217.9,0.345191,92.9348
217.95,0.345376,92.9521
218.0,0.345949,92.9694
218.05,0.345891,92.9867
218.1,0.345156,93.004
218.15,0.343362,93.0211
218.2,0.343376,93.0383
218.25,0.344012,93.0555
218.3,0.343653,93.0727
218.35,0.343908,93.0899
218.4,0.343561,93.1071
218.45,0.343624,93.1242
218.5,0.343238,93.1414
218.55,0.343546,93.1586
218.6,0.343183,93.1757
218.65,0.343935,93.1929
218.7,0.345654,93.2102
218.75,0.345919,93.2275
218.8,0.345668,93.2448
218.85,0.34592,93.2621
218.9,0.346672,93.2794
218.95,0.346548,93.2968
219.0,0.346683,93.3141
219.05,0.345053,93.3313
219.1,0.344805,93.3486
219.15,0.345845,93.3659
219.2,0.345133,93.3831
219.25,0.345825,93.4004
219.3,0.345831,93.4177
219.35,0.346957,93.4351
219.4,0.346579,93.4524
219.45,0.34675,93.4697
219.5,0.347689,93.4871
219.55,0.348507,93.5045
219.6,0.349438,93.522
219.65,0.349063,93.5395
219.7,0.347794,93.5568
219.75,0.347318,93.5742
219.8,0.346476,93.5915
219.85,0.345514,93.6088
219.9,0.344649,93.626
219.95,0.343661,93.6432
220.0,0.341826,93.6603
220.05,0.327742,93.6767
220.1,0.322519,93.6928
220.15,0.31876,93.7088
220.2,0.318033,93.7247
220.25,0.322727,93.7408
220.3,0.322179,93.7569
220.35,0.321496,93.773
220.4,0.323308,93.7892
220.45,0.322233,93.8053
220.5,0.322044,93.8214
220.55,0.320627,93.8374
220.6,0.319003,93.8534
220.65,0.315039,93.8691
220.7,0.315431,93.8849
220.75,0.318499,93.9008
220.8,0.317703,93.9167
220.85,0.317338,93.9326
220.9,0.31737,93.9484
220.95,0.316094,93.9642
221.0,0.312406,93.9799
221.05,0.314264,93.9956
221.1,0.313731,94.0112
221.15,0.314709,94.027
221.2,0.314682,94.0427
221.25,0.31223,94.0583
221.3,0.311752,94.0739
221.35,0.311288,94.0895
221.4,0.3115,94.1051
221.45,0.311514,94.1206
221.5,0.310742,94.1362
221.55,0.310312,94.1517
221.6,0.30979,94.1672
221.65,0.310464,94.1827
221.7,0.311128,94.1983
221.75,0.310567,94.2138
221.8,0.31052,94.2293
221.85,0.308434,94.2447
221.9,0.308224,94.2601
221.95,0.304861,94.2754
222.0,0.307296,94.2907
222.05,0.308665,94.3062
222.1,0.307532,94.3216
222.15,0.306884,94.3369
222.2,0.301485,94.352
222.25,0.302484,94.3671
222.3,0.302035,94.3822
222.35,0.302683,94.3973
222.4,0.301767,94.4124
222.45,0.303722,94.4276
222.5,0.304499,94.4428
222.55,0.306756,94.4582
222.6,0.30389,94.4734
222.65,0.303243,94.4885
222.7,0.305177,94.5038
222.75,0.306213,94.5191
222.8,0.305072,94.5344
222.85,0.302676,94.5495
222.9,0.301479,94.5646
222.95,0.302563,94.5797
223.0,0.304061,94.5949
223.05,0.303675,94.6101
223.1,0.304913,94.6253
223.15,0.307047,94.6407
223.2,0.31176,94.6563
223.25,0.313436,94.6719
223.3,0.313384,94.6876
223.35,0.312329,94.7032
223.4,0.314192,94.7189
223.45,0.315227,94.7347
223.5,0.314462,94.7504
223.55,0.314381,94.7661
223.6,0.310957,94.7817
223.65,0.315479,94.7975
223.7,0.31544,94.8132
223.75,0.31466,94.829
223.8,0.311654,94.8445
223.85,0.313883,94.8602
223.9,0.307619,94.8756
223.95,0.302568,94.8907
224.0,0.300617,94.9058
224.05,0.299073,94.9207
224.1,0.301495,94.9358
224.15,0.305858,94.9511
224.2,0.303013,94.9662
224.25,0.302942,94.9814
224.3,0.302373,94.9965
224.35,0.302694,95.0117
224.4,0.304512,95.0269
224.45,0.308261,95.0423
224.5,0.308612,95.0577
224.55,0.308003,95.0731
224.6,0.308204,95.0885
224.65,0.308334,95.1039
224.7,0.310509,95.1195
224.75,0.31174,95.1351
224.8,0.309804,95.1506
224.85,0.307574,95.1659
224.9,0.306487,95.1813
224.95,0.307996,95.1967
225.0,0.310291,95.2122
225.05,0.304801,95.2274
225.1,0.304036,95.2426
225.15,0.304685,95.2578
225.2,0.305969,95.2731
225.25,0.305035,95.2884
225.3,0.305364,95.3037
225.35,0.302312,95.3188
225.4,0.304947,95.334
225.45,0.305751,95.3493
225.5,0.307047,95.3647
225.55,0.302827,95.3798
225.6,0.304317,95.395
225.65,0.304523,95.4102
225.7,0.305866,95.4255
225.75,0.303722,95.4407
225.8,0.301939,95.4558
225.85,0.298471,95.4707
225.9,0.298275,95.4857
225.95,0.30084,95.5007
226.0,0.301194,95.5158
226.05,0.302809,95.5309
226.1,0.301177,95.546
226.15,0.300237,95.561
226.2,0.300211,95.576
226.25,0.298783,95.5909
226.3,0.296693,95.6058
226.35,0.297378,95.6206
226.4,0.29546,95.6354
226.45,0.29608,95.6502
226.5,0.29844,95.6651
226.55,0.295139,95.6799
226.6,0.293463,95.6946
226.65,0.29485,95.7093
226.7,0.295298,95.7241
226.75,0.295028,95.7388
226.8,0.293622,95.7535
226.85,0.292811,95.7681
226.9,0.29227,95.7828
226.95,0.292561,95.7974
227.0,0.291804,95.812
227.05,0.290366,95.8265
227.1,0.2884,95.8409
227.15,0.289566,95.8554
227.2,0.287758,95.8698
227.25,0.286904,95.8841
227.3,0.28776,95.8985
227.35,0.290174,95.913
227.4,0.290883,95.9276
227.45,0.29133,95.9421
227.5,0.290639,95.9567
227.55,0.290309,95.9712
227.6,0.292129,95.9858
227.65,0.289572,96.0003
227.7,0.290629,96.0148
227.75,0.291403,96.0294
227.8,0.291024,96.0439
227.85,0.290892,96.0585
227.9,0.291207,96.073
227.95,0.293388,96.0877
228.0,0.291512,96.1023
228.05,0.295928,96.1171
228.1,0.295725,96.1318
228.15,0.295082,96.1466
228.2,0.298088,96.1615
228.25,0.297745,96.1764
228.3,0.297587,96.1913
228.35,0.296534,96.2061
228.4,0.298731,96.221
228.45,0.299562,96.236
228.5,0.298843,96.251
228.55,0.297625,96.2658
228.6,0.296904,96.2807
228.65,0.296715,96.2955
228.7,0.295292,96.3103
228.75,0.295097,96.325
228.8,0.295517,96.3398
228.85,0.295814,96.3546
228.9,0.299086,96.3696
228.95,0.303827,96.3847
229.0,0.301826,96.3998
229.05,0.297075,96.4147
229.1,0.297197,96.4296
229.15,0.298133,96.4445
229.2,0.296341,96.4593
229.25,0.297938,96.4742
229.3,0.297865,96.4891
229.35,0.29799,96.504
229.4,0.297448,96.5188
229.45,0.297031,96.5337
229.5,0.295759,96.5485
229.55,0.294159,96.5632
229.6,0.293149,96.5778
229.65,0.291519,96.5924
229.7,0.285196,96.6067
229.75,0.287376,96.621
229.8,0.29101,96.6356
229.85,0.291843,96.6502
229.9,0.292351,96.6648
229.95,0.288512,96.6792
230.0,0.290891,96.6938
230.05,0.291006,96.7083
230.1,0.290051,96.7228
230.15,0.288185,96.7372
230.2,0.285348,96.7515
230.25,0.283142,96.7657
230.3,0.278625,96.7796
230.35,0.280315,96.7936
230.4,0.275277,96.8074
230.45,0.284378,96.8216
230.5,0.286622,96.8359
230.55,0.285057,96.8502
230.6,0.283198,96.8643
230.65,0.28436,96.8786
230.7,0.285151,96.8928
230.75,0.282461,96.9069
230.8,0.282541,96.9211
230.85,0.279068,96.935
230.9,0.279056,96.949
230.95,0.275457,96.9627
231.0,0.272436,96.9764
231.05,0.273493,96.99
231.1,0.276239,97.0039
231.15,0.274046,97.0176
231.2,0.276787,97.0314
231.25,0.278972,97.0453
231.3,0.278745,97.0593
231.35,0.276129,97.0731
231.4,0.277458,97.087
231.45,0.280088,97.101
231.5,0.278302,97.1149
231.55,0.277294,97.1287
231.6,0.277917,97.1426
231.65,0.278361,97.1566
231.7,0.286496,97.1709
231.75,0.284903,97.1851
231.8,0.283639,97.1993
231.85,0.284643,97.2135
231.9,0.286071,97.2278
231.95,0.282498,97.242
232.0,0.279419,97.2559
232.05,0.276395,97.2698
232.1,0.275982,97.2836
232.15,0.276433,97.2974
232.2,0.279935,97.3114
232.25,0.272391,97.325
232.3,0.271798,97.3386
232.35,0.272576,97.3522
232.4,0.267463,97.3656
232.45,0.271046,97.3791
232.5,0.264354,97.3924
232.55,0.262286,97.4055
232.6,0.26942,97.4189
232.65,0.272604,97.4326
232.7,0.269363,97.446
232.75,0.273706,97.4597
232.8,0.275648,97.4735
232.85,0.275452,97.4873
232.9,0.274633,97.501
232.95,0.274585,97.5147
233.0,0.278005,97.5286
233.05,0.28193,97.5427
233.1,0.282878,97.5569
233.15,0.280677,97.5709
233.2,0.280723,97.585
233.25,0.283226,97.5991
233.3,0.278052,97.613
233.35,0.280071,97.627
233.4,0.272658,97.6407
233.45,0.276454,97.6545
233.5,0.275446,97.6682
233.55,0.275667,97.682
233.6,0.275344,97.6958
233.65,0.273117,97.7094
233.7,0.27455,97.7232
233.75,0.277164,97.737
233.8,0.276113,97.7508
233.85,0.277397,97.7647
233.9,0.276881,97.7786
233.95,0.277378,97.7924
234.0,0.276505,97.8063
234.05,0.277562,97.8201
234.1,0.277186,97.834
234.15,0.274595,97.8477
234.2,0.274979,97.8615
234.25,0.273131,97.8751
234.3,0.273328,97.8888
234.35,0.273692,97.9025
234.4,0.270759,97.916
234.45,0.265818,97.9293
234.5,0.269046,97.9428
234.55,0.267609,97.9561
234.6,0.268072,97.9695
234.65,0.273237,97.9832
234.7,0.268893,97.9967
234.75,0.269734,98.0101
234.8,0.26942,98.0236
234.85,0.270564,98.0371
234.9,0.270839,98.0507
234.95,0.270217,98.0642
235.0,0.269337,98.0777
235.05,0.268966,98.0911
235.1,0.272137,98.1047
235.15,0.270487,98.1182
235.2,0.270872,98.1318
235.25,0.269278,98.1452
235.3,0.266338,98.1586
235.35,0.267732,98.1719
235.4,0.26673,98.1853
235.45,0.26421,98.1985
235.5,0.262491,98.2116
235.55,0.268795,98.2251
235.6,0.270147,98.2386
235.65,0.270827,98.2521
235.7,0.270935,98.2656
235.75,0.271436,98.2792
235.8,0.27121,98.2928
235.85,0.269187,98.3062
235.9,0.268994,98.3197
235.95,0.270165,98.3332
236.0,0.267675,98.3466
236.05,0.268194,98.36
236.1,0.267466,98.3734
236.15,0.268532,98.3868
236.2,0.264939,98.4
236.25,0.258551,98.413
236.3,0.255825,98.4258
236.35,0.252665,98.4384
236.4,0.253177,98.451
236.45,0.249615,98.4635
236.5,0.251459,98.4761
236.55,0.249799,98.4886
236.6,0.250766,98.5011
236.65,0.247227,98.5135
236.7,0.249007,98.5259
236.75,0.246346,98.5383
236.8,0.243053,98.5504
236.85,0.24338,98.5626
236.9,0.247132,98.5749
236.95,0.248817,98.5874
237.0,0.247148,98.5997
237.05,0.252653,98.6124
237.1,0.2533,98.625
237.15,0.257635,98.6379
237.2,0.256639,98.6507
237.25,0.256186,98.6636
237.3,0.259206,98.6765
237.35,0.255628,98.6893
237.4,0.254734,98.702
237.45,0.25495,98.7148
237.5,0.25478,98.7275
237.55,0.254775,98.7403
237.6,0.255173,98.753
237.65,0.255176,98.7658
237.7,0.254094,98.7785
237.75,0.25312,98.7911
237.8,0.252607,98.8038
237.85,0.261236,98.8168
237.9,0.262342,98.8299
237.95,0.264476,98.8432
238.0,0.264357,98.8564
238.05,0.264307,98.8696
238.1,0.263049,98.8828
238.15,0.262015,98.8959
238.2,0.262803,98.909
238.25,0.263275,98.9222
238.3,0.26412,98.9354
238.35,0.265203,98.9486
238.4,0.265124,98.9619
238.45,0.263549,98.9751
238.5,0.263747,98.9883
238.55,0.266153,99.0016
238.6,0.266115,99.0149
238.65,0.266375,99.0282
238.7,0.267634,99.0416
238.75,0.264991,99.0548
238.8,0.261464,99.0679
238.85,0.2596,99.0809
238.9,0.258667,99.0938
238.95,0.257498,99.1067
239.0,0.255732,99.1195
239.05,0.254131,99.1322
239.1,0.257039,99.145
239.15,0.255658,99.1578
239.2,0.25657,99.1706
239.25,0.245767,99.1829
239.3,0.233742,99.1946
239.35,0.23591,99.2064
239.4,0.246138,99.2187
239.45,0.244852,99.231
239.5,0.250459,99.2435
239.55,0.251616,99.2561
239.6,0.249441,99.2685
239.65,0.252685,99.2812
239.7,0.254404,99.2939
239.75,0.255407,99.3067
239.8,0.255896,99.3195
239.85,0.257277,99.3323
239.9,0.259204,99.3453
239.95,0.259864,99.3583
240.0,0.25928,99.3712
240.05,0.25839,99.3841
240.1,0.259781,99.3971
240.15,0.257945,99.41
240.2,0.257081,99.4229
240.25,0.258183,99.4358
240.3,0.257211,99.4487
240.35,0.25752,99.4615
240.4,0.259053,99.4745
240.45,0.257462,99.4874
240.5,0.256639,99.5002
240.55,0.251297,99.5128
240.6,0.255553,99.5255
240.65,0.25394,99.5382
240.7,0.250311,99.5508
240.75,0.252865,99.5634
240.8,0.252898,99.576
240.85,0.255385,99.5888
240.9,0.251855,99.6014
240.95,0.252289,99.614
241.0,0.252261,99.6266
241.05,0.255325,99.6394
241.1,0.254068,99.6521
241.15,0.25769,99.665
241.2,0.258833,99.6779
241.25,0.259303,99.6909
241.3,0.259535,99.7039
241.35,0.259132,99.7168
241.4,0.257535,99.7297
241.45,0.258986,99.7426
241.5,0.258878,99.7556
241.55,0.257143,99.7684
241.6,0.255022,99.7812
241.65,0.253111,99.7939
241.7,0.253935,99.8065
241.75,0.255421,99.8193
241.8,0.255808,99.8321
241.85,0.256952,99.845
241.9,0.255852,99.8577
241.95,0.254257,99.8705
242.0,0.253583,99.8831
242.05,0.253791,99.8958
242.1,0.251864,99.9084
242.15,0.251242,99.921
242.2,0.248697,99.9334
242.25,0.245764,99.9457
242.3,0.244086,99.9579
242.35,0.242846,99.9701
242.4,0.245197,99.9823
242.45,0.245475,99.9946
242.5,0.244047,100.007
242.55,0.247894,100.019
242.6,0.246266,100.032
242.65,0.243992,100.044
242.7,0.24176,100.056
242.75,0.245511,100.068
242.8,0.245538,100.08
242.85,0.247854,100.093
242.9,0.24445,100.105
242.95,0.239985,100.117
243.0,0.230781,100.128
243.05,0.233685,100.14
243.1,0.233904,100.152
243.15,0.231537,100.163
243.2,0.234027,100.175
243.25,0.237366,100.187
243.3,0.24131,100.199
243.35,0.244566,100.211
243.4,0.239809,100.223
243.45,0.239531,100.235
243.5,0.243701,100.247
243.55,0.245696,100.26
243.6,0.249541,100.272
243.65,0.249186,100.285
243.7,0.253441,100.297
243.75,0.256973,100.31
243.8,0.256567,100.323
243.85,0.242857,100.335
243.9,0.237455,100.347
243.95,0.233252,100.359
244.0,0.230141,100.37
244.05,0.23108,100.382
244.1,0.233846,100.393
244.15,0.237473,100.405
244.2,0.239231,100.417
244.25,0.241061,100.429
244.3,0.243623,100.442
244.35,0.242823,100.454
244.4,0.244057,100.466
244.45,0.246941,100.478
244.5,0.247054,100.491
244.55,0.247427,100.503
244.6,0.247299,100.515
244.65,0.24529,100.528
244.7,0.242338,100.54
244.75,0.234374,100.551
244.8,0.233364,100.563
244.85,0.238688,100.575
244.9,0.237968,100.587
244.95,0.239881,100.599
245.0,0.230393,100.61
245.05,0.237185,100.622
245.1,0.245496,100.635
245.15,0.215738,100.645
245.2,0.236211,100.657
245.25,0.231889,100.669
245.3,0.236123,100.681
245.35,0.23033,100.692
245.4,0.230997,100.704
245.45,0.228018,100.715
245.5,0.229557,100.727
245.55,0.227929,100.738
245.6,0.229572,100.749
245.65,0.234415,100.761
245.7,0.233783,100.773
245.75,0.240364,100.785
245.8,0.242291,100.797
245.85,0.252889,100.81
245.9,0.257505,100.822
245.95,0.256598,100.835
246.0,0.254711,100.848
246.05,0.252521,100.861
246.1,0.250524,100.873
246.15,0.251433,100.886
246.2,0.252435,100.898
246.25,0.253755,100.911
246.3,0.252739,100.924
246.35,0.249737,100.936
246.4,0.250451,100.949
246.45,0.250893,100.961
246.5,0.249509,100.974
246.55,0.248783,100.986
246.6,0.249063,100.999
246.65,0.253889,101.011
246.7,0.251623,101.024
246.75,0.250007,101.036
246.8,0.251269,101.049
246.85,0.251855,101.062
246.9,0.252932,101.074
246.95,0.253246,101.087
247.0,0.253875,101.1
247.05,0.255369,101.112
247.1,0.25502,101.125
247.15,0.25439,101.138
247.2,0.247157,101.15
247.25,0.244794,101.162
247.3,0.245511,101.175
247.35,0.245468,101.187
247.4,0.251047,101.199
247.45,0.252022,101.212
247.5,0.253047,101.225
247.55,0.252301,101.237
247.6,0.252884,101.25
247.65,0.25078,101.263
247.7,0.253064,101.275
247.75,0.252918,101.288
247.8,0.246537,101.3
247.85,0.241949,101.312
247.9,0.242757,101.324
247.95,0.244774,101.337
248.0,0.246778,101.349
248.05,0.246164,101.361
248.1,0.239906,101.373
248.15,0.231788,101.385
248.2,0.234229,101.397
248.25,0.237127,101.408
248.3,0.238712,101.42
248.35,0.2396,101.432
248.4,0.23659,101.444
248.45,0.236432,101.456
248.5,0.234886,101.468
248.55,0.234955,101.479
248.6,0.238697,101.491
248.65,0.237506,101.503
248.7,0.241097,101.515
248.75,0.24549,101.528
248.8,0.249947,101.54
248.85,0.251115,101.553
248.9,0.245726,101.565
248.95,0.248514,101.577
249.0,0.252743,101.59
249.05,0.252694,101.603
249.1,0.255675,101.615
249.15,0.253873,101.628
249.2,0.25119,101.641
249.25,0.249571,101.653
249.3,0.250509,101.666
249.35,0.25077,101.678
249.4,0.251291,101.691
249.45,0.252347,101.703
249.5,0.251536,101.716
249.55,0.251514,101.729
249.6,0.253933,101.741
249.65,0.255208,101.754
249.7,0.25364,101.767
249.75,0.25282,101.779
249.8,0.252864,101.792
249.85,0.252266,101.805
249.9,0.250407,101.817
249.95,0.249102,101.83
250.0,0.251193,101.842
250.05,0.24666,101.854
250.1,0.247752,101.867
250.15,0.245603,101.879
250.2,0.24495,101.891
250.25,0.248535,101.904
250.3,0.249822,101.916
250.35,0.248876,101.929
250.4,0.250909,101.941
250.45,0.251357,101.954
250.5,0.252517,101.966
250.55,0.25287,101.979
250.6,0.250227,101.992
250.65,0.249861,102.004
250.7,0.249344,102.017
250.75,0.248233,102.029
250.8,0.246736,102.041
250.85,0.242579,102.053
250.9,0.237572,102.065
250.95,0.240216,102.077
251.0,0.23724,102.089
251.05,0.236119,102.101
251.1,0.235298,102.113
251.15,0.233931,102.125
251.2,0.236182,102.136
251.25,0.233431,102.148
251.3,0.234962,102.16
251.35,0.235386,102.172
251.4,0.235389,102.183
251.45,0.238053,102.195
251.5,0.235432,102.207
251.55,0.232731,102.219
251.6,0.22574,102.23
251.65,0.226819,102.241
251.7,0.22936,102.253
251.75,0.228515,102.264
251.8,0.230811,102.276
251.85,0.230863,102.287
251.9,0.236785,102.299
251.95,0.239237,102.311
252.0,0.23886,102.323
252.05,0.227634,102.334
252.1,0.225446,102.346
252.15,0.225145,102.357
252.2,0.23213,102.368
252.25,0.23201,102.38
252.3,0.230595,102.392
252.35,0.231889,102.403
252.4,0.222422,102.414
252.45,0.225495,102.426
252.5,0.229822,102.437
252.55,0.232196,102.449
252.6,0.235125,102.46
252.65,0.239146,102.472
252.7,0.226436,102.484
252.75,0.219376,102.495
252.8,0.219141,102.506
252.85,0.209003,102.516
252.9,0.216559,102.527
252.95,0.232423,102.539
253.0,0.230941,102.55
253.05,0.23182,102.562
253.1,0.226282,102.573
253.15,0.234742,102.585
253.2,0.222534,102.596
253.25,0.223799,102.607
253.3,0.216718,102.618
253.35,0.231,102.629
253.4,0.22835,102.641
253.45,0.224382,102.652
253.5,0.209884,102.663
253.55,0.224855,102.674
253.6,0.234696,102.686
253.65,0.24107,102.698
253.7,0.241526,102.71
253.75,0.239941,102.722
253.8,0.225977,102.733
253.85,0.22136,102.744
253.9,0.223249,102.755
253.95,0.222969,102.766
254.0,0.215527,102.777
254.05,0.208488,102.788
254.1,0.216098,102.798
254.15,0.220807,102.809
254.2,0.225556,102.821
254.25,0.22827,102.832
254.3,0.226625,102.843
254.35,0.229885,102.855
254.4,0.226294,102.866
254.45,0.22475,102.877
254.5,0.226006,102.889
254.55,0.220934,102.9
254.6,0.222559,102.911
254.65,0.221882,102.922
254.7,0.225178,102.933
254.75,0.223332,102.944
254.8,0.222873,102.956
254.85,0.223388,102.967
254.9,0.220123,102.978
254.95,0.222448,102.989
255.0,0.222331,103.0
255.05,0.220426,103.011
255.1,0.220964,103.022
255.15,0.222725,103.033
255.2,0.222507,103.044
255.25,0.220428,103.055
255.3,0.215752,103.066
255.35,0.218307,103.077
255.4,0.219586,103.088
255.45,0.223567,103.099
255.5,0.218897,103.11
255.55,0.214427,103.121
255.6,0.211899,103.131
255.65,0.211806,103.142
255.7,0.220762,103.153
255.75,0.212482,103.164
255.8,0.208513,103.174
255.85,0.212803,103.185
255.9,0.212043,103.195
255.95,0.208269,103.206
256.0,0.206462,103.216
256.05,0.205111,103.226
256.1,0.207274,103.237
256.15,0.208358,103.247
256.2,0.209864,103.258
256.25,0.210063,103.268
256.3,0.20844,103.279
256.35,0.208038,103.289
256.4,0.204814,103.299
256.45,0.20342,103.309
256.5,0.197352,103.319
256.55,0.197926,103.329
256.6,0.197728,103.339
256.65,0.202717,103.349
256.7,0.214214,103.36
256.75,0.219179,103.371
256.8,0.210032,103.381
256.85,0.213577,103.392
256.9,0.217857,103.403
256.95,0.216459,103.414
257.0,0.218946,103.425
257.05,0.224259,103.436
257.1,0.22279,103.447
257.15,0.223587,103.458
257.2,0.223055,103.469
257.25,0.224661,103.481
257.3,0.232801,103.492
257.35,0.232518,103.504
257.4,0.233022,103.516
257.45,0.227265,103.527
257.5,0.225386,103.538
257.55,0.228025,103.55
257.6,0.229993,103.561
257.65,0.229441,103.573
257.7,0.2287,103.584
257.75,0.230311,103.596
257.8,0.233998,103.607
257.85,0.233972,103.619
257.9,0.229902,103.63
257.95,0.224943,103.642
258.0,0.225134,103.653
258.05,0.221038,103.664
258.1,0.217387,103.675
258.15,0.218342,103.686
258.2,0.219427,103.697
258.25,0.223266,103.708
258.3,0.218572,103.719
258.35,0.2211,103.73
258.4,0.219849,103.741
258.45,0.21952,103.752
258.5,0.219787,103.763
258.55,0.217096,103.774
258.6,0.216412,103.784
258.65,0.213042,103.795
258.7,0.213197,103.806
258.75,0.212865,103.816
258.8,0.212624,103.827
258.85,0.214628,103.838
258.9,0.215089,103.849
258.95,0.215299,103.859
259.0,0.216021,103.87
259.05,0.212947,103.881
259.1,0.210296,103.891
259.15,0.213618,103.902
259.2,0.216775,103.913
259.25,0.219317,103.924
259.3,0.217885,103.935
259.35,0.218494,103.946
259.4,0.22652,103.957
259.45,0.233752,103.969
259.5,0.231735,103.98
259.55,0.236453,103.992
259.6,0.237222,104.004
259.65,0.235271,104.016
259.7,0.229883,104.027
259.75,0.224946,104.038
259.8,0.223331,104.05
259.85,0.221812,104.061
259.9,0.218434,104.072
259.95,0.217567,104.082
260.0,0.215779,104.093
260.05,0.21728,104.104
260.1,0.22475,104.115
260.15,0.22755,104.127
260.2,0.229221,104.138
260.25,0.228893,104.15
260.3,0.220234,104.161
260.35,0.228998,104.172
260.4,0.237959,104.184
260.45,0.242055,104.196
260.5,0.242971,104.208
260.55,0.23829,104.22
260.6,0.2391,104.232
260.65,0.24051,104.244
260.7,0.235573,104.256
260.75,0.231475,104.267
260.8,0.231534,104.279
260.85,0.232791,104.291
260.9,0.232242,104.302
260.95,0.232143,104.314
261.0,0.230581,104.325
261.05,0.232512,104.337
261.1,0.230656,104.349
261.15,0.231778,104.36
261.2,0.234853,104.372
261.25,0.235358,104.384
261.3,0.230955,104.395
261.35,0.230653,104.407
261.4,0.219166,104.418
261.45,0.214572,104.428
261.5,0.216728,104.439
261.55,0.216699,104.45
261.6,0.219858,104.461
261.65,0.220659,104.472
261.7,0.220725,104.483
261.75,0.22188,104.494
261.8,0.219921,104.505
261.85,0.218203,104.516
261.9,0.221189,104.527
261.95,0.221224,104.538
262.0,0.218148,104.549
262.05,0.218298,104.56
262.1,0.205362,104.57
262.15,0.215515,104.581
262.2,0.205393,104.591
262.25,0.221913,104.603
262.3,0.200669,104.613
262.35,0.209121,104.623
262.4,0.216418,104.634
262.45,0.218251,104.645
262.5,0.219603,104.656
262.55,0.208813,104.666
262.6,0.200033,104.676
262.65,0.205449,104.686
262.7,0.215744,104.697
262.75,0.22101,104.708
262.8,0.217017,104.719
262.85,0.213632,104.73
262.9,0.210986,104.74
262.95,0.217682,104.751
263.0,0.215358,104.762
263.05,0.217026,104.773
263.1,0.219039,104.784
263.15,0.221226,104.795
263.2,0.220257,104.806
263.25,0.221887,104.817
263.3,0.219766,104.828
263.35,0.212486,104.839
263.4,0.225656,104.85
263.45,0.220647,104.861
263.5,0.219263,104.872
263.55,0.226373,104.883
263.6,0.226997,104.895
263.65,0.22058,104.906
263.7,0.221486,104.917
263.75,0.22559,104.928
263.8,0.231433,104.94
263.85,0.221618,104.951
263.9,0.228779,104.962
263.95,0.235176,104.974
264.0,0.237372,104.986
264.05,0.244614,104.998
264.1,0.240171,105.01
264.15,0.238618,105.022
264.2,0.23426,105.034
264.25,0.237428,105.045
264.3,0.227094,105.057
264.35,0.22698,105.068
264.4,0.227141,105.079
264.45,0.225224,105.091
264.5,0.222823,105.102
264.55,0.23126,105.113
264.6,0.233491,105.125
264.65,0.234472,105.137
264.7,0.239286,105.149
264.75,0.239204,105.161
264.8,0.23246,105.172
264.85,0.230334,105.184
264.9,0.230773,105.195
264.95,0.237014,105.207
265.0,0.234344,105.219
265.05,0.236863,105.231
265.1,0.233123,105.243
265.15,0.231435,105.254
265.2,0.240559,105.266
265.25,0.240802,105.278
265.3,0.240297,105.29
265.35,0.233908,105.302
265.4,0.23542,105.314
265.45,0.244054,105.326
265.5,0.23822,105.338
265.55,0.236561,105.35
265.6,0.236389,105.361
265.65,0.24163,105.373
265.7,0.239399,105.385
265.75,0.238483,105.397
265.8,0.241267,105.409
265.85,0.242044,105.422
265.9,0.239258,105.434
265.95,0.243444,105.446
266.0,0.24362,105.458
266.05,0.24473,105.47
266.1,0.247325,105.482
266.15,0.248476,105.495
266.2,0.244846,105.507
266.25,0.246598,105.519
266.3,0.246676,105.532
266.35,0.248169,105.544
266.4,0.250041,105.557
266.45,0.251478,105.569
266.5,0.2527,105.582
266.55,0.240604,105.594
266.6,0.23899,105.606
266.65,0.238539,105.618
266.7,0.243399,105.63
266.75,0.242936,105.642
266.8,0.238482,105.654
266.85,0.239953,105.666
266.9,0.234338,105.678
266.95,0.240206,105.69
267.0,0.235326,105.702
267.05,0.238324,105.713
267.1,0.240365,105.725
267.15,0.237532,105.737
267.2,0.236767,105.749
267.25,0.23548,105.761
267.3,0.241491,105.773
267.35,0.240236,105.785
267.4,0.237855,105.797
267.45,0.238064,105.809
267.5,0.240767,105.821
267.55,0.245658,105.833
267.6,0.251538,105.846
267.65,0.259115,105.859
267.7,0.255558,105.871
267.75,0.252244,105.884
267.8,0.247894,105.896
267.85,0.245779,105.909
267.9,0.245983,105.921
267.95,0.244388,105.933
268.0,0.240737,105.945
268.05,0.235866,105.957
268.1,0.222024,105.968
268.15,0.21453,105.979
268.2,0.221327,105.99
268.25,0.228822,106.001
268.3,0.223458,106.013
268.35,0.217674,106.024
268.4,0.220005,106.035
268.45,0.207241,106.045
268.5,0.211068,106.055
268.55,0.206712,106.066
268.6,0.199314,106.076
268.65,0.196147,106.086
268.7,0.230125,106.097
268.75,0.219987,106.108
268.8,0.222582,106.119
268.85,0.21596,106.13
268.9,0.22532,106.141
268.95,0.227808,106.153
269.0,0.227117,106.164
269.05,0.236038,106.176
269.1,0.236046,106.188
269.15,0.236207,106.199
269.2,0.235283,106.211
269.25,0.231861,106.223
269.3,0.23808,106.235
269.35,0.237049,106.247
269.4,0.239795,106.259
269.45,0.235952,106.27
269.5,0.237576,106.282
269.55,0.240492,106.294
269.6,0.242337,106.306
269.65,0.236514,106.318
269.7,0.239768,106.33
269.75,0.236943,106.342
269.8,0.248441,106.354
269.85,0.247066,106.367
269.9,0.244325,106.379
269.95,0.246928,106.391
270.0,0.250874,106.404
270.05,0.252416,106.416
270.1,0.25926,106.429
270.15,0.25694,106.442
270.2,0.252206,106.455
270.25,0.24545,106.467
270.3,0.245142,106.479
270.35,0.244548,106.492
270.4,0.254729,106.504
270.45,0.250282,106.517
270.5,0.248878,106.529
270.55,0.253665,106.542
270.6,0.248833,106.554
270.65,0.245922,106.567
270.7,0.25121,106.579
270.75,0.249685,106.592
270.8,0.250505,106.604
270.85,0.249785,106.617
270.9,0.250151,106.629
270.95,0.247908,106.642
271.0,0.246794,106.654
271.05,0.248746,106.667
271.1,0.24849,106.679
271.15,0.245839,106.691
271.2,0.246173,106.704
271.25,0.246223,106.716
271.3,0.24432,106.728
271.35,0.247325,106.74
271.4,0.245501,106.753
271.45,0.245754,106.765
271.5,0.242938,106.777
271.55,0.241297,106.789
271.6,0.235538,106.801
271.65,0.229362,106.812
271.7,0.234143,106.824
271.75,0.233242,106.836
271.8,0.238088,106.848
271.85,0.240065,106.86
271.9,0.235547,106.872
271.95,0.228229,106.883
272.0,0.224906,106.894
272.05,0.224632,106.905
272.1,0.225795,106.917
272.15,0.238145,106.929
272.2,0.237912,106.94
272.25,0.245079,106.953
272.3,0.248255,106.965
272.35,0.251211,106.978
272.4,0.249853,106.99
272.45,0.246629,107.003
272.5,0.242295,107.015
272.55,0.249914,107.027
272.6,0.246209,107.039
272.65,0.258302,107.052
272.7,0.254617,107.065
272.75,0.251023,107.078
272.8,0.248059,107.09
272.85,0.256367,107.103
272.9,0.256104,107.116
272.95,0.2557,107.128
273.0,0.253488,107.141
273.05,0.250337,107.154
273.1,0.246845,107.166
273.15,0.248949,107.178
273.2,0.249807,107.191
273.25,0.252584,107.204
273.3,0.25001,107.216
273.35,0.252239,107.229
273.4,0.252855,107.241
273.45,0.251528,107.254
273.5,0.250932,107.266
273.55,0.249607,107.279
273.6,0.244892,107.291
273.65,0.246196,107.303
273.7,0.249685,107.316
273.75,0.247279,107.328
273.8,0.247634,107.341
273.85,0.245871,107.353
273.9,0.247197,107.365
273.95,0.238701,107.377
274.0,0.243101,107.389
274.05,0.246597,107.402
274.1,0.255532,107.415
274.15,0.250408,107.427
274.2,0.251946,107.44
274.25,0.253557,107.452
274.3,0.250048,107.465
274.35,0.247563,107.477
274.4,0.239655,107.489
274.45,0.246294,107.502
274.5,0.23837,107.513
274.55,0.238811,107.525
274.6,0.241083,107.537
274.65,0.242367,107.55
274.7,0.249663,107.562
274.75,0.242759,107.574
274.8,0.24841,107.587
274.85,0.250469,107.599
274.9,0.250787,107.612
274.95,0.250002,107.624
275.0,0.232642,107.636
275.05,0.239322,107.648
275.1,0.237755,107.66
275.15,0.23739,107.672
275.2,0.24025,107.684
275.25,0.238664,107.695
275.3,0.240448,107.708
275.35,0.241071,107.72
275.4,0.239438,107.732
275.45,0.236797,107.743
275.5,0.238229,107.755
275.55,0.244422,107.768
275.6,0.244123,107.78
275.65,0.242272,107.792
275.7,0.237497,107.804
275.75,0.234745,107.815
275.8,0.23593,107.827
275.85,0.236024,107.839
275.9,0.237014,107.851
275.95,0.241883,107.863
276.0,0.24345,107.875
276.05,0.242297,107.887
276.1,0.249099,107.9
276.15,0.250467,107.912
276.2,0.252514,107.925
276.25,0.249202,107.937
276.3,0.242831,107.949
276.35,0.241828,107.962
276.4,0.240408,107.974
276.45,0.240174,107.986
276.5,0.239123,107.998
276.55,0.232594,108.009
276.6,0.234459,108.021
276.65,0.228618,108.032
276.7,0.229773,108.044
276.75,0.226399,108.055
276.8,0.225783,108.066
276.85,0.238069,108.078
276.9,0.239926,108.09
276.95,0.244575,108.103
277.0,0.240014,108.115
277.05,0.237383,108.126
277.1,0.244052,108.139
277.15,0.239825,108.151
277.2,0.233581,108.162
277.25,0.228045,108.174
277.3,0.229647,108.185
277.35,0.229409,108.197
277.4,0.235562,108.208
277.45,0.230458,108.22
277.5,0.231051,108.232
277.55,0.237046,108.243
277.6,0.240612,108.255
277.65,0.238988,108.267
277.7,0.232575,108.279
277.75,0.233463,108.291
277.8,0.238569,108.303
277.85,0.240276,108.315
277.9,0.246708,108.327
277.95,0.228362,108.338
278.0,0.224924,108.35
278.05,0.238739,108.362
278.1,0.235644,108.373
278.15,0.231694,108.385
278.2,0.240588,108.397
278.25,0.243268,108.409
278.3,0.240572,108.421
278.35,0.24623,108.433
278.4,0.24021,108.445
278.45,0.24555,108.458
278.5,0.24126,108.47
278.55,0.241312,108.482
278.6,0.251427,108.494
278.65,0.248185,108.507
278.7,0.248208,108.519
278.75,0.255219,108.532
278.8,0.244896,108.544
278.85,0.241653,108.556
278.9,0.237943,108.568
278.95,0.23339,108.58
279.0,0.236099,108.592
279.05,0.235322,108.603
279.1,0.240627,108.615
279.15,0.240598,108.628
279.2,0.228324,108.639
279.25,0.23019,108.65
279.3,0.235091,108.662
279.35,0.231831,108.674
279.4,0.230779,108.685
279.45,0.230102,108.697
279.5,0.222522,108.708
279.55,0.225788,108.719
279.6,0.230902,108.731
279.65,0.236207,108.743
279.7,0.24049,108.755
279.75,0.235188,108.766
279.8,0.236674,108.778
279.85,0.23727,108.79
279.9,0.235639,108.802
279.95,0.242684,108.814
280.0,0.246373,108.826
280.05,0.24543,108.839
280.1,0.245221,108.851
280.15,0.244331,108.863
280.2,0.242386,108.875
280.25,0.236163,108.887
280.3,0.232909,108.899
280.35,0.233455,108.91
280.4,0.236885,108.922
280.45,0.238019,108.934
280.5,0.238971,108.946
280.55,0.239591,108.958
280.6,0.240491,108.97
280.65,0.243692,108.982
280.7,0.24181,108.994
280.75,0.240502,109.006
280.8,0.240872,109.018
280.85,0.238483,109.03
280.9,0.239354,109.042
280.95,0.240417,109.054
281.0,0.240896,109.066
281.05,0.237669,109.078
281.1,0.241236,109.09
281.15,0.240169,109.102
281.2,0.241966,109.114
281.25,0.236564,109.126
281.3,0.236081,109.138
281.35,0.235101,109.15
281.4,0.241364,109.162
281.45,0.24383,109.174
281.5,0.24126,109.186
281.55,0.247696,109.198
281.6,0.24153,109.211
281.65,0.246631,109.223
281.7,0.247956,109.235
281.75,0.24596,109.248
281.8,0.243851,109.26
281.85,0.242843,109.272
281.9,0.246648,109.284
281.95,0.244884,109.296
282.0,0.234774,109.308
282.05,0.235597,109.32
282.1,0.233373,109.332
282.15,0.225249,109.343
282.2,0.226834,109.354
282.25,0.230374,109.366
282.3,0.238633,109.378
282.35,0.238233,109.39
282.4,0.242013,109.402
282.45,0.240407,109.414
282.5,0.246552,109.426
282.55,0.242145,109.438
282.6,0.2467,109.451
282.65,0.24127,109.463
282.7,0.234628,109.474
282.75,0.233654,109.486
282.8,0.233579,109.498
282.85,0.230735,109.509
282.9,0.228305,109.521
282.95,0.229461,109.532
283.0,0.221997,109.543
283.05,0.216194,109.554
283.1,0.230169,109.566
283.15,0.228029,109.577
283.2,0.235819,109.589
283.25,0.232413,109.6
283.3,0.237495,109.612
283.35,0.230916,109.624
283.4,0.238306,109.636
283.45,0.236768,109.648
283.5,0.242004,109.66
283.55,0.245373,109.672
283.6,0.240165,109.684
283.65,0.237787,109.696
283.7,0.233192,109.707
283.75,0.231553,109.719
283.8,0.231631,109.731
283.85,0.228387,109.742
283.9,0.230162,109.754
283.95,0.231996,109.765
284.0,0.229756,109.777
284.05,0.239994,109.789
284.1,0.246723,109.801
284.15,0.246483,109.813
284.2,0.242415,109.825
284.25,0.236487,109.837
284.3,0.235751,109.849
284.35,0.233751,109.861
284.4,0.230739,109.872
284.45,0.236189,109.884
284.5,0.233555,109.896
284.55,0.235468,109.907
284.6,0.235007,109.919
284.65,0.234293,109.931
284.7,0.237882,109.943
284.75,0.240569,109.955
284.8,0.240645,109.967
284.85,0.245203,109.979
284.9,0.239784,109.991
284.95,0.233313,110.003
285.0,0.2334,110.014
285.05,0.232119,110.026
285.1,0.244121,110.038
285.15,0.240595,110.05
285.2,0.244127,110.063
285.25,0.240584,110.075
285.3,0.240097,110.087
285.35,0.241584,110.099
285.4,0.246738,110.111
285.45,0.246506,110.123
285.5,0.249021,110.136
285.55,0.247439,110.148
285.6,0.247988,110.161
285.65,0.242062,110.173
285.7,0.234006,110.184
285.75,0.2261,110.196
285.8,0.220688,110.207
285.85,0.237021,110.219
285.9,0.245239,110.231
285.95,0.229807,110.242
286.0,0.230449,110.254
286.05,0.234017,110.266
286.1,0.232736,110.277
286.15,0.231089,110.289
286.2,0.227904,110.3
286.25,0.222316,110.311
286.3,0.224049,110.322
286.35,0.225699,110.334
286.4,0.231492,110.345
286.45,0.216719,110.356
286.5,0.204704,110.366
286.55,0.227946,110.378
286.6,0.23552,110.39
286.65,0.231024,110.401
286.7,0.224529,110.412
286.75,0.219684,110.423
286.8,0.216317,110.434
286.85,0.215803,110.445
286.9,0.212656,110.456
286.95,0.21236,110.466
287.0,0.218906,110.477
287.05,0.218814,110.488
287.1,0.220697,110.499
287.15,0.221164,110.51
287.2,0.221439,110.521
287.25,0.22421,110.532
287.3,0.225366,110.544
287.35,0.224805,110.555
287.4,0.234229,110.567
287.45,0.239133,110.579
287.5,0.234556,110.59
287.55,0.226057,110.602
287.6,0.215125,110.612
287.65,0.219961,110.623
287.7,0.224195,110.635
287.75,0.227552,110.646
287.8,0.21339,110.657
287.85,0.21028,110.667
287.9,0.228844,110.679
287.95,0.238158,110.69
288.0,0.226223,110.702
288.05,0.226761,110.713
288.1,0.228739,110.725
288.15,0.24039,110.737
288.2,0.238112,110.748
288.25,0.234298,110.76
288.3,0.236342,110.772
288.35,0.230181,110.784
288.4,0.22752,110.795
288.45,0.227781,110.806
288.5,0.230891,110.818
288.55,0.226824,110.829
288.6,0.225806,110.84
288.65,0.227317,110.852
288.7,0.225767,110.863
288.75,0.223797,110.874
288.8,0.230683,110.886
288.85,0.233659,110.898
288.9,0.235188,110.909
288.95,0.232342,110.921
289.0,0.231475,110.932
289.05,0.230547,110.944
289.1,0.231308,110.956
289.15,0.234118,110.967
289.2,0.231762,110.979
289.25,0.22358,110.99
289.3,0.226482,111.001
289.35,0.230921,111.013
289.4,0.231682,111.024
289.45,0.239656,111.036
289.5,0.236159,111.048
289.55,0.239106,111.06
289.6,0.242709,111.072
289.65,0.23753,111.084
289.7,0.248276,111.097
289.75,0.251834,111.109
289.8,0.25042,111.122
289.85,0.250204,111.134
289.9,0.251024,111.147
289.95,0.250714,111.159
290.0,0.24775,111.172
290.05,0.247672,111.184
290.1,0.246209,111.196
290.15,0.24504,111.209
290.2,0.241798,111.221
290.25,0.233816,111.232
290.3,0.235147,111.244
290.35,0.240513,111.256
290.4,0.2417,111.268
290.45,0.241439,111.28
290.5,0.233994,111.292
290.55,0.235052,111.304
290.6,0.232651,111.316
290.65,0.230187,111.327
290.7,0.228763,111.338
290.75,0.245536,111.351
290.8,0.244803,111.363
290.85,0.243003,111.375
290.9,0.243828,111.387
290.95,0.243471,111.399
291.0,0.241295,111.412
291.05,0.238398,111.423
291.1,0.238262,111.435
291.15,0.236525,111.447
291.2,0.233887,111.459
291.25,0.232629,111.471
291.3,0.231093,111.482
291.35,0.230498,111.494
291.4,0.230822,111.505
291.45,0.230882,111.517
291.5,0.228275,111.528
291.55,0.227837,111.54
291.6,0.228186,111.551
291.65,0.226437,111.562
291.7,0.228542,111.574
291.75,0.229581,111.585
291.8,0.233605,111.597
291.85,0.226113,111.608
291.9,0.220784,111.619
291.95,0.217252,111.63
292.0,0.217413,111.641
292.05,0.229342,111.652
292.1,0.223537,111.664
292.15,0.223921,111.675
292.2,0.223459,111.686
292.25,0.22588,111.697
292.3,0.232719,111.709
292.35,0.228999,111.72
292.4,0.217967,111.731
292.45,0.227248,111.743
292.5,0.232072,111.754
292.55,0.232429,111.766
292.6,0.226711,111.777
292.65,0.222535,111.788
292.7,0.222681,111.799
292.75,0.226035,111.811
292.8,0.233391,111.822
292.85,0.235141,111.834
292.9,0.240128,111.846
292.95,0.239905,111.858
293.0,0.240497,111.87
293.05,0.239568,111.882
293.1,0.237121,111.894
293.15,0.237019,111.906
293.2,0.234574,111.918
293.25,0.234636,111.929
293.3,0.238905,111.941
293.35,0.239936,111.953
293.4,0.241013,111.965
293.45,0.229165,111.977
293.5,0.229015,111.988
293.55,0.230671,112.0
293.6,0.236745,112.012
293.65,0.23459,112.023
293.7,0.235786,112.035
293.75,0.226181,112.046
293.8,0.23055,112.058
293.85,0.225662,112.069
293.9,0.22039,112.08
293.95,0.213156,112.091
294.0,0.213789,112.102
294.05,0.213358,112.112
294.1,0.21858,112.123
294.15,0.223852,112.134
294.2,0.223948,112.146
294.25,0.222513,112.157
294.3,0.224719,112.168
294.35,0.221684,112.179
294.4,0.220407,112.19
294.45,0.220479,112.201
294.5,0.216394,112.212
294.55,0.218587,112.223
294.6,0.227902,112.234
294.65,0.230033,112.246
294.7,0.225727,112.257
294.75,0.227713,112.268
294.8,0.225814,112.28
294.85,0.223583,112.291
294.9,0.222042,112.302
294.95,0.221963,112.313
295.0,0.217664,112.324
295.05,0.223642,112.335
295.1,0.212994,112.346
295.15,0.20141,112.356
295.2,0.20824,112.366
295.25,0.203069,112.376
295.3,0.21103,112.387
295.35,0.200907,112.397
295.4,0.207404,112.407
295.45,0.217943,112.418
295.5,0.224272,112.429
295.55,0.208183,112.44
295.6,0.201722,112.45
295.65,0.202945,112.46
295.7,0.204975,112.47
295.75,0.20924,112.481
295.8,0.212353,112.491
295.85,0.213204,112.502
295.9,0.217304,112.513
295.95,0.215398,112.524
296.0,0.213165,112.534
296.05,0.212256,112.545
296.1,0.207574,112.555
296.15,0.200921,112.565
296.2,0.195055,112.575
296.25,0.200389,112.585
296.3,0.208675,112.596
296.35,0.211561,112.606
296.4,0.212504,112.617
296.45,0.215932,112.628
296.5,0.216371,112.638
296.55,0.213772,112.649
296.6,0.21526,112.66
296.65,0.204783,112.67
296.7,0.23273,112.682
296.75,0.225347,112.693
296.8,0.220874,112.704
296.85,0.210397,112.715
296.9,0.196691,112.724
296.95,0.174824,112.733
297.0,0.216992,112.744
297.05,0.241609,112.756
297.1,0.229926,112.768
297.15,0.221904,112.779
297.2,0.210054,112.789
297.25,0.201334,112.799
297.3,0.221544,112.81
297.35,0.215804,112.821
297.4,0.219228,112.832
297.45,0.215548,112.843
297.5,0.220641,112.854
297.55,0.221884,112.865
297.6,0.186155,112.874
297.65,0.180886,112.883
297.7,0.166007,112.892
297.75,0.15203,112.899
297.8,0.103398,112.904
297.85,0.0425813,112.907
297.9,-6.38143e-05,112.907
297.95,-0.000198222,112.907
298.0,-0.000198522,112.907
298.05,-0.000250615,112.907
298.1,-0.000279768,112.907
298.15,-0.000297399,112.906
298.2,-0.000303844,112.906
298.25,-0.000312359,112.906
298.3,-0.000329457,112.906
298.35,-0.000328188,112.906
298.4,-0.000331427,112.906
298.45,-0.000343949,112.906
298.5,-0.000345419,112.906
298.55,-0.000353834,112.906
298.6,-0.000138415,112.906
298.65,-0.000127562,112.906
298.7,6.02746e-05,112.906
298.75,-1.90007e-05,112.906
298.8,-8.50189e-05,112.906
298.85,-9.97453e-05,112.906
298.9,-0.000123154,112.906
298.95,-0.000192478,112.906
299.0,-0.000194849,112.906
299.05,-0.000200058,112.906
299.1,-0.000194047,112.906
299.15,-0.000189873,112.906
299.2,-0.000188604,112.906
299.25,-0.000198088,112.906
299.3,-2.96197e-05,112.906
299.35,-0.000218625,112.906
299.4,-0.000255424,112.906
299.45,-0.000242902,112.906
299.5,-0.000183629,112.906
299.55,-0.000226372,112.906
299.6,-0.000176216,112.906
299.65,-0.000143624,112.906
299.7,-0.000146963,112.906
299.75,-0.000145928,112.906
299.8,-0.000140752,112.906
299.85,-0.00013227,112.906
299.9,-0.000146796,112.906
299.95,-0.000157682,112.906
300.0,-0.000157783,112.906
300.05,-0.000166498,112.906
300.1,-0.000181391,112.906
300.15,-0.000186033,112.906
300.2,-0.00024367,112.906
300.25,-0.000178119,112.906
300.3,-0.000185132,112.906
300.35,-0.000229478,112.906
300.4,-0.000259531,112.906
300.45,-0.000375038,112.906
300.5,-0.000368226,112.906
300.55,-0.00037023,112.906
300.6,-0.00037998,112.906
300.65,-0.000374036,112.906
300.7,-0.000378277,112.906
300.75,-0.00036876,112.906
300.8,-0.000367725,112.906
300.85,-0.000362583,112.906
300.9,-0.000366156,112.906
300.95,-0.000364787,112.906
301.0,-0.000373101,112.906
301.05,-0.000364686,112.906
301.1,-0.000372033,112.906
301.15,-0.000368092,112.906
301.2,-0.000367157,112.906
301.25,-0.000361648,112.906
301.3,-0.000354067,112.906
301.35,-0.000357073,112.906
301.4,-0.00035203,112.906
301.45,-0.000350394,112.906
301.5,-0.000362082,112.906
301.55,-0.000350327,112.906
301.6,-0.00035163,112.906
301.65,-0.000349559,112.906
301.7,-0.000365287,112.906
301.75,-0.000347322,112.906
301.8,-0.000347355,112.906
301.85,-0.000348057,112.906
301.9,-0.000345919,112.906
301.95,-0.000353767,112.906
302.0,-0.000355336,112.905
302.05,-0.000354234,112.905
302.1,-0.000353366,112.905
302.15,-0.000352865,112.905
302.2,-0.00034976,112.905
302.25,-0.000355937,112.905
302.3,-0.000361147,112.905
302.35,-0.000362649,112.905
302.4,-0.000359611,112.905
302.45,-0.000358976,112.905
302.5,-0.000352932,112.905
302.55,-0.000360913,112.905
302.6,-0.000374571,112.905
302.65,-0.000368727,112.905
302.7,-0.000364787,112.905
302.75,-0.000360312,112.905
302.8,-0.000360212,112.905
302.85,-0.000358976,112.905
302.9,-0.000369128,112.905
302.95,-0.000369061,112.905
303.0,-0.000374638,112.905
303.05,-0.000365454,112.905
303.1,-0.00035183,112.905
303.15,-0.000356472,112.905
303.2,-0.00035577,112.905
303.25,-0.000365655,112.905
303.3,-0.000362315,112.905
303.35,-0.00036836,112.905
303.4,-0.000375706,112.905
303.45,-0.000362783,112.905
303.5,-0.000362783,112.905
303.55,-0.00036679,112.905
303.6,-0.000364185,112.905
303.65,-0.000356973,112.905
303.7,-0.000355971,112.905
303.75,-0.000358408,112.905
303.8,-0.00036502,112.905
303.85,-0.000371899,112.905
303.9,-0.000384589,112.905
303.95,-0.000394139,112.905
304.0,-0.000395007,112.905
304.05,-0.000389965,112.905
304.1,-0.000397211,112.905
304.15,-0.00039641,112.905
304.2,-0.000387594,112.905
304.25,-0.000381817,112.905
304.3,-0.000380314,112.905
304.35,-0.000370697,112.905
304.4,-0.000396777,112.905
304.45,-0.000398814,112.905
304.5,-0.000396009,112.905
304.55,-0.000400317,112.905
304.6,-0.000407964,112.905
304.65,-0.000393839,112.904
304.7,-0.000397178,112.904
304.75,-0.000394072,112.904
304.8,-0.000405025,112.904
304.85,-0.000406495,112.904
304.9,-0.000399983,112.904
304.95,-0.000405259,112.904
305.0,-0.000402588,112.904
305.05,-0.000406261,112.904
305.1,-0.000405326,112.904
305.15,-0.000410134,112.904
305.2,-0.000416679,112.904
305.25,-0.000410702,112.904
305.3,-0.000409233,112.904
305.35,-0.000395775,112.904
305.4,-0.000397846,112.904
305.45,-0.000398814,112.904
305.5,-0.000391234,112.904
305.55,-0.000397712,112.904
305.6,-0.000395041,112.904
305.65,-0.000387527,112.904
305.7,-0.000393738,112.904
305.75,-0.000398814,112.904
305.8,-0.00040232,112.904
305.85,-0.000397612,112.904
305.9,-0.000393471,112.904
305.95,-0.000395876,112.904
306.0,-0.000404524,112.904
306.05,-0.000404291,112.904
306.1,-0.00040369,112.904
306.15,-0.000399983,112.904
306.2,-0.000404324,112.904
306.25,-0.00040369,112.904
306.3,-0.000406428,112.904
306.35,-0.000410569,112.904
306.4,-0.000406495,112.904
306.45,-0.000392703,112.904
306.5,-0.000395542,112.904
306.55,-0.000397779,112.904
306.6,-0.000403723,112.904
306.65,-0.000410468,112.904
306.7,-0.000399783,112.904
306.75,-0.000402788,112.904
306.8,-0.000403255,112.904
306.85,-0.000404725,112.904
306.9,-0.000406027,112.904
306.95,-0.000403222,112.904
307.0,-0.000409032,112.904
307.05,-0.000415644,112.904
307.1,-0.000416412,112.904
307.15,-0.000423826,112.903
307.2,-0.000417715,112.903
307.25,-0.00041905,112.903
307.3,-0.000427799,112.903
307.35,-0.000419885,112.903
307.4,-0.000421288,112.903
307.45,-0.000416479,112.903
307.5,-0.000410535,112.903
307.55,-0.000407162,112.903
307.6,-0.000411871,112.903
307.65,-0.000412706,112.903
307.7,-0.00040763,112.903
307.75,-0.000406194,112.903
307.8,-0.000409266,112.903
307.85,-0.000398079,112.903
307.9,-0.000402721,112.903
307.95,-0.00040576,112.903
308.0,-0.000411504,112.903
308.05,-0.0004098,112.903
308.1,-0.000408465,112.903
308.15,-0.000410702,112.903
308.2,-0.000410134,112.903
308.25,-0.000418316,112.903
308.3,-0.000406762,112.903
308.35,-0.000398413,112.903
308.4,-0.000407964,112.903
308.45,-0.00040783,112.903
308.5,-0.000410802,112.903
308.55,-0.000409901,112.903
308.6,-0.000416546,112.903
308.65,-0.000420486,112.903
308.7,-0.000422891,112.903
308.75,-0.000408398,112.903
308.8,-0.000400985,112.903
308.85,-0.000405226,112.903
308.9,-0.000410068,112.903
308.95,-0.000410836,112.903
309.0,-0.000413908,112.903
309.05,-0.000411871,112.903
309.1,-0.000415244,112.903
309.15,-0.000411069,112.903
309.2,-0.000412138,112.903
309.25,-0.00042997,112.903
309.3,-0.000422423,112.903
309.35,-0.000421254,112.903
309.4,-0.000421755,112.903
309.45,-0.000423425,112.903
309.5,-0.000415978,112.903
309.55,-0.000415644,112.903
309.6,-0.000423558,112.902
309.65,-0.000421622,112.902
309.7,-0.000410569,112.902
309.75,-0.00041344,112.902
309.8,-0.000411036,112.902
309.85,-0.000418917,112.902
309.9,-0.000416379,112.902
309.95,-0.000417815,112.902
310.0,-0.000415845,112.902
310.05,-0.000416212,112.902
310.1,-0.000417481,112.902
310.15,-0.0004097,112.902
310.2,-0.000412305,112.902
310.25,-0.00042052,112.902
310.3,-0.000422991,112.902
310.35,-0.000420687,112.902
310.4,-0.000424226,112.902
310.45,-0.000422089,112.902
310.5,-0.000419384,112.902
310.55,-0.000414208,112.902
310.6,-0.000420086,112.902
310.65,-0.00041688,112.902
310.7,-0.000418082,112.902
310.75,-0.000411036,112.902
310.8,-0.000415711,112.902
310.85,-0.000413507,112.902
310.9,-0.000418716,112.902
310.95,-0.00040743,112.902
311.0,-0.000412472,112.902
311.05,-0.00041137,112.902
311.1,-0.000422356,112.902
311.15,-0.00041117,112.902
311.2,-0.000406428,112.902
311.25,-0.000420586,112.902
311.3,-0.000420086,112.902
311.35,-0.000410535,112.902
311.4,-0.000415878,112.902
311.45,-0.000407964,112.902
311.5,-0.000410068,112.902
311.55,-0.000402354,112.902
311.6,-0.000406995,112.902
311.65,-0.000412672,112.902
311.7,-0.000424861,112.902
311.75,-0.000425896,112.902
311.8,-0.000418984,112.902
311.85,-0.000422824,112.902
311.9,-0.000420253,112.902
311.95,-0.000420219,112.902
312.0,-0.000405626,112.901
312.05,-0.000405593,112.901
312.1,-0.000404524,112.901
312.15,-0.000414843,112.901
312.2,-0.000415711,112.901
312.25,-0.00041137,112.901
312.3,-0.000418049,112.901
312.35,-0.000415544,112.901
312.4,-0.000411938,112.901
312.45,-0.000408264,112.901
312.5,-0.000411737,112.901
312.55,-0.000417915,112.901
312.6,-0.000411303,112.901
312.65,-0.000415043,112.901
312.7,-0.000425228,112.901
312.75,-0.000415678,112.901
312.8,-0.000416412,112.901
312.85,-0.000418082,112.901
312.9,-0.000423592,112.901
312.95,-0.000431873,112.901
313.0,-0.000432575,112.901
313.05,-0.00043194,112.901
313.1,-0.000442259,112.901
313.15,-0.000436982,112.901
313.2,-0.000426597,112.901
313.25,-0.000432107,112.901
313.3,-0.00042446,112.901
313.35,-0.000425028,112.901
313.4,-0.00042259,112.901
313.45,-0.000413541,112.901
313.5,-0.000424694,112.901
313.55,-0.000425428,112.901
313.6,-0.000425161,112.901
313.65,-0.000428567,112.901
313.7,-0.000425863,112.901
313.75,-0.000419651,112.901
313.8,-0.000428935,112.901
313.85,-0.000419852,112.901
313.9,-0.000419351,112.901
313.95,-0.00042239,112.901
314.0,-0.000421087,112.901
314.05,-0.000429603,112.901
314.1,-0.000435747,112.901
314.15,-0.000442659,112.901
314.2,-0.000437884,112.901
314.25,-0.000438986,112.901
314.3,-0.000434946,112.901
314.35,-0.000435513,112.9
314.4,-0.000437116,112.9
314.45,-0.00043548,112.9
314.5,-0.00044276,112.9
314.55,-0.000436715,112.9
314.6,-0.000440355,112.9
314.65,-0.000426397,112.9
314.7,-0.000427132,112.9
314.75,-0.000420253,112.9
314.8,-0.000415878,112.9
314.85,-0.000424727,112.9
314.9,-0.000411337,112.9
314.95,-0.000419885,112.9
315.0,-0.000428835,112.9
315.05,-0.000426297,112.9
315.1,-0.000425696,112.9
315.15,-0.000434077,112.9
315.2,-0.000426096,112.9
315.25,-0.000426731,112.9
315.3,-0.000417481,112.9
315.35,-0.00042643,112.9
315.4,-0.000418082,112.9
315.45,-0.000416279,112.9
315.5,-0.000425529,112.9
315.55,-0.000426096,112.9
315.6,-0.000426197,112.9
315.65,-0.000420419,112.9
315.7,-0.00043204,112.9
315.75,-0.000418383,112.9
315.8,-0.000415511,112.9
315.85,-0.000411437,112.9
315.9,-0.000416078,112.9
315.95,-0.000416913,112.9
316.0,-0.000411003,112.9
316.05,-0.000428067,112.9
316.1,-0.000425462,112.9
316.15,-0.000415878,112.9
316.2,-0.000426898,112.9
316.25,-0.000431205,112.9
316.3,-0.000420753,112.9
316.35,-0.000425495,112.9
316.4,-0.000423692,112.9
316.45,-0.000416179,112.9
316.5,-0.000420586,112.9
316.55,-0.000414275,112.9
316.6,-0.000416279,112.9
316.65,-0.000431005,112.9
316.7,-0.000427065,112.899
316.75,-0.000428701,112.899
316.8,-0.000427699,112.899
316.85,-0.000428434,112.899
316.9,-0.000427399,112.899
316.95,-0.000425262,112.899
317.0,-0.000421254,112.899
317.05,-0.000414576,112.899
317.1,-0.000423759,112.899
317.15,-0.000420086,112.899
317.2,-0.000418616,112.899
317.25,-0.000411236,112.899
317.3,-0.000416245,112.899
317.35,-0.000418449,112.899
317.4,-0.000415744,112.899
317.45,-0.000417281,112.899
317.5,-0.000419318,112.899
317.55,-0.000415244,112.899
317.6,-0.000420253,112.899
317.65,-0.000421889,112.899
317.7,-0.00041147,112.899
317.75,-0.000418883,112.899
317.8,-0.000413574,112.899
317.85,-0.000404691,112.899
317.9,-0.00040783,112.899
317.95,-0.000412305,112.899
318.0,-0.000409834,112.899
318.05,-0.000408064,112.899
318.1,-0.000409233,112.899
318.15,-0.00041491,112.899
318.2,-0.000411036,112.899
318.25,-0.000408164,112.899
318.3,-0.000413273,112.899
318.35,-0.000424994,112.899
318.4,-0.000431038,112.899
318.45,-0.000416513,112.899
318.5,-0.000424761,112.899
318.55,-0.0004284,112.899
318.6,-0.000436615,112.899
318.65,-0.000423458,112.899
318.7,-0.000417314,112.899
318.75,-0.000418883,112.899
318.8,-0.000413874,112.899
318.85,-0.000422089,112.899
318.9,-0.000413741,112.899
318.95,-0.000418616,112.899
319.0,-0.000431439,112.899
319.05,-0.000432107,112.899
319.1,-0.00042613,112.898
319.15,-0.000425428,112.898
319.2,-0.000424527,112.898
319.25,-0.000431105,112.898
319.3,-0.000431372,112.898
319.35,-0.000429803,112.898
319.4,-0.000432942,112.898
319.45,-0.000430437,112.898
319.5,-0.000428234,112.898
319.55,-0.000435179,112.898
319.6,-0.000428968,112.898
319.65,-0.000421722,112.898
319.7,-0.000430771,112.898
319.75,-0.000429703,112.898
319.8,-0.000432975,112.898
319.85,-0.000427833,112.898
319.9,-0.000422623,112.898
319.95,-0.00041511,112.898
320.0,-0.000423725,112.898
320.05,-0.000422857,112.898
320.1,-0.000417381,112.898
320.15,-0.000418616,112.898
320.2,-0.000419117,112.898
320.25,-0.000426631,112.898
320.3,-0.00042633,112.898
320.35,-0.000424961,112.898
320.4,-0.000424193,112.898
320.45,-0.000419651,112.898
320.5,-0.000425061,112.898
320.55,-0.000418917,112.898
320.6,-0.00042249,112.898
320.65,-0.000412873,112.898
320.7,-0.000419318,112.898
320.75,-0.000417848,112.898
320.8,-0.000429937,112.898
320.85,-0.000424994,112.898
320.9,-0.000416947,112.898
320.95,-0.000420887,112.898
321.0,-0.000414108,112.898
321.05,-0.00041501,112.898
321.1,-0.000410569,112.898
321.15,-0.000412439,112.898
321.2,-0.000420319,112.898
321.25,-0.000419351,112.898
321.3,-0.000426731,112.898
321.35,-0.000429302,112.898
321.4,-0.000432875,112.898
321.45,-0.000423859,112.897
321.5,-0.000427365,112.897
321.55,-0.000422123,112.897
321.6,-0.000423859,112.897
321.65,-0.000415878,112.897
321.7,-0.000427699,112.897
321.75,-0.000419985,112.897
321.8,-0.000415177,112.897
321.85,-0.000414876,112.897
321.9,-0.000409467,112.897
321.95,-0.000419117,112.897
322.0,-0.000429436,112.897
322.05,-0.000436214,112.897
322.1,-0.000431372,112.897
322.15,-0.000426731,112.897
322.2,-0.000435881,112.897
322.25,-0.000429636,112.897
322.3,-0.000434044,112.897
322.35,-0.000424093,112.897
322.4,-0.000423091,112.897
322.45,-0.000423458,112.897
322.5,-0.000419151,112.897
322.55,-0.000416613,112.897
322.6,-0.000415678,112.897
322.65,-0.000428835,112.897
322.7,-0.000429569,112.897
322.75,-0.000421355,112.897
322.8,-0.000424627,112.897
322.85,-0.000420753,112.897
322.9,-0.000420253,112.897
322.95,-0.000419384,112.897
323.0,-0.000415277,112.897
323.05,-0.000413173,112.897
323.1,-0.000413808,112.897
323.15,-0.000419117,112.897
323.2,-0.000416078,112.897
323.25,-0.000416947,112.897
323.3,-0.000421254,112.897
323.35,-0.000422623,112.897
323.4,-0.000420386,112.897
323.45,-0.000431439,112.897
323.5,-0.000431306,112.897
323.55,-0.000432575,112.897
323.6,-0.00043922,112.897
323.65,-0.000425863,112.897
323.7,-0.000436982,112.897
323.75,-0.000432141,112.897
323.8,-0.0004282,112.896
323.85,-0.000428968,112.896
323.9,-0.000436515,112.896
323.95,-0.000433877,112.896
324.0,-0.00044099,112.896
324.05,-0.000443427,112.896
324.1,-0.000429569,112.896
324.15,-0.00043765,112.896
324.2,-0.000440556,112.896
324.25,-0.000429502,112.896
324.3,-0.000441056,112.896
324.35,-0.000433643,112.896
324.4,-0.000429469,112.896
324.45,-0.000424994,112.896
324.5,-0.000426764,112.896
324.55,-0.000428,112.896
324.6,-0.000441023,112.896
324.65,-0.000434011,112.896
324.7,-0.000434177,112.896
324.75,-0.000438619,112.896
324.8,-0.000437016,112.896
324.85,-0.000437417,112.896
324.9,-0.000440288,112.896
324.95,-0.000440789,112.896
325.0,-0.000422056,112.896
325.05,-0.000231949,112.896
325.1,-0.000352765,112.896
325.15,-0.000385557,112.896
325.2,-0.000405793,112.896
325.25,-0.000406595,112.896
325.3,-0.000419418,112.896
325.35,-0.000439888,112.896
325.4,-0.00043361,112.896
325.45,-0.000430504,112.896
325.5,-0.000440823,112.896
325.55,-0.000437316,112.896
325.6,-0.000433409,112.896
325.65,-0.000431339,112.896
325.7,-0.000436749,112.896
325.75,-0.000429703,112.896
325.8,-0.000427132,112.896
325.85,-0.000431239,112.896
325.9,-0.000429703,112.896
325.95,-0.000434845,112.896
326.0,-0.000428501,112.896
326.05,-0.000442492,112.896
326.1,-0.000441157,112.896
326.15,-0.000440021,112.895
326.2,-0.000428701,112.895
326.25,-0.00043558,112.895
326.3,-0.000440889,112.895
326.35,-0.000439954,112.895
326.4,-0.000448637,112.895
326.45,-0.000435914,112.895
326.5,-0.000432909,112.895
326.55,-0.000436548,112.895
326.6,-0.000443861,112.895
326.65,-0.000432875,112.895
326.7,-0.000438953,112.895
326.75,-0.000440055,112.895
326.8,-0.000428501,112.895
326.85,-0.000426163,112.895
326.9,-0.000427766,112.895
326.95,-0.000429035,112.895
327.0,-0.000420453,112.895
327.05,-0.000416913,112.895
327.1,-0.000415411,112.895
327.15,-0.000425696,112.895
327.2,-0.000418616,112.895
327.25,-0.000431272,112.895
327.3,-0.000418683,112.895
327.35,-0.000426464,112.895
327.4,-0.000435914,112.895
327.45,-0.000428267,112.895
327.5,-0.000428434,112.895
327.55,-0.000430671,112.895
327.6,-0.000429369,112.895
327.65,-0.000433476,112.895
327.7,-0.000447301,112.895
327.75,-0.000439888,112.895
327.8,-0.000432742,112.895
327.85,-0.000423525,112.895
327.9,-0.000431239,112.895
327.95,-0.000437684,112.895
328.0,-0.000433677,112.895
328.05,-0.000436448,112.895
328.1,-0.000432474,112.895
328.15,-0.000435981,112.895
328.2,-0.00043007,112.895
328.25,-0.000433743,112.895
328.3,-0.000429669,112.895
328.35,-0.00043361,112.895
328.4,-0.000437817,112.895
328.45,-0.000437483,112.895
328.5,-0.000434077,112.894
328.55,-0.000432575,112.894
328.6,-0.000444797,112.894
328.65,-0.000439988,112.894
328.7,-0.000440956,112.894
328.75,-0.000435647,112.894
328.8,-0.000438018,112.894
328.85,-0.000435146,112.894
328.9,-0.000438652,112.894
328.95,-0.000430237,112.894
329.0,-0.000427866,112.894
329.05,-0.000430271,112.894
329.1,-0.000423291,112.894
329.15,-0.000427299,112.894
329.2,-0.000426597,112.894
329.25,-0.000424427,112.894
329.3,-0.000423191,112.894
329.35,-0.000422156,112.894
329.4,-0.000413941,112.894
329.45,-0.000423859,112.894
329.5,-0.000423993,112.894
329.55,-0.000414843,112.894
329.6,-0.000418182,112.894
329.65,-0.000417548,112.894
329.7,-0.00041698,112.894
329.75,-0.000424694,112.894
329.8,-0.000415578,112.894
329.85,-0.000424326,112.894
329.9,-0.000423391,112.894
329.95,-0.000425863,112.894
330.0,-0.000411704,112.894
330.05,-0.000411971,112.894
330.1,-0.000415845,112.894
330.15,-0.000409634,112.894
330.2,-0.000410602,112.894
330.25,-0.000416479,112.894
330.3,-0.000419284,112.894
330.35,-0.000423492,112.894
330.4,-0.000414509,112.894
330.45,-0.000421321,112.894
330.5,-0.000430237,112.894
330.55,-0.000423458,112.894
330.6,-0.000420987,112.894
330.65,-0.000419952,112.894
330.7,-0.000416813,112.894
330.75,-0.000417848,112.894
330.8,-0.000415177,112.894
330.85,-0.00041718,112.893
330.9,-0.000423225,112.893
330.95,-0.000430705,112.893
331.0,-0.000425228,112.893
331.05,-0.000436949,112.893
331.1,-0.000434344,112.893
331.15,-0.000429168,112.893
331.2,-0.000430838,112.893
331.25,-0.000434344,112.893
331.3,-0.000434144,112.893
331.35,-0.00042416,112.893
331.4,-0.000426497,112.893
331.45,-0.000429502,112.893
331.5,-0.000438886,112.893
331.55,-0.000434411,112.893
331.6,-0.000429569,112.893
331.65,-0.000435647,112.893
331.7,-0.000435413,112.893
331.75,-0.000424594,112.893
331.8,-0.000425061,112.893
331.85,-0.000431974,112.893
331.9,-0.000432575,112.893
331.95,-0.000429068,112.893
332.0,-0.000432474,112.893
332.05,-0.000430204,112.893
332.1,-0.000430037,112.893
332.15,-0.000426197,112.893
332.2,-0.000424928,112.893
332.25,-0.000426063,112.893
332.3,-0.000421956,112.893
332.35,-0.000432474,112.893
332.4,-0.000444596,112.893
332.45,-0.000439186,112.893
332.5,-0.000436315,112.893
332.55,-0.000432341,112.893
332.6,-0.000432274,112.893
332.65,-0.00043538,112.893
332.7,-0.000436482,112.893
332.75,-0.000429937,112.893
332.8,-0.000422523,112.893
332.85,-0.00043184,112.893
332.9,-0.000433109,112.893
332.95,-0.000436582,112.893
333.0,-0.000440255,112.893
333.05,-0.000439454,112.893
333.1,-0.000438018,112.893
333.15,-0.000435847,112.892
333.2,-0.00042653,112.892
333.25,-0.000429269,112.892
333.3,-0.000428668,112.892
333.35,-0.000425262,112.892
333.4,-0.000434612,112.892
333.45,-0.000410936,112.892
333.5,-0.000417347,112.892
333.55,-0.00042229,112.892
333.6,-0.000430204,112.892
333.65,-0.000414743,112.892
333.7,-0.000419485,112.892
333.75,-0.000427632,112.892
333.8,-0.000424293,112.892
333.85,-0.000434177,112.892
333.9,-0.00042456,112.892
333.95,-0.000427399,112.892
334.0,-0.000432575,112.892
334.05,-0.000431372,112.892
334.1,-0.00044316,112.892
334.15,-0.000429436,112.892
334.2,-0.000431439,112.892
334.25,-0.000433977,112.892
334.3,-0.000427165,112.892
334.35,-0.000431372,112.892
334.4,-0.000425495,112.892
334.45,-0.000426497,112.892
334.5,-0.000419785,112.892
334.55,-0.000424794,112.892
334.6,-0.000421154,112.892
334.65,-0.000422256,112.892
334.7,-0.000419418,112.892
334.75,-0.000415277,112.892
334.8,-0.000411938,112.892
334.85,-0.000427632,112.892
334.9,-0.000430538,112.892
334.95,-0.000423458,112.892
335.0,-0.000418583,112.892
335.05,-0.000420854,112.892
335.1,-0.000422757,112.892
335.15,-0.000425495,112.892
335.2,-0.000416913,112.892
335.25,-0.000417615,112.892
335.3,-0.000421421,112.892
335.35,-0.000421355,112.892
335.4,-0.000422456,112.892
335.45,-0.000418316,112.892
335.5,-0.000412939,112.891
335.55,-0.00042092,112.891
335.6,-0.000416045,112.891
335.65,-0.000416613,112.891
335.7,-0.000425362,112.891
335.75,-0.00041698,112.891
335.8,-0.000414542,112.891
335.85,-0.000416078,112.891
335.9,-0.00041157,112.891
335.95,-0.000418149,112.891
336.0,-0.000426096,112.891
336.05,-0.000435547,112.891
336.1,-0.000427966,112.891
336.15,-0.000430872,112.891
336.2,-0.00043174,112.891
336.25,-0.000427699,112.891
336.3,-0.000425228,112.891
336.35,-0.000424994,112.891
336.4,-0.00042052,112.891
336.45,-0.000416913,112.891
336.5,-0.0004098,112.891
336.55,-0.000420553,112.891
336.6,-0.000425696,112.891
336.65,-0.000423492,112.891
336.7,-0.000426597,112.891
336.75,-0.000420353,112.891
336.8,-0.000418883,112.891
336.85,-0.000425529,112.891
336.9,-0.000420987,112.891
336.95,-0.000427432,112.891
337.0,-0.000420119,112.891
337.05,-0.000417815,112.891
337.1,-0.000422623,112.891
337.15,-0.000368092,112.891
337.2,-0.00037407,112.891
337.25,-0.000372434,112.891
337.3,-0.00038342,112.891
337.35,-0.000400784,112.891
337.4,-0.000432107,112.891
337.45,-0.000425529,112.891
337.5,-0.000430872,112.891
337.55,-0.000398714,112.891
337.6,-0.000422256,112.891
337.65,-0.000417815,112.891
337.7,-0.000425262,112.891
337.75,-0.000395074,112.891
337.8,-0.000403122,112.891
337.85,-0.00041314,112.891
337.9,-0.000411003,112.89
337.95,-0.000417114,112.89
338.0,-0.000411136,112.89
338.05,-0.000409901,112.89
338.1,-0.000421021,112.89
338.15,-0.000429068,112.89
338.2,-0.000412405,112.89
338.25,-0.000404892,112.89
338.3,-0.000410569,112.89
338.35,-0.000408465,112.89
338.4,-0.00041117,112.89
338.45,-0.000420553,112.89
338.5,-0.000419919,112.89
338.55,-0.000427198,112.89
338.6,-0.000426564,112.89
338.65,-0.000413407,112.89
338.7,-0.000419217,112.89
338.75,-0.000421121,112.89
338.8,-0.000408431,112.89
338.85,-0.000414743,112.89
338.9,-0.000410569,112.89
338.95,-0.000407897,112.89
339.0,-0.00040763,112.89
339.05,-0.000409099,112.89
339.1,-0.000418015,112.89
339.15,-0.000417414,112.89
339.2,-0.000415578,112.89
339.25,-0.00040763,112.89
339.3,-0.000403589,112.89
339.35,-0.000402755,112.89
339.4,-0.000406361,112.89
339.45,-0.000409333,112.89
339.5,-0.000408966,112.89
339.55,-0.000404892,112.89
339.6,-0.000410669,112.89
339.65,-0.000412873,112.89
339.7,-0.000403556,112.89
339.75,-0.000395909,112.89
339.8,-0.00041511,112.89
339.85,-0.000413207,112.89
339.9,-0.000399716,112.89
339.95,-0.000398848,112.89
340.0,-0.000401452,112.89
340.05,-0.000405025,112.89
340.1,-0.000398914,112.89
340.15,-0.00039858,112.89
340.2,-0.000402888,112.89
340.25,-0.000407296,112.89
340.3,-0.000410736,112.89
340.35,-0.000401519,112.889
340.4,-0.000403923,112.889
340.45,-0.000409099,112.889
340.5,-0.000410769,112.889
340.55,-0.000412639,112.889
340.6,-0.000411203,112.889
340.65,-0.000415377,112.889
340.7,-0.000412939,112.889
340.75,-0.000428,112.889
340.8,-0.000423191,112.889
340.85,-0.000420419,112.889
340.9,-0.000423525,112.889
340.95,-0.000411403,112.889
341.0,-0.000416713,112.889
341.05,-0.000421789,112.889
341.1,-0.0004095,112.889
341.15,-0.000415444,112.889
341.2,-0.000412272,112.889
341.25,-0.000403422,112.889
341.3,-0.000404691,112.889
341.35,-0.000409934,112.889
341.4,-0.000408799,112.889
341.45,-0.000404357,112.889
341.5,-0.000402554,112.889
341.55,-0.000406127,112.889
341.6,-0.000421588,112.889
341.65,-0.000414642,112.889
341.7,-0.000409967,112.889
341.75,-0.000411337,112.889
341.8,-0.00041127,112.889
341.85,-0.000418015,112.889
341.9,-0.000419718,112.889
341.95,-0.00040576,112.889
342.0,-0.000414242,112.889
342.05,-0.000416646,112.889
342.1,-0.000408431,112.889
342.15,-0.000420854,112.889
342.2,-0.000408131,112.889
342.25,-0.000408899,112.889
342.3,-0.000412272,112.889
342.35,-0.000409867,112.889
342.4,-0.000416145,112.889
342.45,-0.000415878,112.889
342.5,-0.00040763,112.889
342.55,-0.000419117,112.889
342.6,-0.000422891,112.889
342.65,-0.000424894,112.889
342.7,-0.000424794,112.889
342.75,-0.000421321,112.888
342.8,-0.000411771,112.888
342.85,-0.000431038,112.888
342.9,-0.000424026,112.888
342.95,-0.000416646,112.888
343.0,-0.000417114,112.888
343.05,-0.000412105,112.888
343.1,-0.000416045,112.888
343.15,-0.00041865,112.888
343.2,-0.000408365,112.888
343.25,-0.000404958,112.888
343.3,-0.000408097,112.888
343.35,-0.000422256,112.888
343.4,-0.000425729,112.888
343.45,-0.000421989,112.888
343.5,-0.000412839,112.888
343.55,-0.000416579,112.888
343.6,-0.000416279,112.888
343.65,-0.000414309,112.888
343.7,-0.000418216,112.888
343.75,-0.000416045,112.888
343.8,-0.000420453,112.888
343.85,-0.000425963,112.888
343.9,-0.00041698,112.888
343.95,-0.00041511,112.888
344.0,-0.000420653,112.888
344.05,-0.000414709,112.888
344.1,-0.000429302,112.888
344.15,-0.000429269,112.888
344.2,-0.000418984,112.888
344.25,-0.00041875,112.888
344.3,-0.000413273,112.888
344.35,-0.00041875,112.888
344.4,-0.000412873,112.888
344.45,-0.000422089,112.888
344.5,-0.000413374,112.888
344.55,-0.000424994,112.888
344.6,-0.000425729,112.888
344.65,-0.00041521,112.888
344.7,-0.000412939,112.888
344.75,-0.000417114,112.888
344.8,-0.000429836,112.888
344.85,-0.000426965,112.888
344.9,-0.000424928,112.888
344.95,-0.000421889,112.888
345.0,-0.000410101,112.888
345.05,-0.000412439,112.888
345.1,-0.000409233,112.888
345.15,-0.000409266,112.887
345.2,-0.000423725,112.887
345.25,-0.000423592,112.887
345.3,-0.000422957,112.887
345.35,-0.000418683,112.887
345.4,-0.000418716,112.887
345.45,-0.000421188,112.887
345.5,-0.000413574,112.887
345.55,-0.000419618,112.887
345.6,-0.00042603,112.887
345.65,-0.000423425,112.887
345.7,-0.000414242,112.887
345.75,-0.000417347,112.887
345.8,-0.000416513,112.887
345.85,-0.000411103,112.887
345.9,-0.000409767,112.887
345.95,-0.000410201,112.887
346.0,-0.000422223,112.887
346.05,-0.000426898,112.887
346.1,-0.000431205,112.887
346.15,-0.000416613,112.887
346.2,-0.000417214,112.887
346.25,-0.000423926,112.887
346.3,-0.00042249,112.887
346.35,-0.000421822,112.887
346.4,-0.000428768,112.887
346.45,-0.000432909,112.887
346.5,-0.000432742,112.887
346.55,-0.000424493,112.887
346.6,-0.000420586,112.887
346.65,-0.000420753,112.887
346.7,-0.000424928,112.887
346.75,-0.000429168,112.887
346.8,-0.000439086,112.887
346.85,-0.000435513,112.887
346.9,-0.000424627,112.887
346.95,-0.000425462,112.887
347.0,-0.00042643,112.887
347.05,-0.000424226,112.887
347.1,-0.000420119,112.887
347.15,-0.00042052,112.887
347.2,-0.000418015,112.887
347.25,-0.000420152,112.887
347.3,-0.000429536,112.887
347.35,-0.000430504,112.887
347.4,-0.000422189,112.887
347.45,-0.000423425,112.887
347.5,-0.000423458,112.886
347.55,-0.000429269,112.886
347.6,-0.000418516,112.886
347.65,-0.000417781,112.886
347.7,-0.000412272,112.886
347.75,-0.000412772,112.886
347.8,-0.000419485,112.886
347.85,-0.000415244,112.886
347.9,-0.00041127,112.886
347.95,-0.00041865,112.886
348.0,-0.000410068,112.886
348.05,-0.000426363,112.886
348.1,-0.000423091,112.886
348.15,-0.000422123,112.886
348.2,-0.000420586,112.886
348.25,-0.000409834,112.886
348.3,-0.00041324,112.886
348.35,-0.000429369,112.886
348.4,-0.00042082,112.886
348.45,-0.000410769,112.886
348.5,-0.000414309,112.886
348.55,-0.000409834,112.886
348.6,-0.000411504,112.886
348.65,-0.000415778,112.886
348.7,-0.000419084,112.886
348.75,-0.000417548,112.886
348.8,-0.00041698,112.886
348.85,-0.000419785,112.886
348.9,-0.000425495,112.886
348.95,-0.000421622,112.886
349.0,-0.000423325,112.886
349.05,-0.000419384,112.886
349.1,-0.000425662,112.886
349.15,-0.000418449,112.886
349.2,-0.000423959,112.886
349.25,-0.000421722,112.886
349.3,-0.000414542,112.886
349.35,-0.000417581,112.886
349.4,-0.000414843,112.886
349.45,-0.000416746,112.886
349.5,-0.000414976,112.886
349.55,-0.000420086,112.886
349.6,-0.000424961,112.886
349.65,-0.000414041,112.886
349.7,-0.000419551,112.886
349.75,-0.000420119,112.886
349.8,-0.00042456,112.886
349.85,-0.000433309,112.886
349.9,-0.00041865,112.885
349.95,-0.000421989,112.885
350.0,-0.000426464,112.885
350.05,-0.000423859,112.885
350.1,-0.000428067,112.885
350.15,-0.00042633,112.885
350.2,-0.000418583,112.885
350.25,-0.000416913,112.885
350.3,-0.000419184,112.885
350.35,-0.000420854,112.885
350.4,-0.000421455,112.885
350.45,-0.000426497,112.885
350.5,-0.000420386,112.885
350.55,-0.000419251,112.885
350.6,-0.000422623,112.885
350.65,-0.000410769,112.885
350.7,-0.000418249,112.885
350.75,-0.000374938,112.885
350.8,-0.000354635,112.885
350.85,-0.00035951,112.885
350.9,-0.00038736,112.885
350.95,-0.000404057,112.885
351.0,-0.0004093,112.885
351.05,-0.000412038,112.885
351.1,-0.000415544,112.885
351.15,-0.000408632,112.885
351.2,-0.000414442,112.885
351.25,-0.000416613,112.885
351.3,-0.000417347,112.885
351.35,-0.000417715,112.885
351.4,-0.000418984,112.885
351.45,-0.000420753,112.885
351.5,-0.000415177,112.885
351.55,-0.000410101,112.885
351.6,-0.000421488,112.885
351.65,-0.00042052,112.885
351.7,-0.000421421,112.885
351.75,-0.000424193,112.885
351.8,-0.000423258,112.885
351.85,-0.000426397,112.885
351.9,-0.000425796,112.885
351.95,-0.000429636,112.885
352.0,-0.000431907,112.885
352.05,-0.000420687,112.885
352.1,-0.000430972,112.885
352.15,-0.000430304,112.885
352.2,-0.00042269,112.885
352.25,-0.000421421,112.885
352.3,-0.000413641,112.884
352.35,-0.000421087,112.884
352.4,-0.000431439,112.884
352.45,-0.000425629,112.884
352.5,-0.000420787,112.884
352.55,-0.000419752,112.884
352.6,-0.000425262,112.884
352.65,-0.000431773,112.884
352.7,-0.000430838,112.884
352.75,-0.000425863,112.884
352.8,-0.000428567,112.884
352.85,-0.000417548,112.884
352.9,-0.000410736,112.884
352.95,-0.000416913,112.884
353.0,-0.000415444,112.884
353.05,-0.000417281,112.884
353.1,-0.000412639,112.884
353.15,-0.000419017,112.884
353.2,-0.000416713,112.884
353.25,-0.000410435,112.884
353.3,-0.000420086,112.884
353.35,-0.000415578,112.884
353.4,-0.000421021,112.884
353.45,-0.000414709,112.884
353.5,-0.000414843,112.884
353.55,-0.000417247,112.884
353.6,-0.000409834,112.884
353.65,-0.00041324,112.884
353.7,-0.000394506,112.884
353.75,-0.000407329,112.884
353.8,-0.000397044,112.884
353.85,-0.000399883,112.884
353.9,-0.00039484,112.884
353.95,-0.000396043,112.884
354.0,-0.000395074,112.884
354.05,-0.000407029,112.884
354.1,-0.000405626,112.884
354.15,-0.00040005,112.884
354.2,-0.000391,112.884
354.25,-0.000391534,112.884
354.3,-0.000392369,112.884
354.35,-0.000388229,112.884
354.4,-0.000390099,112.884
354.45,-0.000394707,112.884
354.5,-0.000400885,112.884
354.55,-0.000397345,112.884
354.6,-0.000398848,112.884
354.65,-0.000393338,112.884
354.7,-0.00039641,112.884
354.75,-0.000392603,112.883
354.8,-0.000389397,112.883
354.85,-0.000390032,112.883
354.9,-0.000386125,112.883
354.95,-0.000376341,112.883
355.0,-0.000375706,112.883
355.05,-0.000370998,112.883
355.1,-0.000362683,112.883
355.15,-0.000366189,112.883
355.2,-0.000368894,112.883
355.25,-0.000358141,112.883
355.3,-0.000355904,112.883
355.35,-0.000363484,112.883
355.4,-0.000362783,112.883
355.45,-0.000360813,112.883
355.5,-0.000371599,112.883
355.55,-0.000372434,112.883
355.6,-0.000356338,112.883
355.65,-0.00035931,112.883
355.7,-0.000354668,112.883
355.75,-0.000323479,112.883
355.8,-0.000320374,112.883
355.85,-0.00029386,112.883
355.9,-0.000286981,112.883
355.95,-0.000304646,112.883
356.0,-0.000355303,112.883
356.05,-0.000372601,112.883
356.1,-0.000378979,112.883
356.15,-0.000373402,112.883
356.2,-0.000398914,112.883
356.25,-0.000398447,112.883
356.3,-0.000389097,112.883
356.35,-0.000392002,112.883
356.4,-0.000396009,112.883
356.45,-0.000396343,112.883
356.5,-0.000405994,112.883
356.55,-0.000397746,112.883
356.6,-0.000393505,112.883
356.65,-0.000410902,112.883
356.7,-0.00039838,112.883
356.75,-0.000405793,112.883
356.8,-0.000410201,112.883
356.85,-0.000408598,112.883
356.9,-0.00040222,112.883
356.95,-0.000406227,112.883
357.0,-0.000405192,112.883
357.05,-0.000403857,112.883
357.1,-0.000408298,112.883
357.15,-0.000402688,112.883
357.2,-0.000395775,112.883
357.25,-0.000403155,112.883
357.3,-0.00040763,112.883
357.35,-0.000413407,112.883
357.4,-0.000409967,112.882
357.45,-0.000406862,112.882
357.5,-0.000408699,112.882
357.55,-0.000411904,112.882
357.6,-0.00041127,112.882
357.65,-0.000409734,112.882
357.7,-0.000405125,112.882
357.75,-0.000408298,112.882
357.8,-0.000401486,112.882
357.85,-0.000334399,112.882
357.9,-0.000333063,112.882
357.95,-0.000331761,112.882
358.0,-0.000348357,112.882
358.05,-0.000372601,112.882
358.1,-0.00035527,112.882
358.15,-0.000328889,112.882
358.2,-0.000393304,112.882
358.25,-0.000395742,112.882
358.3,-0.000394506,112.882
358.35,-0.00039621,112.882
358.4,-0.000385223,112.882
358.45,-0.000389798,112.882
358.5,-0.000387093,112.882
358.55,-0.000378077,112.882
358.6,-0.000382752,112.882
358.65,-0.000397712,112.882
358.7,-0.000386158,112.882
358.75,-0.000397011,112.882
358.8,-0.000397512,112.882
358.85,-0.000401719,112.882
358.9,-0.000408231,112.882
358.95,-0.000407029,112.882
359.0,-0.00040596,112.882
359.05,-0.000404458,112.882
359.1,-0.000400283,112.882
359.15,-0.000414275,112.882
359.2,-0.000416279,112.882
359.25,-0.000419518,112.882
359.3,-0.000420319,112.882
359.35,-0.000423058,112.882
359.4,-0.000417448,112.882
359.45,-0.000405693,112.882
359.5,-0.000410836,112.882
359.55,-0.000410235,112.882
359.6,-0.000402955,112.882
359.65,-0.000405125,112.882
359.7,-0.000400718,112.882
359.75,-0.000400116,112.882
359.8,-0.000395007,112.882
359.85,-0.000406728,112.882
359.9,-0.000400617,112.882
359.95,-0.000405994,112.881
360.0,-0.000398714,112.881
360.05,-0.000404691,112.881
360.1,-0.000404124,112.881
360.15,-0.000401786,112.881
360.2,-0.00040743,112.881
360.25,-0.000409901,112.881
360.3,-0.000401152,112.881
360.35,-0.000406495,112.881
360.4,-0.000408699,112.881
360.45,-0.00041157,112.881
360.5,-0.000412105,112.881
360.55,-0.000412004,112.881
360.6,-0.000416179,112.881
360.65,-0.000407463,112.881
360.7,-0.000399983,112.881
360.75,-0.000403022,112.881
360.8,-0.000396777,112.881
360.85,-0.00040389,112.881
360.9,-0.000416947,112.881
360.95,-0.000424093,112.881
361.0,-0.000412539,112.881
361.05,-0.000408064,112.881
361.1,-0.000405526,112.881
361.15,-0.000408298,112.881
361.2,-0.000406161,112.881
361.25,-0.000400584,112.881
361.3,-0.0004096,112.881
361.35,-0.000411303,112.881
361.4,-0.000421755,112.881
361.45,-0.000421154,112.881
361.5,-0.000414442,112.881
361.55,-0.000417948,112.881
361.6,-0.000415277,112.881
361.65,-0.000419284,112.881
361.7,-0.00041334,112.881
361.75,-0.000418316,112.881
361.8,-0.000417948,112.881
361.85,-0.000418583,112.881
361.9,-0.000415444,112.881
361.95,-0.00040606,112.881
362.0,-0.00040379,112.881
362.05,-0.000403589,112.881
362.1,-0.000398046,112.881
362.15,-0.000397913,112.881
362.2,-0.000381316,112.881
362.25,-0.000376341,112.881
362.3,-0.000385023,112.881
362.35,-0.000392603,112.881
362.4,-0.000395441,112.88
362.45,-0.000395441,112.88
362.5,-0.00039297,112.88
362.55,-0.000403489,112.88
362.6,-0.000402721,112.88
362.65,-0.000410168,112.88
362.7,-0.000404792,112.88
362.75,-0.000399449,112.88
362.8,-0.000393004,112.88
362.85,-0.000397211,112.88
362.9,-0.000400417,112.88
362.95,-0.000404658,112.88
363.0,-0.000400551,112.88
363.05,-0.00040566,112.88
363.1,-0.000395341,112.88
363.15,-0.000397979,112.88
363.2,-0.000397579,112.88
363.25,-0.000381183,112.88
363.3,-0.000376441,112.88
363.35,-0.0003907,112.88
363.4,-0.000378745,112.88
363.45,-0.000390766,112.88
363.5,-0.000408164,112.88
363.55,-0.000412439,112.88
363.6,-0.00041491,112.88
363.65,-0.000408999,112.88
363.7,-0.000409166,112.88
363.75,-0.000421355,112.88
363.8,-0.000425762,112.88
363.85,-0.000434511,112.88
363.9,-0.000415444,112.88
363.95,-0.000420353,112.88
364.0,-0.000414175,112.88
364.05,-0.00040793,112.88
364.1,-0.000409166,112.88
364.15,-0.000410368,112.88
364.2,-0.000402487,112.88
364.25,-0.000401185,112.88
364.3,-0.000405159,112.88
364.35,-0.000402588,112.88
364.4,-0.000413006,112.88
364.45,-0.000400617,112.88
364.5,-0.000409767,112.88
364.55,-0.000400183,112.88
364.6,-0.000401118,112.88
364.65,-0.000408732,112.88
364.7,-0.000402521,112.88
364.75,-0.0004093,112.88
364.8,-0.000408565,112.88
364.85,-0.000407597,112.879
364.9,-0.000411103,112.879
364.95,-0.000401519,112.879
365.0,-0.000408699,112.879
365.05,-0.000405793,112.879
365.1,-0.000402855,112.879
365.15,-0.000401953,112.879
365.2,-0.000409333,112.879
365.25,-0.000403055,112.879
365.3,-0.000406261,112.879
365.35,-0.00041117,112.879
365.4,-0.000410301,112.879
365.45,-0.000407697,112.879
365.5,-0.000410902,112.879
365.55,-0.000411103,112.879
365.6,-0.000402588,112.879
365.65,-0.000405393,112.879
365.7,-0.000406795,112.879
365.75,-0.000406461,112.879
365.8,-0.000396677,112.879
365.85,-0.000409099,112.879
365.9,-0.000412439,112.879
365.95,-0.000411771,112.879
366.0,-0.000416446,112.879
366.05,-0.000406762,112.879
366.1,-0.000408765,112.879
366.15,-0.000420186,112.879
366.2,-0.000431339,112.879
366.25,-0.000431606,112.879
366.3,-0.000424894,112.879
366.35,-0.000417982,112.879
366.4,-0.000411337,112.879
366.45,-0.000411804,112.879
366.5,-0.000419451,112.879
366.55,-0.000421087,112.879
366.6,-0.000431773,112.879
366.65,-0.000421455,112.879
366.7,-0.000426464,112.879
366.75,-0.000423291,112.879
366.8,-0.000411904,112.879
366.85,-0.000416947,112.879
366.9,-0.000423592,112.879
366.95,-0.00041324,112.879
367.0,-0.000411704,112.879
367.05,-0.000425362,112.879
367.1,-0.000415878,112.879
367.15,-0.000419151,112.879
367.2,-0.000428467,112.879
367.25,-0.000417982,112.879
367.3,-0.000423425,112.878
367.35,-0.000424961,112.878
367.4,-0.000425863,112.878
367.45,-0.000415477,112.878
367.5,-0.000418917,112.878
367.55,-0.000428167,112.878
367.6,-0.000418483,112.878
367.65,-0.000420887,112.878
367.7,-0.000416379,112.878
367.75,-0.000413173,112.878
367.8,-0.000422189,112.878
367.85,-0.000407563,112.878
367.9,-0.000412572,112.878
367.95,-0.0004097,112.878
368.0,-0.000406227,112.878
368.05,-0.000409066,112.878
368.1,-0.00040783,112.878
368.15,-0.000413407,112.878
368.2,-0.00042249,112.878
368.25,-0.000419318,112.878
368.3,-0.000411303,112.878
368.35,-0.000412939,112.878
368.4,-0.000418817,112.878
368.45,-0.00041304,112.878
368.5,-0.000419518,112.878
368.55,-0.000422991,112.878
368.6,-0.000423659,112.878
368.65,-0.000422189,112.878
368.7,-0.000422991,112.878
368.75,-0.000419217,112.878
368.8,-0.000418917,112.878
368.85,-0.000417514,112.878
368.9,-0.000415611,112.878
368.95,-0.000404291,112.878
369.0,-0.000406929,112.878
369.05,-0.000410368,112.878
369.1,-0.000410702,112.878
369.15,-0.000404925,112.878
369.2,-0.000407964,112.878
369.25,-0.000411437,112.878
369.3,-0.00040192,112.878
369.35,-0.000399616,112.878
369.4,-0.000400083,112.878
369.45,-0.000400818,112.878
369.5,-0.000410936,112.878
369.55,-0.000399983,112.878
369.6,-0.00038746,112.878
369.65,-0.000388162,112.878
369.7,-0.000397211,112.877
369.75,-0.000398447,112.877
369.8,-0.000397378,112.877
369.85,-0.000402187,112.877
369.9,-0.000414142,112.877
369.95,-0.000409667,112.877
370.0,-0.000408966,112.877
370.05,-0.000406762,112.877
370.1,-0.000396844,112.877
370.15,-0.00041314,112.877
370.2,-0.000409433,112.877
370.25,-0.000411337,112.877
370.3,-0.000401653,112.877
370.35,-0.000400551,112.877
370.4,-0.000401385,112.877
370.45,-0.00040182,112.877
370.5,-0.000417481,112.877
370.55,-0.000414743,112.877
370.6,-0.000410134,112.877
370.65,-0.000411971,112.877
370.7,-0.000405994,112.877
370.75,-0.000410101,112.877
370.8,-0.000408498,112.877
370.85,-0.000401252,112.877
370.9,-0.000402955,112.877
370.95,-0.000400885,112.877
371.0,-0.000396076,112.877
371.05,-0.000396043,112.877
371.1,-0.000396109,112.877
371.15,-0.000394506,112.877
371.2,-0.000402988,112.877
371.25,-0.000404057,112.877
371.3,-0.000396644,112.877
371.35,-0.000410836,112.877
371.4,-0.000414976,112.877
371.45,-0.000407463,112.877
371.5,-0.000398848,112.877
371.55,-0.00040379,112.877
371.6,-0.000407396,112.877
371.65,-0.000410101,112.877
371.7,-0.000404391,112.877
371.75,-0.000408565,112.877
371.8,-0.000411938,112.877
371.85,-0.000405893,112.877
371.9,-0.000404357,112.877
371.95,-0.000401786,112.877
372.0,-0.000408398,112.877
372.05,-0.000404625,112.877
372.1,-0.000405459,112.877
372.15,-0.000401987,112.876
372.2,-0.000400517,112.876
372.25,-0.000403523,112.876
372.3,-0.000402421,112.876
372.35,-0.000397746,112.876
372.4,-0.000393839,112.876
372.45,-0.000398347,112.876
372.5,-0.000410669,112.876
372.55,-0.000406127,112.876
372.6,-0.000409199,112.876
372.65,-0.000403189,112.876
372.7,-0.000408966,112.876
372.75,-0.000401385,112.876
372.8,-0.00041324,112.876
372.85,-0.000410335,112.876
372.9,-0.000421021,112.876
372.95,-0.000422423,112.876
373.0,-0.000409366,112.876
373.05,-0.000415177,112.876
373.1,-0.000411904,112.876
373.15,-0.000409199,112.876
373.2,-0.000418049,112.876
373.25,-0.000413874,112.876
373.3,-0.000416379,112.876
373.35,-0.000397946,112.876
373.4,-0.00039671,112.876
373.45,-0.000395141,112.876
373.5,-0.000393237,112.876
373.55,-0.000396343,112.876
373.6,-0.000406895,112.876
373.65,-0.000401352,112.876
373.7,-0.000397545,112.876
373.75,-0.000395675,112.876
373.8,-0.00039621,112.876
373.85,-0.000399482,112.876
373.9,-0.000407463,112.876
373.95,-0.00039621,112.876
374.0,-0.000410201,112.876
374.05,-0.00041521,112.876
374.1,-0.000416613,112.876
374.15,-0.000416846,112.876
374.2,-0.00041511,112.876
374.25,-0.000412539,112.876
374.3,-0.000407463,112.876
374.35,-0.000413941,112.876
374.4,-0.000414309,112.876
374.45,-0.00041137,112.876
374.5,-0.000412672,112.876
374.55,-0.000408031,112.876
374.6,-0.000411637,112.875
374.65,-0.000418249,112.875
374.7,-0.000418783,112.875
374.75,-0.000415411,112.875
374.8,-0.000406428,112.875
374.85,-0.000415711,112.875
374.9,-0.000405994,112.875
374.95,-0.000417381,112.875
375.0,-0.000412572,112.875
375.05,-0.000410869,112.875
375.1,-0.000410736,112.875
375.15,-0.000400083,112.875
375.2,-0.000402988,112.875
375.25,-0.000405192,112.875
375.3,-0.000407864,112.875
375.35,-0.000414976,112.875
375.4,-0.000410101,112.875
375.45,-0.000408498,112.875
375.5,-0.000401152,112.875
375.55,-0.000400851,112.875
375.6,-0.000405125,112.875
375.65,-0.000401753,112.875
375.7,-0.000402087,112.875
375.75,-0.000402053,112.875
375.8,-0.000394239,112.875
375.85,-0.00039474,112.875
375.9,-0.000400651,112.875
375.95,-0.00039858,112.875
376.0,-0.00040222,112.875
376.05,-0.000397946,112.875
376.1,-0.000402087,112.875
376.15,-0.000401419,112.875
376.2,-0.000403857,112.875
376.25,-0.000406762,112.875
376.3,-0.000412639,112.875
376.35,-0.000410602,112.875
376.4,-0.000405393,112.875
376.45,-0.000409533,112.875
376.5,-0.000426197,112.875
376.55,-0.000424727,112.875
376.6,-0.000411637,112.875
376.65,-0.000412171,112.875
376.7,-0.000401519,112.875
376.75,-0.000391,112.875
376.8,-0.000397712,112.875
376.85,-0.000409166,112.875
376.9,-0.000397979,112.875
376.95,-0.000417481,112.875
377.0,-0.000409199,112.875
377.05,-0.000391334,112.875
377.1,-0.000411036,112.874
377.15,-0.000404057,112.874
377.2,-0.000411103,112.874
377.25,-0.000409634,112.874
377.3,-0.000410201,112.874
377.35,-0.00042426,112.874
377.4,-0.000424026,112.874
377.45,-0.000419117,112.874
377.5,-0.000414809,112.874
377.55,-0.000415377,112.874
377.6,-0.000409166,112.874
377.65,-0.000422423,112.874
377.7,-0.000427365,112.874
377.75,-0.000423725,112.874
377.8,-0.000423592,112.874
377.85,-0.000429235,112.874
377.9,-0.000425061,112.874
377.95,-0.0004284,112.874
378.0,-0.000426631,112.874
378.05,-0.000425829,112.874
378.1,-0.000426731,112.874
378.15,-0.00042446,112.874
378.2,-0.000421688,112.874
378.25,-0.000419651,112.874
378.3,-0.000414142,112.874
378.35,-0.00040576,112.874
378.4,-0.000410235,112.874
378.45,-0.0004098,112.874
378.5,-0.000412205,112.874
378.55,-0.000410535,112.874
378.6,-0.000408799,112.874
378.65,-0.00041334,112.874
378.7,-0.000403489,112.874
378.75,-0.000408431,112.874
378.8,-0.000416913,112.874
378.85,-0.00041157,112.874
378.9,-0.000415644,112.874
378.95,-0.000418483,112.874
379.0,-0.000419184,112.874
379.05,-0.000417514,112.874
379.1,-0.000407897,112.874
379.15,-0.000414041,112.874
379.2,-0.000413808,112.874
379.25,-0.000411804,112.874
379.3,-0.000410268,112.874
379.35,-0.000409233,112.874
379.4,-0.000409233,112.874
379.45,-0.000404291,112.874
379.5,-0.000406461,112.873
379.55,-0.000412973,112.873
379.6,-0.000406995,112.873
379.65,-0.000405326,112.873
379.7,-0.000405025,112.873
379.75,-0.00040005,112.873
379.8,-0.000416279,112.873
379.85,-0.000407563,112.873
379.9,-0.000417514,112.873
379.95,-0.000419485,112.873
380.0,-0.000422623,112.873
380.05,-0.000409333,112.873
380.1,-0.000415511,112.873
380.15,-0.000417882,112.873
380.2,-0.000421021,112.873
380.25,-0.000426363,112.873
380.3,-0.000420219,112.873
380.35,-0.000416713,112.873
380.4,-0.000409099,112.873
380.45,-0.000414242,112.873
380.5,-0.000410301,112.873
380.55,-0.000402454,112.873
380.6,-0.000400517,112.873
380.65,-0.000409133,112.873
380.7,-0.000411437,112.873
380.75,-0.000417013,112.873
380.8,-0.000416145,112.873
380.85,-0.000413641,112.873
380.9,-0.000405359,112.873
380.95,-0.000413474,112.873
381.0,-0.000407864,112.873
381.05,-0.000414976,112.873
381.1,-0.000418883,112.873
381.15,-0.000418616,112.873
381.2,-0.000410669,112.873
381.25,-0.000399115,112.873
381.3,-0.000408498,112.873
381.35,-0.000422256,112.873
381.4,-0.000421521,112.873
381.45,-0.000423325,112.873
381.5,-0.000425295,112.873
381.55,-0.000418483,112.873
381.6,-0.000416713,112.873
381.65,-0.000417882,112.873
381.7,-0.000422256,112.873
381.75,-0.000415811,112.873
381.8,-0.000412372,112.873
381.85,-0.000416446,112.873
381.9,-0.000407162,112.872
381.95,-0.000404858,112.872
382.0,-0.000402855,112.872
382.05,-0.000417982,112.872
382.1,-0.0004095,112.872
382.15,-0.000414743,112.872
382.2,-0.000416379,112.872
382.25,-0.000417748,112.872
382.3,-0.000420419,112.872
382.35,-0.000418015,112.872
382.4,-0.000416846,112.872
382.45,-0.000412272,112.872
382.5,-0.000418149,112.872
382.55,-0.0004097,112.872
382.6,-0.000410502,112.872
382.65,-0.000415377,112.872
382.7,-0.000412171,112.872
382.75,-0.000414242,112.872
382.8,-0.000412906,112.872
382.85,-0.000416346,112.872
382.9,-0.000418583,112.872
382.95,-0.000413374,112.872
383.0,-0.000420052,112.872
383.05,-0.000422724,112.872
383.1,-0.000430037,112.872
383.15,-0.000421588,112.872
383.2,-0.000423926,112.872
383.25,-0.000423425,112.872
383.3,-0.000420753,112.872
383.35,-0.000428701,112.872
383.4,-0.000414609,112.872
383.45,-0.000425128,112.872
383.5,-0.000428467,112.872
383.55,-0.000428067,112.872
383.6,-0.000421021,112.872
383.65,-0.000418149,112.872
383.7,-0.000416346,112.872
383.75,-0.000413808,112.872
383.8,-0.000414008,112.872
383.85,-0.000421154,112.872
383.9,-0.000420386,112.872
383.95,-0.000417147,112.872
384.0,-0.000425863,112.872
384.05,-0.000419117,112.872
384.1,-0.000429436,112.872
384.15,-0.000421455,112.872
384.2,-0.000412806,112.872
384.25,-0.000410368,112.872
384.3,-0.000419184,112.871
384.35,-0.000417548,112.871
384.4,-0.00041875,112.871
384.45,-0.000428668,112.871
384.5,-0.000427232,112.871
384.55,-0.000432474,112.871
384.6,-0.000425863,112.871
384.65,-0.00042633,112.871
384.7,-0.000433777,112.871
384.75,-0.000423492,112.871
384.8,-0.000418249,112.871
384.85,-0.000413407,112.871
384.9,-0.000421488,112.871
384.95,-0.000418549,112.871
385.0,-0.000425161,112.871
385.05,-0.00041157,112.871
385.1,-0.000412873,112.871
385.15,-0.000420419,112.871
385.2,-0.000428601,112.871
385.25,-0.000423792,112.871
385.3,-0.00042426,112.871
385.35,-0.000424928,112.871
385.4,-0.000427599,112.871
385.45,-0.000415344,112.871
385.5,-0.000410134,112.871
385.55,-0.00041304,112.871
385.6,-0.000409734,112.871
385.65,-0.000419618,112.871
385.7,-0.000417281,112.871
385.75,-0.000410402,112.871
385.8,-0.000417548,112.871
385.85,-0.000439754,112.871
385.9,-0.000434478,112.871
385.95,-0.000432441,112.871
386.0,-0.000434411,112.871
386.05,-0.000438218,112.871
386.1,-0.000439954,112.871
386.15,-0.000433209,112.871
386.2,-0.000434244,112.871
386.25,-0.000424293,112.871
386.3,-0.000432107,112.871
386.35,-0.000434278,112.871
386.4,-0.000434879,112.871
386.45,-0.000428901,112.871
386.5,-0.000419418,112.871
386.55,-0.000423225,112.871
386.6,-0.000418349,112.871
386.65,-0.000425963,112.87
386.7,-0.000417648,112.87
386.75,-0.000427165,112.87
386.8,-0.000413874,112.87
386.85,-0.000421989,112.87
386.9,-0.000423425,112.87
386.95,-0.00042052,112.87
387.0,-0.000416279,112.87
387.05,-0.000415277,112.87
387.1,-0.000412405,112.87
387.15,-0.000421188,112.87
387.2,-0.00041344,112.87
387.25,-0.000406962,112.87
387.3,-0.000408565,112.87
387.35,-0.000406261,112.87
387.4,-0.000424226,112.87
387.45,-0.000421755,112.87
387.5,-0.000412171,112.87
387.55,-0.000420353,112.87
387.6,-0.000418416,112.87
387.65,-0.000412138,112.87
387.7,-0.000411971,112.87
387.75,-0.000407396,112.87
387.8,-0.000408966,112.87
387.85,-0.000421822,112.87
387.9,-0.000418349,112.87
387.95,-0.000418049,112.87
388.0,-0.000408532,112.87
388.05,-0.000412105,112.87
388.1,-0.000402187,112.87
388.15,-0.000400016,112.87
388.2,-0.000402755,112.87
388.25,-0.000397979,112.87
388.3,-0.000395341,112.87
388.35,-0.000404992,112.87
388.4,-0.000407396,112.87
388.45,-0.000406895,112.87
388.5,-0.000415143,112.87
388.55,-0.000414976,112.87
388.6,-0.000421789,112.87
388.65,-0.000416713,112.87
388.7,-0.000412205,112.87
388.75,-0.00041324,112.87
388.8,-0.000409433,112.87
388.85,-0.000410569,112.87
388.9,-0.000408097,112.87
388.95,-0.000411804,112.87
389.0,-0.000414409,112.87
389.05,-0.000418082,112.869
389.1,-0.000412071,112.869
389.15,-0.000413106,112.869
389.2,-0.000410001,112.869
389.25,-0.000409734,112.869
389.3,-0.000402855,112.869
389.35,-0.000408865,112.869
389.4,-0.000405025,112.869
389.45,-0.000413374,112.869
389.5,-0.000413507,112.869
389.55,-0.0004098,112.869
389.6,-0.00040419,112.869
389.65,-0.000410702,112.869
389.7,-0.000410769,112.869
389.75,-0.000425963,112.869
389.8,-0.00042279,112.869
389.85,-0.00041521,112.869
389.9,-0.000417815,112.869
389.95,-0.000421421,112.869
390.0,-0.000416112,112.869
390.05,-0.000416312,112.869
390.1,-0.000422189,112.869
390.15,-0.000416379,112.869
390.2,-0.000417247,112.869
390.25,-0.000414175,112.869
390.3,-0.000416412,112.869
390.35,-0.000414542,112.869
390.4,-0.000411804,112.869
390.45,-0.000416546,112.869
390.5,-0.000401886,112.869
390.55,-0.000403356,112.869
390.6,-0.000399148,112.869
390.65,-0.000405459,112.869
390.7,-0.000409967,112.869
390.75,-0.000404491,112.869
390.8,-0.000399816,112.869
390.85,-0.000411437,112.869
390.9,-0.000405025,112.869
390.95,-0.000411504,112.869
391.0,-0.000404357,112.869
391.05,-0.000402087,112.869
391.1,-0.000389765,112.869
391.15,-0.000396944,112.869
391.2,-0.000397412,112.869
391.25,-0.000392636,112.869
391.3,-0.000393705,112.869
391.35,-0.000403489,112.869
391.4,-0.000401252,112.869
391.45,-0.000398013,112.869
391.5,-0.000397211,112.868
391.55,-0.000391735,112.868
391.6,-0.000384388,112.868
391.65,-0.000396978,112.868
391.7,-0.000395241,112.868
391.75,-0.000395876,112.868
391.8,-0.000403356,112.868
391.85,-0.00041137,112.868
391.9,-0.00040015,112.868
391.95,-0.000407763,112.868
392.0,-0.000396143,112.868
392.05,-0.000395341,112.868
392.1,-0.000394607,112.868
392.15,-0.000405827,112.868
392.2,-0.000392737,112.868
392.25,-0.000399515,112.868
392.3,-0.000403322,112.868
392.35,-0.000395709,112.868
392.4,-0.000401352,112.868
392.45,-0.000402454,112.868
392.5,-0.000400851,112.868
392.55,-0.000394907,112.868
392.6,-0.00039454,112.868
392.65,-0.000397679,112.868
392.7,-0.000398681,112.868
392.75,-0.000409634,112.868
392.8,-0.000411236,112.868
392.85,-0.00040202,112.868
392.9,-0.000404925,112.868
392.95,-0.000402821,112.868
393.0,-0.000406528,112.868
393.05,-0.000408932,112.868
393.1,-0.000407396,112.868
393.15,-0.000407797,112.868
393.2,-0.000416179,112.868
393.25,-0.000415377,112.868
393.3,-0.000411737,112.868
393.35,-0.000417414,112.868
393.4,-0.000407663,112.868
393.45,-0.000408164,112.868
393.5,-0.000410402,112.868
393.55,-0.00040222,112.868
393.6,-0.000403623,112.868
393.65,-0.000406027,112.868
393.7,-0.000404792,112.868
393.75,-0.000407229,112.868
393.8,-0.000408331,112.868
393.85,-0.000405125,112.868
393.9,-0.000411303,112.868
393.95,-0.000417281,112.868
394.0,-0.000414309,112.867
394.05,-0.00040743,112.867
394.1,-0.000410569,112.867
394.15,-0.000414743,112.867
394.2,-0.00040763,112.867
394.25,-0.000410268,112.867
394.3,-0.000410201,112.867
394.35,-0.000396844,112.867
394.4,-0.000399716,112.867
394.45,-0.00040202,112.867
394.5,-0.000409433,112.867
394.55,-0.000411203,112.867
394.6,-0.000400684,112.867
394.65,-0.000402955,112.867
394.7,-0.000392403,112.867
394.75,-0.000397846,112.867
394.8,-0.000403923,112.867
394.85,-0.000390332,112.867
394.9,-0.000393839,112.867
394.95,-0.000401753,112.867
395.0,-0.00040753,112.867
395.05,-0.000404558,112.867
395.1,-0.000414843,112.867
395.15,-0.000409533,112.867
395.2,-0.000403356,112.867
395.25,-0.000408799,112.867
395.3,-0.000424861,112.867
395.35,-0.000415945,112.867
395.4,-0.000421889,112.867
395.45,-0.00042082,112.867
395.5,-0.000426096,112.867
395.55,-0.000421688,112.867
395.6,-0.000418383,112.867
395.65,-0.000406328,112.867
395.7,-0.000407697,112.867
395.75,-0.000410402,112.867
395.8,-0.000409667,112.867
395.85,-0.000406929,112.867
395.9,-0.000397211,112.867
395.95,-0.00039464,112.867
396.0,-0.000418349,112.867
396.05,-0.000412338,112.867
396.1,-0.000408298,112.867
396.15,-0.00039828,112.867
396.2,-0.000400651,112.867
396.25,-0.000418716,112.867
396.3,-0.000414108,112.867
396.35,-0.000417648,112.867
396.4,-0.000406561,112.867
396.45,-0.000405793,112.866
396.5,-0.000409066,112.866
396.55,-0.000416713,112.866
396.6,-0.000403857,112.866
396.65,-0.000411604,112.866
396.7,-0.000412205,112.866
396.75,-0.000412539,112.866
396.8,-0.000399115,112.866
396.85,-0.000400183,112.866
396.9,-0.000412171,112.866
396.95,-0.000414442,112.866
397.0,-0.000409967,112.866
397.05,-0.000409734,112.866
397.1,-0.000408431,112.866
397.15,-0.000404324,112.866
397.2,-0.000410101,112.866
397.25,-0.000405693,112.866
397.3,-0.000411236,112.866
397.35,-0.000410268,112.866
397.4,-0.000412405,112.866
397.45,-0.000408632,112.866
397.5,-0.000413207,112.866
397.55,-0.000413307,112.866
397.6,-0.000408431,112.866
397.65,-0.000420086,112.866
397.7,-0.000408865,112.866
397.75,-0.000412839,112.866
397.8,-0.000404491,112.866
397.85,-0.000409767,112.866
397.9,-0.000404725,112.866
397.95,-0.000399382,112.866
398.0,-0.000408999,112.866
398.05,-0.00041521,112.866
398.1,-0.000416279,112.866
398.15,-0.000409867,112.866
398.2,-0.000412505,112.866
398.25,-0.000407763,112.866
398.3,-0.000415444,112.866
398.35,-0.000416646,112.866
398.4,-0.000421521,112.866
398.45,-0.000411704,112.866
398.5,-0.000418683,112.866
398.55,-0.000424794,112.866
398.6,-0.000427632,112.866
398.65,-0.000424761,112.866
398.7,-0.000416346,112.866
398.75,-0.000408097,112.866
398.8,-0.000411938,112.866
398.85,-0.000404892,112.866
398.9,-0.000413106,112.865
398.95,-0.000421889,112.865
399.0,-0.00041324,112.865
399.05,-0.000422156,112.865
399.1,-0.000419318,112.865
399.15,-0.000415978,112.865
399.2,-0.000422891,112.865
399.25,-0.000427165,112.865
399.3,-0.000423391,112.865
399.35,-0.00041718,112.865
399.4,-0.000428668,112.865
399.45,-0.000424827,112.865
399.5,-0.000416846,112.865
399.55,-0.000418349,112.865
399.6,-0.000426464,112.865
399.65,-0.000428501,112.865
399.7,-0.000422356,112.865
399.75,-0.000425428,112.865
399.8,-0.000421588,112.865
399.85,-0.000416813,112.865
399.9,-0.000417514,112.865
399.95,-0.000408298,112.865
400.0,-0.000402287,112.865
400.05,-0.000404892,112.865
400.1,-0.000413073,112.865
400.15,-0.000421722,112.865
400.2,-0.000420586,112.865
400.25,-0.000415878,112.865
400.3,-0.000417114,112.865
400.35,-0.000422757,112.865
400.4,-0.000432875,112.865
400.45,-0.00042239,112.865
400.5,-0.000415678,112.865
400.55,-0.000413975,112.865
400.6,-0.00042239,112.865
400.65,-0.000423358,112.865
400.7,-0.000427332,112.865
400.75,-0.000429269,112.865
400.8,-0.000423993,112.865
400.85,-0.000423625,112.865
400.9,-0.000418149,112.865
400.95,-0.000424961,112.865
401.0,-0.000427966,112.865
401.05,-0.000421488,112.865
401.1,-0.000411637,112.865
401.15,-0.000415344,112.865
401.2,-0.000413073,112.865
401.25,-0.000412839,112.864
401.3,-0.000404658,112.864
401.35,-0.000417114,112.864
401.4,-0.000418015,112.864
401.45,-0.000420687,112.864
401.5,-0.000428734,112.864
401.55,-0.00042416,112.864
401.6,-0.000417481,112.864
401.65,-0.000412305,112.864
401.7,-0.000417247,112.864
401.75,-0.000420954,112.864
401.8,-0.000428668,112.864
401.85,-0.000419818,112.864
401.9,-0.000418449,112.864
401.95,-0.000415477,112.864
402.0,-0.000420453,112.864
402.05,-0.000421622,112.864
402.1,-0.000422223,112.864
402.15,-0.000416913,112.864
402.2,-0.000416112,112.864
402.25,-0.000408431,112.864
402.3,-0.000403255,112.864
402.35,-0.000405059,112.864
402.4,-0.000406862,112.864
402.45,-0.000417648,112.864
402.5,-0.00041698,112.864
402.55,-0.00041501,112.864
402.6,-0.000415043,112.864
402.65,-0.000414709,112.864
402.7,-0.000414075,112.864
402.75,-0.000420687,112.864
402.8,-0.000419217,112.864
402.85,-0.000410134,112.864
402.9,-0.000422356,112.864
402.95,-0.000407864,112.864
403.0,-0.000409734,112.864
403.05,-0.000406695,112.864
403.1,-0.000414175,112.864
403.15,-0.000402621,112.864
403.2,-0.000407396,112.864
403.25,-0.000410435,112.864
403.3,-0.000418683,112.864
403.35,-0.000424627,112.864
403.4,-0.000414375,112.864
403.45,-0.00041314,112.864
403.5,-0.000417247,112.864
403.55,-0.000418049,112.864
403.6,-0.000408465,112.864
403.65,-0.000412272,112.863
403.7,-0.0004093,112.863
403.75,-0.000406929,112.863
403.8,-0.000406294,112.863
403.85,-0.000411403,112.863
403.9,-0.000410635,112.863
403.95,-0.000405793,112.863
404.0,-0.000405125,112.863
404.05,-0.000406962,112.863
404.1,-0.000403923,112.863
404.15,-0.000402254,112.863
404.2,-0.000401719,112.863
404.25,-0.000406862,112.863
404.3,-0.0004094,112.863
404.35,-0.000411136,112.863
404.4,-0.000410669,112.863
404.45,-0.000413073,112.863
404.5,-0.000415244,112.863
404.55,-0.000414642,112.863
404.6,-0.000413874,112.863
404.65,-0.000419017,112.863
404.7,-0.000421355,112.863
404.75,-0.00041678,112.863
404.8,-0.000419384,112.863
404.85,-0.000426497,112.863
404.9,-0.000416312,112.863
404.95,-0.000425863,112.863
405.0,-0.000421688,112.863
405.05,-0.000414208,112.863
405.1,-0.00041117,112.863
405.15,-0.00042062,112.863
405.2,-0.000413941,112.863
405.25,-0.000417948,112.863
405.3,-0.000413507,112.863
405.35,-0.000417848,112.863
405.4,-0.00040586,112.863
405.45,-0.000408532,112.863
405.5,-0.000413207,112.863
405.55,-0.000410602,112.863
405.6,-0.000413641,112.863
405.65,-0.00041501,112.863
405.7,-0.000411003,112.863
405.75,-0.0004093,112.863
405.8,-0.00040556,112.863
405.85,-0.000401686,112.863
405.9,-0.000399015,112.863
405.95,-0.000405226,112.863
406.0,-0.000395441,112.863
406.05,-0.00039631,112.863
406.1,-0.000402955,112.862
406.15,-0.000406662,112.862
406.2,-0.000400918,112.862
406.25,-0.00040606,112.862
406.3,-0.000406561,112.862
406.35,-0.000409567,112.862
406.4,-0.000410702,112.862
406.45,-0.00040586,112.862
406.5,-0.000410502,112.862
406.55,-0.000410936,112.862
406.6,-0.000408097,112.862
406.65,-0.000419651,112.862
406.7,-0.000414041,112.862
406.75,-0.000409066,112.862
406.8,-0.000397879,112.862
406.85,-0.000407196,112.862
406.9,-0.000407196,112.862
406.95,-0.000400751,112.862
407.0,-0.00040743,112.862
407.05,-0.000408832,112.862
407.1,-0.000415845,112.862
407.15,-0.00040576,112.862
407.2,-0.000406361,112.862
407.25,-0.000406829,112.862
407.3,-0.00040753,112.862
407.35,-0.000401486,112.862
407.4,-0.000409467,112.862
407.45,-0.000403923,112.862
407.5,-0.0004096,112.862
407.55,-0.000406962,112.862
407.6,-0.000410736,112.862
407.65,-0.000397846,112.862
407.7,-0.000406895,112.862
407.75,-0.000406929,112.862
407.8,-0.000414442,112.862
407.85,-0.000421822,112.862
407.9,-0.000405927,112.862
407.95,-0.000415511,112.862
408.0,-0.000419618,112.862
408.05,-0.000408565,112.862
408.1,-0.00040556,112.862
408.15,-0.000415411,112.862
408.2,-0.000417681,112.862
408.25,-0.000427799,112.862
408.3,-0.000423892,112.862
408.35,-0.000407463,112.862
408.4,-0.000408999,112.862
408.45,-0.000405125,112.862
408.5,-0.000410969,112.862
408.55,-0.000401987,112.861
408.6,-0.000404157,112.861
408.65,-0.000407029,112.861
408.7,-0.000403356,112.861
408.75,-0.000411303,112.861
408.8,-0.000416613,112.861
408.85,-0.000420586,112.861
408.9,-0.000413975,112.861
408.95,-0.000411837,112.861
409.0,-0.000401653,112.861
409.05,-0.000406261,112.861
409.1,-0.000403489,112.861
409.15,-0.000410669,112.861
409.2,-0.000409767,112.861
409.25,-0.00041314,112.861
409.3,-0.000416446,112.861
409.35,-0.000411036,112.861
409.4,-0.000412973,112.861
409.45,-0.000421054,112.861
409.5,-0.000421889,112.861
409.55,-0.0004283,112.861
409.6,-0.000416846,112.861
409.65,-0.000418149,112.861
409.7,-0.000411236,112.861
409.75,-0.000406929,112.861
409.8,-0.000403155,112.861
409.85,-0.000409533,112.861
409.9,-0.000408231,112.861
409.95,-0.00041324,112.861
410.0,-0.000407029,112.861
410.05,-0.000415444,112.861
410.1,-0.000414208,112.861
410.15,-0.00040783,112.861
410.2,-0.000404458,112.861
410.25,-0.00040379,112.861
410.3,-0.000412539,112.861
410.35,-0.000402087,112.861
410.4,-0.000403857,112.861
410.45,-0.000415143,112.861
410.5,-0.000410869,112.861
410.55,-0.000414976,112.861
410.6,-0.000413708,112.861
410.65,-0.000416312,112.861
410.7,-0.000418516,112.861
410.75,-0.000416279,112.861
410.8,-0.000407463,112.861
410.85,-0.000414342,112.861
410.9,-0.000416513,112.861
410.95,-0.000408264,112.861
411.0,-0.000414976,112.86
411.05,-0.000415511,112.86
411.1,-0.000429235,112.86
411.15,-0.000424527,112.86
411.2,-0.000426898,112.86
411.25,-0.000417948,112.86
411.3,-0.000426864,112.86
411.35,-0.000423692,112.86
411.4,-0.00041885,112.86
411.45,-0.000421121,112.86
411.5,-0.000405192,112.86
411.55,-0.000407697,112.86
411.6,-0.00040369,112.86
411.65,-0.000412205,112.86
411.7,-0.000420319,112.86
411.75,-0.000411537,112.86
411.8,-0.000412038,112.86
411.85,-0.000415811,112.86
411.9,-0.000415678,112.86
411.95,-0.000413307,112.86
412.0,-0.000414576,112.86
412.05,-0.000416813,112.86
412.1,-0.000429068,112.86
412.15,-0.000423425,112.86
412.2,-0.000414542,112.86
412.25,-0.000422323,112.86
412.3,-0.00042997,112.86
412.35,-0.000421655,112.86
412.4,-0.000421021,112.86
412.45,-0.000419818,112.86
412.5,-0.000424193,112.86
412.55,-0.000418817,112.86
412.6,-0.000416379,112.86
412.65,-0.00041531,112.86
412.7,-0.000412372,112.86
412.75,-0.000411704,112.86
412.8,-0.000412405,112.86
412.85,-0.000413474,112.86
412.9,-0.000415878,112.86
412.95,-0.000417347,112.86
413.0,-0.000424026,112.86
413.05,-0.000422557,112.86
413.1,-0.000430337,112.86
413.15,-0.000421087,112.86
413.2,-0.000425963,112.86
413.25,-0.000418783,112.86
413.3,-0.000414943,112.86
413.35,-0.000416412,112.859
413.4,-0.000410535,112.859
413.45,-0.00041344,112.859
413.5,-0.000421321,112.859
413.55,-0.000427465,112.859
413.6,-0.000429603,112.859
413.65,-0.000424493,112.859
413.7,-0.000407663,112.859
413.75,-0.000413641,112.859
413.8,-0.000410569,112.859
413.85,-0.000412806,112.859
413.9,-0.000415611,112.859
413.95,-0.000420186,112.859
414.0,-0.00041314,112.859
414.05,-0.000425095,112.859
414.1,-0.000408465,112.859
414.15,-0.000420486,112.859
414.2,-0.000426464,112.859
414.25,-0.000420386,112.859
414.3,-0.000417948,112.859
414.35,-0.000428434,112.859
414.4,-0.000429168,112.859
414.45,-0.000438519,112.859
414.5,-0.000430872,112.859
414.55,-0.0004282,112.859
414.6,-0.000432141,112.859
414.65,-0.000418015,112.859
414.7,-0.000424861,112.859
414.75,-0.000429736,112.859
414.8,-0.000429302,112.859
414.85,-0.000425863,112.859
414.9,-0.000421254,112.859
414.95,-0.00042613,112.859
415.0,-0.000424961,112.859
415.05,-0.000423358,112.859
415.1,-0.000422757,112.859
415.15,-0.000421722,112.859
415.2,-0.000424026,112.859
415.25,-0.000419885,112.859
415.3,-0.000415511,112.859
415.35,-0.000409867,112.859
415.4,-0.000417281,112.859
415.45,-0.000421622,112.859
415.5,-0.000424527,112.859
415.55,-0.000422857,112.859
415.6,-0.000421188,112.859
415.65,-0.000414476,112.859
415.7,-0.000412939,112.859
415.75,-0.00040783,112.858
415.8,-0.000414142,112.858
415.85,-0.00041688,112.858
415.9,-0.000410902,112.858
415.95,-0.000408131,112.858
416.0,-0.000413507,112.858
416.05,-0.000426263,112.858
416.1,-0.000422957,112.858
416.15,-0.000419418,112.858
416.2,-0.000426096,112.858
416.25,-0.000419384,112.858
416.3,-0.000417848,112.858
416.35,-0.000418149,112.858
416.4,-0.000418583,112.858
416.45,-0.000413841,112.858
416.5,-0.000414976,112.858
416.55,-0.000410368,112.858
416.6,-0.000403656,112.858
416.65,-0.00042259,112.858
416.7,-0.000421655,112.858
416.75,-0.000413207,112.858
416.8,-0.000418383,112.858
416.85,-0.000416078,112.858
416.9,-0.00041708,112.858
416.95,-0.000411837,112.858
417.0,-0.00040793,112.858
417.05,-0.000420887,112.858
417.1,-0.00041491,112.858
417.15,-0.000418015,112.858
417.2,-0.000406394,112.858
417.25,-0.000404458,112.858
417.3,-0.000407096,112.858
417.35,-0.000408498,112.858
417.4,-0.000412672,112.858
417.45,-0.000417882,112.858
417.5,-0.000414342,112.858
417.55,-0.000411403,112.858
417.6,-0.000419151,112.858
417.65,-0.000419318,112.858
417.7,-0.000414709,112.858
417.75,-0.000406127,112.858
417.8,-0.000403356,112.858
417.85,-0.000414008,112.858
417.9,-0.000409767,112.858
417.95,-0.000419952,112.858
418.0,-0.000411069,112.858
418.05,-0.000416479,112.858
418.1,-0.000415644,112.858
418.15,-0.000422857,112.857
418.2,-0.000416846,112.857
418.25,-0.00041875,112.857
418.3,-0.000414375,112.857
418.35,-0.000414275,112.857
418.4,-0.000415344,112.857
418.45,-0.000409433,112.857
418.5,-0.000409734,112.857
418.55,-0.000422891,112.857
418.6,-0.000416746,112.857
418.65,-0.000418583,112.857
418.7,-0.000414609,112.857
418.75,-0.000419885,112.857
418.8,-0.000414776,112.857
418.85,-0.000413006,112.857
418.9,-0.000419551,112.857
418.95,-0.000407196,112.857
419.0,-0.000416412,112.857
419.05,-0.000411771,112.857
419.1,-0.000415911,112.857
419.15,-0.000407864,112.857
419.2,-0.000408732,112.857
419.25,-0.000403923,112.857
419.3,-0.000411537,112.857
419.35,-0.000406127,112.857
419.4,-0.000403623,112.857
419.45,-0.000401686,112.857
419.5,-0.000414008,112.857
419.55,-0.000406962,112.857
419.6,-0.000415411,112.857
419.65,-0.000415611,112.857
419.7,-0.000424928,112.857
419.75,-0.000413941,112.857
419.8,-0.000417882,112.857
419.85,-0.000404792,112.857
419.9,-0.000418049,112.857
419.95,-0.000425529,112.857
420.0,-0.000415644,112.857
420.05,-0.00041531,112.857
420.1,-0.000413541,112.857
420.15,-0.000414442,112.857
420.2,-0.00042269,112.857
420.25,-0.000424594,112.857
420.3,-0.000422223,112.857
420.35,-0.000426664,112.857
420.4,-0.000430538,112.857
420.45,-0.000425729,112.857
420.5,-0.000426197,112.857
420.55,-0.000415678,112.856
420.6,-0.000410034,112.856
420.65,-0.000415077,112.856
420.7,-0.000419852,112.856
420.75,-0.000418349,112.856
420.8,-0.000422757,112.856
420.85,-0.000416379,112.856
420.9,-0.00041531,112.856
420.95,-0.00041895,112.856
421.0,-0.00042446,112.856
421.05,-0.000414442,112.856
421.1,-0.000425362,112.856
421.15,-0.000421956,112.856
421.2,-0.000419017,112.856
421.25,-0.000418783,112.856
421.3,-0.000415511,112.856
421.35,-0.00041718,112.856
421.4,-0.00041865,112.856
421.45,-0.000419184,112.856
421.5,-0.000418549,112.856
421.55,-0.000422857,112.856
421.6,-0.000425629,112.856
421.65,-0.00042987,112.856
421.7,-0.000424928,112.856
421.75,-0.00042072,112.856
421.8,-0.000420553,112.856
421.85,-0.000425929,112.856
421.9,-0.00042603,112.856
421.95,-0.000417214,112.856
422.0,-0.000421321,112.856
422.05,-0.000424059,112.856
422.1,-0.000427432,112.856
422.15,-0.000429703,112.856
422.2,-0.0004284,112.856
422.25,-0.000427632,112.856
422.3,-0.000429703,112.856
422.35,-0.00042633,112.856
422.4,-0.000423859,112.856
422.45,-0.000415711,112.856
422.5,-0.000413374,112.856
422.55,-0.00042239,112.856
422.6,-0.000418549,112.856
422.65,-0.000421622,112.856
422.7,-0.000419919,112.856
422.75,-0.000410836,112.856
422.8,-0.000412272,112.856
422.85,-0.000411804,112.856
422.9,-0.00041304,112.856
422.95,-0.000426263,112.855
423.0,-0.000426864,112.855
423.05,-0.000444563,112.855
423.1,-0.00043725,112.855
423.15,-0.000435547,112.855
423.2,-0.000420954,112.855
423.25,-0.000418349,112.855
423.3,-0.000418216,112.855
423.35,-0.000422456,112.855
423.4,-0.000418383,112.855
423.45,-0.000418583,112.855
423.5,-0.000416479,112.855
423.55,-0.000415043,112.855
423.6,-0.000418583,112.855
423.65,-0.000421822,112.855
423.7,-0.000417281,112.855
423.75,-0.000413641,112.855
423.8,-0.00041865,112.855
423.85,-0.000415277,112.855
423.9,-0.000411403,112.855
423.95,-0.000415778,112.855
424.0,-0.000421588,112.855
424.05,-0.000418783,112.855
424.1,-0.000419117,112.855
424.15,-0.000408832,112.855
424.2,-0.000420987,112.855
424.25,-0.00041521,112.855
424.3,-0.000418449,112.855
424.35,-0.000423024,112.855
424.4,-0.000423592,112.855
424.45,-0.000422724,112.855
424.5,-0.000414976,112.855
424.55,-0.00041344,112.855
424.6,-0.000415644,112.855
424.65,-0.000416913,112.855
424.7,-0.000417514,112.855
424.75,-0.000422256,112.855
424.8,-0.000416078,112.855
424.85,-0.00040763,112.855
424.9,-0.000401586,112.855
424.95,-0.000398614,112.855
425.0,-0.000406328,112.855
425.05,-0.000409066,112.855
425.1,-0.000413173,112.855
425.15,-0.000414509,112.855
425.2,-0.000408598,112.855
425.25,-0.000412472,112.855
425.3,-0.000408765,112.855
425.35,-0.000405092,112.854
425.4,-0.000404491,112.854
425.45,-0.000393171,112.854
425.5,-0.000405059,112.854
425.55,-0.00040773,112.854
425.6,-0.00040202,112.854
425.65,-0.000402187,112.854
425.7,-0.000406728,112.854
425.75,-0.000416746,112.854
425.8,-0.000407363,112.854
425.85,-0.000412939,112.854
425.9,-0.000417615,112.854
425.95,-0.000408331,112.854
426.0,-0.00041501,112.854
426.05,-0.000408431,112.854
426.1,-0.000412272,112.854
426.15,-0.000410936,112.854
426.2,-0.000398079,112.854
426.25,-0.000403623,112.854
426.3,-0.000412973,112.854
426.35,-0.000409967,112.854
426.4,-0.000414743,112.854
426.45,-0.000407062,112.854
426.5,-0.000402421,112.854
426.55,-0.000404758,112.854
426.6,-0.00040773,112.854
426.65,-0.000406862,112.854
426.7,-0.000413073,112.854
426.75,-0.000402454,112.854
426.8,-0.00040576,112.854
426.85,-0.000405459,112.854
426.9,-0.000411938,112.854
426.95,-0.000409133,112.854
427.0,-0.000410535,112.854
427.05,-0.000417247,112.854
427.1,-0.000406528,112.854
427.15,-0.000414876,112.854
427.2,-0.000414976,112.854
427.25,-0.000405059,112.854
427.3,-0.000403723,112.854
427.35,-0.000415177,112.854
427.4,-0.000410201,112.854
427.45,-0.000412205,112.854
427.5,-0.000410569,112.854
427.55,-0.000418149,112.854
427.6,-0.000411069,112.854
427.65,-0.000407964,112.854
427.7,-0.000414642,112.854
427.75,-0.000399449,112.854
427.8,-0.000405526,112.853
427.85,-0.000410468,112.853
427.9,-0.000412772,112.853
427.95,-0.00041531,112.853
428.0,-0.000409567,112.853
428.05,-0.000416279,112.853
428.1,-0.000404992,112.853
428.15,-0.000396143,112.853
428.2,-0.000406929,112.853
428.25,-0.000405693,112.853
428.3,-0.000400951,112.853
428.35,-0.000408632,112.853
428.4,-0.000414108,112.853
428.45,-0.000405927,112.853
428.5,-0.000407396,112.853
428.55,-0.000395642,112.853
428.6,-0.000402521,112.853
428.65,-0.000392536,112.853
428.7,-0.000408966,112.853
428.75,-0.000421588,112.853
428.8,-0.000414576,112.853
428.85,-0.00041531,112.853
428.9,-0.000404958,112.853
428.95,-0.000403556,112.853
429.0,-0.000404558,112.853
429.05,-0.0004098,112.853
429.1,-0.00041511,112.853
429.15,-0.000417548,112.853
429.2,-0.000419585,112.853
429.25,-0.00041304,112.853
429.3,-0.000411771,112.853
429.35,-0.000415477,112.853
429.4,-0.000422623,112.853
429.45,-0.00042436,112.853
429.5,-0.000417448,112.853
429.55,-0.000421388,112.853
429.6,-0.000419885,112.853
429.65,-0.000415244,112.853
429.7,-0.000413941,112.853
429.75,-0.000410335,112.853
429.8,-0.000407697,112.853
429.85,-0.000413374,112.853
429.9,-0.000410301,112.853
429.95,-0.000414275,112.853
430.0,-0.000411704,112.853
430.05,-0.000412004,112.853
430.1,-0.000409934,112.853
430.15,-0.000419718,112.853
430.2,-0.000419752,112.852
430.25,-0.000426163,112.852
430.3,-0.000425195,112.852
430.35,-0.000426564,112.852
430.4,-0.000419752,112.852
430.45,-0.000431139,112.852
430.5,-0.000436882,112.852
430.55,-0.000430571,112.852
430.6,-0.000429202,112.852
430.65,-0.000421421,112.852
430.7,-0.000419384,112.852
430.75,-0.000420186,112.852
430.8,-0.000418583,112.852
430.85,-0.00042092,112.852
430.9,-0.000421922,112.852
430.95,-0.000426163,112.852
431.0,-0.000419585,112.852
431.05,-0.000413574,112.852
431.1,-0.000417114,112.852
431.15,-0.000415244,112.852
431.2,-0.000416279,112.852
431.25,-0.000400885,112.852
431.3,-0.000401252,112.852
431.35,-0.000410535,112.852
431.4,-0.000416112,112.852
431.45,-0.000421889,112.852
431.5,-0.00040556,112.852
431.55,-0.000408665,112.852
431.6,-0.000418783,112.852
431.65,-0.000422423,112.852
431.7,-0.000426464,112.852
431.75,-0.000417715,112.852
431.8,-0.000431372,112.852
431.85,-0.000426263,112.852
431.9,-0.00042279,112.852
431.95,-0.000427833,112.852
432.0,-0.000419284,112.852
432.05,-0.000421154,112.852
432.1,-0.000410702,112.852
432.15,-0.000423191,112.852
432.2,-0.00041708,112.852
432.25,-0.000423391,112.852
432.3,-0.000420019,112.852
432.35,-0.000414542,112.852
432.4,-0.000415945,112.852
432.45,-0.000410168,112.852
432.5,-0.00041304,112.852
432.55,-0.000415344,112.852
432.6,-0.000412171,112.851
432.65,-0.000406795,112.851
432.7,-0.000409667,112.851
432.75,-0.000412038,112.851
432.8,-0.000415778,112.851
432.85,-0.000417114,112.851
432.9,-0.000416913,112.851
432.95,-0.000418182,112.851
433.0,-0.00041324,112.851
433.05,-0.000422123,112.851
433.1,-0.000408765,112.851
433.15,-0.000406528,112.851
433.2,-0.000403923,112.851
433.25,-0.00040389,112.851
433.3,-0.000406862,112.851
433.35,-0.000408097,112.851
433.4,-0.00040783,112.851
433.45,-0.000411403,112.851
433.5,-0.000402254,112.851
433.55,-0.000405927,112.851
433.6,-0.000412272,112.851
433.65,-0.00040566,112.851
433.7,-0.000410602,112.851
433.75,-0.000412439,112.851
433.8,-0.000405159,112.851
433.85,-0.000399582,112.851
433.9,-0.000405159,112.851
433.95,-0.000404357,112.851
434.0,-0.000405994,112.851
434.05,-0.000401552,112.851
434.1,-0.000405326,112.851
434.15,-0.000407096,112.851
434.2,-0.000408198,112.851
434.25,-0.000406294,112.851
434.3,-0.000413407,112.851
434.35,-0.000412973,112.851
434.4,-0.000411303,112.851
434.45,-0.000409734,112.851
434.5,-0.000410669,112.851
434.55,-0.000415711,112.851
434.6,-0.000412138,112.851
434.65,-0.000414876,112.851
434.7,-0.00042239,112.851
434.75,-0.000422123,112.851
434.8,-0.000423024,112.851
434.85,-0.000418182,112.851
434.9,-0.000425629,112.851
434.95,-0.0004284,112.851
435.0,-0.000429202,112.851
435.05,-0.000432241,112.85
435.1,-0.000425362,112.85
435.15,-0.000432474,112.85
435.2,-0.000432107,112.85
435.25,-0.000431506,112.85
435.3,-0.000431005,112.85
435.35,-0.000427332,112.85
435.4,-0.000421254,112.85
435.45,-0.000423291,112.85
435.5,-0.000413808,112.85
435.55,-0.000416145,112.85
435.6,-0.000412639,112.85
435.65,-0.000422456,112.85
435.7,-0.000424126,112.85
435.75,-0.000421121,112.85
435.8,-0.000417882,112.85
435.85,-0.000420954,112.85
435.9,-0.000410969,112.85
435.95,-0.000417147,112.85
436.0,-0.000421054,112.85
436.05,-0.000421755,112.85
436.1,-0.000424694,112.85
436.15,-0.000421388,112.85
436.2,-0.000419017,112.85
436.25,-0.000423525,112.85
436.3,-0.000422323,112.85
436.35,-0.000425996,112.85
436.4,-0.000422056,112.85
436.45,-0.000426063,112.85
436.5,-0.000427232,112.85
436.55,-0.000429603,112.85
436.6,-0.000421488,112.85
436.65,-0.00043007,112.85
436.7,-0.000412004,112.85
436.75,-0.000424293,112.85
436.8,-0.000418883,112.85
436.85,-0.000421688,112.85
436.9,-0.000423525,112.85
436.95,-0.000418182,112.85
437.0,-0.000422056,112.85
437.05,-0.000422724,112.85
437.1,-0.000419785,112.85
437.15,-0.000418015,112.85
437.2,-0.000430504,112.85
437.25,-0.000419919,112.85
437.3,-0.000421321,112.85
437.35,-0.000429035,112.85
437.4,-0.000423492,112.849
437.45,-0.000416913,112.849
437.5,-0.000408665,112.849
437.55,-0.000414576,112.849
437.6,-0.000409166,112.849
437.65,-0.000406495,112.849
437.7,-0.000415411,112.849
437.75,-0.000411771,112.849
437.8,-0.000417581,112.849
437.85,-0.000419852,112.849
437.9,-0.000422523,112.849
437.95,-0.000407396,112.849
438.0,-0.000417114,112.849
438.05,-0.000411971,112.849
438.1,-0.000412539,112.849
438.15,-0.000404324,112.849
438.2,-0.000407196,112.849
438.25,-0.000418383,112.849
438.3,-0.000422824,112.849
438.35,-0.000424794,112.849
438.4,-0.000421154,112.849
438.45,-0.000424059,112.849
438.5,-0.000413474,112.849
438.55,-0.000405393,112.849
438.6,-0.000420219,112.849
438.65,-0.00041314,112.849
438.7,-0.000422156,112.849
438.75,-0.000421655,112.849
438.8,-0.000407897,112.849
438.85,-0.000423692,112.849
438.9,-0.000418583,112.849
438.95,-0.000418416,112.849
439.0,-0.000406161,112.849
439.05,-0.000398747,112.849
439.1,-0.000410268,112.849
439.15,-0.000411236,112.849
439.2,-0.000409066,112.849
439.25,-0.000419485,112.849
439.3,-0.000424527,112.849
439.35,-0.000424827,112.849
439.4,-0.000425128,112.849
439.45,-0.000421889,112.849
439.5,-0.000414375,112.849
439.55,-0.000422824,112.849
439.6,-0.000425963,112.849
439.65,-0.000414208,112.849
439.7,-0.000425028,112.849
439.75,-0.000417715,112.849
439.8,-0.000408832,112.848
439.85,-0.000413073,112.848
439.9,-0.000404424,112.848
439.95,-0.000407129,112.848
440.0,-0.000412305,112.848
440.05,-0.000413808,112.848
440.1,-0.000416947,112.848
440.15,-0.000418516,112.848
440.2,-0.000422824,112.848
440.25,-0.000421221,112.848
440.3,-0.000425929,112.848
440.35,-0.000429002,112.848
440.4,-0.000413774,112.848
440.45,-0.00041698,112.848
440.5,-0.000410335,112.848
440.55,-0.000421455,112.848
440.6,-0.000423058,112.848
440.65,-0.000411103,112.848
440.7,-0.000405125,112.848
440.75,-0.000422123,112.848
440.8,-0.000424427,112.848
440.85,-0.000424193,112.848
440.9,-0.000425529,112.848
440.95,-0.000419251,112.848
441.0,-0.00042072,112.848
441.05,-0.000423124,112.848
441.1,-0.000423425,112.848
441.15,-0.000424527,112.848
441.2,-0.000424627,112.848
441.25,-0.000434545,112.848
441.3,-0.000438552,112.848
441.35,-0.000433743,112.848
441.4,-0.000427499,112.848
441.45,-0.000423492,112.848
441.5,-0.000432374,112.848
441.55,-0.000442426,112.848
441.6,-0.000436882,112.848
441.65,-0.000428167,112.848
441.7,-0.000427766,112.848
441.75,-0.000429402,112.848
441.8,-0.000428634,112.848
441.85,-0.000439654,112.848
441.9,-0.000439153,112.848
441.95,-0.000433009,112.848
442.0,-0.000434344,112.848
442.05,-0.000437617,112.848
442.1,-0.000440923,112.848
442.15,-0.000425262,112.847
442.2,-0.000428334,112.847
442.25,-0.000420753,112.847
442.3,-0.00042259,112.847
442.35,-0.000428234,112.847
442.4,-0.000426798,112.847
442.45,-0.000424093,112.847
442.5,-0.000423124,112.847
442.55,-0.000421555,112.847
442.6,-0.000421622,112.847
442.65,-0.00042259,112.847
442.7,-0.000412605,112.847
442.75,-0.000417848,112.847
442.8,-0.000423492,112.847
442.85,-0.000423558,112.847
442.9,-0.00042653,112.847
442.95,-0.000426798,112.847
443.0,-0.000416346,112.847
443.05,-0.000413975,112.847
443.1,-0.000415578,112.847
443.15,-0.000410301,112.847
443.2,-0.000418416,112.847
443.25,-0.000422189,112.847
443.3,-0.000430938,112.847
443.35,-0.000415578,112.847
443.4,-0.000418449,112.847
443.45,-0.000418483,112.847
443.5,-0.00042052,112.847
443.55,-0.000414809,112.847
443.6,-0.000418817,112.847
443.65,-0.000409967,112.847
443.7,-0.000414709,112.847
443.75,-0.000411637,112.847
443.8,-0.000408031,112.847
443.85,-0.000414442,112.847
443.9,-0.000418516,112.847
443.95,-0.000427365,112.847
444.0,-0.000429135,112.847
444.05,-0.000426163,112.847
444.1,-0.000429903,112.847
444.15,-0.000425028,112.847
444.2,-0.000431105,112.847
444.25,-0.000431473,112.847
444.3,-0.000434612,112.847
444.35,-0.000426831,112.847
444.4,-0.000431439,112.847
444.45,-0.000432808,112.847
444.5,-0.000436448,112.846
444.55,-0.000435413,112.846
444.6,-0.00042977,112.846
444.65,-0.00042249,112.846
444.7,-0.000430471,112.846
444.75,-0.000430003,112.846
444.8,-0.000425529,112.846
444.85,-0.000432207,112.846
444.9,-0.000428901,112.846
444.95,-0.000428133,112.846
445.0,-0.000433844,112.846
445.05,-0.000434278,112.846
445.1,-0.000433844,112.846
445.15,-0.000425863,112.846
445.2,-0.000424393,112.846
445.25,-0.000424059,112.846
445.3,-0.000430003,112.846
445.35,-0.000421321,112.846
445.4,-0.000423859,112.846
445.45,-0.000427666,112.846
445.5,-0.000425896,112.846
445.55,-0.000418182,112.846
445.6,-0.000421188,112.846
445.65,-0.00042279,112.846
445.7,-0.00041895,112.846
445.75,-0.000421254,112.846
445.8,-0.000424493,112.846
445.85,-0.000419818,112.846
445.9,-0.000420453,112.846
445.95,-0.000410969,112.846
446.0,-0.000420086,112.846
446.05,-0.000407463,112.846
446.1,-0.000402922,112.846
446.15,-0.000413607,112.846
446.2,-0.000421021,112.846
446.25,-0.000428601,112.846
446.3,-0.000433743,112.846
446.35,-0.000430204,112.846
446.4,-0.000428501,112.846
446.45,-0.000431139,112.846
446.5,-0.000431807,112.846
446.55,-0.000430905,112.846
446.6,-0.000428901,112.846
446.65,-0.000425161,112.846
446.7,-0.000427432,112.846
446.75,-0.000423158,112.846
446.8,-0.000416546,112.846
446.85,-0.000423558,112.845
446.9,-0.000426197,112.845
446.95,-0.000431807,112.845
447.0,-0.000432508,112.845
447.05,-0.000432975,112.845
447.1,-0.000430638,112.845
447.15,-0.00042446,112.845
447.2,-0.000422623,112.845
447.25,-0.000421622,112.845
447.3,-0.000426497,112.845
447.35,-0.000423425,112.845
447.4,-0.000435246,112.845
447.45,-0.000431706,112.845
447.5,-0.000433677,112.845
447.55,-0.000431539,112.845
447.6,-0.000433142,112.845
447.65,-0.000429937,112.845
447.7,-0.000429703,112.845
447.75,-0.000433242,112.845
447.8,-0.000425362,112.845
447.85,-0.000429035,112.845
447.9,-0.000435647,112.845
447.95,-0.000431573,112.845
448.0,-0.000432341,112.845
448.05,-0.000432708,112.845
448.1,-0.000435279,112.845
448.15,-0.000426898,112.845
448.2,-0.000428167,112.845
448.25,-0.000422957,112.845
448.3,-0.000439687,112.845
448.35,-0.000434779,112.845
448.4,-0.000432808,112.845
448.45,-0.000433443,112.845
448.5,-0.000439621,112.845
448.55,-0.000430371,112.845
448.6,-0.000428167,112.845
448.65,-0.000425762,112.845
448.7,-0.000424594,112.845
448.75,-0.000417815,112.845
448.8,-0.000417915,112.845
448.85,-0.000416212,112.845
448.9,-0.000428734,112.845
448.95,-0.000420119,112.845
449.0,-0.000421188,112.845
449.05,-0.000420419,112.845
449.1,-0.000433443,112.845
449.15,-0.000430137,112.845
449.2,-0.000425161,112.844
449.25,-0.000431773,112.844
449.3,-0.00043164,112.844
449.35,-0.000435814,112.844
449.4,-0.000433343,112.844
449.45,-0.000432141,112.844
449.5,-0.000426697,112.844
449.55,-0.000430671,112.844
449.6,-0.000430705,112.844
449.65,-0.000435613,112.844
449.7,-0.000436415,112.844
449.75,-0.000430337,112.844
449.8,-0.000428334,112.844
449.85,-0.000435814,112.844
449.9,-0.000427098,112.844
449.95,-0.000422423,112.844
450.0,-0.000422891,112.844
450.05,-0.000418583,112.844
450.1,-0.000416613,112.844
450.15,-0.000416212,112.844
450.2,-0.000428701,112.844
450.25,-0.000429803,112.844
450.3,-0.000427766,112.844
450.35,-0.000419919,112.844
450.4,-0.000417715,112.844
450.45,-0.000422957,112.844
450.5,-0.000421588,112.844
450.55,-0.000431606,112.844
450.6,-0.000437116,112.844
450.65,-0.000431139,112.844
450.7,-0.000424493,112.844
450.75,-0.000430271,112.844
450.8,-0.000436315,112.844
450.85,-0.000430504,112.844
450.9,-0.000419384,112.844
450.95,-0.000421655,112.844
451.0,-0.000427265,112.844
451.05,-0.000429536,112.844
451.1,-0.000428901,112.844
451.15,-0.000439788,112.844
451.2,-0.000431105,112.844
451.25,-0.000423225,112.844
451.3,-0.000432007,112.844
451.35,-0.000429469,112.844
451.4,-0.000427933,112.844
451.45,-0.000426497,112.844
451.5,-0.000427632,112.844
451.55,-0.000425395,112.843
451.6,-0.000429469,112.843
451.65,-0.000427399,112.843
451.7,-0.000417882,112.843
451.75,-0.000429402,112.843
451.8,-0.00042466,112.843
451.85,-0.000426464,112.843
451.9,-0.000419351,112.843
451.95,-0.00041511,112.843
452.0,-0.000425595,112.843
452.05,-0.000423225,112.843
452.1,-0.000420319,112.843
452.15,-0.000416913,112.843
452.2,-0.000424427,112.843
452.25,-0.000419318,112.843
452.3,-0.00042259,112.843
452.35,-0.000423826,112.843
452.4,-0.000427532,112.843
452.45,-0.000421956,112.843
452.5,-0.000431306,112.843
452.55,-0.000430271,112.843
452.6,-0.000429903,112.843
452.65,-0.000429436,112.843
452.7,-0.000422089,112.843
452.75,-0.000431372,112.843
452.8,-0.000428267,112.843
452.85,-0.000423725,112.843
452.9,-0.000426798,112.843
452.95,-0.000420687,112.843
453.0,-0.000425896,112.843
453.05,-0.000412672,112.843
453.1,-0.000408264,112.843
453.15,-0.000408899,112.843
453.2,-0.000404023,112.843
453.25,-0.000405626,112.843
453.3,-0.000421254,112.843
453.35,-0.000415711,112.843
453.4,-0.000417548,112.843
453.45,-0.000422657,112.843
453.5,-0.000416212,112.843
453.55,-0.000419151,112.843
453.6,-0.000424226,112.843
453.65,-0.000427566,112.843
453.7,-0.000440155,112.843
453.75,-0.000432608,112.843
453.8,-0.00042603,112.843
453.85,-0.000432207,112.843
453.9,-0.000427198,112.842
453.95,-0.000430037,112.842
454.0,-0.000429569,112.842
454.05,-0.000432775,112.842
454.1,-0.000430538,112.842
454.15,-0.000427566,112.842
454.2,-0.000426631,112.842
454.25,-0.000425696,112.842
454.3,-0.00041718,112.842
454.35,-0.000427666,112.842
454.4,-0.000422757,112.842
454.45,-0.000419017,112.842
454.5,-0.000421421,112.842
454.55,-0.000426864,112.842
454.6,-0.000421154,112.842
454.65,-0.000421121,112.842
454.7,-0.000423692,112.842
454.75,-0.000418383,112.842
454.8,-0.000416245,112.842
454.85,-0.000425362,112.842
454.9,-0.000411637,112.842
454.95,-0.000430104,112.842
455.0,-0.000426564,112.842
455.05,-0.000429135,112.842
455.1,-0.000414008,112.842
455.15,-0.000425095,112.842
455.2,-0.000409166,112.842
455.25,-0.000412405,112.842
455.3,-0.000424594,112.842
455.35,-0.000428267,112.842
455.4,-0.000419217,112.842
455.45,-0.000423692,112.842
455.5,-0.000421889,112.842
455.55,-0.000426263,112.842
455.6,-0.000429436,112.842
455.65,-0.00043164,112.842
455.7,-0.000425195,112.842
455.75,-0.000424193,112.842
455.8,-0.00041511,112.842
455.85,-0.000418015,112.842
455.9,-0.00043538,112.842
455.95,-0.000427065,112.842
456.0,-0.000424059,112.842
456.05,-0.000418483,112.842
456.1,-0.000430104,112.842
456.15,-0.000420086,112.842
456.2,-0.000427065,112.842
456.25,-0.000423291,112.841
456.3,-0.000424827,112.841
456.35,-0.000419551,112.841
456.4,-0.000417615,112.841
456.45,-0.000413941,112.841
456.5,-0.000425228,112.841
456.55,-0.000428033,112.841
456.6,-0.00041885,112.841
456.65,-0.000427966,112.841
456.7,-0.000419017,112.841
456.75,-0.000422356,112.841
456.8,-0.000415077,112.841
456.85,-0.000411437,112.841
456.9,-0.000421989,112.841
456.95,-0.000424326,112.841
457.0,-0.000423525,112.841
457.05,-0.000422156,112.841
457.1,-0.000426898,112.841
457.15,-0.000424994,112.841
457.2,-0.000415945,112.841
457.25,-0.000418249,112.841
457.3,-0.000423458,112.841
457.35,-0.00041314,112.841
457.4,-0.000412772,112.841
457.45,-0.000407897,112.841
457.5,-0.000410335,112.841
457.55,-0.000420186,112.841
457.6,-0.000417114,112.841
457.65,-0.000413674,112.841
457.7,-0.000419151,112.841
457.75,-0.000421956,112.841
457.8,-0.000417781,112.841
457.85,-0.00042426,112.841
457.9,-0.000427165,112.841
457.95,-0.000430471,112.841
458.0,-0.00042082,112.841
458.05,-0.000416746,112.841
458.1,-0.000420119,112.841
458.15,-0.000417013,112.841
458.2,-0.000420787,112.841
458.25,-0.000431473,112.841
458.3,-0.000426263,112.841
458.35,-0.00041304,112.841
458.4,-0.000408765,112.841
458.45,-0.000412939,112.841
458.5,-0.000412138,112.841
458.55,-0.000421388,112.841
458.6,-0.000416078,112.841
458.65,-0.000417214,112.84
458.7,-0.000425128,112.84
458.75,-0.000424059,112.84
458.8,-0.000425529,112.84
458.85,-0.000425762,112.84
458.9,-0.000425529,112.84
458.95,-0.000424226,112.84
459.0,-0.000425028,112.84
459.05,-0.000430471,112.84
459.1,-0.000418883,112.84
459.15,-0.000423492,112.84
459.2,-0.000425295,112.84
459.25,-0.000422891,112.84
459.3,-0.000430504,112.84
459.35,-0.00043932,112.84
459.4,-0.000435012,112.84
459.45,-0.000426096,112.84
459.5,-0.000412739,112.84
459.55,-0.00041698,112.84
459.6,-0.000426263,112.84
459.65,-0.000415644,112.84
459.7,-0.000416045,112.84
459.75,-0.000409734,112.84
459.8,-0.000422356,112.84
459.85,-0.000423325,112.84
459.9,-0.000419117,112.84
459.95,-0.000413073,112.84
460.0,-0.000420086,112.84
460.05,-0.000421054,112.84
460.1,-0.00042623,112.84
460.15,-0.000416479,112.84
460.2,-0.000414242,112.84
460.25,-0.000417815,112.84
460.3,-0.000407463,112.84
460.35,-0.000403589,112.84
460.4,-0.00040389,112.84
460.45,-0.000410836,112.84
460.5,-0.00041127,112.84
460.55,-0.000420319,112.84
460.6,-0.000422957,112.84
460.65,-0.000425662,112.84
460.7,-0.000415277,112.84
460.75,-0.000408498,112.84
460.8,-0.000413073,112.84
460.85,-0.000414542,112.84
460.9,-0.000414809,112.84
460.95,-0.000412639,112.84
461.0,-0.000423592,112.84
461.05,-0.000416112,112.839
461.1,-0.000410702,112.839
461.15,-0.000412105,112.839
461.2,-0.000410802,112.839
461.25,-0.000420219,112.839
461.3,-0.000419251,112.839
461.35,-0.000418149,112.839
461.4,-0.000416346,112.839
461.45,-0.000408498,112.839
461.5,-0.000410535,112.839
461.55,-0.000409567,112.839
461.6,-0.000411036,112.839
461.65,-0.000412372,112.839
461.7,-0.000404357,112.839
461.75,-0.000402855,112.839
461.8,-0.000412171,112.839
461.85,-0.00041708,112.839
461.9,-0.000413741,112.839
461.95,-0.000409734,112.839
462.0,-0.000407697,112.839
462.05,-0.000406461,112.839
462.1,-0.000415611,112.839
462.15,-0.000416112,112.839
462.2,-0.000411537,112.839
462.25,-0.000420887,112.839
462.3,-0.000419952,112.839
462.35,-0.000422523,112.839
462.4,-0.000420253,112.839
462.45,-0.000410635,112.839
462.5,-0.000417882,112.839
462.55,-0.000416312,112.839
462.6,-0.000413708,112.839
462.65,-0.000418683,112.839
462.7,-0.000416846,112.839
462.75,-0.00041167,112.839
462.8,-0.000414375,112.839
462.85,-0.000416379,112.839
462.9,-0.000415578,112.839
462.95,-0.000407196,112.839
463.0,-0.00040202,112.839
463.05,-0.000403756,112.839
463.1,-0.000401619,112.839
463.15,-0.000397278,112.839
463.2,-0.000403389,112.839
463.25,-0.000403623,112.839
463.3,-0.000406561,112.839
463.35,-0.000404524,112.839
463.4,-0.000410736,112.839
463.45,-0.000407496,112.838
463.5,-0.000409967,112.838
463.55,-0.000399048,112.838
463.6,-0.000412505,112.838
463.65,-0.000411403,112.838
463.7,-0.000419384,112.838
463.75,-0.000405025,112.838
463.8,-0.000418984,112.838
463.85,-0.000418616,112.838
463.9,-0.000411069,112.838
463.95,-0.000411837,112.838
464.0,-0.000426664,112.838
464.05,-0.000419718,112.838
464.1,-0.00042082,112.838
464.15,-0.000417815,112.838
464.2,-0.000425295,112.838
464.25,-0.000424727,112.838
464.3,-0.000420553,112.838
464.35,-0.000421655,112.838
464.4,-0.000416913,112.838
464.45,-0.000412973,112.838
464.5,-0.00041531,112.838
464.55,-0.000418549,112.838
464.6,-0.00043391,112.838
464.65,-0.000425495,112.838
464.7,-0.000431372,112.838
464.75,-0.0004282,112.838
464.8,-0.000437483,112.838
464.85,-0.000430705,112.838
464.9,-0.000432575,112.838
464.95,-0.000428901,112.838
465.0,-0.000425829,112.838
465.05,-0.000433543,112.838
465.1,-0.000420586,112.838
465.15,-0.000427766,112.838
465.2,-0.000426464,112.838
465.25,-0.000427365,112.838
465.3,-0.0004279,112.838
465.35,-0.00043194,112.838
465.4,-0.000425829,112.838
465.45,-0.000425662,112.838
465.5,-0.000427566,112.838
465.55,-0.00042249,112.838
465.6,-0.000419485,112.838
465.65,-0.000420319,112.838
465.7,-0.000423425,112.838
465.75,-0.000414342,112.838
465.8,-0.000415644,112.838
465.85,-0.000420253,112.837
465.9,-0.000417047,112.837
465.95,-0.000414142,112.837
466.0,-0.000419551,112.837
466.05,-0.000423993,112.837
466.1,-0.00041678,112.837
466.15,-0.000421421,112.837
466.2,-0.000414375,112.837
466.25,-0.000416379,112.837
466.3,-0.000421388,112.837
466.35,-0.000416479,112.837
466.4,-0.000414008,112.837
466.45,-0.000411637,112.837
466.5,-0.000408732,112.837
466.55,-0.000404124,112.837
466.6,-0.000410936,112.837
466.65,-0.000412272,112.837
466.7,-0.000420253,112.837
466.75,-0.000420687,112.837
466.8,-0.000421588,112.837
466.85,-0.000415578,112.837
466.9,-0.000434011,112.837
466.95,-0.000436749,112.837
467.0,-0.000426197,112.837
467.05,-0.000435446,112.837
467.1,-0.00042082,112.837
467.15,-0.000420419,112.837
467.2,-0.000414442,112.837
467.25,-0.000416212,112.837
467.3,-0.000425161,112.837
467.35,-0.000419785,112.837
467.4,-0.000423826,112.837
467.45,-0.000429168,112.837
467.5,-0.000437817,112.837
467.55,-0.000429469,112.837
467.6,-0.000426263,112.837
467.65,-0.000427332,112.837
467.7,-0.000420887,112.837
467.75,-0.000423759,112.837
467.8,-0.000425863,112.837
467.85,-0.000417815,112.837
467.9,-0.000415878,112.837
467.95,-0.000419418,112.837
468.0,-0.000419351,112.837
468.05,-0.00041167,112.837
468.1,-0.00042239,112.837
468.15,-0.000416479,112.837
468.2,-0.000413273,112.836
468.25,-0.000410769,112.836
468.3,-0.000410669,112.836
468.35,-0.000423592,112.836
468.4,-0.000418683,112.836
468.45,-0.000417314,112.836
468.5,-0.000420854,112.836
468.55,-0.00042436,112.836
468.6,-0.000413073,112.836
468.65,-0.000415878,112.836
468.7,-0.000422857,112.836
468.75,-0.000417948,112.836
468.8,-0.000422891,112.836
468.85,-0.000417948,112.836
468.9,-0.000418583,112.836
468.95,-0.000421822,112.836
469.0,-0.000422623,112.836
469.05,-0.00042653,112.836
469.1,-0.000426564,112.836
469.15,-0.000426564,112.836
469.2,-0.000420086,112.836
469.25,-0.000419351,112.836
469.3,-0.000427465,112.836
469.35,-0.000419384,112.836
469.4,-0.000415978,112.836
469.45,-0.000416145,112.836
469.5,-0.000427132,112.836
469.55,-0.00041521,112.836
469.6,-0.000421722,112.836
469.65,-0.000425195,112.836
469.7,-0.000423391,112.836
469.75,-0.000416713,112.836
469.8,-0.000410669,112.836
469.85,-0.00041698,112.836
469.9,-0.000413374,112.836
469.95,-0.000404558,112.836
470.0,-0.000417948,112.836
470.05,-0.000423124,112.836
470.1,-0.000423291,112.836
470.15,-0.000414242,112.836
470.2,-0.000415377,112.836
470.25,-0.000409767,112.836
470.3,-0.000420386,112.836
470.35,-0.000410902,112.836
470.4,-0.00041324,112.836
470.45,-0.000415411,112.836
470.5,-0.000412372,112.836
470.55,-0.000396443,112.836
470.6,-0.000406261,112.835
470.65,-0.000402688,112.835
470.7,-0.000394573,112.835
470.75,-0.00040035,112.835
470.8,-0.000401319,112.835
470.85,-0.000406261,112.835
470.9,-0.000416078,112.835
470.95,-0.000411737,112.835
471.0,-0.000405493,112.835
471.05,-0.000410736,112.835
471.1,-0.000416346,112.835
471.15,-0.000405727,112.835
471.2,-0.000400918,112.835
471.25,-0.000409099,112.835
471.3,-0.000423592,112.835
471.35,-0.000410402,112.835
471.4,-0.000413106,112.835
471.45,-0.000410068,112.835
471.5,-0.000407997,112.835
471.55,-0.000406328,112.835
471.6,-0.000414609,112.835
471.65,-0.000407263,112.835
471.7,-0.000415043,112.835
471.75,-0.000412305,112.835
471.8,-0.000419818,112.835
471.85,-0.000415678,112.835
471.9,-0.000413908,112.835
471.95,-0.000415911,112.835
472.0,-0.000412706,112.835
472.05,-0.000420052,112.835
472.1,-0.000425028,112.835
472.15,-0.000422156,112.835
472.2,-0.000418883,112.835
472.25,-0.000424861,112.835
472.3,-0.00042633,112.835
472.35,-0.000427532,112.835
472.4,-0.000421388,112.835
472.45,-0.000419718,112.835
472.5,-0.000427365,112.835
472.55,-0.000423325,112.835
472.6,-0.000429002,112.835
472.65,-0.000434912,112.835
472.7,-0.000427132,112.835
472.75,-0.00042072,112.835
472.8,-0.00042603,112.835
472.85,-0.000426898,112.835
472.9,-0.000433777,112.835
472.95,-0.000425863,112.835
473.0,-0.000423358,112.834
473.05,-0.000421188,112.834
473.1,-0.000428133,112.834
473.15,-0.000430404,112.834
473.2,-0.000421488,112.834
473.25,-0.000417581,112.834
473.3,-0.000420453,112.834
473.35,-0.000424193,112.834
473.4,-0.000421688,112.834
473.45,-0.000431072,112.834
473.5,-0.000434344,112.834
473.55,-0.000431807,112.834
473.6,-0.00043017,112.834
473.65,-0.000432641,112.834
473.7,-0.000428067,112.834
473.75,-0.000428935,112.834
473.8,-0.000431573,112.834
473.85,-0.000445231,112.834
473.9,-0.000442492,112.834
473.95,-0.00043184,112.834
474.0,-0.000431873,112.834
474.05,-0.000428133,112.834
474.1,-0.000440222,112.834
474.15,-0.000431105,112.834
474.2,-0.000432875,112.834
474.25,-0.000429402,112.834
474.3,-0.000418683,112.834
474.35,-0.000422957,112.834
474.4,-0.000424527,112.834
474.45,-0.000428835,112.834
474.5,-0.000434845,112.834
474.55,-0.000431673,112.834
474.6,-0.000432207,112.834
474.65,-0.000434912,112.834
474.7,-0.000426931,112.834
474.75,-0.000424727,112.834
474.8,-0.000430237,112.834
474.85,-0.000435947,112.834
474.9,-0.000431974,112.834
474.95,-0.000433443,112.834
475.0,-0.000437316,112.834
475.05,-0.000441591,112.834
475.1,-0.000450006,112.834
475.15,-0.000452777,112.834
475.2,-0.000447601,112.834
475.25,-0.000436214,112.834
475.3,-0.00043174,112.833
475.35,-0.000429135,112.833
475.4,-0.000429703,112.833
475.45,-0.000431272,112.833
475.5,-0.000443561,112.833
475.55,-0.000436548,112.833
475.6,-0.000433576,112.833
475.65,-0.000439019,112.833
475.7,-0.000438552,112.833
475.75,-0.000436749,112.833
475.8,-0.000438953,112.833
475.85,-0.000440756,112.833
475.9,-0.000442659,112.833
475.95,-0.000447635,112.833
476.0,-0.000443361,112.833
476.05,-0.000434378,112.833
476.1,-0.000438418,112.833
476.15,-0.000434311,112.833
476.2,-0.000431372,112.833
476.25,-0.000438552,112.833
476.3,-0.000442659,112.833
476.35,-0.000441023,112.833
476.4,-0.000435914,112.833
476.45,-0.000435279,112.833
476.5,-0.000430471,112.833
476.55,-0.000428835,112.833
476.6,-0.000426998,112.833
476.65,-0.000435647,112.833
476.7,-0.000422323,112.833
476.75,-0.000431205,112.833
476.8,-0.000429135,112.833
476.85,-0.000424393,112.833
476.9,-0.000425161,112.833
476.95,-0.000423225,112.833
477.0,-0.000414743,112.833
477.05,-0.000428868,112.833
477.1,-0.000426931,112.833
477.15,-0.000434946,112.833
477.2,-0.000421789,112.833
477.25,-0.000426731,112.833
477.3,-0.000422223,112.833
477.35,-0.000429803,112.833
477.4,-0.000412505,112.833
477.45,-0.000425028,112.833
477.5,-0.000434011,112.833
477.55,-0.000434979,112.833
477.6,-0.000434745,112.833
477.65,-0.000430137,112.832
477.7,-0.000436548,112.832
477.75,-0.000425829,112.832
477.8,-0.000421455,112.832
477.85,-0.000421755,112.832
477.9,-0.000425729,112.832
477.95,-0.000431172,112.832
478.0,-0.000429937,112.832
478.05,-0.000426397,112.832
478.1,-0.000422256,112.832
478.15,-0.000430604,112.832
478.2,-0.000430671,112.832
478.25,-0.000415711,112.832
478.3,-0.000430771,112.832
478.35,-0.000414041,112.832
478.4,-0.000410502,112.832
478.45,-0.000421421,112.832
478.5,-0.000428501,112.832
478.55,-0.000426096,112.832
478.6,-0.000420787,112.832
478.65,-0.000420386,112.832
478.7,-0.000427699,112.832
478.75,-0.000423926,112.832
478.8,-0.00041885,112.832
478.85,-0.00042633,112.832
478.9,-0.000425061,112.832
478.95,-0.000427766,112.832
479.0,-0.000424226,112.832
479.05,-0.000419685,112.832
479.1,-0.000412973,112.832
479.15,-0.000413307,112.832
479.2,-0.000411103,112.832
479.25,-0.000420887,112.832
479.3,-0.000425595,112.832
479.35,-0.000414142,112.832
479.4,-0.000416212,112.832
479.45,-0.000414075,112.832
479.5,-0.000415344,112.832
479.55,-0.000409032,112.832
479.6,-0.000410669,112.832
479.65,-0.000413741,112.832
479.7,-0.000402421,112.832
479.75,-0.00041167,112.832
479.8,-0.000411971,112.832
479.85,-0.000419651,112.832
479.9,-0.000427733,112.832
479.95,-0.000412439,112.832
480.0,-0.000426497,112.831
480.05,-0.00042643,112.831
480.1,-0.000419451,112.831
480.15,-0.000434244,112.831
480.2,-0.00043755,112.831
480.25,-0.000435647,112.831
480.3,-0.000424861,112.831
480.35,-0.000427833,112.831
480.4,-0.000430271,112.831
480.45,-0.000426998,112.831
480.5,-0.000419418,112.831
480.55,-0.00042082,112.831
480.6,-0.000417448,112.831
480.65,-0.000418249,112.831
480.7,-0.000419151,112.831
480.75,-0.000413541,112.831
480.8,-0.000415411,112.831
480.85,-0.0004284,112.831
480.9,-0.000423291,112.831
480.95,-0.000425095,112.831
481.0,-0.00042072,112.831
481.05,-0.000414108,112.831
481.1,-0.000426163,112.831
481.15,-0.000433009,112.831
481.2,-0.000426764,112.831
481.25,-0.000435714,112.831
481.3,-0.000433376,112.831
481.35,-0.00043568,112.831
481.4,-0.000427833,112.831
481.45,-0.000425762,112.831
481.5,-0.000429569,112.831
481.55,-0.00042977,112.831
481.6,-0.000432942,112.831
481.65,-0.00042259,112.831
481.7,-0.000422456,112.831
481.75,-0.000418483,112.831
481.8,-0.000433944,112.831
481.85,-0.00041905,112.831
481.9,-0.00041344,112.831
481.95,-0.00041127,112.831
482.0,-0.000403456,112.831
482.05,-0.000413774,112.831
482.1,-0.000413374,112.831
482.15,-0.000418216,112.831
482.2,-0.000413808,112.831
482.25,-0.000404792,112.831
482.3,-0.000407563,112.831
482.35,-0.000408832,112.831
482.4,-0.0004097,112.83
482.45,-0.000419585,112.83
482.5,-0.0004281,112.83
482.55,-0.000415945,112.83
482.6,-0.000415043,112.83
482.65,-0.000383754,112.83
482.7,-0.000371332,112.83
482.75,-0.000320474,112.83
482.8,-0.000317168,112.83
482.85,-0.00031069,112.83
482.9,-0.000311391,112.83
482.95,-0.000325449,112.83
483.0,-0.000327152,112.83
483.05,-0.00033313,112.83
483.1,-0.000335167,112.83
483.15,-0.000325717,112.83
483.2,-0.000329256,112.83
483.25,-0.000343215,112.83
483.3,-0.000337304,112.83
483.35,-0.000338874,112.83
483.4,-0.000330826,112.83
483.45,-0.00033323,112.83
483.5,-0.000336402,112.83
483.55,-0.000342914,112.83
483.6,-0.000339842,112.83
483.65,-0.000377843,112.83
483.7,-0.000385524,112.83
483.75,-0.000384455,112.83
483.8,-0.000390499,112.83
483.85,-0.000390199,112.83
483.9,-0.000412539,112.83
483.95,-0.000423124,112.83
484.0,-0.000424126,112.83
484.05,-0.000424326,112.83
484.1,-0.000417581,112.83
484.15,-0.000413273,112.83
484.2,-0.000425161,112.83
484.25,-0.000423024,112.83
484.3,-0.000422356,112.83
484.35,-0.000432341,112.83
484.4,-0.000424727,112.83
484.45,-0.000421622,112.83
484.5,-0.000427833,112.83
484.55,-0.00043351,112.83
484.6,-0.000431773,112.83
484.65,-0.000428133,112.83
484.7,-0.000420887,112.83
484.75,-0.000425495,112.83
484.8,-0.000427532,112.83
484.85,-0.000421922,112.83
484.9,-0.000418383,112.83
484.95,-0.00041718,112.829
485.0,-0.000424193,112.829
485.05,-0.000429002,112.829
485.1,-0.000428668,112.829
485.15,-0.000431139,112.829
485.2,-0.000423091,112.829
485.25,-0.000422657,112.829
485.3,-0.00042623,112.829
485.35,-0.000424861,112.829
485.4,-0.000423659,112.829
485.45,-0.000420253,112.829
485.5,-0.000421288,112.829
485.55,-0.000420386,112.829
485.6,-0.00042446,112.829
485.65,-0.000429002,112.829
485.7,-0.000419752,112.829
485.75,-0.000428501,112.829
485.8,-0.00042436,112.829
485.85,-0.000430204,112.829
485.9,-0.000433209,112.829
485.95,-0.000432441,112.829
486.0,-0.000422991,112.829
486.05,-0.000421021,112.829
486.1,-0.000432474,112.829
486.15,-0.000432775,112.829
486.2,-0.000430738,112.829
486.25,-0.000424393,112.829
486.3,-0.000428801,112.829
486.35,-0.0004283,112.829
486.4,-0.000429636,112.829
486.45,-0.000427966,112.829
486.5,-0.000434077,112.829
486.55,-0.000427098,112.829
486.6,-0.000432241,112.829
486.65,-0.000431974,112.829
486.7,-0.000432307,112.829
486.75,-0.000427299,112.829
486.8,-0.000430805,112.829
486.85,-0.000432307,112.829
486.9,-0.000424527,112.829
486.95,-0.000417848,112.829
487.0,-0.00041895,112.829
487.05,-0.00042436,112.829
487.1,-0.000420086,112.829
487.15,-0.00042082,112.829
487.2,-0.000426831,112.829
487.25,-0.000430371,112.829
487.3,-0.000437383,112.828
487.35,-0.000433443,112.828
487.4,-0.000432842,112.828
487.45,-0.000427666,112.828
487.5,-0.000436415,112.828
487.55,-0.000429035,112.828
487.6,-0.000426831,112.828
487.65,-0.000427566,112.828
487.7,-0.000423024,112.828
487.75,-0.000426931,112.828
487.8,-0.000421655,112.828
487.85,-0.000416379,112.828
487.9,-0.000419384,112.828
487.95,-0.000422156,112.828
488.0,-0.00041895,112.828
488.05,-0.000419885,112.828
488.1,-0.000426197,112.828
488.15,-0.000434812,112.828
488.2,-0.000434077,112.828
488.25,-0.000422757,112.828
488.3,-0.000429736,112.828
488.35,-0.000428601,112.828
488.4,-0.000423892,112.828
488.45,-0.000434511,112.828
488.5,-0.000432875,112.828
488.55,-0.000439621,112.828
488.6,-0.000447167,112.828
488.65,-0.000430905,112.828
488.7,-0.000423058,112.828
488.75,-0.000427132,112.828
488.8,-0.000422523,112.828
488.85,-0.000423191,112.828
488.9,-0.000423592,112.828
488.95,-0.000428234,112.828
489.0,-0.000429402,112.828
489.05,-0.000423091,112.828
489.1,-0.000429502,112.828
489.15,-0.00042643,112.828
489.2,-0.000426831,112.828
489.25,-0.000435112,112.828
489.3,-0.00043194,112.828
489.35,-0.000428835,112.828
489.4,-0.00042269,112.828
489.45,-0.000432775,112.828
489.5,-0.000429536,112.828
489.55,-0.000429536,112.828
489.6,-0.000437684,112.828
489.65,-0.000434578,112.827
489.7,-0.000431606,112.827
489.75,-0.000429235,112.827
489.8,-0.000425428,112.827
489.85,-0.000431072,112.827
489.9,-0.000440489,112.827
489.95,-0.000431372,112.827
490.0,-0.000430204,112.827
490.05,-0.000423425,112.827
490.1,-0.00041688,112.827
490.15,-0.000422724,112.827
490.2,-0.000413808,112.827
490.25,-0.000420353,112.827
490.3,-0.000414843,112.827
490.35,-0.000408031,112.827
490.4,-0.000413474,112.827
490.45,-0.000402521,112.827
490.5,-0.000413073,112.827
490.55,-0.000407964,112.827
490.6,-0.000401152,112.827
490.65,-0.000411337,112.827
490.7,-0.000418883,112.827
490.75,-0.000410736,112.827
490.8,-0.000410702,112.827
490.85,-0.00040606,112.827
490.9,-0.000416613,112.827
490.95,-0.000411136,112.827
491.0,-0.000411403,112.827
491.05,-0.000414876,112.827
491.1,-0.00040576,112.827
491.15,-0.000414075,112.827
491.2,-0.000415444,112.827
491.25,-0.0004096,112.827
491.3,-0.000406394,112.827
491.35,-0.00042072,112.827
491.4,-0.000419017,112.827
491.45,-0.000412672,112.827
491.5,-0.000410969,112.827
491.55,-0.00041521,112.827
491.6,-0.000400885,112.827
491.65,-0.000402688,112.827
491.7,-0.000410235,112.827
491.75,-0.000412505,112.827
491.8,-0.000413574,112.827
491.85,-0.000409366,112.827
491.9,-0.000410902,112.827
491.95,-0.000419084,112.827
492.0,-0.000418282,112.827
492.05,-0.000416646,112.826
492.1,-0.000413106,112.826
492.15,-0.000418416,112.826
492.2,-0.000415945,112.826
492.25,-0.000423325,112.826
492.3,-0.000425295,112.826
492.35,-0.000413106,112.826
492.4,-0.000423425,112.826
492.45,-0.000417147,112.826
492.5,-0.000413674,112.826
492.55,-0.000421188,112.826
492.6,-0.00042082,112.826
492.65,-0.000424193,112.826
492.7,-0.000420987,112.826
492.75,-0.000421355,112.826
492.8,-0.000425729,112.826
492.85,-0.000416613,112.826
492.9,-0.000426397,112.826
492.95,-0.000424427,112.826
493.0,-0.000417114,112.826
493.05,-0.000413908,112.826
493.1,-0.000417247,112.826
493.15,-0.000414709,112.826
493.2,-0.000419952,112.826
493.25,-0.000413106,112.826
493.3,-0.000404992,112.826
493.35,-0.000417481,112.826
493.4,-0.000419618,112.826
493.45,-0.000421388,112.826
493.5,-0.000424961,112.826
493.55,-0.000425929,112.826
493.6,-0.000425362,112.826
493.65,-0.000429903,112.826
493.7,-0.000420186,112.826
493.75,-0.000424527,112.826
493.8,-0.000433142,112.826
493.85,-0.000438919,112.826
493.9,-0.000430671,112.826
493.95,-0.000433743,112.826
494.0,-0.000423358,112.826
494.05,-0.000420753,112.826
494.1,-0.000422089,112.826
494.15,-0.000423458,112.826
494.2,-0.000429369,112.826
494.25,-0.000425328,112.826
494.3,-0.000420854,112.826
494.35,-0.000424059,112.826
494.4,-0.000422189,112.826
494.45,-0.000419017,112.825
494.5,-0.000425061,112.825
494.55,-0.000430671,112.825
494.6,-0.000430604,112.825
494.65,-0.00043578,112.825
494.7,-0.000424861,112.825
494.75,-0.000425328,112.825
494.8,-0.000430304,112.825
494.85,-0.000424761,112.825
494.9,-0.000432875,112.825
494.95,-0.000430738,112.825
495.0,-0.000438185,112.825
495.05,-0.000435947,112.825
495.1,-0.000437417,112.825
495.15,-0.000427031,112.825
495.2,-0.000438686,112.825
495.25,-0.000437016,112.825
495.3,-0.000441023,112.825
495.35,-0.000434712,112.825
495.4,-0.000443661,112.825
495.45,-0.000446533,112.825
495.5,-0.00044139,112.825
495.55,-0.000436114,112.825
495.6,-0.000436381,112.825
495.65,-0.000431272,112.825
495.7,-0.000438352,112.825
495.75,-0.000439687,112.825
495.8,-0.000438619,112.825
495.85,-0.000444062,112.825
495.9,-0.000439788,112.825
495.95,-0.000436114,112.825
496.0,-0.000437517,112.825
496.05,-0.000433543,112.825
496.1,-0.000433042,112.825
496.15,-0.000437817,112.825
496.2,-0.000431573,112.825
496.25,-0.000432708,112.825
496.3,-0.000437016,112.825
496.35,-0.000439554,112.825
496.4,-0.000435413,112.825
496.45,-0.000428601,112.825
496.5,-0.000427966,112.825
496.55,-0.000429669,112.825
496.6,-0.000427432,112.825
496.65,-0.000437751,112.825
496.7,-0.000422156,112.825
496.75,-0.000425996,112.824
496.8,-0.000423926,112.824
496.85,-0.000425495,112.824
496.9,-0.000419685,112.824
496.95,-0.000427666,112.824
497.0,-0.000429436,112.824
497.05,-0.000436047,112.824
497.1,-0.000423725,112.824
497.15,-0.000424326,112.824
497.2,-0.000429569,112.824
497.25,-0.000421889,112.824
497.3,-0.000435847,112.824
497.35,-0.000431439,112.824
497.4,-0.000428467,112.824
497.45,-0.000430237,112.824
497.5,-0.000423425,112.824
497.55,-0.000424594,112.824
497.6,-0.000431807,112.824
497.65,-0.000429335,112.824
497.7,-0.00042977,112.824
497.75,-0.000428668,112.824
497.8,-0.000428768,112.824
497.85,-0.000424293,112.824
497.9,-0.000430337,112.824
497.95,-0.000421154,112.824
498.0,-0.000410101,112.824
498.05,-0.000408365,112.824
498.1,-0.000418049,112.824
498.15,-0.000427499,112.824
498.2,-0.000423291,112.824
498.25,-0.000430538,112.824
498.3,-0.00042997,112.824
498.35,-0.000434144,112.824
498.4,-0.000426063,112.824
498.45,-0.000422857,112.824
498.5,-0.000434211,112.824
498.55,-0.000433677,112.824
498.6,-0.00042416,112.824
498.65,-0.000417013,112.824
498.7,-0.000422623,112.824
498.75,-0.000413607,112.824
498.8,-0.000417915,112.824
498.85,-0.000407196,112.824
498.9,-0.000407697,112.824
498.95,-0.000411003,112.824
499.0,-0.000414142,112.824
499.05,-0.000418349,112.824
499.1,-0.000421521,112.823
499.15,-0.000423325,112.823
499.2,-0.000431606,112.823
499.25,-0.000421355,112.823
499.3,-0.000415644,112.823
499.35,-0.00041885,112.823
499.4,-0.000423325,112.823
499.45,-0.000421622,112.823
499.5,-0.000413307,112.823
499.55,-0.000424059,112.823
499.6,-0.000419852,112.823
499.65,-0.000425796,112.823
499.7,-0.00043184,112.823
499.75,-0.000424293,112.823
499.8,-0.000426664,112.823
499.85,-0.000442392,112.823
499.9,-0.000449271,112.823
499.95,-0.000425629,112.823
500.0,-0.000424761,112.823
500.05,-0.000425328,112.823
500.1,-0.000440155,112.823
500.15,-0.000442392,112.823
500.2,-0.000441991,112.823
500.25,-0.000440255,112.823
500.3,-0.00043568,112.823
500.35,-0.000438752,112.823
500.4,-0.000431205,112.823
500.45,-0.000434779,112.823
500.5,-0.000432408,112.823
500.55,-0.000425061,112.823
500.6,-0.000429569,112.823
500.65,-0.000431539,112.823
500.7,-0.000425729,112.823
500.75,-0.000427632,112.823
500.8,-0.000433576,112.823
500.85,-0.000432207,112.823
500.9,-0.00042466,112.823
500.95,-0.000432408,112.823
501.0,-0.000436381,112.823
501.05,-0.000433343,112.823
501.1,-0.000434111,112.823
501.15,-0.000436248,112.823
501.2,-0.000429102,112.823
501.25,-0.000437517,112.823
501.3,-0.000428,112.823
501.35,-0.000426998,112.823
501.4,-0.000425562,112.822
501.45,-0.000417147,112.822
501.5,-0.000421922,112.822
501.55,-0.000414976,112.822
501.6,-0.000423792,112.822
501.65,-0.000421622,112.822
501.7,-0.000413374,112.822
501.75,-0.000420687,112.822
501.8,-0.000420319,112.822
501.85,-0.000424126,112.822
501.9,-0.000426564,112.822
501.95,-0.000419651,112.822
502.0,-0.000418115,112.822
502.05,-0.000417982,112.822
502.1,-0.000414275,112.822
502.15,-0.000418149,112.822
502.2,-0.000422724,112.822
502.25,-0.000422356,112.822
502.3,-0.0004284,112.822
502.35,-0.00042613,112.822
502.4,-0.000428668,112.822
502.45,-0.000425228,112.822
502.5,-0.000419585,112.822
502.55,-0.000422991,112.822
502.6,-0.000433042,112.822
502.65,-0.000436615,112.822
502.7,-0.000427065,112.822
502.75,-0.000427031,112.822
502.8,-0.000424928,112.822
502.85,-0.00041885,112.822
502.9,-0.0004094,112.822
502.95,-0.000414576,112.822
503.0,-0.000415678,112.822
503.05,-0.000413808,112.822
503.1,-0.000423558,112.822
503.15,-0.00042229,112.822
503.2,-0.000425595,112.822
503.25,-0.000421355,112.822
503.3,-0.000402554,112.822
503.35,-0.000405994,112.822
503.4,-0.000413808,112.822
503.45,-0.000414676,112.822
503.5,-0.000410034,112.822
503.55,-0.000416045,112.822
503.6,-0.000419485,112.822
503.65,-0.000417581,112.822
503.7,-0.000419418,112.822
503.75,-0.00041905,112.822
503.8,-0.000413808,112.821
503.85,-0.000413874,112.821
503.9,-0.000412138,112.821
503.95,-0.000412939,112.821
504.0,-0.000419384,112.821
504.05,-0.000413674,112.821
504.1,-0.000414542,112.821
504.15,-0.000420787,112.821
504.2,-0.000426363,112.821
504.25,-0.000435046,112.821
504.3,-0.000420954,112.821
504.35,-0.000419818,112.821
504.4,-0.000410201,112.821
504.45,-0.000425929,112.821
504.5,-0.000431172,112.821
504.55,-0.000427399,112.821
504.6,-0.000432441,112.821
504.65,-0.00042997,112.821
504.7,-0.000423625,112.821
504.75,-0.000428567,112.821
504.8,-0.000428267,112.821
504.85,-0.000422957,112.821
504.9,-0.0004284,112.821
504.95,-0.000427332,112.821
505.0,-0.000430371,112.821
505.05,-0.000425562,112.821
505.1,-0.000421488,112.821
505.15,-0.000418817,112.821
505.2,-0.000415043,112.821
505.25,-0.000413207,112.821
505.3,-0.000419718,112.821
505.35,-0.000418316,112.821
505.4,-0.000421355,112.821
505.45,-0.000422857,112.821
505.5,-0.000430104,112.821
505.55,-0.000427833,112.821
505.6,-0.000422156,112.821
505.65,-0.000419251,112.821
505.7,-0.000419284,112.821
505.75,-0.00042623,112.821
505.8,-0.000425428,112.821
505.85,-0.000439053,112.821
505.9,-0.000438018,112.821
505.95,-0.000436515,112.821
506.0,-0.000439287,112.821
506.05,-0.000427566,112.821
506.1,-0.000415077,112.821
506.15,-0.000420119,112.82
506.2,-0.000421956,112.82
506.25,-0.000434011,112.82
506.3,-0.000428734,112.82
506.35,-0.000425696,112.82
506.4,-0.000399883,112.82
506.45,-0.000338907,112.82
506.5,-0.000341612,112.82
506.55,-0.000362249,112.82
506.6,-0.000357707,112.82
506.65,-0.000367324,112.82
506.7,-0.000364019,112.82
506.75,-0.000365755,112.82
506.8,-0.000364887,112.82
506.85,-0.000379446,112.82
506.9,-0.000376875,112.82
506.95,-0.000367191,112.82
507.0,-0.000363451,112.82
507.05,-0.0003535,112.82
507.1,-0.000353233,112.82
507.15,-0.000354902,112.82
507.2,-0.000359444,112.82
507.25,-0.000357039,112.82
507.3,-0.00036098,112.82
507.35,-0.000368527,112.82
507.4,-0.000368293,112.82
507.45,-0.00036088,112.82
507.5,-0.000365889,112.82
507.55,-0.000364519,112.82
507.6,-0.000365054,112.82
507.65,-0.00036679,112.82
507.7,-0.000365822,112.82
507.75,-0.00036649,112.82
507.8,-0.000381183,112.82
507.85,-0.000392269,112.82
507.9,-0.000389497,112.82
507.95,-0.00039474,112.82
508.0,-0.000398681,112.82
508.05,-0.000389831,112.82
508.1,-0.000396811,112.82
508.15,-0.000390065,112.82
508.2,-0.000405727,112.82
508.25,-0.000403222,112.82
508.3,-0.000402588,112.82
508.35,-0.000434979,112.82
508.4,-0.000427733,112.82
508.45,-0.000426731,112.82
508.5,-0.000427232,112.82
508.55,-0.000426063,112.82
508.6,-0.00043017,112.82
508.65,-0.000442526,112.82
508.7,-0.000428601,112.82
508.75,-0.000429469,112.819
508.8,-0.000425762,112.819
508.85,-0.000428768,112.819
508.9,-0.00043184,112.819
508.95,-0.000436281,112.819
509.0,-0.000434745,112.819
509.05,-0.000435914,112.819
509.1,-0.000437483,112.819
509.15,-0.000441691,112.819
509.2,-0.000443561,112.819
509.25,-0.000435714,112.819
509.3,-0.000437817,112.819
509.35,-0.000432241,112.819
509.4,-0.000429235,112.819
509.45,-0.00043725,112.819
509.5,-0.00043184,112.819
509.55,-0.000432742,112.819
509.6,-0.000425195,112.819
509.65,-0.000425896,112.819
509.7,-0.000439186,112.819
509.75,-0.000428634,112.819
509.8,-0.000439888,112.819
509.85,-0.000437517,112.819
509.9,-0.000423425,112.819
509.95,-0.000417648,112.819
510.0,-0.0004283,112.819
510.05,-0.000437918,112.819
510.1,-0.000436482,112.819
510.15,-0.00043017,112.819
510.2,-0.00043548,112.819
510.25,-0.000430237,112.819
510.3,-0.000428467,112.819
510.35,-0.000428801,112.819
510.4,-0.00042426,112.819
510.45,-0.000428,112.819
510.5,-0.00042416,112.819
510.55,-0.000426631,112.819
510.6,-0.000428768,112.819
510.65,-0.000419618,112.819
510.7,-0.000418917,112.819
510.75,-0.000415744,112.819
510.8,-0.000410869,112.819
510.85,-0.000413674,112.819
510.9,-0.000415611,112.819
510.95,-0.000404792,112.819
511.0,-0.000227674,112.819
511.05,-0.000261001,112.819
511.1,-0.000310923,112.819
511.15,-0.000394941,112.818
511.2,-0.000381216,112.818
511.25,-0.000237726,112.818
511.3,-0.000415077,112.818
511.35,-0.000423525,112.818
511.4,-0.000414876,112.818
511.45,-0.000412539,112.818
511.5,-0.000416446,112.818
511.55,-0.000414642,112.818
511.6,-0.000411637,112.818
511.65,-0.000415744,112.818
511.7,-0.000416112,112.818
511.75,-0.000421722,112.818
511.8,-0.000408331,112.818
511.85,-0.000404892,112.818
511.9,-0.000425328,112.818
511.95,-0.000421087,112.818
512.0,-0.000416679,112.818
512.05,-0.000411704,112.818
512.1,-0.000409266,112.818
512.15,-0.000412973,112.818
512.2,-0.000408899,112.818
512.25,-0.00040743,112.818
512.3,-0.000402654,112.818
512.35,-0.000405626,112.818
512.4,-0.000410535,112.818
512.45,-0.000404892,112.818
512.5,-0.000404825,112.818
512.55,-0.000404157,112.818
512.6,-0.000401653,112.818
512.65,-0.000395642,112.818
512.7,-0.000408164,112.818
512.75,-0.000402487,112.818
512.8,-0.000407997,112.818
512.85,-0.000410001,112.818
512.9,-0.00040369,112.818
512.95,-0.000406862,112.818
513.0,-0.000397545,112.818
513.05,-0.000403322,112.818
513.1,-0.000404958,112.818
513.15,-0.000410969,112.818
513.2,-0.000414442,112.818
513.25,-0.000410969,112.818
513.3,-0.000404391,112.818
513.35,-0.000416613,112.818
513.4,-0.000407964,112.818
513.45,-0.000419184,112.818
513.5,-0.000418449,112.818
513.55,-0.000412672,112.818
513.6,-0.000406294,112.817
513.65,-0.000409066,112.817
513.7,-0.000415277,112.817
513.75,-0.00041531,112.817
513.8,-0.000414776,112.817
513.85,-0.000411837,112.817
513.9,-0.000405626,112.817
513.95,-0.00041157,112.817
514.0,-0.000418817,112.817
514.05,-0.000417047,112.817
514.1,-0.000414075,112.817
514.15,-0.000413073,112.817
514.2,-0.000411637,112.817
514.25,-0.000422223,112.817
514.3,-0.00041905,112.817
514.35,-0.000413541,112.817
514.4,-0.000416078,112.817
514.45,-0.000414175,112.817
514.5,-0.000410535,112.817
514.55,-0.000417414,112.817
514.6,-0.000416012,112.817
514.65,-0.000415077,112.817
514.7,-0.000419384,112.817
514.75,-0.000404124,112.817
514.8,-0.000405159,112.817
514.85,-0.000412405,112.817
514.9,-0.000414709,112.817
514.95,-0.000416947,112.817
515.0,-0.000420787,112.817
515.05,-0.000416446,112.817
515.1,-0.000411003,112.817
515.15,-0.000415511,112.817
515.2,-0.000411003,112.817
515.25,-0.000410168,112.817
515.3,-0.000410535,112.817
515.35,-0.000396577,112.817
515.4,-0.000401552,112.817
515.45,-0.000406461,112.817
515.5,-0.000402688,112.817
515.55,-0.000401285,112.817
515.6,-0.000403088,112.817
515.65,-0.000407329,112.817
515.7,-0.000411003,112.817
515.75,-0.000413106,112.817
515.8,-0.000414843,112.817
515.85,-0.000411637,112.817
515.9,-0.00040753,112.817
515.95,-0.000415544,112.817
516.0,-0.000412772,112.816
516.05,-0.00041147,112.816
516.1,-0.000416379,112.816
516.15,-0.000421121,112.816
516.2,-0.000418216,112.816
516.25,-0.000416813,112.816
516.3,-0.000412238,112.816
516.35,-0.000414041,112.816
516.4,-0.000418416,112.816
516.45,-0.000417414,112.816
516.5,-0.000414108,112.816
516.55,-0.000414342,112.816
516.6,-0.000415945,112.816
516.65,-0.000410802,112.816
516.7,-0.000420753,112.816
516.75,-0.000417715,112.816
516.8,-0.000408398,112.816
516.85,-0.0004097,112.816
516.9,-0.000413941,112.816
516.95,-0.000425729,112.816
517.0,-0.000423826,112.816
517.05,-0.000422757,112.816
517.1,-0.000432241,112.816
517.15,-0.000427432,112.816
517.2,-0.000431873,112.816
517.25,-0.000434678,112.816
517.3,-0.000430504,112.816
517.35,-0.000421588,112.816
517.4,-0.000419384,112.816
517.45,-0.000420887,112.816
517.5,-0.000429068,112.816
517.55,-0.000423826,112.816
517.6,-0.000417448,112.816
517.65,-0.000407897,112.816
517.7,-0.000427499,112.816
517.75,-0.000413674,112.816
517.8,-0.000414576,112.816
517.85,-0.000421087,112.816
517.9,-0.000430938,112.816
517.95,-0.000422189,112.816
518.0,-0.000420687,112.816
518.05,-0.000415244,112.816
518.1,-0.000409533,112.816
518.15,-0.000415444,112.816
518.2,-0.000420854,112.816
518.25,-0.000426397,112.816
518.3,-0.000417214,112.816
518.35,-0.000412472,112.816
518.4,-0.000412772,112.815
518.45,-0.000416346,112.815
518.5,-0.00041314,112.815
518.55,-0.000411036,112.815
518.6,-0.000424026,112.815
518.65,-0.000419151,112.815
518.7,-0.000428601,112.815
518.75,-0.000422523,112.815
518.8,-0.000421855,112.815
518.85,-0.000423659,112.815
518.9,-0.000425061,112.815
518.95,-0.000433877,112.815
519.0,-0.000426697,112.815
519.05,-0.000426731,112.815
519.1,-0.000429035,112.815
519.15,-0.000424126,112.815
519.2,-0.000432007,112.815
519.25,-0.000428067,112.815
519.3,-0.000433576,112.815
519.35,-0.000436081,112.815
519.4,-0.000434177,112.815
519.45,-0.000432274,112.815
519.5,-0.000418015,112.815
519.55,-0.000417648,112.815
519.6,-0.000421188,112.815
519.65,-0.000428901,112.815
519.7,-0.000429569,112.815
519.75,-0.000421355,112.815
519.8,-0.0004284,112.815
519.85,-0.000426096,112.815
519.9,-0.000424727,112.815
519.95,-0.000424226,112.815
520.0,-0.000427733,112.815
520.05,-0.000426263,112.815
520.1,-0.000425762,112.815
520.15,-0.000426063,112.815
520.2,-0.000419885,112.815
520.25,-0.000406428,112.815
520.3,-0.000415444,112.815
520.35,-0.000421188,112.815
520.4,-0.00043017,112.815
520.45,-0.000422156,112.815
520.5,-0.000424894,112.815
520.55,-0.000424627,112.815
520.6,-0.000419485,112.815
520.65,-0.000418383,112.815
520.7,-0.000414242,112.815
520.75,-0.000427198,112.814
520.8,-0.000420119,112.814
520.85,-0.000414008,112.814
520.9,-0.0004094,112.814
520.95,-0.000410535,112.814
521.0,-0.000409533,112.814
521.05,-0.000419518,112.814
521.1,-0.000419184,112.814
521.15,-0.000416947,112.814
521.2,-0.000402287,112.814
521.25,-0.000401519,112.814
521.3,-0.000415477,112.814
521.35,-0.000421121,112.814
521.4,-0.000410001,112.814
521.45,-0.000413541,112.814
521.5,-0.000419985,112.814
521.55,-0.000417314,112.814
521.6,-0.000410402,112.814
521.65,-0.000416713,112.814
521.7,-0.000421021,112.814
521.75,-0.000424827,112.814
521.8,-0.000424026,112.814
521.85,-0.000434378,112.814
521.9,-0.000422991,112.814
521.95,-0.000426697,112.814
522.0,-0.000418817,112.814
522.05,-0.000425562,112.814
522.1,-0.000434445,112.814
522.15,-0.000430538,112.814
522.2,-0.000431974,112.814
522.25,-0.000434044,112.814
522.3,-0.000426864,112.814
522.35,-0.000425195,112.814
522.4,-0.00042269,112.814
522.45,-0.000428801,112.814
522.5,-0.000427399,112.814
522.55,-0.000429603,112.814
522.6,-0.00043361,112.814
522.65,-0.000432141,112.814
522.7,-0.000430604,112.814
522.75,-0.000419485,112.814
522.8,-0.000422557,112.814
522.85,-0.000422623,112.814
522.9,-0.000423258,112.814
522.95,-0.000427365,112.814
523.0,-0.000424727,112.814
523.05,-0.000424827,112.814
523.1,-0.000428601,112.814
523.15,-0.00043548,112.813
523.2,-0.000428133,112.813
523.25,-0.000433376,112.813
523.3,-0.00042623,112.813
523.35,-0.000425996,112.813
523.4,-0.000439019,112.813
523.45,-0.000441958,112.813
523.5,-0.00043568,112.813
523.55,-0.000433877,112.813
523.6,-0.000427399,112.813
523.65,-0.0004279,112.813
523.7,-0.000422323,112.813
523.75,-0.000419551,112.813
523.8,-0.000428868,112.813
523.85,-0.000432608,112.813
523.9,-0.000417514,112.813
523.95,-0.000420854,112.813
524.0,-0.000424427,112.813
524.05,-0.000423592,112.813
524.1,-0.000410468,112.813
524.15,-0.000422523,112.813
524.2,-0.000425963,112.813
524.25,-0.000424226,112.813
524.3,-0.000424694,112.813
524.35,-0.000417381,112.813
524.4,-0.000437149,112.813
524.45,-0.000424994,112.813
524.5,-0.000418282,112.813
524.55,-0.000431539,112.813
524.6,-0.000428601,112.813
524.65,-0.000434478,112.813
524.7,-0.000435647,112.813
524.75,-0.000441557,112.813
524.8,-0.000422824,112.813
524.85,-0.00042229,112.813
524.9,-0.000430604,112.813
524.95,-0.000443427,112.813
525.0,-0.000435647,112.813
525.05,-0.00043381,112.813
525.1,-0.000436448,112.813
525.15,-0.00043578,112.813
525.2,-0.000442225,112.813
525.25,-0.000434044,112.813
525.3,-0.000437851,112.813
525.35,-0.000441324,112.813
525.4,-0.000437283,112.813
525.45,-0.00042603,112.813
525.5,-0.000428534,112.812
525.55,-0.000440222,112.812
525.6,-0.000438318,112.812
525.65,-0.000431873,112.812
525.7,-0.000430838,112.812
525.75,-0.000438418,112.812
525.8,-0.000437283,112.812
525.85,-0.000424026,112.812
525.9,-0.000422089,112.812
525.95,-0.000431873,112.812
526.0,-0.000419818,112.812
526.05,-0.000417715,112.812
526.1,-0.000429803,112.812
526.15,-0.0004284,112.812
526.2,-0.000429536,112.812
526.25,-0.000427933,112.812
526.3,-0.000428,112.812
526.35,-0.000430037,112.812
526.4,-0.000434144,112.812
526.45,-0.000434678,112.812
526.5,-0.000436248,112.812
526.55,-0.000429202,112.812
526.6,-0.000433677,112.812
526.65,-0.000429202,112.812
526.7,-0.00042426,112.812
526.75,-0.000429168,112.812
526.8,-0.000429202,112.812
526.85,-0.000429369,112.812
526.9,-0.000425128,112.812
526.95,-0.000425963,112.812
527.0,-0.000430771,112.812
527.05,-0.000430003,112.812
527.1,-0.000428467,112.812
527.15,-0.000419752,112.812
527.2,-0.000421221,112.812
527.25,-0.000421956,112.812
527.3,-0.000434912,112.812
527.35,-0.000434111,112.812
527.4,-0.000431807,112.812
527.45,-0.000433409,112.812
527.5,-0.000434011,112.812
527.55,-0.000437417,112.812
527.6,-0.000441557,112.812
527.65,-0.000435714,112.812
527.7,-0.000443962,112.812
527.75,-0.000438585,112.812
527.8,-0.000440389,112.811
527.85,-0.000438953,112.811
527.9,-0.000436482,112.811
527.95,-0.000434011,112.811
528.0,-0.000431306,112.811
528.05,-0.000436749,112.811
528.1,-0.000440355,112.811
528.15,-0.000435847,112.811
528.2,-0.000431573,112.811
528.25,-0.000436615,112.811
528.3,-0.000438886,112.811
528.35,-0.000442993,112.811
528.4,-0.000431205,112.811
528.45,-0.000435613,112.811
528.5,-0.000439153,112.811
528.55,-0.000434779,112.811
528.6,-0.000428935,112.811
528.65,-0.00043942,112.811
528.7,-0.000436882,112.811
528.75,-0.000439754,112.811
528.8,-0.000444396,112.811
528.85,-0.000433443,112.811
528.9,-0.000431205,112.811
528.95,-0.000437984,112.811
529.0,-0.00043578,112.811
529.05,-0.000445665,112.811
529.1,-0.000444463,112.811
529.15,-0.00043745,112.811
529.2,-0.000443427,112.811
529.25,-0.000432174,112.811
529.3,-0.000440155,112.811
529.35,-0.000437918,112.811
529.4,-0.000433343,112.811
529.45,-0.000434946,112.811
529.5,-0.000441491,112.811
529.55,-0.000429603,112.811
529.6,-0.000428634,112.811
529.65,-0.000428835,112.811
529.7,-0.000429369,112.811
529.75,-0.000428768,112.811
529.8,-0.000432975,112.811
529.85,-0.000438886,112.811
529.9,-0.000434478,112.811
529.95,-0.000434511,112.811
530.0,-0.000429736,112.811
530.05,-0.000433877,112.811
530.1,-0.000436982,112.81
530.15,-0.00043942,112.81
530.2,-0.000432174,112.81
530.25,-0.000418917,112.81
530.3,-0.000417247,112.81
530.35,-0.000421355,112.81
530.4,-0.000418249,112.81
530.45,-0.000427265,112.81
530.5,-0.000420854,112.81
530.55,-0.000426864,112.81
530.6,-0.000413708,112.81
530.65,-0.000425929,112.81
530.7,-0.000410936,112.81
530.75,-0.000423291,112.81
530.8,-0.000416513,112.81
530.85,-0.000423158,112.81
530.9,-0.000423993,112.81
530.95,-0.000420954,112.81
531.0,-0.000423325,112.81
531.05,-0.000430003,112.81
531.1,-0.000431807,112.81
531.15,-0.000428668,112.81
531.2,-0.000431239,112.81
531.25,-0.000429302,112.81
531.3,-0.000425863,112.81
531.35,-0.000425629,112.81
531.4,-0.000418449,112.81
531.45,-0.000416613,112.81
531.5,-0.000414008,112.81
531.55,-0.000420052,112.81
531.6,-0.000420653,112.81
531.65,-0.00042082,112.81
531.7,-0.000425228,112.81
531.75,-0.000430304,112.81
531.8,-0.000428367,112.81
531.85,-0.000423458,112.81
531.9,-0.000430805,112.81
531.95,-0.000428067,112.81
532.0,-0.000425729,112.81
532.05,-0.000427933,112.81
532.1,-0.00043184,112.81
532.15,-0.000437383,112.81
532.2,-0.000430271,112.81
532.25,-0.00042613,112.81
532.3,-0.000429937,112.81
532.35,-0.000423725,112.81
532.4,-0.000418049,112.81
532.45,-0.000425863,112.809
532.5,-0.000423725,112.809
532.55,-0.000425762,112.809
532.6,-0.0004283,112.809
532.65,-0.000426931,112.809
532.7,-0.000428,112.809
532.75,-0.000427632,112.809
532.8,-0.00042446,112.809
532.85,-0.000424326,112.809
532.9,-0.000422022,112.809
532.95,-0.000424694,112.809
533.0,-0.000419685,112.809
533.05,-0.000413774,112.809
533.1,-0.000431105,112.809
533.15,-0.000429603,112.809
533.2,-0.000431706,112.809
533.25,-0.000430872,112.809
533.3,-0.000427666,112.809
533.35,-0.000424627,112.809
533.4,-0.000435981,112.809
533.45,-0.000429102,112.809
533.5,-0.000427365,112.809
533.55,-0.000422857,112.809
533.6,-0.0004283,112.809
533.65,-0.000426731,112.809
533.7,-0.00042249,112.809
533.75,-0.000428935,112.809
533.8,-0.000425929,112.809
533.85,-0.00043204,112.809
533.9,-0.000418917,112.809
533.95,-0.000418182,112.809
534.0,-0.000412572,112.809
534.05,-0.000418115,112.809
534.1,-0.000416045,112.809
534.15,-0.000428267,112.809
534.2,-0.000430705,112.809
534.25,-0.000433343,112.809
534.3,-0.000432408,112.809
534.35,-0.000424293,112.809
534.4,-0.000431773,112.809
534.45,-0.000434745,112.809
534.5,-0.000436047,112.809
534.55,-0.000432307,112.809
534.6,-0.000436649,112.809
534.65,-0.000432641,112.809
534.7,-0.000431272,112.809
534.75,-0.000431907,112.809
534.8,-0.000429502,112.808
534.85,-0.000428935,112.808
534.9,-0.000425629,112.808
534.95,-0.000420086,112.808
535.0,-0.0004283,112.808
535.05,-0.000428701,112.808
535.1,-0.000427499,112.808
535.15,-0.000427265,112.808
535.2,-0.000424928,112.808
535.25,-0.00042416,112.808
535.3,-0.000422991,112.808
535.35,-0.000419351,112.808
535.4,-0.000420319,112.808
535.45,-0.000412171,112.808
535.5,-0.000420386,112.808
535.55,-0.000421021,112.808
535.6,-0.000421922,112.808
535.65,-0.000429135,112.808
535.7,-0.000413307,112.808
535.75,-0.000417681,112.808
535.8,-0.000421655,112.808
535.85,-0.000427465,112.808
535.9,-0.000411771,112.808
535.95,-0.000421588,112.808
536.0,-0.000416746,112.808
536.05,-0.000418984,112.808
536.1,-0.000432742,112.808
536.15,-0.000427432,112.808
536.2,-0.000432408,112.808
536.25,-0.000428768,112.808
536.3,-0.000425362,112.808
536.35,-0.000428501,112.808
536.4,-0.000426063,112.808
536.45,-0.000421421,112.808
536.5,-0.00043184,112.808
536.55,-0.000426397,112.808
536.6,-0.000418383,112.808
536.65,-0.000421789,112.808
536.7,-0.000421722,112.808
536.75,-0.000420386,112.808
536.8,-0.000422623,112.808
536.85,-0.0004279,112.808
536.9,-0.000429502,112.808
536.95,-0.000425028,112.808
537.0,-0.000426831,112.808
537.05,-0.000434044,112.808
537.1,-0.000430571,112.808
537.15,-0.000436916,112.807
537.2,-0.000438786,112.807
537.25,-0.000434745,112.807
537.3,-0.000438652,112.807
537.35,-0.00043765,112.807
537.4,-0.000430838,112.807
537.45,-0.000425095,112.807
537.5,-0.000431807,112.807
537.55,-0.000429002,112.807
537.6,-0.000421388,112.807
537.65,-0.000422557,112.807
537.7,-0.000425195,112.807
537.75,-0.000422123,112.807
537.8,-0.000427599,112.807
537.85,-0.000434011,112.807
537.9,-0.000436181,112.807
537.95,-0.000426263,112.807
538.0,-0.00043548,112.807
538.05,-0.000431072,112.807
538.1,-0.000438385,112.807
538.15,-0.000439253,112.807
538.2,-0.00043912,112.807
538.25,-0.000447468,112.807
538.3,-0.000439454,112.807
538.35,-0.000447635,112.807
538.4,-0.000443327,112.807
538.45,-0.000446834,112.807
538.5,-0.000432942,112.807
538.55,-0.00042633,112.807
538.6,-0.000427399,112.807
538.65,-0.000441925,112.807
538.7,-0.00044286,112.807
538.75,-0.00044463,112.807
538.8,-0.000432541,112.807
538.85,-0.000428868,112.807
538.9,-0.000437851,112.807
538.95,-0.000437517,112.807
539.0,-0.000429168,112.807
539.05,-0.000430671,112.807
539.1,-0.000436782,112.807
539.15,-0.000429703,112.807
539.2,-0.000433576,112.807
539.25,-0.000440656,112.807
539.3,-0.000438519,112.807
539.35,-0.000431005,112.807
539.4,-0.000440155,112.807
539.45,-0.000437083,112.806
539.5,-0.000446032,112.806
539.55,-0.000439821,112.806
539.6,-0.000433977,112.806
539.65,-0.000442559,112.806
539.7,-0.000444496,112.806
539.75,-0.000446466,112.806
539.8,-0.000445164,112.806
539.85,-0.000440622,112.806
539.9,-0.000444797,112.806
539.95,-0.000437116,112.806
540.0,-0.000441157,112.806
540.05,-0.000438185,112.806
540.1,-0.000435613,112.806
540.15,-0.000433844,112.806
540.2,-0.000437183,112.806
540.25,-0.000439186,112.806
540.3,-0.000436715,112.806
540.35,-0.000437884,112.806
540.4,-0.00043932,112.806
540.45,-0.000431673,112.806
540.5,-0.000436181,112.806
540.55,-0.000433409,112.806
540.6,-0.000439353,112.806
540.65,-0.000442593,112.806
540.7,-0.000438519,112.806
540.75,-0.000430003,112.806
540.8,-0.00042269,112.806
540.85,-0.000428367,112.806
540.9,-0.000422423,112.806
540.95,-0.000427198,112.806
541.0,-0.000423458,112.806
541.05,-0.000430905,112.806
541.1,-0.000423926,112.806
541.15,-0.000420186,112.806
541.2,-0.000427833,112.806
541.25,-0.000425328,112.806
541.3,-0.000431038,112.806
541.35,-0.000433076,112.806
541.4,-0.000428234,112.806
541.45,-0.000435847,112.806
541.5,-0.000433677,112.806
541.55,-0.000431439,112.806
541.6,-0.000428167,112.806
541.65,-0.000423492,112.806
541.7,-0.000424894,112.806
541.75,-0.000438719,112.805
541.8,-0.000430571,112.805
541.85,-0.000433877,112.805
541.9,-0.000426998,112.805
541.95,-0.000435714,112.805
542.0,-0.000433343,112.805
542.05,-0.000426497,112.805
542.1,-0.000423692,112.805
542.15,-0.000421521,112.805
542.2,-0.000426664,112.805
542.25,-0.000421688,112.805
542.3,-0.000423492,112.805
542.35,-0.000418883,112.805
542.4,-0.00042653,112.805
542.45,-0.000438519,112.805
542.5,-0.000435112,112.805
542.55,-0.00043204,112.805
542.6,-0.000429803,112.805
542.65,-0.000427666,112.805
542.7,-0.000436181,112.805
542.75,-0.000440288,112.805
542.8,-0.000434545,112.805
542.85,-0.00043351,112.805
542.9,-0.000427566,112.805
542.95,-0.000434044,112.805
543.0,-0.000433376,112.805
543.05,-0.000433142,112.805
543.1,-0.000429335,112.805
543.15,-0.000425262,112.805
543.2,-0.00043017,112.805
543.25,-0.000424193,112.805
543.3,-0.000431606,112.805
543.35,-0.000425262,112.805
543.4,-0.000433476,112.805
543.45,-0.000423792,112.805
543.5,-0.000428067,112.805
543.55,-0.000430671,112.805
543.6,-0.000434311,112.805
543.65,-0.000431873,112.805
543.7,-0.000428801,112.805
543.75,-0.000425996,112.805
543.8,-0.000433844,112.805
543.85,-0.000427332,112.805
543.9,-0.00043204,112.805
543.95,-0.000430137,112.805
544.0,-0.000441858,112.805
544.05,-0.000443795,112.804
544.1,-0.000434511,112.804
544.15,-0.000433042,112.804
544.2,-0.000442426,112.804
544.25,-0.000438485,112.804
544.3,-0.0004281,112.804
544.35,-0.000435046,112.804
544.4,-0.000434812,112.804
544.45,-0.000434779,112.804
544.5,-0.000428434,112.804
544.55,-0.000424193,112.804
544.6,-0.00041905,112.804
544.65,-0.000419885,112.804
544.7,-0.000418416,112.804
544.75,-0.000425161,112.804
544.8,-0.000416379,112.804
544.85,-0.000419985,112.804
544.9,-0.000420319,112.804
544.95,-0.000417982,112.804
545.0,-0.000421655,112.804
545.05,-0.000420319,112.804
545.1,-0.000421421,112.804
545.15,-0.000426363,112.804
545.2,-0.00042456,112.804
545.25,-0.000419151,112.804
545.3,-0.000422456,112.804
545.35,-0.000431105,112.804
545.4,-0.000424594,112.804
545.45,-0.000432909,112.804
545.5,-0.000425963,112.804
545.55,-0.000440489,112.804
545.6,-0.000430037,112.804
545.65,-0.000430337,112.804
545.7,-0.000431773,112.804
545.75,-0.000429369,112.804
545.8,-0.000438953,112.804
545.85,-0.000432374,112.804
545.9,-0.000428601,112.804
545.95,-0.000433743,112.804
546.0,-0.000425228,112.804
546.05,-0.000421555,112.804
546.1,-0.000431573,112.804
546.15,-0.00042997,112.804
546.2,-0.000435947,112.804
546.25,-0.000434077,112.804
546.3,-0.000434044,112.804
546.35,-0.000436081,112.804
546.4,-0.000433977,112.803
546.45,-0.000435346,112.803
546.5,-0.000425629,112.803
546.55,-0.000434511,112.803
546.6,-0.00042466,112.803
546.65,-0.000422156,112.803
546.7,-0.000419885,112.803
546.75,-0.000427933,112.803
546.8,-0.000431473,112.803
546.85,-0.000423492,112.803
546.9,-0.000425829,112.803
546.95,-0.000436582,112.803
547.0,-0.000419251,112.803
547.05,-0.000419117,112.803
547.1,-0.000414943,112.803
547.15,-0.000423558,112.803
547.2,-0.000425629,112.803
547.25,-0.000423592,112.803
547.3,-0.000414642,112.803
547.35,-0.000415911,112.803
547.4,-0.000420019,112.803
547.45,-0.000422957,112.803
547.5,-0.000419284,112.803
547.55,-0.000416713,112.803
547.6,-0.000424994,112.803
547.65,-0.000426297,112.803
547.7,-0.00042229,112.803
547.75,-0.000419985,112.803
547.8,-0.000417281,112.803
547.85,-0.000421154,112.803
547.9,-0.000421455,112.803
547.95,-0.000416913,112.803
548.0,-0.000425896,112.803
548.05,-0.00042633,112.803
548.1,-0.000436849,112.803
548.15,-0.00043745,112.803
548.2,-0.000432241,112.803
548.25,-0.000434077,112.803
548.3,-0.000434011,112.803
548.35,-0.000432341,112.803
548.4,-0.000431139,112.803
548.45,-0.000429369,112.803
548.5,-0.000420019,112.803
548.55,-0.000414976,112.803
548.6,-0.000423391,112.803
548.65,-0.000421188,112.803
548.7,-0.000419318,112.803
548.75,-0.000423725,112.802
548.8,-0.000418783,112.802
548.85,-0.000420319,112.802
548.9,-0.000412004,112.802
548.95,-0.000416245,112.802
549.0,-0.000416179,112.802
549.05,-0.000423325,112.802
549.1,-0.000421188,112.802
549.15,-0.000425796,112.802
549.2,-0.000429636,112.802
549.25,-0.000434344,112.802
549.3,-0.000437149,112.802
549.35,-0.000434645,112.802
549.4,-0.000442392,112.802
549.45,-0.000444329,112.802
549.5,-0.000439821,112.802
549.55,-0.000436949,112.802
549.6,-0.000439086,112.802
549.65,-0.000436982,112.802
549.7,-0.000444997,112.802
549.75,-0.000440188,112.802
549.8,-0.000436849,112.802
549.85,-0.00043932,112.802
549.9,-0.000446466,112.802
549.95,-0.000447501,112.802
550.0,-0.000432074,112.802
550.05,-0.000431005,112.802
550.1,-0.000435513,112.802
550.15,-0.000437183,112.802
550.2,-0.000432374,112.802
550.25,-0.000433677,112.802
550.3,-0.000436715,112.802
550.35,-0.000435079,112.802
550.4,-0.00043381,112.802
550.45,-0.000431072,112.802
550.5,-0.000437684,112.802
550.55,-0.000435413,112.802
550.6,-0.000431239,112.802
550.65,-0.000437817,112.802
550.7,-0.000438819,112.802
550.75,-0.000430271,112.802
550.8,-0.000426564,112.802
550.85,-0.000431406,112.802
550.9,-0.00042456,112.802
550.95,-0.000425095,112.802
551.0,-0.000428267,112.802
551.05,-0.000433042,112.801
551.1,-0.000431239,112.801
551.15,-0.000433276,112.801
551.2,-0.000429135,112.801
551.25,-0.000430037,112.801
551.3,-0.000433276,112.801
551.35,-0.000428534,112.801
551.4,-0.000428467,112.801
551.45,-0.000430872,112.801
551.5,-0.000432842,112.801
551.55,-0.000438852,112.801
551.6,-0.000434812,112.801
551.65,-0.000438352,112.801
551.7,-0.000425562,112.801
551.75,-0.000431573,112.801
551.8,-0.000426731,112.801
551.85,-0.000424493,112.801
551.9,-0.000416913,112.801
551.95,-0.000430104,112.801
552.0,-0.000438418,112.801
552.05,-0.00043204,112.801
552.1,-0.000429803,112.801
552.15,-0.000427165,112.801
552.2,-0.000433276,112.801
552.25,-0.000431807,112.801
552.3,-0.0004282,112.801
552.35,-0.000421121,112.801
552.4,-0.000437283,112.801
552.45,-0.000431506,112.801
552.5,-0.000433543,112.801
552.55,-0.000425529,112.801
552.6,-0.000430271,112.801
552.65,-0.000424727,112.801
552.7,-0.000425529,112.801
552.75,-0.000432975,112.801
552.8,-0.00043371,112.801
552.85,-0.000428734,112.801
552.9,-0.000434979,112.801
552.95,-0.000440389,112.801
553.0,-0.000439587,112.801
553.05,-0.000439086,112.801
553.1,-0.000434946,112.801
553.15,-0.000434678,112.801
553.2,-0.000428133,112.801
553.25,-0.000423892,112.801
553.3,-0.00042653,112.801
553.35,-0.000438786,112.801
553.4,-0.000423492,112.8
553.45,-0.000428434,112.8
553.5,-0.000415678,112.8
553.55,-0.000420854,112.8
553.6,-0.000424994,112.8
553.65,-0.000424994,112.8
553.7,-0.00041905,112.8
553.75,-0.00041678,112.8
553.8,-0.000415143,112.8
553.85,-0.000423959,112.8
553.9,-0.000420219,112.8
553.95,-0.000418015,112.8
554.0,-0.000412004,112.8
554.05,-0.000410669,112.8
554.1,-0.000415945,112.8
554.15,-0.000414409,112.8
554.2,-0.000415911,112.8
554.25,-0.000415344,112.8
554.3,-0.000421421,112.8
554.35,-0.000423191,112.8
554.4,-0.00041117,112.8
554.45,-0.000407162,112.8
554.5,-0.000419184,112.8
554.55,-0.000419351,112.8
554.6,-0.00041698,112.8
554.65,-0.000418416,112.8
554.7,-0.000417381,112.8
554.75,-0.000416346,112.8
554.8,-0.000410502,112.8
554.85,-0.000408665,112.8
554.9,-0.000412439,112.8
554.95,-0.000413975,112.8
555.0,-0.000417948,112.8
555.05,-0.000417247,112.8
555.1,-0.000412472,112.8
555.15,-0.000414409,112.8
555.2,-0.000414976,112.8
555.25,-0.00041304,112.8
555.3,-0.000420019,112.8
555.35,-0.00042416,112.8
555.4,-0.000422891,112.8
555.45,-0.00041157,112.8
555.5,-0.000397712,112.8
555.55,-0.000408732,112.8
555.6,-0.000416012,112.8
555.65,-0.000422123,112.8
555.7,-0.000425262,112.8
555.75,-0.000433443,112.799
555.8,-0.000430504,112.799
555.85,-0.000429469,112.799
555.9,-0.000432608,112.799
555.95,-0.000430671,112.799
556.0,-0.000434645,112.799
556.05,-0.00043351,112.799
556.1,-0.000438986,112.799
556.15,-0.000435313,112.799
556.2,-0.000422557,112.799
556.25,-0.000429903,112.799
556.3,-0.000423792,112.799
556.35,-0.000416312,112.799
556.4,-0.000421688,112.799
556.45,-0.000428801,112.799
556.5,-0.000424594,112.799
556.55,-0.000425996,112.799
556.6,-0.000425462,112.799
556.65,-0.000425462,112.799
556.7,-0.000431473,112.799
556.75,-0.000419685,112.799
556.8,-0.000424527,112.799
556.85,-0.000436014,112.799
556.9,-0.000435046,112.799
556.95,-0.000430037,112.799
557.0,-0.000430437,112.799
557.05,-0.000434445,112.799
557.1,-0.000435279,112.799
557.15,-0.000434812,112.799
557.2,-0.000433376,112.799
557.25,-0.000434011,112.799
557.3,-0.00043922,112.799
557.35,-0.000427966,112.799
557.4,-0.000434278,112.799
557.45,-0.000428935,112.799
557.5,-0.000432374,112.799
557.55,-0.000440422,112.799
557.6,-0.000430337,112.799
557.65,-0.000438018,112.799
557.7,-0.00043538,112.799
557.75,-0.000430104,112.799
557.8,-0.000441758,112.799
557.85,-0.000431005,112.799
557.9,-0.000435313,112.799
557.95,-0.00042456,112.799
558.0,-0.00042229,112.799
558.05,-0.000427599,112.799
558.1,-0.00041678,112.798
558.15,-0.000418149,112.798
558.2,-0.000423792,112.798
558.25,-0.000430705,112.798
558.3,-0.000430938,112.798
558.35,-0.000437016,112.798
558.4,-0.000428334,112.798
558.45,-0.000429569,112.798
558.5,-0.000443294,112.798
558.55,-0.000440188,112.798
558.6,-0.00044463,112.798
558.65,-0.000447835,112.798
558.7,-0.000442325,112.798
558.75,-0.000441824,112.798
558.8,-0.000435246,112.798
558.85,-0.000436949,112.798
558.9,-0.00043351,112.798
558.95,-0.000435346,112.798
559.0,-0.000439821,112.798
559.05,-0.000444963,112.798
559.1,-0.000440422,112.798
559.15,-0.000442893,112.798
559.2,-0.000438619,112.798
559.25,-0.000431773,112.798
559.3,-0.000438185,112.798
559.35,-0.000434278,112.798
559.4,-0.000435981,112.798
559.45,-0.000418282,112.798
559.5,-0.000417247,112.798
559.55,-0.000420586,112.798
559.6,-0.000419885,112.798
559.65,-0.000426965,112.798
559.7,-0.000437417,112.798
559.75,-0.00042997,112.798
559.8,-0.000435346,112.798
559.85,-0.000428334,112.798
559.9,-0.000437617,112.798
559.95,-0.000435847,112.798
560.0,-0.000429202,112.798
560.05,-0.000431606,112.798
560.1,-0.000422123,112.798
560.15,-0.000421822,112.798
560.2,-0.000426664,112.798
560.25,-0.000430237,112.798
560.3,-0.000429436,112.798
560.35,-0.000427365,112.798
560.4,-0.000433376,112.797
560.45,-0.000433409,112.797
560.5,-0.000426297,112.797
560.55,-0.000418449,112.797
560.6,-0.000416513,112.797
560.65,-0.000412973,112.797
560.7,-0.000417214,112.797
560.75,-0.000425929,112.797
560.8,-0.000425061,112.797
560.85,-0.000426764,112.797
560.9,-0.000424794,112.797
560.95,-0.000427232,112.797
561.0,-0.000432808,112.797
561.05,-0.000419618,112.797
561.1,-0.000415177,112.797
561.15,-0.000416813,112.797
561.2,-0.000416045,112.797
561.25,-0.000422724,112.797
561.3,-0.000425395,112.797
561.35,-0.000418817,112.797
561.4,-0.00041127,112.797
561.45,-0.000415744,112.797
561.5,-0.000417815,112.797
561.55,-0.000416479,112.797
561.6,-0.000423391,112.797
561.65,-0.000411337,112.797
561.7,-0.000430938,112.797
561.75,-0.000433343,112.797
561.8,-0.00043174,112.797
561.85,-0.000430371,112.797
561.9,-0.000425095,112.797
561.95,-0.000418883,112.797
562.0,-0.000421989,112.797
562.05,-0.00042279,112.797
562.1,-0.000425061,112.797
562.15,-0.000416379,112.797
562.2,-0.000414142,112.797
562.25,-0.000414342,112.797
562.3,-0.000421688,112.797
562.35,-0.000422256,112.797
562.4,-0.000418616,112.797
562.45,-0.000421956,112.797
562.5,-0.000423959,112.797
562.55,-0.000426597,112.797
562.6,-0.000417381,112.797
562.65,-0.000412205,112.797
562.7,-0.000414709,112.797
562.75,-0.000413106,112.797
562.8,-0.000417448,112.796
562.85,-0.000417514,112.796
562.9,-0.000417581,112.796
562.95,-0.000415344,112.796
563.0,-0.000411537,112.796
563.05,-0.000413541,112.796
563.1,-0.000418716,112.796
563.15,-0.000424627,112.796
563.2,-0.000414676,112.796
563.25,-0.000420854,112.796
563.3,-0.000419418,112.796
563.35,-0.000422223,112.796
563.4,-0.000416379,112.796
563.45,-0.000419818,112.796
563.5,-0.000416379,112.796
563.55,-0.000420453,112.796
563.6,-0.000406027,112.796
563.65,-0.00042052,112.796
563.7,-0.000430738,112.796
563.75,-0.000426764,112.796
563.8,-0.000424326,112.796
563.85,-0.000425495,112.796
563.9,-0.000419685,112.796
563.95,-0.000423792,112.796
564.0,-0.000423659,112.796
564.05,-0.000421154,112.796
564.1,-0.000431439,112.796
564.15,-0.000430638,112.796
564.2,-0.000431573,112.796
564.25,-0.000433643,112.796
564.3,-0.000427766,112.796
564.35,-0.000421488,112.796
564.4,-0.000423325,112.796
564.45,-0.000416913,112.796
564.5,-0.000421087,112.796
564.55,-0.000419585,112.796
564.6,-0.000414041,112.796
564.65,-0.000410268,112.796
564.7,-0.000420854,112.796
564.75,-0.000417948,112.796
564.8,-0.000414776,112.796
564.85,-0.00041708,112.796
564.9,-0.000426664,112.796
564.95,-0.000421355,112.796
565.0,-0.000419485,112.796
565.05,-0.000427399,112.796
565.1,-0.000425929,112.796
565.15,-0.000427733,112.795
565.2,-0.000429469,112.795
565.25,-0.000441123,112.795
565.3,-0.000441056,112.795
565.35,-0.000429068,112.795
565.4,-0.000424393,112.795
565.45,-0.000424093,112.795
565.5,-0.000421789,112.795
565.55,-0.000432474,112.795
565.6,-0.000424093,112.795
565.65,-0.000426297,112.795
565.7,-0.000433209,112.795
565.75,-0.000425228,112.795
565.8,-0.000430738,112.795
565.85,-0.000429502,112.795
565.9,-0.000428534,112.795
565.95,-0.000419117,112.795
566.0,-0.000421956,112.795
566.05,-0.00042446,112.795
566.1,-0.000417681,112.795
566.15,-0.000423826,112.795
566.2,-0.000425395,112.795
566.25,-0.000411804,112.795
566.3,-0.000414609,112.795
566.35,-0.000407463,112.795
566.4,-0.000409066,112.795
566.45,-0.000410569,112.795
566.5,-0.000412405,112.795
566.55,-0.000412405,112.795
566.6,-0.000421855,112.795
566.65,-0.000418616,112.795
566.7,-0.000418683,112.795
566.75,-0.000412672,112.795
566.8,-0.000416045,112.795
566.85,-0.000418115,112.795
566.9,-0.000408832,112.795
566.95,-0.00041491,112.795
567.0,-0.000417781,112.795
567.05,-0.000423558,112.795
567.1,-0.000420954,112.795
567.15,-0.000419284,112.795
567.2,-0.000420319,112.795
567.25,-0.000435179,112.795
567.3,-0.00043164,112.795
567.35,-0.000433009,112.795
567.4,-0.000421121,112.795
567.45,-0.000415811,112.795
567.5,-0.000421622,112.795
567.55,-0.000422757,112.794
567.6,-0.000431907,112.794
567.65,-0.000434812,112.794
567.7,-0.000420887,112.794
567.75,-0.000419919,112.794
567.8,-0.000426564,112.794
567.85,-0.000421388,112.794
567.9,-0.000426063,112.794
567.95,-0.000419017,112.794
568.0,-0.000427365,112.794
568.05,-0.000422022,112.794
568.1,-0.00042229,112.794
568.15,-0.000424694,112.794
568.2,-0.000427632,112.794
568.25,-0.000421688,112.794
568.3,-0.000425362,112.794
568.35,-0.000415477,112.794
568.4,-0.000410635,112.794
568.45,-0.000409967,112.794
568.5,-0.000416412,112.794
568.55,-0.000409901,112.794
568.6,-0.00042446,112.794
568.65,-0.00042062,112.794
568.7,-0.000419251,112.794
568.75,-0.000420553,112.794
568.8,-0.000414509,112.794
568.85,-0.000423625,112.794
568.9,-0.000422256,112.794
568.95,-0.000411337,112.794
569.0,-0.000415411,112.794
569.05,-0.000417781,112.794
569.1,-0.000425662,112.794
569.15,-0.000424594,112.794
569.2,-0.000427299,112.794
569.25,-0.000421521,112.794
569.3,-0.000429569,112.794
569.35,-0.000423826,112.794
569.4,-0.000418516,112.794
569.45,-0.000421922,112.794
569.5,-0.000424594,112.794
569.55,-0.000420219,112.794
569.6,-0.000429636,112.794
569.65,-0.000431272,112.794
569.7,-0.000434244,112.794
569.75,-0.000424961,112.794
569.8,-0.000419184,112.794
569.85,-0.000417781,112.794
569.9,-0.000425796,112.793
569.95,-0.000420086,112.793
570.0,-0.000419985,112.793
570.05,-0.00042426,112.793
570.1,-0.000429703,112.793
570.15,-0.000423291,112.793
570.2,-0.000420253,112.793
570.25,-0.000428801,112.793
570.3,-0.000424226,112.793
570.35,-0.000432141,112.793
570.4,-0.000418416,112.793
570.45,-0.00042269,112.793
570.5,-0.000423993,112.793
570.55,-0.00042062,112.793
570.6,-0.000421188,112.793
570.65,-0.00042249,112.793
570.7,-0.000418416,112.793
570.75,-0.000418349,112.793
570.8,-0.000420386,112.793
570.85,-0.000414642,112.793
570.9,-0.000418049,112.793
570.95,-0.000418616,112.793
571.0,-0.000421421,112.793
571.05,-0.000422456,112.793
571.1,-0.000412906,112.793
571.15,-0.000408765,112.793
571.2,-0.000421655,112.793
571.25,-0.000429803,112.793
571.3,-0.000422323,112.793
571.35,-0.000423525,112.793
571.4,-0.000416412,112.793
571.45,-0.000408365,112.793
571.5,-0.000422323,112.793
571.55,-0.00041521,112.793
571.6,-0.000415177,112.793
571.65,-0.000414709,112.793
571.7,-0.000423525,112.793
571.75,-0.000432541,112.793
571.8,-0.000429335,112.793
571.85,-0.000406728,112.793
571.9,-0.000417281,112.793
571.95,-0.000425629,112.793
572.0,-0.000427031,112.793
572.05,-0.000422323,112.793
572.1,-0.000429068,112.793
572.15,-0.000419752,112.793
572.2,-0.000411938,112.793
572.25,-0.000409166,112.793
572.3,-0.000413374,112.792
572.35,-0.000406461,112.792
572.4,-0.000416513,112.792
572.45,-0.000420653,112.792
572.5,-0.000412739,112.792
572.55,-0.000412605,112.792
572.6,-0.000423191,112.792
572.65,-0.000416446,112.792
572.7,-0.000421488,112.792
572.75,-0.000419217,112.792
572.8,-0.000415377,112.792
572.85,-0.000421855,112.792
572.9,-0.000420019,112.792
572.95,-0.000421555,112.792
573.0,-0.000420453,112.792
573.05,-0.000416713,112.792
573.1,-0.000417281,112.792
573.15,-0.000418783,112.792
573.2,-0.00041895,112.792
573.25,-0.000424527,112.792
573.3,-0.000423391,112.792
573.35,-0.00041501,112.792
573.4,-0.000421722,112.792
573.45,-0.000423993,112.792
573.5,-0.000417114,112.792
573.55,-0.000424827,112.792
573.6,-0.000419952,112.792
573.65,-0.000422623,112.792
573.7,-0.000411337,112.792
573.75,-0.000414809,112.792
573.8,-0.000426731,112.792
573.85,-0.000414175,112.792
573.9,-0.000417114,112.792
573.95,-0.00041511,112.792
574.0,-0.000411971,112.792
574.05,-0.000407663,112.792
574.1,-0.000408765,112.792
574.15,-0.000423191,112.792
574.2,-0.000424961,112.792
574.25,-0.000421655,112.792
574.3,-0.000417448,112.792
574.35,-0.000426998,112.792
574.4,-0.000417581,112.792
574.45,-0.00041718,112.792
574.5,-0.000427332,112.792
574.55,-0.000428634,112.792
574.6,-0.000423158,112.792
574.65,-0.000421188,112.791
574.7,-0.000427799,112.791
574.75,-0.000423859,112.791
574.8,-0.000434879,112.791
574.85,-0.000428668,112.791
574.9,-0.000416212,112.791
574.95,-0.000422523,112.791
575.0,-0.000421054,112.791
575.05,-0.000423692,112.791
575.1,-0.000417815,112.791
575.15,-0.000416245,112.791
575.2,-0.000424427,112.791
575.25,-0.000436916,112.791
575.3,-0.000438719,112.791
575.35,-0.000434278,112.791
575.4,-0.000434578,112.791
575.45,-0.000417948,112.791
575.5,-0.000418583,112.791
575.55,-0.000416546,112.791
575.6,-0.000413374,112.791
575.65,-0.000413073,112.791
575.7,-0.000423458,112.791
575.75,-0.000419485,112.791
575.8,-0.000410068,112.791
575.85,-0.000412906,112.791
575.9,-0.0004093,112.791
575.95,-0.000420987,112.791
576.0,-0.000418049,112.791
576.05,-0.000412439,112.791
576.1,-0.000408665,112.791
576.15,-0.000413841,112.791
576.2,-0.000420553,112.791
576.25,-0.000408632,112.791
576.3,-0.000406628,112.791
576.35,-0.000412138,112.791
576.4,-0.000404257,112.791
576.45,-0.000410134,112.791
576.5,-0.000414976,112.791
576.55,-0.000408064,112.791
576.6,-0.000412572,112.791
576.65,-0.000424627,112.791
576.7,-0.000415477,112.791
576.75,-0.000418149,112.791
576.8,-0.00041157,112.791
576.85,-0.000416245,112.791
576.9,-0.000419217,112.791
576.95,-0.000412706,112.791
577.0,-0.000420319,112.791
577.05,-0.000423258,112.79
577.1,-0.000425796,112.79
577.15,-0.00042239,112.79
577.2,-0.000419418,112.79
577.25,-0.000413741,112.79
577.3,-0.00041521,112.79
577.35,-0.000404023,112.79
577.4,-0.000411403,112.79
577.45,-0.000416713,112.79
577.5,-0.000417982,112.79
577.55,-0.000421688,112.79
577.6,-0.000423425,112.79
577.65,-0.000422924,112.79
577.7,-0.000418549,112.79
577.75,-0.000408598,112.79
577.8,-0.000419151,112.79
577.85,-0.000415978,112.79
577.9,-0.000418316,112.79
577.95,-0.000408932,112.79
578.0,-0.000419852,112.79
578.05,-0.000425228,112.79
578.1,-0.000429202,112.79
578.15,-0.000434545,112.79
578.2,-0.000428534,112.79
578.25,-0.000419718,112.79
578.3,-0.000413374,112.79
578.35,-0.000413908,112.79
578.4,-0.000406662,112.79
578.45,-0.000401319,112.79
578.5,-0.000411904,112.79
578.55,-0.000418416,112.79
578.6,-0.000421121,112.79
578.65,-0.00041718,112.79
578.7,-0.000424827,112.79
578.75,-0.000415945,112.79
578.8,-0.00042249,112.79
578.85,-0.000430705,112.79
578.9,-0.00042426,112.79
578.95,-0.000421956,112.79
579.0,-0.00043391,112.79
579.05,-0.000437851,112.79
579.1,-0.000418249,112.79
579.15,-0.000420219,112.79
579.2,-0.000422724,112.79
579.25,-0.000427265,112.79
579.3,-0.000433576,112.79
579.35,-0.000431606,112.79
579.4,-0.00042977,112.79
579.45,-0.00042466,112.789
579.5,-0.000436615,112.789
579.55,-0.000433576,112.789
579.6,-0.000432742,112.789
579.65,-0.000425061,112.789
579.7,-0.000423091,112.789
579.75,-0.000413474,112.789
579.8,-0.000421355,112.789
579.85,-0.000423592,112.789
579.9,-0.000412205,112.789
579.95,-0.00041304,112.789
580.0,-0.000421588,112.789
580.05,-0.000419919,112.789
580.1,-0.000419318,112.789
580.15,-0.000413173,112.789
580.2,-0.000423725,112.789
580.25,-0.000419251,112.789
580.3,-0.000428367,112.789
580.35,-0.00043391,112.789
580.4,-0.000425161,112.789
580.45,-0.000418917,112.789
580.5,-0.00041344,112.789
580.55,-0.000418015,112.789
580.6,-0.000426163,112.789
580.65,-0.000426197,112.789
580.7,-0.000426263,112.789
580.75,-0.000408031,112.789
580.8,-0.000420453,112.789
580.85,-0.000415945,112.789
580.9,-0.000415811,112.789
580.95,-0.000421822,112.789
581.0,-0.000416679,112.789
581.05,-0.000420887,112.789
581.1,-0.000427065,112.789
581.15,-0.000418416,112.789
581.2,-0.000415978,112.789
581.25,-0.000423291,112.789
581.3,-0.000416479,112.789
581.35,-0.000413641,112.789
581.4,-0.00041137,112.789
581.45,-0.000409066,112.789
581.5,-0.000412171,112.789
581.55,-0.000412238,112.789
581.6,-0.000412873,112.789
581.65,-0.000421622,112.789
581.7,-0.000423558,112.789
581.75,-0.000419351,112.789
581.8,-0.000419885,112.788
581.85,-0.000416813,112.788
581.9,-0.000418249,112.788
581.95,-0.000430738,112.788
582.0,-0.000426931,112.788
582.05,-0.000426731,112.788
582.1,-0.00043007,112.788
582.15,-0.000427666,112.788
582.2,-0.00044099,112.788
582.25,-0.000435981,112.788
582.3,-0.000434177,112.788
582.35,-0.000440522,112.788
582.4,-0.000428534,112.788
582.45,-0.000434511,112.788
582.5,-0.000433276,112.788
582.55,-0.000440556,112.788
582.6,-0.000442926,112.788
582.65,-0.000439019,112.788
582.7,-0.000440355,112.788
582.75,-0.000424994,112.788
582.8,-0.000426297,112.788
582.85,-0.000425262,112.788
582.9,-0.000427232,112.788
582.95,-0.000435146,112.788
583.0,-0.000430805,112.788
583.05,-0.000425028,112.788
583.1,-0.0004281,112.788
583.15,-0.000427465,112.788
583.2,-0.000431473,112.788
583.25,-0.000429669,112.788
583.3,-0.000423692,112.788
583.35,-0.000427098,112.788
583.4,-0.00042279,112.788
583.45,-0.000434979,112.788
583.5,-0.000428567,112.788
583.55,-0.000435146,112.788
583.6,-0.000431473,112.788
583.65,-0.000428901,112.788
583.7,-0.000433142,112.788
583.75,-0.000421555,112.788
583.8,-0.000428534,112.788
583.85,-0.000425228,112.788
583.9,-0.000426564,112.788
583.95,-0.000432174,112.788
584.0,-0.000425128,112.788
584.05,-0.000427966,112.788
584.1,-0.000423826,112.788
584.15,-0.000429469,112.787
584.2,-0.000417815,112.787
584.25,-0.000416713,112.787
584.3,-0.000416813,112.787
584.35,-0.000413374,112.787
584.4,-0.000426798,112.787
584.45,-0.000425495,112.787
584.5,-0.000427733,112.787
584.55,-0.000427566,112.787
584.6,-0.000430938,112.787
584.65,-0.000436715,112.787
584.7,-0.000429269,112.787
584.75,-0.000429335,112.787
584.8,-0.000426163,112.787
584.85,-0.000419985,112.787
584.9,-0.000425128,112.787
584.95,-0.000418082,112.787
585.0,-0.000412038,112.787
585.05,-0.00042082,112.787
585.1,-0.000417748,112.787
585.15,-0.000417648,112.787
585.2,-0.000423859,112.787
585.25,-0.000435914,112.787
585.3,-0.000432207,112.787
585.35,-0.000432975,112.787
585.4,-0.000439687,112.787
585.45,-0.000432074,112.787
585.5,-0.000442492,112.787
585.55,-0.000429502,112.787
585.6,-0.000420987,112.787
585.65,-0.00042603,112.787
585.7,-0.000432708,112.787
585.75,-0.000427031,112.787
585.8,-0.000425963,112.787
585.85,-0.000436047,112.787
585.9,-0.000431139,112.787
585.95,-0.000433743,112.787
586.0,-0.000434779,112.787
586.05,-0.000443761,112.787
586.1,-0.000441023,112.787
586.15,-0.000436114,112.787
586.2,-0.000436916,112.787
586.25,-0.000436548,112.787
586.3,-0.000428534,112.787
586.35,-0.000420419,112.787
586.4,-0.000423325,112.787
586.45,-0.000418817,112.786
586.5,-0.000424326,112.786
586.55,-0.000419351,112.786
586.6,-0.000421688,112.786
586.65,-0.000419885,112.786
586.7,-0.000415978,112.786
586.75,-0.000417281,112.786
586.8,-0.000411871,112.786
586.85,-0.000403656,112.786
586.9,-0.000406695,112.786
586.95,-0.000418383,112.786
587.0,-0.000419318,112.786
587.05,-0.000415678,112.786
587.1,-0.000416846,112.786
587.15,-0.00041678,112.786
587.2,-0.000420419,112.786
587.25,-0.000417047,112.786
587.3,-0.000420553,112.786
587.35,-0.000425929,112.786
587.4,-0.000414609,112.786
587.45,-0.000414709,112.786
587.5,-0.000409467,112.786
587.55,-0.000417615,112.786
587.6,-0.000414409,112.786
587.65,-0.000416846,112.786
587.7,-0.000414709,112.786
587.75,-0.000414242,112.786
587.8,-0.000418082,112.786
587.85,-0.000410335,112.786
587.9,-0.000415143,112.786
587.95,-0.000410468,112.786
588.0,-0.000408064,112.786
588.05,-0.000411504,112.786
588.1,-0.00041521,112.786
588.15,-0.000412238,112.786
588.2,-0.000412873,112.786
588.25,-0.000412338,112.786
588.3,-0.000403122,112.786
588.35,-0.000408465,112.786
588.4,-0.000409133,112.786
588.45,-0.000415544,112.786
588.5,-0.000425896,112.786
588.55,-0.00041875,112.786
588.6,-0.000417514,112.786
588.65,-0.000415978,112.786
588.7,-0.000410736,112.786
588.75,-0.000417448,112.786
588.8,-0.00040399,112.786
588.85,-0.000404725,112.786
588.9,-0.000416846,112.785
588.95,-0.00040606,112.785
589.0,-0.000414609,112.785
589.05,-0.000411337,112.785
589.1,-0.000407296,112.785
589.15,-0.000408632,112.785
589.2,-0.000409767,112.785
589.25,-0.000413741,112.785
589.3,-0.000412472,112.785
589.35,-0.000414108,112.785
589.4,-0.000414075,112.785
589.45,-0.000409734,112.785
589.5,-0.000402254,112.785
589.55,-0.000397746,112.785
589.6,-0.000408932,112.785
589.65,-0.000411837,112.785
589.7,-0.000417347,112.785
589.75,-0.000417314,112.785
589.8,-0.000407296,112.785
589.85,-0.000410902,112.785
589.9,-0.000413374,112.785
589.95,-0.000413307,112.785
590.0,-0.000406127,112.785
590.05,-0.000411036,112.785
590.1,-0.000410502,112.785
590.15,-0.000415911,112.785
590.2,-0.000414442,112.785
590.25,-0.00041875,112.785
590.3,-0.000413741,112.785
590.35,-0.000418583,112.785
590.4,-0.000427833,112.785
590.45,-0.000416112,112.785
590.5,-0.000419952,112.785
590.55,-0.000425161,112.785
590.6,-0.00042082,112.785
590.65,-0.000422456,112.785
590.7,-0.000425863,112.785
590.75,-0.000416646,112.785
590.8,-0.000418383,112.785
590.85,-0.000422423,112.785
590.9,-0.000413307,112.785
590.95,-0.000425896,112.785
591.0,-0.000431439,112.785
591.05,-0.000424827,112.785
591.1,-0.000423158,112.785
591.15,-0.000427332,112.785
591.2,-0.000425061,112.785
591.25,-0.000426397,112.785
591.3,-0.00041678,112.784
591.35,-0.000426864,112.784
591.4,-0.000423024,112.784
591.45,-0.000426931,112.784
591.5,-0.000430003,112.784
591.55,-0.000435012,112.784
591.6,-0.000440288,112.784
591.65,-0.000432775,112.784
591.7,-0.000435413,112.784
591.75,-0.000434144,112.784
591.8,-0.000432508,112.784
591.85,-0.000433944,112.784
591.9,-0.000432875,112.784
591.95,-0.000432107,112.784
592.0,-0.000427365,112.784
592.05,-0.00042446,112.784
592.1,-0.000431439,112.784
592.15,-0.000426965,112.784
592.2,-0.000428868,112.784
592.25,-0.000422891,112.784
592.3,-0.000426564,112.784
592.35,-0.000437316,112.784
592.4,-0.000428267,112.784
592.45,-0.000449204,112.784
592.5,-0.000432942,112.784
592.55,-0.000427332,112.784
592.6,-0.000433343,112.784
592.65,-0.00043184,112.784
592.7,-0.000427966,112.784
592.75,-0.000438953,112.784
592.8,-0.000445364,112.784
592.85,-0.000432374,112.784
592.9,-0.000428668,112.784
592.95,-0.000437584,112.784
593.0,-0.000436148,112.784
593.05,-0.000436949,112.784
593.1,-0.000437183,112.784
593.15,-0.000449638,112.784
593.2,-0.00045054,112.784
593.25,-0.000447601,112.784
593.3,-0.000452176,112.784
593.35,-0.00044129,112.784
593.4,-0.000445097,112.784
593.45,-0.000439287,112.784
593.5,-0.000441157,112.784
593.55,-0.000435146,112.784
593.6,-0.000446967,112.783
593.65,-0.000438953,112.783
593.7,-0.000443995,112.783
593.75,-0.000435981,112.783
593.8,-0.000446433,112.783
593.85,-0.000438118,112.783
593.9,-0.000442726,112.783
593.95,-0.000432808,112.783
594.0,-0.000432174,112.783
594.05,-0.000433309,112.783
594.1,-0.000435914,112.783
594.15,-0.0004283,112.783
594.2,-0.00043952,112.783
594.25,-0.000429836,112.783
594.3,-0.000425161,112.783
594.35,-0.000417047,112.783
594.4,-0.00042092,112.783
594.45,-0.000424093,112.783
594.5,-0.000423859,112.783
594.55,-0.000427532,112.783
594.6,-0.00042987,112.783
594.65,-0.000424827,112.783
594.7,-0.000433376,112.783
594.75,-0.000427132,112.783
594.8,-0.000433944,112.783
594.85,-0.000427666,112.783
594.9,-0.000431239,112.783
594.95,-0.000424093,112.783
595.0,-0.000432675,112.783
595.05,-0.000427599,112.783
595.1,-0.000423558,112.783
595.15,-0.000421188,112.783
595.2,-0.000420687,112.783
595.25,-0.000418516,112.783
595.3,-0.000429235,112.783
595.35,-0.000419852,112.783
595.4,-0.000427833,112.783
595.45,-0.00042416,112.783
595.5,-0.000426631,112.783
595.55,-0.000422156,112.783
595.6,-0.000418683,112.783
595.65,-0.000425395,112.783
595.7,-0.000426798,112.783
595.75,-0.000423592,112.783
595.8,-0.000425662,112.783
595.85,-0.000422056,112.783
595.9,-0.000419485,112.783
595.95,-0.000420419,112.782
596.0,-0.000421121,112.782
596.05,-0.000424293,112.782
596.1,-0.000416412,112.782
596.15,-0.000431038,112.782
596.2,-0.00043361,112.782
596.25,-0.000425662,112.782
596.3,-0.000425228,112.782
596.35,-0.000425395,112.782
596.4,-0.000423558,112.782
596.45,-0.000423191,112.782
596.5,-0.000422123,112.782
596.55,-0.00042259,112.782
596.6,-0.00042269,112.782
596.65,-0.000418416,112.782
596.7,-0.000417247,112.782
596.75,-0.000421321,112.782
596.8,-0.000412071,112.782
596.85,-0.000414242,112.782
596.9,-0.000419451,112.782
596.95,-0.000409333,112.782
597.0,-0.000412706,112.782
597.05,-0.000416346,112.782
597.1,-0.000423325,112.782
597.15,-0.000423024,112.782
597.2,-0.000425428,112.782
597.25,-0.000421188,112.782
597.3,-0.000419618,112.782
597.35,-0.000428601,112.782
597.4,-0.000434177,112.782
597.45,-0.000434879,112.782
597.5,-0.000429569,112.782
597.55,-0.000420653,112.782
597.6,-0.000412238,112.782
597.65,-0.000412839,112.782
597.7,-0.000425729,112.782
597.75,-0.000415177,112.782
597.8,-0.000426764,112.782
597.85,-0.000415711,112.782
597.9,-0.000412238,112.782
597.95,-0.000414409,112.782
598.0,-0.000410969,112.782
598.05,-0.000420653,112.782
598.1,-0.000418149,112.782
598.15,-0.000409667,112.782
598.2,-0.000416646,112.782
598.25,-0.000427866,112.782
598.3,-0.00041511,112.781
598.35,-0.000419184,112.781
598.4,-0.000427065,112.781
598.45,-0.000428668,112.781
598.5,-0.000421755,112.781
598.55,-0.000420286,112.781
598.6,-0.000423058,112.781
598.65,-0.000419952,112.781
598.7,-0.000423024,112.781
598.75,-0.000413607,112.781
598.8,-0.00042249,112.781
598.85,-0.00041324,112.781
598.9,-0.000408465,112.781
598.95,-0.000409934,112.781
599.0,-0.000413607,112.781
599.05,-0.000420219,112.781
599.1,-0.000419718,112.781
599.15,-0.000420787,112.781
599.2,-0.000422724,112.781
599.25,-0.000429135,112.781
599.3,-0.000427699,112.781
599.35,-0.000426697,112.781
599.4,-0.000431473,112.781
599.45,-0.00043351,112.781
599.5,-0.000434445,112.781
599.55,-0.000440355,112.781
599.6,-0.000425595,112.781
599.65,-0.000416279,112.781
599.7,-0.000424293,112.781
599.75,-0.000426898,112.781
599.8,-0.000426965,112.781
599.85,-0.000431807,112.781
599.9,-0.000432107,112.781
599.95,-0.000418349,112.781
600.0,-0.000424761,112.781
