CC-at Ep-120C,VSTEP1,-1.612,TSTEP1,8000.0,QLIMIT,120000.0
T,Im,Q
-0.45,0.00609445,0.0
-0.4,0.00606683,0.0
-0.35,0.00605154,0.0
-0.3,0.00602409,0.0
-0.25,0.00600629,0.0
-0.2,0.00598719,0.0
-0.15,0.00596014,0.0
-0.1,0.00593827,0.0
-0.05,0.00592087,0.0
0.0,0.00591356,0.000295678
0.05,-0.192102,-0.00930941
0.1,-0.118087,-0.0152138
0.15,-0.0936976,-0.0198987
0.2,-0.0793236,-0.0238648
0.25,-0.0697917,-0.0273544
0.3,-0.0628857,-0.0304987
0.35,-0.0575758,-0.0333775
0.4,-0.0533272,-0.0360439
0.45,-0.0498469,-0.0385362
0.5,-0.046895,-0.040881
0.55,-0.0443415,-0.043098
0.6,-0.0421039,-0.0452032
0.65,-0.0401396,-0.0472102
0.7,-0.0384051,-0.0491305
0.75,-0.0368845,-0.0509747
0.8,-0.0355398,-0.0527517
0.85,-0.0343259,-0.054468
0.9,-0.033216,-0.0561288
0.95,-0.0322053,-0.057739
1.0,-0.0312773,-0.0593029
1.05,-0.030441,-0.0608249
1.1,-0.0296484,-0.0623074
1.15,-0.0289182,-0.0637533
1.2,-0.0282318,-0.0651649
1.25,-0.0276021,-0.066545
1.3,-0.0270026,-0.0678951
1.35,-0.0264257,-0.0692164
1.4,-0.0259165,-0.0705122
1.45,-0.0254479,-0.0717846
1.5,-0.0249743,-0.0730333
1.55,-0.0245353,-0.0742601
1.6,-0.0241178,-0.075466
1.65,-0.0237063,-0.0766513
1.7,-0.0233249,-0.0778175
1.75,-0.0229719,-0.0789661
1.8,-0.0226243,-0.0800973
1.85,-0.0223009,-0.0812124
1.9,-0.0219821,-0.0823115
1.95,-0.0216789,-0.0833954
2.0,-0.0213985,-0.0844654
2.05,-0.0211125,-0.085521
2.1,-0.02086,-0.086564
2.15,-0.0205867,-0.0875933
2.2,-0.0203301,-0.0886098
2.25,-0.0200891,-0.0896143
2.3,-0.0198648,-0.0906075
2.35,-0.0196504,-0.09159
2.4,-0.0194398,-0.092562
2.45,-0.0192561,-0.0935248
2.5,-0.0190487,-0.0944773
2.55,-0.0188502,-0.0954198
2.6,-0.0186581,-0.0963527
2.65,-0.0184828,-0.0972768
2.7,-0.0183118,-0.0981924
2.75,-0.018158,-0.0991003
2.8,-0.0179856,-0.0999996
2.85,-0.0178265,-0.100891
2.9,-0.0177023,-0.101776
2.95,-0.0175398,-0.102653
3.0,-0.0173893,-0.103522
3.05,-0.0172691,-0.104386
3.1,-0.0171038,-0.105241
3.15,-0.0169873,-0.106091
3.2,-0.0168601,-0.106934
3.25,-0.016734,-0.10777
3.3,-0.0166303,-0.108602
3.35,-0.0165304,-0.109428
3.4,-0.0164144,-0.110249
3.45,-0.0162985,-0.111064
3.5,-0.0162046,-0.111874
3.55,-0.0161309,-0.112681
3.6,-0.0160351,-0.113482
3.65,-0.0159235,-0.114279
3.7,-0.0158152,-0.115069
3.75,-0.015728,-0.115856
3.8,-0.0156275,-0.116637
3.85,-0.0155353,-0.117414
3.9,-0.0154451,-0.118186
3.95,-0.0153635,-0.118954
4.0,-0.0152868,-0.119719
4.05,-0.0152092,-0.120479
4.1,-0.0151355,-0.121236
4.15,-0.0150463,-0.121988
4.2,-0.0149768,-0.122737
4.25,-0.0149196,-0.123483
4.3,-0.01485,-0.124226
4.35,-0.0147649,-0.124964
4.4,-0.0146927,-0.125698
4.45,-0.0146329,-0.12643
4.5,-0.0145869,-0.127159
4.55,-0.0145414,-0.127886
4.6,-0.0144872,-0.128611
4.65,-0.0144276,-0.129332
4.7,-0.0143597,-0.13005
4.75,-0.0142856,-0.130764
4.8,-0.0142184,-0.131475
4.85,-0.0141645,-0.132184
4.9,-0.0141221,-0.13289
4.95,-0.0140773,-0.133594
5.0,-0.0140188,-0.134295
5.05,-0.0139716,-0.134993
5.1,-0.0139098,-0.135689
5.15,-0.0138627,-0.136382
5.2,-0.0138166,-0.137073
5.25,-0.0137748,-0.137761
5.3,-0.0137107,-0.138447
5.35,-0.0136558,-0.13913
5.4,-0.0136286,-0.139811
5.45,-0.0135873,-0.14049
5.5,-0.0135513,-0.141168
5.55,-0.0135154,-0.141844
5.6,-0.0134761,-0.142518
5.65,-0.0134359,-0.143189
5.7,-0.0134084,-0.14386
5.75,-0.0133798,-0.144529
5.8,-0.0133521,-0.145196
5.85,-0.0133097,-0.145862
5.9,-0.0132786,-0.146526
5.95,-0.0132437,-0.147188
6.0,-0.0131873,-0.147847
6.05,-0.0131474,-0.148505
6.1,-0.0131009,-0.14916
6.15,-0.0130786,-0.149814
6.2,-0.0130453,-0.150466
6.25,-0.0130136,-0.151117
6.3,-0.012992,-0.151766
6.35,-0.0129698,-0.152415
6.4,-0.0129495,-0.153062
6.45,-0.0129105,-0.153708
6.5,-0.0128744,-0.154351
6.55,-0.0128564,-0.154994
6.6,-0.0128199,-0.155635
6.65,-0.0127943,-0.156275
6.7,-0.0127612,-0.156913
6.75,-0.0127314,-0.15755
6.8,-0.012707,-0.158185
6.85,-0.0126837,-0.158819
6.9,-0.0126511,-0.159452
6.95,-0.0126339,-0.160083
7.0,-0.0126104,-0.160714
7.05,-0.012588,-0.161343
7.1,-0.0125676,-0.161972
7.15,-0.0125456,-0.162599
7.2,-0.0125208,-0.163225
7.25,-0.0125102,-0.163851
7.3,-0.0124826,-0.164475
7.35,-0.0124645,-0.165098
7.4,-0.0124368,-0.16572
7.45,-0.0124149,-0.16634
7.5,-0.0123892,-0.16696
7.55,-0.0123715,-0.167579
7.6,-0.0123509,-0.168196
7.65,-0.0123366,-0.168813
7.7,-0.0123112,-0.169428
7.75,-0.0123037,-0.170044
7.8,-0.0122827,-0.170658
7.85,-0.0122568,-0.171271
7.9,-0.0122418,-0.171883
7.95,-0.0122205,-0.172494
8.0,-0.0122017,-0.173104
8.05,-0.0121925,-0.173713
8.1,-0.0121657,-0.174322
8.15,-0.0121389,-0.174929
8.2,-0.0121258,-0.175535
8.25,-0.012106,-0.17614
8.3,-0.0120898,-0.176745
8.35,-0.0120734,-0.177348
8.4,-0.0120696,-0.177952
8.45,-0.0120523,-0.178555
8.5,-0.0120447,-0.179157
8.55,-0.0120292,-0.179758
8.6,-0.0120174,-0.180359
8.65,-0.0120059,-0.180959
8.7,-0.0119992,-0.181559
8.75,-0.0119807,-0.182158
8.8,-0.0119655,-0.182757
8.85,-0.0119618,-0.183355
8.9,-0.0119439,-0.183952
8.95,-0.0119244,-0.184548
9.0,-0.0119166,-0.185144
9.05,-0.0119011,-0.185739
9.1,-0.0118904,-0.186334
9.15,-0.0118759,-0.186927
9.2,-0.0118662,-0.187521
9.25,-0.0118587,-0.188114
9.3,-0.0118457,-0.188706
9.35,-0.0118382,-0.189298
9.4,-0.0118219,-0.189889
9.45,-0.0118088,-0.190479
9.5,-0.0117967,-0.191069
9.55,-0.0117828,-0.191658
9.6,-0.0117654,-0.192247
9.65,-0.0117531,-0.192834
9.7,-0.011741,-0.193421
9.75,-0.0117275,-0.194008
9.8,-0.0117189,-0.194594
9.85,-0.0117042,-0.195179
9.9,-0.0116856,-0.195763
9.95,-0.0116682,-0.196346
10.0,-0.0116562,-0.196929
10.05,-0.0116356,-0.197511
10.1,-0.0116353,-0.198093
10.15,-0.011623,-0.198674
10.2,-0.0116181,-0.199255
10.25,-0.011601,-0.199835
10.3,-0.0115938,-0.200415
10.35,-0.0115796,-0.200994
10.4,-0.0115648,-0.201572
10.45,-0.0115521,-0.202149
10.5,-0.011543,-0.202727
10.55,-0.0115311,-0.203303
10.6,-0.0115226,-0.203879
10.65,-0.0115077,-0.204455
10.7,-0.0114908,-0.205029
10.75,-0.0114867,-0.205604
10.8,-0.0114684,-0.206177
10.85,-0.0114622,-0.20675
10.9,-0.0114446,-0.207322
10.95,-0.011442,-0.207894
11.0,-0.0114292,-0.208466
11.05,-0.0114215,-0.209037
11.1,-0.0114202,-0.209608
11.15,-0.0114136,-0.210179
11.2,-0.0113973,-0.210749
11.25,-0.0113946,-0.211318
11.3,-0.0113795,-0.211887
11.35,-0.0113714,-0.212456
11.4,-0.0113747,-0.213025
11.45,-0.0113613,-0.213593
11.5,-0.0113532,-0.21416
11.55,-0.0113433,-0.214727
11.6,-0.0113403,-0.215294
11.65,-0.0113407,-0.215861
11.7,-0.0113274,-0.216428
11.75,-0.011316,-0.216994
11.8,-0.0113118,-0.217559
11.85,-0.0113072,-0.218125
11.9,-0.0113101,-0.21869
11.95,-0.0113048,-0.219255
12.0,-0.0112954,-0.21982
12.05,-0.0112826,-0.220384
12.1,-0.0112689,-0.220948
12.15,-0.0112717,-0.221511
12.2,-0.0112656,-0.222075
12.25,-0.0112639,-0.222638
12.3,-0.0112617,-0.223201
12.35,-0.0112575,-0.223764
12.4,-0.0112452,-0.224326
12.45,-0.0112478,-0.224888
12.5,-0.0112419,-0.22545
12.55,-0.0112315,-0.226012
12.6,-0.0112268,-0.226573
12.65,-0.0112205,-0.227134
12.7,-0.0112228,-0.227696
12.75,-0.0112103,-0.228256
12.8,-0.0112141,-0.228817
12.85,-0.0112001,-0.229377
12.9,-0.011204,-0.229937
12.95,-0.0112006,-0.230497
13.0,-0.0111961,-0.231057
13.05,-0.0111915,-0.231616
13.1,-0.0111837,-0.232176
13.15,-0.0111655,-0.232734
13.2,-0.011171,-0.233292
13.25,-0.0111559,-0.23385
13.3,-0.0111414,-0.234407
13.35,-0.0111425,-0.234964
13.4,-0.0111243,-0.235521
13.45,-0.0111137,-0.236076
13.5,-0.0111134,-0.236632
13.55,-0.0111015,-0.237187
13.6,-0.0110976,-0.237742
13.65,-0.0110916,-0.238296
13.7,-0.0110803,-0.23885
13.75,-0.0110642,-0.239404
13.8,-0.0110581,-0.239957
13.85,-0.0110588,-0.24051
13.9,-0.0110508,-0.241062
13.95,-0.0110406,-0.241614
14.0,-0.011034,-0.242166
14.05,-0.0110299,-0.242717
14.1,-0.0110233,-0.243268
14.15,-0.0110119,-0.243819
14.2,-0.0109966,-0.244369
14.25,-0.0109926,-0.244919
14.3,-0.0109936,-0.245468
14.35,-0.0109815,-0.246017
14.4,-0.010977,-0.246566
14.45,-0.0109668,-0.247114
14.5,-0.010957,-0.247662
14.55,-0.0109598,-0.24821
14.6,-0.0109472,-0.248758
14.65,-0.0109333,-0.249304
14.7,-0.0109218,-0.24985
14.75,-0.0109144,-0.250396
14.8,-0.0108933,-0.250941
14.85,-0.0108965,-0.251486
14.9,-0.0108892,-0.25203
14.95,-0.010889,-0.252575
15.0,-0.0108763,-0.253118
15.05,-0.0108748,-0.253662
15.1,-0.0108723,-0.254206
15.15,-0.0108626,-0.254749
15.2,-0.0108565,-0.255292
15.25,-0.0108561,-0.255834
15.3,-0.0108445,-0.256377
15.35,-0.0108339,-0.256918
15.4,-0.0108264,-0.25746
15.45,-0.0108233,-0.258001
15.5,-0.0108284,-0.258542
15.55,-0.0108213,-0.259083
15.6,-0.0108108,-0.259624
15.65,-0.0108047,-0.260164
15.7,-0.0108003,-0.260704
15.75,-0.0107912,-0.261244
15.8,-0.0107848,-0.261783
15.85,-0.010777,-0.262322
15.9,-0.0107727,-0.26286
15.95,-0.0107563,-0.263398
16.0,-0.0107607,-0.263936
16.05,-0.0107511,-0.264474
16.1,-0.0107367,-0.265011
16.15,-0.0107352,-0.265547
16.2,-0.0107351,-0.266084
16.25,-0.0107361,-0.266621
16.3,-0.0107187,-0.267157
16.35,-0.0107141,-0.267693
16.4,-0.0107165,-0.268228
16.45,-0.0107058,-0.268764
16.5,-0.0106927,-0.269298
16.55,-0.0106929,-0.269833
16.6,-0.0106865,-0.270367
16.65,-0.0106818,-0.270901
16.7,-0.0106746,-0.271435
16.75,-0.0106694,-0.271969
16.8,-0.0106662,-0.272502
16.85,-0.0106608,-0.273035
16.9,-0.0106599,-0.273568
16.95,-0.0106585,-0.274101
17.0,-0.0106578,-0.274634
17.05,-0.0106506,-0.275166
17.1,-0.0106491,-0.275699
17.15,-0.0106515,-0.276231
17.2,-0.0106435,-0.276764
17.25,-0.0106338,-0.277295
17.3,-0.0106333,-0.277827
17.35,-0.0106315,-0.278358
17.4,-0.0106332,-0.27889
17.45,-0.0106325,-0.279422
17.5,-0.0106182,-0.279953
17.55,-0.0106248,-0.280484
17.6,-0.010619,-0.281015
17.65,-0.0106125,-0.281545
17.7,-0.010617,-0.282076
17.75,-0.0106126,-0.282607
17.8,-0.0106083,-0.283137
17.85,-0.0106048,-0.283668
17.9,-0.0106035,-0.284198
17.95,-0.0105952,-0.284728
18.0,-0.0105997,-0.285258
18.05,-0.010594,-0.285787
18.1,-0.0105908,-0.286317
18.15,-0.0105968,-0.286847
18.2,-0.0105933,-0.287376
18.25,-0.0105927,-0.287906
18.3,-0.0105877,-0.288435
18.35,-0.0105929,-0.288965
18.4,-0.0105833,-0.289494
18.45,-0.0105852,-0.290023
18.5,-0.010577,-0.290552
18.55,-0.0105719,-0.291081
18.6,-0.0105725,-0.291609
18.65,-0.0105673,-0.292138
18.7,-0.0105608,-0.292666
18.75,-0.010561,-0.293194
18.8,-0.0105544,-0.293722
18.85,-0.0105609,-0.29425
18.9,-0.0105532,-0.294777
18.95,-0.0105495,-0.295305
19.0,-0.0105486,-0.295832
19.05,-0.010545,-0.296359
19.1,-0.0105461,-0.296887
19.15,-0.0105562,-0.297415
19.2,-0.0105547,-0.297942
19.25,-0.0105414,-0.298469
19.3,-0.0105314,-0.298996
19.35,-0.0105268,-0.299522
19.4,-0.0105204,-0.300048
19.45,-0.0105185,-0.300574
19.5,-0.0105182,-0.3011
19.55,-0.0105171,-0.301626
19.6,-0.0105185,-0.302152
19.65,-0.0105145,-0.302678
19.7,-0.0105175,-0.303204
19.75,-0.0105142,-0.303729
19.8,-0.0105064,-0.304255
19.85,-0.0105061,-0.30478
19.9,-0.0104989,-0.305305
19.95,-0.0105018,-0.30583
20.0,-0.0104916,-0.306354
20.05,-0.0104788,-0.306878
20.1,-0.0104887,-0.307403
20.15,-0.0104836,-0.307927
20.2,-0.0104766,-0.308451
20.25,-0.0104694,-0.308974
20.3,-0.010471,-0.309498
20.35,-0.0104714,-0.310021
20.4,-0.0104701,-0.310545
20.45,-0.0104618,-0.311068
20.5,-0.0104651,-0.311591
20.55,-0.0104671,-0.312115
20.6,-0.010461,-0.312638
20.65,-0.0104647,-0.313161
20.7,-0.0104601,-0.313684
20.75,-0.010447,-0.314206
20.8,-0.0104523,-0.314729
20.85,-0.0104522,-0.315252
20.9,-0.010444,-0.315774
20.95,-0.0104501,-0.316296
21.0,-0.0104494,-0.316819
21.05,-0.010441,-0.317341
21.1,-0.0104357,-0.317863
21.15,-0.0104473,-0.318385
21.2,-0.0104582,-0.318908
21.25,-0.0104472,-0.31943
21.3,-0.0104395,-0.319952
21.35,-0.0104323,-0.320474
21.4,-0.010435,-0.320996
21.45,-0.0104267,-0.321517
21.5,-0.0104227,-0.322038
21.55,-0.0104267,-0.322559
21.6,-0.0104236,-0.323081
21.65,-0.0104183,-0.323601
21.7,-0.0104189,-0.324122
21.75,-0.0104107,-0.324643
21.8,-0.0104183,-0.325164
21.85,-0.0104178,-0.325685
21.9,-0.0104238,-0.326206
21.95,-0.0104246,-0.326727
22.0,-0.0104206,-0.327248
22.05,-0.0104208,-0.327769
22.1,-0.0104186,-0.32829
22.15,-0.0104115,-0.328811
22.2,-0.0104101,-0.329331
22.25,-0.0104027,-0.329851
22.3,-0.0104018,-0.330371
22.35,-0.0103983,-0.330891
22.4,-0.0103997,-0.331411
22.45,-0.0103996,-0.331931
22.5,-0.0103934,-0.332451
22.55,-0.0103939,-0.332971
22.6,-0.0103871,-0.33349
22.65,-0.0103885,-0.334009
22.7,-0.0103885,-0.334529
22.75,-0.0103899,-0.335048
22.8,-0.0103901,-0.335568
22.85,-0.0103942,-0.336088
22.9,-0.0103924,-0.336607
22.95,-0.0103934,-0.337127
23.0,-0.010388,-0.337646
23.05,-0.010398,-0.338166
23.1,-0.0103839,-0.338685
23.15,-0.0103848,-0.339205
23.2,-0.0103875,-0.339724
23.25,-0.0103803,-0.340243
23.3,-0.0103686,-0.340761
23.35,-0.0103686,-0.34128
23.4,-0.0103751,-0.341799
23.45,-0.0103712,-0.342317
23.5,-0.0103647,-0.342835
23.55,-0.0103788,-0.343354
23.6,-0.010368,-0.343873
23.65,-0.0103684,-0.344391
23.7,-0.0103636,-0.344909
23.75,-0.0103699,-0.345428
23.8,-0.0103697,-0.345946
23.85,-0.0103622,-0.346464
23.9,-0.0103713,-0.346983
23.95,-0.010366,-0.347501
24.0,-0.0103601,-0.348019
24.05,-0.0103586,-0.348537
24.1,-0.0103619,-0.349055
24.15,-0.0103602,-0.349573
24.2,-0.0103553,-0.350091
24.25,-0.0103627,-0.350609
24.3,-0.0103626,-0.351127
24.35,-0.0103628,-0.351646
24.4,-0.0103618,-0.352164
24.45,-0.0103562,-0.352681
24.5,-0.0103589,-0.353199
24.55,-0.0103675,-0.353718
24.6,-0.0103739,-0.354236
24.65,-0.0103617,-0.354755
24.7,-0.010362,-0.355273
24.75,-0.0103597,-0.355791
24.8,-0.0103622,-0.356309
24.85,-0.0103581,-0.356827
24.9,-0.0103632,-0.357345
24.95,-0.0103581,-0.357863
25.0,-0.010359,-0.358381
25.05,-0.0103589,-0.358899
25.1,-0.0103561,-0.359416
25.15,-0.0103516,-0.359934
25.2,-0.0103468,-0.360451
25.25,-0.0103554,-0.360969
25.3,-0.0103492,-0.361487
25.35,-0.0103426,-0.362004
25.4,-0.0103338,-0.36252
25.45,-0.0103357,-0.363037
25.5,-0.0103361,-0.363554
25.55,-0.0103303,-0.36407
25.6,-0.0103318,-0.364587
25.65,-0.0103328,-0.365104
25.7,-0.010337,-0.365621
25.75,-0.0103403,-0.366138
25.8,-0.0103353,-0.366654
25.85,-0.010336,-0.367171
25.9,-0.0103332,-0.367688
25.95,-0.0103263,-0.368204
26.0,-0.0103241,-0.36872
26.05,-0.0103252,-0.369237
26.1,-0.0103266,-0.369753
26.15,-0.010333,-0.37027
26.2,-0.0103377,-0.370786
26.25,-0.0103394,-0.371303
26.3,-0.0103372,-0.37182
26.35,-0.0103424,-0.372337
26.4,-0.0103472,-0.372855
26.45,-0.0103388,-0.373372
26.5,-0.0103346,-0.373888
26.55,-0.0103347,-0.374405
26.6,-0.010339,-0.374922
26.65,-0.0103368,-0.375439
26.7,-0.0103367,-0.375956
26.75,-0.0103306,-0.376472
26.8,-0.0103361,-0.376989
26.85,-0.0103258,-0.377505
26.9,-0.0103276,-0.378022
26.95,-0.010337,-0.378539
27.0,-0.0103385,-0.379056
27.05,-0.0103414,-0.379573
27.1,-0.0103483,-0.38009
27.15,-0.0103377,-0.380607
27.2,-0.0103499,-0.381124
27.25,-0.010341,-0.381641
27.3,-0.0103477,-0.382159
27.35,-0.0103514,-0.382676
27.4,-0.0103492,-0.383194
27.45,-0.0103458,-0.383711
27.5,-0.0103392,-0.384228
27.55,-0.0103367,-0.384745
27.6,-0.0103314,-0.385262
27.65,-0.0103348,-0.385778
27.7,-0.0103368,-0.386295
27.75,-0.0103254,-0.386811
27.8,-0.0103245,-0.387328
27.85,-0.0103273,-0.387844
27.9,-0.0103232,-0.38836
27.95,-0.0103274,-0.388876
28.0,-0.0103238,-0.389393
28.05,-0.010316,-0.389908
28.1,-0.0103155,-0.390424
28.15,-0.0103069,-0.39094
28.2,-0.0103134,-0.391455
28.25,-0.0103188,-0.391971
28.3,-0.0103217,-0.392487
28.35,-0.0103197,-0.393003
28.4,-0.0103245,-0.39352
28.45,-0.0103238,-0.394036
28.5,-0.0103303,-0.394552
28.55,-0.0103174,-0.395068
28.6,-0.0103271,-0.395584
28.65,-0.0103235,-0.396101
28.7,-0.0103261,-0.396617
28.75,-0.0103263,-0.397133
28.8,-0.0103213,-0.397649
28.85,-0.0103234,-0.398165
28.9,-0.0103199,-0.398681
28.95,-0.0103198,-0.399197
29.0,-0.0103174,-0.399713
29.05,-0.0103175,-0.400229
29.1,-0.0103129,-0.400745
29.15,-0.0103252,-0.401261
29.2,-0.0103254,-0.401777
29.25,-0.0103245,-0.402294
29.3,-0.0103249,-0.40281
29.35,-0.0103103,-0.403325
29.4,-0.0103134,-0.403841
29.45,-0.010326,-0.404357
29.5,-0.0103156,-0.404873
29.55,-0.0103189,-0.405389
29.6,-0.0103193,-0.405905
29.65,-0.0103219,-0.406421
29.7,-0.0103207,-0.406937
29.75,-0.0103236,-0.407453
29.8,-0.0103253,-0.40797
29.85,-0.0103304,-0.408486
29.9,-0.0103246,-0.409002
29.95,-0.0103247,-0.409519
30.0,-0.0103283,-0.410035
30.05,-0.010329,-0.410551
30.1,-0.0103357,-0.411068
30.15,-0.0103426,-0.411585
30.2,-0.0103403,-0.412102
30.25,-0.0103344,-0.412619
30.3,-0.010327,-0.413135
30.35,-0.0103245,-0.413652
30.4,-0.0103259,-0.414168
30.45,-0.0103323,-0.414685
30.5,-0.0103417,-0.415202
30.55,-0.0103434,-0.415719
30.6,-0.0103417,-0.416236
30.65,-0.01034,-0.416753
30.7,-0.0103348,-0.41727
30.75,-0.0103355,-0.417786
30.8,-0.0103341,-0.418303
30.85,-0.0103425,-0.41882
30.9,-0.0103377,-0.419337
30.95,-0.010345,-0.419854
31.0,-0.0103442,-0.420372
31.05,-0.0103446,-0.420889
31.1,-0.0103479,-0.421406
31.15,-0.0103453,-0.421924
31.2,-0.0103402,-0.422441
31.25,-0.010343,-0.422958
31.3,-0.0103475,-0.423475
31.35,-0.0103386,-0.423992
31.4,-0.0103402,-0.424509
31.45,-0.0103398,-0.425026
31.5,-0.0103463,-0.425543
31.55,-0.0103469,-0.426061
31.6,-0.0103503,-0.426578
31.65,-0.0103471,-0.427096
31.7,-0.0103499,-0.427613
31.75,-0.0103331,-0.42813
31.8,-0.0103382,-0.428647
31.85,-0.0103423,-0.429164
31.9,-0.0103421,-0.429681
31.95,-0.0103531,-0.430198
32.0,-0.0103463,-0.430716
32.05,-0.0103562,-0.431234
32.1,-0.0103501,-0.431751
32.15,-0.0103506,-0.432269
32.2,-0.0103491,-0.432786
32.25,-0.0103554,-0.433304
32.3,-0.0103488,-0.433821
32.35,-0.0103534,-0.434339
32.4,-0.0103525,-0.434857
32.45,-0.0103465,-0.435374
32.5,-0.0103492,-0.435891
32.55,-0.0103546,-0.436409
32.6,-0.0103579,-0.436927
32.65,-0.0103578,-0.437445
32.7,-0.0103505,-0.437962
32.75,-0.0103582,-0.43848
32.8,-0.0103547,-0.438998
32.85,-0.0103541,-0.439516
32.9,-0.0103533,-0.440033
32.95,-0.0103485,-0.440551
33.0,-0.0103512,-0.441068
33.05,-0.0103586,-0.441586
33.1,-0.0103577,-0.442104
33.15,-0.0103655,-0.442622
33.2,-0.0103469,-0.44314
33.25,-0.0103523,-0.443657
33.3,-0.0103568,-0.444175
33.35,-0.0103532,-0.444693
33.4,-0.010351,-0.44521
33.45,-0.0103485,-0.445728
33.5,-0.0103541,-0.446246
33.55,-0.0103427,-0.446763
33.6,-0.0103428,-0.44728
33.65,-0.0103543,-0.447798
33.7,-0.0103467,-0.448315
33.75,-0.0103401,-0.448832
33.8,-0.0103425,-0.449349
33.85,-0.0103465,-0.449866
33.9,-0.0103447,-0.450384
33.95,-0.0103493,-0.450901
34.0,-0.0103511,-0.451419
34.05,-0.0103517,-0.451936
34.1,-0.0103527,-0.452454
34.15,-0.0103576,-0.452972
34.2,-0.0103575,-0.45349
34.25,-0.0103541,-0.454007
34.3,-0.010358,-0.454525
34.35,-0.0103554,-0.455043
34.4,-0.0103544,-0.455561
34.45,-0.0103661,-0.456079
34.5,-0.0103566,-0.456597
34.55,-0.0103555,-0.457115
34.6,-0.0103573,-0.457633
34.65,-0.010361,-0.458151
34.7,-0.0103556,-0.458668
34.75,-0.0103569,-0.459186
34.8,-0.0103589,-0.459704
34.85,-0.0103605,-0.460222
34.9,-0.0103602,-0.46074
34.95,-0.0103588,-0.461258
35.0,-0.0103702,-0.461777
35.05,-0.0103715,-0.462295
35.1,-0.0103655,-0.462813
35.15,-0.0103716,-0.463332
35.2,-0.0103614,-0.46385
35.25,-0.0103774,-0.464369
35.3,-0.0103832,-0.464888
35.35,-0.0103812,-0.465407
35.4,-0.0103739,-0.465926
35.45,-0.0103724,-0.466445
35.5,-0.010376,-0.466963
35.55,-0.0103706,-0.467482
35.6,-0.0103752,-0.468001
35.65,-0.0103781,-0.46852
35.7,-0.0103777,-0.469038
35.75,-0.0103789,-0.469557
35.8,-0.0103793,-0.470076
35.85,-0.010375,-0.470595
35.9,-0.0103752,-0.471114
35.95,-0.0103773,-0.471633
36.0,-0.0103778,-0.472152
36.05,-0.0103729,-0.47267
36.1,-0.0103754,-0.473189
36.15,-0.010376,-0.473708
36.2,-0.0103777,-0.474227
36.25,-0.0103805,-0.474746
36.3,-0.01038,-0.475265
36.35,-0.0103804,-0.475784
36.4,-0.0103812,-0.476303
36.45,-0.0103796,-0.476822
36.5,-0.0103847,-0.477341
36.55,-0.0103879,-0.47786
36.6,-0.010389,-0.47838
36.65,-0.0103892,-0.478899
36.7,-0.0103917,-0.479419
36.75,-0.0103854,-0.479938
36.8,-0.0103946,-0.480458
36.85,-0.0103989,-0.480978
36.9,-0.0103954,-0.481498
36.95,-0.0103901,-0.482017
37.0,-0.0103922,-0.482537
37.05,-0.0103858,-0.483056
37.1,-0.010395,-0.483576
37.15,-0.01039,-0.484095
37.2,-0.0103922,-0.484615
37.25,-0.0103983,-0.485135
37.3,-0.0103918,-0.485654
37.35,-0.0103959,-0.486174
37.4,-0.0103949,-0.486694
37.45,-0.0103973,-0.487214
37.5,-0.0104013,-0.487734
37.55,-0.0103995,-0.488254
37.6,-0.010406,-0.488774
37.65,-0.0104107,-0.489295
37.7,-0.0104155,-0.489815
37.75,-0.010407,-0.490336
37.8,-0.0104106,-0.490856
37.85,-0.0104146,-0.491377
37.9,-0.0104173,-0.491898
37.95,-0.0104152,-0.492419
38.0,-0.0104034,-0.492939
38.05,-0.0104091,-0.493459
38.1,-0.0104136,-0.49398
38.15,-0.010409,-0.4945
38.2,-0.0104131,-0.495021
38.25,-0.0104104,-0.495542
38.3,-0.0104136,-0.496062
38.35,-0.0104067,-0.496583
38.4,-0.0104103,-0.497103
38.45,-0.0104119,-0.497624
38.5,-0.0104157,-0.498145
38.55,-0.010418,-0.498665
38.6,-0.0104128,-0.499186
38.65,-0.0104147,-0.499707
38.7,-0.0104119,-0.500227
38.75,-0.0104126,-0.500748
38.8,-0.010412,-0.501269
38.85,-0.0104201,-0.50179
38.9,-0.0104208,-0.502311
38.95,-0.0104206,-0.502832
39.0,-0.0104175,-0.503353
39.05,-0.0104239,-0.503874
39.1,-0.0104271,-0.504395
39.15,-0.0104276,-0.504916
39.2,-0.0104132,-0.505437
39.25,-0.0104159,-0.505958
39.3,-0.0104262,-0.506479
39.35,-0.0104292,-0.507001
39.4,-0.0104167,-0.507522
39.45,-0.0104204,-0.508043
39.5,-0.0104337,-0.508564
39.55,-0.0104341,-0.509086
39.6,-0.0104317,-0.509608
39.65,-0.0104215,-0.510129
39.7,-0.0104285,-0.51065
39.75,-0.0104289,-0.511171
39.8,-0.0104426,-0.511694
39.85,-0.0104378,-0.512215
39.9,-0.0104398,-0.512737
39.95,-0.0104328,-0.513259
40.0,-0.0104445,-0.513781
40.05,-0.0104442,-0.514304
40.1,-0.0104445,-0.514826
40.15,-0.0104434,-0.515348
40.2,-0.0104486,-0.51587
40.25,-0.0104574,-0.516393
40.3,-0.0104583,-0.516916
40.35,-0.0104546,-0.517439
40.4,-0.010452,-0.517962
40.45,-0.0104587,-0.518484
40.5,-0.0104632,-0.519008
40.55,-0.0104584,-0.51953
40.6,-0.010467,-0.520054
40.65,-0.0104674,-0.520577
40.7,-0.0104693,-0.521101
40.75,-0.0104789,-0.521625
40.8,-0.0104779,-0.522149
40.85,-0.0104754,-0.522672
40.9,-0.0104721,-0.523196
40.95,-0.0104698,-0.523719
41.0,-0.0104832,-0.524244
41.05,-0.0104893,-0.524768
41.1,-0.0104912,-0.525293
41.15,-0.0104848,-0.525817
41.2,-0.0104877,-0.526341
41.25,-0.0104943,-0.526866
41.3,-0.0104928,-0.527391
41.35,-0.010497,-0.527915
41.4,-0.0104933,-0.52844
41.45,-0.0104919,-0.528965
41.5,-0.0104885,-0.529489
41.55,-0.0105021,-0.530014
41.6,-0.0105015,-0.530539
41.65,-0.0104905,-0.531064
41.7,-0.0104948,-0.531589
41.75,-0.0105067,-0.532114
41.8,-0.0105012,-0.532639
41.85,-0.010498,-0.533164
41.9,-0.0104923,-0.533688
41.95,-0.0104957,-0.534213
42.0,-0.0105083,-0.534739
42.05,-0.0105075,-0.535264
42.1,-0.0105084,-0.535789
42.15,-0.0104942,-0.536314
42.2,-0.0105058,-0.536839
42.25,-0.0105151,-0.537365
42.3,-0.0105113,-0.537891
42.35,-0.010515,-0.538417
42.4,-0.0105067,-0.538942
42.45,-0.0105113,-0.539467
42.5,-0.0105147,-0.539993
42.55,-0.0105142,-0.540519
42.6,-0.0105138,-0.541045
42.65,-0.0105214,-0.541571
42.7,-0.0105206,-0.542097
42.75,-0.0105123,-0.542622
42.8,-0.0105186,-0.543148
42.85,-0.0105121,-0.543674
42.9,-0.010507,-0.544199
42.95,-0.0105195,-0.544725
43.0,-0.0105279,-0.545252
43.05,-0.0105343,-0.545778
43.1,-0.0105423,-0.546305
43.15,-0.0105481,-0.546833
43.2,-0.0105397,-0.54736
43.25,-0.0105414,-0.547887
43.3,-0.0105448,-0.548414
43.35,-0.0105384,-0.548941
43.4,-0.0105486,-0.549468
43.45,-0.0105516,-0.549996
43.5,-0.0105472,-0.550523
43.55,-0.0105414,-0.55105
43.6,-0.0105397,-0.551577
43.65,-0.0105532,-0.552105
43.7,-0.010571,-0.552634
43.75,-0.0105596,-0.553162
43.8,-0.0105645,-0.55369
43.85,-0.0105646,-0.554218
43.9,-0.0105617,-0.554746
43.95,-0.0105637,-0.555274
44.0,-0.010573,-0.555803
44.05,-0.0105789,-0.556332
44.1,-0.0105833,-0.556861
44.15,-0.0105847,-0.55739
44.2,-0.0105826,-0.557919
44.25,-0.010579,-0.558448
44.3,-0.0105917,-0.558978
44.35,-0.0105903,-0.559507
44.4,-0.0105935,-0.560037
44.45,-0.0105833,-0.560566
44.5,-0.0105878,-0.561096
44.55,-0.0105984,-0.561626
44.6,-0.0105952,-0.562155
44.65,-0.0105985,-0.562685
44.7,-0.0105957,-0.563215
44.75,-0.010592,-0.563745
44.8,-0.0105897,-0.564274
44.85,-0.0105925,-0.564804
44.9,-0.0106037,-0.565334
44.95,-0.0106008,-0.565864
45.0,-0.0105995,-0.566394
45.05,-0.0106025,-0.566924
45.1,-0.0106095,-0.567455
45.15,-0.0106106,-0.567985
45.2,-0.0106134,-0.568516
45.25,-0.0106217,-0.569047
45.3,-0.0106168,-0.569578
45.35,-0.0106163,-0.570109
45.4,-0.0106164,-0.570639
45.45,-0.0106152,-0.57117
45.5,-0.0106217,-0.571701
45.55,-0.0106226,-0.572232
45.6,-0.0106207,-0.572763
45.65,-0.0106198,-0.573294
45.7,-0.0106225,-0.573826
45.75,-0.010633,-0.574357
45.8,-0.0106326,-0.574889
45.85,-0.0106325,-0.57542
45.9,-0.0106359,-0.575952
45.95,-0.0106346,-0.576484
46.0,-0.0106333,-0.577016
46.05,-0.0106328,-0.577547
46.1,-0.0106347,-0.578079
46.15,-0.0106369,-0.578611
46.2,-0.0106414,-0.579143
46.25,-0.0106295,-0.579674
46.3,-0.0106423,-0.580207
46.35,-0.0106444,-0.580739
46.4,-0.0106444,-0.581271
46.45,-0.010649,-0.581803
46.5,-0.0106609,-0.582336
46.55,-0.010656,-0.582869
46.6,-0.0106669,-0.583403
46.65,-0.0106765,-0.583936
46.7,-0.010667,-0.58447
46.75,-0.0106636,-0.585003
46.8,-0.0106713,-0.585536
46.85,-0.0106729,-0.58607
46.9,-0.0106851,-0.586604
46.95,-0.0106833,-0.587139
47.0,-0.0106819,-0.587673
47.05,-0.0106833,-0.588207
47.1,-0.0106941,-0.588742
47.15,-0.0106885,-0.589276
47.2,-0.0106989,-0.589811
47.25,-0.0107119,-0.590347
47.3,-0.0107119,-0.590882
47.35,-0.0107129,-0.591418
47.4,-0.0107217,-0.591954
47.45,-0.0107275,-0.59249
47.5,-0.0107392,-0.593027
47.55,-0.0107446,-0.593564
47.6,-0.0107405,-0.594101
47.65,-0.0107507,-0.594639
47.7,-0.0107533,-0.595177
47.75,-0.0107433,-0.595714
47.8,-0.0107454,-0.596251
47.85,-0.0107449,-0.596788
47.9,-0.0107426,-0.597325
47.95,-0.0107569,-0.597863
48.0,-0.0107556,-0.598401
48.05,-0.0107629,-0.598939
48.1,-0.0107735,-0.599478
48.15,-0.0107737,-0.600017
48.2,-0.0107704,-0.600555
48.25,-0.0107698,-0.601094
48.3,-0.0107613,-0.601632
48.35,-0.0107716,-0.60217
48.4,-0.0107885,-0.60271
48.45,-0.0107894,-0.603249
48.5,-0.0107882,-0.603788
48.55,-0.010783,-0.604328
48.6,-0.010786,-0.604867
48.65,-0.0107859,-0.605406
48.7,-0.0107852,-0.605946
48.75,-0.0107929,-0.606485
48.8,-0.0108019,-0.607025
48.85,-0.0108068,-0.607566
48.9,-0.0108021,-0.608106
48.95,-0.0108054,-0.608646
49.0,-0.0108101,-0.609186
49.05,-0.0108073,-0.609727
49.1,-0.0108103,-0.610267
49.15,-0.0108093,-0.610808
49.2,-0.010811,-0.611348
49.25,-0.0108111,-0.611889
49.3,-0.0108159,-0.61243
49.35,-0.0108193,-0.612971
49.4,-0.0108271,-0.613512
49.45,-0.0108341,-0.614054
49.5,-0.010842,-0.614596
49.55,-0.0108401,-0.615138
49.6,-0.0108481,-0.61568
49.65,-0.0108471,-0.616223
49.7,-0.0108577,-0.616765
49.75,-0.0108663,-0.617309
49.8,-0.0108589,-0.617852
49.85,-0.0108732,-0.618395
49.9,-0.0108816,-0.61894
49.95,-0.0108797,-0.619483
50.0,-0.0108727,-0.620027
50.05,-0.010876,-0.620571
50.1,-0.0108778,-0.621115
50.15,-0.0108874,-0.621659
50.2,-0.0108868,-0.622204
50.25,-0.0108963,-0.622748
50.3,-0.0108872,-0.623293
50.35,-0.0108808,-0.623837
50.4,-0.0108879,-0.624381
50.45,-0.0108897,-0.624926
50.5,-0.0108942,-0.62547
50.55,-0.0109033,-0.626015
50.6,-0.0108989,-0.62656
50.65,-0.0108993,-0.627105
50.7,-0.0108927,-0.62765
50.75,-0.0108991,-0.628195
50.8,-0.0109047,-0.62874
50.85,-0.0109018,-0.629285
50.9,-0.0109063,-0.629831
50.95,-0.0109067,-0.630376
51.0,-0.010909,-0.630921
51.05,-0.0109194,-0.631467
51.1,-0.0109195,-0.632013
51.15,-0.0109291,-0.63256
51.2,-0.0109318,-0.633106
51.25,-0.0109255,-0.633653
51.3,-0.0109357,-0.6342
51.35,-0.0109326,-0.634746
51.4,-0.0109368,-0.635293
51.45,-0.0109519,-0.635841
51.5,-0.0109484,-0.636388
51.55,-0.0109452,-0.636935
51.6,-0.0109446,-0.637482
51.65,-0.0109415,-0.63803
51.7,-0.0109409,-0.638577
51.75,-0.0109508,-0.639124
51.8,-0.010959,-0.639672
51.85,-0.0109714,-0.640221
51.9,-0.0109612,-0.640769
51.95,-0.0109701,-0.641317
52.0,-0.0109695,-0.641866
52.05,-0.0109656,-0.642414
52.1,-0.0109762,-0.642963
52.15,-0.0109804,-0.643512
52.2,-0.0109742,-0.64406
52.25,-0.0109783,-0.644609
52.3,-0.0109815,-0.645158
52.35,-0.0109898,-0.645708
52.4,-0.010991,-0.646258
52.45,-0.0109888,-0.646807
52.5,-0.010993,-0.647357
52.55,-0.0109918,-0.647906
52.6,-0.0109868,-0.648456
52.65,-0.0109823,-0.649005
52.7,-0.0109896,-0.649554
52.75,-0.0109942,-0.650104
52.8,-0.0109952,-0.650654
52.85,-0.0109951,-0.651203
52.9,-0.011,-0.651753
52.95,-0.0109978,-0.652303
53.0,-0.0110035,-0.652853
53.05,-0.0110077,-0.653404
53.1,-0.0110099,-0.653954
53.15,-0.0110111,-0.654505
53.2,-0.0110085,-0.655055
53.25,-0.0110094,-0.655606
53.3,-0.011023,-0.656157
53.35,-0.0110316,-0.656708
53.4,-0.0110344,-0.65726
53.45,-0.0110211,-0.657811
53.5,-0.0110213,-0.658362
53.55,-0.0110277,-0.658914
53.6,-0.0110261,-0.659465
53.65,-0.0110299,-0.660017
53.7,-0.0110292,-0.660568
53.75,-0.0110333,-0.66112
53.8,-0.0110502,-0.661672
53.85,-0.0110443,-0.662224
53.9,-0.0110542,-0.662777
53.95,-0.0110468,-0.663329
54.0,-0.0110406,-0.663881
54.05,-0.0110327,-0.664433
54.1,-0.0110464,-0.664985
54.15,-0.0110467,-0.665538
54.2,-0.0110461,-0.66609
54.25,-0.0110481,-0.666642
54.3,-0.0110522,-0.667195
54.35,-0.0110479,-0.667747
54.4,-0.0110545,-0.6683
54.45,-0.0110603,-0.668853
54.5,-0.0110608,-0.669406
54.55,-0.0110684,-0.66996
54.6,-0.0110707,-0.670513
54.65,-0.0110786,-0.671067
54.7,-0.011076,-0.671621
54.75,-0.0110687,-0.672174
54.8,-0.0110732,-0.672728
54.85,-0.0110783,-0.673282
54.9,-0.01108,-0.673836
54.95,-0.0110785,-0.67439
55.0,-0.0110838,-0.674944
55.05,-0.0110835,-0.675498
55.1,-0.0110793,-0.676052
55.15,-0.0110739,-0.676606
55.2,-0.0110814,-0.67716
55.25,-0.011086,-0.677714
55.3,-0.0110844,-0.678268
55.35,-0.0110912,-0.678823
55.4,-0.0110978,-0.679378
55.45,-0.0110881,-0.679932
55.5,-0.0110937,-0.680487
55.55,-0.0110992,-0.681042
55.6,-0.0111046,-0.681597
55.65,-0.0110999,-0.682152
55.7,-0.0111075,-0.682708
55.75,-0.0111114,-0.683263
55.8,-0.0111099,-0.683819
55.85,-0.0111093,-0.684374
55.9,-0.0111133,-0.68493
55.95,-0.0111171,-0.685486
56.0,-0.0111134,-0.686041
56.05,-0.0111289,-0.686598
56.1,-0.0111285,-0.687154
56.15,-0.0111299,-0.687711
56.2,-0.0111233,-0.688267
56.25,-0.0111151,-0.688823
56.3,-0.0111194,-0.689378
56.35,-0.0111216,-0.689935
56.4,-0.0111359,-0.690491
56.45,-0.0111216,-0.691047
56.5,-0.0111248,-0.691604
56.55,-0.0111442,-0.692161
56.6,-0.0111486,-0.692718
56.65,-0.0111377,-0.693275
56.7,-0.0111434,-0.693832
56.75,-0.0111417,-0.69439
56.8,-0.0111373,-0.694946
56.85,-0.011146,-0.695504
56.9,-0.0111382,-0.696061
56.95,-0.0111449,-0.696618
57.0,-0.0111435,-0.697175
57.05,-0.0111595,-0.697733
57.1,-0.0111524,-0.698291
57.15,-0.0111582,-0.698848
57.2,-0.0111483,-0.699406
57.25,-0.011159,-0.699964
57.3,-0.0111554,-0.700522
57.35,-0.0111496,-0.701079
57.4,-0.0111528,-0.701637
57.45,-0.0111471,-0.702194
57.5,-0.0111474,-0.702751
57.55,-0.0111478,-0.703309
57.6,-0.0111505,-0.703866
57.65,-0.0111551,-0.704424
57.7,-0.0111739,-0.704983
57.75,-0.0111634,-0.705541
57.8,-0.0111386,-0.706098
57.85,-0.0111452,-0.706655
57.9,-0.0111586,-0.707213
57.95,-0.0111648,-0.707771
58.0,-0.0111512,-0.708329
58.05,-0.0111567,-0.708887
58.1,-0.0111669,-0.709445
58.15,-0.011167,-0.710003
58.2,-0.0111619,-0.710562
58.25,-0.0111625,-0.71112
58.3,-0.0111695,-0.711678
58.35,-0.0111682,-0.712237
58.4,-0.0111597,-0.712795
58.45,-0.0111663,-0.713353
58.5,-0.0111715,-0.713911
58.55,-0.0111623,-0.71447
58.6,-0.0111698,-0.715028
58.65,-0.0111663,-0.715586
58.7,-0.0111643,-0.716145
58.75,-0.0111693,-0.716703
58.8,-0.0111609,-0.717261
58.85,-0.011156,-0.717819
58.9,-0.0111625,-0.718377
58.95,-0.0111587,-0.718935
59.0,-0.011167,-0.719493
59.05,-0.0111664,-0.720052
59.1,-0.0111714,-0.72061
59.15,-0.0111695,-0.721169
59.2,-0.011165,-0.721727
59.25,-0.011165,-0.722285
59.3,-0.0111625,-0.722843
59.35,-0.0111721,-0.723402
59.4,-0.0111703,-0.72396
59.45,-0.0111667,-0.724519
59.5,-0.0111755,-0.725078
59.55,-0.0111739,-0.725636
59.6,-0.0111778,-0.726195
59.65,-0.0111787,-0.726754
59.7,-0.0111682,-0.727312
59.75,-0.0111713,-0.727871
59.8,-0.0111766,-0.72843
59.85,-0.0111682,-0.728988
59.9,-0.0111678,-0.729547
59.95,-0.0111791,-0.730106
60.0,-0.0111768,-0.730664
60.05,-0.0111904,-0.731224
60.1,-0.0111847,-0.731783
60.15,-0.0111768,-0.732342
60.2,-0.0111825,-0.732901
60.25,-0.0111717,-0.73346
60.3,-0.011178,-0.734019
60.35,-0.0111786,-0.734578
60.4,-0.011174,-0.735136
60.45,-0.0111916,-0.735696
60.5,-0.0111798,-0.736255
60.55,-0.011186,-0.736814
60.6,-0.0111855,-0.737373
60.65,-0.0111753,-0.737932
60.7,-0.0111772,-0.738491
60.75,-0.0111698,-0.739049
60.8,-0.0111665,-0.739608
60.85,-0.0111764,-0.740167
60.9,-0.011173,-0.740725
60.95,-0.0111775,-0.741284
61.0,-0.011182,-0.741843
61.05,-0.0111801,-0.742402
61.1,-0.0111847,-0.742962
61.15,-0.0111801,-0.74352
61.2,-0.0111931,-0.74408
61.25,-0.0111898,-0.74464
61.3,-0.0111905,-0.745199
61.35,-0.0112053,-0.745759
61.4,-0.0112001,-0.746319
61.45,-0.0111985,-0.746879
61.5,-0.0111999,-0.747439
61.55,-0.0111939,-0.747999
61.6,-0.0111999,-0.748559
61.65,-0.0112141,-0.74912
61.7,-0.0112147,-0.749681
61.75,-0.0112109,-0.750241
61.8,-0.0112095,-0.750802
61.85,-0.0112084,-0.751362
61.9,-0.0112174,-0.751923
61.95,-0.0112114,-0.752483
62.0,-0.0112168,-0.753044
62.05,-0.0112127,-0.753605
62.1,-0.0112168,-0.754166
62.15,-0.0112184,-0.754727
62.2,-0.0112123,-0.755287
62.25,-0.0112205,-0.755848
62.3,-0.0112382,-0.75641
62.35,-0.0112303,-0.756972
62.4,-0.0112337,-0.757533
62.45,-0.0112308,-0.758095
62.5,-0.0112219,-0.758656
62.55,-0.0112264,-0.759217
62.6,-0.011227,-0.759779
62.65,-0.0112304,-0.76034
62.7,-0.0112334,-0.760902
62.75,-0.0112362,-0.761464
62.8,-0.0112319,-0.762025
62.85,-0.0112381,-0.762587
62.9,-0.0112458,-0.763149
62.95,-0.0112432,-0.763712
63.0,-0.0112334,-0.764273
63.05,-0.0112399,-0.764835
63.1,-0.0112444,-0.765398
63.15,-0.0112529,-0.76596
63.2,-0.0112506,-0.766523
63.25,-0.0112687,-0.767086
63.3,-0.0112682,-0.76765
63.35,-0.0112701,-0.768213
63.4,-0.0112741,-0.768777
63.45,-0.0112694,-0.76934
63.5,-0.0112646,-0.769903
63.55,-0.0112651,-0.770467
63.6,-0.0112568,-0.77103
63.65,-0.011272,-0.771593
63.7,-0.0112767,-0.772157
63.75,-0.0112751,-0.772721
63.8,-0.0112735,-0.773284
63.85,-0.0112784,-0.773848
63.9,-0.0112689,-0.774412
63.95,-0.0112616,-0.774975
64.0,-0.0112605,-0.775538
64.05,-0.0112743,-0.776102
64.1,-0.0112752,-0.776665
64.15,-0.0112811,-0.777229
64.2,-0.011283,-0.777794
64.25,-0.0112817,-0.778358
64.3,-0.0112977,-0.778923
64.35,-0.0112994,-0.779487
64.4,-0.0113036,-0.780053
64.45,-0.0112983,-0.780618
64.5,-0.0113013,-0.781183
64.55,-0.0113041,-0.781748
64.6,-0.0112972,-0.782313
64.65,-0.0113049,-0.782878
64.7,-0.0113119,-0.783444
64.75,-0.0113023,-0.784009
64.8,-0.0113159,-0.784575
64.85,-0.0113016,-0.78514
64.9,-0.0113074,-0.785705
64.95,-0.0113133,-0.786271
65.0,-0.0113069,-0.786836
65.05,-0.0113042,-0.787401
65.1,-0.0113057,-0.787966
65.15,-0.0113008,-0.788531
65.2,-0.0113146,-0.789097
65.25,-0.0113049,-0.789662
65.3,-0.0113161,-0.790228
65.35,-0.011323,-0.790794
65.4,-0.0113222,-0.79136
65.45,-0.0113266,-0.791927
65.5,-0.0113292,-0.792493
65.55,-0.0113274,-0.79306
65.6,-0.0113424,-0.793627
65.65,-0.0113432,-0.794194
65.7,-0.0113322,-0.794761
65.75,-0.0113448,-0.795328
65.8,-0.0113308,-0.795894
65.85,-0.0113422,-0.796461
65.9,-0.0113399,-0.797028
65.95,-0.011345,-0.797596
66.0,-0.0113494,-0.798163
66.05,-0.0113623,-0.798731
66.1,-0.011364,-0.799299
66.15,-0.0113703,-0.799868
66.2,-0.0113581,-0.800436
66.25,-0.0113651,-0.801004
66.3,-0.011364,-0.801572
66.35,-0.0113711,-0.802141
66.4,-0.011379,-0.80271
66.45,-0.0113746,-0.803279
66.5,-0.0113722,-0.803847
66.55,-0.0113866,-0.804417
66.6,-0.0113832,-0.804986
66.65,-0.0113875,-0.805555
66.7,-0.0113849,-0.806124
66.75,-0.0113947,-0.806694
66.8,-0.0114019,-0.807264
66.85,-0.0113926,-0.807834
66.9,-0.0113908,-0.808403
66.95,-0.0114004,-0.808973
67.0,-0.0114049,-0.809544
67.05,-0.011408,-0.810114
67.1,-0.0114179,-0.810685
67.15,-0.0114136,-0.811256
67.2,-0.0114119,-0.811826
67.25,-0.0114024,-0.812396
67.3,-0.0114033,-0.812966
67.35,-0.0114031,-0.813537
67.4,-0.0114099,-0.814107
67.45,-0.0114083,-0.814678
67.5,-0.0114163,-0.815248
67.55,-0.0114208,-0.815819
67.6,-0.0114306,-0.816391
67.65,-0.0114295,-0.816962
67.7,-0.0114396,-0.817534
67.75,-0.0114366,-0.818106
67.8,-0.0114328,-0.818678
67.85,-0.0114438,-0.81925
67.9,-0.01145,-0.819822
67.95,-0.0114485,-0.820395
68.0,-0.0114559,-0.820968
68.05,-0.0114619,-0.821541
68.1,-0.0114677,-0.822114
68.15,-0.0114728,-0.822688
68.2,-0.0114647,-0.823261
68.25,-0.0114676,-0.823834
68.3,-0.0114737,-0.824408
68.35,-0.0114739,-0.824982
68.4,-0.011473,-0.825556
68.45,-0.011474,-0.826129
68.5,-0.0114729,-0.826703
68.55,-0.0114728,-0.827276
68.6,-0.0114657,-0.82785
68.65,-0.0114769,-0.828424
68.7,-0.011479,-0.828998
68.75,-0.01148,-0.829572
68.8,-0.0114869,-0.830146
68.85,-0.0114849,-0.83072
68.9,-0.0114853,-0.831294
68.95,-0.0114889,-0.831869
69.0,-0.0114955,-0.832444
69.05,-0.0114955,-0.833018
69.1,-0.0115027,-0.833594
69.15,-0.0115016,-0.834169
69.2,-0.0115099,-0.834744
69.25,-0.0115086,-0.83532
69.3,-0.0115219,-0.835896
69.35,-0.0115139,-0.836471
69.4,-0.0115222,-0.837047
69.45,-0.0115296,-0.837624
69.5,-0.011529,-0.8382
69.55,-0.0115318,-0.838777
69.6,-0.0115399,-0.839354
69.65,-0.011535,-0.839931
69.7,-0.0115562,-0.840509
69.75,-0.0115534,-0.841086
69.8,-0.0115506,-0.841664
69.85,-0.0115474,-0.842241
69.9,-0.0115579,-0.842819
69.95,-0.0115698,-0.843397
70.0,-0.011577,-0.843976
70.05,-0.0115687,-0.844555
70.1,-0.0115944,-0.845134
70.15,-0.0115857,-0.845714
70.2,-0.0115835,-0.846293
70.25,-0.011589,-0.846872
70.3,-0.0115779,-0.847451
70.35,-0.0115931,-0.848031
70.4,-0.0116017,-0.848611
70.45,-0.0116072,-0.849191
70.5,-0.0116171,-0.849772
70.55,-0.0116008,-0.850352
70.6,-0.0116118,-0.850933
70.65,-0.0116187,-0.851514
70.7,-0.0116127,-0.852094
70.75,-0.0116349,-0.852676
70.8,-0.0116316,-0.853258
70.85,-0.0116338,-0.853839
70.9,-0.0116402,-0.854421
70.95,-0.0116332,-0.855003
71.0,-0.0116406,-0.855585
71.05,-0.0116397,-0.856167
71.1,-0.0116467,-0.85675
71.15,-0.0116559,-0.857332
71.2,-0.0116542,-0.857915
71.25,-0.0116612,-0.858498
71.3,-0.011652,-0.859081
71.35,-0.011669,-0.859664
71.4,-0.0116643,-0.860247
71.45,-0.0116685,-0.860831
71.5,-0.0116664,-0.861414
71.55,-0.0116746,-0.861998
71.6,-0.0116823,-0.862582
71.65,-0.0116805,-0.863166
71.7,-0.0116767,-0.86375
71.75,-0.0116816,-0.864334
71.8,-0.0116912,-0.864918
71.85,-0.0116857,-0.865503
71.9,-0.0116923,-0.866087
71.95,-0.0116974,-0.866672
72.0,-0.011694,-0.867257
72.05,-0.0117088,-0.867842
72.1,-0.0117125,-0.868428
72.15,-0.0117145,-0.869014
72.2,-0.0117143,-0.869599
72.25,-0.0117147,-0.870185
72.3,-0.0117216,-0.870771
72.35,-0.0117188,-0.871357
72.4,-0.0117212,-0.871943
72.45,-0.0117324,-0.87253
72.5,-0.0117349,-0.873117
72.55,-0.0117376,-0.873703
72.6,-0.0117443,-0.874291
72.65,-0.0117601,-0.874879
72.7,-0.0117508,-0.875466
72.75,-0.0117519,-0.876054
72.8,-0.0117514,-0.876641
72.85,-0.0117576,-0.877229
72.9,-0.0117595,-0.877817
72.95,-0.0117723,-0.878406
73.0,-0.0117735,-0.878995
73.05,-0.0117735,-0.879583
73.1,-0.0117651,-0.880171
73.15,-0.0117767,-0.88076
73.2,-0.0117863,-0.88135
73.25,-0.0117901,-0.881939
73.3,-0.011782,-0.882528
73.35,-0.011777,-0.883117
73.4,-0.0117927,-0.883707
73.45,-0.0118006,-0.884297
73.5,-0.0118,-0.884887
73.55,-0.0118047,-0.885477
73.6,-0.0118065,-0.886067
73.65,-0.0118016,-0.886657
73.7,-0.0118189,-0.887248
73.75,-0.0118118,-0.887839
73.8,-0.0118235,-0.88843
73.85,-0.0118174,-0.889021
73.9,-0.0118298,-0.889612
73.95,-0.0118437,-0.890205
74.0,-0.0118483,-0.890797
74.05,-0.0118456,-0.891389
74.1,-0.0118593,-0.891982
74.15,-0.0118564,-0.892575
74.2,-0.0118576,-0.893168
74.25,-0.0118529,-0.893761
74.3,-0.0118608,-0.894354
74.35,-0.0118574,-0.894947
74.4,-0.0118607,-0.89554
74.45,-0.0118696,-0.896133
74.5,-0.0118608,-0.896726
74.55,-0.0118714,-0.89732
74.6,-0.0118789,-0.897914
74.65,-0.0118799,-0.898508
74.7,-0.0118904,-0.899102
74.75,-0.0118887,-0.899697
74.8,-0.0118944,-0.900291
74.85,-0.0118911,-0.900886
74.9,-0.0118933,-0.90148
74.95,-0.0118987,-0.902075
75.0,-0.0119044,-0.902671
75.05,-0.0119065,-0.903266
75.1,-0.0119079,-0.903861
75.15,-0.0119135,-0.904457
75.2,-0.0119076,-0.905052
75.25,-0.0119069,-0.905648
75.3,-0.0119207,-0.906244
75.35,-0.0119226,-0.90684
75.4,-0.0119221,-0.907436
75.45,-0.0119309,-0.908033
75.5,-0.0119163,-0.908628
75.55,-0.0119283,-0.909225
75.6,-0.0119244,-0.909821
75.65,-0.0119529,-0.910419
75.7,-0.0119524,-0.911016
75.75,-0.0119567,-0.911614
75.8,-0.0119658,-0.912212
75.85,-0.0119557,-0.91281
75.9,-0.0119717,-0.913409
75.95,-0.0119772,-0.914008
76.0,-0.0119706,-0.914606
76.05,-0.0119769,-0.915205
76.1,-0.0119797,-0.915804
76.15,-0.0119866,-0.916403
76.2,-0.0119951,-0.917003
76.25,-0.0119817,-0.917602
76.3,-0.0119896,-0.918202
76.35,-0.0119893,-0.918801
76.4,-0.0119912,-0.919401
76.45,-0.0120021,-0.920001
76.5,-0.012004,-0.920601
76.55,-0.0120017,-0.921201
76.6,-0.0120146,-0.921802
76.65,-0.0120086,-0.922402
76.7,-0.012017,-0.923003
76.75,-0.012002,-0.923603
76.8,-0.012012,-0.924204
76.85,-0.0120117,-0.924804
76.9,-0.012008,-0.925405
76.95,-0.0120201,-0.926006
77.0,-0.0120268,-0.926607
77.05,-0.0120303,-0.927209
77.1,-0.0120412,-0.927811
77.15,-0.0120389,-0.928413
77.2,-0.0120309,-0.929014
77.25,-0.0120332,-0.929616
77.3,-0.0120343,-0.930218
77.35,-0.0120404,-0.93082
77.4,-0.012047,-0.931422
77.45,-0.0120384,-0.932024
77.5,-0.0120455,-0.932626
77.55,-0.0120441,-0.933228
77.6,-0.0120522,-0.933831
77.65,-0.0120494,-0.934433
77.7,-0.0120471,-0.935036
77.75,-0.0120579,-0.935639
77.8,-0.0120643,-0.936242
77.85,-0.0120621,-0.936845
77.9,-0.0120702,-0.937449
77.95,-0.0120666,-0.938052
78.0,-0.0120718,-0.938655
78.05,-0.012087,-0.93926
78.1,-0.012065,-0.939863
78.15,-0.0120726,-0.940467
78.2,-0.0120678,-0.94107
78.25,-0.0120646,-0.941673
78.3,-0.0120615,-0.942276
78.35,-0.0120626,-0.942879
78.4,-0.0120671,-0.943483
78.45,-0.0120683,-0.944086
78.5,-0.0120792,-0.94469
78.55,-0.0120874,-0.945295
78.6,-0.0120946,-0.945899
78.65,-0.0120929,-0.946504
78.7,-0.0121051,-0.947109
78.75,-0.012094,-0.947714
78.8,-0.0121066,-0.948319
78.85,-0.0121113,-0.948925
78.9,-0.0121189,-0.949531
78.95,-0.012115,-0.950136
79.0,-0.012127,-0.950743
79.05,-0.0121277,-0.951349
79.1,-0.0121313,-0.951956
79.15,-0.0121329,-0.952562
79.2,-0.0121291,-0.953169
79.25,-0.0121425,-0.953776
79.3,-0.0121285,-0.954382
79.35,-0.0121405,-0.954989
79.4,-0.0121408,-0.955597
79.45,-0.0121445,-0.956204
79.5,-0.0121497,-0.956811
79.55,-0.0121592,-0.957419
79.6,-0.012164,-0.958027
79.65,-0.0121667,-0.958636
79.7,-0.0121794,-0.959245
79.75,-0.0121782,-0.959854
79.8,-0.0121797,-0.960463
79.85,-0.0121776,-0.961071
79.9,-0.0121732,-0.96168
79.95,-0.0121813,-0.962289
80.0,-0.0121755,-0.962898
80.05,-0.0121724,-0.963507
80.1,-0.0121853,-0.964116
80.15,-0.0121756,-0.964725
80.2,-0.0121849,-0.965334
80.25,-0.0121895,-0.965943
80.3,-0.0121996,-0.966553
80.35,-0.0121953,-0.967163
80.4,-0.0122042,-0.967773
80.45,-0.0121988,-0.968383
80.5,-0.0122061,-0.968994
80.55,-0.0122126,-0.969604
80.6,-0.0122039,-0.970214
80.65,-0.0122037,-0.970825
80.7,-0.0122212,-0.971436
80.75,-0.0122175,-0.972046
80.8,-0.0122156,-0.972657
80.85,-0.012223,-0.973268
80.9,-0.0122245,-0.97388
80.95,-0.0122411,-0.974492
81.0,-0.0122264,-0.975103
81.05,-0.0122392,-0.975715
81.1,-0.0122433,-0.976327
81.15,-0.0122423,-0.976939
81.2,-0.0122469,-0.977552
81.25,-0.0122504,-0.978164
81.3,-0.0122484,-0.978777
81.35,-0.0122565,-0.979389
81.4,-0.0122391,-0.980001
81.45,-0.0122527,-0.980614
81.5,-0.0122607,-0.981227
81.55,-0.0122604,-0.98184
81.6,-0.0122698,-0.982454
81.65,-0.0122774,-0.983067
81.7,-0.012277,-0.983681
81.75,-0.0122857,-0.984296
81.8,-0.0122933,-0.98491
81.85,-0.0122928,-0.985525
81.9,-0.0122934,-0.986139
81.95,-0.0122975,-0.986754
82.0,-0.0123089,-0.98737
82.05,-0.012309,-0.987985
82.1,-0.0123013,-0.9886
82.15,-0.0123145,-0.989216
82.2,-0.012304,-0.989831
82.25,-0.0123158,-0.990447
82.3,-0.0123114,-0.991063
82.35,-0.0123108,-0.991678
82.4,-0.0123191,-0.992294
82.45,-0.0123256,-0.99291
82.5,-0.0123332,-0.993527
82.55,-0.0123324,-0.994144
82.6,-0.012341,-0.994761
82.65,-0.0123537,-0.995378
82.7,-0.0123442,-0.995996
82.75,-0.0123472,-0.996613
82.8,-0.0123646,-0.997231
82.85,-0.0123525,-0.997849
82.9,-0.0123681,-0.998467
82.95,-0.01236,-0.999085
83.0,-0.0123634,-0.999703
83.05,-0.0123621,-1.00032
83.1,-0.0123602,-1.00094
83.15,-0.0123707,-1.00156
83.2,-0.0123792,-1.00218
83.25,-0.0123637,-1.0028
83.3,-0.0123788,-1.00341
83.35,-0.0123696,-1.00403
83.4,-0.012383,-1.00465
83.45,-0.0123935,-1.00527
83.5,-0.0123936,-1.00589
83.55,-0.0124043,-1.00651
83.6,-0.0124054,-1.00713
83.65,-0.0124089,-1.00775
83.7,-0.0124158,-1.00837
83.75,-0.0124283,-1.00899
83.8,-0.0124165,-1.00962
83.85,-0.0124149,-1.01024
83.9,-0.0124113,-1.01086
83.95,-0.012413,-1.01148
84.0,-0.0124167,-1.0121
84.05,-0.0124244,-1.01272
84.1,-0.0124283,-1.01334
84.15,-0.0124415,-1.01396
84.2,-0.012438,-1.01458
84.25,-0.0124409,-1.01521
84.3,-0.0124539,-1.01583
84.35,-0.0124595,-1.01645
84.4,-0.0124589,-1.01708
84.45,-0.0124584,-1.0177
84.5,-0.0124633,-1.01832
84.55,-0.0124719,-1.01894
84.6,-0.0124632,-1.01957
84.65,-0.0124667,-1.02019
84.7,-0.0124718,-1.02081
84.75,-0.0124764,-1.02144
84.8,-0.0124863,-1.02206
84.85,-0.0124905,-1.02269
84.9,-0.0124991,-1.02331
84.95,-0.0124958,-1.02394
85.0,-0.0124903,-1.02456
85.05,-0.0124961,-1.02519
85.1,-0.012497,-1.02581
85.15,-0.0124953,-1.02644
85.2,-0.0125061,-1.02706
85.25,-0.012515,-1.02769
85.3,-0.0125339,-1.02831
85.35,-0.0125341,-1.02894
85.4,-0.0125389,-1.02957
85.45,-0.0125332,-1.03019
85.5,-0.0125411,-1.03082
85.55,-0.0125496,-1.03145
85.6,-0.0125707,-1.03208
85.65,-0.0125708,-1.03271
85.7,-0.0125848,-1.03334
85.75,-0.0125736,-1.03396
85.8,-0.0125721,-1.03459
85.85,-0.012584,-1.03522
85.9,-0.0125667,-1.03585
85.95,-0.0125816,-1.03648
86.0,-0.0125924,-1.03711
86.05,-0.0125933,-1.03774
86.1,-0.0126028,-1.03837
86.15,-0.0126034,-1.039
86.2,-0.0126019,-1.03963
86.25,-0.0126162,-1.04026
86.3,-0.0126171,-1.04089
86.35,-0.012626,-1.04152
86.4,-0.0126191,-1.04215
86.45,-0.0126262,-1.04278
86.5,-0.0126297,-1.04342
86.55,-0.0126351,-1.04405
86.6,-0.0126481,-1.04468
86.65,-0.0126505,-1.04531
86.7,-0.012654,-1.04594
86.75,-0.0126732,-1.04658
86.8,-0.0126668,-1.04721
86.85,-0.0126751,-1.04785
86.9,-0.0126893,-1.04848
86.95,-0.0126817,-1.04911
87.0,-0.0126894,-1.04975
87.05,-0.0126882,-1.05038
87.1,-0.0126839,-1.05102
87.15,-0.0127107,-1.05165
87.2,-0.0127103,-1.05229
87.25,-0.0127157,-1.05292
87.3,-0.0127125,-1.05356
87.35,-0.0127213,-1.0542
87.4,-0.0127328,-1.05483
87.45,-0.0127394,-1.05547
87.5,-0.0127377,-1.05611
87.55,-0.0127468,-1.05674
87.6,-0.0127444,-1.05738
87.65,-0.0127619,-1.05802
87.7,-0.012756,-1.05866
87.75,-0.0127581,-1.05929
87.8,-0.0127696,-1.05993
87.85,-0.0127662,-1.06057
87.9,-0.0127662,-1.06121
87.95,-0.012784,-1.06185
88.0,-0.0127864,-1.06249
88.05,-0.0127948,-1.06313
88.1,-0.0128143,-1.06377
88.15,-0.0128092,-1.06441
88.2,-0.0128134,-1.06505
88.25,-0.0128152,-1.06569
88.3,-0.0128264,-1.06633
88.35,-0.0128299,-1.06697
88.4,-0.0128277,-1.06761
88.45,-0.0128425,-1.06826
88.5,-0.012857,-1.0689
88.55,-0.0128576,-1.06954
88.6,-0.0128661,-1.07019
88.65,-0.0128658,-1.07083
88.7,-0.0128783,-1.07147
88.75,-0.0128835,-1.07212
88.8,-0.0128834,-1.07276
88.85,-0.0128925,-1.07341
88.9,-0.0128962,-1.07405
88.95,-0.0128985,-1.0747
89.0,-0.0129149,-1.07534
89.05,-0.0129172,-1.07599
89.1,-0.0129249,-1.07663
89.15,-0.0129187,-1.07728
89.2,-0.0129339,-1.07793
89.25,-0.0129335,-1.07857
89.3,-0.0129518,-1.07922
89.35,-0.0129601,-1.07987
89.4,-0.0129578,-1.08052
89.45,-0.0129687,-1.08116
89.5,-0.0129716,-1.08181
89.55,-0.012973,-1.08246
89.6,-0.012973,-1.08311
89.65,-0.0129676,-1.08376
89.7,-0.0129773,-1.08441
89.75,-0.012972,-1.08506
89.8,-0.0129837,-1.08571
89.85,-0.0129851,-1.08636
89.9,-0.0129879,-1.087
89.95,-0.0129867,-1.08765
90.0,-0.0129883,-1.0883
90.05,-0.0129902,-1.08895
90.1,-0.0130035,-1.0896
90.15,-0.0130019,-1.09025
90.2,-0.0130053,-1.0909
90.25,-0.0130184,-1.09155
90.3,-0.0130136,-1.0922
90.35,-0.013026,-1.09286
90.4,-0.0130317,-1.09351
90.45,-0.0130343,-1.09416
90.5,-0.0130372,-1.09481
90.55,-0.013053,-1.09546
90.6,-0.0130532,-1.09612
90.65,-0.0130527,-1.09677
90.7,-0.0130429,-1.09742
90.75,-0.0130362,-1.09807
90.8,-0.0130447,-1.09873
90.85,-0.0130502,-1.09938
90.9,-0.0130554,-1.10003
90.95,-0.0130659,-1.10068
91.0,-0.0130739,-1.10134
91.05,-0.0130809,-1.10199
91.1,-0.0130805,-1.10265
91.15,-0.0131039,-1.1033
91.2,-0.0131131,-1.10396
91.25,-0.0131113,-1.10461
91.3,-0.0131299,-1.10527
91.35,-0.013135,-1.10593
91.4,-0.0131699,-1.10658
91.45,-0.0131217,-1.10724
91.5,-0.0131312,-1.1079
91.55,-0.0131636,-1.10855
91.6,-0.0131643,-1.10921
91.65,-0.0131522,-1.10987
91.7,-0.01315,-1.11053
91.75,-0.0131462,-1.11119
91.8,-0.0131796,-1.11184
91.85,-0.0131725,-1.1125
91.9,-0.0131527,-1.11316
91.95,-0.0131746,-1.11382
92.0,-0.013173,-1.11448
92.05,-0.0131871,-1.11514
92.1,-0.0131958,-1.1158
92.15,-0.013183,-1.11646
92.2,-0.0131894,-1.11712
92.25,-0.0131886,-1.11778
92.3,-0.0131995,-1.11844
92.35,-0.0131971,-1.1191
92.4,-0.0132169,-1.11976
92.45,-0.0132244,-1.12042
92.5,-0.0132431,-1.12108
92.55,-0.0132475,-1.12174
92.6,-0.0132503,-1.1224
92.65,-0.0132591,-1.12307
92.7,-0.0132425,-1.12373
92.75,-0.0132468,-1.12439
92.8,-0.0132557,-1.12505
92.85,-0.0132623,-1.12572
92.9,-0.0132769,-1.12638
92.95,-0.0132635,-1.12704
93.0,-0.0132657,-1.12771
93.05,-0.0132792,-1.12837
93.1,-0.0132836,-1.12904
93.15,-0.0133044,-1.1297
93.2,-0.0133036,-1.13037
93.25,-0.0132941,-1.13103
93.3,-0.0132887,-1.1317
93.35,-0.0132912,-1.13236
93.4,-0.0132817,-1.13302
93.45,-0.0132929,-1.13369
93.5,-0.0133022,-1.13435
93.55,-0.0133161,-1.13502
93.6,-0.0133186,-1.13569
93.65,-0.0133319,-1.13635
93.7,-0.0133302,-1.13702
93.75,-0.013338,-1.13769
93.8,-0.0133313,-1.13835
93.85,-0.0133389,-1.13902
93.9,-0.0133501,-1.13969
93.95,-0.0133474,-1.14035
94.0,-0.0133453,-1.14102
94.05,-0.0133643,-1.14169
94.1,-0.0133518,-1.14236
94.15,-0.0133572,-1.14302
94.2,-0.0133521,-1.14369
94.25,-0.0133563,-1.14436
94.3,-0.0133669,-1.14503
94.35,-0.0133632,-1.1457
94.4,-0.0133748,-1.14637
94.45,-0.0133838,-1.14703
94.5,-0.0133979,-1.1477
94.55,-0.013414,-1.14838
94.6,-0.0134277,-1.14905
94.65,-0.0134322,-1.14972
94.7,-0.0134458,-1.15039
94.75,-0.0134316,-1.15106
94.8,-0.0134287,-1.15173
94.85,-0.0134401,-1.15241
94.9,-0.0134511,-1.15308
94.95,-0.0134671,-1.15375
95.0,-0.0134872,-1.15443
95.05,-0.0135079,-1.1551
95.1,-0.0135152,-1.15578
95.15,-0.0134889,-1.15645
95.2,-0.0135135,-1.15713
95.25,-0.0134931,-1.1578
95.3,-0.0134999,-1.15848
95.35,-0.0134785,-1.15915
95.4,-0.0134754,-1.15982
95.45,-0.0134802,-1.1605
95.5,-0.0134818,-1.16117
95.55,-0.013476,-1.16185
95.6,-0.0134953,-1.16252
95.65,-0.0134987,-1.1632
95.7,-0.0135023,-1.16387
95.75,-0.0135239,-1.16455
95.8,-0.0135121,-1.16522
95.85,-0.0135246,-1.1659
95.9,-0.0135278,-1.16658
95.95,-0.0135276,-1.16725
96.0,-0.0135399,-1.16793
96.05,-0.0135393,-1.16861
96.1,-0.0135374,-1.16928
96.15,-0.0135502,-1.16996
96.2,-0.0135654,-1.17064
96.25,-0.0135775,-1.17132
96.3,-0.013565,-1.172
96.35,-0.0135729,-1.17267
96.4,-0.013572,-1.17335
96.45,-0.01358,-1.17403
96.5,-0.0135736,-1.17471
96.55,-0.0135791,-1.17539
96.6,-0.013571,-1.17607
96.65,-0.0135799,-1.17675
96.7,-0.0135832,-1.17743
96.75,-0.0135788,-1.17811
96.8,-0.0135795,-1.17878
96.85,-0.0136135,-1.17946
96.9,-0.0136338,-1.18015
96.95,-0.0136292,-1.18083
97.0,-0.0136288,-1.18151
97.05,-0.0136323,-1.18219
97.1,-0.0136277,-1.18287
97.15,-0.0136377,-1.18355
97.2,-0.0136373,-1.18424
97.25,-0.0136354,-1.18492
97.3,-0.0136217,-1.1856
97.35,-0.0136282,-1.18628
97.4,-0.0136314,-1.18696
97.45,-0.013639,-1.18764
97.5,-0.0136435,-1.18833
97.55,-0.013651,-1.18901
97.6,-0.01364,-1.18969
97.65,-0.0136515,-1.19037
97.7,-0.0136637,-1.19106
97.75,-0.0136638,-1.19174
97.8,-0.0136873,-1.19242
97.85,-0.0136751,-1.19311
97.9,-0.0136799,-1.19379
97.95,-0.0136704,-1.19448
98.0,-0.0136737,-1.19516
98.05,-0.0136763,-1.19584
98.1,-0.0136849,-1.19653
98.15,-0.0136882,-1.19721
98.2,-0.0137022,-1.1979
98.25,-0.0136953,-1.19858
98.3,-0.0137027,-1.19927
98.35,-0.0137065,-1.19995
98.4,-0.0136972,-1.20064
98.45,-0.0137178,-1.20132
98.5,-0.0137128,-1.20201
98.55,-0.0137266,-1.20269
98.6,-0.0137309,-1.20338
98.65,-0.0137179,-1.20407
98.7,-0.0137253,-1.20475
98.75,-0.0137224,-1.20544
98.8,-0.0137363,-1.20613
98.85,-0.0137537,-1.20681
98.9,-0.0137514,-1.2075
98.95,-0.0137581,-1.20819
99.0,-0.0137583,-1.20888
99.05,-0.0137568,-1.20957
99.1,-0.0137684,-1.21025
99.15,-0.013761,-1.21094
99.2,-0.013765,-1.21163
99.25,-0.0137813,-1.21232
99.3,-0.0137709,-1.21301
99.35,-0.0137762,-1.2137
99.4,-0.0137742,-1.21439
99.45,-0.0137827,-1.21507
99.5,-0.0137969,-1.21576
99.55,-0.0137947,-1.21645
99.6,-0.013796,-1.21714
99.65,-0.0138059,-1.21783
99.7,-0.0137961,-1.21852
99.75,-0.0138105,-1.21921
99.8,-0.0138034,-1.2199
99.85,-0.0138047,-1.22059
99.9,-0.0138016,-1.22128
99.95,-0.0137983,-1.22197
100.0,-0.0138035,-1.22266
100.05,-0.0138077,-1.22336
100.1,-0.0138057,-1.22405
100.15,-0.0138376,-1.22474
100.2,-0.0138366,-1.22543
100.25,-0.0138304,-1.22612
100.3,-0.0138416,-1.22681
100.35,-0.0138206,-1.2275
100.4,-0.0138323,-1.2282
100.45,-0.013838,-1.22889
100.5,-0.0138366,-1.22958
100.55,-0.0138586,-1.23027
100.6,-0.0138504,-1.23096
100.65,-0.0138566,-1.23166
100.7,-0.0138682,-1.23235
100.75,-0.0138581,-1.23304
100.8,-0.0138758,-1.23374
100.85,-0.0138878,-1.23443
100.9,-0.0138966,-1.23513
100.95,-0.0139094,-1.23582
101.0,-0.0139091,-1.23652
101.05,-0.0139205,-1.23721
101.1,-0.0139153,-1.23791
101.15,-0.0139197,-1.23861
101.2,-0.0139265,-1.2393
101.25,-0.0139326,-1.24
101.3,-0.0139362,-1.2407
101.35,-0.0139291,-1.24139
101.4,-0.0139454,-1.24209
101.45,-0.0139488,-1.24279
101.5,-0.0139534,-1.24348
101.55,-0.0139549,-1.24418
101.6,-0.0139748,-1.24488
101.65,-0.0139771,-1.24558
101.7,-0.013984,-1.24628
101.75,-0.0139856,-1.24698
101.8,-0.0140116,-1.24768
101.85,-0.0140125,-1.24838
101.9,-0.0140253,-1.24908
101.95,-0.0140162,-1.24978
102.0,-0.0140347,-1.25048
102.05,-0.014028,-1.25118
102.1,-0.0140389,-1.25189
102.15,-0.0140436,-1.25259
102.2,-0.0140462,-1.25329
102.25,-0.0140494,-1.25399
102.3,-0.014049,-1.2547
102.35,-0.0140709,-1.2554
102.4,-0.0140651,-1.2561
102.45,-0.0140784,-1.25681
102.5,-0.0140738,-1.25751
102.55,-0.0140761,-1.25821
102.6,-0.0140838,-1.25892
102.65,-0.0140828,-1.25962
102.7,-0.0140945,-1.26033
102.75,-0.014106,-1.26103
102.8,-0.014103,-1.26174
102.85,-0.0141166,-1.26244
102.9,-0.0141242,-1.26315
102.95,-0.0141352,-1.26386
103.0,-0.0141343,-1.26456
103.05,-0.0141167,-1.26527
103.1,-0.0141163,-1.26597
103.15,-0.0141219,-1.26668
103.2,-0.0141186,-1.26739
103.25,-0.0141307,-1.26809
103.3,-0.0141375,-1.2688
103.35,-0.014156,-1.26951
103.4,-0.0141542,-1.27022
103.45,-0.0141629,-1.27092
103.5,-0.0141758,-1.27163
103.55,-0.0141678,-1.27234
103.6,-0.0141783,-1.27305
103.65,-0.01419,-1.27376
103.7,-0.0141859,-1.27447
103.75,-0.0141926,-1.27518
103.8,-0.0141913,-1.27589
103.85,-0.014192,-1.2766
103.9,-0.0142055,-1.27731
103.95,-0.0141963,-1.27802
104.0,-0.0141962,-1.27873
104.05,-0.0142097,-1.27944
104.1,-0.0142045,-1.28015
104.15,-0.0142402,-1.28086
104.2,-0.0142361,-1.28157
104.25,-0.0142452,-1.28228
104.3,-0.0142701,-1.283
104.35,-0.0142581,-1.28371
104.4,-0.014265,-1.28442
104.45,-0.014259,-1.28514
104.5,-0.0142662,-1.28585
104.55,-0.0142959,-1.28656
104.6,-0.0142897,-1.28728
104.65,-0.0142964,-1.28799
104.7,-0.014337,-1.28871
104.75,-0.0143334,-1.28943
104.8,-0.0143745,-1.29015
104.85,-0.014362,-1.29086
104.9,-0.0143583,-1.29158
104.95,-0.0143843,-1.2923
105.0,-0.0143586,-1.29302
105.05,-0.0143731,-1.29374
105.1,-0.014387,-1.29446
105.15,-0.014392,-1.29518
105.2,-0.0144238,-1.2959
105.25,-0.0144277,-1.29662
105.3,-0.0144413,-1.29734
105.35,-0.0144591,-1.29806
105.4,-0.0144466,-1.29879
105.45,-0.0144693,-1.29951
105.5,-0.0144602,-1.30023
105.55,-0.0144629,-1.30096
105.6,-0.0144711,-1.30168
105.65,-0.0144613,-1.3024
105.7,-0.0144755,-1.30313
105.75,-0.0144979,-1.30385
105.8,-0.0144852,-1.30458
105.85,-0.0145195,-1.3053
105.9,-0.0145097,-1.30603
105.95,-0.014511,-1.30675
106.0,-0.0145178,-1.30748
106.05,-0.0145183,-1.3082
106.1,-0.0145243,-1.30893
106.15,-0.0145228,-1.30966
106.2,-0.014522,-1.31038
106.25,-0.0145351,-1.31111
106.3,-0.0145408,-1.31184
106.35,-0.0145335,-1.31256
106.4,-0.0145579,-1.31329
106.45,-0.0145443,-1.31402
106.5,-0.0145565,-1.31475
106.55,-0.0145613,-1.31547
106.6,-0.0145646,-1.3162
106.65,-0.014582,-1.31693
106.7,-0.0145878,-1.31766
106.75,-0.0145871,-1.31839
106.8,-0.0145986,-1.31912
106.85,-0.0146062,-1.31985
106.9,-0.0145989,-1.32058
106.95,-0.0145957,-1.32131
107.0,-0.0145883,-1.32204
107.05,-0.0145907,-1.32277
107.1,-0.0145937,-1.3235
107.15,-0.0145977,-1.32423
107.2,-0.0146096,-1.32496
107.25,-0.0146102,-1.32569
107.3,-0.0146271,-1.32642
107.35,-0.0146377,-1.32715
107.4,-0.014641,-1.32789
107.45,-0.0146652,-1.32862
107.5,-0.0146438,-1.32935
107.55,-0.0146494,-1.33008
107.6,-0.0146649,-1.33082
107.65,-0.014668,-1.33155
107.7,-0.0146804,-1.33228
107.75,-0.0146694,-1.33302
107.8,-0.0146755,-1.33375
107.85,-0.0146964,-1.33449
107.9,-0.0146935,-1.33522
107.95,-0.0147141,-1.33596
108.0,-0.0147243,-1.33669
108.05,-0.0147271,-1.33743
108.1,-0.0147424,-1.33817
108.15,-0.014733,-1.3389
108.2,-0.0147356,-1.33964
108.25,-0.0147438,-1.34038
108.3,-0.0147407,-1.34111
108.35,-0.0147664,-1.34185
108.4,-0.0147865,-1.34259
108.45,-0.0147792,-1.34333
108.5,-0.0147992,-1.34407
108.55,-0.0147955,-1.34481
108.6,-0.0148152,-1.34555
108.65,-0.0148274,-1.34629
108.7,-0.0148223,-1.34703
108.75,-0.0148293,-1.34778
108.8,-0.014822,-1.34852
108.85,-0.0148123,-1.34926
108.9,-0.0148297,-1.35
108.95,-0.0148316,-1.35074
109.0,-0.0148422,-1.35148
109.05,-0.0148575,-1.35222
109.1,-0.0148467,-1.35297
109.15,-0.0148742,-1.35371
109.2,-0.0148575,-1.35445
109.25,-0.0148677,-1.3552
109.3,-0.0148655,-1.35594
109.35,-0.0148712,-1.35668
109.4,-0.0148916,-1.35743
109.45,-0.0148916,-1.35817
109.5,-0.0148868,-1.35892
109.55,-0.0149124,-1.35966
109.6,-0.0149073,-1.36041
109.65,-0.0149175,-1.36115
109.7,-0.0149192,-1.3619
109.75,-0.0149179,-1.36265
109.8,-0.0149246,-1.36339
109.85,-0.0149264,-1.36414
109.9,-0.0149186,-1.36488
109.95,-0.0149434,-1.36563
110.0,-0.0149504,-1.36638
110.05,-0.0149493,-1.36713
110.1,-0.0149623,-1.36787
110.15,-0.0149608,-1.36862
110.2,-0.0149733,-1.36937
110.25,-0.01497,-1.37012
110.3,-0.0149707,-1.37087
110.35,-0.0149838,-1.37162
110.4,-0.0149831,-1.37237
110.45,-0.0149969,-1.37312
110.5,-0.0149968,-1.37387
110.55,-0.0150026,-1.37462
110.6,-0.0150163,-1.37537
110.65,-0.0150065,-1.37612
110.7,-0.0150121,-1.37687
110.75,-0.0150108,-1.37762
110.8,-0.0150136,-1.37837
110.85,-0.0150149,-1.37912
110.9,-0.0150257,-1.37987
110.95,-0.0150305,-1.38062
111.0,-0.0150425,-1.38138
111.05,-0.0150511,-1.38213
111.1,-0.0150461,-1.38288
111.15,-0.0150638,-1.38363
111.2,-0.0150725,-1.38439
111.25,-0.0150839,-1.38514
111.3,-0.0150772,-1.3859
111.35,-0.0150885,-1.38665
111.4,-0.0151116,-1.38741
111.45,-0.0151132,-1.38816
111.5,-0.0151145,-1.38892
111.55,-0.0151105,-1.38967
111.6,-0.0151081,-1.39043
111.65,-0.0151172,-1.39118
111.7,-0.0151433,-1.39194
111.75,-0.0151498,-1.3927
111.8,-0.015157,-1.39346
111.85,-0.0151646,-1.39421
111.9,-0.0151637,-1.39497
111.95,-0.0151725,-1.39573
112.0,-0.0151593,-1.39649
112.05,-0.0151791,-1.39725
112.1,-0.015179,-1.39801
112.15,-0.015192,-1.39877
112.2,-0.0152016,-1.39953
112.25,-0.0152156,-1.40029
112.3,-0.0152206,-1.40105
112.35,-0.0152456,-1.40181
112.4,-0.0152484,-1.40257
112.45,-0.0152542,-1.40334
112.5,-0.01526,-1.4041
112.55,-0.0152598,-1.40486
112.6,-0.0152617,-1.40562
112.65,-0.015274,-1.40639
112.7,-0.0152885,-1.40715
112.75,-0.0152836,-1.40792
112.8,-0.0152749,-1.40868
112.85,-0.0152806,-1.40944
112.9,-0.0152908,-1.41021
112.95,-0.0152857,-1.41097
113.0,-0.0152987,-1.41174
113.05,-0.0153067,-1.4125
113.1,-0.0153097,-1.41327
113.15,-0.0153354,-1.41404
113.2,-0.0153394,-1.4148
113.25,-0.0153546,-1.41557
113.3,-0.0153741,-1.41634
113.35,-0.0153746,-1.41711
113.4,-0.0153869,-1.41788
113.45,-0.0153816,-1.41865
113.5,-0.0153762,-1.41942
113.55,-0.0153722,-1.42018
113.6,-0.015388,-1.42095
113.65,-0.0153965,-1.42172
113.7,-0.0154138,-1.42249
113.75,-0.0154284,-1.42327
113.8,-0.0154318,-1.42404
113.85,-0.0154325,-1.42481
113.9,-0.0154255,-1.42558
113.95,-0.01544,-1.42635
114.0,-0.0154238,-1.42712
114.05,-0.0154319,-1.42789
114.1,-0.0154426,-1.42867
114.15,-0.0154542,-1.42944
114.2,-0.0154724,-1.43021
114.25,-0.0154865,-1.43099
114.3,-0.0155124,-1.43176
114.35,-0.015556,-1.43254
114.4,-0.0155427,-1.43332
114.45,-0.0155428,-1.4341
114.5,-0.0155364,-1.43487
114.55,-0.0155121,-1.43565
114.6,-0.0155279,-1.43642
114.65,-0.0155225,-1.4372
114.7,-0.015532,-1.43798
114.75,-0.0155617,-1.43875
114.8,-0.0155446,-1.43953
114.85,-0.01557,-1.44031
114.9,-0.0155838,-1.44109
114.95,-0.015595,-1.44187
115.0,-0.0156208,-1.44265
115.05,-0.0156145,-1.44343
115.1,-0.0156247,-1.44421
115.15,-0.0156354,-1.44499
115.2,-0.0156321,-1.44578
115.25,-0.0156491,-1.44656
115.3,-0.0156495,-1.44734
115.35,-0.015649,-1.44812
115.4,-0.0156739,-1.44891
115.45,-0.0156497,-1.44969
115.5,-0.0156534,-1.45047
115.55,-0.0156729,-1.45126
115.6,-0.0156713,-1.45204
115.65,-0.0157057,-1.45282
115.7,-0.0156982,-1.45361
115.75,-0.0157023,-1.45439
115.8,-0.0157126,-1.45518
115.85,-0.0156971,-1.45597
115.9,-0.015713,-1.45675
115.95,-0.0157381,-1.45754
116.0,-0.0157548,-1.45833
116.05,-0.0157948,-1.45912
116.1,-0.0157794,-1.4599
116.15,-0.0157908,-1.46069
116.2,-0.0158192,-1.46148
116.25,-0.0157999,-1.46227
116.3,-0.015823,-1.46307
116.35,-0.0158171,-1.46386
116.4,-0.0158089,-1.46465
116.45,-0.0158205,-1.46544
116.5,-0.0158213,-1.46623
116.55,-0.0158232,-1.46702
116.6,-0.0158527,-1.46781
116.65,-0.015852,-1.46861
116.7,-0.0158757,-1.4694
116.75,-0.0158802,-1.47019
116.8,-0.0158976,-1.47099
116.85,-0.0159114,-1.47178
116.9,-0.0159147,-1.47258
116.95,-0.0159291,-1.47338
117.0,-0.0159259,-1.47417
117.05,-0.0159061,-1.47497
117.1,-0.0159524,-1.47577
117.15,-0.0159461,-1.47656
117.2,-0.015945,-1.47736
117.25,-0.0159799,-1.47816
117.3,-0.0159658,-1.47896
117.35,-0.0159866,-1.47976
117.4,-0.0159756,-1.48056
117.45,-0.0159904,-1.48135
117.5,-0.0160068,-1.48216
117.55,-0.0160017,-1.48296
117.6,-0.0160402,-1.48376
117.65,-0.0160359,-1.48456
117.7,-0.0160307,-1.48536
117.75,-0.0160526,-1.48616
117.8,-0.0160618,-1.48697
117.85,-0.016061,-1.48777
117.9,-0.0160832,-1.48857
117.95,-0.0160712,-1.48938
118.0,-0.0160962,-1.49018
118.05,-0.0160808,-1.49099
118.1,-0.0160804,-1.49179
118.15,-0.0161024,-1.4926
118.2,-0.016105,-1.4934
118.25,-0.0161154,-1.49421
118.3,-0.0161258,-1.49501
118.35,-0.0161257,-1.49582
118.4,-0.0161272,-1.49662
118.45,-0.0161415,-1.49743
118.5,-0.0161324,-1.49824
118.55,-0.0161461,-1.49905
118.6,-0.0161313,-1.49985
118.65,-0.0161357,-1.50066
118.7,-0.0161383,-1.50147
118.75,-0.0161543,-1.50227
118.8,-0.0161665,-1.50308
118.85,-0.0161832,-1.50389
118.9,-0.0161842,-1.5047
118.95,-0.0162155,-1.50551
119.0,-0.0161955,-1.50632
119.05,-0.0161954,-1.50713
119.1,-0.016198,-1.50794
119.15,-0.0161852,-1.50875
119.2,-0.0162041,-1.50956
119.25,-0.0162132,-1.51037
119.3,-0.0162225,-1.51118
119.35,-0.0162441,-1.51199
119.4,-0.0162504,-1.51281
119.45,-0.0162454,-1.51362
119.5,-0.0162581,-1.51443
119.55,-0.0162517,-1.51524
119.6,-0.0162613,-1.51606
119.65,-0.0162713,-1.51687
119.7,-0.0162726,-1.51768
119.75,-0.0162787,-1.5185
119.8,-0.0162707,-1.51931
119.85,-0.0162752,-1.52013
119.9,-0.0162896,-1.52094
119.95,-0.0162837,-1.52175
120.0,-0.0163078,-1.52257
120.05,-0.0163375,-1.52339
120.1,-0.016344,-1.5242
120.15,-0.0163686,-1.52502
120.2,-0.0163499,-1.52584
120.25,-0.0163424,-1.52666
120.3,-0.016373,-1.52748
120.35,-0.0163538,-1.52829
120.4,-0.0163598,-1.52911
120.45,-0.0163637,-1.52993
120.5,-0.0163527,-1.53075
120.55,-0.016363,-1.53157
120.6,-0.0163629,-1.53238
120.65,-0.0163594,-1.5332
120.7,-0.016388,-1.53402
120.75,-0.0163943,-1.53484
120.8,-0.0164177,-1.53566
120.85,-0.0164313,-1.53648
120.9,-0.0164244,-1.5373
120.95,-0.0164706,-1.53813
121.0,-0.0164738,-1.53895
121.05,-0.0164476,-1.53977
121.1,-0.016461,-1.5406
121.15,-0.0164442,-1.54142
121.2,-0.016472,-1.54224
121.25,-0.01648,-1.54307
121.3,-0.0164842,-1.54389
121.35,-0.0165129,-1.54472
121.4,-0.0165012,-1.54554
121.45,-0.0165069,-1.54637
121.5,-0.0165074,-1.54719
121.55,-0.0165007,-1.54802
121.6,-0.0165174,-1.54884
121.65,-0.0165406,-1.54967
121.7,-0.0165544,-1.5505
121.75,-0.0165863,-1.55133
121.8,-0.0165916,-1.55216
121.85,-0.0166155,-1.55299
121.9,-0.0166119,-1.55382
121.95,-0.016595,-1.55465
122.0,-0.0166201,-1.55548
122.05,-0.016615,-1.55631
122.1,-0.0166157,-1.55714
122.15,-0.0166222,-1.55797
122.2,-0.0166015,-1.5588
122.25,-0.0166103,-1.55963
122.3,-0.0166207,-1.56046
122.35,-0.0166075,-1.56129
122.4,-0.0166302,-1.56213
122.45,-0.0166098,-1.56296
122.5,-0.0166232,-1.56379
122.55,-0.0166418,-1.56462
122.6,-0.0166289,-1.56545
122.65,-0.0166398,-1.56628
122.7,-0.0166517,-1.56712
122.75,-0.0166481,-1.56795
122.8,-0.0166938,-1.56878
122.85,-0.0167332,-1.56962
122.9,-0.0167099,-1.57045
122.95,-0.016728,-1.57129
123.0,-0.0167,-1.57213
123.05,-0.0166993,-1.57296
123.1,-0.0166741,-1.57379
123.15,-0.0166743,-1.57463
123.2,-0.0167132,-1.57546
123.25,-0.0167173,-1.5763
123.3,-0.0167154,-1.57714
123.35,-0.0167393,-1.57797
123.4,-0.0167291,-1.57881
123.45,-0.0167544,-1.57965
123.5,-0.0167464,-1.58048
123.55,-0.0167351,-1.58132
123.6,-0.0167453,-1.58216
123.65,-0.0167446,-1.583
123.7,-0.0167397,-1.58383
123.75,-0.0167695,-1.58467
123.8,-0.0167517,-1.58551
123.85,-0.016796,-1.58635
123.9,-0.0167984,-1.58719
123.95,-0.0167996,-1.58803
124.0,-0.0167885,-1.58887
124.05,-0.0167638,-1.58971
124.1,-0.0167865,-1.59054
124.15,-0.0168078,-1.59139
124.2,-0.0167959,-1.59223
124.25,-0.0168346,-1.59307
124.3,-0.0168366,-1.59391
124.35,-0.0168463,-1.59475
124.4,-0.0168678,-1.59559
124.45,-0.0168392,-1.59644
124.5,-0.0168579,-1.59728
124.55,-0.0168322,-1.59812
124.6,-0.0168468,-1.59896
124.65,-0.016863,-1.59981
124.7,-0.0168861,-1.60065
124.75,-0.0168976,-1.6015
124.8,-0.0169511,-1.60234
124.85,-0.0169089,-1.60319
124.9,-0.0169338,-1.60404
124.95,-0.0168919,-1.60488
125.0,-0.0169415,-1.60573
125.05,-0.0169603,-1.60657
125.1,-0.016945,-1.60742
125.15,-0.016955,-1.60827
125.2,-0.0169887,-1.60912
125.25,-0.0169688,-1.60997
125.3,-0.0169906,-1.61082
125.35,-0.0170057,-1.61167
125.4,-0.0169948,-1.61252
125.45,-0.0170171,-1.61337
125.5,-0.0169886,-1.61422
125.55,-0.0170026,-1.61507
125.6,-0.0170006,-1.61592
125.65,-0.0169866,-1.61677
125.7,-0.0170207,-1.61762
125.75,-0.0170407,-1.61847
125.8,-0.0170285,-1.61932
125.85,-0.0170578,-1.62017
125.9,-0.0170361,-1.62103
125.95,-0.0170633,-1.62188
126.0,-0.0170618,-1.62273
126.05,-0.0170636,-1.62359
126.1,-0.0170996,-1.62444
126.15,-0.0170754,-1.62529
126.2,-0.0170823,-1.62615
126.25,-0.0171033,-1.627
126.3,-0.0170776,-1.62786
126.35,-0.0171044,-1.62871
126.4,-0.0170965,-1.62957
126.45,-0.0171034,-1.63042
126.5,-0.0170939,-1.63128
126.55,-0.0171049,-1.63213
126.6,-0.0171183,-1.63299
126.65,-0.0171487,-1.63385
126.7,-0.0171476,-1.6347
126.75,-0.0171914,-1.63556
126.8,-0.0171661,-1.63642
126.85,-0.0171735,-1.63728
126.9,-0.0171831,-1.63814
126.95,-0.0171651,-1.639
127.0,-0.0171774,-1.63986
127.05,-0.0172023,-1.64072
127.1,-0.0171921,-1.64158
127.15,-0.017219,-1.64244
127.2,-0.0172095,-1.6433
127.25,-0.0172057,-1.64416
127.3,-0.0172357,-1.64502
127.35,-0.0172213,-1.64588
127.4,-0.0172482,-1.64674
127.45,-0.0172466,-1.64761
127.5,-0.0172531,-1.64847
127.55,-0.017267,-1.64933
127.6,-0.017268,-1.65019
127.65,-0.0172806,-1.65106
127.7,-0.0173021,-1.65192
127.75,-0.0172822,-1.65279
127.8,-0.0173135,-1.65365
127.85,-0.0173151,-1.65452
127.9,-0.0173145,-1.65539
127.95,-0.0173136,-1.65625
128.0,-0.0173176,-1.65712
128.05,-0.017315,-1.65798
128.1,-0.0173214,-1.65885
128.15,-0.0173104,-1.65971
128.2,-0.0173206,-1.66058
128.25,-0.0173379,-1.66145
128.3,-0.0173505,-1.66231
128.35,-0.0173638,-1.66318
128.4,-0.0173626,-1.66405
128.45,-0.017376,-1.66492
128.5,-0.0173887,-1.66579
128.55,-0.0174224,-1.66666
128.6,-0.0174467,-1.66753
128.65,-0.0174595,-1.66841
128.7,-0.017494,-1.66928
128.75,-0.0175232,-1.67016
128.8,-0.0174804,-1.67103
128.85,-0.0174662,-1.6719
128.9,-0.0174911,-1.67278
128.95,-0.0174764,-1.67365
129.0,-0.0174863,-1.67453
129.05,-0.0174638,-1.6754
129.1,-0.0174502,-1.67627
129.15,-0.0174611,-1.67715
129.2,-0.0174577,-1.67802
129.25,-0.017472,-1.67889
129.3,-0.0174945,-1.67977
129.35,-0.0174761,-1.68064
129.4,-0.0174801,-1.68151
129.45,-0.017472,-1.68239
129.5,-0.0174704,-1.68326
129.55,-0.0174955,-1.68414
129.6,-0.0174838,-1.68501
129.65,-0.0175083,-1.68589
129.7,-0.0175155,-1.68676
129.75,-0.0175087,-1.68764
129.8,-0.0175343,-1.68851
129.85,-0.0175265,-1.68939
129.9,-0.0175173,-1.69027
129.95,-0.0175415,-1.69114
130.0,-0.0175423,-1.69202
130.05,-0.0175497,-1.6929
130.1,-0.0175556,-1.69378
130.15,-0.0175342,-1.69465
130.2,-0.0175596,-1.69553
130.25,-0.0175709,-1.69641
130.3,-0.0175703,-1.69729
130.35,-0.0176018,-1.69817
130.4,-0.0175904,-1.69905
130.45,-0.0175915,-1.69993
130.5,-0.017603,-1.70081
130.55,-0.0175843,-1.70169
130.6,-0.0175887,-1.70256
130.65,-0.0176127,-1.70345
130.7,-0.0176203,-1.70433
130.75,-0.0176464,-1.70521
130.8,-0.0176508,-1.70609
130.85,-0.017664,-1.70697
130.9,-0.0176788,-1.70786
130.95,-0.0176604,-1.70874
131.0,-0.0176752,-1.70963
131.05,-0.017679,-1.71051
131.1,-0.0176643,-1.71139
131.15,-0.0176842,-1.71228
131.2,-0.0176931,-1.71316
131.25,-0.0177021,-1.71405
131.3,-0.0177328,-1.71493
131.35,-0.0177211,-1.71582
131.4,-0.0177435,-1.71671
131.45,-0.0177338,-1.71759
131.5,-0.0177321,-1.71848
131.55,-0.0177358,-1.71937
131.6,-0.0177298,-1.72025
131.65,-0.0177489,-1.72114
131.7,-0.017769,-1.72203
131.75,-0.0177551,-1.72292
131.8,-0.0177922,-1.72381
131.85,-0.0177727,-1.72469
131.9,-0.017768,-1.72558
131.95,-0.017764,-1.72647
132.0,-0.017764,-1.72736
132.05,-0.0177793,-1.72825
132.1,-0.0177728,-1.72914
132.15,-0.0177784,-1.73003
132.2,-0.0178033,-1.73092
132.25,-0.0178088,-1.73181
132.3,-0.0178182,-1.7327
132.35,-0.0178408,-1.73359
132.4,-0.017835,-1.73448
132.45,-0.0178691,-1.73537
132.5,-0.0178383,-1.73627
132.55,-0.0178343,-1.73716
132.6,-0.0178414,-1.73805
132.65,-0.0178333,-1.73894
132.7,-0.0178449,-1.73983
132.75,-0.0178553,-1.74073
132.8,-0.0178566,-1.74162
132.85,-0.0178839,-1.74251
132.9,-0.0178697,-1.74341
132.95,-0.0178978,-1.7443
133.0,-0.0178993,-1.7452
133.05,-0.0179034,-1.74609
133.1,-0.0179143,-1.74699
133.15,-0.0179004,-1.74788
133.2,-0.0178916,-1.74878
133.25,-0.017913,-1.74967
133.3,-0.017913,-1.75057
133.35,-0.0179309,-1.75147
133.4,-0.0179488,-1.75236
133.45,-0.0179261,-1.75326
133.5,-0.0179438,-1.75416
133.55,-0.0179439,-1.75505
133.6,-0.0179338,-1.75595
133.65,-0.017978,-1.75685
133.7,-0.0179901,-1.75775
133.75,-0.0179976,-1.75865
133.8,-0.0179928,-1.75955
133.85,-0.0179714,-1.76045
133.9,-0.0179917,-1.76135
133.95,-0.0179731,-1.76225
134.0,-0.0180023,-1.76315
134.05,-0.0180115,-1.76405
134.1,-0.0180032,-1.76495
134.15,-0.0180237,-1.76585
134.2,-0.0180197,-1.76675
134.25,-0.0180273,-1.76765
134.3,-0.0180624,-1.76855
134.35,-0.018058,-1.76946
134.4,-0.0181061,-1.77036
134.45,-0.0180865,-1.77127
134.5,-0.0180866,-1.77217
134.55,-0.0180798,-1.77307
134.6,-0.018059,-1.77398
134.65,-0.0180502,-1.77488
134.7,-0.0180649,-1.77578
134.75,-0.0180578,-1.77669
134.8,-0.0180689,-1.77759
134.85,-0.0180984,-1.77849
134.9,-0.018084,-1.7794
134.95,-0.018116,-1.7803
135.0,-0.0181125,-1.78121
135.05,-0.0181354,-1.78212
135.1,-0.0181417,-1.78302
135.15,-0.0181315,-1.78393
135.2,-0.0181323,-1.78484
135.25,-0.0181383,-1.78574
135.3,-0.0181337,-1.78665
135.35,-0.0181586,-1.78756
135.4,-0.0181465,-1.78847
135.45,-0.0181764,-1.78937
135.5,-0.0181584,-1.79028
135.55,-0.0181624,-1.79119
135.6,-0.0181757,-1.7921
135.65,-0.0181773,-1.79301
135.7,-0.0181835,-1.79392
135.75,-0.0181861,-1.79483
135.8,-0.018199,-1.79574
135.85,-0.0181989,-1.79665
135.9,-0.0182131,-1.79756
135.95,-0.0182051,-1.79847
136.0,-0.0182324,-1.79938
136.05,-0.0182281,-1.80029
136.1,-0.0182445,-1.8012
136.15,-0.018246,-1.80211
136.2,-0.0182562,-1.80303
136.25,-0.0182507,-1.80394
136.3,-0.0182607,-1.80485
136.35,-0.0182561,-1.80577
136.4,-0.0182581,-1.80668
136.45,-0.0182695,-1.80759
136.5,-0.0182632,-1.80851
136.55,-0.0182676,-1.80942
136.6,-0.0182799,-1.81033
136.65,-0.0182763,-1.81125
136.7,-0.0182986,-1.81216
136.75,-0.0183105,-1.81308
136.8,-0.0183102,-1.81399
136.85,-0.018326,-1.81491
136.9,-0.018327,-1.81583
136.95,-0.0183284,-1.81674
137.0,-0.0183279,-1.81766
137.05,-0.0183371,-1.81857
137.1,-0.0183421,-1.81949
137.15,-0.0183352,-1.82041
137.2,-0.018338,-1.82133
137.25,-0.0183411,-1.82224
137.3,-0.0183484,-1.82316
137.35,-0.0183714,-1.82408
137.4,-0.0183823,-1.825
137.45,-0.0183803,-1.82592
137.5,-0.0184143,-1.82684
137.55,-0.0184213,-1.82776
137.6,-0.0184489,-1.82868
137.65,-0.0184375,-1.8296
137.7,-0.0184333,-1.83052
137.75,-0.0184133,-1.83145
137.8,-0.0184337,-1.83237
137.85,-0.0184278,-1.83329
137.9,-0.0184415,-1.83421
137.95,-0.0184514,-1.83513
138.0,-0.0184522,-1.83606
138.05,-0.0184546,-1.83698
138.1,-0.0184471,-1.8379
138.15,-0.0184693,-1.83882
138.2,-0.0184745,-1.83975
138.25,-0.0184799,-1.84067
138.3,-0.0185011,-1.8416
138.35,-0.0185117,-1.84252
138.4,-0.0185134,-1.84345
138.45,-0.0185199,-1.84437
138.5,-0.0185111,-1.8453
138.55,-0.0185077,-1.84623
138.6,-0.0185043,-1.84715
138.65,-0.0185077,-1.84808
138.7,-0.0185336,-1.849
138.75,-0.0185346,-1.84993
138.8,-0.0185504,-1.85086
138.85,-0.0185688,-1.85179
138.9,-0.0185703,-1.85271
138.95,-0.0185821,-1.85364
139.0,-0.0185671,-1.85457
139.05,-0.018572,-1.8555
139.1,-0.0185792,-1.85643
139.15,-0.018578,-1.85736
139.2,-0.0185964,-1.85829
139.25,-0.0185928,-1.85922
139.3,-0.0185992,-1.86015
139.35,-0.0186385,-1.86108
139.4,-0.0186311,-1.86201
139.45,-0.0186417,-1.86294
139.5,-0.0186299,-1.86387
139.55,-0.0186297,-1.86481
139.6,-0.0186451,-1.86574
139.65,-0.0186409,-1.86667
139.7,-0.0186539,-1.8676
139.75,-0.0186747,-1.86854
139.8,-0.0186806,-1.86947
139.85,-0.018697,-1.87041
139.9,-0.0187181,-1.87134
139.95,-0.0187116,-1.87228
140.0,-0.0187575,-1.87321
140.05,-0.0187401,-1.87415
140.1,-0.0187456,-1.87509
140.15,-0.0187419,-1.87603
140.2,-0.0187399,-1.87696
140.25,-0.0187554,-1.8779
140.3,-0.0187573,-1.87884
140.35,-0.018759,-1.87978
140.4,-0.0187726,-1.88072
140.45,-0.0187567,-1.88165
140.5,-0.0187724,-1.88259
140.55,-0.018777,-1.88353
140.6,-0.0187867,-1.88447
140.65,-0.0188103,-1.88541
140.7,-0.0188207,-1.88635
140.75,-0.0188244,-1.88729
140.8,-0.0188354,-1.88823
140.85,-0.0188601,-1.88918
140.9,-0.0188666,-1.89012
140.95,-0.0188834,-1.89106
141.0,-0.0188873,-1.89201
141.05,-0.0188994,-1.89295
141.1,-0.0189059,-1.8939
141.15,-0.0189065,-1.89484
141.2,-0.0189156,-1.89579
141.25,-0.0189359,-1.89674
141.3,-0.0189446,-1.89768
141.35,-0.0189614,-1.89863
141.4,-0.018954,-1.89958
141.45,-0.0189591,-1.90053
141.5,-0.0189615,-1.90148
141.55,-0.0189529,-1.90242
141.6,-0.0189692,-1.90337
141.65,-0.0189662,-1.90432
141.7,-0.0189723,-1.90527
141.75,-0.0189989,-1.90622
141.8,-0.0190021,-1.90717
141.85,-0.0190421,-1.90812
141.9,-0.0190382,-1.90907
141.95,-0.0190549,-1.91003
142.0,-0.0190517,-1.91098
142.05,-0.0190587,-1.91193
142.1,-0.0190679,-1.91289
142.15,-0.0190837,-1.91384
142.2,-0.0190838,-1.91479
142.25,-0.0190874,-1.91575
142.3,-0.0190788,-1.9167
142.35,-0.0191005,-1.91766
142.4,-0.0191049,-1.91861
142.45,-0.0191133,-1.91957
142.5,-0.0191278,-1.92052
142.55,-0.01913,-1.92148
142.6,-0.0191588,-1.92244
142.65,-0.0191636,-1.9234
142.7,-0.0191802,-1.92436
142.75,-0.0191828,-1.92531
142.8,-0.0192074,-1.92628
142.85,-0.0192109,-1.92724
142.9,-0.0192297,-1.9282
142.95,-0.0192267,-1.92916
143.0,-0.0192389,-1.93012
143.05,-0.0192295,-1.93108
143.1,-0.0192493,-1.93204
143.15,-0.0192536,-1.93301
143.2,-0.0192752,-1.93397
143.25,-0.019287,-1.93494
143.3,-0.0193028,-1.9359
143.35,-0.0193002,-1.93687
143.4,-0.0193054,-1.93783
143.45,-0.019313,-1.9388
143.5,-0.0193151,-1.93976
143.55,-0.0193272,-1.94073
143.6,-0.0193263,-1.94169
143.65,-0.0193276,-1.94266
143.7,-0.0193388,-1.94363
143.75,-0.0193517,-1.9446
143.8,-0.0193622,-1.94556
143.85,-0.0193721,-1.94653
143.9,-0.0193837,-1.9475
143.95,-0.0193971,-1.94847
144.0,-0.0194045,-1.94944
144.05,-0.0194249,-1.95041
144.1,-0.0194166,-1.95138
144.15,-0.0194315,-1.95236
144.2,-0.0194433,-1.95333
144.25,-0.0194355,-1.9543
144.3,-0.0194582,-1.95527
144.35,-0.0194574,-1.95624
144.4,-0.0194716,-1.95722
144.45,-0.0194757,-1.95819
144.5,-0.0194909,-1.95917
144.55,-0.0195037,-1.96014
144.6,-0.0195,-1.96112
144.65,-0.0195015,-1.96209
144.7,-0.019508,-1.96307
144.75,-0.0195314,-1.96404
144.8,-0.0195308,-1.96502
144.85,-0.019535,-1.966
144.9,-0.0195516,-1.96697
144.95,-0.0195595,-1.96795
145.0,-0.0195633,-1.96893
145.05,-0.019582,-1.96991
145.1,-0.0195897,-1.97089
145.15,-0.0196092,-1.97187
145.2,-0.0196154,-1.97285
145.25,-0.0196298,-1.97383
145.3,-0.0196482,-1.97481
145.35,-0.0196285,-1.9758
145.4,-0.0196288,-1.97678
145.45,-0.0196312,-1.97776
145.5,-0.0196464,-1.97874
145.55,-0.0196366,-1.97972
145.6,-0.0196543,-1.98071
145.65,-0.0196592,-1.98169
145.7,-0.0196655,-1.98267
145.75,-0.0196868,-1.98366
145.8,-0.0197046,-1.98464
145.85,-0.0197143,-1.98563
145.9,-0.019721,-1.98661
145.95,-0.0197254,-1.9876
146.0,-0.0197389,-1.98859
146.05,-0.0197506,-1.98957
146.1,-0.0197454,-1.99056
146.15,-0.0197675,-1.99155
146.2,-0.0197592,-1.99254
146.25,-0.0197645,-1.99353
146.3,-0.0197691,-1.99451
146.35,-0.0197932,-1.9955
146.4,-0.0197846,-1.99649
146.45,-0.0197947,-1.99748
146.5,-0.0198073,-1.99847
146.55,-0.0198194,-1.99946
146.6,-0.0198305,-2.00046
146.65,-0.0198511,-2.00145
146.7,-0.0198549,-2.00244
146.75,-0.0198587,-2.00343
146.8,-0.0198827,-2.00443
146.85,-0.0198754,-2.00542
146.9,-0.0198837,-2.00642
146.95,-0.0198676,-2.00741
147.0,-0.0198748,-2.0084
147.05,-0.0198728,-2.0094
147.1,-0.0198986,-2.01039
147.15,-0.019905,-2.01139
147.2,-0.019911,-2.01238
147.25,-0.0199271,-2.01338
147.3,-0.0199604,-2.01438
147.35,-0.0199508,-2.01537
147.4,-0.0199567,-2.01637
147.45,-0.0199614,-2.01737
147.5,-0.0199759,-2.01837
147.55,-0.0199935,-2.01937
147.6,-0.0199959,-2.02037
147.65,-0.0199897,-2.02137
147.7,-0.0199983,-2.02237
147.75,-0.0200017,-2.02337
147.8,-0.0200186,-2.02437
147.85,-0.020019,-2.02537
147.9,-0.0200274,-2.02637
147.95,-0.0200441,-2.02737
148.0,-0.0200281,-2.02838
148.05,-0.0200553,-2.02938
148.1,-0.0200578,-2.03038
148.15,-0.0200745,-2.03138
148.2,-0.0200868,-2.03239
148.25,-0.020095,-2.03339
148.3,-0.0201108,-2.0344
148.35,-0.0201158,-2.03541
148.4,-0.0201189,-2.03641
148.45,-0.0201268,-2.03742
148.5,-0.0201517,-2.03843
148.55,-0.0201339,-2.03943
148.6,-0.0201303,-2.04044
148.65,-0.0201593,-2.04145
148.7,-0.0201287,-2.04245
148.75,-0.0201889,-2.04346
148.8,-0.0203194,-2.04448
148.85,-0.0202825,-2.04549
148.9,-0.0202806,-2.04651
148.95,-0.0202758,-2.04752
149.0,-0.0202788,-2.04853
149.05,-0.0202812,-2.04955
149.1,-0.0202895,-2.05056
149.15,-0.0202987,-2.05158
149.2,-0.020287,-2.05259
149.25,-0.0202983,-2.05361
149.3,-0.0203036,-2.05462
149.35,-0.0203066,-2.05564
149.4,-0.0203263,-2.05665
149.45,-0.0203181,-2.05767
149.5,-0.020329,-2.05869
149.55,-0.0203413,-2.0597
149.6,-0.0203654,-2.06072
149.65,-0.0203749,-2.06174
149.7,-0.0203829,-2.06276
149.75,-0.0203608,-2.06378
149.8,-0.0203682,-2.0648
149.85,-0.0203693,-2.06581
149.9,-0.0203757,-2.06683
149.95,-0.0203894,-2.06785
150.0,-0.0203944,-2.06887
150.05,-0.020378,-2.06989
150.1,-0.0203802,-2.07091
150.15,-0.0203854,-2.07193
150.2,-0.0203894,-2.07295
150.25,-0.0204118,-2.07397
150.3,-0.0204152,-2.07499
150.35,-0.0204346,-2.07601
150.4,-0.0204318,-2.07703
150.45,-0.0204449,-2.07806
150.5,-0.0204552,-2.07908
150.55,-0.0204779,-2.0801
150.6,-0.020471,-2.08113
150.65,-0.0204788,-2.08215
150.7,-0.0204817,-2.08317
150.75,-0.0204866,-2.0842
150.8,-0.0204819,-2.08522
150.85,-0.0204958,-2.08625
150.9,-0.0205101,-2.08727
150.95,-0.0205363,-2.0883
151.0,-0.0205445,-2.08933
151.05,-0.0205525,-2.09035
151.1,-0.0205541,-2.09138
151.15,-0.0205513,-2.09241
151.2,-0.0205605,-2.09344
151.25,-0.0205484,-2.09447
151.3,-0.020551,-2.09549
151.35,-0.0205579,-2.09652
151.4,-0.0205551,-2.09755
151.45,-0.0205952,-2.09858
151.5,-0.0205986,-2.09961
151.55,-0.0206201,-2.10064
151.6,-0.0206376,-2.10167
151.65,-0.0206325,-2.1027
151.7,-0.0206347,-2.10373
151.75,-0.0206186,-2.10476
151.8,-0.0206327,-2.1058
151.85,-0.0206342,-2.10683
151.9,-0.0206411,-2.10786
151.95,-0.0206342,-2.10889
152.0,-0.0206712,-2.10993
152.05,-0.0206585,-2.11096
152.1,-0.0206871,-2.11199
152.15,-0.0206869,-2.11303
152.2,-0.020721,-2.11406
152.25,-0.0207155,-2.1151
152.3,-0.0207144,-2.11613
152.35,-0.0207035,-2.11717
152.4,-0.0207019,-2.11821
152.45,-0.0207205,-2.11924
152.5,-0.0207541,-2.12028
152.55,-0.0207447,-2.12132
152.6,-0.0207455,-2.12235
152.65,-0.0207534,-2.12339
152.7,-0.0207482,-2.12443
152.75,-0.0207555,-2.12547
152.8,-0.0207581,-2.1265
152.85,-0.020765,-2.12754
152.9,-0.0207769,-2.12858
152.95,-0.0207899,-2.12962
153.0,-0.0208027,-2.13066
153.05,-0.0208527,-2.1317
153.1,-0.0208494,-2.13275
153.15,-0.0208649,-2.13379
153.2,-0.0208476,-2.13483
153.25,-0.0208581,-2.13587
153.3,-0.0208564,-2.13692
153.35,-0.0208476,-2.13796
153.4,-0.0208513,-2.139
153.45,-0.0208751,-2.14005
153.5,-0.020904,-2.14109
153.55,-0.0209268,-2.14214
153.6,-0.020935,-2.14318
153.65,-0.0209143,-2.14423
153.7,-0.0209282,-2.14528
153.75,-0.020919,-2.14632
153.8,-0.0209176,-2.14737
153.85,-0.0209127,-2.14841
153.9,-0.0209158,-2.14946
153.95,-0.0209247,-2.15051
154.0,-0.0209348,-2.15155
154.05,-0.0209576,-2.1526
154.1,-0.0209806,-2.15365
154.15,-0.0209652,-2.1547
154.2,-0.0210083,-2.15575
154.25,-0.0210627,-2.1568
154.3,-0.0211332,-2.15786
154.35,-0.0211721,-2.15892
154.4,-0.0211573,-2.15997
154.45,-0.0211388,-2.16103
154.5,-0.0211324,-2.16209
154.55,-0.0210736,-2.16314
154.6,-0.021069,-2.1642
154.65,-0.0210572,-2.16525
154.7,-0.0210615,-2.1663
154.75,-0.0210773,-2.16736
154.8,-0.0210795,-2.16841
154.85,-0.0210926,-2.16946
154.9,-0.0210984,-2.17052
154.95,-0.0210874,-2.17157
155.0,-0.021105,-2.17263
155.05,-0.0211027,-2.17368
155.1,-0.0211114,-2.17474
155.15,-0.0211404,-2.1758
155.2,-0.0211241,-2.17685
155.25,-0.0211231,-2.17791
155.3,-0.0211381,-2.17897
155.35,-0.0211453,-2.18002
155.4,-0.0211685,-2.18108
155.45,-0.0211522,-2.18214
155.5,-0.0211724,-2.1832
155.55,-0.0211792,-2.18426
155.6,-0.0211734,-2.18531
155.65,-0.0212046,-2.18637
155.7,-0.0212223,-2.18744
155.75,-0.0212235,-2.1885
155.8,-0.02124,-2.18956
155.85,-0.021203,-2.19062
155.9,-0.0212121,-2.19168
155.95,-0.0212233,-2.19274
156.0,-0.0212287,-2.1938
156.05,-0.0212511,-2.19487
156.1,-0.0212505,-2.19593
156.15,-0.0212638,-2.19699
156.2,-0.0212826,-2.19806
156.25,-0.0212897,-2.19912
156.3,-0.0213162,-2.20019
156.35,-0.0213011,-2.20125
156.4,-0.021309,-2.20232
156.45,-0.0213184,-2.20338
156.5,-0.0213162,-2.20445
156.55,-0.0213241,-2.20551
156.6,-0.0213445,-2.20658
156.65,-0.0213472,-2.20765
156.7,-0.0213554,-2.20872
156.75,-0.0213472,-2.20978
156.8,-0.0213593,-2.21085
156.85,-0.0213657,-2.21192
156.9,-0.0213635,-2.21299
156.95,-0.0213776,-2.21406
157.0,-0.0213878,-2.21513
157.05,-0.0214029,-2.2162
157.1,-0.0213953,-2.21727
157.15,-0.0214138,-2.21834
157.2,-0.0214154,-2.21941
157.25,-0.0214475,-2.22048
157.3,-0.0214451,-2.22155
157.35,-0.0214491,-2.22262
157.4,-0.0214373,-2.2237
157.45,-0.0214389,-2.22477
157.5,-0.0214406,-2.22584
157.55,-0.0214706,-2.22691
157.6,-0.0214852,-2.22799
157.65,-0.0215116,-2.22906
157.7,-0.0214998,-2.23014
157.75,-0.0214988,-2.23121
157.8,-0.0214886,-2.23229
157.85,-0.0214893,-2.23336
157.9,-0.0215009,-2.23444
157.95,-0.021507,-2.23551
158.0,-0.0215228,-2.23659
158.05,-0.0215396,-2.23767
158.1,-0.0215655,-2.23874
158.15,-0.0215679,-2.23982
158.2,-0.0216062,-2.2409
158.25,-0.0215886,-2.24198
158.3,-0.0215819,-2.24306
158.35,-0.0215821,-2.24414
158.4,-0.0215567,-2.24522
158.45,-0.0215853,-2.2463
158.5,-0.0215875,-2.24738
158.55,-0.021604,-2.24846
158.6,-0.0216328,-2.24954
158.65,-0.0216302,-2.25062
158.7,-0.0216379,-2.2517
158.75,-0.0216394,-2.25278
158.8,-0.0216374,-2.25387
158.85,-0.0216421,-2.25495
158.9,-0.0216359,-2.25603
158.95,-0.0216478,-2.25711
159.0,-0.0216719,-2.2582
159.05,-0.021688,-2.25928
159.1,-0.0217128,-2.26037
159.15,-0.021726,-2.26145
159.2,-0.0217302,-2.26254
159.25,-0.0217269,-2.26363
159.3,-0.021715,-2.26471
159.35,-0.0217323,-2.2658
159.4,-0.0217249,-2.26688
159.45,-0.0217317,-2.26797
159.5,-0.0217416,-2.26906
159.55,-0.0217615,-2.27015
159.6,-0.0217633,-2.27123
159.65,-0.0217848,-2.27232
159.7,-0.0217708,-2.27341
159.75,-0.0218049,-2.2745
159.8,-0.0217936,-2.27559
159.85,-0.0217872,-2.27668
159.9,-0.0217888,-2.27777
159.95,-0.0217939,-2.27886
160.0,-0.0218005,-2.27995
160.05,-0.0218238,-2.28104
160.1,-0.0218317,-2.28213
160.15,-0.0218488,-2.28323
160.2,-0.0218626,-2.28432
160.25,-0.0218448,-2.28541
160.3,-0.0218445,-2.2865
160.35,-0.0218359,-2.28759
160.4,-0.0218559,-2.28869
160.45,-0.0218777,-2.28978
160.5,-0.0218684,-2.29087
160.55,-0.0218837,-2.29197
160.6,-0.0218948,-2.29306
160.65,-0.021904,-2.29416
160.7,-0.0219398,-2.29526
160.75,-0.0219345,-2.29635
160.8,-0.0219675,-2.29745
160.85,-0.0219745,-2.29855
160.9,-0.0219506,-2.29965
160.95,-0.0219581,-2.30075
161.0,-0.0219498,-2.30184
161.05,-0.0219763,-2.30294
161.1,-0.0219991,-2.30404
161.15,-0.0219863,-2.30514
161.2,-0.0219905,-2.30624
161.25,-0.0219893,-2.30734
161.3,-0.0220024,-2.30844
161.35,-0.0220098,-2.30954
161.4,-0.0220049,-2.31064
161.45,-0.0220376,-2.31174
161.5,-0.0220425,-2.31284
161.55,-0.0220341,-2.31395
161.6,-0.0220587,-2.31505
161.65,-0.0220658,-2.31615
161.7,-0.0220814,-2.31726
161.75,-0.0220965,-2.31836
161.8,-0.0220804,-2.31947
161.85,-0.0220873,-2.32057
161.9,-0.022097,-2.32167
161.95,-0.0220993,-2.32278
162.0,-0.0221221,-2.32389
162.05,-0.022136,-2.32499
162.1,-0.0221383,-2.3261
162.15,-0.0221537,-2.32721
162.2,-0.0221386,-2.32831
162.25,-0.0221478,-2.32942
162.3,-0.0221466,-2.33053
162.35,-0.0221493,-2.33164
162.4,-0.0221694,-2.33274
162.45,-0.0221759,-2.33385
162.5,-0.0221812,-2.33496
162.55,-0.0222145,-2.33607
162.6,-0.0222201,-2.33718
162.65,-0.0222509,-2.3383
162.7,-0.0222532,-2.33941
162.75,-0.0222349,-2.34052
162.8,-0.0222277,-2.34163
162.85,-0.0222335,-2.34274
162.9,-0.022224,-2.34386
162.95,-0.0222503,-2.34497
163.0,-0.0222671,-2.34608
163.05,-0.0222899,-2.3472
163.1,-0.0223145,-2.34831
163.15,-0.0222851,-2.34943
163.2,-0.0223116,-2.35054
163.25,-0.022292,-2.35166
163.3,-0.0222916,-2.35277
163.35,-0.0223146,-2.35389
163.4,-0.022311,-2.355
163.45,-0.0223373,-2.35612
163.5,-0.0223577,-2.35724
163.55,-0.0223428,-2.35835
163.6,-0.0223718,-2.35947
163.65,-0.0223625,-2.36059
163.7,-0.0223725,-2.36171
163.75,-0.0223843,-2.36283
163.8,-0.0223698,-2.36395
163.85,-0.02238,-2.36507
163.9,-0.0224044,-2.36619
163.95,-0.0224168,-2.36731
164.0,-0.0224654,-2.36843
164.05,-0.0224525,-2.36955
164.1,-0.0224669,-2.37068
164.15,-0.0224455,-2.3718
164.2,-0.0224404,-2.37292
164.25,-0.0224473,-2.37404
164.3,-0.0224326,-2.37516
164.35,-0.0224274,-2.37629
164.4,-0.0224783,-2.37741
164.45,-0.0224984,-2.37853
164.5,-0.0225018,-2.37966
164.55,-0.0225109,-2.38079
164.6,-0.0224971,-2.38191
164.65,-0.0225178,-2.38304
164.7,-0.022505,-2.38416
164.75,-0.0225109,-2.38529
164.8,-0.0225199,-2.38641
164.85,-0.0225284,-2.38754
164.9,-0.0225423,-2.38867
164.95,-0.0225635,-2.38979
165.0,-0.0225627,-2.39092
165.05,-0.0225674,-2.39205
165.1,-0.0225851,-2.39318
165.15,-0.0225818,-2.39431
165.2,-0.022599,-2.39544
165.25,-0.022608,-2.39657
165.3,-0.0225942,-2.3977
165.35,-0.0226016,-2.39883
165.4,-0.022602,-2.39996
165.45,-0.0226236,-2.40109
165.5,-0.0226272,-2.40222
165.55,-0.0226376,-2.40335
165.6,-0.0226431,-2.40449
165.65,-0.0226342,-2.40562
165.7,-0.022652,-2.40675
165.75,-0.0226703,-2.40788
165.8,-0.0226742,-2.40902
165.85,-0.0227295,-2.41015
165.9,-0.0226865,-2.41129
165.95,-0.0227006,-2.41242
166.0,-0.022725,-2.41356
166.05,-0.0227104,-2.4147
166.1,-0.0227472,-2.41583
166.15,-0.0227404,-2.41697
166.2,-0.0227323,-2.41811
166.25,-0.0227405,-2.41924
166.3,-0.022749,-2.42038
166.35,-0.022754,-2.42152
166.4,-0.0227792,-2.42266
166.45,-0.0227851,-2.4238
166.5,-0.0227931,-2.42494
166.55,-0.0227984,-2.42608
166.6,-0.0227931,-2.42722
166.65,-0.022819,-2.42836
166.7,-0.0228533,-2.4295
166.75,-0.0228631,-2.43064
166.8,-0.0228541,-2.43179
166.85,-0.0228491,-2.43293
166.9,-0.0228398,-2.43407
166.95,-0.022826,-2.43521
167.0,-0.0228271,-2.43635
167.05,-0.022862,-2.4375
167.1,-0.0228804,-2.43864
167.15,-0.0229012,-2.43978
167.2,-0.022917,-2.44093
167.25,-0.0229007,-2.44208
167.3,-0.0229037,-2.44322
167.35,-0.0229111,-2.44437
167.4,-0.022906,-2.44551
167.45,-0.0229251,-2.44666
167.5,-0.0229268,-2.4478
167.55,-0.0229541,-2.44895
167.6,-0.0229948,-2.4501
167.65,-0.0229905,-2.45125
167.7,-0.023031,-2.4524
167.75,-0.0230152,-2.45355
167.8,-0.0229932,-2.4547
167.85,-0.0229694,-2.45585
167.9,-0.0229567,-2.457
167.95,-0.0229738,-2.45815
168.0,-0.0230025,-2.4593
168.05,-0.0230144,-2.46045
168.1,-0.0230405,-2.4616
168.15,-0.0230268,-2.46275
168.2,-0.0230111,-2.4639
168.25,-0.0230152,-2.46505
168.3,-0.0230072,-2.4662
168.35,-0.0230258,-2.46736
168.4,-0.0230182,-2.46851
168.45,-0.0230444,-2.46966
168.5,-0.0230643,-2.47081
168.55,-0.0230735,-2.47197
168.6,-0.0231125,-2.47312
168.65,-0.0231248,-2.47428
168.7,-0.0231225,-2.47543
168.75,-0.0231331,-2.47659
168.8,-0.0230856,-2.47774
168.85,-0.0230683,-2.4789
168.9,-0.0230873,-2.48005
168.95,-0.0231244,-2.48121
169.0,-0.0231361,-2.48237
169.05,-0.0231813,-2.48352
169.1,-0.0231616,-2.48468
169.15,-0.0231796,-2.48584
169.2,-0.0231677,-2.487
169.25,-0.0231712,-2.48816
169.3,-0.0231693,-2.48932
169.35,-0.0231665,-2.49047
169.4,-0.0231726,-2.49163
169.45,-0.0232013,-2.49279
169.5,-0.0232195,-2.49395
169.55,-0.0232536,-2.49512
169.6,-0.0232768,-2.49628
169.65,-0.0232909,-2.49745
169.7,-0.023323,-2.49861
169.75,-0.0232801,-2.49978
169.8,-0.0233242,-2.50094
169.85,-0.0233386,-2.50211
169.9,-0.0233293,-2.50328
169.95,-0.0233888,-2.50444
170.0,-0.023382,-2.50561
170.05,-0.023402,-2.50678
170.1,-0.0234269,-2.50796
170.15,-0.023446,-2.50913
170.2,-0.023472,-2.5103
170.25,-0.0234091,-2.51147
170.3,-0.0233809,-2.51264
170.35,-0.0233868,-2.51381
170.4,-0.0233561,-2.51498
170.45,-0.0233572,-2.51615
170.5,-0.0233905,-2.51732
170.55,-0.0233878,-2.51848
170.6,-0.0234161,-2.51966
170.65,-0.0234027,-2.52083
170.7,-0.0234228,-2.522
170.75,-0.0234281,-2.52317
170.8,-0.0234115,-2.52434
170.85,-0.0234057,-2.52551
170.9,-0.0234003,-2.52668
170.95,-0.0234078,-2.52785
171.0,-0.0234356,-2.52902
171.05,-0.0234335,-2.53019
171.1,-0.0234464,-2.53137
171.15,-0.0234585,-2.53254
171.2,-0.0234509,-2.53371
171.25,-0.0234499,-2.53488
171.3,-0.0234431,-2.53606
171.35,-0.0234477,-2.53723
171.4,-0.0234591,-2.5384
171.45,-0.0234799,-2.53957
171.5,-0.0234915,-2.54075
171.55,-0.0235344,-2.54193
171.6,-0.0235296,-2.5431
171.65,-0.0235408,-2.54428
171.7,-0.0235297,-2.54546
171.75,-0.0235323,-2.54663
171.8,-0.0235426,-2.54781
171.85,-0.0235532,-2.54899
171.9,-0.0235395,-2.55016
171.95,-0.0235485,-2.55134
172.0,-0.023528,-2.55252
172.05,-0.0235612,-2.5537
172.1,-0.0235966,-2.55488
172.15,-0.0235838,-2.55606
172.2,-0.0235992,-2.55724
172.25,-0.0235986,-2.55842
172.3,-0.0236155,-2.5596
172.35,-0.0236416,-2.56078
172.4,-0.0236263,-2.56196
172.45,-0.0236307,-2.56314
172.5,-0.023627,-2.56432
172.55,-0.0236383,-2.5655
172.6,-0.0236621,-2.56669
172.65,-0.023641,-2.56787
172.7,-0.0236738,-2.56905
172.75,-0.0236888,-2.57024
172.8,-0.0236803,-2.57142
172.85,-0.0236925,-2.57261
172.9,-0.0236897,-2.57379
172.95,-0.0236988,-2.57498
173.0,-0.0237226,-2.57616
173.05,-0.023727,-2.57735
173.1,-0.0237337,-2.57853
173.15,-0.0237299,-2.57972
173.2,-0.0237307,-2.58091
173.25,-0.0237406,-2.58209
173.3,-0.0237504,-2.58328
173.35,-0.02376,-2.58447
173.4,-0.0237775,-2.58566
173.45,-0.0238091,-2.58685
173.5,-0.0238208,-2.58804
173.55,-0.0238406,-2.58923
173.6,-0.0238365,-2.59042
173.65,-0.0238708,-2.59162
173.7,-0.0238777,-2.59281
173.75,-0.0238528,-2.594
173.8,-0.0238539,-2.5952
173.85,-0.0238464,-2.59639
173.9,-0.0238753,-2.59758
173.95,-0.0238994,-2.59878
174.0,-0.023902,-2.59997
174.05,-0.0239419,-2.60117
174.1,-0.0239615,-2.60237
174.15,-0.0239672,-2.60357
174.2,-0.0240012,-2.60477
174.25,-0.0239958,-2.60597
174.3,-0.024011,-2.60717
174.35,-0.0240146,-2.60837
174.4,-0.0239878,-2.60957
174.45,-0.0240021,-2.61077
174.5,-0.0240064,-2.61197
174.55,-0.0240022,-2.61317
174.6,-0.0240671,-2.61437
174.65,-0.0240539,-2.61557
174.7,-0.0240695,-2.61678
174.75,-0.024071,-2.61798
174.8,-0.0240606,-2.61918
174.85,-0.0240867,-2.62039
174.9,-0.0240759,-2.62159
174.95,-0.0240991,-2.6228
175.0,-0.0241189,-2.624
175.05,-0.0241191,-2.62521
175.1,-0.0241277,-2.62642
175.15,-0.0241151,-2.62762
175.2,-0.0241206,-2.62883
175.25,-0.0241461,-2.63003
175.3,-0.0241504,-2.63124
175.35,-0.0241763,-2.63245
175.4,-0.0241925,-2.63366
175.45,-0.0241912,-2.63487
175.5,-0.0242212,-2.63608
175.55,-0.0242173,-2.63729
175.6,-0.0242323,-2.6385
175.65,-0.0242471,-2.63972
175.7,-0.0242541,-2.64093
175.75,-0.0242542,-2.64214
175.8,-0.02424,-2.64335
175.85,-0.0242498,-2.64457
175.9,-0.0242829,-2.64578
175.95,-0.0243034,-2.647
176.0,-0.0243224,-2.64821
176.05,-0.0243586,-2.64943
176.1,-0.0243379,-2.65065
176.15,-0.0243377,-2.65186
176.2,-0.0243466,-2.65308
176.25,-0.0243362,-2.6543
176.3,-0.0243648,-2.65552
176.35,-0.0243708,-2.65673
176.4,-0.0243704,-2.65795
176.45,-0.0243968,-2.65917
176.5,-0.0243962,-2.66039
176.55,-0.0244309,-2.66161
176.6,-0.0244693,-2.66284
176.65,-0.0244765,-2.66406
176.7,-0.0245038,-2.66529
176.75,-0.0244653,-2.66651
176.8,-0.0244505,-2.66773
176.85,-0.0244616,-2.66896
176.9,-0.0244512,-2.67018
176.95,-0.0244828,-2.6714
177.0,-0.024489,-2.67263
177.05,-0.0244872,-2.67385
177.1,-0.0245464,-2.67508
177.15,-0.0245514,-2.67631
177.2,-0.0245661,-2.67753
177.25,-0.0245924,-2.67876
177.3,-0.0246006,-2.67999
177.35,-0.0245883,-2.68122
177.4,-0.0245633,-2.68245
177.45,-0.0245537,-2.68368
177.5,-0.0245685,-2.68491
177.55,-0.0245803,-2.68614
177.6,-0.0245989,-2.68737
177.65,-0.0246,-2.6886
177.7,-0.0245886,-2.68983
177.75,-0.0245935,-2.69106
177.8,-0.0245929,-2.69228
177.85,-0.0245855,-2.69351
177.9,-0.0246049,-2.69474
177.95,-0.0246029,-2.69597
178.0,-0.0246112,-2.69721
178.05,-0.0246521,-2.69844
178.1,-0.0246328,-2.69967
178.15,-0.0246781,-2.7009
178.2,-0.0246743,-2.70214
178.25,-0.024692,-2.70337
178.3,-0.0246966,-2.70461
178.35,-0.0246943,-2.70584
178.4,-0.0247192,-2.70708
178.45,-0.0247256,-2.70831
178.5,-0.0247249,-2.70955
178.55,-0.024749,-2.71079
178.6,-0.0247825,-2.71203
178.65,-0.0247804,-2.71327
178.7,-0.0247952,-2.7145
178.75,-0.0247852,-2.71574
178.8,-0.0248044,-2.71698
178.85,-0.0248029,-2.71822
178.9,-0.0248181,-2.71947
178.95,-0.0248341,-2.72071
179.0,-0.024874,-2.72195
179.05,-0.0248701,-2.72319
179.1,-0.0249144,-2.72444
179.15,-0.0248954,-2.72568
179.2,-0.0249352,-2.72693
179.25,-0.0249275,-2.72818
179.3,-0.0249487,-2.72943
179.35,-0.0249346,-2.73067
179.4,-0.0249575,-2.73192
179.45,-0.0249572,-2.73317
179.5,-0.0249788,-2.73442
179.55,-0.024973,-2.73567
179.6,-0.0250083,-2.73692
179.65,-0.0250186,-2.73817
179.7,-0.0250277,-2.73942
179.75,-0.0250431,-2.74067
179.8,-0.0250369,-2.74192
179.85,-0.0250563,-2.74318
179.9,-0.0250545,-2.74443
179.95,-0.0250721,-2.74568
180.0,-0.0250895,-2.74694
180.05,-0.0251295,-2.74819
180.1,-0.0251196,-2.74945
180.15,-0.0251464,-2.75071
180.2,-0.0251239,-2.75196
180.25,-0.0251165,-2.75322
180.3,-0.0251255,-2.75447
180.35,-0.0251417,-2.75573
180.4,-0.0251803,-2.75699
180.45,-0.0251945,-2.75825
180.5,-0.0252139,-2.75951
180.55,-0.0252542,-2.76077
180.6,-0.0252563,-2.76204
180.65,-0.0252913,-2.7633
180.7,-0.0252807,-2.76456
180.75,-0.025271,-2.76583
180.8,-0.0252845,-2.76709
180.85,-0.025281,-2.76836
180.9,-0.025286,-2.76962
180.95,-0.0253444,-2.77089
181.0,-0.0253248,-2.77215
181.05,-0.0253634,-2.77342
181.1,-0.0253577,-2.77469
181.15,-0.0253494,-2.77596
181.2,-0.0253499,-2.77723
181.25,-0.0253483,-2.77849
181.3,-0.0253657,-2.77976
181.35,-0.0253993,-2.78103
181.4,-0.0253999,-2.7823
181.45,-0.0254269,-2.78357
181.5,-0.0254483,-2.78484
181.55,-0.0254574,-2.78612
181.6,-0.0254705,-2.78739
181.65,-0.0254419,-2.78866
181.7,-0.0254502,-2.78994
181.75,-0.0254326,-2.79121
181.8,-0.0254432,-2.79248
181.85,-0.0254662,-2.79375
181.9,-0.0255094,-2.79503
181.95,-0.0255215,-2.7963
182.0,-0.0255593,-2.79758
182.05,-0.0255283,-2.79886
182.1,-0.0255469,-2.80014
182.15,-0.0255334,-2.80141
182.2,-0.0255302,-2.80269
182.25,-0.0255483,-2.80397
182.3,-0.0255481,-2.80524
182.35,-0.0255684,-2.80652
182.4,-0.0256115,-2.8078
182.45,-0.0256028,-2.80908
182.5,-0.0256327,-2.81036
182.55,-0.0256616,-2.81165
182.6,-0.0256545,-2.81293
182.65,-0.0256806,-2.81421
182.7,-0.0256694,-2.8155
182.75,-0.0256644,-2.81678
182.8,-0.0256688,-2.81806
182.85,-0.0256728,-2.81935
182.9,-0.0256879,-2.82063
182.95,-0.0257173,-2.82192
183.0,-0.025722,-2.8232
183.05,-0.0257636,-2.82449
183.1,-0.0257846,-2.82578
183.15,-0.0257913,-2.82707
183.2,-0.0258056,-2.82836
183.25,-0.0257903,-2.82965
183.3,-0.0258156,-2.83094
183.35,-0.0257955,-2.83223
183.4,-0.0257685,-2.83352
183.45,-0.0257669,-2.83481
183.5,-0.0257611,-2.8361
183.55,-0.0257604,-2.83738
183.6,-0.0257937,-2.83867
183.65,-0.0257834,-2.83996
183.7,-0.0258105,-2.84125
183.75,-0.0258085,-2.84254
183.8,-0.0258052,-2.84383
183.85,-0.0258381,-2.84513
183.9,-0.0258202,-2.84642
183.95,-0.0258298,-2.84771
184.0,-0.0258324,-2.849
184.05,-0.0258279,-2.85029
184.1,-0.0258556,-2.85158
184.15,-0.0258772,-2.85288
184.2,-0.0258871,-2.85417
184.25,-0.0259137,-2.85547
184.3,-0.0258842,-2.85676
184.35,-0.0258844,-2.85806
184.4,-0.0258775,-2.85935
184.45,-0.025891,-2.86065
184.5,-0.0259072,-2.86194
184.55,-0.0259155,-2.86324
184.6,-0.0259233,-2.86453
184.65,-0.0259596,-2.86583
184.7,-0.0259563,-2.86713
184.75,-0.0259722,-2.86843
184.8,-0.0259754,-2.86973
184.85,-0.02598,-2.87103
184.9,-0.0260075,-2.87233
184.95,-0.0259821,-2.87362
185.0,-0.0259857,-2.87492
185.05,-0.026013,-2.87622
185.1,-0.0260224,-2.87753
185.15,-0.0260425,-2.87883
185.2,-0.0260552,-2.88013
185.25,-0.0260312,-2.88143
185.3,-0.0260534,-2.88274
185.35,-0.0260315,-2.88404
185.4,-0.0260196,-2.88534
185.45,-0.0260206,-2.88664
185.5,-0.0260192,-2.88794
185.55,-0.0260292,-2.88924
185.6,-0.0260591,-2.89054
185.65,-0.0260723,-2.89185
185.7,-0.0260844,-2.89315
185.75,-0.0260762,-2.89446
185.8,-0.0260985,-2.89576
185.85,-0.0261029,-2.89707
185.9,-0.0261059,-2.89837
185.95,-0.0261277,-2.89968
186.0,-0.026124,-2.90098
186.05,-0.0261325,-2.90229
186.1,-0.0261308,-2.9036
186.15,-0.0261168,-2.9049
186.2,-0.0261505,-2.90621
186.25,-0.0261557,-2.90752
186.3,-0.0261537,-2.90883
186.35,-0.0261791,-2.91013
186.4,-0.026176,-2.91144
186.45,-0.0261794,-2.91275
186.5,-0.0261917,-2.91406
186.55,-0.0262031,-2.91537
186.6,-0.0262202,-2.91668
186.65,-0.0262381,-2.91799
186.7,-0.0262336,-2.91931
186.75,-0.0262561,-2.92062
186.8,-0.0262586,-2.92193
186.85,-0.0262607,-2.92325
186.9,-0.0262649,-2.92456
186.95,-0.0262712,-2.92587
187.0,-0.0262815,-2.92719
187.05,-0.0262979,-2.9285
187.1,-0.0263038,-2.92982
187.15,-0.0263304,-2.93113
187.2,-0.0263222,-2.93245
187.25,-0.0263431,-2.93377
187.3,-0.0263408,-2.93508
187.35,-0.0263466,-2.9364
187.4,-0.0263568,-2.93772
187.45,-0.0263608,-2.93904
187.5,-0.0263655,-2.94035
187.55,-0.0263763,-2.94167
187.6,-0.0263893,-2.94299
187.65,-0.0264112,-2.94431
187.7,-0.02641,-2.94563
187.75,-0.026404,-2.94695
187.8,-0.0264152,-2.94827
187.85,-0.0264248,-2.9496
187.9,-0.0264311,-2.95092
187.95,-0.0264644,-2.95224
188.0,-0.0264598,-2.95356
188.05,-0.026463,-2.95489
188.1,-0.0264932,-2.95621
188.15,-0.0264707,-2.95754
188.2,-0.0264761,-2.95886
188.25,-0.0264934,-2.96018
188.3,-0.0265009,-2.96151
188.35,-0.0265061,-2.96283
188.4,-0.0265359,-2.96416
188.45,-0.0265235,-2.96549
188.5,-0.0265654,-2.96682
188.55,-0.0265616,-2.96814
188.6,-0.0265595,-2.96947
188.65,-0.0265558,-2.9708
188.7,-0.0265583,-2.97213
188.75,-0.0265442,-2.97345
188.8,-0.0265584,-2.97478
188.85,-0.0265701,-2.97611
188.9,-0.0265752,-2.97744
188.95,-0.0265963,-2.97877
189.0,-0.0266141,-2.9801
189.05,-0.0266376,-2.98143
189.1,-0.0266216,-2.98276
189.15,-0.0266628,-2.9841
189.2,-0.026646,-2.98543
189.25,-0.0266401,-2.98676
189.3,-0.0266275,-2.98809
189.35,-0.0266332,-2.98942
189.4,-0.0266239,-2.99075
189.45,-0.0266479,-2.99209
189.5,-0.0266631,-2.99342
189.55,-0.0266976,-2.99476
189.6,-0.0267081,-2.99609
189.65,-0.0267277,-2.99743
189.7,-0.0267606,-2.99876
189.75,-0.0267429,-3.0001
189.8,-0.0267497,-3.00144
189.85,-0.026791,-3.00278
189.9,-0.0267853,-3.00412
189.95,-0.0268025,-3.00546
190.0,-0.026775,-3.0068
190.05,-0.0267716,-3.00814
190.1,-0.0267937,-3.00948
190.15,-0.0267974,-3.01082
190.2,-0.0268024,-3.01216
190.25,-0.0267872,-3.01349
190.3,-0.0268061,-3.01484
190.35,-0.0268025,-3.01618
190.4,-0.0268042,-3.01752
190.45,-0.0268228,-3.01886
190.5,-0.0268337,-3.0202
190.55,-0.026834,-3.02154
190.6,-0.0268446,-3.02288
190.65,-0.0268413,-3.02422
190.7,-0.0268458,-3.02557
190.75,-0.0268684,-3.02691
190.8,-0.026875,-3.02825
190.85,-0.0269078,-3.0296
190.9,-0.0269278,-3.03095
190.95,-0.026907,-3.03229
191.0,-0.0269166,-3.03364
191.05,-0.0269094,-3.03498
191.1,-0.0268999,-3.03633
191.15,-0.0269112,-3.03767
191.2,-0.0268912,-3.03902
191.25,-0.0269135,-3.04036
191.3,-0.0269135,-3.04171
191.35,-0.0269213,-3.04305
191.4,-0.0269454,-3.0444
191.45,-0.026969,-3.04575
191.5,-0.0269932,-3.0471
191.55,-0.0269997,-3.04845
191.6,-0.0270042,-3.0498
191.65,-0.0270093,-3.05115
191.7,-0.0269976,-3.0525
191.75,-0.0269965,-3.05385
191.8,-0.0270166,-3.0552
191.85,-0.0270016,-3.05655
191.9,-0.0270131,-3.0579
191.95,-0.0270241,-3.05925
192.0,-0.0270313,-3.0606
192.05,-0.0270738,-3.06196
192.1,-0.0270817,-3.06331
192.15,-0.0271207,-3.06467
192.2,-0.0271333,-3.06603
192.25,-0.0271247,-3.06738
192.3,-0.0271363,-3.06874
192.35,-0.0270912,-3.07009
192.4,-0.0271012,-3.07145
192.45,-0.0271138,-3.0728
192.5,-0.0271209,-3.07416
192.55,-0.0271554,-3.07552
192.6,-0.0271557,-3.07688
192.65,-0.0271834,-3.07823
192.7,-0.0271895,-3.07959
192.75,-0.02719,-3.08095
192.8,-0.0272037,-3.08231
192.85,-0.0271922,-3.08367
192.9,-0.0272142,-3.08503
192.95,-0.0272393,-3.0864
193.0,-0.0272436,-3.08776
193.05,-0.0272421,-3.08912
193.1,-0.0272564,-3.09048
193.15,-0.0272587,-3.09185
193.2,-0.0272681,-3.09321
193.25,-0.0272777,-3.09457
193.3,-0.0272887,-3.09594
193.35,-0.0273117,-3.0973
193.4,-0.0273142,-3.09867
193.45,-0.0273191,-3.10003
193.5,-0.0273278,-3.1014
193.55,-0.027339,-3.10277
193.6,-0.0273321,-3.10413
193.65,-0.0273591,-3.1055
193.7,-0.0273593,-3.10687
193.75,-0.0273724,-3.10824
193.8,-0.0273712,-3.10961
193.85,-0.0273773,-3.11098
193.9,-0.0273856,-3.11235
193.95,-0.0273947,-3.11372
194.0,-0.0273991,-3.11509
194.05,-0.0274208,-3.11646
194.1,-0.0274237,-3.11783
194.15,-0.0274412,-3.1192
194.2,-0.0274636,-3.12057
194.25,-0.0274544,-3.12195
194.3,-0.0274667,-3.12332
194.35,-0.0274502,-3.12469
194.4,-0.027467,-3.12607
194.45,-0.0274627,-3.12744
194.5,-0.0274761,-3.12881
194.55,-0.0274859,-3.13019
194.6,-0.0275081,-3.13156
194.65,-0.0275177,-3.13294
194.7,-0.0275345,-3.13431
194.75,-0.0275259,-3.13569
194.8,-0.0275583,-3.13707
194.85,-0.0275559,-3.13845
194.9,-0.0275632,-3.13982
194.95,-0.0275502,-3.1412
195.0,-0.0275615,-3.14258
195.05,-0.0275534,-3.14396
195.1,-0.0275798,-3.14534
195.15,-0.0275789,-3.14672
195.2,-0.027584,-3.14809
195.25,-0.0276072,-3.14948
195.3,-0.027618,-3.15086
195.35,-0.0276477,-3.15224
195.4,-0.0276583,-3.15362
195.45,-0.0276708,-3.155
195.5,-0.0276732,-3.15639
195.55,-0.027693,-3.15777
195.6,-0.027683,-3.15916
195.65,-0.0277024,-3.16054
195.7,-0.0277181,-3.16193
195.75,-0.02773,-3.16331
195.8,-0.0277228,-3.1647
195.85,-0.0277355,-3.16609
195.9,-0.027739,-3.16747
195.95,-0.027753,-3.16886
196.0,-0.0277796,-3.17025
196.05,-0.0277874,-3.17164
196.1,-0.0277972,-3.17303
196.15,-0.0278145,-3.17442
196.2,-0.0278282,-3.17581
196.25,-0.0278382,-3.1772
196.3,-0.0278465,-3.1786
196.35,-0.0278609,-3.17999
196.4,-0.0278779,-3.18138
196.45,-0.0278776,-3.18278
196.5,-0.0279075,-3.18417
196.55,-0.0279134,-3.18557
196.6,-0.0279212,-3.18696
196.65,-0.0279202,-3.18836
196.7,-0.0279229,-3.18976
196.75,-0.0279371,-3.19115
196.8,-0.0279232,-3.19255
196.85,-0.0279468,-3.19395
196.9,-0.0279388,-3.19534
196.95,-0.0279246,-3.19674
197.0,-0.0279315,-3.19814
197.05,-0.0279375,-3.19953
197.1,-0.0279562,-3.20093
197.15,-0.027957,-3.20233
197.2,-0.0279514,-3.20373
197.25,-0.0279602,-3.20513
197.3,-0.0279837,-3.20652
197.35,-0.0279994,-3.20792
197.4,-0.0280199,-3.20933
197.45,-0.0279977,-3.21073
197.5,-0.0280111,-3.21213
197.55,-0.0280089,-3.21353
197.6,-0.0280289,-3.21493
197.65,-0.0280215,-3.21633
197.7,-0.0280255,-3.21773
197.75,-0.0280322,-3.21913
197.8,-0.0280409,-3.22053
197.85,-0.0280471,-3.22194
197.9,-0.0280714,-3.22334
197.95,-0.0280725,-3.22474
198.0,-0.0280876,-3.22615
198.05,-0.0280946,-3.22755
198.1,-0.0280861,-3.22896
198.15,-0.0281053,-3.23036
198.2,-0.0280976,-3.23177
198.25,-0.0281172,-3.23317
198.3,-0.0281417,-3.23458
198.35,-0.0281411,-3.23599
198.4,-0.0281604,-3.23739
198.45,-0.028182,-3.2388
198.5,-0.0281733,-3.24021
198.55,-0.0282039,-3.24162
198.6,-0.0281929,-3.24303
198.65,-0.0282153,-3.24444
198.7,-0.028207,-3.24585
198.75,-0.0282081,-3.24726
198.8,-0.0282146,-3.24867
198.85,-0.0282199,-3.25009
198.9,-0.02822,-3.2515
198.95,-0.0282376,-3.25291
199.0,-0.0282539,-3.25432
199.05,-0.0282675,-3.25573
199.1,-0.0282781,-3.25715
199.15,-0.0282666,-3.25856
199.2,-0.0282724,-3.25998
199.25,-0.0282721,-3.26139
199.3,-0.0282838,-3.2628
199.35,-0.0283085,-3.26422
199.4,-0.0283147,-3.26563
199.45,-0.0283249,-3.26705
199.5,-0.0283308,-3.26847
199.55,-0.0283326,-3.26988
199.6,-0.0283511,-3.2713
199.65,-0.0283492,-3.27272
199.7,-0.0283435,-3.27414
199.75,-0.0283782,-3.27556
199.8,-0.0284124,-3.27698
199.85,-0.0284578,-3.2784
199.9,-0.028513,-3.27982
199.95,-0.0285204,-3.28125
200.0,-0.0285727,-3.28268
200.05,-0.0285475,-3.28411
200.1,-0.0285319,-3.28553
200.15,-0.0285083,-3.28696
200.2,-0.0285163,-3.28838
200.25,-0.0285242,-3.28981
200.3,-0.0285306,-3.29124
200.35,-0.0285132,-3.29266
200.4,-0.0285089,-3.29409
200.45,-0.0285216,-3.29551
200.5,-0.0285198,-3.29694
200.55,-0.0285211,-3.29837
200.6,-0.0285114,-3.29979
200.65,-0.0285426,-3.30122
200.7,-0.0285251,-3.30264
200.75,-0.0285418,-3.30407
200.8,-0.0285414,-3.3055
200.85,-0.0285537,-3.30693
200.9,-0.0285555,-3.30835
200.95,-0.0285529,-3.30978
201.0,-0.028542,-3.31121
201.05,-0.0285547,-3.31264
201.1,-0.0285552,-3.31406
201.15,-0.0285577,-3.31549
201.2,-0.0285766,-3.31692
201.25,-0.0285983,-3.31835
201.3,-0.0285868,-3.31978
201.35,-0.0286084,-3.32121
201.4,-0.0286023,-3.32264
201.45,-0.0286177,-3.32407
201.5,-0.0286187,-3.3255
201.55,-0.0286314,-3.32693
201.6,-0.0286594,-3.32837
201.65,-0.0286602,-3.3298
201.7,-0.0286584,-3.33123
201.75,-0.0286606,-3.33267
201.8,-0.028646,-3.3341
201.85,-0.0286711,-3.33553
201.9,-0.0286777,-3.33697
201.95,-0.0286878,-3.3384
202.0,-0.0286802,-3.33983
202.05,-0.0286899,-3.34127
202.1,-0.028677,-3.3427
202.15,-0.0286924,-3.34414
202.2,-0.0287129,-3.34557
202.25,-0.0287399,-3.34701
202.3,-0.0287488,-3.34845
202.35,-0.0287603,-3.34989
202.4,-0.0287704,-3.35132
202.45,-0.028781,-3.35276
202.5,-0.0288115,-3.3542
202.55,-0.0287671,-3.35564
202.6,-0.0287773,-3.35708
202.65,-0.0287896,-3.35852
202.7,-0.0287781,-3.35996
202.75,-0.0287989,-3.3614
202.8,-0.0288013,-3.36284
202.85,-0.0288104,-3.36428
202.9,-0.0288303,-3.36572
202.95,-0.0288321,-3.36716
203.0,-0.0288493,-3.36861
203.05,-0.0288533,-3.37005
203.1,-0.0288783,-3.37149
203.15,-0.028889,-3.37294
203.2,-0.028895,-3.37438
203.25,-0.0289078,-3.37583
203.3,-0.0289152,-3.37727
203.35,-0.0289185,-3.37872
203.4,-0.0289098,-3.38016
203.45,-0.0289148,-3.38161
203.5,-0.0289267,-3.38306
203.55,-0.0289353,-3.3845
203.6,-0.0289399,-3.38595
203.65,-0.0289459,-3.3874
203.7,-0.0289486,-3.38884
203.75,-0.0289765,-3.39029
203.8,-0.0289759,-3.39174
203.85,-0.0289854,-3.39319
203.9,-0.029008,-3.39464
203.95,-0.0290301,-3.39609
204.0,-0.0290353,-3.39755
204.05,-0.0290385,-3.399
204.1,-0.0290283,-3.40045
204.15,-0.0290311,-3.4019
204.2,-0.0290315,-3.40335
204.25,-0.0290363,-3.4048
204.3,-0.0290754,-3.40626
204.35,-0.0290759,-3.40771
204.4,-0.0290913,-3.40917
204.45,-0.0290956,-3.41062
204.5,-0.0290909,-3.41207
204.55,-0.0291053,-3.41353
204.6,-0.0291056,-3.41499
204.65,-0.0291057,-3.41644
204.7,-0.0291265,-3.4179
204.75,-0.0291248,-3.41935
204.8,-0.029112,-3.42081
204.85,-0.0291434,-3.42227
204.9,-0.0291678,-3.42372
204.95,-0.0292244,-3.42519
205.0,-0.0292252,-3.42665
205.05,-0.0292324,-3.42811
205.1,-0.0292275,-3.42957
205.15,-0.0292137,-3.43103
205.2,-0.0292296,-3.43249
205.25,-0.0292495,-3.43395
205.3,-0.0292845,-3.43542
205.35,-0.0293295,-3.43689
205.4,-0.0293019,-3.43835
205.45,-0.0293031,-3.43982
205.5,-0.0293622,-3.44128
205.55,-0.0294013,-3.44275
205.6,-0.029425,-3.44422
205.65,-0.0294533,-3.4457
205.7,-0.0294385,-3.44717
205.75,-0.0294384,-3.44864
205.8,-0.0294272,-3.45011
205.85,-0.0294491,-3.45159
205.9,-0.0294424,-3.45306
205.95,-0.0294507,-3.45453
206.0,-0.0294778,-3.456
206.05,-0.0294696,-3.45748
206.1,-0.0294808,-3.45895
206.15,-0.0294655,-3.46042
206.2,-0.0294515,-3.4619
206.25,-0.0294904,-3.46337
206.3,-0.0294811,-3.46485
206.35,-0.0294951,-3.46632
206.4,-0.0294952,-3.4678
206.45,-0.0294963,-3.46927
206.5,-0.0295049,-3.47075
206.55,-0.029505,-3.47222
206.6,-0.0295128,-3.4737
206.65,-0.0295178,-3.47517
206.7,-0.0295388,-3.47665
206.75,-0.0295376,-3.47813
206.8,-0.029574,-3.4796
206.85,-0.0295905,-3.48108
206.9,-0.0296096,-3.48256
206.95,-0.0296358,-3.48405
207.0,-0.0296608,-3.48553
207.05,-0.0296872,-3.48701
207.1,-0.0296938,-3.4885
207.15,-0.0296683,-3.48998
207.2,-0.0296966,-3.49147
207.25,-0.0296759,-3.49295
207.3,-0.0296828,-3.49443
207.35,-0.0297126,-3.49592
207.4,-0.0297213,-3.49741
207.45,-0.0297379,-3.49889
207.5,-0.029728,-3.50038
207.55,-0.0297171,-3.50187
207.6,-0.0297134,-3.50335
207.65,-0.0297105,-3.50484
207.7,-0.0297106,-3.50632
207.75,-0.0297386,-3.50781
207.8,-0.0297498,-3.5093
207.85,-0.0297882,-3.51079
207.9,-0.029777,-3.51227
207.95,-0.0297866,-3.51376
208.0,-0.0297822,-3.51525
208.05,-0.029775,-3.51674
208.1,-0.0297945,-3.51823
208.15,-0.0297993,-3.51972
208.2,-0.0298213,-3.52121
208.25,-0.0298436,-3.52271
208.3,-0.0298397,-3.5242
208.35,-0.0298624,-3.52569
208.4,-0.0298556,-3.52718
208.45,-0.0298365,-3.52867
208.5,-0.029845,-3.53017
208.55,-0.0298294,-3.53166
208.6,-0.029838,-3.53315
208.65,-0.029858,-3.53464
208.7,-0.0298734,-3.53614
208.75,-0.0298914,-3.53763
208.8,-0.0299185,-3.53913
208.85,-0.0299363,-3.54062
208.9,-0.0299414,-3.54212
208.95,-0.0299463,-3.54362
209.0,-0.0299521,-3.54512
209.05,-0.0299538,-3.54661
209.1,-0.029959,-3.54811
209.15,-0.0299733,-3.54961
209.2,-0.0299937,-3.55111
209.25,-0.0300049,-3.55261
209.3,-0.0300139,-3.55411
209.35,-0.0300286,-3.55561
209.4,-0.0300205,-3.55711
209.45,-0.0300379,-3.55862
209.5,-0.0300217,-3.56012
209.55,-0.0300295,-3.56162
209.6,-0.0300638,-3.56312
209.65,-0.0300636,-3.56462
209.7,-0.0300825,-3.56613
209.75,-0.0300835,-3.56763
209.8,-0.0300866,-3.56914
209.85,-0.0301045,-3.57064
209.9,-0.0301147,-3.57215
209.95,-0.030134,-3.57365
210.0,-0.0301491,-3.57516
210.05,-0.0301457,-3.57667
210.1,-0.0301751,-3.57818
210.15,-0.0301528,-3.57969
210.2,-0.0301657,-3.58119
210.25,-0.030179,-3.5827
210.3,-0.0301706,-3.58421
210.35,-0.0302006,-3.58572
210.4,-0.030198,-3.58723
210.45,-0.0301896,-3.58874
210.5,-0.0302037,-3.59025
210.55,-0.0302256,-3.59176
210.6,-0.0302355,-3.59327
210.65,-0.0302516,-3.59479
210.7,-0.030261,-3.5963
210.75,-0.0302731,-3.59781
210.8,-0.0302692,-3.59933
210.85,-0.0302935,-3.60084
210.9,-0.0303074,-3.60236
210.95,-0.0302978,-3.60387
211.0,-0.0303179,-3.60539
211.05,-0.0303272,-3.6069
211.1,-0.0303382,-3.60842
211.15,-0.0303458,-3.60994
211.2,-0.0303838,-3.61146
211.25,-0.030378,-3.61298
211.3,-0.0304019,-3.6145
211.35,-0.0304073,-3.61602
211.4,-0.0303852,-3.61754
211.45,-0.0304102,-3.61906
211.5,-0.0304257,-3.62058
211.55,-0.0304379,-3.6221
211.6,-0.0304405,-3.62362
211.65,-0.0304439,-3.62514
211.7,-0.0304536,-3.62667
211.75,-0.0304594,-3.62819
211.8,-0.030479,-3.62971
211.85,-0.0305012,-3.63124
211.9,-0.0305116,-3.63276
211.95,-0.0305438,-3.63429
212.0,-0.0305227,-3.63582
212.05,-0.0305125,-3.63734
212.1,-0.0305359,-3.63887
212.15,-0.0305362,-3.6404
212.2,-0.0305469,-3.64192
212.25,-0.0305677,-3.64345
212.3,-0.0305545,-3.64498
212.35,-0.0305826,-3.64651
212.4,-0.0305759,-3.64804
212.45,-0.0305737,-3.64957
212.5,-0.0305933,-3.6511
212.55,-0.0305797,-3.65263
212.6,-0.0305991,-3.65416
212.65,-0.0305913,-3.65569
212.7,-0.0306103,-3.65722
212.75,-0.0306354,-3.65875
212.8,-0.0306733,-3.66028
212.85,-0.0307044,-3.66182
212.9,-0.0307294,-3.66335
212.95,-0.0307168,-3.66489
213.0,-0.0306958,-3.66642
213.05,-0.0306782,-3.66796
213.1,-0.030697,-3.66949
213.15,-0.03072,-3.67103
213.2,-0.0307116,-3.67256
213.25,-0.0307269,-3.6741
213.3,-0.0307434,-3.67564
213.35,-0.0307443,-3.67717
213.4,-0.0307782,-3.67871
213.45,-0.0307884,-3.68025
213.5,-0.0307813,-3.68179
213.55,-0.0308257,-3.68333
213.6,-0.0308004,-3.68487
213.65,-0.0307965,-3.68641
213.7,-0.0307961,-3.68795
213.75,-0.0307996,-3.68949
213.8,-0.0308463,-3.69104
213.85,-0.0308496,-3.69258
213.9,-0.0308679,-3.69412
213.95,-0.0308886,-3.69567
214.0,-0.0308708,-3.69721
214.05,-0.0308785,-3.69875
214.1,-0.0308939,-3.7003
214.15,-0.0308686,-3.70184
214.2,-0.0308896,-3.70339
214.25,-0.0309077,-3.70493
214.3,-0.0309107,-3.70648
214.35,-0.0309592,-3.70802
214.4,-0.0309578,-3.70957
214.45,-0.0309732,-3.71112
214.5,-0.0309784,-3.71267
214.55,-0.0309639,-3.71422
214.6,-0.0309646,-3.71577
214.65,-0.0309554,-3.71731
214.7,-0.0309729,-3.71886
214.75,-0.030995,-3.72041
214.8,-0.0310019,-3.72196
214.85,-0.0310313,-3.72351
214.9,-0.0310437,-3.72507
214.95,-0.0310437,-3.72662
215.0,-0.0310637,-3.72817
215.05,-0.0310522,-3.72972
215.1,-0.031067,-3.73128
215.15,-0.0310602,-3.73283
215.2,-0.031053,-3.73438
215.25,-0.03106,-3.73594
215.3,-0.0310956,-3.73749
215.35,-0.031102,-3.73905
215.4,-0.0311429,-3.7406
215.45,-0.03114,-3.74216
215.5,-0.0311633,-3.74372
215.55,-0.0311535,-3.74528
215.6,-0.0311566,-3.74683
215.65,-0.0311628,-3.74839
215.7,-0.0311657,-3.74995
215.75,-0.0311929,-3.75151
215.8,-0.0312224,-3.75307
215.85,-0.0312555,-3.75463
215.9,-0.0312656,-3.7562
215.95,-0.0312892,-3.75776
216.0,-0.0312793,-3.75933
216.05,-0.0312844,-3.76089
216.1,-0.0312757,-3.76245
216.15,-0.0312909,-3.76402
216.2,-0.0312665,-3.76558
216.25,-0.0312701,-3.76715
216.3,-0.0313074,-3.76871
216.35,-0.0313352,-3.77028
216.4,-0.0313388,-3.77184
216.45,-0.0313732,-3.77341
216.5,-0.0313528,-3.77498
216.55,-0.0313681,-3.77655
216.6,-0.0313549,-3.77812
216.65,-0.0313641,-3.77968
216.7,-0.0313584,-3.78125
216.75,-0.0313768,-3.78282
216.8,-0.0313879,-3.78439
216.85,-0.0314212,-3.78596
216.9,-0.0314306,-3.78753
216.95,-0.0314618,-3.78911
217.0,-0.0314647,-3.79068
217.05,-0.0314632,-3.79225
217.1,-0.0314787,-3.79383
217.15,-0.0314957,-3.7954
217.2,-0.0315014,-3.79698
217.25,-0.0315229,-3.79855
217.3,-0.0315233,-3.80013
217.35,-0.0315293,-3.80171
217.4,-0.0315374,-3.80328
217.45,-0.0315352,-3.80486
217.5,-0.0315449,-3.80644
217.55,-0.0315522,-3.80801
217.6,-0.0315695,-3.80959
217.65,-0.0315878,-3.81117
217.7,-0.0316065,-3.81275
217.75,-0.0316325,-3.81433
217.8,-0.031673,-3.81592
217.85,-0.0316745,-3.8175
217.9,-0.0317163,-3.81909
217.95,-0.0316849,-3.82067
218.0,-0.0316631,-3.82225
218.05,-0.0316637,-3.82384
218.1,-0.0316652,-3.82542
218.15,-0.0316639,-3.827
218.2,-0.0316864,-3.82859
218.25,-0.0316954,-3.83017
218.3,-0.0317235,-3.83176
218.35,-0.0317199,-3.83335
218.4,-0.0317294,-3.83493
218.45,-0.0317346,-3.83652
218.5,-0.0317414,-3.83811
218.55,-0.031754,-3.83969
218.6,-0.031737,-3.84128
218.65,-0.0317608,-3.84287
218.7,-0.0317699,-3.84446
218.75,-0.031793,-3.84605
218.8,-0.0317959,-3.84764
218.85,-0.0318146,-3.84923
218.9,-0.031808,-3.85082
218.95,-0.0318162,-3.85241
219.0,-0.0318149,-3.854
219.05,-0.0318155,-3.85559
219.1,-0.0318401,-3.85718
219.15,-0.0318351,-3.85877
219.2,-0.0318434,-3.86037
219.25,-0.031864,-3.86196
219.3,-0.0318605,-3.86355
219.35,-0.031862,-3.86514
219.4,-0.0318794,-3.86674
219.45,-0.0318918,-3.86833
219.5,-0.0319311,-3.86993
219.55,-0.0319332,-3.87153
219.6,-0.0319595,-3.87312
219.65,-0.0319614,-3.87472
219.7,-0.0319787,-3.87632
219.75,-0.0319904,-3.87792
219.8,-0.0319853,-3.87952
219.85,-0.0320021,-3.88112
219.9,-0.031995,-3.88272
219.95,-0.0319915,-3.88432
220.0,-0.0320081,-3.88592
220.05,-0.0320187,-3.88752
220.1,-0.0320165,-3.88912
220.15,-0.0320421,-3.89072
220.2,-0.0320563,-3.89233
220.25,-0.0320548,-3.89393
220.3,-0.0320649,-3.89553
220.35,-0.0320624,-3.89714
220.4,-0.0320605,-3.89874
220.45,-0.0320707,-3.90034
220.5,-0.0320755,-3.90195
220.55,-0.032094,-3.90355
220.6,-0.032113,-3.90516
220.65,-0.0321096,-3.90676
220.7,-0.0321387,-3.90837
220.75,-0.0321259,-3.90998
220.8,-0.0321387,-3.91158
220.85,-0.0321456,-3.91319
220.9,-0.0321416,-3.9148
220.95,-0.032155,-3.9164
221.0,-0.0321466,-3.91801
221.05,-0.0321563,-3.91962
221.1,-0.0322018,-3.92123
221.15,-0.0321849,-3.92284
221.2,-0.0322082,-3.92445
221.25,-0.0322152,-3.92606
221.3,-0.032215,-3.92767
221.35,-0.0322633,-3.92928
221.4,-0.0322414,-3.9309
221.45,-0.0322455,-3.93251
221.5,-0.0322482,-3.93412
221.55,-0.0322585,-3.93573
221.6,-0.0322569,-3.93735
221.65,-0.0322428,-3.93896
221.7,-0.032236,-3.94057
221.75,-0.0322578,-3.94218
221.8,-0.0322433,-3.9438
221.85,-0.0322498,-3.94541
221.9,-0.0322679,-3.94702
221.95,-0.032274,-3.94864
222.0,-0.0322869,-3.95025
222.05,-0.0322805,-3.95186
222.1,-0.032288,-3.95348
222.15,-0.0322819,-3.95509
222.2,-0.0322992,-3.95671
222.25,-0.0323201,-3.95832
222.3,-0.0323362,-3.95994
222.35,-0.0323287,-3.96156
222.4,-0.0323514,-3.96317
222.45,-0.0323419,-3.96479
222.5,-0.0323523,-3.96641
222.55,-0.0323585,-3.96803
222.6,-0.0323608,-3.96964
222.65,-0.0323859,-3.97126
222.7,-0.032397,-3.97288
222.75,-0.0323874,-3.9745
222.8,-0.0323985,-3.97612
222.85,-0.0324002,-3.97774
222.9,-0.0324218,-3.97936
222.95,-0.0324583,-3.98099
223.0,-0.0324336,-3.98261
223.05,-0.0324569,-3.98423
223.1,-0.0324482,-3.98585
223.15,-0.0324504,-3.98748
223.2,-0.032456,-3.9891
223.25,-0.0324562,-3.99072
223.3,-0.0324731,-3.99235
223.35,-0.0324936,-3.99397
223.4,-0.0325007,-3.9956
223.45,-0.0325049,-3.99722
223.5,-0.032489,-3.99885
223.55,-0.0325105,-4.00047
223.6,-0.0325241,-4.0021
223.65,-0.0325106,-4.00372
223.7,-0.0325128,-4.00535
223.75,-0.0325125,-4.00697
223.8,-0.0325197,-4.0086
223.85,-0.0325428,-4.01023
223.9,-0.0325609,-4.01185
223.95,-0.0325601,-4.01348
224.0,-0.0325829,-4.01511
224.05,-0.032576,-4.01674
224.1,-0.0325849,-4.01837
224.15,-0.0325571,-4.02
224.2,-0.03257,-4.02163
224.25,-0.0325834,-4.02326
224.3,-0.0325974,-4.02489
224.35,-0.0326072,-4.02652
224.4,-0.0326164,-4.02815
224.45,-0.0325909,-4.02978
224.5,-0.0326016,-4.03141
224.55,-0.0326046,-4.03304
224.6,-0.0326039,-4.03467
224.65,-0.0326302,-4.0363
224.7,-0.0326277,-4.03793
224.75,-0.0326119,-4.03956
224.8,-0.0326237,-4.04119
224.85,-0.0326225,-4.04282
224.9,-0.0326314,-4.04445
224.95,-0.0326392,-4.04609
225.0,-0.0326436,-4.04772
225.05,-0.0326572,-4.04935
225.1,-0.0326603,-4.05098
225.15,-0.0326676,-4.05262
225.2,-0.0326542,-4.05425
225.25,-0.0326864,-4.05588
225.3,-0.0326859,-4.05752
225.35,-0.0326849,-4.05915
225.4,-0.0326888,-4.06079
225.45,-0.032709,-4.06242
225.5,-0.0326992,-4.06406
225.55,-0.0327116,-4.06569
225.6,-0.0327083,-4.06733
225.65,-0.0327224,-4.06896
225.7,-0.0327227,-4.0706
225.75,-0.0327172,-4.07224
225.8,-0.0327282,-4.07387
225.85,-0.0327375,-4.07551
225.9,-0.0327334,-4.07715
225.95,-0.0327547,-4.07878
226.0,-0.0327633,-4.08042
226.05,-0.0327602,-4.08206
226.1,-0.0327699,-4.0837
226.15,-0.0327703,-4.08534
226.2,-0.0327747,-4.08698
226.25,-0.0327967,-4.08862
226.3,-0.0328073,-4.09026
226.35,-0.0328108,-4.0919
226.4,-0.0328346,-4.09354
226.45,-0.0328294,-4.09518
226.5,-0.0328233,-4.09682
226.55,-0.0328387,-4.09846
226.6,-0.0328371,-4.10011
226.65,-0.0328616,-4.10175
226.7,-0.0328566,-4.10339
226.75,-0.0328623,-4.10503
226.8,-0.0328697,-4.10668
226.85,-0.0328504,-4.10832
226.9,-0.0328728,-4.10996
226.95,-0.0328723,-4.11161
227.0,-0.0328802,-4.11325
227.05,-0.0328791,-4.1149
227.1,-0.0328897,-4.11654
227.15,-0.0329091,-4.11819
227.2,-0.0329382,-4.11983
227.25,-0.0329322,-4.12148
227.3,-0.0329443,-4.12313
227.35,-0.0329506,-4.12477
227.4,-0.0329558,-4.12642
227.45,-0.0329361,-4.12807
227.5,-0.0329409,-4.12972
227.55,-0.0329317,-4.13136
227.6,-0.0329527,-4.13301
227.65,-0.0329631,-4.13466
227.7,-0.0329885,-4.13631
227.75,-0.0329953,-4.13796
227.8,-0.033012,-4.13961
227.85,-0.0330102,-4.14126
227.9,-0.0329987,-4.14291
227.95,-0.0330142,-4.14456
228.0,-0.0330185,-4.14621
228.05,-0.0330226,-4.14786
228.1,-0.033028,-4.14951
228.15,-0.0330236,-4.15116
228.2,-0.0330303,-4.15281
228.25,-0.0330597,-4.15447
228.3,-0.0330431,-4.15612
228.35,-0.0330546,-4.15777
228.4,-0.0330665,-4.15943
228.45,-0.033059,-4.16108
228.5,-0.0330744,-4.16273
228.55,-0.0330981,-4.16439
228.6,-0.0330793,-4.16604
228.65,-0.0331318,-4.1677
228.7,-0.0331402,-4.16936
228.75,-0.0331354,-4.17101
228.8,-0.0331455,-4.17267
228.85,-0.033127,-4.17433
228.9,-0.0331542,-4.17598
228.95,-0.0331643,-4.17764
229.0,-0.0331662,-4.1793
229.05,-0.0331777,-4.18096
229.1,-0.0331812,-4.18262
229.15,-0.0331992,-4.18428
229.2,-0.0332223,-4.18594
229.25,-0.0332263,-4.1876
229.3,-0.033275,-4.18926
229.35,-0.0332424,-4.19093
229.4,-0.0332471,-4.19259
229.45,-0.0332492,-4.19425
229.5,-0.0332384,-4.19591
229.55,-0.0332618,-4.19758
229.6,-0.0332696,-4.19924
229.65,-0.0332832,-4.2009
229.7,-0.033318,-4.20257
229.75,-0.0332898,-4.20423
229.8,-0.0333036,-4.2059
229.85,-0.0333205,-4.20757
229.9,-0.0333063,-4.20923
229.95,-0.0333346,-4.2109
230.0,-0.0333314,-4.21256
230.05,-0.0333395,-4.21423
230.1,-0.0333653,-4.2159
230.15,-0.0333747,-4.21757
230.2,-0.033401,-4.21924
230.25,-0.0334277,-4.22091
230.3,-0.0334223,-4.22258
230.35,-0.0334491,-4.22425
230.4,-0.0334518,-4.22593
230.45,-0.0334537,-4.2276
230.5,-0.0334803,-4.22927
230.55,-0.0334701,-4.23095
230.6,-0.033478,-4.23262
230.65,-0.0334661,-4.23429
230.7,-0.0334747,-4.23597
230.75,-0.0334927,-4.23764
230.8,-0.0334899,-4.23932
230.85,-0.0335416,-4.24099
230.9,-0.0335862,-4.24267
230.95,-0.0335883,-4.24435
231.0,-0.0336236,-4.24603
231.05,-0.0336217,-4.24771
231.1,-0.0336147,-4.24939
231.15,-0.0336269,-4.25108
231.2,-0.0336045,-4.25276
231.25,-0.0336461,-4.25444
231.3,-0.0336614,-4.25612
231.35,-0.0336546,-4.2578
231.4,-0.0336814,-4.25949
231.45,-0.0336768,-4.26117
231.5,-0.0336793,-4.26286
231.55,-0.0337065,-4.26454
231.6,-0.0336886,-4.26623
231.65,-0.0337122,-4.26791
231.7,-0.0337061,-4.2696
231.75,-0.0337015,-4.27128
231.8,-0.03372,-4.27297
231.85,-0.0337315,-4.27465
231.9,-0.0337528,-4.27634
231.95,-0.0337461,-4.27803
232.0,-0.0337634,-4.27972
232.05,-0.033785,-4.28141
232.1,-0.0337978,-4.2831
232.15,-0.0337987,-4.28479
232.2,-0.0338013,-4.28648
232.25,-0.0338078,-4.28817
232.3,-0.0338162,-4.28986
232.35,-0.0338326,-4.29155
232.4,-0.0338397,-4.29324
232.45,-0.0338496,-4.29493
232.5,-0.0338405,-4.29663
232.55,-0.0338607,-4.29832
232.6,-0.0338871,-4.30001
232.65,-0.0338832,-4.30171
232.7,-0.0338941,-4.3034
232.75,-0.0339032,-4.3051
232.8,-0.0339013,-4.30679
232.85,-0.0339144,-4.30849
232.9,-0.0339296,-4.31018
232.95,-0.0339419,-4.31188
233.0,-0.0339701,-4.31358
233.05,-0.0339723,-4.31528
233.1,-0.0339865,-4.31698
233.15,-0.0339939,-4.31868
233.2,-0.0339959,-4.32038
233.25,-0.0339989,-4.32208
233.3,-0.0340061,-4.32378
233.35,-0.0340101,-4.32548
233.4,-0.0340163,-4.32718
233.45,-0.0340236,-4.32888
233.5,-0.0340446,-4.33058
233.55,-0.0340416,-4.33228
233.6,-0.0340518,-4.33399
233.65,-0.0340669,-4.33569
233.7,-0.0340752,-4.33739
233.75,-0.0340875,-4.3391
233.8,-0.034106,-4.3408
233.85,-0.0341171,-4.34251
233.9,-0.0341423,-4.34422
233.95,-0.0341276,-4.34592
234.0,-0.034149,-4.34763
234.05,-0.0341474,-4.34934
234.1,-0.0341328,-4.35104
234.15,-0.0341354,-4.35275
234.2,-0.0341503,-4.35446
234.25,-0.0341644,-4.35617
234.3,-0.0341789,-4.35788
234.35,-0.0342008,-4.35959
234.4,-0.0341991,-4.3613
234.45,-0.0342136,-4.36301
234.5,-0.0342092,-4.36472
234.55,-0.034221,-4.36643
234.6,-0.0342386,-4.36814
234.65,-0.0342548,-4.36985
234.7,-0.0342461,-4.37157
234.75,-0.0342645,-4.37328
234.8,-0.0342668,-4.37499
234.85,-0.0342802,-4.37671
234.9,-0.0342864,-4.37842
234.95,-0.0343188,-4.38014
235.0,-0.0343296,-4.38185
235.05,-0.0343305,-4.38357
235.1,-0.0343545,-4.38529
235.15,-0.0343943,-4.38701
235.2,-0.0344201,-4.38873
235.25,-0.0344683,-4.39045
235.3,-0.0344754,-4.39217
235.35,-0.0344719,-4.3939
235.4,-0.0344941,-4.39562
235.45,-0.034504,-4.39735
235.5,-0.0345321,-4.39908
235.55,-0.0345467,-4.4008
235.6,-0.0345662,-4.40253
235.65,-0.0345775,-4.40426
235.7,-0.034583,-4.40599
235.75,-0.034591,-4.40772
235.8,-0.0346107,-4.40945
235.85,-0.0346066,-4.41118
235.9,-0.034614,-4.41291
235.95,-0.0346071,-4.41464
236.0,-0.0346204,-4.41637
236.05,-0.0346271,-4.4181
236.1,-0.0346594,-4.41984
236.15,-0.0346702,-4.42157
236.2,-0.0347099,-4.4233
236.25,-0.0347076,-4.42504
236.3,-0.0347154,-4.42678
236.35,-0.0346194,-4.42851
236.4,-0.0346053,-4.43024
236.45,-0.0346107,-4.43197
236.5,-0.0346079,-4.4337
236.55,-0.0346132,-4.43543
236.6,-0.0346293,-4.43716
236.65,-0.0346342,-4.43889
236.7,-0.034667,-4.44063
236.75,-0.0346835,-4.44236
236.8,-0.0346678,-4.44409
236.85,-0.0346783,-4.44583
236.9,-0.0346762,-4.44756
236.95,-0.0346899,-4.4493
237.0,-0.0347135,-4.45103
237.05,-0.0346847,-4.45276
237.1,-0.034711,-4.4545
237.15,-0.0347201,-4.45624
237.2,-0.0347341,-4.45797
237.25,-0.0347448,-4.45971
237.3,-0.0347319,-4.46145
237.35,-0.0347327,-4.46318
237.4,-0.0347429,-4.46492
237.45,-0.0347483,-4.46666
237.5,-0.0347511,-4.4684
237.55,-0.0347557,-4.47013
237.6,-0.0347556,-4.47187
237.65,-0.0347711,-4.47361
237.7,-0.0347793,-4.47535
237.75,-0.0348159,-4.47709
237.8,-0.0348053,-4.47883
237.85,-0.0348219,-4.48057
237.9,-0.0348363,-4.48231
237.95,-0.0348221,-4.48405
238.0,-0.0348229,-4.4858
238.05,-0.0348336,-4.48754
238.1,-0.0348425,-4.48928
238.15,-0.0348648,-4.49102
238.2,-0.0348628,-4.49276
238.25,-0.0348622,-4.49451
238.3,-0.0348691,-4.49625
238.35,-0.0348665,-4.49799
238.4,-0.0348687,-4.49974
238.45,-0.0348671,-4.50148
238.5,-0.0348588,-4.50322
238.55,-0.0348781,-4.50497
238.6,-0.034885,-4.50671
238.65,-0.0348668,-4.50846
238.7,-0.0348966,-4.5102
238.75,-0.0348988,-4.51195
238.8,-0.0349218,-4.51369
238.85,-0.0349118,-4.51544
238.9,-0.0349339,-4.51718
238.95,-0.034923,-4.51893
239.0,-0.0349158,-4.52068
239.05,-0.0349223,-4.52242
239.1,-0.0349203,-4.52417
239.15,-0.034921,-4.52591
239.2,-0.0349371,-4.52766
239.25,-0.034952,-4.52941
239.3,-0.0349419,-4.53116
239.35,-0.0349515,-4.5329
239.4,-0.0349393,-4.53465
239.45,-0.0349428,-4.5364
239.5,-0.0349644,-4.53815
239.55,-0.0349642,-4.53989
239.6,-0.0349713,-4.54164
239.65,-0.0349911,-4.54339
239.7,-0.0349986,-4.54514
239.75,-0.0350063,-4.54689
239.8,-0.0349901,-4.54864
239.85,-0.0350005,-4.55039
239.9,-0.0350086,-4.55214
239.95,-0.035005,-4.55389
240.0,-0.0350339,-4.55564
240.05,-0.0350406,-4.5574
240.1,-0.035045,-4.55915
240.15,-0.0350585,-4.5609
240.2,-0.0350467,-4.56265
240.25,-0.0350527,-4.56441
240.3,-0.0350519,-4.56616
240.35,-0.035051,-4.56791
240.4,-0.0350702,-4.56967
240.45,-0.0350777,-4.57142
240.5,-0.0350854,-4.57317
240.55,-0.0350889,-4.57493
240.6,-0.0350889,-4.57668
240.65,-0.0351222,-4.57844
240.7,-0.0351174,-4.58019
240.75,-0.0351372,-4.58195
240.8,-0.0351429,-4.58371
240.85,-0.035151,-4.58547
240.9,-0.0351518,-4.58722
240.95,-0.0351412,-4.58898
241.0,-0.0351364,-4.59074
241.05,-0.0351491,-4.59249
241.1,-0.0351516,-4.59425
241.15,-0.0351609,-4.59601
241.2,-0.035175,-4.59777
241.25,-0.0352026,-4.59953
241.3,-0.0352041,-4.60129
241.35,-0.0352211,-4.60305
241.4,-0.0352368,-4.60481
241.45,-0.0352327,-4.60657
241.5,-0.0352431,-4.60834
241.55,-0.0352474,-4.6101
241.6,-0.0352677,-4.61186
241.65,-0.0352615,-4.61363
241.7,-0.035266,-4.61539
241.75,-0.0352668,-4.61715
241.8,-0.0352677,-4.61892
241.85,-0.0352797,-4.62068
241.9,-0.0352906,-4.62244
241.95,-0.0353,-4.62421
242.0,-0.0353138,-4.62597
242.05,-0.0353101,-4.62774
242.1,-0.0353174,-4.62951
242.15,-0.0353292,-4.63127
242.2,-0.0353284,-4.63304
242.25,-0.0353383,-4.63481
242.3,-0.0353371,-4.63657
242.35,-0.0353367,-4.63834
242.4,-0.0353266,-4.64011
242.45,-0.0353368,-4.64187
242.5,-0.0353487,-4.64364
242.55,-0.0353598,-4.64541
242.6,-0.0353777,-4.64718
242.65,-0.0353778,-4.64895
242.7,-0.0353932,-4.65071
242.75,-0.0353801,-4.65248
242.8,-0.035383,-4.65425
242.85,-0.0353916,-4.65602
242.9,-0.0353995,-4.65779
242.95,-0.0354054,-4.65956
243.0,-0.0354039,-4.66133
243.05,-0.0354053,-4.6631
243.1,-0.0354045,-4.66487
243.15,-0.035413,-4.66664
243.2,-0.035413,-4.66842
243.25,-0.0354324,-4.67019
243.3,-0.0354507,-4.67196
243.35,-0.0354533,-4.67373
243.4,-0.0354436,-4.6755
243.45,-0.0354583,-4.67728
243.5,-0.0354554,-4.67905
243.55,-0.0354628,-4.68082
243.6,-0.0354668,-4.6826
243.65,-0.0354755,-4.68437
243.7,-0.0355005,-4.68614
243.75,-0.0355114,-4.68792
243.8,-0.0355232,-4.6897
243.85,-0.0355503,-4.69147
243.9,-0.0355592,-4.69325
243.95,-0.0355673,-4.69503
244.0,-0.0355809,-4.69681
244.05,-0.0355559,-4.69859
244.1,-0.0355502,-4.70037
244.15,-0.0355523,-4.70214
244.2,-0.0355534,-4.70392
244.25,-0.0355737,-4.7057
244.3,-0.0355782,-4.70748
244.35,-0.035583,-4.70926
244.4,-0.0356,-4.71104
244.45,-0.0355966,-4.71282
244.5,-0.0356131,-4.7146
244.55,-0.0356197,-4.71638
244.6,-0.035659,-4.71816
244.65,-0.035668,-4.71994
244.7,-0.0356635,-4.72173
244.75,-0.0356825,-4.72351
244.8,-0.0356667,-4.7253
244.85,-0.0356337,-4.72708
244.9,-0.0356548,-4.72886
244.95,-0.0356477,-4.73064
245.0,-0.0356613,-4.73243
245.05,-0.0356757,-4.73421
245.1,-0.0357014,-4.73599
245.15,-0.0356997,-4.73778
245.2,-0.0357211,-4.73957
245.25,-0.0357265,-4.74135
245.3,-0.0357575,-4.74314
245.35,-0.0357624,-4.74493
245.4,-0.0357636,-4.74672
245.45,-0.0357763,-4.7485
245.5,-0.0357726,-4.75029
245.55,-0.0357666,-4.75208
245.6,-0.03578,-4.75387
245.65,-0.0357873,-4.75566
245.7,-0.0358188,-4.75745
245.75,-0.0358227,-4.75924
245.8,-0.0358284,-4.76103
245.85,-0.0358502,-4.76283
245.9,-0.0358626,-4.76462
245.95,-0.0358697,-4.76641
246.0,-0.0358573,-4.76821
246.05,-0.0358581,-4.77
246.1,-0.0358808,-4.77179
246.15,-0.0358779,-4.77359
246.2,-0.0358965,-4.77538
246.25,-0.0359099,-4.77718
246.3,-0.035934,-4.77897
246.35,-0.0359588,-4.78077
246.4,-0.0359428,-4.78257
246.45,-0.0359498,-4.78437
246.5,-0.0359486,-4.78616
246.55,-0.0359603,-4.78796
246.6,-0.0359744,-4.78976
246.65,-0.0359855,-4.79156
246.7,-0.0360052,-4.79336
246.75,-0.036005,-4.79516
246.8,-0.0360171,-4.79696
246.85,-0.036018,-4.79876
246.9,-0.0360309,-4.80056
246.95,-0.0360327,-4.80236
247.0,-0.0360491,-4.80417
247.05,-0.0360705,-4.80597
247.1,-0.0360706,-4.80777
247.15,-0.0360796,-4.80958
247.2,-0.0361056,-4.81138
247.25,-0.0361175,-4.81319
247.3,-0.036132,-4.815
247.35,-0.0361453,-4.8168
247.4,-0.0361433,-4.81861
247.45,-0.0361447,-4.82042
247.5,-0.0361591,-4.82223
247.55,-0.036169,-4.82403
247.6,-0.0361891,-4.82584
247.65,-0.0362079,-4.82765
247.7,-0.0362037,-4.82946
247.75,-0.0362165,-4.83127
247.8,-0.0362218,-4.83309
247.85,-0.0362275,-4.8349
247.9,-0.0362445,-4.83671
247.95,-0.0362723,-4.83852
248.0,-0.0362782,-4.84034
248.05,-0.0362826,-4.84215
248.1,-0.0362936,-4.84397
248.15,-0.0363037,-4.84578
248.2,-0.0363121,-4.8476
248.25,-0.0363203,-4.84941
248.3,-0.03634,-4.85123
248.35,-0.0363515,-4.85305
248.4,-0.0363715,-4.85487
248.45,-0.036377,-4.85668
248.5,-0.0363993,-4.8585
248.55,-0.0364081,-4.86032
248.6,-0.0364344,-4.86215
248.65,-0.0364344,-4.86397
248.7,-0.0364404,-4.86579
248.75,-0.0364451,-4.86761
248.8,-0.0364485,-4.86944
248.85,-0.0364676,-4.87126
248.9,-0.0364832,-4.87308
248.95,-0.0364771,-4.87491
249.0,-0.0364869,-4.87673
249.05,-0.0364943,-4.87856
249.1,-0.0365221,-4.88038
249.15,-0.0365405,-4.88221
249.2,-0.0365479,-4.88404
249.25,-0.0365555,-4.88586
249.3,-0.0365511,-4.88769
249.35,-0.0365715,-4.88952
249.4,-0.0365849,-4.89135
249.45,-0.0365868,-4.89318
249.5,-0.0365936,-4.89501
249.55,-0.0366031,-4.89684
249.6,-0.0366219,-4.89867
249.65,-0.0366272,-4.9005
249.7,-0.0366296,-4.90233
249.75,-0.0366399,-4.90416
249.8,-0.0366456,-4.906
249.85,-0.0366513,-4.90783
249.9,-0.036665,-4.90966
249.95,-0.0366728,-4.9115
250.0,-0.0366915,-4.91333
250.05,-0.0366967,-4.91517
250.1,-0.0367059,-4.917
250.15,-0.0367198,-4.91884
250.2,-0.0367236,-4.92067
250.25,-0.0367173,-4.92251
250.3,-0.0367285,-4.92435
250.35,-0.0367436,-4.92618
250.4,-0.036759,-4.92802
250.45,-0.036767,-4.92986
250.5,-0.0367849,-4.9317
250.55,-0.0368045,-4.93354
250.6,-0.0368086,-4.93538
250.65,-0.0368202,-4.93722
250.7,-0.0368278,-4.93906
250.75,-0.0368291,-4.9409
250.8,-0.0368318,-4.94274
250.85,-0.0368309,-4.94459
250.9,-0.0368394,-4.94643
250.95,-0.0368662,-4.94827
251.0,-0.0368682,-4.95011
251.05,-0.0368758,-4.95196
251.1,-0.0368832,-4.9538
251.15,-0.0368885,-4.95565
251.2,-0.0368996,-4.95749
251.25,-0.0369137,-4.95934
251.3,-0.0369306,-4.96118
251.35,-0.0369471,-4.96303
251.4,-0.0369464,-4.96488
251.45,-0.036946,-4.96673
251.5,-0.0369485,-4.96857
251.55,-0.0369672,-4.97042
251.6,-0.0369822,-4.97227
251.65,-0.0369781,-4.97412
251.7,-0.0369885,-4.97597
251.75,-0.0369896,-4.97782
251.8,-0.0369929,-4.97967
251.85,-0.0369941,-4.98152
251.9,-0.0370101,-4.98337
251.95,-0.0370267,-4.98522
252.0,-0.0370382,-4.98707
252.05,-0.037047,-4.98892
252.1,-0.0370693,-4.99078
252.15,-0.0370703,-4.99263
252.2,-0.0370853,-4.99449
252.25,-0.0370883,-4.99634
252.3,-0.0370785,-4.99819
252.35,-0.0370846,-5.00005
252.4,-0.0370825,-5.0019
252.45,-0.0370784,-5.00376
252.5,-0.0370989,-5.00561
252.55,-0.0371103,-5.00747
252.6,-0.0371298,-5.00932
252.65,-0.0371465,-5.01118
252.7,-0.0371438,-5.01304
252.75,-0.0371544,-5.01489
252.8,-0.037126,-5.01675
252.85,-0.0371437,-5.01861
252.9,-0.0371522,-5.02047
252.95,-0.0371564,-5.02232
253.0,-0.0371673,-5.02418
253.05,-0.0371702,-5.02604
253.1,-0.0371608,-5.0279
253.15,-0.0371842,-5.02976
253.2,-0.0371919,-5.03162
253.25,-0.037202,-5.03348
253.3,-0.0372254,-5.03534
253.35,-0.0372339,-5.0372
253.4,-0.0372504,-5.03906
253.45,-0.0372498,-5.04093
253.5,-0.0372366,-5.04279
253.55,-0.03724,-5.04465
253.6,-0.0372622,-5.04651
253.65,-0.0372741,-5.04838
253.7,-0.0372939,-5.05024
253.75,-0.0372941,-5.05211
253.8,-0.037303,-5.05397
253.85,-0.0372892,-5.05584
253.9,-0.0372934,-5.0577
253.95,-0.0372892,-5.05956
254.0,-0.0373116,-5.06143
254.05,-0.0373349,-5.0633
254.1,-0.0373579,-5.06516
254.15,-0.0373618,-5.06703
254.2,-0.0373764,-5.0689
254.25,-0.0373863,-5.07077
254.3,-0.0373976,-5.07264
254.35,-0.0374024,-5.07451
254.4,-0.0373896,-5.07638
254.45,-0.0373881,-5.07825
254.5,-0.0373914,-5.08012
254.55,-0.037378,-5.08199
254.6,-0.037397,-5.08386
254.65,-0.0374218,-5.08573
254.7,-0.0374461,-5.0876
254.75,-0.0374475,-5.08947
254.8,-0.0374493,-5.09135
254.85,-0.0374635,-5.09322
254.9,-0.0374547,-5.09509
254.95,-0.0374703,-5.09697
255.0,-0.0374812,-5.09884
255.05,-0.037506,-5.10072
255.1,-0.0374919,-5.10259
255.15,-0.0375015,-5.10447
255.2,-0.0375156,-5.10634
255.25,-0.0375143,-5.10822
255.3,-0.0375172,-5.11009
255.35,-0.0375359,-5.11197
255.4,-0.0375549,-5.11385
255.45,-0.0375694,-5.11573
255.5,-0.0375716,-5.1176
255.55,-0.0375893,-5.11948
255.6,-0.037588,-5.12136
255.65,-0.0375957,-5.12324
255.7,-0.0376014,-5.12512
255.75,-0.0376115,-5.127
255.8,-0.0376264,-5.12888
255.85,-0.0376388,-5.13077
255.9,-0.0376457,-5.13265
255.95,-0.0376595,-5.13453
256.0,-0.0376701,-5.13642
256.05,-0.0377037,-5.1383
256.1,-0.0377247,-5.14019
256.15,-0.0377247,-5.14207
256.2,-0.0377464,-5.14396
256.25,-0.0377516,-5.14585
256.3,-0.0377448,-5.14774
256.35,-0.0377437,-5.14962
256.4,-0.0377477,-5.15151
256.45,-0.0377529,-5.1534
256.5,-0.0377524,-5.15528
256.55,-0.0377573,-5.15717
256.6,-0.0377692,-5.15906
256.65,-0.0377875,-5.16095
256.7,-0.0378031,-5.16284
256.75,-0.037816,-5.16473
256.8,-0.0378297,-5.16662
256.85,-0.037847,-5.16852
256.9,-0.0378412,-5.17041
256.95,-0.0378573,-5.1723
257.0,-0.0378717,-5.17419
257.05,-0.0378934,-5.17609
257.1,-0.0378936,-5.17798
257.15,-0.0379005,-5.17988
257.2,-0.0379184,-5.18177
257.25,-0.0379122,-5.18367
257.3,-0.0379158,-5.18557
257.35,-0.0379124,-5.18746
257.4,-0.0379144,-5.18936
257.45,-0.037931,-5.19125
257.5,-0.0379394,-5.19315
257.55,-0.0379395,-5.19505
257.6,-0.0379584,-5.19695
257.65,-0.0379712,-5.19884
257.7,-0.0379817,-5.20074
257.75,-0.0379891,-5.20264
257.8,-0.0380095,-5.20454
257.85,-0.038008,-5.20644
257.9,-0.0380217,-5.20834
257.95,-0.0380236,-5.21025
258.0,-0.0380368,-5.21215
258.05,-0.0380575,-5.21405
258.1,-0.0380586,-5.21595
258.15,-0.0380669,-5.21786
258.2,-0.0380822,-5.21976
258.25,-0.0380808,-5.22166
258.3,-0.0381042,-5.22357
258.35,-0.0381061,-5.22548
258.4,-0.0381054,-5.22738
258.45,-0.0381263,-5.22929
258.5,-0.0381195,-5.23119
258.55,-0.0381299,-5.2331
258.6,-0.0381488,-5.23501
258.65,-0.0381539,-5.23691
258.7,-0.0381674,-5.23882
258.75,-0.0381911,-5.24073
258.8,-0.0381915,-5.24264
258.85,-0.0382061,-5.24455
258.9,-0.0382063,-5.24646
258.95,-0.0382094,-5.24837
259.0,-0.0382098,-5.25028
259.05,-0.0382118,-5.25219
259.1,-0.0382309,-5.25411
259.15,-0.0382513,-5.25602
259.2,-0.0382501,-5.25793
259.25,-0.0382789,-5.25984
259.3,-0.0382797,-5.26176
259.35,-0.0382784,-5.26367
259.4,-0.0382826,-5.26559
259.45,-0.0382882,-5.2675
259.5,-0.0382857,-5.26942
259.55,-0.0382978,-5.27133
259.6,-0.0383236,-5.27325
259.65,-0.0383685,-5.27516
259.7,-0.0383529,-5.27708
259.75,-0.0383575,-5.279
259.8,-0.0383454,-5.28092
259.85,-0.0383646,-5.28284
259.9,-0.0383661,-5.28475
259.95,-0.0383523,-5.28667
260.0,-0.0383713,-5.28859
260.05,-0.0383922,-5.29051
260.1,-0.0384021,-5.29243
260.15,-0.0384172,-5.29435
260.2,-0.0384313,-5.29627
260.25,-0.0384295,-5.29819
260.3,-0.0384327,-5.30012
260.35,-0.0384185,-5.30204
260.4,-0.0384196,-5.30396
260.45,-0.0384275,-5.30588
260.5,-0.0384521,-5.3078
260.55,-0.03846,-5.30972
260.6,-0.0384913,-5.31165
260.65,-0.0384934,-5.31357
260.7,-0.0385158,-5.3155
260.75,-0.0385176,-5.31743
260.8,-0.0385278,-5.31935
260.85,-0.0385465,-5.32128
260.9,-0.0385162,-5.3232
260.95,-0.0385218,-5.32513
261.0,-0.038526,-5.32706
261.05,-0.0385385,-5.32898
261.1,-0.0385516,-5.33091
261.15,-0.0385584,-5.33284
261.2,-0.0385848,-5.33477
261.25,-0.0385887,-5.3367
261.3,-0.0385781,-5.33863
261.35,-0.0385952,-5.34056
261.4,-0.0385699,-5.34249
261.45,-0.0385716,-5.34441
261.5,-0.038585,-5.34634
261.55,-0.0385889,-5.34827
261.6,-0.0386032,-5.3502
261.65,-0.0386216,-5.35213
261.7,-0.0386139,-5.35406
261.75,-0.0386311,-5.356
261.8,-0.0386348,-5.35793
261.85,-0.0386359,-5.35986
261.9,-0.0386394,-5.36179
261.95,-0.0386493,-5.36372
262.0,-0.0386643,-5.36566
262.05,-0.0386775,-5.36759
262.1,-0.038689,-5.36953
262.15,-0.0386977,-5.37146
262.2,-0.0386814,-5.37339
262.25,-0.0386789,-5.37533
262.3,-0.0386784,-5.37726
262.35,-0.0386819,-5.3792
262.4,-0.0386976,-5.38113
262.45,-0.0387225,-5.38307
262.5,-0.0387247,-5.385
262.55,-0.0387414,-5.38694
262.6,-0.0387529,-5.38888
262.65,-0.0387581,-5.39082
262.7,-0.0387492,-5.39275
262.75,-0.0387465,-5.39469
262.8,-0.038751,-5.39663
262.85,-0.0387614,-5.39857
262.9,-0.0387676,-5.40051
262.95,-0.0387765,-5.40244
263.0,-0.0387913,-5.40438
263.05,-0.0388022,-5.40632
263.1,-0.0388225,-5.40827
263.15,-0.0387997,-5.4102
263.2,-0.0388297,-5.41215
263.25,-0.0388341,-5.41409
263.3,-0.0388467,-5.41603
263.35,-0.0388351,-5.41797
263.4,-0.0388448,-5.41991
263.45,-0.0388625,-5.42186
263.5,-0.0388733,-5.4238
263.55,-0.0388756,-5.42575
263.6,-0.0388953,-5.42769
263.65,-0.0389212,-5.42964
263.7,-0.0389319,-5.43158
263.75,-0.0389369,-5.43353
263.8,-0.0389265,-5.43548
263.85,-0.0389552,-5.43742
263.9,-0.0389443,-5.43937
263.95,-0.03896,-5.44132
264.0,-0.0389566,-5.44327
264.05,-0.0389659,-5.44521
264.1,-0.0389741,-5.44716
264.15,-0.0389703,-5.44911
264.2,-0.0389883,-5.45106
264.25,-0.0390027,-5.45301
264.3,-0.0390016,-5.45496
264.35,-0.0390061,-5.45691
264.4,-0.0390143,-5.45886
264.45,-0.039031,-5.46081
264.5,-0.0390361,-5.46277
264.55,-0.0390486,-5.46472
264.6,-0.0390717,-5.46667
264.65,-0.0390789,-5.46863
264.7,-0.0390775,-5.47058
264.75,-0.0390797,-5.47253
264.8,-0.0390866,-5.47449
264.85,-0.039097,-5.47644
264.9,-0.039118,-5.4784
264.95,-0.0391346,-5.48036
265.0,-0.0391354,-5.48231
265.05,-0.039146,-5.48427
265.1,-0.0391511,-5.48623
265.15,-0.0391594,-5.48819
265.2,-0.0391766,-5.49014
265.25,-0.0391909,-5.4921
265.3,-0.0392009,-5.49406
265.35,-0.0392169,-5.49602
265.4,-0.039229,-5.49799
265.45,-0.0392342,-5.49995
265.5,-0.0392596,-5.50191
265.55,-0.0392744,-5.50387
265.6,-0.0393047,-5.50584
265.65,-0.0392875,-5.5078
265.7,-0.0392918,-5.50977
265.75,-0.0392866,-5.51173
265.8,-0.0392986,-5.5137
265.85,-0.0393024,-5.51566
265.9,-0.0393239,-5.51763
265.95,-0.0393343,-5.5196
266.0,-0.0393656,-5.52156
266.05,-0.0393537,-5.52353
266.1,-0.0393627,-5.5255
266.15,-0.0393811,-5.52747
266.2,-0.039387,-5.52944
266.25,-0.039401,-5.53141
266.3,-0.0394083,-5.53338
266.35,-0.0394133,-5.53535
266.4,-0.0394467,-5.53732
266.45,-0.0394632,-5.53929
266.5,-0.0394825,-5.54127
266.55,-0.0395202,-5.54324
266.6,-0.0395174,-5.54522
266.65,-0.0395451,-5.5472
266.7,-0.0395294,-5.54917
266.75,-0.0395228,-5.55115
266.8,-0.0395398,-5.55313
266.85,-0.0395478,-5.55511
266.9,-0.0395543,-5.55708
266.95,-0.0395949,-5.55906
267.0,-0.0395805,-5.56104
267.05,-0.0396022,-5.56302
267.1,-0.039606,-5.565
267.15,-0.039618,-5.56698
267.2,-0.0396333,-5.56896
267.25,-0.0396258,-5.57095
267.3,-0.0396447,-5.57293
267.35,-0.0396636,-5.57491
267.4,-0.0396876,-5.5769
267.45,-0.0397166,-5.57888
267.5,-0.0397169,-5.58087
267.55,-0.0397224,-5.58285
267.6,-0.0397386,-5.58484
267.65,-0.0397269,-5.58683
267.7,-0.0397477,-5.58881
267.75,-0.0397562,-5.5908
267.8,-0.039761,-5.59279
267.85,-0.0397838,-5.59478
267.9,-0.0397816,-5.59677
267.95,-0.0397834,-5.59876
268.0,-0.0397875,-5.60075
268.05,-0.0397911,-5.60274
268.1,-0.0398156,-5.60473
268.15,-0.0398032,-5.60672
268.2,-0.0398124,-5.60871
268.25,-0.0398321,-5.6107
268.3,-0.0398177,-5.61269
268.35,-0.0398384,-5.61468
268.4,-0.0398571,-5.61668
268.45,-0.0398653,-5.61867
268.5,-0.0398743,-5.62066
268.55,-0.0398699,-5.62266
268.6,-0.0398704,-5.62465
268.65,-0.0398882,-5.62664
268.7,-0.0399153,-5.62864
268.75,-0.039922,-5.63064
268.8,-0.0399409,-5.63263
268.85,-0.0399393,-5.63463
268.9,-0.0399555,-5.63663
268.95,-0.039934,-5.63862
269.0,-0.0399535,-5.64062
269.05,-0.0399653,-5.64262
269.1,-0.0399852,-5.64462
269.15,-0.0400009,-5.64662
269.2,-0.04001,-5.64862
269.25,-0.0400269,-5.65062
269.3,-0.0400319,-5.65262
269.35,-0.0399972,-5.65462
269.4,-0.040034,-5.65662
269.45,-0.04005,-5.65863
269.5,-0.0400463,-5.66063
269.55,-0.0400607,-5.66263
269.6,-0.040045,-5.66463
269.65,-0.0400507,-5.66664
269.7,-0.0400774,-5.66864
269.75,-0.0400724,-5.67064
269.8,-0.0400827,-5.67265
269.85,-0.0400718,-5.67465
269.9,-0.0400592,-5.67665
269.95,-0.0400763,-5.67866
270.0,-0.0400764,-5.68066
270.05,-0.0400891,-5.68267
270.1,-0.0401032,-5.68467
270.15,-0.0401153,-5.68668
270.2,-0.0401237,-5.68868
270.25,-0.0401194,-5.69069
270.3,-0.0401272,-5.6927
270.35,-0.040131,-5.6947
270.4,-0.0401222,-5.69671
270.45,-0.0401323,-5.69872
270.5,-0.0401159,-5.70072
270.55,-0.0401258,-5.70273
270.6,-0.0401377,-5.70473
270.65,-0.0401341,-5.70674
270.7,-0.0401517,-5.70875
270.75,-0.0401564,-5.71076
270.8,-0.040165,-5.71277
270.85,-0.0401597,-5.71477
270.9,-0.0401547,-5.71678
270.95,-0.0401575,-5.71879
271.0,-0.0401586,-5.7208
271.05,-0.040167,-5.72281
271.1,-0.0401812,-5.72481
271.15,-0.0401845,-5.72682
271.2,-0.0401821,-5.72883
271.25,-0.0401952,-5.73084
271.3,-0.040189,-5.73285
271.35,-0.0401857,-5.73486
271.4,-0.0402011,-5.73687
271.45,-0.040202,-5.73888
271.5,-0.0402117,-5.74089
271.55,-0.0402179,-5.7429
271.6,-0.0402217,-5.74491
271.65,-0.0402339,-5.74693
271.7,-0.0402242,-5.74894
271.75,-0.0402217,-5.75095
271.8,-0.0402181,-5.75296
271.85,-0.0402085,-5.75497
271.9,-0.0402182,-5.75698
271.95,-0.0402283,-5.75899
272.0,-0.0402378,-5.761
272.05,-0.0402536,-5.76302
272.1,-0.0402415,-5.76503
272.15,-0.040233,-5.76704
272.2,-0.0402325,-5.76905
272.25,-0.0402374,-5.77106
272.3,-0.0402516,-5.77308
272.35,-0.0402422,-5.77509
272.4,-0.0402366,-5.7771
272.45,-0.0402343,-5.77911
272.5,-0.0402317,-5.78112
272.55,-0.040244,-5.78313
272.6,-0.0402593,-5.78515
272.65,-0.0402502,-5.78716
272.7,-0.0402683,-5.78917
272.75,-0.0402491,-5.79119
272.8,-0.0402505,-5.7932
272.85,-0.0402394,-5.79521
272.9,-0.0402444,-5.79722
272.95,-0.0402483,-5.79924
273.0,-0.0402557,-5.80125
273.05,-0.040257,-5.80326
273.1,-0.0402491,-5.80527
273.15,-0.040248,-5.80729
273.2,-0.0402472,-5.8093
273.25,-0.0402448,-5.81131
273.3,-0.0402455,-5.81332
273.35,-0.0402638,-5.81534
273.4,-0.0402675,-5.81735
273.45,-0.0402597,-5.81936
273.5,-0.0402661,-5.82138
273.55,-0.040294,-5.82339
273.6,-0.0402776,-5.8254
273.65,-0.0402963,-5.82742
273.7,-0.0402788,-5.82943
273.75,-0.0402757,-5.83145
273.8,-0.0402624,-5.83346
273.85,-0.0402645,-5.83547
273.9,-0.0402688,-5.83749
273.95,-0.0402812,-5.8395
274.0,-0.0402866,-5.84152
274.05,-0.0403152,-5.84353
274.1,-0.0402923,-5.84555
274.15,-0.040308,-5.84756
274.2,-0.0402832,-5.84958
274.25,-0.040289,-5.85159
274.3,-0.0403006,-5.8536
274.35,-0.040297,-5.85562
274.4,-0.0403088,-5.85763
274.45,-0.040325,-5.85965
274.5,-0.0403305,-5.86167
274.55,-0.0403388,-5.86368
274.6,-0.0403292,-5.8657
274.65,-0.0403387,-5.86772
274.7,-0.0403346,-5.86973
274.75,-0.040342,-5.87175
274.8,-0.0403503,-5.87377
274.85,-0.0403619,-5.87579
274.9,-0.0403575,-5.87781
274.95,-0.0403749,-5.87982
275.0,-0.0403856,-5.88184
275.05,-0.0403887,-5.88386
275.1,-0.0404061,-5.88588
275.15,-0.0404027,-5.8879
275.2,-0.0404043,-5.88992
275.25,-0.0404158,-5.89194
275.3,-0.040416,-5.89396
275.35,-0.0404333,-5.89599
275.4,-0.0404459,-5.89801
275.45,-0.0404296,-5.90003
275.5,-0.0404399,-5.90205
275.55,-0.0404273,-5.90407
275.6,-0.0404404,-5.9061
275.65,-0.0404338,-5.90812
275.7,-0.0404251,-5.91014
275.75,-0.0404561,-5.91216
275.8,-0.0404486,-5.91418
275.85,-0.0404514,-5.91621
275.9,-0.0404607,-5.91823
275.95,-0.0404682,-5.92025
276.0,-0.0404922,-5.92228
276.05,-0.0405041,-5.9243
276.1,-0.0404997,-5.92633
276.15,-0.0405191,-5.92835
276.2,-0.0405091,-5.93038
276.25,-0.0405005,-5.9324
276.3,-0.0405001,-5.93443
276.35,-0.0405071,-5.93645
276.4,-0.0405261,-5.93848
276.45,-0.0405394,-5.94051
276.5,-0.0405327,-5.94253
276.55,-0.0405511,-5.94456
276.6,-0.0405453,-5.94659
276.65,-0.0405612,-5.94862
276.7,-0.0405568,-5.95064
276.75,-0.0405529,-5.95267
276.8,-0.0405571,-5.9547
276.85,-0.0405631,-5.95673
276.9,-0.0405702,-5.95876
276.95,-0.0405781,-5.96079
277.0,-0.0405941,-5.96282
277.05,-0.0406026,-5.96485
277.1,-0.0406344,-5.96688
277.15,-0.040656,-5.96891
277.2,-0.0406574,-5.97094
277.25,-0.040646,-5.97298
277.3,-0.0406326,-5.97501
277.35,-0.0406408,-5.97704
277.4,-0.0406402,-5.97907
277.45,-0.0406418,-5.9811
277.5,-0.0406487,-5.98314
277.55,-0.0406555,-5.98517
277.6,-0.0406661,-5.9872
277.65,-0.0406583,-5.98923
277.7,-0.040682,-5.99127
277.75,-0.0407002,-5.9933
277.8,-0.0406955,-5.99534
277.85,-0.0406897,-5.99737
277.9,-0.0406838,-5.99941
277.95,-0.0406844,-6.00144
278.0,-0.0406987,-6.00348
278.05,-0.0407091,-6.00551
278.1,-0.0407197,-6.00755
278.15,-0.040736,-6.00958
278.2,-0.0407325,-6.01162
278.25,-0.0407361,-6.01366
278.3,-0.0407359,-6.0157
278.35,-0.0407513,-6.01773
278.4,-0.0407685,-6.01977
278.45,-0.0407562,-6.02181
278.5,-0.0407803,-6.02385
278.55,-0.040785,-6.02589
278.6,-0.0407896,-6.02793
278.65,-0.0408119,-6.02997
278.7,-0.0408195,-6.03201
278.75,-0.0408112,-6.03405
278.8,-0.0408228,-6.03609
278.85,-0.0408296,-6.03813
278.9,-0.0408386,-6.04017
278.95,-0.0408469,-6.04222
279.0,-0.0408574,-6.04426
279.05,-0.0408814,-6.0463
279.1,-0.0408765,-6.04835
279.15,-0.0408871,-6.05039
279.2,-0.0408871,-6.05244
279.25,-0.0409013,-6.05448
279.3,-0.0409243,-6.05653
279.35,-0.0409092,-6.05857
279.4,-0.04091,-6.06062
279.45,-0.0409097,-6.06266
279.5,-0.0409082,-6.06471
279.55,-0.0409026,-6.06675
279.6,-0.0409152,-6.0688
279.65,-0.0409316,-6.07085
279.7,-0.0409433,-6.07289
279.75,-0.0409526,-6.07494
279.8,-0.0409744,-6.07699
279.85,-0.0409804,-6.07904
279.9,-0.0409891,-6.08109
279.95,-0.0409884,-6.08314
280.0,-0.0409939,-6.08519
280.05,-0.0410071,-6.08724
280.1,-0.0410123,-6.08929
280.15,-0.0410264,-6.09134
280.2,-0.0410385,-6.09339
280.25,-0.0410603,-6.09544
280.3,-0.0410658,-6.0975
280.35,-0.0410768,-6.09955
280.4,-0.0410513,-6.1016
280.45,-0.0410657,-6.10366
280.5,-0.0410745,-6.10571
280.55,-0.0410855,-6.10777
280.6,-0.0411002,-6.10982
280.65,-0.0411266,-6.11188
280.7,-0.0411027,-6.11393
280.75,-0.0411214,-6.11599
280.8,-0.0411126,-6.11804
280.85,-0.0411214,-6.1201
280.9,-0.0411508,-6.12216
280.95,-0.0411561,-6.12421
281.0,-0.0411811,-6.12627
281.05,-0.0412185,-6.12833
281.1,-0.0412136,-6.1304
281.15,-0.04123,-6.13246
281.2,-0.0412395,-6.13452
281.25,-0.0412368,-6.13658
281.3,-0.0412669,-6.13864
281.35,-0.041243,-6.14071
281.4,-0.0412475,-6.14277
281.45,-0.0412764,-6.14483
281.5,-0.0412825,-6.1469
281.55,-0.0413012,-6.14896
281.6,-0.0413074,-6.15103
281.65,-0.041322,-6.15309
281.7,-0.0413296,-6.15516
281.75,-0.0413302,-6.15723
281.8,-0.0413467,-6.15929
281.85,-0.041349,-6.16136
281.9,-0.041363,-6.16343
281.95,-0.0413655,-6.1655
282.0,-0.041373,-6.16757
282.05,-0.0413782,-6.16963
282.1,-0.0413999,-6.1717
282.15,-0.0413894,-6.17377
282.2,-0.0413986,-6.17584
282.25,-0.0414002,-6.17791
282.3,-0.0414116,-6.17998
282.35,-0.0414238,-6.18206
282.4,-0.0414359,-6.18413
282.45,-0.0414351,-6.1862
282.5,-0.0414432,-6.18827
282.55,-0.0414509,-6.19034
282.6,-0.0414819,-6.19242
282.65,-0.041488,-6.19449
282.7,-0.0415034,-6.19657
282.75,-0.0415134,-6.19864
282.8,-0.0414986,-6.20072
282.85,-0.0414926,-6.20279
282.9,-0.0415224,-6.20487
282.95,-0.0415247,-6.20695
283.0,-0.0415589,-6.20902
283.05,-0.0415901,-6.2111
283.1,-0.0416039,-6.21318
283.15,-0.0416127,-6.21526
283.2,-0.0415887,-6.21734
283.25,-0.0415889,-6.21942
283.3,-0.041585,-6.2215
283.35,-0.0415793,-6.22358
283.4,-0.0416004,-6.22566
283.45,-0.0416248,-6.22774
283.5,-0.0416475,-6.22982
283.55,-0.0416918,-6.23191
283.6,-0.0416903,-6.23399
283.65,-0.041692,-6.23608
283.7,-0.0416878,-6.23816
283.75,-0.0416849,-6.24025
283.8,-0.0416954,-6.24233
283.85,-0.0416993,-6.24442
283.9,-0.0417153,-6.2465
283.95,-0.0417277,-6.24859
284.0,-0.041738,-6.25068
284.05,-0.0417306,-6.25276
284.1,-0.0417312,-6.25485
284.15,-0.0417339,-6.25694
284.2,-0.0417368,-6.25902
284.25,-0.0417449,-6.26111
284.3,-0.0417573,-6.2632
284.35,-0.0417862,-6.26529
284.4,-0.0417901,-6.26738
284.45,-0.0417934,-6.26947
284.5,-0.041792,-6.27156
284.55,-0.0418049,-6.27365
284.6,-0.0418121,-6.27574
284.65,-0.0418081,-6.27783
284.7,-0.0418183,-6.27992
284.75,-0.0418263,-6.28201
284.8,-0.0418246,-6.2841
284.85,-0.041845,-6.28619
284.9,-0.0418444,-6.28828
284.95,-0.0418624,-6.29038
285.0,-0.0419021,-6.29247
285.05,-0.0418943,-6.29457
285.1,-0.0419026,-6.29666
285.15,-0.0418946,-6.29876
285.2,-0.0418939,-6.30085
285.25,-0.0418987,-6.30295
285.3,-0.0419194,-6.30504
285.35,-0.0419293,-6.30714
285.4,-0.0419581,-6.30924
285.45,-0.041954,-6.31134
285.5,-0.0419656,-6.31343
285.55,-0.041982,-6.31553
285.6,-0.0420075,-6.31763
285.65,-0.0420293,-6.31973
285.7,-0.042059,-6.32184
285.75,-0.042094,-6.32394
285.8,-0.0421063,-6.32605
285.85,-0.0421082,-6.32815
285.9,-0.0421207,-6.33026
285.95,-0.042119,-6.33236
286.0,-0.0421189,-6.33447
286.05,-0.04213,-6.33658
286.1,-0.0421104,-6.33868
286.15,-0.0421148,-6.34079
286.2,-0.0421277,-6.34289
286.25,-0.0421466,-6.345
286.3,-0.0421621,-6.34711
286.35,-0.0421698,-6.34922
286.4,-0.0421822,-6.35133
286.45,-0.04219,-6.35344
286.5,-0.042192,-6.35555
286.55,-0.0422005,-6.35766
286.6,-0.0422101,-6.35977
286.65,-0.0422164,-6.36188
286.7,-0.0422318,-6.36399
286.75,-0.0422297,-6.3661
286.8,-0.0422429,-6.36821
286.85,-0.0422554,-6.37033
286.9,-0.0422578,-6.37244
286.95,-0.0422723,-6.37455
287.0,-0.0422847,-6.37667
287.05,-0.042279,-6.37878
287.1,-0.0422866,-6.3809
287.15,-0.0422925,-6.38301
287.2,-0.0422991,-6.38512
287.25,-0.0423156,-6.38724
287.3,-0.0423189,-6.38936
287.35,-0.0423256,-6.39147
287.4,-0.0423285,-6.39359
287.45,-0.0423377,-6.39571
287.5,-0.0423574,-6.39782
287.55,-0.0423735,-6.39994
287.6,-0.0424222,-6.40206
287.65,-0.042408,-6.40418
287.7,-0.0424264,-6.40631
287.75,-0.0424304,-6.40843
287.8,-0.0424083,-6.41055
287.85,-0.0424057,-6.41267
287.9,-0.0424195,-6.41479
287.95,-0.0424333,-6.41691
288.0,-0.0424535,-6.41903
288.05,-0.0424672,-6.42116
288.1,-0.0424709,-6.42328
288.15,-0.0424808,-6.4254
288.2,-0.0424884,-6.42753
288.25,-0.0424998,-6.42965
288.3,-0.0425082,-6.43178
288.35,-0.0425014,-6.4339
288.4,-0.0425181,-6.43603
288.45,-0.04253,-6.43816
288.5,-0.0425469,-6.44028
288.55,-0.0425761,-6.44241
288.6,-0.0425904,-6.44454
288.65,-0.0426106,-6.44667
288.7,-0.0426228,-6.4488
288.75,-0.0426236,-6.45093
288.8,-0.0426147,-6.45307
288.85,-0.0425987,-6.4552
288.9,-0.0426018,-6.45733
288.95,-0.0426027,-6.45946
289.0,-0.0426169,-6.46159
289.05,-0.0426397,-6.46372
289.1,-0.042657,-6.46585
289.15,-0.0426794,-6.46799
289.2,-0.0427368,-6.47012
289.25,-0.0427304,-6.47226
289.3,-0.0427364,-6.4744
289.35,-0.0427529,-6.47653
289.4,-0.0427416,-6.47867
289.45,-0.0427338,-6.48081
289.5,-0.0427412,-6.48294
289.55,-0.0427646,-6.48508
289.6,-0.04278,-6.48722
289.65,-0.0427847,-6.48936
289.7,-0.0427858,-6.4915
289.75,-0.0428019,-6.49364
289.8,-0.0428082,-6.49578
289.85,-0.0428083,-6.49792
289.9,-0.0428258,-6.50006
289.95,-0.0428452,-6.5022
290.0,-0.0428578,-6.50435
290.05,-0.0428745,-6.50649
290.1,-0.0428913,-6.50864
290.15,-0.042908,-6.51078
290.2,-0.0429179,-6.51293
290.25,-0.0429274,-6.51507
290.3,-0.0429187,-6.51722
290.35,-0.0429307,-6.51937
290.4,-0.0429454,-6.52151
290.45,-0.042957,-6.52366
290.5,-0.0429527,-6.52581
290.55,-0.0429807,-6.52796
290.6,-0.0429674,-6.53011
290.65,-0.0429931,-6.53226
290.7,-0.0429945,-6.53441
290.75,-0.0430091,-6.53656
290.8,-0.0430121,-6.53871
290.85,-0.0430228,-6.54086
290.9,-0.0430309,-6.54301
290.95,-0.0430445,-6.54516
291.0,-0.0430456,-6.54731
291.05,-0.043051,-6.54947
291.1,-0.0430676,-6.55162
291.15,-0.0430863,-6.55377
291.2,-0.0430873,-6.55593
291.25,-0.043088,-6.55808
291.3,-0.0430912,-6.56024
291.35,-0.0431163,-6.56239
291.4,-0.0431276,-6.56455
291.45,-0.0431388,-6.56671
291.5,-0.0431484,-6.56886
291.55,-0.0431641,-6.57102
291.6,-0.0431649,-6.57318
291.65,-0.0431601,-6.57534
291.7,-0.0431895,-6.5775
291.75,-0.0431913,-6.57966
291.8,-0.0432094,-6.58182
291.85,-0.0432265,-6.58398
291.9,-0.0432328,-6.58614
291.95,-0.0432389,-6.5883
292.0,-0.0432624,-6.59047
292.05,-0.0432647,-6.59263
292.1,-0.0432857,-6.59479
292.15,-0.0432759,-6.59696
292.2,-0.0432897,-6.59912
292.25,-0.0433018,-6.60129
292.3,-0.0433106,-6.60345
292.35,-0.0433164,-6.60562
292.4,-0.0433167,-6.60778
292.45,-0.0433302,-6.60995
292.5,-0.0433501,-6.61212
292.55,-0.0433603,-6.61429
292.6,-0.0433666,-6.61645
292.65,-0.0433605,-6.61862
292.7,-0.0433591,-6.62079
292.75,-0.043352,-6.62296
292.8,-0.0433499,-6.62512
292.85,-0.0433614,-6.62729
292.9,-0.04337,-6.62946
292.95,-0.0433768,-6.63163
293.0,-0.0433767,-6.6338
293.05,-0.0433913,-6.63597
293.1,-0.0433909,-6.63814
293.15,-0.0434065,-6.64031
293.2,-0.0434146,-6.64248
293.25,-0.0434223,-6.64465
293.3,-0.0434121,-6.64682
293.35,-0.0434189,-6.64899
293.4,-0.0434264,-6.65116
293.45,-0.0434394,-6.65334
293.5,-0.0434384,-6.65551
293.55,-0.0434518,-6.65768
293.6,-0.0434498,-6.65985
293.65,-0.0434526,-6.66202
293.7,-0.0434573,-6.6642
293.75,-0.0434457,-6.66637
293.8,-0.0434567,-6.66854
293.85,-0.0434664,-6.67072
293.9,-0.0434737,-6.67289
293.95,-0.0435007,-6.67507
294.0,-0.0434992,-6.67724
294.05,-0.0435109,-6.67942
294.1,-0.0435228,-6.68159
294.15,-0.0435114,-6.68377
294.2,-0.0435147,-6.68594
294.25,-0.043509,-6.68812
294.3,-0.0435086,-6.69029
294.35,-0.0435194,-6.69247
294.4,-0.04353,-6.69465
294.45,-0.0435378,-6.69682
294.5,-0.0435561,-6.699
294.55,-0.0435624,-6.70118
294.6,-0.0435861,-6.70336
294.65,-0.0435715,-6.70554
294.7,-0.0435746,-6.70772
294.75,-0.0435749,-6.70989
294.8,-0.0435852,-6.71207
294.85,-0.0435816,-6.71425
294.9,-0.0436001,-6.71643
294.95,-0.0436211,-6.71861
295.0,-0.0436388,-6.7208
295.05,-0.0436416,-6.72298
295.1,-0.0436458,-6.72516
295.15,-0.0436593,-6.72734
295.2,-0.0436749,-6.72953
295.25,-0.0436754,-6.73171
295.3,-0.043685,-6.73389
295.35,-0.0436732,-6.73608
295.4,-0.0436985,-6.73826
295.45,-0.0437133,-6.74045
295.5,-0.0437076,-6.74263
295.55,-0.0437122,-6.74482
295.6,-0.0437227,-6.74701
295.65,-0.0437251,-6.74919
295.7,-0.0437366,-6.75138
295.75,-0.0437576,-6.75357
295.8,-0.0437618,-6.75576
295.85,-0.0437556,-6.75794
295.9,-0.0437555,-6.76013
295.95,-0.0437758,-6.76232
296.0,-0.0437737,-6.76451
296.05,-0.0437819,-6.7667
296.1,-0.0437892,-6.76889
296.15,-0.0437909,-6.77108
296.2,-0.0438063,-6.77327
296.25,-0.0438073,-6.77546
296.3,-0.0438206,-6.77765
296.35,-0.0438325,-6.77984
296.4,-0.0438379,-6.78203
296.45,-0.0438566,-6.78422
296.5,-0.0438469,-6.78642
296.55,-0.0438501,-6.78861
296.6,-0.043853,-6.7908
296.65,-0.043861,-6.79299
296.7,-0.043894,-6.79519
296.75,-0.0438918,-6.79738
296.8,-0.04389,-6.79958
296.85,-0.0438891,-6.80177
296.9,-0.0439026,-6.80397
296.95,-0.0439103,-6.80616
297.0,-0.043934,-6.80836
297.05,-0.0439311,-6.81056
297.1,-0.0439301,-6.81275
297.15,-0.0439545,-6.81495
297.2,-0.043949,-6.81715
297.25,-0.0439633,-6.81935
297.3,-0.0439618,-6.82155
297.35,-0.0439698,-6.82374
297.4,-0.0439718,-6.82594
297.45,-0.0439837,-6.82814
297.5,-0.0439991,-6.83034
297.55,-0.0440049,-6.83254
297.6,-0.0440121,-6.83474
297.65,-0.0440204,-6.83694
297.7,-0.0440368,-6.83915
297.75,-0.0440525,-6.84135
297.8,-0.0440581,-6.84355
297.85,-0.0440717,-6.84575
297.9,-0.044073,-6.84796
297.95,-0.0440897,-6.85016
298.0,-0.0441005,-6.85237
298.05,-0.0441145,-6.85457
298.1,-0.0441329,-6.85678
298.15,-0.0441453,-6.85899
298.2,-0.0441412,-6.86119
298.25,-0.0441473,-6.8634
298.3,-0.0441726,-6.86561
298.35,-0.0441988,-6.86782
298.4,-0.0441932,-6.87003
298.45,-0.0441944,-6.87224
298.5,-0.044202,-6.87445
298.55,-0.0441998,-6.87666
298.6,-0.0442062,-6.87887
298.65,-0.0441991,-6.88108
298.7,-0.0442199,-6.88329
298.75,-0.0442159,-6.8855
298.8,-0.0442308,-6.88771
298.85,-0.0442331,-6.88992
298.9,-0.0442682,-6.89214
298.95,-0.0442736,-6.89435
299.0,-0.0442983,-6.89657
299.05,-0.0442918,-6.89878
299.1,-0.0442847,-6.901
299.15,-0.0442915,-6.90321
299.2,-0.044295,-6.90543
299.25,-0.0442941,-6.90764
299.3,-0.0443127,-6.90986
299.35,-0.0443328,-6.91207
299.4,-0.0443272,-6.91429
299.45,-0.0443439,-6.91651
299.5,-0.0443558,-6.91872
299.55,-0.0443653,-6.92094
299.6,-0.0443705,-6.92316
299.65,-0.0443714,-6.92538
299.7,-0.0443789,-6.9276
299.75,-0.044391,-6.92982
299.8,-0.0443956,-6.93204
299.85,-0.0443974,-6.93426
299.9,-0.0444171,-6.93648
299.95,-0.0444367,-6.9387
300.0,-0.0444216,-6.94092
300.05,-0.044438,-6.94314
300.1,-0.0444293,-6.94536
300.15,-0.0444487,-6.94759
300.2,-0.0444507,-6.94981
300.25,-0.0444627,-6.95203
300.3,-0.0444765,-6.95426
300.35,-0.0444852,-6.95648
300.4,-0.0444824,-6.9587
300.45,-0.0444891,-6.96093
300.5,-0.0445052,-6.96315
300.55,-0.0444999,-6.96538
300.6,-0.0445054,-6.9676
300.65,-0.044509,-6.96983
300.7,-0.044513,-6.97206
300.75,-0.0445187,-6.97428
300.8,-0.0445275,-6.97651
300.85,-0.0445396,-6.97873
300.9,-0.0445546,-6.98096
300.95,-0.04456,-6.98319
301.0,-0.0445641,-6.98542
301.05,-0.0445767,-6.98765
301.1,-0.0445891,-6.98988
301.15,-0.0445678,-6.99211
301.2,-0.0445878,-6.99433
301.25,-0.0445799,-6.99656
301.3,-0.0445895,-6.99879
301.35,-0.0445991,-7.00102
301.4,-0.0445948,-7.00325
301.45,-0.0445965,-7.00548
301.5,-0.0446169,-7.00771
301.55,-0.0446342,-7.00994
301.6,-0.0446497,-7.01218
301.65,-0.0446394,-7.01441
301.7,-0.0446459,-7.01664
301.75,-0.0446506,-7.01887
301.8,-0.0446608,-7.02111
301.85,-0.0446515,-7.02334
301.9,-0.0446591,-7.02557
301.95,-0.0446687,-7.02781
302.0,-0.0446718,-7.03004
302.05,-0.0446809,-7.03227
302.1,-0.044699,-7.03451
302.15,-0.0446966,-7.03674
302.2,-0.0447035,-7.03898
302.25,-0.0447079,-7.04121
302.3,-0.0447187,-7.04345
302.35,-0.0447237,-7.04569
302.4,-0.0447373,-7.04792
302.45,-0.0447488,-7.05016
302.5,-0.0447597,-7.0524
302.55,-0.0447648,-7.05464
302.6,-0.0447627,-7.05688
302.65,-0.0447685,-7.05911
302.7,-0.0447635,-7.06135
302.75,-0.0447704,-7.06359
302.8,-0.0447811,-7.06583
302.85,-0.0448005,-7.06807
302.9,-0.0448034,-7.07031
302.95,-0.0448104,-7.07255
303.0,-0.044819,-7.07479
303.05,-0.0448259,-7.07703
303.1,-0.0448286,-7.07927
303.15,-0.0448531,-7.08152
303.2,-0.0448487,-7.08376
303.25,-0.0448459,-7.086
303.3,-0.0448631,-7.08824
303.35,-0.0448688,-7.09049
303.4,-0.0448755,-7.09273
303.45,-0.0448797,-7.09498
303.5,-0.0448795,-7.09722
303.55,-0.0448887,-7.09946
303.6,-0.0448875,-7.10171
303.65,-0.0449004,-7.10395
303.7,-0.044915,-7.1062
303.75,-0.04492,-7.10845
303.8,-0.0449231,-7.11069
303.85,-0.0449269,-7.11294
303.9,-0.0449337,-7.11518
303.95,-0.0449283,-7.11743
304.0,-0.0449282,-7.11968
304.05,-0.0449421,-7.12192
304.1,-0.044958,-7.12417
304.15,-0.0449669,-7.12642
304.2,-0.0449797,-7.12867
304.25,-0.0449873,-7.13092
304.3,-0.044979,-7.13317
304.35,-0.0449664,-7.13542
304.4,-0.0449766,-7.13766
304.45,-0.0449827,-7.13991
304.5,-0.0449866,-7.14216
304.55,-0.0449857,-7.14441
304.6,-0.0449909,-7.14666
304.65,-0.0450013,-7.14891
304.7,-0.0450078,-7.15116
304.75,-0.045018,-7.15341
304.8,-0.0450302,-7.15566
304.85,-0.0450335,-7.15792
304.9,-0.0450485,-7.16017
304.95,-0.0450414,-7.16242
305.0,-0.0450476,-7.16467
305.05,-0.0450508,-7.16693
305.1,-0.0450543,-7.16918
305.15,-0.0450617,-7.17143
305.2,-0.045068,-7.17369
305.25,-0.0450767,-7.17594
305.3,-0.0450803,-7.17819
305.35,-0.0450903,-7.18045
305.4,-0.0451126,-7.1827
305.45,-0.045123,-7.18496
305.5,-0.0451169,-7.18722
305.55,-0.0451162,-7.18947
305.6,-0.0451129,-7.19173
305.65,-0.045127,-7.19398
305.7,-0.0451265,-7.19624
305.75,-0.0451456,-7.1985
305.8,-0.0451729,-7.20076
305.85,-0.0451733,-7.20301
305.9,-0.0451776,-7.20527
305.95,-0.0451727,-7.20753
306.0,-0.0451733,-7.20979
306.05,-0.0451786,-7.21205
306.1,-0.0451774,-7.21431
306.15,-0.0451929,-7.21657
306.2,-0.0452086,-7.21883
306.25,-0.0452112,-7.22109
306.3,-0.0452208,-7.22335
306.35,-0.0452085,-7.22561
306.4,-0.0452281,-7.22787
306.45,-0.0452226,-7.23013
306.5,-0.0452472,-7.2324
306.55,-0.0452424,-7.23466
306.6,-0.0452574,-7.23692
306.65,-0.0452741,-7.23918
306.7,-0.0452614,-7.24145
306.75,-0.0452576,-7.24371
306.8,-0.0452747,-7.24597
306.85,-0.0452812,-7.24824
306.9,-0.0452829,-7.2505
306.95,-0.0452973,-7.25277
307.0,-0.0453049,-7.25503
307.05,-0.0453137,-7.2573
307.1,-0.0453043,-7.25956
307.15,-0.0453168,-7.26183
307.2,-0.0453311,-7.26409
307.25,-0.0453307,-7.26636
307.3,-0.0453346,-7.26863
307.35,-0.0453517,-7.2709
307.4,-0.0453542,-7.27316
307.45,-0.0453678,-7.27543
307.5,-0.045362,-7.2777
307.55,-0.0453658,-7.27997
307.6,-0.0453702,-7.28224
307.65,-0.0453841,-7.28451
307.7,-0.0453862,-7.28678
307.75,-0.0454006,-7.28905
307.8,-0.0454028,-7.29132
307.85,-0.0454163,-7.29359
307.9,-0.0454303,-7.29586
307.95,-0.0454396,-7.29813
308.0,-0.0454635,-7.3004
308.05,-0.0454505,-7.30268
308.1,-0.0454538,-7.30495
308.15,-0.045453,-7.30722
308.2,-0.0454575,-7.30949
308.25,-0.045456,-7.31177
308.3,-0.0454605,-7.31404
308.35,-0.0454692,-7.31631
308.4,-0.0454855,-7.31859
308.45,-0.0454848,-7.32086
308.5,-0.0455094,-7.32314
308.55,-0.0455224,-7.32541
308.6,-0.0455231,-7.32769
308.65,-0.0455235,-7.32997
308.7,-0.0455232,-7.33224
308.75,-0.0455158,-7.33452
308.8,-0.0455185,-7.33679
308.85,-0.045518,-7.33907
308.9,-0.0455336,-7.34135
308.95,-0.0455341,-7.34362
309.0,-0.0455485,-7.3459
309.05,-0.0455549,-7.34818
309.1,-0.0455612,-7.35046
309.15,-0.0455619,-7.35273
309.2,-0.0455701,-7.35501
309.25,-0.0455849,-7.35729
309.3,-0.0455967,-7.35957
309.35,-0.0456043,-7.36185
309.4,-0.0456111,-7.36413
309.45,-0.0456197,-7.36641
309.5,-0.0456156,-7.36869
309.55,-0.045615,-7.37098
309.6,-0.045622,-7.37326
309.65,-0.045633,-7.37554
309.7,-0.0456353,-7.37782
309.75,-0.0456475,-7.3801
309.8,-0.0456548,-7.38238
309.85,-0.0456778,-7.38467
309.9,-0.0456815,-7.38695
309.95,-0.0457081,-7.38924
310.0,-0.0456929,-7.39152
310.05,-0.0456834,-7.39381
310.1,-0.0456786,-7.39609
310.15,-0.0456829,-7.39837
310.2,-0.0456829,-7.40066
310.25,-0.0457052,-7.40294
310.3,-0.0457243,-7.40523
310.35,-0.0457574,-7.40752
310.4,-0.0457536,-7.40981
310.45,-0.0457343,-7.41209
310.5,-0.0457412,-7.41438
310.55,-0.0457296,-7.41667
310.6,-0.0457501,-7.41895
310.65,-0.045753,-7.42124
310.7,-0.0457676,-7.42353
310.75,-0.0457608,-7.42582
310.8,-0.0457784,-7.42811
310.85,-0.0457784,-7.4304
310.9,-0.0457848,-7.43268
310.95,-0.0457898,-7.43497
311.0,-0.0457984,-7.43726
311.05,-0.0458043,-7.43955
311.1,-0.0458058,-7.44184
311.15,-0.0458198,-7.44414
311.2,-0.0458351,-7.44643
311.25,-0.0458436,-7.44872
311.3,-0.0458609,-7.45101
311.35,-0.0458692,-7.45331
311.4,-0.0458893,-7.4556
311.45,-0.0458834,-7.45789
311.5,-0.0458905,-7.46019
311.55,-0.0459025,-7.46248
311.6,-0.0459161,-7.46478
311.65,-0.0459222,-7.46708
311.7,-0.0459407,-7.46937
311.75,-0.0459376,-7.47167
311.8,-0.0459449,-7.47397
311.85,-0.0459526,-7.47626
311.9,-0.0459567,-7.47856
311.95,-0.0459771,-7.48086
312.0,-0.0459668,-7.48316
312.05,-0.0459685,-7.48546
312.1,-0.045954,-7.48776
312.15,-0.045945,-7.49005
312.2,-0.0459569,-7.49235
312.25,-0.0459794,-7.49465
312.3,-0.0460055,-7.49695
312.35,-0.0460436,-7.49925
312.4,-0.0460304,-7.50155
312.45,-0.0460406,-7.50386
312.5,-0.0460326,-7.50616
312.55,-0.0460446,-7.50846
312.6,-0.0460487,-7.51076
312.65,-0.0460575,-7.51307
312.7,-0.0460567,-7.51537
312.75,-0.0460588,-7.51767
312.8,-0.0460602,-7.51997
312.85,-0.0460639,-7.52228
312.9,-0.0460584,-7.52458
312.95,-0.0460674,-7.52688
313.0,-0.0460766,-7.52919
313.05,-0.0460952,-7.53149
313.1,-0.0461007,-7.5338
313.15,-0.046105,-7.5361
313.2,-0.0461175,-7.53841
313.25,-0.0461231,-7.54071
313.3,-0.0461347,-7.54302
313.35,-0.0461273,-7.54533
313.4,-0.0461391,-7.54763
313.45,-0.046132,-7.54994
313.5,-0.046153,-7.55225
313.55,-0.0461629,-7.55456
313.6,-0.0461589,-7.55687
313.65,-0.0461949,-7.55918
313.7,-0.0461867,-7.56148
313.75,-0.0461925,-7.56379
313.8,-0.0462028,-7.5661
313.85,-0.0462035,-7.56841
313.9,-0.046212,-7.57072
313.95,-0.0462213,-7.57304
314.0,-0.0462217,-7.57535
314.05,-0.0462427,-7.57766
314.1,-0.0462512,-7.57997
314.15,-0.0462529,-7.58228
314.2,-0.0462609,-7.5846
314.25,-0.0462711,-7.58691
314.3,-0.0462814,-7.58922
314.35,-0.046293,-7.59154
314.4,-0.046301,-7.59385
314.45,-0.0463095,-7.59617
314.5,-0.0463184,-7.59849
314.55,-0.0463186,-7.6008
314.6,-0.0463347,-7.60312
314.65,-0.0463332,-7.60544
314.7,-0.0463381,-7.60775
314.75,-0.0463383,-7.61007
314.8,-0.0463567,-7.61239
314.85,-0.0463796,-7.61471
314.9,-0.0463987,-7.61703
314.95,-0.0464052,-7.61935
315.0,-0.0464066,-7.62167
315.05,-0.0464108,-7.62399
315.1,-0.0464313,-7.62631
315.15,-0.0464491,-7.62863
315.2,-0.0464367,-7.63095
315.25,-0.0464694,-7.63328
315.3,-0.0464679,-7.6356
315.35,-0.046473,-7.63792
315.4,-0.0464813,-7.64025
315.45,-0.0464854,-7.64257
315.5,-0.0464909,-7.6449
315.55,-0.0464955,-7.64722
315.6,-0.0465083,-7.64955
315.65,-0.0465292,-7.65187
315.7,-0.0465247,-7.6542
315.75,-0.0465269,-7.65653
315.8,-0.0465269,-7.65885
315.85,-0.0465332,-7.66118
315.9,-0.04656,-7.66351
315.95,-0.0465618,-7.66583
316.0,-0.0465662,-7.66816
316.05,-0.046572,-7.67049
316.1,-0.0465817,-7.67282
316.15,-0.0465982,-7.67515
316.2,-0.0466209,-7.67748
316.25,-0.0466226,-7.67981
316.3,-0.0466305,-7.68214
316.35,-0.046628,-7.68448
316.4,-0.0466438,-7.68681
316.45,-0.0466467,-7.68914
316.5,-0.0466532,-7.69147
316.55,-0.046661,-7.69381
316.6,-0.0466543,-7.69614
316.65,-0.0466651,-7.69847
316.7,-0.0466784,-7.70081
316.75,-0.0466933,-7.70314
316.8,-0.0467057,-7.70548
316.85,-0.0467374,-7.70781
316.9,-0.0467393,-7.71015
316.95,-0.0467497,-7.71249
317.0,-0.0467344,-7.71482
317.05,-0.046725,-7.71716
317.1,-0.0467198,-7.7195
317.15,-0.046742,-7.72183
317.2,-0.0467631,-7.72417
317.25,-0.0467867,-7.72651
317.3,-0.0468128,-7.72885
317.35,-0.0468365,-7.73119
317.4,-0.0468448,-7.73354
317.45,-0.04684,-7.73588
317.5,-0.0468526,-7.73822
317.55,-0.0468407,-7.74056
317.6,-0.046833,-7.7429
317.65,-0.0468515,-7.74525
317.7,-0.0468482,-7.74759
317.75,-0.0468629,-7.74993
317.8,-0.0468773,-7.75228
317.85,-0.0468915,-7.75462
317.9,-0.0469152,-7.75697
317.95,-0.0469281,-7.75931
318.0,-0.0469584,-7.76166
318.05,-0.0469503,-7.76401
318.1,-0.0469425,-7.76635
318.15,-0.0469458,-7.7687
318.2,-0.046959,-7.77105
318.25,-0.0469652,-7.7734
318.3,-0.046986,-7.77575
318.35,-0.0469931,-7.7781
318.4,-0.047016,-7.78045
318.45,-0.047014,-7.7828
318.5,-0.0469959,-7.78515
318.55,-0.046995,-7.7875
318.6,-0.0470054,-7.78985
318.65,-0.0470111,-7.7922
318.7,-0.0470186,-7.79455
318.75,-0.0470315,-7.7969
318.8,-0.0470461,-7.79925
318.85,-0.0470492,-7.80161
318.9,-0.0470728,-7.80396
318.95,-0.0471024,-7.80631
319.0,-0.0471023,-7.80867
319.05,-0.0471021,-7.81103
319.1,-0.0470942,-7.81338
319.15,-0.0470995,-7.81573
319.2,-0.0471046,-7.81809
319.25,-0.0471047,-7.82045
319.3,-0.0470986,-7.8228
319.35,-0.0471396,-7.82516
319.4,-0.0471363,-7.82751
319.45,-0.047153,-7.82987
319.5,-0.047157,-7.83223
319.55,-0.0471514,-7.83459
319.6,-0.047157,-7.83695
319.65,-0.0471677,-7.8393
319.7,-0.047172,-7.84166
319.75,-0.0471984,-7.84402
319.8,-0.0471958,-7.84638
319.85,-0.0472329,-7.84874
319.9,-0.0472396,-7.85111
319.95,-0.0472405,-7.85347
320.0,-0.0472636,-7.85583
320.05,-0.0472565,-7.85819
320.1,-0.0472634,-7.86056
320.15,-0.0472488,-7.86292
320.2,-0.0472654,-7.86528
320.25,-0.0472816,-7.86765
320.3,-0.0472847,-7.87001
320.35,-0.0473057,-7.87238
320.4,-0.0473112,-7.87474
320.45,-0.0473294,-7.87711
320.5,-0.0473246,-7.87947
320.55,-0.0473166,-7.88184
320.6,-0.0473384,-7.88421
320.65,-0.0473595,-7.88658
320.7,-0.0473834,-7.88894
320.75,-0.0473826,-7.89131
320.8,-0.0474013,-7.89368
320.85,-0.0474034,-7.89605
320.9,-0.0474186,-7.89842
320.95,-0.0474134,-7.90079
321.0,-0.0474167,-7.90317
321.05,-0.0474287,-7.90554
321.1,-0.0474436,-7.90791
321.15,-0.0474514,-7.91028
321.2,-0.0474726,-7.91266
321.25,-0.0474925,-7.91503
321.3,-0.0474961,-7.91741
321.35,-0.0475018,-7.91978
321.4,-0.0474885,-7.92215
321.45,-0.0474875,-7.92453
321.5,-0.0475105,-7.9269
321.55,-0.0475138,-7.92928
321.6,-0.0475225,-7.93166
321.65,-0.0475348,-7.93403
321.7,-0.0475511,-7.93641
321.75,-0.047578,-7.93879
321.8,-0.0475949,-7.94117
321.85,-0.0476167,-7.94355
321.9,-0.0476074,-7.94593
321.95,-0.0476224,-7.94831
322.0,-0.0475965,-7.95069
322.05,-0.0476018,-7.95307
322.1,-0.0476026,-7.95545
322.15,-0.047623,-7.95783
322.2,-0.0476341,-7.96021
322.25,-0.0476404,-7.9626
322.3,-0.0476524,-7.96498
322.35,-0.0476465,-7.96736
322.4,-0.0476456,-7.96974
322.45,-0.0476441,-7.97213
322.5,-0.0476514,-7.97451
322.55,-0.0476588,-7.97689
322.6,-0.0476644,-7.97927
322.65,-0.0476887,-7.98166
322.7,-0.0476943,-7.98404
322.75,-0.0476965,-7.98643
322.8,-0.0477088,-7.98881
322.85,-0.0477114,-7.9912
322.9,-0.0477162,-7.99359
322.95,-0.0477102,-7.99597
323.0,-0.0477088,-7.99836
323.05,-0.0477157,-8.00074
323.1,-0.0477464,-8.00313
323.15,-0.047754,-8.00552
323.2,-0.0477597,-8.00791
323.25,-0.047769,-8.01029
323.3,-0.0477697,-8.01268
323.35,-0.0477772,-8.01507
323.4,-0.0477807,-8.01746
323.45,-0.047773,-8.01985
323.5,-0.0477838,-8.02224
323.55,-0.0478008,-8.02463
323.6,-0.0477947,-8.02702
323.65,-0.0477905,-8.02941
323.7,-0.047815,-8.0318
323.75,-0.0478156,-8.03419
323.8,-0.0478289,-8.03658
323.85,-0.0478494,-8.03897
323.9,-0.0478335,-8.04136
323.95,-0.0478455,-8.04376
324.0,-0.0478552,-8.04615
324.05,-0.0478618,-8.04854
324.1,-0.0478777,-8.05094
324.15,-0.0478491,-8.05333
324.2,-0.0478513,-8.05572
324.25,-0.0478514,-8.05811
324.3,-0.0478519,-8.06051
324.35,-0.0478678,-8.0629
324.4,-0.0478724,-8.06529
324.45,-0.0478948,-8.06769
324.5,-0.0479262,-8.07008
324.55,-0.0479168,-8.07248
324.6,-0.0479276,-8.07488
324.65,-0.0479132,-8.07727
324.7,-0.0479301,-8.07967
324.75,-0.0479532,-8.08207
324.8,-0.047934,-8.08446
324.85,-0.0479547,-8.08686
324.9,-0.0479621,-8.08926
324.95,-0.0479819,-8.09166
325.0,-0.0480085,-8.09406
325.05,-0.0479964,-8.09646
325.1,-0.0480079,-8.09886
325.15,-0.0480141,-8.10126
325.2,-0.0480184,-8.10366
325.25,-0.0480063,-8.10606
325.3,-0.048019,-8.10846
325.35,-0.0480355,-8.11086
325.4,-0.0480449,-8.11327
325.45,-0.0480381,-8.11567
325.5,-0.0480642,-8.11807
325.55,-0.0480676,-8.12047
325.6,-0.0480734,-8.12288
325.65,-0.0480872,-8.12528
325.7,-0.0480989,-8.12769
325.75,-0.0481122,-8.13009
325.8,-0.048123,-8.1325
325.85,-0.0481108,-8.1349
325.9,-0.0481032,-8.13731
325.95,-0.0481042,-8.13972
326.0,-0.0481069,-8.14212
326.05,-0.048126,-8.14453
326.1,-0.0481224,-8.14693
326.15,-0.0481319,-8.14934
326.2,-0.0481217,-8.15175
326.25,-0.0481346,-8.15415
326.3,-0.0481431,-8.15656
326.35,-0.0481647,-8.15897
326.4,-0.0481606,-8.16138
326.45,-0.0481743,-8.16378
326.5,-0.0481794,-8.16619
326.55,-0.0481765,-8.1686
326.6,-0.0481831,-8.17101
326.65,-0.0481825,-8.17342
326.7,-0.0481949,-8.17583
326.75,-0.048216,-8.17824
326.8,-0.0482222,-8.18065
326.85,-0.048234,-8.18306
326.9,-0.0482305,-8.18548
326.95,-0.0482358,-8.18789
327.0,-0.0482698,-8.1903
327.05,-0.0483175,-8.19272
327.1,-0.0483201,-8.19513
327.15,-0.048309,-8.19755
327.2,-0.0483273,-8.19996
327.25,-0.0483323,-8.20238
327.3,-0.048357,-8.2048
327.35,-0.0483592,-8.20722
327.4,-0.048376,-8.20964
327.45,-0.0483561,-8.21205
327.5,-0.0483666,-8.21447
327.55,-0.0483641,-8.21689
327.6,-0.0483829,-8.21931
327.65,-0.0483963,-8.22173
327.7,-0.0484271,-8.22415
327.75,-0.0484206,-8.22657
327.8,-0.0484532,-8.22899
327.85,-0.0484532,-8.23142
327.9,-0.0484536,-8.23384
327.95,-0.0484427,-8.23626
328.0,-0.0484272,-8.23868
328.05,-0.0484266,-8.2411
328.1,-0.048448,-8.24353
328.15,-0.048461,-8.24595
328.2,-0.0484748,-8.24837
328.25,-0.0484901,-8.2508
328.3,-0.0485116,-8.25322
328.35,-0.0485129,-8.25565
328.4,-0.048492,-8.25807
328.45,-0.0485153,-8.2605
328.5,-0.048519,-8.26293
328.55,-0.04852,-8.26535
328.6,-0.0485201,-8.26778
328.65,-0.0485114,-8.2702
328.7,-0.0485276,-8.27263
328.75,-0.0485447,-8.27506
328.8,-0.0485534,-8.27748
328.85,-0.0485858,-8.27991
328.9,-0.048592,-8.28234
328.95,-0.0485974,-8.28477
329.0,-0.0485754,-8.2872
329.05,-0.0485699,-8.28963
329.1,-0.0485705,-8.29206
329.15,-0.0485714,-8.29449
329.2,-0.0485777,-8.29692
329.25,-0.0485909,-8.29935
329.3,-0.0485909,-8.30177
329.35,-0.0486054,-8.30421
329.4,-0.0485971,-8.30663
329.45,-0.0485963,-8.30906
329.5,-0.0486088,-8.3115
329.55,-0.0485949,-8.31393
329.6,-0.048604,-8.31636
329.65,-0.0486184,-8.31879
329.7,-0.0486271,-8.32122
329.75,-0.048625,-8.32365
329.8,-0.0486459,-8.32608
329.85,-0.0486326,-8.32851
329.9,-0.0486472,-8.33095
329.95,-0.0486008,-8.33337
330.0,-0.0485794,-8.3358
330.05,-0.0485873,-8.33823
330.1,-0.0485996,-8.34066
330.15,-0.0486161,-8.34309
330.2,-0.0486278,-8.34553
330.25,-0.0486356,-8.34796
330.3,-0.0486448,-8.35039
330.35,-0.0486455,-8.35282
330.4,-0.0486524,-8.35526
330.45,-0.048664,-8.35769
330.5,-0.0486599,-8.36012
330.55,-0.0486724,-8.36255
330.6,-0.0486868,-8.36499
330.65,-0.048687,-8.36742
330.7,-0.0486963,-8.36986
330.75,-0.0486971,-8.37229
330.8,-0.0487173,-8.37473
330.85,-0.0487139,-8.37716
330.9,-0.0487193,-8.3796
330.95,-0.0487123,-8.38204
331.0,-0.0487021,-8.38447
331.05,-0.0487147,-8.38691
331.1,-0.0487277,-8.38934
331.15,-0.0487306,-8.39178
331.2,-0.0487497,-8.39422
331.25,-0.048755,-8.39666
331.3,-0.0487591,-8.39909
331.35,-0.0487701,-8.40153
331.4,-0.0487564,-8.40397
331.45,-0.0487678,-8.40641
331.5,-0.0487791,-8.40885
331.55,-0.0487788,-8.41129
331.6,-0.0487954,-8.41373
331.65,-0.0488077,-8.41617
331.7,-0.0487944,-8.41861
331.75,-0.0487962,-8.42105
331.8,-0.0488005,-8.42349
331.85,-0.0488128,-8.42593
331.9,-0.0488052,-8.42837
331.95,-0.0488138,-8.43081
332.0,-0.048818,-8.43325
332.05,-0.0488199,-8.43569
332.1,-0.0488231,-8.43813
332.15,-0.0488414,-8.44057
332.2,-0.048857,-8.44302
332.25,-0.0488599,-8.44546
332.3,-0.0488736,-8.4479
332.35,-0.048867,-8.45035
332.4,-0.0488605,-8.45279
332.45,-0.0488555,-8.45523
332.5,-0.0488619,-8.45767
332.55,-0.0488641,-8.46012
332.6,-0.048892,-8.46256
332.65,-0.0488983,-8.46501
332.7,-0.0489142,-8.46745
332.75,-0.0489124,-8.4699
332.8,-0.0489216,-8.47234
332.85,-0.0489081,-8.47479
332.9,-0.0489218,-8.47724
332.95,-0.0489262,-8.47968
333.0,-0.0489217,-8.48213
333.05,-0.0489229,-8.48457
333.1,-0.0489358,-8.48702
333.15,-0.0489354,-8.48947
333.2,-0.0489474,-8.49191
333.25,-0.0489423,-8.49436
333.3,-0.0489499,-8.49681
333.35,-0.0489646,-8.49926
333.4,-0.0489676,-8.50171
333.45,-0.0489785,-8.50416
333.5,-0.0489788,-8.5066
333.55,-0.0489715,-8.50905
333.6,-0.0489935,-8.5115
333.65,-0.0489976,-8.51395
333.7,-0.0489893,-8.5164
333.75,-0.0489902,-8.51885
333.8,-0.0490021,-8.5213
333.85,-0.0490223,-8.52375
333.9,-0.0490322,-8.5262
333.95,-0.0490376,-8.52866
334.0,-0.0490367,-8.53111
334.05,-0.0490127,-8.53356
334.1,-0.0490269,-8.53601
334.15,-0.0490072,-8.53846
334.2,-0.0490227,-8.54091
334.25,-0.0490146,-8.54336
334.3,-0.0490305,-8.54581
334.35,-0.0490256,-8.54826
334.4,-0.0490566,-8.55072
334.45,-0.0490597,-8.55317
334.5,-0.0490681,-8.55562
334.55,-0.0490765,-8.55808
334.6,-0.0490641,-8.56053
334.65,-0.0490698,-8.56298
334.7,-0.0490764,-8.56544
334.75,-0.0490817,-8.56789
334.8,-0.0490885,-8.57035
334.85,-0.0491412,-8.5728
334.9,-0.0491508,-8.57526
334.95,-0.0491596,-8.57772
335.0,-0.0491528,-8.58018
335.05,-0.0491473,-8.58263
335.1,-0.0491357,-8.58509
335.15,-0.0491304,-8.58755
335.2,-0.0491383,-8.59
335.25,-0.0491543,-8.59246
335.3,-0.0491779,-8.59492
335.35,-0.0491784,-8.59738
335.4,-0.0491832,-8.59984
335.45,-0.0492017,-8.6023
335.5,-0.049209,-8.60476
335.55,-0.0492175,-8.60722
335.6,-0.0492049,-8.60968
335.65,-0.0491839,-8.61214
335.7,-0.0491977,-8.6146
335.75,-0.049182,-8.61706
335.8,-0.0491845,-8.61952
335.85,-0.0492177,-8.62198
335.9,-0.0492156,-8.62444
335.95,-0.04923,-8.6269
336.0,-0.0492201,-8.62936
336.05,-0.0492154,-8.63182
336.1,-0.0492217,-8.63428
336.15,-0.049224,-8.63675
336.2,-0.049223,-8.63921
336.25,-0.0492148,-8.64167
336.3,-0.0492215,-8.64413
336.35,-0.0492391,-8.64659
336.4,-0.0492449,-8.64905
336.45,-0.0492555,-8.65152
336.5,-0.0492575,-8.65398
336.55,-0.049241,-8.65644
336.6,-0.049243,-8.6589
336.65,-0.0492466,-8.66136
336.7,-0.0492654,-8.66383
336.75,-0.0492802,-8.66629
336.8,-0.0492898,-8.66876
336.85,-0.0492941,-8.67122
336.9,-0.0493127,-8.67369
336.95,-0.0492811,-8.67615
337.0,-0.049276,-8.67861
337.05,-0.0492675,-8.68108
337.1,-0.0492755,-8.68354
337.15,-0.049285,-8.68601
337.2,-0.0492912,-8.68847
337.25,-0.0493038,-8.69094
337.3,-0.0493325,-8.6934
337.35,-0.0493424,-8.69587
337.4,-0.0493434,-8.69834
337.45,-0.0493489,-8.7008
337.5,-0.0493341,-8.70327
337.55,-0.0493341,-8.70574
337.6,-0.0493308,-8.7082
337.65,-0.0493235,-8.71067
337.7,-0.0493449,-8.71314
337.75,-0.049354,-8.71561
337.8,-0.0493652,-8.71807
337.85,-0.0493798,-8.72054
337.9,-0.0493774,-8.72301
337.95,-0.0493839,-8.72548
338.0,-0.0493753,-8.72795
338.05,-0.0493845,-8.73042
338.1,-0.0493833,-8.73289
338.15,-0.0493759,-8.73536
338.2,-0.049384,-8.73783
338.25,-0.0493827,-8.7403
338.3,-0.0493829,-8.74276
338.35,-0.0493903,-8.74523
338.4,-0.0493862,-8.7477
338.45,-0.0493886,-8.75017
338.5,-0.049393,-8.75264
338.55,-0.0493988,-8.75511
338.6,-0.0494052,-8.75758
338.65,-0.0494161,-8.76005
338.7,-0.0494215,-8.76252
338.75,-0.0494337,-8.765
338.8,-0.0494371,-8.76747
338.85,-0.0494486,-8.76994
338.9,-0.0494537,-8.77241
338.95,-0.0494458,-8.77489
339.0,-0.0494496,-8.77736
339.05,-0.0494436,-8.77983
339.1,-0.0494652,-8.7823
339.15,-0.0494717,-8.78478
339.2,-0.0494813,-8.78725
339.25,-0.0495012,-8.78973
339.3,-0.0495289,-8.7922
339.35,-0.0495236,-8.79468
339.4,-0.0495257,-8.79715
339.45,-0.0495029,-8.79963
339.5,-0.0495005,-8.8021
339.55,-0.0495112,-8.80458
339.6,-0.0495289,-8.80706
339.65,-0.0495242,-8.80953
339.7,-0.0495579,-8.81201
339.75,-0.0495746,-8.81449
339.8,-0.0496109,-8.81697
339.85,-0.0495824,-8.81945
339.9,-0.0496076,-8.82193
339.95,-0.0496181,-8.82441
340.0,-0.0496146,-8.82689
340.05,-0.0496404,-8.82937
340.1,-0.0496342,-8.83185
340.15,-0.0496355,-8.83434
340.2,-0.0496589,-8.83682
340.25,-0.0496718,-8.8393
340.3,-0.0496806,-8.84179
340.35,-0.0497089,-8.84427
340.4,-0.0497086,-8.84676
340.45,-0.0497236,-8.84924
340.5,-0.0497132,-8.85173
340.55,-0.0497298,-8.85422
340.6,-0.0497487,-8.8567
340.65,-0.0497582,-8.85919
340.7,-0.0497703,-8.86168
340.75,-0.0497622,-8.86417
340.8,-0.0497778,-8.86666
340.85,-0.049783,-8.86915
340.9,-0.0497886,-8.87164
340.95,-0.049816,-8.87413
341.0,-0.0498233,-8.87662
341.05,-0.0498275,-8.87911
341.1,-0.0498356,-8.8816
341.15,-0.0498397,-8.88409
341.2,-0.0498418,-8.88659
341.25,-0.0498588,-8.88908
341.3,-0.0498718,-8.89157
341.35,-0.0498921,-8.89407
341.4,-0.0499117,-8.89656
341.45,-0.0499075,-8.89906
341.5,-0.0499066,-8.90155
341.55,-0.0499196,-8.90405
341.6,-0.0499272,-8.90654
341.65,-0.0499358,-8.90904
341.7,-0.049954,-8.91154
341.75,-0.0499723,-8.91404
341.8,-0.0499784,-8.91654
341.85,-0.0499814,-8.91904
341.9,-0.0499936,-8.92154
341.95,-0.0500198,-8.92404
342.0,-0.0500242,-8.92654
342.05,-0.05004,-8.92904
342.1,-0.0500353,-8.93154
342.15,-0.0500572,-8.93404
342.2,-0.050084,-8.93655
342.25,-0.0500844,-8.93905
342.3,-0.0501149,-8.94156
342.35,-0.0501061,-8.94406
342.4,-0.050111,-8.94657
342.45,-0.0501201,-8.94908
342.5,-0.0501282,-8.95158
342.55,-0.0501452,-8.95409
342.6,-0.0501695,-8.9566
342.65,-0.0501613,-8.95911
342.7,-0.0501705,-8.96161
342.75,-0.0501726,-8.96412
342.8,-0.0501819,-8.96663
342.85,-0.0501837,-8.96914
342.9,-0.0502078,-8.97165
342.95,-0.0502274,-8.97416
343.0,-0.0502336,-8.97668
343.05,-0.0502482,-8.97919
343.1,-0.0502624,-8.9817
343.15,-0.05027,-8.98421
343.2,-0.0502812,-8.98673
343.25,-0.0502882,-8.98924
343.3,-0.0502927,-8.99176
343.35,-0.0502994,-8.99427
343.4,-0.0503027,-8.99679
343.45,-0.0503197,-8.9993
343.5,-0.050324,-9.00182
343.55,-0.0503358,-9.00434
343.6,-0.0503559,-9.00685
343.65,-0.0503564,-9.00937
343.7,-0.0503805,-9.01189
343.75,-0.0503889,-9.01441
343.8,-0.0503957,-9.01693
343.85,-0.0503952,-9.01945
343.9,-0.0504127,-9.02197
343.95,-0.0504003,-9.02449
344.0,-0.0504188,-9.02701
344.05,-0.0504269,-9.02953
344.1,-0.0504243,-9.03205
344.15,-0.0504419,-9.03458
344.2,-0.050449,-9.0371
344.25,-0.0504463,-9.03962
344.3,-0.0504579,-9.04214
344.35,-0.0504633,-9.04467
344.4,-0.0504642,-9.04719
344.45,-0.0504713,-9.04971
344.5,-0.0504761,-9.05224
344.55,-0.0504834,-9.05476
344.6,-0.0504902,-9.05729
344.65,-0.0504917,-9.05981
344.7,-0.0505122,-9.06234
344.75,-0.0505128,-9.06486
344.8,-0.0505117,-9.06739
344.85,-0.0505211,-9.06991
344.9,-0.0505528,-9.07244
344.95,-0.0505706,-9.07497
345.0,-0.0505502,-9.0775
345.05,-0.0505657,-9.08003
345.1,-0.0505574,-9.08255
345.15,-0.0505491,-9.08508
345.2,-0.0505698,-9.08761
345.25,-0.050572,-9.09014
345.3,-0.0505843,-9.09267
345.35,-0.0505965,-9.0952
345.4,-0.0505728,-9.09773
345.45,-0.0505962,-9.10026
345.5,-0.0506107,-9.10279
345.55,-0.0506058,-9.10532
345.6,-0.0506156,-9.10785
345.65,-0.0506346,-9.11038
345.7,-0.050637,-9.11291
345.75,-0.0506691,-9.11544
345.8,-0.050665,-9.11798
345.85,-0.0506798,-9.12051
345.9,-0.0506756,-9.12304
345.95,-0.0506736,-9.12558
346.0,-0.0506709,-9.12811
346.05,-0.0506774,-9.13065
346.1,-0.0506751,-9.13318
346.15,-0.0506859,-9.13571
346.2,-0.050685,-9.13825
346.25,-0.0507197,-9.14078
346.3,-0.050788,-9.14332
346.35,-0.0507962,-9.14586
346.4,-0.0508556,-9.14841
346.45,-0.0508618,-9.15095
346.5,-0.0508361,-9.15349
346.55,-0.0508019,-9.15603
346.6,-0.0507892,-9.15857
346.65,-0.0507993,-9.16111
346.7,-0.0508174,-9.16365
346.75,-0.0508225,-9.16619
346.8,-0.0508391,-9.16873
346.85,-0.0508354,-9.17128
346.9,-0.0508586,-9.17382
346.95,-0.0508575,-9.17636
347.0,-0.0508583,-9.17891
347.05,-0.050885,-9.18145
347.1,-0.0508766,-9.18399
347.15,-0.0508917,-9.18654
347.2,-0.0508928,-9.18908
347.25,-0.050883,-9.19163
347.3,-0.0508946,-9.19417
347.35,-0.0509012,-9.19672
347.4,-0.0509033,-9.19926
347.45,-0.0509183,-9.20181
347.5,-0.0509162,-9.20435
347.55,-0.0509186,-9.2069
347.6,-0.0509257,-9.20945
347.65,-0.0509364,-9.21199
347.7,-0.0509406,-9.21454
347.75,-0.0509441,-9.21709
347.8,-0.0509632,-9.21964
347.85,-0.0509591,-9.22218
347.9,-0.0509679,-9.22473
347.95,-0.0509702,-9.22728
348.0,-0.0509688,-9.22983
348.05,-0.0509796,-9.23238
348.1,-0.0509839,-9.23493
348.15,-0.0509944,-9.23748
348.2,-0.0509897,-9.24003
348.25,-0.0510095,-9.24258
348.3,-0.0510198,-9.24513
348.35,-0.0510281,-9.24768
348.4,-0.051029,-9.25023
348.45,-0.0510425,-9.25278
348.5,-0.051051,-9.25533
348.55,-0.0510575,-9.25789
348.6,-0.0510621,-9.26044
348.65,-0.0510734,-9.26299
348.7,-0.051064,-9.26555
348.75,-0.0510814,-9.2681
348.8,-0.051089,-9.27066
348.85,-0.0511015,-9.27321
348.9,-0.0511038,-9.27577
348.95,-0.0511111,-9.27832
349.0,-0.0511128,-9.28088
349.05,-0.0511337,-9.28343
349.1,-0.0511344,-9.28599
349.15,-0.0511372,-9.28855
349.2,-0.0511513,-9.29111
349.25,-0.0511506,-9.29366
349.3,-0.0511654,-9.29622
349.35,-0.0511747,-9.29878
349.4,-0.0511951,-9.30134
349.45,-0.0511886,-9.3039
349.5,-0.0512,-9.30646
349.55,-0.0512029,-9.30902
349.6,-0.0512098,-9.31158
349.65,-0.0512262,-9.31414
349.7,-0.0512151,-9.3167
349.75,-0.0512395,-9.31926
349.8,-0.0512533,-9.32183
349.85,-0.051239,-9.32439
349.9,-0.0512522,-9.32695
349.95,-0.0512587,-9.32951
350.0,-0.0512658,-9.33208
350.05,-0.051279,-9.33464
350.1,-0.0512799,-9.3372
350.15,-0.0512932,-9.33977
350.2,-0.0512983,-9.34233
350.25,-0.0512918,-9.3449
350.3,-0.051295,-9.34746
350.35,-0.0513069,-9.35003
350.4,-0.0513179,-9.3526
350.45,-0.0513225,-9.35516
350.5,-0.0513365,-9.35773
350.55,-0.0513344,-9.36029
350.6,-0.0513402,-9.36286
350.65,-0.051351,-9.36543
350.7,-0.0513476,-9.368
350.75,-0.0513531,-9.37056
350.8,-0.0513658,-9.37313
350.85,-0.0513823,-9.3757
350.9,-0.0513753,-9.37827
350.95,-0.0513851,-9.38084
351.0,-0.0513865,-9.38341
351.05,-0.0513933,-9.38598
351.1,-0.051402,-9.38855
351.15,-0.0514136,-9.39112
351.2,-0.0514136,-9.39369
351.25,-0.0514222,-9.39626
351.3,-0.0514212,-9.39883
351.35,-0.0514234,-9.4014
351.4,-0.0514183,-9.40397
351.45,-0.0514297,-9.40655
351.5,-0.0514426,-9.40912
351.55,-0.0514505,-9.41169
351.6,-0.0514582,-9.41426
351.65,-0.0514569,-9.41684
351.7,-0.0514641,-9.41941
351.75,-0.0514658,-9.42198
351.8,-0.051478,-9.42456
351.85,-0.0514693,-9.42713
351.9,-0.0514921,-9.4297
351.95,-0.0514965,-9.43228
352.0,-0.0514967,-9.43485
352.05,-0.0515102,-9.43743
352.1,-0.0515366,-9.44001
352.15,-0.0515468,-9.44258
352.2,-0.0515456,-9.44516
352.25,-0.0515496,-9.44774
352.3,-0.0515385,-9.45032
352.35,-0.0515297,-9.45289
352.4,-0.0515375,-9.45547
352.45,-0.051542,-9.45805
352.5,-0.0515547,-9.46062
352.55,-0.0515735,-9.4632
352.6,-0.0515777,-9.46578
352.65,-0.0515914,-9.46836
352.7,-0.0515928,-9.47094
352.75,-0.0515932,-9.47352
352.8,-0.05159,-9.4761
352.85,-0.0516071,-9.47868
352.9,-0.0515938,-9.48126
352.95,-0.0516005,-9.48384
353.0,-0.0516187,-9.48642
353.05,-0.0516272,-9.489
353.1,-0.0516347,-9.49158
353.15,-0.0516432,-9.49417
353.2,-0.0516431,-9.49675
353.25,-0.0516536,-9.49933
353.3,-0.0516487,-9.50191
353.35,-0.0516475,-9.5045
353.4,-0.0516613,-9.50708
353.45,-0.0516683,-9.50966
353.5,-0.0516638,-9.51225
353.55,-0.0516575,-9.51483
353.6,-0.0516602,-9.51741
353.65,-0.0516725,-9.51999
353.7,-0.0516857,-9.52258
353.75,-0.0516861,-9.52516
353.8,-0.0516952,-9.52775
353.85,-0.0517085,-9.53033
353.9,-0.0517011,-9.53292
353.95,-0.0516947,-9.5355
354.0,-0.0517128,-9.53809
354.05,-0.051718,-9.54068
354.1,-0.0517259,-9.54326
354.15,-0.0517398,-9.54585
354.2,-0.051744,-9.54844
354.25,-0.0517396,-9.55102
354.3,-0.0517432,-9.55361
354.35,-0.0517434,-9.5562
354.4,-0.0517594,-9.55878
354.45,-0.0517784,-9.56137
354.5,-0.0517726,-9.56396
354.55,-0.051784,-9.56655
354.6,-0.0517883,-9.56914
354.65,-0.0518045,-9.57173
354.7,-0.05181,-9.57432
354.75,-0.0518057,-9.57691
354.8,-0.051799,-9.5795
354.85,-0.0517971,-9.58209
354.9,-0.0517957,-9.58468
354.95,-0.0517975,-9.58727
355.0,-0.0517981,-9.58986
355.05,-0.0518065,-9.59245
355.1,-0.0518101,-9.59504
355.15,-0.0518256,-9.59763
355.2,-0.0518192,-9.60022
355.25,-0.0518356,-9.60282
355.3,-0.0518371,-9.60541
355.35,-0.0518549,-9.608
355.4,-0.0518629,-9.61059
355.45,-0.0518663,-9.61319
355.5,-0.0518651,-9.61578
355.55,-0.0518587,-9.61837
355.6,-0.0518675,-9.62097
355.65,-0.0518668,-9.62356
355.7,-0.0518728,-9.62615
355.75,-0.0518983,-9.62875
355.8,-0.0518931,-9.63134
355.85,-0.0519046,-9.63394
355.9,-0.0519082,-9.63653
355.95,-0.0519029,-9.63913
356.0,-0.0519189,-9.64173
356.05,-0.0519078,-9.64432
356.1,-0.0519303,-9.64692
356.15,-0.0519684,-9.64952
356.2,-0.0519782,-9.65211
356.25,-0.0519684,-9.65471
356.3,-0.0519758,-9.65731
356.35,-0.0519877,-9.65991
356.4,-0.0520029,-9.66251
356.45,-0.0519953,-9.66511
356.5,-0.052013,-9.66771
356.55,-0.0520123,-9.67031
356.6,-0.0520076,-9.67291
356.65,-0.0520004,-9.67551
356.7,-0.052007,-9.67811
356.75,-0.0520158,-9.68071
356.8,-0.0520196,-9.68331
356.85,-0.0520297,-9.68592
356.9,-0.052052,-9.68852
356.95,-0.0521325,-9.69112
357.0,-0.0521138,-9.69373
357.05,-0.052122,-9.69634
357.1,-0.0521202,-9.69894
357.15,-0.0521245,-9.70155
357.2,-0.052123,-9.70416
357.25,-0.0521399,-9.70676
357.3,-0.0521265,-9.70937
357.35,-0.0521309,-9.71198
357.4,-0.052134,-9.71458
357.45,-0.052159,-9.71719
357.5,-0.052155,-9.7198
357.55,-0.0521605,-9.72241
357.6,-0.052143,-9.72501
357.65,-0.0521558,-9.72762
357.7,-0.0521777,-9.73023
357.75,-0.0521669,-9.73284
357.8,-0.0521807,-9.73545
357.85,-0.0522026,-9.73806
357.9,-0.0521971,-9.74067
357.95,-0.0522079,-9.74328
358.0,-0.0521944,-9.74589
358.05,-0.0522193,-9.7485
358.1,-0.0522265,-9.75111
358.15,-0.0522395,-9.75372
358.2,-0.0522532,-9.75633
358.25,-0.0522527,-9.75895
358.3,-0.0522535,-9.76156
358.35,-0.0522665,-9.76417
358.4,-0.0522585,-9.76679
358.45,-0.0522787,-9.7694
358.5,-0.0522921,-9.77201
358.55,-0.0522916,-9.77463
358.6,-0.0522974,-9.77724
358.65,-0.0523033,-9.77986
358.7,-0.0523163,-9.78247
358.75,-0.0523142,-9.78509
358.8,-0.0523248,-9.78771
358.85,-0.0523322,-9.79032
358.9,-0.0523445,-9.79294
358.95,-0.0523483,-9.79556
359.0,-0.0523615,-9.79818
359.05,-0.0523688,-9.80079
359.1,-0.0523869,-9.80341
359.15,-0.0523843,-9.80603
359.2,-0.0524084,-9.80865
359.25,-0.0524079,-9.81127
359.3,-0.0524089,-9.81389
359.35,-0.0524178,-9.81651
359.4,-0.0524293,-9.81914
359.45,-0.052433,-9.82176
359.5,-0.052448,-9.82438
359.55,-0.0524533,-9.827
359.6,-0.0524768,-9.82963
359.65,-0.0524647,-9.83225
359.7,-0.0524715,-9.83487
359.75,-0.0524702,-9.8375
359.8,-0.0524795,-9.84012
359.85,-0.0524818,-9.84275
359.9,-0.0524904,-9.84537
359.95,-0.0525047,-9.84799
360.0,-0.0525199,-9.85062
360.05,-0.0525212,-9.85325
360.1,-0.0525103,-9.85587
360.15,-0.0525216,-9.8585
360.2,-0.0525487,-9.86113
360.25,-0.0525564,-9.86375
360.3,-0.0525542,-9.86638
360.35,-0.0525708,-9.86901
360.4,-0.0525672,-9.87164
360.45,-0.0525685,-9.87427
360.5,-0.0525823,-9.8769
360.55,-0.0525927,-9.87953
360.6,-0.0525806,-9.88215
360.65,-0.0525891,-9.88478
360.7,-0.052582,-9.88741
360.75,-0.0525981,-9.89004
360.8,-0.0526037,-9.89267
360.85,-0.052624,-9.8953
360.9,-0.0526297,-9.89794
360.95,-0.0526301,-9.90057
361.0,-0.0526415,-9.9032
361.05,-0.052648,-9.90583
361.1,-0.0526537,-9.90846
361.15,-0.0526548,-9.9111
361.2,-0.052662,-9.91373
361.25,-0.0526605,-9.91636
361.3,-0.0526762,-9.919
361.35,-0.0526901,-9.92163
361.4,-0.0526866,-9.92427
361.45,-0.0527057,-9.9269
361.5,-0.0527168,-9.92954
361.55,-0.0527265,-9.93217
361.6,-0.0527235,-9.93481
361.65,-0.0527234,-9.93745
361.7,-0.0527512,-9.94008
361.75,-0.0527452,-9.94272
361.8,-0.0527579,-9.94536
361.85,-0.0527462,-9.948
361.9,-0.052766,-9.95063
361.95,-0.0527835,-9.95327
362.0,-0.0527738,-9.95591
362.05,-0.0527848,-9.95855
362.1,-0.0528058,-9.96119
362.15,-0.0528145,-9.96383
362.2,-0.0528155,-9.96647
362.25,-0.0528261,-9.96911
362.3,-0.0528392,-9.97176
362.35,-0.0528578,-9.9744
362.4,-0.0528609,-9.97704
362.45,-0.0528652,-9.97969
362.5,-0.0528682,-9.98233
362.55,-0.0528686,-9.98497
362.6,-0.0528832,-9.98762
362.65,-0.0528886,-9.99026
362.7,-0.0528892,-9.99291
362.75,-0.0529061,-9.99555
362.8,-0.052912,-9.9982
362.85,-0.05292,-10.0008
362.9,-0.0529292,-10.0035
362.95,-0.052933,-10.0061
363.0,-0.0529415,-10.0088
363.05,-0.0529493,-10.0114
363.1,-0.052953,-10.0141
363.15,-0.0529506,-10.0167
363.2,-0.0529652,-10.0194
363.25,-0.0529593,-10.022
363.3,-0.0529655,-10.0247
363.35,-0.0529646,-10.0273
363.4,-0.052965,-10.03
363.45,-0.0529944,-10.0326
363.5,-0.0530113,-10.0353
363.55,-0.0530101,-10.0379
363.6,-0.053019,-10.0406
363.65,-0.0530195,-10.0432
363.7,-0.0530221,-10.0459
363.75,-0.0530349,-10.0485
363.8,-0.0530425,-10.0512
363.85,-0.053052,-10.0538
363.9,-0.05306,-10.0565
363.95,-0.0530645,-10.0591
364.0,-0.0530696,-10.0618
364.05,-0.0530774,-10.0644
364.1,-0.0530941,-10.0671
364.15,-0.0531054,-10.0698
364.2,-0.0531005,-10.0724
364.25,-0.053121,-10.0751
364.3,-0.0531083,-10.0777
364.35,-0.0531301,-10.0804
364.4,-0.0531353,-10.083
364.45,-0.053153,-10.0857
364.5,-0.0531754,-10.0883
364.55,-0.0531753,-10.091
364.6,-0.0531767,-10.0937
364.65,-0.0531912,-10.0963
364.7,-0.0531972,-10.099
364.75,-0.0532079,-10.1016
364.8,-0.0532015,-10.1043
364.85,-0.053222,-10.107
364.9,-0.0532344,-10.1096
364.95,-0.0532408,-10.1123
365.0,-0.0532573,-10.115
365.05,-0.053282,-10.1176
365.1,-0.0532872,-10.1203
365.15,-0.0532787,-10.1229
365.2,-0.053279,-10.1256
365.25,-0.0533015,-10.1283
365.3,-0.0533147,-10.1309
365.35,-0.0533262,-10.1336
365.4,-0.0533342,-10.1363
365.45,-0.0533599,-10.1389
365.5,-0.0533702,-10.1416
365.55,-0.0533737,-10.1443
365.6,-0.0533709,-10.1469
365.65,-0.0533707,-10.1496
365.7,-0.0533949,-10.1523
365.75,-0.0534013,-10.155
365.8,-0.0533913,-10.1576
365.85,-0.0534043,-10.1603
365.9,-0.0534199,-10.163
365.95,-0.0534289,-10.1656
366.0,-0.0534449,-10.1683
366.05,-0.0534566,-10.171
366.1,-0.0534906,-10.1737
366.15,-0.0534711,-10.1763
366.2,-0.0534733,-10.179
366.25,-0.0534902,-10.1817
366.3,-0.0534945,-10.1844
366.35,-0.053502,-10.187
366.4,-0.0535123,-10.1897
366.45,-0.0535081,-10.1924
366.5,-0.0535363,-10.1951
366.55,-0.0535394,-10.1977
366.6,-0.0535527,-10.2004
366.65,-0.0535576,-10.2031
366.7,-0.0535543,-10.2058
366.75,-0.0535756,-10.2084
366.8,-0.0535785,-10.2111
366.85,-0.0535973,-10.2138
366.9,-0.0536136,-10.2165
366.95,-0.0536441,-10.2192
367.0,-0.0536464,-10.2218
367.05,-0.0536642,-10.2245
367.1,-0.0536779,-10.2272
367.15,-0.0536983,-10.2299
367.2,-0.0536789,-10.2326
367.25,-0.0536883,-10.2353
367.3,-0.0536983,-10.238
367.35,-0.0537,-10.2406
367.4,-0.053719,-10.2433
367.45,-0.0537173,-10.246
367.5,-0.0537228,-10.2487
367.55,-0.0537517,-10.2514
367.6,-0.0537634,-10.2541
367.65,-0.0537749,-10.2568
367.7,-0.0537898,-10.2594
367.75,-0.0537813,-10.2621
367.8,-0.0537889,-10.2648
367.85,-0.0537997,-10.2675
367.9,-0.0537973,-10.2702
367.95,-0.0538225,-10.2729
368.0,-0.0538272,-10.2756
368.05,-0.0538268,-10.2783
368.1,-0.0538368,-10.281
368.15,-0.0538355,-10.2837
368.2,-0.0538456,-10.2864
368.25,-0.0538448,-10.2891
368.3,-0.0538432,-10.2917
368.35,-0.0538654,-10.2944
368.4,-0.0538751,-10.2971
368.45,-0.0538854,-10.2998
368.5,-0.0538968,-10.3025
368.55,-0.0539101,-10.3052
368.6,-0.0539239,-10.3079
368.65,-0.0539224,-10.3106
368.7,-0.0539384,-10.3133
368.75,-0.0539425,-10.316
368.8,-0.0539397,-10.3187
368.85,-0.0539405,-10.3214
368.9,-0.0539458,-10.3241
368.95,-0.0539671,-10.3268
369.0,-0.0539961,-10.3295
369.05,-0.0540069,-10.3322
369.1,-0.0540067,-10.3349
369.15,-0.0540034,-10.3376
369.2,-0.0540012,-10.3403
369.25,-0.0540103,-10.343
369.3,-0.0539974,-10.3457
369.35,-0.0540077,-10.3484
369.4,-0.0540215,-10.3511
369.45,-0.0540372,-10.3538
369.5,-0.0540422,-10.3565
369.55,-0.0540598,-10.3592
369.6,-0.0540566,-10.3619
369.65,-0.0540635,-10.3646
369.7,-0.0540775,-10.3673
369.75,-0.0540734,-10.37
369.8,-0.0540783,-10.3727
369.85,-0.0540818,-10.3754
369.9,-0.0540768,-10.3781
369.95,-0.0540901,-10.3808
370.0,-0.0540888,-10.3835
370.05,-0.0540917,-10.3862
370.1,-0.0541036,-10.3889
370.15,-0.0541077,-10.3916
370.2,-0.0541343,-10.3944
370.25,-0.0541275,-10.3971
370.3,-0.0541379,-10.3998
370.35,-0.0541496,-10.4025
370.4,-0.0541495,-10.4052
370.45,-0.0541619,-10.4079
370.5,-0.0541449,-10.4106
370.55,-0.0541559,-10.4133
370.6,-0.0541645,-10.416
370.65,-0.0541774,-10.4187
370.7,-0.0541791,-10.4214
370.75,-0.0542017,-10.4241
370.8,-0.0541931,-10.4269
370.85,-0.0541989,-10.4296
370.9,-0.0541857,-10.4323
370.95,-0.0542005,-10.435
371.0,-0.0542159,-10.4377
371.05,-0.0542201,-10.4404
371.1,-0.0542254,-10.4431
371.15,-0.0542373,-10.4458
371.2,-0.0542309,-10.4485
371.25,-0.0542487,-10.4513
371.3,-0.0542527,-10.454
371.35,-0.0542713,-10.4567
371.4,-0.0542841,-10.4594
371.45,-0.0542714,-10.4621
371.5,-0.054291,-10.4648
371.55,-0.0542942,-10.4675
371.6,-0.0543016,-10.4703
371.65,-0.054309,-10.473
371.7,-0.0543241,-10.4757
371.75,-0.0543244,-10.4784
371.8,-0.0543294,-10.4811
371.85,-0.0543352,-10.4838
371.9,-0.0543596,-10.4865
371.95,-0.0543785,-10.4893
372.0,-0.0543631,-10.492
372.05,-0.0543783,-10.4947
372.1,-0.0543722,-10.4974
372.15,-0.0543956,-10.5001
372.2,-0.0543852,-10.5029
372.25,-0.054387,-10.5056
372.3,-0.0544095,-10.5083
372.35,-0.0544009,-10.511
372.4,-0.0544075,-10.5137
372.45,-0.0544287,-10.5165
372.5,-0.0544449,-10.5192
372.55,-0.0544565,-10.5219
372.6,-0.054461,-10.5246
372.65,-0.0544731,-10.5274
372.7,-0.0545003,-10.5301
372.75,-0.054495,-10.5328
372.8,-0.0544897,-10.5355
372.85,-0.0544948,-10.5383
372.9,-0.054494,-10.541
372.95,-0.0545019,-10.5437
373.0,-0.0545176,-10.5464
373.05,-0.0545029,-10.5492
373.1,-0.054523,-10.5519
373.15,-0.054526,-10.5546
373.2,-0.0545267,-10.5573
373.25,-0.0545188,-10.5601
373.3,-0.0545278,-10.5628
373.35,-0.0545349,-10.5655
373.4,-0.0545387,-10.5682
373.45,-0.054551,-10.571
373.5,-0.0545578,-10.5737
373.55,-0.0545803,-10.5764
373.6,-0.0545969,-10.5792
373.65,-0.0546289,-10.5819
373.7,-0.0546153,-10.5846
373.75,-0.0546232,-10.5873
373.8,-0.0546112,-10.5901
373.85,-0.0546186,-10.5928
373.9,-0.0546313,-10.5955
373.95,-0.0546353,-10.5983
374.0,-0.0546468,-10.601
374.05,-0.0546603,-10.6037
374.1,-0.0546504,-10.6065
374.15,-0.0546532,-10.6092
374.2,-0.0546543,-10.6119
374.25,-0.0546641,-10.6147
374.3,-0.0546776,-10.6174
374.35,-0.0546792,-10.6201
374.4,-0.0547009,-10.6229
374.45,-0.0547157,-10.6256
374.5,-0.0547106,-10.6283
374.55,-0.0547334,-10.6311
374.6,-0.054739,-10.6338
374.65,-0.0547481,-10.6366
374.7,-0.0547589,-10.6393
374.75,-0.0547628,-10.642
374.8,-0.0547688,-10.6448
374.85,-0.0547657,-10.6475
374.9,-0.0547643,-10.6502
374.95,-0.0547735,-10.653
375.0,-0.0547779,-10.6557
375.05,-0.0547998,-10.6585
375.1,-0.0547955,-10.6612
375.15,-0.0547845,-10.6639
375.2,-0.0548026,-10.6667
375.25,-0.0548003,-10.6694
375.3,-0.0548068,-10.6722
375.35,-0.0548185,-10.6749
375.4,-0.0548299,-10.6776
375.45,-0.0548426,-10.6804
375.5,-0.0548529,-10.6831
375.55,-0.0548483,-10.6859
375.6,-0.0548774,-10.6886
375.65,-0.0548886,-10.6914
375.7,-0.0548753,-10.6941
375.75,-0.0548725,-10.6968
375.8,-0.0548751,-10.6996
375.85,-0.0548759,-10.7023
375.9,-0.0548808,-10.7051
375.95,-0.0549009,-10.7078
376.0,-0.0549192,-10.7106
376.05,-0.0549275,-10.7133
376.1,-0.0549308,-10.7161
376.15,-0.0549211,-10.7188
376.2,-0.0549216,-10.7216
376.25,-0.0549397,-10.7243
376.3,-0.0549492,-10.7271
376.35,-0.0549628,-10.7298
376.4,-0.0549795,-10.7325
376.45,-0.0549753,-10.7353
376.5,-0.0550049,-10.738
376.55,-0.0550239,-10.7408
376.6,-0.0550225,-10.7435
376.65,-0.0550114,-10.7463
376.7,-0.0550245,-10.7491
376.75,-0.0550233,-10.7518
376.8,-0.0550418,-10.7546
376.85,-0.0550583,-10.7573
376.9,-0.0550755,-10.7601
376.95,-0.0550811,-10.7628
377.0,-0.0550867,-10.7656
377.05,-0.0550882,-10.7683
377.1,-0.0550798,-10.7711
377.15,-0.055089,-10.7738
377.2,-0.0551015,-10.7766
377.25,-0.0551015,-10.7793
377.3,-0.0551293,-10.7821
377.35,-0.055137,-10.7849
377.4,-0.0551353,-10.7876
377.45,-0.0551628,-10.7904
377.5,-0.0551788,-10.7931
377.55,-0.0551697,-10.7959
377.6,-0.0551822,-10.7986
377.65,-0.0551752,-10.8014
377.7,-0.0551862,-10.8042
377.75,-0.0552042,-10.8069
377.8,-0.0552078,-10.8097
377.85,-0.0552278,-10.8124
377.9,-0.0552344,-10.8152
377.95,-0.0552361,-10.818
378.0,-0.0552385,-10.8207
378.05,-0.0552395,-10.8235
378.1,-0.0552492,-10.8263
378.15,-0.0552663,-10.829
378.2,-0.0552643,-10.8318
378.25,-0.0552875,-10.8345
378.3,-0.0552956,-10.8373
378.35,-0.0552925,-10.8401
378.4,-0.0553163,-10.8428
378.45,-0.0553235,-10.8456
378.5,-0.0553599,-10.8484
378.55,-0.0553676,-10.8511
378.6,-0.0553549,-10.8539
378.65,-0.05537,-10.8567
378.7,-0.0553647,-10.8594
378.75,-0.0553669,-10.8622
378.8,-0.0553763,-10.865
378.85,-0.0553887,-10.8678
378.9,-0.0553977,-10.8705
378.95,-0.0553978,-10.8733
379.0,-0.0554112,-10.8761
379.05,-0.0554186,-10.8788
379.1,-0.0554184,-10.8816
379.15,-0.0554424,-10.8844
379.2,-0.0554536,-10.8872
379.25,-0.0554575,-10.8899
379.3,-0.0554639,-10.8927
379.35,-0.0554621,-10.8955
379.4,-0.0554791,-10.8982
379.45,-0.0554868,-10.901
379.5,-0.0554915,-10.9038
379.55,-0.0555078,-10.9066
379.6,-0.0555197,-10.9093
379.65,-0.0555181,-10.9121
379.7,-0.0555355,-10.9149
379.75,-0.0555376,-10.9177
379.8,-0.0555383,-10.9205
379.85,-0.0555339,-10.9232
379.9,-0.0555494,-10.926
379.95,-0.055563,-10.9288
380.0,-0.0555716,-10.9316
380.05,-0.0555727,-10.9343
380.1,-0.0555887,-10.9371
380.15,-0.0556049,-10.9399
380.2,-0.0556257,-10.9427
380.25,-0.0556297,-10.9455
380.3,-0.0556354,-10.9482
380.35,-0.0556625,-10.951
380.4,-0.0556654,-10.9538
380.45,-0.0556778,-10.9566
380.5,-0.055674,-10.9594
380.55,-0.0556866,-10.9622
380.6,-0.0556884,-10.9649
380.65,-0.0556998,-10.9677
380.7,-0.0556929,-10.9705
380.75,-0.0556919,-10.9733
380.8,-0.0557081,-10.9761
380.85,-0.0557142,-10.9789
380.9,-0.0557273,-10.9817
380.95,-0.055747,-10.9844
381.0,-0.0557621,-10.9872
381.05,-0.0557611,-10.99
381.1,-0.0557642,-10.9928
381.15,-0.0557749,-10.9956
381.2,-0.05578,-10.9984
381.25,-0.0557831,-11.0012
381.3,-0.0557945,-11.004
381.35,-0.0558039,-11.0068
381.4,-0.0558166,-11.0096
381.45,-0.0558223,-11.0123
381.5,-0.0558208,-11.0151
381.55,-0.0558283,-11.0179
381.6,-0.0558376,-11.0207
381.65,-0.0558432,-11.0235
381.7,-0.0558421,-11.0263
381.75,-0.0558569,-11.0291
381.8,-0.0558561,-11.0319
381.85,-0.0558596,-11.0347
381.9,-0.0558761,-11.0375
381.95,-0.0558931,-11.0403
382.0,-0.0559017,-11.0431
382.05,-0.0559296,-11.0459
382.1,-0.0559489,-11.0487
382.15,-0.0559496,-11.0515
382.2,-0.0559696,-11.0543
382.25,-0.0559657,-11.0571
382.3,-0.0559707,-11.0598
382.35,-0.0559682,-11.0626
382.4,-0.0559747,-11.0654
382.45,-0.0559646,-11.0682
382.5,-0.0559848,-11.071
382.55,-0.0559895,-11.0738
382.6,-0.0560024,-11.0766
382.65,-0.0560152,-11.0794
382.7,-0.0560312,-11.0822
382.75,-0.0560314,-11.085
382.8,-0.0560361,-11.0878
382.85,-0.0560392,-11.0907
382.9,-0.056063,-11.0935
382.95,-0.056067,-11.0963
383.0,-0.0560798,-11.0991
383.05,-0.0560821,-11.1019
383.1,-0.056094,-11.1047
383.15,-0.0560971,-11.1075
383.2,-0.0561011,-11.1103
383.25,-0.0561248,-11.1131
383.3,-0.056122,-11.1159
383.35,-0.0561383,-11.1187
383.4,-0.0561415,-11.1215
383.45,-0.0561501,-11.1243
383.5,-0.0561648,-11.1271
383.55,-0.0561717,-11.1299
383.6,-0.0561762,-11.1327
383.65,-0.0562014,-11.1356
383.7,-0.0562149,-11.1384
383.75,-0.0562051,-11.1412
383.8,-0.0562084,-11.144
383.85,-0.0562296,-11.1468
383.9,-0.0562353,-11.1496
383.95,-0.05624,-11.1524
384.0,-0.0562535,-11.1552
384.05,-0.0562637,-11.158
384.1,-0.0562699,-11.1609
384.15,-0.0562792,-11.1637
384.2,-0.0562896,-11.1665
384.25,-0.0562971,-11.1693
384.3,-0.0562993,-11.1721
384.35,-0.0563071,-11.1749
384.4,-0.0563203,-11.1777
384.45,-0.0563542,-11.1806
384.5,-0.0563503,-11.1834
384.55,-0.0563602,-11.1862
384.6,-0.0563826,-11.189
384.65,-0.0563724,-11.1918
384.7,-0.0563928,-11.1947
384.75,-0.0563866,-11.1975
384.8,-0.0563706,-11.2003
384.85,-0.0563928,-11.2031
384.9,-0.0563955,-11.2059
384.95,-0.0564082,-11.2088
385.0,-0.0564507,-11.2116
385.05,-0.0564498,-11.2144
385.1,-0.0564764,-11.2172
385.15,-0.0564635,-11.22
385.2,-0.0564626,-11.2229
385.25,-0.0564681,-11.2257
385.3,-0.0564762,-11.2285
385.35,-0.0564844,-11.2313
385.4,-0.0565151,-11.2342
385.45,-0.0565311,-11.237
385.5,-0.0565382,-11.2398
385.55,-0.0565423,-11.2426
385.6,-0.056532,-11.2455
385.65,-0.0565367,-11.2483
385.7,-0.0565474,-11.2511
385.75,-0.0565327,-11.254
385.8,-0.0565436,-11.2568
385.85,-0.0565543,-11.2596
385.9,-0.056566,-11.2624
385.95,-0.0565834,-11.2653
386.0,-0.0565885,-11.2681
386.05,-0.0566125,-11.2709
386.1,-0.0566049,-11.2738
386.15,-0.0566209,-11.2766
386.2,-0.056614,-11.2794
386.25,-0.0566134,-11.2822
386.3,-0.0566244,-11.2851
386.35,-0.0566217,-11.2879
386.4,-0.0566458,-11.2907
386.45,-0.0566532,-11.2936
386.5,-0.0566566,-11.2964
386.55,-0.0566608,-11.2992
386.6,-0.0566513,-11.3021
386.65,-0.0566612,-11.3049
386.7,-0.0566708,-11.3077
386.75,-0.0566796,-11.3106
386.8,-0.0566839,-11.3134
386.85,-0.0566952,-11.3162
386.9,-0.0567064,-11.3191
386.95,-0.0567176,-11.3219
387.0,-0.0567175,-11.3248
387.05,-0.0567358,-11.3276
387.1,-0.0567357,-11.3304
387.15,-0.0567419,-11.3333
387.2,-0.0567348,-11.3361
387.25,-0.0567362,-11.3389
387.3,-0.0567402,-11.3418
387.35,-0.0567559,-11.3446
387.4,-0.0567655,-11.3474
387.45,-0.0567786,-11.3503
387.5,-0.0567913,-11.3531
387.55,-0.0567806,-11.356
387.6,-0.0567808,-11.3588
387.65,-0.0567899,-11.3616
387.7,-0.05681,-11.3645
387.75,-0.056816,-11.3673
387.8,-0.0568,-11.3702
387.85,-0.0568079,-11.373
387.9,-0.0568433,-11.3758
387.95,-0.0568382,-11.3787
388.0,-0.0568489,-11.3815
388.05,-0.0568538,-11.3844
388.1,-0.0568516,-11.3872
388.15,-0.0568459,-11.3901
388.2,-0.0568338,-11.3929
388.25,-0.0568518,-11.3957
388.3,-0.0568766,-11.3986
388.35,-0.0568799,-11.4014
388.4,-0.0568946,-11.4043
388.45,-0.0568877,-11.4071
388.5,-0.0568988,-11.41
388.55,-0.0568916,-11.4128
388.6,-0.0569044,-11.4157
388.65,-0.0569207,-11.4185
388.7,-0.0569268,-11.4213
388.75,-0.0569362,-11.4242
388.8,-0.0569435,-11.427
388.85,-0.0569504,-11.4299
388.9,-0.0569361,-11.4327
388.95,-0.0569502,-11.4356
389.0,-0.0569559,-11.4384
389.05,-0.0569525,-11.4413
389.1,-0.0569607,-11.4441
389.15,-0.0569722,-11.447
389.2,-0.0569859,-11.4498
389.25,-0.0569877,-11.4527
389.3,-0.0569952,-11.4555
389.35,-0.0570031,-11.4584
389.4,-0.0569973,-11.4612
389.45,-0.056998,-11.4641
389.5,-0.0569955,-11.4669
389.55,-0.0569929,-11.4698
389.6,-0.0570039,-11.4726
389.65,-0.0570062,-11.4755
389.7,-0.0570157,-11.4783
389.75,-0.0570252,-11.4812
389.8,-0.0570242,-11.484
389.85,-0.0570278,-11.4869
389.9,-0.0570446,-11.4897
389.95,-0.0570527,-11.4926
390.0,-0.0570684,-11.4954
390.05,-0.0570587,-11.4983
390.1,-0.0570754,-11.5011
390.15,-0.0570891,-11.504
390.2,-0.0570804,-11.5069
390.25,-0.057088,-11.5097
390.3,-0.0570701,-11.5126
390.35,-0.057086,-11.5154
390.4,-0.0570925,-11.5183
390.45,-0.0570998,-11.5211
390.5,-0.0571017,-11.524
390.55,-0.0571021,-11.5268
390.6,-0.0571151,-11.5297
390.65,-0.0571347,-11.5325
390.7,-0.0571269,-11.5354
390.75,-0.0571379,-11.5383
390.8,-0.0571362,-11.5411
390.85,-0.0571349,-11.544
390.9,-0.0571501,-11.5468
390.95,-0.0571554,-11.5497
391.0,-0.0571746,-11.5525
391.05,-0.0571919,-11.5554
391.1,-0.0571827,-11.5583
391.15,-0.0571917,-11.5611
391.2,-0.0572015,-11.564
391.25,-0.057176,-11.5668
391.3,-0.0571835,-11.5697
391.35,-0.0571807,-11.5726
391.4,-0.0571832,-11.5754
391.45,-0.057198,-11.5783
391.5,-0.0572006,-11.5811
391.55,-0.0572049,-11.584
391.6,-0.0571983,-11.5869
391.65,-0.0571985,-11.5897
391.7,-0.0572096,-11.5926
391.75,-0.057217,-11.5954
391.8,-0.0572207,-11.5983
391.85,-0.0572327,-11.6012
391.9,-0.0572332,-11.604
391.95,-0.0572444,-11.6069
392.0,-0.0572662,-11.6098
392.05,-0.0572645,-11.6126
392.1,-0.0572757,-11.6155
392.15,-0.0572587,-11.6183
392.2,-0.0572639,-11.6212
392.25,-0.0572475,-11.6241
392.3,-0.0572676,-11.6269
392.35,-0.0572759,-11.6298
392.4,-0.0572944,-11.6327
392.45,-0.0573035,-11.6355
392.5,-0.0573143,-11.6384
392.55,-0.0573079,-11.6413
392.6,-0.0573174,-11.6441
392.65,-0.0573052,-11.647
392.7,-0.0573062,-11.6499
392.75,-0.0573245,-11.6527
392.8,-0.0573148,-11.6556
392.85,-0.0573258,-11.6585
392.9,-0.0573546,-11.6613
392.95,-0.0573398,-11.6642
393.0,-0.0573459,-11.6671
393.05,-0.0573592,-11.6699
393.1,-0.0573548,-11.6728
393.15,-0.0573569,-11.6757
393.2,-0.0573536,-11.6785
393.25,-0.0573628,-11.6814
393.3,-0.0573596,-11.6843
393.35,-0.057366,-11.6871
393.4,-0.0573827,-11.69
393.45,-0.0573956,-11.6929
393.5,-0.0574019,-11.6957
393.55,-0.0574086,-11.6986
393.6,-0.0574194,-11.7015
393.65,-0.0574209,-11.7044
393.7,-0.0574283,-11.7072
393.75,-0.0574262,-11.7101
393.8,-0.0574281,-11.713
393.85,-0.0574341,-11.7158
393.9,-0.05744,-11.7187
393.95,-0.0574388,-11.7216
394.0,-0.0574461,-11.7245
394.05,-0.0574572,-11.7273
394.1,-0.0574557,-11.7302
394.15,-0.0574334,-11.7331
394.2,-0.0574382,-11.7359
394.25,-0.0574477,-11.7388
394.3,-0.0574475,-11.7417
394.35,-0.057468,-11.7446
394.4,-0.0574725,-11.7474
394.45,-0.0574873,-11.7503
394.5,-0.0574971,-11.7532
394.55,-0.057488,-11.7561
394.6,-0.0574854,-11.7589
394.65,-0.0574831,-11.7618
394.7,-0.0574872,-11.7647
394.75,-0.0574967,-11.7676
394.8,-0.0575063,-11.7704
394.85,-0.0574978,-11.7733
394.9,-0.0575186,-11.7762
394.95,-0.05752,-11.7791
395.0,-0.0575239,-11.7819
395.05,-0.0575204,-11.7848
395.1,-0.0575343,-11.7877
395.15,-0.0575396,-11.7906
395.2,-0.0575446,-11.7934
395.25,-0.0575492,-11.7963
395.3,-0.0575682,-11.7992
395.35,-0.0575597,-11.8021
395.4,-0.0575702,-11.805
395.45,-0.0575638,-11.8078
395.5,-0.0575882,-11.8107
395.55,-0.0576031,-11.8136
395.6,-0.0576089,-11.8165
395.65,-0.0576109,-11.8194
395.7,-0.0576116,-11.8222
395.75,-0.0576294,-11.8251
395.8,-0.0576358,-11.828
395.85,-0.0576519,-11.8309
395.9,-0.0576533,-11.8338
395.95,-0.0576878,-11.8366
396.0,-0.0576952,-11.8395
396.05,-0.0577007,-11.8424
396.1,-0.0577052,-11.8453
396.15,-0.0576931,-11.8482
396.2,-0.0576943,-11.8511
396.25,-0.0577035,-11.854
396.3,-0.0576974,-11.8568
396.35,-0.0577129,-11.8597
396.4,-0.0577222,-11.8626
396.45,-0.0577218,-11.8655
396.5,-0.0577245,-11.8684
396.55,-0.0577301,-11.8713
396.6,-0.0577428,-11.8742
396.65,-0.0577514,-11.877
396.7,-0.0577596,-11.8799
396.75,-0.0577721,-11.8828
396.8,-0.057777,-11.8857
396.85,-0.0577778,-11.8886
396.9,-0.0577854,-11.8915
396.95,-0.0577798,-11.8944
397.0,-0.0577798,-11.8973
397.05,-0.0577862,-11.9002
397.1,-0.0577874,-11.903
397.15,-0.057793,-11.9059
397.2,-0.0577904,-11.9088
397.25,-0.0578081,-11.9117
397.3,-0.0578091,-11.9146
397.35,-0.0578183,-11.9175
397.4,-0.0578203,-11.9204
397.45,-0.0578255,-11.9233
397.5,-0.0578511,-11.9262
397.55,-0.0578527,-11.9291
397.6,-0.0578511,-11.932
397.65,-0.0578678,-11.9349
397.7,-0.0578746,-11.9377
397.75,-0.0578883,-11.9406
397.8,-0.0578854,-11.9435
397.85,-0.0578971,-11.9464
397.9,-0.0579136,-11.9493
397.95,-0.0579218,-11.9522
398.0,-0.0579092,-11.9551
398.05,-0.0578995,-11.958
398.1,-0.0579146,-11.9609
398.15,-0.0579267,-11.9638
398.2,-0.0579344,-11.9667
398.25,-0.0579476,-11.9696
398.3,-0.0579649,-11.9725
398.35,-0.0579609,-11.9754
398.4,-0.0579741,-11.9783
398.45,-0.0579897,-11.9812
398.5,-0.0579984,-11.9841
398.55,-0.058,-11.987
398.6,-0.0580152,-11.9899
398.65,-0.0580331,-11.9928
398.7,-0.0580402,-11.9957
398.75,-0.0580574,-11.9986
398.8,-0.0580673,-12.0015
398.85,-0.0580905,-12.0044
398.9,-0.0580808,-12.0073
398.95,-0.0580832,-12.0102
399.0,-0.0580924,-12.0131
399.05,-0.0580892,-12.016
399.1,-0.0581038,-12.0189
399.15,-0.0580975,-12.0218
399.2,-0.0581134,-12.0247
399.25,-0.0581291,-12.0276
399.3,-0.0581261,-12.0306
399.35,-0.0581338,-12.0335
399.4,-0.0581436,-12.0364
399.45,-0.058158,-12.0393
399.5,-0.0581606,-12.0422
399.55,-0.0581623,-12.0451
399.6,-0.0581732,-12.048
399.65,-0.058189,-12.0509
399.7,-0.0581976,-12.0538
399.75,-0.0582051,-12.0567
399.8,-0.0582008,-12.0596
399.85,-0.0582095,-12.0625
399.9,-0.0582207,-12.0655
399.95,-0.0582248,-12.0684
400.0,-0.058236,-12.0713
400.05,-0.0582559,-12.0742
400.1,-0.0582532,-12.0771
400.15,-0.0582672,-12.08
400.2,-0.0582723,-12.0829
400.25,-0.0582527,-12.0858
400.3,-0.0582518,-12.0888
400.35,-0.0582649,-12.0917
400.4,-0.0582611,-12.0946
400.45,-0.0582821,-12.0975
400.5,-0.0582946,-12.1004
400.55,-0.0583109,-12.1033
400.6,-0.0583178,-12.1062
400.65,-0.0583346,-12.1092
400.7,-0.0583399,-12.1121
400.75,-0.0583276,-12.115
400.8,-0.0583343,-12.1179
400.85,-0.0583443,-12.1208
400.9,-0.0583372,-12.1237
400.95,-0.058355,-12.1267
401.0,-0.058351,-12.1296
401.05,-0.0583559,-12.1325
401.1,-0.0583624,-12.1354
401.15,-0.0583684,-12.1383
401.2,-0.0583838,-12.1413
401.25,-0.0583987,-12.1442
401.3,-0.0584089,-12.1471
401.35,-0.0584114,-12.15
401.4,-0.0584121,-12.1529
401.45,-0.0584287,-12.1559
401.5,-0.0584476,-12.1588
401.55,-0.0584618,-12.1617
401.6,-0.0584628,-12.1646
401.65,-0.0584535,-12.1676
401.7,-0.0584707,-12.1705
401.75,-0.0584615,-12.1734
401.8,-0.0584565,-12.1763
401.85,-0.0584643,-12.1792
401.9,-0.0584794,-12.1822
401.95,-0.0584827,-12.1851
402.0,-0.0585066,-12.188
402.05,-0.058513,-12.1909
402.1,-0.0585358,-12.1939
402.15,-0.05854,-12.1968
402.2,-0.0585173,-12.1997
402.25,-0.0585228,-12.2026
402.3,-0.0585222,-12.2056
402.35,-0.0585306,-12.2085
402.4,-0.0585394,-12.2114
402.45,-0.058551,-12.2144
402.5,-0.0585625,-12.2173
402.55,-0.0586276,-12.2202
402.6,-0.0586535,-12.2231
402.65,-0.0586477,-12.2261
402.7,-0.0586377,-12.229
402.75,-0.0586321,-12.2319
402.8,-0.0586334,-12.2349
402.85,-0.0586369,-12.2378
402.9,-0.0586406,-12.2407
402.95,-0.0586509,-12.2437
403.0,-0.0586474,-12.2466
403.05,-0.0586556,-12.2495
403.1,-0.0586553,-12.2525
403.15,-0.0586642,-12.2554
403.2,-0.0586651,-12.2583
403.25,-0.0586766,-12.2613
403.3,-0.0586807,-12.2642
403.35,-0.0586807,-12.2671
403.4,-0.0586826,-12.2701
403.45,-0.0586932,-12.273
403.5,-0.0586858,-12.2759
403.55,-0.0586837,-12.2789
403.6,-0.0586885,-12.2818
403.65,-0.0586977,-12.2847
403.7,-0.0587028,-12.2877
403.75,-0.0587078,-12.2906
403.8,-0.0587138,-12.2936
403.85,-0.0587152,-12.2965
403.9,-0.0587104,-12.2994
403.95,-0.0587131,-12.3024
404.0,-0.0587179,-12.3053
404.05,-0.0587385,-12.3082
404.1,-0.0587578,-12.3112
404.15,-0.0587563,-12.3141
404.2,-0.0587615,-12.317
404.25,-0.0587719,-12.32
404.3,-0.0587896,-12.3229
404.35,-0.0587792,-12.3259
404.4,-0.0587903,-12.3288
404.45,-0.0587902,-12.3317
404.5,-0.0587989,-12.3347
404.55,-0.0588029,-12.3376
404.6,-0.0588138,-12.3406
404.65,-0.0588242,-12.3435
404.7,-0.0588421,-12.3464
404.75,-0.0588473,-12.3494
404.8,-0.0588502,-12.3523
404.85,-0.0588654,-12.3553
404.9,-0.0588758,-12.3582
404.95,-0.0588786,-12.3612
405.0,-0.0588978,-12.3641
405.05,-0.0589178,-12.3671
405.1,-0.0589092,-12.37
405.15,-0.0589109,-12.3729
405.2,-0.0589235,-12.3759
405.25,-0.0589402,-12.3788
405.3,-0.0589337,-12.3818
405.35,-0.0589427,-12.3847
405.4,-0.0589594,-12.3877
405.45,-0.0589611,-12.3906
405.5,-0.0589669,-12.3936
405.55,-0.0589514,-12.3965
405.6,-0.0589585,-12.3995
405.65,-0.058972,-12.4024
405.7,-0.058972,-12.4054
405.75,-0.0589833,-12.4083
405.8,-0.0589765,-12.4113
405.85,-0.0589863,-12.4142
405.9,-0.0589889,-12.4172
405.95,-0.0589989,-12.4201
406.0,-0.0590042,-12.4231
406.05,-0.0590144,-12.426
406.1,-0.0590121,-12.429
406.15,-0.0590275,-12.4319
406.2,-0.0590273,-12.4349
406.25,-0.0590322,-12.4378
406.3,-0.0590303,-12.4408
406.35,-0.0590497,-12.4437
406.4,-0.0590568,-12.4467
406.45,-0.0590518,-12.4496
406.5,-0.0590497,-12.4526
406.55,-0.0590683,-12.4555
406.6,-0.0590699,-12.4585
406.65,-0.0590855,-12.4614
406.7,-0.0590911,-12.4644
406.75,-0.0591065,-12.4674
406.8,-0.0591103,-12.4703
406.85,-0.0591037,-12.4733
406.9,-0.0591009,-12.4762
406.95,-0.059124,-12.4792
407.0,-0.0591304,-12.4821
407.05,-0.0591368,-12.4851
407.1,-0.0591478,-12.488
407.15,-0.0591467,-12.491
407.2,-0.0591588,-12.494
407.25,-0.0591549,-12.4969
407.3,-0.0591712,-12.4999
407.35,-0.05917,-12.5028
407.4,-0.0591747,-12.5058
407.45,-0.0591874,-12.5088
407.5,-0.0591948,-12.5117
407.55,-0.059194,-12.5147
407.6,-0.0591969,-12.5176
407.65,-0.0591969,-12.5206
407.7,-0.0591991,-12.5236
407.75,-0.0592125,-12.5265
407.8,-0.0592307,-12.5295
407.85,-0.059242,-12.5324
407.9,-0.059243,-12.5354
407.95,-0.0592697,-12.5384
408.0,-0.0592658,-12.5413
408.05,-0.0592787,-12.5443
408.1,-0.0592718,-12.5473
408.15,-0.0592698,-12.5502
408.2,-0.0592757,-12.5532
408.25,-0.0592872,-12.5561
408.3,-0.0592953,-12.5591
408.35,-0.0593098,-12.5621
408.4,-0.0593177,-12.565
408.45,-0.0593151,-12.568
408.5,-0.0593229,-12.571
408.55,-0.0593282,-12.5739
408.6,-0.0593192,-12.5769
408.65,-0.059325,-12.5799
408.7,-0.0593448,-12.5828
408.75,-0.0593459,-12.5858
408.8,-0.0593555,-12.5888
408.85,-0.0593575,-12.5917
408.9,-0.0593583,-12.5947
408.95,-0.0593677,-12.5977
409.0,-0.0593719,-12.6006
409.05,-0.0593769,-12.6036
409.1,-0.0593853,-12.6066
409.15,-0.0593865,-12.6096
409.2,-0.0593975,-12.6125
409.25,-0.0594013,-12.6155
409.3,-0.059409,-12.6185
409.35,-0.0594034,-12.6214
409.4,-0.0594163,-12.6244
409.45,-0.0594157,-12.6274
409.5,-0.0594225,-12.6303
409.55,-0.0594244,-12.6333
409.6,-0.0594368,-12.6363
409.65,-0.0594311,-12.6393
409.7,-0.0594336,-12.6422
409.75,-0.0594339,-12.6452
409.8,-0.0594401,-12.6482
409.85,-0.059452,-12.6511
409.9,-0.0594572,-12.6541
409.95,-0.0594705,-12.6571
410.0,-0.0594868,-12.6601
410.05,-0.0595043,-12.663
410.1,-0.059513,-12.666
410.15,-0.059497,-12.669
410.2,-0.059501,-12.672
410.25,-0.0595121,-12.6749
410.3,-0.059524,-12.6779
410.35,-0.0595287,-12.6809
410.4,-0.0595355,-12.6839
410.45,-0.0595283,-12.6869
410.5,-0.059514,-12.6898
410.55,-0.0595102,-12.6928
410.6,-0.0595169,-12.6958
410.65,-0.0595166,-12.6988
410.7,-0.0595142,-12.7017
410.75,-0.0595216,-12.7047
410.8,-0.0595334,-12.7077
410.85,-0.059524,-12.7107
410.9,-0.0595316,-12.7136
410.95,-0.0595357,-12.7166
411.0,-0.0595533,-12.7196
411.05,-0.0595829,-12.7226
411.1,-0.0595868,-12.7255
411.15,-0.0595671,-12.7285
411.2,-0.0595723,-12.7315
411.25,-0.0595662,-12.7345
411.3,-0.0595606,-12.7375
411.35,-0.0595557,-12.7404
411.4,-0.0595682,-12.7434
411.45,-0.0595649,-12.7464
411.5,-0.0595757,-12.7494
411.55,-0.0595883,-12.7524
411.6,-0.0596004,-12.7553
411.65,-0.0596198,-12.7583
411.7,-0.0596252,-12.7613
411.75,-0.0596255,-12.7643
411.8,-0.0596334,-12.7673
411.85,-0.0596317,-12.7702
411.9,-0.0596224,-12.7732
411.95,-0.0596242,-12.7762
412.0,-0.059634,-12.7792
412.05,-0.0596481,-12.7822
412.1,-0.0596566,-12.7852
412.15,-0.0596573,-12.7881
412.2,-0.0596519,-12.7911
412.25,-0.0596775,-12.7941
412.3,-0.0596838,-12.7971
412.35,-0.0596709,-12.8001
412.4,-0.0596888,-12.8031
412.45,-0.0596935,-12.806
412.5,-0.0597052,-12.809
412.55,-0.0596946,-12.812
412.6,-0.0597064,-12.815
412.65,-0.0597163,-12.818
412.7,-0.0597204,-12.821
412.75,-0.0597244,-12.824
412.8,-0.0597401,-12.8269
412.85,-0.0597302,-12.8299
412.9,-0.0597351,-12.8329
412.95,-0.0597338,-12.8359
413.0,-0.0597355,-12.8389
413.05,-0.0597513,-12.8419
413.1,-0.0597527,-12.8449
413.15,-0.059774,-12.8478
413.2,-0.0597666,-12.8508
413.25,-0.0597638,-12.8538
413.3,-0.059778,-12.8568
413.35,-0.0597681,-12.8598
413.4,-0.0597814,-12.8628
413.45,-0.0597906,-12.8658
413.5,-0.0597888,-12.8688
413.55,-0.0597972,-12.8718
413.6,-0.0597924,-12.8747
413.65,-0.0598066,-12.8777
413.7,-0.0598239,-12.8807
413.75,-0.0598356,-12.8837
413.8,-0.0598448,-12.8867
413.85,-0.0598414,-12.8897
413.9,-0.0598478,-12.8927
413.95,-0.0598363,-12.8957
414.0,-0.0598465,-12.8987
414.05,-0.0598615,-12.9017
414.1,-0.0598638,-12.9047
414.15,-0.0598587,-12.9077
414.2,-0.0598725,-12.9107
414.25,-0.0598661,-12.9136
414.3,-0.0598799,-12.9166
414.35,-0.0598832,-12.9196
414.4,-0.0598731,-12.9226
414.45,-0.0598772,-12.9256
414.5,-0.0598779,-12.9286
414.55,-0.0598724,-12.9316
414.6,-0.0598756,-12.9346
414.65,-0.0598924,-12.9376
414.7,-0.0598899,-12.9406
414.75,-0.0599148,-12.9436
414.8,-0.0599112,-12.9466
414.85,-0.0599247,-12.9496
414.9,-0.0599304,-12.9526
414.95,-0.0599389,-12.9556
415.0,-0.0599373,-12.9586
415.05,-0.0599349,-12.9616
415.1,-0.0599319,-12.9646
415.15,-0.0599411,-12.9676
415.2,-0.0599408,-12.9706
415.25,-0.0599521,-12.9736
415.3,-0.0599675,-12.9766
415.35,-0.0599635,-12.9796
415.4,-0.0599757,-12.9826
415.45,-0.0599661,-12.9856
415.5,-0.0599802,-12.9886
415.55,-0.0599796,-12.9916
415.6,-0.0599874,-12.9945
415.65,-0.0600031,-12.9976
415.7,-0.0599989,-13.0006
415.75,-0.0600056,-13.0036
415.8,-0.0600131,-13.0066
415.85,-0.0600097,-13.0096
415.9,-0.0600174,-13.0126
415.95,-0.0600262,-13.0156
416.0,-0.0600301,-13.0186
416.05,-0.0600268,-13.0216
416.1,-0.060042,-13.0246
416.15,-0.0600527,-13.0276
416.2,-0.0600636,-13.0306
416.25,-0.0600658,-13.0336
416.3,-0.0600694,-13.0366
416.35,-0.0600659,-13.0396
416.4,-0.0600678,-13.0426
416.45,-0.0600829,-13.0456
416.5,-0.0600745,-13.0486
416.55,-0.0600915,-13.0516
416.6,-0.0601006,-13.0546
416.65,-0.060106,-13.0576
416.7,-0.0601169,-13.0606
416.75,-0.0601106,-13.0636
416.8,-0.0601297,-13.0666
416.85,-0.060125,-13.0696
416.9,-0.0601368,-13.0726
416.95,-0.0601372,-13.0756
417.0,-0.0601395,-13.0786
417.05,-0.0601583,-13.0817
417.1,-0.0601523,-13.0847
417.15,-0.0601562,-13.0877
417.2,-0.0601634,-13.0907
417.25,-0.0601659,-13.0937
417.3,-0.0601785,-13.0967
417.35,-0.0601789,-13.0997
417.4,-0.0601926,-13.1027
417.45,-0.0601999,-13.1057
417.5,-0.060194,-13.1087
417.55,-0.060199,-13.1117
417.6,-0.0602042,-13.1148
417.65,-0.0602142,-13.1178
417.7,-0.0602288,-13.1208
417.75,-0.0602468,-13.1238
417.8,-0.0602358,-13.1268
417.85,-0.0602525,-13.1298
417.9,-0.0602491,-13.1328
417.95,-0.0602496,-13.1358
418.0,-0.0602661,-13.1388
418.05,-0.0602517,-13.1419
418.1,-0.0602635,-13.1449
418.15,-0.0602693,-13.1479
418.2,-0.060283,-13.1509
418.25,-0.0602971,-13.1539
418.3,-0.0602999,-13.1569
418.35,-0.0603091,-13.1599
418.4,-0.060318,-13.163
418.45,-0.0603277,-13.166
418.5,-0.0603331,-13.169
418.55,-0.0603497,-13.172
418.6,-0.0603586,-13.175
418.65,-0.0603688,-13.1781
418.7,-0.0603776,-13.1811
418.75,-0.0603915,-13.1841
418.8,-0.060389,-13.1871
418.85,-0.0603987,-13.1901
418.9,-0.0603984,-13.1931
418.95,-0.0604214,-13.1962
419.0,-0.060425,-13.1992
419.05,-0.0604236,-13.2022
419.1,-0.0604379,-13.2052
419.15,-0.0604541,-13.2083
419.2,-0.0604554,-13.2113
419.25,-0.0604695,-13.2143
419.3,-0.0604733,-13.2173
419.35,-0.0604744,-13.2204
419.4,-0.0604835,-13.2234
419.45,-0.0605021,-13.2264
419.5,-0.0605026,-13.2294
419.55,-0.0605144,-13.2325
419.6,-0.0605093,-13.2355
419.65,-0.0605269,-13.2385
419.7,-0.060531,-13.2415
419.75,-0.0605298,-13.2446
419.8,-0.0605288,-13.2476
419.85,-0.0605363,-13.2506
419.9,-0.0605582,-13.2536
419.95,-0.0605753,-13.2567
420.0,-0.0605817,-13.2597
420.05,-0.0605969,-13.2627
420.1,-0.0606033,-13.2658
420.15,-0.0606084,-13.2688
420.2,-0.0606037,-13.2718
420.25,-0.0606183,-13.2748
420.3,-0.0606334,-13.2779
420.35,-0.0606227,-13.2809
420.4,-0.0606358,-13.2839
420.45,-0.0606401,-13.287
420.5,-0.060649,-13.29
420.55,-0.0606562,-13.293
420.6,-0.0606693,-13.2961
420.65,-0.0606885,-13.2991
420.7,-0.060693,-13.3021
420.75,-0.0607018,-13.3052
420.8,-0.0607266,-13.3082
420.85,-0.0607204,-13.3112
420.9,-0.0607188,-13.3143
420.95,-0.0607115,-13.3173
421.0,-0.0607335,-13.3204
421.05,-0.060744,-13.3234
421.1,-0.0607416,-13.3264
421.15,-0.0607733,-13.3295
421.2,-0.0607746,-13.3325
421.25,-0.0607963,-13.3355
421.3,-0.0607974,-13.3386
421.35,-0.0608052,-13.3416
421.4,-0.0608183,-13.3447
421.45,-0.0608214,-13.3477
421.5,-0.0608298,-13.3508
421.55,-0.0608481,-13.3538
421.6,-0.0608774,-13.3568
421.65,-0.0608942,-13.3599
421.7,-0.0608863,-13.3629
421.75,-0.0608983,-13.366
421.8,-0.060898,-13.369
421.85,-0.0609062,-13.3721
421.9,-0.0609188,-13.3751
421.95,-0.0609196,-13.3782
422.0,-0.0609366,-13.3812
422.05,-0.0609369,-13.3842
422.1,-0.0609491,-13.3873
422.15,-0.0609585,-13.3903
422.2,-0.0609588,-13.3934
422.25,-0.0609803,-13.3964
422.3,-0.0609836,-13.3995
422.35,-0.0609896,-13.4025
422.4,-0.0609916,-13.4056
422.45,-0.0609968,-13.4086
422.5,-0.0610113,-13.4117
422.55,-0.0610139,-13.4147
422.6,-0.0610175,-13.4178
422.65,-0.0610343,-13.4208
422.7,-0.0610282,-13.4239
422.75,-0.061029,-13.4269
422.8,-0.0610298,-13.43
422.85,-0.0610378,-13.433
422.9,-0.0610471,-13.4361
422.95,-0.0610442,-13.4392
423.0,-0.0610541,-13.4422
423.05,-0.0610515,-13.4453
423.1,-0.0610592,-13.4483
423.15,-0.0610671,-13.4514
423.2,-0.061087,-13.4544
423.25,-0.0610984,-13.4575
423.3,-0.0611051,-13.4605
423.35,-0.061115,-13.4636
423.4,-0.0611126,-13.4666
423.45,-0.061123,-13.4697
423.5,-0.0611367,-13.4728
423.55,-0.0611407,-13.4758
423.6,-0.0611579,-13.4789
423.65,-0.0611712,-13.4819
423.7,-0.0611788,-13.485
423.75,-0.0611862,-13.488
423.8,-0.0611872,-13.4911
423.85,-0.0611927,-13.4942
423.9,-0.0611852,-13.4972
423.95,-0.0612068,-13.5003
424.0,-0.0612049,-13.5033
424.05,-0.061208,-13.5064
424.1,-0.061233,-13.5095
424.15,-0.061221,-13.5125
424.2,-0.0612398,-13.5156
424.25,-0.06126,-13.5187
424.3,-0.0612657,-13.5217
424.35,-0.0612629,-13.5248
424.4,-0.0612843,-13.5278
424.45,-0.0612895,-13.5309
424.5,-0.0612908,-13.534
424.55,-0.0612945,-13.537
424.6,-0.061312,-13.5401
424.65,-0.0613222,-13.5432
424.7,-0.0613262,-13.5462
424.75,-0.0613323,-13.5493
424.8,-0.0613487,-13.5524
424.85,-0.0613552,-13.5554
424.9,-0.0613579,-13.5585
424.95,-0.0613582,-13.5616
425.0,-0.0613717,-13.5646
425.05,-0.0613764,-13.5677
425.1,-0.0613946,-13.5708
425.15,-0.0613872,-13.5738
425.2,-0.0614066,-13.5769
425.25,-0.0614174,-13.58
425.3,-0.0614125,-13.5831
425.35,-0.0614186,-13.5861
425.4,-0.0614237,-13.5892
425.45,-0.0614249,-13.5923
425.5,-0.06144,-13.5953
425.55,-0.0614412,-13.5984
425.6,-0.0614538,-13.6015
425.65,-0.0614621,-13.6046
425.7,-0.061472,-13.6076
425.75,-0.061474,-13.6107
425.8,-0.0614676,-13.6138
425.85,-0.061471,-13.6169
425.9,-0.0614655,-13.6199
425.95,-0.0614654,-13.623
426.0,-0.0614893,-13.6261
426.05,-0.0614866,-13.6292
426.1,-0.0614964,-13.6322
426.15,-0.0615078,-13.6353
426.2,-0.0615093,-13.6384
426.25,-0.0615225,-13.6415
426.3,-0.0615065,-13.6445
426.35,-0.0615218,-13.6476
426.4,-0.0615119,-13.6507
426.45,-0.0615169,-13.6538
426.5,-0.0615274,-13.6568
426.55,-0.0615417,-13.6599
426.6,-0.0615427,-13.663
426.65,-0.0615436,-13.6661
426.7,-0.0615574,-13.6691
426.75,-0.0615846,-13.6722
426.8,-0.0615766,-13.6753
426.85,-0.0615818,-13.6784
426.9,-0.0615741,-13.6815
426.95,-0.0615921,-13.6845
427.0,-0.0615931,-13.6876
427.05,-0.061593,-13.6907
427.1,-0.0616053,-13.6938
427.15,-0.0616123,-13.6969
427.2,-0.061601,-13.6999
427.25,-0.0616129,-13.703
427.3,-0.0616163,-13.7061
427.35,-0.0616173,-13.7092
427.4,-0.0616271,-13.7123
427.45,-0.0616309,-13.7153
427.5,-0.0616254,-13.7184
427.55,-0.0616366,-13.7215
427.6,-0.0616343,-13.7246
427.65,-0.0616371,-13.7277
427.7,-0.0616456,-13.7308
427.75,-0.0616567,-13.7338
427.8,-0.0616497,-13.7369
427.85,-0.0616571,-13.74
427.9,-0.0616523,-13.7431
427.95,-0.061647,-13.7462
428.0,-0.0616598,-13.7492
428.05,-0.0616539,-13.7523
428.1,-0.0616461,-13.7554
428.15,-0.0616582,-13.7585
428.2,-0.061671,-13.7616
428.25,-0.0617643,-13.7647
428.3,-0.0617864,-13.7678
428.35,-0.0617681,-13.7708
428.4,-0.0617602,-13.7739
428.45,-0.0617499,-13.777
428.5,-0.0617571,-13.7801
428.55,-0.0617471,-13.7832
428.6,-0.0617475,-13.7863
428.65,-0.0617521,-13.7894
428.7,-0.0617588,-13.7925
428.75,-0.0617701,-13.7955
428.8,-0.061789,-13.7986
428.85,-0.0617926,-13.8017
428.9,-0.0618015,-13.8048
428.95,-0.0617954,-13.8079
429.0,-0.061801,-13.811
429.05,-0.0617993,-13.8141
429.1,-0.0618066,-13.8172
429.15,-0.0618183,-13.8203
429.2,-0.0618262,-13.8234
429.25,-0.0618209,-13.8265
429.3,-0.0618357,-13.8295
429.35,-0.0618307,-13.8326
429.4,-0.0618448,-13.8357
429.45,-0.0618534,-13.8388
429.5,-0.0618685,-13.8419
429.55,-0.0618703,-13.845
429.6,-0.0618762,-13.8481
429.65,-0.0618818,-13.8512
429.7,-0.0618933,-13.8543
429.75,-0.0618985,-13.8574
429.8,-0.0619193,-13.8605
429.85,-0.0619326,-13.8636
429.9,-0.0619217,-13.8667
429.95,-0.0619305,-13.8698
430.0,-0.0619401,-13.8729
430.05,-0.0619447,-13.876
430.1,-0.0619453,-13.8791
430.15,-0.0619731,-13.8822
430.2,-0.0619869,-13.8853
430.25,-0.0620005,-13.8884
430.3,-0.0620033,-13.8915
430.35,-0.0620081,-13.8946
430.4,-0.0619981,-13.8977
430.45,-0.0619919,-13.9008
430.5,-0.0620038,-13.9039
430.55,-0.0620087,-13.907
430.6,-0.0620144,-13.9101
430.65,-0.0620172,-13.9132
430.7,-0.0620299,-13.9163
430.75,-0.0620531,-13.9194
430.8,-0.0620507,-13.9225
430.85,-0.0620474,-13.9256
430.9,-0.0620654,-13.9287
430.95,-0.0620719,-13.9318
431.0,-0.0620801,-13.9349
431.05,-0.0620815,-13.938
431.1,-0.0620931,-13.9411
431.15,-0.0621448,-13.9442
431.2,-0.0621334,-13.9473
431.25,-0.0621401,-13.9504
431.3,-0.0621458,-13.9535
431.35,-0.0621535,-13.9566
431.4,-0.0621488,-13.9597
431.45,-0.0621439,-13.9628
431.5,-0.0621468,-13.9659
431.55,-0.0621597,-13.9691
431.6,-0.0621672,-13.9722
431.65,-0.0621793,-13.9753
431.7,-0.0621832,-13.9784
431.75,-0.0621819,-13.9815
431.8,-0.0621834,-13.9846
431.85,-0.0621916,-13.9877
431.9,-0.0621988,-13.9908
431.95,-0.0622038,-13.9939
432.0,-0.0622028,-13.997
432.05,-0.0622102,-14.0001
432.1,-0.0622169,-14.0033
432.15,-0.0622312,-14.0064
432.2,-0.0622397,-14.0095
432.25,-0.0622459,-14.0126
432.3,-0.062255,-14.0157
432.35,-0.0622646,-14.0188
432.4,-0.0622589,-14.0219
432.45,-0.0622649,-14.025
432.5,-0.0622695,-14.0282
432.55,-0.0622689,-14.0313
432.6,-0.0622879,-14.0344
432.65,-0.0623017,-14.0375
432.7,-0.0623022,-14.0406
432.75,-0.0623447,-14.0437
432.8,-0.0623532,-14.0469
432.85,-0.0623334,-14.05
432.9,-0.0623297,-14.0531
432.95,-0.0623327,-14.0562
433.0,-0.0623367,-14.0593
433.05,-0.0623542,-14.0624
433.1,-0.0623634,-14.0656
433.15,-0.0623693,-14.0687
433.2,-0.0623827,-14.0718
433.25,-0.0623923,-14.0749
433.3,-0.062401,-14.078
433.35,-0.0624128,-14.0812
433.4,-0.0624167,-14.0843
433.45,-0.0624281,-14.0874
433.5,-0.062435,-14.0905
433.55,-0.0624309,-14.0936
433.6,-0.0624298,-14.0968
433.65,-0.0624467,-14.0999
433.7,-0.0624439,-14.103
433.75,-0.0624615,-14.1061
433.8,-0.0624647,-14.1093
433.85,-0.0624749,-14.1124
433.9,-0.0624757,-14.1155
433.95,-0.0624879,-14.1186
434.0,-0.0624944,-14.1217
434.05,-0.0625069,-14.1249
434.1,-0.0625223,-14.128
434.15,-0.0625234,-14.1311
434.2,-0.0625228,-14.1343
434.25,-0.0625288,-14.1374
434.3,-0.0625445,-14.1405
434.35,-0.0625493,-14.1436
434.4,-0.0625532,-14.1468
434.45,-0.0625563,-14.1499
434.5,-0.0625542,-14.153
434.55,-0.0625469,-14.1561
434.6,-0.0625633,-14.1593
434.65,-0.0625603,-14.1624
434.7,-0.0625671,-14.1655
434.75,-0.0625874,-14.1687
434.8,-0.0626029,-14.1718
434.85,-0.0626026,-14.1749
434.9,-0.0626044,-14.1781
434.95,-0.0626113,-14.1812
435.0,-0.0626167,-14.1843
435.05,-0.0626287,-14.1874
435.1,-0.062642,-14.1906
435.15,-0.0626401,-14.1937
435.2,-0.0626453,-14.1968
435.25,-0.06265,-14.2
435.3,-0.0626403,-14.2031
435.35,-0.0626466,-14.2062
435.4,-0.0626486,-14.2094
435.45,-0.0626692,-14.2125
435.5,-0.062694,-14.2156
435.55,-0.0626851,-14.2188
435.6,-0.0627026,-14.2219
435.65,-0.062719,-14.225
435.7,-0.0627217,-14.2282
435.75,-0.0627237,-14.2313
435.8,-0.0627346,-14.2345
435.85,-0.0627499,-14.2376
435.9,-0.0627544,-14.2407
435.95,-0.0627578,-14.2439
436.0,-0.0627597,-14.247
436.05,-0.0627762,-14.2501
436.1,-0.0627776,-14.2533
436.15,-0.0627762,-14.2564
436.2,-0.0627668,-14.2596
436.25,-0.062767,-14.2627
436.3,-0.0627487,-14.2658
436.35,-0.0627629,-14.269
436.4,-0.0627847,-14.2721
436.45,-0.0627904,-14.2752
436.5,-0.0627961,-14.2784
436.55,-0.0628127,-14.2815
436.6,-0.0628101,-14.2847
436.65,-0.0628133,-14.2878
436.7,-0.0628268,-14.291
436.75,-0.0628346,-14.2941
436.8,-0.0628395,-14.2972
436.85,-0.0628433,-14.3004
436.9,-0.0628375,-14.3035
436.95,-0.0628334,-14.3067
437.0,-0.0628426,-14.3098
437.05,-0.0628417,-14.3129
437.1,-0.0628546,-14.3161
437.15,-0.0628634,-14.3192
437.2,-0.0628641,-14.3224
437.25,-0.0628824,-14.3255
437.3,-0.0628942,-14.3287
437.35,-0.062885,-14.3318
437.4,-0.0628802,-14.335
437.45,-0.0628796,-14.3381
437.5,-0.0628916,-14.3412
437.55,-0.0629043,-14.3444
437.6,-0.0629026,-14.3475
437.65,-0.0629246,-14.3507
437.7,-0.0629331,-14.3538
437.75,-0.0629547,-14.357
437.8,-0.0629457,-14.3601
437.85,-0.0629445,-14.3633
437.9,-0.0629531,-14.3664
437.95,-0.0629572,-14.3696
438.0,-0.0629588,-14.3727
438.05,-0.0629682,-14.3759
438.1,-0.062969,-14.379
438.15,-0.0629817,-14.3822
438.2,-0.0629758,-14.3853
438.25,-0.0629901,-14.3885
438.3,-0.0630087,-14.3916
438.35,-0.0630169,-14.3948
438.4,-0.0630172,-14.3979
438.45,-0.0630119,-14.4011
438.5,-0.0630243,-14.4042
438.55,-0.06304,-14.4074
438.6,-0.0630415,-14.4105
438.65,-0.0630567,-14.4137
438.7,-0.0630724,-14.4168
438.75,-0.0630692,-14.42
438.8,-0.0630824,-14.4231
438.85,-0.0630898,-14.4263
438.9,-0.0630824,-14.4294
438.95,-0.0631035,-14.4326
439.0,-0.0630953,-14.4357
439.05,-0.0631027,-14.4389
439.1,-0.0631171,-14.4421
439.15,-0.0631227,-14.4452
439.2,-0.0631306,-14.4484
439.25,-0.0631638,-14.4515
439.3,-0.0631493,-14.4547
439.35,-0.0631502,-14.4578
439.4,-0.0631523,-14.461
439.45,-0.0631643,-14.4642
439.5,-0.0631723,-14.4673
439.55,-0.0631778,-14.4705
439.6,-0.0631819,-14.4736
439.65,-0.0631821,-14.4768
439.7,-0.0631976,-14.48
439.75,-0.0632108,-14.4831
439.8,-0.0632045,-14.4863
439.85,-0.0632223,-14.4894
439.9,-0.0632103,-14.4926
439.95,-0.0632118,-14.4958
440.0,-0.0632369,-14.4989
440.05,-0.0632451,-14.5021
440.1,-0.0632467,-14.5052
440.15,-0.0632514,-14.5084
440.2,-0.0632503,-14.5116
440.25,-0.0632677,-14.5147
440.3,-0.0632745,-14.5179
440.35,-0.0632805,-14.5211
440.4,-0.0633048,-14.5242
440.45,-0.0633043,-14.5274
440.5,-0.0633066,-14.5306
440.55,-0.0633206,-14.5337
440.6,-0.0633394,-14.5369
440.65,-0.0633483,-14.5401
440.7,-0.0633691,-14.5432
440.75,-0.0633699,-14.5464
440.8,-0.063372,-14.5496
440.85,-0.0633748,-14.5527
440.9,-0.0633795,-14.5559
440.95,-0.0633881,-14.5591
441.0,-0.0633982,-14.5622
441.05,-0.0634067,-14.5654
441.1,-0.0634191,-14.5686
441.15,-0.0634171,-14.5717
441.2,-0.0634273,-14.5749
441.25,-0.0634295,-14.5781
441.3,-0.0634403,-14.5813
441.35,-0.0634388,-14.5844
441.4,-0.0634476,-14.5876
441.45,-0.0634608,-14.5908
441.5,-0.0634597,-14.594
441.55,-0.0634615,-14.5971
441.6,-0.0634803,-14.6003
441.65,-0.0634904,-14.6035
441.7,-0.0635135,-14.6067
441.75,-0.0635362,-14.6098
441.8,-0.0635196,-14.613
441.85,-0.0635407,-14.6162
441.9,-0.0635424,-14.6194
441.95,-0.0635344,-14.6225
442.0,-0.0635368,-14.6257
442.05,-0.0635313,-14.6289
442.1,-0.0635401,-14.6321
442.15,-0.0635543,-14.6352
442.2,-0.0635814,-14.6384
442.25,-0.0635671,-14.6416
442.3,-0.0635734,-14.6448
442.35,-0.0635908,-14.648
442.4,-0.0635794,-14.6511
442.45,-0.0635831,-14.6543
442.5,-0.0636001,-14.6575
442.55,-0.0635972,-14.6607
442.6,-0.0636176,-14.6639
442.65,-0.063622,-14.667
442.7,-0.0636157,-14.6702
442.75,-0.0636408,-14.6734
442.8,-0.0636359,-14.6766
442.85,-0.0636333,-14.6798
442.9,-0.0636338,-14.6829
442.95,-0.0636378,-14.6861
443.0,-0.0636417,-14.6893
443.05,-0.063652,-14.6925
443.1,-0.0636555,-14.6957
443.15,-0.0636592,-14.6989
443.2,-0.0636599,-14.702
443.25,-0.0636667,-14.7052
443.3,-0.0636674,-14.7084
443.35,-0.0636708,-14.7116
443.4,-0.0636624,-14.7148
443.45,-0.0636773,-14.718
443.5,-0.0636877,-14.7211
443.55,-0.063698,-14.7243
443.6,-0.0636994,-14.7275
443.65,-0.0636971,-14.7307
443.7,-0.0637227,-14.7339
443.75,-0.063719,-14.7371
443.8,-0.063716,-14.7403
443.85,-0.0637205,-14.7434
443.9,-0.0637184,-14.7466
443.95,-0.0637244,-14.7498
444.0,-0.063722,-14.753
444.05,-0.0637162,-14.7562
444.1,-0.0637344,-14.7594
444.15,-0.0637245,-14.7626
444.2,-0.0637275,-14.7657
444.25,-0.0637375,-14.7689
444.3,-0.0637366,-14.7721
444.35,-0.0637465,-14.7753
444.4,-0.0637533,-14.7785
444.45,-0.0637527,-14.7817
444.5,-0.0637605,-14.7849
444.55,-0.0637729,-14.7881
444.6,-0.063759,-14.7912
444.65,-0.0637693,-14.7944
444.7,-0.0637738,-14.7976
444.75,-0.0637796,-14.8008
444.8,-0.0637834,-14.804
444.85,-0.0638041,-14.8072
444.9,-0.063813,-14.8104
444.95,-0.0638109,-14.8136
445.0,-0.0638141,-14.8168
445.05,-0.0638099,-14.82
445.1,-0.0638107,-14.8231
445.15,-0.0638155,-14.8263
445.2,-0.0638191,-14.8295
445.25,-0.0638273,-14.8327
445.3,-0.0638358,-14.8359
445.35,-0.0638427,-14.8391
445.4,-0.0638481,-14.8423
445.45,-0.063865,-14.8455
445.5,-0.0638649,-14.8487
445.55,-0.063883,-14.8519
445.6,-0.0638872,-14.8551
445.65,-0.0638794,-14.8583
445.7,-0.0638965,-14.8615
445.75,-0.0638735,-14.8647
445.8,-0.0638773,-14.8678
445.85,-0.0638861,-14.871
445.9,-0.0638928,-14.8742
445.95,-0.0638981,-14.8774
446.0,-0.0638914,-14.8806
446.05,-0.0638941,-14.8838
446.1,-0.0638958,-14.887
446.15,-0.0638942,-14.8902
446.2,-0.0638963,-14.8934
446.25,-0.0639066,-14.8966
446.3,-0.0639165,-14.8998
446.35,-0.0639192,-14.903
446.4,-0.0639223,-14.9062
446.45,-0.0639235,-14.9094
446.5,-0.0639482,-14.9126
446.55,-0.063946,-14.9158
446.6,-0.063953,-14.919
446.65,-0.0639466,-14.9222
446.7,-0.0639504,-14.9254
446.75,-0.0639553,-14.9286
446.8,-0.0639593,-14.9318
446.85,-0.0639597,-14.935
446.9,-0.0639716,-14.9382
446.95,-0.0639669,-14.9414
447.0,-0.0639847,-14.9446
447.05,-0.0639756,-14.9478
447.1,-0.0639887,-14.951
447.15,-0.0639831,-14.9542
447.2,-0.0639829,-14.9574
447.25,-0.0639969,-14.9606
447.3,-0.0640156,-14.9638
447.35,-0.0640133,-14.967
447.4,-0.0640258,-14.9702
447.45,-0.0640473,-14.9734
447.5,-0.0640663,-14.9766
447.55,-0.0640898,-14.9798
447.6,-0.0640928,-14.983
447.65,-0.064079,-14.9862
447.7,-0.0640854,-14.9894
447.75,-0.0640877,-14.9926
447.8,-0.0641032,-14.9958
447.85,-0.0640879,-14.999
447.9,-0.064089,-15.0022
447.95,-0.0641096,-15.0054
448.0,-0.0641077,-15.0086
448.05,-0.0641217,-15.0118
448.1,-0.0641264,-15.015
448.15,-0.0641291,-15.0182
448.2,-0.0641364,-15.0214
448.25,-0.0641466,-15.0246
448.3,-0.0641566,-15.0279
448.35,-0.0641593,-15.0311
448.4,-0.0641598,-15.0343
448.45,-0.0641591,-15.0375
448.5,-0.0641569,-15.0407
448.55,-0.0641599,-15.0439
448.6,-0.0641581,-15.0471
448.65,-0.0641656,-15.0503
448.7,-0.0641808,-15.0535
448.75,-0.0641838,-15.0567
448.8,-0.0641874,-15.0599
448.85,-0.0641973,-15.0631
448.9,-0.0641914,-15.0664
448.95,-0.0641882,-15.0696
449.0,-0.0641725,-15.0728
449.05,-0.0641924,-15.076
449.1,-0.064203,-15.0792
449.15,-0.0642092,-15.0824
449.2,-0.0642056,-15.0856
449.25,-0.0642111,-15.0888
449.3,-0.0642301,-15.092
449.35,-0.0642404,-15.0952
449.4,-0.0642403,-15.0985
449.45,-0.0642344,-15.1017
449.5,-0.064242,-15.1049
449.55,-0.0642293,-15.1081
449.6,-0.0642462,-15.1113
449.65,-0.0642557,-15.1145
449.7,-0.0642547,-15.1177
449.75,-0.0642747,-15.1209
449.8,-0.0642887,-15.1242
449.85,-0.0642746,-15.1274
449.9,-0.0642956,-15.1306
449.95,-0.0642849,-15.1338
450.0,-0.0643003,-15.137
450.05,-0.0643049,-15.1402
450.1,-0.0643095,-15.1434
450.15,-0.0643084,-15.1467
450.2,-0.0643173,-15.1499
450.25,-0.064322,-15.1531
450.3,-0.0643297,-15.1563
450.35,-0.0643349,-15.1595
450.4,-0.0643384,-15.1627
450.45,-0.0643503,-15.166
450.5,-0.0643572,-15.1692
450.55,-0.0643589,-15.1724
450.6,-0.0643642,-15.1756
450.65,-0.0643695,-15.1788
450.7,-0.0643881,-15.1821
450.75,-0.0643964,-15.1853
450.8,-0.0643808,-15.1885
450.85,-0.0643855,-15.1917
450.9,-0.0643949,-15.1949
450.95,-0.0644024,-15.1982
451.0,-0.0644118,-15.2014
451.05,-0.0644069,-15.2046
451.1,-0.0643994,-15.2078
451.15,-0.0644157,-15.211
451.2,-0.0644263,-15.2143
451.25,-0.0644387,-15.2175
451.3,-0.0644361,-15.2207
451.35,-0.0644566,-15.2239
451.4,-0.0644655,-15.2271
451.45,-0.0644702,-15.2304
451.5,-0.064458,-15.2336
451.55,-0.0644667,-15.2368
451.6,-0.0644797,-15.24
451.65,-0.0644712,-15.2433
451.7,-0.0645378,-15.2465
451.75,-0.064547,-15.2497
451.8,-0.0645434,-15.2529
451.85,-0.0645382,-15.2562
451.9,-0.0645343,-15.2594
451.95,-0.0645457,-15.2626
452.0,-0.0645525,-15.2659
452.05,-0.0645451,-15.2691
452.1,-0.0645643,-15.2723
452.15,-0.0645616,-15.2755
452.2,-0.0645749,-15.2788
452.25,-0.0645786,-15.282
452.3,-0.0645863,-15.2852
452.35,-0.0645753,-15.2885
452.4,-0.0645806,-15.2917
452.45,-0.0645915,-15.2949
452.5,-0.064592,-15.2981
452.55,-0.0645892,-15.3014
452.6,-0.0646056,-15.3046
452.65,-0.0646102,-15.3078
452.7,-0.064605,-15.3111
452.75,-0.0646053,-15.3143
452.8,-0.0646076,-15.3175
452.85,-0.0646187,-15.3208
452.9,-0.064631,-15.324
452.95,-0.0646298,-15.3272
453.0,-0.064648,-15.3305
453.05,-0.0646489,-15.3337
453.1,-0.0646457,-15.3369
453.15,-0.0646589,-15.3401
453.2,-0.0646617,-15.3434
453.25,-0.0646645,-15.3466
453.3,-0.0646832,-15.3498
453.35,-0.0646863,-15.3531
453.4,-0.0646825,-15.3563
453.45,-0.0646857,-15.3596
453.5,-0.0646782,-15.3628
453.55,-0.0646778,-15.366
453.6,-0.0646801,-15.3693
453.65,-0.0646745,-15.3725
453.7,-0.0646831,-15.3757
453.75,-0.0647034,-15.379
453.8,-0.0647059,-15.3822
453.85,-0.0646999,-15.3854
453.9,-0.0647227,-15.3887
453.95,-0.0647303,-15.3919
454.0,-0.0647242,-15.3951
454.05,-0.064734,-15.3984
454.1,-0.064734,-15.4016
454.15,-0.064731,-15.4048
454.2,-0.064745,-15.4081
454.25,-0.0647503,-15.4113
454.3,-0.0647634,-15.4146
454.35,-0.0647727,-15.4178
454.4,-0.0647768,-15.421
454.45,-0.06478,-15.4243
454.5,-0.0647779,-15.4275
454.55,-0.0648002,-15.4308
454.6,-0.0647988,-15.434
454.65,-0.0648037,-15.4372
454.7,-0.0648216,-15.4405
454.75,-0.0648315,-15.4437
454.8,-0.0648245,-15.447
454.85,-0.0648122,-15.4502
454.9,-0.0648221,-15.4534
454.95,-0.0648246,-15.4567
455.0,-0.0648473,-15.4599
455.05,-0.0648669,-15.4632
455.1,-0.0648739,-15.4664
455.15,-0.0648849,-15.4697
455.2,-0.0649049,-15.4729
455.25,-0.0649025,-15.4761
455.3,-0.0648993,-15.4794
455.35,-0.0649115,-15.4826
455.4,-0.0649208,-15.4859
455.45,-0.0649356,-15.4891
455.5,-0.0649378,-15.4924
455.55,-0.0649292,-15.4956
455.6,-0.0649416,-15.4989
455.65,-0.0649439,-15.5021
455.7,-0.0649581,-15.5054
455.75,-0.0649759,-15.5086
455.8,-0.0649798,-15.5119
455.85,-0.0649856,-15.5151
455.9,-0.0649974,-15.5184
455.95,-0.0649915,-15.5216
456.0,-0.0650009,-15.5249
456.05,-0.0650107,-15.5281
456.1,-0.0650085,-15.5314
456.15,-0.0650078,-15.5346
456.2,-0.0650175,-15.5379
456.25,-0.0650292,-15.5411
456.3,-0.0650397,-15.5444
456.35,-0.0650514,-15.5476
456.4,-0.0650823,-15.5509
456.45,-0.0650768,-15.5541
456.5,-0.0650781,-15.5574
456.55,-0.0650842,-15.5606
456.6,-0.0650835,-15.5639
456.65,-0.0650906,-15.5671
456.7,-0.0651072,-15.5704
456.75,-0.0651087,-15.5737
456.8,-0.0651199,-15.5769
456.85,-0.0651216,-15.5802
456.9,-0.06513,-15.5834
456.95,-0.0651461,-15.5867
457.0,-0.0651493,-15.5899
457.05,-0.0651673,-15.5932
457.1,-0.0651796,-15.5965
457.15,-0.0651836,-15.5997
457.2,-0.0651965,-15.603
457.25,-0.0651921,-15.6062
457.3,-0.0652107,-15.6095
457.35,-0.0652208,-15.6128
457.4,-0.0652251,-15.616
457.45,-0.0652446,-15.6193
457.5,-0.0652591,-15.6225
457.55,-0.0652673,-15.6258
457.6,-0.0652703,-15.6291
457.65,-0.0652932,-15.6323
457.7,-0.0653018,-15.6356
457.75,-0.0653057,-15.6389
457.8,-0.0653167,-15.6421
457.85,-0.0653304,-15.6454
457.9,-0.0653355,-15.6487
457.95,-0.0653438,-15.6519
458.0,-0.0653507,-15.6552
458.05,-0.0653582,-15.6585
458.1,-0.0653702,-15.6617
458.15,-0.065391,-15.665
458.2,-0.0654029,-15.6683
458.25,-0.0654022,-15.6715
458.3,-0.0654271,-15.6748
458.35,-0.0654298,-15.6781
458.4,-0.0654417,-15.6814
458.45,-0.0654602,-15.6846
458.5,-0.0654746,-15.6879
458.55,-0.0654827,-15.6912
458.6,-0.0654719,-15.6945
458.65,-0.0654741,-15.6977
458.7,-0.0654936,-15.701
458.75,-0.0655135,-15.7043
458.8,-0.0655101,-15.7076
458.85,-0.0655266,-15.7108
458.9,-0.0655435,-15.7141
458.95,-0.0655451,-15.7174
459.0,-0.0655414,-15.7207
459.05,-0.0655526,-15.7239
459.1,-0.0655716,-15.7272
459.15,-0.0655994,-15.7305
459.2,-0.0655928,-15.7338
459.25,-0.0655987,-15.7371
459.3,-0.0656104,-15.7403
459.35,-0.06562,-15.7436
459.4,-0.0656226,-15.7469
459.45,-0.0656251,-15.7502
459.5,-0.065644,-15.7535
459.55,-0.065663,-15.7567
459.6,-0.0656839,-15.76
459.65,-0.0656794,-15.7633
459.7,-0.065689,-15.7666
459.75,-0.0657014,-15.7699
459.8,-0.0656962,-15.7732
459.85,-0.0657174,-15.7765
459.9,-0.0657211,-15.7797
459.95,-0.0657141,-15.783
460.0,-0.065731,-15.7863
460.05,-0.0657433,-15.7896
460.1,-0.0657489,-15.7929
460.15,-0.0657521,-15.7962
460.2,-0.0657628,-15.7995
460.25,-0.0657683,-15.8028
460.3,-0.0657719,-15.806
460.35,-0.0657804,-15.8093
460.4,-0.0657704,-15.8126
460.45,-0.0657821,-15.8159
460.5,-0.0657836,-15.8192
460.55,-0.065783,-15.8225
460.6,-0.065798,-15.8258
460.65,-0.0658082,-15.8291
460.7,-0.0658068,-15.8324
460.75,-0.0658194,-15.8356
460.8,-0.065829,-15.8389
460.85,-0.0658371,-15.8422
460.9,-0.0658549,-15.8455
460.95,-0.0658518,-15.8488
461.0,-0.0658477,-15.8521
461.05,-0.0658629,-15.8554
461.1,-0.0658558,-15.8587
461.15,-0.0658538,-15.862
461.2,-0.0658697,-15.8653
461.25,-0.0658794,-15.8686
461.3,-0.0658767,-15.8719
461.35,-0.065877,-15.8752
461.4,-0.0658881,-15.8785
461.45,-0.0659054,-15.8818
461.5,-0.0659104,-15.885
461.55,-0.0659221,-15.8883
461.6,-0.0659251,-15.8916
461.65,-0.0659386,-15.8949
461.7,-0.0659414,-15.8982
461.75,-0.0659426,-15.9015
461.8,-0.06595,-15.9048
461.85,-0.0659568,-15.9081
461.9,-0.065952,-15.9114
461.95,-0.0659533,-15.9147
462.0,-0.0659821,-15.918
462.05,-0.0659805,-15.9213
462.1,-0.065992,-15.9246
462.15,-0.0659881,-15.9279
462.2,-0.0660222,-15.9312
462.25,-0.0660095,-15.9345
462.3,-0.0660281,-15.9378
462.35,-0.066028,-15.9411
462.4,-0.0660212,-15.9444
462.45,-0.0660361,-15.9477
462.5,-0.0660372,-15.951
462.55,-0.0660572,-15.9543
462.6,-0.0660787,-15.9576
462.65,-0.0660826,-15.9609
462.7,-0.0660886,-15.9642
462.75,-0.0661073,-15.9675
462.8,-0.0661113,-15.9709
462.85,-0.0661105,-15.9742
462.9,-0.0661147,-15.9775
462.95,-0.0661301,-15.9808
463.0,-0.0661237,-15.9841
463.05,-0.06614,-15.9874
463.1,-0.066142,-15.9907
463.15,-0.0661457,-15.994
463.2,-0.0661576,-15.9973
463.25,-0.0661576,-16.0006
463.3,-0.0661755,-16.0039
463.35,-0.0661812,-16.0072
463.4,-0.0661883,-16.0105
463.45,-0.0661934,-16.0138
463.5,-0.066202,-16.0172
463.55,-0.0662102,-16.0205
463.6,-0.0662157,-16.0238
463.65,-0.0662154,-16.0271
463.7,-0.0662227,-16.0304
463.75,-0.0662304,-16.0337
463.8,-0.0662392,-16.037
463.85,-0.0662299,-16.0403
463.9,-0.0662331,-16.0436
463.95,-0.066253,-16.047
464.0,-0.0662457,-16.0503
464.05,-0.0662585,-16.0536
464.1,-0.0662696,-16.0569
464.15,-0.0663329,-16.0602
464.2,-0.0663601,-16.0635
464.25,-0.066355,-16.0669
464.3,-0.0663583,-16.0702
464.35,-0.0663595,-16.0735
464.4,-0.0663611,-16.0768
464.45,-0.0663586,-16.0801
464.5,-0.0663688,-16.0834
464.55,-0.0663869,-16.0868
464.6,-0.0664057,-16.0901
464.65,-0.0663953,-16.0934
464.7,-0.0664082,-16.0967
464.75,-0.0664278,-16.1
464.8,-0.0664259,-16.1034
464.85,-0.0664192,-16.1067
464.9,-0.0664439,-16.11
464.95,-0.0664446,-16.1133
465.0,-0.0664553,-16.1167
465.05,-0.0664594,-16.12
465.1,-0.066434,-16.1233
465.15,-0.0664544,-16.1266
465.2,-0.066465,-16.1299
465.25,-0.0664619,-16.1333
465.3,-0.0664764,-16.1366
465.35,-0.0664923,-16.1399
465.4,-0.066488,-16.1432
465.45,-0.0664987,-16.1466
465.5,-0.0665123,-16.1499
465.55,-0.0665115,-16.1532
465.6,-0.0665167,-16.1565
465.65,-0.0665142,-16.1599
465.7,-0.0665405,-16.1632
465.75,-0.0665511,-16.1665
465.8,-0.0665383,-16.1699
465.85,-0.0665554,-16.1732
465.9,-0.0665724,-16.1765
465.95,-0.0665784,-16.1798
466.0,-0.0665746,-16.1832
466.05,-0.0665938,-16.1865
466.1,-0.0666,-16.1898
466.15,-0.0666019,-16.1932
466.2,-0.066605,-16.1965
466.25,-0.0666192,-16.1998
466.3,-0.0666359,-16.2031
466.35,-0.0666359,-16.2065
466.4,-0.0666389,-16.2098
466.45,-0.0666441,-16.2131
466.5,-0.0666564,-16.2165
466.55,-0.066675,-16.2198
466.6,-0.0666808,-16.2231
466.65,-0.0666854,-16.2265
466.7,-0.0666822,-16.2298
466.75,-0.0666934,-16.2331
466.8,-0.0666879,-16.2365
466.85,-0.0667035,-16.2398
466.9,-0.0667263,-16.2432
466.95,-0.0667286,-16.2465
467.0,-0.0667385,-16.2498
467.05,-0.0667502,-16.2532
467.1,-0.0667574,-16.2565
467.15,-0.0667584,-16.2598
467.2,-0.0667705,-16.2632
467.25,-0.0667857,-16.2665
467.3,-0.0667887,-16.2699
467.35,-0.0668043,-16.2732
467.4,-0.0668056,-16.2765
467.45,-0.0668139,-16.2799
467.5,-0.0668176,-16.2832
467.55,-0.0668096,-16.2866
467.6,-0.06683,-16.2899
467.65,-0.066849,-16.2932
467.7,-0.0668466,-16.2966
467.75,-0.0668513,-16.2999
467.8,-0.0668551,-16.3033
467.85,-0.0668577,-16.3066
467.9,-0.066878,-16.31
467.95,-0.066895,-16.3133
468.0,-0.0669261,-16.3166
468.05,-0.0669454,-16.32
468.1,-0.066954,-16.3233
468.15,-0.0669411,-16.3267
468.2,-0.0669447,-16.33
468.25,-0.0669398,-16.3334
468.3,-0.0669644,-16.3367
468.35,-0.0669579,-16.3401
468.4,-0.066978,-16.3434
468.45,-0.0669724,-16.3468
468.5,-0.0669838,-16.3501
468.55,-0.0669914,-16.3535
468.6,-0.0669855,-16.3568
468.65,-0.0669953,-16.3602
468.7,-0.0670026,-16.3635
468.75,-0.0669996,-16.3669
468.8,-0.0670001,-16.3702
468.85,-0.0670036,-16.3736
468.9,-0.0669999,-16.3769
468.95,-0.0670144,-16.3803
469.0,-0.0670177,-16.3836
469.05,-0.0670301,-16.387
469.1,-0.0670149,-16.3903
469.15,-0.0670308,-16.3937
469.2,-0.0670434,-16.397
469.25,-0.0670423,-16.4004
469.3,-0.0670374,-16.4037
469.35,-0.0670491,-16.4071
469.4,-0.0670585,-16.4104
469.45,-0.0670654,-16.4138
469.5,-0.0670536,-16.4171
469.55,-0.067066,-16.4205
469.6,-0.067074,-16.4239
469.65,-0.0670879,-16.4272
469.7,-0.0670915,-16.4306
469.75,-0.0670982,-16.4339
469.8,-0.0670963,-16.4373
469.85,-0.0670939,-16.4406
469.9,-0.0671089,-16.444
469.95,-0.0671235,-16.4473
470.0,-0.0671238,-16.4507
470.05,-0.067115,-16.4541
470.1,-0.0671228,-16.4574
470.15,-0.0671371,-16.4608
470.2,-0.0671377,-16.4641
470.25,-0.0671327,-16.4675
470.3,-0.0671497,-16.4708
470.35,-0.067173,-16.4742
470.4,-0.0671898,-16.4776
470.45,-0.0671824,-16.4809
470.5,-0.0671808,-16.4843
470.55,-0.0671901,-16.4876
470.6,-0.0671965,-16.491
470.65,-0.0672187,-16.4944
470.7,-0.0672238,-16.4977
470.75,-0.0672473,-16.5011
470.8,-0.0672471,-16.5044
470.85,-0.0672583,-16.5078
470.9,-0.0672694,-16.5112
470.95,-0.0672813,-16.5145
471.0,-0.0672878,-16.5179
471.05,-0.0672917,-16.5213
471.1,-0.067291,-16.5246
471.15,-0.0672984,-16.528
471.2,-0.0673091,-16.5314
471.25,-0.0673079,-16.5347
471.3,-0.0673184,-16.5381
471.35,-0.067316,-16.5415
471.4,-0.0673213,-16.5448
471.45,-0.0673256,-16.5482
471.5,-0.067334,-16.5515
471.55,-0.0673503,-16.5549
471.6,-0.0673429,-16.5583
471.65,-0.0673587,-16.5617
471.7,-0.0673574,-16.565
471.75,-0.0673643,-16.5684
471.8,-0.0673628,-16.5718
471.85,-0.0673693,-16.5751
471.9,-0.0673702,-16.5785
471.95,-0.0673789,-16.5819
472.0,-0.0673748,-16.5852
472.05,-0.0673884,-16.5886
472.1,-0.0673976,-16.592
472.15,-0.0674218,-16.5953
472.2,-0.0674256,-16.5987
472.25,-0.0674262,-16.6021
472.3,-0.0674215,-16.6055
472.35,-0.0674319,-16.6088
472.4,-0.067449,-16.6122
472.45,-0.0674459,-16.6156
472.5,-0.0674584,-16.6189
472.55,-0.0674496,-16.6223
472.6,-0.0674523,-16.6257
472.65,-0.0674525,-16.6291
472.7,-0.0674503,-16.6324
472.75,-0.0674573,-16.6358
472.8,-0.0674634,-16.6392
472.85,-0.0674743,-16.6426
472.9,-0.0674748,-16.6459
472.95,-0.0674808,-16.6493
473.0,-0.0674936,-16.6527
473.05,-0.0674976,-16.6561
473.1,-0.0675162,-16.6594
473.15,-0.0674975,-16.6628
473.2,-0.0675094,-16.6662
473.25,-0.0675224,-16.6696
473.3,-0.067526,-16.6729
473.35,-0.0675325,-16.6763
473.4,-0.0675476,-16.6797
473.45,-0.0675556,-16.6831
473.5,-0.067538,-16.6864
473.55,-0.0675454,-16.6898
473.6,-0.0675641,-16.6932
473.65,-0.0675651,-16.6966
473.7,-0.0675707,-16.7
473.75,-0.0675809,-16.7033
473.8,-0.0675819,-16.7067
473.85,-0.0675877,-16.7101
473.9,-0.0676046,-16.7135
473.95,-0.0676119,-16.7169
474.0,-0.06761,-16.7202
474.05,-0.0676152,-16.7236
474.1,-0.0676319,-16.727
474.15,-0.0676173,-16.7304
474.2,-0.0676354,-16.7338
474.25,-0.067663,-16.7371
474.3,-0.0676824,-16.7405
474.35,-0.0676858,-16.7439
474.4,-0.0676793,-16.7473
474.45,-0.067686,-16.7507
474.5,-0.0677003,-16.7541
474.55,-0.0677053,-16.7574
474.6,-0.0677163,-16.7608
474.65,-0.0677938,-16.7642
474.7,-0.067803,-16.7676
474.75,-0.0678093,-16.771
474.8,-0.0678086,-16.7744
474.85,-0.0678245,-16.7778
474.9,-0.0678306,-16.7812
474.95,-0.06783,-16.7846
475.0,-0.06784,-16.788
475.05,-0.0678465,-16.7914
475.1,-0.067834,-16.7947
475.15,-0.0678433,-16.7981
475.2,-0.0678441,-16.8015
475.25,-0.0678581,-16.8049
475.3,-0.0678509,-16.8083
475.35,-0.067861,-16.8117
475.4,-0.0678787,-16.8151
475.45,-0.0678782,-16.8185
475.5,-0.0678914,-16.8219
475.55,-0.0678912,-16.8253
475.6,-0.0679055,-16.8287
475.65,-0.0679071,-16.8321
475.7,-0.0679094,-16.8355
475.75,-0.0679117,-16.8389
475.8,-0.0679165,-16.8423
475.85,-0.0679063,-16.8457
475.9,-0.0679065,-16.8491
475.95,-0.0679251,-16.8524
476.0,-0.0679317,-16.8558
476.05,-0.0679441,-16.8592
476.1,-0.0679599,-16.8626
476.15,-0.0679706,-16.866
476.2,-0.0679864,-16.8694
476.25,-0.06798,-16.8728
476.3,-0.0679714,-16.8762
476.35,-0.0679921,-16.8796
476.4,-0.0679876,-16.883
476.45,-0.06799,-16.8864
476.5,-0.0679925,-16.8898
476.55,-0.0680019,-16.8932
476.6,-0.0680125,-16.8966
476.65,-0.0680054,-16.9
476.7,-0.0680188,-16.9034
476.75,-0.0680216,-16.9068
476.8,-0.0680222,-16.9102
476.85,-0.0680378,-16.9136
476.9,-0.0680567,-16.917
476.95,-0.0680507,-16.9204
477.0,-0.0680591,-16.9238
477.05,-0.0680662,-16.9272
477.1,-0.0680907,-16.9307
477.15,-0.0681052,-16.9341
477.2,-0.068096,-16.9375
477.25,-0.0680981,-16.9409
477.3,-0.0681078,-16.9443
477.35,-0.0681195,-16.9477
477.4,-0.0681373,-16.9511
477.45,-0.0681389,-16.9545
477.5,-0.0681533,-16.9579
477.55,-0.0681501,-16.9613
477.6,-0.0681504,-16.9647
477.65,-0.0681515,-16.9681
477.7,-0.0681541,-16.9715
477.75,-0.0681683,-16.9749
477.8,-0.0681781,-16.9783
477.85,-0.068186,-16.9818
477.9,-0.068193,-16.9852
477.95,-0.0682033,-16.9886
478.0,-0.0682158,-16.992
478.05,-0.0682242,-16.9954
478.1,-0.0682232,-16.9988
478.15,-0.0682339,-17.0022
478.2,-0.0682549,-17.0056
478.25,-0.0682526,-17.009
478.3,-0.0682664,-17.0125
478.35,-0.0682925,-17.0159
478.4,-0.0682997,-17.0193
478.45,-0.0683066,-17.0227
478.5,-0.06832,-17.0261
478.55,-0.0683198,-17.0295
478.6,-0.0683147,-17.033
478.65,-0.0683208,-17.0364
478.7,-0.0683245,-17.0398
478.75,-0.0683355,-17.0432
478.8,-0.0683502,-17.0466
478.85,-0.0683633,-17.05
478.9,-0.068367,-17.0535
478.95,-0.0683782,-17.0569
479.0,-0.0683878,-17.0603
479.05,-0.0683945,-17.0637
479.1,-0.0684025,-17.0671
479.15,-0.0684114,-17.0706
479.2,-0.0684234,-17.074
479.25,-0.0684125,-17.0774
479.3,-0.0684151,-17.0808
479.35,-0.0684265,-17.0842
479.4,-0.0684372,-17.0877
479.45,-0.068457,-17.0911
479.5,-0.0684645,-17.0945
479.55,-0.0684687,-17.0979
479.6,-0.0684722,-17.1014
479.65,-0.0684764,-17.1048
479.7,-0.0684839,-17.1082
479.75,-0.0684934,-17.1116
479.8,-0.0685037,-17.1151
479.85,-0.0684979,-17.1185
479.9,-0.0685133,-17.1219
479.95,-0.0685244,-17.1253
480.0,-0.0685264,-17.1288
480.05,-0.0685307,-17.1322
480.1,-0.068546,-17.1356
480.15,-0.068543,-17.139
480.2,-0.0685556,-17.1425
480.25,-0.0685613,-17.1459
480.3,-0.06857,-17.1493
480.35,-0.0685785,-17.1528
480.4,-0.0685836,-17.1562
480.45,-0.068586,-17.1596
480.5,-0.0685952,-17.163
480.55,-0.0686028,-17.1665
480.6,-0.0686066,-17.1699
480.65,-0.0686203,-17.1733
480.7,-0.0686417,-17.1768
480.75,-0.0686399,-17.1802
480.8,-0.0686556,-17.1836
480.85,-0.0686743,-17.1871
480.9,-0.0686781,-17.1905
480.95,-0.0686699,-17.1939
481.0,-0.0686763,-17.1974
481.05,-0.0686789,-17.2008
481.1,-0.068682,-17.2042
481.15,-0.0687141,-17.2077
481.2,-0.068721,-17.2111
481.25,-0.0687458,-17.2145
481.3,-0.0687562,-17.218
481.35,-0.0687547,-17.2214
481.4,-0.0687617,-17.2249
481.45,-0.068776,-17.2283
481.5,-0.0687852,-17.2317
481.55,-0.0687979,-17.2352
481.6,-0.068821,-17.2386
481.65,-0.0688337,-17.2421
481.7,-0.0688431,-17.2455
481.75,-0.0688603,-17.2489
481.8,-0.0688807,-17.2524
481.85,-0.0688944,-17.2558
481.9,-0.0689096,-17.2593
481.95,-0.0689238,-17.2627
482.0,-0.068937,-17.2662
482.05,-0.0689347,-17.2696
482.1,-0.0689355,-17.2731
482.15,-0.0689429,-17.2765
482.2,-0.0689506,-17.28
482.25,-0.0689671,-17.2834
482.3,-0.0689749,-17.2869
482.35,-0.0689975,-17.2903
482.4,-0.0690138,-17.2938
482.45,-0.0690127,-17.2972
482.5,-0.0690195,-17.3007
482.55,-0.0690302,-17.3041
482.6,-0.0690373,-17.3076
482.65,-0.0690396,-17.311
482.7,-0.0690413,-17.3145
482.75,-0.0690586,-17.3179
482.8,-0.0690756,-17.3214
482.85,-0.0690781,-17.3248
482.9,-0.0690769,-17.3283
482.95,-0.0690998,-17.3317
483.0,-0.069099,-17.3352
483.05,-0.0691076,-17.3386
483.1,-0.069116,-17.3421
483.15,-0.0691268,-17.3456
483.2,-0.0691299,-17.349
483.25,-0.0691455,-17.3525
483.3,-0.069142,-17.3559
483.35,-0.0691503,-17.3594
483.4,-0.0691686,-17.3628
483.45,-0.0691732,-17.3663
483.5,-0.0691699,-17.3698
483.55,-0.0691872,-17.3732
483.6,-0.0691924,-17.3767
483.65,-0.0691935,-17.3801
483.7,-0.069197,-17.3836
483.75,-0.0692201,-17.3871
483.8,-0.0692394,-17.3905
483.85,-0.069247,-17.394
483.9,-0.0692438,-17.3974
483.95,-0.0692515,-17.4009
484.0,-0.0692707,-17.4044
484.05,-0.0692675,-17.4078
484.1,-0.0692788,-17.4113
484.15,-0.0692949,-17.4148
484.2,-0.069273,-17.4182
484.25,-0.0692832,-17.4217
484.3,-0.0692959,-17.4252
484.35,-0.0693029,-17.4286
484.4,-0.0693144,-17.4321
484.45,-0.0693145,-17.4356
484.5,-0.0693222,-17.439
484.55,-0.0693237,-17.4425
484.6,-0.0693221,-17.4459
484.65,-0.069332,-17.4494
484.7,-0.0693366,-17.4529
484.75,-0.0693467,-17.4564
484.8,-0.06935,-17.4598
484.85,-0.0693541,-17.4633
484.9,-0.0693543,-17.4668
484.95,-0.0693608,-17.4702
485.0,-0.0693713,-17.4737
485.05,-0.0693776,-17.4772
485.1,-0.0693877,-17.4806
485.15,-0.0693807,-17.4841
485.2,-0.0693858,-17.4876
485.25,-0.0693874,-17.491
485.3,-0.0693998,-17.4945
485.35,-0.0694012,-17.498
485.4,-0.0694049,-17.5014
485.45,-0.0694133,-17.5049
485.5,-0.0694175,-17.5084
485.55,-0.0694265,-17.5119
485.6,-0.0694328,-17.5153
485.65,-0.0694322,-17.5188
485.7,-0.0694423,-17.5223
485.75,-0.0694539,-17.5257
485.8,-0.0694546,-17.5292
485.85,-0.069482,-17.5327
485.9,-0.0694921,-17.5362
485.95,-0.0694824,-17.5396
486.0,-0.069502,-17.5431
486.05,-0.0694838,-17.5466
486.1,-0.0694952,-17.5501
486.15,-0.0695046,-17.5535
486.2,-0.0695008,-17.557
486.25,-0.0695164,-17.5605
486.3,-0.0695003,-17.564
486.35,-0.0695014,-17.5674
486.4,-0.0695094,-17.5709
486.45,-0.0695203,-17.5744
486.5,-0.0695257,-17.5779
486.55,-0.0695354,-17.5813
486.6,-0.0695414,-17.5848
486.65,-0.0695418,-17.5883
486.7,-0.0695392,-17.5918
486.75,-0.0695399,-17.5953
486.8,-0.0695222,-17.5987
486.85,-0.0695283,-17.6022
486.9,-0.0695336,-17.6057
486.95,-0.0695384,-17.6092
487.0,-0.0695499,-17.6126
487.05,-0.0695458,-17.6161
487.1,-0.0695434,-17.6196
487.15,-0.0695402,-17.6231
487.2,-0.0695537,-17.6265
487.25,-0.069558,-17.63
487.3,-0.0695636,-17.6335
487.35,-0.0695503,-17.637
487.4,-0.0695542,-17.6405
487.45,-0.0695877,-17.6439
487.5,-0.069584,-17.6474
487.55,-0.069594,-17.6509
487.6,-0.0695809,-17.6544
487.65,-0.0695914,-17.6579
487.7,-0.0695945,-17.6613
487.75,-0.069602,-17.6648
487.8,-0.0696043,-17.6683
487.85,-0.0696153,-17.6718
487.9,-0.069608,-17.6753
487.95,-0.069612,-17.6787
488.0,-0.0696118,-17.6822
488.05,-0.069614,-17.6857
488.1,-0.0696154,-17.6892
488.15,-0.0696067,-17.6927
488.2,-0.0696066,-17.6961
488.25,-0.0696156,-17.6996
488.3,-0.0696188,-17.7031
488.35,-0.0696207,-17.7066
488.4,-0.0696235,-17.7101
488.45,-0.0696211,-17.7135
488.5,-0.0696193,-17.717
488.55,-0.0696285,-17.7205
488.6,-0.0696422,-17.724
488.65,-0.0696322,-17.7275
488.7,-0.0696349,-17.731
488.75,-0.0696188,-17.7344
488.8,-0.0696397,-17.7379
488.85,-0.0696433,-17.7414
488.9,-0.0696527,-17.7449
488.95,-0.0696526,-17.7484
489.0,-0.0696687,-17.7518
489.05,-0.0696574,-17.7553
489.1,-0.0696565,-17.7588
489.15,-0.0696647,-17.7623
489.2,-0.0696638,-17.7658
489.25,-0.0696679,-17.7693
489.3,-0.0696848,-17.7727
489.35,-0.0696902,-17.7762
489.4,-0.069707,-17.7797
489.45,-0.0697033,-17.7832
489.5,-0.0697188,-17.7867
489.55,-0.0697126,-17.7902
489.6,-0.0697226,-17.7937
489.65,-0.0697231,-17.7971
489.7,-0.0697246,-17.8006
489.75,-0.06973,-17.8041
489.8,-0.069737,-17.8076
489.85,-0.0697495,-17.8111
489.9,-0.0697457,-17.8146
489.95,-0.0697541,-17.8181
490.0,-0.0697596,-17.8216
490.05,-0.069759,-17.825
490.1,-0.0697391,-17.8285
490.15,-0.0697466,-17.832
490.2,-0.0697481,-17.8355
490.25,-0.0697541,-17.839
490.3,-0.0697658,-17.8425
490.35,-0.0697785,-17.846
490.4,-0.069778,-17.8495
490.45,-0.06978,-17.8529
490.5,-0.069782,-17.8564
490.55,-0.0697869,-17.8599
490.6,-0.0697905,-17.8634
490.65,-0.0697805,-17.8669
490.7,-0.0697919,-17.8704
490.75,-0.0698044,-17.8739
490.8,-0.0697926,-17.8774
490.85,-0.0697796,-17.8809
490.9,-0.0697891,-17.8844
490.95,-0.0697938,-17.8878
491.0,-0.0697979,-17.8913
491.05,-0.0697925,-17.8948
491.1,-0.0697976,-17.8983
491.15,-0.0698005,-17.9018
491.2,-0.0697863,-17.9053
491.25,-0.0698042,-17.9088
491.3,-0.0698141,-17.9123
491.35,-0.0698256,-17.9158
491.4,-0.0698315,-17.9193
491.45,-0.0698374,-17.9227
491.5,-0.0698485,-17.9262
491.55,-0.0698466,-17.9297
491.6,-0.0698458,-17.9332
491.65,-0.0698417,-17.9367
491.7,-0.069845,-17.9402
491.75,-0.0698472,-17.9437
491.8,-0.0698533,-17.9472
491.85,-0.0698484,-17.9507
491.9,-0.0698581,-17.9542
491.95,-0.0698601,-17.9577
492.0,-0.0698584,-17.9612
492.05,-0.0698626,-17.9647
492.1,-0.0698703,-17.9682
492.15,-0.0698632,-17.9716
492.2,-0.0698688,-17.9751
492.25,-0.0698804,-17.9786
492.3,-0.0698967,-17.9821
492.35,-0.069893,-17.9856
492.4,-0.0698939,-17.9891
492.45,-0.0698987,-17.9926
492.5,-0.0699069,-17.9961
492.55,-0.0699035,-17.9996
492.6,-0.069902,-18.0031
492.65,-0.0699143,-18.0066
492.7,-0.0699368,-18.0101
492.75,-0.0699374,-18.0136
492.8,-0.0699276,-18.0171
492.85,-0.0699392,-18.0206
492.9,-0.0699342,-18.0241
492.95,-0.0699418,-18.0276
493.0,-0.0699444,-18.0311
493.05,-0.0699517,-18.0346
493.1,-0.0699681,-18.0381
493.15,-0.0699594,-18.0416
493.2,-0.0699517,-18.0451
493.25,-0.0699849,-18.0486
493.3,-0.0699828,-18.0521
493.35,-0.0699723,-18.0556
493.4,-0.0699872,-18.0591
493.45,-0.0699999,-18.0626
493.5,-0.0700046,-18.0661
493.55,-0.0700257,-18.0696
493.6,-0.0700258,-18.0731
493.65,-0.0700173,-18.0766
493.7,-0.070027,-18.0801
493.75,-0.0700215,-18.0836
493.8,-0.0700446,-18.0871
493.85,-0.0700486,-18.0906
493.9,-0.0700516,-18.0941
493.95,-0.0700515,-18.0976
494.0,-0.0700773,-18.1011
494.05,-0.070077,-18.1046
494.1,-0.0700767,-18.1081
494.15,-0.0700806,-18.1116
494.2,-0.0700843,-18.1151
494.25,-0.0700915,-18.1186
494.3,-0.0700884,-18.1221
494.35,-0.0700978,-18.1256
494.4,-0.0701132,-18.1291
494.45,-0.0701177,-18.1326
494.5,-0.0701221,-18.1361
494.55,-0.0701853,-18.1396
494.6,-0.0702009,-18.1431
494.65,-0.0701924,-18.1467
494.7,-0.0701862,-18.1502
494.75,-0.0701836,-18.1537
494.8,-0.0701951,-18.1572
494.85,-0.070215,-18.1607
494.9,-0.070203,-18.1642
494.95,-0.0702039,-18.1677
495.0,-0.0702148,-18.1712
495.05,-0.0702212,-18.1747
495.1,-0.0702164,-18.1782
495.15,-0.0702258,-18.1818
495.2,-0.0702403,-18.1853
495.25,-0.0702532,-18.1888
495.3,-0.0702588,-18.1923
495.35,-0.0702614,-18.1958
495.4,-0.0702605,-18.1993
495.45,-0.0702875,-18.2028
495.5,-0.0702728,-18.2064
495.55,-0.0702974,-18.2099
495.6,-0.0703056,-18.2134
495.65,-0.0703005,-18.2169
495.7,-0.0703147,-18.2204
495.75,-0.0703088,-18.2239
495.8,-0.0703234,-18.2274
495.85,-0.0703399,-18.231
495.9,-0.0703478,-18.2345
495.95,-0.0703464,-18.238
496.0,-0.0703674,-18.2415
496.05,-0.0703611,-18.245
496.1,-0.0703534,-18.2485
496.15,-0.0703665,-18.2521
496.2,-0.0703729,-18.2556
496.25,-0.0703817,-18.2591
496.3,-0.0703986,-18.2626
496.35,-0.0704107,-18.2661
496.4,-0.0704215,-18.2697
496.45,-0.0704471,-18.2732
496.5,-0.0704423,-18.2767
496.55,-0.0704601,-18.2802
496.6,-0.0704598,-18.2838
496.65,-0.0704436,-18.2873
496.7,-0.0704655,-18.2908
496.75,-0.0704717,-18.2943
496.8,-0.0704718,-18.2978
496.85,-0.0704712,-18.3014
496.9,-0.0704926,-18.3049
496.95,-0.070495,-18.3084
497.0,-0.0704898,-18.3119
497.05,-0.0705036,-18.3155
497.1,-0.0705065,-18.319
497.15,-0.0705154,-18.3225
497.2,-0.0705186,-18.326
497.25,-0.0705272,-18.3296
497.3,-0.0705247,-18.3331
497.35,-0.0705565,-18.3366
497.4,-0.0705552,-18.3402
497.45,-0.070565,-18.3437
497.5,-0.0705793,-18.3472
497.55,-0.0705879,-18.3507
497.6,-0.0705803,-18.3543
497.65,-0.0705722,-18.3578
497.7,-0.0705791,-18.3613
497.75,-0.0705761,-18.3649
497.8,-0.0705911,-18.3684
497.85,-0.0706015,-18.3719
497.9,-0.0706152,-18.3754
497.95,-0.0706205,-18.379
498.0,-0.0706467,-18.3825
498.05,-0.0706479,-18.386
498.1,-0.0706659,-18.3896
498.15,-0.0706629,-18.3931
498.2,-0.0706624,-18.3966
498.25,-0.0706677,-18.4002
498.3,-0.0706691,-18.4037
498.35,-0.0706772,-18.4072
498.4,-0.0707012,-18.4108
498.45,-0.0706997,-18.4143
498.5,-0.0707204,-18.4179
498.55,-0.0707273,-18.4214
498.6,-0.0707331,-18.4249
498.65,-0.0707328,-18.4285
498.7,-0.0707462,-18.432
498.75,-0.0707563,-18.4355
498.8,-0.070773,-18.4391
498.85,-0.0707587,-18.4426
498.9,-0.070775,-18.4462
498.95,-0.0707797,-18.4497
499.0,-0.0707909,-18.4532
499.05,-0.0708027,-18.4568
499.1,-0.0708264,-18.4603
499.15,-0.070837,-18.4639
499.2,-0.0708424,-18.4674
499.25,-0.0708375,-18.4709
499.3,-0.0708586,-18.4745
499.35,-0.0708588,-18.478
499.4,-0.0708719,-18.4816
499.45,-0.0708938,-18.4851
499.5,-0.0709003,-18.4887
499.55,-0.070907,-18.4922
499.6,-0.0708924,-18.4957
499.65,-0.0709057,-18.4993
499.7,-0.070921,-18.5028
499.75,-0.0709254,-18.5064
499.8,-0.0709201,-18.5099
499.85,-0.0709335,-18.5135
499.9,-0.0709421,-18.517
499.95,-0.0709462,-18.5206
500.0,-0.0709418,-18.5241
500.05,-0.0709511,-18.5277
500.1,-0.0709601,-18.5312
500.15,-0.0709606,-18.5348
500.2,-0.0709694,-18.5383
500.25,-0.0709866,-18.5419
500.3,-0.0709968,-18.5454
500.35,-0.0710114,-18.549
500.4,-0.0710087,-18.5525
500.45,-0.0710184,-18.5561
500.5,-0.0710338,-18.5596
500.55,-0.0710373,-18.5632
500.6,-0.071024,-18.5667
500.65,-0.0710218,-18.5703
500.7,-0.0710263,-18.5738
500.75,-0.0710318,-18.5774
500.8,-0.0710427,-18.5809
500.85,-0.0710528,-18.5845
500.9,-0.0710655,-18.588
500.95,-0.0710667,-18.5916
501.0,-0.0710717,-18.5951
501.05,-0.0710707,-18.5987
501.1,-0.0710715,-18.6022
501.15,-0.0710796,-18.6058
501.2,-0.0710895,-18.6094
501.25,-0.0710889,-18.6129
501.3,-0.071089,-18.6165
501.35,-0.071084,-18.62
501.4,-0.0710933,-18.6236
501.45,-0.0711012,-18.6271
501.5,-0.0711016,-18.6307
501.55,-0.0711012,-18.6342
501.6,-0.0711114,-18.6378
501.65,-0.0711205,-18.6413
501.7,-0.0711172,-18.6449
501.75,-0.0711226,-18.6485
501.8,-0.0711436,-18.652
501.85,-0.0711533,-18.6556
501.9,-0.0711574,-18.6591
501.95,-0.0711654,-18.6627
502.0,-0.0711676,-18.6662
502.05,-0.0711683,-18.6698
502.1,-0.0711707,-18.6734
502.15,-0.0711764,-18.6769
502.2,-0.0711971,-18.6805
502.25,-0.0711875,-18.684
502.3,-0.0712031,-18.6876
502.35,-0.0712103,-18.6912
502.4,-0.0712231,-18.6947
502.45,-0.0712108,-18.6983
502.5,-0.0712154,-18.7018
502.55,-0.071244,-18.7054
502.6,-0.0712461,-18.709
502.65,-0.0712397,-18.7125
502.7,-0.0712542,-18.7161
502.75,-0.071262,-18.7197
502.8,-0.0712764,-18.7232
502.85,-0.0712857,-18.7268
502.9,-0.0712842,-18.7303
502.95,-0.0712958,-18.7339
503.0,-0.0712854,-18.7375
503.05,-0.0712957,-18.741
503.1,-0.0712963,-18.7446
503.15,-0.0713167,-18.7482
503.2,-0.0713644,-18.7517
503.25,-0.0713763,-18.7553
503.3,-0.071365,-18.7589
503.35,-0.0713588,-18.7624
503.4,-0.0713731,-18.766
503.45,-0.0713756,-18.7696
503.5,-0.0713903,-18.7732
503.55,-0.071401,-18.7767
503.6,-0.0714027,-18.7803
503.65,-0.0714036,-18.7839
503.7,-0.0714151,-18.7874
503.75,-0.0714545,-18.791
503.8,-0.0714458,-18.7946
503.85,-0.0714411,-18.7982
503.9,-0.0714579,-18.8017
503.95,-0.0714682,-18.8053
504.0,-0.071452,-18.8089
504.05,-0.0714569,-18.8124
504.1,-0.0714755,-18.816
504.15,-0.071481,-18.8196
504.2,-0.0714847,-18.8232
504.25,-0.0714978,-18.8267
504.3,-0.0715099,-18.8303
504.35,-0.0715093,-18.8339
504.4,-0.0715134,-18.8375
504.45,-0.071518,-18.841
504.5,-0.071528,-18.8446
504.55,-0.0715321,-18.8482
504.6,-0.071538,-18.8518
504.65,-0.071552,-18.8554
504.7,-0.0715694,-18.8589
504.75,-0.0715628,-18.8625
504.8,-0.0715698,-18.8661
504.85,-0.0715752,-18.8697
504.9,-0.07159,-18.8732
504.95,-0.0715871,-18.8768
505.0,-0.0716034,-18.8804
505.05,-0.0716274,-18.884
505.1,-0.0716255,-18.8876
505.15,-0.0716352,-18.8911
505.2,-0.0716355,-18.8947
505.25,-0.0716527,-18.8983
505.3,-0.0716625,-18.9019
505.35,-0.0716698,-18.9055
505.4,-0.0716868,-18.9091
505.45,-0.0716989,-18.9126
505.5,-0.0717018,-18.9162
505.55,-0.0717027,-18.9198
505.6,-0.0717106,-18.9234
505.65,-0.071727,-18.927
505.7,-0.0717383,-18.9306
505.75,-0.0717309,-18.9342
505.8,-0.0717427,-18.9378
505.85,-0.0717547,-18.9413
505.9,-0.0717675,-18.9449
505.95,-0.0717748,-18.9485
506.0,-0.0717795,-18.9521
506.05,-0.0717951,-18.9557
506.1,-0.0717964,-18.9593
506.15,-0.0718031,-18.9629
506.2,-0.0718082,-18.9665
506.25,-0.0718127,-18.9701
506.3,-0.0718257,-18.9736
506.35,-0.0718377,-18.9772
506.4,-0.0718445,-18.9808
506.45,-0.0718389,-18.9844
506.5,-0.0718332,-18.988
506.55,-0.0718409,-18.9916
506.6,-0.0718353,-18.9952
506.65,-0.0718326,-18.9988
506.7,-0.0718408,-19.0024
506.75,-0.0718598,-19.006
506.8,-0.0718726,-19.0096
506.85,-0.071886,-19.0132
506.9,-0.0718814,-19.0168
506.95,-0.0719016,-19.0204
507.0,-0.0719022,-19.0239
507.05,-0.0719236,-19.0275
507.1,-0.0719162,-19.0311
507.15,-0.0719189,-19.0347
507.2,-0.0719265,-19.0383
507.25,-0.0719341,-19.0419
507.3,-0.0719386,-19.0455
507.35,-0.07195,-19.0491
507.4,-0.0719635,-19.0527
507.45,-0.071954,-19.0563
507.5,-0.0719656,-19.0599
507.55,-0.0719673,-19.0635
507.6,-0.071983,-19.0671
507.65,-0.0719833,-19.0707
507.7,-0.0719917,-19.0743
507.75,-0.0720079,-19.0779
507.8,-0.0720192,-19.0815
507.85,-0.0720282,-19.0851
507.9,-0.0720353,-19.0887
507.95,-0.0720294,-19.0923
508.0,-0.0720539,-19.0959
508.05,-0.0720563,-19.0995
508.1,-0.0720666,-19.1031
508.15,-0.0720686,-19.1067
508.2,-0.07206,-19.1103
508.25,-0.0720733,-19.1139
508.3,-0.072086,-19.1175
508.35,-0.0720857,-19.1211
508.4,-0.0720996,-19.1248
508.45,-0.0721062,-19.1284
508.5,-0.0721038,-19.132
508.55,-0.0721119,-19.1356
508.6,-0.0721143,-19.1392
508.65,-0.072118,-19.1428
508.7,-0.0721272,-19.1464
508.75,-0.0721312,-19.15
508.8,-0.0721434,-19.1536
508.85,-0.0721487,-19.1572
508.9,-0.0721616,-19.1608
508.95,-0.0721804,-19.1644
509.0,-0.0721858,-19.168
509.05,-0.072184,-19.1716
509.1,-0.072192,-19.1753
509.15,-0.0721916,-19.1789
509.2,-0.072208,-19.1825
509.25,-0.0722242,-19.1861
509.3,-0.0722256,-19.1897
509.35,-0.0722338,-19.1933
509.4,-0.0722451,-19.1969
509.45,-0.072244,-19.2005
509.5,-0.072253,-19.2041
509.55,-0.0722632,-19.2078
509.6,-0.0722736,-19.2114
509.65,-0.072264,-19.215
509.7,-0.07228,-19.2186
509.75,-0.0722879,-19.2222
509.8,-0.0722869,-19.2258
509.85,-0.0722839,-19.2294
509.9,-0.0722968,-19.2331
509.95,-0.0722999,-19.2367
510.0,-0.0723066,-19.2403
510.05,-0.0722987,-19.2439
510.1,-0.0723005,-19.2475
510.15,-0.0723194,-19.2511
510.2,-0.072313,-19.2547
510.25,-0.0723157,-19.2584
510.3,-0.0723194,-19.262
510.35,-0.072321,-19.2656
510.4,-0.0723262,-19.2692
510.45,-0.0723203,-19.2728
510.5,-0.0723393,-19.2764
510.55,-0.0723429,-19.2801
510.6,-0.0723471,-19.2837
510.65,-0.0723609,-19.2873
510.7,-0.0723575,-19.2909
510.75,-0.0723667,-19.2945
510.8,-0.0723679,-19.2982
510.85,-0.0723516,-19.3018
510.9,-0.0723651,-19.3054
510.95,-0.072369,-19.309
511.0,-0.0723912,-19.3126
511.05,-0.0723891,-19.3162
511.1,-0.0723968,-19.3199
511.15,-0.0724019,-19.3235
511.2,-0.0724126,-19.3271
511.25,-0.0724209,-19.3307
511.3,-0.0724356,-19.3343
511.35,-0.0724396,-19.338
511.4,-0.0724476,-19.3416
511.45,-0.0724453,-19.3452
511.5,-0.0724492,-19.3488
511.55,-0.0724543,-19.3525
511.6,-0.0724486,-19.3561
511.65,-0.0724685,-19.3597
511.7,-0.072462,-19.3633
511.75,-0.0724779,-19.367
511.8,-0.0724744,-19.3706
511.85,-0.0724709,-19.3742
511.9,-0.0724607,-19.3778
511.95,-0.0724753,-19.3814
512.0,-0.0724942,-19.3851
512.05,-0.0724936,-19.3887
512.1,-0.072495,-19.3923
512.15,-0.0724958,-19.3959
512.2,-0.0725081,-19.3996
512.25,-0.0725106,-19.4032
512.3,-0.0725143,-19.4068
512.35,-0.0725187,-19.4104
512.4,-0.0725072,-19.4141
512.45,-0.072513,-19.4177
512.5,-0.0725173,-19.4213
512.55,-0.0725136,-19.425
512.6,-0.072533,-19.4286
512.65,-0.072554,-19.4322
512.7,-0.0725742,-19.4358
512.75,-0.0725756,-19.4395
512.8,-0.0725708,-19.4431
512.85,-0.0725739,-19.4467
512.9,-0.0725802,-19.4503
512.95,-0.0725854,-19.454
513.0,-0.0725972,-19.4576
513.05,-0.0725927,-19.4612
513.1,-0.0725963,-19.4649
513.15,-0.0726036,-19.4685
513.2,-0.0726139,-19.4721
513.25,-0.0726149,-19.4758
513.3,-0.0726309,-19.4794
513.35,-0.072635,-19.483
513.4,-0.0726418,-19.4867
513.45,-0.07264,-19.4903
513.5,-0.0726502,-19.4939
513.55,-0.0726496,-19.4976
513.6,-0.0726557,-19.5012
513.65,-0.072658,-19.5048
513.7,-0.072672,-19.5085
513.75,-0.0726645,-19.5121
513.8,-0.0726773,-19.5157
513.85,-0.0726741,-19.5194
513.9,-0.0726782,-19.523
513.95,-0.0726694,-19.5266
514.0,-0.0726783,-19.5303
514.05,-0.0726889,-19.5339
514.1,-0.0726952,-19.5375
514.15,-0.0727017,-19.5412
514.2,-0.0727044,-19.5448
514.25,-0.0727132,-19.5484
514.3,-0.072707,-19.5521
514.35,-0.0727136,-19.5557
514.4,-0.072712,-19.5593
514.45,-0.0727164,-19.563
514.5,-0.0727283,-19.5666
514.55,-0.0727395,-19.5702
514.6,-0.0727333,-19.5739
514.65,-0.0727504,-19.5775
514.7,-0.0727653,-19.5812
514.75,-0.072771,-19.5848
514.8,-0.0727621,-19.5884
514.85,-0.0727619,-19.5921
514.9,-0.0727703,-19.5957
514.95,-0.0727726,-19.5993
515.0,-0.072773,-19.603
515.05,-0.0727797,-19.6066
515.1,-0.0727998,-19.6103
515.15,-0.0727924,-19.6139
515.2,-0.072811,-19.6175
515.25,-0.0727991,-19.6212
515.3,-0.0727951,-19.6248
515.35,-0.0728182,-19.6285
515.4,-0.0728271,-19.6321
515.45,-0.0728267,-19.6357
515.5,-0.0728293,-19.6394
515.55,-0.0728359,-19.643
515.6,-0.0728549,-19.6467
515.65,-0.0728758,-19.6503
515.7,-0.0728706,-19.654
515.75,-0.072887,-19.6576
515.8,-0.0729014,-19.6613
515.85,-0.0728974,-19.6649
515.9,-0.0729146,-19.6685
515.95,-0.0729321,-19.6722
516.0,-0.07293,-19.6758
516.05,-0.0729233,-19.6795
516.1,-0.0729402,-19.6831
516.15,-0.0729377,-19.6868
516.2,-0.0729411,-19.6904
516.25,-0.0729599,-19.6941
516.3,-0.0729663,-19.6977
516.35,-0.072969,-19.7014
516.4,-0.0729771,-19.705
516.45,-0.0730011,-19.7087
516.5,-0.0729982,-19.7123
516.55,-0.0730001,-19.716
516.6,-0.0729983,-19.7196
516.65,-0.0730012,-19.7233
516.7,-0.0729991,-19.7269
516.75,-0.0730048,-19.7306
516.8,-0.0730135,-19.7342
516.85,-0.0730243,-19.7379
516.9,-0.0730459,-19.7415
516.95,-0.0730436,-19.7452
517.0,-0.0730902,-19.7488
517.05,-0.0730788,-19.7525
517.1,-0.0730772,-19.7561
517.15,-0.0730787,-19.7598
517.2,-0.0730853,-19.7634
517.25,-0.0730891,-19.7671
517.3,-0.0730923,-19.7708
517.35,-0.0731048,-19.7744
517.4,-0.0731131,-19.7781
517.45,-0.0731078,-19.7817
517.5,-0.0731204,-19.7854
517.55,-0.0731308,-19.789
517.6,-0.0731403,-19.7927
517.65,-0.0731321,-19.7963
517.7,-0.0731498,-19.8
517.75,-0.07316,-19.8037
517.8,-0.0731703,-19.8073
517.85,-0.073172,-19.811
517.9,-0.0731794,-19.8146
517.95,-0.0731773,-19.8183
518.0,-0.0731787,-19.822
518.05,-0.0731957,-19.8256
518.1,-0.0732002,-19.8293
518.15,-0.073224,-19.8329
518.2,-0.0732352,-19.8366
518.25,-0.0732475,-19.8403
518.3,-0.073247,-19.8439
518.35,-0.0732687,-19.8476
518.4,-0.0732869,-19.8512
518.45,-0.0732795,-19.8549
518.5,-0.0732983,-19.8586
518.55,-0.0733026,-19.8622
518.6,-0.0733191,-19.8659
518.65,-0.0733312,-19.8696
518.7,-0.0733369,-19.8732
518.75,-0.0733517,-19.8769
518.8,-0.0733473,-19.8806
518.85,-0.0733356,-19.8842
518.9,-0.0733407,-19.8879
518.95,-0.07336,-19.8916
519.0,-0.0733608,-19.8952
519.05,-0.073356,-19.8989
519.1,-0.0733618,-19.9026
519.15,-0.0733703,-19.9063
519.2,-0.0733698,-19.9099
519.25,-0.0733899,-19.9136
519.3,-0.0734048,-19.9173
519.35,-0.073412,-19.9209
519.4,-0.0734137,-19.9246
519.45,-0.0734242,-19.9283
519.5,-0.0734186,-19.9319
519.55,-0.073435,-19.9356
519.6,-0.0734565,-19.9393
519.65,-0.0734409,-19.943
519.7,-0.0734568,-19.9466
519.75,-0.0734672,-19.9503
519.8,-0.0734697,-19.954
519.85,-0.0734744,-19.9577
519.9,-0.0734897,-19.9613
519.95,-0.0734905,-19.965
520.0,-0.073499,-19.9687
520.05,-0.0735183,-19.9724
520.1,-0.0735279,-19.976
520.15,-0.0735206,-19.9797
520.2,-0.073543,-19.9834
520.25,-0.0735688,-19.9871
520.3,-0.0735637,-19.9907
520.35,-0.0735734,-19.9944
520.4,-0.0735875,-19.9981
520.45,-0.0735934,-20.0018
520.5,-0.0735942,-20.0055
520.55,-0.0735963,-20.0091
520.6,-0.0736062,-20.0128
520.65,-0.0736022,-20.0165
520.7,-0.0735988,-20.0202
520.75,-0.0736178,-20.0239
520.8,-0.0736213,-20.0275
520.85,-0.0736428,-20.0312
520.9,-0.0736496,-20.0349
520.95,-0.0736474,-20.0386
521.0,-0.0736699,-20.0423
521.05,-0.0736772,-20.046
521.1,-0.073693,-20.0496
521.15,-0.0737139,-20.0533
521.2,-0.0737123,-20.057
521.25,-0.073719,-20.0607
521.3,-0.0737316,-20.0644
521.35,-0.0737422,-20.0681
521.4,-0.0737476,-20.0718
521.45,-0.0737571,-20.0754
521.5,-0.0737669,-20.0791
521.55,-0.073756,-20.0828
521.6,-0.0737667,-20.0865
521.65,-0.0737797,-20.0902
521.7,-0.0737686,-20.0939
521.75,-0.0737829,-20.0976
521.8,-0.0737937,-20.1013
521.85,-0.0737974,-20.105
521.9,-0.0738107,-20.1086
521.95,-0.0738122,-20.1123
522.0,-0.0738141,-20.116
522.05,-0.0738217,-20.1197
522.1,-0.0738255,-20.1234
522.15,-0.0738335,-20.1271
522.2,-0.0738349,-20.1308
522.25,-0.0738526,-20.1345
522.3,-0.0738533,-20.1382
522.35,-0.0738526,-20.1419
522.4,-0.0738602,-20.1456
522.45,-0.0738618,-20.1493
522.5,-0.073859,-20.153
522.55,-0.0738618,-20.1566
522.6,-0.0738772,-20.1603
522.65,-0.0738744,-20.164
522.7,-0.0738776,-20.1677
522.75,-0.0738876,-20.1714
522.8,-0.0738888,-20.1751
522.85,-0.0738997,-20.1788
522.9,-0.0739048,-20.1825
522.95,-0.0739087,-20.1862
523.0,-0.0739057,-20.1899
523.05,-0.0739108,-20.1936
523.1,-0.0739206,-20.1973
523.15,-0.0739258,-20.201
523.2,-0.0739318,-20.2047
523.25,-0.0739354,-20.2084
523.3,-0.0739298,-20.2121
523.35,-0.0739372,-20.2158
523.4,-0.073948,-20.2195
523.45,-0.0739568,-20.2232
523.5,-0.0739526,-20.2269
523.55,-0.0739601,-20.2306
523.6,-0.0739504,-20.2343
523.65,-0.073972,-20.238
523.7,-0.0739911,-20.2417
523.75,-0.0740061,-20.2454
523.8,-0.0740155,-20.2491
523.85,-0.0740064,-20.2528
523.9,-0.0740099,-20.2565
523.95,-0.0740122,-20.2602
524.0,-0.0740123,-20.2639
524.05,-0.0740174,-20.2676
524.1,-0.0740281,-20.2713
524.15,-0.0740239,-20.275
524.2,-0.0740271,-20.2787
524.25,-0.0740391,-20.2824
524.3,-0.074046,-20.2861
524.35,-0.0740489,-20.2898
524.4,-0.0740472,-20.2935
524.45,-0.0740441,-20.2972
524.5,-0.0740582,-20.3009
524.55,-0.0740625,-20.3046
524.6,-0.0740573,-20.3083
524.65,-0.0740687,-20.312
524.7,-0.0740801,-20.3157
524.75,-0.0740752,-20.3194
524.8,-0.074096,-20.3231
524.85,-0.0741121,-20.3268
524.9,-0.0741131,-20.3305
524.95,-0.0741178,-20.3342
525.0,-0.0741346,-20.3379
525.05,-0.0741278,-20.3416
525.1,-0.0741341,-20.3453
525.15,-0.0741247,-20.349
525.2,-0.0741412,-20.3527
525.25,-0.0741517,-20.3565
525.3,-0.0741575,-20.3602
525.35,-0.0741559,-20.3639
525.4,-0.0741657,-20.3676
525.45,-0.0741635,-20.3713
525.5,-0.0741664,-20.375
525.55,-0.0741719,-20.3787
525.6,-0.0741781,-20.3824
525.65,-0.0741861,-20.3861
525.7,-0.0741859,-20.3898
525.75,-0.0741864,-20.3935
525.8,-0.0741798,-20.3973
525.85,-0.0741885,-20.401
525.9,-0.0741915,-20.4047
525.95,-0.0742052,-20.4084
526.0,-0.0742103,-20.4121
526.05,-0.0742116,-20.4158
526.1,-0.0742109,-20.4195
526.15,-0.0742225,-20.4232
526.2,-0.0742333,-20.4269
526.25,-0.0742464,-20.4306
526.3,-0.0742528,-20.4344
526.35,-0.074252,-20.4381
526.4,-0.0742579,-20.4418
526.45,-0.0742392,-20.4455
526.5,-0.0742494,-20.4492
526.55,-0.0742547,-20.4529
526.6,-0.0742662,-20.4566
526.65,-0.0742695,-20.4604
526.7,-0.0742834,-20.4641
526.75,-0.074287,-20.4678
526.8,-0.07429,-20.4715
526.85,-0.0742961,-20.4752
526.9,-0.0742925,-20.4789
526.95,-0.0743028,-20.4826
527.0,-0.0743159,-20.4864
527.05,-0.0743958,-20.4901
527.1,-0.0745767,-20.4938
527.15,-0.0745646,-20.4975
527.2,-0.074556,-20.5013
527.25,-0.074549,-20.505
527.3,-0.0745324,-20.5087
527.35,-0.0745254,-20.5124
527.4,-0.0745281,-20.5162
527.45,-0.0745177,-20.5199
527.5,-0.0745229,-20.5236
527.55,-0.0745269,-20.5273
527.6,-0.0745312,-20.5311
527.65,-0.0745252,-20.5348
527.7,-0.0745341,-20.5385
527.75,-0.0745359,-20.5422
527.8,-0.0745335,-20.546
527.85,-0.0745432,-20.5497
527.9,-0.0745481,-20.5534
527.95,-0.074554,-20.5572
528.0,-0.0745585,-20.5609
528.05,-0.0745576,-20.5646
528.1,-0.0745651,-20.5683
528.15,-0.0745777,-20.5721
528.2,-0.074564,-20.5758
528.25,-0.0745649,-20.5795
528.3,-0.0745661,-20.5833
528.35,-0.0745732,-20.587
528.4,-0.0745799,-20.5907
528.45,-0.0745871,-20.5944
528.5,-0.0746042,-20.5982
528.55,-0.0746109,-20.6019
528.6,-0.0746115,-20.6056
528.65,-0.0746269,-20.6094
528.7,-0.0746312,-20.6131
528.75,-0.0746236,-20.6168
528.8,-0.0746307,-20.6206
528.85,-0.0746259,-20.6243
528.9,-0.0746294,-20.628
528.95,-0.0746313,-20.6318
529.0,-0.074631,-20.6355
529.05,-0.0746328,-20.6392
529.1,-0.0746553,-20.643
529.15,-0.0746642,-20.6467
529.2,-0.0746664,-20.6504
529.25,-0.0746763,-20.6542
529.3,-0.0746721,-20.6579
529.35,-0.0746815,-20.6616
529.4,-0.0746903,-20.6654
529.45,-0.0747073,-20.6691
529.5,-0.0747035,-20.6728
529.55,-0.0746964,-20.6766
529.6,-0.0747107,-20.6803
529.65,-0.0747086,-20.684
529.7,-0.0747122,-20.6878
529.75,-0.0747246,-20.6915
529.8,-0.074728,-20.6952
529.85,-0.0747273,-20.699
529.9,-0.0747567,-20.7027
529.95,-0.074768,-20.7064
530.0,-0.0747661,-20.7102
530.05,-0.0747759,-20.7139
530.1,-0.074789,-20.7177
530.15,-0.0748019,-20.7214
530.2,-0.0748091,-20.7251
530.25,-0.0748077,-20.7289
530.3,-0.0748095,-20.7326
530.35,-0.0748116,-20.7364
530.4,-0.0748134,-20.7401
530.45,-0.0748066,-20.7438
530.5,-0.0748239,-20.7476
530.55,-0.074829,-20.7513
530.6,-0.0748229,-20.7551
530.65,-0.0748435,-20.7588
530.7,-0.0748529,-20.7626
530.75,-0.0748331,-20.7663
530.8,-0.0748493,-20.77
530.85,-0.0748595,-20.7738
530.9,-0.0748611,-20.7775
530.95,-0.0748613,-20.7813
531.0,-0.074878,-20.785
531.05,-0.0748744,-20.7888
531.1,-0.0748981,-20.7925
531.15,-0.0748978,-20.7962
531.2,-0.0749063,-20.8
531.25,-0.0749186,-20.8037
531.3,-0.0749113,-20.8075
531.35,-0.074909,-20.8112
531.4,-0.0749053,-20.815
531.45,-0.0749198,-20.8187
531.5,-0.0749259,-20.8225
531.55,-0.0749319,-20.8262
531.6,-0.0749414,-20.83
531.65,-0.0749406,-20.8337
531.7,-0.0749542,-20.8375
531.75,-0.0749597,-20.8412
531.8,-0.0749687,-20.845
531.85,-0.0749711,-20.8487
531.9,-0.0749844,-20.8525
531.95,-0.0749862,-20.8562
532.0,-0.0749887,-20.86
532.05,-0.074982,-20.8637
532.1,-0.0749885,-20.8674
532.15,-0.0749913,-20.8712
532.2,-0.0749922,-20.8749
532.25,-0.0750088,-20.8787
532.3,-0.0750144,-20.8824
532.35,-0.0750237,-20.8862
532.4,-0.0750122,-20.8899
532.45,-0.0750122,-20.8937
532.5,-0.0750345,-20.8975
532.55,-0.0750383,-20.9012
532.6,-0.0750481,-20.905
532.65,-0.0750441,-20.9087
532.7,-0.0750663,-20.9125
532.75,-0.0750681,-20.9162
532.8,-0.075075,-20.92
532.85,-0.0750694,-20.9237
532.9,-0.0750776,-20.9275
532.95,-0.0750842,-20.9312
533.0,-0.0750886,-20.935
533.05,-0.0750937,-20.9387
533.1,-0.0751029,-20.9425
533.15,-0.0751106,-20.9463
533.2,-0.0751121,-20.95
533.25,-0.075139,-20.9538
533.3,-0.0751411,-20.9575
533.35,-0.0751648,-20.9613
533.4,-0.0751767,-20.965
533.45,-0.0751789,-20.9688
533.5,-0.0751777,-20.9726
533.55,-0.0751868,-20.9763
533.6,-0.0751984,-20.9801
533.65,-0.0752103,-20.9838
533.7,-0.0752308,-20.9876
533.75,-0.0752319,-20.9914
533.8,-0.0752467,-20.9951
533.85,-0.0752427,-20.9989
533.9,-0.0752478,-21.0026
533.95,-0.0752427,-21.0064
534.0,-0.075252,-21.0102
534.05,-0.075254,-21.0139
534.1,-0.0752603,-21.0177
534.15,-0.0752709,-21.0215
534.2,-0.0752869,-21.0252
534.25,-0.0752967,-21.029
534.3,-0.0753106,-21.0328
534.35,-0.0753202,-21.0365
534.4,-0.0753239,-21.0403
534.45,-0.0753354,-21.0441
534.5,-0.0753411,-21.0478
534.55,-0.0753536,-21.0516
534.6,-0.0753608,-21.0554
534.65,-0.0753703,-21.0591
534.7,-0.0753876,-21.0629
534.75,-0.0753876,-21.0667
534.8,-0.0753919,-21.0704
534.85,-0.0753978,-21.0742
534.9,-0.0754074,-21.078
534.95,-0.0754094,-21.0817
535.0,-0.0754273,-21.0855
535.05,-0.0754261,-21.0893
535.1,-0.0754417,-21.0931
535.15,-0.0754547,-21.0968
535.2,-0.0754545,-21.1006
535.25,-0.0754572,-21.1044
535.3,-0.0754573,-21.1082
535.35,-0.0754666,-21.1119
535.4,-0.0754777,-21.1157
535.45,-0.0754989,-21.1195
535.5,-0.0755146,-21.1232
535.55,-0.0755447,-21.127
535.6,-0.0755338,-21.1308
535.65,-0.0755501,-21.1346
535.7,-0.0755494,-21.1384
535.75,-0.0755635,-21.1421
535.8,-0.0755611,-21.1459
535.85,-0.0755658,-21.1497
535.9,-0.0755659,-21.1535
535.95,-0.0755629,-21.1572
536.0,-0.075563,-21.161
536.05,-0.0755815,-21.1648
536.1,-0.0755961,-21.1686
536.15,-0.0756034,-21.1724
536.2,-0.0756199,-21.1761
536.25,-0.0756279,-21.1799
536.3,-0.0756446,-21.1837
536.35,-0.0756265,-21.1875
536.4,-0.0756139,-21.1913
536.45,-0.0756291,-21.1951
536.5,-0.0756328,-21.1988
536.55,-0.0756503,-21.2026
536.6,-0.0756575,-21.2064
536.65,-0.0756492,-21.2102
536.7,-0.0756669,-21.214
536.75,-0.0756598,-21.2177
536.8,-0.0756738,-21.2215
536.85,-0.0756638,-21.2253
536.9,-0.075676,-21.2291
536.95,-0.0756803,-21.2329
537.0,-0.075677,-21.2367
537.05,-0.0756845,-21.2405
537.1,-0.0757239,-21.2442
537.15,-0.0757368,-21.248
537.2,-0.0757457,-21.2518
537.25,-0.0757303,-21.2556
537.3,-0.0757322,-21.2594
537.35,-0.0757362,-21.2632
537.4,-0.075742,-21.267
537.45,-0.0757493,-21.2707
537.5,-0.0757565,-21.2745
537.55,-0.0757611,-21.2783
537.6,-0.0757692,-21.2821
537.65,-0.0757716,-21.2859
537.7,-0.0757791,-21.2897
537.75,-0.0757734,-21.2935
537.8,-0.0757828,-21.2973
537.85,-0.0757945,-21.3011
537.9,-0.0757799,-21.3048
537.95,-0.0757923,-21.3086
538.0,-0.0758028,-21.3124
538.05,-0.0757969,-21.3162
538.1,-0.0758059,-21.32
538.15,-0.0758082,-21.3238
538.2,-0.0758229,-21.3276
538.25,-0.0758263,-21.3314
538.3,-0.0758338,-21.3352
538.35,-0.0758325,-21.339
538.4,-0.0758333,-21.3428
538.45,-0.0758233,-21.3465
538.5,-0.0758427,-21.3503
538.55,-0.075856,-21.3541
538.6,-0.0758683,-21.3579
538.65,-0.0758649,-21.3617
538.7,-0.075859,-21.3655
538.75,-0.0758662,-21.3693
538.8,-0.0758701,-21.3731
538.85,-0.0758677,-21.3769
538.9,-0.0758745,-21.3807
538.95,-0.0758789,-21.3845
539.0,-0.075868,-21.3883
539.05,-0.0758667,-21.3921
539.1,-0.075874,-21.3959
539.15,-0.0758744,-21.3997
539.2,-0.0758742,-21.4034
539.25,-0.075885,-21.4072
539.3,-0.0758881,-21.411
539.35,-0.0758781,-21.4148
539.4,-0.0758905,-21.4186
539.45,-0.0758918,-21.4224
539.5,-0.0759016,-21.4262
539.55,-0.0759267,-21.43
539.6,-0.0759299,-21.4338
539.65,-0.0759309,-21.4376
539.7,-0.0759148,-21.4414
539.75,-0.0759168,-21.4452
539.8,-0.0759192,-21.449
539.85,-0.075926,-21.4528
539.9,-0.0759299,-21.4566
539.95,-0.075942,-21.4604
540.0,-0.0759507,-21.4642
540.05,-0.0760794,-21.468
540.1,-0.0760617,-21.4718
540.15,-0.0760471,-21.4756
540.2,-0.0760529,-21.4794
540.25,-0.0760446,-21.4832
540.3,-0.0760591,-21.487
540.35,-0.0760637,-21.4908
540.4,-0.0760665,-21.4946
540.45,-0.0760522,-21.4984
540.5,-0.0760626,-21.5022
540.55,-0.0760642,-21.506
540.6,-0.0760694,-21.5098
540.65,-0.0760803,-21.5136
540.7,-0.0761008,-21.5174
540.75,-0.076111,-21.5212
540.8,-0.0761199,-21.525
540.85,-0.0761151,-21.5288
540.9,-0.0761257,-21.5326
540.95,-0.0761343,-21.5364
541.0,-0.0761473,-21.5403
541.05,-0.0761613,-21.5441
541.1,-0.0761582,-21.5479
541.15,-0.0761714,-21.5517
541.2,-0.0761824,-21.5555
541.25,-0.0761819,-21.5593
541.3,-0.0762008,-21.5631
541.35,-0.0762034,-21.5669
541.4,-0.0762157,-21.5707
541.45,-0.0762225,-21.5745
541.5,-0.0762214,-21.5784
541.55,-0.0762326,-21.5822
541.6,-0.0762474,-21.586
541.65,-0.0762571,-21.5898
541.7,-0.0762598,-21.5936
541.75,-0.0762524,-21.5974
541.8,-0.0762582,-21.6012
541.85,-0.0762695,-21.605
541.9,-0.0762607,-21.6089
541.95,-0.0762706,-21.6127
542.0,-0.0762787,-21.6165
542.05,-0.0762868,-21.6203
542.1,-0.0762948,-21.6241
542.15,-0.0763059,-21.6279
542.2,-0.0763176,-21.6317
542.25,-0.0763015,-21.6356
542.3,-0.0763139,-21.6394
542.35,-0.0763154,-21.6432
542.4,-0.0763206,-21.647
542.45,-0.0763275,-21.6508
542.5,-0.0763458,-21.6546
542.55,-0.0763496,-21.6585
542.6,-0.0763542,-21.6623
542.65,-0.0763664,-21.6661
542.7,-0.0763593,-21.6699
542.75,-0.0763713,-21.6737
542.8,-0.0763797,-21.6775
542.85,-0.0763799,-21.6814
542.9,-0.0763812,-21.6852
542.95,-0.0763788,-21.689
543.0,-0.076366,-21.6928
543.05,-0.0763762,-21.6966
543.1,-0.0763868,-21.7005
543.15,-0.0763965,-21.7043
543.2,-0.0764264,-21.7081
543.25,-0.0764425,-21.7119
543.3,-0.0764528,-21.7157
543.35,-0.0764348,-21.7196
543.4,-0.0764688,-21.7234
543.45,-0.0764763,-21.7272
543.5,-0.0764656,-21.731
543.55,-0.076484,-21.7349
543.6,-0.0764826,-21.7387
543.65,-0.0764792,-21.7425
543.7,-0.0764894,-21.7463
543.75,-0.0765001,-21.7502
543.8,-0.0765111,-21.754
543.85,-0.0765022,-21.7578
543.9,-0.0765013,-21.7616
543.95,-0.0765029,-21.7655
544.0,-0.0765227,-21.7693
544.05,-0.0765218,-21.7731
544.1,-0.0765309,-21.7769
544.15,-0.0765425,-21.7808
544.2,-0.0765533,-21.7846
544.25,-0.0765588,-21.7884
544.3,-0.076557,-21.7923
544.35,-0.0765605,-21.7961
544.4,-0.0765622,-21.7999
544.45,-0.0765677,-21.8037
544.5,-0.0765834,-21.8076
544.55,-0.0765837,-21.8114
544.6,-0.0765838,-21.8152
544.65,-0.0765884,-21.8191
544.7,-0.0765838,-21.8229
544.75,-0.0765805,-21.8267
544.8,-0.076589,-21.8305
544.85,-0.076597,-21.8344
544.9,-0.0765916,-21.8382
544.95,-0.0765997,-21.842
545.0,-0.0766037,-21.8459
545.05,-0.0766219,-21.8497
545.1,-0.0766203,-21.8535
545.15,-0.076622,-21.8574
545.2,-0.0766403,-21.8612
545.25,-0.0766414,-21.865
545.3,-0.0766488,-21.8689
545.35,-0.0766525,-21.8727
545.4,-0.0766551,-21.8765
545.45,-0.0766586,-21.8803
545.5,-0.076643,-21.8842
545.55,-0.0766589,-21.888
545.6,-0.0766503,-21.8918
545.65,-0.0766529,-21.8957
545.7,-0.0766554,-21.8995
545.75,-0.0766506,-21.9033
545.8,-0.0766619,-21.9072
545.85,-0.0766709,-21.911
545.9,-0.0766843,-21.9148
545.95,-0.0766876,-21.9187
546.0,-0.0767049,-21.9225
546.05,-0.0767115,-21.9263
546.1,-0.076721,-21.9302
546.15,-0.0767282,-21.934
546.2,-0.0767355,-21.9379
546.25,-0.0767246,-21.9417
546.3,-0.0767414,-21.9455
546.35,-0.07673,-21.9494
546.4,-0.0767406,-21.9532
546.45,-0.0767375,-21.957
546.5,-0.0767566,-21.9609
546.55,-0.0767886,-21.9647
546.6,-0.0768074,-21.9686
546.65,-0.0768232,-21.9724
546.7,-0.0768311,-21.9762
546.75,-0.0768206,-21.9801
546.8,-0.076831,-21.9839
546.85,-0.0768389,-21.9878
546.9,-0.0768371,-21.9916
546.95,-0.0768493,-21.9955
547.0,-0.0768501,-21.9993
547.05,-0.0768612,-22.0031
547.1,-0.076856,-22.007
547.15,-0.0768639,-22.0108
547.2,-0.0768665,-22.0147
547.25,-0.076872,-22.0185
547.3,-0.0768771,-22.0224
547.35,-0.0768782,-22.0262
547.4,-0.0768803,-22.03
547.45,-0.0768709,-22.0339
547.5,-0.0768841,-22.0377
547.55,-0.0768933,-22.0416
547.6,-0.0768934,-22.0454
547.65,-0.0769081,-22.0493
547.7,-0.0769011,-22.0531
547.75,-0.0769171,-22.057
547.8,-0.0769094,-22.0608
547.85,-0.0769138,-22.0646
547.9,-0.0769152,-22.0685
547.95,-0.0769107,-22.0723
548.0,-0.0769132,-22.0762
548.05,-0.0769226,-22.08
548.1,-0.07693,-22.0839
548.15,-0.07693,-22.0877
548.2,-0.0769227,-22.0916
548.25,-0.0769269,-22.0954
548.3,-0.0769391,-22.0993
548.35,-0.0769349,-22.1031
548.4,-0.0769343,-22.107
548.45,-0.0769248,-22.1108
548.5,-0.076927,-22.1146
548.55,-0.0769444,-22.1185
548.6,-0.076955,-22.1223
548.65,-0.0769598,-22.1262
548.7,-0.0769575,-22.13
548.75,-0.0769625,-22.1339
548.8,-0.0769652,-22.1377
548.85,-0.0769545,-22.1416
548.9,-0.0769552,-22.1454
548.95,-0.0769667,-22.1493
549.0,-0.0769815,-22.1531
549.05,-0.0769864,-22.157
549.1,-0.0769847,-22.1608
549.15,-0.0769867,-22.1647
549.2,-0.0769835,-22.1685
549.25,-0.0769884,-22.1724
549.3,-0.0769904,-22.1762
549.35,-0.0769927,-22.1801
549.4,-0.0770054,-22.1839
549.45,-0.077002,-22.1878
549.5,-0.0769974,-22.1916
549.55,-0.0770063,-22.1955
549.6,-0.0770081,-22.1993
549.65,-0.0770218,-22.2032
549.7,-0.0770178,-22.207
549.75,-0.0770287,-22.2109
549.8,-0.0770272,-22.2147
549.85,-0.0770296,-22.2186
549.9,-0.0770293,-22.2224
549.95,-0.0770419,-22.2263
550.0,-0.0770575,-22.2301
550.05,-0.0770609,-22.234
550.1,-0.0770584,-22.2378
550.15,-0.0770726,-22.2417
550.2,-0.0770745,-22.2456
550.25,-0.0770829,-22.2494
550.3,-0.0770918,-22.2533
550.35,-0.077091,-22.2571
550.4,-0.0771098,-22.261
550.45,-0.0771204,-22.2648
550.5,-0.0771158,-22.2687
550.55,-0.0771352,-22.2725
550.6,-0.0771386,-22.2764
550.65,-0.0771465,-22.2803
550.7,-0.0771567,-22.2841
550.75,-0.0771623,-22.288
550.8,-0.0771747,-22.2918
550.85,-0.0771921,-22.2957
550.9,-0.0772013,-22.2995
550.95,-0.0772061,-22.3034
551.0,-0.0772145,-22.3073
551.05,-0.0772145,-22.3111
551.1,-0.0772277,-22.315
551.15,-0.0772322,-22.3189
551.2,-0.0772367,-22.3227
551.25,-0.0772388,-22.3266
551.3,-0.0772484,-22.3304
551.35,-0.0772687,-22.3343
551.4,-0.0772694,-22.3382
551.45,-0.077261,-22.342
551.5,-0.0772708,-22.3459
551.55,-0.0772804,-22.3498
551.6,-0.0772797,-22.3536
551.65,-0.0772796,-22.3575
551.7,-0.0772872,-22.3613
551.75,-0.0773124,-22.3652
551.8,-0.0773178,-22.3691
551.85,-0.0773254,-22.3729
551.9,-0.0773397,-22.3768
551.95,-0.0773429,-22.3807
552.0,-0.0773459,-22.3845
552.05,-0.0773569,-22.3884
552.1,-0.0773531,-22.3923
552.15,-0.0773617,-22.3962
552.2,-0.0773599,-22.4
552.25,-0.0773692,-22.4039
552.3,-0.0773828,-22.4078
552.35,-0.077377,-22.4116
552.4,-0.0773849,-22.4155
552.45,-0.0773767,-22.4194
552.5,-0.0773842,-22.4232
552.55,-0.0773941,-22.4271
552.6,-0.077387,-22.431
552.65,-0.0774051,-22.4348
552.7,-0.0774229,-22.4387
552.75,-0.0774291,-22.4426
552.8,-0.0774337,-22.4465
552.85,-0.0774342,-22.4503
552.9,-0.0774371,-22.4542
552.95,-0.0774363,-22.4581
553.0,-0.0774326,-22.4619
553.05,-0.0774459,-22.4658
553.1,-0.077448,-22.4697
553.15,-0.0774514,-22.4736
553.2,-0.0774516,-22.4774
553.25,-0.0774628,-22.4813
553.3,-0.0774742,-22.4852
553.35,-0.0774686,-22.4891
553.4,-0.0774665,-22.4929
553.45,-0.0774803,-22.4968
553.5,-0.0774967,-22.5007
553.55,-0.0775073,-22.5046
553.6,-0.0775011,-22.5084
553.65,-0.0775136,-22.5123
553.7,-0.0775251,-22.5162
553.75,-0.0775225,-22.5201
553.8,-0.0775302,-22.5239
553.85,-0.0775248,-22.5278
553.9,-0.0775282,-22.5317
553.95,-0.0775352,-22.5356
554.0,-0.0775338,-22.5394
554.05,-0.077551,-22.5433
554.1,-0.0775658,-22.5472
554.15,-0.0775675,-22.5511
554.2,-0.0775609,-22.5549
554.25,-0.0775826,-22.5588
554.3,-0.0775801,-22.5627
554.35,-0.0775792,-22.5666
554.4,-0.0775894,-22.5705
554.45,-0.07758,-22.5743
554.5,-0.0775698,-22.5782
554.55,-0.0775747,-22.5821
554.6,-0.0775838,-22.586
554.65,-0.0776079,-22.5899
554.7,-0.0776093,-22.5937
554.75,-0.0776195,-22.5976
554.8,-0.0776187,-22.6015
554.85,-0.0776306,-22.6054
554.9,-0.077633,-22.6093
554.95,-0.0776443,-22.6131
555.0,-0.0776523,-22.617
555.05,-0.0776632,-22.6209
555.1,-0.077657,-22.6248
555.15,-0.0776619,-22.6287
555.2,-0.0776676,-22.6326
555.25,-0.0776622,-22.6364
555.3,-0.0776736,-22.6403
555.35,-0.0776784,-22.6442
555.4,-0.077701,-22.6481
555.45,-0.0776917,-22.652
555.5,-0.0777069,-22.6559
555.55,-0.0777213,-22.6598
555.6,-0.0777223,-22.6636
555.65,-0.0777291,-22.6675
555.7,-0.0777364,-22.6714
555.75,-0.0777472,-22.6753
555.8,-0.0777662,-22.6792
555.85,-0.077762,-22.6831
555.9,-0.0777756,-22.687
555.95,-0.07779,-22.6909
556.0,-0.0777968,-22.6947
556.05,-0.0777972,-22.6986
556.1,-0.0777913,-22.7025
556.15,-0.0778137,-22.7064
556.2,-0.0778075,-22.7103
556.25,-0.0778162,-22.7142
556.3,-0.0778129,-22.7181
556.35,-0.0778264,-22.722
556.4,-0.0778245,-22.7259
556.45,-0.0778289,-22.7298
556.5,-0.0778378,-22.7337
556.55,-0.0778357,-22.7375
556.6,-0.0778799,-22.7414
556.65,-0.0778818,-22.7453
556.7,-0.0778864,-22.7492
556.75,-0.0779357,-22.7531
556.8,-0.077928,-22.757
556.85,-0.0779352,-22.7609
556.9,-0.0779233,-22.7648
556.95,-0.0779226,-22.7687
557.0,-0.0779317,-22.7726
557.05,-0.0779251,-22.7765
557.1,-0.0779344,-22.7804
557.15,-0.0779421,-22.7843
557.2,-0.0779338,-22.7882
557.25,-0.0779282,-22.7921
557.3,-0.0779442,-22.796
557.35,-0.077968,-22.7999
557.4,-0.0779716,-22.8038
557.45,-0.0779744,-22.8077
557.5,-0.0779758,-22.8116
557.55,-0.0779766,-22.8155
557.6,-0.0779776,-22.8194
557.65,-0.0779923,-22.8233
557.7,-0.0780026,-22.8272
557.75,-0.0780157,-22.8311
557.8,-0.0780137,-22.835
557.85,-0.0780227,-22.8389
557.9,-0.0780224,-22.8428
557.95,-0.0780255,-22.8467
558.0,-0.0780293,-22.8506
558.05,-0.078029,-22.8545
558.1,-0.0780425,-22.8584
558.15,-0.0780459,-22.8623
558.2,-0.0780426,-22.8662
558.25,-0.0780354,-22.8701
558.3,-0.0780532,-22.874
558.35,-0.078052,-22.8779
558.4,-0.0780542,-22.8818
558.45,-0.0780706,-22.8857
558.5,-0.0780714,-22.8896
558.55,-0.0780863,-22.8935
558.6,-0.0780961,-22.8974
558.65,-0.0780944,-22.9013
558.7,-0.0780826,-22.9052
558.75,-0.0780963,-22.9091
558.8,-0.0780942,-22.913
558.85,-0.0780984,-22.9169
558.9,-0.0781105,-22.9209
558.95,-0.0781083,-22.9248
559.0,-0.0781007,-22.9287
559.05,-0.0780985,-22.9326
559.1,-0.078118,-22.9365
559.15,-0.0781344,-22.9404
559.2,-0.0781457,-22.9443
559.25,-0.078152,-22.9482
559.3,-0.0781558,-22.9521
559.35,-0.0781785,-22.956
559.4,-0.07817,-22.9599
559.45,-0.0781796,-22.9638
559.5,-0.0780901,-22.9677
559.55,-0.0780874,-22.9716
559.6,-0.0781024,-22.9755
559.65,-0.0781172,-22.9794
559.7,-0.0781184,-22.9834
559.75,-0.0781341,-22.9873
559.8,-0.0781387,-22.9912
559.85,-0.0781473,-22.9951
559.9,-0.078146,-22.999
559.95,-0.0781563,-23.0029
560.0,-0.0781578,-23.0068
560.05,-0.0781827,-23.0107
560.1,-0.0781887,-23.0146
560.15,-0.0781888,-23.0185
560.2,-0.0781927,-23.0224
560.25,-0.0782071,-23.0263
560.3,-0.0782109,-23.0303
560.35,-0.0782114,-23.0342
560.4,-0.0782026,-23.0381
560.45,-0.078217,-23.042
560.5,-0.0782152,-23.0459
560.55,-0.0782227,-23.0498
560.6,-0.078229,-23.0537
560.65,-0.0782408,-23.0576
560.7,-0.0782526,-23.0615
560.75,-0.0782545,-23.0655
560.8,-0.0782484,-23.0694
560.85,-0.0782402,-23.0733
560.9,-0.0782489,-23.0772
560.95,-0.0782528,-23.0811
561.0,-0.0782556,-23.085
561.05,-0.0782555,-23.0889
561.1,-0.0782699,-23.0928
561.15,-0.0782732,-23.0968
561.2,-0.0782815,-23.1007
561.25,-0.0782892,-23.1046
561.3,-0.0783007,-23.1085
561.35,-0.0783212,-23.1124
561.4,-0.0783202,-23.1163
561.45,-0.0783158,-23.1203
561.5,-0.0783216,-23.1242
561.55,-0.0783232,-23.1281
561.6,-0.0783233,-23.132
561.65,-0.0783271,-23.1359
561.7,-0.0783496,-23.1398
561.75,-0.0783638,-23.1438
561.8,-0.0783631,-23.1477
561.85,-0.0783676,-23.1516
561.9,-0.0783699,-23.1555
561.95,-0.0783632,-23.1594
562.0,-0.078374,-23.1633
562.05,-0.0783594,-23.1673
562.1,-0.0783574,-23.1712
562.15,-0.0783693,-23.1751
562.2,-0.0783507,-23.179
562.25,-0.0783696,-23.1829
562.3,-0.0783797,-23.1869
562.35,-0.0783898,-23.1908
562.4,-0.0783951,-23.1947
562.45,-0.0783954,-23.1986
562.5,-0.0784031,-23.2025
562.55,-0.0784077,-23.2065
562.6,-0.0784311,-23.2104
562.65,-0.0784201,-23.2143
562.7,-0.0784341,-23.2182
562.75,-0.0784152,-23.2221
562.8,-0.0784088,-23.2261
562.85,-0.0784051,-23.23
562.9,-0.0784033,-23.2339
562.95,-0.078407,-23.2378
563.0,-0.0784031,-23.2417
563.05,-0.0784218,-23.2457
563.1,-0.0784256,-23.2496
563.15,-0.0784214,-23.2535
563.2,-0.0784234,-23.2574
563.25,-0.0784343,-23.2613
563.3,-0.0784307,-23.2653
563.35,-0.0784385,-23.2692
563.4,-0.0784384,-23.2731
563.45,-0.0784476,-23.277
563.5,-0.0784559,-23.281
563.55,-0.0784516,-23.2849
563.6,-0.0784626,-23.2888
563.65,-0.0784637,-23.2927
563.7,-0.078469,-23.2966
563.75,-0.0784691,-23.3006
563.8,-0.078464,-23.3045
563.85,-0.0784799,-23.3084
563.9,-0.078482,-23.3123
563.95,-0.0784754,-23.3163
564.0,-0.0784879,-23.3202
564.05,-0.0784862,-23.3241
564.1,-0.0784854,-23.328
564.15,-0.0784938,-23.332
564.2,-0.0785032,-23.3359
564.25,-0.078502,-23.3398
564.3,-0.0785066,-23.3437
564.35,-0.0785204,-23.3477
564.4,-0.0785358,-23.3516
564.45,-0.0785395,-23.3555
564.5,-0.0785337,-23.3594
564.55,-0.0785214,-23.3634
564.6,-0.0785252,-23.3673
564.65,-0.0785257,-23.3712
564.7,-0.0785196,-23.3752
564.75,-0.0785375,-23.3791
564.8,-0.0785468,-23.383
564.85,-0.078562,-23.3869
564.9,-0.0785581,-23.3909
564.95,-0.0785654,-23.3948
565.0,-0.0785716,-23.3987
565.05,-0.0785791,-23.4026
565.1,-0.0785806,-23.4066
565.15,-0.0785897,-23.4105
565.2,-0.078597,-23.4144
565.25,-0.0785965,-23.4184
565.3,-0.0785986,-23.4223
565.35,-0.0785955,-23.4262
565.4,-0.0786067,-23.4302
565.45,-0.0786309,-23.4341
565.5,-0.0786305,-23.438
565.55,-0.0786278,-23.4419
565.6,-0.0786428,-23.4459
565.65,-0.0786428,-23.4498
565.7,-0.0786581,-23.4537
565.75,-0.0786541,-23.4577
565.8,-0.0786599,-23.4616
565.85,-0.0786637,-23.4655
565.9,-0.0786699,-23.4695
565.95,-0.0786678,-23.4734
566.0,-0.0786696,-23.4773
566.05,-0.0786741,-23.4813
566.1,-0.0786709,-23.4852
566.15,-0.0786852,-23.4891
566.2,-0.0786948,-23.4931
566.25,-0.0786919,-23.497
566.3,-0.0787081,-23.501
566.35,-0.0787163,-23.5049
566.4,-0.0787188,-23.5088
566.45,-0.0787208,-23.5128
566.5,-0.0787295,-23.5167
566.55,-0.0787406,-23.5206
566.6,-0.0787432,-23.5246
566.65,-0.0787261,-23.5285
566.7,-0.0787385,-23.5324
566.75,-0.0787523,-23.5364
566.8,-0.0787651,-23.5403
566.85,-0.0787709,-23.5443
566.9,-0.0787842,-23.5482
566.95,-0.0787867,-23.5521
567.0,-0.0787949,-23.5561
567.05,-0.0788012,-23.56
567.1,-0.0788052,-23.564
567.15,-0.0788101,-23.5679
567.2,-0.0788182,-23.5718
567.25,-0.078829,-23.5758
567.3,-0.0788383,-23.5797
567.35,-0.0788437,-23.5837
567.4,-0.0788421,-23.5876
567.45,-0.0788639,-23.5915
567.5,-0.0788716,-23.5955
567.55,-0.078885,-23.5994
567.6,-0.078902,-23.6034
567.65,-0.0789064,-23.6073
567.7,-0.0789169,-23.6113
567.75,-0.0789244,-23.6152
567.8,-0.0789281,-23.6192
567.85,-0.0789248,-23.6231
567.9,-0.0789294,-23.6271
567.95,-0.0789313,-23.631
568.0,-0.0789526,-23.635
568.05,-0.0789604,-23.6389
568.1,-0.0789624,-23.6428
568.15,-0.078979,-23.6468
568.2,-0.0789982,-23.6507
568.25,-0.0790141,-23.6547
568.3,-0.0790341,-23.6587
568.35,-0.0790303,-23.6626
568.4,-0.0790339,-23.6666
568.45,-0.079045,-23.6705
568.5,-0.0790481,-23.6745
568.55,-0.0790414,-23.6784
568.6,-0.0790479,-23.6824
568.65,-0.0790575,-23.6863
568.7,-0.0790523,-23.6903
568.75,-0.0790548,-23.6942
568.8,-0.0790456,-23.6982
568.85,-0.0790561,-23.7021
568.9,-0.0790631,-23.7061
568.95,-0.0790847,-23.71
569.0,-0.0791001,-23.714
569.05,-0.0791019,-23.7179
569.1,-0.0791096,-23.7219
569.15,-0.07912,-23.7259
569.2,-0.0791374,-23.7298
569.25,-0.0791405,-23.7338
569.3,-0.0791583,-23.7377
569.35,-0.0791591,-23.7417
569.4,-0.0791539,-23.7456
569.45,-0.0791777,-23.7496
569.5,-0.0791952,-23.7536
569.55,-0.0792022,-23.7575
569.6,-0.0792125,-23.7615
569.65,-0.0792293,-23.7654
569.7,-0.0792425,-23.7694
569.75,-0.0792293,-23.7734
569.8,-0.0792365,-23.7773
569.85,-0.0792374,-23.7813
569.9,-0.0792525,-23.7853
569.95,-0.0792668,-23.7892
570.0,-0.0792763,-23.7932
570.05,-0.0792911,-23.7971
570.1,-0.0792903,-23.8011
570.15,-0.0793105,-23.8051
570.2,-0.079324,-23.809
570.25,-0.0793301,-23.813
570.3,-0.0793282,-23.817
570.35,-0.0793266,-23.8209
570.4,-0.0793373,-23.8249
570.45,-0.0793496,-23.8289
570.5,-0.0793542,-23.8328
570.55,-0.0793485,-23.8368
570.6,-0.0793561,-23.8408
570.65,-0.0793567,-23.8447
570.7,-0.0793646,-23.8487
570.75,-0.079371,-23.8527
570.8,-0.0793714,-23.8567
570.85,-0.0793801,-23.8606
570.9,-0.0793956,-23.8646
570.95,-0.0794107,-23.8686
571.0,-0.0794291,-23.8725
571.05,-0.0794406,-23.8765
571.1,-0.079445,-23.8805
571.15,-0.0794522,-23.8844
571.2,-0.0794655,-23.8884
571.25,-0.0794569,-23.8924
571.3,-0.0794551,-23.8964
571.35,-0.0794677,-23.9003
571.4,-0.0794714,-23.9043
571.45,-0.0794788,-23.9083
571.5,-0.0794766,-23.9123
571.55,-0.0794937,-23.9162
571.6,-0.0794965,-23.9202
571.65,-0.0794891,-23.9242
571.7,-0.0794989,-23.9282
571.75,-0.0794988,-23.9321
571.8,-0.0794891,-23.9361
571.85,-0.0795024,-23.9401
571.9,-0.0795125,-23.9441
571.95,-0.0795145,-23.948
572.0,-0.0795186,-23.952
572.05,-0.0795355,-23.956
572.1,-0.0795452,-23.96
572.15,-0.0795472,-23.9639
572.2,-0.079544,-23.9679
572.25,-0.0795471,-23.9719
572.3,-0.0795639,-23.9759
572.35,-0.079573,-23.9799
572.4,-0.0795752,-23.9838
572.45,-0.0795903,-23.9878
572.5,-0.0795941,-23.9918
572.55,-0.0795955,-23.9958
572.6,-0.079588,-23.9998
572.65,-0.0795853,-24.0037
572.7,-0.0795901,-24.0077
572.75,-0.0795966,-24.0117
572.8,-0.079612,-24.0157
572.85,-0.0796234,-24.0197
572.9,-0.0796302,-24.0236
572.95,-0.0796456,-24.0276
573.0,-0.0796376,-24.0316
573.05,-0.0796547,-24.0356
573.1,-0.0796541,-24.0396
573.15,-0.0796623,-24.0435
573.2,-0.0796657,-24.0475
573.25,-0.0796683,-24.0515
573.3,-0.0796821,-24.0555
573.35,-0.0796878,-24.0595
573.4,-0.0796902,-24.0635
573.45,-0.0797035,-24.0675
573.5,-0.0797088,-24.0714
573.55,-0.0797077,-24.0754
573.6,-0.0797042,-24.0794
573.65,-0.0796935,-24.0834
573.7,-0.0797019,-24.0874
573.75,-0.079707,-24.0914
573.8,-0.0797031,-24.0953
573.85,-0.0797242,-24.0993
573.9,-0.0797274,-24.1033
573.95,-0.0797339,-24.1073
574.0,-0.0797329,-24.1113
574.05,-0.0797461,-24.1153
574.1,-0.0797527,-24.1193
574.15,-0.0797455,-24.1233
574.2,-0.0797561,-24.1272
574.25,-0.0797646,-24.1312
574.3,-0.0797534,-24.1352
574.35,-0.0797708,-24.1392
574.4,-0.0797635,-24.1432
574.45,-0.0797651,-24.1472
574.5,-0.0797724,-24.1512
574.55,-0.0797887,-24.1552
574.6,-0.0797977,-24.1592
574.65,-0.0797916,-24.1631
574.7,-0.0797963,-24.1671
574.75,-0.0797959,-24.1711
574.8,-0.079796,-24.1751
574.85,-0.0797999,-24.1791
574.9,-0.0798161,-24.1831
574.95,-0.0798145,-24.1871
575.0,-0.0798287,-24.1911
575.05,-0.0798428,-24.1951
575.1,-0.0798405,-24.1991
575.15,-0.0798421,-24.2031
575.2,-0.0798432,-24.207
575.25,-0.0798452,-24.211
575.3,-0.0798488,-24.215
575.35,-0.0798426,-24.219
575.4,-0.0798535,-24.223
575.45,-0.0798598,-24.227
575.5,-0.0798561,-24.231
575.55,-0.0798637,-24.235
575.6,-0.0798664,-24.239
575.65,-0.0798774,-24.243
575.7,-0.0798852,-24.247
575.75,-0.0798842,-24.251
575.8,-0.0798907,-24.255
575.85,-0.0799005,-24.259
575.9,-0.0799085,-24.263
575.95,-0.079923,-24.2669
576.0,-0.0799336,-24.2709
576.05,-0.0799401,-24.2749
576.1,-0.0799356,-24.2789
576.15,-0.0799233,-24.2829
576.2,-0.0799393,-24.2869
576.25,-0.0799325,-24.2909
576.3,-0.0799474,-24.2949
576.35,-0.0799615,-24.2989
576.4,-0.0799636,-24.3029
576.45,-0.0799586,-24.3069
576.5,-0.0799695,-24.3109
576.55,-0.0799597,-24.3149
576.6,-0.0799824,-24.3189
576.65,-0.0799863,-24.3229
576.7,-0.07999,-24.3269
576.75,-0.0799851,-24.3309
576.8,-0.0799898,-24.3349
576.85,-0.0800028,-24.3389
576.9,-0.0800005,-24.3429
576.95,-0.080001,-24.3469
577.0,-0.0800279,-24.3509
577.05,-0.0800305,-24.3549
577.1,-0.0800316,-24.3589
577.15,-0.0800332,-24.3629
577.2,-0.0800416,-24.3669
577.25,-0.0800547,-24.3709
577.3,-0.0800687,-24.3749
577.35,-0.0800883,-24.3789
577.4,-0.0800946,-24.3829
577.45,-0.0800853,-24.3869
577.5,-0.0800913,-24.3909
577.55,-0.0800804,-24.395
577.6,-0.0800909,-24.399
577.65,-0.0800983,-24.403
577.7,-0.080113,-24.407
577.75,-0.0801187,-24.411
577.8,-0.0801307,-24.415
577.85,-0.0801361,-24.419
577.9,-0.0801419,-24.423
577.95,-0.0801443,-24.427
578.0,-0.0801389,-24.431
578.05,-0.080161,-24.435
578.1,-0.0801674,-24.439
578.15,-0.080171,-24.443
578.2,-0.0801659,-24.447
578.25,-0.0801726,-24.451
578.3,-0.0801777,-24.4551
578.35,-0.0801831,-24.4591
578.4,-0.0801815,-24.4631
578.45,-0.0801975,-24.4671
578.5,-0.0802075,-24.4711
578.55,-0.0802105,-24.4751
578.6,-0.0802064,-24.4791
578.65,-0.0802227,-24.4831
578.7,-0.0802283,-24.4871
578.75,-0.080241,-24.4912
578.8,-0.0802496,-24.4952
578.85,-0.0802565,-24.4992
578.9,-0.080262,-24.5032
578.95,-0.0802691,-24.5072
579.0,-0.080263,-24.5112
579.05,-0.080281,-24.5152
579.1,-0.0802902,-24.5192
579.15,-0.0802948,-24.5233
579.2,-0.0803118,-24.5273
579.25,-0.0803167,-24.5313
579.3,-0.0803136,-24.5353
579.35,-0.0803196,-24.5393
579.4,-0.0803207,-24.5433
579.45,-0.0803362,-24.5474
579.5,-0.0803428,-24.5514
579.55,-0.0803408,-24.5554
579.6,-0.0803664,-24.5594
579.65,-0.0803728,-24.5634
579.7,-0.0803641,-24.5674
579.75,-0.0803658,-24.5715
579.8,-0.0803873,-24.5755
579.85,-0.0804005,-24.5795
579.9,-0.0804038,-24.5835
579.95,-0.0804178,-24.5875
580.0,-0.0804156,-24.5916
580.05,-0.0804309,-24.5956
580.1,-0.0804265,-24.5996
580.15,-0.0804322,-24.6036
580.2,-0.0804281,-24.6077
580.25,-0.0804447,-24.6117
580.3,-0.0804566,-24.6157
580.35,-0.0804636,-24.6197
580.4,-0.080472,-24.6237
580.45,-0.0804786,-24.6278
580.5,-0.0804812,-24.6318
580.55,-0.080496,-24.6358
580.6,-0.0804968,-24.6398
580.65,-0.0805051,-24.6439
580.7,-0.0805058,-24.6479
580.75,-0.0805212,-24.6519
580.8,-0.0805307,-24.6559
580.85,-0.0805362,-24.66
580.9,-0.080542,-24.664
580.95,-0.080555,-24.668
581.0,-0.0805433,-24.6721
581.05,-0.0805499,-24.6761
581.1,-0.0805482,-24.6801
581.15,-0.0805566,-24.6841
581.2,-0.0805507,-24.6882
581.25,-0.0805528,-24.6922
581.3,-0.0805526,-24.6962
581.35,-0.0805442,-24.7002
581.4,-0.0805519,-24.7043
581.45,-0.0805587,-24.7083
581.5,-0.0805678,-24.7123
581.55,-0.08058,-24.7164
581.6,-0.0805799,-24.7204
581.65,-0.0805912,-24.7244
581.7,-0.0805933,-24.7284
581.75,-0.080595,-24.7325
581.8,-0.0806178,-24.7365
581.85,-0.0806157,-24.7405
581.9,-0.0806201,-24.7446
581.95,-0.0806146,-24.7486
582.0,-0.0806131,-24.7526
582.05,-0.080597,-24.7567
582.1,-0.0806122,-24.7607
582.15,-0.0806098,-24.7647
582.2,-0.080609,-24.7688
582.25,-0.0806115,-24.7728
582.3,-0.0806309,-24.7768
582.35,-0.0806294,-24.7808
582.4,-0.0806425,-24.7849
582.45,-0.0806434,-24.7889
582.5,-0.0806447,-24.7929
582.55,-0.0806607,-24.797
582.6,-0.0806522,-24.801
582.65,-0.08066,-24.805
582.7,-0.0806558,-24.8091
582.75,-0.080664,-24.8131
582.8,-0.0806758,-24.8171
582.85,-0.0806776,-24.8212
582.9,-0.0806945,-24.8252
582.95,-0.0806984,-24.8292
583.0,-0.0806869,-24.8333
583.05,-0.0806985,-24.8373
583.1,-0.0806921,-24.8413
583.15,-0.080705,-24.8454
583.2,-0.0807177,-24.8494
583.25,-0.0807163,-24.8535
583.3,-0.0807303,-24.8575
583.35,-0.0807381,-24.8615
583.4,-0.0807425,-24.8656
583.45,-0.0807457,-24.8696
583.5,-0.0807613,-24.8736
583.55,-0.0807603,-24.8777
583.6,-0.0807663,-24.8817
583.65,-0.0807656,-24.8858
583.7,-0.0807964,-24.8898
583.75,-0.0807974,-24.8938
583.8,-0.0808081,-24.8979
583.85,-0.0808105,-24.9019
583.9,-0.0808085,-24.906
583.95,-0.0808118,-24.91
584.0,-0.080814,-24.914
584.05,-0.0808316,-24.9181
584.1,-0.0808247,-24.9221
584.15,-0.0808273,-24.9262
584.2,-0.0808367,-24.9302
584.25,-0.0808447,-24.9342
584.3,-0.0808527,-24.9383
584.35,-0.0808581,-24.9423
584.4,-0.0808568,-24.9464
584.45,-0.080865,-24.9504
584.5,-0.0808795,-24.9545
584.55,-0.0808779,-24.9585
584.6,-0.080883,-24.9625
584.65,-0.080888,-24.9666
584.7,-0.0808975,-24.9706
584.75,-0.0809024,-24.9747
584.8,-0.0809196,-24.9787
584.85,-0.0809257,-24.9828
584.9,-0.0809191,-24.9868
584.95,-0.0809336,-24.9909
585.0,-0.0809235,-24.9949
585.05,-0.0809342,-24.999
585.1,-0.0809204,-25.003
585.15,-0.0809204,-25.0071
585.2,-0.0809437,-25.0111
585.25,-0.0809465,-25.0151
585.3,-0.0809514,-25.0192
585.35,-0.0809606,-25.0232
585.4,-0.0809751,-25.0273
585.45,-0.0809883,-25.0313
585.5,-0.0809939,-25.0354
585.55,-0.0809993,-25.0394
585.6,-0.0810122,-25.0435
585.65,-0.0810273,-25.0475
585.7,-0.0810396,-25.0516
585.75,-0.0810323,-25.0556
585.8,-0.0810595,-25.0597
585.85,-0.0810619,-25.0638
585.9,-0.0810647,-25.0678
585.95,-0.0810766,-25.0719
586.0,-0.0810867,-25.0759
586.05,-0.0810808,-25.08
586.1,-0.0810968,-25.084
586.15,-0.0811015,-25.0881
586.2,-0.0811039,-25.0921
586.25,-0.0811183,-25.0962
586.3,-0.081127,-25.1002
586.35,-0.0811421,-25.1043
586.4,-0.0811516,-25.1084
586.45,-0.0811717,-25.1124
586.5,-0.0811697,-25.1165
586.55,-0.0811719,-25.1205
586.6,-0.081174,-25.1246
586.65,-0.0811835,-25.1287
586.7,-0.0811754,-25.1327
586.75,-0.0811916,-25.1368
586.8,-0.0811898,-25.1408
586.85,-0.0811986,-25.1449
586.9,-0.0812544,-25.149
586.95,-0.0812463,-25.153
587.0,-0.0812479,-25.1571
587.05,-0.0812518,-25.1611
587.1,-0.0812535,-25.1652
587.15,-0.0812505,-25.1693
587.2,-0.0812683,-25.1733
587.25,-0.0812673,-25.1774
587.3,-0.081281,-25.1815
587.35,-0.0812845,-25.1855
587.4,-0.0812954,-25.1896
587.45,-0.0812878,-25.1936
587.5,-0.0812912,-25.1977
587.55,-0.081292,-25.2018
587.6,-0.0812972,-25.2058
587.65,-0.0813015,-25.2099
587.7,-0.0813048,-25.214
587.75,-0.081293,-25.218
587.8,-0.0812993,-25.2221
587.85,-0.0813115,-25.2262
587.9,-0.0813222,-25.2302
587.95,-0.0813222,-25.2343
588.0,-0.0813163,-25.2384
588.05,-0.0813141,-25.2424
588.1,-0.0813231,-25.2465
588.15,-0.0813382,-25.2506
588.2,-0.0813427,-25.2546
588.25,-0.0813551,-25.2587
588.3,-0.0813444,-25.2628
588.35,-0.0813476,-25.2668
588.4,-0.0813545,-25.2709
588.45,-0.0813563,-25.275
588.5,-0.0813648,-25.279
588.55,-0.0813662,-25.2831
588.6,-0.0813732,-25.2872
588.65,-0.0813767,-25.2912
588.7,-0.0813766,-25.2953
588.75,-0.0813839,-25.2994
588.8,-0.0813897,-25.3035
588.85,-0.0813888,-25.3075
588.9,-0.081397,-25.3116
588.95,-0.0813928,-25.3157
589.0,-0.0814037,-25.3197
589.05,-0.0813886,-25.3238
589.1,-0.0813697,-25.3279
589.15,-0.0813886,-25.3319
589.2,-0.0813942,-25.336
589.25,-0.0814053,-25.3401
589.3,-0.0814173,-25.3442
589.35,-0.0814172,-25.3482
589.4,-0.0814139,-25.3523
589.45,-0.0814135,-25.3564
589.5,-0.0814095,-25.3604
589.55,-0.0814229,-25.3645
589.6,-0.0814097,-25.3686
589.65,-0.081419,-25.3726
589.7,-0.0814137,-25.3767
589.75,-0.0814101,-25.3808
589.8,-0.081414,-25.3849
589.85,-0.0814234,-25.3889
589.9,-0.0814294,-25.393
589.95,-0.0814366,-25.3971
590.0,-0.0814439,-25.4011
590.05,-0.0814343,-25.4052
590.1,-0.0814379,-25.4093
590.15,-0.0814368,-25.4134
590.2,-0.0814414,-25.4174
590.25,-0.0814451,-25.4215
590.3,-0.0814576,-25.4256
590.35,-0.0814633,-25.4296
590.4,-0.0814792,-25.4337
590.45,-0.0814824,-25.4378
590.5,-0.0814779,-25.4419
590.55,-0.0814813,-25.4459
590.6,-0.0814906,-25.45
590.65,-0.0814896,-25.4541
590.7,-0.0814863,-25.4582
590.75,-0.0814812,-25.4622
590.8,-0.0814806,-25.4663
590.85,-0.0814848,-25.4704
590.9,-0.0814942,-25.4745
590.95,-0.0814927,-25.4785
591.0,-0.081512,-25.4826
591.05,-0.0815199,-25.4867
591.1,-0.0815346,-25.4908
591.15,-0.0815248,-25.4948
591.2,-0.0815374,-25.4989
591.25,-0.0815568,-25.503
591.3,-0.0815533,-25.5071
591.35,-0.0815616,-25.5112
591.4,-0.08158,-25.5152
591.45,-0.0815677,-25.5193
591.5,-0.0815672,-25.5234
591.55,-0.0815654,-25.5275
591.6,-0.0815724,-25.5315
591.65,-0.0815763,-25.5356
591.7,-0.0815919,-25.5397
591.75,-0.0816024,-25.5438
591.8,-0.0816164,-25.5479
591.85,-0.0816124,-25.5519
591.9,-0.0816241,-25.556
591.95,-0.0816304,-25.5601
592.0,-0.0816278,-25.5642
592.05,-0.0816281,-25.5683
592.1,-0.0816302,-25.5724
592.15,-0.0816391,-25.5764
592.2,-0.0816479,-25.5805
592.25,-0.0816697,-25.5846
592.3,-0.0816805,-25.5887
592.35,-0.0816893,-25.5928
592.4,-0.0817013,-25.5969
592.45,-0.0817146,-25.6009
592.5,-0.0817516,-25.605
592.55,-0.0817417,-25.6091
592.6,-0.0817373,-25.6132
592.65,-0.0817365,-25.6173
592.7,-0.0817384,-25.6214
592.75,-0.0817241,-25.6255
592.8,-0.0817319,-25.6296
592.85,-0.0817436,-25.6336
592.9,-0.0817481,-25.6377
592.95,-0.0817621,-25.6418
593.0,-0.0817548,-25.6459
593.05,-0.0817643,-25.65
593.1,-0.0817812,-25.6541
593.15,-0.0817776,-25.6582
593.2,-0.0817871,-25.6623
593.25,-0.0817879,-25.6663
593.3,-0.0817933,-25.6704
593.35,-0.0817889,-25.6745
593.4,-0.0818066,-25.6786
593.45,-0.081808,-25.6827
593.5,-0.0818091,-25.6868
593.55,-0.0817987,-25.6909
593.6,-0.0818055,-25.695
593.65,-0.0818112,-25.6991
593.7,-0.0818172,-25.7032
593.75,-0.0818279,-25.7072
593.8,-0.0818332,-25.7113
593.85,-0.0818469,-25.7154
593.9,-0.0818598,-25.7195
593.95,-0.0818531,-25.7236
594.0,-0.0818664,-25.7277
594.05,-0.0818652,-25.7318
594.1,-0.081874,-25.7359
594.15,-0.0818725,-25.74
594.2,-0.0818827,-25.7441
594.25,-0.0818993,-25.7482
594.3,-0.0818987,-25.7523
594.35,-0.0819158,-25.7564
594.4,-0.0819275,-25.7605
594.45,-0.0819382,-25.7646
594.5,-0.0819475,-25.7687
594.55,-0.0819447,-25.7728
594.6,-0.0819538,-25.7769
594.65,-0.0819563,-25.781
594.7,-0.0819536,-25.7851
594.75,-0.0819552,-25.7892
594.8,-0.0819905,-25.7933
594.85,-0.0820093,-25.7974
594.9,-0.0820089,-25.8015
594.95,-0.0820277,-25.8056
595.0,-0.0820293,-25.8097
595.05,-0.0820447,-25.8138
595.1,-0.0820463,-25.8179
595.15,-0.0820548,-25.822
595.2,-0.0820542,-25.8261
595.25,-0.0820711,-25.8302
595.3,-0.0820731,-25.8343
595.35,-0.0820653,-25.8384
595.4,-0.0820789,-25.8425
595.45,-0.0820785,-25.8466
595.5,-0.0820975,-25.8507
595.55,-0.0821008,-25.8548
595.6,-0.0821225,-25.8589
595.65,-0.0821264,-25.863
595.7,-0.082124,-25.8671
595.75,-0.0821216,-25.8712
595.8,-0.0821429,-25.8753
595.85,-0.082144,-25.8794
595.9,-0.0821693,-25.8835
595.95,-0.0821616,-25.8876
596.0,-0.0821674,-25.8918
596.05,-0.0821745,-25.8959
596.1,-0.0821698,-25.9
596.15,-0.0821738,-25.9041
596.2,-0.0821791,-25.9082
596.25,-0.0821883,-25.9123
596.3,-0.0822047,-25.9164
596.35,-0.0822087,-25.9205
596.4,-0.082215,-25.9246
596.45,-0.0822276,-25.9287
596.5,-0.0822139,-25.9329
596.55,-0.0822288,-25.937
596.6,-0.0822355,-25.9411
596.65,-0.0822217,-25.9452
596.7,-0.0822296,-25.9493
596.75,-0.0822189,-25.9534
596.8,-0.0822407,-25.9575
596.85,-0.08224,-25.9616
596.9,-0.0822513,-25.9657
596.95,-0.0822664,-25.9699
597.0,-0.0822803,-25.974
597.05,-0.0822755,-25.9781
597.1,-0.08228,-25.9822
597.15,-0.0822748,-25.9863
597.2,-0.0822896,-25.9904
597.25,-0.0822926,-25.9945
597.3,-0.0822969,-25.9987
597.35,-0.0823074,-26.0028
597.4,-0.0823128,-26.0069
597.45,-0.0823215,-26.011
597.5,-0.0823552,-26.0151
597.55,-0.0823502,-26.0192
597.6,-0.0823461,-26.0234
597.65,-0.0823566,-26.0275
597.7,-0.0823568,-26.0316
597.75,-0.0823756,-26.0357
597.8,-0.082363,-26.0398
597.85,-0.0823756,-26.044
597.9,-0.0823716,-26.0481
597.95,-0.0823911,-26.0522
598.0,-0.0823852,-26.0563
598.05,-0.0824088,-26.0604
598.1,-0.082424,-26.0646
598.15,-0.0824436,-26.0687
598.2,-0.0824547,-26.0728
598.25,-0.0824624,-26.0769
598.3,-0.0824672,-26.081
598.35,-0.0824678,-26.0852
598.4,-0.0824625,-26.0893
598.45,-0.0824579,-26.0934
598.5,-0.0824539,-26.0975
598.55,-0.0824664,-26.1017
598.6,-0.0824719,-26.1058
598.65,-0.0824735,-26.1099
598.7,-0.0824846,-26.114
598.75,-0.082487,-26.1182
598.8,-0.0824807,-26.1223
598.85,-0.0824848,-26.1264
598.9,-0.0824938,-26.1305
598.95,-0.0824966,-26.1347
599.0,-0.0825135,-26.1388
599.05,-0.0825163,-26.1429
599.1,-0.0825057,-26.147
599.15,-0.082518,-26.1512
599.2,-0.0825105,-26.1553
599.25,-0.0825132,-26.1594
599.3,-0.0825246,-26.1635
599.35,-0.0825277,-26.1677
599.4,-0.0825254,-26.1718
599.45,-0.0825351,-26.1759
599.5,-0.082528,-26.18
599.55,-0.0825245,-26.1842
599.6,-0.0825406,-26.1883
599.65,-0.0825423,-26.1924
599.7,-0.0825575,-26.1965
599.75,-0.0825645,-26.2007
599.8,-0.0825537,-26.2048
599.85,-0.0825662,-26.2089
599.9,-0.0825692,-26.2131
599.95,-0.0825875,-26.2172
600.0,-0.0825846,-26.2213
600.05,-0.0825793,-26.2254
600.1,-0.0825828,-26.2296
600.15,-0.0825784,-26.2337
600.2,-0.0825769,-26.2378
600.25,-0.0825768,-26.242
600.3,-0.0825818,-26.2461
600.35,-0.082584,-26.2502
600.4,-0.0825872,-26.2543
600.45,-0.0825915,-26.2585
600.5,-0.0825923,-26.2626
600.55,-0.0825972,-26.2667
600.6,-0.0825959,-26.2709
600.65,-0.0826032,-26.275
600.7,-0.0826093,-26.2791
600.75,-0.0826164,-26.2833
600.8,-0.0826252,-26.2874
600.85,-0.0826322,-26.2915
600.9,-0.082638,-26.2957
600.95,-0.0826126,-26.2998
601.0,-0.0826327,-26.3039
601.05,-0.0826315,-26.308
601.1,-0.0826335,-26.3122
601.15,-0.0826384,-26.3163
601.2,-0.0826529,-26.3204
601.25,-0.0826527,-26.3246
601.3,-0.082651,-26.3287
601.35,-0.0826545,-26.3328
601.4,-0.0826614,-26.337
601.45,-0.0826623,-26.3411
601.5,-0.0826756,-26.3452
601.55,-0.0826743,-26.3494
601.6,-0.0826711,-26.3535
601.65,-0.0826743,-26.3576
601.7,-0.082673,-26.3618
601.75,-0.0826643,-26.3659
601.8,-0.0826763,-26.37
601.85,-0.0826833,-26.3742
601.9,-0.0826964,-26.3783
601.95,-0.0826911,-26.3824
602.0,-0.0826983,-26.3866
602.05,-0.0827011,-26.3907
602.1,-0.0827049,-26.3949
602.15,-0.0827082,-26.399
602.2,-0.082711,-26.4031
602.25,-0.0827075,-26.4073
602.3,-0.0827044,-26.4114
602.35,-0.0827141,-26.4155
602.4,-0.0827067,-26.4197
602.45,-0.0827214,-26.4238
602.5,-0.0827196,-26.4279
602.55,-0.0827268,-26.4321
602.6,-0.0827436,-26.4362
602.65,-0.0827349,-26.4403
602.7,-0.0827429,-26.4445
602.75,-0.0827471,-26.4486
602.8,-0.0827662,-26.4528
602.85,-0.0827628,-26.4569
602.9,-0.0827669,-26.461
602.95,-0.0827615,-26.4652
603.0,-0.0827659,-26.4693
603.05,-0.0827589,-26.4735
603.1,-0.0827543,-26.4776
603.15,-0.0827657,-26.4817
603.2,-0.0827663,-26.4859
603.25,-0.0827846,-26.49
603.3,-0.082779,-26.4941
603.35,-0.0827821,-26.4983
603.4,-0.0827851,-26.5024
603.45,-0.0827859,-26.5066
603.5,-0.0827965,-26.5107
603.55,-0.082801,-26.5148
603.6,-0.0828049,-26.519
603.65,-0.0828091,-26.5231
603.7,-0.0828125,-26.5273
603.75,-0.0828169,-26.5314
603.8,-0.0828436,-26.5355
603.85,-0.0828442,-26.5397
603.9,-0.0828525,-26.5438
603.95,-0.082873,-26.548
604.0,-0.0828659,-26.5521
604.05,-0.0828605,-26.5563
604.1,-0.0828695,-26.5604
604.15,-0.0828626,-26.5645
604.2,-0.0828718,-26.5687
604.25,-0.0828637,-26.5728
604.3,-0.0828602,-26.577
604.35,-0.0828556,-26.5811
604.4,-0.0828469,-26.5853
604.45,-0.0828508,-26.5894
604.5,-0.0828438,-26.5935
604.55,-0.0828594,-26.5977
604.6,-0.0828778,-26.6018
604.65,-0.0828888,-26.606
604.7,-0.0829055,-26.6101
604.75,-0.0829304,-26.6143
604.8,-0.082911,-26.6184
604.85,-0.0828999,-26.6226
604.9,-0.082893,-26.6267
604.95,-0.0828928,-26.6308
605.0,-0.0829094,-26.635
605.05,-0.0829215,-26.6391
605.1,-0.0829334,-26.6433
605.15,-0.0829354,-26.6474
605.2,-0.0829311,-26.6516
605.25,-0.0829361,-26.6557
605.3,-0.0829434,-26.6599
605.35,-0.082941,-26.664
605.4,-0.0829527,-26.6682
605.45,-0.0829573,-26.6723
605.5,-0.0829572,-26.6765
605.55,-0.082972,-26.6806
605.6,-0.082989,-26.6848
605.65,-0.0829903,-26.6889
605.7,-0.0830172,-26.6931
605.75,-0.0830119,-26.6972
605.8,-0.0830333,-26.7014
605.85,-0.0830355,-26.7055
605.9,-0.0830209,-26.7097
605.95,-0.0830228,-26.7138
606.0,-0.0830345,-26.718
606.05,-0.0830335,-26.7221
606.1,-0.0830248,-26.7263
606.15,-0.0830396,-26.7304
606.2,-0.083041,-26.7346
606.25,-0.0830356,-26.7387
606.3,-0.0830319,-26.7429
606.35,-0.0830569,-26.747
606.4,-0.083055,-26.7512
606.45,-0.0830751,-26.7553
606.5,-0.0830739,-26.7595
606.55,-0.0830805,-26.7636
606.6,-0.0830804,-26.7678
606.65,-0.0830896,-26.772
606.7,-0.0830927,-26.7761
606.75,-0.0830963,-26.7803
606.8,-0.0830985,-26.7844
606.85,-0.0831032,-26.7886
606.9,-0.0831001,-26.7927
606.95,-0.0831145,-26.7969
607.0,-0.0831214,-26.801
607.05,-0.0831276,-26.8052
607.1,-0.0831445,-26.8094
607.15,-0.083148,-26.8135
607.2,-0.0831587,-26.8177
607.25,-0.0831776,-26.8218
607.3,-0.083181,-26.826
607.35,-0.0831844,-26.8302
607.4,-0.0831922,-26.8343
607.45,-0.0831907,-26.8385
607.5,-0.0831987,-26.8426
607.55,-0.083192,-26.8468
607.6,-0.0831894,-26.8509
607.65,-0.0831944,-26.8551
607.7,-0.0832101,-26.8593
607.75,-0.0832183,-26.8634
607.8,-0.0832407,-26.8676
607.85,-0.0832431,-26.8718
607.9,-0.0832479,-26.8759
607.95,-0.0832517,-26.8801
608.0,-0.0832521,-26.8842
608.05,-0.0832527,-26.8884
608.1,-0.083267,-26.8926
608.15,-0.0832745,-26.8967
608.2,-0.083278,-26.9009
608.25,-0.083284,-26.9051
608.3,-0.0832886,-26.9092
608.35,-0.0832923,-26.9134
608.4,-0.0832934,-26.9176
608.45,-0.0833069,-26.9217
608.5,-0.0833136,-26.9259
608.55,-0.0833134,-26.93
608.6,-0.0833208,-26.9342
608.65,-0.0833253,-26.9384
608.7,-0.083328,-26.9425
608.75,-0.0833322,-26.9467
608.8,-0.0833422,-26.9509
608.85,-0.0833457,-26.955
608.9,-0.0833451,-26.9592
608.95,-0.0833519,-26.9634
609.0,-0.083354,-26.9676
609.05,-0.0833618,-26.9717
609.1,-0.083365,-26.9759
609.15,-0.0833673,-26.9801
609.2,-0.0833696,-26.9842
609.25,-0.0833807,-26.9884
609.3,-0.0833811,-26.9926
609.35,-0.083387,-26.9967
609.4,-0.0833918,-27.0009
609.45,-0.0833934,-27.0051
609.5,-0.0834011,-27.0092
609.55,-0.0834158,-27.0134
609.6,-0.0834239,-27.0176
609.65,-0.0834093,-27.0218
609.7,-0.0834147,-27.0259
609.75,-0.0834092,-27.0301
609.8,-0.0834163,-27.0343
609.85,-0.0834112,-27.0384
609.9,-0.0834083,-27.0426
609.95,-0.0834095,-27.0468
610.0,-0.0833941,-27.0509
610.05,-0.0833961,-27.0551
610.1,-0.0834084,-27.0593
610.15,-0.083403,-27.0635
610.2,-0.0834152,-27.0676
610.25,-0.0834186,-27.0718
610.3,-0.0834306,-27.076
610.35,-0.0834372,-27.0801
610.4,-0.0834458,-27.0843
610.45,-0.0834575,-27.0885
610.5,-0.083453,-27.0927
610.55,-0.0834615,-27.0968
610.6,-0.0834696,-27.101
610.65,-0.0834653,-27.1052
610.7,-0.0834674,-27.1094
610.75,-0.0834743,-27.1135
610.8,-0.0834652,-27.1177
610.85,-0.0834699,-27.1219
610.9,-0.0834932,-27.126
610.95,-0.0835001,-27.1302
611.0,-0.0834944,-27.1344
611.05,-0.0835029,-27.1386
611.1,-0.0835178,-27.1427
611.15,-0.083524,-27.1469
611.2,-0.0835346,-27.1511
611.25,-0.0835422,-27.1553
611.3,-0.0835529,-27.1595
611.35,-0.0835389,-27.1636
611.4,-0.0835499,-27.1678
611.45,-0.0835637,-27.172
611.5,-0.0835776,-27.1762
611.55,-0.0835779,-27.1803
611.6,-0.0835799,-27.1845
611.65,-0.0835954,-27.1887
611.7,-0.0835924,-27.1929
611.75,-0.0835973,-27.1971
611.8,-0.0836089,-27.2012
611.85,-0.083604,-27.2054
611.9,-0.083608,-27.2096
611.95,-0.0836028,-27.2138
612.0,-0.0836232,-27.218
612.05,-0.0836165,-27.2221
612.1,-0.083643,-27.2263
612.15,-0.0836582,-27.2305
612.2,-0.083651,-27.2347
612.25,-0.0836616,-27.2389
612.3,-0.0836802,-27.2431
612.35,-0.0836813,-27.2472
612.4,-0.0836856,-27.2514
612.45,-0.0836923,-27.2556
612.5,-0.0836843,-27.2598
612.55,-0.0837013,-27.264
612.6,-0.0837051,-27.2682
612.65,-0.0837048,-27.2724
612.7,-0.0837038,-27.2765
612.75,-0.0837044,-27.2807
612.8,-0.0837188,-27.2849
612.85,-0.083717,-27.2891
612.9,-0.0837286,-27.2933
612.95,-0.0837246,-27.2975
613.0,-0.0837254,-27.3017
613.05,-0.0837363,-27.3058
613.1,-0.0837383,-27.31
613.15,-0.0837351,-27.3142
613.2,-0.0837466,-27.3184
613.25,-0.0837508,-27.3226
613.3,-0.0837585,-27.3268
613.35,-0.0837667,-27.331
613.4,-0.0837795,-27.3352
613.45,-0.0837924,-27.3393
613.5,-0.083792,-27.3435
613.55,-0.0838024,-27.3477
613.6,-0.0838073,-27.3519
613.65,-0.0838139,-27.3561
613.7,-0.0838238,-27.3603
613.75,-0.0838259,-27.3645
613.8,-0.0838103,-27.3687
613.85,-0.0838094,-27.3729
613.9,-0.0838254,-27.3771
613.95,-0.0838149,-27.3813
614.0,-0.0838336,-27.3854
614.05,-0.083835,-27.3896
614.1,-0.0838522,-27.3938
614.15,-0.0838585,-27.398
614.2,-0.0838659,-27.4022
614.25,-0.0838732,-27.4064
614.3,-0.0838756,-27.4106
614.35,-0.0838869,-27.4148
614.4,-0.0838808,-27.419
614.45,-0.083875,-27.4232
614.5,-0.0839008,-27.4274
614.55,-0.0838977,-27.4316
614.6,-0.0838989,-27.4358
614.65,-0.0839088,-27.44
614.7,-0.0839159,-27.4442
614.75,-0.0839246,-27.4484
614.8,-0.0839318,-27.4526
614.85,-0.083931,-27.4568
614.9,-0.0839465,-27.4609
614.95,-0.0839441,-27.4651
615.0,-0.083933,-27.4693
615.05,-0.0839449,-27.4735
615.1,-0.0839561,-27.4777
615.15,-0.0839637,-27.4819
615.2,-0.0839816,-27.4861
615.25,-0.0839884,-27.4903
615.3,-0.0839776,-27.4945
615.35,-0.0839964,-27.4987
615.4,-0.0839976,-27.5029
615.45,-0.0840236,-27.5071
615.5,-0.0840126,-27.5113
615.55,-0.0840217,-27.5155
615.6,-0.0840249,-27.5197
615.65,-0.0840184,-27.5239
615.7,-0.0840155,-27.5281
615.75,-0.0840146,-27.5323
615.8,-0.0840294,-27.5365
615.85,-0.0840275,-27.5407
615.9,-0.0840335,-27.5449
615.95,-0.0840427,-27.5491
616.0,-0.084042,-27.5533
616.05,-0.0840488,-27.5576
616.1,-0.0840623,-27.5618
616.15,-0.0840795,-27.566
616.2,-0.0840781,-27.5702
616.25,-0.0840897,-27.5744
616.3,-0.0840858,-27.5786
616.35,-0.0840838,-27.5828
616.4,-0.084086,-27.587
616.45,-0.0840959,-27.5912
616.5,-0.0841066,-27.5954
616.55,-0.084112,-27.5996
616.6,-0.0841114,-27.6038
616.65,-0.0841281,-27.608
616.7,-0.0841362,-27.6122
616.75,-0.0841374,-27.6164
616.8,-0.0841512,-27.6206
616.85,-0.084154,-27.6248
616.9,-0.0841645,-27.629
616.95,-0.084162,-27.6333
617.0,-0.0841664,-27.6375
617.05,-0.0841789,-27.6417
617.1,-0.0841894,-27.6459
617.15,-0.0841991,-27.6501
617.2,-0.0842093,-27.6543
617.25,-0.0842162,-27.6585
617.3,-0.0842153,-27.6627
617.35,-0.0842231,-27.6669
617.4,-0.0842142,-27.6711
617.45,-0.0842233,-27.6754
617.5,-0.0842388,-27.6796
617.55,-0.0842455,-27.6838
617.6,-0.0842442,-27.688
617.65,-0.0842397,-27.6922
617.7,-0.084239,-27.6964
617.75,-0.0842423,-27.7006
617.8,-0.0842455,-27.7048
617.85,-0.0842611,-27.7091
617.9,-0.0842749,-27.7133
617.95,-0.0842837,-27.7175
618.0,-0.0842793,-27.7217
618.05,-0.0842846,-27.7259
618.1,-0.084289,-27.7301
618.15,-0.084283,-27.7343
618.2,-0.0842847,-27.7386
618.25,-0.0842902,-27.7428
618.3,-0.0842858,-27.747
618.35,-0.0842811,-27.7512
618.4,-0.0842853,-27.7554
618.45,-0.0842934,-27.7596
618.5,-0.0843004,-27.7638
618.55,-0.0843086,-27.7681
618.6,-0.0843212,-27.7723
618.65,-0.0843392,-27.7765
618.7,-0.0843406,-27.7807
618.75,-0.0843493,-27.7849
618.8,-0.0843544,-27.7891
618.85,-0.0843485,-27.7934
618.9,-0.0843609,-27.7976
618.95,-0.0843701,-27.8018
619.0,-0.0843764,-27.806
619.05,-0.0843899,-27.8102
619.1,-0.0843908,-27.8144
619.15,-0.0843984,-27.8187
619.2,-0.0844132,-27.8229
619.25,-0.0844334,-27.8271
619.3,-0.0844553,-27.8313
619.35,-0.084454,-27.8356
619.4,-0.0844645,-27.8398
619.45,-0.0844733,-27.844
619.5,-0.0844755,-27.8482
619.55,-0.0844832,-27.8525
619.6,-0.0844855,-27.8567
619.65,-0.0844897,-27.8609
619.7,-0.0845052,-27.8651
619.75,-0.084508,-27.8694
619.8,-0.0845098,-27.8736
619.85,-0.0845183,-27.8778
619.9,-0.0845395,-27.882
619.95,-0.0845587,-27.8863
620.0,-0.0845565,-27.8905
620.05,-0.0845812,-27.8947
620.1,-0.0845776,-27.8989
620.15,-0.0845773,-27.9032
620.2,-0.0845812,-27.9074
620.25,-0.0845904,-27.9116
620.3,-0.0845887,-27.9159
620.35,-0.0845914,-27.9201
620.4,-0.0845931,-27.9243
620.45,-0.0845938,-27.9286
620.5,-0.0846149,-27.9328
620.55,-0.0846155,-27.937
620.6,-0.0846275,-27.9412
620.65,-0.0846171,-27.9455
620.7,-0.0846344,-27.9497
620.75,-0.0846491,-27.9539
620.8,-0.0846485,-27.9582
620.85,-0.0846444,-27.9624
620.9,-0.0846639,-27.9666
620.95,-0.0846789,-27.9709
621.0,-0.0846987,-27.9751
621.05,-0.0847089,-27.9793
621.1,-0.0847092,-27.9836
621.15,-0.0847115,-27.9878
621.2,-0.0847049,-27.992
621.25,-0.0847183,-27.9963
621.3,-0.0847226,-28.0005
621.35,-0.0847248,-28.0048
621.4,-0.084748,-28.009
621.45,-0.0847412,-28.0132
621.5,-0.0847402,-28.0175
621.55,-0.0847416,-28.0217
621.6,-0.0847499,-28.0259
621.65,-0.0847727,-28.0302
621.7,-0.0847711,-28.0344
621.75,-0.0847846,-28.0387
621.8,-0.0847937,-28.0429
621.85,-0.0848035,-28.0471
621.9,-0.084818,-28.0514
621.95,-0.0848299,-28.0556
622.0,-0.0848307,-28.0599
622.05,-0.084841,-28.0641
622.1,-0.084834,-28.0683
622.15,-0.0848532,-28.0726
622.2,-0.0848482,-28.0768
622.25,-0.0848563,-28.0811
622.3,-0.0848727,-28.0853
622.35,-0.0848749,-28.0896
622.4,-0.0848818,-28.0938
622.45,-0.0849073,-28.098
622.5,-0.084906,-28.1023
622.55,-0.084916,-28.1065
622.6,-0.0849235,-28.1108
622.65,-0.0849281,-28.115
622.7,-0.0849352,-28.1193
622.75,-0.0849455,-28.1235
622.8,-0.0849547,-28.1278
622.85,-0.0849733,-28.132
622.9,-0.0849859,-28.1363
622.95,-0.084986,-28.1405
623.0,-0.0849951,-28.1448
623.05,-0.0849998,-28.149
623.1,-0.0850282,-28.1533
623.15,-0.0850377,-28.1575
623.2,-0.0850397,-28.1618
623.25,-0.085053,-28.166
623.3,-0.0850575,-28.1703
623.35,-0.0850592,-28.1745
623.4,-0.0850603,-28.1788
623.45,-0.0850642,-28.183
623.5,-0.0850829,-28.1873
623.55,-0.0850922,-28.1916
623.6,-0.0851063,-28.1958
623.65,-0.0851165,-28.2001
623.7,-0.0851221,-28.2043
623.75,-0.0851252,-28.2086
623.8,-0.0851401,-28.2128
623.85,-0.0851525,-28.2171
623.9,-0.0851636,-28.2213
623.95,-0.0851769,-28.2256
624.0,-0.0851708,-28.2299
624.05,-0.0851821,-28.2341
624.1,-0.085176,-28.2384
624.15,-0.0851849,-28.2426
624.2,-0.0851929,-28.2469
624.25,-0.085209,-28.2512
624.3,-0.0852095,-28.2554
624.35,-0.0852158,-28.2597
624.4,-0.0852314,-28.2639
624.45,-0.0852404,-28.2682
624.5,-0.085244,-28.2725
624.55,-0.085256,-28.2767
624.6,-0.0852616,-28.281
624.65,-0.0852613,-28.2853
624.7,-0.0852768,-28.2895
624.75,-0.0852702,-28.2938
624.8,-0.0852868,-28.298
624.85,-0.0852828,-28.3023
624.9,-0.0852998,-28.3066
624.95,-0.085311,-28.3108
625.0,-0.0853255,-28.3151
625.05,-0.0853265,-28.3194
625.1,-0.0853226,-28.3236
625.15,-0.0853295,-28.3279
625.2,-0.0853373,-28.3322
625.25,-0.0853418,-28.3364
625.3,-0.0853513,-28.3407
625.35,-0.0853545,-28.345
625.4,-0.0853583,-28.3492
625.45,-0.0853667,-28.3535
625.5,-0.0853679,-28.3578
625.55,-0.0853951,-28.3621
625.6,-0.0853999,-28.3663
625.65,-0.0854066,-28.3706
625.7,-0.0854168,-28.3749
625.75,-0.0854197,-28.3791
625.8,-0.0854271,-28.3834
625.85,-0.085436,-28.3877
625.9,-0.0854478,-28.392
625.95,-0.0854501,-28.3962
626.0,-0.0854506,-28.4005
626.05,-0.0854656,-28.4048
626.1,-0.0854712,-28.409
626.15,-0.0854826,-28.4133
626.2,-0.0854834,-28.4176
626.25,-0.085501,-28.4219
626.3,-0.085518,-28.4261
626.35,-0.0855218,-28.4304
626.4,-0.0855324,-28.4347
626.45,-0.0855251,-28.439
626.5,-0.0855386,-28.4432
626.55,-0.0855514,-28.4475
626.6,-0.0855562,-28.4518
626.65,-0.0855738,-28.4561
626.7,-0.0855976,-28.4604
626.75,-0.0856033,-28.4646
626.8,-0.0856091,-28.4689
626.85,-0.0856163,-28.4732
626.9,-0.0856341,-28.4775
626.95,-0.0856404,-28.4818
627.0,-0.0856448,-28.486
627.05,-0.0856601,-28.4903
627.1,-0.0856633,-28.4946
627.15,-0.0856602,-28.4989
627.2,-0.0856699,-28.5032
627.25,-0.0856662,-28.5075
627.3,-0.0856904,-28.5117
627.35,-0.0857044,-28.516
627.4,-0.0856998,-28.5203
627.45,-0.085722,-28.5246
627.5,-0.0857387,-28.5289
627.55,-0.0857379,-28.5332
627.6,-0.0857585,-28.5375
627.65,-0.0857587,-28.5418
627.7,-0.0857736,-28.546
627.75,-0.0857742,-28.5503
627.8,-0.0857716,-28.5546
627.85,-0.0857775,-28.5589
627.9,-0.0857969,-28.5632
627.95,-0.0858116,-28.5675
628.0,-0.0858058,-28.5718
628.05,-0.0858184,-28.5761
628.1,-0.0858232,-28.5804
628.15,-0.085833,-28.5847
628.2,-0.0858273,-28.5889
628.25,-0.0858274,-28.5932
628.3,-0.0858332,-28.5975
628.35,-0.0858495,-28.6018
628.4,-0.0858768,-28.6061
628.45,-0.0858866,-28.6104
628.5,-0.0858803,-28.6147
628.55,-0.0858896,-28.619
628.6,-0.0858986,-28.6233
628.65,-0.0858989,-28.6276
628.7,-0.0859218,-28.6319
628.75,-0.0859384,-28.6362
628.8,-0.0859446,-28.6405
628.85,-0.0859444,-28.6448
628.9,-0.0859508,-28.6491
628.95,-0.0859479,-28.6534
629.0,-0.0859595,-28.6577
629.05,-0.0859651,-28.662
629.1,-0.0859549,-28.6663
629.15,-0.0859686,-28.6706
629.2,-0.0859662,-28.6749
629.25,-0.0859606,-28.6792
629.3,-0.0859743,-28.6835
629.35,-0.0859846,-28.6878
629.4,-0.085987,-28.6921
629.45,-0.0859972,-28.6964
629.5,-0.0860112,-28.7007
629.55,-0.0860247,-28.705
629.6,-0.0860277,-28.7093
629.65,-0.0860424,-28.7136
629.7,-0.086049,-28.7179
629.75,-0.0860437,-28.7222
629.8,-0.0860384,-28.7265
629.85,-0.0860346,-28.7308
629.9,-0.0860458,-28.7351
629.95,-0.086045,-28.7394
630.0,-0.0860458,-28.7437
630.05,-0.0860563,-28.748
630.1,-0.0860738,-28.7523
630.15,-0.0860872,-28.7566
630.2,-0.0861028,-28.7609
630.25,-0.0861059,-28.7652
630.3,-0.0860968,-28.7695
630.35,-0.0861027,-28.7738
630.4,-0.0860945,-28.7781
630.45,-0.0861087,-28.7824
630.5,-0.0861192,-28.7867
630.55,-0.0861105,-28.791
630.6,-0.0861175,-28.7953
630.65,-0.0861327,-28.7996
630.7,-0.0861315,-28.8039
630.75,-0.0861274,-28.8083
630.8,-0.0861352,-28.8126
630.85,-0.0861459,-28.8169
630.9,-0.0861604,-28.8212
630.95,-0.0861664,-28.8255
631.0,-0.0861656,-28.8298
631.05,-0.0861659,-28.8341
631.1,-0.0861764,-28.8384
631.15,-0.086195,-28.8427
631.2,-0.0862067,-28.847
631.25,-0.0862169,-28.8513
631.3,-0.0862132,-28.8557
631.35,-0.0862149,-28.86
631.4,-0.0862287,-28.8643
631.45,-0.0862322,-28.8686
631.5,-0.0862532,-28.8729
631.55,-0.086252,-28.8772
631.6,-0.0862508,-28.8815
631.65,-0.0862578,-28.8858
631.7,-0.086252,-28.8902
631.75,-0.0862635,-28.8945
631.8,-0.0862774,-28.8988
631.85,-0.0862896,-28.9031
631.9,-0.0863016,-28.9074
631.95,-0.0863076,-28.9117
632.0,-0.0863217,-28.916
632.05,-0.0863207,-28.9204
632.1,-0.0863455,-28.9247
632.15,-0.086361,-28.929
632.2,-0.0863808,-28.9333
632.25,-0.0863732,-28.9376
632.3,-0.0863795,-28.9419
632.35,-0.0863866,-28.9463
632.4,-0.0863809,-28.9506
632.45,-0.0863918,-28.9549
632.5,-0.086417,-28.9592
632.55,-0.0864234,-28.9635
632.6,-0.0864476,-28.9679
632.65,-0.0864522,-28.9722
632.7,-0.0864506,-28.9765
632.75,-0.0864426,-28.9808
632.8,-0.0864584,-28.9852
632.85,-0.0864732,-28.9895
632.9,-0.0864836,-28.9938
632.95,-0.0864911,-28.9981
633.0,-0.0865097,-29.0025
633.05,-0.0865226,-29.0068
633.1,-0.0865149,-29.0111
633.15,-0.0865378,-29.0154
633.2,-0.0865376,-29.0198
633.25,-0.0865493,-29.0241
633.3,-0.0865614,-29.0284
633.35,-0.086562,-29.0327
633.4,-0.0865747,-29.0371
633.45,-0.0865663,-29.0414
633.5,-0.0865736,-29.0457
633.55,-0.0865906,-29.0501
633.6,-0.0865931,-29.0544
633.65,-0.0865973,-29.0587
633.7,-0.086593,-29.063
633.75,-0.0866097,-29.0674
633.8,-0.0866225,-29.0717
633.85,-0.086611,-29.076
633.9,-0.0866158,-29.0804
633.95,-0.0866354,-29.0847
634.0,-0.0866444,-29.089
634.05,-0.086641,-29.0934
634.1,-0.0866507,-29.0977
634.15,-0.0866657,-29.102
634.2,-0.086673,-29.1064
634.25,-0.0866733,-29.1107
634.3,-0.0866927,-29.115
634.35,-0.0867028,-29.1194
634.4,-0.0867093,-29.1237
634.45,-0.0867227,-29.128
634.5,-0.0867234,-29.1324
634.55,-0.086726,-29.1367
634.6,-0.086733,-29.1411
634.65,-0.0867363,-29.1454
634.7,-0.0867439,-29.1497
634.75,-0.0867604,-29.1541
634.8,-0.0867592,-29.1584
634.85,-0.0867844,-29.1627
634.9,-0.0867828,-29.1671
634.95,-0.0868013,-29.1714
635.0,-0.0868104,-29.1758
635.05,-0.0868152,-29.1801
635.1,-0.0868389,-29.1844
635.15,-0.0868386,-29.1888
635.2,-0.086851,-29.1931
635.25,-0.0868672,-29.1975
635.3,-0.086872,-29.2018
635.35,-0.0868906,-29.2062
635.4,-0.0868922,-29.2105
635.45,-0.086896,-29.2148
635.5,-0.0869005,-29.2192
635.55,-0.0869046,-29.2235
635.6,-0.0869148,-29.2279
635.65,-0.0869235,-29.2322
635.7,-0.0869382,-29.2366
635.75,-0.0869401,-29.2409
635.8,-0.0869435,-29.2453
635.85,-0.0869586,-29.2496
635.9,-0.0869524,-29.254
635.95,-0.086969,-29.2583
636.0,-0.0869829,-29.2627
636.05,-0.0869964,-29.267
636.1,-0.0870064,-29.2714
636.15,-0.0870295,-29.2757
636.2,-0.0870328,-29.2801
636.25,-0.0870316,-29.2844
636.3,-0.087044,-29.2888
636.35,-0.0870435,-29.2931
636.4,-0.0870571,-29.2975
636.45,-0.0870444,-29.3018
636.5,-0.0870543,-29.3062
636.55,-0.0870475,-29.3105
636.6,-0.0870665,-29.3149
636.65,-0.0870613,-29.3192
636.7,-0.0870721,-29.3236
636.75,-0.0870966,-29.3279
636.8,-0.0870995,-29.3323
636.85,-0.0871084,-29.3367
636.9,-0.0871161,-29.341
636.95,-0.0871159,-29.3454
637.0,-0.0871264,-29.3497
637.05,-0.0871249,-29.3541
637.1,-0.087147,-29.3584
637.15,-0.0871416,-29.3628
637.2,-0.087162,-29.3672
637.25,-0.0871605,-29.3715
637.3,-0.0871631,-29.3759
637.35,-0.0871728,-29.3802
637.4,-0.0871642,-29.3846
637.45,-0.0871738,-29.3889
637.5,-0.0871878,-29.3933
637.55,-0.0871926,-29.3977
637.6,-0.0871951,-29.402
637.65,-0.0872113,-29.4064
637.7,-0.0872219,-29.4107
637.75,-0.087237,-29.4151
637.8,-0.0872383,-29.4195
637.85,-0.0872423,-29.4238
637.9,-0.0872626,-29.4282
637.95,-0.0872529,-29.4326
638.0,-0.0872608,-29.4369
638.05,-0.0872675,-29.4413
638.1,-0.0872817,-29.4457
638.15,-0.0872922,-29.45
638.2,-0.087306,-29.4544
638.25,-0.0873187,-29.4587
638.3,-0.0873199,-29.4631
638.35,-0.0873231,-29.4675
638.4,-0.0873196,-29.4718
638.45,-0.087331,-29.4762
638.5,-0.0873387,-29.4806
638.55,-0.0873523,-29.4849
638.6,-0.0873665,-29.4893
638.65,-0.0873726,-29.4937
638.7,-0.0873803,-29.4981
638.75,-0.087375,-29.5024
638.8,-0.0873844,-29.5068
638.85,-0.0873919,-29.5112
638.9,-0.0874022,-29.5155
638.95,-0.0874128,-29.5199
639.0,-0.0874259,-29.5243
639.05,-0.0874432,-29.5286
639.1,-0.0874503,-29.533
639.15,-0.087458,-29.5374
639.2,-0.0874776,-29.5418
639.25,-0.0874673,-29.5461
639.3,-0.0874846,-29.5505
639.35,-0.0874997,-29.5549
639.4,-0.0875022,-29.5593
639.45,-0.0875174,-29.5636
639.5,-0.0875292,-29.568
639.55,-0.0875374,-29.5724
639.6,-0.0875427,-29.5768
639.65,-0.0875519,-29.5811
639.7,-0.0875565,-29.5855
639.75,-0.0875672,-29.5899
639.8,-0.0875748,-29.5943
639.85,-0.08759,-29.5987
639.9,-0.0876024,-29.603
639.95,-0.0876042,-29.6074
640.0,-0.0876348,-29.6118
640.05,-0.0876366,-29.6162
640.1,-0.0876584,-29.6206
640.15,-0.0876668,-29.625
640.2,-0.087674,-29.6293
640.25,-0.0876981,-29.6337
640.3,-0.0876981,-29.6381
640.35,-0.0877067,-29.6425
640.4,-0.0877157,-29.6469
640.45,-0.0877038,-29.6513
640.5,-0.0877254,-29.6556
640.55,-0.0877372,-29.66
640.6,-0.08775,-29.6644
640.65,-0.0877538,-29.6688
640.7,-0.087764,-29.6732
640.75,-0.0877716,-29.6776
640.8,-0.0877757,-29.682
640.85,-0.0878015,-29.6864
640.9,-0.0878095,-29.6908
640.95,-0.0878649,-29.6951
641.0,-0.087887,-29.6995
641.05,-0.0878837,-29.7039
641.1,-0.0879103,-29.7083
641.15,-0.0879046,-29.7127
641.2,-0.0878987,-29.7171
641.25,-0.0879142,-29.7215
641.3,-0.0879062,-29.7259
641.35,-0.087937,-29.7303
641.4,-0.0879492,-29.7347
641.45,-0.0879473,-29.7391
641.5,-0.0879658,-29.7435
641.55,-0.0879938,-29.7479
641.6,-0.0880028,-29.7523
641.65,-0.0880154,-29.7567
641.7,-0.0880402,-29.7611
641.75,-0.0880375,-29.7655
641.8,-0.0880578,-29.7699
641.85,-0.0880646,-29.7743
641.9,-0.0880699,-29.7787
641.95,-0.0881,-29.7831
642.0,-0.0881097,-29.7875
642.05,-0.0881104,-29.7919
642.1,-0.0881465,-29.7963
642.15,-0.08814,-29.8007
642.2,-0.0881517,-29.8052
642.25,-0.0881641,-29.8096
642.3,-0.0881583,-29.814
642.35,-0.0881829,-29.8184
642.4,-0.0881856,-29.8228
642.45,-0.0881904,-29.8272
642.5,-0.0882028,-29.8316
642.55,-0.0882072,-29.836
642.6,-0.0882182,-29.8404
642.65,-0.0882368,-29.8448
642.7,-0.0882436,-29.8493
642.75,-0.0882501,-29.8537
642.8,-0.088255,-29.8581
642.85,-0.0882654,-29.8625
642.9,-0.0882631,-29.8669
642.95,-0.0882787,-29.8713
643.0,-0.0882817,-29.8757
643.05,-0.088289,-29.8801
643.1,-0.0882983,-29.8846
643.15,-0.0883054,-29.889
643.2,-0.0883142,-29.8934
643.25,-0.0883036,-29.8978
643.3,-0.088315,-29.9022
643.35,-0.0883317,-29.9066
643.4,-0.0883429,-29.9111
643.45,-0.0883507,-29.9155
643.5,-0.088361,-29.9199
643.55,-0.0883783,-29.9243
643.6,-0.0883704,-29.9287
643.65,-0.0883865,-29.9332
643.7,-0.0883887,-29.9376
643.75,-0.0883948,-29.942
643.8,-0.0884022,-29.9464
643.85,-0.0883998,-29.9508
643.9,-0.0884181,-29.9553
643.95,-0.0884373,-29.9597
644.0,-0.0884471,-29.9641
644.05,-0.088453,-29.9685
644.1,-0.0884562,-29.9729
644.15,-0.0884649,-29.9774
644.2,-0.0884728,-29.9818
644.25,-0.0884869,-29.9862
644.3,-0.0884835,-29.9906
644.35,-0.0884987,-29.9951
644.4,-0.0884892,-29.9995
644.45,-0.0885003,-30.0039
644.5,-0.0884948,-30.0083
644.55,-0.0885048,-30.0128
644.6,-0.0885123,-30.0172
644.65,-0.0885125,-30.0216
644.7,-0.0885262,-30.026
644.75,-0.0885465,-30.0305
644.8,-0.088551,-30.0349
644.85,-0.0885461,-30.0393
644.9,-0.0885604,-30.0437
644.95,-0.0885681,-30.0482
645.0,-0.088562,-30.0526
645.05,-0.0885616,-30.057
645.1,-0.0885675,-30.0615
645.15,-0.0885872,-30.0659
645.2,-0.0885978,-30.0703
645.25,-0.088608,-30.0748
645.3,-0.0886161,-30.0792
645.35,-0.0886181,-30.0836
645.4,-0.0886055,-30.088
645.45,-0.0886099,-30.0925
645.5,-0.0886185,-30.0969
645.55,-0.0886312,-30.1013
645.6,-0.0886245,-30.1058
645.65,-0.0886327,-30.1102
645.7,-0.0886346,-30.1146
645.75,-0.0886398,-30.1191
645.8,-0.0886496,-30.1235
645.85,-0.0886546,-30.1279
645.9,-0.0886559,-30.1324
645.95,-0.0886552,-30.1368
646.0,-0.0886706,-30.1412
646.05,-0.0886654,-30.1457
646.1,-0.0886697,-30.1501
646.15,-0.088668,-30.1545
646.2,-0.0886803,-30.159
646.25,-0.0886692,-30.1634
646.3,-0.08867,-30.1678
646.35,-0.0886804,-30.1723
646.4,-0.0886705,-30.1767
646.45,-0.0886709,-30.1811
646.5,-0.0886835,-30.1856
646.55,-0.088685,-30.19
646.6,-0.0886838,-30.1944
646.65,-0.0887048,-30.1989
646.7,-0.088708,-30.2033
646.75,-0.0887081,-30.2077
646.8,-0.0887123,-30.2122
646.85,-0.0887019,-30.2166
646.9,-0.0887009,-30.221
646.95,-0.0887128,-30.2255
647.0,-0.0887052,-30.2299
647.05,-0.08871,-30.2344
647.1,-0.0887149,-30.2388
647.15,-0.0887216,-30.2432
647.2,-0.0887289,-30.2477
647.25,-0.0887216,-30.2521
647.3,-0.0887141,-30.2565
647.35,-0.0887161,-30.261
647.4,-0.088723,-30.2654
647.45,-0.0887234,-30.2698
647.5,-0.0887251,-30.2743
647.55,-0.0887322,-30.2787
647.6,-0.088739,-30.2831
647.65,-0.0887544,-30.2876
647.7,-0.0887462,-30.292
647.75,-0.08876,-30.2965
647.8,-0.0887606,-30.3009
647.85,-0.0887537,-30.3053
647.9,-0.088754,-30.3098
647.95,-0.0887586,-30.3142
648.0,-0.0887656,-30.3187
648.05,-0.0887613,-30.3231
648.1,-0.0887637,-30.3275
648.15,-0.088771,-30.332
648.2,-0.0887838,-30.3364
648.25,-0.0887795,-30.3408
648.3,-0.0887889,-30.3453
648.35,-0.0887888,-30.3497
648.4,-0.0887947,-30.3542
648.45,-0.0888062,-30.3586
648.5,-0.0888276,-30.363
648.55,-0.0888396,-30.3675
648.6,-0.0888475,-30.3719
648.65,-0.0888473,-30.3764
648.7,-0.0888636,-30.3808
648.75,-0.0888738,-30.3853
648.8,-0.088874,-30.3897
648.85,-0.0888878,-30.3941
648.9,-0.0888831,-30.3986
648.95,-0.0888756,-30.403
649.0,-0.0888913,-30.4075
649.05,-0.0888818,-30.4119
649.1,-0.0888945,-30.4164
649.15,-0.0888982,-30.4208
649.2,-0.0888861,-30.4253
649.25,-0.0888931,-30.4297
649.3,-0.0888931,-30.4341
649.35,-0.0888927,-30.4386
649.4,-0.0889179,-30.443
649.45,-0.0889258,-30.4475
649.5,-0.0889142,-30.4519
649.55,-0.0889156,-30.4564
649.6,-0.0889166,-30.4608
649.65,-0.0889209,-30.4653
649.7,-0.0889253,-30.4697
649.75,-0.0889186,-30.4742
649.8,-0.0889237,-30.4786
649.85,-0.0889299,-30.4831
649.9,-0.0889338,-30.4875
649.95,-0.0889346,-30.4919
650.0,-0.0889483,-30.4964
650.05,-0.0889593,-30.5008
650.1,-0.0889506,-30.5053
650.15,-0.0889517,-30.5097
650.2,-0.0889493,-30.5142
650.25,-0.0889433,-30.5186
650.3,-0.0889461,-30.5231
650.35,-0.0889626,-30.5275
650.4,-0.08897,-30.532
650.45,-0.0889721,-30.5364
650.5,-0.0889733,-30.5409
650.55,-0.0889742,-30.5453
650.6,-0.0889832,-30.5498
650.65,-0.0889854,-30.5542
650.7,-0.0889807,-30.5587
650.75,-0.0889842,-30.5631
650.8,-0.0889825,-30.5676
650.85,-0.0889705,-30.572
650.9,-0.08898,-30.5765
650.95,-0.0889792,-30.5809
651.0,-0.0889957,-30.5854
651.05,-0.0889913,-30.5898
651.1,-0.0889888,-30.5943
651.15,-0.0889992,-30.5987
651.2,-0.0890132,-30.6032
651.25,-0.0889999,-30.6076
651.3,-0.0890043,-30.6121
651.35,-0.0889969,-30.6165
651.4,-0.0889985,-30.621
651.45,-0.0889994,-30.6254
651.5,-0.0890062,-30.6299
651.55,-0.089009,-30.6343
651.6,-0.0889967,-30.6388
651.65,-0.0889963,-30.6432
651.7,-0.0889951,-30.6477
651.75,-0.0889978,-30.6521
651.8,-0.0890072,-30.6566
651.85,-0.0889946,-30.661
651.9,-0.0890128,-30.6655
651.95,-0.0890144,-30.6699
652.0,-0.0890003,-30.6744
652.05,-0.0890053,-30.6788
652.1,-0.0890119,-30.6833
652.15,-0.0890143,-30.6877
652.2,-0.0890109,-30.6922
652.25,-0.0890066,-30.6966
652.3,-0.0890042,-30.7011
652.35,-0.0889926,-30.7055
652.4,-0.088998,-30.71
652.45,-0.0890092,-30.7144
652.5,-0.0890306,-30.7189
652.55,-0.0890266,-30.7233
652.6,-0.0890242,-30.7278
652.65,-0.0890173,-30.7322
652.7,-0.089031,-30.7367
652.75,-0.0890338,-30.7411
652.8,-0.0890218,-30.7456
652.85,-0.0890268,-30.75
652.9,-0.0890307,-30.7545
652.95,-0.0890297,-30.7589
653.0,-0.0890274,-30.7634
653.05,-0.0890278,-30.7678
653.1,-0.0890381,-30.7723
653.15,-0.0890369,-30.7767
653.2,-0.0890465,-30.7812
653.25,-0.0890385,-30.7856
653.3,-0.0890531,-30.7901
653.35,-0.0890565,-30.7945
653.4,-0.0890608,-30.799
653.45,-0.0890605,-30.8035
653.5,-0.0890768,-30.8079
653.55,-0.0890785,-30.8124
653.6,-0.089079,-30.8168
653.65,-0.089077,-30.8213
653.7,-0.0890819,-30.8257
653.75,-0.0890773,-30.8302
653.8,-0.0890822,-30.8346
653.85,-0.0890953,-30.8391
653.9,-0.0891078,-30.8435
653.95,-0.0891142,-30.848
654.0,-0.0891028,-30.8524
654.05,-0.0891055,-30.8569
654.1,-0.0891221,-30.8614
654.15,-0.0891235,-30.8658
654.2,-0.0891238,-30.8703
654.25,-0.0891486,-30.8747
654.3,-0.0891567,-30.8792
654.35,-0.0891646,-30.8836
654.4,-0.089158,-30.8881
654.45,-0.0891445,-30.8926
654.5,-0.0891453,-30.897
654.55,-0.0891619,-30.9015
654.6,-0.0891751,-30.9059
654.65,-0.0891567,-30.9104
654.7,-0.0891695,-30.9149
654.75,-0.0891672,-30.9193
654.8,-0.0891829,-30.9238
654.85,-0.0891976,-30.9282
654.9,-0.0891957,-30.9327
654.95,-0.0891994,-30.9371
655.0,-0.0892073,-30.9416
655.05,-0.0892129,-30.9461
655.1,-0.0891961,-30.9505
655.15,-0.0891915,-30.955
655.2,-0.0892012,-30.9594
655.25,-0.0892086,-30.9639
655.3,-0.089222,-30.9684
655.35,-0.0892137,-30.9728
655.4,-0.0892064,-30.9773
655.45,-0.0892129,-30.9818
655.5,-0.0892095,-30.9862
655.55,-0.0892156,-30.9907
655.6,-0.0892147,-30.9951
655.65,-0.0892374,-30.9996
655.7,-0.0892267,-31.0041
655.75,-0.0892316,-31.0085
655.8,-0.0892388,-31.013
655.85,-0.0892393,-31.0174
655.9,-0.089239,-31.0219
655.95,-0.0892217,-31.0264
656.0,-0.0892426,-31.0308
656.05,-0.0892577,-31.0353
656.1,-0.0892575,-31.0398
656.15,-0.089252,-31.0442
656.2,-0.089261,-31.0487
656.25,-0.0892709,-31.0531
656.3,-0.0892796,-31.0576
656.35,-0.0892846,-31.0621
656.4,-0.0892939,-31.0665
656.45,-0.0893123,-31.071
656.5,-0.0893015,-31.0755
656.55,-0.0893035,-31.0799
656.6,-0.089317,-31.0844
656.65,-0.0893069,-31.0889
656.7,-0.0893244,-31.0933
656.75,-0.0893238,-31.0978
656.8,-0.0893355,-31.1023
656.85,-0.0893548,-31.1067
656.9,-0.089362,-31.1112
656.95,-0.0893676,-31.1157
657.0,-0.0893767,-31.1201
657.05,-0.0893809,-31.1246
657.1,-0.0893836,-31.1291
657.15,-0.0894024,-31.1335
657.2,-0.0893844,-31.138
657.25,-0.0893838,-31.1425
657.3,-0.0893842,-31.147
657.35,-0.0893913,-31.1514
657.4,-0.0894035,-31.1559
657.45,-0.089392,-31.1604
657.5,-0.0893988,-31.1648
657.55,-0.0894227,-31.1693
657.6,-0.0894161,-31.1738
657.65,-0.0894172,-31.1782
657.7,-0.0894148,-31.1827
657.75,-0.0894241,-31.1872
657.8,-0.0894324,-31.1917
657.85,-0.0894454,-31.1961
657.9,-0.0894481,-31.2006
657.95,-0.0894567,-31.2051
658.0,-0.0894669,-31.2095
658.05,-0.0894729,-31.214
658.1,-0.0894917,-31.2185
658.15,-0.0895026,-31.223
658.2,-0.0895051,-31.2274
658.25,-0.0895111,-31.2319
658.3,-0.0895336,-31.2364
658.35,-0.0895508,-31.2409
658.4,-0.0895697,-31.2454
658.45,-0.0895769,-31.2498
658.5,-0.0895875,-31.2543
658.55,-0.0895997,-31.2588
658.6,-0.089608,-31.2633
658.65,-0.0896099,-31.2678
658.7,-0.0896271,-31.2722
658.75,-0.0896381,-31.2767
658.8,-0.0896405,-31.2812
658.85,-0.0896463,-31.2857
658.9,-0.0896731,-31.2902
658.95,-0.0896931,-31.2947
659.0,-0.0897044,-31.2991
659.05,-0.0896998,-31.3036
659.1,-0.0897327,-31.3081
659.15,-0.0897293,-31.3126
659.2,-0.0897323,-31.3171
659.25,-0.0897535,-31.3216
659.3,-0.0897578,-31.3261
659.35,-0.0897593,-31.3305
659.4,-0.0897541,-31.335
659.45,-0.0897704,-31.3395
659.5,-0.08979,-31.344
659.55,-0.0898005,-31.3485
659.6,-0.0898006,-31.353
659.65,-0.0898056,-31.3575
659.7,-0.0898088,-31.362
659.75,-0.0898173,-31.3665
659.8,-0.089817,-31.371
659.85,-0.0898344,-31.3754
659.9,-0.0898518,-31.3799
659.95,-0.0898513,-31.3844
660.0,-0.0898623,-31.3889
660.05,-0.0898665,-31.3934
660.1,-0.0898761,-31.3979
660.15,-0.0898824,-31.4024
660.2,-0.0898972,-31.4069
660.25,-0.0899051,-31.4114
660.3,-0.0899137,-31.4159
660.35,-0.0899252,-31.4204
660.4,-0.0899258,-31.4249
660.45,-0.0899418,-31.4294
660.5,-0.0899527,-31.4339
660.55,-0.0899628,-31.4384
660.6,-0.0899691,-31.4429
660.65,-0.0899906,-31.4474
660.7,-0.0899886,-31.4519
660.75,-0.0900019,-31.4564
660.8,-0.0900169,-31.4609
660.85,-0.0900345,-31.4654
660.9,-0.090052,-31.4699
660.95,-0.0900625,-31.4744
661.0,-0.0900624,-31.4789
661.05,-0.0900772,-31.4834
661.1,-0.0900848,-31.4879
661.15,-0.090085,-31.4924
661.2,-0.0900903,-31.4969
661.25,-0.0901048,-31.5014
661.3,-0.0901005,-31.5059
661.35,-0.090092,-31.5104
661.4,-0.0901074,-31.5149
661.45,-0.0901092,-31.5194
661.5,-0.0901215,-31.5239
661.55,-0.0901198,-31.5284
661.6,-0.0901258,-31.5329
661.65,-0.0901413,-31.5375
661.7,-0.0901431,-31.542
661.75,-0.0901458,-31.5465
661.8,-0.0901593,-31.551
661.85,-0.0901708,-31.5555
661.9,-0.0901712,-31.56
661.95,-0.0901686,-31.5645
662.0,-0.0901658,-31.569
662.05,-0.0901788,-31.5735
662.1,-0.0901756,-31.578
662.15,-0.090195,-31.5825
662.2,-0.0902021,-31.587
662.25,-0.090185,-31.5916
662.3,-0.0901928,-31.5961
662.35,-0.090204,-31.6006
662.4,-0.0902131,-31.6051
662.45,-0.090219,-31.6096
662.5,-0.0902175,-31.6141
662.55,-0.0902108,-31.6186
662.6,-0.0902127,-31.6231
662.65,-0.0902262,-31.6276
662.7,-0.0902231,-31.6322
662.75,-0.0902287,-31.6367
662.8,-0.0902381,-31.6412
662.85,-0.0902356,-31.6457
662.9,-0.0902305,-31.6502
662.95,-0.0902285,-31.6547
663.0,-0.0902345,-31.6592
663.05,-0.0902359,-31.6637
663.1,-0.0902382,-31.6682
663.15,-0.0902274,-31.6728
663.2,-0.0902329,-31.6773
663.25,-0.0902351,-31.6818
663.3,-0.0902388,-31.6863
663.35,-0.090238,-31.6908
663.4,-0.090259,-31.6953
663.45,-0.0902663,-31.6998
663.5,-0.0902483,-31.7043
663.55,-0.0902497,-31.7089
663.6,-0.0902454,-31.7134
663.65,-0.0902436,-31.7179
663.7,-0.0902368,-31.7224
663.75,-0.0902446,-31.7269
663.8,-0.0902488,-31.7314
663.85,-0.0902476,-31.7359
663.9,-0.0902365,-31.7404
663.95,-0.0902441,-31.745
664.0,-0.0902529,-31.7495
664.05,-0.090332,-31.754
664.1,-0.0903204,-31.7585
664.15,-0.0903211,-31.763
664.2,-0.0903461,-31.7675
664.25,-0.0903504,-31.772
664.3,-0.0903516,-31.7766
664.35,-0.0903573,-31.7811
664.4,-0.0903752,-31.7856
664.45,-0.090359,-31.7901
664.5,-0.0903598,-31.7946
664.55,-0.0903423,-31.7992
664.6,-0.0903344,-31.8037
664.65,-0.0903443,-31.8082
664.7,-0.0903552,-31.8127
664.75,-0.0903486,-31.8172
664.8,-0.0903552,-31.8217
664.85,-0.0903479,-31.8263
664.9,-0.090345,-31.8308
664.95,-0.0903439,-31.8353
665.0,-0.0903469,-31.8398
665.05,-0.0903376,-31.8443
665.1,-0.0903396,-31.8488
665.15,-0.0903429,-31.8534
665.2,-0.0903517,-31.8579
665.25,-0.0903607,-31.8624
665.3,-0.090371,-31.8669
665.35,-0.0903483,-31.8714
665.4,-0.0903673,-31.876
665.45,-0.0903909,-31.8805
665.5,-0.0903829,-31.885
665.55,-0.0903724,-31.8895
665.6,-0.0903736,-31.894
665.65,-0.0903689,-31.8985
665.7,-0.0903726,-31.9031
665.75,-0.0903706,-31.9076
665.8,-0.090368,-31.9121
665.85,-0.0903772,-31.9166
665.9,-0.0903718,-31.9211
665.95,-0.0903778,-31.9257
666.0,-0.0903711,-31.9302
666.05,-0.0903729,-31.9347
666.1,-0.0903593,-31.9392
666.15,-0.0903536,-31.9437
666.2,-0.0903659,-31.9482
666.25,-0.0903758,-31.9528
666.3,-0.0903735,-31.9573
666.35,-0.0903677,-31.9618
666.4,-0.090381,-31.9663
666.45,-0.0903846,-31.9708
666.5,-0.0903874,-31.9754
666.55,-0.0903941,-31.9799
666.6,-0.0903963,-31.9844
666.65,-0.090383,-31.9889
666.7,-0.090388,-31.9934
666.75,-0.0903957,-31.998
666.8,-0.0904077,-32.0025
666.85,-0.0904072,-32.007
666.9,-0.0904051,-32.0115
666.95,-0.0904132,-32.016
667.0,-0.090431,-32.0206
667.05,-0.0904326,-32.0251
667.1,-0.0904276,-32.0296
667.15,-0.0904408,-32.0341
667.2,-0.0904446,-32.0387
667.25,-0.0904485,-32.0432
667.3,-0.0904506,-32.0477
667.35,-0.0904535,-32.0522
667.4,-0.0904637,-32.0567
667.45,-0.0904634,-32.0613
667.5,-0.090453,-32.0658
667.55,-0.0904632,-32.0703
667.6,-0.0904731,-32.0748
667.65,-0.0904691,-32.0794
667.7,-0.0904786,-32.0839
667.75,-0.090479,-32.0884
667.8,-0.0904816,-32.0929
667.85,-0.0904823,-32.0975
667.9,-0.09049,-32.102
667.95,-0.0904936,-32.1065
668.0,-0.0904896,-32.111
668.05,-0.0904841,-32.1156
668.1,-0.0904807,-32.1201
668.15,-0.0904844,-32.1246
668.2,-0.0904942,-32.1291
668.25,-0.0905008,-32.1336
668.3,-0.0905088,-32.1382
668.35,-0.0905102,-32.1427
668.4,-0.0905087,-32.1472
668.45,-0.0904995,-32.1518
668.5,-0.0905139,-32.1563
668.55,-0.0905265,-32.1608
668.6,-0.0905268,-32.1653
668.65,-0.0905331,-32.1699
668.7,-0.0905393,-32.1744
668.75,-0.0905362,-32.1789
668.8,-0.090528,-32.1834
668.85,-0.0905258,-32.188
668.9,-0.0905394,-32.1925
668.95,-0.0905263,-32.197
669.0,-0.0905259,-32.2015
669.05,-0.0905447,-32.2061
669.1,-0.0905407,-32.2106
669.15,-0.0905502,-32.2151
669.2,-0.0905593,-32.2197
669.25,-0.0905658,-32.2242
669.3,-0.0905826,-32.2287
669.35,-0.090584,-32.2332
669.4,-0.0905717,-32.2378
669.45,-0.0905829,-32.2423
669.5,-0.0905778,-32.2468
669.55,-0.0905839,-32.2514
669.6,-0.0905923,-32.2559
669.65,-0.0906966,-32.2604
669.7,-0.0907064,-32.265
669.75,-0.090717,-32.2695
669.8,-0.0907121,-32.274
669.85,-0.0907179,-32.2786
669.9,-0.0907238,-32.2831
669.95,-0.0907237,-32.2876
670.0,-0.0907247,-32.2922
670.05,-0.0907303,-32.2967
670.1,-0.0907348,-32.3012
670.15,-0.0907347,-32.3058
670.2,-0.0907426,-32.3103
670.25,-0.0907474,-32.3149
670.3,-0.0907664,-32.3194
670.35,-0.0907618,-32.3239
670.4,-0.0907734,-32.3285
670.45,-0.0907618,-32.333
670.5,-0.0907631,-32.3375
670.55,-0.090771,-32.3421
670.6,-0.0907798,-32.3466
670.65,-0.090808,-32.3512
670.7,-0.0908145,-32.3557
670.75,-0.0908078,-32.3602
670.8,-0.0907998,-32.3648
670.85,-0.0908007,-32.3693
670.9,-0.090803,-32.3739
670.95,-0.0908051,-32.3784
671.0,-0.0908189,-32.3829
671.05,-0.090826,-32.3875
671.1,-0.0908369,-32.392
671.15,-0.0908448,-32.3966
671.2,-0.0908495,-32.4011
671.25,-0.090854,-32.4057
671.3,-0.0908563,-32.4102
671.35,-0.0908497,-32.4147
671.4,-0.0908492,-32.4193
671.45,-0.0908724,-32.4238
671.5,-0.0908729,-32.4284
671.55,-0.0908798,-32.4329
671.6,-0.0908813,-32.4375
671.65,-0.0908844,-32.442
671.7,-0.0908833,-32.4465
671.75,-0.0908998,-32.4511
671.8,-0.0909257,-32.4556
671.85,-0.0909168,-32.4602
671.9,-0.0909367,-32.4647
671.95,-0.0909703,-32.4693
672.0,-0.0909657,-32.4738
672.05,-0.0909697,-32.4784
672.1,-0.0909593,-32.4829
672.15,-0.0909729,-32.4875
672.2,-0.0909811,-32.492
672.25,-0.090958,-32.4966
672.3,-0.0909605,-32.5011
672.35,-0.090977,-32.5057
672.4,-0.0909974,-32.5102
672.45,-0.0909992,-32.5148
672.5,-0.0909914,-32.5193
672.55,-0.0909882,-32.5239
672.6,-0.0909983,-32.5284
672.65,-0.0910076,-32.533
672.7,-0.091026,-32.5375
672.75,-0.0910204,-32.5421
672.8,-0.0910181,-32.5466
672.85,-0.0910169,-32.5512
672.9,-0.0910172,-32.5557
672.95,-0.0910219,-32.5603
673.0,-0.0910304,-32.5648
673.05,-0.0910368,-32.5694
673.1,-0.0910402,-32.5739
673.15,-0.0910489,-32.5785
673.2,-0.0910462,-32.583
673.25,-0.0910615,-32.5876
673.3,-0.0910598,-32.5921
673.35,-0.0910774,-32.5967
673.4,-0.091081,-32.6012
673.45,-0.0911071,-32.6058
673.5,-0.0910912,-32.6104
673.55,-0.0910954,-32.6149
673.6,-0.0910857,-32.6195
673.65,-0.0911025,-32.624
673.7,-0.0911086,-32.6286
673.75,-0.0911201,-32.6331
673.8,-0.0911324,-32.6377
673.85,-0.0911426,-32.6422
673.9,-0.0911255,-32.6468
673.95,-0.0911228,-32.6514
674.0,-0.0911328,-32.6559
674.05,-0.0911509,-32.6605
674.1,-0.0911538,-32.665
674.15,-0.0911582,-32.6696
674.2,-0.0911579,-32.6741
674.25,-0.091177,-32.6787
674.3,-0.0911966,-32.6833
674.35,-0.0912067,-32.6878
674.4,-0.0912139,-32.6924
674.45,-0.0912171,-32.6969
674.5,-0.0912255,-32.7015
674.55,-0.0912253,-32.7061
674.6,-0.0912106,-32.7106
674.65,-0.091209,-32.7152
674.7,-0.0912022,-32.7197
674.75,-0.0912037,-32.7243
674.8,-0.0912152,-32.7289
674.85,-0.091228,-32.7334
674.9,-0.0912375,-32.738
674.95,-0.0912566,-32.7426
675.0,-0.0912464,-32.7471
675.05,-0.0912532,-32.7517
675.1,-0.0912597,-32.7562
675.15,-0.0912725,-32.7608
675.2,-0.0912817,-32.7654
675.25,-0.0912825,-32.7699
675.3,-0.0912948,-32.7745
675.35,-0.0913014,-32.7791
675.4,-0.0913042,-32.7836
675.45,-0.0913161,-32.7882
675.5,-0.091321,-32.7928
675.55,-0.0913311,-32.7973
675.6,-0.0913358,-32.8019
675.65,-0.09135,-32.8065
675.7,-0.0913424,-32.811
675.75,-0.0913437,-32.8156
675.8,-0.091357,-32.8202
675.85,-0.09135,-32.8247
675.9,-0.0913612,-32.8293
675.95,-0.0913767,-32.8339
676.0,-0.0913717,-32.8384
676.05,-0.0913793,-32.843
676.1,-0.0913655,-32.8476
676.15,-0.0913579,-32.8521
676.2,-0.0913668,-32.8567
676.25,-0.0913787,-32.8613
676.3,-0.0913808,-32.8659
676.35,-0.0913849,-32.8704
676.4,-0.0913839,-32.875
676.45,-0.09139,-32.8796
676.5,-0.0914027,-32.8841
676.55,-0.091391,-32.8887
676.6,-0.0913952,-32.8933
676.65,-0.0913874,-32.8978
676.7,-0.0913921,-32.9024
676.75,-0.0913905,-32.907
676.8,-0.0914028,-32.9115
676.85,-0.091413,-32.9161
676.9,-0.0914249,-32.9207
676.95,-0.0914153,-32.9253
677.0,-0.0914207,-32.9298
677.05,-0.0914209,-32.9344
677.1,-0.091417,-32.939
677.15,-0.0914081,-32.9435
677.2,-0.0914283,-32.9481
677.25,-0.0914339,-32.9527
677.3,-0.0914388,-32.9573
677.35,-0.0914445,-32.9618
677.4,-0.091458,-32.9664
677.45,-0.0914723,-32.971
677.5,-0.0914685,-32.9756
677.55,-0.0914698,-32.9801
677.6,-0.0914646,-32.9847
677.65,-0.0914689,-32.9893
677.7,-0.091464,-32.9938
677.75,-0.0914646,-32.9984
677.8,-0.0914747,-33.003
677.85,-0.0914883,-33.0076
677.9,-0.0914914,-33.0121
677.95,-0.0915016,-33.0167
678.0,-0.091504,-33.0213
678.05,-0.0915107,-33.0259
678.1,-0.0915162,-33.0304
678.15,-0.0915233,-33.035
678.2,-0.0915398,-33.0396
678.25,-0.0915499,-33.0442
678.3,-0.0915537,-33.0488
678.35,-0.0915685,-33.0533
678.4,-0.0915657,-33.0579
678.45,-0.0915756,-33.0625
678.5,-0.0915769,-33.0671
678.55,-0.0915924,-33.0716
678.6,-0.0916117,-33.0762
678.65,-0.0916093,-33.0808
678.7,-0.0916402,-33.0854
678.75,-0.0916528,-33.09
678.8,-0.0916429,-33.0946
678.85,-0.0916652,-33.0991
678.9,-0.0916636,-33.1037
678.95,-0.0916607,-33.1083
679.0,-0.0916777,-33.1129
679.05,-0.0916942,-33.1175
679.1,-0.0917075,-33.1221
679.15,-0.0917121,-33.1266
679.2,-0.0917112,-33.1312
679.25,-0.0917129,-33.1358
679.3,-0.091734,-33.1404
679.35,-0.0917495,-33.145
679.4,-0.0917633,-33.1496
679.45,-0.0917696,-33.1542
679.5,-0.0917661,-33.1588
679.55,-0.0917656,-33.1633
679.6,-0.0917801,-33.1679
679.65,-0.0917866,-33.1725
679.7,-0.0918161,-33.1771
679.75,-0.0918343,-33.1817
679.8,-0.0918448,-33.1863
679.85,-0.0918545,-33.1909
679.9,-0.0918564,-33.1955
679.95,-0.0918572,-33.2001
680.0,-0.0918563,-33.2047
680.05,-0.0918633,-33.2093
680.1,-0.0918781,-33.2139
680.15,-0.0918999,-33.2184
680.2,-0.0919134,-33.223
680.25,-0.0919062,-33.2276
680.3,-0.0919191,-33.2322
680.35,-0.0919277,-33.2368
680.4,-0.0919307,-33.2414
680.45,-0.0919382,-33.246
680.5,-0.0919426,-33.2506
680.55,-0.0919578,-33.2552
680.6,-0.0919632,-33.2598
680.65,-0.091965,-33.2644
680.7,-0.0919811,-33.269
680.75,-0.0920014,-33.2736
680.8,-0.0920097,-33.2782
680.85,-0.0920303,-33.2828
680.9,-0.0920313,-33.2874
680.95,-0.0920381,-33.292
681.0,-0.0920482,-33.2966
681.05,-0.0920554,-33.3012
681.1,-0.0920694,-33.3058
681.15,-0.0920727,-33.3104
681.2,-0.0920813,-33.315
681.25,-0.0920859,-33.3196
681.3,-0.0920989,-33.3242
681.35,-0.0920943,-33.3288
681.4,-0.0921037,-33.3335
681.45,-0.0921146,-33.3381
681.5,-0.0921262,-33.3427
681.55,-0.0921311,-33.3473
681.6,-0.0921564,-33.3519
681.65,-0.0921555,-33.3565
681.7,-0.0921502,-33.3611
681.75,-0.0921614,-33.3657
681.8,-0.0921482,-33.3703
681.85,-0.0921711,-33.3749
681.9,-0.0921771,-33.3795
681.95,-0.0921895,-33.3841
682.0,-0.0921975,-33.3887
682.05,-0.0922108,-33.3934
682.1,-0.0922055,-33.398
682.15,-0.0922219,-33.4026
682.2,-0.0922298,-33.4072
682.25,-0.0922311,-33.4118
682.3,-0.0922193,-33.4164
682.35,-0.0922334,-33.421
682.4,-0.0922431,-33.4256
682.45,-0.0922475,-33.4303
682.5,-0.0922344,-33.4349
682.55,-0.0922453,-33.4395
682.6,-0.0922501,-33.4441
682.65,-0.0922594,-33.4487
682.7,-0.0922429,-33.4533
682.75,-0.0922477,-33.4579
682.8,-0.0922515,-33.4625
682.85,-0.0922594,-33.4672
682.9,-0.0922672,-33.4718
682.95,-0.0922849,-33.4764
683.0,-0.0922886,-33.481
683.05,-0.0922975,-33.4856
683.1,-0.092297,-33.4902
683.15,-0.0922908,-33.4948
683.2,-0.0923059,-33.4995
683.25,-0.0922973,-33.5041
683.3,-0.092301,-33.5087
683.35,-0.0923077,-33.5133
683.4,-0.0923199,-33.5179
683.45,-0.092323,-33.5225
683.5,-0.0923147,-33.5271
683.55,-0.0923128,-33.5318
683.6,-0.0923118,-33.5364
683.65,-0.0922931,-33.541
683.7,-0.0922969,-33.5456
683.75,-0.0923087,-33.5502
683.8,-0.0923015,-33.5548
683.85,-0.0923119,-33.5595
683.9,-0.0923256,-33.5641
683.95,-0.0923373,-33.5687
684.0,-0.0923329,-33.5733
684.05,-0.0923201,-33.5779
684.1,-0.0923242,-33.5825
684.15,-0.0923174,-33.5872
684.2,-0.0923113,-33.5918
684.25,-0.0923091,-33.5964
684.3,-0.0923229,-33.601
684.35,-0.0923277,-33.6056
684.4,-0.0923421,-33.6102
684.45,-0.0923475,-33.6148
684.5,-0.0923295,-33.6195
684.55,-0.0923301,-33.6241
684.6,-0.0923322,-33.6287
684.65,-0.0923489,-33.6333
684.7,-0.0923529,-33.6379
684.75,-0.0923597,-33.6426
684.8,-0.0923701,-33.6472
684.85,-0.092379,-33.6518
684.9,-0.0923693,-33.6564
684.95,-0.0923612,-33.661
685.0,-0.0923646,-33.6656
685.05,-0.0923709,-33.6703
685.1,-0.0923738,-33.6749
685.15,-0.092373,-33.6795
685.2,-0.09238,-33.6841
685.25,-0.0923965,-33.6887
685.3,-0.0923889,-33.6934
685.35,-0.0923863,-33.698
685.4,-0.0923974,-33.7026
685.45,-0.0923895,-33.7072
685.5,-0.0924006,-33.7118
685.55,-0.0923768,-33.7165
685.6,-0.0923827,-33.7211
685.65,-0.0923992,-33.7257
685.7,-0.0924167,-33.7303
685.75,-0.0924198,-33.7349
685.8,-0.0924194,-33.7396
685.85,-0.0924268,-33.7442
685.9,-0.0924255,-33.7488
685.95,-0.0924351,-33.7534
686.0,-0.0924245,-33.758
686.05,-0.0924283,-33.7627
686.1,-0.0924337,-33.7673
686.15,-0.0924314,-33.7719
686.2,-0.0924478,-33.7765
686.25,-0.0924444,-33.7812
686.3,-0.0924419,-33.7858
686.35,-0.0924644,-33.7904
686.4,-0.0924687,-33.795
686.45,-0.0924759,-33.7996
686.5,-0.0924752,-33.8043
686.55,-0.0924882,-33.8089
686.6,-0.0924838,-33.8135
686.65,-0.092486,-33.8181
686.7,-0.0924993,-33.8228
686.75,-0.0925117,-33.8274
686.8,-0.0925239,-33.832
686.85,-0.0925223,-33.8366
686.9,-0.0925419,-33.8413
686.95,-0.092544,-33.8459
687.0,-0.0925496,-33.8505
687.05,-0.0925518,-33.8552
687.1,-0.0925673,-33.8598
687.15,-0.0925693,-33.8644
687.2,-0.0925895,-33.869
687.25,-0.0925995,-33.8737
687.3,-0.0926017,-33.8783
687.35,-0.0926161,-33.8829
687.4,-0.0926125,-33.8876
687.45,-0.0926217,-33.8922
687.5,-0.0926254,-33.8968
687.55,-0.0926298,-33.9015
687.6,-0.0926311,-33.9061
687.65,-0.0926311,-33.9107
687.7,-0.0926485,-33.9153
687.75,-0.0926617,-33.92
687.8,-0.0926834,-33.9246
687.85,-0.0926904,-33.9293
687.9,-0.0926936,-33.9339
687.95,-0.0926932,-33.9385
688.0,-0.0926835,-33.9432
688.05,-0.0927,-33.9478
688.1,-0.0927187,-33.9524
688.15,-0.0927269,-33.9571
688.2,-0.0927403,-33.9617
688.25,-0.0927606,-33.9663
688.3,-0.0927573,-33.971
688.35,-0.092758,-33.9756
688.4,-0.0927688,-33.9803
688.45,-0.0927318,-33.9849
688.5,-0.0926821,-33.9895
688.55,-0.0927038,-33.9942
688.6,-0.0927157,-33.9988
688.65,-0.0927353,-34.0034
688.7,-0.0927394,-34.0081
688.75,-0.0927536,-34.0127
688.8,-0.0927715,-34.0173
688.85,-0.0927799,-34.022
688.9,-0.0927931,-34.0266
688.95,-0.0928093,-34.0313
689.0,-0.0928039,-34.0359
689.05,-0.0927964,-34.0405
689.1,-0.0928117,-34.0452
689.15,-0.0928225,-34.0498
689.2,-0.0928439,-34.0545
689.25,-0.0928464,-34.0591
689.3,-0.092857,-34.0638
689.35,-0.0928659,-34.0684
689.4,-0.0928813,-34.073
689.45,-0.0928946,-34.0777
689.5,-0.0928933,-34.0823
689.55,-0.0929057,-34.087
689.6,-0.0928957,-34.0916
689.65,-0.092894,-34.0963
689.7,-0.0928846,-34.1009
689.75,-0.0928992,-34.1056
689.8,-0.0929145,-34.1102
689.85,-0.0929359,-34.1148
689.9,-0.0929425,-34.1195
689.95,-0.0929406,-34.1241
690.0,-0.0929466,-34.1288
690.05,-0.0929348,-34.1334
690.1,-0.0929336,-34.1381
690.15,-0.0929456,-34.1427
690.2,-0.0929383,-34.1474
690.25,-0.0929562,-34.152
690.3,-0.0929595,-34.1567
690.35,-0.0929555,-34.1613
690.4,-0.0929679,-34.166
690.45,-0.0929616,-34.1706
690.5,-0.0929646,-34.1753
690.55,-0.0929535,-34.1799
690.6,-0.0929731,-34.1846
690.65,-0.0929755,-34.1892
690.7,-0.0929787,-34.1939
690.75,-0.0929946,-34.1985
690.8,-0.0929992,-34.2032
690.85,-0.0930109,-34.2078
690.9,-0.0930052,-34.2125
690.95,-0.0930063,-34.2171
691.0,-0.0929944,-34.2218
691.05,-0.0930039,-34.2264
691.1,-0.0930032,-34.2311
691.15,-0.0930049,-34.2357
691.2,-0.0930085,-34.2404
691.25,-0.0930124,-34.245
691.3,-0.0930285,-34.2497
691.35,-0.0930309,-34.2543
691.4,-0.0930376,-34.259
691.45,-0.0930357,-34.2636
691.5,-0.0930316,-34.2683
691.55,-0.0930508,-34.2729
691.6,-0.0930565,-34.2776
691.65,-0.0930528,-34.2822
691.7,-0.0930569,-34.2869
691.75,-0.0930633,-34.2915
691.8,-0.0930779,-34.2962
691.85,-0.0930782,-34.3008
691.9,-0.0930809,-34.3055
691.95,-0.0930873,-34.3101
692.0,-0.0930906,-34.3148
692.05,-0.0931012,-34.3195
692.1,-0.0931031,-34.3241
692.15,-0.0931015,-34.3288
692.2,-0.0931199,-34.3334
692.25,-0.093112,-34.3381
692.3,-0.0931093,-34.3427
692.35,-0.0931168,-34.3474
692.4,-0.0931162,-34.352
692.45,-0.0931332,-34.3567
692.5,-0.0931323,-34.3614
692.55,-0.0931392,-34.366
692.6,-0.093137,-34.3707
692.65,-0.0931418,-34.3753
692.7,-0.0931401,-34.38
692.75,-0.0931511,-34.3846
692.8,-0.093154,-34.3893
692.85,-0.0931677,-34.394
692.9,-0.0931717,-34.3986
692.95,-0.0931541,-34.4033
693.0,-0.093158,-34.4079
693.05,-0.0931558,-34.4126
693.1,-0.0931644,-34.4173
693.15,-0.0931493,-34.4219
693.2,-0.0931553,-34.4266
693.25,-0.093141,-34.4312
693.3,-0.0931579,-34.4359
693.35,-0.0931654,-34.4405
693.4,-0.0931834,-34.4452
693.45,-0.0932086,-34.4499
693.5,-0.0932015,-34.4545
693.55,-0.0931905,-34.4592
693.6,-0.0931884,-34.4638
693.65,-0.0931866,-34.4685
693.7,-0.0931867,-34.4732
693.75,-0.0931948,-34.4778
693.8,-0.0931979,-34.4825
693.85,-0.0932072,-34.4871
693.9,-0.0932159,-34.4918
693.95,-0.093236,-34.4965
694.0,-0.093237,-34.5011
694.05,-0.0932579,-34.5058
694.1,-0.093274,-34.5104
694.15,-0.0932719,-34.5151
694.2,-0.0932773,-34.5198
694.25,-0.0932808,-34.5244
694.3,-0.0932769,-34.5291
694.35,-0.0932764,-34.5338
694.4,-0.0932791,-34.5384
694.45,-0.0932925,-34.5431
694.5,-0.0933022,-34.5478
694.55,-0.0932987,-34.5524
694.6,-0.0933107,-34.5571
694.65,-0.0933161,-34.5618
694.7,-0.0933115,-34.5664
694.75,-0.0933283,-34.5711
694.8,-0.0933339,-34.5758
694.85,-0.0933398,-34.5804
694.9,-0.0933495,-34.5851
694.95,-0.0933527,-34.5898
695.0,-0.0933632,-34.5944
695.05,-0.0933532,-34.5991
695.1,-0.093363,-34.6038
695.15,-0.0933692,-34.6084
695.2,-0.0933697,-34.6131
695.25,-0.0933882,-34.6178
695.3,-0.0933926,-34.6224
695.35,-0.0933919,-34.6271
695.4,-0.0934071,-34.6318
695.45,-0.0934043,-34.6364
695.5,-0.0933977,-34.6411
695.55,-0.0933983,-34.6458
695.6,-0.0934059,-34.6505
695.65,-0.0934176,-34.6551
695.7,-0.0934228,-34.6598
695.75,-0.0934146,-34.6645
695.8,-0.0934227,-34.6691
695.85,-0.0934248,-34.6738
695.9,-0.0934452,-34.6785
695.95,-0.0934401,-34.6832
696.0,-0.0934492,-34.6878
696.05,-0.0934564,-34.6925
696.1,-0.0934498,-34.6972
696.15,-0.0934502,-34.7018
696.2,-0.0934676,-34.7065
696.25,-0.0934678,-34.7112
696.3,-0.0934627,-34.7159
696.35,-0.0934736,-34.7205
696.4,-0.0934897,-34.7252
696.45,-0.093487,-34.7299
696.5,-0.093491,-34.7346
696.55,-0.0934936,-34.7392
696.6,-0.0934844,-34.7439
696.65,-0.0934998,-34.7486
696.7,-0.0935021,-34.7533
696.75,-0.0935176,-34.7579
696.8,-0.0935158,-34.7626
696.85,-0.0935239,-34.7673
696.9,-0.0935233,-34.772
696.95,-0.093525,-34.7766
697.0,-0.0935296,-34.7813
697.05,-0.0935269,-34.786
697.1,-0.0935365,-34.7907
697.15,-0.0935456,-34.7953
697.2,-0.0935484,-34.8
697.25,-0.093546,-34.8047
697.3,-0.093556,-34.8094
697.35,-0.0935541,-34.8141
697.4,-0.0935475,-34.8187
697.45,-0.0935512,-34.8234
697.5,-0.0935546,-34.8281
697.55,-0.0935602,-34.8328
697.6,-0.0935554,-34.8374
697.65,-0.0935607,-34.8421
697.7,-0.0935571,-34.8468
697.75,-0.0935619,-34.8515
697.8,-0.0935554,-34.8562
697.85,-0.0935768,-34.8608
697.9,-0.0935719,-34.8655
697.95,-0.0935672,-34.8702
698.0,-0.0935858,-34.8749
698.05,-0.0935853,-34.8796
698.1,-0.0935869,-34.8842
698.15,-0.0935989,-34.8889
698.2,-0.0935876,-34.8936
698.25,-0.0935791,-34.8983
698.3,-0.0936106,-34.903
698.35,-0.0936075,-34.9076
698.4,-0.0936107,-34.9123
698.45,-0.0936158,-34.917
698.5,-0.0936104,-34.9217
698.55,-0.0936218,-34.9264
698.6,-0.093621,-34.931
698.65,-0.0936267,-34.9357
698.7,-0.0936379,-34.9404
698.75,-0.093649,-34.9451
698.8,-0.0936455,-34.9498
698.85,-0.0936386,-34.9544
698.9,-0.0936521,-34.9591
698.95,-0.0936531,-34.9638
699.0,-0.0936633,-34.9685
699.05,-0.09368,-34.9732
699.1,-0.0936807,-34.9779
699.15,-0.0936892,-34.9825
699.2,-0.0936841,-34.9872
699.25,-0.0936762,-34.9919
699.3,-0.0936848,-34.9966
699.35,-0.0936995,-35.0013
699.4,-0.0937084,-35.006
699.45,-0.0937182,-35.0107
699.5,-0.0937204,-35.0153
699.55,-0.0937254,-35.02
699.6,-0.0937293,-35.0247
699.65,-0.0937275,-35.0294
699.7,-0.0937304,-35.0341
699.75,-0.0937285,-35.0388
699.8,-0.0937471,-35.0435
699.85,-0.0937482,-35.0481
699.9,-0.0937489,-35.0528
699.95,-0.0937423,-35.0575
700.0,-0.093761,-35.0622
700.05,-0.0937676,-35.0669
700.1,-0.0937832,-35.0716
700.15,-0.0937757,-35.0763
700.2,-0.0937725,-35.081
700.25,-0.0937822,-35.0857
700.3,-0.0937914,-35.0903
700.35,-0.0937963,-35.095
700.4,-0.093808,-35.0997
700.45,-0.0938044,-35.1044
700.5,-0.093831,-35.1091
700.55,-0.093828,-35.1138
700.6,-0.0938293,-35.1185
700.65,-0.0938364,-35.1232
700.7,-0.0938404,-35.1279
700.75,-0.0938532,-35.1326
700.8,-0.0938654,-35.1373
700.85,-0.0938669,-35.142
700.9,-0.0938667,-35.1466
700.95,-0.0938698,-35.1513
701.0,-0.0938889,-35.156
701.05,-0.0939024,-35.1607
701.1,-0.0939121,-35.1654
701.15,-0.0939123,-35.1701
701.2,-0.0939127,-35.1748
701.25,-0.0939228,-35.1795
701.3,-0.093918,-35.1842
701.35,-0.0939234,-35.1889
701.4,-0.093928,-35.1936
701.45,-0.0939448,-35.1983
701.5,-0.0939423,-35.203
701.55,-0.0939418,-35.2077
701.6,-0.0939457,-35.2124
701.65,-0.0939502,-35.2171
701.7,-0.0939639,-35.2218
701.75,-0.0939748,-35.2265
701.8,-0.0939875,-35.2312
701.85,-0.0939781,-35.2359
701.9,-0.0939845,-35.2406
701.95,-0.09399,-35.2453
702.0,-0.0939828,-35.25
702.05,-0.0939975,-35.2547
702.1,-0.0940118,-35.2594
702.15,-0.0940099,-35.2641
702.2,-0.0940243,-35.2688
702.25,-0.0940279,-35.2735
702.3,-0.0940271,-35.2782
702.35,-0.0940381,-35.2829
702.4,-0.094041,-35.2876
702.45,-0.0940346,-35.2923
702.5,-0.0940504,-35.297
702.55,-0.0940471,-35.3017
702.6,-0.0940483,-35.3064
702.65,-0.0940262,-35.3111
702.7,-0.0940428,-35.3158
702.75,-0.0940697,-35.3205
702.8,-0.0940738,-35.3252
702.85,-0.0940736,-35.3299
702.9,-0.0940724,-35.3346
702.95,-0.0940812,-35.3393
703.0,-0.0940878,-35.344
703.05,-0.094088,-35.3487
703.1,-0.0940878,-35.3534
703.15,-0.0940964,-35.3581
703.2,-0.0941083,-35.3628
703.25,-0.0941058,-35.3675
703.3,-0.0941199,-35.3723
703.35,-0.0941119,-35.377
703.4,-0.0941199,-35.3817
703.45,-0.094136,-35.3864
703.5,-0.0941322,-35.3911
703.55,-0.0941305,-35.3958
703.6,-0.0941408,-35.4005
703.65,-0.094141,-35.4052
703.7,-0.0941388,-35.4099
703.75,-0.0941458,-35.4146
703.8,-0.09415,-35.4193
703.85,-0.0941569,-35.424
703.9,-0.0941756,-35.4287
703.95,-0.0941681,-35.4334
704.0,-0.0941695,-35.4382
704.05,-0.094167,-35.4429
704.1,-0.0941568,-35.4476
704.15,-0.0941777,-35.4523
704.2,-0.0941852,-35.457
704.25,-0.0941697,-35.4617
704.3,-0.0941921,-35.4664
704.35,-0.0941922,-35.4711
704.4,-0.0941883,-35.4758
704.45,-0.0941901,-35.4805
704.5,-0.0941869,-35.4852
704.55,-0.0941867,-35.49
704.6,-0.0941893,-35.4947
704.65,-0.0942102,-35.4994
704.7,-0.0942111,-35.5041
704.75,-0.0942397,-35.5088
704.8,-0.0942452,-35.5135
704.85,-0.0942447,-35.5182
704.9,-0.0942769,-35.5229
704.95,-0.0942781,-35.5276
705.0,-0.0942921,-35.5324
705.05,-0.0943169,-35.5371
705.1,-0.09433,-35.5418
705.15,-0.0943481,-35.5465
705.2,-0.094352,-35.5512
705.25,-0.0943446,-35.556
705.3,-0.0943622,-35.5607
705.35,-0.0943649,-35.5654
705.4,-0.0943765,-35.5701
705.45,-0.0943816,-35.5748
705.5,-0.0943883,-35.5795
705.55,-0.0943951,-35.5843
705.6,-0.0943964,-35.589
705.65,-0.0943985,-35.5937
705.7,-0.0943969,-35.5984
705.75,-0.0944073,-35.6031
705.8,-0.0944199,-35.6079
705.85,-0.0944238,-35.6126
705.9,-0.0944336,-35.6173
705.95,-0.0944267,-35.622
706.0,-0.0944338,-35.6268
706.05,-0.0944318,-35.6315
706.1,-0.0944237,-35.6362
706.15,-0.0944276,-35.6409
706.2,-0.0944458,-35.6456
706.25,-0.0944585,-35.6504
706.3,-0.0944686,-35.6551
706.35,-0.094473,-35.6598
706.4,-0.094468,-35.6645
706.45,-0.0944668,-35.6693
706.5,-0.0944627,-35.674
706.55,-0.0944592,-35.6787
706.6,-0.0944677,-35.6834
706.65,-0.0944812,-35.6881
706.7,-0.0944725,-35.6929
706.75,-0.094488,-35.6976
706.8,-0.0944993,-35.7023
706.85,-0.0944856,-35.707
706.9,-0.0944779,-35.7118
706.95,-0.0944775,-35.7165
707.0,-0.0944999,-35.7212
707.05,-0.094492,-35.7259
707.1,-0.0944933,-35.7307
707.15,-0.0944946,-35.7354
707.2,-0.0944991,-35.7401
707.25,-0.0945047,-35.7448
707.3,-0.0944947,-35.7496
707.35,-0.0944998,-35.7543
707.4,-0.0945222,-35.759
707.45,-0.0945171,-35.7637
707.5,-0.0945254,-35.7685
707.55,-0.0945125,-35.7732
707.6,-0.0945228,-35.7779
707.65,-0.0945286,-35.7826
707.7,-0.0945298,-35.7874
707.75,-0.0945389,-35.7921
707.8,-0.0945373,-35.7968
707.85,-0.0945443,-35.8016
707.9,-0.0945348,-35.8063
707.95,-0.0945423,-35.811
708.0,-0.0945546,-35.8157
708.05,-0.0945538,-35.8205
708.1,-0.094556,-35.8252
708.15,-0.0945625,-35.8299
708.2,-0.0945625,-35.8346
708.25,-0.0945709,-35.8394
708.3,-0.094571,-35.8441
708.35,-0.0945651,-35.8488
708.4,-0.0945622,-35.8536
708.45,-0.0945718,-35.8583
708.5,-0.0945725,-35.863
708.55,-0.0945675,-35.8677
708.6,-0.0945655,-35.8725
708.65,-0.09458,-35.8772
708.7,-0.0945833,-35.8819
708.75,-0.0945844,-35.8867
708.8,-0.0945887,-35.8914
708.85,-0.0946014,-35.8961
708.9,-0.0946015,-35.9009
708.95,-0.0946017,-35.9056
709.0,-0.094597,-35.9103
709.05,-0.0945932,-35.915
709.1,-0.094595,-35.9198
709.15,-0.094599,-35.9245
709.2,-0.0945982,-35.9292
709.25,-0.0945999,-35.934
709.3,-0.0946004,-35.9387
709.35,-0.094602,-35.9434
709.4,-0.0946089,-35.9482
709.45,-0.0946153,-35.9529
709.5,-0.0946114,-35.9576
709.55,-0.0946126,-35.9623
709.6,-0.0946184,-35.9671
709.65,-0.0946161,-35.9718
709.7,-0.0946145,-35.9765
709.75,-0.0946229,-35.9813
709.8,-0.0946194,-35.986
709.85,-0.094612,-35.9907
709.9,-0.0946217,-35.9955
709.95,-0.0946236,-36.0002
710.0,-0.0946281,-36.0049
710.05,-0.0946285,-36.0097
710.1,-0.0946183,-36.0144
710.15,-0.0946357,-36.0191
710.2,-0.0946342,-36.0238
710.25,-0.0946354,-36.0286
710.3,-0.0946984,-36.0333
710.35,-0.094745,-36.0381
710.4,-0.0947435,-36.0428
710.45,-0.0947517,-36.0475
710.5,-0.0947744,-36.0523
710.55,-0.0947911,-36.057
710.6,-0.0948079,-36.0617
710.65,-0.0948243,-36.0665
710.7,-0.0948213,-36.0712
710.75,-0.0948183,-36.076
710.8,-0.0948416,-36.0807
710.85,-0.0948379,-36.0855
710.9,-0.0948294,-36.0902
710.95,-0.0948421,-36.0949
711.0,-0.0948351,-36.0997
711.05,-0.0948177,-36.1044
711.1,-0.0948359,-36.1092
711.15,-0.0948391,-36.1139
711.2,-0.094843,-36.1186
711.25,-0.0948471,-36.1234
711.3,-0.0948566,-36.1281
711.35,-0.0948484,-36.1329
711.4,-0.0948364,-36.1376
711.45,-0.0948554,-36.1424
711.5,-0.0948605,-36.1471
711.55,-0.094875,-36.1518
711.6,-0.0948816,-36.1566
711.65,-0.0948719,-36.1613
711.7,-0.0948819,-36.1661
711.75,-0.0948888,-36.1708
711.8,-0.0948771,-36.1756
711.85,-0.0948762,-36.1803
711.9,-0.0948696,-36.1851
711.95,-0.0948689,-36.1898
712.0,-0.0948847,-36.1945
712.05,-0.0948837,-36.1993
712.1,-0.0948763,-36.204
712.15,-0.0948898,-36.2088
712.2,-0.0948948,-36.2135
712.25,-0.0948976,-36.2183
712.3,-0.0949071,-36.223
712.35,-0.0949061,-36.2278
712.4,-0.0948933,-36.2325
712.45,-0.0949001,-36.2372
712.5,-0.0949014,-36.242
712.55,-0.0948977,-36.2467
712.6,-0.0949251,-36.2515
712.65,-0.0949272,-36.2562
712.7,-0.0949269,-36.261
712.75,-0.0949347,-36.2657
712.8,-0.0949384,-36.2705
712.85,-0.0949486,-36.2752
712.9,-0.0949466,-36.28
712.95,-0.0949576,-36.2847
713.0,-0.0949625,-36.2895
713.05,-0.0949724,-36.2942
713.1,-0.0949802,-36.299
713.15,-0.0949774,-36.3037
713.2,-0.0949756,-36.3084
713.25,-0.0949779,-36.3132
713.3,-0.0949741,-36.3179
713.35,-0.0949816,-36.3227
713.4,-0.0949864,-36.3274
713.45,-0.0949834,-36.3322
713.5,-0.0949827,-36.3369
713.55,-0.0949816,-36.3417
713.6,-0.094982,-36.3464
713.65,-0.0949955,-36.3512
713.7,-0.095002,-36.3559
713.75,-0.0949925,-36.3607
713.8,-0.0949914,-36.3654
713.85,-0.094987,-36.3702
713.9,-0.0949886,-36.3749
713.95,-0.0950002,-36.3797
714.0,-0.0950034,-36.3844
714.05,-0.0950093,-36.3892
714.1,-0.0950196,-36.3939
714.15,-0.0950118,-36.3987
714.2,-0.0950075,-36.4034
714.25,-0.095008,-36.4082
714.3,-0.0950079,-36.4129
714.35,-0.0950011,-36.4177
714.4,-0.0950126,-36.4224
714.45,-0.0950176,-36.4272
714.5,-0.0950139,-36.4319
714.55,-0.0950169,-36.4367
714.6,-0.0950172,-36.4414
714.65,-0.0950036,-36.4462
714.7,-0.0950129,-36.4509
714.75,-0.0950135,-36.4557
714.8,-0.0950057,-36.4604
714.85,-0.0950111,-36.4652
714.9,-0.0950103,-36.47
714.95,-0.0950074,-36.4747
715.0,-0.0950075,-36.4795
715.05,-0.0950025,-36.4842
715.1,-0.0950195,-36.489
715.15,-0.0950205,-36.4937
715.2,-0.0950173,-36.4985
715.25,-0.0950146,-36.5032
715.3,-0.0950173,-36.508
715.35,-0.0950239,-36.5127
715.4,-0.0950348,-36.5175
715.45,-0.0950327,-36.5222
715.5,-0.0950214,-36.527
715.55,-0.0950294,-36.5317
715.6,-0.095026,-36.5365
715.65,-0.0950332,-36.5412
715.7,-0.0950317,-36.546
715.75,-0.0950469,-36.5507
715.8,-0.09504,-36.5555
715.85,-0.0950533,-36.5602
715.9,-0.0950497,-36.565
715.95,-0.0950345,-36.5697
716.0,-0.0950383,-36.5745
716.05,-0.095045,-36.5792
716.1,-0.0950569,-36.584
716.15,-0.0950654,-36.5887
716.2,-0.0950636,-36.5935
716.25,-0.0950699,-36.5982
716.3,-0.095055,-36.603
716.35,-0.0950699,-36.6078
716.4,-0.0950655,-36.6125
716.45,-0.0950755,-36.6173
716.5,-0.0950824,-36.622
716.55,-0.0950825,-36.6268
716.6,-0.0950741,-36.6315
716.65,-0.0950781,-36.6363
716.7,-0.0950889,-36.641
716.75,-0.0950887,-36.6458
716.8,-0.095107,-36.6505
716.85,-0.0951134,-36.6553
716.9,-0.0951177,-36.66
716.95,-0.095112,-36.6648
717.0,-0.0951173,-36.6696
717.05,-0.0951234,-36.6743
717.1,-0.0951284,-36.6791
717.15,-0.0951347,-36.6838
717.2,-0.0951462,-36.6886
717.25,-0.0951421,-36.6933
717.3,-0.0951488,-36.6981
717.35,-0.0951491,-36.7029
717.4,-0.09516,-36.7076
717.45,-0.0951571,-36.7124
717.5,-0.095176,-36.7171
717.55,-0.0951756,-36.7219
717.6,-0.0951734,-36.7267
717.65,-0.0951639,-36.7314
717.7,-0.0951666,-36.7362
717.75,-0.0951792,-36.7409
717.8,-0.0951796,-36.7457
717.85,-0.0951662,-36.7504
717.9,-0.0951737,-36.7552
717.95,-0.0951899,-36.76
718.0,-0.0951899,-36.7647
718.05,-0.0951944,-36.7695
718.1,-0.0951903,-36.7742
718.15,-0.095192,-36.779
718.2,-0.095184,-36.7838
718.25,-0.0951989,-36.7885
718.3,-0.0952035,-36.7933
718.35,-0.0952091,-36.798
718.4,-0.0952087,-36.8028
718.45,-0.0952098,-36.8076
718.5,-0.0952112,-36.8123
718.55,-0.0952114,-36.8171
718.6,-0.0952317,-36.8218
718.65,-0.095234,-36.8266
718.7,-0.09525,-36.8314
718.75,-0.0952399,-36.8361
718.8,-0.0952446,-36.8409
718.85,-0.0952566,-36.8457
718.9,-0.095271,-36.8504
718.95,-0.0952752,-36.8552
719.0,-0.095285,-36.8599
719.05,-0.0953025,-36.8647
719.1,-0.0953043,-36.8695
719.15,-0.095291,-36.8742
719.2,-0.095296,-36.879
719.25,-0.0952983,-36.8838
719.3,-0.0953061,-36.8885
719.35,-0.0953206,-36.8933
719.4,-0.0953207,-36.8981
719.45,-0.0953381,-36.9028
719.5,-0.095338,-36.9076
719.55,-0.0953436,-36.9124
719.6,-0.0953557,-36.9171
719.65,-0.095362,-36.9219
719.7,-0.0953676,-36.9267
719.75,-0.095369,-36.9314
719.8,-0.0953737,-36.9362
719.85,-0.0953783,-36.941
719.9,-0.0953795,-36.9458
719.95,-0.0953894,-36.9505
720.0,-0.0954076,-36.9553
720.05,-0.0954169,-36.9601
720.1,-0.0954108,-36.9648
720.15,-0.0954069,-36.9696
720.2,-0.0954261,-36.9744
720.25,-0.0954419,-36.9791
720.3,-0.0954425,-36.9839
720.35,-0.0954573,-36.9887
720.4,-0.0954628,-36.9935
720.45,-0.0954697,-36.9982
720.5,-0.0954637,-37.003
720.55,-0.0954788,-37.0078
720.6,-0.0954747,-37.0126
720.65,-0.0954921,-37.0173
720.7,-0.0954873,-37.0221
720.75,-0.0955001,-37.0269
720.8,-0.0955066,-37.0317
720.85,-0.0955148,-37.0364
720.9,-0.0955152,-37.0412
720.95,-0.0955239,-37.046
721.0,-0.0955389,-37.0508
721.05,-0.095553,-37.0555
721.1,-0.0955625,-37.0603
721.15,-0.0955685,-37.0651
721.2,-0.0955771,-37.0699
721.25,-0.0955905,-37.0747
721.3,-0.0956053,-37.0794
721.35,-0.0955995,-37.0842
721.4,-0.095615,-37.089
721.45,-0.095636,-37.0938
721.5,-0.0956402,-37.0986
721.55,-0.0956392,-37.1033
721.6,-0.0956543,-37.1081
721.65,-0.0956712,-37.1129
721.7,-0.0956745,-37.1177
721.75,-0.095692,-37.1225
721.8,-0.095685,-37.1273
721.85,-0.0957061,-37.132
721.9,-0.0957107,-37.1368
721.95,-0.09572,-37.1416
722.0,-0.0957291,-37.1464
722.05,-0.0957515,-37.1512
722.1,-0.0957685,-37.156
722.15,-0.0957719,-37.1608
722.2,-0.0957976,-37.1656
722.25,-0.0958184,-37.1703
722.3,-0.0958234,-37.1751
722.35,-0.0958336,-37.1799
722.4,-0.095835,-37.1847
722.45,-0.0958339,-37.1895
722.5,-0.0958491,-37.1943
722.55,-0.0958572,-37.1991
722.6,-0.0958572,-37.2039
722.65,-0.0958685,-37.2087
722.7,-0.0958743,-37.2135
722.75,-0.0958958,-37.2183
722.8,-0.095904,-37.2231
722.85,-0.095886,-37.2279
722.9,-0.0959006,-37.2327
722.95,-0.0959065,-37.2375
723.0,-0.0959169,-37.2423
723.05,-0.095936,-37.247
723.1,-0.095964,-37.2518
723.15,-0.0959721,-37.2566
723.2,-0.0959833,-37.2614
723.25,-0.0959852,-37.2662
723.3,-0.0959988,-37.271
723.35,-0.0960001,-37.2758
723.4,-0.0960049,-37.2806
723.45,-0.0960075,-37.2854
723.5,-0.0960095,-37.2902
723.55,-0.0960128,-37.295
723.6,-0.0960298,-37.2998
723.65,-0.0960286,-37.3046
723.7,-0.0960385,-37.3094
723.75,-0.096031,-37.3143
723.8,-0.0960495,-37.3191
723.85,-0.0960644,-37.3239
723.9,-0.0960539,-37.3287
723.95,-0.0960603,-37.3335
724.0,-0.0960621,-37.3383
724.05,-0.0960572,-37.3431
724.1,-0.0960695,-37.3479
724.15,-0.0960824,-37.3527
724.2,-0.0960891,-37.3575
724.25,-0.0960796,-37.3623
724.3,-0.096087,-37.3671
724.35,-0.0960804,-37.3719
724.4,-0.0960695,-37.3767
724.45,-0.0960903,-37.3815
724.5,-0.0961064,-37.3863
724.55,-0.0961037,-37.3911
724.6,-0.0961101,-37.3959
724.65,-0.0961022,-37.4007
724.7,-0.0960989,-37.4055
724.75,-0.0961013,-37.4103
724.8,-0.0960956,-37.4151
724.85,-0.0961157,-37.4199
724.9,-0.0961262,-37.4247
724.95,-0.0961275,-37.4296
725.0,-0.0961247,-37.4344
725.05,-0.0961249,-37.4392
725.1,-0.0961337,-37.444
725.15,-0.0961249,-37.4488
725.2,-0.0961351,-37.4536
725.25,-0.0961285,-37.4584
725.3,-0.09614,-37.4632
725.35,-0.0961398,-37.468
725.4,-0.0961472,-37.4728
725.45,-0.0961519,-37.4776
725.5,-0.0961439,-37.4824
725.55,-0.0961427,-37.4872
725.6,-0.0961536,-37.492
725.65,-0.0961468,-37.4969
725.7,-0.096152,-37.5017
725.75,-0.0961557,-37.5065
725.8,-0.0961616,-37.5113
725.85,-0.0961582,-37.5161
725.9,-0.0961713,-37.5209
725.95,-0.0961722,-37.5257
726.0,-0.0961652,-37.5305
726.05,-0.0961625,-37.5353
726.1,-0.096159,-37.5401
726.15,-0.0961615,-37.5449
726.2,-0.0961646,-37.5497
726.25,-0.096176,-37.5546
726.3,-0.0961656,-37.5594
726.35,-0.0961671,-37.5642
726.4,-0.0961726,-37.569
726.45,-0.0961687,-37.5738
726.5,-0.0961582,-37.5786
726.55,-0.0961653,-37.5834
726.6,-0.0961609,-37.5882
726.65,-0.0961624,-37.593
726.7,-0.0961552,-37.5978
726.75,-0.0961516,-37.6026
726.8,-0.0961509,-37.6074
726.85,-0.0961503,-37.6122
726.9,-0.0961675,-37.6171
726.95,-0.0961606,-37.6219
727.0,-0.0961742,-37.6267
727.05,-0.0961784,-37.6315
727.1,-0.0961809,-37.6363
727.15,-0.0961696,-37.6411
727.2,-0.0961635,-37.6459
727.25,-0.0961685,-37.6507
727.3,-0.0961715,-37.6555
727.35,-0.0961646,-37.6603
727.4,-0.0961802,-37.6651
727.45,-0.0961797,-37.6699
727.5,-0.0961708,-37.6748
727.55,-0.0961739,-37.6796
727.6,-0.0961603,-37.6844
727.65,-0.0961654,-37.6892
727.7,-0.0961608,-37.694
727.75,-0.0961645,-37.6988
727.8,-0.0961574,-37.7036
727.85,-0.0961511,-37.7084
727.9,-0.096165,-37.7132
727.95,-0.0961702,-37.718
728.0,-0.0961764,-37.7228
728.05,-0.0961635,-37.7276
728.1,-0.0961728,-37.7325
728.15,-0.096168,-37.7373
728.2,-0.096173,-37.7421
728.25,-0.0961639,-37.7469
728.3,-0.0961703,-37.7517
728.35,-0.0961701,-37.7565
728.4,-0.0961642,-37.7613
728.45,-0.0961704,-37.7661
728.5,-0.0961691,-37.7709
728.55,-0.0961718,-37.7757
728.6,-0.0961833,-37.7805
728.65,-0.0961834,-37.7854
728.7,-0.0961957,-37.7902
728.75,-0.0961956,-37.795
728.8,-0.0961848,-37.7998
728.85,-0.0961784,-37.8046
728.9,-0.0961746,-37.8094
728.95,-0.0961781,-37.8142
729.0,-0.0961794,-37.819
729.05,-0.096186,-37.8238
729.1,-0.0961851,-37.8286
729.15,-0.0961872,-37.8334
729.2,-0.0961816,-37.8383
729.25,-0.0961874,-37.8431
729.3,-0.0961779,-37.8479
729.35,-0.096188,-37.8527
729.4,-0.0961911,-37.8575
729.45,-0.096189,-37.8623
729.5,-0.0961904,-37.8671
729.55,-0.0961984,-37.8719
729.6,-0.0961939,-37.8767
729.65,-0.0962019,-37.8815
729.7,-0.0961987,-37.8863
729.75,-0.0962063,-37.8912
729.8,-0.0962069,-37.896
729.85,-0.096212,-37.9008
729.9,-0.0962181,-37.9056
729.95,-0.096216,-37.9104
730.0,-0.0962134,-37.9152
730.05,-0.0962261,-37.92
730.1,-0.0962227,-37.9248
730.15,-0.0962362,-37.9296
730.2,-0.0962288,-37.9345
730.25,-0.096233,-37.9393
730.3,-0.096247,-37.9441
730.35,-0.0962456,-37.9489
730.4,-0.0962575,-37.9537
730.45,-0.0962756,-37.9585
730.5,-0.0962659,-37.9633
730.55,-0.0962797,-37.9681
730.6,-0.0962855,-37.973
730.65,-0.0962863,-37.9778
730.7,-0.0962848,-37.9826
730.75,-0.0962968,-37.9874
730.8,-0.0963156,-37.9922
730.85,-0.0963146,-37.997
730.9,-0.0963249,-38.0019
730.95,-0.0963352,-38.0067
731.0,-0.0963384,-38.0115
731.05,-0.0963403,-38.0163
731.1,-0.0963377,-38.0211
731.15,-0.0963469,-38.0259
731.2,-0.0963602,-38.0308
731.25,-0.0963655,-38.0356
731.3,-0.0963689,-38.0404
731.35,-0.0963729,-38.0452
731.4,-0.0963795,-38.05
731.45,-0.0963836,-38.0549
731.5,-0.0963988,-38.0597
731.55,-0.0964062,-38.0645
731.6,-0.0964071,-38.0693
731.65,-0.0964239,-38.0741
731.7,-0.0964165,-38.079
731.75,-0.0964275,-38.0838
731.8,-0.0964359,-38.0886
731.85,-0.0964355,-38.0934
731.9,-0.0964553,-38.0982
731.95,-0.0964574,-38.1031
732.0,-0.09646,-38.1079
732.05,-0.0964554,-38.1127
732.1,-0.0964677,-38.1175
732.15,-0.0964681,-38.1224
732.2,-0.096479,-38.1272
732.25,-0.0964897,-38.132
732.3,-0.0964847,-38.1368
732.35,-0.0964819,-38.1417
732.4,-0.0965016,-38.1465
732.45,-0.0965019,-38.1513
732.5,-0.0965032,-38.1561
732.55,-0.0965208,-38.161
732.6,-0.0965166,-38.1658
732.65,-0.0965103,-38.1706
732.7,-0.0965181,-38.1754
732.75,-0.0965255,-38.1803
732.8,-0.0965355,-38.1851
732.85,-0.0965403,-38.1899
732.9,-0.0965485,-38.1947
732.95,-0.0965578,-38.1996
733.0,-0.0965586,-38.2044
733.05,-0.0965499,-38.2092
733.1,-0.0965683,-38.2141
733.15,-0.0965667,-38.2189
733.2,-0.0965625,-38.2237
733.25,-0.0965665,-38.2285
733.3,-0.0965742,-38.2334
733.35,-0.0965789,-38.2382
733.4,-0.0965744,-38.243
733.45,-0.0965688,-38.2478
733.5,-0.096591,-38.2527
733.55,-0.0965947,-38.2575
733.6,-0.0965975,-38.2623
733.65,-0.0966017,-38.2672
733.7,-0.096605,-38.272
733.75,-0.0965937,-38.2768
733.8,-0.0966081,-38.2817
733.85,-0.0966121,-38.2865
733.9,-0.0966132,-38.2913
733.95,-0.0966154,-38.2962
734.0,-0.0966256,-38.301
734.05,-0.0966277,-38.3058
734.1,-0.0966328,-38.3106
734.15,-0.0966382,-38.3155
734.2,-0.0966403,-38.3203
734.25,-0.0966385,-38.3251
734.3,-0.0966329,-38.33
734.35,-0.0966337,-38.3348
734.4,-0.0966381,-38.3396
734.45,-0.0966545,-38.3445
734.5,-0.096654,-38.3493
734.55,-0.0966553,-38.3541
734.6,-0.0966674,-38.359
734.65,-0.096685,-38.3638
734.7,-0.0966813,-38.3686
734.75,-0.0966839,-38.3735
734.8,-0.0966972,-38.3783
734.85,-0.0966909,-38.3831
734.9,-0.0966981,-38.388
734.95,-0.0966928,-38.3928
735.0,-0.0967044,-38.3976
735.05,-0.0967061,-38.4025
735.1,-0.0967053,-38.4073
735.15,-0.0966996,-38.4122
735.2,-0.0967022,-38.417
735.25,-0.0967043,-38.4218
735.3,-0.0967122,-38.4267
735.35,-0.09671,-38.4315
735.4,-0.096722,-38.4363
735.45,-0.0967445,-38.4412
735.5,-0.0967482,-38.446
735.55,-0.0967463,-38.4508
735.6,-0.0967392,-38.4557
735.65,-0.0967559,-38.4605
735.7,-0.0967533,-38.4654
735.75,-0.0967606,-38.4702
735.8,-0.0967634,-38.475
735.85,-0.0967749,-38.4799
735.9,-0.0967604,-38.4847
735.95,-0.0967647,-38.4895
736.0,-0.0967797,-38.4944
736.05,-0.0967866,-38.4992
736.1,-0.0967932,-38.5041
736.15,-0.096799,-38.5089
736.2,-0.09681,-38.5137
736.25,-0.0968123,-38.5186
736.3,-0.0968248,-38.5234
736.35,-0.0968176,-38.5283
736.4,-0.0968353,-38.5331
736.45,-0.0968545,-38.5379
736.5,-0.0968548,-38.5428
736.55,-0.0968376,-38.5476
736.6,-0.0968443,-38.5525
736.65,-0.096839,-38.5573
736.7,-0.096839,-38.5622
736.75,-0.0968426,-38.567
736.8,-0.0968662,-38.5718
736.85,-0.0968634,-38.5767
736.9,-0.0968762,-38.5815
736.95,-0.0968855,-38.5864
737.0,-0.0968755,-38.5912
737.05,-0.0968782,-38.5961
737.1,-0.0968789,-38.6009
737.15,-0.0968847,-38.6058
737.2,-0.0968886,-38.6106
737.25,-0.0968814,-38.6154
737.3,-0.0969072,-38.6203
737.35,-0.0969211,-38.6251
737.4,-0.0969254,-38.63
737.45,-0.0969283,-38.6348
737.5,-0.0969249,-38.6397
737.55,-0.0969381,-38.6445
737.6,-0.0969409,-38.6494
737.65,-0.0969309,-38.6542
737.7,-0.0969469,-38.6591
737.75,-0.0969492,-38.6639
737.8,-0.0969587,-38.6688
737.85,-0.0969506,-38.6736
737.9,-0.0969585,-38.6785
737.95,-0.0969648,-38.6833
738.0,-0.0969537,-38.6881
738.05,-0.0969534,-38.693
738.1,-0.0969702,-38.6978
738.15,-0.0969767,-38.7027
738.2,-0.0969777,-38.7075
738.25,-0.0969727,-38.7124
738.3,-0.0969647,-38.7172
738.35,-0.0969751,-38.7221
738.4,-0.096975,-38.7269
738.45,-0.0969742,-38.7318
738.5,-0.0969879,-38.7366
738.55,-0.0969823,-38.7415
738.6,-0.0969819,-38.7463
738.65,-0.0970024,-38.7512
738.7,-0.0970059,-38.756
738.75,-0.0970112,-38.7609
738.8,-0.097039,-38.7657
738.85,-0.0970904,-38.7706
738.9,-0.0970994,-38.7754
738.95,-0.0970906,-38.7803
739.0,-0.0970844,-38.7852
739.05,-0.0970934,-38.79
739.1,-0.0970967,-38.7949
739.15,-0.0971181,-38.7997
739.2,-0.097135,-38.8046
739.25,-0.0971503,-38.8094
739.3,-0.0971674,-38.8143
739.35,-0.0971572,-38.8191
739.4,-0.097168,-38.824
739.45,-0.0971784,-38.8289
739.5,-0.0971781,-38.8337
739.55,-0.0971915,-38.8386
739.6,-0.0971934,-38.8434
739.65,-0.0971979,-38.8483
739.7,-0.097202,-38.8532
739.75,-0.0972069,-38.858
739.8,-0.0972115,-38.8629
739.85,-0.0972216,-38.8677
739.9,-0.0972409,-38.8726
739.95,-0.0972441,-38.8775
740.0,-0.0972508,-38.8823
740.05,-0.0972537,-38.8872
740.1,-0.0972584,-38.8921
740.15,-0.0972638,-38.8969
740.2,-0.0972783,-38.9018
740.25,-0.0972938,-38.9067
740.3,-0.0973031,-38.9115
740.35,-0.0973007,-38.9164
740.4,-0.0973089,-38.9212
740.45,-0.0973279,-38.9261
740.5,-0.0973244,-38.931
740.55,-0.0973247,-38.9358
740.6,-0.0973664,-38.9407
740.65,-0.0973656,-38.9456
740.7,-0.0973662,-38.9505
740.75,-0.0973517,-38.9553
740.8,-0.0973561,-38.9602
740.85,-0.0973589,-38.9651
740.9,-0.097356,-38.9699
740.95,-0.0973636,-38.9748
741.0,-0.0973741,-38.9797
741.05,-0.0973788,-38.9845
741.1,-0.0973766,-38.9894
741.15,-0.0973867,-38.9943
741.2,-0.0973793,-38.9991
741.25,-0.0974039,-39.004
741.3,-0.097392,-39.0089
741.35,-0.0973963,-39.0137
741.4,-0.0974112,-39.0186
741.45,-0.0974247,-39.0235
741.5,-0.0974253,-39.0284
741.55,-0.0974216,-39.0332
741.6,-0.0974323,-39.0381
741.65,-0.0974354,-39.043
741.7,-0.0974378,-39.0478
741.75,-0.0974469,-39.0527
741.8,-0.0974492,-39.0576
741.85,-0.0974642,-39.0625
741.9,-0.0974711,-39.0673
741.95,-0.0974895,-39.0722
742.0,-0.09749,-39.0771
742.05,-0.0974915,-39.082
742.1,-0.0974854,-39.0868
742.15,-0.0974993,-39.0917
742.2,-0.0975158,-39.0966
742.25,-0.0975178,-39.1015
742.3,-0.0975279,-39.1063
742.35,-0.0975368,-39.1112
742.4,-0.0975589,-39.1161
742.45,-0.0975582,-39.121
742.5,-0.0975634,-39.1258
742.55,-0.0975707,-39.1307
742.6,-0.0975824,-39.1356
742.65,-0.0975873,-39.1405
742.7,-0.0975901,-39.1454
742.75,-0.0975979,-39.1502
742.8,-0.0976146,-39.1551
742.85,-0.0976093,-39.16
742.9,-0.0976162,-39.1649
742.95,-0.0976226,-39.1698
743.0,-0.0976331,-39.1746
743.05,-0.0976435,-39.1795
743.1,-0.0976723,-39.1844
743.15,-0.0976633,-39.1893
743.2,-0.0976706,-39.1942
743.25,-0.0976751,-39.1991
743.3,-0.0976789,-39.2039
743.35,-0.0976864,-39.2088
743.4,-0.0976962,-39.2137
743.45,-0.0976961,-39.2186
743.5,-0.0977122,-39.2235
743.55,-0.0977078,-39.2284
743.6,-0.0977112,-39.2333
743.65,-0.0976994,-39.2381
743.7,-0.0977047,-39.243
743.75,-0.0977236,-39.2479
743.8,-0.0977221,-39.2528
743.85,-0.0977217,-39.2577
743.9,-0.0977236,-39.2626
743.95,-0.0977455,-39.2675
744.0,-0.0977508,-39.2723
744.05,-0.0977509,-39.2772
744.1,-0.0977511,-39.2821
744.15,-0.0977485,-39.287
744.2,-0.0977347,-39.2919
744.25,-0.0977441,-39.2968
744.3,-0.0977671,-39.3017
744.35,-0.0977776,-39.3066
744.4,-0.097803,-39.3115
744.45,-0.0977972,-39.3163
744.5,-0.0978049,-39.3212
744.55,-0.0978083,-39.3261
744.6,-0.0978046,-39.331
744.65,-0.0978061,-39.3359
744.7,-0.0978014,-39.3408
744.75,-0.0977968,-39.3457
744.8,-0.097794,-39.3506
744.85,-0.0977985,-39.3555
744.9,-0.0978114,-39.3604
744.95,-0.0978062,-39.3652
745.0,-0.097809,-39.3701
745.05,-0.0978107,-39.375
745.1,-0.0978166,-39.3799
745.15,-0.0978115,-39.3848
745.2,-0.0978091,-39.3897
745.25,-0.0978114,-39.3946
745.3,-0.0978192,-39.3995
745.35,-0.0978213,-39.4044
745.4,-0.0978104,-39.4093
745.45,-0.0978296,-39.4142
745.5,-0.09783,-39.419
745.55,-0.0978269,-39.4239
745.6,-0.0978222,-39.4288
745.65,-0.097818,-39.4337
745.7,-0.0978201,-39.4386
745.75,-0.0978182,-39.4435
745.8,-0.0978152,-39.4484
745.85,-0.097817,-39.4533
745.9,-0.0978287,-39.4582
745.95,-0.0978345,-39.4631
746.0,-0.0978413,-39.468
746.05,-0.097842,-39.4728
746.1,-0.0978262,-39.4777
746.15,-0.0978244,-39.4826
746.2,-0.0978173,-39.4875
746.25,-0.0978173,-39.4924
746.3,-0.0978298,-39.4973
746.35,-0.0978177,-39.5022
746.4,-0.0978315,-39.5071
746.45,-0.0978385,-39.512
746.5,-0.0978272,-39.5169
746.55,-0.0978343,-39.5218
746.6,-0.0978346,-39.5266
746.65,-0.0978325,-39.5315
746.7,-0.09782,-39.5364
746.75,-0.0978244,-39.5413
746.8,-0.0978241,-39.5462
746.85,-0.0978353,-39.5511
746.9,-0.09784,-39.556
746.95,-0.0978362,-39.5609
747.0,-0.0978316,-39.5658
747.05,-0.097836,-39.5707
747.1,-0.0978302,-39.5756
747.15,-0.0978182,-39.5805
747.2,-0.0978237,-39.5853
747.25,-0.0978249,-39.5902
747.3,-0.0978247,-39.5951
747.35,-0.0978277,-39.6
747.4,-0.0978365,-39.6049
747.45,-0.0978236,-39.6098
747.5,-0.097851,-39.6147
747.55,-0.0978376,-39.6196
747.6,-0.0978469,-39.6245
747.65,-0.097864,-39.6294
747.7,-0.0978725,-39.6343
747.75,-0.0978718,-39.6392
747.8,-0.0978736,-39.6441
747.85,-0.0978841,-39.6489
747.9,-0.0978866,-39.6538
747.95,-0.0978968,-39.6587
748.0,-0.0979148,-39.6636
748.05,-0.0979242,-39.6685
748.1,-0.097925,-39.6734
748.15,-0.0979301,-39.6783
748.2,-0.0979434,-39.6832
748.25,-0.0979509,-39.6881
748.3,-0.0979374,-39.693
748.35,-0.0979429,-39.6979
748.4,-0.0979373,-39.7028
748.45,-0.0979406,-39.7077
748.5,-0.0979472,-39.7126
748.55,-0.0979534,-39.7175
748.6,-0.0979536,-39.7224
748.65,-0.0979648,-39.7273
748.7,-0.0979773,-39.7322
748.75,-0.0979698,-39.7371
748.8,-0.0979707,-39.742
748.85,-0.0979728,-39.7469
748.9,-0.0979695,-39.7518
748.95,-0.0979959,-39.7567
749.0,-0.0979892,-39.7616
749.05,-0.0979762,-39.7665
749.1,-0.0979769,-39.7714
749.15,-0.0979767,-39.7763
749.2,-0.0979868,-39.7812
749.25,-0.0979903,-39.7861
749.3,-0.0979883,-39.791
749.35,-0.0979912,-39.7959
749.4,-0.0980049,-39.8008
749.45,-0.097983,-39.8057
749.5,-0.0979995,-39.8106
749.55,-0.0980023,-39.8155
749.6,-0.0980085,-39.8204
749.65,-0.0980142,-39.8253
749.7,-0.098005,-39.8302
749.75,-0.0980213,-39.8351
749.8,-0.0980222,-39.84
749.85,-0.0980169,-39.8449
749.9,-0.098023,-39.8498
749.95,-0.0980262,-39.8547
750.0,-0.0980405,-39.8596
750.05,-0.0980411,-39.8645
750.1,-0.0980631,-39.8694
750.15,-0.0980599,-39.8743
750.2,-0.0980571,-39.8792
750.25,-0.0980614,-39.8841
750.3,-0.0980694,-39.889
750.35,-0.0980554,-39.8939
750.4,-0.098088,-39.8988
750.45,-0.098117,-39.9037
750.5,-0.0981248,-39.9086
750.55,-0.0981137,-39.9135
750.6,-0.0981192,-39.9184
750.65,-0.0981265,-39.9233
750.7,-0.0981319,-39.9283
750.75,-0.0981311,-39.9332
750.8,-0.0981354,-39.9381
750.85,-0.0981487,-39.943
750.9,-0.0981482,-39.9479
750.95,-0.0981502,-39.9528
751.0,-0.0981499,-39.9577
751.05,-0.0981515,-39.9626
751.1,-0.0981548,-39.9675
751.15,-0.0981407,-39.9724
751.2,-0.0981264,-39.9773
751.25,-0.0981355,-39.9822
751.3,-0.0981525,-39.9871
751.35,-0.0981497,-39.992
751.4,-0.098165,-39.997
751.45,-0.098174,-40.0019
751.5,-0.0981722,-40.0068
751.55,-0.0981814,-40.0117
751.6,-0.0981749,-40.0166
751.65,-0.0981809,-40.0215
751.7,-0.098194,-40.0264
751.75,-0.098181,-40.0313
751.8,-0.0981816,-40.0362
751.85,-0.0982045,-40.0411
751.9,-0.0982158,-40.046
751.95,-0.0982238,-40.051
752.0,-0.0982414,-40.0559
752.05,-0.0982358,-40.0608
752.1,-0.0982505,-40.0657
752.15,-0.0982484,-40.0706
752.2,-0.098252,-40.0755
752.25,-0.0982559,-40.0804
752.3,-0.0982741,-40.0853
752.35,-0.0982577,-40.0903
752.4,-0.0982613,-40.0952
752.45,-0.0982615,-40.1001
752.5,-0.0982851,-40.105
752.55,-0.0982928,-40.1099
752.6,-0.0982917,-40.1148
752.65,-0.0982959,-40.1197
752.7,-0.0982975,-40.1247
752.75,-0.0983111,-40.1296
752.8,-0.0983082,-40.1345
752.85,-0.0983305,-40.1394
752.9,-0.0983375,-40.1443
752.95,-0.0983271,-40.1492
753.0,-0.0983457,-40.1542
753.05,-0.0983358,-40.1591
753.1,-0.0983208,-40.164
753.15,-0.0983232,-40.1689
753.2,-0.0983355,-40.1738
753.25,-0.0983382,-40.1787
753.3,-0.0983429,-40.1837
753.35,-0.0983637,-40.1886
753.4,-0.098361,-40.1935
753.45,-0.0983616,-40.1984
753.5,-0.0983676,-40.2033
753.55,-0.0983766,-40.2082
753.6,-0.0983863,-40.2132
753.65,-0.0983978,-40.2181
753.7,-0.0983936,-40.223
753.75,-0.0983953,-40.2279
753.8,-0.0983881,-40.2328
753.85,-0.0983854,-40.2378
753.9,-0.0983991,-40.2427
753.95,-0.0984083,-40.2476
754.0,-0.0984055,-40.2525
754.05,-0.0984037,-40.2574
754.1,-0.0983991,-40.2624
754.15,-0.0984155,-40.2673
754.2,-0.0984139,-40.2722
754.25,-0.0984229,-40.2771
754.3,-0.0984266,-40.2821
754.35,-0.0984323,-40.287
754.4,-0.0984231,-40.2919
754.45,-0.0984188,-40.2968
754.5,-0.0984279,-40.3017
754.55,-0.0984417,-40.3067
754.6,-0.0984502,-40.3116
754.65,-0.0984403,-40.3165
754.7,-0.0984416,-40.3214
754.75,-0.0984453,-40.3263
754.8,-0.0984409,-40.3313
754.85,-0.098447,-40.3362
754.9,-0.09846,-40.3411
754.95,-0.0984575,-40.346
755.0,-0.0984537,-40.351
755.05,-0.0984502,-40.3559
755.1,-0.0984496,-40.3608
755.15,-0.0984555,-40.3657
755.2,-0.098464,-40.3707
755.25,-0.0984711,-40.3756
755.3,-0.0984599,-40.3805
755.35,-0.0984665,-40.3854
755.4,-0.0984725,-40.3903
755.45,-0.0984834,-40.3953
755.5,-0.0984913,-40.4002
755.55,-0.0985011,-40.4051
755.6,-0.0985018,-40.41
755.65,-0.098505,-40.415
755.7,-0.0985096,-40.4199
755.75,-0.098498,-40.4248
755.8,-0.0985189,-40.4297
755.85,-0.0985138,-40.4347
755.9,-0.098521,-40.4396
755.95,-0.0985312,-40.4445
756.0,-0.0985402,-40.4495
756.05,-0.0985456,-40.4544
756.1,-0.0985547,-40.4593
756.15,-0.0985547,-40.4642
756.2,-0.098556,-40.4692
756.25,-0.0985666,-40.4741
756.3,-0.0985747,-40.479
756.35,-0.0985869,-40.4839
756.4,-0.0985977,-40.4889
756.45,-0.0985959,-40.4938
756.5,-0.0986137,-40.4987
756.55,-0.0986135,-40.5037
756.6,-0.0986234,-40.5086
756.65,-0.0986458,-40.5135
756.7,-0.0986611,-40.5185
756.75,-0.098674,-40.5234
756.8,-0.0986799,-40.5283
756.85,-0.0986879,-40.5333
756.9,-0.0986973,-40.5382
756.95,-0.0986923,-40.5431
757.0,-0.0987049,-40.5481
757.05,-0.0987098,-40.553
757.1,-0.098716,-40.5579
757.15,-0.0987095,-40.5629
757.2,-0.0987245,-40.5678
757.25,-0.0987307,-40.5728
757.3,-0.0987377,-40.5777
757.35,-0.0987371,-40.5826
757.4,-0.0987486,-40.5876
757.45,-0.0987515,-40.5925
757.5,-0.0987593,-40.5974
757.55,-0.0987485,-40.6024
757.6,-0.0987451,-40.6073
757.65,-0.0987664,-40.6123
757.7,-0.0987894,-40.6172
757.75,-0.0988126,-40.6221
757.8,-0.0987987,-40.6271
757.85,-0.0988036,-40.632
757.9,-0.0988024,-40.637
757.95,-0.0988031,-40.6419
758.0,-0.0988138,-40.6468
758.05,-0.0988225,-40.6518
758.1,-0.0988188,-40.6567
758.15,-0.0988195,-40.6617
758.2,-0.098813,-40.6666
758.25,-0.0988129,-40.6715
758.3,-0.098833,-40.6765
758.35,-0.0988468,-40.6814
758.4,-0.0988483,-40.6864
758.45,-0.0988705,-40.6913
758.5,-0.0988707,-40.6963
758.55,-0.0988727,-40.7012
758.6,-0.0988941,-40.7061
758.65,-0.09891,-40.7111
758.7,-0.0989042,-40.716
758.75,-0.0989161,-40.721
758.8,-0.0989142,-40.7259
758.85,-0.0989308,-40.7309
758.9,-0.0989328,-40.7358
758.95,-0.0989433,-40.7408
759.0,-0.0989503,-40.7457
759.05,-0.0989558,-40.7507
759.1,-0.098955,-40.7556
759.15,-0.0989663,-40.7606
759.2,-0.0989755,-40.7655
759.25,-0.0989851,-40.7705
759.3,-0.0989841,-40.7754
759.35,-0.0989904,-40.7803
759.4,-0.0989851,-40.7853
759.45,-0.0989904,-40.7902
759.5,-0.0989967,-40.7952
759.55,-0.098997,-40.8001
759.6,-0.0990098,-40.8051
759.65,-0.0989965,-40.81
759.7,-0.0990178,-40.815
759.75,-0.0990195,-40.82
759.8,-0.0990284,-40.8249
759.85,-0.0990402,-40.8299
759.9,-0.09903,-40.8348
759.95,-0.0990385,-40.8398
760.0,-0.0990505,-40.8447
760.05,-0.0990447,-40.8497
760.1,-0.0990509,-40.8546
760.15,-0.0990512,-40.8596
760.2,-0.0990497,-40.8645
760.25,-0.0990466,-40.8695
760.3,-0.0990471,-40.8744
760.35,-0.0990582,-40.8794
760.4,-0.0990598,-40.8843
760.45,-0.0990899,-40.8893
760.5,-0.0990981,-40.8942
760.55,-0.0990997,-40.8992
760.6,-0.0991243,-40.9042
760.65,-0.0991339,-40.9091
760.7,-0.0991199,-40.9141
760.75,-0.0991248,-40.919
760.8,-0.0991302,-40.924
760.85,-0.0991406,-40.9289
760.9,-0.0991245,-40.9339
760.95,-0.0991446,-40.9388
761.0,-0.099149,-40.9438
761.05,-0.0991565,-40.9488
761.1,-0.099152,-40.9537
761.15,-0.0991721,-40.9587
761.2,-0.0991872,-40.9636
761.25,-0.0991853,-40.9686
761.3,-0.0991869,-40.9736
761.35,-0.0991813,-40.9785
761.4,-0.099184,-40.9835
761.45,-0.0991943,-40.9884
761.5,-0.0992152,-40.9934
761.55,-0.0992224,-40.9984
761.6,-0.0992321,-41.0033
761.65,-0.0992116,-41.0083
761.7,-0.0992142,-41.0132
761.75,-0.0992211,-41.0182
761.8,-0.0992401,-41.0232
761.85,-0.0992386,-41.0281
761.9,-0.0992538,-41.0331
761.95,-0.0992445,-41.038
762.0,-0.0992348,-41.043
762.05,-0.0992364,-41.048
762.1,-0.0992315,-41.0529
762.15,-0.0992351,-41.0579
762.2,-0.0992482,-41.0629
762.25,-0.0992723,-41.0678
762.3,-0.0992633,-41.0728
762.35,-0.099264,-41.0777
762.4,-0.099274,-41.0827
762.45,-0.099279,-41.0877
762.5,-0.0992738,-41.0926
762.55,-0.0992787,-41.0976
762.6,-0.0992845,-41.1026
762.65,-0.0992774,-41.1075
762.7,-0.0992905,-41.1125
762.75,-0.0992915,-41.1175
762.8,-0.0992948,-41.1224
762.85,-0.0992981,-41.1274
762.9,-0.099308,-41.1324
762.95,-0.099314,-41.1373
763.0,-0.0993197,-41.1423
763.05,-0.0993282,-41.1473
763.1,-0.0993249,-41.1522
763.15,-0.0993286,-41.1572
763.2,-0.0993353,-41.1622
763.25,-0.0993448,-41.1671
763.3,-0.0993482,-41.1721
763.35,-0.099346,-41.1771
763.4,-0.0993523,-41.182
763.45,-0.0993597,-41.187
763.5,-0.0993553,-41.192
763.55,-0.0993649,-41.1969
763.6,-0.0993644,-41.2019
763.65,-0.0993716,-41.2069
763.7,-0.0993717,-41.2118
763.75,-0.0993737,-41.2168
763.8,-0.0993832,-41.2218
763.85,-0.0993817,-41.2267
763.9,-0.0993849,-41.2317
763.95,-0.0993907,-41.2367
764.0,-0.0993903,-41.2416
764.05,-0.0994097,-41.2466
764.1,-0.0994136,-41.2516
764.15,-0.0994109,-41.2566
764.2,-0.0994188,-41.2615
764.25,-0.099432,-41.2665
764.3,-0.0994266,-41.2715
764.35,-0.099428,-41.2764
764.4,-0.0994369,-41.2814
764.45,-0.0994539,-41.2864
764.5,-0.0994434,-41.2914
764.55,-0.0994465,-41.2963
764.6,-0.0994589,-41.3013
764.65,-0.0994801,-41.3063
764.7,-0.0994808,-41.3113
764.75,-0.0994822,-41.3162
764.8,-0.0994941,-41.3212
764.85,-0.0994902,-41.3262
764.9,-0.0994948,-41.3312
764.95,-0.0995083,-41.3361
765.0,-0.099516,-41.3411
765.05,-0.0995165,-41.3461
765.1,-0.0995164,-41.3511
765.15,-0.0995182,-41.356
765.2,-0.0995189,-41.361
765.25,-0.0995354,-41.366
765.3,-0.099536,-41.371
765.35,-0.0995539,-41.3759
765.4,-0.0995445,-41.3809
765.45,-0.0995558,-41.3859
765.5,-0.099558,-41.3909
765.55,-0.0995589,-41.3958
765.6,-0.0995533,-41.4008
765.65,-0.0995625,-41.4058
765.7,-0.0995561,-41.4108
765.75,-0.0995617,-41.4158
765.8,-0.0995681,-41.4207
765.85,-0.099574,-41.4257
765.9,-0.0995897,-41.4307
765.95,-0.0995948,-41.4357
766.0,-0.099587,-41.4407
766.05,-0.0995967,-41.4456
766.1,-0.0996045,-41.4506
766.15,-0.0996065,-41.4556
766.2,-0.0996091,-41.4606
766.25,-0.0996159,-41.4656
766.3,-0.0997628,-41.4705
766.35,-0.0997643,-41.4755
766.4,-0.0997507,-41.4805
766.45,-0.0997378,-41.4855
766.5,-0.0997347,-41.4905
766.55,-0.0997323,-41.4955
766.6,-0.0997294,-41.5005
766.65,-0.0997363,-41.5055
766.7,-0.0997315,-41.5104
766.75,-0.0997448,-41.5154
766.8,-0.0997377,-41.5204
766.85,-0.0997304,-41.5254
766.9,-0.0997381,-41.5304
766.95,-0.0997501,-41.5354
767.0,-0.0997368,-41.5404
767.05,-0.0997474,-41.5454
767.1,-0.0997603,-41.5503
767.15,-0.0997571,-41.5553
767.2,-0.0997662,-41.5603
767.25,-0.0997698,-41.5653
767.3,-0.0997628,-41.5703
767.35,-0.0997725,-41.5753
767.4,-0.0997716,-41.5803
767.45,-0.0997796,-41.5853
767.5,-0.099783,-41.5902
767.55,-0.099776,-41.5952
767.6,-0.0997792,-41.6002
767.65,-0.0997738,-41.6052
767.7,-0.0997769,-41.6102
767.75,-0.099772,-41.6152
767.8,-0.0997693,-41.6202
767.85,-0.0997645,-41.6252
767.9,-0.0997661,-41.6302
767.95,-0.0997749,-41.6351
768.0,-0.0997714,-41.6401
768.05,-0.0997767,-41.6451
768.1,-0.099768,-41.6501
768.15,-0.0997726,-41.6551
768.2,-0.0997813,-41.6601
768.25,-0.0997737,-41.6651
768.3,-0.0997885,-41.6701
768.35,-0.0997887,-41.6751
768.4,-0.0997731,-41.68
768.45,-0.0997743,-41.685
768.5,-0.0997671,-41.69
768.55,-0.0997841,-41.695
768.6,-0.0997792,-41.7
768.65,-0.0997806,-41.705
768.7,-0.0997929,-41.71
768.75,-0.099796,-41.715
768.8,-0.0998037,-41.72
768.85,-0.0998023,-41.7249
768.9,-0.0998101,-41.7299
768.95,-0.0998169,-41.7349
769.0,-0.0998214,-41.7399
769.05,-0.0998295,-41.7449
769.1,-0.0998392,-41.7499
769.15,-0.0998406,-41.7549
769.2,-0.0998392,-41.7599
769.25,-0.0998513,-41.7649
769.3,-0.0998496,-41.7699
769.35,-0.0998719,-41.7749
769.4,-0.0998666,-41.7799
769.45,-0.0998609,-41.7849
769.5,-0.0998512,-41.7898
769.55,-0.099851,-41.7948
769.6,-0.0998532,-41.7998
769.65,-0.0998575,-41.8048
769.7,-0.0998761,-41.8098
769.75,-0.0999206,-41.8148
769.8,-0.0999078,-41.8198
769.85,-0.0999132,-41.8248
769.9,-0.0999128,-41.8298
769.95,-0.0999207,-41.8348
770.0,-0.0999126,-41.8398
770.05,-0.0999168,-41.8448
770.1,-0.0999182,-41.8498
770.15,-0.0999145,-41.8548
770.2,-0.0999181,-41.8598
770.25,-0.0999281,-41.8648
770.3,-0.0999226,-41.8698
770.35,-0.0999151,-41.8748
770.4,-0.0999198,-41.8798
770.45,-0.0999146,-41.8848
770.5,-0.0999178,-41.8898
770.55,-0.0999217,-41.8947
770.6,-0.0999124,-41.8997
770.65,-0.099925,-41.9047
770.7,-0.099934,-41.9097
770.75,-0.0999352,-41.9147
770.8,-0.0999236,-41.9197
770.85,-0.0999226,-41.9247
770.9,-0.0999326,-41.9297
770.95,-0.0999419,-41.9347
771.0,-0.0999421,-41.9397
771.05,-0.0999541,-41.9447
771.1,-0.0999592,-41.9497
771.15,-0.0999521,-41.9547
771.2,-0.0999684,-41.9597
771.25,-0.0999772,-41.9647
771.3,-0.0999881,-41.9697
771.35,-0.0999897,-41.9747
771.4,-0.0999966,-41.9797
771.45,-0.100003,-41.9847
771.5,-0.100005,-41.9897
771.55,-0.0999942,-41.9947
771.6,-0.100002,-41.9997
771.65,-0.100016,-42.0047
771.7,-0.100023,-42.0097
771.75,-0.100031,-42.0147
771.8,-0.100033,-42.0197
771.85,-0.10003,-42.0247
771.9,-0.100042,-42.0297
771.95,-0.100044,-42.0347
772.0,-0.100036,-42.0397
772.05,-0.100064,-42.0447
772.1,-0.100057,-42.0497
772.15,-0.100042,-42.0547
772.2,-0.100053,-42.0597
772.25,-0.100063,-42.0647
772.3,-0.100072,-42.0697
772.35,-0.100072,-42.0747
772.4,-0.100076,-42.0797
772.45,-0.100085,-42.0847
772.5,-0.100084,-42.0898
772.55,-0.100103,-42.0948
772.6,-0.100097,-42.0998
772.65,-0.100112,-42.1048
772.7,-0.100117,-42.1098
772.75,-0.100129,-42.1148
772.8,-0.100149,-42.1198
772.85,-0.100137,-42.1248
772.9,-0.100128,-42.1298
772.95,-0.100134,-42.1348
773.0,-0.100131,-42.1398
773.05,-0.100143,-42.1448
773.1,-0.100162,-42.1498
773.15,-0.10017,-42.1548
773.2,-0.100176,-42.1598
773.25,-0.100183,-42.1649
773.3,-0.100185,-42.1699
773.35,-0.100194,-42.1749
773.4,-0.100213,-42.1799
773.45,-0.100217,-42.1849
773.5,-0.100223,-42.1899
773.55,-0.100231,-42.1949
773.6,-0.10023,-42.1999
773.65,-0.10024,-42.2049
773.7,-0.100265,-42.21
773.75,-0.100269,-42.215
773.8,-0.100273,-42.22
773.85,-0.100283,-42.225
773.9,-0.100288,-42.23
773.95,-0.100292,-42.235
774.0,-0.100304,-42.24
774.05,-0.100315,-42.2451
774.1,-0.100325,-42.2501
774.15,-0.100345,-42.2551
774.2,-0.100348,-42.2601
774.25,-0.100354,-42.2651
774.3,-0.100361,-42.2701
774.35,-0.100376,-42.2752
774.4,-0.100384,-42.2802
774.45,-0.100383,-42.2852
774.5,-0.100392,-42.2902
774.55,-0.100398,-42.2952
774.6,-0.100405,-42.3003
774.65,-0.100416,-42.3053
774.7,-0.100416,-42.3103
774.75,-0.100437,-42.3153
774.8,-0.100429,-42.3203
774.85,-0.100446,-42.3254
774.9,-0.100458,-42.3304
774.95,-0.100456,-42.3354
775.0,-0.100461,-42.3404
775.05,-0.100461,-42.3455
775.1,-0.100441,-42.3505
775.15,-0.100447,-42.3555
775.2,-0.100469,-42.3605
775.25,-0.10047,-42.3656
775.3,-0.10047,-42.3706
775.35,-0.10046,-42.3756
775.4,-0.100477,-42.3806
775.45,-0.100483,-42.3856
775.5,-0.100487,-42.3907
775.55,-0.100496,-42.3957
775.6,-0.100491,-42.4007
775.65,-0.100504,-42.4057
775.7,-0.100505,-42.4108
775.75,-0.100516,-42.4158
775.8,-0.10051,-42.4208
775.85,-0.10051,-42.4258
775.9,-0.100521,-42.4309
775.95,-0.10052,-42.4359
776.0,-0.100526,-42.4409
776.05,-0.100529,-42.4459
776.1,-0.100535,-42.451
776.15,-0.100531,-42.456
776.2,-0.100538,-42.461
776.25,-0.100557,-42.4661
776.3,-0.100574,-42.4711
776.35,-0.100582,-42.4761
776.4,-0.100574,-42.4811
776.45,-0.100584,-42.4862
776.5,-0.100587,-42.4912
776.55,-0.100604,-42.4962
776.6,-0.10061,-42.5013
776.65,-0.100621,-42.5063
776.7,-0.100628,-42.5113
776.75,-0.100636,-42.5164
776.8,-0.100642,-42.5214
776.85,-0.10064,-42.5264
776.9,-0.100662,-42.5315
776.95,-0.100664,-42.5365
777.0,-0.100665,-42.5415
777.05,-0.100659,-42.5466
777.1,-0.100666,-42.5516
777.15,-0.10067,-42.5566
777.2,-0.100673,-42.5617
777.25,-0.100672,-42.5667
777.3,-0.100695,-42.5717
777.35,-0.100697,-42.5768
777.4,-0.100689,-42.5818
777.45,-0.100692,-42.5868
777.5,-0.100688,-42.5919
777.55,-0.100691,-42.5969
777.6,-0.100693,-42.6019
777.65,-0.1007,-42.607
777.7,-0.100705,-42.612
777.75,-0.100711,-42.617
777.8,-0.100718,-42.6221
777.85,-0.10071,-42.6271
777.9,-0.1007,-42.6321
777.95,-0.10071,-42.6372
778.0,-0.100723,-42.6422
778.05,-0.100725,-42.6473
778.1,-0.100723,-42.6523
778.15,-0.100711,-42.6573
778.2,-0.100728,-42.6624
778.25,-0.100741,-42.6674
778.3,-0.100738,-42.6724
778.35,-0.100755,-42.6775
778.4,-0.100755,-42.6825
778.45,-0.100748,-42.6875
778.5,-0.100756,-42.6926
778.55,-0.100761,-42.6976
778.6,-0.100761,-42.7027
778.65,-0.100777,-42.7077
778.7,-0.100788,-42.7127
778.75,-0.100795,-42.7178
778.8,-0.100797,-42.7228
778.85,-0.100795,-42.7279
778.9,-0.10081,-42.7329
778.95,-0.100806,-42.7379
779.0,-0.100819,-42.743
779.05,-0.100834,-42.748
779.1,-0.100831,-42.7531
779.15,-0.100841,-42.7581
779.2,-0.100841,-42.7631
779.25,-0.100858,-42.7682
779.3,-0.100867,-42.7732
779.35,-0.10087,-42.7783
779.4,-0.100885,-42.7833
779.45,-0.100896,-42.7884
779.5,-0.1009,-42.7934
779.55,-0.100895,-42.7985
779.6,-0.100889,-42.8035
779.65,-0.100898,-42.8085
779.7,-0.100917,-42.8136
779.75,-0.100924,-42.8186
779.8,-0.100937,-42.8237
779.85,-0.100939,-42.8287
779.9,-0.10094,-42.8338
779.95,-0.100941,-42.8388
780.0,-0.100946,-42.8439
780.05,-0.100955,-42.8489
780.1,-0.100955,-42.854
780.15,-0.10097,-42.859
780.2,-0.100967,-42.8641
780.25,-0.100979,-42.8691
780.3,-0.100996,-42.8742
780.35,-0.100996,-42.8792
780.4,-0.100999,-42.8843
780.45,-0.10101,-42.8893
780.5,-0.10101,-42.8944
780.55,-0.101008,-42.8994
780.6,-0.100996,-42.9045
780.65,-0.101004,-42.9095
780.7,-0.101009,-42.9146
780.75,-0.101016,-42.9196
780.8,-0.101013,-42.9247
780.85,-0.101025,-42.9297
780.9,-0.101025,-42.9348
780.95,-0.101035,-42.9398
781.0,-0.10104,-42.9449
781.05,-0.101041,-42.9499
781.1,-0.101058,-42.955
781.15,-0.101061,-42.96
781.2,-0.101065,-42.9651
781.25,-0.10106,-42.9701
781.3,-0.101058,-42.9752
781.35,-0.101058,-42.9802
781.4,-0.101068,-42.9853
781.45,-0.101064,-42.9903
781.5,-0.101073,-42.9954
781.55,-0.10108,-43.0005
781.6,-0.101094,-43.0055
781.65,-0.101105,-43.0106
781.7,-0.101103,-43.0156
781.75,-0.101095,-43.0207
781.8,-0.101111,-43.0257
781.85,-0.101104,-43.0308
781.9,-0.101104,-43.0358
781.95,-0.101125,-43.0409
782.0,-0.101096,-43.046
782.05,-0.101105,-43.051
782.1,-0.10111,-43.0561
782.15,-0.101121,-43.0611
782.2,-0.101124,-43.0662
782.25,-0.101134,-43.0712
782.3,-0.10116,-43.0763
782.35,-0.10116,-43.0813
782.4,-0.101159,-43.0864
782.45,-0.101168,-43.0915
782.5,-0.101165,-43.0965
782.55,-0.10117,-43.1016
782.6,-0.101186,-43.1066
782.65,-0.101202,-43.1117
782.7,-0.101204,-43.1168
782.75,-0.101212,-43.1218
782.8,-0.101225,-43.1269
782.85,-0.101231,-43.1319
782.9,-0.101241,-43.137
782.95,-0.101251,-43.1421
783.0,-0.10126,-43.1471
783.05,-0.101249,-43.1522
783.1,-0.101247,-43.1573
783.15,-0.101257,-43.1623
783.2,-0.101264,-43.1674
783.25,-0.101271,-43.1724
783.3,-0.101267,-43.1775
783.35,-0.101277,-43.1826
783.4,-0.101267,-43.1876
783.45,-0.10126,-43.1927
783.5,-0.101279,-43.1978
783.55,-0.101282,-43.2028
783.6,-0.101285,-43.2079
783.65,-0.101275,-43.213
783.7,-0.101273,-43.218
783.75,-0.101276,-43.2231
783.8,-0.101279,-43.2281
783.85,-0.101279,-43.2332
783.9,-0.101302,-43.2383
783.95,-0.101285,-43.2433
784.0,-0.101297,-43.2484
784.05,-0.101291,-43.2535
784.1,-0.101296,-43.2585
784.15,-0.101309,-43.2636
784.2,-0.101315,-43.2687
784.25,-0.101322,-43.2737
784.3,-0.101317,-43.2788
784.35,-0.101309,-43.2839
784.4,-0.101302,-43.2889
784.45,-0.101304,-43.294
784.5,-0.101322,-43.2991
784.55,-0.101311,-43.3041
784.6,-0.101315,-43.3092
784.65,-0.101332,-43.3143
784.7,-0.101319,-43.3193
784.75,-0.101311,-43.3244
784.8,-0.101321,-43.3295
784.85,-0.101323,-43.3345
784.9,-0.101327,-43.3396
784.95,-0.101335,-43.3447
785.0,-0.101343,-43.3497
785.05,-0.10134,-43.3548
785.1,-0.10134,-43.3599
785.15,-0.101349,-43.3649
785.2,-0.101351,-43.37
785.25,-0.101365,-43.3751
785.3,-0.101372,-43.3801
785.35,-0.101373,-43.3852
785.4,-0.101385,-43.3903
785.45,-0.101393,-43.3953
785.5,-0.101388,-43.4004
785.55,-0.101401,-43.4055
785.6,-0.101402,-43.4105
785.65,-0.101419,-43.4156
785.7,-0.101428,-43.4207
785.75,-0.10144,-43.4258
785.8,-0.101443,-43.4308
785.85,-0.101449,-43.4359
785.9,-0.101454,-43.441
785.95,-0.101463,-43.4461
786.0,-0.10146,-43.4511
786.05,-0.101465,-43.4562
786.1,-0.101468,-43.4613
786.15,-0.101473,-43.4663
786.2,-0.101464,-43.4714
786.25,-0.101461,-43.4765
786.3,-0.101467,-43.4816
786.35,-0.101473,-43.4866
786.4,-0.101478,-43.4917
786.45,-0.101472,-43.4968
786.5,-0.10148,-43.5019
786.55,-0.101468,-43.5069
786.6,-0.101475,-43.512
786.65,-0.101474,-43.5171
786.7,-0.10147,-43.5222
786.75,-0.101474,-43.5272
786.8,-0.101492,-43.5323
786.85,-0.101488,-43.5374
786.9,-0.101477,-43.5424
786.95,-0.101488,-43.5475
787.0,-0.101482,-43.5526
787.05,-0.101482,-43.5577
787.1,-0.10148,-43.5627
787.15,-0.101476,-43.5678
787.2,-0.101477,-43.5729
787.25,-0.101497,-43.578
787.3,-0.101498,-43.583
787.35,-0.101503,-43.5881
787.4,-0.101514,-43.5932
787.45,-0.101498,-43.5983
787.5,-0.101501,-43.6033
787.55,-0.101486,-43.6084
787.6,-0.10148,-43.6135
787.65,-0.101491,-43.6186
787.7,-0.101492,-43.6236
787.75,-0.101512,-43.6287
787.8,-0.101502,-43.6338
787.85,-0.101513,-43.6389
787.9,-0.1015,-43.6439
787.95,-0.101497,-43.649
788.0,-0.101509,-43.6541
788.05,-0.101496,-43.6592
788.1,-0.101511,-43.6642
788.15,-0.101519,-43.6693
788.2,-0.101514,-43.6744
788.25,-0.101526,-43.6795
788.3,-0.101523,-43.6845
788.35,-0.101525,-43.6896
788.4,-0.101524,-43.6947
788.45,-0.101526,-43.6998
788.5,-0.101528,-43.7049
788.55,-0.101531,-43.7099
788.6,-0.101532,-43.715
788.65,-0.10153,-43.7201
788.7,-0.101553,-43.7252
788.75,-0.101541,-43.7302
788.8,-0.101549,-43.7353
788.85,-0.101551,-43.7404
788.9,-0.101556,-43.7455
788.95,-0.101557,-43.7505
789.0,-0.101553,-43.7556
789.05,-0.101564,-43.7607
789.1,-0.101568,-43.7658
789.15,-0.101579,-43.7709
789.2,-0.101586,-43.7759
789.25,-0.101596,-43.781
789.3,-0.101601,-43.7861
789.35,-0.101586,-43.7912
789.4,-0.101598,-43.7963
789.45,-0.101597,-43.8013
789.5,-0.101604,-43.8064
789.55,-0.101609,-43.8115
789.6,-0.1016,-43.8166
789.65,-0.101593,-43.8217
789.7,-0.101597,-43.8267
789.75,-0.101606,-43.8318
789.8,-0.10161,-43.8369
789.85,-0.101621,-43.842
789.9,-0.101624,-43.8471
789.95,-0.101639,-43.8521
790.0,-0.101626,-43.8572
790.05,-0.101617,-43.8623
790.1,-0.101627,-43.8674
790.15,-0.101627,-43.8725
790.2,-0.101628,-43.8776
790.25,-0.101644,-43.8826
790.3,-0.101646,-43.8877
790.35,-0.101655,-43.8928
790.4,-0.101643,-43.8979
790.45,-0.101651,-43.903
790.5,-0.101653,-43.908
790.55,-0.101668,-43.9131
790.6,-0.101663,-43.9182
790.65,-0.101684,-43.9233
790.7,-0.101683,-43.9284
790.75,-0.101688,-43.9335
790.8,-0.101694,-43.9385
790.85,-0.101696,-43.9436
790.9,-0.101706,-43.9487
790.95,-0.101702,-43.9538
791.0,-0.101712,-43.9589
791.05,-0.101707,-43.964
791.1,-0.10172,-43.9691
791.15,-0.10173,-43.9741
791.2,-0.101717,-43.9792
791.25,-0.101743,-43.9843
791.3,-0.10174,-43.9894
791.35,-0.101733,-43.9945
791.4,-0.101727,-43.9996
791.45,-0.101718,-44.0047
791.5,-0.101726,-44.0098
791.55,-0.101726,-44.0148
791.6,-0.101739,-44.0199
791.65,-0.101729,-44.025
791.7,-0.101748,-44.0301
791.75,-0.101759,-44.0352
791.8,-0.101762,-44.0403
791.85,-0.101766,-44.0454
791.9,-0.101776,-44.0505
791.95,-0.101781,-44.0555
792.0,-0.101777,-44.0606
792.05,-0.10178,-44.0657
792.1,-0.101765,-44.0708
792.15,-0.101766,-44.0759
792.2,-0.101782,-44.081
792.25,-0.101773,-44.0861
792.3,-0.101793,-44.0912
792.35,-0.101794,-44.0963
792.4,-0.101802,-44.1013
792.45,-0.101791,-44.1064
792.5,-0.101792,-44.1115
792.55,-0.101789,-44.1166
792.6,-0.101786,-44.1217
792.65,-0.101806,-44.1268
792.7,-0.10181,-44.1319
792.75,-0.101814,-44.137
792.8,-0.101819,-44.1421
792.85,-0.101817,-44.1472
792.9,-0.101826,-44.1522
792.95,-0.101833,-44.1573
793.0,-0.10184,-44.1624
793.05,-0.101831,-44.1675
793.1,-0.101833,-44.1726
793.15,-0.10183,-44.1777
793.2,-0.101842,-44.1828
793.25,-0.101852,-44.1879
793.3,-0.101855,-44.193
793.35,-0.10187,-44.1981
793.4,-0.101861,-44.2032
793.45,-0.101872,-44.2083
793.5,-0.101873,-44.2134
793.55,-0.101864,-44.2184
793.6,-0.101878,-44.2235
793.65,-0.101881,-44.2286
793.7,-0.101879,-44.2337
793.75,-0.101902,-44.2388
793.8,-0.101888,-44.2439
793.85,-0.101884,-44.249
793.9,-0.10189,-44.2541
793.95,-0.101888,-44.2592
794.0,-0.101895,-44.2643
794.05,-0.101907,-44.2694
794.1,-0.101911,-44.2745
794.15,-0.101914,-44.2796
794.2,-0.101913,-44.2847
794.25,-0.10192,-44.2898
794.3,-0.101919,-44.2949
794.35,-0.101914,-44.3
794.4,-0.101916,-44.3051
794.45,-0.101941,-44.3102
794.5,-0.101934,-44.3153
794.55,-0.101946,-44.3204
794.6,-0.101936,-44.3255
794.65,-0.101943,-44.3306
794.7,-0.10195,-44.3356
794.75,-0.101959,-44.3407
794.8,-0.101964,-44.3458
794.85,-0.101976,-44.3509
794.9,-0.10198,-44.356
794.95,-0.101984,-44.3611
795.0,-0.101966,-44.3662
795.05,-0.101985,-44.3713
795.1,-0.101996,-44.3764
795.15,-0.10201,-44.3815
795.2,-0.101998,-44.3866
795.25,-0.101993,-44.3917
795.3,-0.101993,-44.3968
795.35,-0.101999,-44.4019
795.4,-0.102002,-44.407
795.45,-0.102005,-44.4121
795.5,-0.10202,-44.4172
795.55,-0.102027,-44.4223
795.6,-0.102046,-44.4274
795.65,-0.102056,-44.4325
795.7,-0.102059,-44.4376
795.75,-0.102051,-44.4427
795.8,-0.102056,-44.4479
795.85,-0.102059,-44.453
795.9,-0.102073,-44.4581
795.95,-0.102064,-44.4632
796.0,-0.102064,-44.4683
796.05,-0.102068,-44.4734
796.1,-0.102073,-44.4785
796.15,-0.102073,-44.4836
796.2,-0.102093,-44.4887
796.25,-0.102094,-44.4938
796.3,-0.1021,-44.4989
796.35,-0.102104,-44.504
796.4,-0.102105,-44.5091
796.45,-0.102112,-44.5142
796.5,-0.102119,-44.5193
796.55,-0.102124,-44.5244
796.6,-0.102128,-44.5295
796.65,-0.102131,-44.5346
796.7,-0.102129,-44.5397
796.75,-0.102134,-44.5448
796.8,-0.102142,-44.55
796.85,-0.102156,-44.5551
796.9,-0.102156,-44.5602
796.95,-0.102157,-44.5653
797.0,-0.102155,-44.5704
797.05,-0.102174,-44.5755
797.1,-0.102168,-44.5806
797.15,-0.102169,-44.5857
797.2,-0.102182,-44.5908
797.25,-0.102182,-44.5959
797.3,-0.102203,-44.601
797.35,-0.102195,-44.6061
797.4,-0.102204,-44.6113
797.45,-0.102201,-44.6164
797.5,-0.102206,-44.6215
797.55,-0.102211,-44.6266
797.6,-0.102214,-44.6317
797.65,-0.102226,-44.6368
797.7,-0.102222,-44.6419
797.75,-0.102221,-44.647
797.8,-0.102229,-44.6521
797.85,-0.102227,-44.6573
797.9,-0.102229,-44.6624
797.95,-0.102229,-44.6675
798.0,-0.102243,-44.6726
798.05,-0.102245,-44.6777
798.1,-0.102256,-44.6828
798.15,-0.102259,-44.6879
798.2,-0.102266,-44.693
798.25,-0.102274,-44.6982
798.3,-0.102283,-44.7033
798.35,-0.102279,-44.7084
798.4,-0.102287,-44.7135
798.45,-0.102291,-44.7186
798.5,-0.102286,-44.7237
798.55,-0.102293,-44.7288
798.6,-0.102293,-44.734
798.65,-0.1023,-44.7391
798.7,-0.10231,-44.7442
798.75,-0.102324,-44.7493
798.8,-0.102326,-44.7544
798.85,-0.102332,-44.7595
798.9,-0.10233,-44.7647
798.95,-0.102334,-44.7698
799.0,-0.102328,-44.7749
799.05,-0.102343,-44.78
799.1,-0.102351,-44.7851
799.15,-0.102346,-44.7902
799.2,-0.10236,-44.7954
799.25,-0.102372,-44.8005
799.3,-0.102369,-44.8056
799.35,-0.102382,-44.8107
799.4,-0.102395,-44.8158
799.45,-0.10242,-44.821
799.5,-0.102415,-44.8261
799.55,-0.102398,-44.8312
799.6,-0.102416,-44.8363
799.65,-0.10242,-44.8414
799.7,-0.102431,-44.8466
799.75,-0.102444,-44.8517
799.8,-0.102456,-44.8568
799.85,-0.102451,-44.8619
799.9,-0.102454,-44.867
799.95,-0.102471,-44.8722
800.0,-0.102477,-44.8773
800.05,-0.1025,-44.8824
800.1,-0.102517,-44.8875
800.15,-0.102523,-44.8927
800.2,-0.102535,-44.8978
800.25,-0.10254,-44.9029
800.3,-0.102548,-44.9081
800.35,-0.102552,-44.9132
800.4,-0.102558,-44.9183
800.45,-0.102556,-44.9234
800.5,-0.102555,-44.9286
800.55,-0.102563,-44.9337
800.6,-0.102564,-44.9388
800.65,-0.102573,-44.944
800.7,-0.102581,-44.9491
800.75,-0.102593,-44.9542
800.8,-0.102593,-44.9593
800.85,-0.102596,-44.9645
800.9,-0.102591,-44.9696
800.95,-0.102592,-44.9747
801.0,-0.102593,-44.9799
801.05,-0.102599,-44.985
801.1,-0.102603,-44.9901
801.15,-0.102607,-44.9952
801.2,-0.102611,-45.0004
801.25,-0.102615,-45.0055
801.3,-0.102618,-45.0106
801.35,-0.102621,-45.0158
801.4,-0.10262,-45.0209
801.45,-0.102621,-45.026
801.5,-0.102627,-45.0312
801.55,-0.102634,-45.0363
801.6,-0.102645,-45.0414
801.65,-0.102648,-45.0466
801.7,-0.102648,-45.0517
801.75,-0.102658,-45.0568
801.8,-0.102668,-45.062
801.85,-0.102673,-45.0671
801.9,-0.102663,-45.0722
801.95,-0.102669,-45.0774
802.0,-0.102666,-45.0825
802.05,-0.102675,-45.0876
802.1,-0.102681,-45.0928
802.15,-0.102682,-45.0979
802.2,-0.102672,-45.103
802.25,-0.102681,-45.1082
802.3,-0.102682,-45.1133
802.35,-0.102692,-45.1184
802.4,-0.102708,-45.1236
802.45,-0.102713,-45.1287
802.5,-0.102715,-45.1338
802.55,-0.102714,-45.139
802.6,-0.102718,-45.1441
802.65,-0.102732,-45.1492
802.7,-0.102739,-45.1544
802.75,-0.102738,-45.1595
802.8,-0.102741,-45.1647
802.85,-0.102745,-45.1698
802.9,-0.102758,-45.1749
802.95,-0.102766,-45.1801
803.0,-0.102764,-45.1852
803.05,-0.102776,-45.1903
803.1,-0.10279,-45.1955
803.15,-0.102799,-45.2006
803.2,-0.10281,-45.2058
803.25,-0.102822,-45.2109
803.3,-0.102822,-45.216
803.35,-0.10284,-45.2212
803.4,-0.102846,-45.2263
803.45,-0.102861,-45.2315
803.5,-0.102862,-45.2366
803.55,-0.102861,-45.2418
803.6,-0.102878,-45.2469
803.65,-0.102877,-45.252
803.7,-0.102873,-45.2572
803.75,-0.102886,-45.2623
803.8,-0.102892,-45.2675
803.85,-0.102905,-45.2726
803.9,-0.102908,-45.2778
803.95,-0.102921,-45.2829
804.0,-0.102917,-45.2881
804.05,-0.102909,-45.2932
804.1,-0.10292,-45.2984
804.15,-0.102919,-45.3035
804.2,-0.102932,-45.3086
804.25,-0.102932,-45.3138
804.3,-0.102936,-45.3189
804.35,-0.102944,-45.3241
804.4,-0.102949,-45.3292
804.45,-0.102949,-45.3344
804.5,-0.102946,-45.3395
804.55,-0.102961,-45.3447
804.6,-0.102965,-45.3498
804.65,-0.102971,-45.355
804.7,-0.102972,-45.3601
804.75,-0.102996,-45.3653
804.8,-0.103002,-45.3704
804.85,-0.103005,-45.3756
804.9,-0.102992,-45.3807
804.95,-0.103007,-45.3859
805.0,-0.103008,-45.391
805.05,-0.103003,-45.3962
805.1,-0.103009,-45.4013
805.15,-0.103009,-45.4065
805.2,-0.103003,-45.4116
805.25,-0.103014,-45.4168
805.3,-0.103011,-45.4219
805.35,-0.103006,-45.4271
805.4,-0.10302,-45.4322
805.45,-0.103034,-45.4374
805.5,-0.103021,-45.4425
805.55,-0.103028,-45.4477
805.6,-0.103024,-45.4528
805.65,-0.103036,-45.458
805.7,-0.103042,-45.4631
805.75,-0.103045,-45.4683
805.8,-0.10305,-45.4734
805.85,-0.103044,-45.4786
805.9,-0.103053,-45.4837
805.95,-0.103065,-45.4889
806.0,-0.103066,-45.4941
806.05,-0.103066,-45.4992
806.1,-0.10306,-45.5044
806.15,-0.103064,-45.5095
806.2,-0.103059,-45.5147
806.25,-0.103067,-45.5198
806.3,-0.103082,-45.525
806.35,-0.103082,-45.5301
806.4,-0.103077,-45.5353
806.45,-0.103082,-45.5404
806.5,-0.103079,-45.5456
806.55,-0.10308,-45.5507
806.6,-0.103083,-45.5559
806.65,-0.103086,-45.5611
806.7,-0.103101,-45.5662
806.75,-0.103124,-45.5714
806.8,-0.10311,-45.5765
806.85,-0.103123,-45.5817
806.9,-0.103109,-45.5868
806.95,-0.103102,-45.592
807.0,-0.103101,-45.5971
807.05,-0.103103,-45.6023
807.1,-0.103108,-45.6075
807.15,-0.103114,-45.6126
807.2,-0.103113,-45.6178
807.25,-0.103113,-45.6229
807.3,-0.103127,-45.6281
807.35,-0.103122,-45.6332
807.4,-0.103119,-45.6384
807.45,-0.103135,-45.6435
807.5,-0.103135,-45.6487
807.55,-0.103136,-45.6539
807.6,-0.103138,-45.659
807.65,-0.103137,-45.6642
807.7,-0.103138,-45.6693
807.75,-0.103146,-45.6745
807.8,-0.103145,-45.6796
807.85,-0.103145,-45.6848
807.9,-0.10316,-45.69
807.95,-0.103176,-45.6951
808.0,-0.103183,-45.7003
808.05,-0.10319,-45.7054
808.1,-0.103193,-45.7106
808.15,-0.103192,-45.7158
808.2,-0.103192,-45.7209
808.25,-0.103187,-45.7261
808.3,-0.103201,-45.7312
808.35,-0.103205,-45.7364
808.4,-0.103216,-45.7416
808.45,-0.10322,-45.7467
808.5,-0.103221,-45.7519
808.55,-0.103213,-45.757
808.6,-0.103205,-45.7622
808.65,-0.10321,-45.7674
808.7,-0.103207,-45.7725
808.75,-0.103211,-45.7777
808.8,-0.103226,-45.7828
808.85,-0.103228,-45.788
808.9,-0.103232,-45.7932
808.95,-0.103232,-45.7983
809.0,-0.103242,-45.8035
809.05,-0.103246,-45.8087
809.1,-0.103244,-45.8138
809.15,-0.10326,-45.819
809.2,-0.103268,-45.8241
809.25,-0.103261,-45.8293
809.3,-0.103255,-45.8345
809.35,-0.103276,-45.8396
809.4,-0.103287,-45.8448
809.45,-0.103284,-45.85
809.5,-0.103292,-45.8551
809.55,-0.103286,-45.8603
809.6,-0.103277,-45.8654
809.65,-0.103281,-45.8706
809.7,-0.103283,-45.8758
809.75,-0.103299,-45.8809
809.8,-0.103307,-45.8861
809.85,-0.103297,-45.8913
809.9,-0.103307,-45.8964
809.95,-0.103309,-45.9016
810.0,-0.103302,-45.9068
810.05,-0.103305,-45.9119
810.1,-0.103305,-45.9171
810.15,-0.10332,-45.9223
810.2,-0.10332,-45.9274
810.25,-0.103317,-45.9326
810.3,-0.10331,-45.9378
810.35,-0.103325,-45.9429
810.4,-0.103335,-45.9481
810.45,-0.10333,-45.9533
810.5,-0.103337,-45.9584
810.55,-0.103328,-45.9636
810.6,-0.103334,-45.9688
810.65,-0.103341,-45.9739
810.7,-0.10334,-45.9791
810.75,-0.103339,-45.9843
810.8,-0.103332,-45.9894
810.85,-0.103345,-45.9946
810.9,-0.103351,-45.9998
810.95,-0.10336,-46.0049
811.0,-0.103343,-46.0101
811.05,-0.103359,-46.0153
811.1,-0.103356,-46.0204
811.15,-0.103349,-46.0256
811.2,-0.103359,-46.0308
811.25,-0.103366,-46.0359
811.3,-0.103364,-46.0411
811.35,-0.103359,-46.0463
811.4,-0.10337,-46.0514
811.45,-0.103372,-46.0566
811.5,-0.103384,-46.0618
811.55,-0.10338,-46.0669
811.6,-0.103387,-46.0721
811.65,-0.103407,-46.0773
811.7,-0.103415,-46.0825
811.75,-0.103411,-46.0876
811.8,-0.103422,-46.0928
811.85,-0.10344,-46.098
811.9,-0.103446,-46.1031
811.95,-0.103437,-46.1083
812.0,-0.103456,-46.1135
812.05,-0.103456,-46.1187
812.1,-0.103453,-46.1238
812.15,-0.103451,-46.129
812.2,-0.103466,-46.1342
812.25,-0.103476,-46.1394
812.3,-0.103475,-46.1445
812.35,-0.10348,-46.1497
812.4,-0.103479,-46.1549
812.45,-0.103482,-46.1601
812.5,-0.103497,-46.1652
812.55,-0.103502,-46.1704
812.6,-0.103516,-46.1756
812.65,-0.103503,-46.1808
812.7,-0.103504,-46.1859
812.75,-0.103506,-46.1911
812.8,-0.103502,-46.1963
812.85,-0.103509,-46.2015
812.9,-0.103519,-46.2066
812.95,-0.103537,-46.2118
813.0,-0.103542,-46.217
813.05,-0.103536,-46.2222
813.1,-0.10354,-46.2273
813.15,-0.103539,-46.2325
813.2,-0.103559,-46.2377
813.25,-0.103556,-46.2429
813.3,-0.103576,-46.2481
813.35,-0.103589,-46.2532
813.4,-0.10359,-46.2584
813.45,-0.103589,-46.2636
813.5,-0.103604,-46.2688
813.55,-0.103599,-46.2739
813.6,-0.103606,-46.2791
813.65,-0.103604,-46.2843
813.7,-0.103611,-46.2895
813.75,-0.10361,-46.2947
813.8,-0.10361,-46.2999
813.85,-0.103611,-46.305
813.9,-0.103627,-46.3102
813.95,-0.103623,-46.3154
814.0,-0.103629,-46.3206
814.05,-0.103642,-46.3258
814.1,-0.103665,-46.3309
814.15,-0.103658,-46.3361
814.2,-0.103662,-46.3413
814.25,-0.103669,-46.3465
814.3,-0.103693,-46.3517
814.35,-0.103691,-46.3569
814.4,-0.103686,-46.362
814.45,-0.103692,-46.3672
814.5,-0.103688,-46.3724
814.55,-0.1037,-46.3776
814.6,-0.103707,-46.3828
814.65,-0.103716,-46.388
814.7,-0.103725,-46.3932
814.75,-0.103727,-46.3983
814.8,-0.103719,-46.4035
814.85,-0.103732,-46.4087
814.9,-0.103735,-46.4139
814.95,-0.10375,-46.4191
815.0,-0.103758,-46.4243
815.05,-0.103762,-46.4295
815.1,-0.103783,-46.4347
815.15,-0.103788,-46.4398
815.2,-0.103797,-46.445
815.25,-0.103805,-46.4502
815.3,-0.103801,-46.4554
815.35,-0.103804,-46.4606
815.4,-0.103816,-46.4658
815.45,-0.103819,-46.471
815.5,-0.10383,-46.4762
815.55,-0.10384,-46.4814
815.6,-0.10384,-46.4866
815.65,-0.103845,-46.4918
815.7,-0.103855,-46.4969
815.75,-0.103868,-46.5021
815.8,-0.10387,-46.5073
815.85,-0.103877,-46.5125
815.9,-0.103873,-46.5177
815.95,-0.103877,-46.5229
816.0,-0.10389,-46.5281
816.05,-0.103893,-46.5333
816.1,-0.103901,-46.5385
816.15,-0.103891,-46.5437
816.2,-0.103903,-46.5489
816.25,-0.103899,-46.5541
816.3,-0.103903,-46.5593
816.35,-0.10392,-46.5645
816.4,-0.10392,-46.5697
816.45,-0.103918,-46.5749
816.5,-0.103946,-46.5801
816.55,-0.103954,-46.5853
816.6,-0.103955,-46.5905
816.65,-0.103972,-46.5957
816.7,-0.103984,-46.6009
816.75,-0.103972,-46.6061
816.8,-0.103979,-46.6113
816.85,-0.103986,-46.6165
816.9,-0.104007,-46.6217
816.95,-0.104018,-46.6269
817.0,-0.104027,-46.6321
817.05,-0.104022,-46.6373
817.1,-0.104013,-46.6425
817.15,-0.104031,-46.6477
817.2,-0.104034,-46.6529
817.25,-0.104041,-46.6581
817.3,-0.104034,-46.6633
817.35,-0.10405,-46.6685
817.4,-0.104063,-46.6737
817.45,-0.10407,-46.6789
817.5,-0.104073,-46.6841
817.55,-0.104079,-46.6893
817.6,-0.10408,-46.6945
817.65,-0.104087,-46.6997
817.7,-0.104081,-46.7049
817.75,-0.104077,-46.7101
817.8,-0.104087,-46.7153
817.85,-0.1041,-46.7205
817.9,-0.104093,-46.7257
817.95,-0.104099,-46.7309
818.0,-0.104113,-46.7361
818.05,-0.104127,-46.7413
818.1,-0.104154,-46.7465
818.15,-0.104159,-46.7517
818.2,-0.104164,-46.757
818.25,-0.104163,-46.7622
818.3,-0.104159,-46.7674
818.35,-0.104159,-46.7726
818.4,-0.104166,-46.7778
818.45,-0.104166,-46.783
818.5,-0.104175,-46.7882
818.55,-0.104173,-46.7934
818.6,-0.104165,-46.7986
818.65,-0.104181,-46.8038
818.7,-0.104182,-46.809
818.75,-0.104182,-46.8142
818.8,-0.104177,-46.8195
818.85,-0.104179,-46.8247
818.9,-0.104187,-46.8299
818.95,-0.104181,-46.8351
819.0,-0.104187,-46.8403
819.05,-0.104192,-46.8455
819.1,-0.104196,-46.8507
819.15,-0.104206,-46.8559
819.2,-0.104211,-46.8611
819.25,-0.104215,-46.8663
819.3,-0.10422,-46.8716
819.35,-0.104206,-46.8768
819.4,-0.104212,-46.882
819.45,-0.104212,-46.8872
819.5,-0.104221,-46.8924
819.55,-0.104218,-46.8976
819.6,-0.104221,-46.9028
819.65,-0.104221,-46.908
819.7,-0.10422,-46.9132
819.75,-0.104224,-46.9184
819.8,-0.104229,-46.9237
819.85,-0.104231,-46.9289
819.9,-0.10424,-46.9341
819.95,-0.10424,-46.9393
820.0,-0.104239,-46.9445
820.05,-0.104236,-46.9497
820.1,-0.104242,-46.9549
820.15,-0.104237,-46.9601
820.2,-0.104237,-46.9654
820.25,-0.104237,-46.9706
820.3,-0.104233,-46.9758
820.35,-0.104247,-46.981
820.4,-0.104244,-46.9862
820.45,-0.104241,-46.9914
820.5,-0.104249,-46.9966
820.55,-0.104258,-47.0018
820.6,-0.104258,-47.0071
820.65,-0.104263,-47.0123
820.7,-0.104261,-47.0175
820.75,-0.104255,-47.0227
820.8,-0.104272,-47.0279
820.85,-0.104276,-47.0331
820.9,-0.104276,-47.0383
820.95,-0.104288,-47.0435
821.0,-0.104317,-47.0488
821.05,-0.104316,-47.054
821.1,-0.104329,-47.0592
821.15,-0.104333,-47.0644
821.2,-0.104324,-47.0696
821.25,-0.10434,-47.0748
821.3,-0.104351,-47.0801
821.35,-0.104365,-47.0853
821.4,-0.104371,-47.0905
821.45,-0.104382,-47.0957
821.5,-0.10437,-47.1009
821.55,-0.104372,-47.1062
821.6,-0.10439,-47.1114
821.65,-0.104409,-47.1166
821.7,-0.104398,-47.1218
821.75,-0.104384,-47.127
821.8,-0.104389,-47.1323
821.85,-0.104402,-47.1375
821.9,-0.104404,-47.1427
821.95,-0.104411,-47.1479
822.0,-0.104406,-47.1531
822.05,-0.104419,-47.1584
822.1,-0.104424,-47.1636
822.15,-0.104427,-47.1688
822.2,-0.104413,-47.174
822.25,-0.104426,-47.1792
822.3,-0.104433,-47.1845
822.35,-0.104421,-47.1897
822.4,-0.104441,-47.1949
822.45,-0.104446,-47.2001
822.5,-0.104432,-47.2054
822.55,-0.104443,-47.2106
822.6,-0.104436,-47.2158
822.65,-0.104451,-47.221
822.7,-0.104455,-47.2262
822.75,-0.104454,-47.2315
822.8,-0.104463,-47.2367
822.85,-0.104473,-47.2419
822.9,-0.104461,-47.2471
822.95,-0.104456,-47.2524
823.0,-0.10447,-47.2576
823.05,-0.104497,-47.2628
823.1,-0.104489,-47.268
823.15,-0.104488,-47.2733
823.2,-0.104496,-47.2785
823.25,-0.104491,-47.2837
823.3,-0.104489,-47.2889
823.35,-0.10449,-47.2942
823.4,-0.104499,-47.2994
823.45,-0.104495,-47.3046
823.5,-0.104483,-47.3098
823.55,-0.104497,-47.3151
823.6,-0.104488,-47.3203
823.65,-0.10449,-47.3255
823.7,-0.104497,-47.3307
823.75,-0.104507,-47.3359
823.8,-0.104516,-47.3412
823.85,-0.104515,-47.3464
823.9,-0.104518,-47.3516
823.95,-0.104514,-47.3569
824.0,-0.104511,-47.3621
824.05,-0.104509,-47.3673
824.1,-0.104508,-47.3725
824.15,-0.104518,-47.3778
824.2,-0.104508,-47.383
824.25,-0.104516,-47.3882
824.3,-0.104503,-47.3934
824.35,-0.104506,-47.3987
824.4,-0.104527,-47.4039
824.45,-0.104536,-47.4091
824.5,-0.104537,-47.4143
824.55,-0.104544,-47.4196
824.6,-0.104535,-47.4248
824.65,-0.104541,-47.43
824.7,-0.104532,-47.4352
824.75,-0.104537,-47.4405
824.8,-0.104543,-47.4457
824.85,-0.104539,-47.4509
824.9,-0.104545,-47.4562
824.95,-0.104544,-47.4614
825.0,-0.104555,-47.4666
825.05,-0.104564,-47.4718
825.1,-0.104552,-47.4771
825.15,-0.104555,-47.4823
825.2,-0.104547,-47.4875
825.25,-0.104556,-47.4927
825.3,-0.104539,-47.498
825.35,-0.104538,-47.5032
825.4,-0.104546,-47.5084
825.45,-0.104555,-47.5137
825.5,-0.104547,-47.5189
825.55,-0.10454,-47.5241
825.6,-0.104559,-47.5293
825.65,-0.104554,-47.5346
825.7,-0.104551,-47.5398
825.75,-0.104574,-47.545
825.8,-0.104566,-47.5503
825.85,-0.104563,-47.5555
825.9,-0.104566,-47.5607
825.95,-0.104573,-47.5659
826.0,-0.104554,-47.5712
826.05,-0.104547,-47.5764
826.1,-0.104548,-47.5816
826.15,-0.104559,-47.5868
826.2,-0.104569,-47.5921
826.25,-0.104568,-47.5973
826.3,-0.104565,-47.6025
826.35,-0.104566,-47.6078
826.4,-0.104568,-47.613
826.45,-0.104559,-47.6182
826.5,-0.104569,-47.6234
826.55,-0.10458,-47.6287
826.6,-0.10458,-47.6339
826.65,-0.104593,-47.6391
826.7,-0.104581,-47.6444
826.75,-0.104579,-47.6496
826.8,-0.104592,-47.6548
826.85,-0.104591,-47.66
826.9,-0.104585,-47.6653
826.95,-0.104608,-47.6705
827.0,-0.104596,-47.6757
827.05,-0.104618,-47.681
827.1,-0.104618,-47.6862
827.15,-0.104641,-47.6914
827.2,-0.104633,-47.6967
827.25,-0.104621,-47.7019
827.3,-0.104635,-47.7071
827.35,-0.104639,-47.7124
827.4,-0.104647,-47.7176
827.45,-0.104653,-47.7228
827.5,-0.104656,-47.7281
827.55,-0.104668,-47.7333
827.6,-0.104666,-47.7385
827.65,-0.10467,-47.7438
827.7,-0.104671,-47.749
827.75,-0.104681,-47.7542
827.8,-0.104682,-47.7595
827.85,-0.10469,-47.7647
827.9,-0.104688,-47.7699
827.95,-0.104729,-47.7752
828.0,-0.104735,-47.7804
828.05,-0.104737,-47.7856
828.1,-0.104746,-47.7909
828.15,-0.104743,-47.7961
828.2,-0.104746,-47.8013
828.25,-0.104747,-47.8066
828.3,-0.104757,-47.8118
828.35,-0.104756,-47.8171
828.4,-0.104763,-47.8223
828.45,-0.104763,-47.8275
828.5,-0.104759,-47.8328
828.55,-0.104759,-47.838
828.6,-0.104772,-47.8433
828.65,-0.104776,-47.8485
828.7,-0.10478,-47.8537
828.75,-0.104795,-47.859
828.8,-0.104798,-47.8642
828.85,-0.104802,-47.8694
828.9,-0.1048,-47.8747
828.95,-0.104806,-47.8799
829.0,-0.104803,-47.8852
829.05,-0.10482,-47.8904
829.1,-0.104816,-47.8957
829.15,-0.104818,-47.9009
829.2,-0.104816,-47.9061
829.25,-0.104811,-47.9114
829.3,-0.104832,-47.9166
829.35,-0.10483,-47.9219
829.4,-0.104829,-47.9271
829.45,-0.104847,-47.9323
829.5,-0.104845,-47.9376
829.55,-0.104843,-47.9428
829.6,-0.104839,-47.9481
829.65,-0.104832,-47.9533
829.7,-0.104839,-47.9585
829.75,-0.104848,-47.9638
829.8,-0.104844,-47.969
829.85,-0.104855,-47.9743
829.9,-0.104855,-47.9795
829.95,-0.104856,-47.9848
830.0,-0.104865,-47.99
830.05,-0.104857,-47.9953
830.1,-0.104881,-48.0005
830.15,-0.104886,-48.0057
830.2,-0.104878,-48.011
830.25,-0.104875,-48.0162
830.3,-0.104879,-48.0215
830.35,-0.104889,-48.0267
830.4,-0.10489,-48.032
830.45,-0.104895,-48.0372
830.5,-0.104899,-48.0424
830.55,-0.104896,-48.0477
830.6,-0.104904,-48.0529
830.65,-0.104916,-48.0582
830.7,-0.104913,-48.0634
830.75,-0.104922,-48.0687
830.8,-0.104925,-48.0739
830.85,-0.104929,-48.0792
830.9,-0.104931,-48.0844
830.95,-0.104932,-48.0897
831.0,-0.104933,-48.0949
831.05,-0.104941,-48.1002
831.1,-0.104942,-48.1054
831.15,-0.104942,-48.1106
831.2,-0.10494,-48.1159
831.25,-0.10494,-48.1211
831.3,-0.104947,-48.1264
831.35,-0.104964,-48.1316
831.4,-0.104963,-48.1369
831.45,-0.104985,-48.1421
831.5,-0.104999,-48.1474
831.55,-0.105007,-48.1526
831.6,-0.105007,-48.1579
831.65,-0.105007,-48.1631
831.7,-0.105,-48.1684
831.75,-0.105006,-48.1736
831.8,-0.105007,-48.1789
831.85,-0.105013,-48.1841
831.9,-0.105021,-48.1894
831.95,-0.105014,-48.1946
832.0,-0.105027,-48.1999
832.05,-0.105039,-48.2051
832.1,-0.105048,-48.2104
832.15,-0.105052,-48.2156
832.2,-0.105042,-48.2209
832.25,-0.105056,-48.2262
832.3,-0.105063,-48.2314
832.35,-0.10507,-48.2367
832.4,-0.105095,-48.2419
832.45,-0.10509,-48.2472
832.5,-0.105109,-48.2524
832.55,-0.105114,-48.2577
832.6,-0.105115,-48.2629
832.65,-0.105132,-48.2682
832.7,-0.105134,-48.2734
832.75,-0.105148,-48.2787
832.8,-0.105156,-48.284
832.85,-0.105153,-48.2892
832.9,-0.105175,-48.2945
832.95,-0.105171,-48.2997
833.0,-0.105161,-48.305
833.05,-0.105159,-48.3103
833.1,-0.10517,-48.3155
833.15,-0.105179,-48.3208
833.2,-0.105198,-48.326
833.25,-0.105206,-48.3313
833.3,-0.10521,-48.3366
833.35,-0.105215,-48.3418
833.4,-0.105212,-48.3471
833.45,-0.105215,-48.3523
833.5,-0.105208,-48.3576
833.55,-0.105214,-48.3629
833.6,-0.105209,-48.3681
833.65,-0.105218,-48.3734
833.7,-0.105221,-48.3786
833.75,-0.105215,-48.3839
833.8,-0.105224,-48.3892
833.85,-0.105215,-48.3944
833.9,-0.105218,-48.3997
833.95,-0.105233,-48.4049
834.0,-0.105239,-48.4102
834.05,-0.105237,-48.4155
834.1,-0.105238,-48.4207
834.15,-0.105243,-48.426
834.2,-0.105242,-48.4313
834.25,-0.105244,-48.4365
834.3,-0.105248,-48.4418
834.35,-0.105241,-48.447
834.4,-0.105249,-48.4523
834.45,-0.105247,-48.4576
834.5,-0.105254,-48.4628
834.55,-0.105246,-48.4681
834.6,-0.105255,-48.4734
834.65,-0.105248,-48.4786
834.7,-0.105265,-48.4839
834.75,-0.105275,-48.4891
834.8,-0.105272,-48.4944
834.85,-0.105282,-48.4997
834.9,-0.105284,-48.5049
834.95,-0.105291,-48.5102
835.0,-0.105291,-48.5155
835.05,-0.105283,-48.5207
835.1,-0.105284,-48.526
835.15,-0.105281,-48.5313
835.2,-0.105284,-48.5365
835.25,-0.105292,-48.5418
835.3,-0.105295,-48.5471
835.35,-0.105315,-48.5523
835.4,-0.10533,-48.5576
835.45,-0.105326,-48.5629
835.5,-0.105326,-48.5681
835.55,-0.105326,-48.5734
835.6,-0.105329,-48.5786
835.65,-0.10534,-48.5839
835.7,-0.105331,-48.5892
835.75,-0.105342,-48.5944
835.8,-0.105338,-48.5997
835.85,-0.105342,-48.605
835.9,-0.105338,-48.6102
835.95,-0.105358,-48.6155
836.0,-0.10537,-48.6208
836.05,-0.105389,-48.6261
836.1,-0.105389,-48.6313
836.15,-0.105394,-48.6366
836.2,-0.105399,-48.6419
836.25,-0.105395,-48.6471
836.3,-0.105404,-48.6524
836.35,-0.105403,-48.6577
836.4,-0.105412,-48.6629
836.45,-0.105419,-48.6682
836.5,-0.105424,-48.6735
836.55,-0.105427,-48.6788
836.6,-0.105434,-48.684
836.65,-0.105437,-48.6893
836.7,-0.105433,-48.6946
836.75,-0.10544,-48.6998
836.8,-0.105442,-48.7051
836.85,-0.105421,-48.7104
836.9,-0.105442,-48.7157
836.95,-0.105457,-48.7209
837.0,-0.105453,-48.7262
837.05,-0.105456,-48.7315
837.1,-0.105466,-48.7368
837.15,-0.105468,-48.742
837.2,-0.105478,-48.7473
837.25,-0.105471,-48.7526
837.3,-0.10548,-48.7578
837.35,-0.105492,-48.7631
837.4,-0.105504,-48.7684
837.45,-0.10551,-48.7737
837.5,-0.105517,-48.7789
837.55,-0.105507,-48.7842
837.6,-0.105514,-48.7895
837.65,-0.105519,-48.7948
837.7,-0.105532,-48.8001
837.75,-0.105528,-48.8053
837.8,-0.105535,-48.8106
837.85,-0.105544,-48.8159
837.9,-0.105562,-48.8212
837.95,-0.105562,-48.8264
838.0,-0.105577,-48.8317
838.05,-0.105587,-48.837
838.1,-0.105598,-48.8423
838.15,-0.105603,-48.8476
838.2,-0.105618,-48.8528
838.25,-0.105633,-48.8581
838.3,-0.105628,-48.8634
838.35,-0.105642,-48.8687
838.4,-0.105644,-48.874
838.45,-0.105653,-48.8792
838.5,-0.10566,-48.8845
838.55,-0.105652,-48.8898
838.6,-0.105658,-48.8951
838.65,-0.105659,-48.9004
838.7,-0.105661,-48.9057
838.75,-0.105664,-48.9109
838.8,-0.105669,-48.9162
838.85,-0.105663,-48.9215
838.9,-0.105659,-48.9268
838.95,-0.105671,-48.9321
839.0,-0.105674,-48.9374
839.05,-0.105684,-48.9426
839.1,-0.105694,-48.9479
839.15,-0.105698,-48.9532
839.2,-0.105693,-48.9585
839.25,-0.105695,-48.9638
839.3,-0.105696,-48.9691
839.35,-0.105706,-48.9744
839.4,-0.105699,-48.9796
839.45,-0.105705,-48.9849
839.5,-0.105719,-48.9902
839.55,-0.105712,-48.9955
839.6,-0.105719,-49.0008
839.65,-0.105712,-49.0061
839.7,-0.105711,-49.0114
839.75,-0.105724,-49.0166
839.8,-0.105729,-49.0219
839.85,-0.105744,-49.0272
839.9,-0.105763,-49.0325
839.95,-0.105753,-49.0378
840.0,-0.105755,-49.0431
840.05,-0.105761,-49.0484
840.1,-0.105749,-49.0537
840.15,-0.105766,-49.0589
840.2,-0.105765,-49.0642
840.25,-0.10577,-49.0695
840.3,-0.105769,-49.0748
840.35,-0.105781,-49.0801
840.4,-0.105789,-49.0854
840.45,-0.105799,-49.0907
840.5,-0.105802,-49.096
840.55,-0.105818,-49.1013
840.6,-0.105803,-49.1065
840.65,-0.105808,-49.1118
840.7,-0.105817,-49.1171
840.75,-0.105828,-49.1224
840.8,-0.105831,-49.1277
840.85,-0.105854,-49.133
840.9,-0.105849,-49.1383
840.95,-0.105856,-49.1436
841.0,-0.105858,-49.1489
841.05,-0.105842,-49.1542
841.1,-0.105867,-49.1595
841.15,-0.105866,-49.1648
841.2,-0.105875,-49.1701
841.25,-0.105883,-49.1754
841.3,-0.105886,-49.1806
841.35,-0.105891,-49.1859
841.4,-0.105902,-49.1912
841.45,-0.105895,-49.1965
841.5,-0.105907,-49.2018
841.55,-0.105914,-49.2071
841.6,-0.10592,-49.2124
841.65,-0.105928,-49.2177
841.7,-0.105934,-49.223
841.75,-0.105944,-49.2283
841.8,-0.105945,-49.2336
841.85,-0.105957,-49.2389
841.9,-0.105962,-49.2442
841.95,-0.105973,-49.2495
842.0,-0.10599,-49.2548
842.05,-0.105998,-49.2601
842.1,-0.105996,-49.2654
842.15,-0.106023,-49.2707
842.2,-0.106029,-49.276
842.25,-0.106018,-49.2813
842.3,-0.106019,-49.2866
842.35,-0.106022,-49.2919
842.4,-0.106029,-49.2972
842.45,-0.106028,-49.3025
842.5,-0.10602,-49.3078
842.55,-0.106007,-49.3131
842.6,-0.106029,-49.3184
842.65,-0.106035,-49.3237
842.7,-0.106041,-49.329
842.75,-0.106042,-49.3343
842.8,-0.106045,-49.3396
842.85,-0.106045,-49.3449
842.9,-0.106046,-49.3502
842.95,-0.106057,-49.3555
843.0,-0.106083,-49.3608
843.05,-0.106081,-49.3661
843.1,-0.106078,-49.3714
843.15,-0.106076,-49.3767
843.2,-0.106064,-49.382
843.25,-0.106071,-49.3873
843.3,-0.106074,-49.3927
843.35,-0.106073,-49.398
843.4,-0.106066,-49.4033
843.45,-0.106078,-49.4086
843.5,-0.106082,-49.4139
843.55,-0.106087,-49.4192
843.6,-0.1061,-49.4245
843.65,-0.106099,-49.4298
843.7,-0.106099,-49.4351
843.75,-0.106102,-49.4404
843.8,-0.106099,-49.4457
843.85,-0.106104,-49.451
843.9,-0.106115,-49.4563
843.95,-0.106114,-49.4616
844.0,-0.106131,-49.4669
844.05,-0.106124,-49.4722
844.1,-0.106152,-49.4775
844.15,-0.106155,-49.4828
844.2,-0.106161,-49.4881
844.25,-0.106154,-49.4935
844.3,-0.106147,-49.4988
844.35,-0.10616,-49.5041
844.4,-0.106172,-49.5094
844.45,-0.106178,-49.5147
844.5,-0.106188,-49.52
844.55,-0.106199,-49.5253
844.6,-0.106188,-49.5306
844.65,-0.106191,-49.5359
844.7,-0.106194,-49.5412
844.75,-0.106206,-49.5465
844.8,-0.106199,-49.5519
844.85,-0.106199,-49.5572
844.9,-0.106194,-49.5625
844.95,-0.10621,-49.5678
845.0,-0.106206,-49.5731
845.05,-0.106197,-49.5784
845.1,-0.106211,-49.5837
845.15,-0.106221,-49.589
845.2,-0.106221,-49.5943
845.25,-0.106212,-49.5996
845.3,-0.106205,-49.605
845.35,-0.106208,-49.6103
845.4,-0.106212,-49.6156
845.45,-0.10622,-49.6209
845.5,-0.106223,-49.6262
845.55,-0.106232,-49.6315
845.6,-0.106229,-49.6368
845.65,-0.106228,-49.6421
845.7,-0.106229,-49.6474
845.75,-0.106223,-49.6528
845.8,-0.106218,-49.6581
845.85,-0.106232,-49.6634
845.9,-0.106241,-49.6687
845.95,-0.106228,-49.674
846.0,-0.10623,-49.6793
846.05,-0.106235,-49.6846
846.1,-0.106231,-49.6899
846.15,-0.106225,-49.6953
846.2,-0.106233,-49.7006
846.25,-0.106252,-49.7059
846.3,-0.10625,-49.7112
846.35,-0.106235,-49.7165
846.4,-0.106251,-49.7218
846.45,-0.106261,-49.7271
846.5,-0.10627,-49.7324
846.55,-0.106282,-49.7378
846.6,-0.106282,-49.7431
846.65,-0.106267,-49.7484
846.7,-0.106267,-49.7537
846.75,-0.106259,-49.759
846.8,-0.106266,-49.7643
846.85,-0.106272,-49.7696
846.9,-0.106277,-49.7749
846.95,-0.106275,-49.7803
847.0,-0.106269,-49.7856
847.05,-0.10628,-49.7909
847.1,-0.106291,-49.7962
847.15,-0.106296,-49.8015
847.2,-0.106287,-49.8068
847.25,-0.106292,-49.8121
847.3,-0.106295,-49.8175
847.35,-0.106288,-49.8228
847.4,-0.106285,-49.8281
847.45,-0.106294,-49.8334
847.5,-0.106288,-49.8387
847.55,-0.106281,-49.844
847.6,-0.106274,-49.8493
847.65,-0.106268,-49.8547
847.7,-0.106276,-49.86
847.75,-0.10628,-49.8653
847.8,-0.106271,-49.8706
847.85,-0.106283,-49.8759
847.9,-0.106285,-49.8812
847.95,-0.106281,-49.8865
848.0,-0.106285,-49.8919
848.05,-0.106285,-49.8972
848.1,-0.106287,-49.9025
848.15,-0.106344,-49.9078
848.2,-0.106395,-49.9131
848.25,-0.106421,-49.9184
848.3,-0.106409,-49.9238
848.35,-0.106408,-49.9291
848.4,-0.106417,-49.9344
848.45,-0.106412,-49.9397
848.5,-0.106427,-49.945
848.55,-0.10642,-49.9504
848.6,-0.106419,-49.9557
848.65,-0.106417,-49.961
848.7,-0.106426,-49.9663
848.75,-0.106428,-49.9717
848.8,-0.106426,-49.977
848.85,-0.106421,-49.9823
848.9,-0.106438,-49.9876
848.95,-0.106458,-49.9929
849.0,-0.106473,-49.9983
849.05,-0.10647,-50.0036
849.1,-0.106456,-50.0089
849.15,-0.106463,-50.0142
849.2,-0.106475,-50.0196
849.25,-0.106473,-50.0249
849.3,-0.106467,-50.0302
849.35,-0.106485,-50.0355
849.4,-0.106499,-50.0409
849.45,-0.106495,-50.0462
849.5,-0.106503,-50.0515
849.55,-0.106515,-50.0568
849.6,-0.10652,-50.0622
849.65,-0.106518,-50.0675
849.7,-0.106533,-50.0728
849.75,-0.106536,-50.0781
849.8,-0.106546,-50.0835
849.85,-0.10655,-50.0888
849.9,-0.106556,-50.0941
849.95,-0.106575,-50.0994
850.0,-0.106572,-50.1048
850.05,-0.106568,-50.1101
850.1,-0.10656,-50.1154
850.15,-0.106575,-50.1208
850.2,-0.106577,-50.1261
850.25,-0.106584,-50.1314
850.3,-0.106592,-50.1367
850.35,-0.106613,-50.1421
850.4,-0.106625,-50.1474
850.45,-0.106625,-50.1527
850.5,-0.106635,-50.1581
850.55,-0.106645,-50.1634
850.6,-0.106646,-50.1687
850.65,-0.106661,-50.1741
850.7,-0.10667,-50.1794
850.75,-0.106681,-50.1847
850.8,-0.106687,-50.1901
850.85,-0.106691,-50.1954
850.9,-0.106699,-50.2007
850.95,-0.106702,-50.2061
851.0,-0.106711,-50.2114
851.05,-0.10673,-50.2167
851.1,-0.106739,-50.2221
851.15,-0.106741,-50.2274
851.2,-0.106749,-50.2328
851.25,-0.106782,-50.2381
851.3,-0.106788,-50.2434
851.35,-0.106798,-50.2488
851.4,-0.106801,-50.2541
851.45,-0.106814,-50.2595
851.5,-0.106821,-50.2648
851.55,-0.106822,-50.2701
851.6,-0.106826,-50.2755
851.65,-0.106836,-50.2808
851.7,-0.106829,-50.2862
851.75,-0.106849,-50.2915
851.8,-0.106863,-50.2969
851.85,-0.106879,-50.3022
851.9,-0.106881,-50.3075
851.95,-0.106893,-50.3129
852.0,-0.106898,-50.3182
852.05,-0.106908,-50.3236
852.1,-0.10692,-50.3289
852.15,-0.106927,-50.3343
852.2,-0.106939,-50.3396
852.25,-0.106958,-50.345
852.3,-0.106961,-50.3503
852.35,-0.106968,-50.3557
852.4,-0.106976,-50.361
852.45,-0.106983,-50.3664
852.5,-0.106994,-50.3717
852.55,-0.107017,-50.3771
852.6,-0.107015,-50.3824
852.65,-0.107028,-50.3878
852.7,-0.107048,-50.3931
852.75,-0.107074,-50.3985
852.8,-0.10709,-50.4038
852.85,-0.107088,-50.4092
852.9,-0.107091,-50.4145
852.95,-0.107095,-50.4199
853.0,-0.107114,-50.4252
853.05,-0.107119,-50.4306
853.1,-0.107145,-50.436
853.15,-0.107157,-50.4413
853.2,-0.10716,-50.4467
853.25,-0.107172,-50.452
853.3,-0.107168,-50.4574
853.35,-0.107182,-50.4627
853.4,-0.107201,-50.4681
853.45,-0.107217,-50.4735
853.5,-0.107239,-50.4788
853.55,-0.107242,-50.4842
853.6,-0.10724,-50.4896
853.65,-0.107236,-50.4949
853.7,-0.107248,-50.5003
853.75,-0.107244,-50.5056
853.8,-0.107259,-50.511
853.85,-0.107266,-50.5164
853.9,-0.107285,-50.5217
853.95,-0.107294,-50.5271
854.0,-0.107298,-50.5325
854.05,-0.107307,-50.5378
854.1,-0.107315,-50.5432
854.15,-0.107333,-50.5486
854.2,-0.10733,-50.5539
854.25,-0.107326,-50.5593
854.3,-0.107338,-50.5647
854.35,-0.107339,-50.57
854.4,-0.107344,-50.5754
854.45,-0.107363,-50.5808
854.5,-0.107363,-50.5861
854.55,-0.107386,-50.5915
854.6,-0.107385,-50.5969
854.65,-0.107385,-50.6022
854.7,-0.10739,-50.6076
854.75,-0.107386,-50.613
854.8,-0.107399,-50.6183
854.85,-0.107404,-50.6237
854.9,-0.107415,-50.6291
854.95,-0.107424,-50.6345
855.0,-0.107428,-50.6398
855.05,-0.107425,-50.6452
855.1,-0.107436,-50.6506
855.15,-0.107433,-50.6559
855.2,-0.107439,-50.6613
855.25,-0.107457,-50.6667
855.3,-0.107466,-50.6721
855.35,-0.107469,-50.6774
855.4,-0.107462,-50.6828
855.45,-0.107474,-50.6882
855.5,-0.107475,-50.6936
855.55,-0.107481,-50.6989
855.6,-0.107494,-50.7043
855.65,-0.107506,-50.7097
855.7,-0.107513,-50.7151
855.75,-0.107501,-50.7204
855.8,-0.107516,-50.7258
855.85,-0.107507,-50.7312
855.9,-0.10751,-50.7366
855.95,-0.107527,-50.7419
856.0,-0.107538,-50.7473
856.05,-0.10754,-50.7527
856.1,-0.107533,-50.7581
856.15,-0.107532,-50.7634
856.2,-0.107543,-50.7688
856.25,-0.107549,-50.7742
856.3,-0.107568,-50.7796
856.35,-0.107576,-50.785
856.4,-0.107581,-50.7903
856.45,-0.107582,-50.7957
856.5,-0.107583,-50.8011
856.55,-0.107583,-50.8065
856.6,-0.107596,-50.8118
856.65,-0.107605,-50.8172
856.7,-0.107611,-50.8226
856.75,-0.10762,-50.828
856.8,-0.107611,-50.8334
856.85,-0.10761,-50.8387
856.9,-0.107619,-50.8441
856.95,-0.107627,-50.8495
857.0,-0.107628,-50.8549
857.05,-0.107633,-50.8603
857.1,-0.107634,-50.8657
857.15,-0.107633,-50.871
857.2,-0.10765,-50.8764
857.25,-0.107651,-50.8818
857.3,-0.107659,-50.8872
857.35,-0.107665,-50.8926
857.4,-0.107661,-50.8979
857.45,-0.107662,-50.9033
857.5,-0.107668,-50.9087
857.55,-0.107677,-50.9141
857.6,-0.107675,-50.9195
857.65,-0.107689,-50.9249
857.7,-0.107692,-50.9303
857.75,-0.1077,-50.9356
857.8,-0.107698,-50.941
857.85,-0.107694,-50.9464
857.9,-0.107702,-50.9518
857.95,-0.107712,-50.9572
858.0,-0.107715,-50.9626
858.05,-0.107717,-50.968
858.1,-0.107725,-50.9733
858.15,-0.107729,-50.9787
858.2,-0.107733,-50.9841
858.25,-0.107722,-50.9895
858.3,-0.107737,-50.9949
858.35,-0.107749,-51.0003
858.4,-0.107744,-51.0057
858.45,-0.107748,-51.011
858.5,-0.107754,-51.0164
858.55,-0.107741,-51.0218
858.6,-0.107743,-51.0272
858.65,-0.107749,-51.0326
858.7,-0.107753,-51.038
858.75,-0.107757,-51.0434
858.8,-0.107759,-51.0488
858.85,-0.107755,-51.0541
858.9,-0.107761,-51.0595
858.95,-0.107767,-51.0649
859.0,-0.10777,-51.0703
859.05,-0.107766,-51.0757
859.1,-0.107782,-51.0811
859.15,-0.107791,-51.0865
859.2,-0.107792,-51.0919
859.25,-0.107787,-51.0973
859.3,-0.107796,-51.1026
859.35,-0.107794,-51.108
859.4,-0.107799,-51.1134
859.45,-0.107807,-51.1188
859.5,-0.107809,-51.1242
859.55,-0.107803,-51.1296
859.6,-0.107805,-51.135
859.65,-0.107808,-51.1404
859.7,-0.107815,-51.1458
859.75,-0.107816,-51.1512
859.8,-0.107816,-51.1566
859.85,-0.107823,-51.1619
859.9,-0.107831,-51.1673
859.95,-0.107822,-51.1727
860.0,-0.10783,-51.1781
860.05,-0.107833,-51.1835
860.1,-0.107827,-51.1889
860.15,-0.107828,-51.1943
860.2,-0.107845,-51.1997
860.25,-0.107841,-51.2051
860.3,-0.107851,-51.2105
860.35,-0.107842,-51.2159
860.4,-0.107858,-51.2213
860.45,-0.107866,-51.2266
860.5,-0.107874,-51.232
860.55,-0.107881,-51.2374
860.6,-0.107883,-51.2428
860.65,-0.1079,-51.2482
860.7,-0.107906,-51.2536
860.75,-0.107911,-51.259
860.8,-0.10793,-51.2644
860.85,-0.107936,-51.2698
860.9,-0.107944,-51.2752
860.95,-0.10795,-51.2806
861.0,-0.107946,-51.286
861.05,-0.107952,-51.2914
861.1,-0.107962,-51.2968
861.15,-0.107956,-51.3022
861.2,-0.107963,-51.3076
861.25,-0.107983,-51.313
861.3,-0.107986,-51.3184
861.35,-0.107973,-51.3238
861.4,-0.107978,-51.3292
861.45,-0.107985,-51.3346
861.5,-0.107994,-51.34
861.55,-0.107996,-51.3454
861.6,-0.107991,-51.3508
861.65,-0.107999,-51.3562
861.7,-0.107999,-51.3616
861.75,-0.108004,-51.367
861.8,-0.108021,-51.3724
861.85,-0.108053,-51.3778
861.9,-0.108054,-51.3832
861.95,-0.108064,-51.3886
862.0,-0.108062,-51.394
862.05,-0.108049,-51.3994
862.1,-0.10806,-51.4048
862.15,-0.108052,-51.4102
862.2,-0.108058,-51.4156
862.25,-0.108061,-51.421
862.3,-0.108071,-51.4264
862.35,-0.108073,-51.4318
862.4,-0.108085,-51.4372
862.45,-0.10808,-51.4426
862.5,-0.108084,-51.448
862.55,-0.10808,-51.4534
862.6,-0.108077,-51.4588
862.65,-0.108086,-51.4642
862.7,-0.108087,-51.4696
862.75,-0.108085,-51.4751
862.8,-0.108089,-51.4805
862.85,-0.108088,-51.4859
862.9,-0.108098,-51.4913
862.95,-0.1081,-51.4967
863.0,-0.108115,-51.5021
863.05,-0.108126,-51.5075
863.1,-0.108136,-51.5129
863.15,-0.108136,-51.5183
863.2,-0.108139,-51.5237
863.25,-0.108132,-51.5291
863.3,-0.108131,-51.5345
863.35,-0.108136,-51.5399
863.4,-0.108136,-51.5453
863.45,-0.108138,-51.5507
863.5,-0.108147,-51.5561
863.55,-0.108151,-51.5616
863.6,-0.108167,-51.567
863.65,-0.108176,-51.5724
863.7,-0.108162,-51.5778
863.75,-0.108168,-51.5832
863.8,-0.108177,-51.5886
863.85,-0.108177,-51.594
863.9,-0.108185,-51.5994
863.95,-0.108201,-51.6048
864.0,-0.108188,-51.6102
864.05,-0.108195,-51.6156
864.1,-0.108207,-51.6211
864.15,-0.108205,-51.6265
864.2,-0.108215,-51.6319
864.25,-0.10821,-51.6373
864.3,-0.108224,-51.6427
864.35,-0.108236,-51.6481
864.4,-0.108251,-51.6535
864.45,-0.10824,-51.6589
864.5,-0.108237,-51.6643
864.55,-0.108251,-51.6698
864.6,-0.10825,-51.6752
864.65,-0.108251,-51.6806
864.7,-0.108268,-51.686
864.75,-0.108257,-51.6914
864.8,-0.108278,-51.6968
864.85,-0.108269,-51.7022
864.9,-0.108278,-51.7076
864.95,-0.108285,-51.7131
865.0,-0.108287,-51.7185
865.05,-0.108287,-51.7239
865.1,-0.108297,-51.7293
865.15,-0.108299,-51.7347
865.2,-0.108306,-51.7401
865.25,-0.108311,-51.7456
865.3,-0.10831,-51.751
865.35,-0.108329,-51.7564
865.4,-0.108333,-51.7618
865.45,-0.108338,-51.7672
865.5,-0.108329,-51.7726
865.55,-0.108344,-51.778
865.6,-0.108341,-51.7835
865.65,-0.108342,-51.7889
865.7,-0.108342,-51.7943
865.75,-0.108357,-51.7997
865.8,-0.10836,-51.8051
865.85,-0.108359,-51.8106
865.9,-0.108363,-51.816
865.95,-0.108368,-51.8214
866.0,-0.108411,-51.8268
866.05,-0.108426,-51.8322
866.1,-0.108424,-51.8377
866.15,-0.108422,-51.8431
866.2,-0.108418,-51.8485
866.25,-0.108421,-51.8539
866.3,-0.10843,-51.8593
866.35,-0.108437,-51.8648
866.4,-0.108449,-51.8702
866.45,-0.108454,-51.8756
866.5,-0.108444,-51.881
866.55,-0.108454,-51.8865
866.6,-0.108442,-51.8919
866.65,-0.108453,-51.8973
866.7,-0.108463,-51.9027
866.75,-0.108469,-51.9081
866.8,-0.108474,-51.9136
866.85,-0.108456,-51.919
866.9,-0.108463,-51.9244
866.95,-0.108453,-51.9298
867.0,-0.108455,-51.9353
867.05,-0.108464,-51.9407
867.1,-0.108461,-51.9461
867.15,-0.108458,-51.9515
867.2,-0.10846,-51.957
867.25,-0.108453,-51.9624
867.3,-0.108462,-51.9678
867.35,-0.108461,-51.9732
867.4,-0.108462,-51.9786
867.45,-0.108457,-51.9841
867.5,-0.108458,-51.9895
867.55,-0.108449,-51.9949
867.6,-0.108437,-52.0003
867.65,-0.108439,-52.0058
867.7,-0.108436,-52.0112
867.75,-0.108429,-52.0166
867.8,-0.108444,-52.022
867.85,-0.108433,-52.0274
867.9,-0.108439,-52.0329
867.95,-0.108446,-52.0383
868.0,-0.108453,-52.0437
868.05,-0.108444,-52.0491
868.1,-0.108445,-52.0546
868.15,-0.108442,-52.06
868.2,-0.108447,-52.0654
868.25,-0.108438,-52.0708
868.3,-0.108431,-52.0762
868.35,-0.108432,-52.0817
868.4,-0.108432,-52.0871
868.45,-0.108433,-52.0925
868.5,-0.108429,-52.0979
868.55,-0.108431,-52.1033
868.6,-0.10843,-52.1088
868.65,-0.108427,-52.1142
868.7,-0.108428,-52.1196
868.75,-0.108432,-52.125
868.8,-0.108452,-52.1305
868.85,-0.108467,-52.1359
868.9,-0.108474,-52.1413
868.95,-0.108468,-52.1467
869.0,-0.108475,-52.1521
869.05,-0.10848,-52.1576
869.1,-0.10848,-52.163
869.15,-0.108471,-52.1684
869.2,-0.108493,-52.1738
869.25,-0.108479,-52.1793
869.3,-0.108489,-52.1847
869.35,-0.108497,-52.1901
869.4,-0.108489,-52.1955
869.45,-0.108489,-52.201
869.5,-0.108489,-52.2064
869.55,-0.108503,-52.2118
869.6,-0.108515,-52.2172
869.65,-0.108522,-52.2227
869.7,-0.10852,-52.2281
869.75,-0.108515,-52.2335
869.8,-0.108528,-52.2389
869.85,-0.108523,-52.2444
869.9,-0.108536,-52.2498
869.95,-0.108533,-52.2552
870.0,-0.108538,-52.2607
870.05,-0.108529,-52.2661
870.1,-0.108531,-52.2715
870.15,-0.108536,-52.2769
870.2,-0.108537,-52.2824
870.25,-0.108548,-52.2878
870.3,-0.108537,-52.2932
870.35,-0.108541,-52.2986
870.4,-0.108542,-52.3041
870.45,-0.108549,-52.3095
870.5,-0.108554,-52.3149
870.55,-0.108571,-52.3204
870.6,-0.108573,-52.3258
870.65,-0.108571,-52.3312
870.7,-0.108585,-52.3366
870.75,-0.108575,-52.3421
870.8,-0.10858,-52.3475
870.85,-0.108586,-52.3529
870.9,-0.108577,-52.3584
870.95,-0.108593,-52.3638
871.0,-0.10859,-52.3692
871.05,-0.108597,-52.3746
871.1,-0.108602,-52.3801
871.15,-0.108605,-52.3855
871.2,-0.108614,-52.3909
871.25,-0.108611,-52.3964
871.3,-0.108624,-52.4018
871.35,-0.108622,-52.4072
871.4,-0.108626,-52.4127
871.45,-0.108612,-52.4181
871.5,-0.108628,-52.4235
871.55,-0.108631,-52.429
871.6,-0.108623,-52.4344
871.65,-0.108631,-52.4398
871.7,-0.108629,-52.4452
871.75,-0.108645,-52.4507
871.8,-0.108648,-52.4561
871.85,-0.108646,-52.4615
871.9,-0.108641,-52.467
871.95,-0.108642,-52.4724
872.0,-0.108643,-52.4778
872.05,-0.108655,-52.4833
872.1,-0.108656,-52.4887
872.15,-0.108657,-52.4941
872.2,-0.108662,-52.4996
872.25,-0.108664,-52.505
872.3,-0.108664,-52.5104
872.35,-0.108681,-52.5159
872.4,-0.108697,-52.5213
872.45,-0.108698,-52.5267
872.5,-0.108692,-52.5322
872.55,-0.10871,-52.5376
872.6,-0.10872,-52.543
872.65,-0.108726,-52.5485
872.7,-0.108745,-52.5539
872.75,-0.108745,-52.5594
872.8,-0.108735,-52.5648
872.85,-0.108737,-52.5702
872.9,-0.108748,-52.5757
872.95,-0.108753,-52.5811
873.0,-0.108756,-52.5865
873.05,-0.108768,-52.592
873.1,-0.108762,-52.5974
873.15,-0.108761,-52.6029
873.2,-0.108761,-52.6083
873.25,-0.10878,-52.6137
873.3,-0.108788,-52.6192
873.35,-0.108795,-52.6246
873.4,-0.108797,-52.6301
873.45,-0.108804,-52.6355
873.5,-0.108814,-52.6409
873.55,-0.108828,-52.6464
873.6,-0.108812,-52.6518
873.65,-0.108824,-52.6573
873.7,-0.108831,-52.6627
873.75,-0.108851,-52.6681
873.8,-0.108862,-52.6736
873.85,-0.108856,-52.679
873.9,-0.10885,-52.6845
873.95,-0.108855,-52.6899
874.0,-0.108857,-52.6954
874.05,-0.108874,-52.7008
874.1,-0.108881,-52.7062
874.15,-0.108882,-52.7117
874.2,-0.108897,-52.7171
874.25,-0.108909,-52.7226
874.3,-0.108896,-52.728
874.35,-0.108898,-52.7335
874.4,-0.108915,-52.7389
874.45,-0.108922,-52.7444
874.5,-0.108912,-52.7498
874.55,-0.108934,-52.7553
874.6,-0.108935,-52.7607
874.65,-0.108943,-52.7661
874.7,-0.108952,-52.7716
874.75,-0.108962,-52.777
874.8,-0.108978,-52.7825
874.85,-0.108982,-52.7879
874.9,-0.108977,-52.7934
874.95,-0.10898,-52.7988
875.0,-0.108996,-52.8043
875.05,-0.108994,-52.8097
875.1,-0.109008,-52.8152
875.15,-0.109018,-52.8206
875.2,-0.10902,-52.8261
875.25,-0.109029,-52.8315
875.3,-0.109034,-52.837
875.35,-0.109046,-52.8424
875.4,-0.109039,-52.8479
875.45,-0.109053,-52.8534
875.5,-0.109071,-52.8588
875.55,-0.109077,-52.8643
875.6,-0.10908,-52.8697
875.65,-0.109099,-52.8752
875.7,-0.109088,-52.8806
875.75,-0.109097,-52.8861
875.8,-0.109101,-52.8915
875.85,-0.109116,-52.897
875.9,-0.10912,-52.9024
875.95,-0.10911,-52.9079
876.0,-0.109108,-52.9134
876.05,-0.10911,-52.9188
876.1,-0.109119,-52.9243
876.15,-0.109123,-52.9297
876.2,-0.109132,-52.9352
876.25,-0.109144,-52.9406
876.3,-0.109146,-52.9461
876.35,-0.109143,-52.9515
876.4,-0.109143,-52.957
876.45,-0.109155,-52.9625
876.5,-0.109171,-52.9679
876.55,-0.109174,-52.9734
876.6,-0.109184,-52.9788
876.65,-0.109184,-52.9843
876.7,-0.109192,-52.9898
876.75,-0.109199,-52.9952
876.8,-0.109214,-53.0007
876.85,-0.109218,-53.0061
876.9,-0.109226,-53.0116
876.95,-0.109226,-53.0171
877.0,-0.109237,-53.0225
877.05,-0.109223,-53.028
877.1,-0.109242,-53.0335
877.15,-0.109245,-53.0389
877.2,-0.109252,-53.0444
877.25,-0.109251,-53.0498
877.3,-0.109265,-53.0553
877.35,-0.109267,-53.0608
877.4,-0.109259,-53.0662
877.45,-0.109262,-53.0717
877.5,-0.109275,-53.0772
877.55,-0.10928,-53.0826
877.6,-0.109291,-53.0881
877.65,-0.109302,-53.0935
877.7,-0.1093,-53.099
877.75,-0.109306,-53.1045
877.8,-0.109301,-53.1099
877.85,-0.109305,-53.1154
877.9,-0.109289,-53.1209
877.95,-0.109311,-53.1263
878.0,-0.109316,-53.1318
878.05,-0.109298,-53.1373
878.1,-0.109294,-53.1427
878.15,-0.109299,-53.1482
878.2,-0.109311,-53.1537
878.25,-0.109326,-53.1591
878.3,-0.109333,-53.1646
878.35,-0.109339,-53.1701
878.4,-0.109335,-53.1755
878.45,-0.109338,-53.181
878.5,-0.109342,-53.1865
878.55,-0.109335,-53.1919
878.6,-0.109332,-53.1974
878.65,-0.109349,-53.2029
878.7,-0.109345,-53.2083
878.75,-0.109363,-53.2138
878.8,-0.109359,-53.2193
878.85,-0.109354,-53.2247
878.9,-0.109363,-53.2302
878.95,-0.10936,-53.2357
879.0,-0.109371,-53.2411
879.05,-0.109367,-53.2466
879.1,-0.10937,-53.2521
879.15,-0.109368,-53.2575
879.2,-0.109375,-53.263
879.25,-0.109379,-53.2685
879.3,-0.10938,-53.274
879.35,-0.10939,-53.2794
879.4,-0.109395,-53.2849
879.45,-0.109388,-53.2904
879.5,-0.109392,-53.2958
879.55,-0.109397,-53.3013
879.6,-0.109388,-53.3068
879.65,-0.109392,-53.3122
879.7,-0.109395,-53.3177
879.75,-0.109383,-53.3232
879.8,-0.109394,-53.3286
879.85,-0.109386,-53.3341
879.9,-0.109374,-53.3396
879.95,-0.109378,-53.3451
880.0,-0.109375,-53.3505
880.05,-0.109392,-53.356
880.1,-0.109391,-53.3615
880.15,-0.109396,-53.3669
880.2,-0.109391,-53.3724
880.25,-0.109392,-53.3779
880.3,-0.109392,-53.3833
880.35,-0.109403,-53.3888
880.4,-0.109408,-53.3943
880.45,-0.109414,-53.3998
880.5,-0.109422,-53.4052
880.55,-0.109423,-53.4107
880.6,-0.109436,-53.4162
880.65,-0.109433,-53.4216
880.7,-0.109433,-53.4271
880.75,-0.10945,-53.4326
880.8,-0.109453,-53.4381
880.85,-0.109435,-53.4435
880.9,-0.109448,-53.449
880.95,-0.109453,-53.4545
881.0,-0.109454,-53.4599
881.05,-0.109462,-53.4654
881.1,-0.109467,-53.4709
881.15,-0.109469,-53.4764
881.2,-0.109475,-53.4818
881.25,-0.109482,-53.4873
881.3,-0.109482,-53.4928
881.35,-0.109489,-53.4983
881.4,-0.109494,-53.5037
881.45,-0.10948,-53.5092
881.5,-0.109479,-53.5147
881.55,-0.109481,-53.5202
881.6,-0.109483,-53.5256
881.65,-0.109482,-53.5311
881.7,-0.109493,-53.5366
881.75,-0.109501,-53.5421
881.8,-0.109495,-53.5475
881.85,-0.109497,-53.553
881.9,-0.109497,-53.5585
881.95,-0.109502,-53.564
882.0,-0.10952,-53.5694
882.05,-0.109517,-53.5749
882.1,-0.109523,-53.5804
882.15,-0.10953,-53.5859
882.2,-0.109533,-53.5913
882.25,-0.10955,-53.5968
882.3,-0.109549,-53.6023
882.35,-0.109546,-53.6078
882.4,-0.109544,-53.6132
882.45,-0.109543,-53.6187
882.5,-0.109543,-53.6242
882.55,-0.109534,-53.6297
882.6,-0.109542,-53.6352
882.65,-0.109542,-53.6406
882.7,-0.10954,-53.6461
882.75,-0.109542,-53.6516
882.8,-0.109545,-53.6571
882.85,-0.10955,-53.6625
882.9,-0.109544,-53.668
882.95,-0.109551,-53.6735
883.0,-0.109546,-53.679
883.05,-0.109552,-53.6845
883.1,-0.109553,-53.6899
883.15,-0.109581,-53.6954
883.2,-0.109604,-53.7009
883.25,-0.109609,-53.7064
883.3,-0.109603,-53.7118
883.35,-0.109592,-53.7173
883.4,-0.109591,-53.7228
883.45,-0.109588,-53.7283
883.5,-0.109585,-53.7338
883.55,-0.10959,-53.7392
883.6,-0.10959,-53.7447
883.65,-0.109596,-53.7502
883.7,-0.1096,-53.7557
883.75,-0.109605,-53.7612
883.8,-0.109604,-53.7666
883.85,-0.109606,-53.7721
883.9,-0.109605,-53.7776
883.95,-0.109603,-53.7831
884.0,-0.109609,-53.7886
884.05,-0.1096,-53.794
884.1,-0.109615,-53.7995
884.15,-0.10962,-53.805
884.2,-0.109617,-53.8105
884.25,-0.109621,-53.816
884.3,-0.109615,-53.8214
884.35,-0.109621,-53.8269
884.4,-0.109632,-53.8324
884.45,-0.109636,-53.8379
884.5,-0.109629,-53.8434
884.55,-0.109629,-53.8489
884.6,-0.109651,-53.8543
884.65,-0.10966,-53.8598
884.7,-0.109665,-53.8653
884.75,-0.109658,-53.8708
884.8,-0.109664,-53.8763
884.85,-0.109661,-53.8818
884.9,-0.109667,-53.8872
884.95,-0.109685,-53.8927
885.0,-0.109693,-53.8982
885.05,-0.109697,-53.9037
885.1,-0.109688,-53.9092
885.15,-0.109694,-53.9147
885.2,-0.109678,-53.9201
885.25,-0.109702,-53.9256
885.3,-0.109707,-53.9311
885.35,-0.109722,-53.9366
885.4,-0.10973,-53.9421
885.45,-0.10973,-53.9476
885.5,-0.10973,-53.9531
885.55,-0.109747,-53.9585
885.6,-0.109747,-53.964
885.65,-0.10975,-53.9695
885.7,-0.10976,-53.975
885.75,-0.109759,-53.9805
885.8,-0.109771,-53.986
885.85,-0.109772,-53.9915
885.9,-0.109767,-53.997
885.95,-0.109783,-54.0025
886.0,-0.109785,-54.0079
886.05,-0.109795,-54.0134
886.1,-0.109811,-54.0189
886.15,-0.109804,-54.0244
886.2,-0.109824,-54.0299
886.25,-0.109821,-54.0354
886.3,-0.109822,-54.0409
886.35,-0.109827,-54.0464
886.4,-0.109837,-54.0519
886.45,-0.109846,-54.0574
886.5,-0.10983,-54.0629
886.55,-0.109833,-54.0683
886.6,-0.10985,-54.0738
886.65,-0.109857,-54.0793
886.7,-0.109876,-54.0848
886.75,-0.109873,-54.0903
886.8,-0.109871,-54.0958
886.85,-0.109872,-54.1013
886.9,-0.109876,-54.1068
886.95,-0.109882,-54.1123
887.0,-0.109899,-54.1178
887.05,-0.109911,-54.1233
887.1,-0.109921,-54.1288
887.15,-0.109931,-54.1343
887.2,-0.109926,-54.1398
887.25,-0.109945,-54.1453
887.3,-0.109959,-54.1508
887.35,-0.109967,-54.1563
887.4,-0.109969,-54.1618
887.45,-0.109972,-54.1673
887.5,-0.109979,-54.1728
887.55,-0.109972,-54.1783
887.6,-0.109992,-54.1838
887.65,-0.109988,-54.1893
887.7,-0.10999,-54.1948
887.75,-0.109986,-54.2003
887.8,-0.110003,-54.2058
887.85,-0.10999,-54.2113
887.9,-0.110005,-54.2168
887.95,-0.110009,-54.2223
888.0,-0.110016,-54.2278
888.05,-0.110026,-54.2333
888.1,-0.110029,-54.2388
888.15,-0.110033,-54.2443
888.2,-0.110023,-54.2498
888.25,-0.110012,-54.2553
888.3,-0.110008,-54.2608
888.35,-0.110009,-54.2663
888.4,-0.110009,-54.2718
888.45,-0.110024,-54.2773
888.5,-0.110024,-54.2828
888.55,-0.110032,-54.2883
888.6,-0.110056,-54.2938
888.65,-0.110057,-54.2993
888.7,-0.110064,-54.3048
888.75,-0.11007,-54.3103
888.8,-0.110085,-54.3158
888.85,-0.110072,-54.3213
888.9,-0.110078,-54.3268
888.95,-0.110075,-54.3323
889.0,-0.110079,-54.3378
889.05,-0.110076,-54.3433
889.1,-0.11008,-54.3488
889.15,-0.110085,-54.3543
889.2,-0.110094,-54.3598
889.25,-0.11009,-54.3653
889.3,-0.110082,-54.3708
889.35,-0.110085,-54.3763
889.4,-0.11008,-54.3818
889.45,-0.110082,-54.3873
889.5,-0.110107,-54.3928
889.55,-0.110108,-54.3984
889.6,-0.110108,-54.4039
889.65,-0.110091,-54.4094
889.7,-0.110097,-54.4149
889.75,-0.1101,-54.4204
889.8,-0.110102,-54.4259
889.85,-0.110092,-54.4314
889.9,-0.110115,-54.4369
889.95,-0.110124,-54.4424
890.0,-0.11011,-54.4479
890.05,-0.110094,-54.4534
890.1,-0.110108,-54.4589
890.15,-0.110096,-54.4644
890.2,-0.110111,-54.4699
890.25,-0.110108,-54.4754
890.3,-0.11011,-54.4809
890.35,-0.11012,-54.4864
890.4,-0.110115,-54.4919
890.45,-0.110109,-54.4974
890.5,-0.110109,-54.503
890.55,-0.110115,-54.5085
890.6,-0.110124,-54.514
890.65,-0.110108,-54.5195
890.7,-0.110107,-54.525
890.75,-0.110113,-54.5305
890.8,-0.11011,-54.536
890.85,-0.110115,-54.5415
890.9,-0.110104,-54.547
890.95,-0.110109,-54.5525
891.0,-0.110103,-54.558
891.05,-0.110099,-54.5635
891.1,-0.110105,-54.569
891.15,-0.110111,-54.5745
891.2,-0.11011,-54.58
891.25,-0.110116,-54.5855
891.3,-0.110121,-54.591
891.35,-0.110133,-54.5965
891.4,-0.110128,-54.6021
891.45,-0.110137,-54.6076
891.5,-0.110136,-54.6131
891.55,-0.110142,-54.6186
891.6,-0.110162,-54.6241
891.65,-0.110154,-54.6296
891.7,-0.110158,-54.6351
891.75,-0.110162,-54.6406
891.8,-0.110165,-54.6461
891.85,-0.11017,-54.6516
891.9,-0.110175,-54.6571
891.95,-0.110176,-54.6626
892.0,-0.11017,-54.6682
892.05,-0.110187,-54.6737
892.1,-0.110193,-54.6792
892.15,-0.110193,-54.6847
892.2,-0.110188,-54.6902
892.25,-0.11019,-54.6957
892.3,-0.110193,-54.7012
892.35,-0.110214,-54.7067
892.4,-0.110216,-54.7122
892.45,-0.110207,-54.7177
892.5,-0.110194,-54.7232
892.55,-0.110206,-54.7288
892.6,-0.110224,-54.7343
892.65,-0.11022,-54.7398
892.7,-0.110233,-54.7453
892.75,-0.110231,-54.7508
892.8,-0.110223,-54.7563
892.85,-0.110229,-54.7618
892.9,-0.110226,-54.7673
892.95,-0.110239,-54.7729
893.0,-0.110251,-54.7784
893.05,-0.110254,-54.7839
893.1,-0.110234,-54.7894
893.15,-0.110245,-54.7949
893.2,-0.110236,-54.8004
893.25,-0.110233,-54.8059
893.3,-0.110245,-54.8114
893.35,-0.110248,-54.8169
893.4,-0.110266,-54.8225
893.45,-0.110257,-54.828
893.5,-0.110271,-54.8335
893.55,-0.110284,-54.839
893.6,-0.110286,-54.8445
893.65,-0.110283,-54.85
893.7,-0.110302,-54.8555
893.75,-0.110308,-54.8611
893.8,-0.110297,-54.8666
893.85,-0.1103,-54.8721
893.9,-0.110302,-54.8776
893.95,-0.110305,-54.8831
894.0,-0.110311,-54.8886
894.05,-0.110326,-54.8942
894.1,-0.110312,-54.8997
894.15,-0.110311,-54.9052
894.2,-0.110327,-54.9107
894.25,-0.110333,-54.9162
894.3,-0.110337,-54.9217
894.35,-0.110348,-54.9272
894.4,-0.110368,-54.9328
894.45,-0.110379,-54.9383
894.5,-0.110392,-54.9438
894.55,-0.110392,-54.9493
894.6,-0.110404,-54.9548
894.65,-0.110409,-54.9604
894.7,-0.110416,-54.9659
894.75,-0.110421,-54.9714
894.8,-0.110411,-54.9769
894.85,-0.110413,-54.9825
894.9,-0.110422,-54.988
894.95,-0.110433,-54.9935
895.0,-0.110434,-54.999
895.05,-0.110449,-55.0045
895.1,-0.110451,-55.0101
895.15,-0.110466,-55.0156
895.2,-0.110471,-55.0211
895.25,-0.110475,-55.0266
895.3,-0.110485,-55.0322
895.35,-0.1105,-55.0377
895.4,-0.110514,-55.0432
895.45,-0.110521,-55.0487
895.5,-0.110531,-55.0543
895.55,-0.110535,-55.0598
895.6,-0.110542,-55.0653
895.65,-0.110555,-55.0708
895.7,-0.110565,-55.0764
895.75,-0.110575,-55.0819
895.8,-0.110578,-55.0874
895.85,-0.110579,-55.093
895.9,-0.11059,-55.0985
895.95,-0.110595,-55.104
896.0,-0.110596,-55.1095
896.05,-0.110622,-55.1151
896.1,-0.110624,-55.1206
896.15,-0.110638,-55.1261
896.2,-0.110648,-55.1317
896.25,-0.110652,-55.1372
896.3,-0.110648,-55.1427
896.35,-0.110648,-55.1483
896.4,-0.110668,-55.1538
896.45,-0.110669,-55.1593
896.5,-0.11068,-55.1649
896.55,-0.110689,-55.1704
896.6,-0.110691,-55.1759
896.65,-0.1107,-55.1815
896.7,-0.110716,-55.187
896.75,-0.110726,-55.1925
896.8,-0.110733,-55.1981
896.85,-0.110748,-55.2036
896.9,-0.110762,-55.2092
896.95,-0.110762,-55.2147
897.0,-0.110758,-55.2202
897.05,-0.110772,-55.2258
897.1,-0.110777,-55.2313
897.15,-0.110793,-55.2369
897.2,-0.110809,-55.2424
897.25,-0.110801,-55.2479
897.3,-0.110828,-55.2535
897.35,-0.110836,-55.259
897.4,-0.11084,-55.2646
897.45,-0.110861,-55.2701
897.5,-0.11088,-55.2756
897.55,-0.110877,-55.2812
897.6,-0.110897,-55.2867
897.65,-0.110901,-55.2923
897.7,-0.110918,-55.2978
897.75,-0.110913,-55.3034
897.8,-0.110931,-55.3089
897.85,-0.110949,-55.3145
897.9,-0.110974,-55.32
897.95,-0.110985,-55.3256
898.0,-0.110992,-55.3311
898.05,-0.111015,-55.3367
898.1,-0.111026,-55.3422
898.15,-0.111029,-55.3478
898.2,-0.111061,-55.3533
898.25,-0.111069,-55.3589
898.3,-0.111074,-55.3644
898.35,-0.111094,-55.37
898.4,-0.111109,-55.3755
898.45,-0.111131,-55.3811
898.5,-0.111138,-55.3866
898.55,-0.111164,-55.3922
898.6,-0.111179,-55.3978
898.65,-0.1112,-55.4033
898.7,-0.111218,-55.4089
898.75,-0.111234,-55.4144
898.8,-0.11125,-55.42
898.85,-0.111271,-55.4256
898.9,-0.111295,-55.4311
898.95,-0.111298,-55.4367
899.0,-0.111323,-55.4423
899.05,-0.111346,-55.4478
899.1,-0.111353,-55.4534
899.15,-0.111358,-55.459
899.2,-0.111365,-55.4645
899.25,-0.111379,-55.4701
899.3,-0.111396,-55.4757
899.35,-0.111418,-55.4813
899.4,-0.111426,-55.4868
899.45,-0.11142,-55.4924
899.5,-0.111443,-55.498
899.55,-0.111456,-55.5035
899.6,-0.111471,-55.5091
899.65,-0.111485,-55.5147
899.7,-0.111529,-55.5203
899.75,-0.11153,-55.5258
899.8,-0.111541,-55.5314
899.85,-0.111554,-55.537
899.9,-0.11156,-55.5426
899.95,-0.111572,-55.5481
900.0,-0.111585,-55.5537
900.05,-0.111598,-55.5593
900.1,-0.111598,-55.5649
900.15,-0.111613,-55.5705
900.2,-0.111634,-55.576
900.25,-0.111646,-55.5816
900.3,-0.111661,-55.5872
900.35,-0.111671,-55.5928
900.4,-0.111678,-55.5984
900.45,-0.111681,-55.604
900.5,-0.11168,-55.6096
900.55,-0.111692,-55.6151
900.6,-0.111714,-55.6207
900.65,-0.111726,-55.6263
900.7,-0.111747,-55.6319
900.75,-0.111744,-55.6375
900.8,-0.111748,-55.6431
900.85,-0.111768,-55.6487
900.9,-0.111782,-55.6542
900.95,-0.1118,-55.6598
901.0,-0.111819,-55.6654
901.05,-0.111815,-55.671
901.1,-0.111829,-55.6766
901.15,-0.111843,-55.6822
901.2,-0.111863,-55.6878
901.25,-0.111882,-55.6934
901.3,-0.111882,-55.699
901.35,-0.111896,-55.7046
901.4,-0.11191,-55.7102
901.45,-0.111897,-55.7158
901.5,-0.111909,-55.7214
901.55,-0.111914,-55.727
901.6,-0.11192,-55.7326
901.65,-0.111932,-55.7382
901.7,-0.111939,-55.7438
901.75,-0.111953,-55.7493
901.8,-0.111963,-55.7549
901.85,-0.111955,-55.7605
901.9,-0.111949,-55.7661
901.95,-0.111971,-55.7717
902.0,-0.111962,-55.7773
902.05,-0.111974,-55.7829
902.1,-0.111986,-55.7885
902.15,-0.111999,-55.7941
902.2,-0.112008,-55.7997
902.25,-0.112009,-55.8053
902.3,-0.111998,-55.8109
902.35,-0.112002,-55.8165
902.4,-0.112001,-55.8221
902.45,-0.112003,-55.8277
902.5,-0.112013,-55.8333
902.55,-0.112008,-55.8389
902.6,-0.112014,-55.8445
902.65,-0.11202,-55.8501
902.7,-0.112024,-55.8557
902.75,-0.112033,-55.8613
902.8,-0.112052,-55.8669
902.85,-0.112035,-55.8725
902.9,-0.112033,-55.8781
902.95,-0.112046,-55.8838
903.0,-0.11204,-55.8894
903.05,-0.112033,-55.895
903.1,-0.112032,-55.9006
903.15,-0.112033,-55.9062
903.2,-0.112041,-55.9118
903.25,-0.112045,-55.9174
903.3,-0.112042,-55.923
903.35,-0.112046,-55.9286
903.4,-0.112056,-55.9342
903.45,-0.112065,-55.9398
903.5,-0.112089,-55.9454
903.55,-0.112098,-55.951
903.6,-0.112106,-55.9566
903.65,-0.112116,-55.9622
903.7,-0.11212,-55.9678
903.75,-0.112127,-55.9734
903.8,-0.112145,-55.979
903.85,-0.112159,-55.9846
903.9,-0.112171,-55.9902
903.95,-0.112165,-55.9958
904.0,-0.11217,-56.0014
904.05,-0.112184,-56.0071
904.1,-0.11218,-56.0127
904.15,-0.112203,-56.0183
904.2,-0.112208,-56.0239
904.25,-0.112219,-56.0295
904.3,-0.112222,-56.0351
904.35,-0.112211,-56.0407
904.4,-0.112233,-56.0463
904.45,-0.11224,-56.0519
904.5,-0.112241,-56.0576
904.55,-0.112249,-56.0632
904.6,-0.112269,-56.0688
904.65,-0.112271,-56.0744
904.7,-0.112278,-56.08
904.75,-0.112282,-56.0856
904.8,-0.112295,-56.0912
904.85,-0.112308,-56.0969
904.9,-0.112316,-56.1025
904.95,-0.112308,-56.1081
905.0,-0.112319,-56.1137
905.05,-0.112327,-56.1193
905.1,-0.112335,-56.1249
905.15,-0.112342,-56.1305
905.2,-0.112358,-56.1362
905.25,-0.112359,-56.1418
905.3,-0.112379,-56.1474
905.35,-0.112374,-56.153
905.4,-0.112374,-56.1586
905.45,-0.112382,-56.1643
905.5,-0.112391,-56.1699
905.55,-0.112419,-56.1755
905.6,-0.112428,-56.1811
905.65,-0.112439,-56.1867
905.7,-0.112436,-56.1924
905.75,-0.112448,-56.198
905.8,-0.112452,-56.2036
905.85,-0.112454,-56.2092
905.9,-0.112461,-56.2149
905.95,-0.112479,-56.2205
906.0,-0.112487,-56.2261
906.05,-0.112484,-56.2317
906.1,-0.112484,-56.2374
906.15,-0.11249,-56.243
906.2,-0.112482,-56.2486
906.25,-0.112502,-56.2542
906.3,-0.112512,-56.2599
906.35,-0.112502,-56.2655
906.4,-0.112516,-56.2711
906.45,-0.11252,-56.2767
906.5,-0.112525,-56.2824
906.55,-0.112528,-56.288
906.6,-0.11253,-56.2936
906.65,-0.112534,-56.2992
906.7,-0.112542,-56.3049
906.75,-0.112549,-56.3105
906.8,-0.11255,-56.3161
906.85,-0.112559,-56.3217
906.9,-0.112565,-56.3274
906.95,-0.112562,-56.333
907.0,-0.112574,-56.3386
907.05,-0.112589,-56.3443
907.1,-0.112585,-56.3499
907.15,-0.112597,-56.3555
907.2,-0.112597,-56.3611
907.25,-0.112599,-56.3668
907.3,-0.112608,-56.3724
907.35,-0.112604,-56.378
907.4,-0.112603,-56.3837
907.45,-0.112607,-56.3893
907.5,-0.112605,-56.3949
907.55,-0.112603,-56.4006
907.6,-0.112612,-56.4062
907.65,-0.112627,-56.4118
907.7,-0.112629,-56.4175
907.75,-0.112632,-56.4231
907.8,-0.112644,-56.4287
907.85,-0.11263,-56.4343
907.9,-0.112639,-56.44
907.95,-0.112641,-56.4456
908.0,-0.11265,-56.4512
908.05,-0.112658,-56.4569
908.1,-0.112662,-56.4625
908.15,-0.112664,-56.4681
908.2,-0.112664,-56.4738
908.25,-0.112658,-56.4794
908.3,-0.112655,-56.485
908.35,-0.112649,-56.4907
908.4,-0.112653,-56.4963
908.45,-0.11266,-56.5019
908.5,-0.112658,-56.5076
908.55,-0.112659,-56.5132
908.6,-0.112659,-56.5188
908.65,-0.112656,-56.5245
908.7,-0.112657,-56.5301
908.75,-0.112644,-56.5357
908.8,-0.112653,-56.5414
908.85,-0.112645,-56.547
908.9,-0.11265,-56.5526
908.95,-0.112647,-56.5583
909.0,-0.11265,-56.5639
909.05,-0.112676,-56.5695
909.1,-0.112661,-56.5752
909.15,-0.112662,-56.5808
909.2,-0.112671,-56.5864
909.25,-0.112672,-56.5921
909.3,-0.112669,-56.5977
909.35,-0.112666,-56.6033
909.4,-0.112679,-56.609
909.45,-0.112675,-56.6146
909.5,-0.112681,-56.6202
909.55,-0.112683,-56.6259
909.6,-0.112688,-56.6315
909.65,-0.112693,-56.6371
909.7,-0.112696,-56.6428
909.75,-0.112698,-56.6484
909.8,-0.112706,-56.654
909.85,-0.112706,-56.6597
909.9,-0.112696,-56.6653
909.95,-0.11272,-56.6709
910.0,-0.112721,-56.6766
910.05,-0.112722,-56.6822
910.1,-0.112726,-56.6879
910.15,-0.112731,-56.6935
910.2,-0.112742,-56.6991
910.25,-0.112738,-56.7048
910.3,-0.112739,-56.7104
910.35,-0.112735,-56.716
910.4,-0.112717,-56.7217
910.45,-0.11273,-56.7273
910.5,-0.112741,-56.733
910.55,-0.112739,-56.7386
910.6,-0.112728,-56.7442
910.65,-0.112723,-56.7499
910.7,-0.112726,-56.7555
910.75,-0.112723,-56.7611
910.8,-0.11273,-56.7668
910.85,-0.112746,-56.7724
910.9,-0.112748,-56.778
910.95,-0.112746,-56.7837
911.0,-0.112756,-56.7893
911.05,-0.112761,-56.795
911.1,-0.112758,-56.8006
911.15,-0.112775,-56.8062
911.2,-0.112779,-56.8119
911.25,-0.11278,-56.8175
911.3,-0.112765,-56.8232
911.35,-0.112763,-56.8288
911.4,-0.112781,-56.8344
911.45,-0.11279,-56.8401
911.5,-0.112782,-56.8457
911.55,-0.112786,-56.8513
911.6,-0.112797,-56.857
911.65,-0.112798,-56.8626
911.7,-0.112806,-56.8683
911.75,-0.112818,-56.8739
911.8,-0.112819,-56.8795
911.85,-0.112823,-56.8852
911.9,-0.112816,-56.8908
911.95,-0.112825,-56.8965
912.0,-0.112834,-56.9021
912.05,-0.112844,-56.9078
912.1,-0.112853,-56.9134
912.15,-0.112865,-56.919
912.2,-0.112881,-56.9247
912.25,-0.11286,-56.9303
912.3,-0.112869,-56.936
912.35,-0.112865,-56.9416
912.4,-0.112872,-56.9473
912.45,-0.112866,-56.9529
912.5,-0.112864,-56.9585
912.55,-0.11288,-56.9642
912.6,-0.112889,-56.9698
912.65,-0.112901,-56.9755
912.7,-0.112894,-56.9811
912.75,-0.112893,-56.9868
912.8,-0.112896,-56.9924
912.85,-0.112915,-56.9981
912.9,-0.112916,-57.0037
912.95,-0.112923,-57.0093
913.0,-0.112934,-57.015
913.05,-0.112935,-57.0206
913.1,-0.112941,-57.0263
913.15,-0.112954,-57.0319
913.2,-0.112938,-57.0376
913.25,-0.11296,-57.0432
913.3,-0.112968,-57.0489
913.35,-0.112973,-57.0545
913.4,-0.112974,-57.0602
913.45,-0.112972,-57.0658
913.5,-0.112974,-57.0715
913.55,-0.112992,-57.0771
913.6,-0.112977,-57.0828
913.65,-0.112972,-57.0884
913.7,-0.112981,-57.0941
913.75,-0.11298,-57.0997
913.8,-0.112992,-57.1054
913.85,-0.112975,-57.111
913.9,-0.112973,-57.1167
913.95,-0.112966,-57.1223
914.0,-0.112972,-57.128
914.05,-0.112984,-57.1336
914.1,-0.112991,-57.1393
914.15,-0.112983,-57.1449
914.2,-0.112977,-57.1506
914.25,-0.112982,-57.1562
914.3,-0.112966,-57.1619
914.35,-0.112972,-57.1675
914.4,-0.112989,-57.1732
914.45,-0.112962,-57.1788
914.5,-0.11296,-57.1845
914.55,-0.112964,-57.1901
914.6,-0.112971,-57.1958
914.65,-0.112961,-57.2014
914.7,-0.112957,-57.207
914.75,-0.112974,-57.2127
914.8,-0.112976,-57.2183
914.85,-0.112982,-57.224
914.9,-0.112982,-57.2296
914.95,-0.112984,-57.2353
915.0,-0.112997,-57.2409
915.05,-0.112984,-57.2466
915.1,-0.112989,-57.2522
915.15,-0.112984,-57.2579
915.2,-0.112984,-57.2635
915.25,-0.112982,-57.2692
915.3,-0.112989,-57.2748
915.35,-0.112991,-57.2805
915.4,-0.113,-57.2861
915.45,-0.112985,-57.2918
915.5,-0.112985,-57.2974
915.55,-0.112977,-57.3031
915.6,-0.112975,-57.3087
915.65,-0.112973,-57.3144
915.7,-0.112975,-57.32
915.75,-0.112986,-57.3257
915.8,-0.112969,-57.3313
915.85,-0.112966,-57.337
915.9,-0.112968,-57.3426
915.95,-0.112988,-57.3483
916.0,-0.112984,-57.3539
916.05,-0.112977,-57.3596
916.1,-0.11298,-57.3652
916.15,-0.112972,-57.3709
916.2,-0.11297,-57.3765
916.25,-0.112969,-57.3822
916.3,-0.112968,-57.3878
916.35,-0.112971,-57.3935
916.4,-0.112958,-57.3991
916.45,-0.112954,-57.4048
916.5,-0.112964,-57.4104
916.55,-0.112947,-57.4161
916.6,-0.112938,-57.4217
916.65,-0.112938,-57.4273
916.7,-0.112937,-57.433
916.75,-0.112939,-57.4386
916.8,-0.112937,-57.4443
916.85,-0.11294,-57.4499
916.9,-0.112916,-57.4556
916.95,-0.11292,-57.4612
917.0,-0.112926,-57.4669
917.05,-0.112923,-57.4725
917.1,-0.112916,-57.4782
917.15,-0.11292,-57.4838
917.2,-0.112922,-57.4895
917.25,-0.112922,-57.4951
917.3,-0.112914,-57.5007
917.35,-0.112908,-57.5064
917.4,-0.112909,-57.512
917.45,-0.112911,-57.5177
917.5,-0.112911,-57.5233
917.55,-0.112933,-57.529
917.6,-0.112926,-57.5346
917.65,-0.112933,-57.5403
917.7,-0.112935,-57.5459
917.75,-0.112936,-57.5516
917.8,-0.112933,-57.5572
917.85,-0.112926,-57.5629
917.9,-0.112941,-57.5685
917.95,-0.112934,-57.5742
918.0,-0.11293,-57.5798
918.05,-0.112932,-57.5854
918.1,-0.112938,-57.5911
918.15,-0.112946,-57.5967
918.2,-0.112941,-57.6024
918.25,-0.112951,-57.608
918.3,-0.112945,-57.6137
918.35,-0.11295,-57.6193
918.4,-0.112945,-57.625
918.45,-0.112962,-57.6306
918.5,-0.113033,-57.6363
918.55,-0.11305,-57.6419
918.6,-0.113049,-57.6476
918.65,-0.113067,-57.6532
918.7,-0.11304,-57.6589
918.75,-0.113049,-57.6645
918.8,-0.113045,-57.6702
918.85,-0.113049,-57.6758
918.9,-0.11305,-57.6815
918.95,-0.113043,-57.6871
919.0,-0.113042,-57.6928
919.05,-0.113034,-57.6985
919.1,-0.11303,-57.7041
919.15,-0.113034,-57.7098
919.2,-0.113044,-57.7154
919.25,-0.113051,-57.7211
919.3,-0.113048,-57.7267
919.35,-0.113035,-57.7324
919.4,-0.113058,-57.738
919.45,-0.113042,-57.7437
919.5,-0.113051,-57.7493
919.55,-0.113059,-57.755
919.6,-0.113049,-57.7606
919.65,-0.113066,-57.7663
919.7,-0.113053,-57.7719
919.75,-0.113049,-57.7776
919.8,-0.113052,-57.7832
919.85,-0.113049,-57.7889
919.9,-0.113037,-57.7945
919.95,-0.113029,-57.8002
920.0,-0.113049,-57.8058
920.05,-0.113054,-57.8115
920.1,-0.113046,-57.8172
920.15,-0.113042,-57.8228
920.2,-0.113047,-57.8285
920.25,-0.11305,-57.8341
920.3,-0.113043,-57.8398
920.35,-0.113056,-57.8454
920.4,-0.11306,-57.8511
920.45,-0.113065,-57.8567
920.5,-0.113063,-57.8624
920.55,-0.113093,-57.868
920.6,-0.11313,-57.8737
920.65,-0.113116,-57.8793
920.7,-0.113117,-57.885
920.75,-0.113119,-57.8907
920.8,-0.113126,-57.8963
920.85,-0.113127,-57.902
920.9,-0.113126,-57.9076
920.95,-0.113133,-57.9133
921.0,-0.113119,-57.9189
921.05,-0.113117,-57.9246
921.1,-0.113121,-57.9302
921.15,-0.113133,-57.9359
921.2,-0.113126,-57.9416
921.25,-0.113125,-57.9472
921.3,-0.113145,-57.9529
921.35,-0.113131,-57.9585
921.4,-0.11313,-57.9642
921.45,-0.113126,-57.9698
921.5,-0.113112,-57.9755
921.55,-0.113118,-57.9812
921.6,-0.113139,-57.9868
921.65,-0.113142,-57.9925
921.7,-0.113147,-57.9981
921.75,-0.113156,-58.0038
921.8,-0.113134,-58.0094
921.85,-0.113123,-58.0151
921.9,-0.113119,-58.0207
921.95,-0.113116,-58.0264
922.0,-0.113126,-58.0321
922.05,-0.113135,-58.0377
922.1,-0.113127,-58.0434
922.15,-0.113146,-58.049
922.2,-0.113143,-58.0547
922.25,-0.113136,-58.0603
922.3,-0.11315,-58.066
922.35,-0.113149,-58.0717
922.4,-0.113142,-58.0773
922.45,-0.113144,-58.083
922.5,-0.113154,-58.0886
922.55,-0.113152,-58.0943
922.6,-0.113166,-58.0999
922.65,-0.113169,-58.1056
922.7,-0.113166,-58.1113
922.75,-0.113162,-58.1169
922.8,-0.113164,-58.1226
922.85,-0.11317,-58.1282
922.9,-0.113172,-58.1339
922.95,-0.113188,-58.1396
923.0,-0.113182,-58.1452
923.05,-0.113187,-58.1509
923.1,-0.113189,-58.1565
923.15,-0.113193,-58.1622
923.2,-0.113194,-58.1679
923.25,-0.113193,-58.1735
923.3,-0.113204,-58.1792
923.35,-0.113199,-58.1848
923.4,-0.113203,-58.1905
923.45,-0.113215,-58.1962
923.5,-0.113223,-58.2018
923.55,-0.113203,-58.2075
923.6,-0.11321,-58.2131
923.65,-0.113215,-58.2188
923.7,-0.113225,-58.2245
923.75,-0.11322,-58.2301
923.8,-0.113233,-58.2358
923.85,-0.113224,-58.2414
923.9,-0.113227,-58.2471
923.95,-0.113223,-58.2528
924.0,-0.113225,-58.2584
924.05,-0.113223,-58.2641
924.1,-0.113226,-58.2697
924.15,-0.113238,-58.2754
924.2,-0.113226,-58.2811
924.25,-0.113227,-58.2867
924.3,-0.113235,-58.2924
924.35,-0.113224,-58.2981
924.4,-0.113251,-58.3037
924.45,-0.113249,-58.3094
924.5,-0.113246,-58.315
924.55,-0.113244,-58.3207
924.6,-0.113241,-58.3264
924.65,-0.113257,-58.332
924.7,-0.113269,-58.3377
924.75,-0.113251,-58.3434
924.8,-0.113267,-58.349
924.85,-0.113272,-58.3547
924.9,-0.113272,-58.3603
924.95,-0.113281,-58.366
925.0,-0.113281,-58.3717
925.05,-0.113283,-58.3773
925.1,-0.113279,-58.383
925.15,-0.113289,-58.3887
925.2,-0.113295,-58.3943
925.25,-0.113283,-58.4
925.3,-0.113292,-58.4057
925.35,-0.113302,-58.4113
925.4,-0.113306,-58.417
925.45,-0.113314,-58.4227
925.5,-0.113321,-58.4283
925.55,-0.113325,-58.434
925.6,-0.113331,-58.4397
925.65,-0.11333,-58.4453
925.7,-0.113335,-58.451
925.75,-0.11334,-58.4567
925.8,-0.113345,-58.4623
925.85,-0.113357,-58.468
925.9,-0.113366,-58.4737
925.95,-0.113363,-58.4793
926.0,-0.113352,-58.485
926.05,-0.11335,-58.4907
926.1,-0.113355,-58.4963
926.15,-0.113367,-58.502
926.2,-0.113368,-58.5077
926.25,-0.113379,-58.5133
926.3,-0.11338,-58.519
926.35,-0.113388,-58.5247
926.4,-0.113404,-58.5303
926.45,-0.113406,-58.536
926.5,-0.113402,-58.5417
926.55,-0.113413,-58.5474
926.6,-0.113422,-58.553
926.65,-0.113426,-58.5587
926.7,-0.113424,-58.5644
926.75,-0.113432,-58.57
926.8,-0.113445,-58.5757
926.85,-0.113442,-58.5814
926.9,-0.113457,-58.5871
926.95,-0.113463,-58.5927
927.0,-0.113481,-58.5984
927.05,-0.113477,-58.6041
927.1,-0.113473,-58.6098
927.15,-0.113475,-58.6154
927.2,-0.113486,-58.6211
927.25,-0.113499,-58.6268
927.3,-0.113503,-58.6325
927.35,-0.113511,-58.6381
927.4,-0.11351,-58.6438
927.45,-0.113513,-58.6495
927.5,-0.113516,-58.6552
927.55,-0.113525,-58.6608
927.6,-0.113531,-58.6665
927.65,-0.113518,-58.6722
927.7,-0.113547,-58.6779
927.75,-0.113551,-58.6835
927.8,-0.113545,-58.6892
927.85,-0.113556,-58.6949
927.9,-0.113559,-58.7006
927.95,-0.113568,-58.7062
928.0,-0.113582,-58.7119
928.05,-0.113579,-58.7176
928.1,-0.113583,-58.7233
928.15,-0.113582,-58.729
928.2,-0.113599,-58.7346
928.25,-0.113611,-58.7403
928.3,-0.113623,-58.746
928.35,-0.113634,-58.7517
928.4,-0.113635,-58.7574
928.45,-0.113636,-58.7631
928.5,-0.11363,-58.7687
928.55,-0.113641,-58.7744
928.6,-0.113657,-58.7801
928.65,-0.113644,-58.7858
928.7,-0.113661,-58.7915
928.75,-0.113665,-58.7971
928.8,-0.113681,-58.8028
928.85,-0.113679,-58.8085
928.9,-0.113685,-58.8142
928.95,-0.113706,-58.8199
929.0,-0.113717,-58.8256
929.05,-0.11371,-58.8313
929.1,-0.113725,-58.8369
929.15,-0.113714,-58.8426
929.2,-0.113723,-58.8483
929.25,-0.113734,-58.854
929.3,-0.113734,-58.8597
929.35,-0.113748,-58.8654
929.4,-0.113763,-58.8711
929.45,-0.113774,-58.8768
929.5,-0.113783,-58.8824
929.55,-0.113793,-58.8881
929.6,-0.113804,-58.8938
929.65,-0.113819,-58.8995
929.7,-0.11382,-58.9052
929.75,-0.113818,-58.9109
929.8,-0.113816,-58.9166
929.85,-0.113811,-58.9223
929.9,-0.11383,-58.928
929.95,-0.113836,-58.9337
930.0,-0.113843,-58.9394
930.05,-0.113853,-58.945
930.1,-0.113851,-58.9507
930.15,-0.113852,-58.9564
930.2,-0.113855,-58.9621
930.25,-0.113862,-58.9678
930.3,-0.113866,-58.9735
930.35,-0.113867,-58.9792
930.4,-0.113872,-58.9849
930.45,-0.11388,-58.9906
930.5,-0.113888,-58.9963
930.55,-0.113891,-59.002
930.6,-0.113905,-59.0077
930.65,-0.113916,-59.0134
930.7,-0.11392,-59.0191
930.75,-0.11392,-59.0248
930.8,-0.113926,-59.0305
930.85,-0.113928,-59.0362
930.9,-0.113912,-59.0419
930.95,-0.113926,-59.0475
931.0,-0.113944,-59.0532
931.05,-0.113943,-59.0589
931.1,-0.113937,-59.0646
931.15,-0.113949,-59.0703
931.2,-0.113941,-59.076
931.25,-0.113934,-59.0817
931.3,-0.113929,-59.0874
931.35,-0.113929,-59.0931
931.4,-0.113927,-59.0988
931.45,-0.113941,-59.1045
931.5,-0.113958,-59.1102
931.55,-0.113953,-59.1159
931.6,-0.11394,-59.1216
931.65,-0.113947,-59.1273
931.7,-0.113954,-59.133
931.75,-0.113958,-59.1387
931.8,-0.11397,-59.1444
931.85,-0.113973,-59.1501
931.9,-0.11398,-59.1558
931.95,-0.113974,-59.1615
932.0,-0.11399,-59.1672
932.05,-0.113997,-59.1729
932.1,-0.114006,-59.1786
932.15,-0.114,-59.1843
932.2,-0.113992,-59.19
932.25,-0.114002,-59.1957
932.3,-0.114001,-59.2014
932.35,-0.114022,-59.2071
932.4,-0.114033,-59.2128
932.45,-0.114043,-59.2185
932.5,-0.114057,-59.2242
932.55,-0.114038,-59.2299
932.6,-0.114047,-59.2356
932.65,-0.114038,-59.2413
932.7,-0.114055,-59.247
932.75,-0.114061,-59.2527
932.8,-0.114064,-59.2584
932.85,-0.114076,-59.2641
932.9,-0.114085,-59.2698
932.95,-0.114074,-59.2755
933.0,-0.11406,-59.2812
933.05,-0.114074,-59.2869
933.1,-0.114074,-59.2926
933.15,-0.114085,-59.2983
933.2,-0.114085,-59.304
933.25,-0.114096,-59.3098
933.3,-0.114093,-59.3155
933.35,-0.114098,-59.3212
933.4,-0.114095,-59.3269
933.45,-0.114104,-59.3326
933.5,-0.114106,-59.3383
933.55,-0.114097,-59.344
933.6,-0.114099,-59.3497
933.65,-0.11411,-59.3554
933.7,-0.114089,-59.3611
933.75,-0.114096,-59.3668
933.8,-0.114088,-59.3725
933.85,-0.11409,-59.3782
933.9,-0.114084,-59.3839
933.95,-0.114087,-59.3896
934.0,-0.11409,-59.3953
934.05,-0.114085,-59.401
934.1,-0.114085,-59.4067
934.15,-0.114082,-59.4124
934.2,-0.114081,-59.4181
934.25,-0.114082,-59.4238
934.3,-0.114082,-59.4296
934.35,-0.114084,-59.4353
934.4,-0.114081,-59.441
934.45,-0.114077,-59.4467
934.5,-0.114086,-59.4524
934.55,-0.114093,-59.4581
934.6,-0.114087,-59.4638
934.65,-0.114095,-59.4695
934.7,-0.114077,-59.4752
934.75,-0.114086,-59.4809
934.8,-0.114094,-59.4866
934.85,-0.114094,-59.4923
934.9,-0.114098,-59.498
934.95,-0.114106,-59.5037
935.0,-0.114109,-59.5094
935.05,-0.114093,-59.5151
935.1,-0.114094,-59.5208
935.15,-0.114094,-59.5265
935.2,-0.114105,-59.5322
935.25,-0.114113,-59.5379
935.3,-0.11411,-59.5436
935.35,-0.114114,-59.5493
935.4,-0.114111,-59.5551
935.45,-0.114116,-59.5608
935.5,-0.114119,-59.5665
935.55,-0.114122,-59.5722
935.6,-0.114133,-59.5779
935.65,-0.114144,-59.5836
935.7,-0.11415,-59.5893
935.75,-0.114144,-59.595
935.8,-0.114157,-59.6007
935.85,-0.114147,-59.6064
935.9,-0.114157,-59.6121
935.95,-0.114176,-59.6178
936.0,-0.114182,-59.6235
936.05,-0.114164,-59.6292
936.1,-0.114183,-59.635
936.15,-0.114175,-59.6407
936.2,-0.114196,-59.6464
936.25,-0.114185,-59.6521
936.3,-0.114195,-59.6578
936.35,-0.114193,-59.6635
936.4,-0.114192,-59.6692
936.45,-0.11421,-59.6749
936.5,-0.114214,-59.6806
936.55,-0.114217,-59.6863
936.6,-0.114232,-59.6921
936.65,-0.114233,-59.6978
936.7,-0.11424,-59.7035
936.75,-0.114254,-59.7092
936.8,-0.114264,-59.7149
936.85,-0.114249,-59.7206
936.9,-0.114257,-59.7263
936.95,-0.114261,-59.732
937.0,-0.114266,-59.7378
937.05,-0.114286,-59.7435
937.1,-0.114278,-59.7492
937.15,-0.11427,-59.7549
937.2,-0.114272,-59.7606
937.25,-0.114277,-59.7663
937.3,-0.11427,-59.772
937.35,-0.114292,-59.7778
937.4,-0.114279,-59.7835
937.45,-0.114293,-59.7892
937.5,-0.114308,-59.7949
937.55,-0.114312,-59.8006
937.6,-0.114311,-59.8063
937.65,-0.114335,-59.812
937.7,-0.114333,-59.8178
937.75,-0.114349,-59.8235
937.8,-0.114348,-59.8292
937.85,-0.114355,-59.8349
937.9,-0.114353,-59.8406
937.95,-0.114362,-59.8464
938.0,-0.114358,-59.8521
938.05,-0.114362,-59.8578
938.1,-0.114376,-59.8635
938.15,-0.114377,-59.8692
938.2,-0.114383,-59.8749
938.25,-0.114383,-59.8807
938.3,-0.114375,-59.8864
938.35,-0.114382,-59.8921
938.4,-0.114398,-59.8978
938.45,-0.114403,-59.9035
938.5,-0.114412,-59.9093
938.55,-0.114411,-59.915
938.6,-0.114414,-59.9207
938.65,-0.114424,-59.9264
938.7,-0.114425,-59.9321
938.75,-0.114436,-59.9379
938.8,-0.114433,-59.9436
938.85,-0.114443,-59.9493
938.9,-0.114452,-59.955
938.95,-0.114446,-59.9608
939.0,-0.114446,-59.9665
939.05,-0.114459,-59.9722
939.1,-0.114472,-59.9779
939.15,-0.114477,-59.9837
939.2,-0.114475,-59.9894
939.25,-0.114467,-59.9951
939.3,-0.114467,-60.0008
939.35,-0.114481,-60.0065
939.4,-0.114481,-60.0123
939.45,-0.114492,-60.018
939.5,-0.114484,-60.0237
939.55,-0.114499,-60.0294
939.6,-0.114496,-60.0352
939.65,-0.114488,-60.0409
939.7,-0.114511,-60.0466
939.75,-0.114508,-60.0523
939.8,-0.114517,-60.0581
939.85,-0.114531,-60.0638
939.9,-0.114528,-60.0695
939.95,-0.114484,-60.0752
940.0,-0.114441,-60.081
940.05,-0.114441,-60.0867
940.1,-0.114452,-60.0924
940.15,-0.114467,-60.0981
940.2,-0.114478,-60.1039
940.25,-0.114483,-60.1096
940.3,-0.114478,-60.1153
940.35,-0.114475,-60.121
940.4,-0.114499,-60.1268
940.45,-0.114496,-60.1325
940.5,-0.114513,-60.1382
940.55,-0.114526,-60.1439
940.6,-0.114527,-60.1497
940.65,-0.114534,-60.1554
940.7,-0.114538,-60.1611
940.75,-0.114538,-60.1668
940.8,-0.114544,-60.1726
940.85,-0.114556,-60.1783
940.9,-0.114555,-60.184
940.95,-0.114558,-60.1898
941.0,-0.114564,-60.1955
941.05,-0.114561,-60.2012
941.1,-0.114572,-60.2069
941.15,-0.114575,-60.2127
941.2,-0.114586,-60.2184
941.25,-0.114593,-60.2241
941.3,-0.114601,-60.2299
941.35,-0.114599,-60.2356
941.4,-0.114614,-60.2413
941.45,-0.114612,-60.247
941.5,-0.114616,-60.2528
941.55,-0.114634,-60.2585
941.6,-0.114633,-60.2642
941.65,-0.11464,-60.27
941.7,-0.114649,-60.2757
941.75,-0.114646,-60.2814
941.8,-0.114658,-60.2872
941.85,-0.114674,-60.2929
941.9,-0.114678,-60.2986
941.95,-0.114676,-60.3044
942.0,-0.114682,-60.3101
942.05,-0.114692,-60.3158
942.1,-0.114698,-60.3216
942.15,-0.114694,-60.3273
942.2,-0.114705,-60.333
942.25,-0.114709,-60.3388
942.3,-0.114697,-60.3445
942.35,-0.114708,-60.3503
942.4,-0.114715,-60.356
942.45,-0.114721,-60.3617
942.5,-0.11472,-60.3675
942.55,-0.114729,-60.3732
942.6,-0.114738,-60.3789
942.65,-0.114756,-60.3847
942.7,-0.114742,-60.3904
942.75,-0.114744,-60.3961
942.8,-0.114744,-60.4019
942.85,-0.114756,-60.4076
942.9,-0.114764,-60.4134
942.95,-0.114763,-60.4191
943.0,-0.11476,-60.4248
943.05,-0.114762,-60.4306
943.1,-0.114768,-60.4363
943.15,-0.11477,-60.442
943.2,-0.114763,-60.4478
943.25,-0.114777,-60.4535
943.3,-0.114791,-60.4593
943.35,-0.114794,-60.465
943.4,-0.114788,-60.4707
943.45,-0.114781,-60.4765
943.5,-0.114795,-60.4822
943.55,-0.114794,-60.488
943.6,-0.114808,-60.4937
943.65,-0.114821,-60.4994
943.7,-0.114818,-60.5052
943.75,-0.114814,-60.5109
943.8,-0.114817,-60.5167
943.85,-0.114819,-60.5224
943.9,-0.114826,-60.5281
943.95,-0.11483,-60.5339
944.0,-0.114822,-60.5396
944.05,-0.114826,-60.5454
944.1,-0.114842,-60.5511
944.15,-0.114839,-60.5569
944.2,-0.114832,-60.5626
944.25,-0.114837,-60.5683
944.3,-0.114846,-60.5741
944.35,-0.114841,-60.5798
944.4,-0.114854,-60.5856
944.45,-0.114865,-60.5913
944.5,-0.114864,-60.5971
944.55,-0.11485,-60.6028
944.6,-0.114859,-60.6085
944.65,-0.114862,-60.6143
944.7,-0.114869,-60.62
944.75,-0.114867,-60.6258
944.8,-0.114879,-60.6315
944.85,-0.114882,-60.6373
944.9,-0.114883,-60.643
944.95,-0.114866,-60.6487
945.0,-0.114861,-60.6545
945.05,-0.114874,-60.6602
945.1,-0.114875,-60.666
945.15,-0.114872,-60.6717
945.2,-0.114874,-60.6775
945.25,-0.114883,-60.6832
945.3,-0.114868,-60.6889
945.35,-0.114872,-60.6947
945.4,-0.114869,-60.7004
945.45,-0.11489,-60.7062
945.5,-0.114888,-60.7119
945.55,-0.114895,-60.7177
945.6,-0.114899,-60.7234
945.65,-0.114893,-60.7292
945.7,-0.114882,-60.7349
945.75,-0.114892,-60.7406
945.8,-0.114907,-60.7464
945.85,-0.114912,-60.7521
945.9,-0.114916,-60.7579
945.95,-0.114927,-60.7636
946.0,-0.114933,-60.7694
946.05,-0.114935,-60.7751
946.1,-0.114934,-60.7809
946.15,-0.114956,-60.7866
946.2,-0.11496,-60.7924
946.25,-0.114964,-60.7981
946.3,-0.114982,-60.8039
946.35,-0.11498,-60.8096
946.4,-0.114984,-60.8154
946.45,-0.11499,-60.8211
946.5,-0.114985,-60.8269
946.55,-0.114979,-60.8326
946.6,-0.114983,-60.8384
946.65,-0.114979,-60.8441
946.7,-0.114991,-60.8499
946.75,-0.114996,-60.8556
946.8,-0.115007,-60.8614
946.85,-0.115008,-60.8671
946.9,-0.115014,-60.8729
946.95,-0.115004,-60.8786
947.0,-0.115015,-60.8844
947.05,-0.115018,-60.8901
947.1,-0.115018,-60.8959
947.15,-0.115027,-60.9016
947.2,-0.115035,-60.9074
947.25,-0.115026,-60.9131
947.3,-0.115036,-60.9189
947.35,-0.115023,-60.9246
947.4,-0.115043,-60.9304
947.45,-0.115122,-60.9361
947.5,-0.115129,-60.9419
947.55,-0.115132,-60.9476
947.6,-0.115132,-60.9534
947.65,-0.115125,-60.9592
947.7,-0.115125,-60.9649
947.75,-0.115123,-60.9707
947.8,-0.11512,-60.9764
947.85,-0.115132,-60.9822
947.9,-0.115134,-60.9879
947.95,-0.115121,-60.9937
948.0,-0.115127,-60.9994
948.05,-0.115116,-61.0052
948.1,-0.115116,-61.011
948.15,-0.115128,-61.0167
948.2,-0.115134,-61.0225
948.25,-0.115121,-61.0282
948.3,-0.115129,-61.034
948.35,-0.115126,-61.0397
948.4,-0.115135,-61.0455
948.45,-0.115143,-61.0513
948.5,-0.115142,-61.057
948.55,-0.115161,-61.0628
948.6,-0.115177,-61.0685
948.65,-0.115178,-61.0743
948.7,-0.115179,-61.08
948.75,-0.115189,-61.0858
948.8,-0.115204,-61.0916
948.85,-0.11521,-61.0973
948.9,-0.115208,-61.1031
948.95,-0.115227,-61.1088
949.0,-0.11524,-61.1146
949.05,-0.115262,-61.1204
949.1,-0.115254,-61.1261
949.15,-0.115251,-61.1319
949.2,-0.115272,-61.1377
949.25,-0.115275,-61.1434
949.3,-0.115291,-61.1492
949.35,-0.115309,-61.155
949.4,-0.1153,-61.1607
949.45,-0.115302,-61.1665
949.5,-0.115321,-61.1723
949.55,-0.115324,-61.178
949.6,-0.115329,-61.1838
949.65,-0.115341,-61.1896
949.7,-0.115342,-61.1953
949.75,-0.115339,-61.2011
949.8,-0.115335,-61.2069
949.85,-0.115351,-61.2126
949.9,-0.115352,-61.2184
949.95,-0.115372,-61.2242
950.0,-0.115383,-61.2299
950.05,-0.115383,-61.2357
950.1,-0.115408,-61.2415
950.15,-0.115395,-61.2472
950.2,-0.115401,-61.253
950.25,-0.115404,-61.2588
950.3,-0.115409,-61.2645
950.35,-0.115422,-61.2703
950.4,-0.115427,-61.2761
950.45,-0.115428,-61.2819
950.5,-0.115433,-61.2876
950.55,-0.115435,-61.2934
950.6,-0.115433,-61.2992
950.65,-0.115443,-61.3049
950.7,-0.115437,-61.3107
950.75,-0.115452,-61.3165
950.8,-0.11545,-61.3223
950.85,-0.115453,-61.328
950.9,-0.115457,-61.3338
950.95,-0.115468,-61.3396
951.0,-0.11547,-61.3454
951.05,-0.115471,-61.3511
951.1,-0.11548,-61.3569
951.15,-0.115468,-61.3627
951.2,-0.115482,-61.3685
951.25,-0.115483,-61.3742
951.3,-0.115494,-61.38
951.35,-0.11549,-61.3858
951.4,-0.115496,-61.3915
951.45,-0.115514,-61.3973
951.5,-0.115516,-61.4031
951.55,-0.115519,-61.4089
951.6,-0.115526,-61.4147
951.65,-0.115529,-61.4204
951.7,-0.115545,-61.4262
951.75,-0.115536,-61.432
951.8,-0.115553,-61.4378
951.85,-0.115567,-61.4435
951.9,-0.115552,-61.4493
951.95,-0.115565,-61.4551
952.0,-0.115566,-61.4609
952.05,-0.115574,-61.4667
952.1,-0.115579,-61.4724
952.15,-0.11559,-61.4782
952.2,-0.115589,-61.484
952.25,-0.115579,-61.4898
952.3,-0.115591,-61.4955
952.35,-0.115597,-61.5013
952.4,-0.1156,-61.5071
952.45,-0.115604,-61.5129
952.5,-0.115605,-61.5187
952.55,-0.115612,-61.5244
952.6,-0.115608,-61.5302
952.65,-0.115613,-61.536
952.7,-0.115604,-61.5418
952.75,-0.115612,-61.5476
952.8,-0.115623,-61.5534
952.85,-0.115632,-61.5591
952.9,-0.115623,-61.5649
952.95,-0.115639,-61.5707
953.0,-0.115642,-61.5765
953.05,-0.115645,-61.5823
953.1,-0.115659,-61.588
953.15,-0.11565,-61.5938
953.2,-0.115655,-61.5996
953.25,-0.115666,-61.6054
953.3,-0.115687,-61.6112
953.35,-0.115684,-61.617
953.4,-0.115695,-61.6227
953.45,-0.115684,-61.6285
953.5,-0.115686,-61.6343
953.55,-0.115707,-61.6401
953.6,-0.115684,-61.6459
953.65,-0.115689,-61.6517
953.7,-0.115697,-61.6575
953.75,-0.1157,-61.6632
953.8,-0.115705,-61.669
953.85,-0.115706,-61.6748
953.9,-0.11571,-61.6806
953.95,-0.115703,-61.6864
954.0,-0.115712,-61.6922
954.05,-0.115723,-61.698
954.1,-0.115719,-61.7037
954.15,-0.115719,-61.7095
954.2,-0.115723,-61.7153
954.25,-0.115726,-61.7211
954.3,-0.115724,-61.7269
954.35,-0.115722,-61.7327
954.4,-0.115711,-61.7385
954.45,-0.115713,-61.7442
954.5,-0.115722,-61.75
954.55,-0.115721,-61.7558
954.6,-0.115722,-61.7616
954.65,-0.115732,-61.7674
954.7,-0.115734,-61.7732
954.75,-0.115743,-61.779
954.8,-0.115736,-61.7847
954.85,-0.115733,-61.7905
954.9,-0.115733,-61.7963
954.95,-0.115732,-61.8021
955.0,-0.115731,-61.8079
955.05,-0.115735,-61.8137
955.1,-0.115732,-61.8195
955.15,-0.115736,-61.8253
955.2,-0.11574,-61.831
955.25,-0.115733,-61.8368
955.3,-0.11573,-61.8426
955.35,-0.11574,-61.8484
955.4,-0.115746,-61.8542
955.45,-0.115752,-61.86
955.5,-0.11576,-61.8658
955.55,-0.115763,-61.8716
955.6,-0.115771,-61.8773
955.65,-0.115775,-61.8831
955.7,-0.115768,-61.8889
955.75,-0.115776,-61.8947
955.8,-0.115773,-61.9005
955.85,-0.115788,-61.9063
955.9,-0.115794,-61.9121
955.95,-0.115806,-61.9179
956.0,-0.115801,-61.9237
956.05,-0.115847,-61.9294
956.1,-0.115882,-61.9352
956.15,-0.115883,-61.941
956.2,-0.115875,-61.9468
956.25,-0.115874,-61.9526
956.3,-0.115874,-61.9584
956.35,-0.115877,-61.9642
956.4,-0.115866,-61.97
956.45,-0.115865,-61.9758
956.5,-0.115867,-61.9816
956.55,-0.115863,-61.9874
956.6,-0.115869,-61.9932
956.65,-0.115857,-61.999
956.7,-0.115875,-62.0048
956.75,-0.115861,-62.0106
956.8,-0.115874,-62.0163
956.85,-0.115868,-62.0221
956.9,-0.115874,-62.0279
956.95,-0.115871,-62.0337
957.0,-0.115882,-62.0395
957.05,-0.115866,-62.0453
957.1,-0.11586,-62.0511
957.15,-0.115858,-62.0569
957.2,-0.115864,-62.0627
957.25,-0.115862,-62.0685
957.3,-0.115868,-62.0743
957.35,-0.115872,-62.0801
957.4,-0.115867,-62.0859
957.45,-0.115862,-62.0917
957.5,-0.115869,-62.0975
957.55,-0.115873,-62.1032
957.6,-0.115882,-62.109
957.65,-0.115873,-62.1148
957.7,-0.115893,-62.1206
957.75,-0.1159,-62.1264
957.8,-0.115895,-62.1322
957.85,-0.115901,-62.138
957.9,-0.115894,-62.1438
957.95,-0.115892,-62.1496
958.0,-0.115909,-62.1554
958.05,-0.115918,-62.1612
958.1,-0.115909,-62.167
958.15,-0.115899,-62.1728
958.2,-0.115905,-62.1786
958.25,-0.115924,-62.1844
958.3,-0.115933,-62.1902
958.35,-0.115936,-62.196
958.4,-0.115934,-62.2018
958.45,-0.115945,-62.2076
958.5,-0.115944,-62.2134
958.55,-0.115953,-62.2192
958.6,-0.115968,-62.225
958.65,-0.11597,-62.2308
958.7,-0.115998,-62.2366
958.75,-0.116009,-62.2424
958.8,-0.116017,-62.2482
958.85,-0.116031,-62.254
958.9,-0.116038,-62.2598
958.95,-0.116051,-62.2656
959.0,-0.116047,-62.2714
959.05,-0.116049,-62.2772
959.1,-0.116067,-62.283
959.15,-0.116065,-62.2888
959.2,-0.116072,-62.2946
959.25,-0.116068,-62.3004
959.3,-0.116074,-62.3062
959.35,-0.116079,-62.312
959.4,-0.116094,-62.3178
959.45,-0.116097,-62.3236
959.5,-0.116109,-62.3294
959.55,-0.116104,-62.3352
959.6,-0.116117,-62.341
959.65,-0.116122,-62.3468
959.7,-0.116134,-62.3526
959.75,-0.116139,-62.3584
959.8,-0.116145,-62.3642
959.85,-0.116146,-62.3701
959.9,-0.116147,-62.3759
959.95,-0.116149,-62.3817
960.0,-0.116155,-62.3875
960.05,-0.116173,-62.3933
960.1,-0.116176,-62.3991
960.15,-0.116179,-62.4049
960.2,-0.116195,-62.4107
960.25,-0.1162,-62.4165
960.3,-0.116208,-62.4223
960.35,-0.116214,-62.4281
960.4,-0.116218,-62.434
960.45,-0.116221,-62.4398
960.5,-0.116244,-62.4456
960.55,-0.116239,-62.4514
960.6,-0.11625,-62.4572
960.65,-0.116259,-62.463
960.7,-0.116259,-62.4688
960.75,-0.11627,-62.4746
960.8,-0.116274,-62.4805
960.85,-0.116296,-62.4863
960.9,-0.116297,-62.4921
960.95,-0.116294,-62.4979
961.0,-0.116306,-62.5037
961.05,-0.116438,-62.5095
961.1,-0.116483,-62.5154
961.15,-0.116471,-62.5212
961.2,-0.116472,-62.527
961.25,-0.116475,-62.5328
961.3,-0.116482,-62.5387
961.35,-0.116505,-62.5445
961.4,-0.116509,-62.5503
961.45,-0.116517,-62.5561
961.5,-0.116528,-62.562
961.55,-0.116538,-62.5678
961.6,-0.116556,-62.5736
961.65,-0.116561,-62.5794
961.7,-0.116562,-62.5853
961.75,-0.116567,-62.5911
961.8,-0.116589,-62.5969
961.85,-0.11658,-62.6028
961.9,-0.11658,-62.6086
961.95,-0.116598,-62.6144
962.0,-0.116591,-62.6202
962.05,-0.116614,-62.6261
962.1,-0.116619,-62.6319
962.15,-0.116621,-62.6377
962.2,-0.116628,-62.6436
962.25,-0.116643,-62.6494
962.3,-0.116648,-62.6552
962.35,-0.116664,-62.6611
962.4,-0.116664,-62.6669
962.45,-0.11668,-62.6727
962.5,-0.116681,-62.6786
962.55,-0.116693,-62.6844
962.6,-0.116706,-62.6902
962.65,-0.116717,-62.6961
962.7,-0.116714,-62.7019
962.75,-0.116713,-62.7077
962.8,-0.116726,-62.7136
962.85,-0.116734,-62.7194
962.9,-0.116733,-62.7253
962.95,-0.11675,-62.7311
963.0,-0.116746,-62.7369
963.05,-0.116769,-62.7428
963.1,-0.116765,-62.7486
963.15,-0.116759,-62.7544
963.2,-0.116779,-62.7603
963.25,-0.116781,-62.7661
963.3,-0.116794,-62.772
963.35,-0.116802,-62.7778
963.4,-0.1168,-62.7836
963.45,-0.116785,-62.7895
963.5,-0.116798,-62.7953
963.55,-0.116808,-62.8012
963.6,-0.116817,-62.807
963.65,-0.116825,-62.8128
963.7,-0.116831,-62.8187
963.75,-0.116825,-62.8245
963.8,-0.116831,-62.8304
963.85,-0.11683,-62.8362
963.9,-0.116822,-62.842
963.95,-0.116844,-62.8479
964.0,-0.116841,-62.8537
964.05,-0.116844,-62.8596
964.1,-0.116854,-62.8654
964.15,-0.116863,-62.8713
964.2,-0.116857,-62.8771
964.25,-0.116858,-62.8829
964.3,-0.11688,-62.8888
964.35,-0.116878,-62.8946
964.4,-0.116878,-62.9005
964.45,-0.116898,-62.9063
964.5,-0.116898,-62.9122
964.55,-0.116904,-62.918
964.6,-0.116917,-62.9239
964.65,-0.11692,-62.9297
964.7,-0.116925,-62.9356
964.75,-0.11693,-62.9414
964.8,-0.116932,-62.9472
964.85,-0.116926,-62.9531
964.9,-0.116948,-62.9589
964.95,-0.116956,-62.9648
965.0,-0.116957,-62.9706
965.05,-0.116959,-62.9765
965.1,-0.11697,-62.9823
965.15,-0.116968,-62.9882
965.2,-0.116979,-62.994
965.25,-0.116972,-62.9999
965.3,-0.116973,-63.0057
965.35,-0.116971,-63.0116
965.4,-0.116974,-63.0174
965.45,-0.116971,-63.0233
965.5,-0.116978,-63.0291
965.55,-0.116985,-63.035
965.6,-0.116992,-63.0408
965.65,-0.116993,-63.0467
965.7,-0.117001,-63.0525
965.75,-0.117006,-63.0584
965.8,-0.117021,-63.0642
965.85,-0.117021,-63.0701
965.9,-0.11703,-63.0759
965.95,-0.117035,-63.0818
966.0,-0.11703,-63.0876
966.05,-0.117025,-63.0935
966.1,-0.117032,-63.0993
966.15,-0.117042,-63.1052
966.2,-0.11704,-63.111
966.25,-0.11705,-63.1169
966.3,-0.117054,-63.1227
966.35,-0.117072,-63.1286
966.4,-0.117082,-63.1344
966.45,-0.117083,-63.1403
966.5,-0.117086,-63.1462
966.55,-0.117086,-63.152
966.6,-0.117093,-63.1579
966.65,-0.117089,-63.1637
966.7,-0.117106,-63.1696
966.75,-0.117116,-63.1754
966.8,-0.117113,-63.1813
966.85,-0.117112,-63.1871
966.9,-0.117125,-63.193
966.95,-0.117129,-63.1989
967.0,-0.117135,-63.2047
967.05,-0.117155,-63.2106
967.1,-0.117161,-63.2164
967.15,-0.117174,-63.2223
967.2,-0.117165,-63.2281
967.25,-0.117161,-63.234
967.3,-0.117167,-63.2399
967.35,-0.117251,-63.2457
967.4,-0.117313,-63.2516
967.45,-0.117338,-63.2575
967.5,-0.117342,-63.2633
967.55,-0.117344,-63.2692
967.6,-0.117349,-63.2751
967.65,-0.117334,-63.2809
967.7,-0.117346,-63.2868
967.75,-0.117355,-63.2927
967.8,-0.117364,-63.2985
967.85,-0.117357,-63.3044
967.9,-0.11736,-63.3103
967.95,-0.117367,-63.3161
968.0,-0.117377,-63.322
968.05,-0.117376,-63.3279
968.1,-0.117386,-63.3337
968.15,-0.117406,-63.3396
968.2,-0.1174,-63.3455
968.25,-0.117397,-63.3513
968.3,-0.117407,-63.3572
968.35,-0.11741,-63.3631
968.4,-0.117414,-63.369
968.45,-0.117413,-63.3748
968.5,-0.117417,-63.3807
968.55,-0.117421,-63.3866
968.6,-0.117427,-63.3924
968.65,-0.117427,-63.3983
968.7,-0.117433,-63.4042
968.75,-0.117443,-63.4101
968.8,-0.11745,-63.4159
968.85,-0.117463,-63.4218
968.9,-0.117465,-63.4277
968.95,-0.117474,-63.4335
969.0,-0.117479,-63.4394
969.05,-0.117489,-63.4453
969.1,-0.117495,-63.4512
969.15,-0.117496,-63.457
969.2,-0.117498,-63.4629
969.25,-0.117497,-63.4688
969.3,-0.117508,-63.4747
969.35,-0.117496,-63.4805
969.4,-0.1175,-63.4864
969.45,-0.11751,-63.4923
969.5,-0.117514,-63.4982
969.55,-0.117507,-63.504
969.6,-0.117518,-63.5099
969.65,-0.117526,-63.5158
969.7,-0.117517,-63.5217
969.75,-0.117524,-63.5276
969.8,-0.117528,-63.5334
969.85,-0.117537,-63.5393
969.9,-0.117542,-63.5452
969.95,-0.117547,-63.5511
970.0,-0.117549,-63.5569
970.05,-0.117565,-63.5628
970.1,-0.117574,-63.5687
970.15,-0.117577,-63.5746
970.2,-0.117592,-63.5805
970.25,-0.117593,-63.5863
970.3,-0.117598,-63.5922
970.35,-0.117597,-63.5981
970.4,-0.117614,-63.604
970.45,-0.117613,-63.6099
970.5,-0.117611,-63.6157
970.55,-0.117619,-63.6216
970.6,-0.117617,-63.6275
970.65,-0.117617,-63.6334
970.7,-0.117628,-63.6393
970.75,-0.117625,-63.6451
970.8,-0.11763,-63.651
970.85,-0.117639,-63.6569
970.9,-0.117638,-63.6628
970.95,-0.117655,-63.6687
971.0,-0.117647,-63.6745
971.05,-0.117651,-63.6804
971.1,-0.117657,-63.6863
971.15,-0.117669,-63.6922
971.2,-0.11768,-63.6981
971.25,-0.11768,-63.704
971.3,-0.117677,-63.7099
971.35,-0.11768,-63.7157
971.4,-0.11769,-63.7216
971.45,-0.117686,-63.7275
971.5,-0.11769,-63.7334
971.55,-0.117701,-63.7393
971.6,-0.11772,-63.7452
971.65,-0.117731,-63.751
971.7,-0.117729,-63.7569
971.75,-0.117733,-63.7628
971.8,-0.117728,-63.7687
971.85,-0.117722,-63.7746
971.9,-0.11773,-63.7805
971.95,-0.117742,-63.7864
972.0,-0.117741,-63.7923
972.05,-0.117727,-63.7981
972.1,-0.117734,-63.804
972.15,-0.117736,-63.8099
972.2,-0.117754,-63.8158
972.25,-0.11775,-63.8217
972.3,-0.117754,-63.8276
972.35,-0.117768,-63.8335
972.4,-0.117768,-63.8394
972.45,-0.117774,-63.8452
972.5,-0.117772,-63.8511
972.55,-0.117778,-63.857
972.6,-0.117789,-63.8629
972.65,-0.117798,-63.8688
972.7,-0.117796,-63.8747
972.75,-0.117805,-63.8806
972.8,-0.117809,-63.8865
972.85,-0.117819,-63.8924
972.9,-0.117823,-63.8983
972.95,-0.117825,-63.9041
973.0,-0.117827,-63.91
973.05,-0.117841,-63.9159
973.1,-0.117846,-63.9218
973.15,-0.117851,-63.9277
973.2,-0.117845,-63.9336
973.25,-0.117839,-63.9395
973.3,-0.117843,-63.9454
973.35,-0.117843,-63.9513
973.4,-0.117842,-63.9572
973.45,-0.117853,-63.9631
973.5,-0.117855,-63.969
973.55,-0.117857,-63.9748
973.6,-0.117864,-63.9807
973.65,-0.117862,-63.9866
973.7,-0.11787,-63.9925
973.75,-0.117864,-63.9984
973.8,-0.117873,-64.0043
973.85,-0.117875,-64.0102
973.9,-0.117861,-64.0161
973.95,-0.117858,-64.022
974.0,-0.117864,-64.0279
974.05,-0.117878,-64.0338
974.1,-0.117872,-64.0397
974.15,-0.117876,-64.0456
974.2,-0.117881,-64.0515
974.25,-0.117885,-64.0574
974.3,-0.117885,-64.0633
974.35,-0.117895,-64.0691
974.4,-0.117905,-64.075
974.45,-0.117913,-64.0809
974.5,-0.117904,-64.0868
974.55,-0.117896,-64.0927
974.6,-0.117936,-64.0986
974.65,-0.117954,-64.1045
974.7,-0.117964,-64.1104
974.75,-0.11796,-64.1163
974.8,-0.117955,-64.1222
974.85,-0.117966,-64.1281
974.9,-0.117976,-64.134
974.95,-0.117978,-64.1399
975.0,-0.117985,-64.1458
975.05,-0.117987,-64.1517
975.1,-0.117978,-64.1576
975.15,-0.117978,-64.1635
975.2,-0.117995,-64.1694
975.25,-0.117982,-64.1753
975.3,-0.117982,-64.1812
975.35,-0.117979,-64.1871
975.4,-0.117993,-64.193
975.45,-0.118002,-64.1989
975.5,-0.117982,-64.2048
975.55,-0.11799,-64.2107
975.6,-0.117989,-64.2166
975.65,-0.11798,-64.2225
975.7,-0.117949,-64.2284
975.75,-0.117938,-64.2343
975.8,-0.117942,-64.2402
975.85,-0.117963,-64.2461
975.9,-0.117962,-64.252
975.95,-0.11795,-64.2579
976.0,-0.117963,-64.2638
976.05,-0.11796,-64.2697
976.1,-0.117964,-64.2756
976.15,-0.117961,-64.2815
976.2,-0.117962,-64.2874
976.25,-0.117937,-64.2933
976.3,-0.11794,-64.2992
976.35,-0.117937,-64.3051
976.4,-0.117934,-64.311
976.45,-0.117941,-64.3169
976.5,-0.117939,-64.3228
976.55,-0.117933,-64.3287
976.6,-0.117945,-64.3346
976.65,-0.117938,-64.3404
976.7,-0.117936,-64.3463
976.75,-0.117937,-64.3522
976.8,-0.117934,-64.3581
976.85,-0.117921,-64.364
976.9,-0.117922,-64.3699
976.95,-0.11793,-64.3758
977.0,-0.117936,-64.3817
977.05,-0.117911,-64.3876
977.1,-0.117904,-64.3935
977.15,-0.117928,-64.3994
977.2,-0.117918,-64.4053
977.25,-0.117924,-64.4112
977.3,-0.117923,-64.4171
977.35,-0.117915,-64.423
977.4,-0.117917,-64.4289
977.45,-0.117919,-64.4348
977.5,-0.117912,-64.4407
977.55,-0.117914,-64.4466
977.6,-0.117906,-64.4525
977.65,-0.117911,-64.4584
977.7,-0.117909,-64.4643
977.75,-0.117913,-64.4702
977.8,-0.117913,-64.4761
977.85,-0.11791,-64.482
977.9,-0.11791,-64.4878
977.95,-0.117905,-64.4937
978.0,-0.117921,-64.4996
978.05,-0.117916,-64.5055
978.1,-0.1179,-64.5114
978.15,-0.117914,-64.5173
978.2,-0.117916,-64.5232
978.25,-0.117921,-64.5291
978.3,-0.117921,-64.535
978.35,-0.117906,-64.5409
978.4,-0.117902,-64.5468
978.45,-0.117905,-64.5527
978.5,-0.117907,-64.5586
978.55,-0.117913,-64.5645
978.6,-0.117918,-64.5704
978.65,-0.117928,-64.5763
978.7,-0.11795,-64.5822
978.75,-0.117977,-64.5881
978.8,-0.117982,-64.594
978.85,-0.117986,-64.5999
978.9,-0.117972,-64.6058
978.95,-0.117961,-64.6117
979.0,-0.117967,-64.6176
979.05,-0.117957,-64.6235
979.1,-0.117951,-64.6294
979.15,-0.117946,-64.6353
979.2,-0.117951,-64.6412
979.25,-0.117943,-64.6471
979.3,-0.117959,-64.653
979.35,-0.11797,-64.6589
979.4,-0.117964,-64.6648
979.45,-0.117959,-64.6707
979.5,-0.117961,-64.6766
979.55,-0.117948,-64.6824
979.6,-0.117957,-64.6883
979.65,-0.117962,-64.6942
979.7,-0.117971,-64.7001
979.75,-0.117969,-64.706
979.8,-0.117963,-64.7119
979.85,-0.117977,-64.7178
979.9,-0.117976,-64.7237
979.95,-0.117987,-64.7296
980.0,-0.11798,-64.7355
980.05,-0.11799,-64.7414
980.1,-0.118,-64.7473
980.15,-0.117998,-64.7532
980.2,-0.117994,-64.7591
980.25,-0.118005,-64.765
980.3,-0.118003,-64.7709
980.35,-0.118028,-64.7768
980.4,-0.118029,-64.7827
980.45,-0.118034,-64.7886
980.5,-0.118047,-64.7945
980.55,-0.118047,-64.8004
980.6,-0.11805,-64.8063
980.65,-0.118056,-64.8122
980.7,-0.118065,-64.8182
980.75,-0.118061,-64.8241
980.8,-0.11806,-64.83
980.85,-0.118069,-64.8359
980.9,-0.118061,-64.8418
980.95,-0.118072,-64.8477
981.0,-0.118058,-64.8536
981.05,-0.118065,-64.8595
981.1,-0.118078,-64.8654
981.15,-0.118083,-64.8713
981.2,-0.118077,-64.8772
981.25,-0.118087,-64.8831
981.3,-0.118085,-64.889
981.35,-0.118084,-64.8949
981.4,-0.118092,-64.9008
981.45,-0.118093,-64.9067
981.5,-0.118098,-64.9126
981.55,-0.118107,-64.9185
981.6,-0.118095,-64.9244
981.65,-0.118106,-64.9303
981.7,-0.11811,-64.9362
981.75,-0.118114,-64.9421
981.8,-0.118114,-64.948
981.85,-0.118115,-64.9539
981.9,-0.118112,-64.9599
981.95,-0.118124,-64.9658
982.0,-0.118118,-64.9717
982.05,-0.118125,-64.9776
982.1,-0.118134,-64.9835
982.15,-0.118121,-64.9894
982.2,-0.118132,-64.9953
982.25,-0.118127,-65.0012
982.3,-0.118135,-65.0071
982.35,-0.118135,-65.013
982.4,-0.118142,-65.0189
982.45,-0.118155,-65.0248
982.5,-0.118163,-65.0307
982.55,-0.11816,-65.0366
982.6,-0.118176,-65.0426
982.65,-0.118176,-65.0485
982.7,-0.118179,-65.0544
982.75,-0.118171,-65.0603
982.8,-0.118187,-65.0662
982.85,-0.118194,-65.0721
982.9,-0.118211,-65.078
982.95,-0.118219,-65.0839
983.0,-0.118216,-65.0898
983.05,-0.118221,-65.0957
983.1,-0.118218,-65.1017
983.15,-0.118225,-65.1076
983.2,-0.118241,-65.1135
983.25,-0.118237,-65.1194
983.3,-0.118245,-65.1253
983.35,-0.118245,-65.1312
983.4,-0.118248,-65.1371
983.45,-0.118261,-65.143
983.5,-0.118257,-65.1489
983.55,-0.118276,-65.1549
983.6,-0.118279,-65.1608
983.65,-0.118272,-65.1667
983.7,-0.118267,-65.1726
983.75,-0.118273,-65.1785
983.8,-0.11828,-65.1844
983.85,-0.118276,-65.1903
983.9,-0.118274,-65.1963
983.95,-0.118289,-65.2022
984.0,-0.118289,-65.2081
984.05,-0.118299,-65.214
984.1,-0.118287,-65.2199
984.15,-0.118301,-65.2258
984.2,-0.118306,-65.2318
984.25,-0.118304,-65.2377
984.3,-0.11832,-65.2436
984.35,-0.118321,-65.2495
984.4,-0.118327,-65.2554
984.45,-0.118329,-65.2613
984.5,-0.118326,-65.2673
984.55,-0.118336,-65.2732
984.6,-0.118342,-65.2791
984.65,-0.118347,-65.285
984.7,-0.118361,-65.2909
984.75,-0.118359,-65.2968
984.8,-0.118362,-65.3027
984.85,-0.118357,-65.3087
984.9,-0.118373,-65.3146
984.95,-0.118397,-65.3205
985.0,-0.118402,-65.3264
985.05,-0.118399,-65.3324
985.1,-0.118407,-65.3383
985.15,-0.118426,-65.3442
985.2,-0.118423,-65.3501
985.25,-0.118419,-65.356
985.3,-0.118432,-65.362
985.35,-0.118445,-65.3679
985.4,-0.118451,-65.3738
985.45,-0.118454,-65.3797
985.5,-0.118456,-65.3856
985.55,-0.118463,-65.3916
985.6,-0.118474,-65.3975
985.65,-0.118485,-65.4034
985.7,-0.11849,-65.4093
985.75,-0.1185,-65.4153
985.8,-0.118494,-65.4212
985.85,-0.118484,-65.4271
985.9,-0.118493,-65.433
985.95,-0.118508,-65.439
986.0,-0.118514,-65.4449
986.05,-0.118516,-65.4508
986.1,-0.118504,-65.4567
986.15,-0.118504,-65.4627
986.2,-0.118502,-65.4686
986.25,-0.118501,-65.4745
986.3,-0.118522,-65.4804
986.35,-0.11853,-65.4864
986.4,-0.118538,-65.4923
986.45,-0.118531,-65.4982
986.5,-0.118531,-65.5042
986.55,-0.11854,-65.5101
986.6,-0.118553,-65.516
986.65,-0.118557,-65.5219
986.7,-0.118553,-65.5279
986.75,-0.118555,-65.5338
986.8,-0.11856,-65.5397
986.85,-0.118557,-65.5456
986.9,-0.118576,-65.5516
986.95,-0.118578,-65.5575
987.0,-0.118594,-65.5634
987.05,-0.118579,-65.5694
987.1,-0.118586,-65.5753
987.15,-0.118582,-65.5812
987.2,-0.118592,-65.5872
987.25,-0.118585,-65.5931
987.3,-0.118603,-65.599
987.35,-0.1186,-65.6049
987.4,-0.118594,-65.6109
987.45,-0.118606,-65.6168
987.5,-0.118614,-65.6227
987.55,-0.118621,-65.6287
987.6,-0.118627,-65.6346
987.65,-0.118644,-65.6405
987.7,-0.118642,-65.6465
987.75,-0.118655,-65.6524
987.8,-0.11867,-65.6583
987.85,-0.118677,-65.6643
987.9,-0.118684,-65.6702
987.95,-0.118695,-65.6761
988.0,-0.118701,-65.6821
988.05,-0.118712,-65.688
988.1,-0.118724,-65.6939
988.15,-0.118729,-65.6999
988.2,-0.118735,-65.7058
988.25,-0.118743,-65.7117
988.3,-0.118755,-65.7177
988.35,-0.118747,-65.7236
988.4,-0.11877,-65.7296
988.45,-0.118774,-65.7355
988.5,-0.118771,-65.7414
988.55,-0.118781,-65.7474
988.6,-0.118778,-65.7533
988.65,-0.118785,-65.7592
988.7,-0.118806,-65.7652
988.75,-0.118811,-65.7711
988.8,-0.11882,-65.7771
988.85,-0.118819,-65.783
988.9,-0.118829,-65.789
988.95,-0.118831,-65.7949
989.0,-0.118841,-65.8008
989.05,-0.118847,-65.8068
989.1,-0.118852,-65.8127
989.15,-0.118867,-65.8187
989.2,-0.11886,-65.8246
989.25,-0.118864,-65.8306
989.3,-0.118854,-65.8365
989.35,-0.118861,-65.8424
989.4,-0.118869,-65.8484
989.45,-0.118881,-65.8543
989.5,-0.118878,-65.8603
989.55,-0.118893,-65.8662
989.6,-0.118892,-65.8722
989.65,-0.118912,-65.8781
989.7,-0.11892,-65.884
989.75,-0.118909,-65.89
989.8,-0.11893,-65.8959
989.85,-0.118938,-65.9019
989.9,-0.118939,-65.9078
989.95,-0.118944,-65.9138
990.0,-0.118935,-65.9197
990.05,-0.11895,-65.9257
990.1,-0.11896,-65.9316
990.15,-0.118962,-65.9376
990.2,-0.118977,-65.9435
990.25,-0.118973,-65.9495
990.3,-0.118988,-65.9554
990.35,-0.118983,-65.9614
990.4,-0.119014,-65.9673
990.45,-0.119014,-65.9733
990.5,-0.119021,-65.9792
990.55,-0.119038,-65.9852
990.6,-0.119041,-65.9911
990.65,-0.119046,-65.9971
990.7,-0.119049,-66.003
990.75,-0.119057,-66.009
990.8,-0.11907,-66.0149
990.85,-0.119074,-66.0209
990.9,-0.119077,-66.0268
990.95,-0.11908,-66.0328
991.0,-0.119092,-66.0387
991.05,-0.119087,-66.0447
991.1,-0.119081,-66.0507
991.15,-0.119093,-66.0566
991.2,-0.119104,-66.0626
991.25,-0.119103,-66.0685
991.3,-0.119104,-66.0745
991.35,-0.119122,-66.0804
991.4,-0.119125,-66.0864
991.45,-0.119132,-66.0923
991.5,-0.11914,-66.0983
991.55,-0.11913,-66.1043
991.6,-0.119136,-66.1102
991.65,-0.119139,-66.1162
991.7,-0.119138,-66.1221
991.75,-0.119145,-66.1281
991.8,-0.11915,-66.134
991.85,-0.119153,-66.14
991.9,-0.119169,-66.146
991.95,-0.119178,-66.1519
992.0,-0.119182,-66.1579
992.05,-0.119181,-66.1638
992.1,-0.119174,-66.1698
992.15,-0.119189,-66.1758
992.2,-0.119177,-66.1817
992.25,-0.119192,-66.1877
992.3,-0.119195,-66.1936
992.35,-0.119198,-66.1996
992.4,-0.119208,-66.2056
992.45,-0.119207,-66.2115
992.5,-0.119198,-66.2175
992.55,-0.119208,-66.2234
992.6,-0.119228,-66.2294
992.65,-0.119234,-66.2354
992.7,-0.119243,-66.2413
992.75,-0.119247,-66.2473
992.8,-0.119245,-66.2533
992.85,-0.119249,-66.2592
992.9,-0.119264,-66.2652
992.95,-0.119279,-66.2711
993.0,-0.119278,-66.2771
993.05,-0.119284,-66.2831
993.1,-0.119281,-66.289
993.15,-0.119302,-66.295
993.2,-0.119306,-66.301
993.25,-0.119313,-66.3069
993.3,-0.119332,-66.3129
993.35,-0.11934,-66.3189
993.4,-0.11934,-66.3248
993.45,-0.119345,-66.3308
993.5,-0.119352,-66.3368
993.55,-0.119345,-66.3427
993.6,-0.119346,-66.3487
993.65,-0.119346,-66.3547
993.7,-0.11936,-66.3606
993.75,-0.119353,-66.3666
993.8,-0.119359,-66.3726
993.85,-0.11935,-66.3785
993.9,-0.119365,-66.3845
993.95,-0.119361,-66.3905
994.0,-0.119372,-66.3964
994.05,-0.119381,-66.4024
994.1,-0.119383,-66.4084
994.15,-0.119378,-66.4143
994.2,-0.119374,-66.4203
994.25,-0.119378,-66.4263
994.3,-0.119375,-66.4323
994.35,-0.11938,-66.4382
994.4,-0.119383,-66.4442
994.45,-0.119373,-66.4502
994.5,-0.119374,-66.4561
994.55,-0.11938,-66.4621
994.6,-0.119384,-66.4681
994.65,-0.119391,-66.474
994.7,-0.119391,-66.48
994.75,-0.11939,-66.486
994.8,-0.119386,-66.4919
994.85,-0.119396,-66.4979
994.9,-0.119387,-66.5039
994.95,-0.11939,-66.5098
995.0,-0.119398,-66.5158
995.05,-0.119402,-66.5218
995.1,-0.119405,-66.5278
995.15,-0.119408,-66.5337
995.2,-0.119408,-66.5397
995.25,-0.119402,-66.5457
995.3,-0.119397,-66.5516
995.35,-0.119412,-66.5576
995.4,-0.119407,-66.5636
995.45,-0.119419,-66.5696
995.5,-0.119424,-66.5755
995.55,-0.119428,-66.5815
995.6,-0.119425,-66.5875
995.65,-0.119426,-66.5934
995.7,-0.119436,-66.5994
995.75,-0.119435,-66.6054
995.8,-0.119446,-66.6114
995.85,-0.119467,-66.6173
995.9,-0.119467,-66.6233
995.95,-0.119467,-66.6293
996.0,-0.119477,-66.6353
996.05,-0.119479,-66.6412
996.1,-0.119484,-66.6472
996.15,-0.119485,-66.6532
996.2,-0.119491,-66.6591
996.25,-0.119494,-66.6651
996.3,-0.119483,-66.6711
996.35,-0.11949,-66.6771
996.4,-0.119489,-66.683
996.45,-0.119505,-66.689
996.5,-0.119496,-66.695
996.55,-0.119498,-66.701
996.6,-0.119496,-66.7069
996.65,-0.119505,-66.7129
996.7,-0.119501,-66.7189
996.75,-0.119503,-66.7249
996.8,-0.119503,-66.7308
996.85,-0.119503,-66.7368
996.9,-0.119502,-66.7428
996.95,-0.119493,-66.7488
997.0,-0.119498,-66.7547
997.05,-0.119496,-66.7607
997.1,-0.1195,-66.7667
997.15,-0.119499,-66.7727
997.2,-0.119494,-66.7786
997.25,-0.119485,-66.7846
997.3,-0.119464,-66.7906
997.35,-0.119481,-66.7966
997.4,-0.119481,-66.8025
997.45,-0.119486,-66.8085
997.5,-0.119477,-66.8145
997.55,-0.119482,-66.8205
997.6,-0.119491,-66.8264
997.65,-0.119481,-66.8324
997.7,-0.119485,-66.8384
997.75,-0.119475,-66.8444
997.8,-0.119474,-66.8503
997.85,-0.119488,-66.8563
997.9,-0.119493,-66.8623
997.95,-0.119499,-66.8683
998.0,-0.119477,-66.8742
998.05,-0.119483,-66.8802
998.1,-0.119484,-66.8862
998.15,-0.119487,-66.8922
998.2,-0.119489,-66.8981
998.25,-0.119495,-66.9041
998.3,-0.1195,-66.9101
998.35,-0.119512,-66.9161
998.4,-0.119523,-66.922
998.45,-0.119521,-66.928
998.5,-0.119542,-66.934
998.55,-0.119528,-66.94
998.6,-0.119548,-66.9459
998.65,-0.119556,-66.9519
998.7,-0.119555,-66.9579
998.75,-0.119579,-66.9639
998.8,-0.11958,-66.9698
998.85,-0.119576,-66.9758
998.9,-0.119592,-66.9818
998.95,-0.119588,-66.9878
999.0,-0.119597,-66.9938
999.05,-0.119574,-66.9997
999.1,-0.119583,-67.0057
999.15,-0.119588,-67.0117
999.2,-0.11959,-67.0177
999.25,-0.119587,-67.0237
999.3,-0.119582,-67.0296
999.35,-0.119589,-67.0356
999.4,-0.119575,-67.0416
999.45,-0.119587,-67.0476
999.5,-0.119595,-67.0536
999.55,-0.119608,-67.0595
999.6,-0.119615,-67.0655
999.65,-0.119625,-67.0715
999.7,-0.119605,-67.0775
999.75,-0.1196,-67.0835
999.8,-0.119612,-67.0894
999.85,-0.119606,-67.0954
999.9,-0.119601,-67.1014
999.95,-0.119601,-67.1074
1000.0,-0.119617,-67.1134
1000.05,-0.119604,-67.1193
1000.1,-0.119606,-67.1253
1000.15,-0.119605,-67.1313
1000.2,-0.119615,-67.1373
1000.25,-0.119615,-67.1433
1000.3,-0.119621,-67.1492
1000.35,-0.119626,-67.1552
1000.4,-0.11963,-67.1612
1000.45,-0.119639,-67.1672
1000.5,-0.119639,-67.1732
1000.55,-0.119646,-67.1792
1000.6,-0.119632,-67.1851
1000.65,-0.119637,-67.1911
1000.7,-0.119649,-67.1971
1000.75,-0.119651,-67.2031
1000.8,-0.119643,-67.2091
1000.85,-0.119655,-67.215
1000.9,-0.11966,-67.221
1000.95,-0.119674,-67.227
1001.0,-0.119681,-67.233
1001.05,-0.119686,-67.239
1001.1,-0.119683,-67.245
1001.15,-0.119687,-67.251
1001.2,-0.119701,-67.2569
1001.25,-0.119771,-67.2629
1001.3,-0.119808,-67.2689
1001.35,-0.119829,-67.2749
1001.4,-0.119834,-67.2809
1001.45,-0.11984,-67.2869
1001.5,-0.119847,-67.2929
1001.55,-0.119845,-67.2989
1001.6,-0.119851,-67.3049
1001.65,-0.119856,-67.3109
1001.7,-0.119874,-67.3169
1001.75,-0.119876,-67.3229
1001.8,-0.119878,-67.3288
1001.85,-0.119879,-67.3348
1001.9,-0.119892,-67.3408
1001.95,-0.119901,-67.3468
1002.0,-0.119906,-67.3528
1002.05,-0.119894,-67.3588
1002.1,-0.119895,-67.3648
1002.15,-0.119901,-67.3708
1002.2,-0.119911,-67.3768
1002.25,-0.119905,-67.3828
1002.3,-0.119911,-67.3888
1002.35,-0.119916,-67.3948
1002.4,-0.119929,-67.4008
1002.45,-0.119931,-67.4068
1002.5,-0.119937,-67.4128
1002.55,-0.119954,-67.4188
1002.6,-0.119947,-67.4248
1002.65,-0.119952,-67.4308
1002.7,-0.11997,-67.4368
1002.75,-0.119955,-67.4428
1002.8,-0.119961,-67.4488
1002.85,-0.11997,-67.4548
1002.9,-0.119976,-67.4608
1002.95,-0.119987,-67.4668
1003.0,-0.11999,-67.4728
1003.05,-0.120011,-67.4788
1003.1,-0.12003,-67.4848
1003.15,-0.120023,-67.4908
1003.2,-0.120007,-67.4968
1003.25,-0.120022,-67.5028
1003.3,-0.120024,-67.5088
1003.35,-0.120026,-67.5148
1003.4,-0.120028,-67.5208
1003.45,-0.12004,-67.5268
1003.5,-0.12006,-67.5328
1003.55,-0.12006,-67.5388
1003.6,-0.120066,-67.5448
1003.65,-0.120075,-67.5508
1003.7,-0.120057,-67.5568
1003.75,-0.12008,-67.5628
1003.8,-0.120091,-67.5688
1003.85,-0.120093,-67.5748
1003.9,-0.120105,-67.5808
1003.95,-0.1201,-67.5868
1004.0,-0.120114,-67.5928
1004.05,-0.120126,-67.5988
1004.1,-0.120143,-67.6048
1004.15,-0.12015,-67.6108
1004.2,-0.120157,-67.6168
1004.25,-0.120152,-67.6229
1004.3,-0.120161,-67.6289
1004.35,-0.120161,-67.6349
1004.4,-0.120169,-67.6409
1004.45,-0.120172,-67.6469
1004.5,-0.120188,-67.6529
1004.55,-0.120201,-67.6589
1004.6,-0.120206,-67.6649
1004.65,-0.120209,-67.6709
1004.7,-0.120208,-67.6769
1004.75,-0.120216,-67.683
1004.8,-0.120223,-67.689
1004.85,-0.120218,-67.695
1004.9,-0.120231,-67.701
1004.95,-0.120226,-67.707
1005.0,-0.120229,-67.713
1005.05,-0.120229,-67.719
1005.1,-0.12022,-67.725
1005.15,-0.120224,-67.731
1005.2,-0.120228,-67.7371
1005.25,-0.12023,-67.7431
1005.3,-0.120233,-67.7491
1005.35,-0.120241,-67.7551
1005.4,-0.120237,-67.7611
1005.45,-0.12023,-67.7671
1005.5,-0.120237,-67.7731
1005.55,-0.120244,-67.7791
1005.6,-0.120248,-67.7851
1005.65,-0.12025,-67.7912
1005.7,-0.12025,-67.7972
1005.75,-0.120246,-67.8032
1005.8,-0.120253,-67.8092
1005.85,-0.120258,-67.8152
1005.9,-0.120267,-67.8212
1005.95,-0.120274,-67.8272
1006.0,-0.120278,-67.8333
1006.05,-0.120286,-67.8393
1006.1,-0.120295,-67.8453
1006.15,-0.120287,-67.8513
1006.2,-0.120287,-67.8573
1006.25,-0.120288,-67.8633
1006.3,-0.120294,-67.8693
1006.35,-0.120298,-67.8754
1006.4,-0.120293,-67.8814
1006.45,-0.120306,-67.8874
1006.5,-0.12031,-67.8934
1006.55,-0.12034,-67.8994
1006.6,-0.120344,-67.9054
1006.65,-0.120347,-67.9114
1006.7,-0.120366,-67.9175
1006.75,-0.120357,-67.9235
1006.8,-0.120379,-67.9295
1006.85,-0.120378,-67.9355
1006.9,-0.120387,-67.9415
1006.95,-0.120391,-67.9476
1007.0,-0.120395,-67.9536
1007.05,-0.120405,-67.9596
1007.1,-0.120397,-67.9656
1007.15,-0.120403,-67.9716
1007.2,-0.120402,-67.9777
1007.25,-0.120402,-67.9837
1007.3,-0.120415,-67.9897
1007.35,-0.120431,-67.9957
1007.4,-0.120423,-68.0017
1007.45,-0.120431,-68.0078
1007.5,-0.120433,-68.0138
1007.55,-0.120431,-68.0198
1007.6,-0.120436,-68.0258
1007.65,-0.120443,-68.0319
1007.7,-0.12044,-68.0379
1007.75,-0.120436,-68.0439
1007.8,-0.120432,-68.0499
1007.85,-0.120448,-68.0559
1007.9,-0.120451,-68.062
1007.95,-0.120458,-68.068
1008.0,-0.120458,-68.074
1008.05,-0.120462,-68.08
1008.1,-0.120463,-68.0861
1008.15,-0.12045,-68.0921
1008.2,-0.120444,-68.0981
1008.25,-0.12046,-68.1041
1008.3,-0.120466,-68.1101
1008.35,-0.12046,-68.1162
1008.4,-0.120472,-68.1222
1008.45,-0.120474,-68.1282
1008.5,-0.12046,-68.1342
1008.55,-0.120458,-68.1403
1008.6,-0.120464,-68.1463
1008.65,-0.120482,-68.1523
1008.7,-0.120454,-68.1583
1008.75,-0.120446,-68.1644
1008.8,-0.120449,-68.1704
1008.85,-0.120447,-68.1764
1008.9,-0.120427,-68.1824
1008.95,-0.120433,-68.1884
1009.0,-0.120442,-68.1945
1009.05,-0.120452,-68.2005
1009.1,-0.120462,-68.2065
1009.15,-0.120456,-68.2125
1009.2,-0.120455,-68.2186
1009.25,-0.120456,-68.2246
1009.3,-0.12047,-68.2306
1009.35,-0.120465,-68.2366
1009.4,-0.120468,-68.2427
1009.45,-0.12047,-68.2487
1009.5,-0.120461,-68.2547
1009.55,-0.120461,-68.2607
1009.6,-0.120455,-68.2667
1009.65,-0.120466,-68.2728
1009.7,-0.120474,-68.2788
1009.75,-0.120476,-68.2848
1009.8,-0.120483,-68.2908
1009.85,-0.120491,-68.2969
1009.9,-0.120502,-68.3029
1009.95,-0.120495,-68.3089
1010.0,-0.120498,-68.3149
1010.05,-0.120499,-68.321
1010.1,-0.120512,-68.327
1010.15,-0.120499,-68.333
1010.2,-0.120519,-68.339
1010.25,-0.120535,-68.3451
1010.3,-0.120532,-68.3511
1010.35,-0.120537,-68.3571
1010.4,-0.120531,-68.3631
1010.45,-0.120538,-68.3692
1010.5,-0.120537,-68.3752
1010.55,-0.120537,-68.3812
1010.6,-0.120539,-68.3873
1010.65,-0.120536,-68.3933
1010.7,-0.120527,-68.3993
1010.75,-0.120524,-68.4053
1010.8,-0.120523,-68.4114
1010.85,-0.120508,-68.4174
1010.9,-0.120521,-68.4234
1010.95,-0.120523,-68.4294
1011.0,-0.120518,-68.4355
1011.05,-0.120526,-68.4415
1011.1,-0.120531,-68.4475
1011.15,-0.120545,-68.4535
1011.2,-0.120546,-68.4596
1011.25,-0.12054,-68.4656
1011.3,-0.120545,-68.4716
1011.35,-0.120542,-68.4777
1011.4,-0.120539,-68.4837
1011.45,-0.120539,-68.4897
1011.5,-0.120548,-68.4957
1011.55,-0.120559,-68.5018
1011.6,-0.120555,-68.5078
1011.65,-0.120552,-68.5138
1011.7,-0.120568,-68.5198
1011.75,-0.120576,-68.5259
1011.8,-0.120577,-68.5319
1011.85,-0.120576,-68.5379
1011.9,-0.120585,-68.544
1011.95,-0.120592,-68.55
1012.0,-0.120586,-68.556
1012.05,-0.120584,-68.562
1012.1,-0.120584,-68.5681
1012.15,-0.120588,-68.5741
1012.2,-0.120591,-68.5801
1012.25,-0.120596,-68.5862
1012.3,-0.120613,-68.5922
1012.35,-0.12061,-68.5982
1012.4,-0.120618,-68.6043
1012.45,-0.120614,-68.6103
1012.5,-0.120634,-68.6163
1012.55,-0.120633,-68.6224
1012.6,-0.120642,-68.6284
1012.65,-0.120651,-68.6344
1012.7,-0.120652,-68.6404
1012.75,-0.120649,-68.6465
1012.8,-0.120645,-68.6525
1012.85,-0.120662,-68.6585
1012.9,-0.120665,-68.6646
1012.95,-0.120664,-68.6706
1013.0,-0.120671,-68.6766
1013.05,-0.120679,-68.6827
1013.1,-0.120671,-68.6887
1013.15,-0.12068,-68.6947
1013.2,-0.120685,-68.7008
1013.25,-0.120687,-68.7068
1013.3,-0.120704,-68.7129
1013.35,-0.120702,-68.7189
1013.4,-0.120709,-68.7249
1013.45,-0.120707,-68.731
1013.5,-0.120712,-68.737
1013.55,-0.120711,-68.743
1013.6,-0.120712,-68.7491
1013.65,-0.120721,-68.7551
1013.7,-0.120737,-68.7611
1013.75,-0.120735,-68.7672
1013.8,-0.120727,-68.7732
1013.85,-0.120738,-68.7792
1013.9,-0.120745,-68.7853
1013.95,-0.120753,-68.7913
1014.0,-0.120761,-68.7974
1014.05,-0.120758,-68.8034
1014.1,-0.120754,-68.8094
1014.15,-0.120762,-68.8155
1014.2,-0.120755,-68.8215
1014.25,-0.120761,-68.8276
1014.3,-0.120773,-68.8336
1014.35,-0.120758,-68.8396
1014.4,-0.120742,-68.8457
1014.45,-0.120749,-68.8517
1014.5,-0.120733,-68.8577
1014.55,-0.120744,-68.8638
1014.6,-0.120759,-68.8698
1014.65,-0.120749,-68.8758
1014.7,-0.120758,-68.8819
1014.75,-0.120776,-68.8879
1014.8,-0.120778,-68.894
1014.85,-0.120784,-68.9
1014.9,-0.120788,-68.906
1014.95,-0.120792,-68.9121
1015.0,-0.120802,-68.9181
1015.05,-0.120804,-68.9242
1015.1,-0.120799,-68.9302
1015.15,-0.120798,-68.9362
1015.2,-0.120802,-68.9423
1015.25,-0.120809,-68.9483
1015.3,-0.120808,-68.9544
1015.35,-0.120823,-68.9604
1015.4,-0.120819,-68.9664
1015.45,-0.120828,-68.9725
1015.5,-0.12083,-68.9785
1015.55,-0.120847,-68.9846
1015.6,-0.120851,-68.9906
1015.65,-0.120855,-68.9967
1015.7,-0.120858,-69.0027
1015.75,-0.120863,-69.0087
1015.8,-0.12087,-69.0148
1015.85,-0.120874,-69.0208
1015.9,-0.120874,-69.0269
1015.95,-0.120886,-69.0329
1016.0,-0.120898,-69.039
1016.05,-0.12091,-69.045
1016.1,-0.120927,-69.0511
1016.15,-0.120935,-69.0571
1016.2,-0.120942,-69.0631
1016.25,-0.120951,-69.0692
1016.3,-0.120966,-69.0752
1016.35,-0.120965,-69.0813
1016.4,-0.12098,-69.0873
1016.45,-0.120993,-69.0934
1016.5,-0.12099,-69.0994
1016.55,-0.120978,-69.1055
1016.6,-0.120989,-69.1115
1016.65,-0.120986,-69.1176
1016.7,-0.121007,-69.1236
1016.75,-0.121014,-69.1297
1016.8,-0.121036,-69.1357
1016.85,-0.121025,-69.1418
1016.9,-0.12102,-69.1478
1016.95,-0.121037,-69.1539
1017.0,-0.121046,-69.16
1017.05,-0.121043,-69.166
1017.1,-0.121055,-69.1721
1017.15,-0.121065,-69.1781
1017.2,-0.121059,-69.1842
1017.25,-0.121061,-69.1902
1017.3,-0.121077,-69.1963
1017.35,-0.121073,-69.2023
1017.4,-0.121092,-69.2084
1017.45,-0.121085,-69.2144
1017.5,-0.121089,-69.2205
1017.55,-0.121102,-69.2265
1017.6,-0.121102,-69.2326
1017.65,-0.121102,-69.2386
1017.7,-0.121107,-69.2447
1017.75,-0.121122,-69.2508
1017.8,-0.121121,-69.2568
1017.85,-0.121124,-69.2629
1017.9,-0.121124,-69.2689
1017.95,-0.121124,-69.275
1018.0,-0.121131,-69.281
1018.05,-0.121135,-69.2871
1018.1,-0.121138,-69.2932
1018.15,-0.121136,-69.2992
1018.2,-0.121136,-69.3053
1018.25,-0.121131,-69.3113
1018.3,-0.121136,-69.3174
1018.35,-0.121156,-69.3234
1018.4,-0.121155,-69.3295
1018.45,-0.121163,-69.3356
1018.5,-0.121166,-69.3416
1018.55,-0.121167,-69.3477
1018.6,-0.121162,-69.3537
1018.65,-0.121169,-69.3598
1018.7,-0.121182,-69.3658
1018.75,-0.121183,-69.3719
1018.8,-0.121182,-69.378
1018.85,-0.121179,-69.384
1018.9,-0.121192,-69.3901
1018.95,-0.121202,-69.3961
1019.0,-0.1212,-69.4022
1019.05,-0.121213,-69.4083
1019.1,-0.121217,-69.4143
1019.15,-0.121217,-69.4204
1019.2,-0.121207,-69.4264
1019.25,-0.121217,-69.4325
1019.3,-0.121222,-69.4386
1019.35,-0.121236,-69.4446
1019.4,-0.121241,-69.4507
1019.45,-0.121254,-69.4568
1019.5,-0.121253,-69.4628
1019.55,-0.121281,-69.4689
1019.6,-0.121279,-69.4749
1019.65,-0.121265,-69.481
1019.7,-0.121263,-69.4871
1019.75,-0.12127,-69.4931
1019.8,-0.121275,-69.4992
1019.85,-0.121291,-69.5053
1019.9,-0.121291,-69.5113
1019.95,-0.121287,-69.5174
1020.0,-0.121295,-69.5235
1020.05,-0.121308,-69.5295
1020.1,-0.12132,-69.5356
1020.15,-0.121332,-69.5417
1020.2,-0.121347,-69.5477
1020.25,-0.121342,-69.5538
1020.3,-0.121356,-69.5599
1020.35,-0.121339,-69.5659
1020.4,-0.121338,-69.572
1020.45,-0.121346,-69.5781
1020.5,-0.121339,-69.5841
1020.55,-0.12135,-69.5902
1020.6,-0.121377,-69.5963
1020.65,-0.121373,-69.6023
1020.7,-0.121383,-69.6084
1020.75,-0.121386,-69.6145
1020.8,-0.121385,-69.6205
1020.85,-0.121399,-69.6266
1020.9,-0.121409,-69.6327
1020.95,-0.121398,-69.6387
1021.0,-0.121421,-69.6448
1021.05,-0.121434,-69.6509
1021.1,-0.121436,-69.657
1021.15,-0.121425,-69.663
1021.2,-0.121439,-69.6691
1021.25,-0.12146,-69.6752
1021.3,-0.121469,-69.6813
1021.35,-0.121474,-69.6873
1021.4,-0.121482,-69.6934
1021.45,-0.121481,-69.6995
1021.5,-0.121486,-69.7056
1021.55,-0.121496,-69.7116
1021.6,-0.121504,-69.7177
1021.65,-0.121506,-69.7238
1021.7,-0.12149,-69.7299
1021.75,-0.121486,-69.7359
1021.8,-0.121497,-69.742
1021.85,-0.121512,-69.7481
1021.9,-0.121526,-69.7542
1021.95,-0.121527,-69.7602
1022.0,-0.121525,-69.7663
1022.05,-0.121523,-69.7724
1022.1,-0.121539,-69.7785
1022.15,-0.121537,-69.7845
1022.2,-0.121563,-69.7906
1022.25,-0.121567,-69.7967
1022.3,-0.121568,-69.8028
1022.35,-0.121558,-69.8088
1022.4,-0.121563,-69.8149
1022.45,-0.121565,-69.821
1022.5,-0.121571,-69.8271
1022.55,-0.121587,-69.8332
1022.6,-0.12159,-69.8392
1022.65,-0.121608,-69.8453
1022.7,-0.121618,-69.8514
1022.75,-0.121629,-69.8575
1022.8,-0.121631,-69.8636
1022.85,-0.121631,-69.8696
1022.9,-0.121627,-69.8757
1022.95,-0.121618,-69.8818
1023.0,-0.121625,-69.8879
1023.05,-0.121641,-69.894
1023.1,-0.121639,-69.9001
1023.15,-0.121642,-69.9061
1023.2,-0.121652,-69.9122
1023.25,-0.121648,-69.9183
1023.3,-0.121659,-69.9244
1023.35,-0.121657,-69.9305
1023.4,-0.121671,-69.9365
1023.45,-0.121669,-69.9426
1023.5,-0.121646,-69.9487
1023.55,-0.121654,-69.9548
1023.6,-0.121663,-69.9609
1023.65,-0.121663,-69.967
1023.7,-0.121679,-69.973
1023.75,-0.121667,-69.9791
1023.8,-0.121677,-69.9852
1023.85,-0.121684,-69.9913
1023.9,-0.121669,-69.9974
1023.95,-0.121671,-70.0035
1024.0,-0.121681,-70.0096
1024.05,-0.121679,-70.0156
1024.1,-0.121683,-70.0217
1024.15,-0.121697,-70.0278
1024.2,-0.121681,-70.0339
1024.25,-0.121697,-70.04
1024.3,-0.121681,-70.0461
1024.35,-0.121677,-70.0521
1024.4,-0.121692,-70.0582
1024.45,-0.121704,-70.0643
1024.5,-0.1217,-70.0704
1024.55,-0.121706,-70.0765
1024.6,-0.121701,-70.0826
1024.65,-0.121712,-70.0887
1024.7,-0.121718,-70.0947
1024.75,-0.121714,-70.1008
1024.8,-0.121704,-70.1069
1024.85,-0.121702,-70.113
1024.9,-0.121703,-70.1191
1024.95,-0.121707,-70.1252
1025.0,-0.121703,-70.1312
1025.05,-0.121718,-70.1373
1025.1,-0.121717,-70.1434
1025.15,-0.121729,-70.1495
1025.2,-0.121729,-70.1556
1025.25,-0.121718,-70.1617
1025.3,-0.121723,-70.1678
1025.35,-0.121729,-70.1739
1025.4,-0.121729,-70.1799
1025.45,-0.121745,-70.186
1025.5,-0.121744,-70.1921
1025.55,-0.12176,-70.1982
1025.6,-0.121768,-70.2043
1025.65,-0.121765,-70.2104
1025.7,-0.121773,-70.2165
1025.75,-0.12178,-70.2226
1025.8,-0.121779,-70.2286
1025.85,-0.121777,-70.2347
1025.9,-0.121803,-70.2408
1025.95,-0.121803,-70.2469
1026.0,-0.121794,-70.253
1026.05,-0.121787,-70.2591
1026.1,-0.121795,-70.2652
1026.15,-0.1218,-70.2713
1026.2,-0.121791,-70.2774
1026.25,-0.121796,-70.2835
1026.3,-0.121788,-70.2895
1026.35,-0.1218,-70.2956
1026.4,-0.121804,-70.3017
1026.45,-0.121808,-70.3078
1026.5,-0.121825,-70.3139
1026.55,-0.121817,-70.32
1026.6,-0.121814,-70.3261
1026.65,-0.121817,-70.3322
1026.7,-0.121818,-70.3383
1026.75,-0.12182,-70.3444
1026.8,-0.121823,-70.3504
1026.85,-0.12184,-70.3565
1026.9,-0.121836,-70.3626
1026.95,-0.121841,-70.3687
1027.0,-0.121842,-70.3748
1027.05,-0.121846,-70.3809
1027.1,-0.121855,-70.387
1027.15,-0.121845,-70.3931
1027.2,-0.121864,-70.3992
1027.25,-0.121869,-70.4053
1027.3,-0.121866,-70.4114
1027.35,-0.121874,-70.4175
1027.4,-0.121876,-70.4236
1027.45,-0.121878,-70.4297
1027.5,-0.121891,-70.4358
1027.55,-0.12189,-70.4418
1027.6,-0.121896,-70.4479
1027.65,-0.121895,-70.454
1027.7,-0.121899,-70.4601
1027.75,-0.121895,-70.4662
1027.8,-0.121907,-70.4723
1027.85,-0.121896,-70.4784
1027.9,-0.121903,-70.4845
1027.95,-0.121891,-70.4906
1028.0,-0.121893,-70.4967
1028.05,-0.121898,-70.5028
1028.1,-0.121907,-70.5089
1028.15,-0.121904,-70.515
1028.2,-0.121919,-70.5211
1028.25,-0.121913,-70.5272
1028.3,-0.121918,-70.5333
1028.35,-0.121919,-70.5394
1028.4,-0.121924,-70.5455
1028.45,-0.121926,-70.5516
1028.5,-0.121926,-70.5577
1028.55,-0.121927,-70.5638
1028.6,-0.121938,-70.5698
1028.65,-0.121936,-70.5759
1028.7,-0.121944,-70.582
1028.75,-0.121946,-70.5881
1028.8,-0.121954,-70.5942
1028.85,-0.121953,-70.6003
1028.9,-0.121977,-70.6064
1028.95,-0.121992,-70.6125
1029.0,-0.121978,-70.6186
1029.05,-0.121987,-70.6247
1029.1,-0.121978,-70.6308
1029.15,-0.121979,-70.6369
1029.2,-0.121999,-70.643
1029.25,-0.121992,-70.6491
1029.3,-0.122004,-70.6552
1029.35,-0.122008,-70.6613
1029.4,-0.122014,-70.6674
1029.45,-0.122027,-70.6735
1029.5,-0.122022,-70.6796
1029.55,-0.122008,-70.6857
1029.6,-0.122022,-70.6918
1029.65,-0.122023,-70.6979
1029.7,-0.122027,-70.704
1029.75,-0.122024,-70.7101
1029.8,-0.122023,-70.7162
1029.85,-0.122023,-70.7223
1029.9,-0.122016,-70.7284
1029.95,-0.122033,-70.7345
1030.0,-0.122035,-70.7406
1030.05,-0.122046,-70.7467
1030.1,-0.122056,-70.7529
1030.15,-0.122065,-70.759
1030.2,-0.122071,-70.7651
1030.25,-0.122078,-70.7712
1030.3,-0.122086,-70.7773
1030.35,-0.122077,-70.7834
1030.4,-0.122097,-70.7895
1030.45,-0.1221,-70.7956
1030.5,-0.12209,-70.8017
1030.55,-0.122089,-70.8078
1030.6,-0.122086,-70.8139
1030.65,-0.122095,-70.82
1030.7,-0.12211,-70.8261
1030.75,-0.122109,-70.8322
1030.8,-0.12213,-70.8383
1030.85,-0.122122,-70.8444
1030.9,-0.122127,-70.8505
1030.95,-0.12212,-70.8566
1031.0,-0.122129,-70.8627
1031.05,-0.122143,-70.8688
1031.1,-0.122143,-70.875
1031.15,-0.122149,-70.8811
1031.2,-0.122162,-70.8872
1031.25,-0.122164,-70.8933
1031.3,-0.122162,-70.8994
1031.35,-0.122172,-70.9055
1031.4,-0.122188,-70.9116
1031.45,-0.122178,-70.9177
1031.5,-0.122184,-70.9238
1031.55,-0.122187,-70.9299
1031.6,-0.122177,-70.936
1031.65,-0.122185,-70.9421
1031.7,-0.122191,-70.9483
1031.75,-0.122199,-70.9544
1031.8,-0.122198,-70.9605
1031.85,-0.122202,-70.9666
1031.9,-0.1222,-70.9727
1031.95,-0.122204,-70.9788
1032.0,-0.122204,-70.9849
1032.05,-0.122205,-70.991
1032.1,-0.122219,-70.9971
1032.15,-0.122223,-71.0033
1032.2,-0.122222,-71.0094
1032.25,-0.122219,-71.0155
1032.3,-0.122223,-71.0216
1032.35,-0.122225,-71.0277
1032.4,-0.12223,-71.0338
1032.45,-0.122216,-71.0399
1032.5,-0.122218,-71.046
1032.55,-0.122227,-71.0521
1032.6,-0.122216,-71.0583
1032.65,-0.122225,-71.0644
1032.7,-0.122226,-71.0705
1032.75,-0.122223,-71.0766
1032.8,-0.122226,-71.0827
1032.85,-0.122222,-71.0888
1032.9,-0.122226,-71.0949
1032.95,-0.122225,-71.101
1033.0,-0.122214,-71.1071
1033.05,-0.122218,-71.1133
1033.1,-0.122222,-71.1194
1033.15,-0.12223,-71.1255
1033.2,-0.122239,-71.1316
1033.25,-0.122234,-71.1377
1033.3,-0.122232,-71.1438
1033.35,-0.122233,-71.1499
1033.4,-0.122245,-71.156
1033.45,-0.12226,-71.1621
1033.5,-0.122264,-71.1683
1033.55,-0.122259,-71.1744
1033.6,-0.122246,-71.1805
1033.65,-0.122258,-71.1866
1033.7,-0.122245,-71.1927
1033.75,-0.122237,-71.1988
1033.8,-0.122236,-71.2049
1033.85,-0.122235,-71.211
1033.9,-0.122235,-71.2172
1033.95,-0.122253,-71.2233
1034.0,-0.122247,-71.2294
1034.05,-0.122253,-71.2355
1034.1,-0.122264,-71.2416
1034.15,-0.122253,-71.2477
1034.2,-0.122269,-71.2538
1034.25,-0.122275,-71.2599
1034.3,-0.122292,-71.2661
1034.35,-0.122287,-71.2722
1034.4,-0.122286,-71.2783
1034.45,-0.122301,-71.2844
1034.5,-0.122298,-71.2905
1034.55,-0.1223,-71.2966
1034.6,-0.122312,-71.3027
1034.65,-0.122323,-71.3089
1034.7,-0.122318,-71.315
1034.75,-0.122315,-71.3211
1034.8,-0.122313,-71.3272
1034.85,-0.122333,-71.3333
1034.9,-0.122342,-71.3394
1034.95,-0.122343,-71.3456
1035.0,-0.122333,-71.3517
1035.05,-0.122343,-71.3578
1035.1,-0.122351,-71.3639
1035.15,-0.122341,-71.37
1035.2,-0.122334,-71.3762
1035.25,-0.122337,-71.3823
1035.3,-0.122346,-71.3884
1035.35,-0.122348,-71.3945
1035.4,-0.122354,-71.4006
1035.45,-0.122342,-71.4067
1035.5,-0.122361,-71.4129
1035.55,-0.122362,-71.419
1035.6,-0.122361,-71.4251
1035.65,-0.122355,-71.4312
1035.7,-0.122355,-71.4373
1035.75,-0.122368,-71.4434
1035.8,-0.122373,-71.4496
1035.85,-0.122375,-71.4557
1035.9,-0.122378,-71.4618
1035.95,-0.122383,-71.4679
1036.0,-0.122394,-71.474
1036.05,-0.122396,-71.4802
1036.1,-0.12239,-71.4863
1036.15,-0.122381,-71.4924
1036.2,-0.122397,-71.4985
1036.25,-0.122402,-71.5046
1036.3,-0.122414,-71.5108
1036.35,-0.122403,-71.5169
1036.4,-0.1224,-71.523
1036.45,-0.122394,-71.5291
1036.5,-0.122402,-71.5352
1036.55,-0.122405,-71.5414
1036.6,-0.122414,-71.5475
1036.65,-0.12241,-71.5536
1036.7,-0.122429,-71.5597
1036.75,-0.122432,-71.5658
1036.8,-0.122428,-71.572
1036.85,-0.122435,-71.5781
1036.9,-0.122426,-71.5842
1036.95,-0.122438,-71.5903
1037.0,-0.122461,-71.5965
1037.05,-0.122475,-71.6026
1037.1,-0.122483,-71.6087
1037.15,-0.122484,-71.6148
1037.2,-0.122486,-71.6209
1037.25,-0.122486,-71.6271
1037.3,-0.122495,-71.6332
1037.35,-0.122503,-71.6393
1037.4,-0.122513,-71.6454
1037.45,-0.122527,-71.6516
1037.5,-0.122511,-71.6577
1037.55,-0.122516,-71.6638
1037.6,-0.122521,-71.67
1037.65,-0.122511,-71.6761
1037.7,-0.122518,-71.6822
1037.75,-0.122519,-71.6883
1037.8,-0.122519,-71.6945
1037.85,-0.122521,-71.7006
1037.9,-0.122531,-71.7067
1037.95,-0.122538,-71.7128
1038.0,-0.122527,-71.719
1038.05,-0.122542,-71.7251
1038.1,-0.122536,-71.7312
1038.15,-0.122545,-71.7373
1038.2,-0.122535,-71.7435
1038.25,-0.122533,-71.7496
1038.3,-0.122534,-71.7557
1038.35,-0.122528,-71.7618
1038.4,-0.122535,-71.768
1038.45,-0.122545,-71.7741
1038.5,-0.122531,-71.7802
1038.55,-0.122543,-71.7864
1038.6,-0.122551,-71.7925
1038.65,-0.122542,-71.7986
1038.7,-0.122556,-71.8047
1038.75,-0.122574,-71.8109
1038.8,-0.12257,-71.817
1038.85,-0.122574,-71.8231
1038.9,-0.12259,-71.8293
1038.95,-0.122596,-71.8354
1039.0,-0.122577,-71.8415
1039.05,-0.122582,-71.8476
1039.1,-0.122599,-71.8538
1039.15,-0.122589,-71.8599
1039.2,-0.122586,-71.866
1039.25,-0.122593,-71.8722
1039.3,-0.122603,-71.8783
1039.35,-0.122607,-71.8844
1039.4,-0.12262,-71.8906
1039.45,-0.12263,-71.8967
1039.5,-0.122643,-71.9028
1039.55,-0.122645,-71.909
1039.6,-0.122651,-71.9151
1039.65,-0.122667,-71.9212
1039.7,-0.12267,-71.9273
1039.75,-0.122666,-71.9335
1039.8,-0.122689,-71.9396
1039.85,-0.1227,-71.9457
1039.9,-0.122716,-71.9519
1039.95,-0.122712,-71.958
1040.0,-0.122708,-71.9642
1040.05,-0.122714,-71.9703
1040.1,-0.122728,-71.9764
1040.15,-0.122739,-71.9826
1040.2,-0.122757,-71.9887
1040.25,-0.122757,-71.9948
1040.3,-0.122754,-72.001
1040.35,-0.122758,-72.0071
1040.4,-0.122761,-72.0133
1040.45,-0.122754,-72.0194
1040.5,-0.122765,-72.0255
1040.55,-0.122758,-72.0317
1040.6,-0.122752,-72.0378
1040.65,-0.122756,-72.0439
1040.7,-0.122754,-72.0501
1040.75,-0.122753,-72.0562
1040.8,-0.122748,-72.0624
1040.85,-0.12277,-72.0685
1040.9,-0.122768,-72.0746
1040.95,-0.122763,-72.0808
1041.0,-0.122754,-72.0869
1041.05,-0.122755,-72.093
1041.1,-0.122759,-72.0992
1041.15,-0.122766,-72.1053
1041.2,-0.122756,-72.1115
1041.25,-0.122762,-72.1176
1041.3,-0.122764,-72.1237
1041.35,-0.122744,-72.1299
1041.4,-0.122751,-72.136
1041.45,-0.122746,-72.1422
1041.5,-0.122743,-72.1483
1041.55,-0.122753,-72.1544
1041.6,-0.122763,-72.1606
1041.65,-0.122761,-72.1667
1041.7,-0.122737,-72.1728
1041.75,-0.122746,-72.179
1041.8,-0.122704,-72.1851
1041.85,-0.12271,-72.1912
1041.9,-0.122699,-72.1974
1041.95,-0.122707,-72.2035
1042.0,-0.122706,-72.2097
1042.05,-0.1227,-72.2158
1042.1,-0.122706,-72.2219
1042.15,-0.122708,-72.2281
1042.2,-0.122723,-72.2342
1042.25,-0.12273,-72.2403
1042.3,-0.122728,-72.2465
1042.35,-0.122735,-72.2526
1042.4,-0.122746,-72.2587
1042.45,-0.122757,-72.2649
1042.5,-0.122769,-72.271
1042.55,-0.122763,-72.2772
1042.6,-0.122751,-72.2833
1042.65,-0.122763,-72.2894
1042.7,-0.122775,-72.2956
1042.75,-0.122772,-72.3017
1042.8,-0.122773,-72.3078
1042.85,-0.122783,-72.314
1042.9,-0.122801,-72.3201
1042.95,-0.1228,-72.3263
1043.0,-0.122827,-72.3324
1043.05,-0.122831,-72.3385
1043.1,-0.122842,-72.3447
1043.15,-0.122845,-72.3508
1043.2,-0.122847,-72.357
1043.25,-0.122863,-72.3631
1043.3,-0.122866,-72.3693
1043.35,-0.122859,-72.3754
1043.4,-0.122874,-72.3815
1043.45,-0.122874,-72.3877
1043.5,-0.122868,-72.3938
1043.55,-0.122876,-72.4
1043.6,-0.122881,-72.4061
1043.65,-0.122882,-72.4123
1043.7,-0.122896,-72.4184
1043.75,-0.122893,-72.4246
1043.8,-0.122884,-72.4307
1043.85,-0.122897,-72.4368
1043.9,-0.122896,-72.443
1043.95,-0.122905,-72.4491
1044.0,-0.122912,-72.4553
1044.05,-0.122925,-72.4614
1044.1,-0.122923,-72.4676
1044.15,-0.122922,-72.4737
1044.2,-0.122924,-72.4799
1044.25,-0.122932,-72.486
1044.3,-0.122935,-72.4922
1044.35,-0.122934,-72.4983
1044.4,-0.122942,-72.5045
1044.45,-0.122937,-72.5106
1044.5,-0.122951,-72.5167
1044.55,-0.122946,-72.5229
1044.6,-0.122953,-72.529
1044.65,-0.122944,-72.5352
1044.7,-0.122955,-72.5413
1044.75,-0.122959,-72.5475
1044.8,-0.122962,-72.5536
1044.85,-0.122988,-72.5598
1044.9,-0.122999,-72.5659
1044.95,-0.122997,-72.5721
1045.0,-0.122995,-72.5782
1045.05,-0.123,-72.5844
1045.1,-0.122985,-72.5905
1045.15,-0.122977,-72.5967
1045.2,-0.122981,-72.6028
1045.25,-0.122977,-72.609
1045.3,-0.12298,-72.6151
1045.35,-0.122983,-72.6213
1045.4,-0.122995,-72.6274
1045.45,-0.123003,-72.6336
1045.5,-0.123,-72.6397
1045.55,-0.122999,-72.6459
1045.6,-0.123011,-72.652
1045.65,-0.122991,-72.6582
1045.7,-0.122995,-72.6643
1045.75,-0.123002,-72.6705
1045.8,-0.122997,-72.6766
1045.85,-0.122996,-72.6828
1045.9,-0.122989,-72.6889
1045.95,-0.122994,-72.6951
1046.0,-0.123,-72.7012
1046.05,-0.122995,-72.7074
1046.1,-0.123016,-72.7135
1046.15,-0.123013,-72.7197
1046.2,-0.12302,-72.7258
1046.25,-0.123021,-72.732
1046.3,-0.123013,-72.7381
1046.35,-0.123018,-72.7443
1046.4,-0.123025,-72.7504
1046.45,-0.122999,-72.7566
1046.5,-0.12301,-72.7627
1046.55,-0.123018,-72.7689
1046.6,-0.123017,-72.775
1046.65,-0.123022,-72.7812
1046.7,-0.123022,-72.7873
1046.75,-0.123023,-72.7935
1046.8,-0.123024,-72.7996
1046.85,-0.123033,-72.8058
1046.9,-0.123023,-72.8119
1046.95,-0.123015,-72.8181
1047.0,-0.12302,-72.8242
1047.05,-0.123023,-72.8304
1047.1,-0.123015,-72.8365
1047.15,-0.123029,-72.8427
1047.2,-0.123016,-72.8488
1047.25,-0.123022,-72.855
1047.3,-0.123033,-72.8612
1047.35,-0.123031,-72.8673
1047.4,-0.123027,-72.8735
1047.45,-0.123029,-72.8796
1047.5,-0.123037,-72.8858
1047.55,-0.123038,-72.8919
1047.6,-0.123027,-72.8981
1047.65,-0.123036,-72.9042
1047.7,-0.123039,-72.9104
1047.75,-0.123021,-72.9165
1047.8,-0.123027,-72.9227
1047.85,-0.123037,-72.9288
1047.9,-0.123031,-72.935
1047.95,-0.12303,-72.9411
1048.0,-0.123043,-72.9473
1048.05,-0.123048,-72.9534
1048.1,-0.123046,-72.9596
1048.15,-0.123051,-72.9657
1048.2,-0.123038,-72.9719
1048.25,-0.123041,-72.978
1048.3,-0.123056,-72.9842
1048.35,-0.123041,-72.9903
1048.4,-0.123052,-72.9965
1048.45,-0.123056,-73.0026
1048.5,-0.123057,-73.0088
1048.55,-0.123059,-73.015
1048.6,-0.123054,-73.0211
1048.65,-0.123051,-73.0273
1048.7,-0.123061,-73.0334
1048.75,-0.123052,-73.0396
1048.8,-0.123058,-73.0457
1048.85,-0.123047,-73.0519
1048.9,-0.123048,-73.058
1048.95,-0.123064,-73.0642
1049.0,-0.123058,-73.0703
1049.05,-0.123061,-73.0765
1049.1,-0.123053,-73.0826
1049.15,-0.123065,-73.0888
1049.2,-0.12307,-73.0949
1049.25,-0.12307,-73.1011
1049.3,-0.123078,-73.1072
1049.35,-0.123089,-73.1134
1049.4,-0.123184,-73.1196
1049.45,-0.12327,-73.1257
1049.5,-0.123242,-73.1319
1049.55,-0.12324,-73.138
1049.6,-0.123238,-73.1442
1049.65,-0.123225,-73.1504
1049.7,-0.123223,-73.1565
1049.75,-0.123231,-73.1627
1049.8,-0.123224,-73.1689
1049.85,-0.123226,-73.175
1049.9,-0.12323,-73.1812
1049.95,-0.123222,-73.1873
1050.0,-0.123219,-73.1935
1050.05,-0.123208,-73.1997
1050.1,-0.123204,-73.2058
1050.15,-0.123213,-73.212
1050.2,-0.123193,-73.2181
1050.25,-0.123204,-73.2243
1050.3,-0.123204,-73.2305
1050.35,-0.123221,-73.2366
1050.4,-0.123221,-73.2428
1050.45,-0.1232,-73.2489
1050.5,-0.123216,-73.2551
1050.55,-0.123213,-73.2613
1050.6,-0.123217,-73.2674
1050.65,-0.123209,-73.2736
1050.7,-0.123213,-73.2797
1050.75,-0.123218,-73.2859
1050.8,-0.123213,-73.2921
1050.85,-0.123207,-73.2982
1050.9,-0.123209,-73.3044
1050.95,-0.12319,-73.3105
1051.0,-0.123192,-73.3167
1051.05,-0.123186,-73.3229
1051.1,-0.123188,-73.329
1051.15,-0.12318,-73.3352
1051.2,-0.123195,-73.3413
1051.25,-0.123193,-73.3475
1051.3,-0.123195,-73.3537
1051.35,-0.123213,-73.3598
1051.4,-0.123213,-73.366
1051.45,-0.123195,-73.3721
1051.5,-0.123198,-73.3783
1051.55,-0.123193,-73.3845
1051.6,-0.12319,-73.3906
1051.65,-0.123184,-73.3968
1051.7,-0.123178,-73.4029
1051.75,-0.12318,-73.4091
1051.8,-0.123179,-73.4153
1051.85,-0.123172,-73.4214
1051.9,-0.123176,-73.4276
1051.95,-0.123185,-73.4337
1052.0,-0.123189,-73.4399
1052.05,-0.123194,-73.4461
1052.1,-0.123194,-73.4522
1052.15,-0.123195,-73.4584
1052.2,-0.123177,-73.4645
1052.25,-0.12319,-73.4707
1052.3,-0.123211,-73.4769
1052.35,-0.123207,-73.483
1052.4,-0.123213,-73.4892
1052.45,-0.123212,-73.4953
1052.5,-0.123214,-73.5015
1052.55,-0.123198,-73.5077
1052.6,-0.123213,-73.5138
1052.65,-0.1232,-73.52
1052.7,-0.123203,-73.5261
1052.75,-0.123202,-73.5323
1052.8,-0.123194,-73.5385
1052.85,-0.123199,-73.5446
1052.9,-0.123203,-73.5508
1052.95,-0.123194,-73.5569
1053.0,-0.123202,-73.5631
1053.05,-0.123201,-73.5693
1053.1,-0.123215,-73.5754
1053.15,-0.12321,-73.5816
1053.2,-0.123215,-73.5877
1053.25,-0.123215,-73.5939
1053.3,-0.123204,-73.6001
1053.35,-0.12321,-73.6062
1053.4,-0.123218,-73.6124
1053.45,-0.123198,-73.6185
1053.5,-0.123204,-73.6247
1053.55,-0.123214,-73.6309
1053.6,-0.123198,-73.637
1053.65,-0.123194,-73.6432
1053.7,-0.123197,-73.6493
1053.75,-0.123189,-73.6555
1053.8,-0.123195,-73.6617
1053.85,-0.123199,-73.6678
1053.9,-0.123194,-73.674
1053.95,-0.123184,-73.6801
1054.0,-0.123189,-73.6863
1054.05,-0.123179,-73.6925
1054.1,-0.123203,-73.6986
1054.15,-0.123214,-73.7048
1054.2,-0.123202,-73.7109
1054.25,-0.123205,-73.7171
1054.3,-0.123206,-73.7233
1054.35,-0.123217,-73.7294
1054.4,-0.123229,-73.7356
1054.45,-0.123241,-73.7417
1054.5,-0.123234,-73.7479
1054.55,-0.123237,-73.7541
1054.6,-0.123237,-73.7602
1054.65,-0.123228,-73.7664
1054.7,-0.123253,-73.7726
1054.75,-0.123278,-73.7787
1054.8,-0.123287,-73.7849
1054.85,-0.123287,-73.791
1054.9,-0.123305,-73.7972
1054.95,-0.123312,-73.8034
1055.0,-0.123309,-73.8095
1055.05,-0.12332,-73.8157
1055.1,-0.123321,-73.8219
1055.15,-0.123349,-73.828
1055.2,-0.123336,-73.8342
1055.25,-0.123336,-73.8404
1055.3,-0.123342,-73.8465
1055.35,-0.123347,-73.8527
1055.4,-0.123347,-73.8589
1055.45,-0.123358,-73.865
1055.5,-0.123364,-73.8712
1055.55,-0.123366,-73.8774
1055.6,-0.123362,-73.8835
1055.65,-0.123373,-73.8897
1055.7,-0.12337,-73.8959
1055.75,-0.123377,-73.9021
1055.8,-0.123387,-73.9082
1055.85,-0.123399,-73.9144
1055.9,-0.123381,-73.9206
1055.95,-0.123392,-73.9267
1056.0,-0.12339,-73.9329
1056.05,-0.1234,-73.9391
1056.1,-0.123396,-73.9452
1056.15,-0.12342,-73.9514
1056.2,-0.123439,-73.9576
1056.25,-0.123443,-73.9638
1056.3,-0.123453,-73.9699
1056.35,-0.123465,-73.9761
1056.4,-0.123459,-73.9823
1056.45,-0.123483,-73.9884
1056.5,-0.123498,-73.9946
1056.55,-0.123486,-74.0008
1056.6,-0.12351,-74.007
1056.65,-0.1235,-74.0132
1056.7,-0.123496,-74.0193
1056.75,-0.123504,-74.0255
1056.8,-0.123512,-74.0317
1056.85,-0.123525,-74.0378
1056.9,-0.12354,-74.044
1056.95,-0.123549,-74.0502
1057.0,-0.123569,-74.0564
1057.05,-0.123571,-74.0626
1057.1,-0.123588,-74.0687
1057.15,-0.123601,-74.0749
1057.2,-0.123617,-74.0811
1057.25,-0.123621,-74.0873
1057.3,-0.123618,-74.0935
1057.35,-0.123642,-74.0996
1057.4,-0.123646,-74.1058
1057.45,-0.123647,-74.112
1057.5,-0.123673,-74.1182
1057.55,-0.123671,-74.1244
1057.6,-0.123676,-74.1306
1057.65,-0.12369,-74.1367
1057.7,-0.123696,-74.1429
1057.75,-0.1237,-74.1491
1057.8,-0.123711,-74.1553
1057.85,-0.123724,-74.1615
1057.9,-0.123735,-74.1677
1057.95,-0.123749,-74.1739
1058.0,-0.123759,-74.1801
1058.05,-0.123765,-74.1862
1058.1,-0.123771,-74.1924
1058.15,-0.123794,-74.1986
1058.2,-0.123794,-74.2048
1058.25,-0.123794,-74.211
1058.3,-0.123799,-74.2172
1058.35,-0.123814,-74.2234
1058.4,-0.123817,-74.2296
1058.45,-0.123816,-74.2358
1058.5,-0.123817,-74.242
1058.55,-0.123809,-74.2481
1058.6,-0.123814,-74.2543
1058.65,-0.12383,-74.2605
1058.7,-0.123834,-74.2667
1058.75,-0.12385,-74.2729
1058.8,-0.123851,-74.2791
1058.85,-0.123859,-74.2853
1058.9,-0.123866,-74.2915
1058.95,-0.123879,-74.2977
1059.0,-0.123876,-74.3039
1059.05,-0.123882,-74.3101
1059.1,-0.123896,-74.3163
1059.15,-0.123893,-74.3225
1059.2,-0.123896,-74.3287
1059.25,-0.123908,-74.3348
1059.3,-0.123921,-74.341
1059.35,-0.123944,-74.3472
1059.4,-0.12395,-74.3534
1059.45,-0.12396,-74.3596
1059.5,-0.123972,-74.3658
1059.55,-0.123977,-74.372
1059.6,-0.123982,-74.3782
1059.65,-0.12399,-74.3844
1059.7,-0.124009,-74.3906
1059.75,-0.124009,-74.3968
1059.8,-0.124019,-74.403
1059.85,-0.124006,-74.4092
1059.9,-0.124011,-74.4154
1059.95,-0.124016,-74.4216
1060.0,-0.124028,-74.4278
1060.05,-0.124049,-74.434
1060.1,-0.124055,-74.4402
1060.15,-0.124073,-74.4464
1060.2,-0.124081,-74.4527
1060.25,-0.124092,-74.4589
1060.3,-0.124092,-74.4651
1060.35,-0.124089,-74.4713
1060.4,-0.124084,-74.4775
1060.45,-0.124098,-74.4837
1060.5,-0.124109,-74.4899
1060.55,-0.124124,-74.4961
1060.6,-0.124126,-74.5023
1060.65,-0.124144,-74.5085
1060.7,-0.124147,-74.5147
1060.75,-0.12415,-74.5209
1060.8,-0.124161,-74.5271
1060.85,-0.12417,-74.5333
1060.9,-0.124169,-74.5395
1060.95,-0.124178,-74.5457
1061.0,-0.124184,-74.552
1061.05,-0.124176,-74.5582
1061.1,-0.124176,-74.5644
1061.15,-0.124187,-74.5706
1061.2,-0.124202,-74.5768
1061.25,-0.124205,-74.583
1061.3,-0.124217,-74.5892
1061.35,-0.124212,-74.5954
1061.4,-0.124224,-74.6016
1061.45,-0.12423,-74.6078
1061.5,-0.124243,-74.6141
1061.55,-0.124255,-74.6203
1061.6,-0.124255,-74.6265
1061.65,-0.124251,-74.6327
1061.7,-0.124252,-74.6389
1061.75,-0.124257,-74.6451
1061.8,-0.124267,-74.6513
1061.85,-0.124287,-74.6575
1061.9,-0.124297,-74.6638
1061.95,-0.124281,-74.67
1062.0,-0.124283,-74.6762
1062.05,-0.12428,-74.6824
1062.1,-0.124295,-74.6886
1062.15,-0.124301,-74.6948
1062.2,-0.124305,-74.701
1062.25,-0.124298,-74.7073
1062.3,-0.1243,-74.7135
1062.35,-0.124317,-74.7197
1062.4,-0.124318,-74.7259
1062.45,-0.12434,-74.7321
1062.5,-0.124344,-74.7383
1062.55,-0.124363,-74.7446
1062.6,-0.124363,-74.7508
1062.65,-0.124375,-74.757
1062.7,-0.124376,-74.7632
1062.75,-0.12438,-74.7694
1062.8,-0.124392,-74.7757
1062.85,-0.124414,-74.7819
1062.9,-0.124407,-74.7881
1062.95,-0.124418,-74.7943
1063.0,-0.124436,-74.8005
1063.05,-0.124431,-74.8068
1063.1,-0.124444,-74.813
1063.15,-0.124447,-74.8192
1063.2,-0.124464,-74.8254
1063.25,-0.12447,-74.8317
1063.3,-0.124467,-74.8379
1063.35,-0.124465,-74.8441
1063.4,-0.124476,-74.8503
1063.45,-0.124479,-74.8566
1063.5,-0.124478,-74.8628
1063.55,-0.124486,-74.869
1063.6,-0.124497,-74.8752
1063.65,-0.124506,-74.8814
1063.7,-0.124514,-74.8877
1063.75,-0.124533,-74.8939
1063.8,-0.124544,-74.9001
1063.85,-0.12454,-74.9064
1063.9,-0.124549,-74.9126
1063.95,-0.124565,-74.9188
1064.0,-0.124559,-74.925
1064.05,-0.124553,-74.9313
1064.1,-0.124553,-74.9375
1064.15,-0.124552,-74.9437
1064.2,-0.124566,-74.95
1064.25,-0.124561,-74.9562
1064.3,-0.124574,-74.9624
1064.35,-0.124577,-74.9686
1064.4,-0.124576,-74.9749
1064.45,-0.124574,-74.9811
1064.5,-0.124577,-74.9873
1064.55,-0.12459,-74.9936
1064.6,-0.124593,-74.9998
1064.65,-0.124609,-75.006
1064.7,-0.124612,-75.0122
1064.75,-0.124592,-75.0185
1064.8,-0.124599,-75.0247
1064.85,-0.124608,-75.0309
1064.9,-0.124613,-75.0372
1064.95,-0.12462,-75.0434
1065.0,-0.124637,-75.0496
1065.05,-0.124632,-75.0559
1065.1,-0.124632,-75.0621
1065.15,-0.124629,-75.0683
1065.2,-0.124631,-75.0746
1065.25,-0.124641,-75.0808
1065.3,-0.124643,-75.087
1065.35,-0.124653,-75.0932
1065.4,-0.124659,-75.0995
1065.45,-0.124653,-75.1057
1065.5,-0.124667,-75.1119
1065.55,-0.124661,-75.1182
1065.6,-0.124663,-75.1244
1065.65,-0.124679,-75.1306
1065.7,-0.124677,-75.1369
1065.75,-0.124681,-75.1431
1065.8,-0.124687,-75.1494
1065.85,-0.124689,-75.1556
1065.9,-0.124697,-75.1618
1065.95,-0.124694,-75.1681
1066.0,-0.124691,-75.1743
1066.05,-0.124696,-75.1805
1066.1,-0.124705,-75.1868
1066.15,-0.124705,-75.193
1066.2,-0.124709,-75.1992
1066.25,-0.124732,-75.2055
1066.3,-0.124742,-75.2117
1066.35,-0.124738,-75.2179
1066.4,-0.124737,-75.2242
1066.45,-0.124731,-75.2304
1066.5,-0.124738,-75.2366
1066.55,-0.124737,-75.2429
1066.6,-0.124733,-75.2491
1066.65,-0.124753,-75.2554
1066.7,-0.12477,-75.2616
1066.75,-0.124759,-75.2678
1066.8,-0.124768,-75.2741
1066.85,-0.124769,-75.2803
1066.9,-0.124761,-75.2866
1066.95,-0.124763,-75.2928
1067.0,-0.124782,-75.299
1067.05,-0.124783,-75.3053
1067.1,-0.124796,-75.3115
1067.15,-0.124789,-75.3177
1067.2,-0.124782,-75.324
1067.25,-0.124796,-75.3302
1067.3,-0.12479,-75.3365
1067.35,-0.124787,-75.3427
1067.4,-0.124807,-75.3489
1067.45,-0.124821,-75.3552
1067.5,-0.124817,-75.3614
1067.55,-0.12481,-75.3677
1067.6,-0.124817,-75.3739
1067.65,-0.124819,-75.3801
1067.7,-0.124826,-75.3864
1067.75,-0.124839,-75.3926
1067.8,-0.124832,-75.3989
1067.85,-0.124836,-75.4051
1067.9,-0.124848,-75.4114
1067.95,-0.124839,-75.4176
1068.0,-0.124834,-75.4238
1068.05,-0.124836,-75.4301
1068.1,-0.124835,-75.4363
1068.15,-0.124843,-75.4426
1068.2,-0.12485,-75.4488
1068.25,-0.124853,-75.4551
1068.3,-0.124848,-75.4613
1068.35,-0.124861,-75.4675
1068.4,-0.124871,-75.4738
1068.45,-0.124877,-75.48
1068.5,-0.124886,-75.4863
1068.55,-0.124893,-75.4925
1068.6,-0.124878,-75.4988
1068.65,-0.124881,-75.505
1068.7,-0.12488,-75.5113
1068.75,-0.124882,-75.5175
1068.8,-0.12488,-75.5237
1068.85,-0.124892,-75.53
1068.9,-0.124905,-75.5362
1068.95,-0.124878,-75.5425
1069.0,-0.124892,-75.5487
1069.05,-0.124884,-75.555
1069.1,-0.124896,-75.5612
1069.15,-0.124891,-75.5675
1069.2,-0.124896,-75.5737
1069.25,-0.124903,-75.5799
1069.3,-0.124906,-75.5862
1069.35,-0.124909,-75.5924
1069.4,-0.124912,-75.5987
1069.45,-0.124913,-75.6049
1069.5,-0.124925,-75.6112
1069.55,-0.124927,-75.6174
1069.6,-0.124932,-75.6237
1069.65,-0.124925,-75.6299
1069.7,-0.124936,-75.6362
1069.75,-0.124929,-75.6424
1069.8,-0.124933,-75.6486
1069.85,-0.124938,-75.6549
1069.9,-0.124936,-75.6611
1069.95,-0.124926,-75.6674
1070.0,-0.124926,-75.6736
1070.05,-0.124915,-75.6799
1070.1,-0.124927,-75.6861
1070.15,-0.124923,-75.6924
1070.2,-0.124928,-75.6986
1070.25,-0.124922,-75.7049
1070.3,-0.124919,-75.7111
1070.35,-0.124928,-75.7174
1070.4,-0.124923,-75.7236
1070.45,-0.12492,-75.7299
1070.5,-0.124927,-75.7361
1070.55,-0.124921,-75.7423
1070.6,-0.124921,-75.7486
1070.65,-0.124931,-75.7548
1070.7,-0.124912,-75.7611
1070.75,-0.124912,-75.7673
1070.8,-0.124922,-75.7736
1070.85,-0.124927,-75.7798
1070.9,-0.12493,-75.7861
1070.95,-0.124921,-75.7923
1071.0,-0.124926,-75.7986
1071.05,-0.12492,-75.8048
1071.1,-0.124921,-75.8111
1071.15,-0.124918,-75.8173
1071.2,-0.124922,-75.8235
1071.25,-0.124918,-75.8298
1071.3,-0.124917,-75.836
1071.35,-0.124914,-75.8423
1071.4,-0.124923,-75.8485
1071.45,-0.124924,-75.8548
1071.5,-0.124923,-75.861
1071.55,-0.12491,-75.8673
1071.6,-0.124914,-75.8735
1071.65,-0.124916,-75.8798
1071.7,-0.124915,-75.886
1071.75,-0.124906,-75.8922
1071.8,-0.124903,-75.8985
1071.85,-0.124906,-75.9047
1071.9,-0.124903,-75.911
1071.95,-0.124901,-75.9172
1072.0,-0.124897,-75.9235
1072.05,-0.124899,-75.9297
1072.1,-0.124906,-75.936
1072.15,-0.124906,-75.9422
1072.2,-0.124907,-75.9484
1072.25,-0.124903,-75.9547
1072.3,-0.124907,-75.9609
1072.35,-0.124902,-75.9672
1072.4,-0.124907,-75.9734
1072.45,-0.124901,-75.9797
1072.5,-0.124895,-75.9859
1072.55,-0.124896,-75.9922
1072.6,-0.124892,-75.9984
1072.65,-0.124888,-76.0047
1072.7,-0.124895,-76.0109
1072.75,-0.124907,-76.0171
1072.8,-0.124899,-76.0234
1072.85,-0.124893,-76.0296
1072.9,-0.124907,-76.0359
1072.95,-0.124907,-76.0421
1073.0,-0.124917,-76.0484
1073.05,-0.124916,-76.0546
1073.1,-0.124925,-76.0609
1073.15,-0.124927,-76.0671
1073.2,-0.124929,-76.0734
1073.25,-0.124932,-76.0796
1073.3,-0.124944,-76.0858
1073.35,-0.124944,-76.0921
1073.4,-0.124944,-76.0983
1073.45,-0.124954,-76.1046
1073.5,-0.124962,-76.1108
1073.55,-0.124967,-76.1171
1073.6,-0.124979,-76.1233
1073.65,-0.12498,-76.1296
1073.7,-0.124978,-76.1358
1073.75,-0.124981,-76.1421
1073.8,-0.124967,-76.1483
1073.85,-0.124962,-76.1546
1073.9,-0.124971,-76.1608
1073.95,-0.124969,-76.1671
1074.0,-0.124971,-76.1733
1074.05,-0.124974,-76.1796
1074.1,-0.12498,-76.1858
1074.15,-0.124975,-76.1921
1074.2,-0.124976,-76.1983
1074.25,-0.12497,-76.2046
1074.3,-0.124971,-76.2108
1074.35,-0.124966,-76.2171
1074.4,-0.124973,-76.2233
1074.45,-0.124973,-76.2296
1074.5,-0.124967,-76.2358
1074.55,-0.124958,-76.2421
1074.6,-0.124968,-76.2483
1074.65,-0.124962,-76.2546
1074.7,-0.124964,-76.2608
1074.75,-0.124969,-76.2671
1074.8,-0.124961,-76.2733
1074.85,-0.12495,-76.2795
1074.9,-0.124941,-76.2858
1074.95,-0.12493,-76.292
1075.0,-0.124936,-76.2983
1075.05,-0.124951,-76.3045
1075.1,-0.124927,-76.3108
1075.15,-0.124921,-76.317
1075.2,-0.124926,-76.3233
1075.25,-0.124923,-76.3295
1075.3,-0.124919,-76.3358
1075.35,-0.124919,-76.342
1075.4,-0.124922,-76.3483
1075.45,-0.124938,-76.3545
1075.5,-0.124923,-76.3608
1075.55,-0.124913,-76.367
1075.6,-0.124917,-76.3732
1075.65,-0.124922,-76.3795
1075.7,-0.124907,-76.3857
1075.75,-0.124904,-76.392
1075.8,-0.124918,-76.3982
1075.85,-0.124912,-76.4045
1075.9,-0.124909,-76.4107
1075.95,-0.124908,-76.417
1076.0,-0.124899,-76.4232
1076.05,-0.124914,-76.4295
1076.1,-0.124912,-76.4357
1076.15,-0.124902,-76.4419
1076.2,-0.124915,-76.4482
1076.25,-0.124908,-76.4544
1076.3,-0.124891,-76.4607
1076.35,-0.124893,-76.4669
1076.4,-0.124882,-76.4732
1076.45,-0.12486,-76.4794
1076.5,-0.124869,-76.4857
1076.55,-0.124878,-76.4919
1076.6,-0.124868,-76.4981
1076.65,-0.124877,-76.5044
1076.7,-0.124874,-76.5106
1076.75,-0.124874,-76.5169
1076.8,-0.124874,-76.5231
1076.85,-0.124885,-76.5294
1076.9,-0.124876,-76.5356
1076.95,-0.124889,-76.5418
1077.0,-0.124889,-76.5481
1077.05,-0.124897,-76.5543
1077.1,-0.1249,-76.5606
1077.15,-0.1249,-76.5668
1077.2,-0.124912,-76.5731
1077.25,-0.124897,-76.5793
1077.3,-0.124895,-76.5856
1077.35,-0.124889,-76.5918
1077.4,-0.124899,-76.5981
1077.45,-0.124894,-76.6043
1077.5,-0.124896,-76.6105
1077.55,-0.124895,-76.6168
1077.6,-0.124882,-76.623
1077.65,-0.124882,-76.6293
1077.7,-0.124887,-76.6355
1077.75,-0.124898,-76.6418
1077.8,-0.124912,-76.648
1077.85,-0.124924,-76.6543
1077.9,-0.124927,-76.6605
1077.95,-0.124933,-76.6667
1078.0,-0.124934,-76.673
1078.05,-0.12494,-76.6792
1078.1,-0.124945,-76.6855
1078.15,-0.124946,-76.6917
1078.2,-0.124957,-76.698
1078.25,-0.124959,-76.7042
1078.3,-0.12496,-76.7105
1078.35,-0.124963,-76.7167
1078.4,-0.12497,-76.723
1078.45,-0.124985,-76.7292
1078.5,-0.12498,-76.7355
1078.55,-0.124983,-76.7417
1078.6,-0.125001,-76.748
1078.65,-0.125012,-76.7542
1078.7,-0.125012,-76.7605
1078.75,-0.125011,-76.7667
1078.8,-0.125012,-76.773
1078.85,-0.125018,-76.7792
1078.9,-0.125028,-76.7855
1078.95,-0.125027,-76.7917
1079.0,-0.125034,-76.798
1079.05,-0.125052,-76.8042
1079.1,-0.125048,-76.8105
1079.15,-0.125049,-76.8167
1079.2,-0.125054,-76.823
1079.25,-0.125063,-76.8292
1079.3,-0.125072,-76.8355
1079.35,-0.125075,-76.8418
1079.4,-0.125092,-76.848
1079.45,-0.125102,-76.8543
1079.5,-0.125101,-76.8605
1079.55,-0.125098,-76.8668
1079.6,-0.125098,-76.873
1079.65,-0.125103,-76.8793
1079.7,-0.12511,-76.8855
1079.75,-0.125118,-76.8918
1079.8,-0.12512,-76.8981
1079.85,-0.125143,-76.9043
1079.9,-0.125142,-76.9106
1079.95,-0.12515,-76.9168
1080.0,-0.125144,-76.9231
1080.05,-0.125163,-76.9293
1080.1,-0.12516,-76.9356
1080.15,-0.125169,-76.9419
1080.2,-0.125173,-76.9481
1080.25,-0.125182,-76.9544
1080.3,-0.125188,-76.9606
1080.35,-0.125202,-76.9669
1080.4,-0.125219,-76.9732
1080.45,-0.125207,-76.9794
1080.5,-0.125218,-76.9857
1080.55,-0.125219,-76.9919
1080.6,-0.125244,-76.9982
1080.65,-0.125235,-77.0045
1080.7,-0.125256,-77.0107
1080.75,-0.125275,-77.017
1080.8,-0.12529,-77.0233
1080.85,-0.125294,-77.0295
1080.9,-0.125326,-77.0358
1080.95,-0.125347,-77.0421
1081.0,-0.125357,-77.0483
1081.05,-0.125371,-77.0546
1081.1,-0.125393,-77.0609
1081.15,-0.125395,-77.0671
1081.2,-0.125396,-77.0734
1081.25,-0.125405,-77.0797
1081.3,-0.125413,-77.0859
1081.35,-0.125437,-77.0922
1081.4,-0.125448,-77.0985
1081.45,-0.125442,-77.1048
1081.5,-0.125454,-77.111
1081.55,-0.125465,-77.1173
1081.6,-0.125466,-77.1236
1081.65,-0.12546,-77.1298
1081.7,-0.125489,-77.1361
1081.75,-0.125502,-77.1424
1081.8,-0.125501,-77.1487
1081.85,-0.125508,-77.1549
1081.9,-0.125505,-77.1612
1081.95,-0.125501,-77.1675
1082.0,-0.125516,-77.1738
1082.05,-0.12553,-77.18
1082.1,-0.125526,-77.1863
1082.15,-0.125524,-77.1926
1082.2,-0.125512,-77.1989
1082.25,-0.125515,-77.2052
1082.3,-0.125523,-77.2114
1082.35,-0.125528,-77.2177
1082.4,-0.125539,-77.224
1082.45,-0.125546,-77.2303
1082.5,-0.125549,-77.2365
1082.55,-0.125551,-77.2428
1082.6,-0.125551,-77.2491
1082.65,-0.125549,-77.2554
1082.7,-0.125547,-77.2616
1082.75,-0.125573,-77.2679
1082.8,-0.125559,-77.2742
1082.85,-0.125581,-77.2805
1082.9,-0.125574,-77.2868
1082.95,-0.125577,-77.293
1083.0,-0.125589,-77.2993
1083.05,-0.125592,-77.3056
1083.1,-0.12562,-77.3119
1083.15,-0.125611,-77.3182
1083.2,-0.125604,-77.3244
1083.25,-0.1256,-77.3307
1083.3,-0.125592,-77.337
1083.35,-0.12559,-77.3433
1083.4,-0.125594,-77.3496
1083.45,-0.125605,-77.3558
1083.5,-0.12561,-77.3621
1083.55,-0.125614,-77.3684
1083.6,-0.125624,-77.3747
1083.65,-0.125621,-77.381
1083.7,-0.125636,-77.3872
1083.75,-0.12564,-77.3935
1083.8,-0.125656,-77.3998
1083.85,-0.125648,-77.4061
1083.9,-0.125664,-77.4124
1083.95,-0.12567,-77.4187
1084.0,-0.125671,-77.4249
1084.05,-0.125659,-77.4312
1084.1,-0.125673,-77.4375
1084.15,-0.125681,-77.4438
1084.2,-0.125682,-77.4501
1084.25,-0.125689,-77.4564
1084.3,-0.125696,-77.4626
1084.35,-0.125707,-77.4689
1084.4,-0.125707,-77.4752
1084.45,-0.125718,-77.4815
1084.5,-0.125727,-77.4878
1084.55,-0.125715,-77.4941
1084.6,-0.125726,-77.5004
1084.65,-0.125721,-77.5066
1084.7,-0.125737,-77.5129
1084.75,-0.125738,-77.5192
1084.8,-0.125751,-77.5255
1084.85,-0.125755,-77.5318
1084.9,-0.125763,-77.5381
1084.95,-0.125761,-77.5444
1085.0,-0.125762,-77.5507
1085.05,-0.125763,-77.5569
1085.1,-0.125763,-77.5632
1085.15,-0.125767,-77.5695
1085.2,-0.125768,-77.5758
1085.25,-0.125776,-77.5821
1085.3,-0.125775,-77.5884
1085.35,-0.125759,-77.5947
1085.4,-0.125761,-77.601
1085.45,-0.125779,-77.6073
1085.5,-0.125768,-77.6135
1085.55,-0.125771,-77.6198
1085.6,-0.125765,-77.6261
1085.65,-0.125778,-77.6324
1085.7,-0.125778,-77.6387
1085.75,-0.125769,-77.645
1085.8,-0.125762,-77.6513
1085.85,-0.125764,-77.6576
1085.9,-0.125768,-77.6638
1085.95,-0.125772,-77.6701
1086.0,-0.125774,-77.6764
1086.05,-0.125775,-77.6827
1086.1,-0.125766,-77.689
1086.15,-0.125764,-77.6953
1086.2,-0.125767,-77.7016
1086.25,-0.125757,-77.7079
1086.3,-0.125769,-77.7142
1086.35,-0.125769,-77.7204
1086.4,-0.125763,-77.7267
1086.45,-0.125768,-77.733
1086.5,-0.125762,-77.7393
1086.55,-0.125755,-77.7456
1086.6,-0.125758,-77.7519
1086.65,-0.125763,-77.7582
1086.7,-0.125761,-77.7645
1086.75,-0.125776,-77.7708
1086.8,-0.125759,-77.777
1086.85,-0.125751,-77.7833
1086.9,-0.125763,-77.7896
1086.95,-0.125773,-77.7959
1087.0,-0.125773,-77.8022
1087.05,-0.125767,-77.8085
1087.1,-0.125775,-77.8148
1087.15,-0.125777,-77.8211
1087.2,-0.125783,-77.8273
1087.25,-0.12577,-77.8336
1087.3,-0.125774,-77.8399
1087.35,-0.125776,-77.8462
1087.4,-0.12578,-77.8525
1087.45,-0.125789,-77.8588
1087.5,-0.125785,-77.8651
1087.55,-0.125795,-77.8714
1087.6,-0.125788,-77.8777
1087.65,-0.1258,-77.8839
1087.7,-0.125805,-77.8902
1087.75,-0.125799,-77.8965
1087.8,-0.125803,-77.9028
1087.85,-0.125844,-77.9091
1087.9,-0.125845,-77.9154
1087.95,-0.125846,-77.9217
1088.0,-0.12584,-77.928
1088.05,-0.125842,-77.9343
1088.1,-0.125827,-77.9406
1088.15,-0.125838,-77.9469
1088.2,-0.125827,-77.9532
1088.25,-0.125829,-77.9594
1088.3,-0.125832,-77.9657
1088.35,-0.12585,-77.972
1088.4,-0.125848,-77.9783
1088.45,-0.125851,-77.9846
1088.5,-0.125847,-77.9909
1088.55,-0.125845,-77.9972
1088.6,-0.125855,-78.0035
1088.65,-0.125847,-78.0098
1088.7,-0.125851,-78.0161
1088.75,-0.125854,-78.0224
1088.8,-0.125843,-78.0287
1088.85,-0.125846,-78.035
1088.9,-0.125846,-78.0413
1088.95,-0.125846,-78.0475
1089.0,-0.125851,-78.0538
1089.05,-0.125855,-78.0601
1089.1,-0.125848,-78.0664
1089.15,-0.125865,-78.0727
1089.2,-0.125856,-78.079
1089.25,-0.125868,-78.0853
1089.3,-0.125865,-78.0916
1089.35,-0.125877,-78.0979
1089.4,-0.125879,-78.1042
1089.45,-0.125884,-78.1105
1089.5,-0.125892,-78.1168
1089.55,-0.125893,-78.1231
1089.6,-0.12589,-78.1294
1089.65,-0.125904,-78.1357
1089.7,-0.125921,-78.142
1089.75,-0.12593,-78.1482
1089.8,-0.125941,-78.1545
1089.85,-0.125939,-78.1608
1089.9,-0.125954,-78.1671
1089.95,-0.125961,-78.1734
1090.0,-0.125971,-78.1797
1090.05,-0.125962,-78.186
1090.1,-0.125978,-78.1923
1090.15,-0.125963,-78.1986
1090.2,-0.125967,-78.2049
1090.25,-0.125964,-78.2112
1090.3,-0.12595,-78.2175
1090.35,-0.125939,-78.2238
1090.4,-0.125955,-78.2301
1090.45,-0.125956,-78.2364
1090.5,-0.125958,-78.2427
1090.55,-0.12596,-78.249
1090.6,-0.125951,-78.2553
1090.65,-0.125958,-78.2616
1090.7,-0.125938,-78.2679
1090.75,-0.125938,-78.2742
1090.8,-0.125949,-78.2805
1090.85,-0.12595,-78.2868
1090.9,-0.125954,-78.2931
1090.95,-0.125949,-78.2994
1091.0,-0.125953,-78.3057
1091.05,-0.125963,-78.312
1091.1,-0.125959,-78.3183
1091.15,-0.125956,-78.3246
1091.2,-0.125959,-78.3309
1091.25,-0.125959,-78.3372
1091.3,-0.125955,-78.3435
1091.35,-0.12595,-78.3498
1091.4,-0.12595,-78.3561
1091.45,-0.125953,-78.3624
1091.5,-0.125953,-78.3687
1091.55,-0.125982,-78.375
1091.6,-0.125971,-78.3813
1091.65,-0.125983,-78.3876
1091.7,-0.125994,-78.3939
1091.75,-0.125985,-78.4002
1091.8,-0.125995,-78.4065
1091.85,-0.126006,-78.4128
1091.9,-0.125999,-78.4191
1091.95,-0.126005,-78.4254
1092.0,-0.126014,-78.4317
1092.05,-0.126019,-78.438
1092.1,-0.126014,-78.4443
1092.15,-0.126025,-78.4506
1092.2,-0.126041,-78.4569
1092.25,-0.12604,-78.4632
1092.3,-0.126034,-78.4695
1092.35,-0.126046,-78.4758
1092.4,-0.126038,-78.4821
1092.45,-0.126044,-78.4884
1092.5,-0.126031,-78.4947
1092.55,-0.126046,-78.501
1092.6,-0.126058,-78.5073
1092.65,-0.126067,-78.5136
1092.7,-0.12606,-78.5199
1092.75,-0.126065,-78.5262
1092.8,-0.126068,-78.5325
1092.85,-0.126062,-78.5388
1092.9,-0.126072,-78.5451
1092.95,-0.126077,-78.5514
1093.0,-0.126071,-78.5577
1093.05,-0.126071,-78.564
1093.1,-0.126083,-78.5703
1093.15,-0.126083,-78.5766
1093.2,-0.126098,-78.5829
1093.25,-0.126111,-78.5892
1093.3,-0.126114,-78.5955
1093.35,-0.126131,-78.6018
1093.4,-0.126123,-78.6082
1093.45,-0.126131,-78.6145
1093.5,-0.126122,-78.6208
1093.55,-0.126145,-78.6271
1093.6,-0.126153,-78.6334
1093.65,-0.126157,-78.6397
1093.7,-0.126156,-78.646
1093.75,-0.126161,-78.6523
1093.8,-0.126153,-78.6586
1093.85,-0.126178,-78.6649
1093.9,-0.126185,-78.6712
1093.95,-0.126188,-78.6775
1094.0,-0.126177,-78.6838
1094.05,-0.126185,-78.6902
1094.1,-0.126187,-78.6965
1094.15,-0.12619,-78.7028
1094.2,-0.126185,-78.7091
1094.25,-0.126197,-78.7154
1094.3,-0.126201,-78.7217
1094.35,-0.12621,-78.728
1094.4,-0.126216,-78.7343
1094.45,-0.126221,-78.7406
1094.5,-0.126223,-78.7469
1094.55,-0.126218,-78.7533
1094.6,-0.126217,-78.7596
1094.65,-0.126225,-78.7659
1094.7,-0.126232,-78.7722
1094.75,-0.126222,-78.7785
1094.8,-0.126217,-78.7848
1094.85,-0.126222,-78.7911
1094.9,-0.126222,-78.7974
1094.95,-0.126212,-78.8037
1095.0,-0.126231,-78.8101
1095.05,-0.126246,-78.8164
1095.1,-0.126255,-78.8227
1095.15,-0.126257,-78.829
1095.2,-0.126256,-78.8353
1095.25,-0.126254,-78.8416
1095.3,-0.12626,-78.8479
1095.35,-0.126255,-78.8542
1095.4,-0.12626,-78.8606
1095.45,-0.126264,-78.8669
1095.5,-0.126262,-78.8732
1095.55,-0.126268,-78.8795
1095.6,-0.126255,-78.8858
1095.65,-0.12627,-78.8921
1095.7,-0.126286,-78.8984
1095.75,-0.126288,-78.9048
1095.8,-0.126286,-78.9111
1095.85,-0.126282,-78.9174
1095.9,-0.126279,-78.9237
1095.95,-0.126286,-78.93
1096.0,-0.126275,-78.9363
1096.05,-0.126276,-78.9426
1096.1,-0.126286,-78.949
1096.15,-0.1263,-78.9553
1096.2,-0.126282,-78.9616
1096.25,-0.126282,-78.9679
1096.3,-0.126273,-78.9742
1096.35,-0.126282,-78.9805
1096.4,-0.126287,-78.9868
1096.45,-0.126287,-78.9932
1096.5,-0.126296,-78.9995
1096.55,-0.126298,-79.0058
1096.6,-0.126298,-79.0121
1096.65,-0.126305,-79.0184
1096.7,-0.126287,-79.0247
1096.75,-0.126292,-79.031
1096.8,-0.1263,-79.0374
1096.85,-0.126295,-79.0437
1096.9,-0.126305,-79.05
1096.95,-0.12629,-79.0563
1097.0,-0.126318,-79.0626
1097.05,-0.126312,-79.0689
1097.1,-0.126325,-79.0752
1097.15,-0.126335,-79.0816
1097.2,-0.126337,-79.0879
1097.25,-0.126336,-79.0942
1097.3,-0.126338,-79.1005
1097.35,-0.126335,-79.1068
1097.4,-0.126348,-79.1132
1097.45,-0.126359,-79.1195
1097.5,-0.126339,-79.1258
1097.55,-0.126371,-79.1321
1097.6,-0.126368,-79.1384
1097.65,-0.126377,-79.1447
1097.7,-0.126381,-79.1511
1097.75,-0.126388,-79.1574
1097.8,-0.126389,-79.1637
1097.85,-0.126402,-79.17
1097.9,-0.126416,-79.1763
1097.95,-0.126428,-79.1827
1098.0,-0.12643,-79.189
1098.05,-0.126442,-79.1953
1098.1,-0.126425,-79.2016
1098.15,-0.126447,-79.2079
1098.2,-0.126435,-79.2143
1098.25,-0.126441,-79.2206
1098.3,-0.126442,-79.2269
1098.35,-0.126433,-79.2332
1098.4,-0.126439,-79.2396
1098.45,-0.12644,-79.2459
1098.5,-0.12644,-79.2522
1098.55,-0.126435,-79.2585
1098.6,-0.126443,-79.2648
1098.65,-0.126431,-79.2712
1098.7,-0.126427,-79.2775
1098.75,-0.126414,-79.2838
1098.8,-0.126421,-79.2901
1098.85,-0.126431,-79.2965
1098.9,-0.126443,-79.3028
1098.95,-0.126435,-79.3091
1099.0,-0.126436,-79.3154
1099.05,-0.126442,-79.3217
1099.1,-0.126449,-79.3281
1099.15,-0.126457,-79.3344
1099.2,-0.126452,-79.3407
1099.25,-0.126447,-79.347
1099.3,-0.126444,-79.3534
1099.35,-0.126441,-79.3597
1099.4,-0.12643,-79.366
1099.45,-0.126432,-79.3723
1099.5,-0.12643,-79.3786
1099.55,-0.126427,-79.385
1099.6,-0.126435,-79.3913
1099.65,-0.126416,-79.3976
1099.7,-0.126428,-79.4039
1099.75,-0.126437,-79.4102
1099.8,-0.126424,-79.4166
1099.85,-0.126426,-79.4229
1099.9,-0.126434,-79.4292
1099.95,-0.126424,-79.4355
1100.0,-0.126441,-79.4419
1100.05,-0.126435,-79.4482
1100.1,-0.126436,-79.4545
1100.15,-0.126443,-79.4608
1100.2,-0.126437,-79.4671
1100.25,-0.12644,-79.4735
1100.3,-0.126442,-79.4798
1100.35,-0.126432,-79.4861
1100.4,-0.126434,-79.4924
1100.45,-0.126442,-79.4987
1100.5,-0.126445,-79.5051
1100.55,-0.126449,-79.5114
1100.6,-0.126458,-79.5177
1100.65,-0.126451,-79.524
1100.7,-0.126451,-79.5304
1100.75,-0.126437,-79.5367
1100.8,-0.126429,-79.543
1100.85,-0.126426,-79.5493
1100.9,-0.126453,-79.5556
1100.95,-0.126445,-79.562
1101.0,-0.126453,-79.5683
1101.05,-0.126457,-79.5746
1101.1,-0.126441,-79.5809
1101.15,-0.126439,-79.5873
1101.2,-0.126431,-79.5936
1101.25,-0.126439,-79.5999
1101.3,-0.12643,-79.6062
1101.35,-0.126443,-79.6125
1101.4,-0.126454,-79.6189
1101.45,-0.126449,-79.6252
1101.5,-0.126447,-79.6315
1101.55,-0.126455,-79.6378
1101.6,-0.126465,-79.6442
1101.65,-0.126484,-79.6505
1101.7,-0.126486,-79.6568
1101.75,-0.126483,-79.6631
1101.8,-0.126477,-79.6695
1101.85,-0.126476,-79.6758
1101.9,-0.126488,-79.6821
1101.95,-0.126489,-79.6884
1102.0,-0.126491,-79.6948
1102.05,-0.12649,-79.7011
1102.1,-0.126499,-79.7074
1102.15,-0.126477,-79.7137
1102.2,-0.126483,-79.7201
1102.25,-0.126489,-79.7264
1102.3,-0.12649,-79.7327
1102.35,-0.126504,-79.739
1102.4,-0.126511,-79.7454
1102.45,-0.126505,-79.7517
1102.5,-0.126517,-79.758
1102.55,-0.126525,-79.7643
1102.6,-0.126529,-79.7707
1102.65,-0.126537,-79.777
1102.7,-0.126532,-79.7833
1102.75,-0.126542,-79.7896
1102.8,-0.126537,-79.796
1102.85,-0.126542,-79.8023
1102.9,-0.12655,-79.8086
1102.95,-0.126547,-79.8149
1103.0,-0.126554,-79.8213
1103.05,-0.126561,-79.8276
1103.1,-0.126554,-79.8339
1103.15,-0.126556,-79.8403
1103.2,-0.12655,-79.8466
1103.25,-0.126549,-79.8529
1103.3,-0.126554,-79.8592
1103.35,-0.126562,-79.8656
1103.4,-0.126555,-79.8719
1103.45,-0.126564,-79.8782
1103.5,-0.126566,-79.8846
1103.55,-0.126562,-79.8909
1103.6,-0.126553,-79.8972
1103.65,-0.12656,-79.9035
1103.7,-0.126568,-79.9099
1103.75,-0.126576,-79.9162
1103.8,-0.126575,-79.9225
1103.85,-0.126576,-79.9289
1103.9,-0.126571,-79.9352
1103.95,-0.126565,-79.9415
1104.0,-0.126567,-79.9478
1104.05,-0.126576,-79.9542
1104.1,-0.126583,-79.9605
1104.15,-0.126576,-79.9668
1104.2,-0.126578,-79.9732
1104.25,-0.126573,-79.9795
1104.3,-0.126579,-79.9858
1104.35,-0.126585,-79.9921
1104.4,-0.126574,-79.9985
1104.45,-0.12658,-80.0048
1104.5,-0.126574,-80.0111
1104.55,-0.12658,-80.0175
1104.6,-0.126583,-80.0238
1104.65,-0.126591,-80.0301
1104.7,-0.126588,-80.0364
1104.75,-0.126582,-80.0428
1104.8,-0.126593,-80.0491
1104.85,-0.126589,-80.0554
1104.9,-0.126596,-80.0618
1104.95,-0.126596,-80.0681
1105.0,-0.126598,-80.0744
1105.05,-0.126591,-80.0807
1105.1,-0.126594,-80.0871
1105.15,-0.126601,-80.0934
1105.2,-0.126597,-80.0997
1105.25,-0.126604,-80.1061
1105.3,-0.126597,-80.1124
1105.35,-0.126608,-80.1187
1105.4,-0.126618,-80.1251
1105.45,-0.126605,-80.1314
1105.5,-0.126612,-80.1377
1105.55,-0.126612,-80.1441
1105.6,-0.126609,-80.1504
1105.65,-0.126617,-80.1567
1105.7,-0.126618,-80.163
1105.75,-0.126624,-80.1694
1105.8,-0.126628,-80.1757
1105.85,-0.126628,-80.182
1105.9,-0.126635,-80.1884
1105.95,-0.126635,-80.1947
1106.0,-0.126625,-80.201
1106.05,-0.126639,-80.2074
1106.1,-0.126634,-80.2137
1106.15,-0.126638,-80.22
1106.2,-0.126635,-80.2264
1106.25,-0.126636,-80.2327
1106.3,-0.126635,-80.239
1106.35,-0.126626,-80.2454
1106.4,-0.126642,-80.2517
1106.45,-0.126644,-80.258
1106.5,-0.126648,-80.2644
1106.55,-0.126659,-80.2707
1106.6,-0.126637,-80.277
1106.65,-0.126642,-80.2833
1106.7,-0.126635,-80.2897
1106.75,-0.126631,-80.296
1106.8,-0.126629,-80.3023
1106.85,-0.126622,-80.3087
1106.9,-0.126629,-80.315
1106.95,-0.126635,-80.3213
1107.0,-0.126621,-80.3277
1107.05,-0.126632,-80.334
1107.1,-0.126626,-80.3403
1107.15,-0.126627,-80.3467
1107.2,-0.126636,-80.353
1107.25,-0.126641,-80.3593
1107.3,-0.126641,-80.3657
1107.35,-0.126653,-80.372
1107.4,-0.12666,-80.3783
1107.45,-0.126664,-80.3847
1107.5,-0.126666,-80.391
1107.55,-0.126681,-80.3973
1107.6,-0.126687,-80.4037
1107.65,-0.126689,-80.41
1107.7,-0.126687,-80.4163
1107.75,-0.126674,-80.4227
1107.8,-0.126668,-80.429
1107.85,-0.126703,-80.4353
1107.9,-0.126774,-80.4417
1107.95,-0.12677,-80.448
1108.0,-0.126768,-80.4543
1108.05,-0.126768,-80.4607
1108.1,-0.126769,-80.467
1108.15,-0.126767,-80.4734
1108.2,-0.126774,-80.4797
1108.25,-0.126758,-80.486
1108.3,-0.126761,-80.4924
1108.35,-0.126759,-80.4987
1108.4,-0.126768,-80.5051
1108.45,-0.126766,-80.5114
1108.5,-0.126759,-80.5177
1108.55,-0.126765,-80.5241
1108.6,-0.126757,-80.5304
1108.65,-0.126764,-80.5367
1108.7,-0.126777,-80.5431
1108.75,-0.126779,-80.5494
1108.8,-0.126754,-80.5558
1108.85,-0.126756,-80.5621
1108.9,-0.126767,-80.5684
1108.95,-0.126774,-80.5748
1109.0,-0.126777,-80.5811
1109.05,-0.126766,-80.5875
1109.1,-0.126772,-80.5938
1109.15,-0.12678,-80.6001
1109.2,-0.12678,-80.6065
1109.25,-0.126769,-80.6128
1109.3,-0.12677,-80.6191
1109.35,-0.12678,-80.6255
1109.4,-0.12677,-80.6318
1109.45,-0.12678,-80.6382
1109.5,-0.126774,-80.6445
1109.55,-0.126769,-80.6508
1109.6,-0.126762,-80.6572
1109.65,-0.126758,-80.6635
1109.7,-0.126768,-80.6699
1109.75,-0.12677,-80.6762
1109.8,-0.126768,-80.6825
1109.85,-0.126777,-80.6889
1109.9,-0.12679,-80.6952
1109.95,-0.126777,-80.7015
1110.0,-0.126782,-80.7079
1110.05,-0.126787,-80.7142
1110.1,-0.126796,-80.7206
1110.15,-0.12679,-80.7269
1110.2,-0.126785,-80.7332
1110.25,-0.126774,-80.7396
1110.3,-0.126784,-80.7459
1110.35,-0.126791,-80.7523
1110.4,-0.126795,-80.7586
1110.45,-0.126802,-80.7649
1110.5,-0.126807,-80.7713
1110.55,-0.126803,-80.7776
1110.6,-0.126809,-80.784
1110.65,-0.126803,-80.7903
1110.7,-0.126792,-80.7966
1110.75,-0.126809,-80.803
1110.8,-0.126806,-80.8093
1110.85,-0.126796,-80.8157
1110.9,-0.126798,-80.822
1110.95,-0.126814,-80.8283
1111.0,-0.126791,-80.8347
1111.05,-0.126814,-80.841
1111.1,-0.126812,-80.8474
1111.15,-0.126812,-80.8537
1111.2,-0.126817,-80.86
1111.25,-0.126819,-80.8664
1111.3,-0.126819,-80.8727
1111.35,-0.12682,-80.8791
1111.4,-0.126825,-80.8854
1111.45,-0.12684,-80.8918
1111.5,-0.126845,-80.8981
1111.55,-0.126854,-80.9044
1111.6,-0.126861,-80.9108
1111.65,-0.126865,-80.9171
1111.7,-0.126878,-80.9235
1111.75,-0.126887,-80.9298
1111.8,-0.126887,-80.9362
1111.85,-0.126878,-80.9425
1111.9,-0.126878,-80.9488
1111.95,-0.126867,-80.9552
1112.0,-0.126878,-80.9615
1112.05,-0.126866,-80.9679
1112.1,-0.126882,-80.9742
1112.15,-0.12687,-80.9806
1112.2,-0.126883,-80.9869
1112.25,-0.126881,-80.9932
1112.3,-0.126881,-80.9996
1112.35,-0.126887,-81.0059
1112.4,-0.126886,-81.0123
1112.45,-0.12688,-81.0186
1112.5,-0.126905,-81.025
1112.55,-0.126891,-81.0313
1112.6,-0.126892,-81.0377
1112.65,-0.12688,-81.044
1112.7,-0.126887,-81.0504
1112.75,-0.126874,-81.0567
1112.8,-0.126877,-81.063
1112.85,-0.12688,-81.0694
1112.9,-0.126892,-81.0757
1112.95,-0.126873,-81.0821
1113.0,-0.126874,-81.0884
1113.05,-0.126882,-81.0948
1113.1,-0.126879,-81.1011
1113.15,-0.126889,-81.1074
1113.2,-0.126897,-81.1138
1113.25,-0.126891,-81.1201
1113.3,-0.126916,-81.1265
1113.35,-0.126909,-81.1328
1113.4,-0.126913,-81.1392
1113.45,-0.126911,-81.1455
1113.5,-0.126921,-81.1519
1113.55,-0.126929,-81.1582
1113.6,-0.126917,-81.1646
1113.65,-0.126919,-81.1709
1113.7,-0.126911,-81.1772
1113.75,-0.126913,-81.1836
1113.8,-0.126932,-81.1899
1113.85,-0.126936,-81.1963
1113.9,-0.126941,-81.2026
1113.95,-0.126954,-81.209
1114.0,-0.126951,-81.2153
1114.05,-0.126951,-81.2217
1114.1,-0.126946,-81.228
1114.15,-0.126954,-81.2344
1114.2,-0.126972,-81.2407
1114.25,-0.126977,-81.2471
1114.3,-0.12698,-81.2534
1114.35,-0.126975,-81.2598
1114.4,-0.126975,-81.2661
1114.45,-0.126959,-81.2725
1114.5,-0.126961,-81.2788
1114.55,-0.126981,-81.2852
1114.6,-0.12698,-81.2915
1114.65,-0.126981,-81.2979
1114.7,-0.126997,-81.3042
1114.75,-0.126991,-81.3106
1114.8,-0.126991,-81.3169
1114.85,-0.126981,-81.3233
1114.9,-0.12699,-81.3296
1114.95,-0.126991,-81.336
1115.0,-0.126988,-81.3423
1115.05,-0.126995,-81.3487
1115.1,-0.127,-81.355
1115.15,-0.127015,-81.3614
1115.2,-0.127007,-81.3677
1115.25,-0.127014,-81.3741
1115.3,-0.127012,-81.3804
1115.35,-0.127011,-81.3868
1115.4,-0.127018,-81.3931
1115.45,-0.127018,-81.3995
1115.5,-0.127013,-81.4058
1115.55,-0.127015,-81.4122
1115.6,-0.127018,-81.4185
1115.65,-0.127022,-81.4249
1115.7,-0.127027,-81.4312
1115.75,-0.127017,-81.4376
1115.8,-0.127027,-81.4439
1115.85,-0.127018,-81.4503
1115.9,-0.127031,-81.4566
1115.95,-0.127036,-81.463
1116.0,-0.127037,-81.4693
1116.05,-0.127058,-81.4757
1116.1,-0.127042,-81.482
1116.15,-0.127035,-81.4884
1116.2,-0.127051,-81.4947
1116.25,-0.127033,-81.5011
1116.3,-0.127033,-81.5074
1116.35,-0.127047,-81.5138
1116.4,-0.12704,-81.5201
1116.45,-0.127045,-81.5265
1116.5,-0.127038,-81.5328
1116.55,-0.127044,-81.5392
1116.6,-0.127055,-81.5455
1116.65,-0.127056,-81.5519
1116.7,-0.127057,-81.5583
1116.75,-0.127066,-81.5646
1116.8,-0.127067,-81.571
1116.85,-0.127064,-81.5773
1116.9,-0.127073,-81.5837
1116.95,-0.127067,-81.59
1117.0,-0.127063,-81.5964
1117.05,-0.127073,-81.6027
1117.1,-0.12709,-81.6091
1117.15,-0.127099,-81.6154
1117.2,-0.127097,-81.6218
1117.25,-0.127106,-81.6282
1117.3,-0.127097,-81.6345
1117.35,-0.127112,-81.6409
1117.4,-0.127104,-81.6472
1117.45,-0.127111,-81.6536
1117.5,-0.127099,-81.6599
1117.55,-0.127091,-81.6663
1117.6,-0.127103,-81.6726
1117.65,-0.127103,-81.679
1117.7,-0.127109,-81.6853
1117.75,-0.12712,-81.6917
1117.8,-0.127131,-81.6981
1117.85,-0.127133,-81.7044
1117.9,-0.12714,-81.7108
1117.95,-0.127143,-81.7171
1118.0,-0.12715,-81.7235
1118.05,-0.127156,-81.7298
1118.1,-0.127168,-81.7362
1118.15,-0.127164,-81.7426
1118.2,-0.127171,-81.7489
1118.25,-0.127173,-81.7553
1118.3,-0.127163,-81.7616
1118.35,-0.12718,-81.768
1118.4,-0.127185,-81.7744
1118.45,-0.127198,-81.7807
1118.5,-0.127206,-81.7871
1118.55,-0.127205,-81.7934
1118.6,-0.1272,-81.7998
1118.65,-0.127205,-81.8062
1118.7,-0.127213,-81.8125
1118.75,-0.127211,-81.8189
1118.8,-0.127215,-81.8252
1118.85,-0.127221,-81.8316
1118.9,-0.127216,-81.838
1118.95,-0.127223,-81.8443
1119.0,-0.127236,-81.8507
1119.05,-0.127232,-81.857
1119.1,-0.127248,-81.8634
1119.15,-0.127254,-81.8698
1119.2,-0.127251,-81.8761
1119.25,-0.127248,-81.8825
1119.3,-0.12725,-81.8889
1119.35,-0.127257,-81.8952
1119.4,-0.127269,-81.9016
1119.45,-0.127285,-81.9079
1119.5,-0.127295,-81.9143
1119.55,-0.127286,-81.9207
1119.6,-0.127301,-81.927
1119.65,-0.127296,-81.9334
1119.7,-0.127288,-81.9398
1119.75,-0.127306,-81.9461
1119.8,-0.127321,-81.9525
1119.85,-0.127335,-81.9589
1119.9,-0.127329,-81.9652
1119.95,-0.127334,-81.9716
1120.0,-0.127348,-81.978
1120.05,-0.127351,-81.9843
1120.1,-0.12736,-81.9907
1120.15,-0.12735,-81.9971
1120.2,-0.127355,-82.0034
1120.25,-0.127372,-82.0098
1120.3,-0.127366,-82.0162
1120.35,-0.127356,-82.0225
1120.4,-0.127377,-82.0289
1120.45,-0.127385,-82.0353
1120.5,-0.127387,-82.0416
1120.55,-0.127387,-82.048
1120.6,-0.127387,-82.0544
1120.65,-0.127393,-82.0608
1120.7,-0.127446,-82.0671
1120.75,-0.127458,-82.0735
1120.8,-0.127452,-82.0799
1120.85,-0.127464,-82.0863
1120.9,-0.127472,-82.0926
1120.95,-0.127459,-82.099
1121.0,-0.127468,-82.1054
1121.05,-0.127474,-82.1117
1121.1,-0.127464,-82.1181
1121.15,-0.127487,-82.1245
1121.2,-0.127489,-82.1309
1121.25,-0.127495,-82.1372
1121.3,-0.127502,-82.1436
1121.35,-0.127522,-82.15
1121.4,-0.127512,-82.1564
1121.45,-0.127506,-82.1627
1121.5,-0.127519,-82.1691
1121.55,-0.127533,-82.1755
1121.6,-0.127536,-82.1819
1121.65,-0.127532,-82.1882
1121.7,-0.127544,-82.1946
1121.75,-0.127553,-82.201
1121.8,-0.127561,-82.2074
1121.85,-0.127566,-82.2138
1121.9,-0.127573,-82.2201
1121.95,-0.127573,-82.2265
1122.0,-0.127596,-82.2329
1122.05,-0.127594,-82.2393
1122.1,-0.127591,-82.2457
1122.15,-0.127593,-82.252
1122.2,-0.127604,-82.2584
1122.25,-0.127609,-82.2648
1122.3,-0.127618,-82.2712
1122.35,-0.127622,-82.2776
1122.4,-0.127625,-82.2839
1122.45,-0.12763,-82.2903
1122.5,-0.127624,-82.2967
1122.55,-0.127635,-82.3031
1122.6,-0.127645,-82.3095
1122.65,-0.127653,-82.3158
1122.7,-0.127647,-82.3222
1122.75,-0.12764,-82.3286
1122.8,-0.12764,-82.335
1122.85,-0.127644,-82.3414
1122.9,-0.127642,-82.3478
1122.95,-0.127657,-82.3541
1123.0,-0.12765,-82.3605
1123.05,-0.127654,-82.3669
1123.1,-0.127663,-82.3733
1123.15,-0.127654,-82.3797
1123.2,-0.127647,-82.3861
1123.25,-0.127649,-82.3924
1123.3,-0.127657,-82.3988
1123.35,-0.127648,-82.4052
1123.4,-0.127657,-82.4116
1123.45,-0.127645,-82.418
1123.5,-0.127661,-82.4244
1123.55,-0.127664,-82.4307
1123.6,-0.127669,-82.4371
1123.65,-0.12769,-82.4435
1123.7,-0.127694,-82.4499
1123.75,-0.127692,-82.4563
1123.8,-0.127699,-82.4627
1123.85,-0.127701,-82.469
1123.9,-0.127706,-82.4754
1123.95,-0.127707,-82.4818
1124.0,-0.127716,-82.4882
1124.05,-0.127727,-82.4946
1124.1,-0.127731,-82.501
1124.15,-0.127741,-82.5074
1124.2,-0.127731,-82.5137
1124.25,-0.127734,-82.5201
1124.3,-0.127733,-82.5265
1124.35,-0.127737,-82.5329
1124.4,-0.127731,-82.5393
1124.45,-0.127721,-82.5457
1124.5,-0.127722,-82.5521
1124.55,-0.127719,-82.5584
1124.6,-0.127723,-82.5648
1124.65,-0.127724,-82.5712
1124.7,-0.127733,-82.5776
1124.75,-0.127723,-82.584
1124.8,-0.12772,-82.5904
1124.85,-0.127728,-82.5968
1124.9,-0.127721,-82.6032
1124.95,-0.127706,-82.6095
1125.0,-0.127715,-82.6159
1125.05,-0.127721,-82.6223
1125.1,-0.127726,-82.6287
1125.15,-0.127734,-82.6351
1125.2,-0.127728,-82.6415
1125.25,-0.12772,-82.6479
1125.3,-0.127723,-82.6542
1125.35,-0.127741,-82.6606
1125.4,-0.127751,-82.667
1125.45,-0.127757,-82.6734
1125.5,-0.12776,-82.6798
1125.55,-0.127763,-82.6862
1125.6,-0.127749,-82.6926
1125.65,-0.127755,-82.699
1125.7,-0.127765,-82.7053
1125.75,-0.127767,-82.7117
1125.8,-0.127753,-82.7181
1125.85,-0.127761,-82.7245
1125.9,-0.127765,-82.7309
1125.95,-0.127763,-82.7373
1126.0,-0.127756,-82.7437
1126.05,-0.127757,-82.7501
1126.1,-0.127766,-82.7564
1126.15,-0.127766,-82.7628
1126.2,-0.127767,-82.7692
1126.25,-0.127771,-82.7756
1126.3,-0.127761,-82.782
1126.35,-0.127757,-82.7884
1126.4,-0.127755,-82.7948
1126.45,-0.127765,-82.8012
1126.5,-0.127764,-82.8076
1126.55,-0.127768,-82.8139
1126.6,-0.127776,-82.8203
1126.65,-0.127768,-82.8267
1126.7,-0.127768,-82.8331
1126.75,-0.127776,-82.8395
1126.8,-0.127778,-82.8459
1126.85,-0.127783,-82.8523
1126.9,-0.127787,-82.8587
1126.95,-0.127788,-82.8651
1127.0,-0.127795,-82.8714
1127.05,-0.127798,-82.8778
1127.1,-0.127792,-82.8842
1127.15,-0.127804,-82.8906
1127.2,-0.127811,-82.897
1127.25,-0.127813,-82.9034
1127.3,-0.127806,-82.9098
1127.35,-0.127803,-82.9162
1127.4,-0.127825,-82.9226
1127.45,-0.12782,-82.929
1127.5,-0.127817,-82.9353
1127.55,-0.127819,-82.9417
1127.6,-0.127819,-82.9481
1127.65,-0.127814,-82.9545
1127.7,-0.127813,-82.9609
1127.75,-0.127809,-82.9673
1127.8,-0.127805,-82.9737
1127.85,-0.127815,-82.9801
1127.9,-0.127803,-82.9865
1127.95,-0.127799,-82.9929
1128.0,-0.127806,-82.9993
1128.05,-0.127804,-83.0056
1128.1,-0.127794,-83.012
1128.15,-0.127795,-83.0184
1128.2,-0.127827,-83.0248
1128.25,-0.127822,-83.0312
1128.3,-0.127826,-83.0376
1128.35,-0.127817,-83.044
1128.4,-0.127803,-83.0504
1128.45,-0.127805,-83.0568
1128.5,-0.127806,-83.0632
1128.55,-0.127801,-83.0695
1128.6,-0.12781,-83.0759
1128.65,-0.127808,-83.0823
1128.7,-0.127804,-83.0887
1128.75,-0.127801,-83.0951
1128.8,-0.127792,-83.1015
1128.85,-0.127806,-83.1079
1128.9,-0.127809,-83.1143
1128.95,-0.127803,-83.1207
1129.0,-0.1278,-83.1271
1129.05,-0.127803,-83.1335
1129.1,-0.127793,-83.1398
1129.15,-0.127797,-83.1462
1129.2,-0.127797,-83.1526
1129.25,-0.127808,-83.159
1129.3,-0.127821,-83.1654
1129.35,-0.127825,-83.1718
1129.4,-0.127817,-83.1782
1129.45,-0.127821,-83.1846
1129.5,-0.12782,-83.191
1129.55,-0.127826,-83.1974
1129.6,-0.127848,-83.2038
1129.65,-0.127835,-83.2101
1129.7,-0.127835,-83.2165
1129.75,-0.127853,-83.2229
1129.8,-0.127851,-83.2293
1129.85,-0.127845,-83.2357
1129.9,-0.127854,-83.2421
1129.95,-0.12785,-83.2485
1130.0,-0.127858,-83.2549
1130.05,-0.127863,-83.2613
1130.1,-0.127861,-83.2677
1130.15,-0.127861,-83.2741
1130.2,-0.12786,-83.2805
1130.25,-0.127868,-83.2868
1130.3,-0.127862,-83.2932
1130.35,-0.12788,-83.2996
1130.4,-0.127885,-83.306
1130.45,-0.127878,-83.3124
1130.5,-0.127884,-83.3188
1130.55,-0.127894,-83.3252
1130.6,-0.127878,-83.3316
1130.65,-0.127877,-83.338
1130.7,-0.127878,-83.3444
1130.75,-0.127882,-83.3508
1130.8,-0.127909,-83.3572
1130.85,-0.127925,-83.3636
1130.9,-0.127931,-83.37
1130.95,-0.127936,-83.3764
1131.0,-0.127923,-83.3828
1131.05,-0.127933,-83.3892
1131.1,-0.127923,-83.3956
1131.15,-0.127916,-83.402
1131.2,-0.127908,-83.4084
1131.25,-0.127919,-83.4148
1131.3,-0.127917,-83.4212
1131.35,-0.127925,-83.4275
1131.4,-0.127924,-83.4339
1131.45,-0.127923,-83.4403
1131.5,-0.127925,-83.4467
1131.55,-0.127931,-83.4531
1131.6,-0.127927,-83.4595
1131.65,-0.127926,-83.4659
1131.7,-0.127945,-83.4723
1131.75,-0.12793,-83.4787
1131.8,-0.127936,-83.4851
1131.85,-0.127944,-83.4915
1131.9,-0.127945,-83.4979
1131.95,-0.127952,-83.5043
1132.0,-0.127959,-83.5107
1132.05,-0.127993,-83.5171
1132.1,-0.127981,-83.5235
1132.15,-0.127984,-83.5299
1132.2,-0.128001,-83.5363
1132.25,-0.128,-83.5427
1132.3,-0.128002,-83.5491
1132.35,-0.127988,-83.5555
1132.4,-0.127992,-83.5619
1132.45,-0.127991,-83.5683
1132.5,-0.127991,-83.5747
1132.55,-0.128009,-83.5811
1132.6,-0.127997,-83.5875
1132.65,-0.127999,-83.5939
1132.7,-0.128006,-83.6003
1132.75,-0.128004,-83.6067
1132.8,-0.127997,-83.6131
1132.85,-0.128005,-83.6195
1132.9,-0.128014,-83.6259
1132.95,-0.128001,-83.6323
1133.0,-0.128009,-83.6387
1133.05,-0.128019,-83.6451
1133.1,-0.128023,-83.6515
1133.15,-0.128023,-83.6579
1133.2,-0.128046,-83.6643
1133.25,-0.128048,-83.6707
1133.3,-0.128048,-83.6771
1133.35,-0.128057,-83.6835
1133.4,-0.128054,-83.6899
1133.45,-0.128063,-83.6963
1133.5,-0.128066,-83.7027
1133.55,-0.128049,-83.7091
1133.6,-0.128066,-83.7155
1133.65,-0.128064,-83.7219
1133.7,-0.128067,-83.7283
1133.75,-0.128079,-83.7347
1133.8,-0.128086,-83.7411
1133.85,-0.128087,-83.7476
1133.9,-0.128085,-83.754
1133.95,-0.128078,-83.7604
1134.0,-0.128081,-83.7668
1134.05,-0.128095,-83.7732
1134.1,-0.128094,-83.7796
1134.15,-0.128099,-83.786
1134.2,-0.128101,-83.7924
1134.25,-0.128109,-83.7988
1134.3,-0.128096,-83.8052
1134.35,-0.128095,-83.8116
1134.4,-0.128094,-83.818
1134.45,-0.128101,-83.8244
1134.5,-0.128114,-83.8308
1134.55,-0.128131,-83.8372
1134.6,-0.12813,-83.8436
1134.65,-0.128129,-83.85
1134.7,-0.128113,-83.8564
1134.75,-0.128132,-83.8628
1134.8,-0.128133,-83.8692
1134.85,-0.128137,-83.8757
1134.9,-0.128132,-83.8821
1134.95,-0.12814,-83.8885
1135.0,-0.12814,-83.8949
1135.05,-0.128141,-83.9013
1135.1,-0.12815,-83.9077
1135.15,-0.128156,-83.9141
1135.2,-0.128156,-83.9205
1135.25,-0.128164,-83.9269
1135.3,-0.128175,-83.9333
1135.35,-0.128168,-83.9397
1135.4,-0.128167,-83.9461
1135.45,-0.128178,-83.9526
1135.5,-0.12817,-83.959
1135.55,-0.128174,-83.9654
1135.6,-0.128184,-83.9718
1135.65,-0.128184,-83.9782
1135.7,-0.128183,-83.9846
1135.75,-0.128189,-83.991
1135.8,-0.128196,-83.9974
1135.85,-0.128198,-84.0038
1135.9,-0.128211,-84.0102
1135.95,-0.128222,-84.0166
1136.0,-0.12822,-84.0231
1136.05,-0.128221,-84.0295
1136.1,-0.12822,-84.0359
1136.15,-0.128226,-84.0423
1136.2,-0.128231,-84.0487
1136.25,-0.128232,-84.0551
1136.3,-0.128237,-84.0615
1136.35,-0.128244,-84.0679
1136.4,-0.128239,-84.0743
1136.45,-0.12824,-84.0808
1136.5,-0.128263,-84.0872
1136.55,-0.128267,-84.0936
1136.6,-0.128276,-84.1
1136.65,-0.128276,-84.1064
1136.7,-0.128279,-84.1128
1136.75,-0.128284,-84.1192
1136.8,-0.128296,-84.1257
1136.85,-0.1283,-84.1321
1136.9,-0.128295,-84.1385
1136.95,-0.128294,-84.1449
1137.0,-0.128306,-84.1513
1137.05,-0.128318,-84.1577
1137.1,-0.128313,-84.1641
1137.15,-0.128327,-84.1706
1137.2,-0.128346,-84.177
1137.25,-0.128343,-84.1834
1137.3,-0.128346,-84.1898
1137.35,-0.128354,-84.1962
1137.4,-0.128359,-84.2027
1137.45,-0.128353,-84.2091
1137.5,-0.128363,-84.2155
1137.55,-0.128351,-84.2219
1137.6,-0.128356,-84.2283
1137.65,-0.128378,-84.2347
1137.7,-0.128379,-84.2412
1137.75,-0.128391,-84.2476
1137.8,-0.128405,-84.254
1137.85,-0.128405,-84.2604
1137.9,-0.128411,-84.2668
1137.95,-0.128409,-84.2733
1138.0,-0.128418,-84.2797
1138.05,-0.12842,-84.2861
1138.1,-0.128433,-84.2925
1138.15,-0.128415,-84.299
1138.2,-0.128418,-84.3054
1138.25,-0.128426,-84.3118
1138.3,-0.12845,-84.3182
1138.35,-0.128458,-84.3246
1138.4,-0.12846,-84.3311
1138.45,-0.128461,-84.3375
1138.5,-0.128446,-84.3439
1138.55,-0.128452,-84.3503
1138.6,-0.128469,-84.3568
1138.65,-0.128481,-84.3632
1138.7,-0.128499,-84.3696
1138.75,-0.128491,-84.376
1138.8,-0.128501,-84.3824
1138.85,-0.128503,-84.3889
1138.9,-0.128495,-84.3953
1138.95,-0.12852,-84.4017
1139.0,-0.128532,-84.4081
1139.05,-0.12854,-84.4146
1139.1,-0.128549,-84.421
1139.15,-0.128553,-84.4274
1139.2,-0.128558,-84.4339
1139.25,-0.128575,-84.4403
1139.3,-0.128575,-84.4467
1139.35,-0.128574,-84.4531
1139.4,-0.1286,-84.4596
1139.45,-0.128591,-84.466
1139.5,-0.128595,-84.4724
1139.55,-0.128597,-84.4789
1139.6,-0.128595,-84.4853
1139.65,-0.128613,-84.4917
1139.7,-0.128625,-84.4982
1139.75,-0.128634,-84.5046
1139.8,-0.128641,-84.511
1139.85,-0.128647,-84.5175
1139.9,-0.128655,-84.5239
1139.95,-0.12865,-84.5303
1140.0,-0.12866,-84.5368
1140.05,-0.128659,-84.5432
1140.1,-0.128684,-84.5496
1140.15,-0.128689,-84.5561
1140.2,-0.128709,-84.5625
1140.25,-0.128715,-84.5689
1140.3,-0.128719,-84.5754
1140.35,-0.128727,-84.5818
1140.4,-0.128722,-84.5882
1140.45,-0.128744,-84.5947
1140.5,-0.128744,-84.6011
1140.55,-0.128755,-84.6075
1140.6,-0.128757,-84.614
1140.65,-0.128778,-84.6204
1140.7,-0.128776,-84.6269
1140.75,-0.128793,-84.6333
1140.8,-0.128801,-84.6397
1140.85,-0.128801,-84.6462
1140.9,-0.128813,-84.6526
1140.95,-0.128818,-84.6591
1141.0,-0.128834,-84.6655
1141.05,-0.128834,-84.6719
1141.1,-0.128847,-84.6784
1141.15,-0.128844,-84.6848
1141.2,-0.128857,-84.6913
1141.25,-0.128852,-84.6977
1141.3,-0.128862,-84.7042
1141.35,-0.128857,-84.7106
1141.4,-0.12887,-84.717
1141.45,-0.128865,-84.7235
1141.5,-0.128871,-84.7299
1141.55,-0.128878,-84.7364
1141.6,-0.12889,-84.7428
1141.65,-0.128889,-84.7493
1141.7,-0.128886,-84.7557
1141.75,-0.128896,-84.7622
1141.8,-0.128904,-84.7686
1141.85,-0.128909,-84.775
1141.9,-0.128917,-84.7815
1141.95,-0.128923,-84.7879
1142.0,-0.128924,-84.7944
1142.05,-0.128924,-84.8008
1142.1,-0.128927,-84.8073
1142.15,-0.128931,-84.8137
1142.2,-0.128944,-84.8202
1142.25,-0.128942,-84.8266
1142.3,-0.128934,-84.8331
1142.35,-0.128929,-84.8395
1142.4,-0.12894,-84.846
1142.45,-0.128936,-84.8524
1142.5,-0.128932,-84.8588
1142.55,-0.128938,-84.8653
1142.6,-0.128945,-84.8717
1142.65,-0.128948,-84.8782
1142.7,-0.128949,-84.8846
1142.75,-0.128956,-84.8911
1142.8,-0.128957,-84.8975
1142.85,-0.128971,-84.904
1142.9,-0.128983,-84.9104
1142.95,-0.128996,-84.9169
1143.0,-0.12898,-84.9233
1143.05,-0.12898,-84.9298
1143.1,-0.12898,-84.9362
1143.15,-0.128989,-84.9427
1143.2,-0.128995,-84.9491
1143.25,-0.129004,-84.9556
1143.3,-0.128998,-84.962
1143.35,-0.129007,-84.9685
1143.4,-0.129008,-84.9749
1143.45,-0.129006,-84.9814
1143.5,-0.129003,-84.9878
1143.55,-0.129009,-84.9943
1143.6,-0.129006,-85.0007
1143.65,-0.12901,-85.0072
1143.7,-0.128995,-85.0136
1143.75,-0.129015,-85.0201
1143.8,-0.129001,-85.0265
1143.85,-0.129003,-85.033
1143.9,-0.129017,-85.0394
1143.95,-0.12902,-85.0459
1144.0,-0.129016,-85.0523
1144.05,-0.129014,-85.0588
1144.1,-0.129014,-85.0652
1144.15,-0.129021,-85.0717
1144.2,-0.129011,-85.0781
1144.25,-0.129019,-85.0846
1144.3,-0.129029,-85.091
1144.35,-0.129041,-85.0975
1144.4,-0.129031,-85.1039
1144.45,-0.129024,-85.1104
1144.5,-0.129019,-85.1168
1144.55,-0.129037,-85.1233
1144.6,-0.129025,-85.1297
1144.65,-0.129039,-85.1362
1144.7,-0.129037,-85.1427
1144.75,-0.129048,-85.1491
1144.8,-0.129042,-85.1556
1144.85,-0.129046,-85.162
1144.9,-0.12904,-85.1685
1144.95,-0.12902,-85.1749
1145.0,-0.129031,-85.1814
1145.05,-0.129038,-85.1878
1145.1,-0.129044,-85.1943
1145.15,-0.129037,-85.2007
1145.2,-0.129044,-85.2072
1145.25,-0.12905,-85.2136
1145.3,-0.129058,-85.2201
1145.35,-0.12906,-85.2265
1145.4,-0.129057,-85.233
1145.45,-0.129073,-85.2394
1145.5,-0.12906,-85.2459
1145.55,-0.129079,-85.2523
1145.6,-0.129083,-85.2588
1145.65,-0.129085,-85.2653
1145.7,-0.129107,-85.2717
1145.75,-0.129111,-85.2782
1145.8,-0.129124,-85.2846
1145.85,-0.129136,-85.2911
1145.9,-0.129135,-85.2975
1145.95,-0.129146,-85.304
1146.0,-0.129165,-85.3104
1146.05,-0.129155,-85.3169
1146.1,-0.12917,-85.3234
1146.15,-0.129185,-85.3298
1146.2,-0.129179,-85.3363
1146.25,-0.129165,-85.3427
1146.3,-0.129182,-85.3492
1146.35,-0.129185,-85.3557
1146.4,-0.129199,-85.3621
1146.45,-0.129201,-85.3686
1146.5,-0.129202,-85.375
1146.55,-0.129203,-85.3815
1146.6,-0.12921,-85.388
1146.65,-0.12921,-85.3944
1146.7,-0.129212,-85.4009
1146.75,-0.129215,-85.4073
1146.8,-0.129218,-85.4138
1146.85,-0.129231,-85.4203
1146.9,-0.12922,-85.4267
1146.95,-0.12922,-85.4332
1147.0,-0.129213,-85.4396
1147.05,-0.129226,-85.4461
1147.1,-0.129244,-85.4526
1147.15,-0.129239,-85.459
1147.2,-0.129243,-85.4655
1147.25,-0.129228,-85.472
1147.3,-0.129232,-85.4784
1147.35,-0.129229,-85.4849
1147.4,-0.129233,-85.4913
1147.45,-0.129239,-85.4978
1147.5,-0.129239,-85.5043
1147.55,-0.129245,-85.5107
1147.6,-0.129248,-85.5172
1147.65,-0.129245,-85.5237
1147.7,-0.129239,-85.5301
1147.75,-0.129243,-85.5366
1147.8,-0.129267,-85.543
1147.85,-0.129279,-85.5495
1147.9,-0.129272,-85.556
1147.95,-0.129254,-85.5624
1148.0,-0.129244,-85.5689
1148.05,-0.12926,-85.5754
1148.1,-0.129261,-85.5818
1148.15,-0.129272,-85.5883
1148.2,-0.129271,-85.5947
1148.25,-0.129291,-85.6012
1148.3,-0.129295,-85.6077
1148.35,-0.129285,-85.6141
1148.4,-0.129299,-85.6206
1148.45,-0.129305,-85.6271
1148.5,-0.12932,-85.6335
1148.55,-0.129318,-85.64
1148.6,-0.129322,-85.6465
1148.65,-0.129328,-85.6529
1148.7,-0.12933,-85.6594
1148.75,-0.129331,-85.6659
1148.8,-0.129335,-85.6723
1148.85,-0.129332,-85.6788
1148.9,-0.129345,-85.6853
1148.95,-0.129334,-85.6917
1149.0,-0.129324,-85.6982
1149.05,-0.129317,-85.7047
1149.1,-0.129329,-85.7111
1149.15,-0.129338,-85.7176
1149.2,-0.12935,-85.7241
1149.25,-0.129352,-85.7305
1149.3,-0.129354,-85.737
1149.35,-0.129344,-85.7435
1149.4,-0.129343,-85.7499
1149.45,-0.129353,-85.7564
1149.5,-0.129353,-85.7629
1149.55,-0.129369,-85.7693
1149.6,-0.129356,-85.7758
1149.65,-0.129368,-85.7823
1149.7,-0.129372,-85.7887
1149.75,-0.129376,-85.7952
1149.8,-0.129372,-85.8017
1149.85,-0.129368,-85.8082
1149.9,-0.129388,-85.8146
1149.95,-0.129378,-85.8211
1150.0,-0.129375,-85.8276
1150.05,-0.129374,-85.834
1150.1,-0.129375,-85.8405
1150.15,-0.129381,-85.847
1150.2,-0.1294,-85.8534
1150.25,-0.129396,-85.8599
1150.3,-0.129397,-85.8664
1150.35,-0.129397,-85.8728
1150.4,-0.129387,-85.8793
1150.45,-0.129398,-85.8858
1150.5,-0.129398,-85.8923
1150.55,-0.129403,-85.8987
1150.6,-0.129404,-85.9052
1150.65,-0.129402,-85.9117
1150.7,-0.129399,-85.9181
1150.75,-0.129412,-85.9246
1150.8,-0.129402,-85.9311
1150.85,-0.12941,-85.9375
1150.9,-0.129407,-85.944
1150.95,-0.129408,-85.9505
1151.0,-0.129414,-85.957
1151.05,-0.129418,-85.9634
1151.1,-0.129417,-85.9699
1151.15,-0.129415,-85.9764
1151.2,-0.129419,-85.9828
1151.25,-0.129415,-85.9893
1151.3,-0.129427,-85.9958
1151.35,-0.129433,-86.0023
1151.4,-0.129429,-86.0087
1151.45,-0.129437,-86.0152
1151.5,-0.129442,-86.0217
1151.55,-0.12943,-86.0281
1151.6,-0.129438,-86.0346
1151.65,-0.129439,-86.0411
1151.7,-0.129445,-86.0476
1151.75,-0.12946,-86.054
1151.8,-0.129457,-86.0605
1151.85,-0.12946,-86.067
1151.9,-0.129479,-86.0734
1151.95,-0.129486,-86.0799
1152.0,-0.129491,-86.0864
1152.05,-0.129491,-86.0929
1152.1,-0.129499,-86.0993
1152.15,-0.1295,-86.1058
1152.2,-0.129519,-86.1123
1152.25,-0.129517,-86.1188
1152.3,-0.129523,-86.1253
1152.35,-0.129544,-86.1317
1152.4,-0.129531,-86.1382
1152.45,-0.129537,-86.1447
1152.5,-0.129548,-86.1512
1152.55,-0.129565,-86.1576
1152.6,-0.129578,-86.1641
1152.65,-0.129575,-86.1706
1152.7,-0.129584,-86.1771
1152.75,-0.129595,-86.1836
1152.8,-0.129612,-86.19
1152.85,-0.129623,-86.1965
1152.9,-0.129634,-86.203
1152.95,-0.129634,-86.2095
1153.0,-0.129635,-86.216
1153.05,-0.12964,-86.2224
1153.1,-0.129647,-86.2289
1153.15,-0.129642,-86.2354
1153.2,-0.129644,-86.2419
1153.25,-0.129657,-86.2484
1153.3,-0.12966,-86.2549
1153.35,-0.129664,-86.2613
1153.4,-0.129664,-86.2678
1153.45,-0.129668,-86.2743
1153.5,-0.129688,-86.2808
1153.55,-0.129679,-86.2873
1153.6,-0.129682,-86.2938
1153.65,-0.129683,-86.3002
1153.7,-0.12969,-86.3067
1153.75,-0.129691,-86.3132
1153.8,-0.129697,-86.3197
1153.85,-0.129692,-86.3262
1153.9,-0.129694,-86.3327
1153.95,-0.129697,-86.3391
1154.0,-0.129696,-86.3456
1154.05,-0.129692,-86.3521
1154.1,-0.129714,-86.3586
1154.15,-0.129707,-86.3651
1154.2,-0.129721,-86.3716
1154.25,-0.129722,-86.3781
1154.3,-0.129736,-86.3845
1154.35,-0.129746,-86.391
1154.4,-0.129746,-86.3975
1154.45,-0.129757,-86.404
1154.5,-0.12975,-86.4105
1154.55,-0.12975,-86.417
1154.6,-0.12974,-86.4235
1154.65,-0.129759,-86.43
1154.7,-0.129761,-86.4364
1154.75,-0.129768,-86.4429
1154.8,-0.12977,-86.4494
1154.85,-0.129782,-86.4559
1154.9,-0.12977,-86.4624
1154.95,-0.129784,-86.4689
1155.0,-0.129788,-86.4754
1155.05,-0.129791,-86.4819
1155.1,-0.129793,-86.4884
1155.15,-0.129798,-86.4949
1155.2,-0.129814,-86.5013
1155.25,-0.129813,-86.5078
1155.3,-0.129813,-86.5143
1155.35,-0.129833,-86.5208
1155.4,-0.129835,-86.5273
1155.45,-0.129846,-86.5338
1155.5,-0.129856,-86.5403
1155.55,-0.129862,-86.5468
1155.6,-0.129867,-86.5533
1155.65,-0.129863,-86.5598
1155.7,-0.129859,-86.5663
1155.75,-0.129855,-86.5728
1155.8,-0.129857,-86.5792
1155.85,-0.129857,-86.5857
1155.9,-0.129857,-86.5922
1155.95,-0.129862,-86.5987
1156.0,-0.129862,-86.6052
1156.05,-0.129871,-86.6117
1156.1,-0.129873,-86.6182
1156.15,-0.129883,-86.6247
1156.2,-0.129877,-86.6312
1156.25,-0.129879,-86.6377
1156.3,-0.129865,-86.6442
1156.35,-0.129876,-86.6507
1156.4,-0.12988,-86.6572
1156.45,-0.129881,-86.6637
1156.5,-0.129886,-86.6702
1156.55,-0.129888,-86.6767
1156.6,-0.129887,-86.6832
1156.65,-0.129887,-86.6896
1156.7,-0.129892,-86.6961
1156.75,-0.129881,-86.7026
1156.8,-0.129891,-86.7091
1156.85,-0.129897,-86.7156
1156.9,-0.12989,-86.7221
1156.95,-0.12989,-86.7286
1157.0,-0.129896,-86.7351
1157.05,-0.129889,-86.7416
1157.1,-0.129888,-86.7481
1157.15,-0.129899,-86.7546
1157.2,-0.129915,-86.7611
1157.25,-0.129909,-86.7676
1157.3,-0.129928,-86.7741
1157.35,-0.129931,-86.7806
1157.4,-0.129916,-86.7871
1157.45,-0.129931,-86.7936
1157.5,-0.129938,-86.8001
1157.55,-0.129941,-86.8066
1157.6,-0.129953,-86.8131
1157.65,-0.129947,-86.8195
1157.7,-0.129953,-86.826
1157.75,-0.129951,-86.8326
1157.8,-0.129948,-86.839
1157.85,-0.129963,-86.8455
1157.9,-0.129971,-86.852
1157.95,-0.129967,-86.8585
1158.0,-0.129988,-86.865
1158.05,-0.129998,-86.8715
1158.1,-0.130006,-86.878
1158.15,-0.13,-86.8845
1158.2,-0.130004,-86.891
1158.25,-0.13001,-86.8975
1158.3,-0.130022,-86.904
1158.35,-0.130041,-86.9105
1158.4,-0.130034,-86.917
1158.45,-0.130018,-86.9235
1158.5,-0.130029,-86.93
1158.55,-0.130033,-86.9365
1158.6,-0.130041,-86.9431
1158.65,-0.130041,-86.9496
1158.7,-0.130045,-86.9561
1158.75,-0.130038,-86.9626
1158.8,-0.130037,-86.9691
1158.85,-0.130061,-86.9756
1158.9,-0.130068,-86.9821
1158.95,-0.130075,-86.9886
1159.0,-0.130082,-86.9951
1159.05,-0.13009,-87.0016
1159.1,-0.130082,-87.0081
1159.15,-0.130088,-87.0146
1159.2,-0.130089,-87.0211
1159.25,-0.130089,-87.0276
1159.3,-0.130102,-87.0341
1159.35,-0.130104,-87.0406
1159.4,-0.130106,-87.0471
1159.45,-0.130139,-87.0536
1159.5,-0.130179,-87.0601
1159.55,-0.13018,-87.0666
1159.6,-0.13018,-87.0731
1159.65,-0.130189,-87.0797
1159.7,-0.1302,-87.0862
1159.75,-0.130199,-87.0927
1159.8,-0.130197,-87.0992
1159.85,-0.1302,-87.1057
1159.9,-0.130193,-87.1122
1159.95,-0.130217,-87.1187
1160.0,-0.130215,-87.1252
1160.05,-0.130226,-87.1317
1160.1,-0.13023,-87.1383
1160.15,-0.130223,-87.1448
1160.2,-0.13024,-87.1513
1160.25,-0.130241,-87.1578
1160.3,-0.130237,-87.1643
1160.35,-0.130235,-87.1708
1160.4,-0.130246,-87.1773
1160.45,-0.130252,-87.1838
1160.5,-0.130256,-87.1903
1160.55,-0.130258,-87.1969
1160.6,-0.130273,-87.2034
1160.65,-0.130276,-87.2099
1160.7,-0.130283,-87.2164
1160.75,-0.130292,-87.2229
1160.8,-0.130301,-87.2294
1160.85,-0.130303,-87.2359
1160.9,-0.130308,-87.2425
1160.95,-0.13031,-87.249
1161.0,-0.130328,-87.2555
1161.05,-0.130334,-87.262
1161.1,-0.130333,-87.2685
1161.15,-0.13033,-87.275
1161.2,-0.130334,-87.2816
1161.25,-0.130326,-87.2881
1161.3,-0.130327,-87.2946
1161.35,-0.130329,-87.3011
1161.4,-0.13033,-87.3076
1161.45,-0.130335,-87.3141
1161.5,-0.130344,-87.3207
1161.55,-0.130338,-87.3272
1161.6,-0.130335,-87.3337
1161.65,-0.130336,-87.3402
1161.7,-0.130336,-87.3467
1161.75,-0.130339,-87.3532
1161.8,-0.130348,-87.3598
1161.85,-0.130357,-87.3663
1161.9,-0.130356,-87.3728
1161.95,-0.130344,-87.3793
1162.0,-0.130348,-87.3858
1162.05,-0.130363,-87.3923
1162.1,-0.13037,-87.3989
1162.15,-0.130368,-87.4054
1162.2,-0.130369,-87.4119
1162.25,-0.130364,-87.4184
1162.3,-0.130368,-87.4249
1162.35,-0.130372,-87.4315
1162.4,-0.130376,-87.438
1162.45,-0.130373,-87.4445
1162.5,-0.130381,-87.451
1162.55,-0.130374,-87.4575
1162.6,-0.130388,-87.4641
1162.65,-0.130383,-87.4706
1162.7,-0.130382,-87.4771
1162.75,-0.130387,-87.4836
1162.8,-0.130387,-87.4901
1162.85,-0.130388,-87.4967
1162.9,-0.130391,-87.5032
1162.95,-0.130391,-87.5097
1163.0,-0.130383,-87.5162
1163.05,-0.130378,-87.5227
1163.1,-0.130399,-87.5292
1163.15,-0.130393,-87.5358
1163.2,-0.130402,-87.5423
1163.25,-0.130407,-87.5488
1163.3,-0.130413,-87.5553
1163.35,-0.130414,-87.5619
1163.4,-0.130416,-87.5684
1163.45,-0.130433,-87.5749
1163.5,-0.130434,-87.5814
1163.55,-0.13044,-87.5879
1163.6,-0.130452,-87.5945
1163.65,-0.13045,-87.601
1163.7,-0.130457,-87.6075
1163.75,-0.130467,-87.614
1163.8,-0.130454,-87.6206
1163.85,-0.130469,-87.6271
1163.9,-0.13047,-87.6336
1163.95,-0.130472,-87.6401
1164.0,-0.130473,-87.6466
1164.05,-0.130482,-87.6532
1164.1,-0.130483,-87.6597
1164.15,-0.130481,-87.6662
1164.2,-0.130486,-87.6727
1164.25,-0.130485,-87.6793
1164.3,-0.130489,-87.6858
1164.35,-0.130486,-87.6923
1164.4,-0.130475,-87.6988
1164.45,-0.130525,-87.7054
1164.5,-0.130555,-87.7119
1164.55,-0.130572,-87.7184
1164.6,-0.13057,-87.7249
1164.65,-0.130579,-87.7315
1164.7,-0.13058,-87.738
1164.75,-0.13059,-87.7445
1164.8,-0.130584,-87.7511
1164.85,-0.130593,-87.7576
1164.9,-0.130602,-87.7641
1164.95,-0.130609,-87.7707
1165.0,-0.130602,-87.7772
1165.05,-0.130605,-87.7837
1165.1,-0.130602,-87.7902
1165.15,-0.130587,-87.7968
1165.2,-0.130597,-87.8033
1165.25,-0.130612,-87.8098
1165.3,-0.13062,-87.8164
1165.35,-0.130624,-87.8229
1165.4,-0.130613,-87.8294
1165.45,-0.130614,-87.836
1165.5,-0.130604,-87.8425
1165.55,-0.130611,-87.849
1165.6,-0.130633,-87.8556
1165.65,-0.130633,-87.8621
1165.7,-0.130636,-87.8686
1165.75,-0.130632,-87.8751
1165.8,-0.130628,-87.8817
1165.85,-0.130635,-87.8882
1165.9,-0.130636,-87.8947
1165.95,-0.130649,-87.9013
1166.0,-0.130642,-87.9078
1166.05,-0.130632,-87.9143
1166.1,-0.130638,-87.9209
1166.15,-0.130641,-87.9274
1166.2,-0.13064,-87.9339
1166.25,-0.130659,-87.9405
1166.3,-0.130651,-87.947
1166.35,-0.130671,-87.9535
1166.4,-0.130649,-87.9601
1166.45,-0.130654,-87.9666
1166.5,-0.130667,-87.9731
1166.55,-0.130663,-87.9797
1166.6,-0.130652,-87.9862
1166.65,-0.130665,-87.9927
1166.7,-0.130661,-87.9993
1166.75,-0.130668,-88.0058
1166.8,-0.130662,-88.0123
1166.85,-0.13067,-88.0189
1166.9,-0.130666,-88.0254
1166.95,-0.130666,-88.0319
1167.0,-0.130673,-88.0385
1167.05,-0.130671,-88.045
1167.1,-0.130675,-88.0515
1167.15,-0.13067,-88.0581
1167.2,-0.130672,-88.0646
1167.25,-0.130678,-88.0711
1167.3,-0.130682,-88.0777
1167.35,-0.130689,-88.0842
1167.4,-0.130679,-88.0907
1167.45,-0.130687,-88.0973
1167.5,-0.130688,-88.1038
1167.55,-0.130686,-88.1103
1167.6,-0.130679,-88.1169
1167.65,-0.130693,-88.1234
1167.7,-0.130711,-88.1299
1167.75,-0.130706,-88.1365
1167.8,-0.130704,-88.143
1167.85,-0.130702,-88.1495
1167.9,-0.130702,-88.1561
1167.95,-0.130704,-88.1626
1168.0,-0.130712,-88.1692
1168.05,-0.130732,-88.1757
1168.1,-0.130734,-88.1822
1168.15,-0.130741,-88.1888
1168.2,-0.130743,-88.1953
1168.25,-0.130777,-88.2018
1168.3,-0.130796,-88.2084
1168.35,-0.1308,-88.2149
1168.4,-0.130821,-88.2215
1168.45,-0.130822,-88.228
1168.5,-0.130811,-88.2345
1168.55,-0.13082,-88.2411
1168.6,-0.130818,-88.2476
1168.65,-0.130831,-88.2542
1168.7,-0.130834,-88.2607
1168.75,-0.130841,-88.2673
1168.8,-0.130852,-88.2738
1168.85,-0.130854,-88.2803
1168.9,-0.130851,-88.2869
1168.95,-0.130847,-88.2934
1169.0,-0.130859,-88.3
1169.05,-0.130857,-88.3065
1169.1,-0.13087,-88.313
1169.15,-0.130873,-88.3196
1169.2,-0.130879,-88.3261
1169.25,-0.130883,-88.3327
1169.3,-0.130885,-88.3392
1169.35,-0.130884,-88.3458
1169.4,-0.130903,-88.3523
1169.45,-0.130929,-88.3589
1169.5,-0.130922,-88.3654
1169.55,-0.130934,-88.372
1169.6,-0.130937,-88.3785
1169.65,-0.13095,-88.385
1169.7,-0.130961,-88.3916
1169.75,-0.130973,-88.3981
1169.8,-0.130986,-88.4047
1169.85,-0.13099,-88.4112
1169.9,-0.131003,-88.4178
1169.95,-0.131004,-88.4243
1170.0,-0.131016,-88.4309
1170.05,-0.131019,-88.4374
1170.1,-0.13102,-88.444
1170.15,-0.131042,-88.4505
1170.2,-0.131119,-88.4571
1170.25,-0.131163,-88.4637
1170.3,-0.131138,-88.4702
1170.35,-0.131142,-88.4768
1170.4,-0.131166,-88.4833
1170.45,-0.131159,-88.4899
1170.5,-0.131162,-88.4965
1170.55,-0.131179,-88.503
1170.6,-0.131181,-88.5096
1170.65,-0.131175,-88.5161
1170.7,-0.131168,-88.5227
1170.75,-0.131185,-88.5292
1170.8,-0.131195,-88.5358
1170.85,-0.131197,-88.5424
1170.9,-0.131205,-88.5489
1170.95,-0.131222,-88.5555
1171.0,-0.131217,-88.562
1171.05,-0.131226,-88.5686
1171.1,-0.131228,-88.5752
1171.15,-0.131217,-88.5817
1171.2,-0.131236,-88.5883
1171.25,-0.131249,-88.5949
1171.3,-0.131269,-88.6014
1171.35,-0.131252,-88.608
1171.4,-0.131267,-88.6145
1171.45,-0.13128,-88.6211
1171.5,-0.131281,-88.6277
1171.55,-0.131295,-88.6342
1171.6,-0.131293,-88.6408
1171.65,-0.131306,-88.6474
1171.7,-0.131315,-88.6539
1171.75,-0.131302,-88.6605
1171.8,-0.131306,-88.6671
1171.85,-0.131333,-88.6736
1171.9,-0.131325,-88.6802
1171.95,-0.131333,-88.6868
1172.0,-0.131357,-88.6933
1172.05,-0.131355,-88.6999
1172.1,-0.131361,-88.7065
1172.15,-0.131359,-88.713
1172.2,-0.131363,-88.7196
1172.25,-0.131374,-88.7262
1172.3,-0.131358,-88.7327
1172.35,-0.131326,-88.7393
1172.4,-0.131341,-88.7459
1172.45,-0.131341,-88.7524
1172.5,-0.131357,-88.759
1172.55,-0.131371,-88.7656
1172.6,-0.131378,-88.7721
1172.65,-0.13138,-88.7787
1172.7,-0.131397,-88.7853
1172.75,-0.131407,-88.7919
1172.8,-0.131408,-88.7984
1172.85,-0.131412,-88.805
1172.9,-0.131427,-88.8116
1172.95,-0.131431,-88.8181
1173.0,-0.131432,-88.8247
1173.05,-0.131443,-88.8313
1173.1,-0.131442,-88.8379
1173.15,-0.131446,-88.8444
1173.2,-0.131452,-88.851
1173.25,-0.131461,-88.8576
1173.3,-0.131479,-88.8641
1173.35,-0.131479,-88.8707
1173.4,-0.131479,-88.8773
1173.45,-0.131496,-88.8839
1173.5,-0.131501,-88.8904
1173.55,-0.131514,-88.897
1173.6,-0.131523,-88.9036
1173.65,-0.131531,-88.9102
1173.7,-0.131529,-88.9167
1173.75,-0.131529,-88.9233
1173.8,-0.131544,-88.9299
1173.85,-0.13154,-88.9365
1173.9,-0.13154,-88.9431
1173.95,-0.131548,-88.9496
1174.0,-0.131567,-88.9562
1174.05,-0.131571,-88.9628
1174.1,-0.131571,-88.9694
1174.15,-0.131571,-88.9759
1174.2,-0.131585,-88.9825
1174.25,-0.131593,-88.9891
1174.3,-0.131602,-88.9957
1174.35,-0.131613,-89.0023
1174.4,-0.131609,-89.0088
1174.45,-0.131601,-89.0154
1174.5,-0.131595,-89.022
1174.55,-0.131603,-89.0286
1174.6,-0.131611,-89.0352
1174.65,-0.131609,-89.0417
1174.7,-0.131613,-89.0483
1174.75,-0.13161,-89.0549
1174.8,-0.131619,-89.0615
1174.85,-0.131648,-89.0681
1174.9,-0.131639,-89.0747
1174.95,-0.131648,-89.0812
1175.0,-0.131655,-89.0878
1175.05,-0.131659,-89.0944
1175.1,-0.13167,-89.101
1175.15,-0.131673,-89.1076
1175.2,-0.131677,-89.1142
1175.25,-0.131689,-89.1207
1175.3,-0.131684,-89.1273
1175.35,-0.131701,-89.1339
1175.4,-0.131704,-89.1405
1175.45,-0.131721,-89.1471
1175.5,-0.131714,-89.1537
1175.55,-0.131721,-89.1602
1175.6,-0.13172,-89.1668
1175.65,-0.131715,-89.1734
1175.7,-0.131732,-89.18
1175.75,-0.131742,-89.1866
1175.8,-0.131748,-89.1932
1175.85,-0.131753,-89.1998
1175.9,-0.131754,-89.2064
1175.95,-0.131756,-89.2129
1176.0,-0.131762,-89.2195
1176.05,-0.131775,-89.2261
1176.1,-0.131772,-89.2327
1176.15,-0.131795,-89.2393
1176.2,-0.131795,-89.2459
1176.25,-0.131788,-89.2525
1176.3,-0.131796,-89.2591
1176.35,-0.131801,-89.2657
1176.4,-0.131812,-89.2722
1176.45,-0.131825,-89.2788
1176.5,-0.131837,-89.2854
1176.55,-0.131848,-89.292
1176.6,-0.13185,-89.2986
1176.65,-0.13185,-89.3052
1176.7,-0.131857,-89.3118
1176.75,-0.131866,-89.3184
1176.8,-0.131863,-89.325
1176.85,-0.131869,-89.3316
1176.9,-0.131876,-89.3382
1176.95,-0.131861,-89.3448
1177.0,-0.131868,-89.3514
1177.05,-0.131875,-89.358
1177.1,-0.13188,-89.3645
1177.15,-0.131901,-89.3711
1177.2,-0.131902,-89.3777
1177.25,-0.131904,-89.3843
1177.3,-0.131895,-89.3909
1177.35,-0.131903,-89.3975
1177.4,-0.131898,-89.4041
1177.45,-0.131895,-89.4107
1177.5,-0.131908,-89.4173
1177.55,-0.131905,-89.4239
1177.6,-0.131911,-89.4305
1177.65,-0.131902,-89.4371
1177.7,-0.131912,-89.4437
1177.75,-0.13192,-89.4503
1177.8,-0.131923,-89.4569
1177.85,-0.131922,-89.4635
1177.9,-0.131928,-89.4701
1177.95,-0.131925,-89.4767
1178.0,-0.131935,-89.4833
1178.05,-0.131931,-89.4899
1178.1,-0.131944,-89.4965
1178.15,-0.131951,-89.5031
1178.2,-0.131956,-89.5097
1178.25,-0.131965,-89.5163
1178.3,-0.131958,-89.5229
1178.35,-0.131952,-89.5295
1178.4,-0.131955,-89.536
1178.45,-0.131959,-89.5426
1178.5,-0.131961,-89.5492
1178.55,-0.131953,-89.5558
1178.6,-0.131954,-89.5624
1178.65,-0.131953,-89.569
1178.7,-0.131952,-89.5756
1178.75,-0.131939,-89.5822
1178.8,-0.131946,-89.5888
1178.85,-0.131947,-89.5954
1178.9,-0.131951,-89.602
1178.95,-0.131957,-89.6086
1179.0,-0.131964,-89.6152
1179.05,-0.131969,-89.6218
1179.1,-0.131974,-89.6284
1179.15,-0.131975,-89.635
1179.2,-0.131984,-89.6416
1179.25,-0.131993,-89.6482
1179.3,-0.131991,-89.6548
1179.35,-0.132007,-89.6614
1179.4,-0.131999,-89.668
1179.45,-0.132006,-89.6746
1179.5,-0.132009,-89.6812
1179.55,-0.132016,-89.6878
1179.6,-0.13202,-89.6944
1179.65,-0.132025,-89.701
1179.7,-0.132043,-89.7076
1179.75,-0.132039,-89.7142
1179.8,-0.132046,-89.7208
1179.85,-0.132043,-89.7274
1179.9,-0.132045,-89.734
1179.95,-0.132065,-89.7406
1180.0,-0.132069,-89.7472
1180.05,-0.132066,-89.7538
1180.1,-0.132077,-89.7604
1180.15,-0.132076,-89.7671
1180.2,-0.132085,-89.7737
1180.25,-0.132097,-89.7803
1180.3,-0.132106,-89.7869
1180.35,-0.132098,-89.7935
1180.4,-0.132108,-89.8001
1180.45,-0.13211,-89.8067
1180.5,-0.132117,-89.8133
1180.55,-0.132124,-89.8199
1180.6,-0.132122,-89.8265
1180.65,-0.132122,-89.8331
1180.7,-0.132127,-89.8397
1180.75,-0.132136,-89.8463
1180.8,-0.132141,-89.8529
1180.85,-0.13214,-89.8595
1180.9,-0.132138,-89.8661
1180.95,-0.132135,-89.8727
1181.0,-0.132148,-89.8794
1181.05,-0.132152,-89.886
1181.1,-0.132154,-89.8926
1181.15,-0.132143,-89.8992
1181.2,-0.132146,-89.9058
1181.25,-0.132133,-89.9124
1181.3,-0.13215,-89.919
1181.35,-0.132142,-89.9256
1181.4,-0.132144,-89.9322
1181.45,-0.132133,-89.9388
1181.5,-0.132136,-89.9454
1181.55,-0.132138,-89.952
1181.6,-0.132128,-89.9586
1181.65,-0.132121,-89.9652
1181.7,-0.132127,-89.9718
1181.75,-0.132121,-89.9785
1181.8,-0.132122,-89.9851
1181.85,-0.132119,-89.9917
1181.9,-0.132121,-89.9983
1181.95,-0.132123,-90.0049
1182.0,-0.132127,-90.0115
1182.05,-0.132119,-90.0181
1182.1,-0.132133,-90.0247
1182.15,-0.132121,-90.0313
1182.2,-0.132108,-90.0379
1182.25,-0.13211,-90.0445
1182.3,-0.13212,-90.0511
1182.35,-0.132117,-90.0577
1182.4,-0.132127,-90.0643
1182.45,-0.132133,-90.0709
1182.5,-0.132125,-90.0775
1182.55,-0.13212,-90.0842
1182.6,-0.132126,-90.0908
1182.65,-0.132133,-90.0974
1182.7,-0.132124,-90.104
1182.75,-0.132124,-90.1106
1182.8,-0.132135,-90.1172
1182.85,-0.132132,-90.1238
1182.9,-0.132126,-90.1304
1182.95,-0.132118,-90.137
1183.0,-0.132143,-90.1436
1183.05,-0.132141,-90.1502
1183.1,-0.132128,-90.1568
1183.15,-0.132147,-90.1634
1183.2,-0.132143,-90.17
1183.25,-0.132136,-90.1766
1183.3,-0.132138,-90.1833
1183.35,-0.132124,-90.1899
1183.4,-0.132121,-90.1965
1183.45,-0.132127,-90.2031
1183.5,-0.13212,-90.2097
1183.55,-0.132124,-90.2163
1183.6,-0.132122,-90.2229
1183.65,-0.13212,-90.2295
1183.7,-0.13213,-90.2361
1183.75,-0.132129,-90.2427
1183.8,-0.13213,-90.2493
1183.85,-0.132144,-90.2559
1183.9,-0.132129,-90.2625
1183.95,-0.132134,-90.2691
1184.0,-0.132134,-90.2757
1184.05,-0.132148,-90.2823
1184.1,-0.132148,-90.289
1184.15,-0.132145,-90.2956
1184.2,-0.132151,-90.3022
1184.25,-0.132139,-90.3088
1184.3,-0.132135,-90.3154
1184.35,-0.132127,-90.322
1184.4,-0.132135,-90.3286
1184.45,-0.132132,-90.3352
1184.5,-0.132134,-90.3418
1184.55,-0.13213,-90.3484
1184.6,-0.13213,-90.355
1184.65,-0.132128,-90.3616
1184.7,-0.132141,-90.3682
1184.75,-0.132142,-90.3748
1184.8,-0.132149,-90.3815
1184.85,-0.132153,-90.3881
1184.9,-0.132144,-90.3947
1184.95,-0.132126,-90.4013
1185.0,-0.132138,-90.4079
1185.05,-0.132148,-90.4145
1185.1,-0.132149,-90.4211
1185.15,-0.132147,-90.4277
1185.2,-0.132156,-90.4343
1185.25,-0.132158,-90.4409
1185.3,-0.13216,-90.4475
1185.35,-0.132161,-90.4541
1185.4,-0.132165,-90.4607
1185.45,-0.132167,-90.4674
1185.5,-0.132183,-90.474
1185.55,-0.132189,-90.4806
1185.6,-0.132192,-90.4872
1185.65,-0.132196,-90.4938
1185.7,-0.132204,-90.5004
1185.75,-0.132203,-90.507
1185.8,-0.132205,-90.5136
1185.85,-0.13222,-90.5202
1185.9,-0.132228,-90.5268
1185.95,-0.13223,-90.5335
1186.0,-0.132238,-90.5401
1186.05,-0.132247,-90.5467
1186.1,-0.132237,-90.5533
1186.15,-0.13224,-90.5599
1186.2,-0.132236,-90.5665
1186.25,-0.132262,-90.5731
1186.3,-0.132261,-90.5797
1186.35,-0.132276,-90.5864
1186.4,-0.132269,-90.593
1186.45,-0.132283,-90.5996
1186.5,-0.132277,-90.6062
1186.55,-0.132279,-90.6128
1186.6,-0.132291,-90.6194
1186.65,-0.132296,-90.626
1186.7,-0.132295,-90.6327
1186.75,-0.132298,-90.6393
1186.8,-0.132296,-90.6459
1186.85,-0.13232,-90.6525
1186.9,-0.132332,-90.6591
1186.95,-0.132351,-90.6657
1187.0,-0.132363,-90.6724
1187.05,-0.132369,-90.679
1187.1,-0.132373,-90.6856
1187.15,-0.132386,-90.6922
1187.2,-0.132383,-90.6988
1187.25,-0.132401,-90.7054
1187.3,-0.132418,-90.7121
1187.35,-0.132422,-90.7187
1187.4,-0.132424,-90.7253
1187.45,-0.132409,-90.7319
1187.5,-0.132417,-90.7386
1187.55,-0.132436,-90.7452
1187.6,-0.132438,-90.7518
1187.65,-0.132441,-90.7584
1187.7,-0.132453,-90.765
1187.75,-0.132466,-90.7717
1187.8,-0.132456,-90.7783
1187.85,-0.13246,-90.7849
1187.9,-0.132464,-90.7915
1187.95,-0.132475,-90.7982
1188.0,-0.132492,-90.8048
1188.05,-0.132492,-90.8114
1188.1,-0.132486,-90.818
1188.15,-0.13249,-90.8247
1188.2,-0.132489,-90.8313
1188.25,-0.132498,-90.8379
1188.3,-0.132521,-90.8445
1188.35,-0.132529,-90.8512
1188.4,-0.132525,-90.8578
1188.45,-0.132528,-90.8644
1188.5,-0.132535,-90.871
1188.55,-0.13254,-90.8777
1188.6,-0.132527,-90.8843
1188.65,-0.132544,-90.8909
1188.7,-0.132554,-90.8975
1188.75,-0.132568,-90.9042
1188.8,-0.132559,-90.9108
1188.85,-0.132545,-90.9174
1188.9,-0.132562,-90.9241
1188.95,-0.132561,-90.9307
1189.0,-0.132568,-90.9373
1189.05,-0.132574,-90.9439
1189.1,-0.132588,-90.9506
1189.15,-0.132581,-90.9572
1189.2,-0.132587,-90.9638
1189.25,-0.132583,-90.9705
1189.3,-0.132586,-90.9771
1189.35,-0.13261,-90.9837
1189.4,-0.132612,-90.9903
1189.45,-0.132606,-90.997
1189.5,-0.132617,-91.0036
1189.55,-0.132626,-91.0102
1189.6,-0.132623,-91.0169
1189.65,-0.132629,-91.0235
1189.7,-0.132645,-91.0301
1189.75,-0.132646,-91.0368
1189.8,-0.132642,-91.0434
1189.85,-0.132641,-91.05
1189.9,-0.132657,-91.0567
1189.95,-0.132651,-91.0633
1190.0,-0.132652,-91.0699
1190.05,-0.132666,-91.0766
1190.1,-0.132672,-91.0832
1190.15,-0.132683,-91.0898
1190.2,-0.132667,-91.0965
1190.25,-0.132668,-91.1031
1190.3,-0.13269,-91.1097
1190.35,-0.132683,-91.1164
1190.4,-0.132682,-91.123
1190.45,-0.132698,-91.1296
1190.5,-0.132706,-91.1363
1190.55,-0.132717,-91.1429
1190.6,-0.132721,-91.1495
1190.65,-0.132714,-91.1562
1190.7,-0.13273,-91.1628
1190.75,-0.132724,-91.1694
1190.8,-0.132752,-91.1761
1190.85,-0.132745,-91.1827
1190.9,-0.132763,-91.1894
1190.95,-0.132745,-91.196
1191.0,-0.132767,-91.2026
1191.05,-0.13276,-91.2093
1191.1,-0.132777,-91.2159
1191.15,-0.132787,-91.2226
1191.2,-0.132809,-91.2292
1191.25,-0.132824,-91.2358
1191.3,-0.132809,-91.2425
1191.35,-0.132827,-91.2491
1191.4,-0.132827,-91.2558
1191.45,-0.13284,-91.2624
1191.5,-0.132841,-91.269
1191.55,-0.132847,-91.2757
1191.6,-0.132851,-91.2823
1191.65,-0.132842,-91.289
1191.7,-0.132848,-91.2956
1191.75,-0.132856,-91.3023
1191.8,-0.132855,-91.3089
1191.85,-0.132871,-91.3155
1191.9,-0.13287,-91.3222
1191.95,-0.132874,-91.3288
1192.0,-0.132875,-91.3355
1192.05,-0.13288,-91.3421
1192.1,-0.132881,-91.3488
1192.15,-0.132901,-91.3554
1192.2,-0.132894,-91.3621
1192.25,-0.132894,-91.3687
1192.3,-0.132908,-91.3753
1192.35,-0.13292,-91.382
1192.4,-0.132917,-91.3886
1192.45,-0.132913,-91.3953
1192.5,-0.132912,-91.4019
1192.55,-0.132911,-91.4086
1192.6,-0.132927,-91.4152
1192.65,-0.132922,-91.4219
1192.7,-0.132935,-91.4285
1192.75,-0.132937,-91.4352
1192.8,-0.132926,-91.4418
1192.85,-0.132939,-91.4484
1192.9,-0.132945,-91.4551
1192.95,-0.132958,-91.4617
1193.0,-0.13295,-91.4684
1193.05,-0.132957,-91.475
1193.1,-0.132951,-91.4817
1193.15,-0.132966,-91.4883
1193.2,-0.132969,-91.495
1193.25,-0.132971,-91.5016
1193.3,-0.132974,-91.5083
1193.35,-0.132975,-91.5149
1193.4,-0.132978,-91.5216
1193.45,-0.132994,-91.5282
1193.5,-0.133001,-91.5349
1193.55,-0.132999,-91.5415
1193.6,-0.133009,-91.5482
1193.65,-0.133014,-91.5548
1193.7,-0.133024,-91.5615
1193.75,-0.133021,-91.5681
1193.8,-0.133028,-91.5748
1193.85,-0.133031,-91.5814
1193.9,-0.133032,-91.5881
1193.95,-0.13304,-91.5947
1194.0,-0.133036,-91.6014
1194.05,-0.13305,-91.608
1194.1,-0.133048,-91.6147
1194.15,-0.133051,-91.6213
1194.2,-0.133046,-91.628
1194.25,-0.133073,-91.6347
1194.3,-0.133082,-91.6413
1194.35,-0.133088,-91.648
1194.4,-0.133088,-91.6546
1194.45,-0.133084,-91.6613
1194.5,-0.133087,-91.6679
1194.55,-0.133092,-91.6746
1194.6,-0.133092,-91.6812
1194.65,-0.133101,-91.6879
1194.7,-0.133099,-91.6945
1194.75,-0.133101,-91.7012
1194.8,-0.133094,-91.7079
1194.85,-0.133108,-91.7145
1194.9,-0.133112,-91.7212
1194.95,-0.133111,-91.7278
1195.0,-0.13312,-91.7345
1195.05,-0.133138,-91.7411
1195.1,-0.133126,-91.7478
1195.15,-0.133143,-91.7544
1195.2,-0.133138,-91.7611
1195.25,-0.133143,-91.7678
1195.3,-0.13315,-91.7744
1195.35,-0.133144,-91.7811
1195.4,-0.133157,-91.7877
1195.45,-0.133159,-91.7944
1195.5,-0.133151,-91.801
1195.55,-0.133156,-91.8077
1195.6,-0.133149,-91.8144
1195.65,-0.13315,-91.821
1195.7,-0.133157,-91.8277
1195.75,-0.133158,-91.8343
1195.8,-0.133164,-91.841
1195.85,-0.133158,-91.8477
1195.9,-0.133161,-91.8543
1195.95,-0.133166,-91.861
1196.0,-0.133176,-91.8676
1196.05,-0.133172,-91.8743
1196.1,-0.133171,-91.8809
1196.15,-0.133163,-91.8876
1196.2,-0.13316,-91.8943
1196.25,-0.13317,-91.9009
1196.3,-0.133149,-91.9076
1196.35,-0.13316,-91.9142
1196.4,-0.133161,-91.9209
1196.45,-0.133167,-91.9276
1196.5,-0.133159,-91.9342
1196.55,-0.133144,-91.9409
1196.6,-0.133162,-91.9475
1196.65,-0.133162,-91.9542
1196.7,-0.133161,-91.9608
1196.75,-0.13315,-91.9675
1196.8,-0.133156,-91.9742
1196.85,-0.133139,-91.9808
1196.9,-0.13314,-91.9875
1196.95,-0.133142,-91.9941
1197.0,-0.13315,-92.0008
1197.05,-0.133155,-92.0074
1197.1,-0.133147,-92.0141
1197.15,-0.133168,-92.0208
1197.2,-0.133154,-92.0274
1197.25,-0.133161,-92.0341
1197.3,-0.133161,-92.0407
1197.35,-0.133151,-92.0474
1197.4,-0.133149,-92.054
1197.45,-0.133154,-92.0607
1197.5,-0.133154,-92.0674
1197.55,-0.133155,-92.074
1197.6,-0.133155,-92.0807
1197.65,-0.133146,-92.0873
1197.7,-0.133148,-92.094
1197.75,-0.13316,-92.1007
1197.8,-0.133158,-92.1073
1197.85,-0.133166,-92.114
1197.9,-0.133156,-92.1206
1197.95,-0.133157,-92.1273
1198.0,-0.133145,-92.1339
1198.05,-0.133143,-92.1406
1198.1,-0.133157,-92.1473
1198.15,-0.133166,-92.1539
1198.2,-0.133166,-92.1606
1198.25,-0.133152,-92.1672
1198.3,-0.133153,-92.1739
1198.35,-0.133164,-92.1805
1198.4,-0.133156,-92.1872
1198.45,-0.133162,-92.1939
1198.5,-0.133157,-92.2005
1198.55,-0.133155,-92.2072
1198.6,-0.133156,-92.2138
1198.65,-0.133139,-92.2205
1198.7,-0.133142,-92.2271
1198.75,-0.133151,-92.2338
1198.8,-0.133152,-92.2405
1198.85,-0.133153,-92.2471
1198.9,-0.133174,-92.2538
1198.95,-0.133163,-92.2604
1199.0,-0.133159,-92.2671
1199.05,-0.133149,-92.2738
1199.1,-0.133141,-92.2804
1199.15,-0.13314,-92.2871
1199.2,-0.133115,-92.2937
1199.25,-0.133117,-92.3004
1199.3,-0.133122,-92.307
1199.35,-0.13311,-92.3137
1199.4,-0.133103,-92.3204
1199.45,-0.133105,-92.327
1199.5,-0.133115,-92.3337
1199.55,-0.13311,-92.3403
1199.6,-0.133105,-92.347
1199.65,-0.133109,-92.3536
1199.7,-0.133096,-92.3603
1199.75,-0.133099,-92.3669
1199.8,-0.133098,-92.3736
1199.85,-0.133109,-92.3802
1199.9,-0.133103,-92.3869
1199.95,-0.133112,-92.3936
1200.0,-0.133106,-92.4002
1200.05,-0.133099,-92.4069
1200.1,-0.133101,-92.4135
1200.15,-0.133099,-92.4202
1200.2,-0.1331,-92.4268
1200.25,-0.133101,-92.4335
1200.3,-0.133101,-92.4401
1200.35,-0.133085,-92.4468
1200.4,-0.13307,-92.4534
1200.45,-0.133074,-92.4601
1200.5,-0.133072,-92.4668
1200.55,-0.133085,-92.4734
1200.6,-0.133072,-92.4801
1200.65,-0.133079,-92.4867
1200.7,-0.133065,-92.4934
1200.75,-0.133067,-92.5
1200.8,-0.133058,-92.5067
1200.85,-0.133063,-92.5133
1200.9,-0.133062,-92.52
1200.95,-0.133055,-92.5266
1201.0,-0.133052,-92.5333
1201.05,-0.133052,-92.5399
1201.1,-0.133058,-92.5466
1201.15,-0.13304,-92.5532
1201.2,-0.133035,-92.5599
1201.25,-0.133048,-92.5666
1201.3,-0.133035,-92.5732
1201.35,-0.133031,-92.5799
1201.4,-0.13302,-92.5865
1201.45,-0.133015,-92.5932
1201.5,-0.133002,-92.5998
1201.55,-0.133013,-92.6065
1201.6,-0.133004,-92.6131
1201.65,-0.133008,-92.6198
1201.7,-0.133003,-92.6264
1201.75,-0.133,-92.6331
1201.8,-0.13299,-92.6397
1201.85,-0.132991,-92.6464
1201.9,-0.132998,-92.653
1201.95,-0.133033,-92.6597
1202.0,-0.133024,-92.6663
1202.05,-0.133025,-92.673
1202.1,-0.133019,-92.6796
1202.15,-0.133023,-92.6863
1202.2,-0.13302,-92.6929
1202.25,-0.133007,-92.6996
1202.3,-0.133021,-92.7062
1202.35,-0.133011,-92.7129
1202.4,-0.133001,-92.7195
1202.45,-0.132994,-92.7262
1202.5,-0.132988,-92.7328
1202.55,-0.132973,-92.7395
1202.6,-0.132976,-92.7461
1202.65,-0.132988,-92.7528
1202.7,-0.133008,-92.7594
1202.75,-0.133006,-92.7661
1202.8,-0.133001,-92.7727
1202.85,-0.132997,-92.7794
1202.9,-0.132994,-92.786
1202.95,-0.133002,-92.7927
1203.0,-0.133,-92.7993
1203.05,-0.132996,-92.806
1203.1,-0.132994,-92.8126
1203.15,-0.132986,-92.8193
1203.2,-0.132992,-92.8259
1203.25,-0.13299,-92.8326
1203.3,-0.132982,-92.8392
1203.35,-0.132975,-92.8459
1203.4,-0.132968,-92.8525
1203.45,-0.132969,-92.8592
1203.5,-0.132954,-92.8658
1203.55,-0.132957,-92.8725
1203.6,-0.132954,-92.8791
1203.65,-0.132953,-92.8857
1203.7,-0.13296,-92.8924
1203.75,-0.132963,-92.899
1203.8,-0.132962,-92.9057
1203.85,-0.132969,-92.9123
1203.9,-0.132963,-92.919
1203.95,-0.132983,-92.9256
1204.0,-0.132982,-92.9323
1204.05,-0.132987,-92.9389
1204.1,-0.13298,-92.9456
1204.15,-0.132979,-92.9522
1204.2,-0.132979,-92.9589
1204.25,-0.132956,-92.9655
1204.3,-0.132956,-92.9722
1204.35,-0.13297,-92.9788
1204.4,-0.132966,-92.9855
1204.45,-0.132965,-92.9921
1204.5,-0.132965,-92.9988
1204.55,-0.132968,-93.0054
1204.6,-0.132976,-93.0121
1204.65,-0.132974,-93.0187
1204.7,-0.132973,-93.0254
1204.75,-0.132971,-93.032
1204.8,-0.132966,-93.0387
1204.85,-0.132972,-93.0453
1204.9,-0.132975,-93.052
1204.95,-0.132972,-93.0586
1205.0,-0.132969,-93.0653
1205.05,-0.132979,-93.0719
1205.1,-0.132974,-93.0786
1205.15,-0.132973,-93.0852
1205.2,-0.13298,-93.0919
1205.25,-0.132968,-93.0985
1205.3,-0.132968,-93.1051
1205.35,-0.132974,-93.1118
1205.4,-0.132963,-93.1184
1205.45,-0.132973,-93.1251
1205.5,-0.13298,-93.1317
1205.55,-0.132977,-93.1384
1205.6,-0.132981,-93.145
1205.65,-0.132978,-93.1517
1205.7,-0.132977,-93.1583
1205.75,-0.132978,-93.165
1205.8,-0.132988,-93.1716
1205.85,-0.132985,-93.1783
1205.9,-0.132986,-93.1849
1205.95,-0.13298,-93.1916
1206.0,-0.132984,-93.1982
1206.05,-0.132981,-93.2049
1206.1,-0.132987,-93.2115
1206.15,-0.132994,-93.2182
1206.2,-0.132992,-93.2248
1206.25,-0.132998,-93.2315
1206.3,-0.132991,-93.2381
1206.35,-0.132998,-93.2448
1206.4,-0.133005,-93.2514
1206.45,-0.133005,-93.2581
1206.5,-0.133001,-93.2647
1206.55,-0.133011,-93.2714
1206.6,-0.133015,-93.278
1206.65,-0.133012,-93.2847
1206.7,-0.133023,-93.2913
1206.75,-0.13304,-93.298
1206.8,-0.13303,-93.3046
1206.85,-0.133025,-93.3113
1206.9,-0.133015,-93.3179
1206.95,-0.133023,-93.3246
1207.0,-0.133022,-93.3312
1207.05,-0.133024,-93.3379
1207.1,-0.133019,-93.3445
1207.15,-0.133017,-93.3512
1207.2,-0.133016,-93.3578
1207.25,-0.133005,-93.3645
1207.3,-0.133015,-93.3711
1207.35,-0.133014,-93.3778
1207.4,-0.13301,-93.3844
1207.45,-0.133001,-93.3911
1207.5,-0.133001,-93.3978
1207.55,-0.133007,-93.4044
1207.6,-0.133017,-93.411
1207.65,-0.133009,-93.4177
1207.7,-0.133011,-93.4243
1207.75,-0.133014,-93.431
1207.8,-0.133005,-93.4377
1207.85,-0.133002,-93.4443
1207.9,-0.133,-93.451
1207.95,-0.133,-93.4576
1208.0,-0.132988,-93.4642
1208.05,-0.132985,-93.4709
1208.1,-0.132993,-93.4775
1208.15,-0.132986,-93.4842
1208.2,-0.132996,-93.4908
1208.25,-0.132995,-93.4975
1208.3,-0.132993,-93.5042
1208.35,-0.13299,-93.5108
1208.4,-0.132977,-93.5174
1208.45,-0.132986,-93.5241
1208.5,-0.132998,-93.5307
1208.55,-0.132991,-93.5374
1208.6,-0.13299,-93.544
1208.65,-0.132991,-93.5507
1208.7,-0.132995,-93.5573
1208.75,-0.132992,-93.564
1208.8,-0.13298,-93.5706
1208.85,-0.132976,-93.5773
1208.9,-0.132982,-93.5839
1208.95,-0.132983,-93.5906
1209.0,-0.132992,-93.5972
1209.05,-0.132995,-93.6039
1209.1,-0.132988,-93.6105
1209.15,-0.132992,-93.6172
1209.2,-0.133001,-93.6238
1209.25,-0.133001,-93.6305
1209.3,-0.133005,-93.6371
1209.35,-0.133011,-93.6438
1209.4,-0.133019,-93.6504
1209.45,-0.133016,-93.6571
1209.5,-0.133035,-93.6637
1209.55,-0.133044,-93.6704
1209.6,-0.133038,-93.677
1209.65,-0.133058,-93.6837
1209.7,-0.133056,-93.6904
1209.75,-0.133055,-93.697
1209.8,-0.133065,-93.7037
1209.85,-0.133067,-93.7103
1209.9,-0.133079,-93.717
1209.95,-0.133088,-93.7236
1210.0,-0.133091,-93.7303
1210.05,-0.133085,-93.7369
1210.1,-0.133105,-93.7436
1210.15,-0.133092,-93.7502
1210.2,-0.133094,-93.7569
1210.25,-0.133103,-93.7635
1210.3,-0.133103,-93.7702
1210.35,-0.133115,-93.7769
1210.4,-0.13312,-93.7835
1210.45,-0.133118,-93.7902
1210.5,-0.133123,-93.7968
1210.55,-0.133136,-93.8035
1210.6,-0.133126,-93.8101
1210.65,-0.133149,-93.8168
1210.7,-0.133151,-93.8235
1210.75,-0.133133,-93.8301
1210.8,-0.133152,-93.8368
1210.85,-0.133164,-93.8434
1210.9,-0.133173,-93.8501
1210.95,-0.133183,-93.8567
1211.0,-0.133194,-93.8634
1211.05,-0.133205,-93.8701
1211.1,-0.133215,-93.8767
1211.15,-0.133207,-93.8834
1211.2,-0.133224,-93.89
1211.25,-0.13322,-93.8967
1211.3,-0.133227,-93.9034
1211.35,-0.133234,-93.91
1211.4,-0.133241,-93.9167
1211.45,-0.133231,-93.9234
1211.5,-0.133239,-93.93
1211.55,-0.133251,-93.9367
1211.6,-0.133249,-93.9433
1211.65,-0.133249,-93.95
1211.7,-0.133256,-93.9567
1211.75,-0.133258,-93.9633
1211.8,-0.13327,-93.97
1211.85,-0.133283,-93.9767
1211.9,-0.133281,-93.9833
1211.95,-0.133283,-93.99
1212.0,-0.133299,-93.9967
1212.05,-0.133292,-94.0033
1212.1,-0.133298,-94.01
1212.15,-0.133295,-94.0166
1212.2,-0.133314,-94.0233
1212.25,-0.133306,-94.03
1212.3,-0.133307,-94.0366
1212.35,-0.133303,-94.0433
1212.4,-0.13332,-94.05
1212.45,-0.133325,-94.0566
1212.5,-0.133338,-94.0633
1212.55,-0.133348,-94.07
1212.6,-0.133353,-94.0766
1212.65,-0.133355,-94.0833
1212.7,-0.133357,-94.09
1212.75,-0.133367,-94.0966
1212.8,-0.133366,-94.1033
1212.85,-0.133375,-94.11
1212.9,-0.133383,-94.1167
1212.95,-0.133381,-94.1233
1213.0,-0.133387,-94.13
1213.05,-0.133395,-94.1367
1213.1,-0.133391,-94.1433
1213.15,-0.133406,-94.15
1213.2,-0.133408,-94.1567
1213.25,-0.133412,-94.1633
1213.3,-0.133418,-94.17
1213.35,-0.133425,-94.1767
1213.4,-0.133427,-94.1833
1213.45,-0.133434,-94.19
1213.5,-0.133447,-94.1967
1213.55,-0.133439,-94.2034
1213.6,-0.133437,-94.21
1213.65,-0.133441,-94.2167
1213.7,-0.133444,-94.2234
1213.75,-0.133456,-94.2301
1213.8,-0.133457,-94.2367
1213.85,-0.133451,-94.2434
1213.9,-0.133446,-94.2501
1213.95,-0.133448,-94.2568
1214.0,-0.133448,-94.2634
1214.05,-0.133448,-94.2701
1214.1,-0.133455,-94.2768
1214.15,-0.133467,-94.2834
1214.2,-0.133462,-94.2901
1214.25,-0.133462,-94.2968
1214.3,-0.133468,-94.3035
1214.35,-0.133471,-94.3101
1214.4,-0.133479,-94.3168
1214.45,-0.133484,-94.3235
1214.5,-0.133481,-94.3302
1214.55,-0.133481,-94.3368
1214.6,-0.133494,-94.3435
1214.65,-0.133564,-94.3502
1214.7,-0.133572,-94.3569
1214.75,-0.133569,-94.3635
1214.8,-0.133579,-94.3702
1214.85,-0.133585,-94.3769
1214.9,-0.133583,-94.3836
1214.95,-0.133579,-94.3903
1215.0,-0.133577,-94.3969
1215.05,-0.133578,-94.4036
1215.1,-0.13357,-94.4103
1215.15,-0.133572,-94.417
1215.2,-0.133582,-94.4236
1215.25,-0.1336,-94.4303
1215.3,-0.13361,-94.437
1215.35,-0.133614,-94.4437
1215.4,-0.133618,-94.4504
1215.45,-0.133613,-94.4571
1215.5,-0.133605,-94.4637
1215.55,-0.133607,-94.4704
1215.6,-0.133598,-94.4771
1215.65,-0.133614,-94.4838
1215.7,-0.133611,-94.4905
1215.75,-0.133605,-94.4971
1215.8,-0.133602,-94.5038
1215.85,-0.133602,-94.5105
1215.9,-0.133607,-94.5172
1215.95,-0.133616,-94.5239
1216.0,-0.13362,-94.5305
1216.05,-0.13363,-94.5372
1216.1,-0.133628,-94.5439
1216.15,-0.133631,-94.5506
1216.2,-0.13363,-94.5573
1216.25,-0.133622,-94.5639
1216.3,-0.133636,-94.5706
1216.35,-0.133646,-94.5773
1216.4,-0.133636,-94.584
1216.45,-0.133633,-94.5907
1216.5,-0.133635,-94.5974
1216.55,-0.133642,-94.604
1216.6,-0.133645,-94.6107
1216.65,-0.133642,-94.6174
1216.7,-0.133643,-94.6241
1216.75,-0.133654,-94.6308
1216.8,-0.13364,-94.6374
1216.85,-0.133636,-94.6441
1216.9,-0.133632,-94.6508
1216.95,-0.133631,-94.6575
1217.0,-0.13364,-94.6642
1217.05,-0.133648,-94.6709
1217.1,-0.133656,-94.6775
1217.15,-0.133648,-94.6842
1217.2,-0.133646,-94.6909
1217.25,-0.133658,-94.6976
1217.3,-0.133667,-94.7043
1217.35,-0.13366,-94.711
1217.4,-0.133648,-94.7176
1217.45,-0.133651,-94.7243
1217.5,-0.133653,-94.731
1217.55,-0.133648,-94.7377
1217.6,-0.133647,-94.7444
1217.65,-0.133653,-94.751
1217.7,-0.13366,-94.7577
1217.75,-0.133655,-94.7644
1217.8,-0.133663,-94.7711
1217.85,-0.133659,-94.7778
1217.9,-0.133653,-94.7845
1217.95,-0.133663,-94.7911
1218.0,-0.133663,-94.7978
1218.05,-0.133663,-94.8045
1218.1,-0.133672,-94.8112
1218.15,-0.133687,-94.8179
1218.2,-0.133669,-94.8246
1218.25,-0.133726,-94.8312
1218.3,-0.133842,-94.8379
1218.35,-0.133837,-94.8446
1218.4,-0.133826,-94.8513
1218.45,-0.133814,-94.858
1218.5,-0.133811,-94.8647
1218.55,-0.133803,-94.8714
1218.6,-0.133789,-94.8781
1218.65,-0.133791,-94.8848
1218.7,-0.133791,-94.8915
1218.75,-0.133791,-94.8982
1218.8,-0.133785,-94.9048
1218.85,-0.133791,-94.9115
1218.9,-0.133778,-94.9182
1218.95,-0.133771,-94.9249
1219.0,-0.133777,-94.9316
1219.05,-0.133782,-94.9383
1219.1,-0.133793,-94.945
1219.15,-0.1338,-94.9517
1219.2,-0.133801,-94.9584
1219.25,-0.133803,-94.965
1219.3,-0.133796,-94.9717
1219.35,-0.133806,-94.9784
1219.4,-0.133811,-94.9851
1219.45,-0.133824,-94.9918
1219.5,-0.133829,-94.9985
1219.55,-0.133839,-95.0052
1219.6,-0.133849,-95.0119
1219.65,-0.133873,-95.0186
1219.7,-0.133888,-95.0253
1219.75,-0.133906,-95.032
1219.8,-0.133916,-95.0387
1219.85,-0.133924,-95.0454
1219.9,-0.133921,-95.0521
1219.95,-0.133914,-95.0588
1220.0,-0.133933,-95.0654
1220.05,-0.133934,-95.0721
1220.1,-0.133928,-95.0788
1220.15,-0.13393,-95.0855
1220.2,-0.133941,-95.0922
1220.25,-0.133941,-95.0989
1220.3,-0.133928,-95.1056
1220.35,-0.133934,-95.1123
1220.4,-0.133957,-95.119
1220.45,-0.13395,-95.1257
1220.5,-0.133957,-95.1324
1220.55,-0.133944,-95.1391
1220.6,-0.133938,-95.1458
1220.65,-0.133938,-95.1525
1220.7,-0.133933,-95.1592
1220.75,-0.133938,-95.1659
1220.8,-0.133921,-95.1726
1220.85,-0.133933,-95.1793
1220.9,-0.133928,-95.186
1220.95,-0.133929,-95.1927
1221.0,-0.133932,-95.1994
1221.05,-0.133933,-95.2061
1221.1,-0.133935,-95.2128
1221.15,-0.133937,-95.2195
1221.2,-0.133931,-95.2262
1221.25,-0.133939,-95.2329
1221.3,-0.133944,-95.2396
1221.35,-0.133925,-95.2463
1221.4,-0.133939,-95.253
1221.45,-0.133933,-95.2597
1221.5,-0.13392,-95.2663
1221.55,-0.133917,-95.273
1221.6,-0.133936,-95.2797
1221.65,-0.133934,-95.2864
1221.7,-0.133926,-95.2931
1221.75,-0.133942,-95.2998
1221.8,-0.133928,-95.3065
1221.85,-0.133944,-95.3132
1221.9,-0.133946,-95.3199
1221.95,-0.133941,-95.3266
1222.0,-0.133952,-95.3333
1222.05,-0.133939,-95.34
1222.1,-0.133935,-95.3467
1222.15,-0.133935,-95.3534
1222.2,-0.133937,-95.3601
1222.25,-0.133955,-95.3668
1222.3,-0.133954,-95.3735
1222.35,-0.133966,-95.3802
1222.4,-0.133961,-95.3869
1222.45,-0.133961,-95.3936
1222.5,-0.133967,-95.4003
1222.55,-0.133982,-95.407
1222.6,-0.133977,-95.4137
1222.65,-0.133983,-95.4204
1222.7,-0.133983,-95.4271
1222.75,-0.133987,-95.4338
1222.8,-0.133993,-95.4405
1222.85,-0.133993,-95.4472
1222.9,-0.134012,-95.4539
1222.95,-0.134023,-95.4606
1223.0,-0.13402,-95.4673
1223.05,-0.134022,-95.474
1223.1,-0.134003,-95.4807
1223.15,-0.134035,-95.4874
1223.2,-0.134038,-95.4941
1223.25,-0.134029,-95.5008
1223.3,-0.134032,-95.5075
1223.35,-0.13403,-95.5142
1223.4,-0.134044,-95.5209
1223.45,-0.134031,-95.5276
1223.5,-0.134038,-95.5343
1223.55,-0.134042,-95.541
1223.6,-0.134057,-95.5477
1223.65,-0.134058,-95.5544
1223.7,-0.134064,-95.5611
1223.75,-0.134068,-95.5678
1223.8,-0.134074,-95.5745
1223.85,-0.134083,-95.5812
1223.9,-0.134066,-95.5879
1223.95,-0.134074,-95.5946
1224.0,-0.134085,-95.6013
1224.05,-0.13408,-95.608
1224.1,-0.134099,-95.6148
1224.15,-0.134099,-95.6215
1224.2,-0.134109,-95.6282
1224.25,-0.134114,-95.6349
1224.3,-0.134123,-95.6416
1224.35,-0.134133,-95.6483
1224.4,-0.134141,-95.655
1224.45,-0.134135,-95.6617
1224.5,-0.134136,-95.6684
1224.55,-0.134133,-95.6751
1224.6,-0.13415,-95.6818
1224.65,-0.134159,-95.6885
1224.7,-0.134155,-95.6952
1224.75,-0.134163,-95.7019
1224.8,-0.134171,-95.7086
1224.85,-0.134165,-95.7154
1224.9,-0.134174,-95.7221
1224.95,-0.13416,-95.7288
1225.0,-0.134176,-95.7355
1225.05,-0.134171,-95.7422
1225.1,-0.134174,-95.7489
1225.15,-0.134183,-95.7556
1225.2,-0.134173,-95.7623
1225.25,-0.134175,-95.769
1225.3,-0.134185,-95.7757
1225.35,-0.134185,-95.7824
1225.4,-0.1342,-95.7892
1225.45,-0.134209,-95.7959
1225.5,-0.134207,-95.8026
1225.55,-0.134202,-95.8093
1225.6,-0.134202,-95.816
1225.65,-0.134203,-95.8227
1225.7,-0.134208,-95.8294
1225.75,-0.134222,-95.8361
1225.8,-0.134222,-95.8428
1225.85,-0.134223,-95.8495
1225.9,-0.134227,-95.8563
1225.95,-0.134251,-95.863
1226.0,-0.134242,-95.8697
1226.05,-0.134247,-95.8764
1226.1,-0.134242,-95.8831
1226.15,-0.134253,-95.8898
1226.2,-0.134253,-95.8965
1226.25,-0.134267,-95.9032
1226.3,-0.134266,-95.91
1226.35,-0.134273,-95.9167
1226.4,-0.134275,-95.9234
1226.45,-0.13428,-95.9301
1226.5,-0.134286,-95.9368
1226.55,-0.134274,-95.9435
1226.6,-0.134274,-95.9502
1226.65,-0.134285,-95.957
1226.7,-0.134279,-95.9637
1226.75,-0.134282,-95.9704
1226.8,-0.134288,-95.9771
1226.85,-0.134307,-95.9838
1226.9,-0.134297,-95.9905
1226.95,-0.134315,-95.9972
1227.0,-0.134311,-96.004
1227.05,-0.134312,-96.0107
1227.1,-0.1343,-96.0174
1227.15,-0.134301,-96.0241
1227.2,-0.134292,-96.0308
1227.25,-0.134327,-96.0375
1227.3,-0.134383,-96.0443
1227.35,-0.134385,-96.051
1227.4,-0.134388,-96.0577
1227.45,-0.13439,-96.0644
1227.5,-0.134397,-96.0711
1227.55,-0.134423,-96.0779
1227.6,-0.134414,-96.0846
1227.65,-0.134417,-96.0913
1227.7,-0.134413,-96.098
1227.75,-0.134406,-96.1047
1227.8,-0.134429,-96.1115
1227.85,-0.13441,-96.1182
1227.9,-0.134422,-96.1249
1227.95,-0.134423,-96.1316
1228.0,-0.134431,-96.1383
1228.05,-0.134421,-96.1451
1228.1,-0.134429,-96.1518
1228.15,-0.134426,-96.1585
1228.2,-0.134441,-96.1652
1228.25,-0.134449,-96.172
1228.3,-0.134453,-96.1787
1228.35,-0.134456,-96.1854
1228.4,-0.134461,-96.1921
1228.45,-0.134449,-96.1988
1228.5,-0.13447,-96.2056
1228.55,-0.134478,-96.2123
1228.6,-0.134471,-96.219
1228.65,-0.13447,-96.2257
1228.7,-0.134465,-96.2325
1228.75,-0.134485,-96.2392
1228.8,-0.134486,-96.2459
1228.85,-0.134497,-96.2526
1228.9,-0.134507,-96.2594
1228.95,-0.134509,-96.2661
1229.0,-0.134503,-96.2728
1229.05,-0.134512,-96.2795
1229.1,-0.134504,-96.2863
1229.15,-0.134517,-96.293
1229.2,-0.134507,-96.2997
1229.25,-0.134523,-96.3064
1229.3,-0.13454,-96.3132
1229.35,-0.134539,-96.3199
1229.4,-0.134521,-96.3266
1229.45,-0.134534,-96.3333
1229.5,-0.134536,-96.3401
1229.55,-0.134537,-96.3468
1229.6,-0.134551,-96.3535
1229.65,-0.134548,-96.3603
1229.7,-0.13455,-96.367
1229.75,-0.134555,-96.3737
1229.8,-0.134559,-96.3804
1229.85,-0.134562,-96.3872
1229.9,-0.134579,-96.3939
1229.95,-0.134576,-96.4006
1230.0,-0.134567,-96.4073
1230.05,-0.134579,-96.4141
1230.1,-0.134577,-96.4208
1230.15,-0.134572,-96.4275
1230.2,-0.134582,-96.4343
1230.25,-0.134595,-96.441
1230.3,-0.134604,-96.4477
1230.35,-0.134616,-96.4545
1230.4,-0.134617,-96.4612
1230.45,-0.134612,-96.4679
1230.5,-0.134626,-96.4746
1230.55,-0.134623,-96.4814
1230.6,-0.134633,-96.4881
1230.65,-0.134634,-96.4948
1230.7,-0.13465,-96.5016
1230.75,-0.134637,-96.5083
1230.8,-0.134644,-96.515
1230.85,-0.134645,-96.5218
1230.9,-0.134651,-96.5285
1230.95,-0.134657,-96.5352
1231.0,-0.134651,-96.542
1231.05,-0.134659,-96.5487
1231.1,-0.134656,-96.5554
1231.15,-0.134658,-96.5622
1231.2,-0.134665,-96.5689
1231.25,-0.134679,-96.5756
1231.3,-0.134685,-96.5824
1231.35,-0.134692,-96.5891
1231.4,-0.134697,-96.5958
1231.45,-0.134702,-96.6026
1231.5,-0.134689,-96.6093
1231.55,-0.134699,-96.616
1231.6,-0.13471,-96.6228
1231.65,-0.134708,-96.6295
1231.7,-0.134706,-96.6363
1231.75,-0.134706,-96.643
1231.8,-0.134714,-96.6497
1231.85,-0.134716,-96.6565
1231.9,-0.134709,-96.6632
1231.95,-0.13471,-96.6699
1232.0,-0.134717,-96.6767
1232.05,-0.134714,-96.6834
1232.1,-0.134711,-96.6901
1232.15,-0.134716,-96.6969
1232.2,-0.134717,-96.7036
1232.25,-0.134729,-96.7103
1232.3,-0.13472,-96.7171
1232.35,-0.134732,-96.7238
1232.4,-0.134737,-96.7306
1232.45,-0.134748,-96.7373
1232.5,-0.134744,-96.744
1232.55,-0.134743,-96.7508
1232.6,-0.134753,-96.7575
1232.65,-0.134743,-96.7642
1232.7,-0.134757,-96.771
1232.75,-0.134749,-96.7777
1232.8,-0.134761,-96.7845
1232.85,-0.134762,-96.7912
1232.9,-0.134753,-96.7979
1232.95,-0.134755,-96.8047
1233.0,-0.134767,-96.8114
1233.05,-0.134763,-96.8181
1233.1,-0.134764,-96.8249
1233.15,-0.134765,-96.8316
1233.2,-0.134773,-96.8384
1233.25,-0.134757,-96.8451
1233.3,-0.134776,-96.8518
1233.35,-0.134781,-96.8586
1233.4,-0.134789,-96.8653
1233.45,-0.134779,-96.8721
1233.5,-0.134783,-96.8788
1233.55,-0.134795,-96.8855
1233.6,-0.134784,-96.8923
1233.65,-0.134792,-96.899
1233.7,-0.134801,-96.9058
1233.75,-0.134798,-96.9125
1233.8,-0.134802,-96.9192
1233.85,-0.1348,-96.926
1233.9,-0.134791,-96.9327
1233.95,-0.134807,-96.9395
1234.0,-0.134795,-96.9462
1234.05,-0.134798,-96.9529
1234.1,-0.134804,-96.9597
1234.15,-0.134814,-96.9664
1234.2,-0.1348,-96.9732
1234.25,-0.134788,-96.9799
1234.3,-0.134797,-96.9866
1234.35,-0.134802,-96.9934
1234.4,-0.134805,-97.0001
1234.45,-0.134817,-97.0069
1234.5,-0.134814,-97.0136
1234.55,-0.134814,-97.0203
1234.6,-0.134823,-97.0271
1234.65,-0.134808,-97.0338
1234.7,-0.134819,-97.0406
1234.75,-0.134815,-97.0473
1234.8,-0.134818,-97.054
1234.85,-0.13483,-97.0608
1234.9,-0.134857,-97.0675
1234.95,-0.134849,-97.0743
1235.0,-0.134848,-97.081
1235.05,-0.134848,-97.0878
1235.1,-0.134836,-97.0945
1235.15,-0.134857,-97.1012
1235.2,-0.134841,-97.108
1235.25,-0.134851,-97.1147
1235.3,-0.134848,-97.1215
1235.35,-0.134854,-97.1282
1235.4,-0.134837,-97.1349
1235.45,-0.134833,-97.1417
1235.5,-0.134833,-97.1484
1235.55,-0.134827,-97.1552
1235.6,-0.134816,-97.1619
1235.65,-0.134807,-97.1687
1235.7,-0.134802,-97.1754
1235.75,-0.134797,-97.1821
1235.8,-0.134805,-97.1889
1235.85,-0.134806,-97.1956
1235.9,-0.134799,-97.2024
1235.95,-0.134805,-97.2091
1236.0,-0.134791,-97.2158
1236.05,-0.134785,-97.2226
1236.1,-0.134788,-97.2293
1236.15,-0.134782,-97.2361
1236.2,-0.13479,-97.2428
1236.25,-0.134793,-97.2495
1236.3,-0.134786,-97.2563
1236.35,-0.13478,-97.263
1236.4,-0.134788,-97.2697
1236.45,-0.134779,-97.2765
1236.5,-0.134768,-97.2832
1236.55,-0.134774,-97.29
1236.6,-0.134779,-97.2967
1236.65,-0.134767,-97.3034
1236.7,-0.134776,-97.3102
1236.75,-0.134764,-97.3169
1236.8,-0.134758,-97.3237
1236.85,-0.134764,-97.3304
1236.9,-0.13476,-97.3371
1236.95,-0.13475,-97.3439
1237.0,-0.134759,-97.3506
1237.05,-0.134762,-97.3573
1237.1,-0.134767,-97.3641
1237.15,-0.134774,-97.3708
1237.2,-0.134772,-97.3776
1237.25,-0.134766,-97.3843
1237.3,-0.134775,-97.391
1237.35,-0.134777,-97.3978
1237.4,-0.134772,-97.4045
1237.45,-0.13477,-97.4113
1237.5,-0.134775,-97.418
1237.55,-0.134773,-97.4247
1237.6,-0.134783,-97.4315
1237.65,-0.134775,-97.4382
1237.7,-0.134779,-97.4449
1237.75,-0.134782,-97.4517
1237.8,-0.134773,-97.4584
1237.85,-0.134777,-97.4652
1237.9,-0.134786,-97.4719
1237.95,-0.134792,-97.4786
1238.0,-0.134796,-97.4854
1238.05,-0.134794,-97.4921
1238.1,-0.134779,-97.4989
1238.15,-0.134793,-97.5056
1238.2,-0.13479,-97.5123
1238.25,-0.134792,-97.5191
1238.3,-0.134803,-97.5258
1238.35,-0.134804,-97.5326
1238.4,-0.134801,-97.5393
1238.45,-0.134804,-97.546
1238.5,-0.134789,-97.5528
1238.55,-0.134777,-97.5595
1238.6,-0.13479,-97.5663
1238.65,-0.134789,-97.573
1238.7,-0.134796,-97.5797
1238.75,-0.134804,-97.5865
1238.8,-0.134793,-97.5932
1238.85,-0.134795,-97.6
1238.9,-0.134794,-97.6067
1238.95,-0.134807,-97.6134
1239.0,-0.134814,-97.6202
1239.05,-0.134804,-97.6269
1239.1,-0.134808,-97.6337
1239.15,-0.134808,-97.6404
1239.2,-0.134806,-97.6471
1239.25,-0.134809,-97.6539
1239.3,-0.134814,-97.6606
1239.35,-0.134814,-97.6674
1239.4,-0.134804,-97.6741
1239.45,-0.1348,-97.6808
1239.5,-0.134813,-97.6876
1239.55,-0.13481,-97.6943
1239.6,-0.13483,-97.7011
1239.65,-0.134831,-97.7078
1239.7,-0.134818,-97.7145
1239.75,-0.134815,-97.7213
1239.8,-0.134823,-97.728
1239.85,-0.134816,-97.7348
1239.9,-0.134802,-97.7415
1239.95,-0.13482,-97.7483
1240.0,-0.13483,-97.755
1240.05,-0.13482,-97.7617
1240.1,-0.134821,-97.7685
1240.15,-0.134817,-97.7752
1240.2,-0.134822,-97.782
1240.25,-0.134815,-97.7887
1240.3,-0.134822,-97.7954
1240.35,-0.134836,-97.8022
1240.4,-0.134836,-97.8089
1240.45,-0.134837,-97.8157
1240.5,-0.134829,-97.8224
1240.55,-0.134831,-97.8291
1240.6,-0.134828,-97.8359
1240.65,-0.13483,-97.8426
1240.7,-0.134834,-97.8494
1240.75,-0.134841,-97.8561
1240.8,-0.134851,-97.8629
1240.85,-0.134855,-97.8696
1240.9,-0.134844,-97.8763
1240.95,-0.134849,-97.8831
1241.0,-0.134853,-97.8898
1241.05,-0.134855,-97.8966
1241.1,-0.134869,-97.9033
1241.15,-0.134866,-97.9101
1241.2,-0.134866,-97.9168
1241.25,-0.134879,-97.9235
1241.3,-0.134872,-97.9303
1241.35,-0.134875,-97.937
1241.4,-0.134881,-97.9438
1241.45,-0.13489,-97.9505
1241.5,-0.134902,-97.9573
1241.55,-0.134905,-97.964
1241.6,-0.134903,-97.9708
1241.65,-0.134895,-97.9775
1241.7,-0.134903,-97.9842
1241.75,-0.134915,-97.991
1241.8,-0.134912,-97.9977
1241.85,-0.13491,-98.0045
1241.9,-0.134919,-98.0112
1241.95,-0.134925,-98.018
1242.0,-0.134943,-98.0247
1242.05,-0.134947,-98.0315
1242.1,-0.135052,-98.0382
1242.15,-0.135071,-98.045
1242.2,-0.135062,-98.0517
1242.25,-0.135065,-98.0585
1242.3,-0.135061,-98.0652
1242.35,-0.135058,-98.072
1242.4,-0.135073,-98.0787
1242.45,-0.135066,-98.0855
1242.5,-0.135089,-98.0922
1242.55,-0.135094,-98.099
1242.6,-0.135089,-98.1058
1242.65,-0.135091,-98.1125
1242.7,-0.135097,-98.1193
1242.75,-0.135099,-98.126
1242.8,-0.135098,-98.1328
1242.85,-0.1351,-98.1395
1242.9,-0.13511,-98.1463
1242.95,-0.135113,-98.153
1243.0,-0.135086,-98.1598
1243.05,-0.13509,-98.1665
1243.1,-0.135098,-98.1733
1243.15,-0.135088,-98.1801
1243.2,-0.135101,-98.1868
1243.25,-0.135102,-98.1936
1243.3,-0.135096,-98.2003
1243.35,-0.135101,-98.2071
1243.4,-0.135104,-98.2138
1243.45,-0.135092,-98.2206
1243.5,-0.135098,-98.2273
1243.55,-0.135105,-98.2341
1243.6,-0.135106,-98.2409
1243.65,-0.135111,-98.2476
1243.7,-0.135102,-98.2544
1243.75,-0.135101,-98.2611
1243.8,-0.135091,-98.2679
1243.85,-0.135088,-98.2746
1243.9,-0.135099,-98.2814
1243.95,-0.135111,-98.2881
1244.0,-0.135108,-98.2949
1244.05,-0.135108,-98.3017
1244.1,-0.135118,-98.3084
1244.15,-0.135133,-98.3152
1244.2,-0.135128,-98.3219
1244.25,-0.135126,-98.3287
1244.3,-0.135129,-98.3354
1244.35,-0.135124,-98.3422
1244.4,-0.135124,-98.3489
1244.45,-0.135134,-98.3557
1244.5,-0.135126,-98.3625
1244.55,-0.13513,-98.3692
1244.6,-0.13514,-98.376
1244.65,-0.135128,-98.3827
1244.7,-0.135133,-98.3895
1244.75,-0.135127,-98.3962
1244.8,-0.135113,-98.403
1244.85,-0.135124,-98.4098
1244.9,-0.135136,-98.4165
1244.95,-0.135147,-98.4233
1245.0,-0.135142,-98.43
1245.05,-0.135144,-98.4368
1245.1,-0.135139,-98.4435
1245.15,-0.135143,-98.4503
1245.2,-0.135151,-98.4571
1245.25,-0.135148,-98.4638
1245.3,-0.135158,-98.4706
1245.35,-0.135157,-98.4773
1245.4,-0.13516,-98.4841
1245.45,-0.135144,-98.4908
1245.5,-0.135148,-98.4976
1245.55,-0.135157,-98.5044
1245.6,-0.135154,-98.5111
1245.65,-0.135157,-98.5179
1245.7,-0.135148,-98.5246
1245.75,-0.13515,-98.5314
1245.8,-0.135148,-98.5381
1245.85,-0.13516,-98.5449
1245.9,-0.135141,-98.5517
1245.95,-0.135153,-98.5584
1246.0,-0.135158,-98.5652
1246.05,-0.135152,-98.5719
1246.1,-0.135152,-98.5787
1246.15,-0.135141,-98.5854
1246.2,-0.135139,-98.5922
1246.25,-0.13513,-98.599
1246.3,-0.135131,-98.6057
1246.35,-0.135146,-98.6125
1246.4,-0.135148,-98.6192
1246.45,-0.135152,-98.626
1246.5,-0.135148,-98.6327
1246.55,-0.135146,-98.6395
1246.6,-0.13516,-98.6463
1246.65,-0.135156,-98.653
1246.7,-0.135156,-98.6598
1246.75,-0.135152,-98.6665
1246.8,-0.135152,-98.6733
1246.85,-0.135161,-98.6801
1246.9,-0.135159,-98.6868
1246.95,-0.135151,-98.6936
1247.0,-0.135149,-98.7003
1247.05,-0.135145,-98.7071
1247.1,-0.135156,-98.7138
1247.15,-0.135145,-98.7206
1247.2,-0.135143,-98.7274
1247.25,-0.13515,-98.7341
1247.3,-0.135159,-98.7409
1247.35,-0.135157,-98.7476
1247.4,-0.135164,-98.7544
1247.45,-0.135161,-98.7611
1247.5,-0.135166,-98.7679
1247.55,-0.135172,-98.7747
1247.6,-0.135175,-98.7814
1247.65,-0.135166,-98.7882
1247.7,-0.135173,-98.7949
1247.75,-0.13518,-98.8017
1247.8,-0.135179,-98.8085
1247.85,-0.135181,-98.8152
1247.9,-0.135178,-98.822
1247.95,-0.135178,-98.8287
1248.0,-0.135176,-98.8355
1248.05,-0.135187,-98.8422
1248.1,-0.135192,-98.849
1248.15,-0.135185,-98.8558
1248.2,-0.135188,-98.8625
1248.25,-0.135196,-98.8693
1248.3,-0.135202,-98.876
1248.35,-0.135201,-98.8828
1248.4,-0.135206,-98.8896
1248.45,-0.135223,-98.8963
1248.5,-0.135217,-98.9031
1248.55,-0.135222,-98.9099
1248.6,-0.135235,-98.9166
1248.65,-0.135232,-98.9234
1248.7,-0.135234,-98.9301
1248.75,-0.13523,-98.9369
1248.8,-0.135241,-98.9437
1248.85,-0.135235,-98.9504
1248.9,-0.135265,-98.9572
1248.95,-0.135262,-98.9639
1249.0,-0.135261,-98.9707
1249.05,-0.135251,-98.9775
1249.1,-0.135268,-98.9842
1249.15,-0.135273,-98.991
1249.2,-0.135278,-98.9978
1249.25,-0.135278,-99.0045
1249.3,-0.135274,-99.0113
1249.35,-0.135257,-99.0181
1249.4,-0.135268,-99.0248
1249.45,-0.135267,-99.0316
1249.5,-0.135276,-99.0383
1249.55,-0.13528,-99.0451
1249.6,-0.135287,-99.0519
1249.65,-0.13529,-99.0586
1249.7,-0.13529,-99.0654
1249.75,-0.135301,-99.0722
1249.8,-0.135305,-99.0789
1249.85,-0.135317,-99.0857
1249.9,-0.135323,-99.0925
1249.95,-0.135327,-99.0992
1250.0,-0.135336,-99.106
1250.05,-0.135332,-99.1128
1250.1,-0.135336,-99.1195
1250.15,-0.135336,-99.1263
1250.2,-0.135354,-99.1331
1250.25,-0.135349,-99.1398
1250.3,-0.135364,-99.1466
1250.35,-0.135377,-99.1534
1250.4,-0.135364,-99.1601
1250.45,-0.135359,-99.1669
1250.5,-0.135393,-99.1737
1250.55,-0.135401,-99.1804
1250.6,-0.135403,-99.1872
1250.65,-0.135407,-99.194
1250.7,-0.135406,-99.2008
1250.75,-0.135399,-99.2075
1250.8,-0.135399,-99.2143
1250.85,-0.135398,-99.2211
1250.9,-0.135403,-99.2278
1250.95,-0.135413,-99.2346
1251.0,-0.135406,-99.2414
1251.05,-0.13542,-99.2481
1251.1,-0.135414,-99.2549
1251.15,-0.135419,-99.2617
1251.2,-0.135439,-99.2685
1251.25,-0.135428,-99.2752
1251.3,-0.135438,-99.282
1251.35,-0.135444,-99.2888
1251.4,-0.135441,-99.2955
1251.45,-0.135443,-99.3023
1251.5,-0.135444,-99.3091
1251.55,-0.135457,-99.3159
1251.6,-0.13547,-99.3226
1251.65,-0.13547,-99.3294
1251.7,-0.135472,-99.3362
1251.75,-0.135482,-99.343
1251.8,-0.135489,-99.3497
1251.85,-0.135507,-99.3565
1251.9,-0.135501,-99.3633
1251.95,-0.135503,-99.3701
1252.0,-0.135508,-99.3768
1252.05,-0.135515,-99.3836
1252.1,-0.135505,-99.3904
1252.15,-0.135511,-99.3972
1252.2,-0.135504,-99.4039
1252.25,-0.135508,-99.4107
1252.3,-0.135522,-99.4175
1252.35,-0.13552,-99.4243
1252.4,-0.135526,-99.431
1252.45,-0.135525,-99.4378
1252.5,-0.135521,-99.4446
1252.55,-0.135523,-99.4514
1252.6,-0.13555,-99.4581
1252.65,-0.135538,-99.4649
1252.7,-0.135533,-99.4717
1252.75,-0.135522,-99.4785
1252.8,-0.135525,-99.4853
1252.85,-0.135537,-99.492
1252.9,-0.135538,-99.4988
1252.95,-0.13554,-99.5056
1253.0,-0.135532,-99.5124
1253.05,-0.135543,-99.5191
1253.1,-0.135549,-99.5259
1253.15,-0.135538,-99.5327
1253.2,-0.135548,-99.5395
1253.25,-0.135542,-99.5462
1253.3,-0.135558,-99.553
1253.35,-0.135559,-99.5598
1253.4,-0.135569,-99.5666
1253.45,-0.135567,-99.5734
1253.5,-0.135565,-99.5801
1253.55,-0.135571,-99.5869
1253.6,-0.135572,-99.5937
1253.65,-0.135569,-99.6005
1253.7,-0.135567,-99.6073
1253.75,-0.13559,-99.614
1253.8,-0.135583,-99.6208
1253.85,-0.13558,-99.6276
1253.9,-0.135588,-99.6344
1253.95,-0.135581,-99.6412
1254.0,-0.135589,-99.6479
1254.05,-0.135594,-99.6547
1254.1,-0.135603,-99.6615
1254.15,-0.135611,-99.6683
1254.2,-0.135618,-99.675
1254.25,-0.135619,-99.6818
1254.3,-0.13562,-99.6886
1254.35,-0.135633,-99.6954
1254.4,-0.135634,-99.7022
1254.45,-0.135634,-99.709
1254.5,-0.135634,-99.7157
1254.55,-0.135634,-99.7225
1254.6,-0.135635,-99.7293
1254.65,-0.135654,-99.7361
1254.7,-0.135649,-99.7429
1254.75,-0.135641,-99.7496
1254.8,-0.135651,-99.7564
1254.85,-0.135656,-99.7632
1254.9,-0.135646,-99.77
1254.95,-0.135644,-99.7768
1255.0,-0.135653,-99.7836
1255.05,-0.135667,-99.7903
1255.1,-0.135679,-99.7971
1255.15,-0.135677,-99.8039
1255.2,-0.135661,-99.8107
1255.25,-0.135688,-99.8175
1255.3,-0.135718,-99.8243
1255.35,-0.135715,-99.8311
1255.4,-0.13571,-99.8378
1255.45,-0.135718,-99.8446
1255.5,-0.135722,-99.8514
1255.55,-0.135741,-99.8582
1255.6,-0.135738,-99.865
1255.65,-0.135743,-99.8718
1255.7,-0.135726,-99.8786
1255.75,-0.135737,-99.8853
1255.8,-0.135751,-99.8921
1255.85,-0.135777,-99.8989
1255.9,-0.135756,-99.9057
1255.95,-0.135748,-99.9125
1256.0,-0.135756,-99.9193
1256.05,-0.135759,-99.9261
1256.1,-0.135754,-99.9329
1256.15,-0.135766,-99.9396
1256.2,-0.13577,-99.9464
1256.25,-0.135776,-99.9532
1256.3,-0.135783,-99.96
1256.35,-0.135768,-99.9668
1256.4,-0.135782,-99.9736
1256.45,-0.135783,-99.9804
1256.5,-0.135789,-99.9872
1256.55,-0.135804,-99.994
1256.6,-0.135808,-100.001
1256.65,-0.135799,-100.008
1256.7,-0.135811,-100.014
1256.75,-0.135808,-100.021
1256.8,-0.135819,-100.028
1256.85,-0.135821,-100.035
1256.9,-0.135831,-100.041
1256.95,-0.135828,-100.048
1257.0,-0.135835,-100.055
1257.05,-0.135831,-100.062
1257.1,-0.135834,-100.069
1257.15,-0.13584,-100.075
1257.2,-0.13586,-100.082
1257.25,-0.135866,-100.089
1257.3,-0.135883,-100.096
1257.35,-0.135888,-100.103
1257.4,-0.135895,-100.109
1257.45,-0.135883,-100.116
1257.5,-0.135876,-100.123
1257.55,-0.135894,-100.13
1257.6,-0.135894,-100.137
1257.65,-0.135898,-100.143
1257.7,-0.135895,-100.15
1257.75,-0.135901,-100.157
1257.8,-0.135889,-100.164
1257.85,-0.135904,-100.171
1257.9,-0.135912,-100.177
1257.95,-0.13591,-100.184
1258.0,-0.135915,-100.191
1258.05,-0.135914,-100.198
1258.1,-0.135933,-100.205
1258.15,-0.135942,-100.211
1258.2,-0.135951,-100.218
1258.25,-0.135954,-100.225
1258.3,-0.135954,-100.232
1258.35,-0.135959,-100.239
1258.4,-0.135951,-100.245
1258.45,-0.135982,-100.252
1258.5,-0.135974,-100.259
1258.55,-0.135975,-100.266
1258.6,-0.135995,-100.273
1258.65,-0.135994,-100.279
1258.7,-0.135991,-100.286
1258.75,-0.135989,-100.293
1258.8,-0.135998,-100.3
1258.85,-0.135998,-100.307
1258.9,-0.136013,-100.313
1258.95,-0.136021,-100.32
1259.0,-0.136008,-100.327
1259.05,-0.136025,-100.334
1259.1,-0.136029,-100.341
1259.15,-0.136032,-100.347
1259.2,-0.136042,-100.354
1259.25,-0.136056,-100.361
1259.3,-0.136057,-100.368
1259.35,-0.136079,-100.375
1259.4,-0.136087,-100.381
1259.45,-0.136091,-100.388
1259.5,-0.136078,-100.395
1259.55,-0.136078,-100.402
1259.6,-0.136103,-100.409
1259.65,-0.136102,-100.415
1259.7,-0.136111,-100.422
1259.75,-0.136114,-100.429
1259.8,-0.13613,-100.436
1259.85,-0.136132,-100.443
1259.9,-0.136149,-100.449
1259.95,-0.136151,-100.456
1260.0,-0.136143,-100.463
1260.05,-0.136154,-100.47
1260.1,-0.136159,-100.477
1260.15,-0.136159,-100.483
1260.2,-0.136172,-100.49
1260.25,-0.136177,-100.497
1260.3,-0.136199,-100.504
1260.35,-0.136214,-100.511
1260.4,-0.136207,-100.517
1260.45,-0.136213,-100.524
1260.5,-0.136224,-100.531
1260.55,-0.13624,-100.538
1260.6,-0.136243,-100.545
1260.65,-0.136256,-100.552
1260.7,-0.136262,-100.558
1260.75,-0.136281,-100.565
1260.8,-0.136289,-100.572
1260.85,-0.136295,-100.579
1260.9,-0.136293,-100.586
1260.95,-0.136307,-100.592
1261.0,-0.13633,-100.599
1261.05,-0.136271,-100.606
1261.1,-0.136255,-100.613
1261.15,-0.136256,-100.62
1261.2,-0.136268,-100.627
1261.25,-0.136268,-100.633
1261.3,-0.136275,-100.64
1261.35,-0.136288,-100.647
1261.4,-0.136304,-100.654
1261.45,-0.136298,-100.661
1261.5,-0.136313,-100.667
1261.55,-0.136313,-100.674
1261.6,-0.136316,-100.681
1261.65,-0.136339,-100.688
1261.7,-0.136348,-100.695
1261.75,-0.13637,-100.701
1261.8,-0.136377,-100.708
1261.85,-0.136389,-100.715
1261.9,-0.1364,-100.722
1261.95,-0.136402,-100.729
1262.0,-0.136408,-100.736
1262.05,-0.136419,-100.742
1262.1,-0.136426,-100.749
1262.15,-0.136447,-100.756
1262.2,-0.136437,-100.763
1262.25,-0.136435,-100.77
1262.3,-0.136443,-100.777
1262.35,-0.136463,-100.783
1262.4,-0.136471,-100.79
1262.45,-0.136489,-100.797
1262.5,-0.136494,-100.804
1262.55,-0.136496,-100.811
1262.6,-0.136503,-100.817
1262.65,-0.136498,-100.824
1262.7,-0.13651,-100.831
1262.75,-0.136523,-100.838
1262.8,-0.136513,-100.845
1262.85,-0.136526,-100.852
1262.9,-0.136523,-100.858
1262.95,-0.136526,-100.865
1263.0,-0.136526,-100.872
1263.05,-0.136539,-100.879
1263.1,-0.136553,-100.886
1263.15,-0.136556,-100.893
1263.2,-0.136575,-100.899
1263.25,-0.136575,-100.906
1263.3,-0.136579,-100.913
1263.35,-0.13659,-100.92
1263.4,-0.136596,-100.927
1263.45,-0.1366,-100.934
1263.5,-0.136602,-100.94
1263.55,-0.136617,-100.947
1263.6,-0.136618,-100.954
1263.65,-0.136619,-100.961
1263.7,-0.136618,-100.968
1263.75,-0.136632,-100.975
1263.8,-0.136631,-100.981
1263.85,-0.136641,-100.988
1263.9,-0.136653,-100.995
1263.95,-0.136666,-101.002
1264.0,-0.13668,-101.009
1264.05,-0.136684,-101.016
1264.1,-0.136686,-101.022
1264.15,-0.136694,-101.029
1264.2,-0.136703,-101.036
1264.25,-0.136702,-101.043
1264.3,-0.136715,-101.05
1264.35,-0.136721,-101.057
1264.4,-0.136723,-101.063
1264.45,-0.136716,-101.07
1264.5,-0.136742,-101.077
1264.55,-0.136751,-101.084
1264.6,-0.136747,-101.091
1264.65,-0.136753,-101.098
1264.7,-0.136764,-101.104
1264.75,-0.136769,-101.111
1264.8,-0.136778,-101.118
1264.85,-0.136793,-101.125
1264.9,-0.136808,-101.132
1264.95,-0.136818,-101.139
1265.0,-0.136818,-101.145
1265.05,-0.136833,-101.152
1265.1,-0.136852,-101.159
1265.15,-0.136854,-101.166
1265.2,-0.13686,-101.173
1265.25,-0.136878,-101.18
1265.3,-0.136885,-101.186
1265.35,-0.136883,-101.193
1265.4,-0.136893,-101.2
1265.45,-0.136915,-101.207
1265.5,-0.136924,-101.214
1265.55,-0.136951,-101.221
1265.6,-0.136965,-101.228
1265.65,-0.136981,-101.234
1265.7,-0.136993,-101.241
1265.75,-0.137006,-101.248
1265.8,-0.137015,-101.255
1265.85,-0.137025,-101.262
1265.9,-0.137046,-101.269
1265.95,-0.137059,-101.276
1266.0,-0.137074,-101.282
1266.05,-0.137064,-101.289
1266.1,-0.137072,-101.296
1266.15,-0.137079,-101.303
1266.2,-0.137084,-101.31
1266.25,-0.13709,-101.317
1266.3,-0.137105,-101.323
1266.35,-0.137091,-101.33
1266.4,-0.137101,-101.337
1266.45,-0.137109,-101.344
1266.5,-0.137117,-101.351
1266.55,-0.137122,-101.358
1266.6,-0.137128,-101.365
1266.65,-0.137125,-101.371
1266.7,-0.137131,-101.378
1266.75,-0.137137,-101.385
1266.8,-0.137137,-101.392
1266.85,-0.137143,-101.399
1266.9,-0.137145,-101.406
1266.95,-0.137158,-101.413
1267.0,-0.137167,-101.419
1267.05,-0.137172,-101.426
1267.1,-0.137168,-101.433
1267.15,-0.137163,-101.44
1267.2,-0.137168,-101.447
1267.25,-0.137171,-101.454
1267.3,-0.137195,-101.461
1267.35,-0.137201,-101.467
1267.4,-0.1372,-101.474
1267.45,-0.137207,-101.481
1267.5,-0.137212,-101.488
1267.55,-0.137204,-101.495
1267.6,-0.137211,-101.502
1267.65,-0.137219,-101.509
1267.7,-0.137228,-101.516
1267.75,-0.137223,-101.522
1267.8,-0.137227,-101.529
1267.85,-0.137238,-101.536
1267.9,-0.137236,-101.543
1267.95,-0.137239,-101.55
1268.0,-0.137244,-101.557
1268.05,-0.137238,-101.564
1268.1,-0.13726,-101.57
1268.15,-0.137254,-101.577
1268.2,-0.137259,-101.584
1268.25,-0.137244,-101.591
1268.3,-0.137241,-101.598
1268.35,-0.137244,-101.605
1268.4,-0.137238,-101.612
1268.45,-0.137233,-101.618
1268.5,-0.137243,-101.625
1268.55,-0.137228,-101.632
1268.6,-0.137227,-101.639
1268.65,-0.137231,-101.646
1268.7,-0.137228,-101.653
1268.75,-0.137235,-101.66
1268.8,-0.13724,-101.666
1268.85,-0.137249,-101.673
1268.9,-0.137246,-101.68
1268.95,-0.137234,-101.687
1269.0,-0.137236,-101.694
1269.05,-0.137253,-101.701
1269.1,-0.137236,-101.708
1269.15,-0.137243,-101.715
1269.2,-0.137241,-101.721
1269.25,-0.137231,-101.728
1269.3,-0.137229,-101.735
1269.35,-0.137229,-101.742
1269.4,-0.137231,-101.749
1269.45,-0.137229,-101.756
1269.5,-0.137241,-101.763
1269.55,-0.137243,-101.769
1269.6,-0.137243,-101.776
1269.65,-0.137236,-101.783
1269.7,-0.137236,-101.79
1269.75,-0.137243,-101.797
1269.8,-0.137243,-101.804
1269.85,-0.137236,-101.811
1269.9,-0.137243,-101.817
1269.95,-0.137232,-101.824
1270.0,-0.137249,-101.831
1270.05,-0.137251,-101.838
1270.1,-0.137253,-101.845
1270.15,-0.137248,-101.852
1270.2,-0.137245,-101.859
1270.25,-0.137247,-101.865
1270.3,-0.137251,-101.872
1270.35,-0.137256,-101.879
1270.4,-0.137254,-101.886
1270.45,-0.137246,-101.893
1270.5,-0.137247,-101.9
1270.55,-0.137265,-101.907
1270.6,-0.137274,-101.914
1270.65,-0.137257,-101.92
1270.7,-0.137272,-101.927
1270.75,-0.137282,-101.934
1270.8,-0.137298,-101.941
1270.85,-0.137293,-101.948
1270.9,-0.137291,-101.955
1270.95,-0.137294,-101.962
1271.0,-0.137276,-101.968
1271.05,-0.137284,-101.975
1271.1,-0.137286,-101.982
1271.15,-0.137292,-101.989
1271.2,-0.137294,-101.996
1271.25,-0.137289,-102.003
1271.3,-0.137301,-102.01
1271.35,-0.137282,-102.016
1271.4,-0.137295,-102.023
1271.45,-0.137302,-102.03
1271.5,-0.137313,-102.037
1271.55,-0.137312,-102.044
1271.6,-0.137323,-102.051
1271.65,-0.137307,-102.058
1271.7,-0.137307,-102.065
1271.75,-0.137315,-102.071
1271.8,-0.137316,-102.078
1271.85,-0.137319,-102.085
1271.9,-0.137313,-102.092
1271.95,-0.137311,-102.099
1272.0,-0.137322,-102.106
1272.05,-0.137331,-102.113
1272.1,-0.137321,-102.119
1272.15,-0.137331,-102.126
1272.2,-0.137332,-102.133
1272.25,-0.137317,-102.14
1272.3,-0.137319,-102.147
1272.35,-0.137326,-102.154
1272.4,-0.13731,-102.161
1272.45,-0.137322,-102.168
1272.5,-0.137324,-102.174
1272.55,-0.137326,-102.181
1272.6,-0.13733,-102.188
1272.65,-0.137321,-102.195
1272.7,-0.137332,-102.202
1272.75,-0.137338,-102.209
1272.8,-0.13733,-102.216
1272.85,-0.137336,-102.222
1272.9,-0.137352,-102.229
1272.95,-0.137344,-102.236
1273.0,-0.13734,-102.243
1273.05,-0.13734,-102.25
1273.1,-0.137338,-102.257
1273.15,-0.137338,-102.264
1273.2,-0.137356,-102.271
1273.25,-0.137357,-102.277
1273.3,-0.137358,-102.284
1273.35,-0.137369,-102.291
1273.4,-0.137376,-102.298
1273.45,-0.13738,-102.305
1273.5,-0.137389,-102.312
1273.55,-0.137379,-102.319
1273.6,-0.137395,-102.325
1273.65,-0.137394,-102.332
1273.7,-0.137392,-102.339
1273.75,-0.137383,-102.346
1273.8,-0.137388,-102.353
1273.85,-0.13738,-102.36
1273.9,-0.137374,-102.367
1273.95,-0.137378,-102.374
1274.0,-0.137389,-102.38
1274.05,-0.137389,-102.387
1274.1,-0.137382,-102.394
1274.15,-0.13737,-102.401
1274.2,-0.137367,-102.408
1274.25,-0.137363,-102.415
1274.3,-0.137359,-102.422
1274.35,-0.137368,-102.429
1274.4,-0.137377,-102.435
1274.45,-0.137361,-102.442
1274.5,-0.137366,-102.449
1274.55,-0.137363,-102.456
1274.6,-0.137361,-102.463
1274.65,-0.137361,-102.47
1274.7,-0.13735,-102.477
1274.75,-0.137358,-102.483
1274.8,-0.137356,-102.49
1274.85,-0.137357,-102.497
1274.9,-0.137357,-102.504
1274.95,-0.137352,-102.511
1275.0,-0.137365,-102.518
1275.05,-0.137372,-102.525
1275.1,-0.137366,-102.532
1275.15,-0.137373,-102.538
1275.2,-0.13737,-102.545
1275.25,-0.137343,-102.552
1275.3,-0.137352,-102.559
1275.35,-0.137363,-102.566
1275.4,-0.137353,-102.573
1275.45,-0.137364,-102.58
1275.5,-0.137366,-102.586
1275.55,-0.137355,-102.593
1275.6,-0.137351,-102.6
1275.65,-0.137361,-102.607
1275.7,-0.137363,-102.614
1275.75,-0.137373,-102.621
1275.8,-0.13736,-102.628
1275.85,-0.137356,-102.635
1275.9,-0.13735,-102.641
1275.95,-0.137349,-102.648
1276.0,-0.137343,-102.655
1276.05,-0.137348,-102.662
1276.1,-0.137339,-102.669
1276.15,-0.137342,-102.676
1276.2,-0.137354,-102.683
1276.25,-0.137357,-102.689
1276.3,-0.137357,-102.696
1276.35,-0.13736,-102.703
1276.4,-0.137379,-102.71
1276.45,-0.137383,-102.717
1276.5,-0.137394,-102.724
1276.55,-0.137399,-102.731
1276.6,-0.137397,-102.738
1276.65,-0.137393,-102.744
1276.7,-0.137402,-102.751
1276.75,-0.137405,-102.758
1276.8,-0.137416,-102.765
1276.85,-0.137426,-102.772
1276.9,-0.137427,-102.779
1276.95,-0.137439,-102.786
1277.0,-0.137413,-102.793
1277.05,-0.137423,-102.799
1277.1,-0.137442,-102.806
1277.15,-0.137433,-102.813
1277.2,-0.137432,-102.82
1277.25,-0.137428,-102.827
1277.3,-0.13744,-102.834
1277.35,-0.137431,-102.841
1277.4,-0.137418,-102.848
1277.45,-0.137428,-102.854
1277.5,-0.137436,-102.861
1277.55,-0.13742,-102.868
1277.6,-0.137411,-102.875
1277.65,-0.137402,-102.882
1277.7,-0.13741,-102.889
1277.75,-0.137411,-102.896
1277.8,-0.137414,-102.902
1277.85,-0.137411,-102.909
1277.9,-0.137406,-102.916
1277.95,-0.137402,-102.923
1278.0,-0.137393,-102.93
1278.05,-0.137389,-102.937
1278.1,-0.13739,-102.944
1278.15,-0.137396,-102.951
1278.2,-0.137401,-102.957
1278.25,-0.137389,-102.964
1278.3,-0.137389,-102.971
1278.35,-0.137377,-102.978
1278.4,-0.137382,-102.985
1278.45,-0.137379,-102.992
1278.5,-0.137384,-102.999
1278.55,-0.137373,-103.006
1278.6,-0.137359,-103.012
1278.65,-0.137382,-103.019
1278.7,-0.137393,-103.026
1278.75,-0.137403,-103.033
1278.8,-0.137412,-103.04
1278.85,-0.137421,-103.047
1278.9,-0.137423,-103.054
1278.95,-0.13742,-103.06
1279.0,-0.137418,-103.067
1279.05,-0.137425,-103.074
1279.1,-0.13742,-103.081
1279.15,-0.137429,-103.088
1279.2,-0.137426,-103.095
1279.25,-0.137431,-103.102
1279.3,-0.137441,-103.109
1279.35,-0.137424,-103.115
1279.4,-0.13742,-103.122
1279.45,-0.137428,-103.129
1279.5,-0.13743,-103.136
1279.55,-0.137452,-103.143
1279.6,-0.137446,-103.15
1279.65,-0.137435,-103.157
1279.7,-0.137426,-103.164
1279.75,-0.137434,-103.17
1279.8,-0.137439,-103.177
1279.85,-0.13743,-103.184
1279.9,-0.137431,-103.191
1279.95,-0.137443,-103.198
1280.0,-0.137439,-103.205
1280.05,-0.137448,-103.212
1280.1,-0.137445,-103.219
1280.15,-0.137441,-103.225
1280.2,-0.137467,-103.232
1280.25,-0.137469,-103.239
1280.3,-0.137464,-103.246
1280.35,-0.137464,-103.253
1280.4,-0.13747,-103.26
1280.45,-0.137462,-103.267
1280.5,-0.137459,-103.274
1280.55,-0.137474,-103.28
1280.6,-0.137492,-103.287
1280.65,-0.137488,-103.294
1280.7,-0.137491,-103.301
1280.75,-0.137496,-103.308
1280.8,-0.137487,-103.315
1280.85,-0.137498,-103.322
1280.9,-0.1375,-103.329
1280.95,-0.137522,-103.335
1281.0,-0.137524,-103.342
1281.05,-0.137509,-103.349
1281.1,-0.137513,-103.356
1281.15,-0.13751,-103.363
1281.2,-0.137526,-103.37
1281.25,-0.137531,-103.377
1281.3,-0.137538,-103.384
1281.35,-0.137536,-103.39
1281.4,-0.137543,-103.397
1281.45,-0.137542,-103.404
1281.5,-0.137557,-103.411
1281.55,-0.137565,-103.418
1281.6,-0.137566,-103.425
1281.65,-0.137573,-103.432
1281.7,-0.137574,-103.439
1281.75,-0.13757,-103.445
1281.8,-0.137569,-103.452
1281.85,-0.13757,-103.459
1281.9,-0.137569,-103.466
1281.95,-0.137575,-103.473
1282.0,-0.137599,-103.48
1282.05,-0.137599,-103.487
1282.1,-0.137596,-103.494
1282.15,-0.137587,-103.5
1282.2,-0.137593,-103.507
1282.25,-0.137608,-103.514
1282.3,-0.137616,-103.521
1282.35,-0.137641,-103.528
1282.4,-0.13765,-103.535
1282.45,-0.137663,-103.542
1282.5,-0.137659,-103.549
1282.55,-0.137641,-103.556
1282.6,-0.137654,-103.562
1282.65,-0.137655,-103.569
1282.7,-0.137657,-103.576
1282.75,-0.137659,-103.583
1282.8,-0.137664,-103.59
1282.85,-0.137669,-103.597
1282.9,-0.137678,-103.604
1282.95,-0.137673,-103.611
1283.0,-0.137679,-103.617
1283.05,-0.137679,-103.624
1283.1,-0.137676,-103.631
1283.15,-0.137695,-103.638
1283.2,-0.137686,-103.645
1283.25,-0.137705,-103.652
1283.3,-0.137695,-103.659
1283.35,-0.1377,-103.666
1283.4,-0.137708,-103.673
1283.45,-0.137717,-103.679
1283.5,-0.137728,-103.686
1283.55,-0.137714,-103.693
1283.6,-0.137718,-103.7
1283.65,-0.137724,-103.707
1283.7,-0.137741,-103.714
1283.75,-0.137758,-103.721
1283.8,-0.137755,-103.728
1283.85,-0.137745,-103.735
1283.9,-0.137749,-103.741
1283.95,-0.137759,-103.748
1284.0,-0.13775,-103.755
1284.05,-0.137756,-103.762
1284.1,-0.137754,-103.769
1284.15,-0.137762,-103.776
1284.2,-0.137772,-103.783
1284.25,-0.137763,-103.79
1284.3,-0.137759,-103.797
1284.35,-0.137759,-103.803
1284.4,-0.137759,-103.81
1284.45,-0.137763,-103.817
1284.5,-0.137763,-103.824
1284.55,-0.137772,-103.831
1284.6,-0.137771,-103.838
1284.65,-0.137777,-103.845
1284.7,-0.13778,-103.852
1284.75,-0.137772,-103.859
1284.8,-0.137776,-103.865
1284.85,-0.137772,-103.872
1284.9,-0.137777,-103.879
1284.95,-0.137777,-103.886
1285.0,-0.137767,-103.893
1285.05,-0.137771,-103.9
1285.1,-0.137775,-103.907
1285.15,-0.137779,-103.914
1285.2,-0.137791,-103.921
1285.25,-0.13779,-103.927
1285.3,-0.137793,-103.934
1285.35,-0.137785,-103.941
1285.4,-0.13778,-103.948
1285.45,-0.137787,-103.955
1285.5,-0.137799,-103.962
1285.55,-0.137801,-103.969
1285.6,-0.137801,-103.976
1285.65,-0.137804,-103.983
1285.7,-0.137815,-103.989
1285.75,-0.137823,-103.996
1285.8,-0.137816,-104.003
1285.85,-0.137826,-104.01
1285.9,-0.137831,-104.017
1285.95,-0.137836,-104.024
1286.0,-0.137834,-104.031
1286.05,-0.137828,-104.038
1286.1,-0.137836,-104.045
1286.15,-0.13784,-104.051
1286.2,-0.137852,-104.058
1286.25,-0.137857,-104.065
1286.3,-0.137855,-104.072
1286.35,-0.137851,-104.079
1286.4,-0.137836,-104.086
1286.45,-0.137844,-104.093
1286.5,-0.137846,-104.1
1286.55,-0.137863,-104.107
1286.6,-0.137863,-104.113
1286.65,-0.137865,-104.12
1286.7,-0.137863,-104.127
1286.75,-0.137879,-104.134
1286.8,-0.137878,-104.141
1286.85,-0.137877,-104.148
1286.9,-0.137883,-104.155
1286.95,-0.137886,-104.162
1287.0,-0.137882,-104.169
1287.05,-0.137875,-104.175
1287.1,-0.137875,-104.182
1287.15,-0.137874,-104.189
1287.2,-0.13788,-104.196
1287.25,-0.137874,-104.203
1287.3,-0.137904,-104.21
1287.35,-0.137897,-104.217
1287.4,-0.137904,-104.224
1287.45,-0.137922,-104.231
1287.5,-0.137919,-104.238
1287.55,-0.137934,-104.244
1287.6,-0.137946,-104.251
1287.65,-0.137954,-104.258
1287.7,-0.137946,-104.265
1287.75,-0.13793,-104.272
1287.8,-0.137945,-104.279
1287.85,-0.13795,-104.286
1287.9,-0.137956,-104.293
1287.95,-0.137976,-104.3
1288.0,-0.137973,-104.307
1288.05,-0.13799,-104.313
1288.1,-0.138,-104.32
1288.15,-0.137992,-104.327
1288.2,-0.137995,-104.334
1288.25,-0.138016,-104.341
1288.3,-0.138024,-104.348
1288.35,-0.138035,-104.355
1288.4,-0.13803,-104.362
1288.45,-0.138039,-104.369
1288.5,-0.138032,-104.376
1288.55,-0.138062,-104.382
1288.6,-0.138067,-104.389
1288.65,-0.138082,-104.396
1288.7,-0.138094,-104.403
1288.75,-0.138102,-104.41
1288.8,-0.138108,-104.417
1288.85,-0.138119,-104.424
1288.9,-0.138129,-104.431
1288.95,-0.138131,-104.438
1289.0,-0.138143,-104.445
1289.05,-0.138145,-104.451
1289.1,-0.138152,-104.458
1289.15,-0.138171,-104.465
1289.2,-0.138167,-104.472
1289.25,-0.138177,-104.479
1289.3,-0.138181,-104.486
1289.35,-0.138194,-104.493
1289.4,-0.138196,-104.5
1289.45,-0.1382,-104.507
1289.5,-0.138207,-104.514
1289.55,-0.138219,-104.521
1289.6,-0.13822,-104.528
1289.65,-0.13823,-104.534
1289.7,-0.138234,-104.541
1289.75,-0.138237,-104.548
1289.8,-0.138238,-104.555
1289.85,-0.13825,-104.562
1289.9,-0.138254,-104.569
1289.95,-0.138271,-104.576
1290.0,-0.138262,-104.583
1290.05,-0.138272,-104.59
1290.1,-0.138273,-104.597
1290.15,-0.138282,-104.604
1290.2,-0.138291,-104.61
1290.25,-0.138299,-104.617
1290.3,-0.138311,-104.624
1290.35,-0.138315,-104.631
1290.4,-0.138323,-104.638
1290.45,-0.138319,-104.645
1290.5,-0.138319,-104.652
1290.55,-0.13833,-104.659
1290.6,-0.138339,-104.666
1290.65,-0.138339,-104.673
1290.7,-0.138348,-104.68
1290.75,-0.138362,-104.687
1290.8,-0.138358,-104.693
1290.85,-0.138353,-104.7
1290.9,-0.138363,-104.707
1290.95,-0.138366,-104.714
1291.0,-0.138364,-104.721
1291.05,-0.138373,-104.728
1291.1,-0.138357,-104.735
1291.15,-0.138376,-104.742
1291.2,-0.138382,-104.749
1291.25,-0.138379,-104.756
1291.3,-0.138382,-104.763
1291.35,-0.138389,-104.77
1291.4,-0.138395,-104.776
1291.45,-0.138399,-104.783
1291.5,-0.138407,-104.79
1291.55,-0.138413,-104.797
1291.6,-0.138409,-104.804
1291.65,-0.138416,-104.811
1291.7,-0.13842,-104.818
1291.75,-0.138422,-104.825
1291.8,-0.138436,-104.832
1291.85,-0.13844,-104.839
1291.9,-0.138434,-104.846
1291.95,-0.138437,-104.853
1292.0,-0.138426,-104.86
1292.05,-0.138421,-104.866
1292.1,-0.138442,-104.873
1292.15,-0.138439,-104.88
1292.2,-0.138445,-104.887
1292.25,-0.138454,-104.894
1292.3,-0.138453,-104.901
1292.35,-0.138427,-104.908
1292.4,-0.138432,-104.915
1292.45,-0.138434,-104.922
1292.5,-0.138455,-104.929
1292.55,-0.138452,-104.936
1292.6,-0.138453,-104.943
1292.65,-0.138445,-104.95
1292.7,-0.138444,-104.956
1292.75,-0.138452,-104.963
1292.8,-0.138446,-104.97
1292.85,-0.138454,-104.977
1292.9,-0.138456,-104.984
1292.95,-0.138456,-104.991
1293.0,-0.138463,-104.998
1293.05,-0.138452,-105.005
1293.1,-0.138462,-105.012
1293.15,-0.13847,-105.019
1293.2,-0.13846,-105.026
1293.25,-0.138462,-105.033
1293.3,-0.138466,-105.04
1293.35,-0.138479,-105.046
1293.4,-0.138473,-105.053
1293.45,-0.138484,-105.06
1293.5,-0.138486,-105.067
1293.55,-0.138488,-105.074
1293.6,-0.138495,-105.081
1293.65,-0.138496,-105.088
1293.7,-0.138493,-105.095
1293.75,-0.138504,-105.102
1293.8,-0.138506,-105.109
1293.85,-0.138497,-105.116
1293.9,-0.138498,-105.123
1293.95,-0.138489,-105.13
1294.0,-0.138505,-105.136
1294.05,-0.1385,-105.143
1294.1,-0.138499,-105.15
1294.15,-0.138518,-105.157
1294.2,-0.138518,-105.164
1294.25,-0.138521,-105.171
1294.3,-0.138518,-105.178
1294.35,-0.138515,-105.185
1294.4,-0.138512,-105.192
1294.45,-0.138505,-105.199
1294.5,-0.138509,-105.206
1294.55,-0.138518,-105.213
1294.6,-0.138513,-105.22
1294.65,-0.138508,-105.226
1294.7,-0.138513,-105.233
1294.75,-0.138522,-105.24
1294.8,-0.138516,-105.247
1294.85,-0.13852,-105.254
1294.9,-0.138522,-105.261
1294.95,-0.138521,-105.268
1295.0,-0.138536,-105.275
1295.05,-0.138543,-105.282
1295.1,-0.138531,-105.289
1295.15,-0.13855,-105.296
1295.2,-0.13855,-105.303
1295.25,-0.138551,-105.31
1295.3,-0.138558,-105.317
1295.35,-0.138572,-105.323
1295.4,-0.13858,-105.33
1295.45,-0.138577,-105.337
1295.5,-0.138588,-105.344
1295.55,-0.138595,-105.351
1295.6,-0.138601,-105.358
1295.65,-0.138594,-105.365
1295.7,-0.1386,-105.372
1295.75,-0.138597,-105.379
1295.8,-0.138583,-105.386
1295.85,-0.138604,-105.393
1295.9,-0.138604,-105.4
1295.95,-0.138609,-105.407
1296.0,-0.138608,-105.414
1296.05,-0.138625,-105.42
1296.1,-0.138632,-105.427
1296.15,-0.138636,-105.434
1296.2,-0.138631,-105.441
1296.25,-0.138651,-105.448
1296.3,-0.138654,-105.455
1296.35,-0.138652,-105.462
1296.4,-0.138653,-105.469
1296.45,-0.138643,-105.476
1296.5,-0.138644,-105.483
1296.55,-0.138656,-105.49
1296.6,-0.138664,-105.497
1296.65,-0.138661,-105.504
1296.7,-0.138678,-105.511
1296.75,-0.138673,-105.518
1296.8,-0.138673,-105.524
1296.85,-0.138671,-105.531
1296.9,-0.13868,-105.538
1296.95,-0.138677,-105.545
1297.0,-0.138674,-105.552
1297.05,-0.138687,-105.559
1297.1,-0.138694,-105.566
1297.15,-0.13868,-105.573
1297.2,-0.138684,-105.58
1297.25,-0.138683,-105.587
1297.3,-0.138683,-105.594
1297.35,-0.138694,-105.601
1297.4,-0.1387,-105.608
1297.45,-0.138706,-105.615
1297.5,-0.138707,-105.622
1297.55,-0.138713,-105.628
1297.6,-0.138698,-105.635
1297.65,-0.138704,-105.642
1297.7,-0.138696,-105.649
1297.75,-0.138704,-105.656
1297.8,-0.138715,-105.663
1297.85,-0.138722,-105.67
1297.9,-0.138717,-105.677
1297.95,-0.138721,-105.684
1298.0,-0.138721,-105.691
1298.05,-0.138716,-105.698
1298.1,-0.138725,-105.705
1298.15,-0.138743,-105.712
1298.2,-0.138738,-105.719
1298.25,-0.138742,-105.726
1298.3,-0.138744,-105.733
1298.35,-0.138752,-105.739
1298.4,-0.138766,-105.746
1298.45,-0.13878,-105.753
1298.5,-0.138784,-105.76
1298.55,-0.138771,-105.767
1298.6,-0.138761,-105.774
1298.65,-0.138759,-105.781
1298.7,-0.138804,-105.788
1298.75,-0.138818,-105.795
1298.8,-0.138813,-105.802
1298.85,-0.138826,-105.809
1298.9,-0.138821,-105.816
1298.95,-0.138818,-105.823
1299.0,-0.138822,-105.83
1299.05,-0.138819,-105.837
1299.1,-0.138835,-105.844
1299.15,-0.138843,-105.851
1299.2,-0.138835,-105.857
1299.25,-0.138852,-105.864
1299.3,-0.13886,-105.871
1299.35,-0.138861,-105.878
1299.4,-0.138864,-105.885
1299.45,-0.138864,-105.892
1299.5,-0.138874,-105.899
1299.55,-0.138867,-105.906
1299.6,-0.138857,-105.913
1299.65,-0.13887,-105.92
1299.7,-0.13887,-105.927
1299.75,-0.138881,-105.934
1299.8,-0.138873,-105.941
1299.85,-0.138882,-105.948
1299.9,-0.138882,-105.955
1299.95,-0.138889,-105.962
1300.0,-0.138883,-105.969
1300.05,-0.138894,-105.975
1300.1,-0.138907,-105.982
1300.15,-0.138906,-105.989
1300.2,-0.138892,-105.996
1300.25,-0.138902,-106.003
1300.3,-0.138911,-106.01
1300.35,-0.138909,-106.017
1300.4,-0.13892,-106.024
1300.45,-0.138911,-106.031
1300.5,-0.138909,-106.038
1300.55,-0.13891,-106.045
1300.6,-0.138923,-106.052
1300.65,-0.138908,-106.059
1300.7,-0.138917,-106.066
1300.75,-0.13892,-106.073
1300.8,-0.138926,-106.08
1300.85,-0.138926,-106.087
1300.9,-0.138933,-106.094
1300.95,-0.138923,-106.101
1301.0,-0.138929,-106.107
1301.05,-0.138932,-106.114
1301.1,-0.138941,-106.121
1301.15,-0.138949,-106.128
1301.2,-0.138976,-106.135
1301.25,-0.138964,-106.142
1301.3,-0.138963,-106.149
1301.35,-0.13896,-106.156
1301.4,-0.138959,-106.163
1301.45,-0.138969,-106.17
1301.5,-0.138961,-106.177
1301.55,-0.138965,-106.184
1301.6,-0.138974,-106.191
1301.65,-0.138983,-106.198
1301.7,-0.13898,-106.205
1301.75,-0.138981,-106.212
1301.8,-0.138972,-106.219
1301.85,-0.138981,-106.226
1301.9,-0.138999,-106.233
1301.95,-0.139004,-106.239
1302.0,-0.139008,-106.246
1302.05,-0.139013,-106.253
1302.1,-0.139009,-106.26
1302.15,-0.139001,-106.267
1302.2,-0.139008,-106.274
1302.25,-0.139014,-106.281
1302.3,-0.139034,-106.288
1302.35,-0.139033,-106.295
1302.4,-0.139029,-106.302
1302.45,-0.139031,-106.309
1302.5,-0.13903,-106.316
1302.55,-0.139047,-106.323
1302.6,-0.139048,-106.33
1302.65,-0.139053,-106.337
1302.7,-0.139031,-106.344
1302.75,-0.139046,-106.351
1302.8,-0.139038,-106.358
1302.85,-0.139038,-106.365
1302.9,-0.139054,-106.372
1302.95,-0.139049,-106.379
1303.0,-0.139048,-106.385
1303.05,-0.139052,-106.392
1303.1,-0.139059,-106.399
1303.15,-0.139046,-106.406
1303.2,-0.139048,-106.413
1303.25,-0.13906,-106.42
1303.3,-0.139082,-106.427
1303.35,-0.139062,-106.434
1303.4,-0.139063,-106.441
1303.45,-0.139072,-106.448
1303.5,-0.139076,-106.455
1303.55,-0.139086,-106.462
1303.6,-0.139079,-106.469
1303.65,-0.139081,-106.476
1303.7,-0.139097,-106.483
1303.75,-0.13909,-106.49
1303.8,-0.139097,-106.497
1303.85,-0.13909,-106.504
1303.9,-0.139093,-106.511
1303.95,-0.139112,-106.518
1304.0,-0.139121,-106.525
1304.05,-0.139128,-106.532
1304.1,-0.139119,-106.538
1304.15,-0.139115,-106.545
1304.2,-0.139128,-106.552
1304.25,-0.139119,-106.559
1304.3,-0.139124,-106.566
1304.35,-0.139136,-106.573
1304.4,-0.139141,-106.58
1304.45,-0.139156,-106.587
1304.5,-0.139153,-106.594
1304.55,-0.139158,-106.601
1304.6,-0.139178,-106.608
1304.65,-0.139186,-106.615
1304.7,-0.139194,-106.622
1304.75,-0.139227,-106.629
1304.8,-0.139241,-106.636
1304.85,-0.139252,-106.643
1304.9,-0.139278,-106.65
1304.95,-0.139276,-106.657
1305.0,-0.13929,-106.664
1305.05,-0.139314,-106.671
1305.1,-0.139332,-106.678
1305.15,-0.139333,-106.685
1305.2,-0.139342,-106.692
1305.25,-0.139344,-106.699
1305.3,-0.139342,-106.706
1305.35,-0.139347,-106.712
1305.4,-0.13935,-106.719
1305.45,-0.139343,-106.726
1305.5,-0.139346,-106.733
1305.55,-0.139348,-106.74
1305.6,-0.139352,-106.747
1305.65,-0.139355,-106.754
1305.7,-0.139359,-106.761
1305.75,-0.139368,-106.768
1305.8,-0.139357,-106.775
1305.85,-0.139347,-106.782
1305.9,-0.139359,-106.789
1305.95,-0.139354,-106.796
1306.0,-0.139346,-106.803
1306.05,-0.139359,-106.81
1306.1,-0.139367,-106.817
1306.15,-0.139361,-106.824
1306.2,-0.139359,-106.831
1306.25,-0.139378,-106.838
1306.3,-0.139523,-106.845
1306.35,-0.139503,-106.852
1306.4,-0.139511,-106.859
1306.45,-0.139513,-106.866
1306.5,-0.139508,-106.873
1306.55,-0.139511,-106.88
1306.6,-0.139495,-106.887
1306.65,-0.139494,-106.894
1306.7,-0.139484,-106.901
1306.75,-0.139483,-106.908
1306.8,-0.139484,-106.915
1306.85,-0.139488,-106.922
1306.9,-0.13949,-106.929
1306.95,-0.139489,-106.936
1307.0,-0.139479,-106.943
1307.05,-0.139492,-106.95
1307.1,-0.139481,-106.956
1307.15,-0.139493,-106.963
1307.2,-0.139485,-106.97
1307.25,-0.139485,-106.977
1307.3,-0.139478,-106.984
1307.35,-0.139467,-106.991
1307.4,-0.139471,-106.998
1307.45,-0.139489,-107.005
1307.5,-0.139489,-107.012
1307.55,-0.139496,-107.019
1307.6,-0.139502,-107.026
1307.65,-0.139511,-107.033
1307.7,-0.139511,-107.04
1307.75,-0.139511,-107.047
1307.8,-0.139518,-107.054
1307.85,-0.139528,-107.061
1307.9,-0.139534,-107.068
1307.95,-0.139536,-107.075
1308.0,-0.139539,-107.082
1308.05,-0.139526,-107.089
1308.1,-0.139529,-107.096
1308.15,-0.139528,-107.103
1308.2,-0.139544,-107.11
1308.25,-0.139545,-107.117
1308.3,-0.139546,-107.124
1308.35,-0.13955,-107.131
1308.4,-0.139543,-107.138
1308.45,-0.139548,-107.145
1308.5,-0.139557,-107.152
1308.55,-0.139558,-107.159
1308.6,-0.139567,-107.166
1308.65,-0.139574,-107.173
1308.7,-0.139568,-107.18
1308.75,-0.139572,-107.187
1308.8,-0.139562,-107.194
1308.85,-0.139579,-107.201
1308.9,-0.139565,-107.208
1308.95,-0.139578,-107.215
1309.0,-0.139578,-107.222
1309.05,-0.13958,-107.229
1309.1,-0.139573,-107.236
1309.15,-0.139577,-107.243
1309.2,-0.139573,-107.25
1309.25,-0.139581,-107.256
1309.3,-0.139581,-107.263
1309.35,-0.139573,-107.27
1309.4,-0.139587,-107.277
1309.45,-0.139577,-107.284
1309.5,-0.139578,-107.291
1309.55,-0.139585,-107.298
1309.6,-0.139589,-107.305
1309.65,-0.139577,-107.312
1309.7,-0.139584,-107.319
1309.75,-0.139573,-107.326
1309.8,-0.139573,-107.333
1309.85,-0.139585,-107.34
1309.9,-0.139594,-107.347
1309.95,-0.139611,-107.354
1310.0,-0.139605,-107.361
1310.05,-0.139605,-107.368
1310.1,-0.13961,-107.375
1310.15,-0.139612,-107.382
1310.2,-0.139605,-107.389
1310.25,-0.139618,-107.396
1310.3,-0.139622,-107.403
1310.35,-0.139621,-107.41
1310.4,-0.139636,-107.417
1310.45,-0.139632,-107.424
1310.5,-0.139627,-107.431
1310.55,-0.139636,-107.438
1310.6,-0.139639,-107.445
1310.65,-0.139647,-107.452
1310.7,-0.139651,-107.459
1310.75,-0.139646,-107.466
1310.8,-0.139655,-107.473
1310.85,-0.139649,-107.48
1310.9,-0.139645,-107.487
1310.95,-0.139665,-107.494
1311.0,-0.139663,-107.501
1311.05,-0.139667,-107.508
1311.1,-0.139659,-107.515
1311.15,-0.139655,-107.522
1311.2,-0.139644,-107.529
1311.25,-0.139652,-107.536
1311.3,-0.13964,-107.543
1311.35,-0.139658,-107.55
1311.4,-0.139663,-107.557
1311.45,-0.139673,-107.564
1311.5,-0.13967,-107.571
1311.55,-0.139674,-107.578
1311.6,-0.139663,-107.585
1311.65,-0.139664,-107.592
1311.7,-0.139683,-107.599
1311.75,-0.139678,-107.606
1311.8,-0.139676,-107.613
1311.85,-0.139673,-107.62
1311.9,-0.139674,-107.627
1311.95,-0.139679,-107.633
1312.0,-0.139682,-107.64
1312.05,-0.139702,-107.647
1312.1,-0.139696,-107.654
1312.15,-0.139707,-107.661
1312.2,-0.139709,-107.668
1312.25,-0.139713,-107.675
1312.3,-0.139726,-107.682
1312.35,-0.139722,-107.689
1312.4,-0.139731,-107.696
1312.45,-0.139727,-107.703
1312.5,-0.139736,-107.71
1312.55,-0.139728,-107.717
1312.6,-0.139741,-107.724
1312.65,-0.139738,-107.731
1312.7,-0.139734,-107.738
1312.75,-0.139724,-107.745
1312.8,-0.139736,-107.752
1312.85,-0.139747,-107.759
1312.9,-0.139751,-107.766
1312.95,-0.139747,-107.773
1313.0,-0.139743,-107.78
1313.05,-0.139739,-107.787
1313.1,-0.139742,-107.794
1313.15,-0.139748,-107.801
1313.2,-0.139749,-107.808
1313.25,-0.139743,-107.815
1313.3,-0.139753,-107.822
1313.35,-0.139748,-107.829
1313.4,-0.139745,-107.836
1313.45,-0.139773,-107.843
1313.5,-0.139771,-107.85
1313.55,-0.139767,-107.857
1313.6,-0.139776,-107.864
1313.65,-0.139769,-107.871
1313.7,-0.139771,-107.878
1313.75,-0.139769,-107.885
1313.8,-0.139781,-107.892
1313.85,-0.13979,-107.899
1313.9,-0.139798,-107.906
1313.95,-0.139799,-107.913
1314.0,-0.139794,-107.92
1314.05,-0.139787,-107.927
1314.1,-0.139794,-107.934
1314.15,-0.139799,-107.941
1314.2,-0.139804,-107.948
1314.25,-0.139806,-107.955
1314.3,-0.139806,-107.962
1314.35,-0.139806,-107.969
1314.4,-0.139809,-107.976
1314.45,-0.139819,-107.983
1314.5,-0.139812,-107.99
1314.55,-0.139828,-107.997
1314.6,-0.139824,-108.004
1314.65,-0.139825,-108.011
1314.7,-0.139833,-108.018
1314.75,-0.139829,-108.025
1314.8,-0.139836,-108.032
1314.85,-0.13983,-108.039
1314.9,-0.139821,-108.046
1314.95,-0.139838,-108.053
1315.0,-0.139831,-108.06
1315.05,-0.139828,-108.067
1315.1,-0.139833,-108.074
1315.15,-0.139831,-108.081
1315.2,-0.139848,-108.088
1315.25,-0.139844,-108.095
1315.3,-0.139853,-108.102
1315.35,-0.139861,-108.109
1315.4,-0.13986,-108.116
1315.45,-0.139858,-108.123
1315.5,-0.139855,-108.13
1315.55,-0.139857,-108.137
1315.6,-0.139873,-108.144
1315.65,-0.139864,-108.151
1315.7,-0.139869,-108.158
1315.75,-0.139882,-108.165
1315.8,-0.139887,-108.172
1315.85,-0.139876,-108.179
1315.9,-0.139889,-108.186
1315.95,-0.139882,-108.193
1316.0,-0.139898,-108.2
1316.05,-0.139899,-108.207
1316.1,-0.139896,-108.214
1316.15,-0.139904,-108.221
1316.2,-0.139907,-108.228
1316.25,-0.139922,-108.235
1316.3,-0.139915,-108.242
1316.35,-0.139917,-108.249
1316.4,-0.139914,-108.256
1316.45,-0.139927,-108.263
1316.5,-0.139932,-108.27
1316.55,-0.139924,-108.277
1316.6,-0.139938,-108.284
1316.65,-0.139949,-108.291
1316.7,-0.139937,-108.298
1316.75,-0.139945,-108.305
1316.8,-0.139936,-108.312
1316.85,-0.139947,-108.319
1316.9,-0.139939,-108.326
1316.95,-0.139959,-108.333
1317.0,-0.139973,-108.34
1317.05,-0.139971,-108.347
1317.1,-0.139984,-108.354
1317.15,-0.139978,-108.361
1317.2,-0.139992,-108.368
1317.25,-0.140003,-108.375
1317.3,-0.140021,-108.382
1317.35,-0.140016,-108.389
1317.4,-0.140008,-108.396
1317.45,-0.140017,-108.403
1317.5,-0.140026,-108.41
1317.55,-0.140031,-108.417
1317.6,-0.140033,-108.424
1317.65,-0.140047,-108.431
1317.7,-0.140054,-108.438
1317.75,-0.140051,-108.445
1317.8,-0.140049,-108.452
1317.85,-0.140056,-108.459
1317.9,-0.140055,-108.466
1317.95,-0.140063,-108.473
1318.0,-0.140068,-108.48
1318.05,-0.140065,-108.487
1318.1,-0.140066,-108.494
1318.15,-0.140055,-108.501
1318.2,-0.140061,-108.508
1318.25,-0.140061,-108.515
1318.3,-0.140057,-108.522
1318.35,-0.140065,-108.529
1318.4,-0.140076,-108.536
1318.45,-0.140076,-108.543
1318.5,-0.140067,-108.55
1318.55,-0.140072,-108.557
1318.6,-0.140067,-108.564
1318.65,-0.140053,-108.571
1318.7,-0.140051,-108.578
1318.75,-0.140044,-108.585
1318.8,-0.140043,-108.592
1318.85,-0.140034,-108.599
1318.9,-0.140033,-108.606
1318.95,-0.14004,-108.613
1319.0,-0.14005,-108.62
1319.05,-0.140052,-108.627
1319.1,-0.140034,-108.634
1319.15,-0.140037,-108.641
1319.2,-0.14003,-108.648
1319.25,-0.140029,-108.655
1319.3,-0.140022,-108.662
1319.35,-0.140021,-108.669
1319.4,-0.140031,-108.676
1319.45,-0.140029,-108.683
1319.5,-0.14002,-108.69
1319.55,-0.140022,-108.697
1319.6,-0.140024,-108.704
1319.65,-0.140029,-108.711
1319.7,-0.140022,-108.718
1319.75,-0.140017,-108.725
1319.8,-0.14001,-108.732
1319.85,-0.14002,-108.739
1319.9,-0.140013,-108.746
1319.95,-0.140011,-108.753
1320.0,-0.14,-108.76
1320.05,-0.140006,-108.767
1320.1,-0.140015,-108.774
1320.15,-0.140017,-108.781
1320.2,-0.140002,-108.788
1320.25,-0.139994,-108.795
1320.3,-0.139996,-108.802
1320.35,-0.139981,-108.809
1320.4,-0.139974,-108.816
1320.45,-0.139981,-108.823
1320.5,-0.139975,-108.83
1320.55,-0.139963,-108.837
1320.6,-0.139957,-108.844
1320.65,-0.139957,-108.851
1320.7,-0.139961,-108.858
1320.75,-0.139959,-108.865
1320.8,-0.139961,-108.872
1320.85,-0.139954,-108.879
1320.9,-0.139962,-108.886
1320.95,-0.139954,-108.893
1321.0,-0.139937,-108.9
1321.05,-0.13994,-108.907
1321.1,-0.139935,-108.914
1321.15,-0.139955,-108.921
1321.2,-0.139948,-108.928
1321.25,-0.139943,-108.935
1321.3,-0.139936,-108.942
1321.35,-0.139937,-108.949
1321.4,-0.13993,-108.956
1321.45,-0.139942,-108.963
1321.5,-0.139951,-108.97
1321.55,-0.139946,-108.977
1321.6,-0.139948,-108.984
1321.65,-0.139952,-108.991
1321.7,-0.139957,-108.998
1321.75,-0.139941,-109.005
1321.8,-0.139962,-109.012
1321.85,-0.139974,-109.019
1321.9,-0.139972,-109.026
1321.95,-0.139964,-109.033
1322.0,-0.139961,-109.04
1322.05,-0.13995,-109.047
1322.1,-0.139939,-109.054
1322.15,-0.13995,-109.061
1322.2,-0.139956,-109.068
1322.25,-0.139957,-109.075
1322.3,-0.139947,-109.082
1322.35,-0.139933,-109.089
1322.4,-0.139933,-109.096
1322.45,-0.139938,-109.103
1322.5,-0.139936,-109.11
1322.55,-0.139945,-109.117
1322.6,-0.139945,-109.124
1322.65,-0.139931,-109.131
1322.7,-0.139928,-109.138
1322.75,-0.139926,-109.145
1322.8,-0.139915,-109.152
1322.85,-0.139931,-109.159
1322.9,-0.13993,-109.166
1322.95,-0.139936,-109.173
1323.0,-0.139937,-109.18
1323.05,-0.139938,-109.187
1323.1,-0.139947,-109.194
1323.15,-0.139956,-109.201
1323.2,-0.13994,-109.208
1323.25,-0.139935,-109.215
1323.3,-0.139934,-109.222
1323.35,-0.139935,-109.229
1323.4,-0.139934,-109.236
1323.45,-0.139937,-109.243
1323.5,-0.139939,-109.25
1323.55,-0.139938,-109.257
1323.6,-0.139943,-109.264
1323.65,-0.13995,-109.271
1323.7,-0.139945,-109.278
1323.75,-0.139946,-109.285
1323.8,-0.139942,-109.292
1323.85,-0.139946,-109.299
1323.9,-0.139949,-109.305
1323.95,-0.139967,-109.312
1324.0,-0.139955,-109.319
1324.05,-0.139961,-109.326
1324.1,-0.139961,-109.333
1324.15,-0.139968,-109.34
1324.2,-0.13998,-109.347
1324.25,-0.139971,-109.354
1324.3,-0.139975,-109.361
1324.35,-0.139971,-109.368
1324.4,-0.139964,-109.375
1324.45,-0.139983,-109.382
1324.5,-0.139978,-109.389
1324.55,-0.139983,-109.396
1324.6,-0.139997,-109.403
1324.65,-0.139995,-109.41
1324.7,-0.139997,-109.417
1324.75,-0.140011,-109.424
1324.8,-0.140016,-109.431
1324.85,-0.140021,-109.438
1324.9,-0.140027,-109.445
1324.95,-0.140022,-109.452
1325.0,-0.140026,-109.459
1325.05,-0.14004,-109.466
1325.1,-0.140047,-109.473
1325.15,-0.140036,-109.48
1325.2,-0.140045,-109.487
1325.25,-0.14004,-109.494
1325.3,-0.140041,-109.501
1325.35,-0.140044,-109.508
1325.4,-0.140046,-109.516
1325.45,-0.140047,-109.522
1325.5,-0.140048,-109.53
1325.55,-0.140062,-109.537
1325.6,-0.140049,-109.544
1325.65,-0.140052,-109.551
1325.7,-0.140072,-109.558
1325.75,-0.140065,-109.565
1325.8,-0.14006,-109.572
1325.85,-0.140072,-109.579
1325.9,-0.140079,-109.586
1325.95,-0.140082,-109.593
1326.0,-0.140079,-109.6
1326.05,-0.140077,-109.607
1326.1,-0.140084,-109.614
1326.15,-0.140076,-109.621
1326.2,-0.140074,-109.628
1326.25,-0.140081,-109.635
1326.3,-0.14007,-109.642
1326.35,-0.140078,-109.649
1326.4,-0.140087,-109.656
1326.45,-0.140085,-109.663
1326.5,-0.140079,-109.67
1326.55,-0.140072,-109.677
1326.6,-0.140086,-109.684
1326.65,-0.140089,-109.691
1326.7,-0.140086,-109.698
1326.75,-0.140085,-109.705
1326.8,-0.140079,-109.712
1326.85,-0.140096,-109.719
1326.9,-0.140102,-109.726
1326.95,-0.140087,-109.733
1327.0,-0.14009,-109.74
1327.05,-0.140082,-109.747
1327.1,-0.140101,-109.754
1327.15,-0.140101,-109.761
1327.2,-0.140098,-109.768
1327.25,-0.140091,-109.775
1327.3,-0.140078,-109.782
1327.35,-0.140082,-109.789
1327.4,-0.140085,-109.796
1327.45,-0.140097,-109.803
1327.5,-0.140092,-109.81
1327.55,-0.140085,-109.817
1327.6,-0.140084,-109.824
1327.65,-0.140089,-109.831
1327.7,-0.140092,-109.838
1327.75,-0.140086,-109.845
1327.8,-0.140087,-109.852
1327.85,-0.140086,-109.859
1327.9,-0.140104,-109.866
1327.95,-0.140087,-109.873
1328.0,-0.140094,-109.88
1328.05,-0.140095,-109.887
1328.1,-0.140101,-109.894
1328.15,-0.140095,-109.901
1328.2,-0.140091,-109.908
1328.25,-0.140088,-109.915
1328.3,-0.140077,-109.922
1328.35,-0.140091,-109.929
1328.4,-0.140096,-109.936
1328.45,-0.140076,-109.943
1328.5,-0.140103,-109.95
1328.55,-0.140093,-109.957
1328.6,-0.140085,-109.964
1328.65,-0.140087,-109.971
1328.7,-0.1401,-109.978
1328.75,-0.140104,-109.985
1328.8,-0.140113,-109.992
1328.85,-0.140103,-109.999
1328.9,-0.140101,-110.006
1328.95,-0.140108,-110.013
1329.0,-0.14009,-110.02
1329.05,-0.14009,-110.027
1329.1,-0.140086,-110.034
1329.15,-0.140082,-110.041
1329.2,-0.140097,-110.048
1329.25,-0.140092,-110.055
1329.3,-0.140097,-110.062
1329.35,-0.140089,-110.069
1329.4,-0.140094,-110.076
1329.45,-0.14009,-110.083
1329.5,-0.140088,-110.09
1329.55,-0.140106,-110.097
1329.6,-0.140111,-110.104
1329.65,-0.140107,-110.111
1329.7,-0.140118,-110.118
1329.75,-0.140117,-110.125
1329.8,-0.140117,-110.132
1329.85,-0.140135,-110.139
1329.9,-0.140141,-110.146
1329.95,-0.140149,-110.153
1330.0,-0.140148,-110.16
1330.05,-0.140146,-110.167
1330.1,-0.140145,-110.174
1330.15,-0.140131,-110.181
1330.2,-0.140129,-110.188
1330.25,-0.140132,-110.195
1330.3,-0.140133,-110.202
1330.35,-0.140129,-110.209
1330.4,-0.140127,-110.216
1330.45,-0.140121,-110.223
1330.5,-0.140134,-110.23
1330.55,-0.140137,-110.237
1330.6,-0.140139,-110.244
1330.65,-0.140126,-110.251
1330.7,-0.140128,-110.258
1330.75,-0.140122,-110.265
1330.8,-0.140125,-110.272
1330.85,-0.140125,-110.279
1330.9,-0.140125,-110.286
1330.95,-0.140122,-110.293
1331.0,-0.14012,-110.3
1331.05,-0.140117,-110.307
1331.1,-0.140113,-110.314
1331.15,-0.140122,-110.321
1331.2,-0.140113,-110.328
1331.25,-0.140121,-110.335
1331.3,-0.140129,-110.342
1331.35,-0.14013,-110.349
1331.4,-0.140136,-110.356
1331.45,-0.14013,-110.363
1331.5,-0.140129,-110.37
1331.55,-0.140134,-110.377
1331.6,-0.140134,-110.384
1331.65,-0.140137,-110.391
1331.7,-0.140136,-110.398
1331.75,-0.140141,-110.405
1331.8,-0.140137,-110.412
1331.85,-0.140121,-110.419
1331.9,-0.140129,-110.426
1331.95,-0.140137,-110.433
1332.0,-0.140139,-110.44
1332.05,-0.140144,-110.447
1332.1,-0.140145,-110.454
1332.15,-0.140124,-110.461
1332.2,-0.140126,-110.468
1332.25,-0.140126,-110.475
1332.3,-0.14012,-110.482
1332.35,-0.140136,-110.489
1332.4,-0.140123,-110.496
1332.45,-0.140135,-110.503
1332.5,-0.140129,-110.51
1332.55,-0.140134,-110.517
1332.6,-0.140122,-110.524
1332.65,-0.140124,-110.531
1332.7,-0.140125,-110.538
1332.75,-0.140131,-110.545
1332.8,-0.140122,-110.552
1332.85,-0.140118,-110.559
1332.9,-0.140122,-110.566
1332.95,-0.140119,-110.573
1333.0,-0.140114,-110.58
1333.05,-0.140124,-110.587
1333.1,-0.140117,-110.594
1333.15,-0.140121,-110.601
1333.2,-0.140117,-110.608
1333.25,-0.140128,-110.615
1333.3,-0.140125,-110.622
1333.35,-0.140122,-110.629
1333.4,-0.140125,-110.636
1333.45,-0.140123,-110.643
1333.5,-0.140114,-110.65
1333.55,-0.140111,-110.657
1333.6,-0.140112,-110.664
1333.65,-0.140108,-110.671
1333.7,-0.140124,-110.678
1333.75,-0.140116,-110.685
1333.8,-0.140109,-110.692
1333.85,-0.140104,-110.699
1333.9,-0.140103,-110.706
1333.95,-0.140102,-110.713
1334.0,-0.140105,-110.72
1334.05,-0.140092,-110.727
1334.1,-0.140097,-110.734
1334.15,-0.140092,-110.741
1334.2,-0.140095,-110.748
1334.25,-0.140093,-110.755
1334.3,-0.140093,-110.762
1334.35,-0.140098,-110.769
1334.4,-0.1401,-110.776
1334.45,-0.140098,-110.783
1334.5,-0.140099,-110.79
1334.55,-0.140112,-110.797
1334.6,-0.140086,-110.804
1334.65,-0.140091,-110.811
1334.7,-0.140093,-110.818
1334.75,-0.140089,-110.825
1334.8,-0.140079,-110.832
1334.85,-0.140093,-110.839
1334.9,-0.140092,-110.846
1334.95,-0.140086,-110.854
1335.0,-0.140095,-110.861
1335.05,-0.140087,-110.868
1335.1,-0.140097,-110.875
1335.15,-0.140098,-110.882
1335.2,-0.140096,-110.889
1335.25,-0.140094,-110.896
1335.3,-0.140088,-110.903
1335.35,-0.140088,-110.91
1335.4,-0.140083,-110.917
1335.45,-0.140087,-110.924
1335.5,-0.140088,-110.931
1335.55,-0.140104,-110.938
1335.6,-0.140104,-110.945
1335.65,-0.140102,-110.952
1335.7,-0.140096,-110.959
1335.75,-0.140107,-110.966
1335.8,-0.140113,-110.973
1335.85,-0.140106,-110.98
1335.9,-0.140104,-110.987
1335.95,-0.1401,-110.994
1336.0,-0.140097,-111.001
1336.05,-0.140106,-111.008
1336.1,-0.140104,-111.015
1336.15,-0.140099,-111.022
1336.2,-0.140105,-111.029
1336.25,-0.140108,-111.036
1336.3,-0.14012,-111.043
1336.35,-0.140103,-111.05
1336.4,-0.140103,-111.057
1336.45,-0.140105,-111.064
1336.5,-0.140104,-111.071
1336.55,-0.140111,-111.078
1336.6,-0.140114,-111.085
1336.65,-0.140109,-111.092
1336.7,-0.140104,-111.099
1336.75,-0.140117,-111.106
1336.8,-0.140128,-111.113
1336.85,-0.140125,-111.12
1336.9,-0.140114,-111.127
1336.95,-0.140122,-111.134
1337.0,-0.140111,-111.141
1337.05,-0.140121,-111.148
1337.1,-0.140115,-111.155
1337.15,-0.140119,-111.162
1337.2,-0.140134,-111.169
1337.25,-0.140129,-111.176
1337.3,-0.140133,-111.183
1337.35,-0.140146,-111.19
1337.4,-0.140129,-111.197
1337.45,-0.140153,-111.204
1337.5,-0.140155,-111.211
1337.55,-0.140157,-111.218
1337.6,-0.140162,-111.225
1337.65,-0.140165,-111.232
1337.7,-0.140153,-111.239
1337.75,-0.14016,-111.246
1337.8,-0.140159,-111.253
1337.85,-0.140153,-111.26
1337.9,-0.140169,-111.267
1337.95,-0.140165,-111.274
1338.0,-0.140176,-111.281
1338.05,-0.140176,-111.288
1338.1,-0.14018,-111.295
1338.15,-0.140177,-111.302
1338.2,-0.140184,-111.309
1338.25,-0.140178,-111.316
1338.3,-0.140179,-111.323
1338.35,-0.140176,-111.33
1338.4,-0.140166,-111.337
1338.45,-0.140164,-111.344
1338.5,-0.140158,-111.351
1338.55,-0.140168,-111.358
1338.6,-0.140188,-111.365
1338.65,-0.140176,-111.372
1338.7,-0.140189,-111.379
1338.75,-0.140185,-111.386
1338.8,-0.140176,-111.393
1338.85,-0.14018,-111.4
1338.9,-0.14019,-111.407
1338.95,-0.140187,-111.414
1339.0,-0.140186,-111.421
1339.05,-0.140196,-111.428
1339.1,-0.140186,-111.435
1339.15,-0.140178,-111.442
1339.2,-0.140189,-111.449
1339.25,-0.140186,-111.456
1339.3,-0.140185,-111.463
1339.35,-0.140201,-111.47
1339.4,-0.1402,-111.477
1339.45,-0.140209,-111.484
1339.5,-0.140211,-111.491
1339.55,-0.140205,-111.498
1339.6,-0.140207,-111.505
1339.65,-0.140218,-111.512
1339.7,-0.140215,-111.519
1339.75,-0.14023,-111.526
1339.8,-0.140241,-111.533
1339.85,-0.140243,-111.54
1339.9,-0.140245,-111.547
1339.95,-0.140258,-111.554
1340.0,-0.140269,-111.561
1340.05,-0.140291,-111.568
1340.1,-0.140287,-111.575
1340.15,-0.140292,-111.582
1340.2,-0.140287,-111.589
1340.25,-0.140285,-111.596
1340.3,-0.140279,-111.603
1340.35,-0.140295,-111.61
1340.4,-0.14029,-111.617
1340.45,-0.140291,-111.624
1340.5,-0.140288,-111.631
1340.55,-0.140288,-111.638
1340.6,-0.140289,-111.645
1340.65,-0.140291,-111.652
1340.7,-0.140296,-111.659
1340.75,-0.140305,-111.666
1340.8,-0.140302,-111.673
1340.85,-0.14031,-111.681
1340.9,-0.140306,-111.688
1340.95,-0.1403,-111.695
1341.0,-0.140294,-111.702
1341.05,-0.140291,-111.709
1341.1,-0.140299,-111.716
1341.15,-0.140306,-111.723
1341.2,-0.140296,-111.73
1341.25,-0.140297,-111.737
1341.3,-0.140297,-111.744
1341.35,-0.140288,-111.751
1341.4,-0.140303,-111.758
1341.45,-0.140307,-111.765
1341.5,-0.140313,-111.772
1341.55,-0.140309,-111.779
1341.6,-0.140306,-111.786
1341.65,-0.140309,-111.793
1341.7,-0.140292,-111.8
1341.75,-0.140289,-111.807
1341.8,-0.140296,-111.814
1341.85,-0.140298,-111.821
1341.9,-0.140302,-111.828
1341.95,-0.140297,-111.835
1342.0,-0.140291,-111.842
1342.05,-0.140293,-111.849
1342.1,-0.140299,-111.856
1342.15,-0.140299,-111.863
1342.2,-0.140303,-111.87
1342.25,-0.140316,-111.877
1342.3,-0.140308,-111.884
1342.35,-0.140317,-111.891
1342.4,-0.140323,-111.898
1342.45,-0.140324,-111.905
1342.5,-0.140323,-111.912
1342.55,-0.140333,-111.919
1342.6,-0.140333,-111.926
1342.65,-0.140334,-111.933
1342.7,-0.140334,-111.94
1342.75,-0.140349,-111.947
1342.8,-0.14035,-111.954
1342.85,-0.140366,-111.961
1342.9,-0.140362,-111.968
1342.95,-0.140355,-111.975
1343.0,-0.140355,-111.982
1343.05,-0.140373,-111.989
1343.1,-0.140374,-111.996
1343.15,-0.140387,-112.003
1343.2,-0.140387,-112.01
1343.25,-0.140398,-112.017
1343.3,-0.14041,-112.024
1343.35,-0.140403,-112.031
1343.4,-0.140402,-112.038
1343.45,-0.140403,-112.045
1343.5,-0.140406,-112.052
1343.55,-0.140417,-112.059
1343.6,-0.140424,-112.066
1343.65,-0.140417,-112.073
1343.7,-0.140421,-112.08
1343.75,-0.140422,-112.087
1343.8,-0.140436,-112.094
1343.85,-0.140442,-112.102
1343.9,-0.140446,-112.109
1343.95,-0.140462,-112.116
1344.0,-0.140469,-112.123
1344.05,-0.140459,-112.13
1344.1,-0.140463,-112.137
1344.15,-0.140472,-112.144
1344.2,-0.140466,-112.151
1344.25,-0.140462,-112.158
1344.3,-0.14046,-112.165
1344.35,-0.140451,-112.172
1344.4,-0.14046,-112.179
1344.45,-0.140458,-112.186
1344.5,-0.140463,-112.193
1344.55,-0.140486,-112.2
1344.6,-0.140489,-112.207
1344.65,-0.140489,-112.214
1344.7,-0.140501,-112.221
1344.75,-0.140491,-112.228
1344.8,-0.140496,-112.235
1344.85,-0.140496,-112.242
1344.9,-0.14051,-112.249
1344.95,-0.140506,-112.256
1345.0,-0.140506,-112.263
1345.05,-0.14051,-112.27
1345.1,-0.140504,-112.277
1345.15,-0.140508,-112.284
1345.2,-0.140514,-112.291
1345.25,-0.140524,-112.298
1345.3,-0.140528,-112.305
1345.35,-0.140531,-112.312
1345.4,-0.14053,-112.319
1345.45,-0.140526,-112.326
1345.5,-0.140534,-112.333
1345.55,-0.140533,-112.34
1345.6,-0.140544,-112.347
1345.65,-0.140557,-112.354
1345.7,-0.140566,-112.361
1345.75,-0.140565,-112.368
1345.8,-0.140576,-112.375
1345.85,-0.140567,-112.383
1345.9,-0.140574,-112.39
1345.95,-0.140588,-112.397
1346.0,-0.14058,-112.404
1346.05,-0.140575,-112.411
1346.1,-0.140573,-112.418
1346.15,-0.140577,-112.425
1346.2,-0.140597,-112.432
1346.25,-0.140584,-112.439
1346.3,-0.140593,-112.446
1346.35,-0.140597,-112.453
1346.4,-0.140601,-112.46
1346.45,-0.140616,-112.467
1346.5,-0.140626,-112.474
1346.55,-0.140621,-112.481
1346.6,-0.14062,-112.488
1346.65,-0.140631,-112.495
1346.7,-0.140641,-112.502
1346.75,-0.140635,-112.509
1346.8,-0.140637,-112.516
1346.85,-0.140633,-112.523
1346.9,-0.140637,-112.53
1346.95,-0.14064,-112.537
1347.0,-0.140643,-112.544
1347.05,-0.140655,-112.551
1347.1,-0.140663,-112.558
1347.15,-0.140667,-112.565
1347.2,-0.140682,-112.572
1347.25,-0.140688,-112.579
1347.3,-0.140698,-112.586
1347.35,-0.140704,-112.593
1347.4,-0.14072,-112.601
1347.45,-0.140723,-112.608
1347.5,-0.140721,-112.615
1347.55,-0.140731,-112.622
1347.6,-0.140734,-112.629
1347.65,-0.140732,-112.636
1347.7,-0.140756,-112.643
1347.75,-0.140749,-112.65
1347.8,-0.140755,-112.657
1347.85,-0.140756,-112.664
1347.9,-0.140762,-112.671
1347.95,-0.140766,-112.678
1348.0,-0.140775,-112.685
1348.05,-0.140786,-112.692
1348.1,-0.140781,-112.699
1348.15,-0.140783,-112.706
1348.2,-0.140775,-112.713
1348.25,-0.140792,-112.72
1348.3,-0.140808,-112.727
1348.35,-0.140801,-112.734
1348.4,-0.140808,-112.741
1348.45,-0.140822,-112.748
1348.5,-0.140822,-112.755
1348.55,-0.140817,-112.762
1348.6,-0.140829,-112.769
1348.65,-0.140824,-112.776
1348.7,-0.140843,-112.784
1348.75,-0.140846,-112.791
1348.8,-0.140844,-112.798
1348.85,-0.140854,-112.805
1348.9,-0.140861,-112.812
1348.95,-0.140855,-112.819
1349.0,-0.140864,-112.826
1349.05,-0.140874,-112.833
1349.1,-0.140871,-112.84
1349.15,-0.140877,-112.847
1349.2,-0.140875,-112.854
1349.25,-0.140869,-112.861
1349.3,-0.140854,-112.868
1349.35,-0.140862,-112.875
1349.4,-0.140864,-112.882
1349.45,-0.140851,-112.889
1349.5,-0.140869,-112.896
1349.55,-0.140855,-112.903
1349.6,-0.140862,-112.91
1349.65,-0.140884,-112.917
1349.7,-0.140877,-112.924
1349.75,-0.140878,-112.931
1349.8,-0.140883,-112.938
1349.85,-0.14089,-112.946
1349.9,-0.140903,-112.953
1349.95,-0.140911,-112.96
1350.0,-0.140894,-112.967
1350.05,-0.140896,-112.974
1350.1,-0.140892,-112.981
1350.15,-0.1409,-112.988
1350.2,-0.140895,-112.995
1350.25,-0.140895,-113.002
1350.3,-0.140887,-113.009
1350.35,-0.140883,-113.016
1350.4,-0.140888,-113.023
1350.45,-0.140887,-113.03
1350.5,-0.140899,-113.037
1350.55,-0.140907,-113.044
1350.6,-0.14091,-113.051
1350.65,-0.140908,-113.058
1350.7,-0.14088,-113.065
1350.75,-0.140899,-113.072
1350.8,-0.140898,-113.079
1350.85,-0.140891,-113.086
1350.9,-0.14089,-113.093
1350.95,-0.140883,-113.1
1351.0,-0.140879,-113.108
1351.05,-0.140867,-113.115
1351.1,-0.14088,-113.122
1351.15,-0.140879,-113.129
1351.2,-0.140885,-113.136
1351.25,-0.140875,-113.143
1351.3,-0.140889,-113.15
1351.35,-0.140885,-113.157
1351.4,-0.140879,-113.164
1351.45,-0.140895,-113.171
1351.5,-0.140898,-113.178
1351.55,-0.140901,-113.185
1351.6,-0.140903,-113.192
1351.65,-0.140906,-113.199
1351.7,-0.140897,-113.206
1351.75,-0.140891,-113.213
1351.8,-0.140897,-113.22
1351.85,-0.140898,-113.227
1351.9,-0.140894,-113.234
1351.95,-0.140906,-113.241
1352.0,-0.140901,-113.248
1352.05,-0.140899,-113.255
1352.1,-0.140905,-113.263
1352.15,-0.140886,-113.27
1352.2,-0.140917,-113.277
1352.25,-0.140928,-113.284
1352.3,-0.140924,-113.291
1352.35,-0.140925,-113.298
1352.4,-0.140906,-113.305
1352.45,-0.140901,-113.312
1352.5,-0.140925,-113.319
1352.55,-0.140928,-113.326
1352.6,-0.140949,-113.333
1352.65,-0.140947,-113.34
1352.7,-0.140947,-113.347
1352.75,-0.140954,-113.354
1352.8,-0.140952,-113.361
1352.85,-0.140947,-113.368
1352.9,-0.140964,-113.375
1352.95,-0.140961,-113.382
1353.0,-0.140961,-113.389
1353.05,-0.140976,-113.396
1353.1,-0.140969,-113.403
1353.15,-0.140977,-113.411
1353.2,-0.14097,-113.418
1353.25,-0.140964,-113.425
1353.3,-0.140979,-113.432
1353.35,-0.140989,-113.439
1353.4,-0.140986,-113.446
1353.45,-0.140979,-113.453
1353.5,-0.140977,-113.46
1353.55,-0.140982,-113.467
1353.6,-0.140974,-113.474
1353.65,-0.140983,-113.481
1353.7,-0.140991,-113.488
1353.75,-0.140997,-113.495
1353.8,-0.140985,-113.502
1353.85,-0.140981,-113.509
1353.9,-0.140983,-113.516
1353.95,-0.140989,-113.523
1354.0,-0.140995,-113.53
1354.05,-0.140995,-113.537
1354.1,-0.140994,-113.544
1354.15,-0.140986,-113.551
1354.2,-0.140993,-113.559
1354.25,-0.140974,-113.566
1354.3,-0.140967,-113.573
1354.35,-0.14099,-113.58
1354.4,-0.14098,-113.587
1354.45,-0.140984,-113.594
1354.5,-0.140988,-113.601
1354.55,-0.140998,-113.608
1354.6,-0.141,-113.615
1354.65,-0.141008,-113.622
1354.7,-0.141015,-113.629
1354.75,-0.141024,-113.636
1354.8,-0.141047,-113.643
1354.85,-0.141048,-113.65
1354.9,-0.141061,-113.657
1354.95,-0.141053,-113.664
1355.0,-0.14105,-113.671
1355.05,-0.141073,-113.678
1355.1,-0.141064,-113.685
1355.15,-0.141088,-113.693
1355.2,-0.141077,-113.7
1355.25,-0.141078,-113.707
1355.3,-0.141081,-113.714
1355.35,-0.141088,-113.721
1355.4,-0.141088,-113.728
1355.45,-0.141093,-113.735
1355.5,-0.141076,-113.742
1355.55,-0.141083,-113.749
1355.6,-0.141081,-113.756
1355.65,-0.141084,-113.763
1355.7,-0.141071,-113.77
1355.75,-0.14108,-113.777
1355.8,-0.141086,-113.784
1355.85,-0.141093,-113.791
1355.9,-0.141086,-113.798
1355.95,-0.141095,-113.805
1356.0,-0.141088,-113.812
1356.05,-0.141086,-113.819
1356.1,-0.141089,-113.827
1356.15,-0.141096,-113.834
1356.2,-0.14109,-113.841
1356.25,-0.14109,-113.848
1356.3,-0.141093,-113.855
1356.35,-0.141086,-113.862
1356.4,-0.141106,-113.869
1356.45,-0.141098,-113.876
1356.5,-0.141096,-113.883
1356.55,-0.141093,-113.89
1356.6,-0.141099,-113.897
1356.65,-0.141096,-113.904
1356.7,-0.141091,-113.911
1356.75,-0.141106,-113.918
1356.8,-0.141106,-113.925
1356.85,-0.141103,-113.932
1356.9,-0.141106,-113.939
1356.95,-0.141104,-113.946
1357.0,-0.141106,-113.954
1357.05,-0.141108,-113.961
1357.1,-0.141102,-113.968
1357.15,-0.141108,-113.975
1357.2,-0.141115,-113.982
1357.25,-0.141122,-113.989
1357.3,-0.141117,-113.996
1357.35,-0.141135,-114.003
1357.4,-0.141136,-114.01
1357.45,-0.141135,-114.017
1357.5,-0.141149,-114.024
1357.55,-0.141149,-114.031
1357.6,-0.141154,-114.038
1357.65,-0.141161,-114.045
1357.7,-0.141146,-114.052
1357.75,-0.141168,-114.059
1357.8,-0.141165,-114.066
1357.85,-0.141197,-114.074
1357.9,-0.141219,-114.081
1357.95,-0.141221,-114.088
1358.0,-0.141225,-114.095
1358.05,-0.141229,-114.102
1358.1,-0.141252,-114.109
1358.15,-0.14127,-114.116
1358.2,-0.141287,-114.123
1358.25,-0.141292,-114.13
1358.3,-0.141278,-114.137
1358.35,-0.141308,-114.144
1358.4,-0.141302,-114.151
1358.45,-0.141313,-114.158
1358.5,-0.141302,-114.165
1358.55,-0.1413,-114.172
1358.6,-0.141306,-114.179
1358.65,-0.141321,-114.187
1358.7,-0.141319,-114.194
1358.75,-0.141308,-114.201
1358.8,-0.141304,-114.208
1358.85,-0.14131,-114.215
1358.9,-0.141309,-114.222
1358.95,-0.141301,-114.229
1359.0,-0.141312,-114.236
1359.05,-0.141304,-114.243
1359.1,-0.141298,-114.25
1359.15,-0.141294,-114.257
1359.2,-0.1413,-114.264
1359.25,-0.141314,-114.271
1359.3,-0.141304,-114.278
1359.35,-0.141312,-114.285
1359.4,-0.141349,-114.293
1359.45,-0.141369,-114.3
1359.5,-0.141368,-114.307
1359.55,-0.141375,-114.314
1359.6,-0.141366,-114.321
1359.65,-0.141366,-114.328
1359.7,-0.141359,-114.335
1359.75,-0.141363,-114.342
1359.8,-0.141376,-114.349
1359.85,-0.141367,-114.356
1359.9,-0.14138,-114.363
1359.95,-0.141379,-114.37
1360.0,-0.141377,-114.377
1360.05,-0.141385,-114.384
1360.1,-0.141386,-114.391
1360.15,-0.141384,-114.399
1360.2,-0.141395,-114.406
1360.25,-0.141406,-114.413
1360.3,-0.141417,-114.42
1360.35,-0.141431,-114.427
1360.4,-0.141435,-114.434
1360.45,-0.141433,-114.441
1360.5,-0.141435,-114.448
1360.55,-0.141436,-114.455
1360.6,-0.141439,-114.462
1360.65,-0.141443,-114.469
1360.7,-0.141441,-114.476
1360.75,-0.141449,-114.483
1360.8,-0.141451,-114.49
1360.85,-0.141452,-114.498
1360.9,-0.141446,-114.505
1360.95,-0.14145,-114.512
1361.0,-0.141457,-114.519
1361.05,-0.14145,-114.526
1361.1,-0.14145,-114.533
1361.15,-0.141459,-114.54
1361.2,-0.141456,-114.547
1361.25,-0.141449,-114.554
1361.3,-0.141449,-114.561
1361.35,-0.141464,-114.568
1361.4,-0.141459,-114.575
1361.45,-0.141458,-114.582
1361.5,-0.141456,-114.589
1361.55,-0.141459,-114.597
1361.6,-0.141457,-114.604
1361.65,-0.141457,-114.611
1361.7,-0.141459,-114.618
1361.75,-0.141464,-114.625
1361.8,-0.141468,-114.632
1361.85,-0.141469,-114.639
1361.9,-0.141471,-114.646
1361.95,-0.141474,-114.653
1362.0,-0.141473,-114.66
1362.05,-0.141484,-114.667
1362.1,-0.14148,-114.674
1362.15,-0.141487,-114.681
1362.2,-0.141481,-114.689
1362.25,-0.14148,-114.696
1362.3,-0.141483,-114.703
1362.35,-0.141482,-114.71
1362.4,-0.141476,-114.717
1362.45,-0.141489,-114.724
1362.5,-0.141483,-114.731
1362.55,-0.141482,-114.738
1362.6,-0.141478,-114.745
1362.65,-0.141486,-114.752
1362.7,-0.141489,-114.759
1362.75,-0.141488,-114.766
1362.8,-0.141496,-114.773
1362.85,-0.141504,-114.78
1362.9,-0.141512,-114.788
1362.95,-0.1415,-114.795
1363.0,-0.141503,-114.802
1363.05,-0.141509,-114.809
1363.1,-0.141514,-114.816
1363.15,-0.141513,-114.823
1363.2,-0.14152,-114.83
1363.25,-0.141522,-114.837
1363.3,-0.141518,-114.844
1363.35,-0.141524,-114.851
1363.4,-0.141511,-114.858
1363.45,-0.141519,-114.865
1363.5,-0.141526,-114.872
1363.55,-0.14153,-114.88
1363.6,-0.14153,-114.887
1363.65,-0.141524,-114.894
1363.7,-0.141539,-114.901
1363.75,-0.141532,-114.908
1363.8,-0.141544,-114.915
1363.85,-0.141553,-114.922
1363.9,-0.141558,-114.929
1363.95,-0.141543,-114.936
1364.0,-0.141529,-114.943
1364.05,-0.14154,-114.95
1364.1,-0.141543,-114.957
1364.15,-0.141549,-114.964
1364.2,-0.141557,-114.972
1364.25,-0.141561,-114.979
1364.3,-0.141549,-114.986
1364.35,-0.14156,-114.993
1364.4,-0.141548,-115.0
1364.45,-0.141534,-115.007
1364.5,-0.141561,-115.014
1364.55,-0.141565,-115.021
1364.6,-0.141565,-115.028
1364.65,-0.141571,-115.035
1364.7,-0.141558,-115.042
1364.75,-0.141566,-115.049
1364.8,-0.141557,-115.056
1364.85,-0.141568,-115.064
1364.9,-0.141556,-115.071
1364.95,-0.141567,-115.078
1365.0,-0.141562,-115.085
1365.05,-0.141563,-115.092
1365.1,-0.141558,-115.099
1365.15,-0.14156,-115.106
1365.2,-0.141578,-115.113
1365.25,-0.141564,-115.12
1365.3,-0.141581,-115.127
1365.35,-0.141566,-115.134
1365.4,-0.141565,-115.141
1365.45,-0.141571,-115.148
1365.5,-0.141581,-115.156
1365.55,-0.141574,-115.163
1365.6,-0.14158,-115.17
1365.65,-0.141569,-115.177
1365.7,-0.141573,-115.184
1365.75,-0.141572,-115.191
1365.8,-0.141572,-115.198
1365.85,-0.141582,-115.205
1365.9,-0.141582,-115.212
1365.95,-0.141595,-115.219
1366.0,-0.141605,-115.226
1366.05,-0.141601,-115.233
1366.1,-0.141603,-115.241
1366.15,-0.141623,-115.248
1366.2,-0.141631,-115.255
1366.25,-0.141651,-115.262
1366.3,-0.141653,-115.269
1366.35,-0.141649,-115.276
1366.4,-0.141658,-115.283
1366.45,-0.141641,-115.29
1366.5,-0.14165,-115.297
1366.55,-0.141656,-115.304
1366.6,-0.141676,-115.311
1366.65,-0.141687,-115.318
1366.7,-0.141694,-115.326
1366.75,-0.1417,-115.333
1366.8,-0.141707,-115.34
1366.85,-0.141715,-115.347
1366.9,-0.14173,-115.354
1366.95,-0.141754,-115.361
1367.0,-0.14175,-115.368
1367.05,-0.141759,-115.375
1367.1,-0.141756,-115.382
1367.15,-0.141756,-115.389
1367.2,-0.141759,-115.396
1367.25,-0.141762,-115.403
1367.3,-0.141767,-115.411
1367.35,-0.14178,-115.418
1367.4,-0.141781,-115.425
1367.45,-0.141781,-115.432
1367.5,-0.141784,-115.439
1367.55,-0.141794,-115.446
1367.6,-0.141803,-115.453
1367.65,-0.141818,-115.46
1367.7,-0.141818,-115.467
1367.75,-0.141817,-115.474
1367.8,-0.141793,-115.481
1367.85,-0.14179,-115.489
1367.9,-0.141793,-115.496
1367.95,-0.141797,-115.503
1368.0,-0.141795,-115.51
1368.05,-0.141819,-115.517
1368.1,-0.141825,-115.524
1368.15,-0.141828,-115.531
1368.2,-0.141827,-115.538
1368.25,-0.141825,-115.545
1368.3,-0.141828,-115.552
1368.35,-0.141836,-115.559
1368.4,-0.141817,-115.567
1368.45,-0.141851,-115.574
1368.5,-0.14184,-115.581
1368.55,-0.141842,-115.588
1368.6,-0.14185,-115.595
1368.65,-0.14185,-115.602
1368.7,-0.141856,-115.609
1368.75,-0.141846,-115.616
1368.8,-0.141846,-115.623
1368.85,-0.141858,-115.63
1368.9,-0.141846,-115.637
1368.95,-0.14185,-115.645
1369.0,-0.141856,-115.652
1369.05,-0.141859,-115.659
1369.1,-0.141856,-115.666
1369.15,-0.141868,-115.673
1369.2,-0.141856,-115.68
1369.25,-0.141858,-115.687
1369.3,-0.141858,-115.694
1369.35,-0.141866,-115.701
1369.4,-0.141864,-115.708
1369.45,-0.14188,-115.715
1369.5,-0.141885,-115.723
1369.55,-0.141883,-115.73
1369.6,-0.141864,-115.737
1369.65,-0.141873,-115.744
1369.7,-0.141883,-115.751
1369.75,-0.141885,-115.758
1369.8,-0.141889,-115.765
1369.85,-0.141895,-115.772
1369.9,-0.141893,-115.779
1369.95,-0.141904,-115.786
1370.0,-0.141897,-115.794
1370.05,-0.141897,-115.801
1370.1,-0.141911,-115.808
1370.15,-0.141933,-115.815
1370.2,-0.141928,-115.822
1370.25,-0.141929,-115.829
1370.3,-0.141928,-115.836
1370.35,-0.141932,-115.843
1370.4,-0.141933,-115.85
1370.45,-0.141947,-115.857
1370.5,-0.141949,-115.864
1370.55,-0.141953,-115.872
1370.6,-0.141968,-115.879
1370.65,-0.141965,-115.886
1370.7,-0.141985,-115.893
1370.75,-0.141993,-115.9
1370.8,-0.142011,-115.907
1370.85,-0.142012,-115.914
1370.9,-0.14202,-115.921
1370.95,-0.142012,-115.928
1371.0,-0.142022,-115.935
1371.05,-0.142043,-115.943
1371.1,-0.142047,-115.95
1371.15,-0.142054,-115.957
1371.2,-0.142058,-115.964
1371.25,-0.142087,-115.971
1371.3,-0.142074,-115.978
1371.35,-0.142085,-115.985
1371.4,-0.142092,-115.992
1371.45,-0.142108,-115.999
1371.5,-0.142118,-116.007
1371.55,-0.142119,-116.014
1371.6,-0.14214,-116.021
1371.65,-0.142136,-116.028
1371.7,-0.142142,-116.035
1371.75,-0.14215,-116.042
1371.8,-0.142156,-116.049
1371.85,-0.142144,-116.056
1371.9,-0.142158,-116.063
1371.95,-0.142161,-116.07
1372.0,-0.142158,-116.078
1372.05,-0.142165,-116.085
1372.1,-0.142175,-116.092
1372.15,-0.142168,-116.099
1372.2,-0.142178,-116.106
1372.25,-0.142175,-116.113
1372.3,-0.142174,-116.12
1372.35,-0.142177,-116.127
1372.4,-0.142167,-116.134
1372.45,-0.142172,-116.142
1372.5,-0.142178,-116.149
1372.55,-0.142189,-116.156
1372.6,-0.1422,-116.163
1372.65,-0.142196,-116.17
1372.7,-0.142198,-116.177
1372.75,-0.142203,-116.184
1372.8,-0.142204,-116.191
1372.85,-0.142203,-116.198
1372.9,-0.142206,-116.206
1372.95,-0.142217,-116.213
1373.0,-0.14223,-116.22
1373.05,-0.14223,-116.227
1373.1,-0.142241,-116.234
1373.15,-0.142237,-116.241
1373.2,-0.142245,-116.248
1373.25,-0.142245,-116.255
1373.3,-0.142272,-116.262
1373.35,-0.142285,-116.27
1373.4,-0.142278,-116.277
1373.45,-0.142302,-116.284
1373.5,-0.142314,-116.291
1373.55,-0.142311,-116.298
1373.6,-0.14232,-116.305
1373.65,-0.142333,-116.312
1373.7,-0.142317,-116.319
1373.75,-0.14233,-116.327
1373.8,-0.142338,-116.334
1373.85,-0.142338,-116.341
1373.9,-0.142363,-116.348
1373.95,-0.142368,-116.355
1374.0,-0.14237,-116.362
1374.05,-0.142379,-116.369
1374.1,-0.142374,-116.376
1374.15,-0.142367,-116.383
1374.2,-0.142377,-116.391
1374.25,-0.142391,-116.398
1374.3,-0.142395,-116.405
1374.35,-0.142404,-116.412
1374.4,-0.1424,-116.419
1374.45,-0.142404,-116.426
1374.5,-0.142413,-116.433
1374.55,-0.142411,-116.44
1374.6,-0.142433,-116.448
1374.65,-0.142413,-116.455
1374.7,-0.142437,-116.462
1374.75,-0.14246,-116.469
1374.8,-0.142448,-116.476
1374.85,-0.142461,-116.483
1374.9,-0.142465,-116.49
1374.95,-0.142463,-116.497
1375.0,-0.142454,-116.505
1375.05,-0.142453,-116.512
1375.1,-0.14246,-116.519
1375.15,-0.142441,-116.526
1375.2,-0.142464,-116.533
1375.25,-0.142485,-116.54
1375.3,-0.142486,-116.547
1375.35,-0.142486,-116.554
1375.4,-0.142489,-116.562
1375.45,-0.142464,-116.569
1375.5,-0.142468,-116.576
1375.55,-0.142477,-116.583
1375.6,-0.142482,-116.59
1375.65,-0.142493,-116.597
1375.7,-0.142499,-116.604
1375.75,-0.142515,-116.611
1375.8,-0.142509,-116.618
1375.85,-0.14251,-116.626
1375.9,-0.142514,-116.633
1375.95,-0.142516,-116.64
1376.0,-0.142513,-116.647
1376.05,-0.142529,-116.654
1376.1,-0.142536,-116.661
1376.15,-0.142542,-116.668
1376.2,-0.142537,-116.676
1376.25,-0.142545,-116.683
1376.3,-0.142544,-116.69
1376.35,-0.142558,-116.697
1376.4,-0.142566,-116.704
1376.45,-0.142564,-116.711
1376.5,-0.142566,-116.718
1376.55,-0.142571,-116.725
1376.6,-0.142576,-116.733
1376.65,-0.142685,-116.74
1376.7,-0.142678,-116.747
1376.75,-0.142705,-116.754
1376.8,-0.142697,-116.761
1376.85,-0.142696,-116.768
1376.9,-0.142701,-116.775
1376.95,-0.142692,-116.782
1377.0,-0.142688,-116.79
1377.05,-0.142689,-116.797
1377.1,-0.142692,-116.804
1377.15,-0.1427,-116.811
1377.2,-0.142706,-116.818
1377.25,-0.142697,-116.825
1377.3,-0.142702,-116.832
1377.35,-0.142706,-116.84
1377.4,-0.1427,-116.847
1377.45,-0.142697,-116.854
1377.5,-0.142707,-116.861
1377.55,-0.14272,-116.868
1377.6,-0.142712,-116.875
1377.65,-0.142715,-116.882
1377.7,-0.142722,-116.89
1377.75,-0.142734,-116.897
1377.8,-0.142727,-116.904
1377.85,-0.142722,-116.911
1377.9,-0.142724,-116.918
1377.95,-0.142722,-116.925
1378.0,-0.142732,-116.932
1378.05,-0.142734,-116.939
1378.1,-0.142731,-116.947
1378.15,-0.142736,-116.954
1378.2,-0.14274,-116.961
1378.25,-0.142745,-116.968
1378.3,-0.142747,-116.975
1378.35,-0.142747,-116.982
1378.4,-0.142744,-116.989
1378.45,-0.142758,-116.997
1378.5,-0.142756,-117.004
1378.55,-0.142752,-117.011
1378.6,-0.142751,-117.018
1378.65,-0.142739,-117.025
1378.7,-0.142733,-117.032
1378.75,-0.142728,-117.039
1378.8,-0.142729,-117.047
1378.85,-0.142739,-117.054
1378.9,-0.142756,-117.061
1378.95,-0.142751,-117.068
1379.0,-0.142755,-117.075
1379.05,-0.142748,-117.082
1379.1,-0.142753,-117.089
1379.15,-0.142769,-117.096
1379.2,-0.142769,-117.104
1379.25,-0.142766,-117.111
1379.3,-0.142777,-117.118
1379.35,-0.142783,-117.125
1379.4,-0.142775,-117.132
1379.45,-0.142782,-117.139
1379.5,-0.142793,-117.146
1379.55,-0.142795,-117.154
1379.6,-0.142806,-117.161
1379.65,-0.142802,-117.168
1379.7,-0.142802,-117.175
1379.75,-0.142797,-117.182
1379.8,-0.14279,-117.189
1379.85,-0.142799,-117.196
1379.9,-0.142804,-117.204
1379.95,-0.142808,-117.211
1380.0,-0.142805,-117.218
1380.05,-0.142812,-117.225
1380.1,-0.142808,-117.232
1380.15,-0.142804,-117.239
1380.2,-0.142827,-117.246
1380.25,-0.14283,-117.254
1380.3,-0.142834,-117.261
1380.35,-0.142818,-117.268
1380.4,-0.142826,-117.275
1380.45,-0.142805,-117.282
1380.5,-0.142822,-117.289
1380.55,-0.142828,-117.296
1380.6,-0.142815,-117.304
1380.65,-0.14282,-117.311
1380.7,-0.142824,-117.318
1380.75,-0.142831,-117.325
1380.8,-0.142818,-117.332
1380.85,-0.14282,-117.339
1380.9,-0.142844,-117.346
1380.95,-0.14285,-117.354
1381.0,-0.142839,-117.361
1381.05,-0.142829,-117.368
1381.1,-0.14284,-117.375
1381.15,-0.14285,-117.382
1381.2,-0.142834,-117.389
1381.25,-0.142837,-117.396
1381.3,-0.142844,-117.404
1381.35,-0.142853,-117.411
1381.4,-0.142845,-117.418
1381.45,-0.142842,-117.425
1381.5,-0.142848,-117.432
1381.55,-0.142848,-117.439
1381.6,-0.142847,-117.446
1381.65,-0.142855,-117.454
1381.7,-0.142856,-117.461
1381.75,-0.142839,-117.468
1381.8,-0.142847,-117.475
1381.85,-0.142843,-117.482
1381.9,-0.142856,-117.489
1381.95,-0.142855,-117.496
1382.0,-0.142851,-117.504
1382.05,-0.142855,-117.511
1382.1,-0.14288,-117.518
1382.15,-0.142886,-117.525
1382.2,-0.14288,-117.532
1382.25,-0.142892,-117.539
1382.3,-0.142875,-117.546
1382.35,-0.142882,-117.554
1382.4,-0.142872,-117.561
1382.45,-0.142884,-117.568
1382.5,-0.142878,-117.575
1382.55,-0.142881,-117.582
1382.6,-0.142875,-117.589
1382.65,-0.14289,-117.596
1382.7,-0.142882,-117.604
1382.75,-0.14289,-117.611
1382.8,-0.142888,-117.618
1382.85,-0.142894,-117.625
1382.9,-0.142899,-117.632
1382.95,-0.142896,-117.639
1383.0,-0.142891,-117.646
1383.05,-0.142894,-117.654
1383.1,-0.142891,-117.661
1383.15,-0.142895,-117.668
1383.2,-0.142888,-117.675
1383.25,-0.142882,-117.682
1383.3,-0.142878,-117.689
1383.35,-0.142875,-117.696
1383.4,-0.142883,-117.704
1383.45,-0.14289,-117.711
1383.5,-0.142878,-117.718
1383.55,-0.142882,-117.725
1383.6,-0.142882,-117.732
1383.65,-0.142877,-117.739
1383.7,-0.142876,-117.746
1383.75,-0.142891,-117.754
1383.8,-0.14289,-117.761
1383.85,-0.142883,-117.768
1383.9,-0.14289,-117.775
1383.95,-0.142909,-117.782
1384.0,-0.142905,-117.789
1384.05,-0.142932,-117.796
1384.1,-0.142958,-117.804
1384.15,-0.142974,-117.811
1384.2,-0.142968,-117.818
1384.25,-0.142961,-117.825
1384.3,-0.142971,-117.832
1384.35,-0.142978,-117.839
1384.4,-0.142974,-117.846
1384.45,-0.142974,-117.854
1384.5,-0.142972,-117.861
1384.55,-0.142986,-117.868
1384.6,-0.14298,-117.875
1384.65,-0.142981,-117.882
1384.7,-0.142992,-117.889
1384.75,-0.142987,-117.897
1384.8,-0.14299,-117.904
1384.85,-0.142981,-117.911
1384.9,-0.142983,-117.918
1384.95,-0.142987,-117.925
1385.0,-0.142982,-117.932
1385.05,-0.142983,-117.939
1385.1,-0.142984,-117.947
1385.15,-0.142983,-117.954
1385.2,-0.14299,-117.961
1385.25,-0.142976,-117.968
1385.3,-0.142984,-117.975
1385.35,-0.142989,-117.982
1385.4,-0.142971,-117.989
1385.45,-0.142991,-117.997
1385.5,-0.142987,-118.004
1385.55,-0.142989,-118.011
1385.6,-0.142977,-118.018
1385.65,-0.142967,-118.025
1385.7,-0.142969,-118.032
1385.75,-0.142963,-118.039
1385.8,-0.142972,-118.047
1385.85,-0.142954,-118.054
1385.9,-0.142959,-118.061
1385.95,-0.142952,-118.068
1386.0,-0.142943,-118.075
1386.05,-0.142931,-118.082
1386.1,-0.142939,-118.09
1386.15,-0.142938,-118.097
1386.2,-0.142945,-118.104
1386.25,-0.142945,-118.111
1386.3,-0.142933,-118.118
1386.35,-0.142931,-118.125
1386.4,-0.142935,-118.132
1386.45,-0.142916,-118.14
1386.5,-0.14292,-118.147
1386.55,-0.142927,-118.154
1386.6,-0.142925,-118.161
1386.65,-0.142928,-118.168
1386.7,-0.142931,-118.175
1386.75,-0.14293,-118.182
1386.8,-0.142932,-118.19
1386.85,-0.142939,-118.197
1386.9,-0.142945,-118.204
1386.95,-0.142947,-118.211
1387.0,-0.142936,-118.218
1387.05,-0.142924,-118.225
1387.1,-0.142939,-118.232
1387.15,-0.142945,-118.24
1387.2,-0.142969,-118.247
1387.25,-0.142958,-118.254
1387.3,-0.142954,-118.261
1387.35,-0.142957,-118.268
1387.4,-0.142953,-118.275
1387.45,-0.142966,-118.283
1387.5,-0.142977,-118.29
1387.55,-0.142987,-118.297
1387.6,-0.142977,-118.304
1387.65,-0.142968,-118.311
1387.7,-0.142981,-118.318
1387.75,-0.142977,-118.325
1387.8,-0.14297,-118.333
1387.85,-0.142987,-118.34
1387.9,-0.142993,-118.347
1387.95,-0.142992,-118.354
1388.0,-0.142986,-118.361
1388.05,-0.142986,-118.368
1388.1,-0.142988,-118.375
1388.15,-0.142979,-118.383
1388.2,-0.142977,-118.39
1388.25,-0.142986,-118.397
1388.3,-0.142993,-118.404
1388.35,-0.142994,-118.411
1388.4,-0.142987,-118.418
1388.45,-0.142996,-118.425
1388.5,-0.142994,-118.433
1388.55,-0.142995,-118.44
1388.6,-0.143016,-118.447
1388.65,-0.143015,-118.454
1388.7,-0.143016,-118.461
1388.75,-0.143005,-118.468
1388.8,-0.143005,-118.476
1388.85,-0.143014,-118.483
1388.9,-0.143017,-118.49
1388.95,-0.143025,-118.497
1389.0,-0.143031,-118.504
1389.05,-0.143037,-118.511
1389.1,-0.143033,-118.518
1389.15,-0.143034,-118.526
1389.2,-0.143025,-118.533
1389.25,-0.143028,-118.54
1389.3,-0.143036,-118.547
1389.35,-0.143037,-118.554
1389.4,-0.143034,-118.561
1389.45,-0.143027,-118.569
1389.5,-0.143043,-118.576
1389.55,-0.143045,-118.583
1389.6,-0.143049,-118.59
1389.65,-0.143062,-118.597
1389.7,-0.14306,-118.604
1389.75,-0.143071,-118.611
1389.8,-0.143079,-118.619
1389.85,-0.143071,-118.626
1389.9,-0.143076,-118.633
1389.95,-0.143082,-118.64
1390.0,-0.143084,-118.647
1390.05,-0.143092,-118.654
1390.1,-0.143089,-118.661
1390.15,-0.143095,-118.669
1390.2,-0.143098,-118.676
1390.25,-0.143093,-118.683
1390.3,-0.143095,-118.69
1390.35,-0.143104,-118.697
1390.4,-0.143121,-118.704
1390.45,-0.143124,-118.712
1390.5,-0.143136,-118.719
1390.55,-0.143135,-118.726
1390.6,-0.143134,-118.733
1390.65,-0.143136,-118.74
1390.7,-0.143142,-118.747
1390.75,-0.143142,-118.755
1390.8,-0.143154,-118.762
1390.85,-0.14315,-118.769
1390.9,-0.143153,-118.776
1390.95,-0.14315,-118.783
1391.0,-0.14314,-118.79
1391.05,-0.143158,-118.797
1391.1,-0.143165,-118.805
1391.15,-0.143177,-118.812
1391.2,-0.143195,-118.819
1391.25,-0.143181,-118.826
1391.3,-0.143199,-118.833
1391.35,-0.143208,-118.84
1391.4,-0.143211,-118.848
1391.45,-0.143201,-118.855
1391.5,-0.1432,-118.862
1391.55,-0.143203,-118.869
1391.6,-0.143198,-118.876
1391.65,-0.143213,-118.883
1391.7,-0.143221,-118.891
1391.75,-0.143236,-118.898
1391.8,-0.143244,-118.905
1391.85,-0.143248,-118.912
1391.9,-0.143244,-118.919
1391.95,-0.143255,-118.926
1392.0,-0.143256,-118.934
1392.05,-0.143271,-118.941
1392.1,-0.143295,-118.948
1392.15,-0.1433,-118.955
1392.2,-0.143311,-118.962
1392.25,-0.143304,-118.969
1392.3,-0.143306,-118.977
1392.35,-0.143322,-118.984
1392.4,-0.143327,-118.991
1392.45,-0.14334,-118.998
1392.5,-0.143319,-119.005
1392.55,-0.143325,-119.012
1392.6,-0.143326,-119.02
1392.65,-0.143336,-119.027
1392.7,-0.143325,-119.034
1392.75,-0.143333,-119.041
1392.8,-0.143331,-119.048
1392.85,-0.143339,-119.055
1392.9,-0.143342,-119.063
1392.95,-0.143345,-119.07
1393.0,-0.143343,-119.077
1393.05,-0.143347,-119.084
1393.1,-0.143344,-119.091
1393.15,-0.14336,-119.098
1393.2,-0.143364,-119.106
1393.25,-0.143366,-119.113
1393.3,-0.143346,-119.12
1393.35,-0.143343,-119.127
1393.4,-0.143356,-119.134
1393.45,-0.143362,-119.141
1393.5,-0.143366,-119.149
1393.55,-0.143359,-119.156
1393.6,-0.143358,-119.163
1393.65,-0.143371,-119.17
1393.7,-0.143361,-119.177
1393.75,-0.143364,-119.184
1393.8,-0.143374,-119.192
1393.85,-0.143371,-119.199
1393.9,-0.14337,-119.206
1393.95,-0.143376,-119.213
1394.0,-0.14337,-119.22
1394.05,-0.143384,-119.227
1394.1,-0.14339,-119.235
1394.15,-0.143387,-119.242
1394.2,-0.143387,-119.249
1394.25,-0.1434,-119.256
1394.3,-0.14341,-119.263
1394.35,-0.143419,-119.27
1394.4,-0.143427,-119.278
1394.45,-0.143443,-119.285
1394.5,-0.143448,-119.292
1394.55,-0.143465,-119.299
1394.6,-0.143491,-119.306
1394.65,-0.143493,-119.313
1394.7,-0.14351,-119.321
1394.75,-0.143481,-119.328
1394.8,-0.143483,-119.335
1394.85,-0.143488,-119.342
1394.9,-0.14349,-119.349
1394.95,-0.143512,-119.356
1395.0,-0.143512,-119.364
1395.05,-0.143519,-119.371
1395.1,-0.143521,-119.378
1395.15,-0.14352,-119.385
1395.2,-0.14352,-119.392
1395.25,-0.143534,-119.4
1395.3,-0.14354,-119.407
1395.35,-0.143556,-119.414
1395.4,-0.143554,-119.421
1395.45,-0.143557,-119.428
1395.5,-0.143557,-119.435
1395.55,-0.143557,-119.443
1395.6,-0.143566,-119.45
1395.65,-0.143574,-119.457
1395.7,-0.143576,-119.464
1395.75,-0.143579,-119.471
1395.8,-0.143583,-119.479
1395.85,-0.143599,-119.486
1395.9,-0.143606,-119.493
1395.95,-0.143605,-119.5
1396.0,-0.143601,-119.507
1396.05,-0.143603,-119.514
1396.1,-0.143611,-119.522
1396.15,-0.143602,-119.529
1396.2,-0.143605,-119.536
1396.25,-0.143612,-119.543
1396.3,-0.143614,-119.55
1396.35,-0.143608,-119.557
1396.4,-0.143613,-119.565
1396.45,-0.14361,-119.572
1396.5,-0.143603,-119.579
1396.55,-0.143608,-119.586
1396.6,-0.143606,-119.593
1396.65,-0.143634,-119.601
1396.7,-0.143636,-119.608
1396.75,-0.143624,-119.615
1396.8,-0.143634,-119.622
1396.85,-0.143616,-119.629
1396.9,-0.143621,-119.636
1396.95,-0.143624,-119.644
1397.0,-0.143633,-119.651
1397.05,-0.143627,-119.658
1397.1,-0.143629,-119.665
1397.15,-0.143638,-119.672
1397.2,-0.143622,-119.68
1397.25,-0.143639,-119.687
1397.3,-0.143641,-119.694
1397.35,-0.143653,-119.701
1397.4,-0.143652,-119.708
1397.45,-0.143657,-119.715
1397.5,-0.143668,-119.723
1397.55,-0.143688,-119.73
1397.6,-0.143686,-119.737
1397.65,-0.143694,-119.744
1397.7,-0.143692,-119.751
1397.75,-0.143725,-119.759
1397.8,-0.14373,-119.766
1397.85,-0.143745,-119.773
1397.9,-0.143755,-119.78
1397.95,-0.143751,-119.787
1398.0,-0.143753,-119.795
1398.05,-0.14376,-119.802
1398.1,-0.143767,-119.809
1398.15,-0.143776,-119.816
1398.2,-0.143785,-119.823
1398.25,-0.143772,-119.83
1398.3,-0.14378,-119.838
1398.35,-0.143791,-119.845
1398.4,-0.143807,-119.852
1398.45,-0.143798,-119.859
1398.5,-0.143801,-119.866
1398.55,-0.143799,-119.874
1398.6,-0.143818,-119.881
1398.65,-0.14381,-119.888
1398.7,-0.143831,-119.895
1398.75,-0.143844,-119.902
1398.8,-0.143846,-119.91
1398.85,-0.143848,-119.917
1398.9,-0.143847,-119.924
1398.95,-0.143861,-119.931
1399.0,-0.143864,-119.938
1399.05,-0.143869,-119.946
1399.1,-0.143869,-119.953
1399.15,-0.143896,-119.96
1399.2,-0.143905,-119.967
1399.25,-0.143915,-119.974
1399.3,-0.14392,-119.981
1399.35,-0.143938,-119.989
1399.4,-0.143951,-119.996
1399.45,-0.143964,-120.003
1399.5,-0.14397,-120.01
1399.55,-0.143983,-120.017
