CCStrip-at Ep-120C,VSTEP1,-1.395,TSTEP1,600.0,QLIMIT,120000.0
T,Im,Q
0.0,3.2782,0.16391
0.05,0.440248,0.185923
0.1,0.474437,0.209644
0.15,0.493682,0.234328
0.2,0.50182,0.259419
0.25,0.505316,0.284685
0.3,0.506272,0.309999
0.35,0.506052,0.335301
0.4,0.505302,0.360567
0.45,0.504288,0.385781
0.5,0.503177,0.41094
0.55,0.501997,0.43604
0.6,0.500804,0.46108
0.65,0.499587,0.486059
0.7,0.498421,0.51098
0.75,0.497245,0.535842
0.8,0.496107,0.560648
0.85,0.495003,0.585398
0.9,0.493914,0.610094
0.95,0.492863,0.634737
1.0,0.491862,0.65933
1.05,0.49088,0.683874
1.1,0.489939,0.708371
1.15,0.489039,0.732823
1.2,0.488145,0.75723
1.25,0.487273,0.781594
1.3,0.486453,0.805916
1.35,0.485654,0.830199
1.4,0.484823,0.85444
1.45,0.484065,0.878643
1.5,0.483289,0.902808
1.55,0.482536,0.926935
1.6,0.481811,0.951025
1.65,0.481088,0.97508
1.7,0.480417,0.9991
1.75,0.4798,1.02309
1.8,0.479143,1.04705
1.85,0.4785,1.07097
1.9,0.477887,1.09487
1.95,0.477272,1.11873
2.0,0.476688,1.14256
2.05,0.476102,1.16637
2.1,0.475514,1.19015
2.15,0.474948,1.21389
2.2,0.474371,1.23761
2.25,0.473832,1.2613
2.3,0.473294,1.28497
2.35,0.472763,1.30861
2.4,0.472233,1.33222
2.45,0.471743,1.3558
2.5,0.471237,1.37937
2.55,0.470728,1.4029
2.6,0.470264,1.42642
2.65,0.46977,1.4499
2.7,0.469309,1.47337
2.75,0.468847,1.49681
2.8,0.468395,1.52023
2.85,0.467954,1.54363
2.9,0.467501,1.56701
2.95,0.467077,1.59036
3.0,0.466651,1.61369
3.05,0.466212,1.637
3.1,0.465793,1.66029
3.15,0.465399,1.68356
3.2,0.464989,1.70681
3.25,0.46458,1.73004
3.3,0.464185,1.75325
3.35,0.463792,1.77644
3.4,0.463404,1.79961
3.45,0.463041,1.82276
3.5,0.462649,1.84589
3.55,0.462293,1.86901
3.6,0.461912,1.8921
3.65,0.461541,1.91518
3.7,0.461176,1.93824
3.75,0.460861,1.96128
3.8,0.460539,1.98431
3.85,0.460184,2.00732
3.9,0.459836,2.03031
3.95,0.459477,2.05328
4.0,0.459144,2.07624
4.05,0.458819,2.09918
4.1,0.45849,2.12211
4.15,0.458166,2.14502
4.2,0.457834,2.16791
4.25,0.457534,2.19078
4.3,0.457229,2.21365
4.35,0.45693,2.23649
4.4,0.456624,2.25932
4.45,0.456298,2.28214
4.5,0.455994,2.30494
4.55,0.455708,2.32772
4.6,0.455414,2.35049
4.65,0.455129,2.37325
4.7,0.454841,2.39599
4.75,0.454549,2.41872
4.8,0.454285,2.44143
4.85,0.454017,2.46413
4.9,0.453753,2.48682
4.95,0.453481,2.5095
5.0,0.453227,2.53216
5.05,0.452945,2.55481
5.1,0.452697,2.57744
5.15,0.452448,2.60006
5.2,0.452187,2.62267
5.25,0.451935,2.64527
5.3,0.45169,2.66785
5.35,0.451443,2.69043
5.4,0.451195,2.71299
5.45,0.450962,2.73553
5.5,0.450713,2.75807
5.55,0.450488,2.78059
5.6,0.450266,2.80311
5.65,0.45004,2.82561
5.7,0.449815,2.8481
5.75,0.449586,2.87058
5.8,0.449361,2.89305
5.85,0.449155,2.9155
5.9,0.448944,2.93795
5.95,0.448726,2.96039
6.0,0.448521,2.98281
6.05,0.448312,3.00523
6.1,0.448101,3.02763
6.15,0.447927,3.05003
6.2,0.447704,3.07242
6.25,0.447527,3.09479
6.3,0.447342,3.11716
6.35,0.447138,3.13952
6.4,0.446932,3.16186
6.45,0.44676,3.1842
6.5,0.446551,3.20653
6.55,0.446412,3.22885
6.6,0.446228,3.25116
6.65,0.446064,3.27346
6.7,0.445888,3.29576
6.75,0.445724,3.31804
6.8,0.445548,3.34032
6.85,0.445384,3.36259
6.9,0.445231,3.38485
6.95,0.445063,3.40711
7.0,0.444893,3.42935
7.05,0.444753,3.45159
7.1,0.444629,3.47382
7.15,0.444455,3.49604
7.2,0.444284,3.51826
7.25,0.444196,3.54047
7.3,0.444081,3.56267
7.35,0.443946,3.58487
7.4,0.443803,3.60706
7.45,0.443672,3.62924
7.5,0.443543,3.65142
7.55,0.443395,3.67359
7.6,0.443272,3.69575
7.65,0.44316,3.71791
7.7,0.44303,3.74006
7.75,0.442916,3.76221
7.8,0.4428,3.78435
7.85,0.442875,3.80649
7.9,0.442893,3.82864
7.95,0.442824,3.85078
8.0,0.442737,3.87291
8.05,0.442655,3.89505
8.1,0.442564,3.91717
8.15,0.442476,3.9393
8.2,0.442409,3.96142
8.25,0.442307,3.98353
8.3,0.442217,4.00564
8.35,0.442129,4.02775
8.4,0.442045,4.04985
8.45,0.441974,4.07195
8.5,0.441902,4.09405
8.55,0.441796,4.11614
8.6,0.44173,4.13822
8.65,0.441674,4.16031
8.7,0.441609,4.18239
8.75,0.441546,4.20447
8.8,0.441489,4.22654
8.85,0.441413,4.24861
8.9,0.441341,4.27068
8.95,0.44128,4.29274
9.0,0.441221,4.3148
9.05,0.441157,4.33686
9.1,0.441104,4.35892
9.15,0.44103,4.38097
9.2,0.440974,4.40302
9.25,0.440926,4.42506
9.3,0.440864,4.4471
9.35,0.440837,4.46915
9.4,0.440804,4.49119
9.45,0.440767,4.51323
9.5,0.440746,4.53526
9.55,0.440705,4.5573
9.6,0.440675,4.57933
9.65,0.44063,4.60136
9.7,0.440603,4.62339
9.75,0.440571,4.64542
9.8,0.440539,4.66745
9.85,0.440524,4.68948
9.9,0.440501,4.7115
9.95,0.440576,4.73353
10.0,0.440606,4.75556
10.05,0.440593,4.77759
10.1,0.440575,4.79962
10.15,0.440582,4.82165
10.2,0.440579,4.84368
10.25,0.440582,4.86571
10.3,0.440571,4.88773
10.35,0.440556,4.90976
10.4,0.440553,4.93179
10.45,0.440554,4.95382
10.5,0.44054,4.97584
10.55,0.440549,4.99787
10.6,0.440548,5.0199
10.65,0.440542,5.04193
10.7,0.440523,5.06395
10.75,0.440519,5.08598
10.8,0.440526,5.108
10.85,0.440513,5.13003
10.9,0.440513,5.15206
10.95,0.440502,5.17408
11.0,0.440509,5.19611
11.05,0.440487,5.21813
11.1,0.440504,5.24016
11.15,0.440499,5.26218
11.2,0.440505,5.28421
11.25,0.440511,5.30623
11.3,0.440535,5.32826
11.35,0.440546,5.35029
11.4,0.440566,5.37231
11.45,0.440578,5.39434
11.5,0.440581,5.41637
11.55,0.440619,5.4384
11.6,0.440632,5.46043
11.65,0.440632,5.48247
11.7,0.440655,5.5045
11.75,0.440653,5.52653
11.8,0.440667,5.54856
11.85,0.440668,5.5706
11.9,0.440676,5.59263
11.95,0.440694,5.61467
12.0,0.44068,5.6367
12.05,0.440709,5.65874
12.1,0.440701,5.68077
12.15,0.440719,5.70281
12.2,0.440735,5.72484
12.25,0.440745,5.74688
12.3,0.440756,5.76892
12.35,0.440774,5.79096
12.4,0.440787,5.813
12.45,0.440812,5.83504
12.5,0.440823,5.85708
12.55,0.440832,5.87912
12.6,0.440853,5.90116
12.65,0.44089,5.92321
12.7,0.440902,5.94525
12.75,0.440908,5.9673
12.8,0.440923,5.98934
12.85,0.440943,6.01139
12.9,0.440949,6.03344
12.95,0.440969,6.05549
13.0,0.441,6.07754
13.05,0.441017,6.09959
13.1,0.441043,6.12164
13.15,0.441054,6.14369
13.2,0.441079,6.16575
13.25,0.441098,6.1878
13.3,0.441114,6.20986
13.35,0.441134,6.23191
13.4,0.441154,6.25397
13.45,0.441165,6.27603
13.5,0.441172,6.29809
13.55,0.441183,6.32015
13.6,0.441211,6.34221
13.65,0.441218,6.36427
13.7,0.441223,6.38633
13.75,0.441237,6.40839
13.8,0.44125,6.43045
13.85,0.441268,6.45252
13.9,0.441281,6.47458
13.95,0.441291,6.49665
14.0,0.441327,6.51871
14.05,0.44134,6.54078
14.1,0.441556,6.56286
14.15,0.441652,6.58494
14.2,0.441669,6.60702
14.25,0.441711,6.62911
14.3,0.441749,6.6512
14.35,0.441778,6.67329
14.4,0.441801,6.69538
14.45,0.441825,6.71747
14.5,0.441837,6.73956
14.55,0.441855,6.76165
14.6,0.44187,6.78374
14.65,0.441876,6.80584
14.7,0.441884,6.82793
14.75,0.441899,6.85003
14.8,0.441907,6.87212
14.85,0.44191,6.89422
14.9,0.441903,6.91631
14.95,0.4419,6.93841
15.0,0.44191,6.9605
15.05,0.441926,6.9826
15.1,0.441933,7.0047
15.15,0.441949,7.02679
15.2,0.441959,7.04889
15.25,0.441944,7.07099
15.3,0.44195,7.09309
15.35,0.441958,7.11519
15.4,0.441956,7.13728
15.45,0.441924,7.15938
15.5,0.441921,7.18148
15.55,0.441922,7.20357
15.6,0.441923,7.22567
15.65,0.44192,7.24776
15.7,0.441905,7.26986
15.75,0.441893,7.29195
15.8,0.441908,7.31405
15.85,0.441875,7.33614
15.9,0.441894,7.35824
15.95,0.441905,7.38033
16.0,0.441888,7.40243
16.05,0.441883,7.42452
16.1,0.441879,7.44662
16.15,0.441844,7.46871
16.2,0.441849,7.4908
16.25,0.441834,7.51289
16.3,0.441824,7.53498
16.35,0.441831,7.55707
16.4,0.441822,7.57917
16.45,0.441813,7.60126
16.5,0.44179,7.62335
16.55,0.441763,7.64543
16.6,0.441763,7.66752
16.65,0.441745,7.68961
16.7,0.44175,7.7117
16.75,0.441737,7.73378
16.8,0.441712,7.75587
16.85,0.441713,7.77795
16.9,0.441703,7.80004
16.95,0.4417,7.82212
17.0,0.441674,7.84421
17.05,0.441666,7.86629
17.1,0.441663,7.88837
17.15,0.441653,7.91046
17.2,0.441637,7.93254
17.25,0.441625,7.95462
17.3,0.441617,7.9767
17.35,0.441631,7.99878
17.4,0.441634,8.02086
17.45,0.441619,8.04295
17.5,0.441595,8.06503
17.55,0.441602,8.08711
17.6,0.441577,8.10918
17.65,0.441574,8.13126
17.7,0.441562,8.15334
17.75,0.441558,8.17542
17.8,0.441544,8.1975
17.85,0.441529,8.21957
17.9,0.441528,8.24165
17.95,0.441533,8.26373
18.0,0.441516,8.2858
18.05,0.441504,8.30788
18.1,0.441499,8.32995
18.15,0.441469,8.35203
18.2,0.441467,8.3741
18.25,0.441463,8.39617
18.3,0.44145,8.41824
18.35,0.441431,8.44032
18.4,0.441414,8.46239
18.45,0.441403,8.48446
18.5,0.441388,8.50653
18.55,0.441383,8.52859
18.6,0.441371,8.55066
18.65,0.441362,8.57273
18.7,0.44133,8.5948
18.75,0.441316,8.61686
18.8,0.441299,8.63893
18.85,0.441285,8.66099
18.9,0.441289,8.68306
18.95,0.441252,8.70512
19.0,0.441237,8.72718
19.05,0.441229,8.74924
19.1,0.441202,8.7713
19.15,0.441178,8.79336
19.2,0.441167,8.81542
19.25,0.441146,8.83748
19.3,0.441136,8.85954
19.35,0.441115,8.88159
19.4,0.441101,8.90365
19.45,0.441092,8.9257
19.5,0.441072,8.94775
19.55,0.441053,8.96981
19.6,0.441024,8.99186
19.65,0.441,9.01391
19.7,0.441138,9.03596
19.75,0.441151,9.05802
19.8,0.441145,9.08008
19.85,0.441125,9.10214
19.9,0.441115,9.12419
19.95,0.441113,9.14625
20.0,0.441091,9.1683
20.05,0.44107,9.19036
20.1,0.441047,9.21241
20.15,0.441038,9.23446
20.2,0.441,9.25651
20.25,0.440968,9.27856
20.3,0.440967,9.30061
20.35,0.440939,9.32265
20.4,0.440914,9.3447
20.45,0.440889,9.36674
20.5,0.440863,9.38879
20.55,0.440835,9.41083
20.6,0.440808,9.43287
20.65,0.440758,9.45491
20.7,0.440732,9.47694
20.75,0.440687,9.49898
20.8,0.440664,9.52101
20.85,0.440624,9.54304
20.9,0.440578,9.56507
20.95,0.440545,9.5871
21.0,0.440534,9.60913
21.05,0.440515,9.63115
21.1,0.440482,9.65317
21.15,0.440452,9.6752
21.2,0.44042,9.69722
21.25,0.440375,9.71924
21.3,0.440337,9.74125
21.35,0.440327,9.76327
21.4,0.440293,9.78528
21.45,0.440255,9.8073
21.5,0.440204,9.82931
21.55,0.440176,9.85132
21.6,0.440132,9.87332
21.65,0.440101,9.89533
21.7,0.440074,9.91733
21.75,0.440039,9.93933
21.8,0.440019,9.96134
21.85,0.43999,9.98333
21.9,0.439955,10.0053
21.95,0.439906,10.0273
22.0,0.439872,10.0493
22.05,0.439839,10.0713
22.1,0.439797,10.0933
22.15,0.439761,10.1153
22.2,0.439724,10.1373
22.25,0.439679,10.1593
22.3,0.439606,10.1812
22.35,0.43956,10.2032
22.4,0.439526,10.2252
22.45,0.439503,10.2472
22.5,0.439477,10.2691
22.55,0.439451,10.2911
22.6,0.439423,10.3131
22.65,0.439391,10.3351
22.7,0.439359,10.357
22.75,0.439279,10.379
22.8,0.439234,10.401
22.85,0.439225,10.4229
22.9,0.439185,10.4449
22.95,0.439144,10.4668
23.0,0.439112,10.4888
23.05,0.439077,10.5107
23.1,0.439053,10.5327
23.15,0.439007,10.5546
23.2,0.438981,10.5766
23.25,0.438952,10.5985
23.3,0.438918,10.6205
23.35,0.43887,10.6424
23.4,0.438838,10.6644
23.45,0.438798,10.6863
23.5,0.438769,10.7082
23.55,0.438744,10.7302
23.6,0.438729,10.7521
23.65,0.438688,10.7741
23.7,0.438655,10.796
23.75,0.438626,10.8179
23.8,0.438591,10.8398
23.85,0.438558,10.8618
23.9,0.438525,10.8837
23.95,0.438486,10.9056
24.0,0.438467,10.9276
24.05,0.438443,10.9495
24.1,0.438414,10.9714
24.15,0.438392,10.9933
24.2,0.438352,11.0152
24.25,0.438323,11.0371
24.3,0.438295,11.0591
24.35,0.438267,11.081
24.4,0.438222,11.1029
24.45,0.438179,11.1248
24.5,0.43815,11.1467
24.55,0.438119,11.1686
24.6,0.438082,11.1905
24.65,0.43805,11.2124
24.7,0.438011,11.2343
24.75,0.437951,11.2562
24.8,0.437924,11.2781
24.85,0.437835,11.3
24.9,0.437794,11.3219
24.95,0.437762,11.3438
25.0,0.437731,11.3657
25.05,0.437689,11.3876
25.1,0.437618,11.4094
25.15,0.437544,11.4313
25.2,0.437486,11.4532
25.25,0.437432,11.4751
25.3,0.437384,11.4969
25.35,0.437322,11.5188
25.4,0.437278,11.5407
25.45,0.437238,11.5625
25.5,0.437206,11.5844
25.55,0.437175,11.6062
25.6,0.437184,11.6281
25.65,0.437152,11.65
25.7,0.437089,11.6718
25.75,0.437028,11.6937
25.8,0.436977,11.7155
25.85,0.436935,11.7374
25.9,0.436897,11.7592
25.95,0.436834,11.781
26.0,0.436786,11.8029
26.05,0.43673,11.8247
26.1,0.436691,11.8465
26.15,0.436641,11.8684
26.2,0.436577,11.8902
26.25,0.436527,11.912
26.3,0.436494,11.9339
26.35,0.436465,11.9557
26.4,0.436422,11.9775
26.45,0.436382,11.9993
26.5,0.436332,12.0211
26.55,0.43629,12.043
26.6,0.436278,12.0648
26.65,0.436226,12.0866
26.7,0.436167,12.1084
26.75,0.436131,12.1302
26.8,0.436088,12.152
26.85,0.436056,12.1738
26.9,0.435982,12.1956
26.95,0.435934,12.2174
27.0,0.43588,12.2392
27.05,0.435831,12.261
27.1,0.435734,12.2828
27.15,0.435682,12.3046
27.2,0.43564,12.3263
27.25,0.435596,12.3481
27.3,0.435548,12.3699
27.35,0.435483,12.3917
27.4,0.435459,12.4134
27.45,0.435434,12.4352
27.5,0.435388,12.457
27.55,0.43536,12.4788
27.6,0.435334,12.5005
27.65,0.435306,12.5223
27.7,0.435296,12.544
27.75,0.435277,12.5658
27.8,0.435263,12.5876
27.85,0.435243,12.6093
27.9,0.435211,12.6311
27.95,0.435183,12.6529
28.0,0.435153,12.6746
28.05,0.435125,12.6964
28.1,0.435083,12.7181
28.15,0.43506,12.7399
28.2,0.435014,12.7616
28.25,0.434972,12.7834
28.3,0.434944,12.8051
28.35,0.434933,12.8269
28.4,0.434885,12.8486
28.45,0.434855,12.8704
28.5,0.434827,12.8921
28.55,0.434844,12.9138
28.6,0.434873,12.9356
28.65,0.434868,12.9573
28.7,0.434855,12.9791
28.75,0.434834,13.0008
28.8,0.434827,13.0226
28.85,0.434805,13.0443
28.9,0.434775,13.066
28.95,0.434741,13.0878
29.0,0.434668,13.1095
29.05,0.434619,13.1312
29.1,0.434594,13.153
29.15,0.434591,13.1747
29.2,0.434562,13.1964
29.25,0.434533,13.2181
29.3,0.434505,13.2399
29.35,0.434448,13.2616
29.4,0.434411,13.2833
29.45,0.434366,13.305
29.5,0.434332,13.3268
29.55,0.434296,13.3485
29.6,0.434275,13.3702
29.65,0.434219,13.3919
29.7,0.434191,13.4136
29.75,0.434154,13.4353
29.8,0.434109,13.457
29.85,0.434077,13.4787
29.9,0.434032,13.5004
29.95,0.433971,13.5221
30.0,0.433938,13.5438
30.05,0.433901,13.5655
30.1,0.43386,13.5872
30.15,0.43381,13.6089
30.2,0.433766,13.6306
30.25,0.43372,13.6523
30.3,0.433685,13.674
30.35,0.433643,13.6956
30.4,0.433587,13.7173
30.45,0.433545,13.739
30.5,0.433502,13.7607
30.55,0.433454,13.7823
30.6,0.433392,13.804
30.65,0.433319,13.8257
30.7,0.43324,13.8473
30.75,0.4331,13.869
30.8,0.432939,13.8906
30.85,0.432783,13.9123
30.9,0.432607,13.9339
30.95,0.43251,13.9555
31.0,0.432419,13.9772
31.05,0.432326,13.9988
31.1,0.432099,14.0204
31.15,0.432038,14.042
31.2,0.431973,14.0636
31.25,0.431921,14.0852
31.3,0.431853,14.1068
31.35,0.431783,14.1284
31.4,0.431729,14.1499
31.45,0.431668,14.1715
31.5,0.43163,14.1931
31.55,0.431634,14.2147
31.6,0.431597,14.2363
31.65,0.431525,14.2578
31.7,0.431458,14.2794
31.75,0.431414,14.301
31.8,0.431346,14.3226
31.85,0.43127,14.3441
31.9,0.431203,14.3657
31.95,0.431059,14.3872
32.0,0.430649,14.4088
32.05,0.430568,14.4303
32.1,0.430499,14.4518
32.15,0.430445,14.4733
32.2,0.430407,14.4949
32.25,0.430357,14.5164
32.3,0.430324,14.5379
32.35,0.430279,14.5594
32.4,0.43022,14.5809
32.45,0.430172,14.6024
32.5,0.430133,14.6239
32.55,0.430091,14.6454
32.6,0.430037,14.6669
32.65,0.429997,14.6884
32.7,0.429944,14.7099
32.75,0.429879,14.7314
32.8,0.429831,14.7529
32.85,0.429786,14.7744
32.9,0.429732,14.7959
32.95,0.42968,14.8174
33.0,0.429633,14.8389
33.05,0.429575,14.8603
33.1,0.429523,14.8818
33.15,0.429468,14.9033
33.2,0.429455,14.9248
33.25,0.429414,14.9462
33.3,0.429361,14.9677
33.35,0.429329,14.9892
33.4,0.429269,15.0106
33.45,0.429209,15.0321
33.5,0.429175,15.0536
33.55,0.429121,15.075
33.6,0.429088,15.0965
33.65,0.429035,15.1179
33.7,0.429002,15.1394
33.75,0.428954,15.1608
33.8,0.428915,15.1823
33.85,0.428882,15.2037
33.9,0.428842,15.2251
33.95,0.428792,15.2466
34.0,0.428751,15.268
34.05,0.428698,15.2895
34.1,0.428642,15.3109
34.15,0.428605,15.3323
34.2,0.428558,15.3537
34.25,0.428499,15.3752
34.3,0.428444,15.3966
34.35,0.428385,15.418
34.4,0.428344,15.4394
34.45,0.428293,15.4608
34.5,0.428265,15.4823
34.55,0.428209,15.5037
34.6,0.428141,15.5251
34.65,0.428077,15.5465
34.7,0.428021,15.5679
34.75,0.427981,15.5893
34.8,0.42791,15.6107
34.85,0.427799,15.6321
34.9,0.427622,15.6534
34.95,0.427552,15.6748
35.0,0.427484,15.6962
35.05,0.42743,15.7176
35.1,0.4274,15.7389
35.15,0.427336,15.7603
35.2,0.427293,15.7817
35.25,0.427072,15.803
35.3,0.427039,15.8244
35.35,0.426978,15.8457
35.4,0.426922,15.8671
35.45,0.426849,15.8884
35.5,0.426797,15.9098
35.55,0.42673,15.9311
35.6,0.426645,15.9524
35.65,0.426613,15.9738
35.7,0.426551,15.9951
35.75,0.426478,16.0164
35.8,0.426421,16.0377
35.85,0.426346,16.059
35.9,0.426282,16.0804
35.95,0.426192,16.1017
36.0,0.426112,16.123
36.05,0.425998,16.1443
36.1,0.42583,16.1656
36.15,0.425767,16.1869
36.2,0.425697,16.2081
36.25,0.425633,16.2294
36.3,0.425562,16.2507
36.35,0.425477,16.272
36.4,0.425392,16.2932
36.45,0.425321,16.3145
36.5,0.425236,16.3358
36.55,0.425144,16.357
36.6,0.425068,16.3783
36.65,0.424986,16.3995
36.7,0.424912,16.4208
36.75,0.424852,16.442
36.8,0.424655,16.4632
36.85,0.42458,16.4845
36.9,0.424514,16.5057
36.95,0.424459,16.5269
37.0,0.424391,16.5481
37.05,0.424387,16.5694
37.1,0.424347,16.5906
37.15,0.424305,16.6118
37.2,0.42424,16.633
37.25,0.42416,16.6542
37.3,0.424109,16.6754
37.35,0.424051,16.6966
37.4,0.423986,16.7178
37.45,0.42394,16.739
37.5,0.42388,16.7602
37.55,0.42383,16.7814
37.6,0.423763,16.8026
37.65,0.423694,16.8238
37.7,0.423625,16.845
37.75,0.423582,16.8661
37.8,0.423521,16.8873
37.85,0.423475,16.9085
37.9,0.423405,16.9297
37.95,0.423315,16.9508
38.0,0.423251,16.972
38.05,0.423202,16.9931
38.1,0.423156,17.0143
38.15,0.42307,17.0355
38.2,0.422983,17.0566
38.25,0.422928,17.0778
38.3,0.42286,17.0989
38.35,0.422745,17.12
38.4,0.422664,17.1412
38.45,0.422577,17.1623
38.5,0.422528,17.1834
38.55,0.422449,17.2045
38.6,0.422365,17.2257
38.65,0.422272,17.2468
38.7,0.422167,17.2679
38.75,0.422066,17.289
38.8,0.421973,17.3101
38.85,0.421892,17.3312
38.9,0.421805,17.3523
38.95,0.421722,17.3734
39.0,0.421653,17.3944
39.05,0.421565,17.4155
39.1,0.421448,17.4366
39.15,0.421357,17.4577
39.2,0.421259,17.4787
39.25,0.421151,17.4998
39.3,0.420972,17.5208
39.35,0.42087,17.5419
39.4,0.420792,17.5629
39.45,0.42071,17.584
39.5,0.420656,17.605
39.55,0.420582,17.626
39.6,0.420519,17.647
39.65,0.420421,17.6681
39.7,0.420377,17.6891
39.75,0.420351,17.7101
39.8,0.42029,17.7311
39.85,0.420226,17.7521
39.9,0.42015,17.7731
39.95,0.420063,17.7941
40.0,0.420029,17.8151
40.05,0.420097,17.8361
40.1,0.420086,17.8571
40.15,0.420036,17.8781
40.2,0.420022,17.8991
40.25,0.419977,17.9201
40.3,0.419905,17.9411
40.35,0.419823,17.9621
40.4,0.419738,17.9831
40.45,0.419656,18.0041
40.5,0.41961,18.0251
40.55,0.419543,18.0461
40.6,0.419475,18.067
40.65,0.419379,18.088
40.7,0.41928,18.109
40.75,0.419261,18.1299
40.8,0.419224,18.1509
40.85,0.419168,18.1718
40.9,0.419073,18.1928
40.95,0.419044,18.2138
41.0,0.418954,18.2347
41.05,0.418795,18.2556
41.1,0.418471,18.2766
41.15,0.418341,18.2975
41.2,0.418245,18.3184
41.25,0.418152,18.3393
41.3,0.418057,18.3602
41.35,0.417973,18.3811
41.4,0.417857,18.402
41.45,0.417728,18.4229
41.5,0.417626,18.4438
41.55,0.417541,18.4646
41.6,0.417482,18.4855
41.65,0.417374,18.5064
41.7,0.417314,18.5272
41.75,0.417238,18.5481
41.8,0.417126,18.569
41.85,0.417029,18.5898
41.9,0.41693,18.6107
41.95,0.416828,18.6315
42.0,0.416755,18.6523
42.05,0.416636,18.6732
42.1,0.416581,18.694
42.15,0.416495,18.7148
42.2,0.416412,18.7356
42.25,0.416312,18.7565
42.3,0.416183,18.7773
42.35,0.416122,18.7981
42.4,0.416053,18.8189
42.45,0.415969,18.8397
42.5,0.415903,18.8605
42.55,0.415788,18.8813
42.6,0.415698,18.9021
42.65,0.415587,18.9228
42.7,0.415495,18.9436
42.75,0.41538,18.9644
42.8,0.415274,18.9851
42.85,0.415142,19.0059
42.9,0.414991,19.0266
42.95,0.414792,19.0474
43.0,0.414603,19.0681
43.05,0.414472,19.0888
43.1,0.414383,19.1096
43.15,0.414286,19.1303
43.2,0.414152,19.151
43.25,0.414017,19.1717
43.3,0.41386,19.1924
43.35,0.413676,19.2131
43.4,0.413556,19.2337
43.45,0.413463,19.2544
43.5,0.413376,19.2751
43.55,0.41322,19.2957
43.6,0.412874,19.3164
43.65,0.412592,19.337
43.7,0.412446,19.3576
43.75,0.412306,19.3782
43.8,0.412147,19.3989
43.85,0.412029,19.4195
43.9,0.411886,19.4401
43.95,0.411754,19.4606
44.0,0.411644,19.4812
44.05,0.411556,19.5018
44.1,0.41144,19.5224
44.15,0.411284,19.5429
44.2,0.411157,19.5635
44.25,0.410899,19.584
44.3,0.410805,19.6046
44.35,0.410866,19.6251
44.4,0.410875,19.6457
44.45,0.410891,19.6662
44.5,0.410859,19.6868
44.55,0.410767,19.7073
44.6,0.410732,19.7278
44.65,0.410696,19.7484
44.7,0.410679,19.7689
44.75,0.410662,19.7894
44.8,0.410605,19.81
44.85,0.410569,19.8305
44.9,0.41051,19.851
44.95,0.410547,19.8715
45.0,0.410479,19.8921
45.05,0.410406,19.9126
45.1,0.410382,19.9331
45.15,0.410219,19.9536
45.2,0.410051,19.9741
45.25,0.409939,19.9946
45.3,0.40986,20.0151
45.35,0.409759,20.0356
45.4,0.409699,20.0561
45.45,0.409597,20.0766
45.5,0.409551,20.097
45.55,0.409493,20.1175
45.6,0.409374,20.138
45.65,0.408956,20.1584
45.7,0.408808,20.1789
45.75,0.408737,20.1993
45.8,0.408611,20.2197
45.85,0.408487,20.2402
45.9,0.408388,20.2606
45.95,0.408249,20.281
46.0,0.40803,20.3014
46.05,0.407884,20.3218
46.1,0.407842,20.3422
46.15,0.40779,20.3626
46.2,0.407657,20.383
46.25,0.407519,20.4033
46.3,0.407413,20.4237
46.35,0.407297,20.4441
46.4,0.407252,20.4644
46.45,0.407148,20.4848
46.5,0.407082,20.5051
46.55,0.406903,20.5255
46.6,0.4067,20.5458
46.65,0.406609,20.5661
46.7,0.406399,20.5865
46.75,0.406303,20.6068
46.8,0.406288,20.6271
46.85,0.4062,20.6474
46.9,0.406161,20.6677
46.95,0.406193,20.688
47.0,0.406147,20.7083
47.05,0.406065,20.7286
47.1,0.405954,20.7489
47.15,0.405779,20.7692
47.2,0.405684,20.7895
47.25,0.405651,20.8098
47.3,0.405535,20.8301
47.35,0.405439,20.8503
47.4,0.405372,20.8706
47.45,0.405284,20.8909
47.5,0.405209,20.9111
47.55,0.405127,20.9314
47.6,0.404979,20.9516
47.65,0.40476,20.9719
47.7,0.404575,20.9921
47.75,0.404301,21.0123
47.8,0.404304,21.0325
47.85,0.404241,21.0527
47.9,0.404093,21.073
47.95,0.403988,21.0932
48.0,0.403781,21.1133
48.05,0.403556,21.1335
48.1,0.403368,21.1537
48.15,0.403153,21.1738
48.2,0.403057,21.194
48.25,0.402756,21.2141
48.3,0.402515,21.2343
48.35,0.402327,21.2544
48.4,0.402266,21.2745
48.45,0.402015,21.2946
48.5,0.401968,21.3147
48.55,0.40188,21.3348
48.6,0.4017,21.3549
48.65,0.401394,21.3749
48.7,0.401161,21.395
48.75,0.401074,21.4151
48.8,0.400961,21.4351
48.85,0.400791,21.4551
48.9,0.400785,21.4752
48.95,0.40064,21.4952
49.0,0.399751,21.5152
49.05,0.399426,21.5352
49.1,0.39928,21.5551
49.15,0.399146,21.5751
49.2,0.398977,21.595
49.25,0.398959,21.615
49.3,0.398838,21.6349
49.35,0.398661,21.6549
49.4,0.398632,21.6748
49.45,0.398668,21.6947
49.5,0.398487,21.7146
49.55,0.397937,21.7345
49.6,0.397455,21.7544
49.65,0.397234,21.7743
49.7,0.397213,21.7941
49.75,0.397143,21.814
49.8,0.397064,21.8339
49.85,0.397101,21.8537
49.9,0.397041,21.8736
49.95,0.397006,21.8934
50.0,0.396952,21.9133
50.05,0.396905,21.9331
50.1,0.396827,21.9529
50.15,0.396696,21.9728
50.2,0.396536,21.9926
50.25,0.396408,22.0124
50.3,0.396281,22.0322
50.35,0.396103,22.052
50.4,0.395426,22.0718
50.45,0.394728,22.0916
50.5,0.394588,22.1113
50.55,0.394424,22.131
50.6,0.394304,22.1507
50.65,0.394189,22.1704
50.7,0.394105,22.1901
50.75,0.394003,22.2098
50.8,0.39387,22.2295
50.85,0.393714,22.2492
50.9,0.393611,22.2689
50.95,0.393501,22.2886
51.0,0.393401,22.3082
51.05,0.393311,22.3279
51.1,0.393264,22.3476
51.15,0.39323,22.3672
51.2,0.393051,22.3869
51.25,0.392848,22.4065
51.3,0.392465,22.4261
51.35,0.392453,22.4458
51.4,0.391987,22.4654
51.45,0.39167,22.485
51.5,0.391403,22.5045
51.55,0.391323,22.5241
51.6,0.391222,22.5436
51.65,0.391228,22.5632
51.7,0.391232,22.5828
51.75,0.391079,22.6023
51.8,0.390888,22.6219
51.85,0.390411,22.6414
51.9,0.390673,22.6609
51.95,0.390685,22.6805
52.0,0.390644,22.7
52.05,0.390588,22.7195
52.1,0.390492,22.739
52.15,0.39038,22.7586
52.2,0.390181,22.7781
52.25,0.389878,22.7976
52.3,0.389415,22.817
52.35,0.389383,22.8365
52.4,0.389321,22.856
52.45,0.389235,22.8754
52.5,0.389139,22.8949
52.55,0.389053,22.9143
52.6,0.388903,22.9338
52.65,0.388802,22.9532
52.7,0.388697,22.9727
52.75,0.388538,22.9921
52.8,0.388442,23.0115
52.85,0.388341,23.0309
52.9,0.388307,23.0503
52.95,0.388254,23.0698
53.0,0.388198,23.0892
53.05,0.388146,23.1086
53.1,0.388072,23.128
53.15,0.38805,23.1474
53.2,0.388023,23.1668
53.25,0.387957,23.1862
53.3,0.38791,23.2056
53.35,0.387839,23.225
53.4,0.387728,23.2444
53.45,0.38762,23.2637
53.5,0.387541,23.2831
53.55,0.387426,23.3025
53.6,0.387311,23.3218
53.65,0.387223,23.3412
53.7,0.387149,23.3606
53.75,0.387069,23.3799
53.8,0.386996,23.3993
53.85,0.386908,23.4186
53.9,0.386832,23.438
53.95,0.386731,23.4573
54.0,0.386636,23.4766
54.05,0.386515,23.496
54.1,0.38649,23.5153
54.15,0.386469,23.5346
54.2,0.386271,23.5539
54.25,0.386283,23.5732
54.3,0.3862,23.5925
54.35,0.386198,23.6118
54.4,0.386442,23.6312
54.45,0.386497,23.6505
54.5,0.386431,23.6698
54.55,0.386386,23.6891
54.6,0.386255,23.7084
54.65,0.386127,23.7278
54.7,0.386019,23.7471
54.75,0.385944,23.7664
54.8,0.385889,23.7856
54.85,0.385734,23.8049
54.9,0.384931,23.8242
54.95,0.383799,23.8434
55.0,0.383037,23.8625
55.05,0.382986,23.8817
55.1,0.382903,23.9008
55.15,0.382777,23.92
55.2,0.382613,23.9391
55.25,0.382478,23.9582
55.3,0.382372,23.9773
55.35,0.382278,23.9964
55.4,0.382174,24.0156
55.45,0.382059,24.0347
55.5,0.381953,24.0538
55.55,0.381848,24.0728
55.6,0.381659,24.0919
55.65,0.381211,24.111
55.7,0.381246,24.1301
55.75,0.381207,24.1491
55.8,0.381089,24.1682
55.85,0.380948,24.1872
55.9,0.380843,24.2063
55.95,0.380735,24.2253
56.0,0.380662,24.2443
56.05,0.380599,24.2634
56.1,0.380505,24.2824
56.15,0.380434,24.3014
56.2,0.380359,24.3204
56.25,0.380287,24.3394
56.3,0.380203,24.3584
56.35,0.380052,24.3774
56.4,0.379867,24.3964
56.45,0.379715,24.4154
56.5,0.379654,24.4344
56.55,0.379721,24.4534
56.6,0.379838,24.4724
56.65,0.379758,24.4914
56.7,0.379293,24.5103
56.75,0.37918,24.5293
56.8,0.379082,24.5483
56.85,0.378964,24.5672
56.9,0.378853,24.5861
56.95,0.378759,24.6051
57.0,0.378636,24.624
57.05,0.378464,24.6429
57.1,0.37836,24.6619
57.15,0.37825,24.6808
57.2,0.378133,24.6997
57.25,0.37802,24.7186
57.3,0.377926,24.7375
57.35,0.377834,24.7564
57.4,0.377699,24.7752
57.45,0.377565,24.7941
57.5,0.37741,24.813
57.55,0.377287,24.8319
57.6,0.377152,24.8507
57.65,0.376978,24.8696
57.7,0.37682,24.8884
57.75,0.376655,24.9072
57.8,0.376498,24.9261
57.85,0.376285,24.9449
57.9,0.375085,24.9636
57.95,0.37419,24.9823
58.0,0.373961,25.001
58.05,0.373827,25.0197
58.1,0.37354,25.0384
58.15,0.373344,25.0571
58.2,0.373237,25.0757
58.25,0.373025,25.0944
58.3,0.372908,25.113
58.35,0.372822,25.1317
58.4,0.372552,25.1503
58.45,0.372525,25.1689
58.5,0.37263,25.1876
58.55,0.373365,25.2062
58.6,0.373465,25.2249
58.65,0.373384,25.2436
58.7,0.373263,25.2622
58.75,0.372977,25.2809
58.8,0.37296,25.2995
58.85,0.372819,25.3182
58.9,0.372716,25.3368
58.95,0.372616,25.3554
59.0,0.372469,25.3741
59.05,0.372345,25.3927
59.1,0.372451,25.4113
59.15,0.372584,25.4299
59.2,0.372658,25.4486
59.25,0.372739,25.4672
59.3,0.372735,25.4858
59.35,0.372758,25.5045
59.4,0.372725,25.5231
59.45,0.372665,25.5417
59.5,0.372521,25.5604
59.55,0.37238,25.579
59.6,0.372292,25.5976
59.65,0.372206,25.6162
59.7,0.372141,25.6348
59.75,0.372033,25.6534
59.8,0.37192,25.672
59.85,0.371812,25.6906
59.9,0.371774,25.7092
59.95,0.371793,25.7278
60.0,0.371698,25.7464
60.05,0.371513,25.765
60.1,0.37129,25.7835
60.15,0.371046,25.8021
60.2,0.370166,25.8206
60.25,0.369052,25.839
60.3,0.368515,25.8575
60.35,0.368338,25.8759
60.4,0.368003,25.8943
60.45,0.367711,25.9127
60.5,0.367861,25.931
60.55,0.36823,25.9495
60.6,0.367988,25.9679
60.65,0.367703,25.9862
60.7,0.367538,26.0046
60.75,0.367249,26.023
60.8,0.367228,26.0413
60.85,0.367253,26.0597
60.9,0.367165,26.0781
60.95,0.367002,26.0964
61.0,0.366693,26.1148
61.05,0.366548,26.1331
61.1,0.366491,26.1514
61.15,0.366424,26.1697
61.2,0.366327,26.188
61.25,0.366187,26.2064
61.3,0.366183,26.2247
61.35,0.366165,26.243
61.4,0.365993,26.2613
61.45,0.365749,26.2796
61.5,0.365569,26.2978
61.55,0.365405,26.3161
61.6,0.365345,26.3344
61.65,0.365214,26.3526
61.7,0.364919,26.3709
61.75,0.364648,26.3891
61.8,0.364017,26.4073
61.85,0.364562,26.4255
61.9,0.365107,26.4438
61.95,0.364898,26.462
62.0,0.364813,26.4803
62.05,0.364706,26.4985
62.1,0.364526,26.5167
62.15,0.364564,26.535
62.2,0.364568,26.5532
62.25,0.364424,26.5714
62.3,0.364138,26.5896
62.35,0.363511,26.6078
62.4,0.363216,26.626
62.45,0.363078,26.6441
62.5,0.362954,26.6623
62.55,0.362787,26.6804
62.6,0.362664,26.6985
62.65,0.362558,26.7167
62.7,0.362577,26.7348
62.75,0.362346,26.7529
62.8,0.362175,26.771
62.85,0.361948,26.7891
62.9,0.361838,26.8072
62.95,0.36163,26.8253
63.0,0.361554,26.8434
63.05,0.36161,26.8615
63.1,0.361613,26.8795
63.15,0.36145,26.8976
63.2,0.361281,26.9157
63.25,0.361228,26.9337
63.3,0.361098,26.9518
63.35,0.360802,26.9698
63.4,0.360616,26.9879
63.45,0.36046,27.0059
63.5,0.360389,27.0239
63.55,0.360205,27.0419
63.6,0.359976,27.0599
63.65,0.359729,27.0779
63.7,0.35965,27.0959
63.75,0.359514,27.1138
63.8,0.359354,27.1318
63.85,0.359152,27.1498
63.9,0.359002,27.1677
63.95,0.358853,27.1857
64.0,0.358704,27.2036
64.05,0.358543,27.2215
64.1,0.358415,27.2395
64.15,0.358247,27.2574
64.2,0.358031,27.2753
64.25,0.358084,27.2932
64.3,0.357998,27.3111
64.35,0.358007,27.329
64.4,0.357773,27.3469
64.45,0.355763,27.3646
64.5,0.354405,27.3824
64.55,0.354121,27.4001
64.6,0.355417,27.4178
64.65,0.355664,27.4356
64.7,0.355832,27.4534
64.75,0.35595,27.4712
64.8,0.355855,27.489
64.85,0.355638,27.5068
64.9,0.355166,27.5245
64.95,0.355305,27.5423
65.0,0.35541,27.5601
65.05,0.355541,27.5779
65.1,0.35562,27.5956
65.15,0.355889,27.6134
65.2,0.356001,27.6312
65.25,0.35621,27.649
65.3,0.356267,27.6669
65.35,0.356198,27.6847
65.4,0.356138,27.7025
65.45,0.356131,27.7203
65.5,0.356104,27.7381
65.55,0.356026,27.7559
65.6,0.355926,27.7737
65.65,0.355851,27.7915
65.7,0.355807,27.8093
65.75,0.355666,27.8271
65.8,0.355529,27.8448
65.85,0.355318,27.8626
65.9,0.355239,27.8804
65.95,0.355042,27.8981
66.0,0.354868,27.9159
66.05,0.354667,27.9336
66.1,0.354407,27.9513
66.15,0.354337,27.969
66.2,0.354183,27.9867
66.25,0.354147,28.0044
66.3,0.354057,28.0221
66.35,0.353967,28.0398
66.4,0.353819,28.0575
66.45,0.353647,28.0752
66.5,0.353392,28.0929
66.55,0.353033,28.1105
66.6,0.352822,28.1282
66.65,0.352538,28.1458
66.7,0.352159,28.1634
66.75,0.352279,28.181
66.8,0.351957,28.1986
66.85,0.351692,28.2162
66.9,0.351698,28.2338
66.95,0.351553,28.2514
67.0,0.351389,28.2689
67.05,0.349975,28.2864
67.1,0.348965,28.3039
67.15,0.348656,28.3213
67.2,0.348832,28.3388
67.25,0.34902,28.3562
67.3,0.348998,28.3737
67.35,0.348838,28.3911
67.4,0.348669,28.4085
67.45,0.348438,28.426
67.5,0.348128,28.4434
67.55,0.348015,28.4608
67.6,0.347946,28.4782
67.65,0.347878,28.4956
67.7,0.347726,28.5129
67.75,0.347609,28.5303
67.8,0.347456,28.5477
67.85,0.347205,28.5651
67.9,0.346979,28.5824
67.95,0.346773,28.5997
68.0,0.346516,28.6171
68.05,0.346249,28.6344
68.1,0.3459,28.6517
68.15,0.345531,28.669
68.2,0.345275,28.6862
68.25,0.344812,28.7035
68.3,0.344843,28.7207
68.35,0.344512,28.7379
68.4,0.344311,28.7551
68.45,0.343986,28.7723
68.5,0.343548,28.7895
68.55,0.342861,28.8067
68.6,0.342194,28.8238
68.65,0.341774,28.8409
68.7,0.340783,28.8579
68.75,0.340372,28.8749
68.8,0.340255,28.8919
68.85,0.340243,28.9089
68.9,0.339713,28.9259
68.95,0.339398,28.9429
69.0,0.339318,28.9599
69.05,0.337899,28.9768
69.1,0.337492,28.9936
69.15,0.337643,29.0105
69.2,0.33652,29.0273
69.25,0.336754,29.0442
69.3,0.337476,29.0611
69.35,0.337695,29.0779
69.4,0.337211,29.0948
69.45,0.336813,29.1116
69.5,0.337345,29.1285
69.55,0.337086,29.1454
69.6,0.336799,29.1622
69.65,0.337053,29.1791
69.7,0.336956,29.1959
69.75,0.337111,29.2128
69.8,0.336873,29.2296
69.85,0.336855,29.2464
69.9,0.336744,29.2633
69.95,0.336618,29.2801
70.0,0.338366,29.297
70.05,0.34197,29.3141
70.1,0.341419,29.3312
70.15,0.341437,29.3483
70.2,0.340492,29.3653
70.25,0.340084,29.3823
70.3,0.341008,29.3994
70.35,0.34135,29.4164
70.4,0.341603,29.4335
70.45,0.341156,29.4506
70.5,0.341107,29.4676
70.55,0.341471,29.4847
70.6,0.341338,29.5018
70.65,0.341125,29.5188
70.7,0.340347,29.5358
70.75,0.339772,29.5528
70.8,0.339554,29.5698
70.85,0.339408,29.5868
70.9,0.338842,29.6037
70.95,0.339361,29.6207
71.0,0.338757,29.6376
71.05,0.338413,29.6545
71.1,0.337494,29.6714
71.15,0.337404,29.6883
71.2,0.337467,29.7051
71.25,0.336767,29.722
71.3,0.337211,29.7388
71.35,0.334539,29.7556
71.4,0.33342,29.7722
71.45,0.333738,29.7889
71.5,0.33386,29.8056
71.55,0.33363,29.8223
71.6,0.333724,29.839
71.65,0.334436,29.8557
71.7,0.334544,29.8724
71.75,0.333737,29.8891
71.8,0.334606,29.9059
71.85,0.334912,29.9226
71.9,0.335096,29.9394
71.95,0.335259,29.9561
72.0,0.335562,29.9729
72.05,0.335494,29.9897
72.1,0.335268,30.0064
72.15,0.334775,30.0232
72.2,0.333548,30.0399
72.25,0.332152,30.0565
72.3,0.332259,30.0731
72.35,0.332111,30.0897
72.4,0.331914,30.1063
72.45,0.331541,30.1229
72.5,0.331035,30.1394
72.55,0.330871,30.156
72.6,0.330795,30.1725
72.65,0.329583,30.189
72.7,0.327748,30.2054
72.75,0.329743,30.2218
72.8,0.330727,30.2384
72.85,0.329988,30.2549
72.9,0.329581,30.2714
72.95,0.329826,30.2878
73.0,0.32956,30.3043
73.05,0.328732,30.3208
73.1,0.328416,30.3372
73.15,0.327883,30.3536
73.2,0.328257,30.37
73.25,0.328232,30.3864
73.3,0.327951,30.4028
73.35,0.322357,30.4189
73.4,0.324404,30.4351
73.45,0.324578,30.4514
73.5,0.324544,30.4676
73.55,0.325146,30.4839
73.6,0.324957,30.5001
73.65,0.324514,30.5163
73.7,0.324309,30.5325
73.75,0.324203,30.5488
73.8,0.324159,30.565
73.85,0.323889,30.5812
73.9,0.324195,30.5974
73.95,0.32416,30.6136
74.0,0.323369,30.6297
74.05,0.32284,30.6459
74.1,0.322333,30.662
74.15,0.322028,30.6781
74.2,0.322106,30.6942
74.25,0.322231,30.7103
74.3,0.321543,30.7264
74.35,0.321549,30.7425
74.4,0.321282,30.7585
74.45,0.321409,30.7746
74.5,0.321175,30.7907
74.55,0.319582,30.8066
74.6,0.319823,30.8226
74.65,0.319512,30.8386
74.7,0.319722,30.8546
74.75,0.31965,30.8706
74.8,0.319039,30.8865
74.85,0.31894,30.9025
74.9,0.318515,30.9184
74.95,0.3185,30.9343
75.0,0.318671,30.9503
75.05,0.31841,30.9662
75.1,0.318219,30.9821
75.15,0.318472,30.998
75.2,0.317939,31.0139
75.25,0.316291,31.0297
75.3,0.314793,31.0455
75.35,0.314828,31.0612
75.4,0.315478,31.077
75.45,0.315317,31.0928
75.5,0.315809,31.1085
75.55,0.316721,31.1244
75.6,0.316853,31.1402
75.65,0.316602,31.156
75.7,0.316605,31.1719
75.75,0.316286,31.1877
75.8,0.316305,31.2035
75.85,0.316045,31.2193
75.9,0.315965,31.2351
75.95,0.316098,31.2509
76.0,0.315167,31.2667
76.05,0.314657,31.2824
76.1,0.314924,31.2982
76.15,0.314692,31.3139
76.2,0.313499,31.3296
76.25,0.312865,31.3452
76.3,0.313437,31.3609
76.35,0.313657,31.3766
76.4,0.313686,31.3922
76.45,0.313339,31.4079
76.5,0.313308,31.4236
76.55,0.313415,31.4392
76.6,0.314503,31.455
76.65,0.314037,31.4707
76.7,0.312597,31.4863
76.75,0.312911,31.5019
76.8,0.312759,31.5176
76.85,0.312786,31.5332
76.9,0.312758,31.5489
76.95,0.312058,31.5645
77.0,0.311537,31.58
77.05,0.311121,31.5956
77.1,0.310243,31.6111
77.15,0.30914,31.6266
77.2,0.307904,31.642
77.25,0.307911,31.6574
77.3,0.30829,31.6728
77.35,0.307299,31.6881
77.4,0.306809,31.7035
77.45,0.306422,31.7188
77.5,0.308487,31.7342
77.55,0.308841,31.7497
77.6,0.307302,31.765
77.65,0.307028,31.7804
77.7,0.30613,31.7957
77.75,0.306164,31.811
77.8,0.305757,31.8263
77.85,0.3043,31.8415
77.9,0.303942,31.8567
77.95,0.303602,31.8719
78.0,0.302724,31.887
78.05,0.302025,31.9021
78.1,0.302165,31.9172
78.15,0.3018,31.9323
78.2,0.302593,31.9474
78.25,0.301936,31.9625
78.3,0.303018,31.9777
78.35,0.304119,31.9929
78.4,0.303038,32.008
78.45,0.303662,32.0232
78.5,0.303529,32.0384
78.55,0.302038,32.0535
78.6,0.300912,32.0686
78.65,0.300925,32.0836
78.7,0.299639,32.0986
78.75,0.298456,32.1135
78.8,0.299384,32.1285
78.85,0.30012,32.1435
78.9,0.300039,32.1585
78.95,0.299386,32.1735
79.0,0.300265,32.1885
79.05,0.301306,32.2035
79.1,0.300205,32.2185
79.15,0.299843,32.2335
79.2,0.29978,32.2485
79.25,0.300003,32.2635
79.3,0.299749,32.2785
79.35,0.299615,32.2935
79.4,0.299373,32.3085
79.45,0.299513,32.3234
79.5,0.299826,32.3384
79.55,0.298991,32.3534
79.6,0.298717,32.3683
79.65,0.29936,32.3833
79.7,0.299993,32.3983
79.75,0.30027,32.4133
79.8,0.299324,32.4283
79.85,0.298288,32.4432
79.9,0.298414,32.4581
79.95,0.297865,32.473
80.0,0.297929,32.4879
80.05,0.29745,32.5028
80.1,0.297786,32.5176
80.15,0.297953,32.5325
80.2,0.29752,32.5474
80.25,0.297602,32.5623
80.3,0.297366,32.5772
80.35,0.297016,32.592
80.4,0.298097,32.6069
80.45,0.297391,32.6218
80.5,0.297418,32.6367
80.55,0.297459,32.6515
80.6,0.297597,32.6664
80.65,0.29755,32.6813
80.7,0.298278,32.6962
80.75,0.29796,32.7111
80.8,0.298295,32.726
80.85,0.297798,32.7409
80.9,0.29746,32.7558
80.95,0.296202,32.7706
81.0,0.294622,32.7853
81.05,0.294099,32.8
81.1,0.294524,32.8148
81.15,0.295546,32.8295
81.2,0.296287,32.8443
81.25,0.294414,32.8591
81.3,0.295913,32.8739
81.35,0.296432,32.8887
81.4,0.29437,32.9034
81.45,0.291204,32.918
81.5,0.294641,32.9327
81.55,0.295117,32.9475
81.6,0.29464,32.9622
81.65,0.292846,32.9768
81.7,0.291693,32.9914
81.75,0.290917,33.006
81.8,0.290972,33.0205
81.85,0.292208,33.0351
81.9,0.293602,33.0498
81.95,0.294882,33.0645
82.0,0.295126,33.0793
82.05,0.295539,33.0941
82.1,0.295477,33.1088
82.15,0.295482,33.1236
82.2,0.295101,33.1384
82.25,0.294185,33.1531
82.3,0.293176,33.1677
82.35,0.292242,33.1824
82.4,0.293023,33.197
82.45,0.294103,33.2117
82.5,0.293567,33.2264
82.55,0.293681,33.2411
82.6,0.293605,33.2558
82.65,0.293591,33.2704
82.7,0.293686,33.2851
82.75,0.293857,33.2998
82.8,0.293597,33.3145
82.85,0.293431,33.3292
82.9,0.293426,33.3438
82.95,0.292793,33.3585
83.0,0.291952,33.3731
83.05,0.291329,33.3876
83.1,0.291502,33.4022
83.15,0.290867,33.4168
83.2,0.290889,33.4313
83.25,0.290501,33.4458
83.3,0.290362,33.4603
83.35,0.289846,33.4748
83.4,0.29005,33.4893
83.45,0.289912,33.5038
83.5,0.290465,33.5184
83.55,0.290238,33.5329
83.6,0.290214,33.5474
83.65,0.288463,33.5618
83.7,0.288527,33.5762
83.75,0.287746,33.5906
83.8,0.287256,33.605
83.85,0.286659,33.6193
83.9,0.28619,33.6336
83.95,0.286413,33.6479
84.0,0.285837,33.6622
84.05,0.286024,33.6765
84.1,0.286275,33.6909
84.15,0.283943,33.7051
84.2,0.282998,33.7192
84.25,0.283822,33.7334
84.3,0.28346,33.7476
84.35,0.282535,33.7617
84.4,0.281671,33.7758
84.45,0.28102,33.7898
84.5,0.278856,33.8038
84.55,0.279069,33.8177
84.6,0.279274,33.8317
84.65,0.280001,33.8457
84.7,0.28163,33.8598
84.75,0.282089,33.8739
84.8,0.282506,33.888
84.85,0.282056,33.9021
84.9,0.281882,33.9162
84.95,0.282341,33.9303
85.0,0.282412,33.9444
85.05,0.282053,33.9585
85.1,0.280863,33.9726
85.15,0.282225,33.9867
85.2,0.281968,34.0008
85.25,0.281159,34.0148
85.3,0.280051,34.0288
85.35,0.279727,34.0428
85.4,0.279104,34.0568
85.45,0.278667,34.0707
85.5,0.278494,34.0846
85.55,0.27883,34.0986
85.6,0.2786,34.1125
85.65,0.277574,34.1264
85.7,0.27731,34.1403
85.75,0.277196,34.1541
85.8,0.276436,34.1679
85.85,0.275241,34.1817
85.9,0.275553,34.1955
85.95,0.27603,34.2093
86.0,0.275642,34.2231
86.05,0.27635,34.2369
86.1,0.276339,34.2507
86.15,0.276309,34.2645
86.2,0.277224,34.2784
86.25,0.276873,34.2922
86.3,0.276734,34.3061
86.35,0.276506,34.3199
86.4,0.274458,34.3336
86.45,0.273834,34.3473
86.5,0.273969,34.361
86.55,0.274791,34.3747
86.6,0.273759,34.3884
86.65,0.274405,34.4021
86.7,0.273728,34.4158
86.75,0.274009,34.4295
86.8,0.27431,34.4432
86.85,0.27312,34.4569
86.9,0.272517,34.4705
86.95,0.271427,34.4841
87.0,0.271112,34.4977
87.05,0.27081,34.5112
87.1,0.268784,34.5246
87.15,0.269044,34.5381
87.2,0.269064,34.5515
87.25,0.268722,34.565
87.3,0.268659,34.5784
87.35,0.268945,34.5919
87.4,0.269988,34.6054
87.45,0.270859,34.6189
87.5,0.270954,34.6324
87.55,0.270869,34.646
87.6,0.270329,34.6595
87.65,0.270098,34.673
87.7,0.270482,34.6865
87.75,0.270056,34.7
87.8,0.270547,34.7136
87.85,0.27261,34.7272
87.9,0.27023,34.7407
87.95,0.268516,34.7541
88.0,0.267352,34.7675
88.05,0.266214,34.7808
88.1,0.26648,34.7941
88.15,0.268331,34.8076
88.2,0.270162,34.8211
88.25,0.271207,34.8346
88.3,0.269238,34.8481
88.35,0.269504,34.8616
88.4,0.26968,34.875
88.45,0.265322,34.8883
88.5,0.26455,34.9015
88.55,0.263415,34.9147
88.6,0.26411,34.9279
88.65,0.265881,34.9412
88.7,0.264353,34.9544
88.75,0.261004,34.9675
88.8,0.262334,34.9806
88.85,0.262675,34.9937
88.9,0.260932,35.0068
88.95,0.258322,35.0197
89.0,0.260266,35.0327
89.05,0.259958,35.0457
89.1,0.260136,35.0587
89.15,0.260797,35.0717
89.2,0.259147,35.0847
89.25,0.261294,35.0978
89.3,0.26425,35.111
89.35,0.266629,35.1243
89.4,0.26711,35.1377
89.45,0.264417,35.1509
89.5,0.263409,35.1641
89.55,0.264957,35.1773
89.6,0.267007,35.1907
89.65,0.267619,35.204
89.7,0.266424,35.2174
89.75,0.267294,35.2307
89.8,0.268542,35.2441
89.85,0.266015,35.2575
89.9,0.263443,35.2706
89.95,0.260992,35.2837
90.0,0.25917,35.2966
90.05,0.261486,35.3097
90.1,0.261396,35.3228
90.15,0.262152,35.3359
90.2,0.261675,35.349
90.25,0.261101,35.362
90.3,0.26364,35.3752
90.35,0.26423,35.3884
90.4,0.263196,35.4016
90.45,0.264413,35.4148
90.5,0.263253,35.428
90.55,0.259734,35.4409
90.6,0.259479,35.4539
90.65,0.259021,35.4669
90.7,0.260956,35.4799
90.75,0.260635,35.493
90.8,0.258737,35.5059
90.85,0.258403,35.5188
90.9,0.256273,35.5316
90.95,0.25974,35.5446
91.0,0.259506,35.5576
91.05,0.259886,35.5706
91.1,0.259327,35.5835
91.15,0.259954,35.5965
91.2,0.259027,35.6095
91.25,0.259344,35.6225
91.3,0.260027,35.6355
91.35,0.258297,35.6484
91.4,0.256982,35.6612
91.45,0.259054,35.6742
91.5,0.260253,35.6872
91.55,0.259144,35.7001
91.6,0.25882,35.7131
91.65,0.26045,35.7261
91.7,0.259737,35.7391
91.75,0.259348,35.7521
91.8,0.259544,35.765
91.85,0.259729,35.778
91.9,0.255843,35.7908
91.95,0.255942,35.8036
92.0,0.256287,35.8164
92.05,0.259275,35.8294
92.1,0.254249,35.8421
92.15,0.253694,35.8548
92.2,0.251369,35.8674
92.25,0.254055,35.8801
92.3,0.253881,35.8928
92.35,0.253071,35.9054
92.4,0.253176,35.9181
92.45,0.25131,35.9306
92.5,0.250108,35.9431
92.55,0.249707,35.9556
92.6,0.249728,35.9681
92.65,0.250049,35.9806
92.7,0.24859,35.993
92.75,0.248204,36.0055
92.8,0.249177,36.0179
92.85,0.248083,36.0303
92.9,0.246947,36.0427
92.95,0.244149,36.0549
93.0,0.248704,36.0673
93.05,0.249491,36.0798
93.1,0.249273,36.0922
93.15,0.248577,36.1047
93.2,0.250594,36.1172
93.25,0.251171,36.1298
93.3,0.252022,36.1424
93.35,0.25022,36.1549
93.4,0.249362,36.1673
93.45,0.248205,36.1798
93.5,0.249019,36.1922
93.55,0.25178,36.2048
93.6,0.252442,36.2174
93.65,0.251276,36.23
93.7,0.252053,36.2426
93.75,0.250073,36.2551
93.8,0.248087,36.2675
93.85,0.248576,36.2799
93.9,0.248797,36.2924
93.95,0.249653,36.3048
94.0,0.250035,36.3173
94.05,0.250862,36.3299
94.1,0.249298,36.3424
94.15,0.247346,36.3547
94.2,0.245104,36.367
94.25,0.240876,36.379
94.3,0.240381,36.391
94.35,0.24111,36.4031
94.4,0.239849,36.4151
94.45,0.243276,36.4272
94.5,0.244282,36.4395
94.55,0.239036,36.4514
94.6,0.239579,36.4634
94.65,0.239145,36.4753
94.7,0.236355,36.4872
94.75,0.236331,36.499
94.8,0.235666,36.5108
94.85,0.236058,36.5226
94.9,0.237021,36.5344
94.95,0.236967,36.5463
95.0,0.236931,36.5581
95.05,0.237656,36.57
95.1,0.234852,36.5817
95.15,0.238683,36.5937
95.2,0.242127,36.6058
95.25,0.243471,36.618
95.3,0.248562,36.6304
95.35,0.249437,36.6429
95.4,0.248643,36.6553
95.45,0.247539,36.6677
95.5,0.245983,36.68
95.55,0.24575,36.6923
95.6,0.24493,36.7045
95.65,0.248671,36.7169
95.7,0.251848,36.7295
95.75,0.252722,36.7422
95.8,0.255376,36.7549
95.85,0.253346,36.7676
95.9,0.249247,36.7801
95.95,0.248586,36.7925
96.0,0.253079,36.8051
96.05,0.252519,36.8178
96.1,0.250143,36.8303
96.15,0.253549,36.843
96.2,0.255911,36.8557
96.25,0.250114,36.8683
96.3,0.248791,36.8807
96.35,0.247229,36.8931
96.4,0.244828,36.9053
96.45,0.243796,36.9175
96.5,0.242007,36.9296
96.55,0.24171,36.9417
96.6,0.245568,36.9539
96.65,0.250559,36.9665
96.7,0.250082,36.979
96.75,0.251305,36.9915
96.8,0.249949,37.004
96.85,0.247619,37.0164
96.9,0.246675,37.0288
96.95,0.246127,37.0411
97.0,0.246259,37.0534
97.05,0.246027,37.0657
97.1,0.246096,37.078
97.15,0.246484,37.0903
97.2,0.247429,37.1027
97.25,0.245853,37.115
97.3,0.24323,37.1271
97.35,0.242033,37.1392
97.4,0.242682,37.1514
97.45,0.242476,37.1635
97.5,0.242695,37.1756
97.55,0.245693,37.1879
97.6,0.24254,37.2
97.65,0.239142,37.212
97.7,0.239471,37.224
97.75,0.241082,37.236
97.8,0.241041,37.2481
97.85,0.240068,37.2601
97.9,0.238745,37.272
97.95,0.240598,37.284
98.0,0.241298,37.2961
98.05,0.240677,37.3081
98.1,0.238582,37.3201
98.15,0.237434,37.3319
98.2,0.237384,37.3438
98.25,0.234413,37.3555
98.3,0.234107,37.3672
98.35,0.232946,37.3789
98.4,0.229212,37.3904
98.45,0.226148,37.4017
98.5,0.229964,37.4132
98.55,0.236403,37.425
98.6,0.234925,37.4367
98.65,0.23547,37.4485
98.7,0.238506,37.4604
98.75,0.240615,37.4725
98.8,0.238668,37.4844
98.85,0.237431,37.4963
98.9,0.236931,37.5081
98.95,0.234976,37.5199
99.0,0.237914,37.5317
99.05,0.240446,37.5438
99.1,0.234542,37.5555
99.15,0.231327,37.5671
99.2,0.230431,37.5786
99.25,0.231199,37.5901
99.3,0.234343,37.6019
99.35,0.230007,37.6134
99.4,0.22993,37.6249
99.45,0.23251,37.6365
99.5,0.228517,37.6479
99.55,0.227599,37.6593
99.6,0.226312,37.6706
99.65,0.226074,37.6819
99.7,0.230822,37.6935
99.75,0.233761,37.7051
99.8,0.233064,37.7168
99.85,0.231164,37.7284
99.9,0.228488,37.7398
99.95,0.227619,37.7512
100.0,0.224392,37.7624
100.05,0.22538,37.7736
100.1,0.224875,37.7849
100.15,0.223812,37.7961
100.2,0.221462,37.8072
100.25,0.217848,37.818
100.3,0.220873,37.8291
100.35,0.222657,37.8402
100.4,0.222738,37.8514
100.45,0.224338,37.8626
100.5,0.222783,37.8737
100.55,0.222825,37.8849
100.6,0.224607,37.8961
100.65,0.223089,37.9072
100.7,0.225779,37.9185
100.75,0.2243,37.9297
100.8,0.220098,37.9408
100.85,0.219669,37.9517
100.9,0.221803,37.9628
100.95,0.223108,37.974
101.0,0.220852,37.985
101.05,0.218806,37.996
101.1,0.216883,38.0068
101.15,0.218222,38.0177
101.2,0.218218,38.0286
101.25,0.21439,38.0393
101.3,0.213651,38.05
101.35,0.213753,38.0607
101.4,0.212293,38.0713
101.45,0.210007,38.0818
101.5,0.211755,38.0924
101.55,0.211313,38.103
101.6,0.212532,38.1136
101.65,0.21315,38.1243
101.7,0.216537,38.1351
101.75,0.217733,38.146
101.8,0.21523,38.1567
101.85,0.216976,38.1676
101.9,0.216849,38.1784
101.95,0.216192,38.1892
102.0,0.215281,38.2
102.05,0.217435,38.2109
102.1,0.214855,38.2216
102.15,0.216381,38.2324
102.2,0.214953,38.2432
102.25,0.213364,38.2539
102.3,0.2131,38.2645
102.35,0.213091,38.2752
102.4,0.209945,38.2857
102.45,0.207376,38.296
102.5,0.211167,38.3066
102.55,0.209766,38.3171
102.6,0.205632,38.3274
102.65,0.208139,38.3378
102.7,0.208074,38.3482
102.75,0.206964,38.3585
102.8,0.203557,38.3687
102.85,0.208503,38.3791
102.9,0.215061,38.3899
102.95,0.212136,38.4005
103.0,0.213291,38.4111
103.05,0.216559,38.422
103.1,0.217735,38.4329
103.15,0.218397,38.4438
103.2,0.215892,38.4546
103.25,0.208678,38.465
103.3,0.207567,38.4754
103.35,0.212444,38.486
103.4,0.218882,38.497
103.45,0.213507,38.5076
103.5,0.211999,38.5182
103.55,0.202198,38.5283
103.6,0.196182,38.5382
103.65,0.197531,38.548
103.7,0.197475,38.5579
103.75,0.197003,38.5678
103.8,0.198389,38.5777
103.85,0.19554,38.5874
103.9,0.187685,38.5968
103.95,0.192567,38.6065
104.0,0.193422,38.6161
104.05,0.190962,38.6257
104.1,0.190205,38.6352
104.15,0.18931,38.6447
104.2,0.187518,38.654
104.25,0.187384,38.6634
104.3,0.189369,38.6729
104.35,0.186843,38.6822
104.4,0.180967,38.6913
104.45,0.183788,38.7005
104.5,0.1869,38.7098
104.55,0.186379,38.7191
104.6,0.185071,38.7284
104.65,0.186008,38.7377
104.7,0.183019,38.7468
104.75,0.180262,38.7558
104.8,0.182509,38.765
104.85,0.175637,38.7737
104.9,0.170786,38.7823
104.95,0.173834,38.791
105.0,0.172028,38.7996
105.05,0.170148,38.8081
105.1,0.174264,38.8168
105.15,0.176949,38.8256
105.2,0.176601,38.8345
105.25,0.184424,38.8437
105.3,0.188514,38.8531
105.35,0.183178,38.8623
105.4,0.178451,38.8712
105.45,0.176895,38.88
105.5,0.17694,38.8889
105.55,0.174201,38.8976
105.6,0.176615,38.9064
105.65,0.183073,38.9156
105.7,0.177193,38.9244
105.75,0.17454,38.9332
105.8,0.173312,38.9418
105.85,0.171422,38.9504
105.9,0.172444,38.959
105.95,0.177061,38.9679
106.0,0.176567,38.9767
106.05,0.177662,38.9856
106.1,0.175527,38.9944
106.15,0.174118,39.0031
106.2,0.1751,39.0118
106.25,0.176703,39.0207
106.3,0.174065,39.0294
106.35,0.171144,39.0379
106.4,0.177391,39.0468
106.45,0.172765,39.0554
106.5,0.175497,39.0642
106.55,0.171411,39.0728
106.6,0.176317,39.0816
106.65,0.181622,39.0907
106.7,0.168292,39.0991
106.75,0.160993,39.1071
106.8,0.160167,39.1152
106.85,0.166279,39.1235
106.9,0.166175,39.1318
106.95,0.163569,39.1399
107.0,0.1729,39.1486
107.05,0.165677,39.1569
107.1,0.168696,39.1653
107.15,0.161644,39.1734
107.2,0.166058,39.1817
107.25,0.166626,39.19
107.3,0.160602,39.1981
107.35,0.155688,39.2058
107.4,0.152059,39.2134
107.45,0.151666,39.221
107.5,0.174872,39.2298
107.55,0.170183,39.2383
107.6,0.17395,39.247
107.65,0.17274,39.2556
107.7,0.165962,39.2639
107.75,0.182932,39.2731
107.8,0.178155,39.282
107.85,0.177233,39.2908
107.9,0.19122,39.3004
107.95,0.18693,39.3097
108.0,0.186639,39.3191
108.05,0.184207,39.3283
108.1,0.154244,39.336
108.15,0.144039,39.3432
108.2,0.144905,39.3504
108.25,0.146083,39.3577
108.3,0.147366,39.3651
108.35,0.139719,39.3721
108.4,0.135825,39.3789
108.45,0.134582,39.3856
108.5,0.139914,39.3926
108.55,0.15409,39.4003
108.6,0.159605,39.4083
108.65,0.152088,39.4159
108.7,0.150378,39.4234
108.75,0.143069,39.4306
108.8,0.143475,39.4378
108.85,0.138457,39.4447
108.9,0.135297,39.4514
108.95,0.149137,39.4589
109.0,0.15234,39.4665
109.05,0.146736,39.4739
109.1,0.151854,39.4814
109.15,0.152952,39.4891
109.2,0.149474,39.4966
109.25,0.154002,39.5043
109.3,0.151788,39.5119
109.35,0.132612,39.5185
109.4,0.141745,39.5256
109.45,0.135174,39.5323
109.5,0.129326,39.5388
109.55,0.141594,39.5459
109.6,0.153187,39.5535
109.65,0.147791,39.5609
109.7,0.134988,39.5677
109.75,0.154469,39.5754
109.8,0.152303,39.583
109.85,0.146268,39.5903
109.9,0.14344,39.5975
109.95,0.143165,39.6047
110.0,0.135915,39.6115
110.05,0.142468,39.6186
110.1,0.157342,39.6264
110.15,0.146971,39.6338
110.2,0.156791,39.6416
110.25,0.141898,39.6487
110.3,0.144662,39.656
110.35,0.116392,39.6618
110.4,0.119924,39.6678
110.45,0.130781,39.6743
110.5,0.129039,39.6808
110.55,0.14758,39.6881
110.6,0.144726,39.6954
110.65,0.140941,39.7024
110.7,0.13568,39.7092
110.75,0.129278,39.7157
110.8,0.12703,39.722
110.85,0.135462,39.7288
110.9,0.123999,39.735
110.95,0.120547,39.741
111.0,0.118484,39.747
111.05,0.119261,39.7529
111.1,0.12783,39.7593
111.15,0.0812904,39.7634
111.2,0.102794,39.7685
111.25,0.128979,39.775
111.3,0.135789,39.7817
111.35,0.139576,39.7887
111.4,0.148378,39.7961
111.45,0.106721,39.8015
111.5,0.105748,39.8068
111.55,0.112516,39.8124
111.6,0.120273,39.8184
111.65,0.10056,39.8234
111.7,0.0188677,39.8244
111.75,-0.000266277,39.8244
111.8,-0.000299002,39.8244
111.85,-0.000228309,39.8243
111.9,-0.00019545,39.8243
111.95,-0.000234787,39.8243
112.0,-0.00031059,39.8243
112.05,-0.000337037,39.8243
112.1,-0.00031857,39.8243
112.15,-0.000332529,39.8243
112.2,-0.000347589,39.8242
112.25,-0.000342146,39.8242
112.3,-0.000350194,39.8242
112.35,-0.000376407,39.8242
112.4,-0.000365788,39.8242
112.45,-0.000362583,39.8241
112.5,-0.000369929,39.8241
112.55,-0.000377509,39.8241
112.6,-0.000371231,39.8241
112.65,-0.000366523,39.8241
112.7,-0.000367057,39.8241
112.75,-0.000356605,39.824
112.8,-0.000366657,39.824
112.85,-0.000374738,39.824
112.9,-0.000376775,39.824
112.95,-0.000370029,39.824
113.0,-0.000369462,39.8239
113.05,-0.000361314,39.8239
113.1,-0.000378077,39.8239
113.15,-0.000377175,39.8239
113.2,-0.000388896,39.8239
113.25,-0.00038372,39.8238
113.3,-0.000379513,39.8238
113.35,-0.000377109,39.8238
113.4,-0.000329924,39.8238
113.45,-0.000327486,39.8238
113.5,-0.000347923,39.8238
113.55,-0.000384722,39.8237
113.6,-0.000400116,39.8237
113.65,-0.000398981,39.8237
113.7,-0.000396109,39.8237
113.75,-0.000393772,39.8237
113.8,-0.000375239,39.8236
113.85,-0.000350761,39.8236
113.9,-0.000373936,39.8236
113.95,-0.00038736,39.8236
114.0,-0.000394273,39.8236
114.05,-0.000385123,39.8236
114.1,-0.000394072,39.8235
114.15,-0.000401686,39.8235
114.2,-0.000304679,39.8235
114.25,-0.00027733,39.8235
114.3,-0.000345285,39.8235
114.35,-0.000367391,39.8234
114.4,-0.000365822,39.8234
114.45,-0.00038549,39.8234
114.5,-0.000386258,39.8234
114.55,-0.000387093,39.8234
114.6,-0.000354668,39.8234
114.65,-0.000390967,39.8233
114.7,-0.000391434,39.8233
114.75,-0.000390566,39.8233
114.8,-0.00039651,39.8233
114.85,-0.000382218,39.8233
114.9,-0.000368927,39.8232
114.95,-0.000380682,39.8232
115.0,-0.000371966,39.8232
115.05,-0.000377242,39.8232
115.1,-0.000373435,39.8232
115.15,-0.000369261,39.8231
115.2,-0.000370363,39.8231
115.25,-0.000363484,39.8231
115.3,-0.000364052,39.8231
115.35,-0.000373636,39.8231
115.4,-0.000374971,39.823
115.45,-0.000377209,39.823
115.5,-0.000371632,39.823
115.55,-0.000380281,39.823
115.6,-0.000380381,39.823
115.65,-0.000278365,39.823
115.7,-0.000315999,39.8229
115.75,-0.000347489,39.8229
115.8,-0.000382151,39.8229
115.85,-0.000332462,39.8229
115.9,-0.000380214,39.8229
115.95,-0.000385958,39.8229
116.0,-0.000386058,39.8228
116.05,-0.000381016,39.8228
116.1,-0.000382251,39.8228
116.15,-0.000381249,39.8228
116.2,-0.000382184,39.8228
116.25,-0.000371799,39.8227
116.3,-0.000383754,39.8227
116.35,-0.000375773,39.8227
116.4,-0.000373836,39.8227
116.45,-0.000372567,39.8227
116.5,-0.00037397,39.8226
116.55,-0.000376474,39.8226
116.6,-0.000365688,39.8226
116.65,-0.000373502,39.8226
116.7,-0.000361447,39.8226
116.75,-0.000355303,39.8226
116.8,-0.000372901,39.8225
116.85,-0.000383186,39.8225
116.9,-0.000375539,39.8225
116.95,-0.000366957,39.8225
117.0,-0.000360011,39.8225
117.05,-0.000363718,39.8224
117.1,-0.000371599,39.8224
117.15,-0.000370731,39.8224
117.2,-0.000364219,39.8224
117.25,-0.000378277,39.8224
117.3,-0.000379513,39.8223
117.35,-0.000378044,39.8223
117.4,-0.000372233,39.8223
117.45,-0.000381383,39.8223
117.5,-0.000375439,39.8223
117.55,-0.000377576,39.8223
117.6,-0.000367725,39.8222
117.65,-0.000371064,39.8222
117.7,-0.000373402,39.8222
117.75,-0.000357874,39.8222
117.8,-0.000367558,39.8222
117.85,-0.000375439,39.8221
117.9,-0.00037978,39.8221
117.95,-0.000372567,39.8221
118.0,-0.000368961,39.8221
118.05,-0.000365955,39.8221
118.1,-0.000373402,39.8221
118.15,-0.000389631,39.822
118.2,-0.000375138,39.822
118.25,-0.00038342,39.822
118.3,-0.00038135,39.822
118.35,-0.00038332,39.822
118.4,-0.000385223,39.8219
118.45,-0.00038322,39.8219
118.5,-0.000400417,39.8219
118.55,-0.000395775,39.8219
118.6,-0.000399248,39.8219
118.65,-0.000400384,39.8218
118.7,-0.000406795,39.8218
118.75,-0.000391234,39.8218
118.8,-0.000405893,39.8218
118.85,-0.000403923,39.8218
118.9,-0.000397044,39.8217
118.95,-0.00038706,39.8217
119.0,-0.000369027,39.8217
119.05,-0.000387928,39.8217
119.1,-0.000398413,39.8217
119.15,-0.000396944,39.8216
119.2,-0.000397846,39.8216
119.25,-0.000402254,39.8216
119.3,-0.000405727,39.8216
119.35,-0.00040045,39.8216
119.4,-0.00040409,39.8215
119.45,-0.000407663,39.8215
119.5,-0.000406528,39.8215
119.55,-0.000402888,39.8215
119.6,-0.000412272,39.8215
119.65,-0.000406461,39.8214
119.7,-0.000405393,39.8214
119.75,-0.0004094,39.8214
119.8,-0.000412272,39.8214
119.85,-0.000422156,39.8214
119.9,-0.000416112,39.8213
119.95,-0.000417781,39.8213
120.0,-0.000420419,39.8213
120.05,-0.000417047,39.8213
120.1,-0.000418182,39.8213
120.15,-0.000417915,39.8212
120.2,-0.00042239,39.8212
120.25,-0.000422089,39.8212
120.3,-0.000411003,39.8212
120.35,-0.000410736,39.8211
120.4,-0.00040399,39.8211
120.45,-0.000397478,39.8211
120.5,-0.00039287,39.8211
120.55,-0.00039621,39.8211
120.6,-0.000390499,39.821
120.65,-0.000406328,39.821
120.7,-0.000415811,39.821
120.75,-0.000408164,39.821
120.8,-0.000399515,39.821
120.85,-0.000402922,39.8209
120.9,-0.000401452,39.8209
120.95,-0.000397913,39.8209
121.0,-0.000409467,39.8209
121.05,-0.000408365,39.8209
121.1,-0.000418416,39.8208
121.15,-0.000420753,39.8208
121.2,-0.000419284,39.8208
121.25,-0.000413006,39.8208
121.3,-0.000416679,39.8208
121.35,-0.000418483,39.8207
121.4,-0.000423725,39.8207
121.45,-0.000417147,39.8207
121.5,-0.000427432,39.8207
121.55,-0.000424527,39.8207
121.6,-0.000421388,39.8206
121.65,-0.000421789,39.8206
121.7,-0.000423826,39.8206
121.75,-0.000418282,39.8206
121.8,-0.000418883,39.8205
121.85,-0.000412372,39.8205
121.9,-0.000415744,39.8205
121.95,-0.000414375,39.8205
122.0,-0.000410635,39.8205
122.05,-0.000414008,39.8204
122.1,-0.000417314,39.8204
122.15,-0.000418316,39.8204
122.2,-0.000418149,39.8204
122.25,-0.00041698,39.8204
122.3,-0.00041304,39.8203
122.35,-0.000410068,39.8203
122.4,-0.000419785,39.8203
122.45,-0.000424059,39.8203
122.5,-0.000420286,39.8203
122.55,-0.000417481,39.8202
122.6,-0.000425796,39.8202
122.65,-0.000417214,39.8202
122.7,-0.000417314,39.8202
122.75,-0.00041511,39.8202
122.8,-0.000417915,39.8201
122.85,-0.000419985,39.8201
122.9,-0.000417347,39.8201
122.95,-0.000412539,39.8201
123.0,-0.000415444,39.82
123.05,-0.000410068,39.82
123.1,-0.000419685,39.82
123.15,-0.000419217,39.82
123.2,-0.000415411,39.82
123.25,-0.000415244,39.8199
123.3,-0.000411537,39.8199
123.35,-0.000412772,39.8199
123.4,-0.000420787,39.8199
123.45,-0.000413474,39.8199
123.5,-0.00040389,39.8198
123.55,-0.00041127,39.8198
123.6,-0.000410101,39.8198
123.65,-0.000400885,39.8198
123.7,-0.000412605,39.8198
123.75,-0.000407396,39.8197
123.8,-0.000406662,39.8197
123.85,-0.000410969,39.8197
123.9,-0.000410769,39.8197
123.95,-0.000416913,39.8197
124.0,-0.000404224,39.8196
124.05,-0.000417781,39.8196
124.1,-0.000412839,39.8196
124.15,-0.000404925,39.8196
124.2,-0.000399182,39.8196
124.25,-0.000406895,39.8195
124.3,-0.000401285,39.8195
124.35,-0.000404691,39.8195
124.4,-0.000404424,39.8195
124.45,-0.00040773,39.8195
124.5,-0.000404992,39.8194
124.55,-0.000401686,39.8194
124.6,-0.000404291,39.8194
124.65,-0.000407897,39.8194
124.7,-0.000399015,39.8194
124.75,-0.000401452,39.8193
124.8,-0.000406561,39.8193
124.85,-0.00040379,39.8193
124.9,-0.000392336,39.8193
124.95,-0.000400718,39.8193
125.0,-0.000395074,39.8192
125.05,-0.000404291,39.8192
125.1,-0.000397879,39.8192
125.15,-0.00040005,39.8192
125.2,-0.000399382,39.8192
125.25,-0.000404391,39.8191
125.3,-0.000397712,39.8191
125.35,-0.000397746,39.8191
125.4,-0.000391534,39.8191
125.45,-0.000395775,39.8191
125.5,-0.000388663,39.819
125.55,-0.000391802,39.819
125.6,-0.00039277,39.819
125.65,-0.000395909,39.819
125.7,-0.000395909,39.819
125.75,-0.000404291,39.8189
125.8,-0.000401352,39.8189
125.85,-0.000410569,39.8189
125.9,-0.000407363,39.8189
125.95,-0.00040035,39.8189
126.0,-0.000394673,39.8188
126.05,-0.000385791,39.8188
126.1,-0.000392002,39.8188
126.15,-0.000378144,39.8188
126.2,-0.000375038,39.8188
126.25,-0.000392436,39.8187
126.3,-0.000384388,39.8187
126.35,-0.000386692,39.8187
126.4,-0.000381183,39.8187
126.45,-0.000399549,39.8187
126.5,-0.000404658,39.8186
126.55,-0.000407363,39.8186
126.6,-0.000404658,39.8186
126.65,-0.000407196,39.8186
126.7,-0.000406394,39.8186
126.75,-0.000397044,39.8185
126.8,-0.000404792,39.8185
126.85,-0.000406929,39.8185
126.9,-0.000400116,39.8185
126.95,-0.000413808,39.8185
127.0,-0.000407062,39.8184
127.05,-0.000422724,39.8184
127.1,-0.000437483,39.8184
127.15,-0.000432641,39.8184
127.2,-0.000426096,39.8184
127.25,-0.000420887,39.8183
127.3,-0.000424861,39.8183
127.35,-0.000425095,39.8183
127.4,-0.000430104,39.8183
127.45,-0.000432241,39.8182
127.5,-0.000426697,39.8182
127.55,-0.000433109,39.8182
127.6,-0.000432675,39.8182
127.65,-0.000431072,39.8182
127.7,-0.000428734,39.8181
127.75,-0.000436014,39.8181
127.8,-0.000428701,39.8181
127.85,-0.00041708,39.8181
127.9,-0.000428601,39.8181
127.95,-0.000424861,39.818
128.0,-0.000424527,39.818
128.05,-0.000423826,39.818
128.1,-0.000426931,39.818
128.15,-0.000427766,39.8179
128.2,-0.000435179,39.8179
128.25,-0.00042052,39.8179
128.3,-0.000427966,39.8179
128.35,-0.000434445,39.8179
128.4,-0.000442158,39.8178
128.45,-0.000434211,39.8178
128.5,-0.000436381,39.8178
128.55,-0.000436782,39.8178
128.6,-0.000441056,39.8177
128.65,-0.000438986,39.8177
128.7,-0.000443561,39.8177
128.75,-0.000437984,39.8177
128.8,-0.000429235,39.8177
128.85,-0.000438051,39.8176
128.9,-0.000436882,39.8176
128.95,-0.000443127,39.8176
129.0,-0.000445898,39.8176
129.05,-0.000440222,39.8176
129.1,-0.000440288,39.8175
129.15,-0.000434779,39.8175
129.2,-0.000444563,39.8175
129.25,-0.000442726,39.8175
129.3,-0.000436949,39.8174
129.35,-0.000437951,39.8174
129.4,-0.000439854,39.8174
129.45,-0.000430771,39.8174
129.5,-0.000437617,39.8174
129.55,-0.000437951,39.8173
129.6,-0.000438752,39.8173
129.65,-0.000438786,39.8173
129.7,-0.000439988,39.8173
129.75,-0.000434411,39.8172
129.8,-0.000436248,39.8172
129.85,-0.000446633,39.8172
129.9,-0.000436782,39.8172
129.95,-0.000450306,39.8172
130.0,-0.000437984,39.8171
130.05,-0.000433643,39.8171
130.1,-0.000437584,39.8171
130.15,-0.000443895,39.8171
130.2,-0.000438652,39.817
130.25,-0.000448036,39.817
130.3,-0.000434979,39.817
130.35,-0.000444262,39.817
130.4,-0.000436515,39.817
130.45,-0.000428801,39.8169
130.5,-0.000416713,39.8169
130.55,-0.000431205,39.8169
130.6,-0.000432241,39.8169
130.65,-0.000433176,39.8169
130.7,-0.000438118,39.8168
130.75,-0.000435547,39.8168
130.8,-0.000433009,39.8168
130.85,-0.000432708,39.8168
130.9,-0.00043184,39.8167
130.95,-0.000436916,39.8167
131.0,-0.000436548,39.8167
131.05,-0.000440055,39.8167
131.1,-0.000440455,39.8167
131.15,-0.000435914,39.8166
131.2,-0.000445965,39.8166
131.25,-0.000442626,39.8166
131.3,-0.000449004,39.8166
131.35,-0.000440288,39.8165
131.4,-0.000443093,39.8165
131.45,-0.000444195,39.8165
131.5,-0.000426363,39.8165
131.55,-0.000453679,39.8165
131.6,-0.00045231,39.8164
131.65,-0.000453078,39.8164
131.7,-0.000447869,39.8164
131.75,-0.000446099,39.8164
131.8,-0.000455449,39.8163
131.85,-0.000445932,39.8163
131.9,-0.000442926,39.8163
131.95,-0.000450974,39.8163
132.0,-0.000445865,39.8163
132.05,-0.000439387,39.8162
132.1,-0.000438953,39.8162
132.15,-0.000436181,39.8162
132.2,-0.000439487,39.8162
132.25,-0.00044473,39.8161
132.3,-0.000439387,39.8161
132.35,-0.000438686,39.8161
132.4,-0.000442192,39.8161
132.45,-0.000449438,39.8161
132.5,-0.000449906,39.816
132.55,-0.000446466,39.816
132.6,-0.000453245,39.816
132.65,-0.000449472,39.816
132.7,-0.000441624,39.8159
132.75,-0.000447401,39.8159
132.8,-0.000445631,39.8159
132.85,-0.000449037,39.8159
132.9,-0.000457252,39.8159
132.95,-0.000451175,39.8158
133.0,-0.000456851,39.8158
133.05,-0.000456351,39.8158
133.1,-0.000449071,39.8158
133.15,-0.000451008,39.8157
133.2,-0.000440055,39.8157
133.25,-0.000449472,39.8157
133.3,-0.000444396,39.8157
133.35,-0.000442392,39.8157
133.4,-0.000438585,39.8156
133.45,-0.000437617,39.8156
133.5,-0.000444396,39.8156
133.55,-0.000440589,39.8156
133.6,-0.00043952,39.8155
133.65,-0.000445631,39.8155
133.7,-0.000449238,39.8155
133.75,-0.000449705,39.8155
133.8,-0.000449138,39.8155
133.85,-0.000441624,39.8154
133.9,-0.000441123,39.8154
133.95,-0.000444496,39.8154
134.0,-0.000445097,39.8154
134.05,-0.000444329,39.8153
134.1,-0.000439921,39.8153
134.15,-0.000439621,39.8153
134.2,-0.000446633,39.8153
134.25,-0.000451208,39.8153
134.3,-0.000453913,39.8152
134.35,-0.000450006,39.8152
134.4,-0.00044887,39.8152
134.45,-0.000447601,39.8152
134.5,-0.000447535,39.8151
134.55,-0.000449104,39.8151
134.6,-0.000439454,39.8151
134.65,-0.00044326,39.8151
134.7,-0.000444195,39.8151
134.75,-0.000439053,39.815
134.8,-0.000440622,39.815
134.85,-0.000446199,39.815
134.9,-0.000436482,39.815
134.95,-0.000441491,39.8149
135.0,-0.000440422,39.8149
135.05,-0.000445665,39.8149
135.1,-0.000445531,39.8149
135.15,-0.000442158,39.8149
135.2,-0.000446099,39.8148
135.25,-0.000444162,39.8148
135.3,-0.000442593,39.8148
135.35,-0.000444797,39.8148
135.4,-0.000447101,39.8147
135.45,-0.000444496,39.8147
135.5,-0.000447234,39.8147
135.55,-0.000447101,39.8147
135.6,-0.000449371,39.8147
135.65,-0.000443027,39.8146
135.7,-0.000444062,39.8146
135.75,-0.000451442,39.8146
135.8,-0.000448236,39.8146
135.85,-0.000446399,39.8145
135.9,-0.000442092,39.8145
135.95,-0.000447134,39.8145
136.0,-0.000432875,39.8145
136.05,-0.000443561,39.8145
136.1,-0.000444663,39.8144
136.15,-0.000447134,39.8144
136.2,-0.000444095,39.8144
136.25,-0.000444229,39.8144
136.3,-0.000453646,39.8143
136.35,-0.0004467,39.8143
136.4,-0.000447301,39.8143
136.45,-0.000449037,39.8143
136.5,-0.000451074,39.8143
136.55,-0.00044316,39.8142
136.6,-0.000446466,39.8142
136.65,-0.000450273,39.8142
136.7,-0.000449305,39.8142
136.75,-0.000449071,39.8141
136.8,-0.00044286,39.8141
136.85,-0.000443628,39.8141
136.9,-0.000441557,39.8141
136.95,-0.000447835,39.814
137.0,-0.000444963,39.814
137.05,-0.000442192,39.814
137.1,-0.00044877,39.814
137.15,-0.000452277,39.814
137.2,-0.000441658,39.8139
137.25,-0.000447935,39.8139
137.3,-0.000446166,39.8139
137.35,-0.000441658,39.8139
137.4,-0.000443962,39.8139
137.45,-0.000451408,39.8138
137.5,-0.000447601,39.8138
137.55,-0.000440589,39.8138
137.6,-0.000447468,39.8138
137.65,-0.000443962,39.8137
137.7,-0.000456584,39.8137
137.75,-0.000458454,39.8137
137.8,-0.000452377,39.8137
137.85,-0.000459222,39.8136
137.9,-0.000455716,39.8136
137.95,-0.00045438,39.8136
138.0,-0.000453445,39.8136
138.05,-0.000438218,39.8136
138.1,-0.000452143,39.8135
138.15,-0.000444062,39.8135
138.2,-0.000441791,39.8135
138.25,-0.000448069,39.8135
138.3,-0.000444763,39.8134
138.35,-0.000437517,39.8134
138.4,-0.000445832,39.8134
138.45,-0.000444863,39.8134
138.5,-0.000424093,39.8134
138.55,-0.000429068,39.8133
138.6,-0.000439854,39.8133
138.65,-0.000435714,39.8133
138.7,-0.000429436,39.8133
138.75,-0.000444797,39.8132
138.8,-0.000435413,39.8132
138.85,-0.000433176,39.8132
138.9,-0.000428133,39.8132
138.95,-0.000429836,39.8132
139.0,-0.000418716,39.8131
139.05,-0.000431372,39.8131
139.1,-0.000434678,39.8131
139.15,-0.000432307,39.8131
139.2,-0.000429068,39.8131
139.25,-0.000440489,39.813
139.3,-0.000429335,39.813
139.35,-0.000436281,39.813
139.4,-0.000432942,39.813
139.45,-0.000421521,39.8129
139.5,-0.000423926,39.8129
139.55,-0.000422423,39.8129
139.6,-0.000429135,39.8129
139.65,-0.000437751,39.8129
139.7,-0.000444095,39.8128
139.75,-0.000437383,39.8128
139.8,-0.000437517,39.8128
139.85,-0.000432641,39.8128
139.9,-0.000435747,39.8128
139.95,-0.00042977,39.8127
140.0,-0.000431005,39.8127
140.05,-0.00043568,39.8127
140.1,-0.000427432,39.8127
140.15,-0.000432975,39.8126
140.2,-0.000436281,39.8126
140.25,-0.000436815,39.8126
140.3,-0.000439788,39.8126
140.35,-0.000434545,39.8126
140.4,-0.000442793,39.8125
140.45,-0.000446666,39.8125
140.5,-0.000432675,39.8125
140.55,-0.000439086,39.8125
140.6,-0.000447568,39.8124
140.65,-0.000445097,39.8124
140.7,-0.000430104,39.8124
140.75,-0.000435881,39.8124
140.8,-0.000438485,39.8124
140.85,-0.000439988,39.8123
140.9,-0.000439788,39.8123
140.95,-0.000445297,39.8123
141.0,-0.000443127,39.8123
141.05,-0.000439587,39.8122
141.1,-0.000447768,39.8122
141.15,-0.000444062,39.8122
141.2,-0.000435046,39.8122
141.25,-0.000425629,39.8122
141.3,-0.000432174,39.8121
141.35,-0.000436114,39.8121
141.4,-0.000431406,39.8121
141.45,-0.00042603,39.8121
141.5,-0.000426831,39.8121
141.55,-0.000425762,39.812
141.6,-0.000428,39.812
141.65,-0.000422557,39.812
141.7,-0.000432541,39.812
141.75,-0.00042623,39.8119
141.8,-0.000423091,39.8119
141.85,-0.000430671,39.8119
141.9,-0.000428701,39.8119
141.95,-0.000423725,39.8119
142.0,-0.000434712,39.8118
142.05,-0.000431506,39.8118
142.1,-0.000432307,39.8118
142.15,-0.000421688,39.8118
142.2,-0.00042613,39.8118
142.25,-0.000424293,39.8117
142.3,-0.000425629,39.8117
142.35,-0.000436415,39.8117
142.4,-0.000427933,39.8117
142.45,-0.000433242,39.8116
142.5,-0.000437517,39.8116
142.55,-0.000442292,39.8116
142.6,-0.000433209,39.8116
142.65,-0.000440188,39.8116
142.7,-0.000440489,39.8115
142.75,-0.000429536,39.8115
142.8,-0.000430838,39.8115
142.85,-0.00043174,39.8115
142.9,-0.000432074,39.8115
142.95,-0.000433042,39.8114
143.0,-0.000431974,39.8114
143.05,-0.00043568,39.8114
143.1,-0.000438619,39.8114
143.15,-0.000429335,39.8113
143.2,-0.000438352,39.8113
143.25,-0.0004282,39.8113
143.3,-0.000430304,39.8113
143.35,-0.000431239,39.8113
143.4,-0.000441958,39.8112
143.45,-0.000439821,39.8112
143.5,-0.000439086,39.8112
143.55,-0.000432575,39.8112
143.6,-0.0004279,39.8111
143.65,-0.000434912,39.8111
143.7,-0.000426263,39.8111
143.75,-0.000431439,39.8111
143.8,-0.000438585,39.8111
143.85,-0.000432575,39.811
143.9,-0.000430805,39.811
143.95,-0.000436381,39.811
144.0,-0.000434478,39.811
144.05,-0.000437918,39.811
144.1,-0.00043174,39.8109
144.15,-0.000439888,39.8109
144.2,-0.000438218,39.8109
144.25,-0.000448603,39.8109
144.3,-0.000452777,39.8108
144.35,-0.00044513,39.8108
144.4,-0.000447268,39.8108
144.45,-0.000448937,39.8108
144.5,-0.000449906,39.8108
144.55,-0.000445598,39.8107
144.6,-0.000443628,39.8107
144.65,-0.000441891,39.8107
144.7,-0.000438385,39.8107
144.75,-0.000445798,39.8106
144.8,-0.000443728,39.8106
144.85,-0.000442693,39.8106
144.9,-0.000440422,39.8106
144.95,-0.000437383,39.8106
145.0,-0.000440121,39.8105
145.05,-0.000438452,39.8105
145.1,-0.000442058,39.8105
145.15,-0.000440756,39.8105
145.2,-0.000452777,39.8104
145.25,-0.000449672,39.8104
145.3,-0.000445798,39.8104
145.35,-0.000441457,39.8104
145.4,-0.000439487,39.8104
145.45,-0.000434478,39.8103
145.5,-0.000445231,39.8103
145.55,-0.000452343,39.8103
145.6,-0.000452844,39.8103
145.65,-0.000451742,39.8102
145.7,-0.000444596,39.8102
145.75,-0.000451675,39.8102
145.8,-0.000452444,39.8102
145.85,-0.000448503,39.8102
145.9,-0.000443294,39.8101
145.95,-0.000443227,39.8101
146.0,-0.000431205,39.8101
146.05,-0.000441056,39.8101
146.1,-0.000451709,39.81
146.15,-0.000450674,39.81
146.2,-0.000442726,39.81
146.25,-0.000452811,39.81
146.3,-0.0004467,39.81
146.35,-0.0004469,39.8099
146.4,-0.000442726,39.8099
146.45,-0.000436348,39.8099
146.5,-0.00043952,39.8099
146.55,-0.000453278,39.8098
146.6,-0.000453879,39.8098
146.65,-0.00044857,39.8098
146.7,-0.000450206,39.8098
146.75,-0.000444997,39.8097
146.8,-0.000444162,39.8097
146.85,-0.000438686,39.8097
146.9,-0.000441223,39.8097
146.95,-0.000442492,39.8097
147.0,-0.000446366,39.8096
147.05,-0.000447401,39.8096
147.1,-0.000444963,39.8096
147.15,-0.000442659,39.8096
147.2,-0.000447101,39.8096
147.25,-0.000450473,39.8095
147.3,-0.000443561,39.8095
147.35,-0.000440155,39.8095
147.4,-0.000442993,39.8095
147.45,-0.000445331,39.8094
147.5,-0.000439687,39.8094
147.55,-0.000438151,39.8094
147.6,-0.000445398,39.8094
147.65,-0.000439754,39.8094
147.7,-0.000440121,39.8093
147.75,-0.000437083,39.8093
147.8,-0.000442359,39.8093
147.85,-0.00044463,39.8093
147.9,-0.000436682,39.8092
147.95,-0.00044119,39.8092
148.0,-0.000443761,39.8092
148.05,-0.000443127,39.8092
148.1,-0.000439387,39.8092
148.15,-0.000443561,39.8091
148.2,-0.000439621,39.8091
148.25,-0.000449906,39.8091
148.3,-0.000444663,39.8091
148.35,-0.000442225,39.809
148.4,-0.000439921,39.809
148.45,-0.000447435,39.809
148.5,-0.000458488,39.809
148.55,-0.000457553,39.809
148.6,-0.000443728,39.8089
148.65,-0.000445264,39.8089
148.7,-0.000442626,39.8089
148.75,-0.000448704,39.8089
148.8,-0.000443027,39.8088
148.85,-0.000442626,39.8088
148.9,-0.000449772,39.8088
148.95,-0.00045044,39.8088
149.0,-0.000453612,39.8088
149.05,-0.000451041,39.8087
149.1,-0.000450073,39.8087
149.15,-0.000447368,39.8087
149.2,-0.000446867,39.8087
149.25,-0.000454681,39.8086
149.3,-0.000448136,39.8086
149.35,-0.000458554,39.8086
149.4,-0.000457753,39.8086
149.45,-0.000463463,39.8085
149.5,-0.0004656,39.8085
149.55,-0.000460925,39.8085
149.6,-0.000454748,39.8085
149.65,-0.000463397,39.8085
149.7,-0.000458321,39.8084
149.75,-0.000463129,39.8084
149.8,-0.00045812,39.8084
149.85,-0.000462528,39.8084
149.9,-0.000451909,39.8083
149.95,-0.000449371,39.8083
150.0,-0.000466903,39.8083
150.05,-0.000465233,39.8083
150.1,-0.000449238,39.8083
150.15,-0.000451408,39.8082
150.2,-0.00045605,39.8082
150.25,-0.000456918,39.8082
150.3,-0.000455582,39.8082
150.35,-0.000456317,39.8081
150.4,-0.000458922,39.8081
150.45,-0.000460491,39.8081
150.5,-0.000460091,39.8081
150.55,-0.000463129,39.808
150.6,-0.000463096,39.808
150.65,-0.000464131,39.808
150.7,-0.00046914,39.808
150.75,-0.000467237,39.8079
150.8,-0.000464031,39.8079
150.85,-0.000455315,39.8079
150.9,-0.000456484,39.8079
150.95,-0.000446399,39.8079
151.0,-0.000446266,39.8078
151.05,-0.000451842,39.8078
151.1,-0.000457119,39.8078
151.15,-0.000444429,39.8078
151.2,-0.000449505,39.8077
151.25,-0.000450206,39.8077
151.3,-0.0004468,39.8077
151.35,-0.000451408,39.8077
151.4,-0.000448904,39.8077
151.45,-0.000454514,39.8076
151.5,-0.000451008,39.8076
151.55,-0.000448603,39.8076
151.6,-0.000446566,39.8076
151.65,-0.000447702,39.8075
151.7,-0.000457853,39.8075
151.75,-0.00046333,39.8075
151.8,-0.000459857,39.8075
151.85,-0.000451809,39.8075
151.9,-0.000457018,39.8074
151.95,-0.00045792,39.8074
152.0,-0.000459656,39.8074
152.05,-0.000457786,39.8074
152.1,-0.000451976,39.8073
152.15,-0.000453312,39.8073
152.2,-0.000462094,39.8073
152.25,-0.000461026,39.8073
152.3,-0.000465367,39.8072
152.35,-0.000459289,39.8072
152.4,-0.000460124,39.8072
152.45,-0.000463664,39.8072
152.5,-0.000454347,39.8072
152.55,-0.000455716,39.8071
152.6,-0.000453345,39.8071
152.65,-0.000454113,39.8071
152.7,-0.000453412,39.8071
152.75,-0.000452243,39.807
152.8,-0.000447167,39.807
152.85,-0.000445565,39.807
152.9,-0.000444195,39.807
152.95,-0.000449271,39.8069
153.0,-0.000451041,39.8069
153.05,-0.000453445,39.8069
153.1,-0.000449338,39.8069
153.15,-0.000449672,39.8069
153.2,-0.000457252,39.8068
153.25,-0.000455382,39.8068
153.3,-0.000462595,39.8068
153.35,-0.0004651,39.8068
153.4,-0.000467003,39.8067
153.45,-0.000456017,39.8067
153.5,-0.000467804,39.8067
153.55,-0.000462361,39.8067
153.6,-0.000460491,39.8067
153.65,-0.000455115,39.8066
153.7,-0.000447702,39.8066
153.75,-0.000455082,39.8066
153.8,-0.000456651,39.8066
153.85,-0.000454414,39.8065
153.9,-0.000455015,39.8065
153.95,-0.000455582,39.8065
154.0,-0.000455315,39.8065
154.05,-0.000452844,39.8064
154.1,-0.000454848,39.8064
154.15,-0.000449371,39.8064
154.2,-0.000451175,39.8064
154.25,-0.000452777,39.8064
154.3,-0.000458454,39.8063
154.35,-0.000463229,39.8063
154.4,-0.0004651,39.8063
154.45,-0.000470509,39.8063
154.5,-0.000466803,39.8062
154.55,-0.000462795,39.8062
154.6,-0.000463196,39.8062
154.65,-0.000462194,39.8062
154.7,-0.000463229,39.8061
154.75,-0.000454514,39.8061
154.8,-0.000463229,39.8061
154.85,-0.000465066,39.8061
154.9,-0.000462495,39.8061
154.95,-0.000455716,39.806
155.0,-0.000462996,39.806
155.05,-0.00046717,39.806
155.1,-0.000453813,39.806
155.15,-0.00045595,39.8059
155.2,-0.000455649,39.8059
155.25,-0.000459055,39.8059
155.3,-0.000451241,39.8059
155.35,-0.000451108,39.8059
155.4,-0.000456851,39.8058
155.45,-0.000452176,39.8058
155.5,-0.000455749,39.8058
155.55,-0.000461226,39.8058
155.6,-0.000458955,39.8057
155.65,-0.000458922,39.8057
155.7,-0.00045054,39.8057
155.75,-0.000455983,39.8057
155.8,-0.000455082,39.8056
155.85,-0.000449739,39.8056
155.9,-0.000458788,39.8056
155.95,-0.000446433,39.8056
156.0,-0.000450941,39.8056
156.05,-0.000454614,39.8055
156.1,-0.000455048,39.8055
156.15,-0.000455749,39.8055
156.2,-0.00045398,39.8055
156.25,-0.000457786,39.8054
156.3,-0.000460057,39.8054
156.35,-0.00045615,39.8054
156.4,-0.000458488,39.8054
156.45,-0.000465834,39.8054
156.5,-0.000462996,39.8053
156.55,-0.000468773,39.8053
156.6,-0.0004652,39.8053
156.65,-0.000462495,39.8053
156.7,-0.000470108,39.8052
156.75,-0.000468973,39.8052
156.8,-0.000457185,39.8052
156.85,-0.000459122,39.8052
156.9,-0.000461426,39.8051
156.95,-0.000460825,39.8051
157.0,-0.000459757,39.8051
157.05,-0.000466569,39.8051
157.1,-0.000453212,39.805
157.15,-0.000453278,39.805
157.2,-0.000463697,39.805
157.25,-0.000465734,39.805
157.3,-0.000458254,39.805
157.35,-0.000462595,39.8049
157.4,-0.0004654,39.8049
157.45,-0.000463463,39.8049
157.5,-0.000463497,39.8049
157.55,-0.000460959,39.8048
157.6,-0.000462495,39.8048
157.65,-0.000466769,39.8048
157.7,-0.000465834,39.8048
157.75,-0.000466035,39.8047
157.8,-0.000465133,39.8047
157.85,-0.0004651,39.8047
157.9,-0.000471144,39.8047
157.95,-0.000472546,39.8047
158.0,-0.000471711,39.8046
158.05,-0.000456417,39.8046
158.1,-0.000451909,39.8046
158.15,-0.000461259,39.8046
158.2,-0.000457786,39.8045
158.25,-0.000456517,39.8045
158.3,-0.000453479,39.8045
158.35,-0.000460892,39.8045
158.4,-0.000460692,39.8044
158.45,-0.000455883,39.8044
158.5,-0.000453145,39.8044
158.55,-0.000456551,39.8044
158.6,-0.000460391,39.8044
158.65,-0.000455015,39.8043
158.7,-0.000453212,39.8043
158.75,-0.000464198,39.8043
158.8,-0.000462395,39.8043
158.85,-0.000461493,39.8042
158.9,-0.000454647,39.8042
158.95,-0.000453145,39.8042
159.0,-0.000442559,39.8042
159.05,-0.000447501,39.8042
159.1,-0.000457686,39.8041
159.15,-0.000458788,39.8041
159.2,-0.000448837,39.8041
159.25,-0.000449271,39.8041
159.3,-0.000450707,39.804
159.35,-0.000453111,39.804
159.4,-0.000445297,39.804
159.45,-0.000445097,39.804
159.5,-0.000453579,39.8039
159.55,-0.00045251,39.8039
159.6,-0.000448704,39.8039
159.65,-0.000450874,39.8039
159.7,-0.000449772,39.8039
159.75,-0.000448904,39.8038
159.8,-0.000448603,39.8038
159.85,-0.000455482,39.8038
159.9,-0.000451842,39.8038
159.95,-0.000435981,39.8037
160.0,-0.000420887,39.8037
160.05,-0.000451208,39.8037
160.1,-0.000452577,39.8037
160.15,-0.000459423,39.8037
160.2,-0.000457052,39.8036
160.25,-0.000441357,39.8036
160.3,-0.000445999,39.8036
160.35,-0.000451475,39.8036
160.4,-0.000449104,39.8035
160.45,-0.000450106,39.8035
160.5,-0.000447134,39.8035
160.55,-0.000453813,39.8035
160.6,-0.00044857,39.8035
160.65,-0.000453378,39.8034
160.7,-0.000458655,39.8034
160.75,-0.000460157,39.8034
160.8,-0.000462862,39.8034
160.85,-0.000460091,39.8033
160.9,-0.000464966,39.8033
160.95,-0.000464164,39.8033
161.0,-0.000473381,39.8033
161.05,-0.000473414,39.8032
161.1,-0.000470543,39.8032
161.15,-0.000470509,39.8032
161.2,-0.00047308,39.8032
161.25,-0.000473815,39.8032
161.3,-0.000474249,39.8031
161.35,-0.000476253,39.8031
161.4,-0.000467871,39.8031
161.45,-0.000465266,39.8031
161.5,-0.000469841,39.803
161.55,-0.000470309,39.803
161.6,-0.000465567,39.803
161.65,-0.000468305,39.803
161.7,-0.000467137,39.8029
161.75,-0.000464532,39.8029
161.8,-0.000459122,39.8029
161.85,-0.000467804,39.8029
161.9,-0.00046697,39.8028
161.95,-0.000473682,39.8028
162.0,-0.000472646,39.8028
162.05,-0.00045782,39.8028
162.1,-0.000455449,39.8028
162.15,-0.000457352,39.8027
162.2,-0.000466502,39.8027
162.25,-0.000460792,39.8027
162.3,-0.000464799,39.8027
162.35,-0.000468606,39.8026
162.4,-0.000472713,39.8026
162.45,-0.00046707,39.8026
162.5,-0.00046156,39.8026
162.55,-0.000467871,39.8025
162.6,-0.000471411,39.8025
162.65,-0.000463897,39.8025
162.7,-0.00047091,39.8025
162.75,-0.000470877,39.8025
162.8,-0.000469775,39.8024
162.85,-0.000470576,39.8024
162.9,-0.000452176,39.8024
162.95,-0.000454647,39.8024
163.0,-0.000460224,39.8023
163.05,-0.000468606,39.8023
163.1,-0.000469841,39.8023
163.15,-0.000466702,39.8023
163.2,-0.000467337,39.8022
163.25,-0.000463296,39.8022
163.3,-0.000467504,39.8022
163.35,-0.000471077,39.8022
163.4,-0.000467437,39.8022
163.45,-0.000467203,39.8021
163.5,-0.000462896,39.8021
163.55,-0.000474583,39.8021
163.6,-0.00047111,39.8021
163.65,-0.000475886,39.802
163.7,-0.000482564,39.802
163.75,-0.000460959,39.802
163.8,-0.000470309,39.802
163.85,-0.000466502,39.8019
163.9,-0.000468906,39.8019
163.95,-0.000460859,39.8019
164.0,-0.000455482,39.8019
164.05,-0.00046333,39.8018
164.1,-0.000462996,39.8018
164.15,-0.000463797,39.8018
164.2,-0.000472413,39.8018
164.25,-0.000471277,39.8018
164.3,-0.000467571,39.8017
164.35,-0.000461693,39.8017
164.4,-0.000463163,39.8017
164.45,-0.000463497,39.8017
164.5,-0.000458154,39.8016
164.55,-0.000468706,39.8016
164.6,-0.000468773,39.8016
164.65,-0.000462228,39.8016
164.7,-0.000465534,39.8015
164.75,-0.000475284,39.8015
164.8,-0.000477088,39.8015
164.85,-0.000473915,39.8015
164.9,-0.000463897,39.8014
164.95,-0.000454581,39.8014
165.0,-0.00045241,39.8014
165.05,-0.000451074,39.8014
165.1,-0.000456751,39.8014
165.15,-0.000452811,39.8013
165.2,-0.000451609,39.8013
165.25,-0.000459389,39.8013
165.3,-0.000452577,39.8013
165.35,-0.000450907,39.8012
165.4,-0.000455182,39.8012
165.45,-0.00045428,39.8012
165.5,-0.000456584,39.8012
165.55,-0.000461894,39.8012
165.6,-0.000457786,39.8011
165.65,-0.000462228,39.8011
165.7,-0.000470543,39.8011
165.75,-0.000459389,39.8011
165.8,-0.000455082,39.801
165.85,-0.000462128,39.801
165.9,-0.000456818,39.801
165.95,-0.000461493,39.801
166.0,-0.000454781,39.8009
166.05,-0.000460124,39.8009
166.1,-0.000460758,39.8009
166.15,-0.000460358,39.8009
166.2,-0.000463964,39.8009
166.25,-0.000467704,39.8008
166.3,-0.000460692,39.8008
166.35,-0.000466836,39.8008
166.4,-0.000452377,39.8008
166.45,-0.000462228,39.8007
166.5,-0.000464298,39.8007
166.55,-0.000455449,39.8007
166.6,-0.000460959,39.8007
166.65,-0.000451642,39.8006
166.7,-0.000449638,39.8006
166.75,-0.000459823,39.8006
166.8,-0.000454514,39.8006
166.85,-0.000459256,39.8006
166.9,-0.000466335,39.8005
166.95,-0.000459055,39.8005
167.0,-0.000458989,39.8005
167.05,-0.000459857,39.8005
167.1,-0.000451809,39.8004
167.15,-0.000449906,39.8004
167.2,-0.000451509,39.8004
167.25,-0.000457786,39.8004
167.3,-0.000453212,39.8004
167.35,-0.000458755,39.8003
167.4,-0.000463463,39.8003
167.45,-0.000456618,39.8003
167.5,-0.000461961,39.8003
167.55,-0.000467103,39.8002
167.6,-0.000464933,39.8002
167.65,-0.00046737,39.8002
167.7,-0.000468105,39.8002
167.75,-0.000466769,39.8001
167.8,-0.000466168,39.8001
167.85,-0.00046146,39.8001
167.9,-0.000458655,39.8001
167.95,-0.000462495,39.8
168.0,-0.000461426,39.8
168.05,-0.000458588,39.8
168.1,-0.00047091,39.8
168.15,-0.000468205,39.8
168.2,-0.000466402,39.7999
168.25,-0.000461493,39.7999
168.3,-0.000459423,39.7999
168.35,-0.000463363,39.7999
168.4,-0.000459356,39.7998
168.45,-0.000457386,39.7998
168.5,-0.000464465,39.7998
168.55,-0.000468973,39.7998
168.6,-0.000475251,39.7997
168.65,-0.000464732,39.7997
168.7,-0.000468405,39.7997
168.75,-0.000460591,39.7997
168.8,-0.000462194,39.7997
168.85,-0.000470643,39.7996
168.9,-0.000463998,39.7996
168.95,-0.000462328,39.7996
169.0,-0.000451776,39.7996
169.05,-0.000450139,39.7995
169.1,-0.000453245,39.7995
169.15,-0.00045792,39.7995
169.2,-0.000467604,39.7995
169.25,-0.000461226,39.7994
169.3,-0.000454748,39.7994
169.35,-0.000460291,39.7994
169.4,-0.000454681,39.7994
169.45,-0.000462795,39.7994
169.5,-0.000462495,39.7993
169.55,-0.000468372,39.7993
169.6,-0.000459723,39.7993
169.65,-0.00046894,39.7993
169.7,-0.000467404,39.7992
169.75,-0.000459456,39.7992
169.8,-0.000454781,39.7992
169.85,-0.000456918,39.7992
169.9,-0.000457018,39.7991
169.95,-0.000454748,39.7991
170.0,-0.000459723,39.7991
170.05,-0.000464031,39.7991
170.1,-0.000461493,39.7991
170.15,-0.000478023,39.799
170.2,-0.000473715,39.799
170.25,-0.000475852,39.799
170.3,-0.00047298,39.799
170.35,-0.000469274,39.7989
170.4,-0.000466101,39.7989
170.45,-0.000461493,39.7989
170.5,-0.000460224,39.7989
170.55,-0.000462228,39.7988
170.6,-0.000458387,39.7988
170.65,-0.000461493,39.7988
170.7,-0.000457653,39.7988
170.75,-0.000472079,39.7988
170.8,-0.000465868,39.7987
170.85,-0.000461693,39.7987
170.9,-0.000464832,39.7987
170.95,-0.000460825,39.7987
171.0,-0.000464999,39.7986
171.05,-0.000463397,39.7986
171.1,-0.000466201,39.7986
171.15,-0.000466736,39.7986
171.2,-0.000467404,39.7985
171.25,-0.000470609,39.7985
171.3,-0.000466569,39.7985
171.35,-0.000468372,39.7985
171.4,-0.000462395,39.7985
171.45,-0.000457987,39.7984
171.5,-0.000460859,39.7984
171.55,-0.000470643,39.7984
171.6,-0.00046904,39.7984
171.65,-0.000464198,39.7983
171.7,-0.000468673,39.7983
171.75,-0.000464064,39.7983
171.8,-0.000468071,39.7983
171.85,-0.000464632,39.7982
171.9,-0.000469107,39.7982
171.95,-0.000470342,39.7982
172.0,-0.000482431,39.7982
172.05,-0.000471077,39.7981
172.1,-0.000472112,39.7981
172.15,-0.000472246,39.7981
172.2,-0.00046924,39.7981
172.25,-0.00046697,39.7981
172.3,-0.000478991,39.798
172.35,-0.000475284,39.798
172.4,-0.000476687,39.798
172.45,-0.000474784,39.798
172.5,-0.00047071,39.7979
172.55,-0.000471778,39.7979
172.6,-0.00046186,39.7979
172.65,-0.000458387,39.7979
172.7,-0.000458989,39.7978
172.75,-0.000461426,39.7978
172.8,-0.000463931,39.7978
172.85,-0.000463096,39.7978
172.9,-0.000458521,39.7977
172.95,-0.000460925,39.7977
173.0,-0.000467604,39.7977
173.05,-0.000458454,39.7977
173.1,-0.000447134,39.7977
173.15,-0.000458521,39.7976
173.2,-0.000460157,39.7976
173.25,-0.000468005,39.7976
173.3,-0.000458254,39.7976
173.35,-0.000459924,39.7975
173.4,-0.000464966,39.7975
173.45,-0.000463864,39.7975
173.5,-0.00046176,39.7975
173.55,-0.000450507,39.7975
173.6,-0.000453746,39.7974
173.65,-0.000464265,39.7974
173.7,-0.000461293,39.7974
173.75,-0.000461026,39.7974
173.8,-0.000459389,39.7973
173.85,-0.000470476,39.7973
173.9,-0.000465934,39.7973
173.95,-0.000474884,39.7973
174.0,-0.000466636,39.7972
174.05,-0.000464899,39.7972
174.1,-0.000467237,39.7972
174.15,-0.000462328,39.7972
174.2,-0.000459489,39.7971
174.25,-0.000456417,39.7971
174.3,-0.000460892,39.7971
174.35,-0.000457887,39.7971
174.4,-0.00046166,39.7971
174.45,-0.00046156,39.797
174.5,-0.00046156,39.797
174.55,-0.000460024,39.797
174.6,-0.000464164,39.797
174.65,-0.00046156,39.7969
174.7,-0.000452844,39.7969
174.75,-0.000449705,39.7969
174.8,-0.000456918,39.7969
174.85,-0.000466101,39.7968
174.9,-0.000466135,39.7968
174.95,-0.000466636,39.7968
175.0,-0.000460291,39.7968
175.05,-0.000463029,39.7968
175.1,-0.000461794,39.7967
175.15,-0.000455382,39.7967
175.2,-0.000460558,39.7967
175.25,-0.000469975,39.7967
175.3,-0.00046697,39.7966
175.35,-0.000463029,39.7966
175.4,-0.000462027,39.7966
175.45,-0.000454213,39.7966
175.5,-0.000453946,39.7966
175.55,-0.000467704,39.7965
175.6,-0.000464298,39.7965
175.65,-0.000458354,39.7965
175.7,-0.000468773,39.7965
175.75,-0.000466168,39.7964
175.8,-0.000458321,39.7964
175.85,-0.000459757,39.7964
175.9,-0.000466302,39.7964
175.95,-0.000457419,39.7963
176.0,-0.000462495,39.7963
176.05,-0.000467838,39.7963
176.1,-0.00046904,39.7963
176.15,-0.000458955,39.7962
176.2,-0.000464999,39.7962
176.25,-0.000465634,39.7962
176.3,-0.000471478,39.7962
176.35,-0.000463864,39.7962
176.4,-0.000470042,39.7961
176.45,-0.000468272,39.7961
176.5,-0.000458855,39.7961
176.55,-0.000461393,39.7961
176.6,-0.000462461,39.796
176.65,-0.000470342,39.796
176.7,-0.000466569,39.796
176.75,-0.000468539,39.796
176.8,-0.00047475,39.7959
176.85,-0.000479626,39.7959
176.9,-0.000473748,39.7959
176.95,-0.000468572,39.7959
177.0,-0.000478256,39.7958
177.05,-0.000472613,39.7958
177.1,-0.000466836,39.7958
177.15,-0.000467237,39.7958
177.2,-0.000458922,39.7958
177.25,-0.000461927,39.7957
177.3,-0.000458922,39.7957
177.35,-0.000468038,39.7957
177.4,-0.000474283,39.7957
177.45,-0.000473147,39.7956
177.5,-0.000467871,39.7956
177.55,-0.000460424,39.7956
177.6,-0.000469107,39.7956
177.65,-0.000472546,39.7955
177.7,-0.00046156,39.7955
177.75,-0.000474817,39.7955
177.8,-0.00047475,39.7955
177.85,-0.000471177,39.7955
177.9,-0.000474984,39.7954
177.95,-0.000473381,39.7954
178.0,-0.000481763,39.7954
178.05,-0.000469507,39.7954
178.1,-0.000479492,39.7953
178.15,-0.000475117,39.7953
178.2,-0.000479759,39.7953
178.25,-0.00048056,39.7953
178.3,-0.000479058,39.7952
178.35,-0.000481863,39.7952
178.4,-0.000487807,39.7952
178.45,-0.000485369,39.7952
178.5,-0.000486137,39.7951
178.55,-0.000486939,39.7951
178.6,-0.000482264,39.7951
178.65,-0.000484267,39.7951
178.7,-0.00048006,39.795
178.75,-0.00047495,39.795
178.8,-0.000481295,39.795
178.85,-0.000486404,39.795
178.9,-0.000477789,39.7949
178.95,-0.000481128,39.7949
179.0,-0.000482764,39.7949
179.05,-0.000482531,39.7949
179.1,-0.000484601,39.7948
179.15,-0.00049305,39.7948
179.2,-0.000488107,39.7948
179.25,-0.000489276,39.7948
179.3,-0.000488074,39.7948
179.35,-0.00048774,39.7947
179.4,-0.000487673,39.7947
179.45,-0.000472212,39.7947
179.5,-0.000472079,39.7947
179.55,-0.000467905,39.7946
179.6,-0.00047485,39.7946
179.65,-0.000470576,39.7946
179.7,-0.000470108,39.7946
179.75,-0.000466903,39.7945
179.8,-0.000461894,39.7945
179.85,-0.000466268,39.7945
179.9,-0.000461927,39.7945
179.95,-0.000470376,39.7944
180.0,-0.000471845,39.7944
180.05,-0.000475218,39.7944
180.1,-0.000472012,39.7944
180.15,-0.000475151,39.7943
180.2,-0.000468305,39.7943
180.25,-0.000476654,39.7943
180.3,-0.000473782,39.7943
180.35,-0.000475084,39.7943
180.4,-0.000473982,39.7942
180.45,-0.000483833,39.7942
180.5,-0.000483432,39.7942
180.55,-0.000467137,39.7942
180.6,-0.000478357,39.7941
180.65,-0.000468773,39.7941
180.7,-0.000464532,39.7941
180.75,-0.000464064,39.7941
180.8,-0.000463931,39.794
180.85,-0.000460324,39.794
180.9,-0.000466636,39.794
180.95,-0.000470943,39.794
181.0,-0.000475685,39.7939
181.05,-0.000472212,39.7939
181.1,-0.000473047,39.7939
181.15,-0.000471878,39.7939
181.2,-0.000478023,39.7939
181.25,-0.000476487,39.7938
181.3,-0.000479525,39.7938
181.35,-0.000474049,39.7938
181.4,-0.000474283,39.7938
181.45,-0.000474182,39.7937
181.5,-0.000477689,39.7937
181.55,-0.000476854,39.7937
181.6,-0.000478256,39.7937
181.65,-0.000484267,39.7936
181.7,-0.000479358,39.7936
181.75,-0.000477555,39.7936
181.8,-0.000474583,39.7936
181.85,-0.000473982,39.7935
181.9,-0.000481663,39.7935
181.95,-0.000484033,39.7935
182.0,-0.000483399,39.7935
182.05,-0.000485035,39.7934
182.1,-0.00047475,39.7934
182.15,-0.000467537,39.7934
182.2,-0.00047268,39.7934
182.25,-0.000477989,39.7934
182.3,-0.000477789,39.7933
182.35,-0.000483165,39.7933
182.4,-0.000474249,39.7933
182.45,-0.000476487,39.7933
182.5,-0.000480126,39.7932
182.55,-0.000474249,39.7932
182.6,-0.000464465,39.7932
182.65,-0.000470209,39.7932
182.7,-0.000475151,39.7931
182.75,-0.000479392,39.7931
182.8,-0.000478757,39.7931
182.85,-0.000473882,39.7931
182.9,-0.00047308,39.793
182.95,-0.000474182,39.793
183.0,-0.000476821,39.793
183.05,-0.000487974,39.793
183.1,-0.000487206,39.7929
183.15,-0.000483299,39.7929
183.2,-0.000474717,39.7929
183.25,-0.00047859,39.7929
183.3,-0.000481128,39.7929
183.35,-0.000476487,39.7928
183.4,-0.000476253,39.7928
183.45,-0.000467938,39.7928
183.5,-0.000467971,39.7928
183.55,-0.000479292,39.7927
183.6,-0.00047071,39.7927
183.65,-0.000464766,39.7927
183.7,-0.000465801,39.7927
183.75,-0.00047071,39.7926
183.8,-0.000473014,39.7926
183.85,-0.000475719,39.7926
183.9,-0.000481095,39.7926
183.95,-0.000473581,39.7925
184.0,-0.000474116,39.7925
184.05,-0.000478123,39.7925
184.1,-0.00047101,39.7925
184.15,-0.000484401,39.7924
184.2,-0.000486304,39.7924
184.25,-0.000478857,39.7924
184.3,-0.000474817,39.7924
184.35,-0.00047475,39.7924
184.4,-0.00048577,39.7923
184.45,-0.000478857,39.7923
184.5,-0.000485336,39.7923
184.55,-0.000480828,39.7923
184.6,-0.000473581,39.7922
184.65,-0.000474984,39.7922
184.7,-0.000472246,39.7922
184.75,-0.000480327,39.7922
184.8,-0.000476487,39.7921
184.85,-0.000470309,39.7921
184.9,-0.000480026,39.7921
184.95,-0.000470142,39.7921
185.0,-0.00047121,39.792
185.05,-0.00047111,39.792
185.1,-0.000472813,39.792
185.15,-0.000469908,39.792
185.2,-0.000467771,39.792
185.25,-0.00046904,39.7919
185.3,-0.00047091,39.7919
185.35,-0.000465868,39.7919
185.4,-0.00047268,39.7919
185.45,-0.000474617,39.7918
185.5,-0.000465233,39.7918
185.55,-0.000475051,39.7918
185.6,-0.000480126,39.7918
185.65,-0.000471711,39.7917
185.7,-0.000467337,39.7917
185.75,-0.000476186,39.7917
185.8,-0.000468205,39.7917
185.85,-0.000466702,39.7916
185.9,-0.00047091,39.7916
185.95,-0.000468706,39.7916
186.0,-0.000477655,39.7916
186.05,-0.000472847,39.7915
186.1,-0.000468673,39.7915
186.15,-0.000466535,39.7915
186.2,-0.000459089,39.7915
186.25,-0.000471177,39.7915
186.3,-0.000468405,39.7914
186.35,-0.000469942,39.7914
186.4,-0.000461693,39.7914
186.45,-0.000470442,39.7914
186.5,-0.000466702,39.7913
186.55,-0.000462962,39.7913
186.6,-0.000457586,39.7913
186.65,-0.00045999,39.7913
186.7,-0.000456918,39.7912
186.75,-0.000460358,39.7912
186.8,-0.000455716,39.7912
186.85,-0.000451776,39.7912
186.9,-0.000452811,39.7912
186.95,-0.000448403,39.7911
187.0,-0.000449805,39.7911
187.05,-0.000449805,39.7911
187.1,-0.000455416,39.7911
187.15,-0.000462027,39.791
187.2,-0.00045989,39.791
187.25,-0.000468172,39.791
187.3,-0.000468639,39.791
187.35,-0.000462294,39.791
187.4,-0.000456985,39.7909
187.45,-0.00045959,39.7909
187.5,-0.000453846,39.7909
187.55,-0.00045595,39.7909
187.6,-0.000458254,39.7908
187.65,-0.000466936,39.7908
187.7,-0.000476353,39.7908
187.75,-0.000471411,39.7908
187.8,-0.000474149,39.7907
187.85,-0.000467404,39.7907
187.9,-0.000466869,39.7907
187.95,-0.000466602,39.7907
188.0,-0.000462294,39.7906
188.05,-0.000466836,39.7906
188.1,-0.000463597,39.7906
188.15,-0.000465133,39.7906
188.2,-0.000457252,39.7906
188.25,-0.000466903,39.7905
188.3,-0.000471244,39.7905
188.35,-0.000462328,39.7905
188.4,-0.000465066,39.7905
188.45,-0.000468739,39.7904
188.5,-0.000464766,39.7904
188.55,-0.000460725,39.7904
188.6,-0.000456618,39.7904
188.65,-0.000458655,39.7903
188.7,-0.000461994,39.7903
188.75,-0.000466268,39.7903
188.8,-0.000461994,39.7903
188.85,-0.000456885,39.7903
188.9,-0.000454113,39.7902
188.95,-0.000451976,39.7902
189.0,-0.000457386,39.7902
189.05,-0.000455282,39.7902
189.1,-0.000454614,39.7901
189.15,-0.000434144,39.7901
189.2,-0.000445731,39.7901
189.25,-0.000437016,39.7901
189.3,-0.00033884,39.7901
189.35,-0.000331794,39.79
189.4,-0.000357908,39.79
189.45,-0.000372567,39.79
189.5,-0.000386726,39.79
189.55,-0.000409032,39.79
189.6,-0.000419685,39.7899
189.65,-0.000441624,39.7899
189.7,-0.000424894,39.7899
189.75,-0.000429068,39.7899
189.8,-0.000441557,39.7899
189.85,-0.00045408,39.7898
189.9,-0.000455749,39.7898
189.95,-0.000451074,39.7898
190.0,-0.000444195,39.7898
190.05,-0.000448436,39.7897
190.1,-0.000451208,39.7897
190.15,-0.000451175,39.7897
190.2,-0.000461259,39.7897
190.25,-0.000453879,39.7897
190.3,-0.000455048,39.7896
190.35,-0.000455516,39.7896
190.4,-0.00045211,39.7896
190.45,-0.000446934,39.7896
190.5,-0.00045398,39.7895
190.55,-0.000446767,39.7895
190.6,-0.000447735,39.7895
190.65,-0.000460391,39.7895
190.7,-0.000456851,39.7895
190.75,-0.000463864,39.7894
190.8,-0.000458221,39.7894
190.85,-0.000464532,39.7894
190.9,-0.000460424,39.7894
190.95,-0.000453545,39.7893
191.0,-0.000463229,39.7893
191.05,-0.000461627,39.7893
191.1,-0.000464265,39.7893
191.15,-0.000468439,39.7892
191.2,-0.000468339,39.7892
191.25,-0.000464398,39.7892
191.3,-0.000480193,39.7892
191.35,-0.000475819,39.7892
191.4,-0.000474082,39.7891
191.45,-0.000479091,39.7891
191.5,-0.000468973,39.7891
191.55,-0.000472613,39.7891
191.6,-0.000476854,39.789
191.65,-0.000477922,39.789
191.7,-0.000473481,39.789
191.75,-0.000475852,39.789
191.8,-0.000474483,39.7889
191.85,-0.000476052,39.7889
191.9,-0.000480661,39.7889
191.95,-0.000488608,39.7889
192.0,-0.000494419,39.7888
192.05,-0.000480126,39.7888
192.1,-0.00048233,39.7888
192.15,-0.000486137,39.7888
192.2,-0.000476119,39.7887
192.25,-0.000470977,39.7887
192.3,-0.000466368,39.7887
192.35,-0.000467036,39.7887
192.4,-0.000468773,39.7886
192.45,-0.000475819,39.7886
192.5,-0.000479459,39.7886
192.55,-0.000474283,39.7886
192.6,-0.000471411,39.7886
192.65,-0.000468405,39.7885
192.7,-0.000472446,39.7885
192.75,-0.000467604,39.7885
192.8,-0.000465467,39.7885
192.85,-0.00047445,39.7884
192.9,-0.000472813,39.7884
192.95,-0.000471778,39.7884
193.0,-0.000464532,39.7884
193.05,-0.000462996,39.7883
193.1,-0.000460391,39.7883
193.15,-0.000464398,39.7883
193.2,-0.000463196,39.7883
193.25,-0.000470342,39.7882
193.3,-0.000461827,39.7882
193.35,-0.000459089,39.7882
193.4,-0.000462395,39.7882
193.45,-0.00046924,39.7882
193.5,-0.000470275,39.7881
193.55,-0.000467303,39.7881
193.6,-0.000456351,39.7881
193.65,-0.000472947,39.7881
193.7,-0.000467905,39.788
193.75,-0.000463797,39.788
193.8,-0.000466669,39.788
193.85,-0.000465133,39.788
193.9,-0.000463831,39.7879
193.95,-0.000467738,39.7879
194.0,-0.000463163,39.7879
194.05,-0.000469942,39.7879
194.1,-0.000467537,39.7879
194.15,-0.000464131,39.7878
194.2,-0.000461026,39.7878
194.25,-0.000457319,39.7878
194.3,-0.000451842,39.7878
194.35,-0.000464799,39.7877
194.4,-0.000462161,39.7877
194.45,-0.000453078,39.7877
194.5,-0.000453712,39.7877
194.55,-0.000461794,39.7876
194.6,-0.000462929,39.7876
194.65,-0.000464766,39.7876
194.7,-0.000466836,39.7876
194.75,-0.000464331,39.7876
194.8,-0.000475785,39.7875
194.85,-0.000474049,39.7875
194.9,-0.000474617,39.7875
194.95,-0.000474216,39.7875
195.0,-0.000478023,39.7874
195.05,-0.000473381,39.7874
195.1,-0.000471611,39.7874
195.15,-0.000477922,39.7874
195.2,-0.000468773,39.7873
195.25,-0.00045969,39.7873
195.3,-0.000461226,39.7873
195.35,-0.000466535,39.7873
195.4,-0.000464565,39.7872
195.45,-0.00046747,39.7872
195.5,-0.000473581,39.7872
195.55,-0.00047111,39.7872
195.6,-0.000466936,39.7872
195.65,-0.000468205,39.7871
195.7,-0.00047308,39.7871
195.75,-0.000472179,39.7871
195.8,-0.000460124,39.7871
195.85,-0.000466302,39.787
195.9,-0.000470209,39.787
195.95,-0.000474082,39.787
196.0,-0.000474149,39.787
196.05,-0.000465266,39.7869
196.1,-0.000467404,39.7869
196.15,-0.000464298,39.7869
196.2,-0.000472346,39.7869
196.25,-0.000471645,39.7868
196.3,-0.0004652,39.7868
196.35,-0.000460725,39.7868
196.4,-0.000463597,39.7868
196.45,-0.000463563,39.7868
196.5,-0.000469073,39.7867
196.55,-0.000470609,39.7867
196.6,-0.000464198,39.7867
196.65,-0.000466636,39.7867
196.7,-0.000463597,39.7866
196.75,-0.000469407,39.7866
196.8,-0.000468305,39.7866
196.85,-0.000466135,39.7866
196.9,-0.000469507,39.7865
196.95,-0.00047101,39.7865
197.0,-0.000483466,39.7865
197.05,-0.000464665,39.7865
197.1,-0.000463931,39.7865
197.15,-0.000471411,39.7864
197.2,-0.000463029,39.7864
197.25,-0.000471945,39.7864
197.3,-0.000472747,39.7864
197.35,-0.000465934,39.7863
197.4,-0.000472847,39.7863
197.45,-0.000473715,39.7863
197.5,-0.000474617,39.7863
197.55,-0.000474182,39.7862
197.6,-0.000474917,39.7862
197.65,-0.00047298,39.7862
197.7,-0.000478123,39.7862
197.75,-0.000470209,39.7861
197.8,-0.000477655,39.7861
197.85,-0.000484267,39.7861
197.9,-0.000475919,39.7861
197.95,-0.000462962,39.786
198.0,-0.000470108,39.786
198.05,-0.000470609,39.786
198.1,-0.000472312,39.786
198.15,-0.000467905,39.786
198.2,-0.00046717,39.7859
198.25,-0.000470142,39.7859
198.3,-0.000468405,39.7859
198.35,-0.000478056,39.7859
198.4,-0.000465467,39.7858
198.45,-0.000471377,39.7858
198.5,-0.000476654,39.7858
198.55,-0.000468372,39.7858
198.6,-0.000457252,39.7857
198.65,-0.000460525,39.7857
198.7,-0.000454013,39.7857
198.75,-0.000456751,39.7857
198.8,-0.000461126,39.7857
198.85,-0.000465433,39.7856
198.9,-0.000462595,39.7856
198.95,-0.000461126,39.7856
199.0,-0.000453712,39.7856
199.05,-0.000461727,39.7855
199.1,-0.000454981,39.7855
199.15,-0.000460558,39.7855
199.2,-0.000462595,39.7855
199.25,-0.000460291,39.7854
199.3,-0.000462562,39.7854
199.35,-0.00046176,39.7854
199.4,-0.000453412,39.7854
199.45,-0.000457786,39.7854
199.5,-0.000452477,39.7853
199.55,-0.000457386,39.7853
199.6,-0.000459857,39.7853
199.65,-0.000457686,39.7853
199.7,-0.000459757,39.7852
199.75,-0.000454848,39.7852
199.8,-0.000449138,39.7852
199.85,-0.000449672,39.7852
199.9,-0.000457786,39.7851
199.95,-0.000460024,39.7851
200.0,-0.000463163,39.7851
200.05,-0.000469307,39.7851
200.1,-0.000466235,39.7851
200.15,-0.000459556,39.785
200.2,-0.000477722,39.785
200.25,-0.000478991,39.785
200.3,-0.00048056,39.785
200.35,-0.00048016,39.7849
200.4,-0.00048036,39.7849
200.45,-0.00047819,39.7849
200.5,-0.000483633,39.7849
200.55,-0.000485069,39.7848
200.6,-0.000482598,39.7848
200.65,-0.000470743,39.7848
200.7,-0.000467237,39.7848
200.75,-0.000478924,39.7847
200.8,-0.00047268,39.7847
200.85,-0.000479993,39.7847
200.9,-0.000486838,39.7847
200.95,-0.000477455,39.7846
201.0,-0.000476921,39.7846
201.05,-0.000470543,39.7846
201.1,-0.00046884,39.7846
201.15,-0.000470275,39.7846
201.2,-0.000473915,39.7845
201.25,-0.00047101,39.7845
201.3,-0.000483399,39.7845
201.35,-0.000470175,39.7845
201.4,-0.000473014,39.7844
201.45,-0.00047642,39.7844
201.5,-0.000477956,39.7844
201.55,-0.000467237,39.7844
201.6,-0.000466736,39.7843
201.65,-0.000468773,39.7843
201.7,-0.00047445,39.7843
201.75,-0.000475752,39.7843
201.8,-0.000478524,39.7842
201.85,-0.000468506,39.7842
201.9,-0.000473381,39.7842
201.95,-0.000468439,39.7842
202.0,-0.00046727,39.7842
202.05,-0.000469107,39.7841
202.1,-0.000465801,39.7841
202.15,-0.000471845,39.7841
202.2,-0.000469207,39.7841
202.25,-0.00046914,39.784
202.3,-0.000478958,39.784
202.35,-0.000467604,39.784
202.4,-0.000470209,39.784
202.45,-0.000472813,39.7839
202.5,-0.000470309,39.7839
202.55,-0.000467938,39.7839
202.6,-0.000464832,39.7839
202.65,-0.00047101,39.7838
202.7,-0.000464665,39.7838
202.75,-0.000466769,39.7838
202.8,-0.000469641,39.7838
202.85,-0.000470242,39.7838
202.9,-0.000467137,39.7837
202.95,-0.000467671,39.7837
203.0,-0.000463697,39.7837
203.05,-0.000474416,39.7837
203.1,-0.000473114,39.7836
203.15,-0.000461526,39.7836
203.2,-0.000466001,39.7836
203.25,-0.00047071,39.7836
203.3,-0.000473281,39.7835
203.35,-0.00047485,39.7835
203.4,-0.000469708,39.7835
203.45,-0.000469307,39.7835
203.5,-0.000466435,39.7835
203.55,-0.000461293,39.7834
203.6,-0.00045782,39.7834
203.65,-0.000466101,39.7834
203.7,-0.000475986,39.7834
203.75,-0.000468005,39.7833
203.8,-0.000474049,39.7833
203.85,-0.000463363,39.7833
203.9,-0.000462161,39.7833
203.95,-0.0004653,39.7832
204.0,-0.000468639,39.7832
204.05,-0.000457185,39.7832
204.1,-0.000458521,39.7832
204.15,-0.000465901,39.7831
204.2,-0.000469173,39.7831
204.25,-0.000456317,39.7831
204.3,-0.000467404,39.7831
204.35,-0.000458421,39.7831
204.4,-0.000463831,39.783
204.45,-0.00045418,39.783
204.5,-0.000463229,39.783
204.55,-0.000467404,39.783
204.6,-0.000458287,39.7829
204.65,-0.000467838,39.7829
204.7,-0.000467337,39.7829
204.75,-0.000467437,39.7829
204.8,-0.00045959,39.7828
204.85,-0.000423358,39.7828
204.9,-0.000444062,39.7828
204.95,-0.000452444,39.7828
205.0,-0.000461326,39.7828
205.05,-0.000468673,39.7827
205.1,-0.000461727,39.7827
205.15,-0.000464699,39.7827
205.2,-0.000467671,39.7827
205.25,-0.000464966,39.7826
205.3,-0.000472212,39.7826
205.35,-0.000465701,39.7826
205.4,-0.000464098,39.7826
205.45,-0.000470743,39.7825
205.5,-0.00046737,39.7825
205.55,-0.000460391,39.7825
205.6,-0.000463697,39.7825
205.65,-0.000467871,39.7825
205.7,-0.000471544,39.7824
205.75,-0.000472713,39.7824
205.8,-0.000466736,39.7824
205.85,-0.000468873,39.7824
205.9,-0.000468038,39.7823
205.95,-0.000474917,39.7823
206.0,-0.000464498,39.7823
206.05,-0.000472479,39.7823
206.1,-0.000470075,39.7822
206.15,-0.000472279,39.7822
206.2,-0.000472613,39.7822
206.25,-0.000469975,39.7822
206.3,-0.000480961,39.7822
206.35,-0.000477088,39.7821
206.4,-0.000472913,39.7821
206.45,-0.000470943,39.7821
206.5,-0.000471478,39.7821
206.55,-0.000468673,39.782
206.6,-0.000462595,39.782
206.65,-0.000468172,39.782
206.7,-0.000468606,39.782
206.75,-0.000464632,39.7819
206.8,-0.000462261,39.7819
206.85,-0.000468272,39.7819
206.9,-0.00047308,39.7819
206.95,-0.00047101,39.7818
207.0,-0.000468739,39.7818
207.05,-0.000468572,39.7818
207.1,-0.000477422,39.7818
207.15,-0.000467103,39.7817
207.2,-0.000464599,39.7817
207.25,-0.000464699,39.7817
207.3,-0.000465734,39.7817
207.35,-0.000460224,39.7817
207.4,-0.000461827,39.7816
207.45,-0.00045802,39.7816
207.5,-0.000468238,39.7816
207.55,-0.000466335,39.7816
207.6,-0.000466168,39.7815
207.65,-0.000459489,39.7815
207.7,-0.000463664,39.7815
207.75,-0.000473247,39.7815
207.8,-0.00046333,39.7814
207.85,-0.000459757,39.7814
207.9,-0.000457619,39.7814
207.95,-0.000454647,39.7814
208.0,-0.000455249,39.7814
208.05,-0.000457352,39.7813
208.1,-0.000465934,39.7813
208.15,-0.000467905,39.7813
208.2,-0.000463163,39.7813
208.25,-0.000473715,39.7812
208.3,-0.000474917,39.7812
208.35,-0.000472479,39.7812
208.4,-0.000472913,39.7812
208.45,-0.000472446,39.7811
208.5,-0.000469207,39.7811
208.55,-0.000473314,39.7811
208.6,-0.000471845,39.7811
208.65,-0.000464866,39.7811
208.7,-0.000477121,39.781
208.75,-0.000475685,39.781
208.8,-0.000467971,39.781
208.85,-0.000465901,39.781
208.9,-0.000471377,39.7809
208.95,-0.000470309,39.7809
209.0,-0.000474884,39.7809
209.05,-0.000470142,39.7809
209.1,-0.00047455,39.7808
209.15,-0.000473648,39.7808
209.2,-0.000481562,39.7808
209.25,-0.000465233,39.7808
209.3,-0.000469207,39.7807
209.35,-0.000473982,39.7807
209.4,-0.000472813,39.7807
209.45,-0.000474817,39.7807
209.5,-0.00047071,39.7807
209.55,-0.000476553,39.7806
209.6,-0.000481362,39.7806
209.65,-0.000476687,39.7806
209.7,-0.000475485,39.7806
209.75,-0.000469507,39.7805
209.8,-0.000481362,39.7805
209.85,-0.00048213,39.7805
209.9,-0.000470376,39.7805
209.95,-0.000483399,39.7804
210.0,-0.000465868,39.7804
210.05,-0.000467337,39.7804
210.1,-0.000460091,39.7804
210.15,-0.000466001,39.7803
210.2,-0.000471177,39.7803
210.25,-0.000467137,39.7803
210.3,-0.000465734,39.7803
210.35,-0.000473682,39.7802
210.4,-0.000468873,39.7802
210.45,-0.000456584,39.7802
210.5,-0.000460358,39.7802
210.55,-0.0004656,39.7802
210.6,-0.000468405,39.7801
210.65,-0.000461326,39.7801
210.7,-0.000466502,39.7801
210.75,-0.000464131,39.7801
210.8,-0.000467237,39.78
210.85,-0.000460491,39.78
210.9,-0.000456885,39.78
210.95,-0.000450006,39.78
211.0,-0.000455182,39.7799
211.05,-0.000460792,39.7799
211.1,-0.000459089,39.7799
211.15,-0.000460992,39.7799
211.2,-0.0004652,39.7799
211.25,-0.00046904,39.7798
211.3,-0.000462562,39.7798
211.35,-0.000456918,39.7798
211.4,-0.000464064,39.7798
211.45,-0.000461193,39.7797
211.5,-0.000466769,39.7797
211.55,-0.000463497,39.7797
211.6,-0.000456584,39.7797
211.65,-0.000447067,39.7796
211.7,-0.000445765,39.7796
211.75,-0.000445264,39.7796
211.8,-0.000463196,39.7796
211.85,-0.000457085,39.7796
211.9,-0.000463964,39.7795
211.95,-0.00046166,39.7795
212.0,-0.000465567,39.7795
212.05,-0.000473181,39.7795
212.1,-0.000467671,39.7794
212.15,-0.0004653,39.7794
212.2,-0.000455115,39.7794
212.25,-0.000458788,39.7794
212.3,-0.000468472,39.7794
212.35,-0.000458721,39.7793
212.4,-0.000465166,39.7793
212.45,-0.000465901,39.7793
212.5,-0.000469307,39.7793
212.55,-0.00046146,39.7792
212.6,-0.000474383,39.7792
212.65,-0.000470877,39.7792
212.7,-0.000463397,39.7792
212.75,-0.000457152,39.7791
212.8,-0.000467103,39.7791
212.85,-0.000467704,39.7791
212.9,-0.000457052,39.7791
212.95,-0.000465066,39.779
213.0,-0.000475652,39.779
213.05,-0.000471745,39.779
213.1,-0.000468005,39.779
213.15,-0.000465266,39.779
213.2,-0.000469808,39.7789
213.25,-0.000467003,39.7789
213.3,-0.000461393,39.7789
213.35,-0.000478624,39.7789
213.4,-0.000469942,39.7788
213.45,-0.000465467,39.7788
213.5,-0.000467137,39.7788
213.55,-0.000479425,39.7788
213.6,-0.000472513,39.7787
213.65,-0.000461827,39.7787
213.7,-0.000474617,39.7787
213.75,-0.000472179,39.7787
213.8,-0.0004656,39.7786
213.85,-0.000467604,39.7786
213.9,-0.000467671,39.7786
213.95,-0.000471511,39.7786
214.0,-0.000471377,39.7786
214.05,-0.000464164,39.7785
214.1,-0.000461827,39.7785
214.15,-0.000469073,39.7785
214.2,-0.000463831,39.7785
214.25,-0.000465266,39.7784
214.3,-0.000466068,39.7784
214.35,-0.000469608,39.7784
214.4,-0.000470442,39.7784
214.45,-0.000467537,39.7783
214.5,-0.000467938,39.7783
214.55,-0.000461827,39.7783
214.6,-0.000461727,39.7783
214.65,-0.000465567,39.7783
214.7,-0.000475117,39.7782
214.75,-0.000474617,39.7782
214.8,-0.000468673,39.7782
214.85,-0.000472747,39.7782
214.9,-0.000467938,39.7781
214.95,-0.000472145,39.7781
215.0,-0.000475318,39.7781
215.05,-0.000481429,39.7781
215.1,-0.000477422,39.778
215.15,-0.000480928,39.778
215.2,-0.000472212,39.778
215.25,-0.00048026,39.778
215.3,-0.000477722,39.7779
215.35,-0.000479626,39.7779
215.4,-0.000477956,39.7779
215.45,-0.000471277,39.7779
215.5,-0.000472713,39.7778
215.55,-0.000465233,39.7778
215.6,-0.000469942,39.7778
215.65,-0.000476353,39.7778
215.7,-0.000481095,39.7778
215.75,-0.000481095,39.7777
215.8,-0.000473114,39.7777
215.85,-0.000471077,39.7777
215.9,-0.000471912,39.7777
215.95,-0.000470175,39.7776
216.0,-0.000471745,39.7776
216.05,-0.00047859,39.7776
216.1,-0.000473615,39.7776
216.15,-0.000475251,39.7775
216.2,-0.000471778,39.7775
216.25,-0.00047642,39.7775
216.3,-0.000468472,39.7775
216.35,-0.000466201,39.7774
216.4,-0.000465066,39.7774
216.45,-0.000468506,39.7774
216.5,-0.000466101,39.7774
216.55,-0.000466769,39.7774
216.6,-0.00047465,39.7773
216.65,-0.000480828,39.7773
216.7,-0.000473047,39.7773
216.75,-0.000484668,39.7773
216.8,-0.000481162,39.7772
216.85,-0.000476821,39.7772
216.9,-0.000478991,39.7772
216.95,-0.000476553,39.7772
217.0,-0.000478156,39.7771
217.05,-0.000468873,39.7771
217.1,-0.000474717,39.7771
217.15,-0.000470242,39.7771
217.2,-0.000467103,39.777
217.25,-0.000469608,39.777
217.3,-0.000468639,39.777
217.35,-0.00046156,39.777
217.4,-0.00045802,39.777
217.45,-0.000465968,39.7769
217.5,-0.000463063,39.7769
217.55,-0.000462161,39.7769
217.6,-0.00045989,39.7769
217.65,-0.00045782,39.7768
217.7,-0.000458755,39.7768
217.75,-0.000455482,39.7768
217.8,-0.00046136,39.7768
217.85,-0.000454848,39.7767
217.9,-0.000455182,39.7767
217.95,-0.000458655,39.7767
218.0,-0.0004652,39.7767
218.05,-0.00046894,39.7766
218.1,-0.000460925,39.7766
218.15,-0.000465233,39.7766
218.2,-0.00046353,39.7766
218.25,-0.000458254,39.7766
218.3,-0.000467504,39.7765
218.35,-0.000462495,39.7765
218.4,-0.000462829,39.7765
218.45,-0.000470543,39.7765
218.5,-0.000473281,39.7764
218.55,-0.000459323,39.7764
218.6,-0.00047091,39.7764
218.65,-0.000466035,39.7764
218.7,-0.000474784,39.7763
218.75,-0.000458655,39.7763
218.8,-0.000460825,39.7763
218.85,-0.000455649,39.7763
218.9,-0.000467504,39.7763
218.95,-0.000465968,39.7762
219.0,-0.000464966,39.7762
219.05,-0.000465901,39.7762
219.1,-0.000467303,39.7762
219.15,-0.000463296,39.7761
219.2,-0.000460992,39.7761
219.25,-0.000464465,39.7761
219.3,-0.000468506,39.7761
219.35,-0.00047071,39.776
219.4,-0.000470309,39.776
219.45,-0.000476487,39.776
219.5,-0.000479893,39.776
219.55,-0.000477655,39.776
219.6,-0.000478891,39.7759
219.65,-0.000481663,39.7759
219.7,-0.000478691,39.7759
219.75,-0.000478724,39.7759
219.8,-0.000486338,39.7758
219.85,-0.000479125,39.7758
219.9,-0.000477655,39.7758
219.95,-0.000478156,39.7758
220.0,-0.000468973,39.7757
220.05,-0.000476219,39.7757
220.1,-0.000477188,39.7757
220.15,-0.000475418,39.7757
220.2,-0.000482931,39.7756
220.25,-0.000481262,39.7756
220.3,-0.000477956,39.7756
220.35,-0.000474984,39.7756
220.4,-0.000485302,39.7755
220.45,-0.000481863,39.7755
220.5,-0.000482664,39.7755
220.55,-0.000477288,39.7755
220.6,-0.000479993,39.7754
220.65,-0.000479993,39.7754
220.7,-0.000475451,39.7754
220.75,-0.000464131,39.7754
220.8,-0.00047071,39.7754
220.85,-0.000471812,39.7753
220.9,-0.000471177,39.7753
220.95,-0.000471711,39.7753
221.0,-0.000466001,39.7753
221.05,-0.000466803,39.7752
221.1,-0.000472413,39.7752
221.15,-0.000473648,39.7752
221.2,-0.000479893,39.7752
221.25,-0.000479492,39.7751
221.3,-0.000465934,39.7751
221.35,-0.000474316,39.7751
221.4,-0.00047996,39.7751
221.45,-0.00047258,39.775
221.5,-0.000469374,39.775
221.55,-0.000466602,39.775
221.6,-0.000467404,39.775
221.65,-0.000473882,39.775
221.7,-0.000475785,39.7749
221.75,-0.000475652,39.7749
221.8,-0.000483766,39.7749
221.85,-0.00049355,39.7749
221.9,-0.000486538,39.7748
221.95,-0.000477188,39.7748
222.0,-0.000486705,39.7748
222.05,-0.000492615,39.7748
222.1,-0.000484668,39.7747
222.15,-0.00047996,39.7747
222.2,-0.00048557,39.7747
222.25,-0.000482197,39.7747
222.3,-0.000475218,39.7746
222.35,-0.000482531,39.7746
222.4,-0.000474182,39.7746
222.45,-0.000472947,39.7746
222.5,-0.000479024,39.7745
222.55,-0.000477021,39.7745
222.6,-0.000469307,39.7745
222.65,-0.000475652,39.7745
222.7,-0.00047829,39.7744
222.75,-0.000477054,39.7744
222.8,-0.000477856,39.7744
222.85,-0.000474984,39.7744
222.9,-0.000476052,39.7744
222.95,-0.000476921,39.7743
223.0,-0.000469307,39.7743
223.05,-0.000470776,39.7743
223.1,-0.00046884,39.7743
223.15,-0.00047662,39.7742
223.2,-0.000471945,39.7742
223.25,-0.00047091,39.7742
223.3,-0.000467103,39.7742
223.35,-0.000470476,39.7741
223.4,-0.000472279,39.7741
223.45,-0.0004654,39.7741
223.5,-0.000468873,39.7741
223.55,-0.000470776,39.774
223.6,-0.000468472,39.774
223.65,-0.000469775,39.774
223.7,-0.000458822,39.774
223.75,-0.000468005,39.774
223.8,-0.000466569,39.7739
223.85,-0.000475886,39.7739
223.9,-0.000465066,39.7739
223.95,-0.000470209,39.7739
224.0,-0.000471778,39.7738
224.05,-0.000478256,39.7738
224.1,-0.00048016,39.7738
224.15,-0.000482764,39.7738
224.2,-0.00047839,39.7737
224.25,-0.000476821,39.7737
224.3,-0.000472079,39.7737
224.35,-0.000475952,39.7737
224.4,-0.000466268,39.7736
224.45,-0.000473782,39.7736
224.5,-0.000476086,39.7736
224.55,-0.000472012,39.7736
224.6,-0.000469674,39.7735
224.65,-0.000466435,39.7735
224.7,-0.000464465,39.7735
224.75,-0.000464064,39.7735
224.8,-0.000464164,39.7735
224.85,-0.000471511,39.7734
224.9,-0.000469107,39.7734
224.95,-0.000478724,39.7734
225.0,-0.000470209,39.7734
225.05,-0.000473247,39.7733
225.1,-0.000475852,39.7733
225.15,-0.000476787,39.7733
225.2,-0.00048971,39.7733
225.25,-0.000485937,39.7732
225.3,-0.000484902,39.7732
225.35,-0.000475318,39.7732
225.4,-0.000473782,39.7732
225.45,-0.000477088,39.7731
225.5,-0.000473281,39.7731
225.55,-0.000480761,39.7731
225.6,-0.000480227,39.7731
225.65,-0.00048016,39.7731
225.7,-0.000476587,39.773
225.75,-0.000476386,39.773
225.8,-0.000468172,39.773
225.85,-0.000469107,39.773
225.9,-0.00047662,39.7729
225.95,-0.000476253,39.7729
226.0,-0.000476487,39.7729
226.05,-0.000477422,39.7729
226.1,-0.000473314,39.7728
226.15,-0.000476954,39.7728
226.2,-0.000472747,39.7728
226.25,-0.000476386,39.7728
226.3,-0.000470743,39.7727
226.35,-0.000476987,39.7727
226.4,-0.000476386,39.7727
226.45,-0.000467303,39.7727
226.5,-0.000471745,39.7726
226.55,-0.000473548,39.7726
226.6,-0.00047672,39.7726
226.65,-0.000476954,39.7726
226.7,-0.000466168,39.7726
226.75,-0.000473414,39.7725
226.8,-0.000474349,39.7725
226.85,-0.000476119,39.7725
226.9,-0.000475652,39.7725
226.95,-0.000476286,39.7724
227.0,-0.000473815,39.7724
227.05,-0.000468773,39.7724
227.1,-0.00046697,39.7724
227.15,-0.000463597,39.7723
227.2,-0.000463263,39.7723
227.25,-0.000465934,39.7723
227.3,-0.000473648,39.7723
227.35,-0.000473849,39.7722
227.4,-0.000473448,39.7722
227.45,-0.000473214,39.7722
227.5,-0.000477288,39.7722
227.55,-0.000477455,39.7722
227.6,-0.000485503,39.7721
227.65,-0.00049335,39.7721
227.7,-0.000491647,39.7721
227.75,-0.000487339,39.7721
227.8,-0.00048961,39.772
227.85,-0.000494652,39.772
227.9,-0.00049866,39.772
227.95,-0.000488909,39.772
228.0,-0.000482731,39.7719
228.05,-0.00048233,39.7719
228.1,-0.000484367,39.7719
228.15,-0.000487673,39.7719
228.2,-0.000481095,39.7718
228.25,-0.000487773,39.7718
228.3,-0.000485403,39.7718
228.35,-0.000486605,39.7718
228.4,-0.000489443,39.7717
228.45,-0.000491146,39.7717
228.5,-0.000489643,39.7717
228.55,-0.000489276,39.7717
228.6,-0.000489543,39.7716
228.65,-0.000494385,39.7716
228.7,-0.000494452,39.7716
228.75,-0.00048941,39.7716
228.8,-0.000487306,39.7715
228.85,-0.000486605,39.7715
228.9,-0.000486037,39.7715
228.95,-0.000475819,39.7715
229.0,-0.000483232,39.7714
229.05,-0.000489977,39.7714
229.1,-0.000494051,39.7714
229.15,-0.000488107,39.7714
229.2,-0.000487673,39.7713
229.25,-0.000481663,39.7713
229.3,-0.000482998,39.7713
229.35,-0.000482197,39.7713
229.4,-0.000473348,39.7713
229.45,-0.000477388,39.7712
229.5,-0.000474917,39.7712
229.55,-0.000472179,39.7712
229.6,-0.000476086,39.7712
229.65,-0.000472045,39.7711
229.7,-0.000466936,39.7711
229.75,-0.000472112,39.7711
229.8,-0.00047445,39.7711
229.85,-0.000480093,39.771
229.9,-0.000474049,39.771
229.95,-0.000471778,39.771
230.0,-0.000484401,39.771
230.05,-0.000477388,39.7709
230.1,-0.000475485,39.7709
230.15,-0.000469741,39.7709
230.2,-0.00048006,39.7709
230.25,-0.000475685,39.7708
230.3,-0.000474483,39.7708
230.35,-0.000482598,39.7708
230.4,-0.000480861,39.7708
230.45,-0.000481395,39.7708
230.5,-0.000480026,39.7707
230.55,-0.000482464,39.7707
230.6,-0.000479859,39.7707
230.65,-0.000482931,39.7707
230.7,-0.000482531,39.7706
230.75,-0.000487907,39.7706
230.8,-0.000491046,39.7706
230.85,-0.00049325,39.7706
230.9,-0.000478824,39.7705
230.95,-0.000483098,39.7705
231.0,-0.000479525,39.7705
231.05,-0.000479292,39.7705
231.1,-0.000480928,39.7704
231.15,-0.00047672,39.7704
231.2,-0.000477488,39.7704
231.25,-0.000481095,39.7704
231.3,-0.000479592,39.7703
231.35,-0.000474583,39.7703
231.4,-0.000470175,39.7703
231.45,-0.00047071,39.7703
231.5,-0.000476253,39.7702
231.55,-0.000468339,39.7702
231.6,-0.000474784,39.7702
231.65,-0.000472913,39.7702
231.7,-0.000482097,39.7702
231.75,-0.000473882,39.7701
231.8,-0.000479325,39.7701
231.85,-0.000469073,39.7701
231.9,-0.00046884,39.7701
231.95,-0.000470376,39.77
232.0,-0.00047445,39.77
232.05,-0.000483933,39.77
232.1,-0.000484167,39.77
232.15,-0.000490378,39.7699
232.2,-0.00048213,39.7699
232.25,-0.000490846,39.7699
232.3,-0.000484935,39.7699
232.35,-0.000490545,39.7698
232.4,-0.000486371,39.7698
232.45,-0.000487807,39.7698
232.5,-0.000484568,39.7698
232.55,-0.000483666,39.7697
232.6,-0.000482497,39.7697
232.65,-0.000485436,39.7697
232.7,-0.000482865,39.7697
232.75,-0.000480494,39.7696
232.8,-0.000476754,39.7696
232.85,-0.000473448,39.7696
232.9,-0.000476019,39.7696
232.95,-0.000478457,39.7696
233.0,-0.000479826,39.7695
233.05,-0.000488141,39.7695
233.1,-0.000488809,39.7695
233.15,-0.000487239,39.7695
233.2,-0.000488842,39.7694
233.25,-0.000487339,39.7694
233.3,-0.000482998,39.7694
233.35,-0.000483299,39.7694
233.4,-0.000483733,39.7693
233.45,-0.000483232,39.7693
233.5,-0.000476587,39.7693
233.55,-0.000481763,39.7693
233.6,-0.000491447,39.7692
233.65,-0.000484668,39.7692
233.7,-0.00048567,39.7692
233.75,-0.000488141,39.7692
233.8,-0.000487506,39.7691
233.85,-0.000484835,39.7691
233.9,-0.000481863,39.7691
233.95,-0.000476587,39.7691
234.0,-0.000477288,39.769
234.05,-0.000473181,39.769
234.1,-0.000471478,39.769
234.15,-0.000466769,39.769
234.2,-0.000469741,39.7689
234.25,-0.000468105,39.7689
234.3,-0.000470943,39.7689
234.35,-0.000480794,39.7689
234.4,-0.000473414,39.7689
234.45,-0.000485135,39.7688
234.5,-0.000480828,39.7688
234.55,-0.000490612,39.7688
234.6,-0.000482664,39.7688
234.65,-0.000473782,39.7687
234.7,-0.000476654,39.7687
234.75,-0.000476687,39.7687
234.8,-0.000479058,39.7687
234.85,-0.000479592,39.7686
234.9,-0.00048597,39.7686
234.95,-0.000479191,39.7686
235.0,-0.000481061,39.7686
235.05,-0.000476086,39.7685
235.1,-0.000472747,39.7685
235.15,-0.000473782,39.7685
235.2,-0.000475518,39.7685
235.25,-0.000477422,39.7684
235.3,-0.000478256,39.7684
235.35,-0.000479225,39.7684
235.4,-0.000478557,39.7684
235.45,-0.000476253,39.7683
235.5,-0.000473982,39.7683
235.55,-0.000476119,39.7683
235.6,-0.00047121,39.7683
235.65,-0.000477355,39.7683
235.7,-0.000481629,39.7682
235.75,-0.000479926,39.7682
235.8,-0.000477121,39.7682
235.85,-0.000474283,39.7682
235.9,-0.000477221,39.7681
235.95,-0.000477455,39.7681
236.0,-0.000479358,39.7681
236.05,-0.000477822,39.7681
236.1,-0.000473949,39.768
236.15,-0.000473715,39.768
236.2,-0.000473915,39.768
236.25,-0.000474049,39.768
236.3,-0.000479392,39.7679
236.35,-0.00048193,39.7679
236.4,-0.000469073,39.7679
236.45,-0.000471277,39.7679
236.5,-0.000472646,39.7678
236.55,-0.000466402,39.7678
236.6,-0.000464565,39.7678
236.65,-0.000480093,39.7678
236.7,-0.000477154,39.7678
236.75,-0.000477756,39.7677
236.8,-0.00047642,39.7677
236.85,-0.000470676,39.7677
236.9,-0.00047121,39.7677
236.95,-0.000479392,39.7676
237.0,-0.000477088,39.7676
237.05,-0.000476453,39.7676
237.1,-0.000469942,39.7676
237.15,-0.000475886,39.7675
237.2,-0.000471745,39.7675
237.25,-0.000477889,39.7675
237.3,-0.000477622,39.7675
237.35,-0.000466302,39.7674
237.4,-0.000474383,39.7674
237.45,-0.000477188,39.7674
237.5,-0.000476854,39.7674
237.55,-0.000484668,39.7674
237.6,-0.000479826,39.7673
237.65,-0.000478256,39.7673
237.7,-0.000474784,39.7673
237.75,-0.000474917,39.7673
237.8,-0.00047829,39.7672
237.85,-0.000474249,39.7672
237.9,-0.000467571,39.7672
237.95,-0.000478824,39.7672
238.0,-0.000477488,39.7671
238.05,-0.00047278,39.7671
238.1,-0.000473915,39.7671
238.15,-0.000472546,39.7671
238.2,-0.00047475,39.767
238.25,-0.00048213,39.767
238.3,-0.000476553,39.767
238.35,-0.000481061,39.767
238.4,-0.000472246,39.7669
238.45,-0.000479258,39.7669
238.5,-0.00047288,39.7669
238.55,-0.000473815,39.7669
238.6,-0.000479425,39.7669
238.65,-0.000469841,39.7668
238.7,-0.000476754,39.7668
238.75,-0.000473047,39.7668
238.8,-0.000470843,39.7668
238.85,-0.000478524,39.7667
238.9,-0.000480293,39.7667
238.95,-0.000469641,39.7667
239.0,-0.00047081,39.7667
239.05,-0.000466869,39.7666
239.1,-0.000475151,39.7666
239.15,-0.000478557,39.7666
239.2,-0.000479358,39.7666
239.25,-0.000478156,39.7665
239.3,-0.000478924,39.7665
239.35,-0.00047819,39.7665
239.4,-0.00047445,39.7665
239.45,-0.000477822,39.7664
239.5,-0.000474082,39.7664
239.55,-0.000475986,39.7664
239.6,-0.000478323,39.7664
239.65,-0.000477522,39.7664
239.7,-0.000480828,39.7663
239.75,-0.000478791,39.7663
239.8,-0.000471979,39.7663
239.85,-0.000486772,39.7663
239.9,-0.00048203,39.7662
239.95,-0.000490612,39.7662
240.0,-0.000483199,39.7662
240.05,-0.000469441,39.7662
240.1,-0.000476787,39.7661
240.15,-0.000470342,39.7661
240.2,-0.000474082,39.7661
240.25,-0.000471311,39.7661
240.3,-0.000476487,39.766
240.35,-0.000470877,39.766
240.4,-0.000467771,39.766
240.45,-0.00046727,39.766
240.5,-0.000464231,39.7659
240.55,-0.000461293,39.7659
240.6,-0.000473581,39.7659
240.65,-0.000478757,39.7659
240.7,-0.000472112,39.7659
240.75,-0.000475151,39.7658
240.8,-0.000475218,39.7658
240.85,-0.000481963,39.7658
240.9,-0.000480327,39.7658
240.95,-0.000482364,39.7657
241.0,-0.000477722,39.7657
241.05,-0.000465734,39.7657
241.1,-0.000477856,39.7657
241.15,-0.000472813,39.7656
241.2,-0.000470943,39.7656
241.25,-0.000462729,39.7656
241.3,-0.000460057,39.7656
241.35,-0.000466368,39.7655
241.4,-0.000469641,39.7655
241.45,-0.000472479,39.7655
241.5,-0.000463163,39.7655
241.55,-0.000464031,39.7655
241.6,-0.000475184,39.7654
241.65,-0.000473682,39.7654
241.7,-0.000484067,39.7654
241.75,-0.000477722,39.7654
241.8,-0.000472012,39.7653
241.85,-0.000466001,39.7653
241.9,-0.000479425,39.7653
241.95,-0.000480727,39.7653
242.0,-0.000466636,39.7652
242.05,-0.000470342,39.7652
242.1,-0.000468339,39.7652
242.15,-0.000469741,39.7652
242.2,-0.00047081,39.7651
242.25,-0.000461293,39.7651
242.3,-0.000473815,39.7651
242.35,-0.000482898,39.7651
242.4,-0.000474984,39.7651
242.45,-0.000464432,39.765
242.5,-0.000463597,39.765
242.55,-0.000470943,39.765
242.6,-0.000468806,39.765
242.65,-0.000467303,39.7649
242.7,-0.000468372,39.7649
242.75,-0.000466903,39.7649
242.8,-0.000470008,39.7649
242.85,-0.000470576,39.7648
242.9,-0.000469507,39.7648
242.95,-0.000466936,39.7648
243.0,-0.000469374,39.7648
243.05,-0.000462528,39.7647
243.1,-0.000472346,39.7647
243.15,-0.000467604,39.7647
243.2,-0.000473949,39.7647
243.25,-0.000482931,39.7647
243.3,-0.000479726,39.7646
243.35,-0.000481863,39.7646
243.4,-0.000487473,39.7646
243.45,-0.000487573,39.7646
243.5,-0.000486471,39.7645
243.55,-0.00048597,39.7645
243.6,-0.000487072,39.7645
243.65,-0.000488107,39.7645
243.7,-0.00048744,39.7644
243.75,-0.000473047,39.7644
243.8,-0.000477522,39.7644
243.85,-0.000481763,39.7644
243.9,-0.00048056,39.7643
243.95,-0.000481195,39.7643
244.0,-0.000476453,39.7643
244.05,-0.000473314,39.7643
244.1,-0.000481562,39.7642
244.15,-0.000485035,39.7642
244.2,-0.000472279,39.7642
244.25,-0.000469942,39.7642
244.3,-0.000477321,39.7641
244.35,-0.000479325,39.7641
244.4,-0.000482431,39.7641
244.45,-0.000482264,39.7641
244.5,-0.000478357,39.764
244.55,-0.000479225,39.764
244.6,-0.00048046,39.764
244.65,-0.000488575,39.764
244.7,-0.000475017,39.764
244.75,-0.000476553,39.7639
244.8,-0.000472112,39.7639
244.85,-0.000477722,39.7639
244.9,-0.000470509,39.7639
244.95,-0.000477555,39.7638
245.0,-0.000479225,39.7638
245.05,-0.000477522,39.7638
245.1,-0.000476153,39.7638
245.15,-0.000467504,39.7637
245.2,-0.000469674,39.7637
245.25,-0.000477388,39.7637
245.3,-0.000475952,39.7637
245.35,-0.000473314,39.7636
245.4,-0.000471478,39.7636
245.45,-0.00047258,39.7636
245.5,-0.000473515,39.7636
245.55,-0.000478891,39.7636
245.6,-0.00048026,39.7635
245.65,-0.000475151,39.7635
245.7,-0.00046924,39.7635
245.75,-0.00047278,39.7635
245.8,-0.000474683,39.7634
245.85,-0.000466235,39.7634
245.9,-0.0004655,39.7634
245.95,-0.000457219,39.7634
246.0,-0.000458488,39.7633
246.05,-0.000462428,39.7633
246.1,-0.0004651,39.7633
246.15,-0.000463597,39.7633
246.2,-0.000473214,39.7632
246.25,-0.00047849,39.7632
246.3,-0.000482163,39.7632
246.35,-0.000473448,39.7632
246.4,-0.000474216,39.7632
246.45,-0.000474483,39.7631
246.5,-0.000474082,39.7631
246.55,-0.000470576,39.7631
246.6,-0.000470476,39.7631
246.65,-0.000472813,39.763
246.7,-0.000479559,39.763
246.75,-0.000470075,39.763
246.8,-0.00047475,39.763
246.85,-0.00047111,39.7629
246.9,-0.000474817,39.7629
246.95,-0.000477054,39.7629
247.0,-0.000477221,39.7629
247.05,-0.000480427,39.7628
247.1,-0.000480293,39.7628
247.15,-0.000481596,39.7628
247.2,-0.000479492,39.7628
247.25,-0.000483165,39.7627
247.3,-0.000478223,39.7627
247.35,-0.000479292,39.7627
247.4,-0.000479692,39.7627
247.45,-0.000477756,39.7627
247.5,-0.000478089,39.7626
247.55,-0.000482898,39.7626
247.6,-0.000478624,39.7626
247.65,-0.000486638,39.7626
247.7,-0.000482598,39.7625
247.75,-0.000481095,39.7625
247.8,-0.000493584,39.7625
247.85,-0.000488675,39.7625
247.9,-0.000486571,39.7624
247.95,-0.000489376,39.7624
248.0,-0.000479225,39.7624
248.05,-0.000477989,39.7624
248.1,-0.000475084,39.7623
248.15,-0.000466669,39.7623
248.2,-0.000476887,39.7623
248.25,-0.000473915,39.7623
248.3,-0.000474683,39.7622
248.35,-0.00047455,39.7622
248.4,-0.000476487,39.7622
248.45,-0.000469207,39.7622
248.5,-0.000479826,39.7621
248.55,-0.000482965,39.7621
248.6,-0.000484634,39.7621
248.65,-0.000481262,39.7621
248.7,-0.00047101,39.7621
248.75,-0.000479358,39.762
248.8,-0.000481596,39.762
248.85,-0.000483599,39.762
248.9,-0.000481462,39.762
248.95,-0.000473982,39.7619
249.0,-0.000472446,39.7619
249.05,-0.000479425,39.7619
249.1,-0.000481462,39.7619
249.15,-0.000484234,39.7618
249.2,-0.000478891,39.7618
249.25,-0.000477221,39.7618
249.3,-0.000473915,39.7618
249.35,-0.000490111,39.7617
249.4,-0.00048774,39.7617
249.45,-0.000487773,39.7617
249.5,-0.000493818,39.7617
249.55,-0.000478223,39.7616
249.6,-0.000482364,39.7616
249.65,-0.000485035,39.7616
249.7,-0.000484801,39.7616
249.75,-0.000489376,39.7615
249.8,-0.000485236,39.7615
249.85,-0.000478691,39.7615
249.9,-0.000481763,39.7615
249.95,-0.00048961,39.7614
250.0,-0.000485169,39.7614
250.05,-0.000478624,39.7614
250.1,-0.00047652,39.7614
250.15,-0.000477589,39.7614
250.2,-0.00047662,39.7613
250.25,-0.000483499,39.7613
250.3,-0.000467738,39.7613
250.35,-0.000480828,39.7613
250.4,-0.000479559,39.7612
250.45,-0.000483432,39.7612
250.5,-0.000482898,39.7612
250.55,-0.000480327,39.7612
250.6,-0.000484134,39.7611
250.65,-0.000483332,39.7611
250.7,-0.00048233,39.7611
250.75,-0.000481395,39.7611
250.8,-0.000478524,39.761
250.85,-0.000481462,39.761
250.9,-0.000486838,39.761
250.95,-0.000484401,39.761
251.0,-0.000477121,39.7609
251.05,-0.000473782,39.7609
251.1,-0.000484701,39.7609
251.15,-0.000485436,39.7609
251.2,-0.000482197,39.7608
251.25,-0.000483065,39.7608
251.3,-0.000487974,39.7608
251.35,-0.000493717,39.7608
251.4,-0.000496055,39.7607
251.45,-0.000482698,39.7607
251.5,-0.000478023,39.7607
251.55,-0.000479692,39.7607
251.6,-0.000480026,39.7607
251.65,-0.000483733,39.7606
251.7,-0.000489276,39.7606
251.75,-0.000484835,39.7606
251.8,-0.000490044,39.7606
251.85,-0.000484968,39.7605
251.9,-0.000486137,39.7605
251.95,-0.000483032,39.7605
252.0,-0.000487473,39.7605
252.05,-0.000486304,39.7604
252.1,-0.000486672,39.7604
252.15,-0.000486171,39.7604
252.2,-0.000487039,39.7604
252.25,-0.000477689,39.7603
252.3,-0.000480995,39.7603
252.35,-0.000491513,39.7603
252.4,-0.000483566,39.7603
252.45,-0.000478624,39.7602
252.5,-0.00047829,39.7602
252.55,-0.000478357,39.7602
252.6,-0.000476821,39.7602
252.65,-0.00048046,39.7601
252.7,-0.000474717,39.7601
252.75,-0.000482731,39.7601
252.8,-0.000488441,39.7601
252.85,-0.000487807,39.76
252.9,-0.000500463,39.76
252.95,-0.000500864,39.76
253.0,-0.000488041,39.76
253.05,-0.000490712,39.7599
253.1,-0.000489209,39.7599
253.15,-0.000488308,39.7599
253.2,-0.000487506,39.7599
253.25,-0.000492716,39.7599
253.3,-0.00049118,39.7598
253.35,-0.000493116,39.7598
253.4,-0.000488141,39.7598
253.45,-0.000483265,39.7598
253.5,-0.000485703,39.7597
253.55,-0.000494652,39.7597
253.6,-0.000495521,39.7597
253.65,-0.000488809,39.7597
253.7,-0.000480761,39.7596
253.75,-0.000476821,39.7596
253.8,-0.000481763,39.7596
253.85,-0.000486171,39.7596
253.9,-0.000481128,39.7595
253.95,-0.000477756,39.7595
254.0,-0.0004839,39.7595
254.05,-0.000480694,39.7595
254.1,-0.000484968,39.7594
254.15,-0.000483432,39.7594
254.2,-0.00047308,39.7594
254.25,-0.00048026,39.7594
254.3,-0.000481629,39.7593
254.35,-0.000475117,39.7593
254.4,-0.000473815,39.7593
254.45,-0.000475284,39.7593
254.5,-0.000475151,39.7593
254.55,-0.000483766,39.7592
254.6,-0.000484167,39.7592
254.65,-0.000477221,39.7592
254.7,-0.000474015,39.7592
254.75,-0.000470342,39.7591
254.8,-0.000468973,39.7591
254.85,-0.00048213,39.7591
254.9,-0.000470576,39.7591
254.95,-0.000467971,39.759
255.0,-0.0004651,39.759
255.05,-0.000466736,39.759
255.1,-0.000482798,39.759
255.15,-0.000474984,39.7589
255.2,-0.000475552,39.7589
255.25,-0.000471745,39.7589
255.3,-0.000472546,39.7589
255.35,-0.000465433,39.7588
255.4,-0.000471611,39.7588
255.45,-0.000475184,39.7588
255.5,-0.000479258,39.7588
255.55,-0.000480394,39.7588
255.6,-0.000476453,39.7587
255.65,-0.000475351,39.7587
255.7,-0.000481629,39.7587
255.75,-0.00047465,39.7587
255.8,-0.000481295,39.7586
255.85,-0.000474283,39.7586
255.9,-0.000473915,39.7586
255.95,-0.000473414,39.7586
256.0,-0.000480928,39.7585
256.05,-0.000483098,39.7585
256.1,-0.000472112,39.7585
256.15,-0.000468472,39.7585
256.2,-0.000475819,39.7584
256.25,-0.000473515,39.7584
256.3,-0.000481496,39.7584
256.35,-0.00047859,39.7584
256.4,-0.000478457,39.7583
256.45,-0.000475284,39.7583
256.5,-0.000475318,39.7583
256.55,-0.000475685,39.7583
256.6,-0.000482698,39.7583
256.65,-0.000474784,39.7582
256.7,-0.000475485,39.7582
256.75,-0.000473014,39.7582
256.8,-0.000485403,39.7582
256.85,-0.000486738,39.7581
256.9,-0.000488141,39.7581
256.95,-0.000474316,39.7581
257.0,-0.000478123,39.7581
257.05,-0.000470376,39.758
257.1,-0.000353533,39.758
257.15,-0.000422123,39.758
257.2,-0.000449371,39.758
257.25,-0.000460191,39.7579
257.3,-0.000458054,39.7579
257.35,-0.000455683,39.7579
257.4,-0.000457619,39.7579
257.45,-0.000455482,39.7579
257.5,-0.000453345,39.7578
257.55,-0.000457987,39.7578
257.6,-0.000464665,39.7578
257.65,-0.000465467,39.7578
257.7,-0.000457018,39.7577
257.75,-0.000448169,39.7577
257.8,-0.000456918,39.7577
257.85,-0.000451642,39.7577
257.9,-0.0004656,39.7577
257.95,-0.000468071,39.7576
258.0,-0.000469574,39.7576
258.05,-0.000476954,39.7576
258.1,-0.000474984,39.7576
258.15,-0.000478824,39.7575
258.2,-0.000482531,39.7575
258.25,-0.000477288,39.7575
258.3,-0.000478323,39.7575
258.35,-0.000479225,39.7574
258.4,-0.000475719,39.7574
258.45,-0.000470977,39.7574
258.5,-0.000473147,39.7574
258.55,-0.000474683,39.7573
258.6,-0.000476654,39.7573
258.65,-0.000479459,39.7573
258.7,-0.000479459,39.7573
258.75,-0.000479826,39.7572
258.8,-0.00048223,39.7572
258.85,-0.000482497,39.7572
258.9,-0.000482965,39.7572
258.95,-0.000482831,39.7572
259.0,-0.000482397,39.7571
259.05,-0.000483967,39.7571
259.1,-0.000480694,39.7571
259.15,-0.000481796,39.7571
259.2,-0.000486004,39.757
259.25,-0.000492883,39.757
259.3,-0.00048951,39.757
259.35,-0.000486505,39.757
259.4,-0.00049492,39.7569
259.45,-0.000493317,39.7569
259.5,-0.00049325,39.7569
259.55,-0.00049916,39.7569
259.6,-0.000489042,39.7568
259.65,-0.000481195,39.7568
259.7,-0.000478991,39.7568
259.75,-0.000475318,39.7568
259.8,-0.000483566,39.7567
259.85,-0.00047829,39.7567
259.9,-0.000480794,39.7567
259.95,-0.000486872,39.7567
260.0,-0.000488241,39.7566
260.05,-0.000488942,39.7566
260.1,-0.000480727,39.7566
260.15,-0.000481763,39.7566
260.2,-0.000478123,39.7565
260.25,-0.000479258,39.7565
260.3,-0.000477922,39.7565
260.35,-0.000479659,39.7565
260.4,-0.000485803,39.7565
260.45,-0.000492215,39.7564
260.5,-0.000495821,39.7564
260.55,-0.00048941,39.7564
260.6,-0.000479425,39.7564
260.65,-0.000483533,39.7563
260.7,-0.000486237,39.7563
260.75,-0.000484033,39.7563
260.8,-0.000475084,39.7563
260.85,-0.000471645,39.7562
260.9,-0.000470877,39.7562
260.95,-0.00047111,39.7562
261.0,-0.000481696,39.7562
261.05,-0.00048744,39.7561
261.1,-0.000487172,39.7561
261.15,-0.000479993,39.7561
261.2,-0.000490178,39.7561
261.25,-0.000485503,39.756
261.3,-0.000477422,39.756
261.35,-0.000481028,39.756
261.4,-0.000484935,39.756
261.45,-0.000492482,39.7559
261.5,-0.000485336,39.7559
261.55,-0.000487773,39.7559
261.6,-0.000485469,39.7559
261.65,-0.000479626,39.7558
261.7,-0.000477922,39.7558
261.75,-0.000485436,39.7558
261.8,-0.000479091,39.7558
261.85,-0.000478724,39.7557
261.9,-0.000482431,39.7557
261.95,-0.000475117,39.7557
262.0,-0.000479158,39.7557
262.05,-0.000477021,39.7557
262.1,-0.000470442,39.7556
262.15,-0.000476987,39.7556
262.2,-0.00048026,39.7556
262.25,-0.000477989,39.7556
262.3,-0.000467404,39.7555
262.35,-0.000473982,39.7555
262.4,-0.000478824,39.7555
262.45,-0.000477989,39.7555
262.5,-0.000476854,39.7554
262.55,-0.000478958,39.7554
262.6,-0.000477655,39.7554
262.65,-0.000469007,39.7554
262.7,-0.000474617,39.7553
262.75,-0.000476086,39.7553
262.8,-0.000470676,39.7553
262.85,-0.000482264,39.7553
262.9,-0.000460558,39.7552
262.95,-0.000466402,39.7552
263.0,-0.000470877,39.7552
263.05,-0.00046884,39.7552
263.1,-0.000477288,39.7552
263.15,-0.000468172,39.7551
263.2,-0.000464732,39.7551
263.25,-0.000467871,39.7551
263.3,-0.00046894,39.7551
263.35,-0.000456918,39.755
263.4,-0.000460224,39.755
263.45,-0.000452477,39.755
263.5,-0.000462428,39.755
263.55,-0.000471578,39.7549
263.6,-0.000469641,39.7549
263.65,-0.000465634,39.7549
263.7,-0.000457686,39.7549
263.75,-0.000461526,39.7549
263.8,-0.000448269,39.7548
263.85,-0.00045034,39.7548
263.9,-0.000461426,39.7548
263.95,-0.000465133,39.7548
264.0,-0.000471344,39.7547
264.05,-0.000475518,39.7547
264.1,-0.000469207,39.7547
264.15,-0.000468005,39.7547
264.2,-0.000467871,39.7546
264.25,-0.000470008,39.7546
264.3,-0.000477288,39.7546
264.35,-0.000468639,39.7546
264.4,-0.000469875,39.7546
264.45,-0.000476654,39.7545
264.5,-0.000477622,39.7545
264.55,-0.000479559,39.7545
264.6,-0.000482364,39.7545
264.65,-0.000482063,39.7544
264.7,-0.000470342,39.7544
264.75,-0.000475719,39.7544
264.8,-0.000479392,39.7544
264.85,-0.000477221,39.7543
264.9,-0.000473381,39.7543
264.95,-0.000481195,39.7543
265.0,-0.000478624,39.7543
265.05,-0.000476954,39.7542
265.1,-0.000470442,39.7542
265.15,-0.000474182,39.7542
265.2,-0.000469474,39.7542
265.25,-0.000480995,39.7541
265.3,-0.000472079,39.7541
265.35,-0.000471444,39.7541
265.4,-0.000478123,39.7541
265.45,-0.000480093,39.7541
265.5,-0.000475886,39.754
265.55,-0.000479726,39.754
265.6,-0.000484668,39.754
265.65,-0.000484367,39.754
265.7,-0.000479525,39.7539
265.75,-0.000479225,39.7539
265.8,-0.000482564,39.7539
265.85,-0.000484902,39.7539
265.9,-0.000488074,39.7538
265.95,-0.000482564,39.7538
266.0,-0.000483599,39.7538
266.05,-0.000482163,39.7538
266.1,-0.000488041,39.7537
266.15,-0.000488074,39.7537
266.2,-0.000489744,39.7537
266.25,-0.000490545,39.7537
266.3,-0.000486905,39.7536
266.35,-0.000489476,39.7536
266.4,-0.000492883,39.7536
266.45,-0.000489643,39.7536
266.5,-0.000488408,39.7535
266.55,-0.000491547,39.7535
266.6,-0.000488508,39.7535
266.65,-0.000481028,39.7535
266.7,-0.000480026,39.7534
266.75,-0.00047849,39.7534
266.8,-0.000480227,39.7534
266.85,-0.0004842,39.7534
266.9,-0.000485937,39.7533
266.95,-0.000481162,39.7533
267.0,-0.000486939,39.7533
267.05,-0.000482898,39.7533
267.1,-0.000491046,39.7533
267.15,-0.000494051,39.7532
267.2,-0.000485403,39.7532
267.25,-0.00048597,39.7532
267.3,-0.000490946,39.7532
267.35,-0.000495187,39.7531
267.4,-0.000489844,39.7531
267.45,-0.000484534,39.7531
267.5,-0.000486438,39.7531
267.55,-0.000491914,39.753
267.6,-0.000485102,39.753
267.65,-0.000485803,39.753
267.7,-0.000489643,39.753
267.75,-0.000491647,39.7529
267.8,-0.000494686,39.7529
267.85,-0.00049138,39.7529
267.9,-0.000499828,39.7529
267.95,-0.000494986,39.7528
268.0,-0.000494152,39.7528
268.05,-0.000494786,39.7528
268.1,-0.000496856,39.7528
268.15,-0.00049148,39.7527
268.2,-0.00048951,39.7527
268.25,-0.000490445,39.7527
268.3,-0.000492983,39.7527
268.35,-0.00048744,39.7526
268.4,-0.000487005,39.7526
268.45,-0.000497825,39.7526
268.5,-0.000490412,39.7526
268.55,-0.000490111,39.7525
268.6,-0.000494218,39.7525
268.65,-0.000498226,39.7525
268.7,-0.000497925,39.7525
268.75,-0.00049335,39.7524
268.8,-0.000485169,39.7524
268.85,-0.000494385,39.7524
268.9,-0.000481996,39.7524
268.95,-0.000490311,39.7523
269.0,-0.000496856,39.7523
269.05,-0.000495821,39.7523
269.1,-0.000493417,39.7523
269.15,-0.000494118,39.7522
269.2,-0.000485302,39.7522
269.25,-0.00048784,39.7522
269.3,-0.000487807,39.7522
269.35,-0.000479859,39.7521
269.4,-0.000480193,39.7521
269.45,-0.000480794,39.7521
269.5,-0.000490078,39.7521
269.55,-0.00048567,39.752
269.6,-0.000479893,39.752
269.65,-0.000482965,39.752
269.7,-0.000481796,39.752
269.75,-0.00048213,39.752
269.8,-0.000484,39.7519
269.85,-0.000480394,39.7519
269.9,-0.000477088,39.7519
269.95,-0.000478089,39.7519
270.0,-0.000480627,39.7518
270.05,-0.000481896,39.7518
270.1,-0.000481763,39.7518
270.15,-0.000484367,39.7518
270.2,-0.000477722,39.7517
270.25,-0.000483766,39.7517
270.3,-0.000481829,39.7517
270.35,-0.000466836,39.7517
270.4,-0.000470309,39.7516
270.45,-0.000480494,39.7516
270.5,-0.000473047,39.7516
270.55,-0.000483366,39.7516
270.6,-0.000480394,39.7515
270.65,-0.000484267,39.7515
270.7,-0.000486939,39.7515
270.75,-0.000476086,39.7515
270.8,-0.000490745,39.7514
270.85,-0.000484501,39.7514
270.9,-0.000485703,39.7514
270.95,-0.000485803,39.7514
271.0,-0.000486137,39.7514
271.05,-0.000488408,39.7513
271.1,-0.000483299,39.7513
271.15,-0.000486705,39.7513
271.2,-0.000486672,39.7513
271.25,-0.000480494,39.7512
271.3,-0.000489276,39.7512
271.35,-0.000484468,39.7512
271.4,-0.000481629,39.7512
271.45,-0.000479392,39.7511
271.5,-0.000479792,39.7511
271.55,-0.000480026,39.7511
271.6,-0.000477422,39.7511
271.65,-0.000469708,39.751
271.7,-0.000476687,39.751
271.75,-0.000469908,39.751
271.8,-0.000471144,39.751
271.85,-0.000466001,39.7509
271.9,-0.000462261,39.7509
271.95,-0.000470476,39.7509
272.0,-0.000465567,39.7509
272.05,-0.000466869,39.7509
272.1,-0.000473815,39.7508
272.15,-0.000481395,39.7508
272.2,-0.000471979,39.7508
272.25,-0.000472045,39.7508
272.3,-0.000468238,39.7507
272.35,-0.000461426,39.7507
272.4,-0.000458721,39.7507
272.45,-0.000471745,39.7507
272.5,-0.000472045,39.7506
272.55,-0.000467103,39.7506
272.6,-0.000467237,39.7506
272.65,-0.000475618,39.7506
272.7,-0.000475685,39.7505
272.75,-0.000468339,39.7505
272.8,-0.000467738,39.7505
272.85,-0.000470776,39.7505
272.9,-0.000473414,39.7505
272.95,-0.000467738,39.7504
273.0,-0.000475117,39.7504
273.05,-0.000474784,39.7504
273.1,-0.00047268,39.7504
273.15,-0.000481596,39.7503
273.2,-0.000469908,39.7503
273.25,-0.000480694,39.7503
273.3,-0.000476587,39.7503
273.35,-0.000468506,39.7502
273.4,-0.000467637,39.7502
273.45,-0.000465901,39.7502
273.5,-0.000473181,39.7502
273.55,-0.000467905,39.7501
273.6,-0.000469173,39.7501
273.65,-0.000471778,39.7501
273.7,-0.000472179,39.7501
273.75,-0.000466769,39.75
273.8,-0.000471311,39.75
273.85,-0.000474483,39.75
273.9,-0.000473915,39.75
273.95,-0.000472546,39.75
274.0,-0.000475451,39.7499
274.05,-0.000473314,39.7499
274.1,-0.000469674,39.7499
274.15,-0.000463363,39.7499
274.2,-0.000465033,39.7498
274.25,-0.00047485,39.7498
274.3,-0.000469708,39.7498
274.35,-0.000479859,39.7498
274.4,-0.000486171,39.7497
274.45,-0.000485536,39.7497
274.5,-0.000472713,39.7497
274.55,-0.000474583,39.7497
274.6,-0.000480227,39.7496
274.65,-0.000483633,39.7496
274.7,-0.00048587,39.7496
274.75,-0.000484801,39.7496
274.8,-0.000478958,39.7495
274.85,-0.000466101,39.7495
274.9,-0.000469875,39.7495
274.95,-0.000476954,39.7495
275.0,-0.000477889,39.7495
275.05,-0.000475752,39.7494
275.1,-0.000477689,39.7494
275.15,-0.000480594,39.7494
275.2,-0.000478624,39.7494
275.25,-0.000479325,39.7493
275.3,-0.000481763,39.7493
275.35,-0.000483366,39.7493
275.4,-0.000489243,39.7493
275.45,-0.000482297,39.7492
275.5,-0.000483833,39.7492
275.55,-0.000494753,39.7492
275.6,-0.000484334,39.7492
275.65,-0.000478357,39.7491
275.7,-0.000484568,39.7491
275.75,-0.000489977,39.7491
275.8,-0.000486304,39.7491
275.85,-0.000481663,39.749
275.9,-0.000491614,39.749
275.95,-0.000489744,39.749
276.0,-0.000485837,39.749
276.05,-0.000486338,39.7489
276.1,-0.000482364,39.7489
276.15,-0.000472847,39.7489
276.2,-0.00046884,39.7489
276.25,-0.000472646,39.7489
276.3,-0.00047475,39.7488
276.35,-0.000457319,39.7488
276.4,-0.000464999,39.7488
276.45,-0.000461693,39.7488
276.5,-0.00045959,39.7487
276.55,-0.000463296,39.7487
276.6,-0.00045585,39.7487
276.65,-0.000460725,39.7487
276.7,-0.000462061,39.7486
276.75,-0.000456317,39.7486
276.8,-0.000460558,39.7486
276.85,-0.000458321,39.7486
276.9,-0.000467504,39.7486
276.95,-0.000457452,39.7485
277.0,-0.000449305,39.7485
277.05,-0.000455382,39.7485
277.1,-0.000457686,39.7485
277.15,-0.000461493,39.7484
277.2,-0.000458755,39.7484
277.25,-0.000453212,39.7484
277.3,-0.000456384,39.7484
277.35,-0.000461693,39.7483
277.4,-0.000463964,39.7483
277.45,-0.000461059,39.7483
277.5,-0.00045979,39.7483
277.55,-0.000455082,39.7483
277.6,-0.000455382,39.7482
277.65,-0.000465801,39.7482
277.7,-0.000472479,39.7482
277.75,-0.000460859,39.7482
277.8,-0.000462628,39.7481
277.85,-0.00046146,39.7481
277.9,-0.000464098,39.7481
277.95,-0.000466368,39.7481
278.0,-0.000465801,39.748
278.05,-0.000466135,39.748
278.1,-0.000466268,39.748
278.15,-0.00046747,39.748
278.2,-0.000464098,39.748
278.25,-0.000467804,39.7479
278.3,-0.000471845,39.7479
278.35,-0.000460291,39.7479
278.4,-0.000467036,39.7479
278.45,-0.000471411,39.7478
278.5,-0.000469708,39.7478
278.55,-0.000460859,39.7478
278.6,-0.000470576,39.7478
278.65,-0.000471578,39.7477
278.7,-0.000472913,39.7477
278.75,-0.000467905,39.7477
278.8,-0.00046924,39.7477
278.85,-0.000464298,39.7476
278.9,-0.000463864,39.7476
278.95,-0.000470977,39.7476
279.0,-0.000466869,39.7476
279.05,-0.000468071,39.7476
279.1,-0.000460625,39.7475
279.15,-0.000463764,39.7475
279.2,-0.000469474,39.7475
279.25,-0.00047632,39.7475
279.3,-0.000472045,39.7474
279.35,-0.000474015,39.7474
279.4,-0.00046697,39.7474
279.45,-0.000463229,39.7474
279.5,-0.000469274,39.7473
279.55,-0.000475919,39.7473
279.6,-0.000475518,39.7473
279.65,-0.000475719,39.7473
279.7,-0.00048046,39.7472
279.75,-0.000473682,39.7472
279.8,-0.000472546,39.7472
279.85,-0.000469374,39.7472
279.9,-0.000463697,39.7472
279.95,-0.000470442,39.7471
280.0,-0.000461827,39.7471
280.05,-0.000460324,39.7471
280.1,-0.000471144,39.7471
280.15,-0.000469708,39.747
280.2,-0.000466302,39.747
280.25,-0.000468539,39.747
280.3,-0.000473882,39.747
280.35,-0.000474149,39.7469
280.4,-0.00047081,39.7469
280.45,-0.000473815,39.7469
280.5,-0.000467337,39.7469
280.55,-0.000461994,39.7468
280.6,-0.000461326,39.7468
280.65,-0.000462027,39.7468
280.7,-0.000457085,39.7468
280.75,-0.000463096,39.7468
280.8,-0.000469507,39.7467
280.85,-0.000465934,39.7467
280.9,-0.000466836,39.7467
280.95,-0.000467504,39.7467
281.0,-0.000461927,39.7466
281.05,-0.000464432,39.7466
281.1,-0.000469107,39.7466
281.15,-0.000460658,39.7466
281.2,-0.000456985,39.7465
281.25,-0.000462094,39.7465
281.3,-0.000469741,39.7465
281.35,-0.000469674,39.7465
281.4,-0.000472546,39.7465
281.45,-0.000470042,39.7464
281.5,-0.000473448,39.7464
281.55,-0.000472813,39.7464
281.6,-0.000473748,39.7464
281.65,-0.000477388,39.7463
281.7,-0.000478357,39.7463
281.75,-0.000474349,39.7463
281.8,-0.000467504,39.7463
281.85,-0.00047455,39.7462
281.9,-0.000472913,39.7462
281.95,-0.000466135,39.7462
282.0,-0.000477655,39.7462
282.05,-0.000472413,39.7461
282.1,-0.000476119,39.7461
282.15,-0.000386793,39.7461
282.2,-0.000421455,39.7461
282.25,-0.000436615,39.7461
282.3,-0.000447268,39.746
282.35,-0.00044837,39.746
282.4,-0.000444062,39.746
282.45,-0.00042603,39.746
282.5,-0.000418716,39.746
282.55,-0.000393371,39.7459
282.6,-0.000395508,39.7459
282.65,-0.000459656,39.7459
282.7,-0.000472045,39.7459
282.75,-0.000444596,39.7458
282.8,-0.000466268,39.7458
282.85,-0.000470209,39.7458
282.9,-0.000468506,39.7458
282.95,-0.000476854,39.7458
283.0,-0.000467905,39.7457
283.05,-0.000475351,39.7457
283.1,-0.000479425,39.7457
283.15,-0.000475752,39.7457
283.2,-0.000477522,39.7456
283.25,-0.000473481,39.7456
283.3,-0.000471177,39.7456
283.35,-0.000471979,39.7456
283.4,-0.000468272,39.7455
283.45,-0.000469007,39.7455
283.5,-0.000462628,39.7455
283.55,-0.000469274,39.7455
283.6,-0.000465901,39.7454
283.65,-0.000469908,39.7454
283.7,-0.00047071,39.7454
283.75,-0.000476019,39.7454
283.8,-0.000473281,39.7453
283.85,-0.000460859,39.7453
283.9,-0.000464198,39.7453
283.95,-0.000464966,39.7453
284.0,-0.000463764,39.7453
284.05,-0.000468873,39.7452
284.1,-0.000467537,39.7452
284.15,-0.000465433,39.7452
284.2,-0.000471845,39.7452
284.25,-0.000467303,39.7451
284.3,-0.00046343,39.7451
284.35,-0.000463029,39.7451
284.4,-0.000458554,39.7451
284.45,-0.000460024,39.745
284.5,-0.000458588,39.745
284.55,-0.000461393,39.745
284.6,-0.000462161,39.745
284.65,-0.000465634,39.745
284.7,-0.000461794,39.7449
284.75,-0.000470676,39.7449
284.8,-0.000469274,39.7449
284.85,-0.000471411,39.7449
284.9,-0.000475117,39.7448
284.95,-0.000466836,39.7448
285.0,-0.000472012,39.7448
285.05,-0.000466001,39.7448
285.1,-0.000466001,39.7447
285.15,-0.000475051,39.7447
285.2,-0.000478223,39.7447
285.25,-0.000480494,39.7447
285.3,-0.00047465,39.7446
285.35,-0.000469474,39.7446
285.4,-0.000461193,39.7446
285.45,-0.000467905,39.7446
285.5,-0.000471544,39.7446
285.55,-0.000469775,39.7445
285.6,-0.00048026,39.7445
285.65,-0.000476052,39.7445
285.7,-0.000469007,39.7445
285.75,-0.000462929,39.7444
285.8,-0.000460959,39.7444
285.85,-0.000462929,39.7444
285.9,-0.000454147,39.7444
285.95,-0.000472346,39.7443
286.0,-0.000462762,39.7443
286.05,-0.000465934,39.7443
286.1,-0.000469173,39.7443
286.15,-0.000466769,39.7443
286.2,-0.000463797,39.7442
286.25,-0.000473815,39.7442
286.3,-0.000470476,39.7442
286.35,-0.000469541,39.7442
286.4,-0.000471812,39.7441
286.45,-0.000468639,39.7441
286.5,-0.000459222,39.7441
286.55,-0.000464665,39.7441
286.6,-0.000453879,39.744
286.65,-0.000447234,39.744
286.7,-0.000451442,39.744
286.75,-0.000457185,39.744
286.8,-0.000460591,39.7439
286.85,-0.000451375,39.7439
286.9,-0.000452944,39.7439
286.95,-0.00045812,39.7439
287.0,-0.000449071,39.7439
287.05,-0.000459323,39.7438
287.1,-0.000456517,39.7438
287.15,-0.000459489,39.7438
287.2,-0.000462161,39.7438
287.25,-0.000457486,39.7437
287.3,-0.000451475,39.7437
287.35,-0.000452143,39.7437
287.4,-0.000456952,39.7437
287.45,-0.000453011,39.7437
287.5,-0.000453579,39.7436
287.55,-0.000455482,39.7436
287.6,-0.000460591,39.7436
287.65,-0.000450841,39.7436
287.7,-0.000447301,39.7435
287.75,-0.000445431,39.7435
287.8,-0.000439921,39.7435
287.85,-0.000435413,39.7435
287.9,-0.000444696,39.7435
287.95,-0.000446232,39.7434
288.0,-0.000440956,39.7434
288.05,-0.00043578,39.7434
288.1,-0.000444496,39.7434
288.15,-0.000453879,39.7433
288.2,-0.000440723,39.7433
288.25,-0.000447869,39.7433
288.3,-0.000436882,39.7433
288.35,-0.000442459,39.7433
288.4,-0.000447935,39.7432
288.45,-0.00045428,39.7432
288.5,-0.000451842,39.7432
288.55,-0.000453312,39.7432
288.6,-0.000451575,39.7431
288.65,-0.000446399,39.7431
288.7,-0.000454514,39.7431
288.75,-0.000440255,39.7431
288.8,-0.00044099,39.743
288.85,-0.000440689,39.743
288.9,-0.000447101,39.743
288.95,-0.000450941,39.743
289.0,-0.000441491,39.743
289.05,-0.000446733,39.7429
289.1,-0.000447334,39.7429
289.15,-0.000448102,39.7429
289.2,-0.000452777,39.7429
289.25,-0.000452677,39.7428
289.3,-0.000447234,39.7428
289.35,-0.000445464,39.7428
289.4,-0.000459289,39.7428
289.45,-0.000459924,39.7428
289.5,-0.00045615,39.7427
289.55,-0.000455182,39.7427
289.6,-0.000456985,39.7427
289.65,-0.000450373,39.7427
289.7,-0.000433977,39.7426
289.75,-0.000437283,39.7426
289.8,-0.000433543,39.7426
289.85,-0.000439287,39.7426
289.9,-0.000444763,39.7426
289.95,-0.000444663,39.7425
290.0,-0.000441257,39.7425
290.05,-0.000442526,39.7425
290.1,-0.000442726,39.7425
290.15,-0.000446466,39.7424
290.2,-0.000443628,39.7424
290.25,-0.000443127,39.7424
290.3,-0.000444596,39.7424
290.35,-0.000447234,39.7424
290.4,-0.000452277,39.7423
290.45,-0.000440155,39.7423
290.5,-0.000445965,39.7423
290.55,-0.000450106,39.7423
290.6,-0.00044867,39.7422
290.65,-0.000446867,39.7422
290.7,-0.000446633,39.7422
290.75,-0.000440956,39.7422
290.8,-0.000440622,39.7422
290.85,-0.000439253,39.7421
290.9,-0.000439353,39.7421
290.95,-0.000438686,39.7421
291.0,-0.000447668,39.7421
291.05,-0.000450807,39.742
291.1,-0.000452243,39.742
291.15,-0.000454981,39.742
291.2,-0.000465868,39.742
291.25,-0.00045044,39.742
291.3,-0.000445731,39.7419
291.35,-0.000445565,39.7419
291.4,-0.000444797,39.7419
291.45,-0.000449972,39.7419
291.5,-0.000449338,39.7418
291.55,-0.0004651,39.7418
291.6,-0.000464665,39.7418
291.65,-0.000456885,39.7418
291.7,-0.000450473,39.7418
291.75,-0.000459489,39.7417
291.8,-0.000456885,39.7417
291.85,-0.000460458,39.7417
291.9,-0.000459356,39.7417
291.95,-0.0004654,39.7416
292.0,-0.000456284,39.7416
292.05,-0.000455282,39.7416
292.1,-0.000468138,39.7416
292.15,-0.000465266,39.7415
292.2,-0.000458521,39.7415
292.25,-0.000469641,39.7415
292.3,-0.00047121,39.7415
292.35,-0.000470643,39.7415
292.4,-0.00047081,39.7414
292.45,-0.000468339,39.7414
292.5,-0.000468105,39.7414
292.55,-0.000471945,39.7414
292.6,-0.000475852,39.7413
292.65,-0.000478691,39.7413
292.7,-0.000464599,39.7413
292.75,-0.000466569,39.7413
292.8,-0.000460424,39.7412
292.85,-0.000459757,39.7412
292.9,-0.000454447,39.7412
292.95,-0.000471478,39.7412
293.0,-0.000468539,39.7411
293.05,-0.000471979,39.7411
293.1,-0.000464398,39.7411
293.15,-0.000469841,39.7411
293.2,-0.00046934,39.7411
293.25,-0.000459289,39.741
293.3,-0.000456184,39.741
293.35,-0.000463964,39.741
293.4,-0.000462795,39.741
293.45,-0.000464899,39.7409
293.5,-0.000463296,39.7409
293.55,-0.000462428,39.7409
293.6,-0.000464766,39.7409
293.65,-0.000460792,39.7408
293.7,-0.000458655,39.7408
293.75,-0.00045812,39.7408
293.8,-0.00046924,39.7408
293.85,-0.000464164,39.7408
293.9,-0.000464298,39.7407
293.95,-0.000465968,39.7407
294.0,-0.000459523,39.7407
294.05,-0.000447601,39.7407
294.1,-0.000454748,39.7406
294.15,-0.000457286,39.7406
294.2,-0.000457853,39.7406
294.25,-0.0004654,39.7406
294.3,-0.000461894,39.7405
294.35,-0.000464064,39.7405
294.4,-0.000466201,39.7405
294.45,-0.000464198,39.7405
294.5,-0.000458354,39.7405
294.55,-0.000457452,39.7404
294.6,-0.000458187,39.7404
294.65,-0.000462094,39.7404
294.7,-0.00046166,39.7404
294.75,-0.000464899,39.7403
294.8,-0.000462829,39.7403
294.85,-0.000466402,39.7403
294.9,-0.000463497,39.7403
294.95,-0.000460024,39.7402
295.0,-0.00046186,39.7402
295.05,-0.000469608,39.7402
295.1,-0.000461193,39.7402
295.15,-0.000468071,39.7402
295.2,-0.000473982,39.7401
295.25,-0.00046707,39.7401
295.3,-0.000466035,39.7401
295.35,-0.000470075,39.7401
295.4,-0.00046737,39.74
295.45,-0.0004655,39.74
295.5,-0.000470843,39.74
295.55,-0.000475986,39.74
295.6,-0.000470142,39.7399
295.65,-0.000470776,39.7399
295.7,-0.000470409,39.7399
295.75,-0.000470175,39.7399
295.8,-0.000462829,39.7398
295.85,-0.000471177,39.7398
295.9,-0.000467537,39.7398
295.95,-0.000462027,39.7398
296.0,-0.000466469,39.7398
296.05,-0.000467671,39.7397
296.1,-0.000474015,39.7397
296.15,-0.000471945,39.7397
296.2,-0.000467971,39.7397
296.25,-0.000471411,39.7396
296.3,-0.000463263,39.7396
296.35,-0.000468071,39.7396
296.4,-0.000470042,39.7396
296.45,-0.000464966,39.7395
296.5,-0.00046914,39.7395
296.55,-0.000463998,39.7395
296.6,-0.000462528,39.7395
296.65,-0.00046737,39.7395
296.7,-0.000468673,39.7394
296.75,-0.000468105,39.7394
296.8,-0.000470943,39.7394
296.85,-0.000467871,39.7394
296.9,-0.000466101,39.7393
296.95,-0.000470776,39.7393
297.0,-0.000467537,39.7393
297.05,-0.000467504,39.7393
297.1,-0.000473882,39.7392
297.15,-0.000477221,39.7392
297.2,-0.000477655,39.7392
297.25,-0.000474917,39.7392
297.3,-0.000472747,39.7391
297.35,-0.000471711,39.7391
297.4,-0.000470042,39.7391
297.45,-0.000464999,39.7391
297.5,-0.000457419,39.7391
297.55,-0.000453479,39.739
297.6,-0.000459389,39.739
297.65,-0.000462428,39.739
297.7,-0.000460358,39.739
297.75,-0.000458755,39.7389
297.8,-0.000462128,39.7389
297.85,-0.000455816,39.7389
297.9,-0.000457653,39.7389
297.95,-0.000457953,39.7388
298.0,-0.000458254,39.7388
298.05,-0.000455582,39.7388
298.1,-0.000464966,39.7388
298.15,-0.000457352,39.7388
298.2,-0.000461126,39.7387
298.25,-0.000451241,39.7387
298.3,-0.000454948,39.7387
298.35,-0.000463964,39.7387
298.4,-0.000454347,39.7386
298.45,-0.000449638,39.7386
298.5,-0.000454948,39.7386
298.55,-0.000453512,39.7386
298.6,-0.00046136,39.7385
298.65,-0.000464732,39.7385
298.7,-0.000456417,39.7385
298.75,-0.000445097,39.7385
298.8,-0.000446166,39.7385
298.85,-0.000449638,39.7384
298.9,-0.000451509,39.7384
298.95,-0.000450206,39.7384
299.0,-0.000451008,39.7384
299.05,-0.000460157,39.7383
299.1,-0.000466235,39.7383
299.15,-0.000466769,39.7383
299.2,-0.000464164,39.7383
299.25,-0.000456017,39.7383
299.3,-0.000458922,39.7382
299.35,-0.000459924,39.7382
299.4,-0.000472012,39.7382
299.45,-0.000478023,39.7382
299.5,-0.000477321,39.7381
299.55,-0.000473481,39.7381
299.6,-0.000468639,39.7381
299.65,-0.000470509,39.7381
299.7,-0.000466068,39.738
299.75,-0.000473915,39.738
299.8,-0.000479459,39.738
299.85,-0.00047091,39.738
299.9,-0.000469741,39.7379
299.95,-0.000471678,39.7379
300.0,-0.000479425,39.7379
300.05,-0.000470877,39.7379
300.1,-0.000473515,39.7379
300.15,-0.000474249,39.7378
300.2,-0.000473281,39.7378
300.25,-0.000474049,39.7378
300.3,-0.000474683,39.7378
300.35,-0.000482664,39.7377
300.4,-0.000473448,39.7377
300.45,-0.000467437,39.7377
300.5,-0.000470142,39.7377
300.55,-0.000466135,39.7376
300.6,-0.000476219,39.7376
300.65,-0.000475886,39.7376
300.7,-0.000471377,39.7376
300.75,-0.000468773,39.7375
300.8,-0.000466001,39.7375
300.85,-0.000465767,39.7375
300.9,-0.000463096,39.7375
300.95,-0.000463096,39.7374
301.0,-0.000457853,39.7374
301.05,-0.000451876,39.7374
301.1,-0.00046156,39.7374
301.15,-0.000468572,39.7374
301.2,-0.000464498,39.7373
301.25,-0.00046333,39.7373
301.3,-0.000472145,39.7373
301.35,-0.000469441,39.7373
301.4,-0.000468439,39.7372
301.45,-0.000462328,39.7372
301.5,-0.000462829,39.7372
301.55,-0.000463263,39.7372
301.6,-0.00045418,39.7371
301.65,-0.000454614,39.7371
301.7,-0.000453278,39.7371
301.75,-0.000458254,39.7371
301.8,-0.000455816,39.7371
301.85,-0.000458488,39.737
301.9,-0.000460224,39.737
301.95,-0.000461226,39.737
302.0,-0.00045999,39.737
302.05,-0.000456384,39.7369
302.1,-0.000447902,39.7369
302.15,-0.000457386,39.7369
302.2,-0.000458989,39.7369
302.25,-0.00046894,39.7369
302.3,-0.000456918,39.7368
302.35,-0.000466368,39.7368
302.4,-0.000462729,39.7368
302.45,-0.000458221,39.7368
302.5,-0.000462094,39.7367
302.55,-0.000464498,39.7367
302.6,-0.00045979,39.7367
302.65,-0.000466001,39.7367
302.7,-0.000469474,39.7366
302.75,-0.000465567,39.7366
302.8,-0.000466669,39.7366
302.85,-0.000461159,39.7366
302.9,-0.0004654,39.7365
302.95,-0.000460692,39.7365
303.0,-0.000462128,39.7365
303.05,-0.000451909,39.7365
303.1,-0.000457686,39.7365
303.15,-0.000464198,39.7364
303.2,-0.000461927,39.7364
303.25,-0.000456751,39.7364
303.3,-0.000453846,39.7364
303.35,-0.000456184,39.7363
303.4,-0.000454915,39.7363
303.45,-0.000460859,39.7363
303.5,-0.000453712,39.7363
303.55,-0.000454013,39.7363
303.6,-0.000451876,39.7362
303.65,-0.000457119,39.7362
303.7,-0.000451208,39.7362
303.75,-0.000449505,39.7362
303.8,-0.000445231,39.7361
303.85,-0.000444897,39.7361
303.9,-0.000445932,39.7361
303.95,-0.000453512,39.7361
304.0,-0.000455516,39.736
304.05,-0.000448002,39.736
304.1,-0.000448036,39.736
304.15,-0.000446433,39.736
304.2,-0.000447869,39.736
304.25,-0.000449805,39.7359
304.3,-0.0004468,39.7359
304.35,-0.000451408,39.7359
304.4,-0.000448637,39.7359
304.45,-0.000441591,39.7358
304.5,-0.000446666,39.7358
304.55,-0.000440188,39.7358
304.6,-0.0004467,39.7358
304.65,-0.000449739,39.7358
304.7,-0.000446099,39.7357
304.75,-0.000447268,39.7357
304.8,-0.00044887,39.7357
304.85,-0.000448136,39.7357
304.9,-0.000448236,39.7356
304.95,-0.000453278,39.7356
305.0,-0.000453212,39.7356
305.05,-0.000452143,39.7356
305.1,-0.000455449,39.7356
305.15,-0.000459289,39.7355
305.2,-0.000460057,39.7355
305.25,-0.000462228,39.7355
305.3,-0.000462061,39.7355
305.35,-0.000463196,39.7354
305.4,-0.000451876,39.7354
305.45,-0.000445364,39.7354
305.5,-0.000458755,39.7354
305.55,-0.00045044,39.7354
305.6,-0.000442192,39.7353
305.65,-0.000452711,39.7353
305.7,-0.000447969,39.7353
305.75,-0.000447134,39.7353
305.8,-0.000440823,39.7352
305.85,-0.000450907,39.7352
305.9,-0.000447702,39.7352
305.95,-0.000449138,39.7352
306.0,-0.000452878,39.7351
306.05,-0.000454881,39.7351
306.1,-0.000452711,39.7351
306.15,-0.000448069,39.7351
306.2,-0.000448169,39.7351
306.25,-0.000451475,39.735
306.3,-0.000450841,39.735
306.35,-0.000447134,39.735
306.4,-0.000441056,39.735
306.45,-0.000454481,39.7349
306.5,-0.000449004,39.7349
306.55,-0.000446333,39.7349
306.6,-0.000451475,39.7349
306.65,-0.000443427,39.7349
306.7,-0.000440222,39.7348
306.75,-0.00045074,39.7348
306.8,-0.000449906,39.7348
306.85,-0.000447535,39.7348
306.9,-0.000448971,39.7347
306.95,-0.000452677,39.7347
307.0,-0.000442993,39.7347
307.05,-0.000449405,39.7347
307.1,-0.000447201,39.7347
307.15,-0.000446232,39.7346
307.2,-0.000438552,39.7346
307.25,-0.000439253,39.7346
307.3,-0.000446132,39.7346
307.35,-0.000450139,39.7345
307.4,-0.000442325,39.7345
307.45,-0.000441724,39.7345
307.5,-0.000446032,39.7345
307.55,-0.000448971,39.7345
307.6,-0.000445832,39.7344
307.65,-0.00044867,39.7344
307.7,-0.00043912,39.7344
307.75,-0.000444496,39.7344
307.8,-0.000446132,39.7343
307.85,-0.000449605,39.7343
307.9,-0.00044463,39.7343
307.95,-0.000456417,39.7343
308.0,-0.000453612,39.7343
308.05,-0.000444429,39.7342
308.1,-0.000453612,39.7342
308.15,-0.000445331,39.7342
308.2,-0.000440656,39.7342
308.25,-0.00043922,39.7341
308.3,-0.000441858,39.7341
308.35,-0.000438185,39.7341
308.4,-0.000436381,39.7341
308.45,-0.000421889,39.7341
308.5,-0.000429035,39.734
308.55,-0.000425896,39.734
308.6,-0.000425662,39.734
308.65,-0.000428901,39.734
308.7,-0.000435747,39.7339
308.75,-0.000441491,39.7339
308.8,-0.000446934,39.7339
308.85,-0.000444663,39.7339
308.9,-0.000443795,39.7339
308.95,-0.000440789,39.7338
309.0,-0.000440322,39.7338
309.05,-0.000447902,39.7338
309.1,-0.000446967,39.7338
309.15,-0.000441791,39.7337
309.2,-0.000438151,39.7337
309.25,-0.000440422,39.7337
309.3,-0.000449305,39.7337
309.35,-0.000446967,39.7337
309.4,-0.000445464,39.7336
309.45,-0.00044887,39.7336
309.5,-0.000440589,39.7336
309.55,-0.000446366,39.7336
309.6,-0.000439854,39.7336
309.65,-0.000444963,39.7335
309.7,-0.000441324,39.7335
309.75,-0.000443928,39.7335
309.8,-0.000446633,39.7335
309.85,-0.000444129,39.7334
309.9,-0.000441958,39.7334
309.95,-0.000452978,39.7334
310.0,-0.000450173,39.7334
310.05,-0.000436949,39.7333
310.1,-0.000433944,39.7333
310.15,-0.000432575,39.7333
310.2,-0.00043568,39.7333
310.25,-0.000434979,39.7333
310.3,-0.000433343,39.7332
310.35,-0.000434378,39.7332
310.4,-0.00043745,39.7332
310.45,-0.000439687,39.7332
310.5,-0.000443294,39.7332
310.55,-0.000457219,39.7331
310.6,-0.000443361,39.7331
310.65,-0.0004467,39.7331
310.7,-0.000446166,39.7331
310.75,-0.000456117,39.733
310.8,-0.000452544,39.733
310.85,-0.000445665,39.733
310.9,-0.000451141,39.733
310.95,-0.000449171,39.733
311.0,-0.00045969,39.7329
311.05,-0.000459757,39.7329
311.1,-0.000453512,39.7329
311.15,-0.000451509,39.7329
311.2,-0.000450941,39.7328
311.25,-0.000441223,39.7328
311.3,-0.000451842,39.7328
311.35,-0.00044857,39.7328
311.4,-0.000440889,39.7327
311.45,-0.000436548,39.7327
311.5,-0.000443761,39.7327
311.55,-0.000452143,39.7327
311.6,-0.000458054,39.7327
311.65,-0.000450206,39.7326
311.7,-0.000451776,39.7326
311.75,-0.000443795,39.7326
311.8,-0.000432641,39.7326
311.85,-0.000443127,39.7325
311.9,-0.00043922,39.7325
311.95,-0.000452243,39.7325
312.0,-0.000444596,39.7325
312.05,-0.000445164,39.7325
312.1,-0.00044286,39.7324
312.15,-0.000442259,39.7324
312.2,-0.000447635,39.7324
312.25,-0.000449705,39.7324
312.3,-0.000452644,39.7323
312.35,-0.000445965,39.7323
312.4,-0.000448704,39.7323
312.45,-0.000445331,39.7323
312.5,-0.000441524,39.7323
312.55,-0.000454046,39.7322
312.6,-0.000447435,39.7322
312.65,-0.000447134,39.7322
312.7,-0.000446466,39.7322
312.75,-0.000459323,39.7321
312.8,-0.000452644,39.7321
312.85,-0.000458287,39.7321
312.9,-0.000449872,39.7321
312.95,-0.000447768,39.7321
313.0,-0.000446065,39.732
313.05,-0.000441257,39.732
313.1,-0.000438218,39.732
313.15,-0.000452544,39.732
313.2,-0.000452043,39.7319
313.25,-0.000451809,39.7319
313.3,-0.000459289,39.7319
313.35,-0.000450006,39.7319
313.4,-0.000449972,39.7319
313.45,-0.000454714,39.7318
313.5,-0.000449872,39.7318
313.55,-0.000449438,39.7318
313.6,-0.0004655,39.7318
313.65,-0.000455816,39.7317
313.7,-0.000454113,39.7317
313.75,-0.000457252,39.7317
313.8,-0.000458254,39.7317
313.85,-0.000455148,39.7316
313.9,-0.000463029,39.7316
313.95,-0.000454113,39.7316
314.0,-0.000454714,39.7316
314.05,-0.000458655,39.7316
314.1,-0.000455816,39.7315
314.15,-0.000452644,39.7315
314.2,-0.000452477,39.7315
314.25,-0.000461393,39.7315
314.3,-0.000470242,39.7314
314.35,-0.000465133,39.7314
314.4,-0.000467571,39.7314
314.45,-0.000456985,39.7314
314.5,-0.000452477,39.7313
314.55,-0.000462161,39.7313
314.6,-0.00046146,39.7313
314.65,-0.000464966,39.7313
314.7,-0.000469374,39.7313
314.75,-0.000461794,39.7312
314.8,-0.000449538,39.7312
314.85,-0.000453111,39.7312
314.9,-0.000461961,39.7312
314.95,-0.000463096,39.7311
315.0,-0.000461627,39.7311
315.05,-0.000459924,39.7311
315.1,-0.000452777,39.7311
315.15,-0.000458488,39.731
315.2,-0.000460324,39.731
315.25,-0.000465467,39.731
315.3,-0.000471912,39.731
315.35,-0.000470476,39.731
315.4,-0.000459456,39.7309
315.45,-0.000463063,39.7309
315.5,-0.000462361,39.7309
315.55,-0.000464966,39.7309
315.6,-0.000463697,39.7308
315.65,-0.000467571,39.7308
315.7,-0.000466135,39.7308
315.75,-0.000458221,39.7308
315.8,-0.000453512,39.7307
315.85,-0.000460792,39.7307
315.9,-0.000456618,39.7307
315.95,-0.000459823,39.7307
316.0,-0.000465467,39.7307
316.05,-0.000461894,39.7306
316.1,-0.00046186,39.7306
316.15,-0.000455449,39.7306
316.2,-0.000455315,39.7306
316.25,-0.000458521,39.7305
316.3,-0.000460224,39.7305
316.35,-0.000456751,39.7305
316.4,-0.000463229,39.7305
316.45,-0.000453612,39.7304
316.5,-0.000453412,39.7304
316.55,-0.00045802,39.7304
316.6,-0.000456184,39.7304
316.65,-0.000458621,39.7304
316.7,-0.000460491,39.7303
316.75,-0.00046166,39.7303
316.8,-0.00046363,39.7303
316.85,-0.000462294,39.7303
316.9,-0.000466435,39.7302
316.95,-0.000453045,39.7302
317.0,-0.00045261,39.7302
317.05,-0.000448403,39.7302
317.1,-0.000448603,39.7302
317.15,-0.000448837,39.7301
317.2,-0.000450874,39.7301
317.25,-0.000451709,39.7301
317.3,-0.000456885,39.7301
317.35,-0.000461593,39.73
317.4,-0.000466368,39.73
317.45,-0.000464265,39.73
317.5,-0.000464398,39.73
317.55,-0.000462562,39.7299
317.6,-0.000456417,39.7299
317.65,-0.000457386,39.7299
317.7,-0.000451308,39.7299
317.75,-0.000448537,39.7299
317.8,-0.000451141,39.7298
317.85,-0.000462562,39.7298
317.9,-0.000448804,39.7298
317.95,-0.000450106,39.7298
318.0,-0.000443461,39.7297
318.05,-0.000440522,39.7297
318.1,-0.00044887,39.7297
318.15,-0.000441691,39.7297
318.2,-0.000450607,39.7297
318.25,-0.000437049,39.7296
318.3,-0.000431072,39.7296
318.35,-0.000442192,39.7296
318.4,-0.000446767,39.7296
318.45,-0.000440889,39.7295
318.5,-0.00044857,39.7295
318.55,-0.000451175,39.7295
318.6,-0.000445765,39.7295
318.65,-0.000449472,39.7295
318.7,-0.000457386,39.7294
318.75,-0.00044463,39.7294
318.8,-0.00045398,39.7294
318.85,-0.000457386,39.7294
318.9,-0.000449638,39.7293
318.95,-0.00045241,39.7293
319.0,-0.000451742,39.7293
319.05,-0.000435613,39.7293
319.1,-0.000447668,39.7293
319.15,-0.00045054,39.7292
319.2,-0.000452477,39.7292
319.25,-0.000445431,39.7292
319.3,-0.000444563,39.7292
319.35,-0.00043942,39.7291
319.4,-0.000444362,39.7291
319.45,-0.000443327,39.7291
319.5,-0.000442559,39.7291
319.55,-0.000436114,39.7291
319.6,-0.000445264,39.729
319.65,-0.000443928,39.729
319.7,-0.000452544,39.729
319.75,-0.000455449,39.729
319.8,-0.00044837,39.7289
319.85,-0.000456451,39.7289
319.9,-0.000448603,39.7289
319.95,-0.000449138,39.7289
320.0,-0.000447134,39.7289
320.05,-0.000446733,39.7288
320.1,-0.000454981,39.7288
320.15,-0.000451842,39.7288
320.2,-0.000448704,39.7288
320.25,-0.000447134,39.7287
320.3,-0.000453278,39.7287
320.35,-0.000459389,39.7287
320.4,-0.000448971,39.7287
320.45,-0.000449472,39.7286
320.5,-0.000440422,39.7286
320.55,-0.000446399,39.7286
320.6,-0.000443895,39.7286
320.65,-0.000445197,39.7286
320.7,-0.000449972,39.7285
320.75,-0.000451141,39.7285
320.8,-0.000441056,39.7285
320.85,-0.000440355,39.7285
320.9,-0.000441357,39.7284
320.95,-0.000442158,39.7284
321.0,-0.000440188,39.7284
321.05,-0.00044099,39.7284
321.1,-0.000432307,39.7284
321.15,-0.000447635,39.7283
321.2,-0.000447568,39.7283
321.25,-0.00044513,39.7283
321.3,-0.000451709,39.7283
321.35,-0.000450073,39.7282
321.4,-0.000449037,39.7282
321.45,-0.000449472,39.7282
321.5,-0.000459623,39.7282
321.55,-0.000455816,39.7282
321.6,-0.000454915,39.7281
321.65,-0.00045024,39.7281
321.7,-0.0004652,39.7281
321.75,-0.000456651,39.7281
321.8,-0.000457786,39.728
321.85,-0.000462829,39.728
321.9,-0.000460925,39.728
321.95,-0.00045211,39.728
322.0,-0.000464599,39.728
322.05,-0.000461259,39.7279
322.1,-0.000458087,39.7279
322.15,-0.000453078,39.7279
322.2,-0.000445832,39.7279
322.25,-0.000449805,39.7278
322.3,-0.000445464,39.7278
322.35,-0.000448102,39.7278
322.4,-0.000451876,39.7278
322.45,-0.00045074,39.7277
322.5,-0.000462094,39.7277
322.55,-0.00045989,39.7277
322.6,-0.00046186,39.7277
322.65,-0.000452176,39.7277
322.7,-0.000453412,39.7276
322.75,-0.00045438,39.7276
322.8,-0.000451308,39.7276
322.85,-0.000454848,39.7276
322.9,-0.000451175,39.7275
322.95,-0.000445665,39.7275
323.0,-0.000444763,39.7275
323.05,-0.000452343,39.7275
323.1,-0.000454314,39.7275
323.15,-0.000455282,39.7274
323.2,-0.000442693,39.7274
323.25,-0.00045221,39.7274
323.3,-0.000448503,39.7274
323.35,-0.0004469,39.7273
323.4,-0.000457786,39.7273
323.45,-0.000450306,39.7273
323.5,-0.000451475,39.7273
323.55,-0.000450974,39.7272
323.6,-0.000450941,39.7272
323.65,-0.000435647,39.7272
323.7,-0.000450473,39.7272
323.75,-0.000454981,39.7272
323.8,-0.000457386,39.7271
323.85,-0.000455115,39.7271
323.9,-0.000455582,39.7271
323.95,-0.000449705,39.7271
324.0,-0.000448336,39.727
324.05,-0.000444696,39.727
324.1,-0.00045054,39.727
324.15,-0.000448336,39.727
324.2,-0.000450774,39.727
324.25,-0.000445531,39.7269
324.3,-0.000452343,39.7269
324.35,-0.000457553,39.7269
324.4,-0.000457386,39.7269
324.45,-0.000458488,39.7268
324.5,-0.000455148,39.7268
324.55,-0.000455783,39.7268
324.6,-0.00045959,39.7268
324.65,-0.000463998,39.7267
324.7,-0.000453445,39.7267
324.75,-0.000462061,39.7267
324.8,-0.000450006,39.7267
324.85,-0.000457119,39.7267
324.9,-0.000450974,39.7266
324.95,-0.000449972,39.7266
325.0,-0.000452544,39.7266
325.05,-0.000450273,39.7266
325.1,-0.000451475,39.7265
325.15,-0.000451709,39.7265
325.2,-0.000461393,39.7265
325.25,-0.000452176,39.7265
325.3,-0.000451175,39.7265
325.35,-0.000443962,39.7264
325.4,-0.000449071,39.7264
325.45,-0.000463597,39.7264
325.5,-0.000462061,39.7264
325.55,-0.000461627,39.7263
325.6,-0.000443728,39.7263
325.65,-0.000435947,39.7263
325.7,-0.000445064,39.7263
325.75,-0.000445665,39.7263
325.8,-0.000451675,39.7262
325.85,-0.000449405,39.7262
325.9,-0.0004468,39.7262
325.95,-0.000442058,39.7262
326.0,-0.000439821,39.7261
326.05,-0.000443761,39.7261
326.1,-0.000438619,39.7261
326.15,-0.00043351,39.7261
326.2,-0.000435847,39.7261
326.25,-0.000431773,39.726
326.3,-0.000431606,39.726
326.35,-0.000444663,39.726
326.4,-0.000440689,39.726
326.45,-0.000443728,39.7259
326.5,-0.000446566,39.7259
326.55,-0.000438619,39.7259
326.6,-0.000438652,39.7259
326.65,-0.000439988,39.7259
326.7,-0.00044296,39.7258
326.75,-0.000441758,39.7258
326.8,-0.000445097,39.7258
326.85,-0.000444095,39.7258
326.9,-0.000447334,39.7257
326.95,-0.000444162,39.7257
327.0,-0.000439053,39.7257
327.05,-0.000442292,39.7257
327.1,-0.000430604,39.7257
327.15,-0.000438552,39.7256
327.2,-0.000440622,39.7256
327.25,-0.000439754,39.7256
327.3,-0.00044129,39.7256
327.35,-0.000444797,39.7255
327.4,-0.00044109,39.7255
327.45,-0.000442559,39.7255
327.5,-0.000438652,39.7255
327.55,-0.000442693,39.7255
327.6,-0.000442292,39.7254
327.65,-0.000436949,39.7254
327.7,-0.000434678,39.7254
327.75,-0.000441424,39.7254
327.8,-0.00044316,39.7253
327.85,-0.000441925,39.7253
327.9,-0.000442359,39.7253
327.95,-0.000430938,39.7253
328.0,-0.00042623,39.7253
328.05,-0.000436148,39.7252
328.1,-0.0004279,39.7252
328.15,-0.000437784,39.7252
328.2,-0.000436315,39.7252
328.25,-0.000438051,39.7252
328.3,-0.000434779,39.7251
328.35,-0.000433109,39.7251
328.4,-0.000436949,39.7251
328.45,-0.000444997,39.7251
328.5,-0.000444329,39.725
328.55,-0.000437116,39.725
328.6,-0.000432074,39.725
328.65,-0.000442593,39.725
328.7,-0.000449204,39.725
328.75,-0.000441056,39.7249
328.8,-0.000445264,39.7249
328.85,-0.000446834,39.7249
328.9,-0.000447034,39.7249
328.95,-0.000448102,39.7248
329.0,-0.000449271,39.7248
329.05,-0.000438886,39.7248
329.1,-0.000442125,39.7248
329.15,-0.000445965,39.7248
329.2,-0.00044887,39.7247
329.25,-0.00044473,39.7247
329.3,-0.000444129,39.7247
329.35,-0.000445565,39.7247
329.4,-0.000437083,39.7246
329.45,-0.000443361,39.7246
329.5,-0.000438218,39.7246
329.55,-0.000442993,39.7246
329.6,-0.000447601,39.7246
329.65,-0.0004467,39.7245
329.7,-0.000439587,39.7245
329.75,-0.000435446,39.7245
329.8,-0.000438118,39.7245
329.85,-0.000447969,39.7244
329.9,-0.000441123,39.7244
329.95,-0.000448537,39.7244
330.0,-0.000446967,39.7244
330.05,-0.000440522,39.7244
330.1,-0.000446533,39.7243
330.15,-0.00043942,39.7243
330.2,-0.000437784,39.7243
330.25,-0.00044099,39.7243
330.3,-0.000449505,39.7242
330.35,-0.000438652,39.7242
330.4,-0.00043922,39.7242
330.45,-0.00043952,39.7242
330.5,-0.000443227,39.7242
330.55,-0.000446333,39.7241
330.6,-0.000434812,39.7241
330.65,-0.000438652,39.7241
330.7,-0.000442426,39.7241
330.75,-0.000442793,39.724
330.8,-0.000449872,39.724
330.85,-0.00044513,39.724
330.9,-0.000441324,39.724
330.95,-0.000442426,39.724
331.0,-0.000444262,39.7239
331.05,-0.00043548,39.7239
331.1,-0.000441023,39.7239
331.15,-0.000447835,39.7239
331.2,-0.000444863,39.7239
331.25,-0.000450807,39.7238
331.3,-0.000447101,39.7238
331.35,-0.000448036,39.7238
331.4,-0.000443962,39.7238
331.45,-0.000448837,39.7237
331.5,-0.000459156,39.7237
331.55,-0.000446366,39.7237
331.6,-0.000441691,39.7237
331.65,-0.000441157,39.7236
331.7,-0.000437316,39.7236
331.75,-0.000440789,39.7236
331.8,-0.000448303,39.7236
331.85,-0.000456985,39.7236
331.9,-0.000444229,39.7235
331.95,-0.00044296,39.7235
332.0,-0.00044306,39.7235
332.05,-0.00044326,39.7235
332.1,-0.000443494,39.7234
332.15,-0.000450607,39.7234
332.2,-0.00044857,39.7234
332.25,-0.000445665,39.7234
332.3,-0.000448503,39.7234
332.35,-0.000447,39.7233
332.4,-0.000454213,39.7233
332.45,-0.000449538,39.7233
332.5,-0.000445297,39.7233
332.55,-0.0004467,39.7232
332.6,-0.00043942,39.7232
332.65,-0.000436916,39.7232
332.7,-0.000438686,39.7232
332.75,-0.000445431,39.7232
332.8,-0.000432408,39.7231
332.85,-0.000433076,39.7231
332.9,-0.000442693,39.7231
332.95,-0.000448804,39.7231
333.0,-0.000445598,39.723
333.05,-0.000440021,39.723
333.1,-0.000439487,39.723
333.15,-0.000423792,39.723
333.2,-0.000427666,39.723
333.25,-0.000428534,39.7229
333.3,-0.000348891,39.7229
333.35,-0.000373202,39.7229
333.4,-0.000386826,39.7229
333.45,-0.000419117,39.7229
333.5,-0.000423592,39.7228
333.55,-0.000424226,39.7228
333.6,-0.000423993,39.7228
333.65,-0.000417147,39.7228
333.7,-0.000421722,39.7228
333.75,-0.000416579,39.7227
333.8,-0.000414542,39.7227
333.85,-0.000449805,39.7227
333.9,-0.000453879,39.7227
333.95,-0.000447234,39.7226
334.0,-0.000437183,39.7226
334.05,-0.000442693,39.7226
334.1,-0.000431773,39.7226
334.15,-0.000445197,39.7226
334.2,-0.000440723,39.7225
334.25,-0.000444028,39.7225
334.3,-0.000447601,39.7225
334.35,-0.000444362,39.7225
334.4,-0.000444095,39.7225
334.45,-0.000433142,39.7224
334.5,-0.000439621,39.7224
334.55,-0.00043745,39.7224
334.6,-0.000434678,39.7224
334.65,-0.000434678,39.7223
334.7,-0.000441624,39.7223
334.75,-0.000452777,39.7223
334.8,-0.000447869,39.7223
334.85,-0.000443427,39.7223
334.9,-0.000439053,39.7222
334.95,-0.000437684,39.7222
335.0,-0.00043922,39.7222
335.05,-0.00044867,39.7222
335.1,-0.00043922,39.7221
335.15,-0.00043912,39.7221
335.2,-0.000435079,39.7221
335.25,-0.000445331,39.7221
335.3,-0.000436815,39.7221
335.35,-0.000447101,39.722
335.4,-0.000446065,39.722
335.45,-0.000443093,39.722
335.5,-0.000440155,39.722
335.55,-0.00044473,39.7219
335.6,-0.00045044,39.7219
335.65,-0.000452477,39.7219
335.7,-0.00045438,39.7219
335.75,-0.000451208,39.7219
335.8,-0.000447568,39.7218
335.85,-0.000449472,39.7218
335.9,-0.000451074,39.7218
335.95,-0.000449204,39.7218
336.0,-0.00044119,39.7217
336.05,-0.000444229,39.7217
336.1,-0.000443995,39.7217
336.15,-0.000444529,39.7217
336.2,-0.00045034,39.7216
336.25,-0.00044276,39.7216
336.3,-0.000442125,39.7216
336.35,-0.000445531,39.7216
336.4,-0.000448036,39.7216
336.45,-0.000447802,39.7215
336.5,-0.000447835,39.7215
336.55,-0.000445297,39.7215
336.6,-0.000451241,39.7215
336.65,-0.000444529,39.7215
336.7,-0.000446333,39.7214
336.75,-0.000450841,39.7214
336.8,-0.000449772,39.7214
336.85,-0.000446032,39.7214
336.9,-0.000448436,39.7213
336.95,-0.000457419,39.7213
337.0,-0.000455716,39.7213
337.05,-0.000456818,39.7213
337.1,-0.000459022,39.7212
337.15,-0.000450807,39.7212
337.2,-0.000455983,39.7212
337.25,-0.000456217,39.7212
337.3,-0.000456384,39.7212
337.35,-0.000451108,39.7211
337.4,-0.000451609,39.7211
337.45,-0.000454113,39.7211
337.5,-0.000453779,39.7211
337.55,-0.000454213,39.721
337.6,-0.000453479,39.721
337.65,-0.000455683,39.721
337.7,-0.000449204,39.721
337.75,-0.000446299,39.721
337.8,-0.00044119,39.7209
337.85,-0.000431606,39.7209
337.9,-0.000448336,39.7209
337.95,-0.000445965,39.7209
338.0,-0.000456351,39.7208
338.05,-0.000450774,39.7208
338.1,-0.000448403,39.7208
338.15,-0.000451575,39.7208
338.2,-0.000455048,39.7207
338.25,-0.000445531,39.7207
338.3,-0.000444262,39.7207
338.35,-0.000442726,39.7207
338.4,-0.000447034,39.7207
338.45,-0.000447167,39.7206
338.5,-0.000447301,39.7206
338.55,-0.000450073,39.7206
338.6,-0.000462194,39.7206
338.65,-0.000455783,39.7205
338.7,-0.000454514,39.7205
338.75,-0.000447902,39.7205
338.8,-0.000449906,39.7205
338.85,-0.000451976,39.7205
338.9,-0.000461994,39.7204
338.95,-0.000451475,39.7204
339.0,-0.000454781,39.7204
339.05,-0.000445531,39.7204
339.1,-0.000441891,39.7203
339.15,-0.000443761,39.7203
339.2,-0.000447,39.7203
339.25,-0.000450006,39.7203
339.3,-0.000451041,39.7203
339.35,-0.000445331,39.7202
339.4,-0.000450006,39.7202
339.45,-0.000448603,39.7202
339.5,-0.000453212,39.7202
339.55,-0.000444863,39.7201
339.6,-0.00045054,39.7201
339.65,-0.000446166,39.7201
339.7,-0.000444162,39.7201
339.75,-0.000459924,39.7201
339.8,-0.000455115,39.72
339.85,-0.000444162,39.72
339.9,-0.000449138,39.72
339.95,-0.000444296,39.72
340.0,-0.000447768,39.7199
340.05,-0.000437784,39.7199
340.1,-0.000439253,39.7199
340.15,-0.000440055,39.7199
340.2,-0.000439454,39.7199
340.25,-0.000443494,39.7198
340.3,-0.000451408,39.7198
340.35,-0.000438552,39.7198
340.4,-0.000442726,39.7198
340.45,-0.000446767,39.7197
340.5,-0.000443494,39.7197
340.55,-0.000439353,39.7197
340.6,-0.000440389,39.7197
340.65,-0.000448436,39.7197
340.7,-0.00044306,39.7196
340.75,-0.000439687,39.7196
340.8,-0.000446065,39.7196
340.85,-0.00043912,39.7196
340.9,-0.000429235,39.7195
340.95,-0.000440288,39.7195
341.0,-0.000450139,39.7195
341.05,-0.000441223,39.7195
341.1,-0.000437617,39.7195
341.15,-0.000432875,39.7194
341.2,-0.000436949,39.7194
341.25,-0.000432875,39.7194
341.3,-0.000432641,39.7194
341.35,-0.000441557,39.7193
341.4,-0.000440656,39.7193
341.45,-0.000430838,39.7193
341.5,-0.00043164,39.7193
341.55,-0.000424928,39.7193
341.6,-0.000428968,39.7192
341.65,-0.000429903,39.7192
341.7,-0.000442158,39.7192
341.75,-0.000438385,39.7192
341.8,-0.000446099,39.7192
341.85,-0.000447735,39.7191
341.9,-0.000443828,39.7191
341.95,-0.000441891,39.7191
342.0,-0.0004469,39.7191
342.05,-0.000442492,39.719
342.1,-0.000433777,39.719
342.15,-0.000441858,39.719
342.2,-0.000444897,39.719
342.25,-0.000436982,39.719
342.3,-0.000438652,39.7189
342.35,-0.000433476,39.7189
342.4,-0.000439988,39.7189
342.45,-0.000447301,39.7189
342.5,-0.000438418,39.7188
342.55,-0.000440589,39.7188
342.6,-0.00044483,39.7188
342.65,-0.00045221,39.7188
342.7,-0.00044483,39.7188
342.75,-0.000447101,39.7187
342.8,-0.000449037,39.7187
342.85,-0.00044109,39.7187
342.9,-0.000438318,39.7187
342.95,-0.000437483,39.7186
343.0,-0.000437316,39.7186
343.05,-0.000432808,39.7186
343.1,-0.000434779,39.7186
343.15,-0.000439186,39.7186
343.2,-0.000440489,39.7185
343.25,-0.000436348,39.7185
343.3,-0.000430204,39.7185
343.35,-0.000420954,39.7185
343.4,-0.00043017,39.7184
343.45,-0.000435881,39.7184
343.5,-0.000439921,39.7184
343.55,-0.000431673,39.7184
343.6,-0.000442158,39.7184
343.65,-0.000427499,39.7183
343.7,-0.000429603,39.7183
343.75,-0.000435346,39.7183
343.8,-0.000428868,39.7183
343.85,-0.00043174,39.7183
343.9,-0.000435981,39.7182
343.95,-0.000436482,39.7182
344.0,-0.000443394,39.7182
344.05,-0.000438352,39.7182
344.1,-0.000436047,39.7181
344.15,-0.00043568,39.7181
344.2,-0.000436181,39.7181
344.25,-0.00043174,39.7181
344.3,-0.000434211,39.7181
344.35,-0.000429168,39.718
344.4,-0.000434779,39.718
344.45,-0.000436982,39.718
344.5,-0.000432909,39.718
344.55,-0.000444195,39.7179
344.6,-0.00043578,39.7179
344.65,-0.000433777,39.7179
344.7,-0.000434545,39.7179
344.75,-0.000439687,39.7179
344.8,-0.000434946,39.7178
344.85,-0.000434946,39.7178
344.9,-0.000432942,39.7178
344.95,-0.000446232,39.7178
345.0,-0.000442693,39.7178
345.05,-0.00043538,39.7177
345.1,-0.000442626,39.7177
345.15,-0.000442426,39.7177
345.2,-0.00043204,39.7177
345.25,-0.000428367,39.7176
345.3,-0.000439019,39.7176
345.35,-0.000443494,39.7176
345.4,-0.000440355,39.7176
345.45,-0.000443227,39.7176
345.5,-0.000438986,39.7175
345.55,-0.000448303,39.7175
345.6,-0.00044129,39.7175
345.65,-0.000439788,39.7175
345.7,-0.000436649,39.7174
345.75,-0.00043922,39.7174
345.8,-0.000436214,39.7174
345.85,-0.000444329,39.7174
345.9,-0.000454848,39.7174
345.95,-0.000454481,39.7173
346.0,-0.000449538,39.7173
346.05,-0.00045034,39.7173
346.1,-0.000451175,39.7173
346.15,-0.000447735,39.7172
346.2,-0.000446166,39.7172
346.25,-0.000451074,39.7172
346.3,-0.000447835,39.7172
346.35,-0.000429603,39.7172
346.4,-0.0004281,39.7171
346.45,-0.000440355,39.7171
346.5,-0.00043932,39.7171
346.55,-0.000435847,39.7171
346.6,-0.000445164,39.717
346.65,-0.000450373,39.717
346.7,-0.000450373,39.717
346.75,-0.000448603,39.717
346.8,-0.000449505,39.717
346.85,-0.000443461,39.7169
346.9,-0.000442826,39.7169
346.95,-0.000435279,39.7169
347.0,-0.000437684,39.7169
347.05,-0.000444129,39.7168
347.1,-0.000435547,39.7168
347.15,-0.000439721,39.7168
347.2,-0.000434077,39.7168
347.25,-0.000436882,39.7168
347.3,-0.000440589,39.7167
347.35,-0.000442292,39.7167
347.4,-0.000437149,39.7167
347.45,-0.000432608,39.7167
347.5,-0.000438819,39.7166
347.55,-0.000438084,39.7166
347.6,-0.000432708,39.7166
347.65,-0.000433409,39.7166
347.7,-0.000444195,39.7166
347.75,-0.000453445,39.7165
347.8,-0.000439954,39.7165
347.85,-0.000436381,39.7165
347.9,-0.000441424,39.7165
347.95,-0.000444463,39.7164
348.0,-0.00044503,39.7164
348.05,-0.000447969,39.7164
348.1,-0.000446566,39.7164
348.15,-0.000447435,39.7164
348.2,-0.000443427,39.7163
348.25,-0.000438385,39.7163
348.3,-0.000452343,39.7163
348.35,-0.00043765,39.7163
348.4,-0.000436815,39.7162
348.45,-0.000435346,39.7162
348.5,-0.000438686,39.7162
348.55,-0.000442893,39.7162
348.6,-0.000438652,39.7162
348.65,-0.000436949,39.7161
348.7,-0.000434645,39.7161
348.75,-0.000433877,39.7161
348.8,-0.000436949,39.7161
348.85,-0.000430838,39.7161
348.9,-0.000433777,39.716
348.95,-0.000432474,39.716
349.0,-0.0004282,39.716
349.05,-0.000429569,39.716
349.1,-0.000434946,39.7159
349.15,-0.00043922,39.7159
349.2,-0.000433877,39.7159
349.25,-0.000439387,39.7159
349.3,-0.000434779,39.7159
349.35,-0.000437216,39.7158
349.4,-0.000441257,39.7158
349.45,-0.000445364,39.7158
349.5,-0.000433443,39.7158
349.55,-0.000437918,39.7157
349.6,-0.000444362,39.7157
349.65,-0.000447134,39.7157
349.7,-0.00043922,39.7157
349.75,-0.000434779,39.7157
349.8,-0.000435246,39.7156
349.85,-0.000440088,39.7156
349.9,-0.000438485,39.7156
349.95,-0.000435814,39.7156
350.0,-0.000430137,39.7155
350.05,-0.000431306,39.7155
350.1,-0.000435914,39.7155
350.15,-0.000441824,39.7155
350.2,-0.000444797,39.7155
350.25,-0.00043725,39.7154
350.3,-0.000440556,39.7154
350.35,-0.000439353,39.7154
350.4,-0.000439654,39.7154
350.45,-0.000453445,39.7154
350.5,-0.000447601,39.7153
350.55,-0.000450607,39.7153
350.6,-0.000451041,39.7153
350.65,-0.000452043,39.7153
350.7,-0.000447234,39.7152
350.75,-0.000439253,39.7152
350.8,-0.000444262,39.7152
350.85,-0.000447301,39.7152
350.9,-0.000444195,39.7151
350.95,-0.000451609,39.7151
351.0,-0.000463697,39.7151
351.05,-0.000450674,39.7151
351.1,-0.000453178,39.7151
351.15,-0.000457452,39.715
351.2,-0.00045074,39.715
351.25,-0.000454814,39.715
351.3,-0.000447935,39.715
351.35,-0.000448503,39.7149
351.4,-0.000450173,39.7149
351.45,-0.000445464,39.7149
351.5,-0.000447668,39.7149
351.55,-0.00044887,39.7149
351.6,-0.000446333,39.7148
351.65,-0.000442492,39.7148
351.7,-0.000446733,39.7148
351.75,-0.000442659,39.7148
351.8,-0.000443227,39.7147
351.85,-0.000434745,39.7147
351.9,-0.000437083,39.7147
351.95,-0.000433343,39.7147
352.0,-0.000430271,39.7147
352.05,-0.000438719,39.7146
352.1,-0.000442593,39.7146
352.15,-0.000440522,39.7146
352.2,-0.000454915,39.7146
352.25,-0.000451475,39.7145
352.3,-0.000443461,39.7145
352.35,-0.000448904,39.7145
352.4,-0.000447501,39.7145
352.45,-0.000442526,39.7145
352.5,-0.000443962,39.7144
352.55,-0.0004467,39.7144
352.6,-0.000448603,39.7144
352.65,-0.000455516,39.7144
352.7,-0.000453345,39.7143
352.75,-0.000460024,39.7143
352.8,-0.000451609,39.7143
352.85,-0.000449071,39.7143
352.9,-0.000450106,39.7143
352.95,-0.000450607,39.7142
353.0,-0.000432541,39.7142
353.05,-0.00044503,39.7142
353.1,-0.000442826,39.7142
353.15,-0.000438786,39.7141
353.2,-0.000433042,39.7141
353.25,-0.000438886,39.7141
353.3,-0.000450206,39.7141
353.35,-0.000446466,39.7141
353.4,-0.000439754,39.714
353.45,-0.000431406,39.714
353.5,-0.00043558,39.714
353.55,-0.00043568,39.714
353.6,-0.00043568,39.7139
353.65,-0.000437784,39.7139
353.7,-0.000439754,39.7139
353.75,-0.000446767,39.7139
353.8,-0.000431372,39.7139
353.85,-0.000429536,39.7138
353.9,-0.000428768,39.7138
353.95,-0.000435346,39.7138
354.0,-0.000431706,39.7138
354.05,-0.000431072,39.7138
354.1,-0.000431673,39.7137
354.15,-0.000438585,39.7137
354.2,-0.00044139,39.7137
354.25,-0.000446299,39.7137
354.3,-0.000441324,39.7136
354.35,-0.00044296,39.7136
354.4,-0.000444195,39.7136
354.45,-0.000439287,39.7136
354.5,-0.000440155,39.7136
354.55,-0.000444963,39.7135
354.6,-0.000437918,39.7135
354.65,-0.000434278,39.7135
354.7,-0.000438185,39.7135
354.75,-0.000438385,39.7134
354.8,-0.000444329,39.7134
354.85,-0.000436081,39.7134
354.9,-0.000434812,39.7134
354.95,-0.000438352,39.7134
355.0,-0.000444897,39.7133
355.05,-0.000439654,39.7133
355.1,-0.000427299,39.7133
355.15,-0.000432274,39.7133
355.2,-0.000439587,39.7132
355.25,-0.000435814,39.7132
355.3,-0.000438686,39.7132
355.35,-0.000438519,39.7132
355.4,-0.00044276,39.7132
355.45,-0.00044867,39.7131
355.5,-0.000443928,39.7131
355.55,-0.000448904,39.7131
355.6,-0.000444496,39.7131
355.65,-0.000444129,39.713
355.7,-0.000442893,39.713
355.75,-0.000445064,39.713
355.8,-0.00044503,39.713
355.85,-0.000446433,39.713
355.9,-0.000445932,39.7129
355.95,-0.000440689,39.7129
356.0,-0.000439854,39.7129
356.05,-0.000445231,39.7129
356.1,-0.000438652,39.7128
356.15,-0.000441324,39.7128
356.2,-0.000447802,39.7128
356.25,-0.000447134,39.7128
356.3,-0.000451141,39.7128
356.35,-0.000449037,39.7127
356.4,-0.000451809,39.7127
356.45,-0.000450073,39.7127
356.5,-0.000454247,39.7127
356.55,-0.00044857,39.7126
356.6,-0.000446366,39.7126
356.65,-0.000451642,39.7126
356.7,-0.00045044,39.7126
356.75,-0.000446266,39.7126
356.8,-0.000450907,39.7125
356.85,-0.000444329,39.7125
356.9,-0.000435814,39.7125
356.95,-0.000440889,39.7125
357.0,-0.000436214,39.7124
357.05,-0.000440856,39.7124
357.1,-0.000445865,39.7124
357.15,-0.000442125,39.7124
357.2,-0.000441858,39.7124
357.25,-0.000453445,39.7123
357.3,-0.000446566,39.7123
357.35,-0.000446934,39.7123
357.4,-0.000447902,39.7123
357.45,-0.000456584,39.7122
357.5,-0.00045812,39.7122
357.55,-0.000447201,39.7122
357.6,-0.000445898,39.7122
357.65,-0.000439621,39.7122
357.7,-0.000446633,39.7121
357.75,-0.000451842,39.7121
357.8,-0.000453946,39.7121
357.85,-0.000451943,39.7121
357.9,-0.000453445,39.712
357.95,-0.000448537,39.712
358.0,-0.000439554,39.712
358.05,-0.000450607,39.712
358.1,-0.000451442,39.712
358.15,-0.000445631,39.7119
358.2,-0.000436749,39.7119
358.25,-0.000450273,39.7119
358.3,-0.000448537,39.7119
358.35,-0.00045595,39.7118
358.4,-0.000445231,39.7118
358.45,-0.000451909,39.7118
358.5,-0.000449438,39.7118
358.55,-0.000443194,39.7118
358.6,-0.000439788,39.7117
358.65,-0.000442125,39.7117
358.7,-0.000452009,39.7117
358.75,-0.000450373,39.7117
358.8,-0.000441958,39.7116
358.85,-0.000442593,39.7116
358.9,-0.000447835,39.7116
358.95,-0.00045024,39.7116
359.0,-0.000449872,39.7116
359.05,-0.000451275,39.7115
359.1,-0.000446834,39.7115
359.15,-0.000453679,39.7115
359.2,-0.000453245,39.7115
359.25,-0.000450607,39.7114
359.3,-0.000451141,39.7114
359.35,-0.000454447,39.7114
359.4,-0.000454948,39.7114
359.45,-0.000445398,39.7113
359.5,-0.000446433,39.7113
359.55,-0.000447568,39.7113
359.6,-0.000444596,39.7113
359.65,-0.000443795,39.7113
359.7,-0.000440723,39.7112
359.75,-0.000433176,39.7112
359.8,-0.00044483,39.7112
359.85,-0.000451943,39.7112
359.9,-0.000445464,39.7111
359.95,-0.000452744,39.7111
360.0,-0.000453913,39.7111
360.05,-0.000454881,39.7111
360.1,-0.000466168,39.7111
360.15,-0.00045792,39.711
360.2,-0.000457052,39.711
360.25,-0.000457653,39.711
360.3,-0.000458421,39.711
360.35,-0.000461961,39.7109
360.4,-0.000463797,39.7109
360.45,-0.000453312,39.7109
360.5,-0.00046186,39.7109
360.55,-0.000450407,39.7108
360.6,-0.000441791,39.7108
360.65,-0.000447067,39.7108
360.7,-0.000443294,39.7108
360.75,-0.000447568,39.7108
360.8,-0.000447167,39.7107
360.85,-0.00044483,39.7107
360.9,-0.000439019,39.7107
360.95,-0.00044493,39.7107
361.0,-0.000446232,39.7107
361.05,-0.000446967,39.7106
361.1,-0.000447501,39.7106
361.15,-0.000451108,39.7106
361.2,-0.000440155,39.7106
361.25,-0.000441858,39.7105
361.3,-0.000447167,39.7105
361.35,-0.000437183,39.7105
361.4,-0.000435179,39.7105
361.45,-0.000437751,39.7104
361.5,-0.000439554,39.7104
361.55,-0.000432775,39.7104
361.6,-0.000440188,39.7104
361.65,-0.00044139,39.7104
361.7,-0.000448804,39.7103
361.75,-0.000447601,39.7103
361.8,-0.000454915,39.7103
361.85,-0.000457786,39.7103
361.9,-0.000452777,39.7103
361.95,-0.000448737,39.7102
362.0,-0.000444195,39.7102
362.05,-0.00043548,39.7102
362.1,-0.000448336,39.7102
362.15,-0.000450774,39.7101
362.2,-0.000449705,39.7101
362.25,-0.000446366,39.7101
362.3,-0.000453445,39.7101
362.35,-0.000445364,39.71
362.4,-0.000449338,39.71
362.45,-0.000455048,39.71
362.5,-0.000448403,39.71
362.55,-0.000449538,39.71
362.6,-0.000452878,39.7099
362.65,-0.000453078,39.7099
362.7,-0.000451709,39.7099
362.75,-0.000450707,39.7099
362.8,-0.000449972,39.7098
362.85,-0.000459189,39.7098
362.9,-0.000460124,39.7098
362.95,-0.000467203,39.7098
363.0,-0.000457987,39.7098
363.05,-0.000457987,39.7097
363.1,-0.000457152,39.7097
363.15,-0.000462829,39.7097
363.2,-0.000455582,39.7097
363.25,-0.000459523,39.7096
363.3,-0.000462027,39.7096
363.35,-0.000460959,39.7096
363.4,-0.000458254,39.7096
363.45,-0.000462294,39.7095
363.5,-0.000451976,39.7095
363.55,-0.000464565,39.7095
363.6,-0.000472079,39.7095
363.65,-0.000464999,39.7095
363.7,-0.000462528,39.7094
363.75,-0.000469942,39.7094
363.8,-0.000466669,39.7094
363.85,-0.000472012,39.7094
363.9,-0.000468439,39.7093
363.95,-0.0004651,39.7093
364.0,-0.000463263,39.7093
364.05,-0.000452811,39.7093
364.1,-0.000457252,39.7092
364.15,-0.000460157,39.7092
364.2,-0.000467404,39.7092
364.25,-0.000466001,39.7092
364.3,-0.000455048,39.7092
364.35,-0.000460992,39.7091
364.4,-0.000455816,39.7091
364.45,-0.000456684,39.7091
364.5,-0.000450273,39.7091
364.55,-0.000461193,39.709
364.6,-0.000453512,39.709
364.65,-0.000443928,39.709
364.7,-0.000449705,39.709
364.75,-0.000451208,39.709
364.8,-0.000458788,39.7089
364.85,-0.000455315,39.7089
364.9,-0.000454681,39.7089
364.95,-0.000449305,39.7089
365.0,-0.00044887,39.7088
365.05,-0.000457653,39.7088
365.1,-0.000442492,39.7088
365.15,-0.000447067,39.7088
365.2,-0.000451809,39.7087
365.25,-0.000449672,39.7087
365.3,-0.000444797,39.7087
365.35,-0.000438418,39.7087
365.4,-0.000440889,39.7087
365.45,-0.000441925,39.7086
365.5,-0.000445932,39.7086
365.55,-0.000448537,39.7086
365.6,-0.0004468,39.7086
365.65,-0.000449739,39.7085
365.7,-0.000446065,39.7085
365.75,-0.000447869,39.7085
365.8,-0.000450974,39.7085
365.85,-0.0004467,39.7085
365.9,-0.000455349,39.7084
365.95,-0.000456484,39.7084
366.0,-0.000451041,39.7084
366.05,-0.000463597,39.7084
366.1,-0.000446867,39.7083
366.15,-0.00044867,39.7083
366.2,-0.000451776,39.7083
366.25,-0.000450574,39.7083
366.3,-0.000439654,39.7083
366.35,-0.000444362,39.7082
366.4,-0.000454447,39.7082
366.45,-0.000447902,39.7082
366.5,-0.000451275,39.7082
366.55,-0.000447201,39.7081
366.6,-0.000442593,39.7081
366.65,-0.000442359,39.7081
366.7,-0.00044857,39.7081
366.75,-0.000443895,39.708
366.8,-0.000439621,39.708
366.85,-0.000448704,39.708
366.9,-0.000447,39.708
366.95,-0.000447468,39.708
367.0,-0.000450841,39.7079
367.05,-0.00044847,39.7079
367.1,-0.000448269,39.7079
367.15,-0.000451442,39.7079
367.2,-0.000453245,39.7078
367.25,-0.000457653,39.7078
367.3,-0.000457319,39.7078
367.35,-0.000449705,39.7078
367.4,-0.000453746,39.7078
367.45,-0.000459823,39.7077
367.5,-0.000455349,39.7077
367.55,-0.000458321,39.7077
367.6,-0.000454414,39.7077
367.65,-0.00045408,39.7076
367.7,-0.000454781,39.7076
367.75,-0.000454581,39.7076
367.8,-0.000451141,39.7076
367.85,-0.000462929,39.7076
367.9,-0.000462161,39.7075
367.95,-0.000461293,39.7075
368.0,-0.000458888,39.7075
368.05,-0.000461927,39.7075
368.1,-0.000460391,39.7074
368.15,-0.000460491,39.7074
368.2,-0.000457619,39.7074
368.25,-0.000452677,39.7074
368.3,-0.00045034,39.7073
368.35,-0.00044316,39.7073
368.4,-0.000451475,39.7073
368.45,-0.000444229,39.7073
368.5,-0.000443861,39.7073
368.55,-0.000446666,39.7072
368.6,-0.000446399,39.7072
368.65,-0.000447835,39.7072
368.7,-0.000441223,39.7072
368.75,-0.000448303,39.7071
368.8,-0.000444195,39.7071
368.85,-0.000447401,39.7071
368.9,-0.000453078,39.7071
368.95,-0.000448837,39.7071
369.0,-0.000449638,39.707
369.05,-0.000448069,39.707
369.1,-0.000458955,39.707
369.15,-0.00045241,39.707
369.2,-0.000453111,39.7069
369.25,-0.000446533,39.7069
369.3,-0.000339975,39.7069
369.35,-0.000418683,39.7069
369.4,-0.000408765,39.7069
369.45,-0.000440222,39.7068
369.5,-0.00045812,39.7068
369.55,-0.00045428,39.7068
369.6,-0.000462261,39.7068
369.65,-0.000449004,39.7067
369.7,-0.000458788,39.7067
369.75,-0.00045044,39.7067
369.8,-0.000448603,39.7067
369.85,-0.000451876,39.7067
369.9,-0.000444129,39.7066
369.95,-0.00045438,39.7066
370.0,-0.000456017,39.7066
370.05,-0.000447501,39.7066
370.1,-0.000448637,39.7065
370.15,-0.00045251,39.7065
370.2,-0.000445932,39.7065
370.25,-0.000449037,39.7065
370.3,-0.000449705,39.7065
370.35,-0.000446299,39.7064
370.4,-0.000449739,39.7064
370.45,-0.000453312,39.7064
370.5,-0.000455916,39.7064
370.55,-0.000465968,39.7063
370.6,-0.000464699,39.7063
370.65,-0.000461059,39.7063
370.7,-0.000455182,39.7063
370.75,-0.000454614,39.7062
370.8,-0.000451675,39.7062
370.85,-0.000453512,39.7062
370.9,-0.000449972,39.7062
370.95,-0.000452677,39.7062
371.0,-0.000450507,39.7061
371.05,-0.0004467,39.7061
371.1,-0.000449939,39.7061
371.15,-0.000459857,39.7061
371.2,-0.000450707,39.706
371.25,-0.000449171,39.706
371.3,-0.000455783,39.706
371.35,-0.000452878,39.706
371.4,-0.000463897,39.706
371.45,-0.000459156,39.7059
371.5,-0.000459389,39.7059
371.55,-0.000452744,39.7059
371.6,-0.000448269,39.7059
371.65,-0.000456918,39.7058
371.7,-0.00045211,39.7058
371.75,-0.000454647,39.7058
371.8,-0.000456885,39.7058
371.85,-0.000455749,39.7058
371.9,-0.000453746,39.7057
371.95,-0.000455082,39.7057
372.0,-0.000449472,39.7057
372.05,-0.000449204,39.7057
372.1,-0.000448102,39.7056
372.15,-0.00044513,39.7056
372.2,-0.000450774,39.7056
372.25,-0.000446767,39.7056
372.3,-0.000452711,39.7055
372.35,-0.000448403,39.7055
372.4,-0.000443628,39.7055
372.45,-0.000438185,39.7055
372.5,-0.000436815,39.7055
372.55,-0.00043725,39.7054
372.6,-0.000453512,39.7054
372.65,-0.000451742,39.7054
372.7,-0.000449104,39.7054
372.75,-0.00044847,39.7053
372.8,-0.000447535,39.7053
372.85,-0.00044139,39.7053
372.9,-0.000439687,39.7053
372.95,-0.000438151,39.7053
373.0,-0.000444329,39.7052
373.05,-0.00045034,39.7052
373.1,-0.000441858,39.7052
373.15,-0.000436949,39.7052
373.2,-0.000442325,39.7052
373.25,-0.000448403,39.7051
373.3,-0.000443728,39.7051
373.35,-0.00043568,39.7051
373.4,-0.000434244,39.7051
373.45,-0.000434545,39.705
373.5,-0.000430304,39.705
373.55,-0.000439654,39.705
373.6,-0.000429937,39.705
373.65,-0.000433376,39.705
373.7,-0.000430805,39.7049
373.75,-0.00042613,39.7049
373.8,-0.000435079,39.7049
373.85,-0.00043351,39.7049
373.9,-0.000431205,39.7048
373.95,-0.000437617,39.7048
374.0,-0.000434845,39.7048
374.05,-0.000436214,39.7048
374.1,-0.000440389,39.7048
374.15,-0.000439821,39.7047
374.2,-0.000443761,39.7047
374.25,-0.000442793,39.7047
374.3,-0.000440723,39.7047
374.35,-0.000433343,39.7046
374.4,-0.000434144,39.7046
374.45,-0.000439487,39.7046
374.5,-0.000436849,39.7046
374.55,-0.000431439,39.7046
374.6,-0.000428501,39.7045
374.65,-0.000433076,39.7045
374.7,-0.000425696,39.7045
374.75,-0.000435947,39.7045
374.8,-0.000433142,39.7045
374.85,-0.000442559,39.7044
374.9,-0.000445064,39.7044
374.95,-0.000439587,39.7044
375.0,-0.000440121,39.7044
375.05,-0.000435847,39.7043
375.1,-0.000436548,39.7043
375.15,-0.000439387,39.7043
375.2,-0.000435513,39.7043
375.25,-0.000438953,39.7043
375.3,-0.000427766,39.7042
375.35,-0.000428033,39.7042
375.4,-0.000425262,39.7042
375.45,-0.000435213,39.7042
375.5,-0.000440489,39.7041
375.55,-0.000443861,39.7041
375.6,-0.000443628,39.7041
375.65,-0.000449538,39.7041
375.7,-0.000443628,39.7041
375.75,-0.000436649,39.704
375.8,-0.000441925,39.704
375.85,-0.000451041,39.704
375.9,-0.000451308,39.704
375.95,-0.000445197,39.7039
376.0,-0.000441357,39.7039
376.05,-0.000437417,39.7039
376.1,-0.000445164,39.7039
376.15,-0.000442292,39.7039
376.2,-0.000441958,39.7038
376.25,-0.000441524,39.7038
376.3,-0.000437951,39.7038
376.35,-0.0004465,39.7038
376.4,-0.00045074,39.7037
376.45,-0.000447468,39.7037
376.5,-0.000447601,39.7037
376.55,-0.000435914,39.7037
376.6,-0.00043932,39.7037
376.65,-0.000436949,39.7036
376.7,-0.000440723,39.7036
376.75,-0.000444195,39.7036
376.8,-0.000444496,39.7036
376.85,-0.000448971,39.7035
376.9,-0.000441557,39.7035
376.95,-0.000433343,39.7035
377.0,-0.000432675,39.7035
377.05,-0.000428534,39.7035
377.1,-0.000430337,39.7034
377.15,-0.000422423,39.7034
377.2,-0.000429035,39.7034
377.25,-0.000434511,39.7034
377.3,-0.000435079,39.7034
377.35,-0.000427566,39.7033
377.4,-0.000428868,39.7033
377.45,-0.00042259,39.7033
377.5,-0.000424594,39.7033
377.55,-0.000426831,39.7032
377.6,-0.000430304,39.7032
377.65,-0.000435814,39.7032
377.7,-0.000444463,39.7032
377.75,-0.000439487,39.7032
377.8,-0.000439654,39.7031
377.85,-0.000428367,39.7031
377.9,-0.00042416,39.7031
377.95,-0.00042436,39.7031
378.0,-0.000430204,39.7031
378.05,-0.000434445,39.703
378.1,-0.000440222,39.703
378.15,-0.000433009,39.703
378.2,-0.000442993,39.703
378.25,-0.000439287,39.7029
378.3,-0.000432307,39.7029
378.35,-0.000438385,39.7029
378.4,-0.000441157,39.7029
378.45,-0.000441624,39.7029
378.5,-0.000441123,39.7028
378.55,-0.000436381,39.7028
378.6,-0.000443027,39.7028
378.65,-0.000443327,39.7028
378.7,-0.000434311,39.7027
378.75,-0.000433109,39.7027
378.8,-0.000436181,39.7027
378.85,-0.000436281,39.7027
378.9,-0.000440021,39.7027
378.95,-0.00043912,39.7026
379.0,-0.000440889,39.7026
379.05,-0.000446065,39.7026
379.1,-0.000440088,39.7026
379.15,-0.000435981,39.7025
379.2,-0.000434779,39.7025
379.25,-0.000432675,39.7025
379.3,-0.000440823,39.7025
379.35,-0.000447334,39.7025
379.4,-0.000450607,39.7024
379.45,-0.000445965,39.7024
379.5,-0.000442659,39.7024
379.55,-0.000438852,39.7024
379.6,-0.000440288,39.7024
379.65,-0.000433576,39.7023
379.7,-0.000440355,39.7023
379.75,-0.00044139,39.7023
379.8,-0.000443327,39.7023
379.85,-0.000442993,39.7022
379.9,-0.000440355,39.7022
379.95,-0.000437884,39.7022
380.0,-0.000447468,39.7022
380.05,-0.000438585,39.7022
380.1,-0.00044276,39.7021
380.15,-0.000444463,39.7021
380.2,-0.000442793,39.7021
380.25,-0.000437951,39.7021
380.3,-0.000443761,39.702
380.35,-0.0004468,39.702
380.4,-0.000457853,39.702
380.45,-0.000445464,39.702
380.5,-0.00045241,39.702
380.55,-0.000456284,39.7019
380.6,-0.000449705,39.7019
380.65,-0.000452944,39.7019
380.7,-0.00045251,39.7019
380.75,-0.00043952,39.7018
380.8,-0.000450841,39.7018
380.85,-0.000441991,39.7018
380.9,-0.000459189,39.7018
380.95,-0.000454681,39.7017
381.0,-0.000459456,39.7017
381.05,-0.000457219,39.7017
381.1,-0.000454848,39.7017
381.15,-0.000454714,39.7017
381.2,-0.000459222,39.7016
381.25,-0.000446099,39.7016
381.3,-0.000447635,39.7016
381.35,-0.000448436,39.7016
381.4,-0.000445297,39.7015
381.45,-0.000445965,39.7015
381.5,-0.000438619,39.7015
381.55,-0.000445665,39.7015
381.6,-0.000436148,39.7015
381.65,-0.000436114,39.7014
381.7,-0.000438719,39.7014
381.75,-0.000437383,39.7014
381.8,-0.000437517,39.7014
381.85,-0.000440155,39.7013
381.9,-0.000432575,39.7013
381.95,-0.000439788,39.7013
382.0,-0.000437049,39.7013
382.05,-0.000436649,39.7013
382.1,-0.000431239,39.7012
382.15,-0.000432641,39.7012
382.2,-0.000428267,39.7012
382.25,-0.000437817,39.7012
382.3,-0.000438852,39.7011
382.35,-0.000432274,39.7011
382.4,-0.000434144,39.7011
382.45,-0.000429636,39.7011
382.5,-0.000446366,39.7011
382.55,-0.000444062,39.701
382.6,-0.000445898,39.701
382.65,-0.000440789,39.701
382.7,-0.000431473,39.701
382.75,-0.000427098,39.701
382.8,-0.000437149,39.7009
382.85,-0.000436181,39.7009
382.9,-0.000437083,39.7009
382.95,-0.000448102,39.7009
383.0,-0.000446533,39.7008
383.05,-0.000445531,39.7008
383.1,-0.000445598,39.7008
383.15,-0.000439754,39.7008
383.2,-0.000441491,39.7008
383.25,-0.00044493,39.7007
383.3,-0.000446299,39.7007
383.35,-0.000443528,39.7007
383.4,-0.0004465,39.7007
383.45,-0.000443661,39.7006
383.5,-0.000441424,39.7006
383.55,-0.000438986,39.7006
383.6,-0.000449071,39.7006
383.65,-0.000440455,39.7006
383.7,-0.000440121,39.7005
383.75,-0.00043952,39.7005
383.8,-0.000442192,39.7005
383.85,-0.000446733,39.7005
383.9,-0.000447835,39.7004
383.95,-0.000445798,39.7004
384.0,-0.000455215,39.7004
384.05,-0.000453278,39.7004
384.1,-0.000446032,39.7004
384.15,-0.000447034,39.7003
384.2,-0.000449238,39.7003
384.25,-0.000449138,39.7003
384.3,-0.000444195,39.7003
384.35,-0.000437517,39.7002
384.4,-0.00043942,39.7002
384.45,-0.000445965,39.7002
384.5,-0.000437784,39.7002
384.55,-0.000444095,39.7002
384.6,-0.00044837,39.7001
384.65,-0.000436682,39.7001
384.7,-0.000434478,39.7001
384.75,-0.000443928,39.7001
384.8,-0.000436882,39.7
384.85,-0.000433009,39.7
384.9,-0.000438686,39.7
384.95,-0.000438051,39.7
385.0,-0.000436782,39.7
385.05,-0.000438318,39.6999
385.1,-0.000442092,39.6999
385.15,-0.000446166,39.6999
385.2,-0.00043942,39.6999
385.25,-0.000445932,39.6998
385.3,-0.000443194,39.6998
385.35,-0.000441591,39.6998
385.4,-0.000434612,39.6998
385.45,-0.000438919,39.6998
385.5,-0.000445965,39.6997
385.55,-0.000449071,39.6997
385.6,-0.000433777,39.6997
385.65,-0.000436448,39.6997
385.7,-0.00045064,39.6996
385.75,-0.000445731,39.6996
385.8,-0.000443194,39.6996
385.85,-0.000428167,39.6996
385.9,-0.000432074,39.6996
385.95,-0.000440121,39.6995
386.0,-0.000437784,39.6995
386.05,-0.000440856,39.6995
386.1,-0.000445898,39.6995
386.15,-0.000447067,39.6995
386.2,-0.000443594,39.6994
386.25,-0.000448503,39.6994
386.3,-0.000437383,39.6994
386.35,-0.000439253,39.6994
386.4,-0.000441557,39.6993
386.45,-0.000430404,39.6993
386.5,-0.000428634,39.6993
386.55,-0.000436248,39.6993
386.6,-0.000432641,39.6993
386.65,-0.000441858,39.6992
386.7,-0.000439821,39.6992
386.75,-0.00043922,39.6992
386.8,-0.000438585,39.6992
386.85,-0.000438719,39.6991
386.9,-0.000430337,39.6991
386.95,-0.000431239,39.6991
387.0,-0.000428901,39.6991
387.05,-0.00043391,39.6991
387.1,-0.000442192,39.699
387.15,-0.000434979,39.699
387.2,-0.000424827,39.699
387.25,-0.000435046,39.699
387.3,-0.000427232,39.6989
387.35,-0.000430705,39.6989
387.4,-0.000427165,39.6989
387.45,-0.000428,39.6989
387.5,-0.000435346,39.6989
387.55,-0.000438919,39.6988
387.6,-0.000442325,39.6988
387.65,-0.000441491,39.6988
387.7,-0.000437183,39.6988
387.75,-0.000436448,39.6988
387.8,-0.000443361,39.6987
387.85,-0.000444262,39.6987
387.9,-0.000437049,39.6987
387.95,-0.00043548,39.6987
388.0,-0.000440188,39.6986
388.05,-0.000436916,39.6986
388.1,-0.000437483,39.6986
388.15,-0.000433844,39.6986
388.2,-0.000439019,39.6986
388.25,-0.000435046,39.6985
388.3,-0.000439888,39.6985
388.35,-0.000439721,39.6985
388.4,-0.000449104,39.6985
388.45,-0.000446299,39.6984
388.5,-0.000447535,39.6984
388.55,-0.000438686,39.6984
388.6,-0.000455148,39.6984
388.65,-0.000452043,39.6984
388.7,-0.000460391,39.6983
388.75,-0.000454046,39.6983
388.8,-0.000438118,39.6983
388.85,-0.000445731,39.6983
388.9,-0.000450607,39.6982
388.95,-0.000443895,39.6982
389.0,-0.000447401,39.6982
389.05,-0.000440923,39.6982
389.1,-0.000453278,39.6982
389.15,-0.000449939,39.6981
389.2,-0.00043755,39.6981
389.25,-0.000441357,39.6981
389.3,-0.000438485,39.6981
389.35,-0.000445565,39.698
389.4,-0.000441691,39.698
389.45,-0.000435847,39.698
389.5,-0.000428,39.698
389.55,-0.000433009,39.698
389.6,-0.000451742,39.6979
389.65,-0.000441925,39.6979
389.7,-0.000439387,39.6979
389.75,-0.000438185,39.6979
389.8,-0.000448269,39.6978
389.85,-0.000458287,39.6978
389.9,-0.000453679,39.6978
389.95,-0.000447501,39.6978
390.0,-0.00046363,39.6978
390.05,-0.000464832,39.6977
390.1,-0.00045438,39.6977
390.15,-0.00045812,39.6977
390.2,-0.000459389,39.6977
390.25,-0.000450707,39.6976
390.3,-0.000442793,39.6976
390.35,-0.00044139,39.6976
390.4,-0.00045054,39.6976
390.45,-0.000455115,39.6976
390.5,-0.00045979,39.6975
390.55,-0.000455148,39.6975
390.6,-0.000450674,39.6975
390.65,-0.000440389,39.6975
390.7,-0.000451442,39.6974
390.75,-0.000446266,39.6974
390.8,-0.000452243,39.6974
390.85,-0.000456618,39.6974
390.9,-0.00045979,39.6973
390.95,-0.000457987,39.6973
391.0,-0.000453879,39.6973
391.05,-0.00045418,39.6973
391.1,-0.000459389,39.6973
391.15,-0.000451876,39.6972
391.2,-0.000452878,39.6972
391.25,-0.000448804,39.6972
391.3,-0.000446934,39.6972
391.35,-0.00045812,39.6971
391.4,-0.000455916,39.6971
391.45,-0.000455883,39.6971
391.5,-0.000460091,39.6971
391.55,-0.000453178,39.6971
391.6,-0.000458655,39.697
391.65,-0.000458822,39.697
391.7,-0.00046353,39.697
391.75,-0.000456217,39.697
391.8,-0.00045211,39.6969
391.85,-0.000455249,39.6969
391.9,-0.000466001,39.6969
391.95,-0.000461794,39.6969
392.0,-0.000460525,39.6968
392.05,-0.000455883,39.6968
392.1,-0.00045231,39.6968
392.15,-0.000455716,39.6968
392.2,-0.000456918,39.6968
392.25,-0.000457286,39.6967
392.3,-0.000449305,39.6967
392.35,-0.000446733,39.6967
392.4,-0.000449305,39.6967
392.45,-0.000441691,39.6966
392.5,-0.000443594,39.6966
392.55,-0.000444329,39.6966
392.6,-0.000450607,39.6966
392.65,-0.000452744,39.6966
392.7,-0.000449638,39.6965
392.75,-0.000451909,39.6965
392.8,-0.000440923,39.6965
392.85,-0.000437817,39.6965
392.9,-0.000438919,39.6964
392.95,-0.000448704,39.6964
393.0,-0.00045064,39.6964
393.05,-0.000454046,39.6964
393.1,-0.000446867,39.6964
393.15,-0.000448403,39.6963
393.2,-0.000443227,39.6963
393.25,-0.000443828,39.6963
393.3,-0.000453579,39.6963
393.35,-0.000441824,39.6962
393.4,-0.000442693,39.6962
393.45,-0.000453011,39.6962
393.5,-0.000455783,39.6962
393.55,-0.000451308,39.6961
393.6,-0.000449572,39.6961
393.65,-0.000445631,39.6961
393.7,-0.000447869,39.6961
393.75,-0.000432508,39.6961
393.8,-0.000440689,39.696
393.85,-0.000448203,39.696
393.9,-0.000452009,39.696
393.95,-0.000448637,39.696
394.0,-0.000454447,39.6959
394.05,-0.000446199,39.6959
394.1,-0.000450807,39.6959
394.15,-0.000446566,39.6959
394.2,-0.000446032,39.6959
394.25,-0.000457987,39.6958
394.3,-0.000452644,39.6958
394.35,-0.000451442,39.6958
394.4,-0.000440222,39.6958
394.45,-0.000445364,39.6957
394.5,-0.000447668,39.6957
394.55,-0.000453178,39.6957
394.6,-0.00045625,39.6957
394.65,-0.000453679,39.6957
394.7,-0.000457519,39.6956
394.75,-0.000454848,39.6956
394.8,-0.000453412,39.6956
394.85,-0.000451943,39.6956
394.9,-0.000448971,39.6955
394.95,-0.00045024,39.6955
395.0,-0.000443828,39.6955
395.05,-0.000453612,39.6955
395.1,-0.000449839,39.6955
395.15,-0.000442926,39.6954
395.2,-0.000444496,39.6954
395.25,-0.000448203,39.6954
395.3,-0.000454948,39.6954
395.35,-0.000451241,39.6953
395.4,-0.000445431,39.6953
395.45,-0.000443795,39.6953
395.5,-0.000455683,39.6953
395.55,-0.000454046,39.6953
395.6,-0.00044837,39.6952
395.65,-0.000447468,39.6952
395.7,-0.000444329,39.6952
395.75,-0.000451008,39.6952
395.8,-0.000448737,39.6951
395.85,-0.000443494,39.6951
395.9,-0.000447368,39.6951
395.95,-0.000456851,39.6951
396.0,-0.000451275,39.695
396.05,-0.000450774,39.695
396.1,-0.000447234,39.695
396.15,-0.000453779,39.695
396.2,-0.000453712,39.695
396.25,-0.000460692,39.6949
396.3,-0.000460258,39.6949
396.35,-0.000460925,39.6949
396.4,-0.000456684,39.6949
396.45,-0.000460892,39.6948
396.5,-0.000451442,39.6948
396.55,-0.000454647,39.6948
396.6,-0.000454147,39.6948
396.65,-0.000447969,39.6948
396.7,-0.000449605,39.6947
396.75,-0.000452811,39.6947
396.8,-0.000453779,39.6947
396.85,-0.000451008,39.6947
396.9,-0.000445999,39.6946
396.95,-0.000440155,39.6946
397.0,-0.000446867,39.6946
397.05,-0.000449004,39.6946
397.1,-0.00044109,39.6945
397.15,-0.000449104,39.6945
397.2,-0.000444696,39.6945
397.25,-0.000447334,39.6945
397.3,-0.000434946,39.6945
397.35,-0.000443628,39.6944
397.4,-0.000446065,39.6944
397.45,-0.000438352,39.6944
397.5,-0.000452477,39.6944
397.55,-0.000451108,39.6944
397.6,-0.000455416,39.6943
397.65,-0.000450106,39.6943
397.7,-0.000455015,39.6943
397.75,-0.000452644,39.6943
397.8,-0.000449472,39.6942
397.85,-0.00045428,39.6942
397.9,-0.000451776,39.6942
397.95,-0.000456117,39.6942
398.0,-0.000456217,39.6941
398.05,-0.000455382,39.6941
398.1,-0.000451342,39.6941
398.15,-0.000465333,39.6941
398.2,-0.000462962,39.6941
398.25,-0.000457252,39.694
398.3,-0.000456718,39.694
398.35,-0.000455215,39.694
398.4,-0.000455916,39.694
398.45,-0.000456384,39.6939
398.5,-0.000455416,39.6939
398.55,-0.000458387,39.6939
398.6,-0.000462628,39.6939
398.65,-0.00046146,39.6938
398.7,-0.000451842,39.6938
398.75,-0.000453145,39.6938
398.8,-0.000447601,39.6938
398.85,-0.000459757,39.6938
398.9,-0.00045615,39.6937
398.95,-0.00045585,39.6937
399.0,-0.000458989,39.6937
399.05,-0.000447234,39.6937
399.1,-0.000458221,39.6936
399.15,-0.000455749,39.6936
399.2,-0.000447167,39.6936
399.25,-0.000442392,39.6936
399.3,-0.000457119,39.6936
399.35,-0.000449472,39.6935
399.4,-0.000442359,39.6935
399.45,-0.000451241,39.6935
399.5,-0.000450607,39.6935
399.55,-0.000455549,39.6934
399.6,-0.000446065,39.6934
399.65,-0.000448904,39.6934
399.7,-0.000449037,39.6934
399.75,-0.000446566,39.6934
399.8,-0.000447702,39.6933
399.85,-0.000447034,39.6933
399.9,-0.000450907,39.6933
399.95,-0.000446266,39.6933
400.0,-0.000437918,39.6932
400.05,-0.000440656,39.6932
400.1,-0.000450907,39.6932
400.15,-0.000439153,39.6932
400.2,-0.000436782,39.6932
400.25,-0.00043371,39.6931
400.3,-0.00043184,39.6931
400.35,-0.000437183,39.6931
400.4,-0.000439988,39.6931
400.45,-0.000441357,39.693
400.5,-0.000444963,39.693
400.55,-0.000443561,39.693
400.6,-0.000444095,39.693
400.65,-0.000439854,39.693
400.7,-0.000442459,39.6929
400.75,-0.000443361,39.6929
400.8,-0.000440088,39.6929
400.85,-0.000441991,39.6929
400.9,-0.000443828,39.6928
400.95,-0.000432641,39.6928
401.0,-0.000446299,39.6928
401.05,-0.000438852,39.6928
401.1,-0.000449004,39.6928
401.15,-0.000445264,39.6927
401.2,-0.00043765,39.6927
401.25,-0.000434712,39.6927
401.3,-0.000436315,39.6927
401.35,-0.000439487,39.6926
401.4,-0.000439487,39.6926
401.45,-0.000431239,39.6926
401.5,-0.00042977,39.6926
401.55,-0.000424894,39.6926
401.6,-0.000429335,39.6925
401.65,-0.000436148,39.6925
401.7,-0.000428701,39.6925
401.75,-0.000429168,39.6925
401.8,-0.000428768,39.6925
401.85,-0.000439019,39.6924
401.9,-0.00043548,39.6924
401.95,-0.000437149,39.6924
402.0,-0.000443027,39.6924
402.05,-0.000437383,39.6923
402.1,-0.00044306,39.6923
402.15,-0.000443795,39.6923
402.2,-0.000433009,39.6923
402.25,-0.000425863,39.6923
402.3,-0.000424761,39.6922
402.35,-0.000431539,39.6922
402.4,-0.000437316,39.6922
402.45,-0.000435346,39.6922
402.5,-0.000431205,39.6921
402.55,-0.000427165,39.6921
402.6,-0.000431005,39.6921
402.65,-0.000429235,39.6921
402.7,-0.000426931,39.6921
402.75,-0.000431272,39.692
402.8,-0.000435814,39.692
402.85,-0.000431606,39.692
402.9,-0.000430437,39.692
402.95,-0.000438418,39.692
403.0,-0.00042623,39.6919
403.05,-0.000432875,39.6919
403.1,-0.000428734,39.6919
403.15,-0.000427265,39.6919
403.2,-0.000432374,39.6918
403.25,-0.000431406,39.6918
403.3,-0.000425829,39.6918
403.35,-0.000429903,39.6918
403.4,-0.000436982,39.6918
403.45,-0.000442626,39.6917
403.5,-0.000445832,39.6917
403.55,-0.000440689,39.6917
403.6,-0.00043568,39.6917
403.65,-0.00043578,39.6917
403.7,-0.000446433,39.6916
403.75,-0.00045221,39.6916
403.8,-0.000457419,39.6916
403.85,-0.000443962,39.6916
403.9,-0.000447134,39.6915
403.95,-0.00044483,39.6915
404.0,-0.000443494,39.6915
404.05,-0.000447,39.6915
404.1,-0.000436415,39.6914
404.15,-0.000442693,39.6914
404.2,-0.000442426,39.6914
404.25,-0.000437483,39.6914
404.3,-0.000449071,39.6914
404.35,-0.000452777,39.6913
404.4,-0.000449805,39.6913
404.45,-0.000450807,39.6913
404.5,-0.00045044,39.6913
404.55,-0.000448269,39.6912
404.6,-0.000450106,39.6912
404.65,-0.000449538,39.6912
404.7,-0.000456584,39.6912
404.75,-0.000450674,39.6912
404.8,-0.000448036,39.6911
404.85,-0.00045398,39.6911
404.9,-0.000453646,39.6911
404.95,-0.000447635,39.6911
405.0,-0.000441925,39.691
405.05,-0.000446934,39.691
405.1,-0.000449505,39.691
405.15,-0.000447501,39.691
405.2,-0.000439754,39.691
405.25,-0.000446266,39.6909
405.3,-0.000446566,39.6909
405.35,-0.000440556,39.6909
405.4,-0.00043194,39.6909
405.45,-0.000439654,39.6908
405.5,-0.000437116,39.6908
405.55,-0.000432341,39.6908
405.6,-0.000434011,39.6908
405.65,-0.000432641,39.6908
405.7,-0.000431974,39.6907
405.75,-0.000429002,39.6907
405.8,-0.000432641,39.6907
405.85,-0.000427933,39.6907
405.9,-0.000438352,39.6907
405.95,-0.00043558,39.6906
406.0,-0.000427332,39.6906
406.05,-0.000426464,39.6906
406.1,-0.000440489,39.6906
406.15,-0.00044119,39.6905
406.2,-0.000429669,39.6905
406.25,-0.00043361,39.6905
406.3,-0.000434545,39.6905
406.35,-0.000442225,39.6905
406.4,-0.000445464,39.6904
406.45,-0.000442826,39.6904
406.5,-0.000440222,39.6904
406.55,-0.000431907,39.6904
406.6,-0.000434445,39.6903
406.65,-0.000441624,39.6903
406.7,-0.000443728,39.6903
406.75,-0.00045034,39.6903
406.8,-0.000441557,39.6903
406.85,-0.000440656,39.6902
406.9,-0.000448637,39.6902
406.95,-0.000447067,39.6902
407.0,-0.000443561,39.6902
407.05,-0.000444563,39.6901
407.1,-0.000439854,39.6901
407.15,-0.000440021,39.6901
407.2,-0.000440021,39.6901
407.25,-0.000438786,39.6901
407.3,-0.000443628,39.69
407.35,-0.000435446,39.69
407.4,-0.00043361,39.69
407.45,-0.000433009,39.69
407.5,-0.000430604,39.6899
407.55,-0.000440188,39.6899
407.6,-0.000438485,39.6899
407.65,-0.000424794,39.6899
407.7,-0.000437183,39.6899
407.75,-0.000441524,39.6898
407.8,-0.000441023,39.6898
407.85,-0.000429569,39.6898
407.9,-0.00044099,39.6898
407.95,-0.000444997,39.6898
408.0,-0.000442158,39.6897
408.05,-0.000437183,39.6897
408.1,-0.000448269,39.6897
408.15,-0.000449705,39.6897
408.2,-0.000459456,39.6896
408.25,-0.000443728,39.6896
408.3,-0.000443027,39.6896
408.35,-0.000447568,39.6896
408.4,-0.000438819,39.6896
408.45,-0.000444696,39.6895
408.5,-0.000451275,39.6895
408.55,-0.000445064,39.6895
408.6,-0.000450006,39.6895
408.65,-0.000447601,39.6894
408.7,-0.000455015,39.6894
408.75,-0.000458387,39.6894
408.8,-0.000457887,39.6894
408.85,-0.000455115,39.6893
408.9,-0.000449839,39.6893
408.95,-0.000455582,39.6893
409.0,-0.000447468,39.6893
409.05,-0.000448303,39.6893
409.1,-0.000456384,39.6892
409.15,-0.000450306,39.6892
409.2,-0.000455249,39.6892
409.25,-0.00045605,39.6892
409.3,-0.000448136,39.6891
409.35,-0.000440656,39.6891
409.4,-0.000446466,39.6891
409.45,-0.000446566,39.6891
409.5,-0.000445965,39.6891
409.55,-0.000449538,39.689
409.6,-0.000449472,39.689
409.65,-0.000445498,39.689
409.7,-0.000447,39.689
409.75,-0.00044837,39.6889
409.8,-0.00045802,39.6889
409.85,-0.000457018,39.6889
409.9,-0.000451475,39.6889
409.95,-0.000450273,39.6889
410.0,-0.000449805,39.6888
410.05,-0.000447835,39.6888
410.1,-0.000441157,39.6888
410.15,-0.000449972,39.6888
410.2,-0.000436148,39.6887
410.25,-0.000452277,39.6887
410.3,-0.000447969,39.6887
410.35,-0.000449805,39.6887
410.4,-0.000451108,39.6887
410.45,-0.000454781,39.6886
410.5,-0.000452844,39.6886
410.55,-0.000453278,39.6886
410.6,-0.000451642,39.6886
410.65,-0.000451475,39.6885
410.7,-0.000450974,39.6885
410.75,-0.000447768,39.6885
410.8,-0.000445398,39.6885
410.85,-0.000444329,39.6884
410.9,-0.000435279,39.6884
410.95,-0.000433376,39.6884
411.0,-0.000438485,39.6884
411.05,-0.000446399,39.6884
411.1,-0.000447101,39.6883
411.15,-0.000456284,39.6883
411.2,-0.000450974,39.6883
411.25,-0.000445765,39.6883
411.3,-0.000445865,39.6882
411.35,-0.000451776,39.6882
411.4,-0.000453612,39.6882
411.45,-0.000453479,39.6882
411.5,-0.000439721,39.6882
411.55,-0.000435346,39.6881
411.6,-0.000438352,39.6881
411.65,-0.000444028,39.6881
411.7,-0.000434912,39.6881
411.75,-0.000432541,39.688
411.8,-0.000434177,39.688
411.85,-0.00042987,39.688
411.9,-0.00043351,39.688
411.95,-0.00043371,39.688
412.0,-0.000442092,39.6879
412.05,-0.00043164,39.6879
412.1,-0.000433009,39.6879
412.15,-0.000427766,39.6879
412.2,-0.000422924,39.6879
412.25,-0.00042249,39.6878
412.3,-0.000425963,39.6878
412.35,-0.000428167,39.6878
412.4,-0.000429436,39.6878
412.45,-0.000428601,39.6877
412.5,-0.000421254,39.6877
412.55,-0.000429903,39.6877
412.6,-0.000424293,39.6877
412.65,-0.000425896,39.6877
412.7,-0.000420753,39.6876
412.75,-0.000435613,39.6876
412.8,-0.000429603,39.6876
412.85,-0.000436081,39.6876
412.9,-0.000441223,39.6876
412.95,-0.00043952,39.6875
413.0,-0.000435346,39.6875
413.05,-0.000434445,39.6875
413.1,-0.000434077,39.6875
413.15,-0.000433443,39.6874
413.2,-0.000443895,39.6874
413.25,-0.000438686,39.6874
413.3,-0.00043755,39.6874
413.35,-0.000443695,39.6874
413.4,-0.000436615,39.6873
413.45,-0.00042603,39.6873
413.5,-0.000428334,39.6873
413.55,-0.000433777,39.6873
413.6,-0.000435046,39.6873
413.65,-0.000433409,39.6872
413.7,-0.000437149,39.6872
413.75,-0.00043391,39.6872
413.8,-0.000435179,39.6872
413.85,-0.00043942,39.6871
413.9,-0.000446767,39.6871
413.95,-0.000449104,39.6871
414.0,-0.000449672,39.6871
414.05,-0.000447334,39.687
414.1,-0.000443027,39.687
414.15,-0.000437817,39.687
414.2,-0.000435046,39.687
414.25,-0.000434111,39.687
414.3,-0.000434445,39.6869
414.35,-0.000432107,39.6869
414.4,-0.000429002,39.6869
414.45,-0.000431105,39.6869
414.5,-0.000426831,39.6869
414.55,-0.00043568,39.6868
414.6,-0.000443227,39.6868
414.65,-0.00044286,39.6868
414.7,-0.000427232,39.6868
414.75,-0.000438619,39.6867
414.8,-0.000440288,39.6867
414.85,-0.000439621,39.6867
414.9,-0.000431573,39.6867
414.95,-0.000435179,39.6867
415.0,-0.000432608,39.6866
415.05,-0.000429302,39.6866
415.1,-0.00043184,39.6866
415.15,-0.000436448,39.6866
415.2,-0.00043351,39.6866
415.25,-0.000424193,39.6865
415.3,-0.000430204,39.6865
415.35,-0.000434044,39.6865
415.4,-0.000439954,39.6865
415.45,-0.000439153,39.6864
415.5,-0.000445331,39.6864
415.55,-0.000437483,39.6864
415.6,-0.000437183,39.6864
415.65,-0.000443361,39.6864
415.7,-0.000439086,39.6863
415.75,-0.000437617,39.6863
415.8,-0.000429469,39.6863
415.85,-0.000421655,39.6863
415.9,-0.0004282,39.6862
415.95,-0.000426631,39.6862
416.0,-0.000427265,39.6862
416.05,-0.000430671,39.6862
416.1,-0.000432641,39.6862
416.15,-0.000427532,39.6861
416.2,-0.000435246,39.6861
416.25,-0.000443427,39.6861
416.3,-0.000436047,39.6861
416.35,-0.000435046,39.6861
416.4,-0.000430437,39.686
416.45,-0.000435513,39.686
416.5,-0.000442426,39.686
416.55,-0.000443394,39.686
416.6,-0.000441624,39.6859
416.65,-0.000446266,39.6859
416.7,-0.000448036,39.6859
416.75,-0.000448169,39.6859
416.8,-0.000456985,39.6859
416.85,-0.000452043,39.6858
416.9,-0.000444663,39.6858
416.95,-0.000443461,39.6858
417.0,-0.000445631,39.6858
417.05,-0.000446733,39.6857
417.1,-0.000441858,39.6857
417.15,-0.00044326,39.6857
417.2,-0.000439353,39.6857
417.25,-0.000446032,39.6857
417.3,-0.000450139,39.6856
417.35,-0.000445765,39.6856
417.4,-0.000453579,39.6856
417.45,-0.000455349,39.6856
417.5,-0.000452076,39.6855
417.55,-0.000451208,39.6855
417.6,-0.000446266,39.6855
417.65,-0.000447368,39.6855
417.7,-0.000443995,39.6855
417.75,-0.000444062,39.6854
417.8,-0.000444496,39.6854
417.85,-0.000442259,39.6854
417.9,-0.000443427,39.6854
417.95,-0.000441824,39.6853
418.0,-0.000441925,39.6853
418.05,-0.000432408,39.6853
418.1,-0.000437417,39.6853
418.15,-0.000436248,39.6853
418.2,-0.000448704,39.6852
418.25,-0.000451074,39.6852
418.3,-0.00043922,39.6852
418.35,-0.000445297,39.6852
418.4,-0.000447935,39.6851
418.45,-0.000455582,39.6851
418.5,-0.000440422,39.6851
418.55,-0.000441157,39.6851
418.6,-0.000439721,39.6851
418.65,-0.00044316,39.685
418.7,-0.000447535,39.685
418.75,-0.000457753,39.685
418.8,-0.000458454,39.685
418.85,-0.000449939,39.6849
418.9,-0.000450373,39.6849
418.95,-0.000449338,39.6849
419.0,-0.000454046,39.6849
419.05,-0.000450206,39.6848
419.1,-0.000458855,39.6848
419.15,-0.000451675,39.6848
419.2,-0.000447,39.6848
419.25,-0.000454147,39.6848
419.3,-0.000453212,39.6847
419.35,-0.000449538,39.6847
419.4,-0.000457486,39.6847
419.45,-0.000455015,39.6847
419.5,-0.000448837,39.6846
419.55,-0.000451442,39.6846
419.6,-0.00045064,39.6846
419.65,-0.000444129,39.6846
419.7,-0.00044877,39.6846
419.75,-0.000439988,39.6845
419.8,-0.000448169,39.6845
419.85,-0.000443728,39.6845
419.9,-0.000451675,39.6845
419.95,-0.000442726,39.6844
420.0,-0.000449238,39.6844
420.05,-0.000445398,39.6844
420.1,-0.000439721,39.6844
420.15,-0.000440288,39.6844
420.2,-0.000445531,39.6843
420.25,-0.000444329,39.6843
420.3,-0.000447568,39.6843
420.35,-0.000450574,39.6843
420.4,-0.000447635,39.6842
420.45,-0.000453779,39.6842
420.5,-0.000448637,39.6842
420.55,-0.000449872,39.6842
420.6,-0.000454781,39.6842
420.65,-0.000448169,39.6841
420.7,-0.000454848,39.6841
420.75,-0.000450173,39.6841
420.8,-0.000443795,39.6841
420.85,-0.000447101,39.684
420.9,-0.00044503,39.684
420.95,-0.000447735,39.684
421.0,-0.000443427,39.684
421.05,-0.000452477,39.684
421.1,-0.000450373,39.6839
421.15,-0.000442793,39.6839
421.2,-0.000434144,39.6839
421.25,-0.000441858,39.6839
421.3,-0.000442092,39.6838
421.35,-0.000436482,39.6838
421.4,-0.000438519,39.6838
421.45,-0.000446199,39.6838
421.5,-0.000437918,39.6838
421.55,-0.000437083,39.6837
421.6,-0.000434979,39.6837
421.65,-0.000441223,39.6837
421.7,-0.000440155,39.6837
421.75,-0.000442726,39.6836
421.8,-0.000437049,39.6836
421.85,-0.000429168,39.6836
421.9,-0.000428234,39.6836
421.95,-0.000426731,39.6836
422.0,-0.000433142,39.6835
422.05,-0.000426831,39.6835
422.1,-0.000425128,39.6835
422.15,-0.000423859,39.6835
422.2,-0.000426163,39.6834
422.25,-0.000426497,39.6834
422.3,-0.00042603,39.6834
422.35,-0.000420119,39.6834
422.4,-0.000424527,39.6834
422.45,-0.000412706,39.6833
422.5,-0.00041698,39.6833
422.55,-0.000419184,39.6833
422.6,-0.000424861,39.6833
422.65,-0.000421588,39.6833
422.7,-0.00042456,39.6832
422.75,-0.000424928,39.6832
422.8,-0.000424193,39.6832
422.85,-0.000424326,39.6832
422.9,-0.000422089,39.6832
422.95,-0.000418349,39.6831
423.0,-0.00042456,39.6831
423.05,-0.000433042,39.6831
423.1,-0.000436148,39.6831
423.15,-0.000427733,39.683
423.2,-0.000423158,39.683
423.25,-0.000431372,39.683
423.3,-0.000433944,39.683
423.35,-0.000437049,39.683
423.4,-0.000432341,39.6829
423.45,-0.000436047,39.6829
423.5,-0.000438852,39.6829
423.55,-0.000427365,39.6829
423.6,-0.000430905,39.6829
423.65,-0.000428801,39.6828
423.7,-0.000440789,39.6828
423.75,-0.000435146,39.6828
423.8,-0.000435279,39.6828
423.85,-0.000442426,39.6827
423.9,-0.000431573,39.6827
423.95,-0.000434478,39.6827
424.0,-0.00044877,39.6827
424.05,-0.000438151,39.6827
424.1,-0.000447668,39.6826
424.15,-0.000449305,39.6826
424.2,-0.000443394,39.6826
424.25,-0.000435847,39.6826
424.3,-0.000441457,39.6825
424.35,-0.000445331,39.6825
424.4,-0.000448904,39.6825
424.45,-0.000461593,39.6825
424.5,-0.000451375,39.6825
424.55,-0.000443761,39.6824
424.6,-0.000433476,39.6824
424.65,-0.000436315,39.6824
424.7,-0.000446967,39.6824
424.75,-0.000435346,39.6823
424.8,-0.000437049,39.6823
424.85,-0.000447568,39.6823
424.9,-0.000438819,39.6823
424.95,-0.000435079,39.6823
425.0,-0.000434378,39.6822
425.05,-0.000432141,39.6822
425.1,-0.000430271,39.6822
425.15,-0.000428133,39.6822
425.2,-0.00043558,39.6821
425.25,-0.000432541,39.6821
425.3,-0.000426464,39.6821
425.35,-0.000429269,39.6821
425.4,-0.000430972,39.6821
425.45,-0.000430838,39.682
425.5,-0.000429469,39.682
425.55,-0.000427265,39.682
425.6,-0.000435847,39.682
425.65,-0.000431473,39.682
425.7,-0.000426998,39.6819
425.75,-0.000429002,39.6819
425.8,-0.000436315,39.6819
425.85,-0.000430404,39.6819
425.9,-0.000436315,39.6818
425.95,-0.00043912,39.6818
426.0,-0.000438385,39.6818
426.05,-0.000433643,39.6818
426.1,-0.000436515,39.6818
426.15,-0.000443394,39.6817
426.2,-0.000437216,39.6817
426.25,-0.000439387,39.6817
426.3,-0.00044296,39.6817
426.35,-0.000446065,39.6816
426.4,-0.000449305,39.6816
426.45,-0.000451709,39.6816
426.5,-0.000441023,39.6816
426.55,-0.000443294,39.6816
426.6,-0.000449872,39.6815
426.65,-0.000448069,39.6815
426.7,-0.000440355,39.6815
426.75,-0.000443194,39.6815
426.8,-0.000436715,39.6814
426.85,-0.000437083,39.6814
426.9,-0.000445264,39.6814
426.95,-0.00044129,39.6814
427.0,-0.000438953,39.6814
427.05,-0.000437717,39.6813
427.1,-0.000446333,39.6813
427.15,-0.000437584,39.6813
427.2,-0.000441591,39.6813
427.25,-0.000444028,39.6813
427.3,-0.000449371,39.6812
427.35,-0.000445965,39.6812
427.4,-0.00044316,39.6812
427.45,-0.000443928,39.6812
427.5,-0.000436448,39.6811
427.55,-0.000441624,39.6811
427.6,-0.000437918,39.6811
427.65,-0.000439921,39.6811
427.7,-0.000441023,39.6811
427.75,-0.000453412,39.681
427.8,-0.00045625,39.681
427.85,-0.000446733,39.681
427.9,-0.000446333,39.681
427.95,-0.000447134,39.6809
428.0,-0.000447368,39.6809
428.05,-0.000438485,39.6809
428.1,-0.000442659,39.6809
428.15,-0.000448737,39.6809
428.2,-0.000449338,39.6808
428.25,-0.000449939,39.6808
428.3,-0.000461593,39.6808
428.35,-0.000463463,39.6808
428.4,-0.000459456,39.6807
428.45,-0.000455983,39.6807
428.5,-0.000457486,39.6807
428.55,-0.000454046,39.6807
428.6,-0.000448436,39.6806
428.65,-0.000441257,39.6806
428.7,-0.000453512,39.6806
428.75,-0.00045064,39.6806
428.8,-0.000446032,39.6806
428.85,-0.00044887,39.6805
428.9,-0.000443895,39.6805
428.95,-0.000446266,39.6805
429.0,-0.000443294,39.6805
429.05,-0.000447067,39.6804
429.1,-0.000449538,39.6804
429.15,-0.000444296,39.6804
429.2,-0.000442392,39.6804
429.25,-0.000440656,39.6804
429.3,-0.00043568,39.6803
429.35,-0.000435647,39.6803
429.4,-0.000445197,39.6803
429.45,-0.000443995,39.6803
429.5,-0.000449805,39.6802
429.55,-0.000448837,39.6802
429.6,-0.000442092,39.6802
429.65,-0.000437016,39.6802
429.7,-0.000443828,39.6802
429.75,-0.000437851,39.6801
429.8,-0.000438719,39.6801
429.85,-0.000441658,39.6801
429.9,-0.000437049,39.6801
429.95,-0.000450574,39.68
430.0,-0.000447702,39.68
430.05,-0.000440823,39.68
430.1,-0.000435714,39.68
430.15,-0.000440589,39.68
430.2,-0.000439721,39.6799
430.25,-0.000451141,39.6799
430.3,-0.000440088,39.6799
430.35,-0.000431539,39.6799
430.4,-0.000433944,39.6798
430.45,-0.000441891,39.6798
430.5,-0.000441524,39.6798
430.55,-0.00044276,39.6798
430.6,-0.000441791,39.6798
430.65,-0.000443361,39.6797
430.7,-0.000445932,39.6797
430.75,-0.000445565,39.6797
430.8,-0.000452277,39.6797
430.85,-0.000443695,39.6796
430.9,-0.000441457,39.6796
430.95,-0.000447134,39.6796
431.0,-0.000438151,39.6796
431.05,-0.000445097,39.6796
431.1,-0.000438786,39.6795
431.15,-0.000443394,39.6795
431.2,-0.000447902,39.6795
431.25,-0.000439788,39.6795
431.3,-0.000436882,39.6795
431.35,-0.000438118,39.6794
431.4,-0.000445164,39.6794
431.45,-0.000439788,39.6794
431.5,-0.000441991,39.6794
431.55,-0.000431272,39.6793
431.6,-0.000443294,39.6793
431.65,-0.000440389,39.6793
431.7,-0.000433109,39.6793
431.75,-0.000433309,39.6793
431.8,-0.000441658,39.6792
431.85,-0.00044276,39.6792
431.9,-0.000439888,39.6792
431.95,-0.00044099,39.6792
432.0,-0.000439921,39.6791
432.05,-0.00044867,39.6791
432.1,-0.000436482,39.6791
432.15,-0.000450173,39.6791
432.2,-0.000434511,39.6791
432.25,-0.000435947,39.679
432.3,-0.000433677,39.679
432.35,-0.000437083,39.679
432.4,-0.000431907,39.679
432.45,-0.000437483,39.6789
432.5,-0.000437517,39.6789
432.55,-0.000440823,39.6789
432.6,-0.000439721,39.6789
432.65,-0.000447501,39.6789
432.7,-0.000436782,39.6788
432.75,-0.000441223,39.6788
432.8,-0.000436916,39.6788
432.85,-0.000441424,39.6788
432.9,-0.000439554,39.6787
432.95,-0.000438318,39.6787
433.0,-0.000440021,39.6787
433.05,-0.000431473,39.6787
433.1,-0.000431907,39.6787
433.15,-0.00043017,39.6786
433.2,-0.000425462,39.6786
433.25,-0.000443962,39.6786
433.3,-0.000442693,39.6786
433.35,-0.000438953,39.6786
433.4,-0.000434912,39.6785
433.45,-0.000435012,39.6785
433.5,-0.000429903,39.6785
433.55,-0.00043381,39.6785
433.6,-0.000442092,39.6784
433.65,-0.000441123,39.6784
433.7,-0.000435346,39.6784
433.75,-0.000437884,39.6784
433.8,-0.000444696,39.6784
433.85,-0.000440489,39.6783
433.9,-0.000429669,39.6783
433.95,-0.000433076,39.6783
434.0,-0.000438485,39.6783
434.05,-0.00042997,39.6782
434.1,-0.000429569,39.6782
434.15,-0.000422957,39.6782
434.2,-0.000428367,39.6782
434.25,-0.000420653,39.6782
434.3,-0.000425462,39.6781
434.35,-0.000422189,39.6781
434.4,-0.000419551,39.6781
434.45,-0.000427399,39.6781
434.5,-0.000431706,39.6781
434.55,-0.000433476,39.678
434.6,-0.00043007,39.678
434.65,-0.000426363,39.678
434.7,-0.000424193,39.678
434.75,-0.000429536,39.6779
434.8,-0.000428434,39.6779
434.85,-0.00043548,39.6779
434.9,-0.00042977,39.6779
434.95,-0.000437851,39.6779
435.0,-0.000437717,39.6778
435.05,-0.000450807,39.6778
435.1,-0.000444195,39.6778
435.15,-0.000447301,39.6778
435.2,-0.000442693,39.6777
435.25,-0.000443728,39.6777
435.3,-0.000446266,39.6777
435.35,-0.000444696,39.6777
435.4,-0.000439287,39.6777
435.45,-0.000433543,39.6776
435.5,-0.000438385,39.6776
435.55,-0.000446199,39.6776
435.6,-0.000447301,39.6776
435.65,-0.000447301,39.6776
435.7,-0.000448637,39.6775
435.75,-0.000443093,39.6775
435.8,-0.000442492,39.6775
435.85,-0.000444396,39.6775
435.9,-0.000451675,39.6774
435.95,-0.000447635,39.6774
436.0,-0.00045625,39.6774
436.05,-0.000451375,39.6774
436.1,-0.000446366,39.6773
436.15,-0.000438719,39.6773
436.2,-0.000437684,39.6773
436.25,-0.0004465,39.6773
436.3,-0.000444195,39.6773
436.35,-0.000441324,39.6772
436.4,-0.000441891,39.6772
436.45,-0.000457386,39.6772
436.5,-0.000447368,39.6772
436.55,-0.000443828,39.6771
436.6,-0.000443427,39.6771
436.65,-0.000451776,39.6771
436.7,-0.000452878,39.6771
436.75,-0.000453512,39.6771
436.8,-0.000446533,39.677
436.85,-0.000437049,39.677
436.9,-0.000445898,39.677
436.95,-0.000443661,39.677
437.0,-0.000445898,39.6769
437.05,-0.000450574,39.6769
437.1,-0.000453312,39.6769
437.15,-0.000449538,39.6769
437.2,-0.000445297,39.6769
437.25,-0.000449305,39.6768
437.3,-0.000438619,39.6768
437.35,-0.000438852,39.6768
437.4,-0.000446366,39.6768
437.45,-0.000441257,39.6767
437.5,-0.000447768,39.6767
437.55,-0.0004465,39.6767
437.6,-0.000451842,39.6767
437.65,-0.00044473,39.6767
437.7,-0.000442693,39.6766
437.75,-0.000442893,39.6766
437.8,-0.000438953,39.6766
437.85,-0.000439487,39.6766
437.9,-0.000437283,39.6765
437.95,-0.00044129,39.6765
438.0,-0.000439988,39.6765
438.05,-0.000442392,39.6765
438.1,-0.000441858,39.6765
438.15,-0.000445832,39.6764
438.2,-0.000435714,39.6764
438.25,-0.000445932,39.6764
438.3,-0.000447234,39.6764
438.35,-0.000452978,39.6763
438.4,-0.000447301,39.6763
438.45,-0.000442559,39.6763
438.5,-0.000445464,39.6763
438.55,-0.000446299,39.6763
438.6,-0.000445798,39.6762
438.65,-0.000437751,39.6762
438.7,-0.000438953,39.6762
438.75,-0.000442192,39.6762
438.8,-0.000438352,39.6761
438.85,-0.00042603,39.6761
438.9,-0.000429068,39.6761
438.95,-0.000436682,39.6761
439.0,-0.000429502,39.6761
439.05,-0.000427332,39.676
439.1,-0.0004279,39.676
439.15,-0.000436682,39.676
439.2,-0.000438719,39.676
439.25,-0.000441958,39.676
439.3,-0.000444296,39.6759
439.35,-0.00043952,39.6759
439.4,-0.000436548,39.6759
439.45,-0.000442259,39.6759
439.5,-0.000441257,39.6758
439.55,-0.000440355,39.6758
439.6,-0.000442292,39.6758
439.65,-0.00044493,39.6758
439.7,-0.000447167,39.6758
439.75,-0.00044326,39.6757
439.8,-0.000440956,39.6757
439.85,-0.000439721,39.6757
439.9,-0.000447869,39.6757
439.95,-0.000441891,39.6756
440.0,-0.000450273,39.6756
440.05,-0.000440055,39.6756
440.1,-0.000440355,39.6756
440.15,-0.000447835,39.6756
440.2,-0.000447768,39.6755
440.25,-0.000448971,39.6755
440.3,-0.00044306,39.6755
440.35,-0.000439621,39.6755
440.4,-0.000444329,39.6754
440.45,-0.000439854,39.6754
440.5,-0.00044109,39.6754
440.55,-0.000445565,39.6754
440.6,-0.000454547,39.6754
440.65,-0.000453712,39.6753
440.7,-0.000452811,39.6753
440.75,-0.000446666,39.6753
440.8,-0.000455616,39.6753
440.85,-0.000459656,39.6752
440.9,-0.000454881,39.6752
440.95,-0.000455349,39.6752
441.0,-0.000454814,39.6752
441.05,-0.000459957,39.6751
441.1,-0.000460191,39.6751
441.15,-0.000458955,39.6751
441.2,-0.000456184,39.6751
441.25,-0.00045428,39.6751
441.3,-0.000453445,39.675
441.35,-0.000452577,39.675
441.4,-0.000453846,39.675
441.45,-0.000455549,39.675
441.5,-0.000458387,39.6749
441.55,-0.000456017,39.6749
441.6,-0.000457753,39.6749
441.65,-0.000449872,39.6749
441.7,-0.000449472,39.6749
441.75,-0.000438118,39.6748
441.8,-0.000447535,39.6748
441.85,-0.000444763,39.6748
441.9,-0.00044867,39.6748
441.95,-0.000456952,39.6747
442.0,-0.00045585,39.6747
442.05,-0.000454781,39.6747
442.1,-0.000455616,39.6747
442.15,-0.000468105,39.6747
442.2,-0.000455349,39.6746
442.25,-0.000451442,39.6746
442.3,-0.000453111,39.6746
442.35,-0.00045044,39.6746
442.4,-0.000441424,39.6745
442.45,-0.000446366,39.6745
442.5,-0.000445565,39.6745
442.55,-0.000449104,39.6745
442.6,-0.000442659,39.6744
442.65,-0.000444997,39.6744
442.7,-0.000439554,39.6744
442.75,-0.000442526,39.6744
442.8,-0.000443461,39.6744
442.85,-0.000447468,39.6743
442.9,-0.000444028,39.6743
442.95,-0.00044483,39.6743
443.0,-0.000441624,39.6743
443.05,-0.000441357,39.6742
443.1,-0.000437684,39.6742
443.15,-0.000432742,39.6742
443.2,-0.000442192,39.6742
443.25,-0.000449405,39.6742
443.3,-0.000448069,39.6741
443.35,-0.000452477,39.6741
443.4,-0.000450874,39.6741
443.45,-0.000452343,39.6741
443.5,-0.0004468,39.674
443.55,-0.000450607,39.674
443.6,-0.000446767,39.674
443.65,-0.000451342,39.674
443.7,-0.00044867,39.674
443.75,-0.000451943,39.6739
443.8,-0.000444563,39.6739
443.85,-0.000444863,39.6739
443.9,-0.000455549,39.6739
443.95,-0.000449906,39.6738
444.0,-0.000455582,39.6738
444.05,-0.000458421,39.6738
444.1,-0.000451509,39.6738
444.15,-0.000448303,39.6738
444.2,-0.000448403,39.6737
444.25,-0.000450373,39.6737
444.3,-0.000445398,39.6737
444.35,-0.000455482,39.6737
444.4,-0.000451876,39.6736
444.45,-0.000445965,39.6736
444.5,-0.000444897,39.6736
444.55,-0.000453612,39.6736
444.6,-0.000449405,39.6736
444.65,-0.000446666,39.6735
444.7,-0.000442659,39.6735
444.75,-0.000442292,39.6735
444.8,-0.000457085,39.6735
444.85,-0.000459656,39.6734
444.9,-0.000447268,39.6734
444.95,-0.00044463,39.6734
445.0,-0.000440455,39.6734
445.05,-0.000445999,39.6734
445.1,-0.000456484,39.6733
445.15,-0.000455883,39.6733
445.2,-0.000456351,39.6733
445.25,-0.000456484,39.6733
445.3,-0.000452878,39.6732
445.35,-0.000450907,39.6732
445.4,-0.000454547,39.6732
445.45,-0.000465968,39.6732
445.5,-0.000462161,39.6731
445.55,-0.000461159,39.6731
445.6,-0.000457486,39.6731
445.65,-0.000467036,39.6731
445.7,-0.00045959,39.6731
445.75,-0.00046176,39.673
445.8,-0.000458922,39.673
445.85,-0.000461827,39.673
445.9,-0.000453111,39.673
445.95,-0.000447535,39.6729
446.0,-0.000450306,39.6729
446.05,-0.000451008,39.6729
446.1,-0.000465534,39.6729
446.15,-0.000463129,39.6728
446.2,-0.000450206,39.6728
446.25,-0.00045625,39.6728
446.3,-0.000456918,39.6728
446.35,-0.000451108,39.6728
446.4,-0.000448971,39.6727
446.45,-0.00045812,39.6727
446.5,-0.000453646,39.6727
446.55,-0.000449605,39.6727
446.6,-0.000451308,39.6726
446.65,-0.000451976,39.6726
446.7,-0.000445999,39.6726
446.75,-0.000447802,39.6726
446.8,-0.000454814,39.6726
446.85,-0.000457686,39.6725
446.9,-0.000445999,39.6725
446.95,-0.000447635,39.6725
447.0,-0.000440222,39.6725
447.05,-0.000439821,39.6724
447.1,-0.000447735,39.6724
447.15,-0.000446733,39.6724
447.2,-0.00044837,39.6724
447.25,-0.000448637,39.6724
447.3,-0.000440322,39.6723
447.35,-0.000447268,39.6723
447.4,-0.000448904,39.6723
447.45,-0.000450807,39.6723
447.5,-0.000454948,39.6722
447.55,-0.000447601,39.6722
447.6,-0.000441424,39.6722
447.65,-0.000448169,39.6722
447.7,-0.000454547,39.6722
447.75,-0.000444329,39.6721
447.8,-0.000449238,39.6721
447.85,-0.000448937,39.6721
447.9,-0.000450407,39.6721
447.95,-0.000448704,39.672
448.0,-0.000439954,39.672
448.05,-0.000451141,39.672
448.1,-0.000454714,39.672
448.15,-0.000465834,39.6719
448.2,-0.000450473,39.6719
448.25,-0.0004469,39.6719
448.3,-0.000440322,39.6719
448.35,-0.000443294,39.6719
448.4,-0.000449906,39.6718
448.45,-0.000451442,39.6718
448.5,-0.000451442,39.6718
448.55,-0.000449405,39.6718
448.6,-0.0004467,39.6717
448.65,-0.00045261,39.6717
448.7,-0.000449238,39.6717
448.75,-0.000440255,39.6717
448.8,-0.000443928,39.6717
448.85,-0.000449004,39.6716
448.9,-0.000450039,39.6716
448.95,-0.000452477,39.6716
449.0,-0.000461493,39.6716
449.05,-0.000460725,39.6715
449.1,-0.00045595,39.6715
449.15,-0.000458221,39.6715
449.2,-0.00045428,39.6715
449.25,-0.00045231,39.6715
449.3,-0.000457085,39.6714
449.35,-0.00044847,39.6714
449.4,-0.0004467,39.6714
449.45,-0.000446032,39.6714
449.5,-0.000450106,39.6713
449.55,-0.000449138,39.6713
449.6,-0.0004469,39.6713
449.65,-0.000445698,39.6713
449.7,-0.000441958,39.6713
449.75,-0.000451074,39.6712
449.8,-0.000444362,39.6712
449.85,-0.000439454,39.6712
449.9,-0.000442526,39.6712
449.95,-0.000441958,39.6711
450.0,-0.000447735,39.6711
450.05,-0.00044513,39.6711
450.1,-0.000451776,39.6711
450.15,-0.000450574,39.6711
450.2,-0.000462328,39.671
450.25,-0.000452477,39.671
450.3,-0.000448837,39.671
450.35,-0.000448904,39.671
450.4,-0.000456918,39.6709
450.45,-0.000458554,39.6709
450.5,-0.000450407,39.6709
450.55,-0.000456952,39.6709
450.6,-0.000447468,39.6708
450.65,-0.000448069,39.6708
450.7,-0.000452477,39.6708
450.75,-0.000443895,39.6708
450.8,-0.000446199,39.6708
450.85,-0.000438585,39.6707
450.9,-0.000448203,39.6707
450.95,-0.000451175,39.6707
451.0,-0.000451976,39.6707
451.05,-0.000453445,39.6706
451.1,-0.000454781,39.6706
451.15,-0.000451943,39.6706
451.2,-0.000453445,39.6706
451.25,-0.000450407,39.6706
451.3,-0.000447468,39.6705
451.35,-0.000446533,39.6705
451.4,-0.000451175,39.6705
451.45,-0.00045211,39.6705
451.5,-0.000459323,39.6704
451.55,-0.000451308,39.6704
451.6,-0.000447201,39.6704
451.65,-0.00044326,39.6704
451.7,-0.000449772,39.6704
451.75,-0.000453212,39.6703
451.8,-0.000452644,39.6703
451.85,-0.000454414,39.6703
451.9,-0.000454314,39.6703
451.95,-0.000456551,39.6702
452.0,-0.000458621,39.6702
452.05,-0.000448837,39.6702
452.1,-0.00044837,39.6702
452.15,-0.000449872,39.6701
452.2,-0.00044276,39.6701
452.25,-0.000443494,39.6701
452.3,-0.000442559,39.6701
452.35,-0.000455315,39.6701
452.4,-0.000458554,39.67
452.45,-0.000451776,39.67
452.5,-0.000455282,39.67
452.55,-0.000462595,39.67
452.6,-0.00046373,39.6699
452.65,-0.000467036,39.6699
452.7,-0.000459423,39.6699
452.75,-0.000453011,39.6699
452.8,-0.000461059,39.6699
452.85,-0.000454614,39.6698
452.9,-0.000450941,39.6698
452.95,-0.000450841,39.6698
453.0,-0.000453011,39.6698
453.05,-0.000454213,39.6697
453.1,-0.000460157,39.6697
453.15,-0.00045428,39.6697
453.2,-0.000453712,39.6697
453.25,-0.00045074,39.6696
453.3,-0.000449138,39.6696
453.35,-0.000442225,39.6696
453.4,-0.000453646,39.6696
453.45,-0.000447835,39.6696
453.5,-0.000448436,39.6695
453.55,-0.000443594,39.6695
453.6,-0.000454581,39.6695
453.65,-0.000446199,39.6695
453.7,-0.000447702,39.6694
453.75,-0.000453712,39.6694
453.8,-0.000457452,39.6694
453.85,-0.000457887,39.6694
453.9,-0.000447668,39.6694
453.95,-0.000449872,39.6693
454.0,-0.000445999,39.6693
454.05,-0.00045211,39.6693
454.1,-0.000447034,39.6693
454.15,-0.000445064,39.6692
454.2,-0.000454647,39.6692
454.25,-0.000456751,39.6692
454.3,-0.000466135,39.6692
454.35,-0.000470209,39.6692
454.4,-0.000465767,39.6691
454.45,-0.000464899,39.6691
454.5,-0.000457018,39.6691
454.55,-0.000462495,39.6691
454.6,-0.000458454,39.669
454.65,-0.000458087,39.669
454.7,-0.000460391,39.669
454.75,-0.000453178,39.669
454.8,-0.000449338,39.6689
454.85,-0.00045585,39.6689
454.9,-0.000460725,39.6689
454.95,-0.000462261,39.6689
455.0,-0.000455616,39.6689
455.05,-0.000458922,39.6688
455.1,-0.00044857,39.6688
455.15,-0.000452744,39.6688
455.2,-0.000454514,39.6688
455.25,-0.000449939,39.6687
455.3,-0.000446399,39.6687
455.35,-0.000456718,39.6687
455.4,-0.000455148,39.6687
455.45,-0.000457319,39.6686
455.5,-0.000456184,39.6686
455.55,-0.000461827,39.6686
455.6,-0.000451976,39.6686
455.65,-0.00046166,39.6686
455.7,-0.000459656,39.6685
455.75,-0.000464699,39.6685
455.8,-0.000448637,39.6685
455.85,-0.000450039,39.6685
455.9,-0.000456885,39.6684
455.95,-0.000457219,39.6684
456.0,-0.00046156,39.6684
456.05,-0.000455182,39.6684
456.1,-0.000447301,39.6684
456.15,-0.00045054,39.6683
456.2,-0.000456985,39.6683
456.25,-0.000451842,39.6683
456.3,-0.000453045,39.6683
456.35,-0.00045211,39.6682
456.4,-0.000455749,39.6682
456.45,-0.000465033,39.6682
456.5,-0.000454614,39.6682
456.55,-0.000461894,39.6681
456.6,-0.000462128,39.6681
456.65,-0.000462528,39.6681
456.7,-0.000463129,39.6681
456.75,-0.000460525,39.6681
456.8,-0.00045969,39.668
456.85,-0.000459156,39.668
456.9,-0.00045251,39.668
456.95,-0.000462862,39.668
457.0,-0.000462461,39.6679
457.05,-0.00045231,39.6679
457.1,-0.000452577,39.6679
457.15,-0.000449104,39.6679
457.2,-0.000439854,39.6679
457.25,-0.000441624,39.6678
457.3,-0.000443728,39.6678
457.35,-0.000444496,39.6678
457.4,-0.000439053,39.6678
457.45,-0.000445197,39.6677
457.5,-0.00044306,39.6677
457.55,-0.000446934,39.6677
457.6,-0.000450073,39.6677
457.65,-0.000437918,39.6677
457.7,-0.000443995,39.6676
457.75,-0.000442025,39.6676
457.8,-0.000449972,39.6676
457.85,-0.000444062,39.6676
457.9,-0.000436248,39.6675
457.95,-0.000431372,39.6675
458.0,-0.000431372,39.6675
458.05,-0.000438084,39.6675
458.1,-0.000440422,39.6675
458.15,-0.00044139,39.6674
458.2,-0.00045064,39.6674
458.25,-0.000440889,39.6674
458.3,-0.000437851,39.6674
458.35,-0.000439687,39.6673
458.4,-0.000448971,39.6673
458.45,-0.000442659,39.6673
458.5,-0.000440789,39.6673
458.55,-0.000433042,39.6673
458.6,-0.000434478,39.6672
458.65,-0.000436415,39.6672
458.7,-0.000439988,39.6672
458.75,-0.000442292,39.6672
458.8,-0.000436081,39.6671
458.85,-0.000431873,39.6671
458.9,-0.000430905,39.6671
458.95,-0.000435914,39.6671
459.0,-0.00044139,39.6671
459.05,-0.000437183,39.667
459.1,-0.000446266,39.667
459.15,-0.000448403,39.667
459.2,-0.000438752,39.667
459.25,-0.000438986,39.6669
459.3,-0.000449839,39.6669
459.35,-0.000450574,39.6669
459.4,-0.000454514,39.6669
459.45,-0.000448436,39.6669
459.5,-0.000446199,39.6668
459.55,-0.00044513,39.6668
459.6,-0.000441056,39.6668
459.65,-0.000443227,39.6668
459.7,-0.000445999,39.6667
459.75,-0.000450707,39.6667
459.8,-0.000456551,39.6667
459.85,-0.00045615,39.6667
459.9,-0.00045782,39.6667
459.95,-0.000456551,39.6666
460.0,-0.000453913,39.6666
460.05,-0.00044877,39.6666
460.1,-0.000452009,39.6666
460.15,-0.000452577,39.6665
460.2,-0.000454547,39.6665
460.25,-0.000463797,39.6665
460.3,-0.000459757,39.6665
460.35,-0.000465667,39.6665
460.4,-0.000457586,39.6664
460.45,-0.000455382,39.6664
460.5,-0.00045408,39.6664
460.55,-0.000457786,39.6664
460.6,-0.000451141,39.6663
460.65,-0.00045064,39.6663
460.7,-0.000450774,39.6663
460.75,-0.000448637,39.6663
460.8,-0.000451241,39.6662
460.85,-0.000460992,39.6662
460.9,-0.000464331,39.6662
460.95,-0.000464699,39.6662
461.0,-0.000465534,39.6662
461.05,-0.000460391,39.6661
461.1,-0.00045398,39.6661
461.15,-0.000459456,39.6661
461.2,-0.000445064,39.6661
461.25,-0.00045398,39.666
461.3,-0.000449739,39.666
461.35,-0.000451709,39.666
461.4,-0.000456651,39.666
461.45,-0.000459323,39.6659
461.5,-0.000460792,39.6659
461.55,-0.00046363,39.6659
461.6,-0.000466602,39.6659
461.65,-0.000461727,39.6659
461.7,-0.00045812,39.6658
461.75,-0.000463129,39.6658
461.8,-0.000461727,39.6658
461.85,-0.000453378,39.6658
461.9,-0.000459556,39.6657
461.95,-0.000452777,39.6657
462.0,-0.000458087,39.6657
462.05,-0.000464398,39.6657
462.1,-0.000462962,39.6656
462.15,-0.00046146,39.6656
462.2,-0.000453946,39.6656
462.25,-0.000450006,39.6656
462.3,-0.000454814,39.6656
462.35,-0.000461693,39.6655
462.4,-0.00045625,39.6655
462.45,-0.00045251,39.6655
462.5,-0.000463897,39.6655
462.55,-0.000455282,39.6654
462.6,-0.000455716,39.6654
462.65,-0.000455783,39.6654
462.7,-0.000450707,39.6654
462.75,-0.000445531,39.6654
462.8,-0.000451275,39.6653
462.85,-0.000456618,39.6653
462.9,-0.000445264,39.6653
462.95,-0.00045418,39.6653
463.0,-0.000456985,39.6652
463.05,-0.000458154,39.6652
463.1,-0.000451375,39.6652
463.15,-0.000447835,39.6652
463.2,-0.000453011,39.6651
463.25,-0.000452744,39.6651
463.3,-0.000457352,39.6651
463.35,-0.000449739,39.6651
463.4,-0.000447668,39.6651
463.45,-0.00044867,39.665
463.5,-0.000445264,39.665
463.55,-0.000451308,39.665
463.6,-0.000453913,39.665
463.65,-0.000459022,39.6649
463.7,-0.000454781,39.6649
463.75,-0.000454213,39.6649
463.8,-0.000451308,39.6649
463.85,-0.000448637,39.6649
463.9,-0.000453278,39.6648
463.95,-0.000443528,39.6648
464.0,-0.000446232,39.6648
464.05,-0.000444129,39.6648
464.1,-0.000441123,39.6647
464.15,-0.0004468,39.6647
464.2,-0.000448303,39.6647
464.25,-0.00044109,39.6647
464.3,-0.000442559,39.6647
464.35,-0.000449071,39.6646
464.4,-0.000444696,39.6646
464.45,-0.000446333,39.6646
464.5,-0.000442559,39.6646
464.55,-0.000448303,39.6645
464.6,-0.000449004,39.6645
464.65,-0.000443227,39.6645
464.7,-0.000445164,39.6645
464.75,-0.000445398,39.6645
464.8,-0.00045625,39.6644
464.85,-0.00044513,39.6644
464.9,-0.000440656,39.6644
464.95,-0.000442259,39.6644
465.0,-0.000445698,39.6643
465.05,-0.000447869,39.6643
465.1,-0.000435046,39.6643
465.15,-0.000442259,39.6643
465.2,-0.000443093,39.6643
465.25,-0.000445297,39.6642
465.3,-0.00044847,39.6642
465.35,-0.00043942,39.6642
465.4,-0.000442559,39.6642
465.45,-0.000442893,39.6641
465.5,-0.000445498,39.6641
465.55,-0.000447969,39.6641
465.6,-0.000438151,39.6641
465.65,-0.000438752,39.6641
465.7,-0.000436315,39.664
465.75,-0.000445965,39.664
465.8,-0.000442325,39.664
465.85,-0.0004467,39.664
465.9,-0.000441023,39.6639
465.95,-0.00044493,39.6639
466.0,-0.000442292,39.6639
466.05,-0.00043725,39.6639
466.1,-0.000437216,39.6639
466.15,-0.00043558,39.6638
466.2,-0.000441958,39.6638
466.25,-0.000447802,39.6638
466.3,-0.000440121,39.6638
466.35,-0.000429569,39.6637
466.4,-0.000440088,39.6637
466.45,-0.000437417,39.6637
466.5,-0.000444963,39.6637
466.55,-0.000443962,39.6637
466.6,-0.000442793,39.6636
466.65,-0.000456918,39.6636
466.7,-0.000444963,39.6636
466.75,-0.000430705,39.6636
466.8,-0.000442259,39.6635
466.85,-0.000439921,39.6635
466.9,-0.00043755,39.6635
466.95,-0.000443427,39.6635
467.0,-0.000440789,39.6635
467.05,-0.000435413,39.6634
467.1,-0.000438819,39.6634
467.15,-0.000436649,39.6634
467.2,-0.000429937,39.6634
467.25,-0.000423659,39.6634
467.3,-0.000428534,39.6633
467.35,-0.000433076,39.6633
467.4,-0.000438418,39.6633
467.45,-0.000435112,39.6633
467.5,-0.00042623,39.6632
467.55,-0.000424594,39.6632
467.6,-0.000432074,39.6632
467.65,-0.000429202,39.6632
467.7,-0.000426898,39.6632
467.75,-0.000430204,39.6631
467.8,-0.000426731,39.6631
467.85,-0.000433343,39.6631
467.9,-0.000426764,39.6631
467.95,-0.000446065,39.6631
468.0,-0.00043765,39.663
468.05,-0.000443427,39.663
468.1,-0.000444062,39.663
468.15,-0.000444396,39.663
468.2,-0.000443861,39.6629
468.25,-0.000445331,39.6629
468.3,-0.00044296,39.6629
468.35,-0.000426464,39.6629
468.4,-0.000432441,39.6629
468.45,-0.000433677,39.6628
468.5,-0.000435112,39.6628
468.55,-0.00043578,39.6628
468.6,-0.000432575,39.6628
468.65,-0.000438819,39.6627
468.7,-0.000433042,39.6627
468.75,-0.000438786,39.6627
468.8,-0.000437884,39.6627
468.85,-0.000436081,39.6627
468.9,-0.000432575,39.6626
468.95,-0.000444095,39.6626
469.0,-0.000450273,39.6626
469.05,-0.000454814,39.6626
469.1,-0.000457653,39.6625
469.15,-0.000458788,39.6625
469.2,-0.000454781,39.6625
469.25,-0.000455482,39.6625
469.3,-0.000444529,39.6625
469.35,-0.000450574,39.6624
469.4,-0.000446867,39.6624
469.45,-0.000451842,39.6624
469.5,-0.000451809,39.6624
469.55,-0.000445297,39.6623
469.6,-0.000442926,39.6623
469.65,-0.000445164,39.6623
469.7,-0.000441758,39.6623
469.75,-0.000451575,39.6623
469.8,-0.000449872,39.6622
469.85,-0.000449572,39.6622
469.9,-0.000447869,39.6622
469.95,-0.000450774,39.6622
470.0,-0.000453579,39.6621
470.05,-0.000453045,39.6621
470.1,-0.000449338,39.6621
470.15,-0.000444596,39.6621
470.2,-0.000441591,39.662
470.25,-0.000444095,39.662
470.3,-0.0004466,39.662
470.35,-0.00043922,39.662
470.4,-0.000449271,39.662
470.45,-0.000448503,39.6619
470.5,-0.000445965,39.6619
470.55,-0.00044877,39.6619
470.6,-0.000440723,39.6619
470.65,-0.000447101,39.6618
470.7,-0.000439721,39.6618
470.75,-0.000445832,39.6618
470.8,-0.000449171,39.6618
470.85,-0.000444797,39.6618
470.9,-0.000450373,39.6617
470.95,-0.000446199,39.6617
471.0,-0.000442359,39.6617
471.05,-0.00044857,39.6617
471.1,-0.000442726,39.6616
471.15,-0.000442526,39.6616
471.2,-0.000441357,39.6616
471.25,-0.000439454,39.6616
471.3,-0.000439353,39.6616
471.35,-0.000435046,39.6615
471.4,-0.000441925,39.6615
471.45,-0.000443695,39.6615
471.5,-0.0004465,39.6615
471.55,-0.000450139,39.6614
471.6,-0.000434712,39.6614
471.65,-0.000438786,39.6614
471.7,-0.00043548,39.6614
471.75,-0.000435246,39.6614
471.8,-0.00044503,39.6613
471.85,-0.00044503,39.6613
471.9,-0.000436582,39.6613
471.95,-0.000440556,39.6613
472.0,-0.000453946,39.6613
472.05,-0.000448436,39.6612
472.1,-0.000444229,39.6612
472.15,-0.000449805,39.6612
472.2,-0.000448336,39.6612
472.25,-0.000442259,39.6611
472.3,-0.000443962,39.6611
472.35,-0.000435012,39.6611
472.4,-0.000434311,39.6611
472.45,-0.000441891,39.6611
472.5,-0.000437884,39.661
472.55,-0.000443361,39.661
472.6,-0.000443461,39.661
472.65,-0.000431372,39.661
472.7,-0.000446399,39.6609
472.75,-0.000443361,39.6609
472.8,-0.000443194,39.6609
472.85,-0.000446199,39.6609
472.9,-0.000451809,39.6609
472.95,-0.000447234,39.6608
473.0,-0.000446733,39.6608
473.05,-0.000452711,39.6608
473.1,-0.000451642,39.6608
473.15,-0.000456751,39.6607
473.2,-0.000449171,39.6607
473.25,-0.0004466,39.6607
473.3,-0.000441357,39.6607
473.35,-0.00044326,39.6607
473.4,-0.000441424,39.6606
473.45,-0.000440723,39.6606
473.5,-0.000441491,39.6606
473.55,-0.000442893,39.6606
473.6,-0.000442092,39.6605
473.65,-0.000442392,39.6605
473.7,-0.000438151,39.6605
473.75,-0.000434511,39.6605
473.8,-0.000439654,39.6605
473.85,-0.000439754,39.6604
473.9,-0.000444162,39.6604
473.95,-0.000447,39.6604
474.0,-0.000449405,39.6604
474.05,-0.000445464,39.6603
474.1,-0.000460859,39.6603
474.15,-0.000447869,39.6603
474.2,-0.000444162,39.6603
474.25,-0.000446666,39.6603
474.3,-0.000449037,39.6602
474.35,-0.000456985,39.6602
474.4,-0.000449472,39.6602
474.45,-0.000458287,39.6602
474.5,-0.000456184,39.6601
474.55,-0.000448937,39.6601
474.6,-0.000449705,39.6601
474.65,-0.000447468,39.6601
474.7,-0.00044857,39.66
474.75,-0.000445231,39.66
474.8,-0.000456184,39.66
474.85,-0.000451041,39.66
474.9,-0.000446366,39.66
474.95,-0.000439888,39.6599
475.0,-0.000441023,39.6599
475.05,-0.00045418,39.6599
475.1,-0.000438318,39.6599
475.15,-0.000443461,39.6598
475.2,-0.000441424,39.6598
475.25,-0.0004465,39.6598
475.3,-0.000449305,39.6598
475.35,-0.000454347,39.6598
475.4,-0.000457152,39.6597
475.45,-0.000456517,39.6597
475.5,-0.000449171,39.6597
475.55,-0.000452444,39.6597
475.6,-0.000450139,39.6596
475.65,-0.000446867,39.6596
475.7,-0.000449572,39.6596
475.75,-0.000446166,39.6596
475.8,-0.000445832,39.6596
475.85,-0.000442826,39.6595
475.9,-0.000439554,39.6595
475.95,-0.000448069,39.6595
476.0,-0.000446065,39.6595
476.05,-0.000443995,39.6594
476.1,-0.000445631,39.6594
476.15,-0.00045625,39.6594
476.2,-0.000450907,39.6594
476.25,-0.000451809,39.6594
476.3,-0.000452444,39.6593
476.35,-0.000451776,39.6593
476.4,-0.00045605,39.6593
476.45,-0.000440389,39.6593
476.5,-0.000436248,39.6592
476.55,-0.000440889,39.6592
476.6,-0.00045074,39.6592
476.65,-0.000451976,39.6592
476.7,-0.000449472,39.6592
476.75,-0.000452944,39.6591
476.8,-0.000458087,39.6591
476.85,-0.000453879,39.6591
476.9,-0.000461092,39.6591
476.95,-0.00046146,39.659
477.0,-0.000451943,39.659
477.05,-0.000470142,39.659
477.1,-0.00047071,39.659
477.15,-0.000466402,39.6589
477.2,-0.000458922,39.6589
477.25,-0.000467404,39.6589
477.3,-0.000459323,39.6589
477.35,-0.000464398,39.6589
477.4,-0.000472346,39.6588
477.45,-0.000475819,39.6588
477.5,-0.000467103,39.6588
477.55,-0.000465701,39.6588
477.6,-0.00045959,39.6587
477.65,-0.000462027,39.6587
477.7,-0.000458087,39.6587
477.75,-0.000460291,39.6587
477.8,-0.000461026,39.6586
477.85,-0.000471711,39.6586
477.9,-0.00046707,39.6586
477.95,-0.000460859,39.6586
478.0,-0.000467003,39.6586
478.05,-0.0004656,39.6585
478.1,-0.000458321,39.6585
478.15,-0.000461627,39.6585
478.2,-0.000468305,39.6585
478.25,-0.000469107,39.6584
478.3,-0.000463296,39.6584
478.35,-0.000465233,39.6584
478.4,-0.000466836,39.6584
478.45,-0.000460992,39.6583
478.5,-0.000457586,39.6583
478.55,-0.000461927,39.6583
478.6,-0.000460758,39.6583
478.65,-0.000460725,39.6582
478.7,-0.000466368,39.6582
478.75,-0.000456651,39.6582
478.8,-0.000462128,39.6582
478.85,-0.000469107,39.6582
478.9,-0.00046136,39.6581
478.95,-0.000455148,39.6581
479.0,-0.000452711,39.6581
479.05,-0.000460124,39.6581
479.1,-0.000454848,39.658
479.15,-0.000455115,39.658
479.2,-0.000463363,39.658
479.25,-0.00046717,39.658
479.3,-0.000457786,39.658
479.35,-0.000464532,39.6579
479.4,-0.000459222,39.6579
479.45,-0.000464465,39.6579
479.5,-0.000459156,39.6579
479.55,-0.00045772,39.6578
479.6,-0.00046176,39.6578
479.65,-0.000457486,39.6578
479.7,-0.000454614,39.6578
479.75,-0.000457686,39.6577
479.8,-0.000450907,39.6577
479.85,-0.000453078,39.6577
479.9,-0.000454347,39.6577
479.95,-0.00045408,39.6577
480.0,-0.000456952,39.6576
480.05,-0.000451675,39.6576
480.1,-0.000457686,39.6576
480.15,-0.000463964,39.6576
480.2,-0.000454481,39.6575
480.25,-0.000457953,39.6575
480.3,-0.000462628,39.6575
480.35,-0.000462261,39.6575
480.4,-0.000472145,39.6574
480.45,-0.00047278,39.6574
480.5,-0.000463897,39.6574
480.55,-0.000450707,39.6574
480.6,-0.000453011,39.6574
480.65,-0.000458054,39.6573
480.7,-0.000452243,39.6573
480.75,-0.000456484,39.6573
480.8,-0.000463563,39.6573
480.85,-0.000450874,39.6572
480.9,-0.000452009,39.6572
480.95,-0.000452711,39.6572
481.0,-0.000446333,39.6572
481.05,-0.00045585,39.6572
481.1,-0.000466335,39.6571
481.15,-0.000467504,39.6571
481.2,-0.000462762,39.6571
481.25,-0.000467804,39.6571
481.3,-0.000461693,39.657
481.35,-0.000463129,39.657
481.4,-0.000457085,39.657
481.45,-0.000458989,39.657
481.5,-0.000463964,39.6569
481.55,-0.000456885,39.6569
481.6,-0.00044887,39.6569
481.65,-0.000455582,39.6569
481.7,-0.000459122,39.6568
481.75,-0.000458154,39.6568
481.8,-0.000467971,39.6568
481.85,-0.000467905,39.6568
481.9,-0.000475284,39.6568
481.95,-0.000473515,39.6567
482.0,-0.00046697,39.6567
482.05,-0.000464398,39.6567
482.1,-0.000461961,39.6567
482.15,-0.000452744,39.6566
482.2,-0.000455349,39.6566
482.25,-0.00045802,39.6566
482.3,-0.000460992,39.6566
482.35,-0.000457119,39.6565
482.4,-0.000460091,39.6565
482.45,-0.000462495,39.6565
482.5,-0.000459489,39.6565
482.55,-0.000464131,39.6565
482.6,-0.000448436,39.6564
482.65,-0.000450874,39.6564
482.7,-0.000451876,39.6564
482.75,-0.000451442,39.6564
482.8,-0.00044513,39.6563
482.85,-0.000454314,39.6563
482.9,-0.00045074,39.6563
482.95,-0.000449705,39.6563
483.0,-0.000457419,39.6563
483.05,-0.000445565,39.6562
483.1,-0.000453612,39.6562
483.15,-0.000458054,39.6562
483.2,-0.000455015,39.6562
483.25,-0.000452878,39.6561
483.3,-0.000454948,39.6561
483.35,-0.000454881,39.6561
483.4,-0.000455883,39.6561
483.45,-0.000464532,39.656
483.5,-0.000457486,39.656
483.55,-0.000450841,39.656
483.6,-0.000446032,39.656
483.65,-0.000456885,39.656
483.7,-0.000458387,39.6559
483.75,-0.000447067,39.6559
483.8,-0.000456551,39.6559
483.85,-0.000460224,39.6559
483.9,-0.000451675,39.6558
483.95,-0.000460091,39.6558
484.0,-0.000453779,39.6558
484.05,-0.000456384,39.6558
484.1,-0.000460692,39.6558
484.15,-0.000464999,39.6557
484.2,-0.000465233,39.6557
484.25,-0.000464198,39.6557
484.3,-0.000456584,39.6557
484.35,-0.000454647,39.6556
484.4,-0.000467804,39.6556
484.45,-0.000469173,39.6556
484.5,-0.000465367,39.6556
484.55,-0.000458321,39.6555
484.6,-0.000470209,39.6555
484.65,-0.000466869,39.6555
484.7,-0.000462528,39.6555
484.75,-0.000447,39.6555
484.8,-0.000449472,39.6554
484.85,-0.00044513,39.6554
484.9,-0.000439788,39.6554
484.95,-0.000448002,39.6554
485.0,-0.000441591,39.6553
485.05,-0.000441023,39.6553
485.1,-0.000445531,39.6553
485.15,-0.000440622,39.6553
485.2,-0.000437984,39.6553
485.25,-0.000443093,39.6552
485.3,-0.000440956,39.6552
485.35,-0.000451375,39.6552
485.4,-0.000446733,39.6552
485.45,-0.000451074,39.6551
485.5,-0.000441591,39.6551
485.55,-0.000447334,39.6551
485.6,-0.000447702,39.6551
485.65,-0.000443728,39.6551
485.7,-0.000448069,39.655
485.75,-0.000438251,39.655
485.8,-0.000437684,39.655
485.85,-0.000435914,39.655
485.9,-0.000436916,39.6549
485.95,-0.000439086,39.6549
486.0,-0.000444362,39.6549
486.05,-0.000440589,39.6549
486.1,-0.000432107,39.6549
486.15,-0.000441056,39.6548
486.2,-0.000444963,39.6548
486.25,-0.000450507,39.6548
486.3,-0.000443427,39.6548
486.35,-0.000442192,39.6547
486.4,-0.000446366,39.6547
486.45,-0.000449405,39.6547
486.5,-0.000444463,39.6547
486.55,-0.000447268,39.6547
486.6,-0.000440556,39.6546
486.65,-0.000439454,39.6546
486.7,-0.000436381,39.6546
486.75,-0.000450473,39.6546
486.8,-0.000460424,39.6545
486.85,-0.000458087,39.6545
486.9,-0.00044887,39.6545
486.95,-0.000444897,39.6545
487.0,-0.000442325,39.6545
487.05,-0.000449138,39.6544
487.1,-0.000450006,39.6544
487.15,-0.000449104,39.6544
487.2,-0.000444897,39.6544
487.25,-0.000447835,39.6543
487.3,-0.000442726,39.6543
487.35,-0.000435881,39.6543
487.4,-0.000439053,39.6543
487.45,-0.000445965,39.6543
487.5,-0.000448904,39.6542
487.55,-0.000441424,39.6542
487.6,-0.000441357,39.6542
487.65,-0.000441123,39.6542
487.7,-0.000453178,39.6541
487.75,-0.000449004,39.6541
487.8,-0.000453412,39.6541
487.85,-0.000448804,39.6541
487.9,-0.000453612,39.6541
487.95,-0.000448002,39.654
488.0,-0.000452143,39.654
488.05,-0.000446232,39.654
488.1,-0.000449839,39.654
488.15,-0.000446199,39.6539
488.2,-0.000440622,39.6539
488.25,-0.000439454,39.6539
488.3,-0.000436482,39.6539
488.35,-0.000441223,39.6539
488.4,-0.000441891,39.6538
488.45,-0.000425762,39.6538
488.5,-0.00042052,39.6538
488.55,-0.00043164,39.6538
488.6,-0.000441824,39.6537
488.65,-0.000435647,39.6537
488.7,-0.000448136,39.6537
488.75,-0.000444296,39.6537
488.8,-0.000433777,39.6537
488.85,-0.000439621,39.6536
488.9,-0.000440656,39.6536
488.95,-0.000432641,39.6536
489.0,-0.000434445,39.6536
489.05,-0.000428501,39.6535
489.1,-0.00044129,39.6535
489.15,-0.000443928,39.6535
489.2,-0.000445598,39.6535
489.25,-0.000439053,39.6535
489.3,-0.000437316,39.6534
489.35,-0.000440923,39.6534
489.4,-0.000441925,39.6534
489.45,-0.000443361,39.6534
489.5,-0.000444195,39.6533
489.55,-0.000440121,39.6533
489.6,-0.000434645,39.6533
489.65,-0.00043548,39.6533
489.7,-0.00043184,39.6533
489.75,-0.000422223,39.6532
489.8,-0.000423826,39.6532
489.85,-0.000427632,39.6532
489.9,-0.000435747,39.6532
489.95,-0.000432575,39.6532
490.0,-0.00042997,39.6531
490.05,-0.00043725,39.6531
490.1,-0.000431539,39.6531
490.15,-0.000438585,39.6531
490.2,-0.000443361,39.653
490.25,-0.000438819,39.653
490.3,-0.000444062,39.653
490.35,-0.000437283,39.653
490.4,-0.000441557,39.653
490.45,-0.000443394,39.6529
490.5,-0.000447301,39.6529
490.55,-0.000447468,39.6529
490.6,-0.000436949,39.6529
490.65,-0.000446032,39.6528
490.7,-0.000446199,39.6528
490.75,-0.00043942,39.6528
490.8,-0.000451575,39.6528
490.85,-0.000444529,39.6528
490.9,-0.000450807,39.6527
490.95,-0.000449705,39.6527
491.0,-0.000460024,39.6527
491.05,-0.000451976,39.6527
491.1,-0.000463998,39.6526
491.15,-0.000458955,39.6526
491.2,-0.000458221,39.6526
491.25,-0.000456517,39.6526
491.3,-0.000458922,39.6525
491.35,-0.00045261,39.6525
491.4,-0.00044503,39.6525
491.45,-0.000449405,39.6525
491.5,-0.000448036,39.6525
491.55,-0.000441824,39.6524
491.6,-0.000447067,39.6524
491.65,-0.000450707,39.6524
491.7,-0.000443027,39.6524
491.75,-0.000442593,39.6523
491.8,-0.000441691,39.6523
491.85,-0.000439621,39.6523
491.9,-0.000436782,39.6523
491.95,-0.000437817,39.6523
492.0,-0.000441691,39.6522
492.05,-0.000445431,39.6522
492.1,-0.000442726,39.6522
492.15,-0.000447435,39.6522
492.2,-0.000448169,39.6521
492.25,-0.000453378,39.6521
492.3,-0.000441691,39.6521
492.35,-0.00043007,39.6521
492.4,-0.000439854,39.6521
492.45,-0.000438151,39.652
492.5,-0.000439921,39.652
492.55,-0.000444763,39.652
492.6,-0.000440723,39.652
492.65,-0.000440823,39.652
492.7,-0.000446633,39.6519
492.75,-0.000442259,39.6519
492.8,-0.000449338,39.6519
492.85,-0.000445197,39.6519
492.9,-0.000438886,39.6518
492.95,-0.000434445,39.6518
493.0,-0.000438151,39.6518
493.05,-0.00043558,39.6518
493.1,-0.000428868,39.6518
493.15,-0.000426063,39.6517
493.2,-0.000436114,39.6517
493.25,-0.000439086,39.6517
493.3,-0.000439086,39.6517
493.35,-0.000446466,39.6516
493.4,-0.000447201,39.6516
493.45,-0.00044286,39.6516
493.5,-0.000446166,39.6516
493.55,-0.000447902,39.6516
493.6,-0.000446166,39.6515
493.65,-0.000454581,39.6515
493.7,-0.00044493,39.6515
493.75,-0.000444529,39.6515
493.8,-0.00043735,39.6514
493.85,-0.000438919,39.6514
493.9,-0.000444195,39.6514
493.95,-0.000436515,39.6514
494.0,-0.000440422,39.6514
494.05,-0.000438185,39.6513
494.1,-0.000446032,39.6513
494.15,-0.000454113,39.6513
494.2,-0.000444963,39.6513
494.25,-0.000446366,39.6512
494.3,-0.000450874,39.6512
494.35,-0.000450774,39.6512
494.4,-0.000451976,39.6512
494.45,-0.000453913,39.6512
494.5,-0.000445464,39.6511
494.55,-0.000439788,39.6511
494.6,-0.000445231,39.6511
494.65,-0.000437884,39.6511
494.7,-0.000437984,39.651
494.75,-0.000444229,39.651
494.8,-0.000438519,39.651
494.85,-0.000447902,39.651
494.9,-0.000453212,39.651
494.95,-0.000442225,39.6509
495.0,-0.000436448,39.6509
495.05,-0.000444229,39.6509
495.1,-0.000439454,39.6509
495.15,-0.000434311,39.6508
495.2,-0.000439086,39.6508
495.25,-0.000442492,39.6508
495.3,-0.000436014,39.6508
495.35,-0.000430304,39.6508
495.4,-0.000437183,39.6507
495.45,-0.000432074,39.6507
495.5,-0.000429803,39.6507
495.55,-0.000429603,39.6507
495.6,-0.000436315,39.6507
495.65,-0.000443895,39.6506
495.7,-0.000442559,39.6506
495.75,-0.000442058,39.6506
495.8,-0.000435647,39.6506
495.85,-0.000432241,39.6505
495.9,-0.000432341,39.6505
495.95,-0.000430838,39.6505
496.0,-0.000434645,39.6505
496.05,-0.000433309,39.6505
496.1,-0.00043568,39.6504
496.15,-0.000430137,39.6504
496.2,-0.000432575,39.6504
496.25,-0.000435613,39.6504
496.3,-0.000436315,39.6503
496.35,-0.000427833,39.6503
496.4,-0.000433844,39.6503
496.45,-0.000425462,39.6503
496.5,-0.000421254,39.6503
496.55,-0.000425796,39.6502
496.6,-0.000426597,39.6502
496.65,-0.000431573,39.6502
496.7,-0.000435012,39.6502
496.75,-0.000425428,39.6502
496.8,-0.000427532,39.6501
496.85,-0.000421521,39.6501
496.9,-0.000432274,39.6501
496.95,-0.000423325,39.6501
497.0,-0.000412839,39.65
497.05,-0.000430003,39.65
497.1,-0.000432274,39.65
497.15,-0.000430705,39.65
497.2,-0.000428935,39.65
497.25,-0.000431239,39.6499
497.3,-0.000435346,39.6499
497.35,-0.000439621,39.6499
497.4,-0.000442225,39.6499
497.45,-0.000445965,39.6498
497.5,-0.000444663,39.6498
497.55,-0.000438752,39.6498
497.6,-0.000437817,39.6498
497.65,-0.000440956,39.6498
497.7,-0.000438819,39.6497
497.75,-0.000434712,39.6497
497.8,-0.000429168,39.6497
497.85,-0.000418516,39.6497
497.9,-0.000434411,39.6497
497.95,-0.000436381,39.6496
498.0,-0.000432408,39.6496
498.05,-0.000439454,39.6496
498.1,-0.000447034,39.6496
498.15,-0.000443995,39.6495
498.2,-0.000437517,39.6495
498.25,-0.00043932,39.6495
498.3,-0.000437183,39.6495
498.35,-0.000449438,39.6495
498.4,-0.000443594,39.6494
498.45,-0.000440322,39.6494
498.5,-0.000440121,39.6494
498.55,-0.000442359,39.6494
498.6,-0.00044326,39.6493
498.65,-0.000438519,39.6493
498.7,-0.000433409,39.6493
498.75,-0.000432541,39.6493
498.8,-0.000437149,39.6493
498.85,-0.000434411,39.6492
498.9,-0.000431306,39.6492
498.95,-0.000423692,39.6492
499.0,-0.000424026,39.6492
499.05,-0.000433042,39.6492
499.1,-0.00043351,39.6491
499.15,-0.000432107,39.6491
499.2,-0.000434912,39.6491
499.25,-0.000439487,39.6491
499.3,-0.000439019,39.649
499.35,-0.000440589,39.649
499.4,-0.000440322,39.649
499.45,-0.000436214,39.649
499.5,-0.000435881,39.649
499.55,-0.000429402,39.6489
499.6,-0.000431172,39.6489
499.65,-0.000436515,39.6489
499.7,-0.00043942,39.6489
499.75,-0.000434144,39.6488
499.8,-0.000430838,39.6488
499.85,-0.000430604,39.6488
499.9,-0.000432575,39.6488
499.95,-0.000441424,39.6488
500.0,-0.000440355,39.6487
500.05,-0.000435881,39.6487
500.1,-0.000434344,39.6487
500.15,-0.000448236,39.6487
500.2,-0.000439253,39.6486
500.25,-0.000443895,39.6486
500.3,-0.000444496,39.6486
500.35,-0.000441257,39.6486
500.4,-0.000437417,39.6486
500.45,-0.000433142,39.6485
500.5,-0.000434278,39.6485
500.55,-0.000444797,39.6485
500.6,-0.000432508,39.6485
500.65,-0.000429135,39.6485
500.7,-0.000441357,39.6484
500.75,-0.00045034,39.6484
500.8,-0.000444296,39.6484
500.85,-0.000453512,39.6484
500.9,-0.000450874,39.6483
500.95,-0.000447468,39.6483
501.0,-0.000434879,39.6483
501.05,-0.000434745,39.6483
501.1,-0.000447535,39.6483
501.15,-0.000445631,39.6482
501.2,-0.000442893,39.6482
501.25,-0.0004467,39.6482
501.3,-0.000447435,39.6482
501.35,-0.000439687,39.6481
501.4,-0.000442993,39.6481
501.45,-0.000441824,39.6481
501.5,-0.000451842,39.6481
501.55,-0.000445865,39.6481
501.6,-0.000446366,39.648
501.65,-0.000445231,39.648
501.7,-0.000449138,39.648
501.75,-0.00044316,39.648
501.8,-0.000446232,39.6479
501.85,-0.000433276,39.6479
501.9,-0.000425161,39.6479
501.95,-0.000432441,39.6479
502.0,-0.00043735,39.6479
502.05,-0.000431139,39.6478
502.1,-0.00042062,39.6478
502.15,-0.000429669,39.6478
502.2,-0.000432141,39.6478
502.25,-0.000430037,39.6477
502.3,-0.000432508,39.6477
502.35,-0.000432007,39.6477
502.4,-0.000443728,39.6477
502.45,-0.000442826,39.6477
502.5,-0.000444262,39.6476
502.55,-0.000451509,39.6476
502.6,-0.000444028,39.6476
502.65,-0.000442993,39.6476
502.7,-0.000446199,39.6475
502.75,-0.00045024,39.6475
502.8,-0.000454147,39.6475
502.85,-0.000447334,39.6475
502.9,-0.000437817,39.6475
502.95,-0.000437851,39.6474
503.0,-0.000437984,39.6474
503.05,-0.000431005,39.6474
503.1,-0.000433309,39.6474
503.15,-0.000444396,39.6474
503.2,-0.000450841,39.6473
503.25,-0.000440823,39.6473
503.3,-0.00044286,39.6473
503.35,-0.000437116,39.6473
503.4,-0.000440956,39.6472
503.45,-0.000454113,39.6472
503.5,-0.000451675,39.6472
503.55,-0.000447435,39.6472
503.6,-0.000450674,39.6471
503.65,-0.000446366,39.6471
503.7,-0.000450407,39.6471
503.75,-0.000457887,39.6471
503.8,-0.000452577,39.6471
503.85,-0.000451876,39.647
503.9,-0.000452711,39.647
503.95,-0.000447468,39.647
504.0,-0.000456684,39.647
504.05,-0.000456184,39.6469
504.1,-0.000460725,39.6469
504.15,-0.000455382,39.6469
504.2,-0.00046343,39.6469
504.25,-0.000458922,39.6469
504.3,-0.000457319,39.6468
504.35,-0.000460191,39.6468
504.4,-0.000458087,39.6468
504.45,-0.000463897,39.6468
504.5,-0.000460157,39.6467
504.55,-0.000457252,39.6467
504.6,-0.000458621,39.6467
504.65,-0.000465133,39.6467
504.7,-0.000466803,39.6466
504.75,-0.00046363,39.6466
504.8,-0.000461894,39.6466
504.85,-0.000462261,39.6466
504.9,-0.00045024,39.6466
504.95,-0.000453746,39.6465
505.0,-0.000458087,39.6465
505.05,-0.000462027,39.6465
505.1,-0.000459022,39.6465
505.15,-0.00045408,39.6464
505.2,-0.000462795,39.6464
505.25,-0.000462762,39.6464
505.3,-0.000455683,39.6464
505.35,-0.000448837,39.6463
505.4,-0.000453946,39.6463
505.45,-0.000452444,39.6463
505.5,-0.000449972,39.6463
505.55,-0.000459055,39.6463
505.6,-0.000458922,39.6462
505.65,-0.000451141,39.6462
505.7,-0.000459356,39.6462
505.75,-0.000456618,39.6462
505.8,-0.000452243,39.6461
505.85,-0.000447802,39.6461
505.9,-0.000450373,39.6461
505.95,-0.000444262,39.6461
506.0,-0.000446299,39.6461
506.05,-0.000449204,39.646
506.1,-0.000453245,39.646
506.15,-0.00044847,39.646
506.2,-0.000449972,39.646
506.25,-0.000446533,39.6459
506.3,-0.000449305,39.6459
506.35,-0.000454748,39.6459
506.4,-0.000447034,39.6459
506.45,-0.000453412,39.6459
506.5,-0.000459055,39.6458
506.55,-0.000451842,39.6458
506.6,-0.000451308,39.6458
506.65,-0.000453445,39.6458
506.7,-0.00045418,39.6457
506.75,-0.000449071,39.6457
506.8,-0.00045034,39.6457
506.85,-0.00045024,39.6457
506.9,-0.000447501,39.6456
506.95,-0.0004468,39.6456
507.0,-0.000446666,39.6456
507.05,-0.000441357,39.6456
507.1,-0.00043351,39.6456
507.15,-0.000452277,39.6455
507.2,-0.000446032,39.6455
507.25,-0.00044099,39.6455
507.3,-0.000448102,39.6455
507.35,-0.000442058,39.6454
507.4,-0.000440489,39.6454
507.45,-0.00044276,39.6454
507.5,-0.000444296,39.6454
507.55,-0.000428167,39.6454
507.6,-0.000435814,39.6453
507.65,-0.00043942,39.6453
507.7,-0.000434578,39.6453
507.75,-0.000438418,39.6453
507.8,-0.00044493,39.6452
507.85,-0.000451141,39.6452
507.9,-0.0004465,39.6452
507.95,-0.000441557,39.6452
508.0,-0.000437383,39.6452
508.05,-0.000438385,39.6451
508.1,-0.000453178,39.6451
508.15,-0.000436381,39.6451
508.2,-0.000438285,39.6451
508.25,-0.000439754,39.6451
508.3,-0.000440723,39.645
508.35,-0.00043755,39.645
508.4,-0.000436949,39.645
508.45,-0.000437984,39.645
508.5,-0.000442693,39.6449
508.55,-0.000437083,39.6449
508.6,-0.000442058,39.6449
508.65,-0.000443027,39.6449
508.7,-0.000443795,39.6449
508.75,-0.000447268,39.6448
508.8,-0.000447702,39.6448
508.85,-0.000453078,39.6448
508.9,-0.000446633,39.6448
508.95,-0.0004467,39.6447
509.0,-0.00043755,39.6447
509.05,-0.00044316,39.6447
509.1,-0.000446266,39.6447
509.15,-0.000443494,39.6447
509.2,-0.000437684,39.6446
509.25,-0.000448303,39.6446
509.3,-0.00044276,39.6446
509.35,-0.000443327,39.6446
509.4,-0.000450974,39.6445
509.45,-0.000455015,39.6445
509.5,-0.000452143,39.6445
509.55,-0.000449305,39.6445
509.6,-0.000452811,39.6445
509.65,-0.000445364,39.6444
509.7,-0.000436248,39.6444
509.75,-0.000443628,39.6444
509.8,-0.000453278,39.6444
509.85,-0.000456751,39.6443
509.9,-0.000457519,39.6443
509.95,-0.00044857,39.6443
510.0,-0.000436982,39.6443
510.05,-0.000443728,39.6442
510.1,-0.000441023,39.6442
510.15,-0.000445398,39.6442
510.2,-0.000442325,39.6442
510.25,-0.000443861,39.6442
510.3,-0.000452711,39.6441
510.35,-0.000448737,39.6441
510.4,-0.000452811,39.6441
510.45,-0.000446733,39.6441
510.5,-0.000447201,39.644
510.55,-0.000451008,39.644
510.6,-0.000450874,39.644
510.65,-0.000444162,39.644
510.7,-0.000442492,39.644
510.75,-0.000441591,39.6439
510.8,-0.000443695,39.6439
510.85,-0.00044493,39.6439
510.9,-0.000442559,39.6439
510.95,-0.000440288,39.6438
511.0,-0.000441056,39.6438
511.05,-0.000437851,39.6438
511.1,-0.000444997,39.6438
511.15,-0.000440222,39.6438
511.2,-0.000443695,39.6437
511.25,-0.000435279,39.6437
511.3,-0.000435413,39.6437
511.35,-0.000436949,39.6437
511.4,-0.000434211,39.6437
511.45,-0.000436649,39.6436
511.5,-0.000437918,39.6436
511.55,-0.00042977,39.6436
511.6,-0.000436281,39.6436
511.65,-0.000433543,39.6435
511.7,-0.000438519,39.6435
511.75,-0.000442192,39.6435
511.8,-0.00043912,39.6435
511.85,-0.000432508,39.6435
511.9,-0.000430204,39.6434
511.95,-0.000438318,39.6434
512.0,-0.000434979,39.6434
512.05,-0.000433777,39.6434
512.1,-0.000434011,39.6433
512.15,-0.000426764,39.6433
512.2,-0.000435981,39.6433
512.25,-0.000428668,39.6433
512.3,-0.000423325,39.6433
512.35,-0.000429235,39.6432
512.4,-0.000432408,39.6432
512.45,-0.000431673,39.6432
512.5,-0.000434645,39.6432
512.55,-0.00043735,39.6432
512.6,-0.000432074,39.6431
512.65,-0.00043755,39.6431
512.7,-0.000438652,39.6431
512.75,-0.000447435,39.6431
512.8,-0.000439086,39.643
512.85,-0.000434979,39.643
512.9,-0.000438519,39.643
512.95,-0.00043174,39.643
513.0,-0.00043017,39.643
513.05,-0.000439186,39.6429
513.1,-0.000431706,39.6429
513.15,-0.000428467,39.6429
513.2,-0.000434912,39.6429
513.25,-0.000435012,39.6428
513.3,-0.000428634,39.6428
513.35,-0.000425262,39.6428
513.4,-0.000440155,39.6428
513.45,-0.00043361,39.6428
513.5,-0.000440188,39.6427
513.55,-0.000440522,39.6427
513.6,-0.000449705,39.6427
513.65,-0.000437751,39.6427
513.7,-0.000438519,39.6427
513.75,-0.000445765,39.6426
513.8,-0.000434411,39.6426
513.85,-0.000443294,39.6426
513.9,-0.000435213,39.6426
513.95,-0.000430972,39.6425
514.0,-0.000441357,39.6425
514.05,-0.000435947,39.6425
514.1,-0.000436348,39.6425
514.15,-0.000441758,39.6425
514.2,-0.000434578,39.6424
514.25,-0.000433309,39.6424
514.3,-0.00042633,39.6424
514.35,-0.000420586,39.6424
514.4,-0.000429836,39.6423
514.45,-0.000435513,39.6423
514.5,-0.000430838,39.6423
514.55,-0.000427866,39.6423
514.6,-0.000433176,39.6423
514.65,-0.000434712,39.6422
514.7,-0.000440121,39.6422
514.75,-0.000440589,39.6422
514.8,-0.000429903,39.6422
514.85,-0.000438819,39.6422
514.9,-0.000441658,39.6421
514.95,-0.000439454,39.6421
515.0,-0.000447735,39.6421
515.05,-0.000432374,39.6421
515.1,-0.000436949,39.642
515.15,-0.000443594,39.642
515.2,-0.000447268,39.642
515.25,-0.000443928,39.642
515.3,-0.000442392,39.642
515.35,-0.000438886,39.6419
515.4,-0.000443761,39.6419
515.45,-0.000453579,39.6419
515.5,-0.000447735,39.6419
515.55,-0.000444963,39.6418
515.6,-0.000446733,39.6418
515.65,-0.000445197,39.6418
515.7,-0.000450507,39.6418
515.75,-0.000457619,39.6418
515.8,-0.000454147,39.6417
515.85,-0.000448971,39.6417
515.9,-0.000455716,39.6417
515.95,-0.000457018,39.6417
516.0,-0.000458588,39.6416
516.05,-0.000451575,39.6416
516.1,-0.000450407,39.6416
516.15,-0.000451509,39.6416
516.2,-0.000451809,39.6415
516.25,-0.000453479,39.6415
516.3,-0.000446065,39.6415
516.35,-0.000445765,39.6415
516.4,-0.000441524,39.6415
516.45,-0.000443661,39.6414
516.5,-0.000443361,39.6414
516.55,-0.000433242,39.6414
516.6,-0.000444496,39.6414
516.65,-0.000445665,39.6413
516.7,-0.000443227,39.6413
516.75,-0.000442626,39.6413
516.8,-0.000447234,39.6413
516.85,-0.000444095,39.6413
516.9,-0.000441958,39.6412
516.95,-0.000434678,39.6412
517.0,-0.000436114,39.6412
517.05,-0.000437116,39.6412
517.1,-0.000438418,39.6411
517.15,-0.000443494,39.6411
517.2,-0.000440389,39.6411
517.25,-0.000445731,39.6411
517.3,-0.000434344,39.6411
517.35,-0.000436582,39.641
517.4,-0.000437751,39.641
517.45,-0.000438953,39.641
517.5,-0.000433844,39.641
517.55,-0.000436715,39.6409
517.6,-0.000442993,39.6409
517.65,-0.000431005,39.6409
517.7,-0.000437216,39.6409
517.75,-0.000437283,39.6409
517.8,-0.000442058,39.6408
517.85,-0.000445765,39.6408
517.9,-0.000439353,39.6408
517.95,-0.00044483,39.6408
518.0,-0.00044286,39.6408
518.05,-0.000434578,39.6407
518.1,-0.000443594,39.6407
518.15,-0.000440255,39.6407
518.2,-0.000442092,39.6407
518.25,-0.000446032,39.6406
518.3,-0.000442793,39.6406
518.35,-0.000444897,39.6406
518.4,-0.000442626,39.6406
518.45,-0.000437116,39.6406
518.5,-0.000443294,39.6405
518.55,-0.000446032,39.6405
518.6,-0.000450841,39.6405
518.65,-0.00045064,39.6405
518.7,-0.000455015,39.6404
518.75,-0.000448637,39.6404
518.8,-0.000451809,39.6404
518.85,-0.000456818,39.6404
518.9,-0.000453679,39.6404
518.95,-0.000456684,39.6403
519.0,-0.000455749,39.6403
519.05,-0.000449171,39.6403
519.1,-0.000446366,39.6403
519.15,-0.000449138,39.6402
519.2,-0.000454213,39.6402
519.25,-0.000451709,39.6402
519.3,-0.000461627,39.6402
519.35,-0.000460324,39.6401
519.4,-0.000454314,39.6401
519.45,-0.000461593,39.6401
519.5,-0.000455249,39.6401
519.55,-0.000462395,39.6401
519.6,-0.000460591,39.64
519.65,-0.000472246,39.64
519.7,-0.000456952,39.64
519.75,-0.000453879,39.64
519.8,-0.000450774,39.6399
519.85,-0.000450774,39.6399
519.9,-0.000455048,39.6399
519.95,-0.000452377,39.6399
520.0,-0.000449238,39.6399
520.05,-0.000451008,39.6398
520.1,-0.000439053,39.6398
520.15,-0.000441591,39.6398
520.2,-0.000453245,39.6398
520.25,-0.000454213,39.6397
520.3,-0.000445197,39.6397
520.35,-0.00044326,39.6397
520.4,-0.00044493,39.6397
520.45,-0.000446032,39.6396
520.5,-0.000448069,39.6396
520.55,-0.000428935,39.6396
520.6,-0.000432441,39.6396
520.65,-0.000439721,39.6396
520.7,-0.000438285,39.6395
520.75,-0.000439621,39.6395
520.8,-0.000444429,39.6395
520.85,-0.00044887,39.6395
520.9,-0.000449906,39.6395
520.95,-0.000449972,39.6394
521.0,-0.000447668,39.6394
521.05,-0.00044513,39.6394
521.1,-0.00043932,39.6394
521.15,-0.000434478,39.6393
521.2,-0.000441424,39.6393
521.25,-0.000436348,39.6393
521.3,-0.000431473,39.6393
521.35,-0.000435112,39.6393
521.4,-0.000436315,39.6392
521.45,-0.000429068,39.6392
521.5,-0.000431573,39.6392
521.55,-0.000434812,39.6392
521.6,-0.000433543,39.6391
521.65,-0.000448336,39.6391
521.7,-0.000440823,39.6391
521.75,-0.000439988,39.6391
521.8,-0.00043952,39.6391
521.85,-0.000432775,39.639
521.9,-0.000424427,39.639
521.95,-0.000430738,39.639
522.0,-0.00043745,39.639
522.05,-0.000428534,39.6389
522.1,-0.000426197,39.6389
522.15,-0.000419251,39.6389
522.2,-0.000426297,39.6389
522.25,-0.000422256,39.6389
522.3,-0.000419384,39.6388
522.35,-0.000422022,39.6388
522.4,-0.000425996,39.6388
522.45,-0.000424627,39.6388
522.5,-0.000423325,39.6388
522.55,-0.000420419,39.6387
522.6,-0.000424694,39.6387
522.65,-0.000425228,39.6387
522.7,-0.000423592,39.6387
522.75,-0.000428167,39.6387
522.8,-0.000427566,39.6386
522.85,-0.000423391,39.6386
522.9,-0.00041865,39.6386
522.95,-0.000421188,39.6386
523.0,-0.000423558,39.6385
523.05,-0.000416346,39.6385
523.1,-0.00042466,39.6385
523.15,-0.00042416,39.6385
523.2,-0.000432641,39.6385
523.25,-0.000438084,39.6384
523.3,-0.000426163,39.6384
523.35,-0.000421789,39.6384
523.4,-0.000422857,39.6384
523.45,-0.000439253,39.6384
523.5,-0.000425362,39.6383
523.55,-0.000428501,39.6383
523.6,-0.000418082,39.6383
523.65,-0.000423024,39.6383
523.7,-0.000430137,39.6382
523.75,-0.000429536,39.6382
523.8,-0.00043371,39.6382
523.85,-0.000431773,39.6382
523.9,-0.000429502,39.6382
523.95,-0.0004284,39.6381
524.0,-0.000434411,39.6381
524.05,-0.000440355,39.6381
524.1,-0.000447134,39.6381
524.15,-0.00044483,39.6381
524.2,-0.000441123,39.638
524.25,-0.00044877,39.638
524.3,-0.0004468,39.638
524.35,-0.000436949,39.638
524.4,-0.000437483,39.6379
524.45,-0.000430404,39.6379
524.5,-0.000434946,39.6379
524.55,-0.000435613,39.6379
524.6,-0.000434578,39.6379
524.65,-0.000438719,39.6378
524.7,-0.00044129,39.6378
524.75,-0.000432808,39.6378
524.8,-0.000442392,39.6378
524.85,-0.000444195,39.6377
524.9,-0.00045074,39.6377
524.95,-0.000454013,39.6377
525.0,-0.000448503,39.6377
525.05,-0.000439186,39.6377
525.1,-0.00044306,39.6376
525.15,-0.000441591,39.6376
525.2,-0.00043548,39.6376
525.25,-0.000431139,39.6376
525.3,-0.000438051,39.6375
525.35,-0.00044139,39.6375
525.4,-0.000444429,39.6375
525.45,-0.000441958,39.6375
525.5,-0.000441591,39.6375
525.55,-0.000441257,39.6374
525.6,-0.000442426,39.6374
525.65,-0.000442192,39.6374
525.7,-0.000444129,39.6374
525.75,-0.000442158,39.6373
525.8,-0.000436448,39.6373
525.85,-0.000440756,39.6373
525.9,-0.000432575,39.6373
525.95,-0.000441223,39.6373
526.0,-0.000433376,39.6372
526.05,-0.000426798,39.6372
526.1,-0.000436248,39.6372
526.15,-0.000442158,39.6372
526.2,-0.000439954,39.6371
526.25,-0.000442092,39.6371
526.3,-0.000430437,39.6371
526.35,-0.000434545,39.6371
526.4,-0.00043548,39.6371
526.45,-0.000435647,39.637
526.5,-0.00043735,39.637
526.55,-0.000434011,39.637
526.6,-0.000434979,39.637
526.65,-0.00044296,39.637
526.7,-0.00044493,39.6369
526.75,-0.000433009,39.6369
526.8,-0.000428,39.6369
526.85,-0.000433777,39.6369
526.9,-0.000421789,39.6368
526.95,-0.000420954,39.6368
527.0,-0.000423191,39.6368
527.05,-0.00043164,39.6368
527.1,-0.000421688,39.6368
527.15,-0.000419718,39.6367
527.2,-0.000425462,39.6367
527.25,-0.000435012,39.6367
527.3,-0.000428501,39.6367
527.35,-0.000429502,39.6367
527.4,-0.000435346,39.6366
527.45,-0.0004283,39.6366
527.5,-0.000428968,39.6366
527.55,-0.00043371,39.6366
527.6,-0.000427465,39.6365
527.65,-0.000418216,39.6365
527.7,-0.000418549,39.6365
527.75,-0.000421021,39.6365
527.8,-0.00043568,39.6365
527.85,-0.000431038,39.6364
527.9,-0.000432374,39.6364
527.95,-0.000432408,39.6364
528.0,-0.000433376,39.6364
528.05,-0.000431974,39.6364
528.1,-0.000438752,39.6363
528.15,-0.000432241,39.6363
528.2,-0.000433944,39.6363
528.25,-0.000434077,39.6363
528.3,-0.000433009,39.6362
528.35,-0.000432007,39.6362
528.4,-0.000436682,39.6362
528.45,-0.000433777,39.6362
528.5,-0.000432174,39.6362
528.55,-0.000436582,39.6361
528.6,-0.000438519,39.6361
528.65,-0.000439988,39.6361
528.7,-0.000437483,39.6361
528.75,-0.000442158,39.636
528.8,-0.000434211,39.636
528.85,-0.000435714,39.636
528.9,-0.000429168,39.636
528.95,-0.000436882,39.636
529.0,-0.000433443,39.6359
529.05,-0.000435647,39.6359
529.1,-0.00043371,39.6359
529.15,-0.000428668,39.6359
529.2,-0.000435012,39.6359
529.25,-0.000427833,39.6358
529.3,-0.000434678,39.6358
529.35,-0.000429669,39.6358
529.4,-0.000429803,39.6358
529.45,-0.000426664,39.6357
529.5,-0.000431406,39.6357
529.55,-0.000429569,39.6357
529.6,-0.000426063,39.6357
529.65,-0.000421822,39.6357
529.7,-0.000411837,39.6356
529.75,-0.000421254,39.6356
529.8,-0.000431506,39.6356
529.85,-0.000426898,39.6356
529.9,-0.000428734,39.6356
529.95,-0.000438285,39.6355
530.0,-0.000431139,39.6355
530.05,-0.000428668,39.6355
530.1,-0.000423124,39.6355
530.15,-0.000430905,39.6354
530.2,-0.000430504,39.6354
530.25,-0.000426096,39.6354
530.3,-0.000419919,39.6354
530.35,-0.000417681,39.6354
530.4,-0.000426697,39.6353
530.45,-0.000432074,39.6353
530.5,-0.000427098,39.6353
530.55,-0.00043164,39.6353
530.6,-0.000433543,39.6353
530.65,-0.000425161,39.6352
530.7,-0.000424594,39.6352
530.75,-0.000431873,39.6352
530.8,-0.000423225,39.6352
530.85,-0.000424627,39.6351
530.9,-0.000418282,39.6351
530.95,-0.000427499,39.6351
531.0,-0.000431706,39.6351
531.05,-0.000422757,39.6351
531.1,-0.000416346,39.635
531.15,-0.000420019,39.635
531.2,-0.000415578,39.635
531.25,-0.000411537,39.635
531.3,-0.00041117,39.635
531.35,-0.000415878,39.6349
531.4,-0.000420152,39.6349
531.45,-0.000419084,39.6349
531.5,-0.000427766,39.6349
531.55,-0.000430805,39.6349
531.6,-0.000437584,39.6348
531.65,-0.000441357,39.6348
531.7,-0.000439153,39.6348
531.75,-0.000442526,39.6348
531.8,-0.000446333,39.6347
531.85,-0.000438018,39.6347
531.9,-0.000434812,39.6347
531.95,-0.00043538,39.6347
532.0,-0.000442492,39.6347
532.05,-0.00044326,39.6346
532.1,-0.000441524,39.6346
532.15,-0.000440756,39.6346
532.2,-0.000436916,39.6346
532.25,-0.000430003,39.6345
532.3,-0.000431372,39.6345
532.35,-0.000434712,39.6345
532.4,-0.000431873,39.6345
532.45,-0.000431673,39.6345
532.5,-0.000439287,39.6344
532.55,-0.000434645,39.6344
532.6,-0.00044119,39.6344
532.65,-0.000433409,39.6344
532.7,-0.00043568,39.6343
532.75,-0.000438185,39.6343
532.8,-0.000432374,39.6343
532.85,-0.000436982,39.6343
532.9,-0.000440689,39.6343
532.95,-0.000442726,39.6342
533.0,-0.000436849,39.6342
533.05,-0.000435814,39.6342
533.1,-0.000424727,39.6342
533.15,-0.000423492,39.6342
533.2,-0.000420152,39.6341
533.25,-0.000427933,39.6341
533.3,-0.000438519,39.6341
533.35,-0.000445565,39.6341
533.4,-0.000429035,39.634
533.45,-0.000435647,39.634
533.5,-0.000431406,39.634
533.55,-0.000432207,39.634
533.6,-0.000426998,39.634
533.65,-0.000431072,39.6339
533.7,-0.000432541,39.6339
533.75,-0.000431005,39.6339
533.8,-0.000425228,39.6339
533.85,-0.000429502,39.6339
533.9,-0.000435079,39.6338
533.95,-0.000438318,39.6338
534.0,-0.000435814,39.6338
534.05,-0.000439921,39.6338
534.1,-0.000445097,39.6337
534.15,-0.000432608,39.6337
534.2,-0.000440422,39.6337
534.25,-0.000438719,39.6337
534.3,-0.000433743,39.6337
534.35,-0.000438619,39.6336
534.4,-0.000432575,39.6336
534.45,-0.000431372,39.6336
534.5,-0.000436214,39.6336
534.55,-0.000431306,39.6335
534.6,-0.000440455,39.6335
534.65,-0.000428935,39.6335
534.7,-0.000431673,39.6335
534.75,-0.000434745,39.6335
534.8,-0.000427332,39.6334
534.85,-0.000420553,39.6334
534.9,-0.000428701,39.6334
534.95,-0.000424393,39.6334
535.0,-0.000424994,39.6334
535.05,-0.000417281,39.6333
535.1,-0.000430137,39.6333
535.15,-0.000433376,39.6333
535.2,-0.000431439,39.6333
535.25,-0.000429335,39.6332
535.3,-0.000438585,39.6332
535.35,-0.000430337,39.6332
535.4,-0.000431372,39.6332
535.45,-0.000432141,39.6332
535.5,-0.000439554,39.6331
535.55,-0.000436381,39.6331
535.6,-0.000433142,39.6331
535.65,-0.000429803,39.6331
535.7,-0.000442659,39.633
535.75,-0.00043391,39.633
535.8,-0.000430972,39.633
535.85,-0.000436715,39.633
535.9,-0.000437617,39.633
535.95,-0.000428567,39.6329
536.0,-0.000428567,39.6329
536.05,-0.000433309,39.6329
536.1,-0.000432274,39.6329
536.15,-0.000432207,39.6329
536.2,-0.000431539,39.6328
536.25,-0.000420553,39.6328
536.3,-0.000421688,39.6328
536.35,-0.000422891,39.6328
536.4,-0.000429502,39.6327
536.45,-0.000432975,39.6327
536.5,-0.000433076,39.6327
536.55,-0.000438519,39.6327
536.6,-0.000436381,39.6327
536.65,-0.000436281,39.6326
536.7,-0.000433142,39.6326
536.75,-0.00043371,39.6326
536.8,-0.000432742,39.6326
536.85,-0.00043538,39.6326
536.9,-0.000436482,39.6325
536.95,-0.000432575,39.6325
537.0,-0.000434445,39.6325
537.05,-0.000431172,39.6325
537.1,-0.000423659,39.6324
537.15,-0.000432575,39.6324
537.2,-0.000428534,39.6324
537.25,-0.000421321,39.6324
537.3,-0.000423759,39.6324
537.35,-0.000422891,39.6323
537.4,-0.000421989,39.6323
537.45,-0.000421789,39.6323
537.5,-0.000425295,39.6323
537.55,-0.00042603,39.6323
537.6,-0.000427465,39.6322
537.65,-0.000433042,39.6322
537.7,-0.000431539,39.6322
537.75,-0.000427232,39.6322
537.8,-0.000428167,39.6321
537.85,-0.000425662,39.6321
537.9,-0.000422423,39.6321
537.95,-0.000432074,39.6321
538.0,-0.000436482,39.6321
538.05,-0.000428868,39.632
538.1,-0.000428334,39.632
538.15,-0.000425395,39.632
538.2,-0.000430304,39.632
538.25,-0.000429569,39.632
538.3,-0.000440155,39.6319
538.35,-0.000441324,39.6319
538.4,-0.000433543,39.6319
538.45,-0.000431706,39.6319
538.5,-0.000423592,39.6318
538.55,-0.000423058,39.6318
538.6,-0.000424493,39.6318
538.65,-0.000433042,39.6318
538.7,-0.000430237,39.6318
538.75,-0.000434745,39.6317
538.8,-0.000429335,39.6317
538.85,-0.000426864,39.6317
538.9,-0.0004283,39.6317
538.95,-0.000428501,39.6317
539.0,-0.0004284,39.6316
539.05,-0.000422957,39.6316
539.1,-0.000424727,39.6316
539.15,-0.000419785,39.6316
539.2,-0.000418015,39.6315
539.25,-0.000422724,39.6315
539.3,-0.000426464,39.6315
539.35,-0.000436916,39.6315
539.4,-0.000426731,39.6315
539.45,-0.000422757,39.6314
539.5,-0.000421889,39.6314
539.55,-0.000423091,39.6314
539.6,-0.000421989,39.6314
539.65,-0.000427866,39.6314
539.7,-0.00042062,39.6313
539.75,-0.000425729,39.6313
539.8,-0.000425295,39.6313
539.85,-0.000422857,39.6313
539.9,-0.000425028,39.6312
539.95,-0.000426931,39.6312
540.0,-0.000423024,39.6312
540.05,-0.000427966,39.6312
540.1,-0.000427332,39.6312
540.15,-0.000418716,39.6311
540.2,-0.000424026,39.6311
540.25,-0.000407129,39.6311
540.3,-0.000410802,39.6311
540.35,-0.000416846,39.6311
540.4,-0.000426564,39.631
540.45,-0.00041875,39.631
540.5,-0.000424928,39.631
540.55,-0.000419318,39.631
540.6,-0.000420753,39.631
540.65,-0.000426631,39.6309
540.7,-0.00042052,39.6309
540.75,-0.000416012,39.6309
540.8,-0.000421288,39.6309
540.85,-0.00042072,39.6308
540.9,-0.000419919,39.6308
540.95,-0.000421488,39.6308
541.0,-0.00042082,39.6308
541.05,-0.000424393,39.6308
541.1,-0.00042092,39.6307
541.15,-0.000421989,39.6307
541.2,-0.000422724,39.6307
541.25,-0.000422423,39.6307
541.3,-0.000426697,39.6307
541.35,-0.00042416,39.6306
541.4,-0.00043164,39.6306
541.45,-0.000431339,39.6306
541.5,-0.000433076,39.6306
541.55,-0.000432909,39.6306
541.6,-0.000432975,39.6305
541.65,-0.000442526,39.6305
541.7,-0.000439353,39.6305
541.75,-0.000432641,39.6305
541.8,-0.000442626,39.6304
541.85,-0.000430938,39.6304
541.9,-0.000428935,39.6304
541.95,-0.000424427,39.6304
542.0,-0.000433743,39.6304
542.05,-0.00043381,39.6303
542.1,-0.000431773,39.6303
542.15,-0.000436582,39.6303
542.2,-0.000442225,39.6303
542.25,-0.000433576,39.6302
542.3,-0.00044493,39.6302
542.35,-0.000436615,39.6302
542.4,-0.000437383,39.6302
542.45,-0.000433343,39.6302
542.5,-0.000428534,39.6301
542.55,-0.000420119,39.6301
542.6,-0.000418917,39.6301
542.65,-0.000427031,39.6301
542.7,-0.0004284,39.6301
542.75,-0.000422757,39.63
542.8,-0.000436749,39.63
542.85,-0.000430805,39.63
542.9,-0.000431539,39.63
542.95,-0.000427699,39.6299
543.0,-0.000423158,39.6299
543.05,-0.000423391,39.6299
543.1,-0.000417514,39.6299
543.15,-0.000428,39.6299
543.2,-0.000430404,39.6298
543.25,-0.000428801,39.6298
543.3,-0.000427132,39.6298
543.35,-0.000426898,39.6298
543.4,-0.000426163,39.6298
543.45,-0.000425562,39.6297
543.5,-0.000437149,39.6297
543.55,-0.000424928,39.6297
543.6,-0.000431139,39.6297
543.65,-0.000420353,39.6296
543.7,-0.000435213,39.6296
543.75,-0.000432742,39.6296
543.8,-0.000433176,39.6296
543.85,-0.000421188,39.6296
543.9,-0.000432775,39.6295
543.95,-0.000432107,39.6295
544.0,-0.000431873,39.6295
544.05,-0.000429436,39.6295
544.1,-0.000435947,39.6295
544.15,-0.00043765,39.6294
544.2,-0.000436916,39.6294
544.25,-0.000438552,39.6294
544.3,-0.000426096,39.6294
544.35,-0.000428,39.6293
544.4,-0.000437584,39.6293
544.45,-0.00043568,39.6293
544.5,-0.00042072,39.6293
544.55,-0.000426597,39.6293
544.6,-0.000428133,39.6292
544.65,-0.000431539,39.6292
544.7,-0.000424226,39.6292
544.75,-0.000423225,39.6292
544.8,-0.000433409,39.6292
544.85,-0.000435112,39.6291
544.9,-0.000433076,39.6291
544.95,-0.000433309,39.6291
545.0,-0.000429269,39.6291
545.05,-0.000420887,39.629
545.1,-0.00042446,39.629
545.15,-0.000426764,39.629
545.2,-0.000433209,39.629
545.25,-0.000426397,39.629
545.3,-0.000427399,39.6289
545.35,-0.000434278,39.6289
545.4,-0.000439888,39.6289
545.45,-0.000438719,39.6289
545.5,-0.000430571,39.6288
545.55,-0.000424961,39.6288
545.6,-0.000433777,39.6288
545.65,-0.000442593,39.6288
545.7,-0.000435179,39.6288
545.75,-0.000436281,39.6287
545.8,-0.000440288,39.6287
545.85,-0.000436548,39.6287
545.9,-0.000437283,39.6287
545.95,-0.000433176,39.6287
546.0,-0.000435313,39.6286
546.05,-0.000431439,39.6286
546.1,-0.000427299,39.6286
546.15,-0.000429102,39.6286
546.2,-0.00043361,39.6285
546.25,-0.00043578,39.6285
546.3,-0.000442993,39.6285
546.35,-0.000442626,39.6285
546.4,-0.000441991,39.6285
546.45,-0.000435012,39.6284
546.5,-0.000424761,39.6284
546.55,-0.000419919,39.6284
546.6,-0.000423458,39.6284
546.65,-0.000428334,39.6284
546.7,-0.000429002,39.6283
546.75,-0.000424894,39.6283
546.8,-0.000418583,39.6283
546.85,-0.000422156,39.6283
546.9,-0.000423191,39.6282
546.95,-0.000421455,39.6282
547.0,-0.000419885,39.6282
547.05,-0.000424994,39.6282
547.1,-0.00042456,39.6282
547.15,-0.000428734,39.6281
547.2,-0.000416112,39.6281
547.25,-0.000426898,39.6281
547.3,-0.000428133,39.6281
547.35,-0.000426931,39.6281
547.4,-0.000416012,39.628
547.45,-0.000413975,39.628
547.5,-0.000425362,39.628
547.55,-0.000424861,39.628
547.6,-0.000424059,39.6279
547.65,-0.000426263,39.6279
547.7,-0.000426998,39.6279
547.75,-0.000426664,39.6279
547.8,-0.000422223,39.6279
547.85,-0.000435413,39.6278
547.9,-0.000433343,39.6278
547.95,-0.00042997,39.6278
548.0,-0.000429937,39.6278
548.05,-0.000431239,39.6278
548.1,-0.000437851,39.6277
548.15,-0.000433443,39.6277
548.2,-0.00043361,39.6277
548.25,-0.000424527,39.6277
548.3,-0.000416412,39.6277
548.35,-0.000421755,39.6276
548.4,-0.000423993,39.6276
548.45,-0.000427599,39.6276
548.5,-0.000428534,39.6276
548.55,-0.000425629,39.6275
548.6,-0.000420787,39.6275
548.65,-0.000422022,39.6275
548.7,-0.000425762,39.6275
548.75,-0.000423425,39.6275
548.8,-0.000431807,39.6274
548.85,-0.000427933,39.6274
548.9,-0.000421455,39.6274
548.95,-0.000431473,39.6274
549.0,-0.000431139,39.6273
549.05,-0.0004284,39.6273
549.1,-0.000434311,39.6273
549.15,-0.000428467,39.6273
549.2,-0.000424193,39.6273
549.25,-0.000419818,39.6272
549.3,-0.000422857,39.6272
549.35,-0.000421822,39.6272
549.4,-0.000424694,39.6272
549.45,-0.000428701,39.6272
549.5,-0.000428935,39.6271
549.55,-0.000437316,39.6271
549.6,-0.000432742,39.6271
549.65,-0.000445264,39.6271
549.7,-0.000439954,39.6271
549.75,-0.000432909,39.627
549.8,-0.000430304,39.627
549.85,-0.000430037,39.627
549.9,-0.000437817,39.627
549.95,-0.000434411,39.6269
550.0,-0.000447167,39.6269
550.05,-0.000439454,39.6269
550.1,-0.00042977,39.6269
550.15,-0.000429469,39.6269
550.2,-0.000439053,39.6268
550.25,-0.000437149,39.6268
550.3,-0.000430237,39.6268
550.35,-0.000442125,39.6268
550.4,-0.000439186,39.6267
550.45,-0.000440589,39.6267
550.5,-0.000438919,39.6267
550.55,-0.000434712,39.6267
550.6,-0.000432842,39.6267
550.65,-0.000436348,39.6266
550.7,-0.000439654,39.6266
550.75,-0.00044316,39.6266
550.8,-0.000441424,39.6266
550.85,-0.000442926,39.6265
550.9,-0.000444463,39.6265
550.95,-0.000444563,39.6265
551.0,-0.000430604,39.6265
551.05,-0.000433977,39.6265
551.1,-0.000426631,39.6264
551.15,-0.000429202,39.6264
551.2,-0.000425195,39.6264
551.25,-0.000431673,39.6264
551.3,-0.000423892,39.6264
551.35,-0.000421054,39.6263
551.4,-0.000418984,39.6263
551.45,-0.000411403,39.6263
551.5,-0.000421555,39.6263
551.55,-0.000421521,39.6262
551.6,-0.000419852,39.6262
551.65,-0.000432508,39.6262
551.7,-0.000425796,39.6262
551.75,-0.000431706,39.6262
551.8,-0.00043351,39.6261
551.85,-0.000432241,39.6261
551.9,-0.000427733,39.6261
551.95,-0.000426096,39.6261
552.0,-0.00043538,39.6261
552.05,-0.000428701,39.626
552.1,-0.000425462,39.626
552.15,-0.000428,39.626
552.2,-0.00043204,39.626
552.25,-0.000436849,39.6259
552.3,-0.000436749,39.6259
552.35,-0.000437517,39.6259
552.4,-0.000438285,39.6259
552.45,-0.000435814,39.6259
552.5,-0.000423692,39.6258
552.55,-0.000425896,39.6258
552.6,-0.000423325,39.6258
552.65,-0.000421421,39.6258
552.7,-0.000432408,39.6258
552.75,-0.000431339,39.6257
552.8,-0.000431005,39.6257
552.85,-0.00042466,39.6257
552.9,-0.000433176,39.6257
552.95,-0.000427599,39.6256
553.0,-0.00043391,39.6256
553.05,-0.000436047,39.6256
553.1,-0.0004284,39.6256
553.15,-0.000431873,39.6256
553.2,-0.000422523,39.6255
553.25,-0.000431873,39.6255
553.3,-0.000427799,39.6255
553.35,-0.000432007,39.6255
553.4,-0.000435947,39.6255
553.45,-0.000434478,39.6254
553.5,-0.000437884,39.6254
553.55,-0.000429903,39.6254
553.6,-0.000434645,39.6254
553.65,-0.000426931,39.6253
553.7,-0.000430504,39.6253
553.75,-0.000436515,39.6253
553.8,-0.000438619,39.6253
553.85,-0.000433076,39.6253
553.9,-0.000436916,39.6252
553.95,-0.000433209,39.6252
554.0,-0.000441223,39.6252
554.05,-0.00043765,39.6252
554.1,-0.000441891,39.6251
554.15,-0.000441691,39.6251
554.2,-0.000438151,39.6251
554.25,-0.000431339,39.6251
554.3,-0.000443427,39.6251
554.35,-0.000442058,39.625
554.4,-0.000435747,39.625
554.45,-0.000444195,39.625
554.5,-0.000451208,39.625
554.55,-0.000437216,39.625
554.6,-0.000428067,39.6249
554.65,-0.00043765,39.6249
554.7,-0.000439654,39.6249
554.75,-0.000443494,39.6249
554.8,-0.000440389,39.6248
554.85,-0.000448937,39.6248
554.9,-0.000438852,39.6248
554.95,-0.000438285,39.6248
555.0,-0.00043952,39.6248
555.05,-0.000436982,39.6247
555.1,-0.000439487,39.6247
555.15,-0.000440222,39.6247
555.2,-0.000440756,39.6247
555.25,-0.000432241,39.6246
555.3,-0.000435179,39.6246
555.35,-0.000433877,39.6246
555.4,-0.000432107,39.6246
555.45,-0.000440155,39.6246
555.5,-0.000434011,39.6245
555.55,-0.000432107,39.6245
555.6,-0.00043371,39.6245
555.65,-0.000432307,39.6245
555.7,-0.0004284,39.6244
555.75,-0.000441624,39.6244
555.8,-0.000431306,39.6244
555.85,-0.000426197,39.6244
555.9,-0.000434511,39.6244
555.95,-0.000429736,39.6243
556.0,-0.00041905,39.6243
556.05,-0.000430271,39.6243
556.1,-0.000429269,39.6243
556.15,-0.000427098,39.6243
556.2,-0.000422924,39.6242
556.25,-0.00043184,39.6242
556.3,-0.000423358,39.6242
556.35,-0.00042062,39.6242
556.4,-0.000420152,39.6241
556.45,-0.00042082,39.6241
556.5,-0.00042653,39.6241
556.55,-0.000420553,39.6241
556.6,-0.000417247,39.6241
556.65,-0.000411504,39.624
556.7,-0.000419217,39.624
556.75,-0.000419084,39.624
556.8,-0.000418683,39.624
556.85,-0.000426931,39.624
556.9,-0.000422356,39.6239
556.95,-0.000435046,39.6239
557.0,-0.000446166,39.6239
557.05,-0.000449805,39.6239
557.1,-0.000438285,39.6238
557.15,-0.000445598,39.6238
557.2,-0.000427031,39.6238
557.25,-0.000434044,39.6238
557.3,-0.000433409,39.6238
557.35,-0.00043765,39.6237
557.4,-0.000434879,39.6237
557.45,-0.000444396,39.6237
557.5,-0.000441157,39.6237
557.55,-0.000435346,39.6237
557.6,-0.000428601,39.6236
557.65,-0.000436014,39.6236
557.7,-0.000430638,39.6236
557.75,-0.000429002,39.6236
557.8,-0.000430972,39.6235
557.85,-0.000424026,39.6235
557.9,-0.000437918,39.6235
557.95,-0.000436982,39.6235
558.0,-0.000436649,39.6235
558.05,-0.00043558,39.6234
558.1,-0.00044306,39.6234
558.15,-0.000439353,39.6234
558.2,-0.000428501,39.6234
558.25,-0.000420954,39.6234
558.3,-0.000423391,39.6233
558.35,-0.000424059,39.6233
558.4,-0.000424861,39.6233
558.45,-0.000430905,39.6233
558.5,-0.000422223,39.6232
558.55,-0.000423058,39.6232
558.6,-0.000437049,39.6232
558.65,-0.000427232,39.6232
558.7,-0.000431974,39.6232
558.75,-0.000424761,39.6231
558.8,-0.000426197,39.6231
558.85,-0.000424894,39.6231
558.9,-0.000428467,39.6231
558.95,-0.000430037,39.6231
559.0,-0.000425028,39.623
559.05,-0.00042239,39.623
559.1,-0.000422056,39.623
559.15,-0.000416813,39.623
559.2,-0.000423391,39.6229
559.25,-0.000417781,39.6229
559.3,-0.000422523,39.6229
559.35,-0.000424026,39.6229
559.4,-0.000422724,39.6229
559.45,-0.000420787,39.6228
559.5,-0.000418383,39.6228
559.55,-0.000421688,39.6228
559.6,-0.000421154,39.6228
559.65,-0.000425595,39.6228
559.7,-0.00042613,39.6227
559.75,-0.000424861,39.6227
559.8,-0.000424293,39.6227
559.85,-0.00042239,39.6227
559.9,-0.000434678,39.6227
559.95,-0.000432374,39.6226
560.0,-0.000436381,39.6226
560.05,-0.000433777,39.6226
560.1,-0.000434979,39.6226
560.15,-0.000432942,39.6225
560.2,-0.000432541,39.6225
560.25,-0.000428334,39.6225
560.3,-0.000441691,39.6225
560.35,-0.000433677,39.6225
560.4,-0.000422924,39.6224
560.45,-0.000421588,39.6224
560.5,-0.000431439,39.6224
560.55,-0.000436381,39.6224
560.6,-0.000435814,39.6223
560.65,-0.000440622,39.6223
560.7,-0.000437784,39.6223
560.75,-0.000436782,39.6223
560.8,-0.00043952,39.6223
560.85,-0.000428868,39.6222
560.9,-0.000428701,39.6222
560.95,-0.00042239,39.6222
561.0,-0.000421855,39.6222
561.05,-0.000425796,39.6222
561.1,-0.000420386,39.6221
561.15,-0.000417815,39.6221
561.2,-0.000412105,39.6221
561.25,-0.000432775,39.6221
561.3,-0.000427098,39.622
561.35,-0.000428701,39.622
561.4,-0.000434378,39.622
561.45,-0.000425395,39.622
561.5,-0.00042997,39.622
561.55,-0.000428534,39.6219
561.6,-0.000426464,39.6219
561.65,-0.000430872,39.6219
561.7,-0.000423959,39.6219
561.75,-0.000430204,39.6219
561.8,-0.000426597,39.6218
561.85,-0.000431473,39.6218
561.9,-0.000434779,39.6218
561.95,-0.000432341,39.6218
562.0,-0.000435747,39.6217
562.05,-0.000424393,39.6217
562.1,-0.000424326,39.6217
562.15,-0.000427966,39.6217
562.2,-0.000431105,39.6217
562.25,-0.000427833,39.6216
562.3,-0.000425095,39.6216
562.35,-0.000438185,39.6216
562.4,-0.000426697,39.6216
562.45,-0.000427866,39.6216
562.5,-0.000430638,39.6215
562.55,-0.000429669,39.6215
562.6,-0.000432174,39.6215
562.65,-0.000431439,39.6215
562.7,-0.000424126,39.6214
562.75,-0.000434645,39.6214
562.8,-0.000437784,39.6214
562.85,-0.000438752,39.6214
562.9,-0.000437283,39.6214
562.95,-0.000439153,39.6213
563.0,-0.00043912,39.6213
563.05,-0.000441023,39.6213
563.1,-0.000440355,39.6213
563.15,-0.000440255,39.6213
563.2,-0.000430304,39.6212
563.25,-0.000427566,39.6212
563.3,-0.000434845,39.6212
563.35,-0.000432909,39.6212
563.4,-0.000428033,39.6211
563.45,-0.0004281,39.6211
563.5,-0.000436448,39.6211
563.55,-0.00044316,39.6211
563.6,-0.000436181,39.6211
563.65,-0.000430371,39.621
563.7,-0.000426397,39.621
563.75,-0.000434411,39.621
563.8,-0.000434411,39.621
563.85,-0.000443795,39.6209
563.9,-0.000447435,39.6209
563.95,-0.00045418,39.6209
564.0,-0.000449705,39.6209
564.05,-0.000447735,39.6209
564.1,-0.000448704,39.6208
564.15,-0.000452944,39.6208
564.2,-0.000446967,39.6208
564.25,-0.000441557,39.6208
564.3,-0.000445531,39.6207
564.35,-0.000440756,39.6207
564.4,-0.000435647,39.6207
564.45,-0.000439387,39.6207
564.5,-0.000431038,39.6207
564.55,-0.000438418,39.6206
564.6,-0.000439287,39.6206
564.65,-0.000448537,39.6206
564.7,-0.000439387,39.6206
564.75,-0.000434845,39.6205
564.8,-0.000440856,39.6205
564.85,-0.000440155,39.6205
564.9,-0.000442726,39.6205
564.95,-0.000440088,39.6205
565.0,-0.000441858,39.6204
565.05,-0.000442192,39.6204
565.1,-0.000449638,39.6204
565.15,-0.00043755,39.6204
565.2,-0.00043735,39.6203
565.25,-0.000443394,39.6203
565.3,-0.000452009,39.6203
565.35,-0.000453512,39.6203
565.4,-0.000444563,39.6203
565.45,-0.000440589,39.6202
565.5,-0.000448904,39.6202
565.55,-0.000449171,39.6202
565.6,-0.000438084,39.6202
565.65,-0.00044109,39.6201
565.7,-0.000445297,39.6201
565.75,-0.000439954,39.6201
565.8,-0.000445965,39.6201
565.85,-0.000445331,39.6201
565.9,-0.000441123,39.62
565.95,-0.000439387,39.62
566.0,-0.000436682,39.62
566.05,-0.000443628,39.62
566.1,-0.000440789,39.6199
566.15,-0.000434177,39.6199
566.2,-0.000437049,39.6199
566.25,-0.000439186,39.6199
566.3,-0.000440656,39.6199
566.35,-0.000433977,39.6198
566.4,-0.000442225,39.6198
566.45,-0.000448036,39.6198
566.5,-0.000447,39.6198
566.55,-0.000449071,39.6198
566.6,-0.000450907,39.6197
566.65,-0.000443828,39.6197
566.7,-0.00043725,39.6197
566.75,-0.000438452,39.6197
566.8,-0.000444763,39.6196
566.85,-0.000447268,39.6196
566.9,-0.000444463,39.6196
566.95,-0.000452277,39.6196
567.0,-0.00045438,39.6195
567.05,-0.000459122,39.6195
567.1,-0.000455716,39.6195
567.15,-0.000449605,39.6195
567.2,-0.000449705,39.6195
567.25,-0.000443661,39.6194
567.3,-0.000445932,39.6194
567.35,-0.000450407,39.6194
567.4,-0.000445965,39.6194
567.45,-0.000444129,39.6193
567.5,-0.000435613,39.6193
567.55,-0.000438752,39.6193
567.6,-0.00043912,39.6193
567.65,-0.000444797,39.6193
567.7,-0.000442793,39.6192
567.75,-0.000437584,39.6192
567.8,-0.000442158,39.6192
567.85,-0.000437751,39.6192
567.9,-0.000443928,39.6191
567.95,-0.000446466,39.6191
568.0,-0.000447368,39.6191
568.05,-0.000456851,39.6191
568.1,-0.000447768,39.6191
568.15,-0.00043912,39.619
568.2,-0.000456584,39.619
568.25,-0.000448436,39.619
568.3,-0.000449906,39.619
568.35,-0.000444763,39.6189
568.4,-0.00044296,39.6189
568.45,-0.000443194,39.6189
568.5,-0.000440021,39.6189
568.55,-0.0004279,39.6189
568.6,-0.000431038,39.6188
568.65,-0.000432808,39.6188
568.7,-0.000437483,39.6188
568.75,-0.000435079,39.6188
568.8,-0.000431974,39.6188
568.85,-0.000430204,39.6187
568.9,-0.000433844,39.6187
568.95,-0.000441991,39.6187
569.0,-0.000444863,39.6187
569.05,-0.000444262,39.6186
569.1,-0.00044109,39.6186
569.15,-0.000449271,39.6186
569.2,-0.000436916,39.6186
569.25,-0.000443561,39.6186
569.3,-0.000447568,39.6185
569.35,-0.000444296,39.6185
569.4,-0.00045585,39.6185
569.45,-0.000447635,39.6185
569.5,-0.000441858,39.6184
569.55,-0.000443027,39.6184
569.6,-0.000440455,39.6184
569.65,-0.000438418,39.6184
569.7,-0.000430905,39.6184
569.75,-0.000443895,39.6183
569.8,-0.00044276,39.6183
569.85,-0.000438719,39.6183
569.9,-0.000437784,39.6183
569.95,-0.000447067,39.6182
570.0,-0.000441123,39.6182
570.05,-0.000434111,39.6182
570.1,-0.000429002,39.6182
570.15,-0.00043932,39.6182
570.2,-0.000440288,39.6181
570.25,-0.000441457,39.6181
570.3,-0.000454514,39.6181
570.35,-0.000449605,39.6181
570.4,-0.000449605,39.618
570.45,-0.00044129,39.618
570.5,-0.00044109,39.618
570.55,-0.000439988,39.618
570.6,-0.000433276,39.618
570.65,-0.000438051,39.6179
570.7,-0.000442593,39.6179
570.75,-0.000442559,39.6179
570.8,-0.000440455,39.6179
570.85,-0.000443461,39.6178
570.9,-0.000448436,39.6178
570.95,-0.000438385,39.6178
571.0,-0.000434077,39.6178
571.05,-0.00044296,39.6178
571.1,-0.000446466,39.6177
571.15,-0.000444195,39.6177
571.2,-0.000446166,39.6177
571.25,-0.000441624,39.6177
571.3,-0.000449939,39.6176
571.35,-0.000451208,39.6176
571.4,-0.000454347,39.6176
571.45,-0.000443361,39.6176
571.5,-0.000439821,39.6176
571.55,-0.000447268,39.6175
571.6,-0.000441658,39.6175
571.65,-0.000436949,39.6175
571.7,-0.000444229,39.6175
571.75,-0.000442726,39.6174
571.8,-0.000446299,39.6174
571.85,-0.000444296,39.6174
571.9,-0.000445464,39.6174
571.95,-0.000441758,39.6174
572.0,-0.000445665,39.6173
572.05,-0.000446867,39.6173
572.1,-0.00044473,39.6173
572.15,-0.000446867,39.6173
572.2,-0.000430271,39.6172
572.25,-0.000436649,39.6172
572.3,-0.000433309,39.6172
572.35,-0.00044877,39.6172
572.4,-0.000438519,39.6172
572.45,-0.00043745,39.6171
572.5,-0.000442225,39.6171
572.55,-0.000448837,39.6171
572.6,-0.000443795,39.6171
572.65,-0.0004469,39.617
572.7,-0.000438519,39.617
572.75,-0.000449338,39.617
572.8,-0.000466101,39.617
572.85,-0.000451609,39.617
572.9,-0.000444496,39.6169
572.95,-0.00044306,39.6169
573.0,-0.000441991,39.6169
573.05,-0.000440489,39.6169
573.1,-0.000435747,39.6168
573.15,-0.000438285,39.6168
573.2,-0.000429335,39.6168
573.25,-0.000434845,39.6168
573.3,-0.000436749,39.6168
573.35,-0.00043381,39.6167
573.4,-0.000431439,39.6167
573.45,-0.000435814,39.6167
573.5,-0.000441056,39.6167
573.55,-0.000445197,39.6166
573.6,-0.000442325,39.6166
573.65,-0.000432641,39.6166
573.7,-0.000436415,39.6166
573.75,-0.000438886,39.6166
573.8,-0.000431807,39.6165
573.85,-0.000435179,39.6165
573.9,-0.000440288,39.6165
573.95,-0.000437684,39.6165
574.0,-0.000449605,39.6165
574.05,-0.000434745,39.6164
574.1,-0.00043351,39.6164
574.15,-0.000443895,39.6164
574.2,-0.000441123,39.6164
574.25,-0.00043932,39.6163
574.3,-0.000440923,39.6163
574.35,-0.000441324,39.6163
574.4,-0.000441257,39.6163
574.45,-0.000435179,39.6163
574.5,-0.000425295,39.6162
574.55,-0.000427733,39.6162
574.6,-0.00043361,39.6162
574.65,-0.000436682,39.6162
574.7,-0.000436749,39.6161
574.75,-0.000439988,39.6161
574.8,-0.000438285,39.6161
574.85,-0.00043194,39.6161
574.9,-0.000433009,39.6161
574.95,-0.000425729,39.616
575.0,-0.0004281,39.616
575.05,-0.000420086,39.616
575.1,-0.000431406,39.616
575.15,-0.000431506,39.616
575.2,-0.000425996,39.6159
575.25,-0.000425762,39.6159
575.3,-0.000425328,39.6159
575.35,-0.000435112,39.6159
575.4,-0.000424093,39.6158
575.45,-0.000424193,39.6158
575.5,-0.000429836,39.6158
575.55,-0.000422657,39.6158
575.6,-0.000420186,39.6158
575.65,-0.000422924,39.6157
575.7,-0.000424393,39.6157
575.75,-0.000422991,39.6157
575.8,-0.000421956,39.6157
575.85,-0.000421722,39.6157
575.9,-0.00043725,39.6156
575.95,-0.000438819,39.6156
576.0,-0.000440923,39.6156
576.05,-0.000443561,39.6156
576.1,-0.000439019,39.6155
576.15,-0.000434612,39.6155
576.2,-0.000436281,39.6155
576.25,-0.00043184,39.6155
576.3,-0.000425462,39.6155
576.35,-0.000427365,39.6154
576.4,-0.000429536,39.6154
576.45,-0.000418383,39.6154
576.5,-0.000427432,39.6154
576.55,-0.000428968,39.6154
576.6,-0.000425863,39.6153
576.65,-0.000425896,39.6153
576.7,-0.000417114,39.6153
576.75,-0.000420419,39.6153
576.8,-0.000430271,39.6152
576.85,-0.000436448,39.6152
576.9,-0.000427465,39.6152
576.95,-0.0004283,39.6152
577.0,-0.000440188,39.6152
577.05,-0.000431239,39.6151
577.1,-0.000435213,39.6151
577.15,-0.000431072,39.6151
577.2,-0.000424794,39.6151
577.25,-0.000417013,39.6151
577.3,-0.000415744,39.615
577.35,-0.000428668,39.615
577.4,-0.000437283,39.615
577.45,-0.000428133,39.615
577.5,-0.000433677,39.6149
577.55,-0.000431005,39.6149
577.6,-0.000431974,39.6149
577.65,-0.000431606,39.6149
577.7,-0.000435413,39.6149
577.75,-0.000430604,39.6148
577.8,-0.000435847,39.6148
577.85,-0.000430037,39.6148
577.9,-0.000427232,39.6148
577.95,-0.000430371,39.6148
578.0,-0.000429235,39.6147
578.05,-0.000428133,39.6147
578.1,-0.000429736,39.6147
578.15,-0.000434211,39.6147
578.2,-0.000427733,39.6146
578.25,-0.000439454,39.6146
578.3,-0.000441123,39.6146
578.35,-0.000436548,39.6146
578.4,-0.000439019,39.6146
578.45,-0.000437383,39.6145
578.5,-0.000439954,39.6145
578.55,-0.000440255,39.6145
578.6,-0.000445531,39.6145
578.65,-0.000447902,39.6144
578.7,-0.000440021,39.6144
578.75,-0.000437751,39.6144
578.8,-0.000426363,39.6144
578.85,-0.00043017,39.6144
578.9,-0.000428067,39.6143
578.95,-0.000434411,39.6143
579.0,-0.000440222,39.6143
579.05,-0.000436649,39.6143
579.1,-0.00043922,39.6143
579.15,-0.000432408,39.6142
579.2,-0.000433476,39.6142
579.25,-0.000436949,39.6142
579.3,-0.000429202,39.6142
579.35,-0.000427833,39.6141
579.4,-0.000439921,39.6141
579.45,-0.000428033,39.6141
579.5,-0.000432975,39.6141
579.55,-0.000428033,39.6141
579.6,-0.00043578,39.614
579.65,-0.000440489,39.614
579.7,-0.000436014,39.614
579.75,-0.000434211,39.614
579.8,-0.000428868,39.6139
579.85,-0.000437517,39.6139
579.9,-0.000428968,39.6139
579.95,-0.000427132,39.6139
580.0,-0.00042997,39.6139
580.05,-0.000439721,39.6138
580.1,-0.000436749,39.6138
580.15,-0.000432007,39.6138
580.2,-0.000427766,39.6138
580.25,-0.000430738,39.6138
580.3,-0.000434979,39.6137
580.35,-0.000430104,39.6137
580.4,-0.000431773,39.6137
580.45,-0.000427599,39.6137
580.5,-0.000433142,39.6136
580.55,-0.000427031,39.6136
580.6,-0.000421622,39.6136
580.65,-0.00042426,39.6136
580.7,-0.000425662,39.6136
580.75,-0.000431606,39.6135
580.8,-0.000436047,39.6135
580.85,-0.00042643,39.6135
580.9,-0.000434177,39.6135
580.95,-0.000438819,39.6135
581.0,-0.00044099,39.6134
581.05,-0.000441958,39.6134
581.1,-0.00044296,39.6134
581.15,-0.000442559,39.6134
581.2,-0.000446166,39.6133
581.25,-0.000447668,39.6133
581.3,-0.000438719,39.6133
581.35,-0.000441491,39.6133
581.4,-0.00044513,39.6133
581.45,-0.000449104,39.6132
581.5,-0.000436214,39.6132
581.55,-0.000446566,39.6132
581.6,-0.00044316,39.6132
581.65,-0.000438352,39.6131
581.7,-0.000443461,39.6131
581.75,-0.000447635,39.6131
581.8,-0.000447234,39.6131
581.85,-0.000449104,39.6131
581.9,-0.000443828,39.613
581.95,-0.000443494,39.613
582.0,-0.000443127,39.613
582.05,-0.00044316,39.613
582.1,-0.000438418,39.6129
582.15,-0.00043568,39.6129
582.2,-0.000435747,39.6129
582.25,-0.000438318,39.6129
582.3,-0.000441157,39.6129
582.35,-0.000435179,39.6128
582.4,-0.000438652,39.6128
582.45,-0.000444863,39.6128
582.5,-0.00044119,39.6128
582.55,-0.000443327,39.6127
582.6,-0.000439621,39.6127
582.65,-0.00044139,39.6127
582.7,-0.000442726,39.6127
582.75,-0.000449538,39.6127
582.8,-0.000450273,39.6126
582.85,-0.000446967,39.6126
582.9,-0.00043912,39.6126
582.95,-0.000446333,39.6126
583.0,-0.000438852,39.6125
583.05,-0.000448436,39.6125
583.1,-0.000445898,39.6125
583.15,-0.00044857,39.6125
583.2,-0.000448704,39.6125
583.25,-0.000446533,39.6124
583.3,-0.000450006,39.6124
583.35,-0.000454414,39.6124
583.4,-0.000453879,39.6124
583.45,-0.000459757,39.6123
583.5,-0.000454447,39.6123
583.55,-0.000456083,39.6123
583.6,-0.000453378,39.6123
583.65,-0.000451375,39.6123
583.7,-0.000448804,39.6122
583.75,-0.0004469,39.6122
583.8,-0.000449204,39.6122
583.85,-0.00045438,39.6122
583.9,-0.000454414,39.6121
583.95,-0.000453045,39.6121
584.0,-0.000447735,39.6121
584.05,-0.000457619,39.6121
584.1,-0.000457185,39.612
584.15,-0.000454814,39.612
584.2,-0.000454915,39.612
584.25,-0.000452143,39.612
584.3,-0.000445631,39.612
584.35,-0.000447268,39.6119
584.4,-0.000446366,39.6119
584.45,-0.000449472,39.6119
584.5,-0.000443194,39.6119
584.55,-0.000446566,39.6118
584.6,-0.000447702,39.6118
584.65,-0.000449772,39.6118
584.7,-0.000452076,39.6118
584.75,-0.00045024,39.6118
584.8,-0.000445898,39.6117
584.85,-0.00045772,39.6117
584.9,-0.000462228,39.6117
584.95,-0.000459924,39.6117
585.0,-0.000459723,39.6116
585.05,-0.00046176,39.6116
585.1,-0.000458354,39.6116
585.15,-0.000449805,39.6116
585.2,-0.000460892,39.6115
585.25,-0.000457052,39.6115
585.3,-0.000461794,39.6115
585.35,-0.000453646,39.6115
585.4,-0.000454614,39.6115
585.45,-0.000450173,39.6114
585.5,-0.000448303,39.6114
585.55,-0.000452176,39.6114
585.6,-0.000443695,39.6114
585.65,-0.000451776,39.6113
585.7,-0.000458321,39.6113
585.75,-0.000455749,39.6113
585.8,-0.000449138,39.6113
585.85,-0.000449004,39.6113
585.9,-0.000456651,39.6112
585.95,-0.000458254,39.6112
586.0,-0.000459022,39.6112
586.05,-0.000448637,39.6112
586.1,-0.000456217,39.6111
586.15,-0.000460525,39.6111
586.2,-0.000447668,39.6111
586.25,-0.00044887,39.6111
586.3,-0.00045408,39.611
586.35,-0.000458955,39.611
586.4,-0.000458688,39.611
586.45,-0.000450941,39.611
586.5,-0.000452243,39.611
586.55,-0.000446099,39.6109
586.6,-0.000445598,39.6109
586.65,-0.000436047,39.6109
586.7,-0.000440155,39.6109
586.75,-0.000449505,39.6108
586.8,-0.000427132,39.6108
586.85,-0.000442926,39.6108
586.9,-0.000453178,39.6108
586.95,-0.000446566,39.6108
587.0,-0.000449037,39.6107
587.05,-0.000446399,39.6107
587.1,-0.000435413,39.6107
587.15,-0.00043164,39.6107
587.2,-0.000440823,39.6106
587.25,-0.000434745,39.6106
587.3,-0.000431172,39.6106
587.35,-0.000436682,39.6106
587.4,-0.000435179,39.6106
587.45,-0.000432274,39.6105
587.5,-0.000436782,39.6105
587.55,-0.00043745,39.6105
587.6,-0.000432207,39.6105
587.65,-0.000437817,39.6105
587.7,-0.000439086,39.6104
587.75,-0.00043735,39.6104
587.8,-0.000440589,39.6104
587.85,-0.000444897,39.6104
587.9,-0.000441424,39.6103
587.95,-0.00043371,39.6103
588.0,-0.000433977,39.6103
588.05,-0.000435947,39.6103
588.1,-0.00042633,39.6103
588.15,-0.000429202,39.6102
588.2,-0.000432942,39.6102
588.25,-0.000450607,39.6102
588.3,-0.000445932,39.6102
588.35,-0.000446199,39.6101
588.4,-0.000441724,39.6101
588.45,-0.00044296,39.6101
588.5,-0.000435814,39.6101
588.55,-0.000440622,39.6101
588.6,-0.000438251,39.61
588.65,-0.00044463,39.61
588.7,-0.000449271,39.61
588.75,-0.000447501,39.61
588.8,-0.00044483,39.6099
588.85,-0.000441524,39.6099
588.9,-0.000448971,39.6099
588.95,-0.000456517,39.6099
589.0,-0.000458855,39.6099
589.05,-0.000458187,39.6098
589.1,-0.00045625,39.6098
589.15,-0.000461693,39.6098
589.2,-0.000459556,39.6098
589.25,-0.000454881,39.6097
589.3,-0.00045605,39.6097
589.35,-0.000456985,39.6097
589.4,-0.000451208,39.6097
589.45,-0.000451108,39.6097
589.5,-0.000439721,39.6096
589.55,-0.00044306,39.6096
589.6,-0.000446967,39.6096
589.65,-0.000439788,39.6096
589.7,-0.000447268,39.6095
589.75,-0.000453111,39.6095
589.8,-0.000451675,39.6095
589.85,-0.000440956,39.6095
589.9,-0.000438719,39.6095
589.95,-0.000436214,39.6094
590.0,-0.000441257,39.6094
590.05,-0.000446199,39.6094
590.1,-0.000428935,39.6094
590.15,-0.000435012,39.6093
590.2,-0.000439721,39.6093
590.25,-0.000443962,39.6093
590.3,-0.0004465,39.6093
590.35,-0.000444429,39.6093
590.4,-0.000437417,39.6092
590.45,-0.000436615,39.6092
590.5,-0.000446032,39.6092
590.55,-0.000434712,39.6092
590.6,-0.000432441,39.6091
590.65,-0.000431974,39.6091
590.7,-0.000435413,39.6091
590.75,-0.000443461,39.6091
590.8,-0.000441691,39.6091
590.85,-0.000441424,39.609
590.9,-0.000435146,39.609
590.95,-0.000435446,39.609
591.0,-0.000433944,39.609
591.05,-0.000432975,39.6089
591.1,-0.000441491,39.6089
591.15,-0.000441023,39.6089
591.2,-0.000440155,39.6089
591.25,-0.00044306,39.6089
591.3,-0.000438786,39.6088
591.35,-0.000435647,39.6088
591.4,-0.000437984,39.6088
591.45,-0.000431539,39.6088
591.5,-0.000432808,39.6087
591.55,-0.000431706,39.6087
591.6,-0.00043351,39.6087
591.65,-0.000431205,39.6087
591.7,-0.000425629,39.6087
591.75,-0.000429502,39.6086
591.8,-0.0004284,39.6086
591.85,-0.000432374,39.6086
591.9,-0.000427332,39.6086
591.95,-0.000428935,39.6086
592.0,-0.000426197,39.6085
592.05,-0.000420586,39.6085
592.1,-0.000434411,39.6085
592.15,-0.000432408,39.6085
592.2,-0.000444396,39.6084
592.25,-0.000426731,39.6084
592.3,-0.000425228,39.6084
592.35,-0.000431172,39.6084
592.4,-0.000431673,39.6084
592.45,-0.000440322,39.6083
592.5,-0.000445631,39.6083
592.55,-0.000450173,39.6083
592.6,-0.000442626,39.6083
592.65,-0.000440756,39.6083
592.7,-0.000440288,39.6082
592.75,-0.000436982,39.6082
592.8,-0.000437684,39.6082
592.85,-0.00043725,39.6082
592.9,-0.000432508,39.6081
592.95,-0.000430571,39.6081
593.0,-0.000432742,39.6081
593.05,-0.000424594,39.6081
593.1,-0.000437717,39.6081
593.15,-0.000437984,39.608
593.2,-0.000436114,39.608
593.25,-0.000442492,39.608
593.3,-0.000450841,39.608
593.35,-0.000447869,39.6079
593.4,-0.000449405,39.6079
593.45,-0.000444463,39.6079
593.5,-0.000455148,39.6079
593.55,-0.000450006,39.6079
593.6,-0.000447067,39.6078
593.65,-0.000443594,39.6078
593.7,-0.000441524,39.6078
593.75,-0.000448102,39.6078
593.8,-0.000443628,39.6077
593.85,-0.000434678,39.6077
593.9,-0.000436381,39.6077
593.95,-0.000437517,39.6077
594.0,-0.000441991,39.6077
594.05,-0.000442225,39.6076
594.1,-0.000447735,39.6076
594.15,-0.000441357,39.6076
594.2,-0.000441891,39.6076
594.25,-0.000439019,39.6075
594.3,-0.000440656,39.6075
594.35,-0.000438819,39.6075
594.4,-0.000436148,39.6075
594.45,-0.000438084,39.6075
594.5,-0.000439587,39.6074
594.55,-0.00043765,39.6074
594.6,-0.000436749,39.6074
594.65,-0.000437951,39.6074
594.7,-0.000435747,39.6073
594.75,-0.000433142,39.6073
594.8,-0.000442426,39.6073
594.85,-0.000440188,39.6073
594.9,-0.000446934,39.6073
594.95,-0.000446934,39.6072
595.0,-0.000454514,39.6072
595.05,-0.00044286,39.6072
595.1,-0.0004468,39.6072
595.15,-0.000454347,39.6072
595.2,-0.000446199,39.6071
595.25,-0.000442626,39.6071
595.3,-0.000451809,39.6071
595.35,-0.000440088,39.6071
595.4,-0.000439854,39.607
595.45,-0.000437784,39.607
595.5,-0.000431372,39.607
595.55,-0.000436615,39.607
595.6,-0.000434946,39.607
595.65,-0.000422824,39.6069
595.7,-0.000430571,39.6069
595.75,-0.000432007,39.6069
595.8,-0.000430003,39.6069
595.85,-0.000430771,39.6068
595.9,-0.000439454,39.6068
595.95,-0.00043725,39.6068
596.0,-0.000439487,39.6068
596.05,-0.00044296,39.6068
596.1,-0.000437784,39.6067
596.15,-0.000438519,39.6067
596.2,-0.000438986,39.6067
596.25,-0.000432942,39.6067
596.3,-0.000426731,39.6066
596.35,-0.000425262,39.6066
596.4,-0.000432174,39.6066
596.45,-0.000435847,39.6066
596.5,-0.000441758,39.6066
596.55,-0.000438919,39.6065
596.6,-0.000439988,39.6065
596.65,-0.000435647,39.6065
596.7,-0.000436114,39.6065
596.75,-0.000432508,39.6065
596.8,-0.000434378,39.6064
596.85,-0.000430337,39.6064
596.9,-0.000438953,39.6064
596.95,-0.00043548,39.6064
597.0,-0.000438051,39.6063
597.05,-0.000437417,39.6063
597.1,-0.000440322,39.6063
597.15,-0.00044483,39.6063
597.2,-0.000445932,39.6063
597.25,-0.000444763,39.6062
597.3,-0.000446099,39.6062
597.35,-0.000438819,39.6062
597.4,-0.000441491,39.6062
597.45,-0.000446466,39.6061
597.5,-0.000450206,39.6061
597.55,-0.000447334,39.6061
597.6,-0.000448436,39.6061
597.65,-0.000450373,39.6061
597.7,-0.000445798,39.606
597.75,-0.000450907,39.606
597.8,-0.000451175,39.606
597.85,-0.000449004,39.606
597.9,-0.000452009,39.6059
597.95,-0.000447334,39.6059
598.0,-0.000449338,39.6059
598.05,-0.000439988,39.6059
598.1,-0.000451475,39.6059
598.15,-0.000457486,39.6058
598.2,-0.000446733,39.6058
598.25,-0.000457052,39.6058
598.3,-0.000450674,39.6058
598.35,-0.000451008,39.6057
598.4,-0.00044099,39.6057
598.45,-0.000444429,39.6057
598.5,-0.000450874,39.6057
598.55,-0.000453178,39.6056
598.6,-0.000452143,39.6056
598.65,-0.000446566,39.6056
598.7,-0.00044513,39.6056
598.75,-0.000442726,39.6056
598.8,-0.000446666,39.6055
598.85,-0.000444863,39.6055
598.9,-0.000450507,39.6055
598.95,-0.000448136,39.6055
599.0,-0.000450073,39.6054
599.05,-0.00043548,39.6054
599.1,-0.000443661,39.6054
599.15,-0.00044129,39.6054
599.2,-0.000442025,39.6054
599.25,-0.000441791,39.6053
599.3,-0.000442926,39.6053
599.35,-0.000452944,39.6053
599.4,-0.000454347,39.6053
599.45,-0.00046176,39.6052
599.5,-0.000447101,39.6052
599.55,-0.000450273,39.6052
599.6,-0.000452477,39.6052
599.65,-0.000459823,39.6052
599.7,-0.000451976,39.6051
599.75,-0.000458154,39.6051
599.8,-0.000450574,39.6051
599.85,-0.000448403,39.6051
599.9,-0.000451509,39.605
599.95,-0.000460224,39.605
600.0,-0.000450707,39.605
