CC-at Ep-180C,VSTEP1,-1.612,TSTEP1,8000.0,QLIMIT,180000.0
T,Im,Q
-0.45,0.00705497,0.0
-0.4,0.00703697,0.0
-0.35,0.00700915,0.0
-0.3,0.00700608,0.0
-0.25,0.00698751,0.0
-0.2,0.00697115,0.0
-0.15,0.00695619,0.0
-0.1,0.00692584,0.0
-0.05,0.00689284,0.0
0.0,0.00686997,0.000343498
0.05,-0.192416,-0.00927728
0.1,-0.118317,-0.0151931
0.15,-0.094416,-0.0199139
0.2,-0.080336,-0.0239307
0.25,-0.0710082,-0.0274812
0.3,-0.0641625,-0.0306893
0.35,-0.0588659,-0.0336326
0.4,-0.0546157,-0.0363634
0.45,-0.0510791,-0.0389173
0.5,-0.0480753,-0.0413211
0.55,-0.0454782,-0.043595
0.6,-0.0431659,-0.0457533
0.65,-0.0410982,-0.0478082
0.7,-0.0392628,-0.0497713
0.75,-0.0376186,-0.0516523
0.8,-0.0361778,-0.0534611
0.85,-0.0349012,-0.0552062
0.9,-0.0337432,-0.0568934
0.95,-0.0326972,-0.0585282
1.0,-0.0317467,-0.0601156
1.05,-0.0308669,-0.0616589
1.1,-0.0300692,-0.0631624
1.15,-0.0293199,-0.0646284
1.2,-0.0286229,-0.0660595
1.25,-0.0279721,-0.0674581
1.3,-0.027376,-0.0688269
1.35,-0.0268024,-0.070167
1.4,-0.0262574,-0.0714799
1.45,-0.025773,-0.0727685
1.5,-0.025312,-0.0740341
1.55,-0.0248684,-0.0752776
1.6,-0.0244361,-0.0764994
1.65,-0.0240299,-0.0777009
1.7,-0.0236393,-0.0788828
1.75,-0.0232749,-0.0800466
1.8,-0.0229193,-0.0811925
1.85,-0.0225956,-0.0823223
1.9,-0.0222785,-0.0834363
1.95,-0.021954,-0.084534
2.0,-0.0216732,-0.0856176
2.05,-0.02139,-0.0866871
2.1,-0.0211167,-0.0877429
2.15,-0.0208707,-0.0887865
2.2,-0.0206119,-0.0898171
2.25,-0.0203694,-0.0908355
2.3,-0.0201329,-0.0918422
2.35,-0.0199113,-0.0928378
2.4,-0.0197089,-0.0938232
2.45,-0.0194989,-0.0947981
2.5,-0.0193184,-0.0957641
2.55,-0.0191294,-0.0967205
2.6,-0.0189387,-0.0976675
2.65,-0.0187533,-0.0986051
2.7,-0.0185814,-0.0995342
2.75,-0.0184037,-0.100454
2.8,-0.0182476,-0.101367
2.85,-0.0181063,-0.102272
2.9,-0.0179498,-0.10317
2.95,-0.0178085,-0.10406
3.0,-0.017681,-0.104944
3.05,-0.0175324,-0.105821
3.1,-0.0173927,-0.10669
3.15,-0.0172729,-0.107554
3.2,-0.0171275,-0.10841
3.25,-0.0169901,-0.10926
3.3,-0.0168805,-0.110104
3.35,-0.0167573,-0.110942
3.4,-0.0166434,-0.111774
3.45,-0.0165488,-0.112601
3.5,-0.0164406,-0.113423
3.55,-0.0163315,-0.11424
3.6,-0.016229,-0.115051
3.65,-0.0161469,-0.115859
3.7,-0.0160641,-0.116662
3.75,-0.0159706,-0.11746
3.8,-0.0158562,-0.118253
3.85,-0.0157657,-0.119042
3.9,-0.015691,-0.119826
3.95,-0.0155945,-0.120606
4.0,-0.0154964,-0.121381
4.05,-0.0154152,-0.122151
4.1,-0.0153212,-0.122917
4.15,-0.0152404,-0.123679
4.2,-0.0151679,-0.124438
4.25,-0.0150812,-0.125192
4.3,-0.0150053,-0.125942
4.35,-0.0149612,-0.12669
4.4,-0.0148967,-0.127435
4.45,-0.014838,-0.128177
4.5,-0.0147528,-0.128915
4.55,-0.0146725,-0.129648
4.6,-0.0146214,-0.130379
4.65,-0.0145728,-0.131108
4.7,-0.0145214,-0.131834
4.75,-0.0144744,-0.132558
4.8,-0.0144167,-0.133279
4.85,-0.0143535,-0.133996
4.9,-0.0142777,-0.13471
4.95,-0.0142186,-0.135421
5.0,-0.0141745,-0.13613
5.05,-0.0141243,-0.136836
5.1,-0.0140905,-0.137541
5.15,-0.0140423,-0.138243
5.2,-0.0139858,-0.138942
5.25,-0.0139397,-0.139639
5.3,-0.0138798,-0.140333
5.35,-0.013836,-0.141025
5.4,-0.0137926,-0.141714
5.45,-0.0137421,-0.142401
5.5,-0.0137038,-0.143087
5.55,-0.0136612,-0.14377
5.6,-0.0136133,-0.14445
5.65,-0.0135711,-0.145129
5.7,-0.0135325,-0.145806
5.75,-0.0134839,-0.14648
5.8,-0.0134472,-0.147152
5.85,-0.0134153,-0.147823
5.9,-0.0133806,-0.148492
5.95,-0.0133592,-0.14916
6.0,-0.0133286,-0.149826
6.05,-0.0132974,-0.150491
6.1,-0.0132596,-0.151154
6.15,-0.0132129,-0.151815
6.2,-0.0131633,-0.152473
6.25,-0.0131164,-0.153129
6.3,-0.0130932,-0.153783
6.35,-0.013055,-0.154436
6.4,-0.0130207,-0.155087
6.45,-0.0130064,-0.155738
6.5,-0.0129716,-0.156386
6.55,-0.0129402,-0.157033
6.6,-0.0129078,-0.157679
6.65,-0.0128806,-0.158323
6.7,-0.0128517,-0.158965
6.75,-0.0128199,-0.159606
6.8,-0.0127831,-0.160245
6.85,-0.0127602,-0.160883
6.9,-0.0127269,-0.16152
6.95,-0.0126916,-0.162154
7.0,-0.0126613,-0.162787
7.05,-0.0126456,-0.16342
7.1,-0.0126187,-0.164051
7.15,-0.0125892,-0.16468
7.2,-0.0125688,-0.165308
7.25,-0.0125547,-0.165936
7.3,-0.0125342,-0.166563
7.35,-0.012514,-0.167189
7.4,-0.0124955,-0.167813
7.45,-0.0124826,-0.168437
7.5,-0.0124639,-0.169061
7.55,-0.0124589,-0.169684
7.6,-0.0124408,-0.170306
7.65,-0.0124224,-0.170927
7.7,-0.0123932,-0.171546
7.75,-0.0123619,-0.172165
7.8,-0.0123476,-0.172782
7.85,-0.0123282,-0.173398
7.9,-0.0122985,-0.174013
7.95,-0.0122783,-0.174627
8.0,-0.0122497,-0.17524
8.05,-0.0122223,-0.175851
8.1,-0.0122133,-0.176461
8.15,-0.0121989,-0.177071
8.2,-0.0121792,-0.17768
8.25,-0.0121615,-0.178288
8.3,-0.012139,-0.178895
8.35,-0.012123,-0.179502
8.4,-0.0120923,-0.180106
8.45,-0.0120788,-0.18071
8.5,-0.0120691,-0.181314
8.55,-0.0120525,-0.181916
8.6,-0.0120364,-0.182518
8.65,-0.012026,-0.183119
8.7,-0.0120046,-0.183719
8.75,-0.0119919,-0.184319
8.8,-0.0119769,-0.184918
8.85,-0.0119632,-0.185516
8.9,-0.0119449,-0.186113
8.95,-0.0119213,-0.186709
9.0,-0.0119047,-0.187305
9.05,-0.0119018,-0.1879
9.1,-0.0118863,-0.188494
9.15,-0.0118667,-0.189087
9.2,-0.0118631,-0.189681
9.25,-0.0118418,-0.190273
9.3,-0.011833,-0.190864
9.35,-0.0118116,-0.191455
9.4,-0.0118042,-0.192045
9.45,-0.0117918,-0.192635
9.5,-0.0117855,-0.193224
9.55,-0.0117686,-0.193812
9.6,-0.0117527,-0.1944
9.65,-0.0117382,-0.194987
9.7,-0.0117332,-0.195574
9.75,-0.0117108,-0.196159
9.8,-0.0116926,-0.196744
9.85,-0.0116792,-0.197328
9.9,-0.0116598,-0.197911
9.95,-0.0116589,-0.198494
10.0,-0.0116406,-0.199076
10.05,-0.0116365,-0.199657
10.1,-0.0116279,-0.200239
10.15,-0.0116202,-0.20082
10.2,-0.0116215,-0.201401
10.25,-0.0116036,-0.201981
10.3,-0.0115931,-0.202561
10.35,-0.011586,-0.20314
10.4,-0.0115754,-0.203719
10.45,-0.0115574,-0.204297
10.5,-0.0115569,-0.204875
10.55,-0.0115518,-0.205452
10.6,-0.0115276,-0.206029
10.65,-0.0115171,-0.206604
10.7,-0.0115046,-0.20718
10.75,-0.0114925,-0.207754
10.8,-0.0114907,-0.208329
10.85,-0.0114765,-0.208903
10.9,-0.0114723,-0.209476
10.95,-0.0114635,-0.210049
11.0,-0.0114521,-0.210622
11.05,-0.0114453,-0.211194
11.1,-0.0114366,-0.211766
11.15,-0.0114279,-0.212337
11.2,-0.0114098,-0.212908
11.25,-0.0114023,-0.213478
11.3,-0.0113901,-0.214048
11.35,-0.0113883,-0.214617
11.4,-0.0113751,-0.215186
11.45,-0.0113598,-0.215754
11.5,-0.0113488,-0.216321
11.55,-0.0113471,-0.216889
11.6,-0.0113304,-0.217455
11.65,-0.0113253,-0.218021
11.7,-0.0113164,-0.218587
11.75,-0.0113082,-0.219153
11.8,-0.0113058,-0.219718
11.85,-0.0112931,-0.220283
11.9,-0.0112856,-0.220847
11.95,-0.01128,-0.221411
12.0,-0.0112698,-0.221974
12.05,-0.0112644,-0.222538
12.1,-0.0112527,-0.2231
12.15,-0.0112495,-0.223663
12.2,-0.011234,-0.224224
12.25,-0.0112335,-0.224786
12.3,-0.0112239,-0.225347
12.35,-0.0112207,-0.225908
12.4,-0.0112057,-0.226469
12.45,-0.0112031,-0.227029
12.5,-0.0111902,-0.227588
12.55,-0.0111841,-0.228147
12.6,-0.0111699,-0.228706
12.65,-0.0111643,-0.229264
12.7,-0.0111601,-0.229822
12.75,-0.0111563,-0.23038
12.8,-0.0111496,-0.230937
12.85,-0.0111494,-0.231495
12.9,-0.011137,-0.232052
12.95,-0.0111304,-0.232608
13.0,-0.0111197,-0.233164
13.05,-0.0111046,-0.233719
13.1,-0.0110883,-0.234274
13.15,-0.0110854,-0.234828
13.2,-0.0110767,-0.235382
13.25,-0.0110711,-0.235936
13.3,-0.0110734,-0.236489
13.35,-0.0110584,-0.237042
13.4,-0.0110636,-0.237595
13.45,-0.0110572,-0.238148
13.5,-0.0110463,-0.2387
13.55,-0.0110491,-0.239253
13.6,-0.0110479,-0.239805
13.65,-0.0110352,-0.240357
13.7,-0.0110303,-0.240909
13.75,-0.0110287,-0.24146
13.8,-0.0110233,-0.242011
13.85,-0.0110151,-0.242562
13.9,-0.0110128,-0.243113
13.95,-0.0110062,-0.243663
14.0,-0.0110026,-0.244213
14.05,-0.0110036,-0.244763
14.1,-0.0110081,-0.245314
14.15,-0.0109886,-0.245863
14.2,-0.0109866,-0.246412
14.25,-0.0109951,-0.246962
14.3,-0.0109836,-0.247511
14.35,-0.0109743,-0.24806
14.4,-0.010972,-0.248609
14.45,-0.0109621,-0.249157
14.5,-0.0109588,-0.249705
14.55,-0.0109568,-0.250252
14.6,-0.0109466,-0.2508
14.65,-0.0109433,-0.251347
14.7,-0.0109407,-0.251894
14.75,-0.010941,-0.252441
14.8,-0.0109414,-0.252988
14.85,-0.0109438,-0.253535
14.9,-0.0109372,-0.254082
14.95,-0.0109371,-0.254629
15.0,-0.010934,-0.255176
15.05,-0.0109355,-0.255723
15.1,-0.0109249,-0.256269
15.15,-0.0109296,-0.256815
15.2,-0.0109279,-0.257362
15.25,-0.0109239,-0.257908
15.3,-0.0109216,-0.258454
15.35,-0.0109172,-0.259
15.4,-0.010924,-0.259546
15.45,-0.0109205,-0.260092
15.5,-0.0109129,-0.260638
15.55,-0.0109022,-0.261183
15.6,-0.0109013,-0.261728
15.65,-0.0109007,-0.262273
15.7,-0.0108802,-0.262817
15.75,-0.0108796,-0.263361
15.8,-0.0108778,-0.263905
15.85,-0.010869,-0.264448
15.9,-0.0108719,-0.264992
15.95,-0.0108695,-0.265535
16.0,-0.0108573,-0.266078
16.05,-0.0108491,-0.266621
16.1,-0.0108519,-0.267163
16.15,-0.0108486,-0.267706
16.2,-0.0108437,-0.268248
16.25,-0.0108313,-0.268789
16.3,-0.010831,-0.269331
16.35,-0.0108285,-0.269872
16.4,-0.0108191,-0.270413
16.45,-0.0108193,-0.270954
16.5,-0.0108087,-0.271495
16.55,-0.0108076,-0.272035
16.6,-0.0107937,-0.272575
16.65,-0.0107893,-0.273114
16.7,-0.0107846,-0.273653
16.75,-0.0107847,-0.274193
16.8,-0.0107802,-0.274732
16.85,-0.0107728,-0.27527
16.9,-0.0107689,-0.275809
16.95,-0.0107621,-0.276347
17.0,-0.0107598,-0.276885
17.05,-0.0107579,-0.277423
17.1,-0.0107456,-0.27796
17.15,-0.01075,-0.278498
17.2,-0.0107439,-0.279035
17.25,-0.010749,-0.279572
17.3,-0.0107532,-0.28011
17.35,-0.0107496,-0.280647
17.4,-0.0107316,-0.281184
17.45,-0.0107287,-0.28172
17.5,-0.0107249,-0.282257
17.55,-0.0107181,-0.282793
17.6,-0.0107272,-0.283329
17.65,-0.0107176,-0.283865
17.7,-0.0107273,-0.284401
17.75,-0.0107111,-0.284937
17.8,-0.010701,-0.285472
17.85,-0.0106976,-0.286007
17.9,-0.0106929,-0.286541
17.95,-0.0106929,-0.287076
18.0,-0.010705,-0.287611
18.05,-0.0107036,-0.288146
18.1,-0.0107095,-0.288682
18.15,-0.0106983,-0.289217
18.2,-0.0106888,-0.289751
18.25,-0.0106832,-0.290285
18.3,-0.0106749,-0.290819
18.35,-0.0106732,-0.291353
18.4,-0.0106803,-0.291887
18.45,-0.0106839,-0.292421
18.5,-0.0106837,-0.292955
18.55,-0.0106736,-0.293489
18.6,-0.0106684,-0.294022
18.65,-0.0106723,-0.294556
18.7,-0.0106716,-0.295089
18.75,-0.0106809,-0.295623
18.8,-0.0106761,-0.296157
18.85,-0.0106724,-0.296691
18.9,-0.0106656,-0.297224
18.95,-0.0106673,-0.297758
19.0,-0.0106598,-0.29829
19.05,-0.0106546,-0.298823
19.1,-0.0106419,-0.299355
19.15,-0.0106549,-0.299888
19.2,-0.0106526,-0.300421
19.25,-0.0106439,-0.300953
19.3,-0.0106452,-0.301485
19.35,-0.0106442,-0.302017
19.4,-0.0106416,-0.302549
19.45,-0.0106484,-0.303082
19.5,-0.0106443,-0.303614
19.55,-0.0106473,-0.304146
19.6,-0.0106423,-0.304679
19.65,-0.0106324,-0.30521
19.7,-0.0106277,-0.305742
19.75,-0.0106312,-0.306273
19.8,-0.0106269,-0.306804
19.85,-0.0106244,-0.307336
19.9,-0.0106287,-0.307867
19.95,-0.0106245,-0.308398
20.0,-0.0106149,-0.308929
20.05,-0.0106121,-0.30946
20.1,-0.0106206,-0.309991
20.15,-0.0106198,-0.310522
20.2,-0.0106118,-0.311052
20.25,-0.0106164,-0.311583
20.3,-0.0106056,-0.312113
20.35,-0.0106191,-0.312644
20.4,-0.0106188,-0.313175
20.45,-0.0106147,-0.313706
20.5,-0.0106198,-0.314237
20.55,-0.0106154,-0.314768
20.6,-0.0106114,-0.315298
20.65,-0.0106102,-0.315829
20.7,-0.0106075,-0.316359
20.75,-0.010599,-0.316889
20.8,-0.0105935,-0.317419
20.85,-0.0105933,-0.317949
20.9,-0.0105898,-0.318478
20.95,-0.0105824,-0.319007
21.0,-0.0105866,-0.319536
21.05,-0.0105803,-0.320065
21.1,-0.0105736,-0.320594
21.15,-0.010569,-0.321123
21.2,-0.0105672,-0.321651
21.25,-0.0105763,-0.32218
21.3,-0.0105726,-0.322708
21.35,-0.0105642,-0.323237
21.4,-0.0105608,-0.323765
21.45,-0.0105551,-0.324292
21.5,-0.0105526,-0.32482
21.55,-0.0105508,-0.325348
21.6,-0.0105533,-0.325875
21.65,-0.0105566,-0.326403
21.7,-0.010558,-0.326931
21.75,-0.0105592,-0.327459
21.8,-0.0105615,-0.327987
21.85,-0.0105547,-0.328515
21.9,-0.0105595,-0.329043
21.95,-0.0105574,-0.329571
22.0,-0.0105498,-0.330098
22.05,-0.0105467,-0.330625
22.1,-0.0105488,-0.331153
22.15,-0.0105463,-0.33168
22.2,-0.0105461,-0.332208
22.25,-0.0105408,-0.332735
22.3,-0.0105385,-0.333261
22.35,-0.0105427,-0.333789
22.4,-0.0105355,-0.334315
22.45,-0.0105386,-0.334842
22.5,-0.0105393,-0.335369
22.55,-0.0105366,-0.335896
22.6,-0.0105441,-0.336423
22.65,-0.0105377,-0.33695
22.7,-0.01054,-0.337477
22.75,-0.0105333,-0.338004
22.8,-0.0105351,-0.338531
22.85,-0.0105375,-0.339057
22.9,-0.0105278,-0.339584
22.95,-0.0105324,-0.34011
23.0,-0.0105298,-0.340637
23.05,-0.010528,-0.341163
23.1,-0.0105253,-0.34169
23.15,-0.0105277,-0.342216
23.2,-0.0105185,-0.342742
23.25,-0.0105237,-0.343268
23.3,-0.0105293,-0.343795
23.35,-0.0105232,-0.344321
23.4,-0.0105196,-0.344847
23.45,-0.0105277,-0.345373
23.5,-0.0105241,-0.345899
23.55,-0.0105212,-0.346425
23.6,-0.0105255,-0.346952
23.65,-0.0105248,-0.347478
23.7,-0.010526,-0.348004
23.75,-0.0105258,-0.348531
23.8,-0.0105151,-0.349056
23.85,-0.0105061,-0.349582
23.9,-0.0105067,-0.350107
23.95,-0.0105122,-0.350633
24.0,-0.0105223,-0.351159
24.05,-0.010519,-0.351685
24.1,-0.0105077,-0.35221
24.15,-0.010502,-0.352735
24.2,-0.0104932,-0.35326
24.25,-0.0104938,-0.353784
24.3,-0.010497,-0.354309
24.35,-0.0105043,-0.354834
24.4,-0.0104969,-0.355359
24.45,-0.010492,-0.355884
24.5,-0.0104873,-0.356408
24.55,-0.0104981,-0.356933
24.6,-0.0104857,-0.357457
24.65,-0.0104861,-0.357982
24.7,-0.0104843,-0.358506
24.75,-0.0104845,-0.35903
24.8,-0.010484,-0.359554
24.85,-0.0104825,-0.360079
24.9,-0.0104685,-0.360602
24.95,-0.0104837,-0.361126
25.0,-0.0104777,-0.36165
25.05,-0.0104833,-0.362174
25.1,-0.0104858,-0.362698
25.15,-0.0104837,-0.363223
25.2,-0.010483,-0.363747
25.25,-0.0104807,-0.364271
25.3,-0.010472,-0.364794
25.35,-0.0104729,-0.365318
25.4,-0.0104694,-0.365842
25.45,-0.0104662,-0.366365
25.5,-0.0104681,-0.366888
25.55,-0.0104716,-0.367412
25.6,-0.010473,-0.367936
25.65,-0.0104772,-0.368459
25.7,-0.0104714,-0.368983
25.75,-0.0104809,-0.369507
25.8,-0.0104683,-0.37003
25.85,-0.010467,-0.370554
25.9,-0.0104683,-0.371077
25.95,-0.0104631,-0.3716
26.0,-0.0104686,-0.372124
26.05,-0.0104735,-0.372647
26.1,-0.0104769,-0.373171
26.15,-0.0104692,-0.373695
26.2,-0.0104637,-0.374218
26.25,-0.0104694,-0.374741
26.3,-0.0104637,-0.375265
26.35,-0.0104634,-0.375788
26.4,-0.0104624,-0.376311
26.45,-0.0104654,-0.376834
26.5,-0.0104667,-0.377358
26.55,-0.0104659,-0.377881
26.6,-0.0104699,-0.378404
26.65,-0.0104616,-0.378927
26.7,-0.0104527,-0.37945
26.75,-0.0104564,-0.379973
26.8,-0.0104623,-0.380496
26.85,-0.0104564,-0.381019
26.9,-0.0104666,-0.381542
26.95,-0.0104572,-0.382065
27.0,-0.0104522,-0.382588
27.05,-0.0104482,-0.38311
27.1,-0.010456,-0.383633
27.15,-0.0104578,-0.384156
27.2,-0.0104575,-0.384679
27.25,-0.0104609,-0.385202
27.3,-0.0104565,-0.385724
27.35,-0.010448,-0.386247
27.4,-0.0104507,-0.386769
27.45,-0.0104502,-0.387292
27.5,-0.0104544,-0.387815
27.55,-0.0104588,-0.388338
27.6,-0.0104601,-0.388861
27.65,-0.0104619,-0.389384
27.7,-0.0104636,-0.389907
27.75,-0.0104578,-0.39043
27.8,-0.0104514,-0.390952
27.85,-0.010448,-0.391475
27.9,-0.0104457,-0.391997
27.95,-0.0104407,-0.392519
28.0,-0.0104395,-0.393041
28.05,-0.0104369,-0.393563
28.1,-0.0104405,-0.394085
28.15,-0.0104477,-0.394607
28.2,-0.0104449,-0.395129
28.25,-0.0104479,-0.395652
28.3,-0.0104498,-0.396174
28.35,-0.0104446,-0.396697
28.4,-0.0104356,-0.397218
28.45,-0.010445,-0.397741
28.5,-0.0104368,-0.398262
28.55,-0.0104325,-0.398784
28.6,-0.0104391,-0.399306
28.65,-0.0104423,-0.399828
28.7,-0.0104348,-0.40035
28.75,-0.0104268,-0.400871
28.8,-0.0104224,-0.401392
28.85,-0.0104295,-0.401914
28.9,-0.0104295,-0.402435
28.95,-0.0104314,-0.402957
29.0,-0.0104295,-0.403478
29.05,-0.0104273,-0.404
29.1,-0.0104258,-0.404521
29.15,-0.0104296,-0.405042
29.2,-0.0104283,-0.405564
29.25,-0.01042,-0.406085
29.3,-0.0104311,-0.406606
29.35,-0.010419,-0.407127
29.4,-0.0104181,-0.407648
29.45,-0.0104313,-0.40817
29.5,-0.0104257,-0.408691
29.55,-0.0104229,-0.409212
29.6,-0.0104322,-0.409734
29.65,-0.0104233,-0.410255
29.7,-0.0104306,-0.410777
29.75,-0.0104123,-0.411297
29.8,-0.0104224,-0.411818
29.85,-0.0104204,-0.412339
29.9,-0.0104205,-0.41286
29.95,-0.0104208,-0.413381
30.0,-0.0104212,-0.413902
30.05,-0.010419,-0.414423
30.1,-0.0104169,-0.414944
30.15,-0.0104184,-0.415465
30.2,-0.0104233,-0.415986
30.25,-0.0104311,-0.416508
30.3,-0.0104264,-0.417029
30.35,-0.0104283,-0.417551
30.4,-0.0104188,-0.418072
30.45,-0.0104177,-0.418592
30.5,-0.010425,-0.419114
30.55,-0.0104221,-0.419635
30.6,-0.0104233,-0.420156
30.65,-0.0104295,-0.420677
30.7,-0.010427,-0.421199
30.75,-0.0104253,-0.42172
30.8,-0.0104205,-0.422241
30.85,-0.0104263,-0.422762
30.9,-0.0104282,-0.423284
30.95,-0.010429,-0.423805
31.0,-0.0104262,-0.424327
31.05,-0.010425,-0.424848
31.1,-0.0104243,-0.425369
31.15,-0.010422,-0.42589
31.2,-0.0104183,-0.426411
31.25,-0.0104167,-0.426932
31.3,-0.0104202,-0.427453
31.35,-0.0104217,-0.427974
31.4,-0.0104166,-0.428495
31.45,-0.0104287,-0.429016
31.5,-0.0104201,-0.429537
31.55,-0.010417,-0.430058
31.6,-0.0104227,-0.430579
31.65,-0.0104242,-0.4311
31.7,-0.0104321,-0.431622
31.75,-0.0104332,-0.432144
31.8,-0.0104206,-0.432665
31.85,-0.0104314,-0.433186
31.9,-0.0104286,-0.433708
31.95,-0.0104254,-0.434229
32.0,-0.0104334,-0.434751
32.05,-0.0104404,-0.435273
32.1,-0.0104386,-0.435795
32.15,-0.0104405,-0.436317
32.2,-0.0104365,-0.436839
32.25,-0.0104305,-0.43736
32.3,-0.0104346,-0.437882
32.35,-0.0104406,-0.438404
32.4,-0.0104337,-0.438925
32.45,-0.0104474,-0.439448
32.5,-0.0104488,-0.43997
32.55,-0.0104401,-0.440492
32.6,-0.0104391,-0.441014
32.65,-0.0104387,-0.441536
32.7,-0.0104449,-0.442058
32.75,-0.0104365,-0.44258
32.8,-0.0104329,-0.443102
32.85,-0.0104359,-0.443624
32.9,-0.0104353,-0.444145
32.95,-0.0104357,-0.444667
33.0,-0.0104368,-0.445189
33.05,-0.0104476,-0.445711
33.1,-0.0104427,-0.446234
33.15,-0.0104459,-0.446756
33.2,-0.0104472,-0.447278
33.25,-0.0104434,-0.4478
33.3,-0.0104443,-0.448323
33.35,-0.0104419,-0.448845
33.4,-0.0104386,-0.449367
33.45,-0.0104389,-0.449889
33.5,-0.0104418,-0.450411
33.55,-0.010439,-0.450933
33.6,-0.0104343,-0.451454
33.65,-0.0104336,-0.451976
33.7,-0.0104426,-0.452498
33.75,-0.0104404,-0.45302
33.8,-0.0104515,-0.453543
33.85,-0.0104463,-0.454065
33.9,-0.0104381,-0.454587
33.95,-0.0104396,-0.455109
34.0,-0.0104457,-0.455631
34.05,-0.0104433,-0.456153
34.1,-0.0104434,-0.456676
34.15,-0.010439,-0.457198
34.2,-0.0104447,-0.45772
34.25,-0.0104329,-0.458241
34.3,-0.0104398,-0.458763
34.35,-0.010437,-0.459285
34.4,-0.0104472,-0.459808
34.45,-0.010444,-0.46033
34.5,-0.0104386,-0.460852
34.55,-0.0104351,-0.461374
34.6,-0.0104325,-0.461895
34.65,-0.0104352,-0.462417
34.7,-0.0104344,-0.462939
34.75,-0.0104297,-0.46346
34.8,-0.0104203,-0.463981
34.85,-0.0104266,-0.464502
34.9,-0.0104266,-0.465024
34.95,-0.0104249,-0.465545
35.0,-0.0104307,-0.466067
35.05,-0.0104264,-0.466588
35.1,-0.0104278,-0.467109
35.15,-0.0104313,-0.467631
35.2,-0.0104346,-0.468153
35.25,-0.0104434,-0.468675
35.3,-0.0104366,-0.469197
35.35,-0.0104377,-0.469718
35.4,-0.0104339,-0.47024
35.45,-0.0104311,-0.470762
35.5,-0.0104415,-0.471284
35.55,-0.0104377,-0.471806
35.6,-0.0104371,-0.472328
35.65,-0.0104223,-0.472849
35.7,-0.0104374,-0.47337
35.75,-0.0104383,-0.473892
35.8,-0.0104388,-0.474414
35.85,-0.01044,-0.474936
35.9,-0.010444,-0.475459
35.95,-0.0104423,-0.475981
36.0,-0.0104471,-0.476503
36.05,-0.0104514,-0.477026
36.1,-0.010455,-0.477548
36.15,-0.0104547,-0.478071
36.2,-0.0104563,-0.478594
36.25,-0.0104429,-0.479116
36.3,-0.0104425,-0.479638
36.35,-0.0104483,-0.480161
36.4,-0.0104454,-0.480683
36.45,-0.0104501,-0.481205
36.5,-0.01044,-0.481727
36.55,-0.0104431,-0.482249
36.6,-0.0104487,-0.482772
36.65,-0.0104483,-0.483294
36.7,-0.0104562,-0.483817
36.75,-0.0104658,-0.48434
36.8,-0.0104517,-0.484863
36.85,-0.0104476,-0.485385
36.9,-0.0104478,-0.485908
36.95,-0.0104429,-0.48643
37.0,-0.0104439,-0.486952
37.05,-0.0104559,-0.487475
37.1,-0.0104583,-0.487998
37.15,-0.0104663,-0.488521
37.2,-0.010461,-0.489044
37.25,-0.0104562,-0.489567
37.3,-0.0104545,-0.49009
37.35,-0.0104535,-0.490612
37.4,-0.0104566,-0.491135
37.45,-0.0104558,-0.491658
37.5,-0.0104531,-0.492181
37.55,-0.0104528,-0.492703
37.6,-0.0104529,-0.493226
37.65,-0.0104592,-0.493749
37.7,-0.0104569,-0.494272
37.75,-0.0104578,-0.494795
37.8,-0.0104513,-0.495317
37.85,-0.0104478,-0.49584
37.9,-0.0104456,-0.496362
37.95,-0.0104541,-0.496885
38.0,-0.0104517,-0.497407
38.05,-0.0104579,-0.49793
38.1,-0.0104546,-0.498453
38.15,-0.0104565,-0.498976
38.2,-0.0104648,-0.499499
38.25,-0.0104549,-0.500022
38.3,-0.0104568,-0.500544
38.35,-0.0104542,-0.501067
38.4,-0.0104564,-0.50159
38.45,-0.010461,-0.502113
38.5,-0.0104637,-0.502636
38.55,-0.0104601,-0.503159
38.6,-0.0104683,-0.503683
38.65,-0.0104587,-0.504206
38.7,-0.0104616,-0.504729
38.75,-0.0104563,-0.505252
38.8,-0.0104443,-0.505774
38.85,-0.010463,-0.506297
38.9,-0.010462,-0.50682
38.95,-0.0104612,-0.507343
39.0,-0.0104595,-0.507866
39.05,-0.0104638,-0.508389
39.1,-0.0104707,-0.508913
39.15,-0.0104751,-0.509436
39.2,-0.0104656,-0.50996
39.25,-0.0104659,-0.510483
39.3,-0.0104709,-0.511007
39.35,-0.0104729,-0.51153
39.4,-0.0104746,-0.512054
39.45,-0.0104814,-0.512578
39.5,-0.0104908,-0.513103
39.55,-0.0104932,-0.513627
39.6,-0.010485,-0.514152
39.65,-0.0104848,-0.514676
39.7,-0.0104701,-0.515199
39.75,-0.0104781,-0.515723
39.8,-0.0104732,-0.516247
39.85,-0.0104787,-0.516771
39.9,-0.0104936,-0.517295
39.95,-0.0104953,-0.51782
40.0,-0.0104903,-0.518345
40.05,-0.010483,-0.518869
40.1,-0.010482,-0.519393
40.15,-0.0104944,-0.519918
40.2,-0.0104884,-0.520442
40.25,-0.0104857,-0.520966
40.3,-0.0105024,-0.521492
40.35,-0.0104859,-0.522016
40.4,-0.0104917,-0.52254
40.45,-0.0104946,-0.523065
40.5,-0.0105005,-0.52359
40.55,-0.0105046,-0.524115
40.6,-0.010504,-0.524641
40.65,-0.010499,-0.525165
40.7,-0.010508,-0.525691
40.75,-0.0105055,-0.526216
40.8,-0.0105027,-0.526741
40.85,-0.0105069,-0.527267
40.9,-0.0105109,-0.527792
40.95,-0.0105106,-0.528318
41.0,-0.0105166,-0.528844
41.05,-0.0105293,-0.52937
41.1,-0.0105225,-0.529896
41.15,-0.010519,-0.530422
41.2,-0.010519,-0.530948
41.25,-0.0105295,-0.531475
41.3,-0.0105302,-0.532001
41.35,-0.0105401,-0.532528
41.4,-0.010535,-0.533055
41.45,-0.0105351,-0.533582
41.5,-0.0105419,-0.534109
41.55,-0.0105415,-0.534636
41.6,-0.0105547,-0.535163
41.65,-0.0105502,-0.535691
41.7,-0.0105466,-0.536218
41.75,-0.010545,-0.536746
41.8,-0.0105489,-0.537273
41.85,-0.0105526,-0.537801
41.9,-0.01056,-0.538329
41.95,-0.0105551,-0.538856
42.0,-0.0105598,-0.539384
42.05,-0.0105704,-0.539913
42.1,-0.0105733,-0.540442
42.15,-0.0105746,-0.54097
42.2,-0.0105655,-0.541499
42.25,-0.0105682,-0.542027
42.3,-0.0105687,-0.542555
42.35,-0.0105711,-0.543084
42.4,-0.0105676,-0.543612
42.45,-0.0105778,-0.544141
42.5,-0.0105802,-0.54467
42.55,-0.0105838,-0.545199
42.6,-0.0105784,-0.545728
42.65,-0.0105812,-0.546257
42.7,-0.0105761,-0.546786
42.75,-0.0105749,-0.547315
42.8,-0.0105894,-0.547844
42.85,-0.0105952,-0.548374
42.9,-0.0106022,-0.548904
42.95,-0.0106006,-0.549434
43.0,-0.0106,-0.549964
43.05,-0.0106045,-0.550495
43.1,-0.0105983,-0.551024
43.15,-0.0106044,-0.551555
43.2,-0.0106113,-0.552085
43.25,-0.0106145,-0.552616
43.3,-0.0106212,-0.553147
43.35,-0.0106127,-0.553678
43.4,-0.0106097,-0.554208
43.45,-0.0106181,-0.554739
43.5,-0.010616,-0.55527
43.55,-0.0106245,-0.555801
43.6,-0.0106201,-0.556332
43.65,-0.0106258,-0.556863
43.7,-0.0106275,-0.557395
43.75,-0.0106339,-0.557926
43.8,-0.0106257,-0.558458
43.85,-0.010641,-0.55899
43.9,-0.0106383,-0.559522
43.95,-0.0106358,-0.560053
44.0,-0.0106474,-0.560586
44.05,-0.0106385,-0.561118
44.1,-0.0106388,-0.56165
44.15,-0.0106491,-0.562182
44.2,-0.0106476,-0.562715
44.25,-0.0106531,-0.563247
44.3,-0.0106635,-0.56378
44.35,-0.01067,-0.564314
44.4,-0.0106661,-0.564847
44.45,-0.0106626,-0.56538
44.5,-0.0106747,-0.565914
44.55,-0.0106688,-0.566447
44.6,-0.0106758,-0.566981
44.65,-0.0106743,-0.567515
44.7,-0.0106733,-0.568049
44.75,-0.0106897,-0.568583
44.8,-0.0106869,-0.569117
44.85,-0.0106814,-0.569652
44.9,-0.0106898,-0.570186
44.95,-0.0106833,-0.57072
45.0,-0.0106885,-0.571255
45.05,-0.0106912,-0.571789
45.1,-0.010691,-0.572324
45.15,-0.0106932,-0.572858
45.2,-0.010698,-0.573393
45.25,-0.0107001,-0.573928
45.3,-0.0106963,-0.574463
45.35,-0.0107033,-0.574998
45.4,-0.0107008,-0.575533
45.45,-0.0107106,-0.576069
45.5,-0.0107046,-0.576604
45.55,-0.0107077,-0.577139
45.6,-0.0107138,-0.577675
45.65,-0.0107145,-0.578211
45.7,-0.0107242,-0.578747
45.75,-0.0107166,-0.579283
45.8,-0.0107114,-0.579818
45.85,-0.0107119,-0.580354
45.9,-0.0107185,-0.58089
45.95,-0.0107235,-0.581426
46.0,-0.010727,-0.581963
46.05,-0.010725,-0.582499
46.1,-0.0107264,-0.583035
46.15,-0.0107226,-0.583571
46.2,-0.0107263,-0.584108
46.25,-0.0107406,-0.584645
46.3,-0.0107379,-0.585181
46.35,-0.0107439,-0.585719
46.4,-0.0107475,-0.586256
46.45,-0.0107528,-0.586794
46.5,-0.010757,-0.587332
46.55,-0.0107629,-0.58787
46.6,-0.010771,-0.588408
46.65,-0.010789,-0.588948
46.7,-0.0107795,-0.589487
46.75,-0.0107881,-0.590026
46.8,-0.0107953,-0.590566
46.85,-0.0107876,-0.591105
46.9,-0.0107904,-0.591645
46.95,-0.0107841,-0.592184
47.0,-0.0107898,-0.592723
47.05,-0.0107967,-0.593263
47.1,-0.010797,-0.593803
47.15,-0.0108036,-0.594343
47.2,-0.0108046,-0.594884
47.25,-0.0108023,-0.595424
47.3,-0.010809,-0.595964
47.35,-0.010806,-0.596504
47.4,-0.0108077,-0.597045
47.45,-0.010817,-0.597586
47.5,-0.0108117,-0.598126
47.55,-0.0108194,-0.598667
47.6,-0.0108274,-0.599209
47.65,-0.0108298,-0.59975
47.7,-0.010834,-0.600292
47.75,-0.0108357,-0.600834
47.8,-0.0108329,-0.601375
47.85,-0.0108462,-0.601918
47.9,-0.0108312,-0.602459
47.95,-0.0108427,-0.603001
48.0,-0.010843,-0.603543
48.05,-0.0108483,-0.604086
48.1,-0.0108462,-0.604628
48.15,-0.0108503,-0.605171
48.2,-0.0108493,-0.605713
48.25,-0.0108471,-0.606255
48.3,-0.0108534,-0.606798
48.35,-0.010851,-0.607341
48.4,-0.010856,-0.607883
48.45,-0.0108684,-0.608427
48.5,-0.0108799,-0.608971
48.55,-0.0108799,-0.609515
48.6,-0.0108869,-0.610059
48.65,-0.010896,-0.610604
48.7,-0.010896,-0.611149
48.75,-0.0108931,-0.611693
48.8,-0.0108875,-0.612238
48.85,-0.0108978,-0.612783
48.9,-0.0109155,-0.613328
48.95,-0.0109055,-0.613874
49.0,-0.010899,-0.614419
49.05,-0.0109086,-0.614964
49.1,-0.010909,-0.61551
49.15,-0.0109172,-0.616055
49.2,-0.0109062,-0.616601
49.25,-0.0109195,-0.617147
49.3,-0.010919,-0.617693
49.35,-0.010922,-0.618239
49.4,-0.0109203,-0.618785
49.45,-0.0109365,-0.619332
49.5,-0.0109447,-0.619879
49.55,-0.0109485,-0.620426
49.6,-0.0109406,-0.620973
49.65,-0.0109566,-0.621521
49.7,-0.0109489,-0.622069
49.75,-0.0109591,-0.622617
49.8,-0.0109724,-0.623165
49.85,-0.0109685,-0.623714
49.9,-0.0109766,-0.624262
49.95,-0.0109736,-0.624811
50.0,-0.0109727,-0.62536
50.05,-0.0109712,-0.625908
50.1,-0.0109773,-0.626457
50.15,-0.0109801,-0.627006
50.2,-0.0109826,-0.627555
50.25,-0.0109836,-0.628104
50.3,-0.0109812,-0.628654
50.35,-0.010991,-0.629203
50.4,-0.0109902,-0.629753
50.45,-0.0109929,-0.630302
50.5,-0.011001,-0.630852
50.55,-0.0110063,-0.631403
50.6,-0.0110193,-0.631954
50.65,-0.0110196,-0.632505
50.7,-0.0110249,-0.633056
50.75,-0.0110246,-0.633607
50.8,-0.0110311,-0.634159
50.85,-0.0110355,-0.63471
50.9,-0.0110334,-0.635262
50.95,-0.0110332,-0.635814
51.0,-0.0110413,-0.636366
51.05,-0.0110353,-0.636917
51.1,-0.0110529,-0.63747
51.15,-0.011057,-0.638023
51.2,-0.0110571,-0.638576
51.25,-0.0110632,-0.639129
51.3,-0.0110625,-0.639682
51.35,-0.0110688,-0.640236
51.4,-0.0110686,-0.640789
51.45,-0.0110623,-0.641342
51.5,-0.0110735,-0.641896
51.55,-0.0110789,-0.64245
51.6,-0.0110752,-0.643003
51.65,-0.011079,-0.643557
51.7,-0.0110745,-0.644111
51.75,-0.0110818,-0.644665
51.8,-0.0110827,-0.645219
51.85,-0.0110868,-0.645774
51.9,-0.0110948,-0.646328
51.95,-0.011107,-0.646884
52.0,-0.011108,-0.647439
52.05,-0.0111333,-0.647996
52.1,-0.0111178,-0.648552
52.15,-0.0111206,-0.649108
52.2,-0.0111255,-0.649664
52.25,-0.0111257,-0.65022
52.3,-0.0111333,-0.650777
52.35,-0.0111425,-0.651334
52.4,-0.0111453,-0.651891
52.45,-0.011152,-0.652449
52.5,-0.0111553,-0.653007
52.55,-0.0111586,-0.653565
52.6,-0.0111672,-0.654123
52.65,-0.0111617,-0.654681
52.7,-0.0111704,-0.65524
52.75,-0.0111786,-0.655799
52.8,-0.0111684,-0.656357
52.85,-0.0111756,-0.656916
52.9,-0.0111751,-0.657475
52.95,-0.0111786,-0.658033
53.0,-0.0111759,-0.658592
53.05,-0.011181,-0.659151
53.1,-0.0111845,-0.659711
53.15,-0.0112042,-0.660271
53.2,-0.0111976,-0.660831
53.25,-0.0111954,-0.66139
53.3,-0.0111851,-0.66195
53.35,-0.0111955,-0.662509
53.4,-0.0112006,-0.663069
53.45,-0.0112065,-0.66363
53.5,-0.01121,-0.66419
53.55,-0.0112066,-0.664751
53.6,-0.0112143,-0.665311
53.65,-0.0112356,-0.665873
53.7,-0.0112218,-0.666434
53.75,-0.0112275,-0.666996
53.8,-0.0112382,-0.667557
53.85,-0.01123,-0.668119
53.9,-0.0112414,-0.668681
53.95,-0.0112314,-0.669243
54.0,-0.0112408,-0.669805
54.05,-0.0112439,-0.670367
54.1,-0.0112454,-0.670929
54.15,-0.0112508,-0.671492
54.2,-0.0112553,-0.672054
54.25,-0.0112591,-0.672617
54.3,-0.0112668,-0.673181
54.35,-0.0112633,-0.673744
54.4,-0.0112729,-0.674308
54.45,-0.011276,-0.674871
54.5,-0.0112866,-0.675436
54.55,-0.0112813,-0.676
54.6,-0.011294,-0.676564
54.65,-0.0112921,-0.677129
54.7,-0.0112897,-0.677694
54.75,-0.0113024,-0.678259
54.8,-0.0113022,-0.678824
54.85,-0.0113148,-0.679389
54.9,-0.0113197,-0.679955
54.95,-0.011315,-0.680521
55.0,-0.0113158,-0.681087
55.05,-0.0113121,-0.681653
55.1,-0.0113276,-0.682219
55.15,-0.011316,-0.682785
55.2,-0.0113264,-0.683351
55.25,-0.0113251,-0.683917
55.3,-0.0113264,-0.684484
55.35,-0.0113406,-0.685051
55.4,-0.011344,-0.685618
55.45,-0.0113364,-0.686185
55.5,-0.0113425,-0.686752
55.55,-0.0113441,-0.687319
55.6,-0.0113499,-0.687887
55.65,-0.0113539,-0.688454
55.7,-0.0113569,-0.689022
55.75,-0.0113577,-0.68959
55.8,-0.0113516,-0.690158
55.85,-0.0113516,-0.690725
55.9,-0.0113565,-0.691293
55.95,-0.0113683,-0.691861
56.0,-0.0113641,-0.69243
56.05,-0.0113683,-0.692998
56.1,-0.0113697,-0.693567
56.15,-0.0113748,-0.694135
56.2,-0.0113647,-0.694703
56.25,-0.0113704,-0.695272
56.3,-0.0113726,-0.695841
56.35,-0.0113639,-0.696409
56.4,-0.0113772,-0.696978
56.45,-0.0113845,-0.697547
56.5,-0.0113827,-0.698116
56.55,-0.0113854,-0.698685
56.6,-0.0113878,-0.699255
56.65,-0.011386,-0.699824
56.7,-0.0113895,-0.700393
56.75,-0.0113926,-0.700963
56.8,-0.0114001,-0.701533
56.85,-0.0114062,-0.702103
56.9,-0.0114063,-0.702674
56.95,-0.0114034,-0.703244
57.0,-0.0114106,-0.703814
57.05,-0.0114116,-0.704385
57.1,-0.0114169,-0.704956
57.15,-0.011423,-0.705527
57.2,-0.0114316,-0.706099
57.25,-0.0114325,-0.70667
57.3,-0.0114379,-0.707242
57.35,-0.0114406,-0.707814
57.4,-0.011429,-0.708386
57.45,-0.0114387,-0.708958
57.5,-0.0114388,-0.709529
57.55,-0.0114508,-0.710102
57.6,-0.0114515,-0.710675
57.65,-0.0114554,-0.711247
57.7,-0.0114595,-0.71182
57.75,-0.0114668,-0.712394
57.8,-0.0114635,-0.712967
57.85,-0.0114675,-0.71354
57.9,-0.0114686,-0.714114
57.95,-0.0114652,-0.714687
58.0,-0.011477,-0.715261
58.05,-0.0114763,-0.715835
58.1,-0.0114804,-0.716409
58.15,-0.0114854,-0.716983
58.2,-0.0114931,-0.717558
58.25,-0.0114986,-0.718132
58.3,-0.0115055,-0.718708
58.35,-0.0115088,-0.719283
58.4,-0.0115039,-0.719858
58.45,-0.0115063,-0.720434
58.5,-0.0115099,-0.721009
58.55,-0.0115221,-0.721585
58.6,-0.0115306,-0.722162
58.65,-0.0115385,-0.722739
58.7,-0.011543,-0.723316
58.75,-0.011539,-0.723893
58.8,-0.0115401,-0.72447
58.85,-0.0115495,-0.725047
58.9,-0.0115498,-0.725625
58.95,-0.0115589,-0.726203
59.0,-0.0115457,-0.72678
59.05,-0.0115522,-0.727358
59.1,-0.0115483,-0.727935
59.15,-0.0115501,-0.728513
59.2,-0.0115506,-0.72909
59.25,-0.0115537,-0.729668
59.3,-0.0115659,-0.730246
59.35,-0.0115599,-0.730824
59.4,-0.0115631,-0.731402
59.45,-0.011564,-0.73198
59.5,-0.0115624,-0.732559
59.55,-0.0115747,-0.733137
59.6,-0.0115704,-0.733716
59.65,-0.0115639,-0.734294
59.7,-0.0115662,-0.734872
59.75,-0.0115713,-0.735451
59.8,-0.0115865,-0.73603
59.85,-0.0115877,-0.73661
59.9,-0.0115957,-0.737189
59.95,-0.011595,-0.737769
60.0,-0.0115863,-0.738348
60.05,-0.0115903,-0.738928
60.1,-0.0115946,-0.739508
60.15,-0.0115934,-0.740087
60.2,-0.0116002,-0.740667
60.25,-0.0116076,-0.741248
60.3,-0.0116023,-0.741828
60.35,-0.0116101,-0.742408
60.4,-0.011615,-0.742989
60.45,-0.0116242,-0.74357
60.5,-0.0116202,-0.744151
60.55,-0.0116288,-0.744733
60.6,-0.0116286,-0.745314
60.65,-0.0116299,-0.745896
60.7,-0.0116406,-0.746478
60.75,-0.0116513,-0.74706
60.8,-0.0116544,-0.747643
60.85,-0.0116552,-0.748226
60.9,-0.0116573,-0.748809
60.95,-0.011665,-0.749392
61.0,-0.0116723,-0.749976
61.05,-0.0116764,-0.750559
61.1,-0.0116802,-0.751143
61.15,-0.0116823,-0.751727
61.2,-0.011681,-0.752311
61.25,-0.0116922,-0.752896
61.3,-0.0116968,-0.753481
61.35,-0.0116911,-0.754066
61.4,-0.0117024,-0.754651
61.45,-0.0117017,-0.755236
61.5,-0.0116987,-0.755821
61.55,-0.011701,-0.756406
61.6,-0.0117083,-0.756991
61.65,-0.0117202,-0.757577
61.7,-0.0117177,-0.758163
61.75,-0.0117244,-0.758749
61.8,-0.011722,-0.759335
61.85,-0.0117281,-0.759922
61.9,-0.0117324,-0.760508
61.95,-0.0117343,-0.761095
62.0,-0.0117288,-0.761681
62.05,-0.0117423,-0.762269
62.1,-0.0117425,-0.762856
62.15,-0.0117464,-0.763443
62.2,-0.011742,-0.76403
62.25,-0.0117586,-0.764618
62.3,-0.0117526,-0.765206
62.35,-0.0117567,-0.765794
62.4,-0.0117563,-0.766381
62.45,-0.0117622,-0.766969
62.5,-0.0117658,-0.767558
62.55,-0.0117748,-0.768147
62.6,-0.0117618,-0.768735
62.65,-0.0117743,-0.769323
62.7,-0.0117786,-0.769912
62.75,-0.0117767,-0.770501
62.8,-0.0117812,-0.77109
62.85,-0.0117734,-0.771679
62.9,-0.0117916,-0.772268
62.95,-0.0117967,-0.772858
63.0,-0.0117995,-0.773448
63.05,-0.0118037,-0.774038
63.1,-0.0118153,-0.774629
63.15,-0.0117977,-0.775219
63.2,-0.0118077,-0.775809
63.25,-0.0118058,-0.7764
63.3,-0.0118139,-0.77699
63.35,-0.011812,-0.777581
63.4,-0.0118254,-0.778172
63.45,-0.0118265,-0.778764
63.5,-0.0118317,-0.779355
63.55,-0.0118291,-0.779947
63.6,-0.0118322,-0.780538
63.65,-0.0118311,-0.78113
63.7,-0.0118386,-0.781722
63.75,-0.0118479,-0.782314
63.8,-0.0118592,-0.782907
63.85,-0.0118574,-0.7835
63.9,-0.0118665,-0.784093
63.95,-0.0118659,-0.784687
64.0,-0.0118732,-0.78528
64.05,-0.011868,-0.785874
64.1,-0.0118657,-0.786467
64.15,-0.0118623,-0.78706
64.2,-0.0118574,-0.787653
64.25,-0.0118675,-0.788246
64.3,-0.0118689,-0.78884
64.35,-0.0118838,-0.789434
64.4,-0.0118819,-0.790028
64.45,-0.0118874,-0.790622
64.5,-0.0118899,-0.791217
64.55,-0.0118968,-0.791812
64.6,-0.0118864,-0.792406
64.65,-0.0118871,-0.793
64.7,-0.0118921,-0.793595
64.75,-0.0118932,-0.79419
64.8,-0.0118999,-0.794785
64.85,-0.0119041,-0.79538
64.9,-0.011903,-0.795975
64.95,-0.0119217,-0.796571
65.0,-0.0119038,-0.797166
65.05,-0.0119143,-0.797762
65.1,-0.0119235,-0.798358
65.15,-0.0119156,-0.798954
65.2,-0.0119196,-0.79955
65.25,-0.0119285,-0.800146
65.3,-0.0119298,-0.800743
65.35,-0.0119419,-0.80134
65.4,-0.0119381,-0.801937
65.45,-0.0119471,-0.802534
65.5,-0.0119491,-0.803132
65.55,-0.0119521,-0.803729
65.6,-0.0119552,-0.804327
65.65,-0.0119518,-0.804925
65.7,-0.0119649,-0.805523
65.75,-0.0119776,-0.806122
65.8,-0.0119858,-0.806721
65.85,-0.011984,-0.80732
65.9,-0.0119835,-0.807919
65.95,-0.0119819,-0.808518
66.0,-0.0119903,-0.809118
66.05,-0.0119814,-0.809717
66.1,-0.0119809,-0.810316
66.15,-0.0119977,-0.810916
66.2,-0.0119949,-0.811516
66.25,-0.0120026,-0.812116
66.3,-0.0120101,-0.812716
66.35,-0.0120169,-0.813317
66.4,-0.0120221,-0.813918
66.45,-0.0120203,-0.814519
66.5,-0.0120204,-0.81512
66.55,-0.0120127,-0.815721
66.6,-0.0120218,-0.816322
66.65,-0.0120145,-0.816923
66.7,-0.0120312,-0.817524
66.75,-0.0120416,-0.818126
66.8,-0.0120389,-0.818728
66.85,-0.0120438,-0.819331
66.9,-0.0120529,-0.819933
66.95,-0.0120592,-0.820536
67.0,-0.0120528,-0.821139
67.05,-0.0120493,-0.821741
67.1,-0.0120609,-0.822344
67.15,-0.0120669,-0.822948
67.2,-0.0120685,-0.823551
67.25,-0.0120674,-0.824154
67.3,-0.0120774,-0.824758
67.35,-0.0120911,-0.825363
67.4,-0.0120856,-0.825967
67.45,-0.0120962,-0.826572
67.5,-0.0121057,-0.827177
67.55,-0.0121023,-0.827782
67.6,-0.012103,-0.828388
67.65,-0.0121179,-0.828993
67.7,-0.0121287,-0.8296
67.75,-0.012142,-0.830207
67.8,-0.0121383,-0.830814
67.85,-0.0121638,-0.831422
67.9,-0.0121601,-0.83203
67.95,-0.01215,-0.832638
68.0,-0.0121596,-0.833246
68.05,-0.0121613,-0.833854
68.1,-0.0121707,-0.834462
68.15,-0.0121708,-0.835071
68.2,-0.0121729,-0.835679
68.25,-0.012185,-0.836289
68.3,-0.0121872,-0.836898
68.35,-0.0121829,-0.837507
68.4,-0.0121825,-0.838116
68.45,-0.0121762,-0.838725
68.5,-0.0121825,-0.839334
68.55,-0.0121848,-0.839943
68.6,-0.0121911,-0.840553
68.65,-0.0122083,-0.841163
68.7,-0.0122118,-0.841774
68.75,-0.0122261,-0.842385
68.8,-0.0122533,-0.842998
68.85,-0.0122412,-0.84361
68.9,-0.0122505,-0.844223
68.95,-0.0122536,-0.844835
69.0,-0.0122483,-0.845448
69.05,-0.0122505,-0.84606
69.1,-0.0122516,-0.846673
69.15,-0.0122544,-0.847285
69.2,-0.0122593,-0.847898
69.25,-0.0122476,-0.848511
69.3,-0.0122728,-0.849124
69.35,-0.0122694,-0.849738
69.4,-0.0122733,-0.850352
69.45,-0.012278,-0.850965
69.5,-0.0122746,-0.851579
69.55,-0.0122881,-0.852194
69.6,-0.012294,-0.852808
69.65,-0.0123029,-0.853423
69.7,-0.0123093,-0.854039
69.75,-0.0123112,-0.854654
69.8,-0.0123207,-0.855271
69.85,-0.0123263,-0.855887
69.9,-0.0123243,-0.856503
69.95,-0.0123356,-0.85712
70.0,-0.0123373,-0.857737
70.05,-0.0123408,-0.858354
70.1,-0.0123556,-0.858972
70.15,-0.0123549,-0.859589
70.2,-0.0123673,-0.860208
70.25,-0.0123823,-0.860827
70.3,-0.0123652,-0.861445
70.35,-0.0123718,-0.862064
70.4,-0.0123779,-0.862682
70.45,-0.012392,-0.863302
70.5,-0.0124037,-0.863922
70.55,-0.0124074,-0.864543
70.6,-0.0124098,-0.865163
70.65,-0.0124154,-0.865784
70.7,-0.0124092,-0.866404
70.75,-0.0124312,-0.867026
70.8,-0.0124419,-0.867648
70.85,-0.0124537,-0.868271
70.9,-0.0124667,-0.868894
70.95,-0.0124603,-0.869517
71.0,-0.0124718,-0.870141
71.05,-0.0124623,-0.870764
71.1,-0.0124654,-0.871387
71.15,-0.0124703,-0.872011
71.2,-0.0124716,-0.872634
71.25,-0.0124791,-0.873258
71.3,-0.0124918,-0.873883
71.35,-0.0124752,-0.874506
71.4,-0.0124966,-0.875131
71.45,-0.012497,-0.875756
71.5,-0.0125025,-0.876381
71.55,-0.0125119,-0.877007
71.6,-0.0124966,-0.877632
71.65,-0.0125062,-0.878257
71.7,-0.0125088,-0.878882
71.75,-0.0125042,-0.879508
71.8,-0.012519,-0.880134
71.85,-0.012529,-0.88076
71.9,-0.0125284,-0.881386
71.95,-0.012538,-0.882013
72.0,-0.012542,-0.88264
72.05,-0.0125479,-0.883268
72.1,-0.0125537,-0.883896
72.15,-0.0125594,-0.884523
72.2,-0.0125594,-0.885151
72.25,-0.0125605,-0.88578
72.3,-0.0125596,-0.886407
72.35,-0.0125687,-0.887036
72.4,-0.0125704,-0.887664
72.45,-0.0125753,-0.888293
72.5,-0.0125887,-0.888923
72.55,-0.0125995,-0.889553
72.6,-0.0125975,-0.890182
72.65,-0.0125971,-0.890812
72.7,-0.0125971,-0.891442
72.75,-0.0125993,-0.892072
72.8,-0.0125966,-0.892702
72.85,-0.0126168,-0.893333
72.9,-0.0126314,-0.893964
72.95,-0.0126272,-0.894596
73.0,-0.0126439,-0.895228
73.05,-0.0126433,-0.89586
73.1,-0.0126491,-0.896493
73.15,-0.0126545,-0.897125
73.2,-0.0126472,-0.897758
73.25,-0.0126526,-0.89839
73.3,-0.0126542,-0.899023
73.35,-0.0126543,-0.899656
73.4,-0.012683,-0.90029
73.45,-0.0126834,-0.900924
73.5,-0.0126943,-0.901559
73.55,-0.012699,-0.902194
73.6,-0.0126941,-0.902828
73.65,-0.0126928,-0.903463
73.7,-0.0126994,-0.904098
73.75,-0.0127138,-0.904734
73.8,-0.0127217,-0.90537
73.85,-0.01272,-0.906006
73.9,-0.012723,-0.906642
73.95,-0.0127287,-0.907278
74.0,-0.0127239,-0.907915
74.05,-0.012734,-0.908551
74.1,-0.0127266,-0.909188
74.15,-0.0127421,-0.909825
74.2,-0.0127528,-0.910462
74.25,-0.0127583,-0.9111
74.3,-0.0127688,-0.911739
74.35,-0.0127679,-0.912377
74.4,-0.0127823,-0.913016
74.45,-0.0128064,-0.913656
74.5,-0.0128205,-0.914298
74.55,-0.01282,-0.914939
74.6,-0.0128165,-0.915579
74.65,-0.0128195,-0.91622
74.7,-0.0128216,-0.916861
74.75,-0.0128299,-0.917503
74.8,-0.0128183,-0.918144
74.85,-0.0128281,-0.918785
74.9,-0.01283,-0.919427
74.95,-0.012843,-0.920069
75.0,-0.0128594,-0.920712
75.05,-0.0128635,-0.921355
75.1,-0.0128745,-0.921999
75.15,-0.0128882,-0.922643
75.2,-0.0128758,-0.923287
75.25,-0.0128843,-0.923931
75.3,-0.0128944,-0.924576
75.35,-0.0129007,-0.925221
75.4,-0.0129304,-0.925867
75.45,-0.0129221,-0.926514
75.5,-0.0129392,-0.927161
75.55,-0.0129286,-0.927807
75.6,-0.012919,-0.928453
75.65,-0.0129281,-0.929099
75.7,-0.0129243,-0.929745
75.75,-0.0129369,-0.930392
75.8,-0.0129499,-0.93104
75.85,-0.0129546,-0.931688
75.9,-0.0129747,-0.932336
75.95,-0.0129698,-0.932985
76.0,-0.0129699,-0.933633
76.05,-0.0129767,-0.934282
76.1,-0.0129692,-0.934931
76.15,-0.0129823,-0.93558
76.2,-0.0129921,-0.936229
76.25,-0.0129895,-0.936879
76.3,-0.0130091,-0.937529
76.35,-0.0130221,-0.93818
76.4,-0.0130173,-0.938831
76.45,-0.0130284,-0.939483
76.5,-0.0130206,-0.940134
76.55,-0.0130288,-0.940785
76.6,-0.0130322,-0.941437
76.65,-0.0130315,-0.942088
76.7,-0.0130505,-0.942741
76.75,-0.0130607,-0.943394
76.8,-0.0130598,-0.944047
76.85,-0.013093,-0.944701
76.9,-0.0130852,-0.945356
76.95,-0.013096,-0.946011
77.0,-0.0130987,-0.946665
77.05,-0.0130719,-0.947319
77.1,-0.013084,-0.947973
77.15,-0.0130852,-0.948628
77.2,-0.0130987,-0.949282
77.25,-0.0131131,-0.949938
77.3,-0.0131035,-0.950593
77.35,-0.013131,-0.95125
77.4,-0.013124,-0.951906
77.45,-0.013134,-0.952563
77.5,-0.0131505,-0.95322
77.55,-0.0131382,-0.953877
77.6,-0.0131477,-0.954535
77.65,-0.0131797,-0.955194
77.7,-0.0131681,-0.955852
77.75,-0.0131921,-0.956512
77.8,-0.0131981,-0.957171
77.85,-0.0131934,-0.957831
77.9,-0.013207,-0.958492
77.95,-0.0131824,-0.959151
78.0,-0.0131908,-0.95981
78.05,-0.0131926,-0.96047
78.1,-0.0131896,-0.961129
78.15,-0.0132117,-0.96179
78.2,-0.0132355,-0.962452
78.25,-0.0132577,-0.963115
78.3,-0.0133029,-0.96378
78.35,-0.0132716,-0.964443
78.4,-0.0132838,-0.965107
78.45,-0.0132807,-0.965771
78.5,-0.0132644,-0.966435
78.55,-0.0132776,-0.967099
78.6,-0.0132548,-0.967761
78.65,-0.0132574,-0.968424
78.7,-0.0132806,-0.969088
78.75,-0.0132912,-0.969753
78.8,-0.013327,-0.970419
78.85,-0.0133237,-0.971085
78.9,-0.0133166,-0.971751
78.95,-0.0133188,-0.972417
79.0,-0.0132881,-0.973081
79.05,-0.0132969,-0.973746
79.1,-0.0133211,-0.974412
79.15,-0.0133221,-0.975078
79.2,-0.013368,-0.975747
79.25,-0.0133685,-0.976415
79.3,-0.0133671,-0.977084
79.35,-0.0133718,-0.977752
79.4,-0.0133463,-0.97842
79.45,-0.0133585,-0.979087
79.5,-0.0133681,-0.979756
79.55,-0.0133597,-0.980424
79.6,-0.013387,-0.981093
79.65,-0.0133949,-0.981763
79.7,-0.0134017,-0.982433
79.75,-0.013415,-0.983104
79.8,-0.013395,-0.983774
79.85,-0.0134158,-0.984444
79.9,-0.0133993,-0.985114
79.95,-0.0133991,-0.985784
80.0,-0.0134036,-0.986454
80.05,-0.0133858,-0.987124
80.1,-0.0134123,-0.987794
80.15,-0.0134304,-0.988466
80.2,-0.0134231,-0.989137
80.25,-0.0134327,-0.989809
80.3,-0.0134283,-0.99048
80.35,-0.0134364,-0.991152
80.4,-0.0134549,-0.991825
80.45,-0.0134334,-0.992496
80.5,-0.0134549,-0.993169
80.55,-0.0134568,-0.993842
80.6,-0.0134484,-0.994514
80.65,-0.0134617,-0.995187
80.7,-0.0134415,-0.995859
80.75,-0.0134605,-0.996532
80.8,-0.0134817,-0.997207
80.85,-0.0134717,-0.99788
80.9,-0.0134842,-0.998554
80.95,-0.0134753,-0.999228
81.0,-0.0134735,-0.999902
81.05,-0.013501,-1.00058
81.1,-0.0134976,-1.00125
81.15,-0.0135205,-1.00193
81.2,-0.01353,-1.0026
81.25,-0.013516,-1.00328
81.3,-0.0135359,-1.00396
81.35,-0.0135201,-1.00463
81.4,-0.0135199,-1.00531
81.45,-0.0135462,-1.00599
81.5,-0.0135418,-1.00666
81.55,-0.0135661,-1.00734
81.6,-0.0135497,-1.00802
81.65,-0.013541,-1.0087
81.7,-0.0135623,-1.00937
81.75,-0.0135436,-1.01005
81.8,-0.0135429,-1.01073
81.85,-0.0135418,-1.01141
81.9,-0.0135343,-1.01208
81.95,-0.013555,-1.01276
82.0,-0.0135639,-1.01344
82.05,-0.013568,-1.01412
82.1,-0.0135957,-1.0148
82.15,-0.0135793,-1.01548
82.2,-0.0135897,-1.01615
82.25,-0.0135853,-1.01683
82.3,-0.0135824,-1.01751
82.35,-0.0135976,-1.01819
82.4,-0.0136065,-1.01887
82.45,-0.0136138,-1.01955
82.5,-0.0136315,-1.02024
82.55,-0.0136188,-1.02092
82.6,-0.0136314,-1.0216
82.65,-0.0136354,-1.02228
82.7,-0.0136279,-1.02296
82.75,-0.0136383,-1.02364
82.8,-0.0136303,-1.02432
82.85,-0.0136449,-1.02501
82.9,-0.0136612,-1.02569
82.95,-0.0136593,-1.02637
83.0,-0.0136666,-1.02706
83.05,-0.0136583,-1.02774
83.1,-0.0136506,-1.02842
83.15,-0.0136578,-1.0291
83.2,-0.013666,-1.02979
83.25,-0.0136794,-1.03047
83.3,-0.0136971,-1.03116
83.35,-0.0136806,-1.03184
83.4,-0.0136721,-1.03252
83.45,-0.0136899,-1.03321
83.5,-0.0136923,-1.03389
83.55,-0.0136963,-1.03458
83.6,-0.0137043,-1.03526
83.65,-0.0137078,-1.03595
83.7,-0.0137239,-1.03664
83.75,-0.013705,-1.03732
83.8,-0.0136978,-1.03801
83.85,-0.0137133,-1.03869
83.9,-0.0137015,-1.03938
83.95,-0.0137273,-1.04006
84.0,-0.0137145,-1.04075
84.05,-0.0137132,-1.04143
84.1,-0.0137322,-1.04212
84.15,-0.0137311,-1.04281
84.2,-0.0137389,-1.04349
84.25,-0.0137548,-1.04418
84.3,-0.0137565,-1.04487
84.35,-0.0137674,-1.04556
84.4,-0.0137587,-1.04625
84.45,-0.0137651,-1.04693
84.5,-0.0137681,-1.04762
84.55,-0.0137656,-1.04831
84.6,-0.0137746,-1.049
84.65,-0.0137816,-1.04969
84.7,-0.0137699,-1.05038
84.75,-0.0137926,-1.05107
84.8,-0.0137848,-1.05176
84.85,-0.013803,-1.05245
84.9,-0.01383,-1.05314
84.95,-0.0138104,-1.05383
85.0,-0.0138066,-1.05452
85.05,-0.0137855,-1.05521
85.1,-0.0137959,-1.0559
85.15,-0.0138139,-1.05659
85.2,-0.0138254,-1.05728
85.25,-0.0138376,-1.05797
85.3,-0.0138828,-1.05867
85.35,-0.0138608,-1.05936
85.4,-0.0138682,-1.06005
85.45,-0.0138448,-1.06074
85.5,-0.013821,-1.06144
85.55,-0.0138231,-1.06213
85.6,-0.013817,-1.06282
85.65,-0.0138354,-1.06351
85.7,-0.0138522,-1.0642
85.75,-0.0138712,-1.0649
85.8,-0.0139194,-1.06559
85.85,-0.0139073,-1.06629
85.9,-0.0139167,-1.06698
85.95,-0.0139306,-1.06768
86.0,-0.0139049,-1.06837
86.05,-0.013901,-1.06907
86.1,-0.0139087,-1.06976
86.15,-0.0138872,-1.07046
86.2,-0.0139336,-1.07116
86.25,-0.0139648,-1.07185
86.3,-0.01396,-1.07255
86.35,-0.0139633,-1.07325
86.4,-0.0139318,-1.07395
86.45,-0.0139624,-1.07464
86.5,-0.0139673,-1.07534
86.55,-0.0139551,-1.07604
86.6,-0.0139708,-1.07674
86.65,-0.0139599,-1.07744
86.7,-0.013978,-1.07814
86.75,-0.0139873,-1.07884
86.8,-0.0139813,-1.07953
86.85,-0.0140102,-1.08024
86.9,-0.0140123,-1.08094
86.95,-0.014023,-1.08164
87.0,-0.0140357,-1.08234
87.05,-0.0140215,-1.08304
87.1,-0.0140251,-1.08374
87.15,-0.0140163,-1.08444
87.2,-0.0140066,-1.08514
87.25,-0.0140442,-1.08584
87.3,-0.0140367,-1.08655
87.35,-0.0140363,-1.08725
87.4,-0.0140734,-1.08795
87.45,-0.0140555,-1.08865
87.5,-0.0140705,-1.08936
87.55,-0.0140649,-1.09006
87.6,-0.0140464,-1.09076
87.65,-0.0140626,-1.09147
87.7,-0.014062,-1.09217
87.75,-0.0140665,-1.09287
87.8,-0.0140954,-1.09358
87.85,-0.0140883,-1.09428
87.9,-0.0141051,-1.09499
87.95,-0.0140974,-1.09569
88.0,-0.0140863,-1.0964
88.05,-0.0140995,-1.0971
88.1,-0.0140954,-1.09781
88.15,-0.014112,-1.09851
88.2,-0.0141298,-1.09922
88.25,-0.0141335,-1.09993
88.3,-0.0141594,-1.10063
88.35,-0.014162,-1.10134
88.4,-0.0141611,-1.10205
88.45,-0.0141835,-1.10276
88.5,-0.0141777,-1.10347
88.55,-0.0141866,-1.10418
88.6,-0.0141729,-1.10489
88.65,-0.0141569,-1.10559
88.7,-0.0141811,-1.1063
88.75,-0.0141765,-1.10701
88.8,-0.014188,-1.10772
88.85,-0.0141999,-1.10843
88.9,-0.0141876,-1.10914
88.95,-0.0141996,-1.10985
89.0,-0.0141988,-1.11056
89.05,-0.0141895,-1.11127
89.1,-0.014208,-1.11198
89.15,-0.0142073,-1.11269
89.2,-0.0142036,-1.1134
89.25,-0.0142344,-1.11411
89.3,-0.0142169,-1.11482
89.35,-0.0142559,-1.11554
89.4,-0.0142837,-1.11625
89.45,-0.0142826,-1.11696
89.5,-0.0142678,-1.11768
89.55,-0.014269,-1.11839
89.6,-0.014264,-1.1191
89.65,-0.0142631,-1.11982
89.7,-0.0142652,-1.12053
89.75,-0.0142969,-1.12125
89.8,-0.0142774,-1.12196
89.85,-0.0142788,-1.12267
89.9,-0.0143017,-1.12339
89.95,-0.0142826,-1.1241
90.0,-0.0142839,-1.12482
90.05,-0.0142781,-1.12553
90.1,-0.0142816,-1.12624
90.15,-0.014303,-1.12696
90.2,-0.0143109,-1.12768
90.25,-0.0143246,-1.12839
90.3,-0.0143567,-1.12911
90.35,-0.0143615,-1.12983
90.4,-0.014374,-1.13055
90.45,-0.0143602,-1.13126
90.5,-0.0143699,-1.13198
90.55,-0.0143848,-1.1327
90.6,-0.0143633,-1.13342
90.65,-0.0143718,-1.13414
90.7,-0.0144023,-1.13486
90.75,-0.0143861,-1.13558
90.8,-0.0144119,-1.1363
90.85,-0.0143992,-1.13702
90.9,-0.0144016,-1.13774
90.95,-0.0144314,-1.13846
91.0,-0.0144278,-1.13918
91.05,-0.014444,-1.1399
91.1,-0.0144385,-1.14063
91.15,-0.0144468,-1.14135
91.2,-0.0144737,-1.14207
91.25,-0.0144652,-1.1428
91.3,-0.0144685,-1.14352
91.35,-0.0144608,-1.14424
91.4,-0.0144516,-1.14496
91.45,-0.0144679,-1.14569
91.5,-0.0144768,-1.14641
91.55,-0.014473,-1.14714
91.6,-0.0144944,-1.14786
91.65,-0.0144904,-1.14858
91.7,-0.0145042,-1.14931
91.75,-0.0145053,-1.15003
91.8,-0.0145142,-1.15076
91.85,-0.0145196,-1.15149
91.9,-0.0145318,-1.15221
91.95,-0.014539,-1.15294
92.0,-0.0145386,-1.15367
92.05,-0.0145361,-1.15439
92.1,-0.0145254,-1.15512
92.15,-0.0145196,-1.15585
92.2,-0.0145194,-1.15657
92.25,-0.0145265,-1.1573
92.3,-0.0145373,-1.15803
92.35,-0.0145443,-1.15875
92.4,-0.0145641,-1.15948
92.45,-0.0145679,-1.16021
92.5,-0.0145689,-1.16094
92.55,-0.0145793,-1.16167
92.6,-0.014571,-1.16239
92.65,-0.0145764,-1.16312
92.7,-0.0145781,-1.16385
92.75,-0.0145784,-1.16458
92.8,-0.0145895,-1.16531
92.85,-0.0145948,-1.16604
92.9,-0.0146026,-1.16677
92.95,-0.0146117,-1.1675
93.0,-0.0145952,-1.16823
93.05,-0.0146128,-1.16896
93.1,-0.0146002,-1.16969
93.15,-0.0145959,-1.17042
93.2,-0.0146158,-1.17115
93.25,-0.014619,-1.17188
93.3,-0.0146309,-1.17261
93.35,-0.0146418,-1.17335
93.4,-0.0146451,-1.17408
93.45,-0.0146766,-1.17481
93.5,-0.014673,-1.17555
93.55,-0.014671,-1.17628
93.6,-0.014669,-1.17701
93.65,-0.0146838,-1.17775
93.7,-0.01469,-1.17848
93.75,-0.0147178,-1.17922
93.8,-0.0147456,-1.17996
93.85,-0.014741,-1.18069
93.9,-0.0147295,-1.18143
93.95,-0.0147157,-1.18216
94.0,-0.0147247,-1.1829
94.05,-0.0147076,-1.18364
94.1,-0.0147124,-1.18437
94.15,-0.0147241,-1.18511
94.2,-0.0147348,-1.18585
94.25,-0.0147695,-1.18658
94.3,-0.014786,-1.18732
94.35,-0.0147899,-1.18806
94.4,-0.0148423,-1.1888
94.45,-0.0148936,-1.18955
94.5,-0.0149,-1.19029
94.55,-0.0148506,-1.19104
94.6,-0.0148333,-1.19178
94.65,-0.0148517,-1.19252
94.7,-0.0148642,-1.19326
94.75,-0.0148846,-1.19401
94.8,-0.0149134,-1.19475
94.85,-0.0148992,-1.1955
94.9,-0.0149204,-1.19625
94.95,-0.0148847,-1.19699
95.0,-0.0148773,-1.19773
95.05,-0.0148792,-1.19848
95.1,-0.0148642,-1.19922
95.15,-0.0148717,-1.19996
95.2,-0.0148841,-1.20071
95.25,-0.0148779,-1.20145
95.3,-0.0149151,-1.2022
95.35,-0.0149109,-1.20294
95.4,-0.0149188,-1.20369
95.45,-0.0149352,-1.20444
95.5,-0.0149071,-1.20518
95.55,-0.0149077,-1.20593
95.6,-0.0149076,-1.20667
95.65,-0.0149036,-1.20742
95.7,-0.0149277,-1.20816
95.75,-0.0149404,-1.20891
95.8,-0.0149573,-1.20966
95.85,-0.014971,-1.21041
95.9,-0.0149554,-1.21115
95.95,-0.0149677,-1.2119
96.0,-0.0149539,-1.21265
96.05,-0.0149643,-1.2134
96.1,-0.0149786,-1.21415
96.15,-0.0149695,-1.2149
96.2,-0.0149746,-1.21565
96.25,-0.0150205,-1.2164
96.3,-0.0150317,-1.21715
96.35,-0.0150647,-1.2179
96.4,-0.0150371,-1.21865
96.45,-0.0150389,-1.2194
96.5,-0.0150425,-1.22016
96.55,-0.015024,-1.22091
96.6,-0.015041,-1.22166
96.65,-0.0150645,-1.22241
96.7,-0.0150754,-1.22317
96.75,-0.0150963,-1.22392
96.8,-0.0150771,-1.22468
96.85,-0.015087,-1.22543
96.9,-0.0150844,-1.22618
96.95,-0.0150787,-1.22694
97.0,-0.0150773,-1.22769
97.05,-0.0150792,-1.22845
97.1,-0.0150776,-1.2292
97.15,-0.0150887,-1.22995
97.2,-0.0150751,-1.23071
97.25,-0.0151031,-1.23146
97.3,-0.0151191,-1.23222
97.35,-0.0151126,-1.23298
97.4,-0.0151563,-1.23373
97.45,-0.0151635,-1.23449
97.5,-0.0151842,-1.23525
97.55,-0.0151884,-1.23601
97.6,-0.0151564,-1.23677
97.65,-0.0151749,-1.23753
97.7,-0.0152038,-1.23829
97.75,-0.0151983,-1.23905
97.8,-0.0152036,-1.23981
97.85,-0.0151958,-1.24057
97.9,-0.0152025,-1.24133
97.95,-0.0152176,-1.24209
98.0,-0.0152225,-1.24285
98.05,-0.0152393,-1.24361
98.1,-0.015245,-1.24437
98.15,-0.0152761,-1.24514
98.2,-0.0152659,-1.2459
98.25,-0.0152675,-1.24666
98.3,-0.0152732,-1.24743
98.35,-0.0152745,-1.24819
98.4,-0.0152867,-1.24896
98.45,-0.0152924,-1.24972
98.5,-0.0153051,-1.25048
98.55,-0.0153311,-1.25125
98.6,-0.0153282,-1.25202
98.65,-0.0153444,-1.25279
98.7,-0.0153694,-1.25355
98.75,-0.0153565,-1.25432
98.8,-0.0153738,-1.25509
98.85,-0.0153573,-1.25586
98.9,-0.0153471,-1.25663
98.95,-0.0153703,-1.25739
99.0,-0.0153613,-1.25816
99.05,-0.0153849,-1.25893
99.1,-0.015397,-1.2597
99.15,-0.0153927,-1.26047
99.2,-0.0153972,-1.26124
99.25,-0.0154062,-1.26201
99.3,-0.0154014,-1.26278
99.35,-0.0154236,-1.26355
99.4,-0.0154257,-1.26432
99.45,-0.0154417,-1.2651
99.5,-0.0154467,-1.26587
99.55,-0.0154544,-1.26664
99.6,-0.0154531,-1.26741
99.65,-0.0154584,-1.26819
99.7,-0.0154714,-1.26896
99.75,-0.015476,-1.26973
99.8,-0.0154672,-1.27051
99.85,-0.0154709,-1.27128
99.9,-0.0154883,-1.27205
99.95,-0.0154918,-1.27283
100.0,-0.0155273,-1.27361
100.05,-0.015526,-1.27438
100.1,-0.0155418,-1.27516
100.15,-0.0155395,-1.27594
100.2,-0.0155294,-1.27671
100.25,-0.0155131,-1.27749
100.3,-0.0155199,-1.27826
100.35,-0.015529,-1.27904
100.4,-0.0155562,-1.27982
100.45,-0.0155598,-1.2806
100.5,-0.0155818,-1.28138
100.55,-0.0155985,-1.28216
100.6,-0.0155989,-1.28294
100.65,-0.0156407,-1.28372
100.7,-0.0156327,-1.2845
100.75,-0.0156481,-1.28528
100.8,-0.0156516,-1.28606
100.85,-0.0156143,-1.28684
100.9,-0.015627,-1.28763
100.95,-0.0156346,-1.28841
101.0,-0.015645,-1.28919
101.05,-0.0156846,-1.28997
101.1,-0.0156572,-1.29076
101.15,-0.015684,-1.29154
101.2,-0.0156761,-1.29233
101.25,-0.0156746,-1.29311
101.3,-0.0156943,-1.29389
101.35,-0.0156938,-1.29468
101.4,-0.0157094,-1.29546
101.45,-0.0156958,-1.29625
101.5,-0.0157131,-1.29703
101.55,-0.0157192,-1.29782
101.6,-0.0156991,-1.29861
101.65,-0.0157085,-1.29939
101.7,-0.0157199,-1.30018
101.75,-0.0157304,-1.30096
101.8,-0.0157492,-1.30175
101.85,-0.0157364,-1.30254
101.9,-0.0157488,-1.30332
101.95,-0.015765,-1.30411
102.0,-0.0157541,-1.3049
102.05,-0.0157719,-1.30569
102.1,-0.0157693,-1.30648
102.15,-0.0157764,-1.30727
102.2,-0.0157877,-1.30806
102.25,-0.0157938,-1.30885
102.3,-0.0158043,-1.30964
102.35,-0.0158197,-1.31043
102.4,-0.0158066,-1.31122
102.45,-0.0158178,-1.31201
102.5,-0.0158319,-1.3128
102.55,-0.0158469,-1.31359
102.6,-0.0158603,-1.31439
102.65,-0.0158791,-1.31518
102.7,-0.0158825,-1.31597
102.75,-0.0158795,-1.31677
102.8,-0.0158759,-1.31756
102.85,-0.0158871,-1.31836
102.9,-0.0158974,-1.31915
102.95,-0.0159014,-1.31995
103.0,-0.0159187,-1.32074
103.05,-0.0159178,-1.32154
103.1,-0.0159383,-1.32233
103.15,-0.0159357,-1.32313
103.2,-0.0159428,-1.32393
103.25,-0.015941,-1.32472
103.3,-0.0159393,-1.32552
103.35,-0.0159843,-1.32632
103.4,-0.0160049,-1.32712
103.45,-0.0160161,-1.32792
103.5,-0.0160235,-1.32872
103.55,-0.0160089,-1.32952
103.6,-0.0159985,-1.33032
103.65,-0.0159878,-1.33112
103.7,-0.0159974,-1.33192
103.75,-0.0160017,-1.33272
103.8,-0.016018,-1.33352
103.85,-0.0160317,-1.33433
103.9,-0.016046,-1.33513
103.95,-0.0160331,-1.33593
104.0,-0.0160512,-1.33673
104.05,-0.0160452,-1.33753
104.1,-0.0160703,-1.33834
104.15,-0.0160628,-1.33914
104.2,-0.0160725,-1.33994
104.25,-0.0160772,-1.34075
104.3,-0.0160902,-1.34155
104.35,-0.0160911,-1.34236
104.4,-0.0161011,-1.34316
104.45,-0.0161042,-1.34397
104.5,-0.0161158,-1.34477
104.55,-0.0161141,-1.34558
104.6,-0.0161144,-1.34638
104.65,-0.0161209,-1.34719
104.7,-0.0161243,-1.348
104.75,-0.0161283,-1.3488
104.8,-0.0161351,-1.34961
104.85,-0.0161413,-1.35042
104.9,-0.0161462,-1.35122
104.95,-0.0161647,-1.35203
105.0,-0.0161536,-1.35284
105.05,-0.0161603,-1.35365
105.1,-0.0161735,-1.35446
105.15,-0.0161758,-1.35527
105.2,-0.0161967,-1.35608
105.25,-0.0162079,-1.35689
105.3,-0.0162009,-1.3577
105.35,-0.0161786,-1.35851
105.4,-0.0161885,-1.35931
105.45,-0.0161869,-1.36012
105.5,-0.0162027,-1.36093
105.55,-0.0162175,-1.36175
105.6,-0.0162031,-1.36256
105.65,-0.016223,-1.36337
105.7,-0.0162358,-1.36418
105.75,-0.0162514,-1.36499
105.8,-0.016256,-1.3658
105.85,-0.0162659,-1.36662
105.9,-0.0162656,-1.36743
105.95,-0.0162851,-1.36824
106.0,-0.0162908,-1.36906
106.05,-0.016306,-1.36987
106.1,-0.0163212,-1.37069
106.15,-0.016331,-1.37151
106.2,-0.0163315,-1.37232
106.25,-0.016334,-1.37314
106.3,-0.0163354,-1.37396
106.35,-0.01636,-1.37477
106.4,-0.0163515,-1.37559
106.45,-0.0163711,-1.37641
106.5,-0.0163598,-1.37723
106.55,-0.0163906,-1.37805
106.6,-0.016404,-1.37887
106.65,-0.0163918,-1.37969
106.7,-0.0164033,-1.38051
106.75,-0.0164195,-1.38133
106.8,-0.0164213,-1.38215
106.85,-0.01644,-1.38297
106.9,-0.0164374,-1.38379
106.95,-0.0164616,-1.38462
107.0,-0.0164946,-1.38544
107.05,-0.0164628,-1.38627
107.1,-0.0164949,-1.38709
107.15,-0.0164701,-1.38791
107.2,-0.0164665,-1.38874
107.25,-0.0164736,-1.38956
107.3,-0.0164655,-1.39038
107.35,-0.0165043,-1.39121
107.4,-0.016514,-1.39203
107.45,-0.0164992,-1.39286
107.5,-0.0165544,-1.39369
107.55,-0.0165339,-1.39451
107.6,-0.016562,-1.39534
107.65,-0.016577,-1.39617
107.7,-0.0165502,-1.397
107.75,-0.0165826,-1.39783
107.8,-0.016583,-1.39866
107.85,-0.0165872,-1.39949
107.9,-0.0166266,-1.40032
107.95,-0.016639,-1.40115
108.0,-0.0166639,-1.40198
108.05,-0.0166738,-1.40282
108.1,-0.0166332,-1.40365
108.15,-0.0166453,-1.40448
108.2,-0.0166401,-1.40531
108.25,-0.0166648,-1.40615
108.3,-0.0167218,-1.40698
108.35,-0.0167085,-1.40782
108.4,-0.0167628,-1.40866
108.45,-0.0168043,-1.4095
108.5,-0.0167847,-1.41033
108.55,-0.0167915,-1.41117
108.6,-0.0167576,-1.41201
108.65,-0.016762,-1.41285
108.7,-0.0167699,-1.41369
108.75,-0.0167427,-1.41453
108.8,-0.0167657,-1.41536
108.85,-0.0167572,-1.4162
108.9,-0.0167375,-1.41704
108.95,-0.0167802,-1.41788
109.0,-0.0167512,-1.41872
109.05,-0.0167626,-1.41955
109.1,-0.0167572,-1.42039
109.15,-0.0167704,-1.42123
109.2,-0.0168072,-1.42207
109.25,-0.01682,-1.42291
109.3,-0.0168207,-1.42375
109.35,-0.0168204,-1.42459
109.4,-0.0167916,-1.42543
109.45,-0.0167689,-1.42627
109.5,-0.0167706,-1.42711
109.55,-0.0167745,-1.42795
109.6,-0.0168328,-1.42879
109.65,-0.0168457,-1.42963
109.7,-0.0168546,-1.43048
109.75,-0.0168775,-1.43132
109.8,-0.0168562,-1.43216
109.85,-0.0168665,-1.43301
109.9,-0.0168635,-1.43385
109.95,-0.0168574,-1.43469
110.0,-0.0168899,-1.43554
110.05,-0.0168821,-1.43638
110.1,-0.0169047,-1.43723
110.15,-0.0169407,-1.43807
110.2,-0.0169498,-1.43892
110.25,-0.0169807,-1.43977
110.3,-0.0169774,-1.44062
110.35,-0.0169622,-1.44147
110.4,-0.016954,-1.44231
110.45,-0.0169264,-1.44316
110.5,-0.0169326,-1.44401
110.55,-0.0169508,-1.44485
110.6,-0.016942,-1.4457
110.65,-0.0169794,-1.44655
110.7,-0.0169877,-1.4474
110.75,-0.0169985,-1.44825
110.8,-0.0170134,-1.4491
110.85,-0.0169845,-1.44995
110.9,-0.0169999,-1.4508
110.95,-0.016985,-1.45165
111.0,-0.0169925,-1.4525
111.05,-0.0169844,-1.45335
111.1,-0.0169983,-1.4542
111.15,-0.0170143,-1.45505
111.2,-0.0170317,-1.4559
111.25,-0.017037,-1.45675
111.3,-0.0170539,-1.4576
111.35,-0.0170456,-1.45846
111.4,-0.0170364,-1.45931
111.45,-0.0170499,-1.46016
111.5,-0.0170602,-1.46101
111.55,-0.0170748,-1.46187
111.6,-0.0171162,-1.46272
111.65,-0.0171209,-1.46358
111.7,-0.0171525,-1.46444
111.75,-0.0171479,-1.46529
111.8,-0.0171355,-1.46615
111.85,-0.0171628,-1.46701
111.9,-0.0171159,-1.46787
111.95,-0.0171473,-1.46872
112.0,-0.0171565,-1.46958
112.05,-0.0171561,-1.47044
112.1,-0.0171937,-1.4713
112.15,-0.0172059,-1.47216
112.2,-0.0172091,-1.47302
112.25,-0.0172324,-1.47388
112.3,-0.0172082,-1.47474
112.35,-0.0172327,-1.4756
112.4,-0.0172378,-1.47646
112.45,-0.0172335,-1.47733
112.5,-0.0172547,-1.47819
112.55,-0.0172574,-1.47905
112.6,-0.0172669,-1.47991
112.65,-0.0172864,-1.48078
112.7,-0.0172693,-1.48164
112.75,-0.0172915,-1.48251
112.8,-0.0172948,-1.48337
112.85,-0.0172985,-1.48424
112.9,-0.0173073,-1.4851
112.95,-0.0172909,-1.48597
113.0,-0.0172988,-1.48683
113.05,-0.0173153,-1.4877
113.1,-0.0173219,-1.48856
113.15,-0.0173412,-1.48943
113.2,-0.01733,-1.4903
113.25,-0.0173302,-1.49116
113.3,-0.0173442,-1.49203
113.35,-0.0173484,-1.4929
113.4,-0.0173628,-1.49377
113.45,-0.0173777,-1.49464
113.5,-0.0173685,-1.4955
113.55,-0.0173827,-1.49637
113.6,-0.0173823,-1.49724
113.65,-0.0173921,-1.49811
113.7,-0.0174144,-1.49898
113.75,-0.0174087,-1.49985
113.8,-0.0174212,-1.50072
113.85,-0.0174229,-1.50159
113.9,-0.0174231,-1.50247
113.95,-0.0174416,-1.50334
114.0,-0.017456,-1.50421
114.05,-0.0174842,-1.50508
114.1,-0.0175077,-1.50596
114.15,-0.0174947,-1.50684
114.2,-0.017519,-1.50771
114.25,-0.0174946,-1.50859
114.3,-0.0174667,-1.50946
114.35,-0.0174868,-1.51033
114.4,-0.0174897,-1.51121
114.45,-0.0175084,-1.51208
114.5,-0.0175363,-1.51296
114.55,-0.0175478,-1.51384
114.6,-0.0175741,-1.51472
114.65,-0.0176006,-1.5156
114.7,-0.0175964,-1.51648
114.75,-0.0176285,-1.51736
114.8,-0.017603,-1.51824
114.85,-0.0175983,-1.51912
114.9,-0.0175879,-1.52
114.95,-0.0175843,-1.52088
115.0,-0.0176146,-1.52176
115.05,-0.0176285,-1.52264
115.1,-0.0176468,-1.52352
115.15,-0.0176659,-1.5244
115.2,-0.0176697,-1.52529
115.25,-0.0176588,-1.52617
115.3,-0.0176587,-1.52705
115.35,-0.0176498,-1.52794
115.4,-0.0176575,-1.52882
115.45,-0.0176616,-1.5297
115.5,-0.0176678,-1.53059
115.55,-0.0177015,-1.53147
115.6,-0.0177038,-1.53236
115.65,-0.0177277,-1.53324
115.7,-0.017739,-1.53413
115.75,-0.0177365,-1.53502
115.8,-0.0177576,-1.5359
115.85,-0.0177369,-1.53679
115.9,-0.0177288,-1.53768
115.95,-0.0177352,-1.53856
116.0,-0.0177389,-1.53945
116.05,-0.0177709,-1.54034
116.1,-0.0177857,-1.54123
116.15,-0.0177963,-1.54212
116.2,-0.0177972,-1.54301
116.25,-0.0177895,-1.5439
116.3,-0.017761,-1.54479
116.35,-0.0177757,-1.54567
116.4,-0.0177739,-1.54656
116.45,-0.0177813,-1.54745
116.5,-0.0178137,-1.54834
116.55,-0.0178307,-1.54923
116.6,-0.0178876,-1.55013
116.65,-0.0178756,-1.55102
116.7,-0.017883,-1.55192
116.75,-0.0178837,-1.55281
116.8,-0.0178578,-1.5537
116.85,-0.0178572,-1.5546
116.9,-0.0178611,-1.55549
116.95,-0.0178672,-1.55638
117.0,-0.0179032,-1.55728
117.05,-0.0178909,-1.55817
117.1,-0.0179249,-1.55907
117.15,-0.0179705,-1.55997
117.2,-0.017955,-1.56087
117.25,-0.0179744,-1.56176
117.3,-0.0179422,-1.56266
117.35,-0.017934,-1.56356
117.4,-0.0179585,-1.56446
117.45,-0.0179414,-1.56535
117.5,-0.0179808,-1.56625
117.55,-0.0180176,-1.56715
117.6,-0.0180035,-1.56805
117.65,-0.018013,-1.56895
117.7,-0.0179916,-1.56985
117.75,-0.0180035,-1.57075
117.8,-0.0180637,-1.57166
117.85,-0.0180633,-1.57256
117.9,-0.0181026,-1.57346
117.95,-0.0181118,-1.57437
118.0,-0.0181191,-1.57528
118.05,-0.0181633,-1.57618
118.1,-0.0181397,-1.57709
118.15,-0.0181556,-1.578
118.2,-0.0181543,-1.57891
118.25,-0.0181401,-1.57981
118.3,-0.0181743,-1.58072
118.35,-0.0181692,-1.58163
118.4,-0.018161,-1.58254
118.45,-0.0181827,-1.58345
118.5,-0.0181675,-1.58436
118.55,-0.0182107,-1.58527
118.6,-0.0182067,-1.58618
118.65,-0.0181656,-1.58709
118.7,-0.0182063,-1.588
118.75,-0.0182002,-1.58891
118.8,-0.0182151,-1.58982
118.85,-0.0182456,-1.59073
118.9,-0.0182345,-1.59164
118.95,-0.0182911,-1.59256
119.0,-0.0182946,-1.59347
119.05,-0.0182675,-1.59438
119.1,-0.0182994,-1.5953
119.15,-0.0182673,-1.59621
119.2,-0.0182858,-1.59713
119.25,-0.0182878,-1.59804
119.3,-0.0182647,-1.59895
119.35,-0.0182966,-1.59987
119.4,-0.018297,-1.60078
119.45,-0.0183086,-1.6017
119.5,-0.0183332,-1.60262
119.55,-0.0183161,-1.60353
119.6,-0.0183385,-1.60445
119.65,-0.0183553,-1.60537
119.7,-0.0183634,-1.60628
119.75,-0.0184327,-1.60721
119.8,-0.0184036,-1.60813
119.85,-0.0184156,-1.60905
119.9,-0.0184135,-1.60997
119.95,-0.0183853,-1.61089
120.0,-0.0184156,-1.61181
120.05,-0.0183943,-1.61273
120.1,-0.0184075,-1.61365
120.15,-0.0184764,-1.61457
120.2,-0.0184656,-1.61549
120.25,-0.0184713,-1.61642
120.3,-0.0184666,-1.61734
120.35,-0.0184545,-1.61826
120.4,-0.018476,-1.61919
120.45,-0.018457,-1.62011
120.5,-0.0184361,-1.62103
120.55,-0.0184684,-1.62196
120.6,-0.0184735,-1.62288
120.65,-0.0184971,-1.6238
120.7,-0.0185241,-1.62473
120.75,-0.0185366,-1.62566
120.8,-0.018561,-1.62659
120.85,-0.0185395,-1.62751
120.9,-0.0185218,-1.62844
120.95,-0.0185181,-1.62936
121.0,-0.0185005,-1.63029
121.05,-0.0185319,-1.63122
121.1,-0.0185603,-1.63214
121.15,-0.0185746,-1.63307
121.2,-0.0185989,-1.634
121.25,-0.0185796,-1.63493
121.3,-0.0185719,-1.63586
121.35,-0.0185907,-1.63679
121.4,-0.0185748,-1.63772
121.45,-0.0185877,-1.63865
121.5,-0.0185869,-1.63958
121.55,-0.0186117,-1.64051
121.6,-0.0186358,-1.64144
121.65,-0.0186219,-1.64237
121.7,-0.0186291,-1.6433
121.75,-0.0186363,-1.64423
121.8,-0.0186244,-1.64517
121.85,-0.0186469,-1.6461
121.9,-0.0186338,-1.64703
121.95,-0.0186214,-1.64796
122.0,-0.0186438,-1.64889
122.05,-0.0186613,-1.64983
122.1,-0.0186655,-1.65076
122.15,-0.0186917,-1.65169
122.2,-0.0186835,-1.65263
122.25,-0.0186751,-1.65356
122.3,-0.0186903,-1.6545
122.35,-0.0186972,-1.65543
122.4,-0.0187101,-1.65637
122.45,-0.0187178,-1.6573
122.5,-0.0187123,-1.65824
122.55,-0.0187416,-1.65918
122.6,-0.0187315,-1.66011
122.65,-0.0187695,-1.66105
122.7,-0.0187843,-1.66199
122.75,-0.0187846,-1.66293
122.8,-0.0188006,-1.66387
122.85,-0.0187642,-1.66481
122.9,-0.0187698,-1.66575
122.95,-0.0188142,-1.66669
123.0,-0.0188209,-1.66763
123.05,-0.0188728,-1.66857
123.1,-0.0188878,-1.66952
123.15,-0.0188727,-1.67046
123.2,-0.0188912,-1.6714
123.25,-0.0188432,-1.67235
123.3,-0.0188416,-1.67329
123.35,-0.0188511,-1.67423
123.4,-0.0188506,-1.67517
123.45,-0.0188863,-1.67612
123.5,-0.0189196,-1.67706
123.55,-0.0189292,-1.67801
123.6,-0.0189769,-1.67896
123.65,-0.0189372,-1.67991
123.7,-0.018965,-1.68085
123.75,-0.0189536,-1.6818
123.8,-0.0189193,-1.68275
123.85,-0.018941,-1.68369
123.9,-0.01897,-1.68464
123.95,-0.0189857,-1.68559
124.0,-0.019058,-1.68654
124.05,-0.0190386,-1.6875
124.1,-0.0190505,-1.68845
124.15,-0.0190573,-1.6894
124.2,-0.0190241,-1.69035
124.25,-0.0190467,-1.69131
124.3,-0.0190112,-1.69226
124.35,-0.01904,-1.69321
124.4,-0.0190967,-1.69416
124.45,-0.0190726,-1.69512
124.5,-0.0191186,-1.69607
124.55,-0.019115,-1.69703
124.6,-0.0190903,-1.69798
124.65,-0.0191438,-1.69894
124.7,-0.0191119,-1.6999
124.75,-0.0191034,-1.70085
124.8,-0.0191185,-1.70181
124.85,-0.0191114,-1.70276
124.9,-0.0191503,-1.70372
124.95,-0.0191511,-1.70468
125.0,-0.0191569,-1.70564
125.05,-0.0192242,-1.7066
125.1,-0.0192302,-1.70756
125.15,-0.019273,-1.70852
125.2,-0.0192448,-1.70948
125.25,-0.0192165,-1.71044
125.3,-0.0192276,-1.71141
125.35,-0.0191959,-1.71237
125.4,-0.0191977,-1.71333
125.45,-0.0192427,-1.71429
125.5,-0.019245,-1.71525
125.55,-0.019298,-1.71622
125.6,-0.0193005,-1.71718
125.65,-0.0192969,-1.71815
125.7,-0.0193254,-1.71911
125.75,-0.0192858,-1.72008
125.8,-0.0192924,-1.72104
125.85,-0.0192904,-1.722
125.9,-0.0192837,-1.72297
125.95,-0.0193118,-1.72393
126.0,-0.0193194,-1.7249
126.05,-0.0193352,-1.72587
126.1,-0.0193892,-1.72684
126.15,-0.0193908,-1.72781
126.2,-0.0194015,-1.72878
126.25,-0.0193807,-1.72975
126.3,-0.0193634,-1.73071
126.35,-0.0193604,-1.73168
126.4,-0.0193644,-1.73265
126.45,-0.0193606,-1.73362
126.5,-0.0193895,-1.73459
126.55,-0.0193971,-1.73556
126.6,-0.0194244,-1.73653
126.65,-0.0194628,-1.7375
126.7,-0.019481,-1.73848
126.75,-0.0195369,-1.73945
126.8,-0.0195008,-1.74043
126.85,-0.0194871,-1.7414
126.9,-0.0194816,-1.74238
126.95,-0.0194642,-1.74335
127.0,-0.0194901,-1.74432
127.05,-0.0195172,-1.7453
127.1,-0.0195251,-1.74628
127.15,-0.0195683,-1.74725
127.2,-0.0195258,-1.74823
127.25,-0.0195247,-1.74921
127.3,-0.0195412,-1.75018
127.35,-0.0195155,-1.75116
127.4,-0.019556,-1.75214
127.45,-0.0195555,-1.75311
127.5,-0.0195588,-1.75409
127.55,-0.0195907,-1.75507
127.6,-0.0195281,-1.75605
127.65,-0.0195379,-1.75703
127.7,-0.0195651,-1.758
127.75,-0.019567,-1.75898
127.8,-0.0195909,-1.75996
127.85,-0.0195716,-1.76094
127.9,-0.0195909,-1.76192
127.95,-0.0196002,-1.7629
128.0,-0.0195806,-1.76388
128.05,-0.0196002,-1.76486
128.1,-0.0196129,-1.76584
128.15,-0.0195981,-1.76682
128.2,-0.0196794,-1.7678
128.25,-0.0197674,-1.76879
128.3,-0.019786,-1.76978
128.35,-0.0197793,-1.77077
128.4,-0.0197376,-1.77176
128.45,-0.0197642,-1.77275
128.5,-0.0197498,-1.77373
128.55,-0.0197617,-1.77472
128.6,-0.0197778,-1.77571
128.65,-0.019755,-1.7767
128.7,-0.019751,-1.77769
128.75,-0.019766,-1.77867
128.8,-0.0197685,-1.77966
128.85,-0.0197928,-1.78065
128.9,-0.0197689,-1.78164
128.95,-0.0197708,-1.78263
129.0,-0.0197838,-1.78362
129.05,-0.01977,-1.78461
129.1,-0.0197922,-1.7856
129.15,-0.019801,-1.78659
129.2,-0.019803,-1.78758
129.25,-0.0198193,-1.78857
129.3,-0.0198089,-1.78956
129.35,-0.0198266,-1.79055
129.4,-0.01984,-1.79154
129.45,-0.0198375,-1.79253
129.5,-0.0198474,-1.79352
129.55,-0.0198442,-1.79452
129.6,-0.0198491,-1.79551
129.65,-0.0198762,-1.7965
129.7,-0.0198772,-1.7975
129.75,-0.0199009,-1.79849
129.8,-0.0199103,-1.79949
129.85,-0.0198978,-1.80048
129.9,-0.0199041,-1.80148
129.95,-0.0198952,-1.80247
130.0,-0.0199085,-1.80347
130.05,-0.0199324,-1.80446
130.1,-0.0199387,-1.80546
130.15,-0.0199334,-1.80646
130.2,-0.0199533,-1.80746
130.25,-0.0199317,-1.80845
130.3,-0.019956,-1.80945
130.35,-0.0199641,-1.81045
130.4,-0.0199885,-1.81145
130.45,-0.0199965,-1.81245
130.5,-0.0199817,-1.81345
130.55,-0.0199869,-1.81445
130.6,-0.0199935,-1.81545
130.65,-0.0199967,-1.81645
130.7,-0.0200303,-1.81745
130.75,-0.0200261,-1.81845
130.8,-0.0200328,-1.81945
130.85,-0.020042,-1.82045
130.9,-0.0200245,-1.82145
130.95,-0.0200291,-1.82246
131.0,-0.0200295,-1.82346
131.05,-0.0200334,-1.82446
131.1,-0.0200437,-1.82546
131.15,-0.0200625,-1.82646
131.2,-0.0200497,-1.82747
131.25,-0.0200765,-1.82847
131.3,-0.0200784,-1.82947
131.35,-0.0200951,-1.83048
131.4,-0.0200932,-1.83148
131.45,-0.0201003,-1.83249
131.5,-0.020093,-1.83349
131.55,-0.0201185,-1.8345
131.6,-0.0201022,-1.8355
131.65,-0.0201157,-1.83651
131.7,-0.0201159,-1.83752
131.75,-0.0201207,-1.83852
131.8,-0.0201287,-1.83953
131.85,-0.0201398,-1.84053
131.9,-0.0201442,-1.84154
131.95,-0.0201615,-1.84255
132.0,-0.0201704,-1.84356
132.05,-0.0202048,-1.84457
132.1,-0.0202152,-1.84558
132.15,-0.0202205,-1.84659
132.2,-0.0202301,-1.8476
132.25,-0.0201949,-1.84861
132.3,-0.0201857,-1.84962
132.35,-0.0201937,-1.85063
132.4,-0.0202042,-1.85164
132.45,-0.0202336,-1.85265
132.5,-0.0202386,-1.85366
132.55,-0.0202539,-1.85468
132.6,-0.0202938,-1.85569
132.65,-0.0202721,-1.85671
132.7,-0.0202866,-1.85772
132.75,-0.0202657,-1.85873
132.8,-0.0202563,-1.85975
132.85,-0.0202682,-1.86076
132.9,-0.02027,-1.86177
132.95,-0.0202749,-1.86279
133.0,-0.0203266,-1.8638
133.05,-0.0203453,-1.86482
133.1,-0.0204122,-1.86584
133.15,-0.0203884,-1.86686
133.2,-0.0203643,-1.86788
133.25,-0.0203455,-1.8689
133.3,-0.02033,-1.86991
133.35,-0.0203359,-1.87093
133.4,-0.0203478,-1.87195
133.45,-0.0203479,-1.87296
133.5,-0.0204015,-1.87398
133.55,-0.0203812,-1.875
133.6,-0.0204108,-1.87602
133.65,-0.0204185,-1.87704
133.7,-0.0204072,-1.87806
133.75,-0.0204362,-1.87909
133.8,-0.0204214,-1.88011
133.85,-0.0204152,-1.88113
133.9,-0.0204316,-1.88215
133.95,-0.0204395,-1.88317
134.0,-0.0204396,-1.88419
134.05,-0.0204609,-1.88522
134.1,-0.0204412,-1.88624
134.15,-0.0204874,-1.88726
134.2,-0.0204898,-1.88829
134.25,-0.0205056,-1.88931
134.3,-0.0204897,-1.89034
134.35,-0.0204935,-1.89136
134.4,-0.0205031,-1.89239
134.45,-0.0205185,-1.89341
134.5,-0.0205302,-1.89444
134.55,-0.0205636,-1.89547
134.6,-0.0205473,-1.8965
134.65,-0.0205643,-1.89752
134.7,-0.0205474,-1.89855
134.75,-0.0205603,-1.89958
134.8,-0.0205966,-1.90061
134.85,-0.0205903,-1.90164
134.9,-0.0206195,-1.90267
134.95,-0.0206411,-1.9037
135.0,-0.0206391,-1.90473
135.05,-0.0206681,-1.90577
135.1,-0.0206586,-1.9068
135.15,-0.0206845,-1.90783
135.2,-0.0207273,-1.90887
135.25,-0.0206917,-1.90991
135.3,-0.0207101,-1.91094
135.35,-0.0206734,-1.91197
135.4,-0.0206778,-1.91301
135.45,-0.0207081,-1.91404
135.5,-0.020718,-1.91508
135.55,-0.0207513,-1.91612
135.6,-0.0207731,-1.91716
135.65,-0.0207612,-1.91819
135.7,-0.0207896,-1.91923
135.75,-0.0207682,-1.92027
135.8,-0.020786,-1.92131
135.85,-0.0207968,-1.92235
135.9,-0.0207771,-1.92339
135.95,-0.0207915,-1.92443
136.0,-0.020785,-1.92547
136.05,-0.0207976,-1.92651
136.1,-0.0208152,-1.92755
136.15,-0.020824,-1.92859
136.2,-0.0208508,-1.92963
136.25,-0.0208607,-1.93068
136.3,-0.0208558,-1.93172
136.35,-0.0208705,-1.93276
136.4,-0.0208725,-1.93381
136.45,-0.0208879,-1.93485
136.5,-0.020908,-1.9359
136.55,-0.0209052,-1.93694
136.6,-0.0209088,-1.93799
136.65,-0.0209142,-1.93903
136.7,-0.0209144,-1.94008
136.75,-0.0209241,-1.94112
136.8,-0.0209301,-1.94217
136.85,-0.0209479,-1.94322
136.9,-0.0209541,-1.94427
136.95,-0.0209607,-1.94531
137.0,-0.0209725,-1.94636
137.05,-0.0209765,-1.94741
137.1,-0.0209876,-1.94846
137.15,-0.0209817,-1.94951
137.2,-0.0209903,-1.95056
137.25,-0.0209914,-1.95161
137.3,-0.0210144,-1.95266
137.35,-0.0210133,-1.95371
137.4,-0.0210347,-1.95476
137.45,-0.0210323,-1.95581
137.5,-0.0210433,-1.95687
137.55,-0.0210508,-1.95792
137.6,-0.0210625,-1.95897
137.65,-0.0210665,-1.96002
137.7,-0.021067,-1.96108
137.75,-0.0210823,-1.96213
137.8,-0.0210909,-1.96319
137.85,-0.0211063,-1.96424
137.9,-0.0211313,-1.9653
137.95,-0.0211337,-1.96636
138.0,-0.0211441,-1.96741
138.05,-0.0211392,-1.96847
138.1,-0.0211297,-1.96953
138.15,-0.0211442,-1.97058
138.2,-0.0211529,-1.97164
138.25,-0.0211609,-1.9727
138.3,-0.0211676,-1.97376
138.35,-0.0211697,-1.97482
138.4,-0.021198,-1.97588
138.45,-0.0212451,-1.97694
138.5,-0.0212376,-1.978
138.55,-0.0212582,-1.97906
138.6,-0.021236,-1.98012
138.65,-0.0212465,-1.98119
138.7,-0.021246,-1.98225
138.75,-0.0212487,-1.98331
138.8,-0.0212577,-1.98437
138.85,-0.0212916,-1.98544
138.9,-0.0213051,-1.9865
138.95,-0.0213128,-1.98757
139.0,-0.0213024,-1.98863
139.05,-0.0212852,-1.9897
139.1,-0.0212916,-1.99076
139.15,-0.0212795,-1.99183
139.2,-0.0212867,-1.99289
139.25,-0.0213006,-1.99396
139.3,-0.0213195,-1.99502
139.35,-0.0213384,-1.99609
139.4,-0.0213476,-1.99716
139.45,-0.0213489,-1.99822
139.5,-0.0213552,-1.99929
139.55,-0.0213374,-2.00036
139.6,-0.0213477,-2.00143
139.65,-0.0213579,-2.00249
139.7,-0.0213671,-2.00356
139.75,-0.0213703,-2.00463
139.8,-0.0213718,-2.0057
139.85,-0.0213775,-2.00677
139.9,-0.0213847,-2.00784
139.95,-0.0213869,-2.00891
140.0,-0.0214259,-2.00998
140.05,-0.0214223,-2.01105
140.1,-0.0214464,-2.01212
140.15,-0.0214297,-2.01319
140.2,-0.02142,-2.01426
140.25,-0.0214288,-2.01534
140.3,-0.0214224,-2.01641
140.35,-0.0214314,-2.01748
140.4,-0.0214687,-2.01855
140.45,-0.0214686,-2.01963
140.5,-0.021511,-2.0207
140.55,-0.0215014,-2.02178
140.6,-0.0214953,-2.02285
140.65,-0.0215005,-2.02393
140.7,-0.021494,-2.025
140.75,-0.0215276,-2.02608
140.8,-0.0215292,-2.02715
140.85,-0.0215172,-2.02823
140.9,-0.02153,-2.02931
140.95,-0.0215638,-2.03038
141.0,-0.0215641,-2.03146
141.05,-0.0215989,-2.03254
141.1,-0.0215581,-2.03362
141.15,-0.0215877,-2.0347
141.2,-0.0215785,-2.03578
141.25,-0.0215725,-2.03686
141.3,-0.0215788,-2.03794
141.35,-0.0215847,-2.03902
141.4,-0.0216079,-2.0401
141.45,-0.0216219,-2.04118
141.5,-0.0216267,-2.04226
141.55,-0.0216387,-2.04334
141.6,-0.021618,-2.04442
141.65,-0.021634,-2.0455
141.7,-0.0216561,-2.04659
141.75,-0.0216161,-2.04767
141.8,-0.0216251,-2.04875
141.85,-0.0216343,-2.04983
141.9,-0.0216399,-2.05091
141.95,-0.0216941,-2.052
142.0,-0.0216967,-2.05308
142.05,-0.021717,-2.05417
142.1,-0.0217495,-2.05525
142.15,-0.0217173,-2.05634
142.2,-0.0216986,-2.05743
142.25,-0.021689,-2.05851
142.3,-0.0216961,-2.05959
142.35,-0.0217158,-2.06068
142.4,-0.0217306,-2.06177
142.45,-0.0217304,-2.06285
142.5,-0.021763,-2.06394
142.55,-0.0217566,-2.06503
142.6,-0.0217697,-2.06612
142.65,-0.0217589,-2.06721
142.7,-0.0217705,-2.06829
142.75,-0.0217704,-2.06938
142.8,-0.0217766,-2.07047
142.85,-0.0217793,-2.07156
142.9,-0.0218037,-2.07265
142.95,-0.0218093,-2.07374
143.0,-0.0218405,-2.07483
143.05,-0.0218298,-2.07592
143.1,-0.0218251,-2.07702
143.15,-0.0218211,-2.07811
143.2,-0.0218204,-2.0792
143.25,-0.0218378,-2.08029
143.3,-0.0218434,-2.08138
143.35,-0.0218445,-2.08247
143.4,-0.0218506,-2.08357
143.45,-0.0218559,-2.08466
143.5,-0.0218657,-2.08575
143.55,-0.021877,-2.08685
143.6,-0.0218747,-2.08794
143.65,-0.0218877,-2.08903
143.7,-0.0218856,-2.09013
143.75,-0.0219125,-2.09122
143.8,-0.0219244,-2.09232
143.85,-0.0219654,-2.09342
143.9,-0.0219669,-2.09452
143.95,-0.0219807,-2.09562
144.0,-0.0219662,-2.09671
144.05,-0.0219673,-2.09781
144.1,-0.0219673,-2.09891
144.15,-0.0219798,-2.10001
144.2,-0.0219888,-2.10111
144.25,-0.0220096,-2.10221
144.3,-0.0219979,-2.10331
144.35,-0.0220234,-2.10441
144.4,-0.0220188,-2.10551
144.45,-0.0220433,-2.10661
144.5,-0.0220546,-2.10772
144.55,-0.0220573,-2.10882
144.6,-0.0220756,-2.10992
144.65,-0.0221001,-2.11103
144.7,-0.0220987,-2.11213
144.75,-0.0220973,-2.11324
144.8,-0.0221007,-2.11434
144.85,-0.0221005,-2.11545
144.9,-0.022112,-2.11655
144.95,-0.0221003,-2.11766
145.0,-0.0221203,-2.11877
145.05,-0.0221229,-2.11987
145.1,-0.0221291,-2.12098
145.15,-0.0221503,-2.12209
145.2,-0.0221555,-2.12319
145.25,-0.0221749,-2.1243
145.3,-0.0221971,-2.12541
145.35,-0.0221935,-2.12652
145.4,-0.0222086,-2.12763
145.45,-0.0222103,-2.12874
145.5,-0.0222172,-2.12985
145.55,-0.0222052,-2.13096
145.6,-0.0222124,-2.13207
145.65,-0.0222381,-2.13319
145.7,-0.0222392,-2.1343
145.75,-0.0222373,-2.13541
145.8,-0.0222722,-2.13652
145.85,-0.0222613,-2.13764
145.9,-0.0222678,-2.13875
145.95,-0.0222791,-2.13986
146.0,-0.0222818,-2.14098
146.05,-0.0223131,-2.14209
146.1,-0.0223162,-2.14321
146.15,-0.0223332,-2.14433
146.2,-0.022372,-2.14544
146.25,-0.0223483,-2.14656
146.3,-0.0224094,-2.14768
146.35,-0.022414,-2.1488
146.4,-0.0223897,-2.14992
146.45,-0.0224041,-2.15104
146.5,-0.0223853,-2.15216
146.55,-0.0224225,-2.15328
146.6,-0.0224154,-2.1544
146.65,-0.0224103,-2.15552
146.7,-0.0224346,-2.15665
146.75,-0.0224247,-2.15777
146.8,-0.0224416,-2.15889
146.85,-0.0224541,-2.16001
146.9,-0.0224351,-2.16113
146.95,-0.0224759,-2.16226
147.0,-0.0224973,-2.16338
147.05,-0.0225053,-2.16451
147.1,-0.0225638,-2.16564
147.15,-0.0225379,-2.16676
147.2,-0.0225237,-2.16789
147.25,-0.0225404,-2.16902
147.3,-0.0225324,-2.17014
147.35,-0.0225621,-2.17127
147.4,-0.0225778,-2.1724
147.45,-0.0225928,-2.17353
147.5,-0.0226262,-2.17466
147.55,-0.0226049,-2.17579
147.6,-0.0226421,-2.17692
147.65,-0.0226748,-2.17806
147.7,-0.0226889,-2.17919
147.75,-0.0227339,-2.18033
147.8,-0.0226994,-2.18146
147.85,-0.0226636,-2.1826
147.9,-0.022664,-2.18373
147.95,-0.0226815,-2.18486
148.0,-0.0227181,-2.186
148.05,-0.0227637,-2.18714
148.1,-0.0227384,-2.18827
148.15,-0.0227637,-2.18941
148.2,-0.022716,-2.19055
148.25,-0.0227223,-2.19168
148.3,-0.0227424,-2.19282
148.35,-0.0227244,-2.19396
148.4,-0.0227658,-2.1951
148.45,-0.0227883,-2.19624
148.5,-0.0227744,-2.19737
148.55,-0.0228057,-2.19851
148.6,-0.0228185,-2.19966
148.65,-0.0228119,-2.2008
148.7,-0.0228511,-2.20194
148.75,-0.022819,-2.20308
148.8,-0.0228257,-2.20422
148.85,-0.0228267,-2.20536
148.9,-0.0228247,-2.2065
148.95,-0.0228898,-2.20765
149.0,-0.0229018,-2.20879
149.05,-0.0229201,-2.20994
149.1,-0.0229312,-2.21109
149.15,-0.0228901,-2.21223
149.2,-0.0228621,-2.21337
149.25,-0.0228488,-2.21452
149.3,-0.022846,-2.21566
149.35,-0.0229124,-2.2168
149.4,-0.0229488,-2.21795
149.45,-0.0229694,-2.2191
149.5,-0.0229834,-2.22025
149.55,-0.0229326,-2.2214
149.6,-0.0229241,-2.22254
149.65,-0.0229102,-2.22369
149.7,-0.0229097,-2.22483
149.75,-0.0229116,-2.22598
149.8,-0.0229238,-2.22712
149.85,-0.0229506,-2.22827
149.9,-0.0229915,-2.22942
149.95,-0.0229877,-2.23057
150.0,-0.0230526,-2.23172
150.05,-0.0230374,-2.23288
150.1,-0.0230332,-2.23403
150.15,-0.023031,-2.23518
150.2,-0.0229958,-2.23633
150.25,-0.0230028,-2.23748
150.3,-0.0230003,-2.23863
150.35,-0.023018,-2.23978
150.4,-0.0230498,-2.24093
150.45,-0.0230891,-2.24209
150.5,-0.0230946,-2.24324
150.55,-0.0231007,-2.2444
150.6,-0.0230594,-2.24555
150.65,-0.0230506,-2.2467
150.7,-0.0230323,-2.24785
150.75,-0.0230329,-2.24901
150.8,-0.0230719,-2.25016
150.85,-0.0230748,-2.25131
150.9,-0.0230821,-2.25247
150.95,-0.0231586,-2.25362
151.0,-0.0231379,-2.25478
151.05,-0.0231907,-2.25594
151.1,-0.0231704,-2.2571
151.15,-0.0231375,-2.25826
151.2,-0.0231765,-2.25942
151.25,-0.0231618,-2.26057
151.3,-0.0231773,-2.26173
151.35,-0.0231987,-2.26289
151.4,-0.0231903,-2.26405
151.45,-0.0232406,-2.26521
151.5,-0.0232421,-2.26638
151.55,-0.0232332,-2.26754
151.6,-0.0232527,-2.2687
151.65,-0.0232118,-2.26986
151.7,-0.0232234,-2.27102
151.75,-0.0232202,-2.27218
151.8,-0.0232066,-2.27334
151.85,-0.0232613,-2.27451
151.9,-0.0232709,-2.27567
151.95,-0.0232981,-2.27683
152.0,-0.0233247,-2.278
152.05,-0.0233149,-2.27917
152.1,-0.0233251,-2.28033
152.15,-0.0233027,-2.2815
152.2,-0.0233201,-2.28266
152.25,-0.0233405,-2.28383
152.3,-0.0233535,-2.285
152.35,-0.0233864,-2.28617
152.4,-0.0234211,-2.28734
152.45,-0.0233895,-2.28851
152.5,-0.0234084,-2.28968
152.55,-0.0234125,-2.29085
152.6,-0.0234099,-2.29202
152.65,-0.0233921,-2.29319
152.7,-0.023386,-2.29436
152.75,-0.0233843,-2.29553
152.8,-0.0234224,-2.2967
152.85,-0.0234239,-2.29787
152.9,-0.0234545,-2.29904
152.95,-0.0234617,-2.30022
153.0,-0.0234748,-2.30139
153.05,-0.0234706,-2.30256
153.1,-0.0234644,-2.30374
153.15,-0.0234691,-2.30491
153.2,-0.0234812,-2.30608
153.25,-0.0234728,-2.30726
153.3,-0.0234949,-2.30843
153.35,-0.0234975,-2.30961
153.4,-0.0234969,-2.31078
153.45,-0.0235485,-2.31196
153.5,-0.0235335,-2.31314
153.55,-0.0235512,-2.31431
153.6,-0.0235816,-2.31549
153.65,-0.0235813,-2.31667
153.7,-0.0236035,-2.31785
153.75,-0.0235929,-2.31903
153.8,-0.0236158,-2.32021
153.85,-0.0236743,-2.3214
153.9,-0.0236477,-2.32258
153.95,-0.023685,-2.32376
154.0,-0.0236616,-2.32495
154.05,-0.0236727,-2.32613
154.1,-0.0237128,-2.32732
154.15,-0.0236947,-2.3285
154.2,-0.0237338,-2.32969
154.25,-0.0237524,-2.33087
154.3,-0.0237236,-2.33206
154.35,-0.0237581,-2.33325
154.4,-0.0237662,-2.33444
154.45,-0.0237883,-2.33563
154.5,-0.0237943,-2.33682
154.55,-0.0237442,-2.338
154.6,-0.0237399,-2.33919
154.65,-0.0237639,-2.34038
154.7,-0.0237579,-2.34157
154.75,-0.0238006,-2.34276
154.8,-0.0238317,-2.34395
154.85,-0.0238555,-2.34514
154.9,-0.0238664,-2.34633
154.95,-0.0238385,-2.34753
155.0,-0.0238364,-2.34872
155.05,-0.0238526,-2.34991
155.1,-0.0238449,-2.3511
155.15,-0.02386,-2.3523
155.2,-0.0238514,-2.35349
155.25,-0.023881,-2.35468
155.3,-0.0239734,-2.35588
155.35,-0.0239636,-2.35708
155.4,-0.0240169,-2.35828
155.45,-0.0240106,-2.35948
155.5,-0.0239735,-2.36068
155.55,-0.0239984,-2.36188
155.6,-0.0239652,-2.36308
155.65,-0.0239302,-2.36427
155.7,-0.0239567,-2.36547
155.75,-0.0239496,-2.36667
155.8,-0.023974,-2.36787
155.85,-0.0239947,-2.36907
155.9,-0.0239865,-2.37027
155.95,-0.0240371,-2.37147
156.0,-0.0240442,-2.37267
156.05,-0.0240857,-2.37388
156.1,-0.0240836,-2.37508
156.15,-0.0240472,-2.37628
156.2,-0.0240758,-2.37749
156.25,-0.0240515,-2.37869
156.3,-0.0240467,-2.37989
156.35,-0.024088,-2.38109
156.4,-0.0240817,-2.3823
156.45,-0.0241118,-2.3835
156.5,-0.0241367,-2.38471
156.55,-0.0241332,-2.38592
156.6,-0.0241776,-2.38713
156.65,-0.0241757,-2.38834
156.7,-0.0241842,-2.38954
156.75,-0.0241882,-2.39075
156.8,-0.0241391,-2.39196
156.85,-0.0241586,-2.39317
156.9,-0.0241794,-2.39438
156.95,-0.0241911,-2.39559
157.0,-0.0242835,-2.3968
157.05,-0.0242931,-2.39802
157.1,-0.0243081,-2.39923
157.15,-0.0243384,-2.40045
157.2,-0.0242794,-2.40166
157.25,-0.0242588,-2.40288
157.3,-0.0242258,-2.40409
157.35,-0.0242324,-2.4053
157.4,-0.024289,-2.40651
157.45,-0.0242502,-2.40773
157.5,-0.0242756,-2.40894
157.55,-0.0243302,-2.41016
157.6,-0.0243587,-2.41137
157.65,-0.0244127,-2.41259
157.7,-0.0243651,-2.41381
157.75,-0.0243252,-2.41503
157.8,-0.0243384,-2.41625
157.85,-0.0242971,-2.41746
157.9,-0.0243116,-2.41868
157.95,-0.0243442,-2.41989
158.0,-0.0243388,-2.42111
158.05,-0.0243805,-2.42233
158.1,-0.0243816,-2.42355
158.15,-0.0243763,-2.42477
158.2,-0.0243927,-2.42599
158.25,-0.0243725,-2.42721
158.3,-0.0244495,-2.42843
158.35,-0.0244487,-2.42965
158.4,-0.0244478,-2.43087
158.45,-0.0244999,-2.4321
158.5,-0.0244665,-2.43332
158.55,-0.0244869,-2.43455
158.6,-0.0245009,-2.43577
158.65,-0.0244839,-2.437
158.7,-0.0245038,-2.43822
158.75,-0.0244918,-2.43944
158.8,-0.0244952,-2.44067
158.85,-0.024521,-2.4419
158.9,-0.0245275,-2.44312
158.95,-0.0245607,-2.44435
159.0,-0.0245747,-2.44558
159.05,-0.0245755,-2.44681
159.1,-0.0245881,-2.44804
159.15,-0.0245609,-2.44927
159.2,-0.0245608,-2.45049
159.25,-0.0245855,-2.45172
159.3,-0.0245803,-2.45295
159.35,-0.0246068,-2.45418
159.4,-0.0246409,-2.45541
159.45,-0.0246404,-2.45665
159.5,-0.0246722,-2.45788
159.55,-0.0246759,-2.45911
159.6,-0.0247027,-2.46035
159.65,-0.0247098,-2.46158
159.7,-0.0246594,-2.46282
159.75,-0.0246604,-2.46405
159.8,-0.0246898,-2.46528
159.85,-0.0246985,-2.46652
159.9,-0.0247514,-2.46776
159.95,-0.024759,-2.46899
160.0,-0.0247931,-2.47023
160.05,-0.0247985,-2.47147
160.1,-0.024736,-2.47271
160.15,-0.0247358,-2.47395
160.2,-0.0247219,-2.47518
160.25,-0.0247284,-2.47642
160.3,-0.0247691,-2.47766
160.35,-0.0247771,-2.4789
160.4,-0.024813,-2.48014
160.45,-0.0248571,-2.48138
160.5,-0.0248103,-2.48262
160.55,-0.024839,-2.48386
160.6,-0.0248144,-2.4851
160.65,-0.0248073,-2.48634
160.7,-0.0248334,-2.48759
160.75,-0.0248367,-2.48883
160.8,-0.0248454,-2.49007
160.85,-0.0248684,-2.49131
160.9,-0.0248708,-2.49256
160.95,-0.0249166,-2.4938
161.0,-0.0249293,-2.49505
161.05,-0.0249224,-2.4963
161.1,-0.0249442,-2.49754
161.15,-0.0249308,-2.49879
161.2,-0.024947,-2.50004
161.25,-0.0249458,-2.50128
161.3,-0.0249484,-2.50253
161.35,-0.0249743,-2.50378
161.4,-0.0250109,-2.50503
161.45,-0.0250156,-2.50628
161.5,-0.0250333,-2.50753
161.55,-0.0250138,-2.50878
161.6,-0.0250169,-2.51004
161.65,-0.0250094,-2.51129
161.7,-0.0250151,-2.51254
161.75,-0.0250306,-2.51379
161.8,-0.0250481,-2.51504
161.85,-0.025045,-2.51629
161.9,-0.0250683,-2.51755
161.95,-0.0250558,-2.5188
162.0,-0.0250921,-2.52005
162.05,-0.0250987,-2.52131
162.1,-0.0250954,-2.52256
162.15,-0.0251191,-2.52382
162.2,-0.0250939,-2.52507
162.25,-0.0251081,-2.52633
162.3,-0.0251369,-2.52759
162.35,-0.0251414,-2.52884
162.4,-0.025178,-2.5301
162.45,-0.0251716,-2.53136
162.5,-0.02517,-2.53262
162.55,-0.0251914,-2.53388
162.6,-0.0251743,-2.53514
162.65,-0.025183,-2.5364
162.7,-0.0251986,-2.53766
162.75,-0.0252042,-2.53892
162.8,-0.0252075,-2.54018
162.85,-0.0252134,-2.54144
162.9,-0.0252317,-2.5427
162.95,-0.0252603,-2.54396
163.0,-0.0252572,-2.54522
163.05,-0.0252993,-2.54649
163.1,-0.0253037,-2.54776
163.15,-0.0252791,-2.54902
163.2,-0.0252849,-2.55028
163.25,-0.0252716,-2.55155
163.3,-0.0252935,-2.55281
163.35,-0.0253192,-2.55408
163.4,-0.0253125,-2.55534
163.45,-0.0253415,-2.55661
163.5,-0.0253346,-2.55788
163.55,-0.0253311,-2.55914
163.6,-0.0253579,-2.56041
163.65,-0.0253641,-2.56168
163.7,-0.0253843,-2.56295
163.75,-0.0253907,-2.56422
163.8,-0.0253695,-2.56549
163.85,-0.0254033,-2.56676
163.9,-0.0253759,-2.56803
163.95,-0.0253867,-2.5693
164.0,-0.0254231,-2.57057
164.05,-0.0254003,-2.57184
164.1,-0.0254143,-2.57311
164.15,-0.0254198,-2.57438
164.2,-0.0254259,-2.57565
164.25,-0.0254672,-2.57692
164.3,-0.0254751,-2.5782
164.35,-0.025479,-2.57947
164.4,-0.025518,-2.58075
164.45,-0.0254873,-2.58202
164.5,-0.0254978,-2.5833
164.55,-0.0254757,-2.58457
164.6,-0.0254662,-2.58584
164.65,-0.0255135,-2.58712
164.7,-0.0255093,-2.58839
164.75,-0.025527,-2.58967
164.8,-0.0255471,-2.59095
164.85,-0.0255477,-2.59222
164.9,-0.0255848,-2.5935
164.95,-0.025576,-2.59478
165.0,-0.0255984,-2.59606
165.05,-0.0256155,-2.59734
165.1,-0.0255795,-2.59862
165.15,-0.0255985,-2.5999
165.2,-0.0256127,-2.60118
165.25,-0.0256023,-2.60246
165.3,-0.0256456,-2.60375
165.35,-0.0256456,-2.60503
165.4,-0.0256558,-2.60631
165.45,-0.0256649,-2.60759
165.5,-0.0256743,-2.60888
165.55,-0.0257025,-2.61016
165.6,-0.0257142,-2.61145
165.65,-0.025752,-2.61274
165.7,-0.0257876,-2.61403
165.75,-0.0257361,-2.61531
165.8,-0.0257238,-2.6166
165.85,-0.0257359,-2.61789
165.9,-0.0257293,-2.61917
165.95,-0.0257356,-2.62046
166.0,-0.0257605,-2.62175
166.05,-0.0257734,-2.62303
166.1,-0.0257946,-2.62432
166.15,-0.0257833,-2.62561
166.2,-0.0257942,-2.6269
166.25,-0.0257989,-2.62819
166.3,-0.0257808,-2.62948
166.35,-0.0257849,-2.63077
166.4,-0.0257776,-2.63206
166.45,-0.0257837,-2.63335
166.5,-0.0258326,-2.63464
166.55,-0.025826,-2.63593
166.6,-0.0258538,-2.63723
166.65,-0.0258765,-2.63852
166.7,-0.0258537,-2.63981
166.75,-0.025858,-2.6411
166.8,-0.0258337,-2.6424
166.85,-0.0258507,-2.64369
166.9,-0.025876,-2.64498
166.95,-0.0258705,-2.64628
167.0,-0.0258833,-2.64757
167.05,-0.025889,-2.64886
167.1,-0.0258977,-2.65016
167.15,-0.0259214,-2.65146
167.2,-0.0259025,-2.65275
167.25,-0.0259424,-2.65405
167.3,-0.0259266,-2.65534
167.35,-0.0259338,-2.65664
167.4,-0.0259454,-2.65794
167.45,-0.0259658,-2.65924
167.5,-0.0259719,-2.66054
167.55,-0.026007,-2.66184
167.6,-0.0259998,-2.66314
167.65,-0.0260429,-2.66444
167.7,-0.0260224,-2.66574
167.75,-0.0260147,-2.66704
167.8,-0.0259955,-2.66834
167.85,-0.0260139,-2.66964
167.9,-0.0260295,-2.67094
167.95,-0.0260419,-2.67224
168.0,-0.0260583,-2.67355
168.05,-0.0260972,-2.67485
168.1,-0.0261014,-2.67616
168.15,-0.0261096,-2.67746
168.2,-0.0261073,-2.67877
168.25,-0.0260803,-2.68007
168.3,-0.0261028,-2.68138
168.35,-0.0260963,-2.68268
168.4,-0.0261058,-2.68399
168.45,-0.0261159,-2.68529
168.5,-0.0261273,-2.6866
168.55,-0.0261312,-2.68791
168.6,-0.0261619,-2.68921
168.65,-0.0261597,-2.69052
168.7,-0.0261689,-2.69183
168.75,-0.026157,-2.69314
168.8,-0.0261643,-2.69445
168.85,-0.026165,-2.69575
168.9,-0.0261722,-2.69706
168.95,-0.026181,-2.69837
169.0,-0.0262155,-2.69968
169.05,-0.0261951,-2.70099
169.1,-0.0262168,-2.7023
169.15,-0.0262092,-2.70361
169.2,-0.0262278,-2.70493
169.25,-0.0262442,-2.70624
169.3,-0.0262455,-2.70755
169.35,-0.0262571,-2.70886
169.4,-0.0262877,-2.71018
169.45,-0.0262769,-2.71149
169.5,-0.0263211,-2.71281
169.55,-0.0263149,-2.71412
169.6,-0.0263134,-2.71544
169.65,-0.0263171,-2.71675
169.7,-0.0263081,-2.71807
169.75,-0.0263135,-2.71939
169.8,-0.026302,-2.7207
169.85,-0.0263021,-2.72202
169.9,-0.0263268,-2.72333
169.95,-0.0263277,-2.72465
170.0,-0.0263417,-2.72597
170.05,-0.0263688,-2.72728
170.1,-0.0263568,-2.7286
170.15,-0.0263751,-2.72992
170.2,-0.0263782,-2.73124
170.25,-0.0263913,-2.73256
170.3,-0.0264008,-2.73388
170.35,-0.0264393,-2.7352
170.4,-0.0264433,-2.73652
170.45,-0.0264704,-2.73785
170.5,-0.0264414,-2.73917
170.55,-0.0264267,-2.74049
170.6,-0.0264295,-2.74181
170.65,-0.0264304,-2.74313
170.7,-0.0264384,-2.74445
170.75,-0.0264872,-2.74578
170.8,-0.0264875,-2.7471
170.85,-0.0265241,-2.74843
170.9,-0.0265239,-2.74976
170.95,-0.0265139,-2.75108
171.0,-0.0265529,-2.75241
171.05,-0.0265331,-2.75374
171.1,-0.0265383,-2.75506
171.15,-0.0265468,-2.75639
171.2,-0.0265281,-2.75772
171.25,-0.0265467,-2.75904
171.3,-0.0265648,-2.76037
171.35,-0.0265591,-2.7617
171.4,-0.0265822,-2.76303
171.45,-0.0265614,-2.76436
171.5,-0.0265689,-2.76569
171.55,-0.0265589,-2.76701
171.6,-0.0265542,-2.76834
171.65,-0.0265698,-2.76967
171.7,-0.0265786,-2.771
171.75,-0.0265839,-2.77233
171.8,-0.026608,-2.77366
171.85,-0.0266214,-2.77499
171.9,-0.0266501,-2.77632
171.95,-0.0266608,-2.77765
172.0,-0.0266504,-2.77899
172.05,-0.0266633,-2.78032
172.1,-0.0266465,-2.78165
172.15,-0.0266668,-2.78299
172.2,-0.0266738,-2.78432
172.25,-0.0266677,-2.78565
172.3,-0.0266915,-2.78699
172.35,-0.0266941,-2.78832
172.4,-0.0266934,-2.78966
172.45,-0.0267061,-2.79099
172.5,-0.0267169,-2.79233
172.55,-0.026727,-2.79366
172.6,-0.0267286,-2.795
172.65,-0.0267418,-2.79634
172.7,-0.0267471,-2.79768
172.75,-0.0267513,-2.79901
172.8,-0.0267709,-2.80035
172.85,-0.0267827,-2.80169
172.9,-0.0267784,-2.80303
172.95,-0.0267872,-2.80437
173.0,-0.0267943,-2.80571
173.05,-0.0268127,-2.80705
173.1,-0.0268265,-2.80839
173.15,-0.0268312,-2.80973
173.2,-0.0268362,-2.81107
173.25,-0.0268359,-2.81242
173.3,-0.0268488,-2.81376
173.35,-0.0268559,-2.8151
173.4,-0.0268618,-2.81644
173.45,-0.0268765,-2.81779
173.5,-0.0268906,-2.81913
173.55,-0.0268749,-2.82048
173.6,-0.0269003,-2.82182
173.65,-0.0268951,-2.82317
173.7,-0.0269035,-2.82451
173.75,-0.026922,-2.82586
173.8,-0.0269353,-2.8272
173.85,-0.026922,-2.82855
173.9,-0.0269465,-2.8299
173.95,-0.0269442,-2.83124
174.0,-0.026947,-2.83259
174.05,-0.0269606,-2.83394
174.1,-0.0269683,-2.83529
174.15,-0.0269712,-2.83664
174.2,-0.0269754,-2.83799
174.25,-0.0269921,-2.83934
174.3,-0.026984,-2.84068
174.35,-0.0270035,-2.84204
174.4,-0.0269959,-2.84338
174.45,-0.0270132,-2.84474
174.5,-0.0270149,-2.84609
174.55,-0.0270226,-2.84744
174.6,-0.0270477,-2.84879
174.65,-0.0270544,-2.85014
174.7,-0.0270738,-2.8515
174.75,-0.0271168,-2.85285
174.8,-0.0270894,-2.85421
174.85,-0.0271049,-2.85556
174.9,-0.0271003,-2.85692
174.95,-0.0270921,-2.85827
175.0,-0.0271258,-2.85963
175.05,-0.0271118,-2.86098
175.1,-0.0271324,-2.86234
175.15,-0.0271419,-2.8637
175.2,-0.0271292,-2.86505
175.25,-0.0271468,-2.86641
175.3,-0.02714,-2.86777
175.35,-0.0271766,-2.86913
175.4,-0.0271936,-2.87049
175.45,-0.0271669,-2.87184
175.5,-0.0271622,-2.8732
175.55,-0.0271712,-2.87456
175.6,-0.0271821,-2.87592
175.65,-0.0272213,-2.87728
175.7,-0.0272291,-2.87864
175.75,-0.0272253,-2.88
175.8,-0.0272427,-2.88137
175.85,-0.0272221,-2.88273
175.9,-0.0272291,-2.88409
175.95,-0.0272319,-2.88545
176.0,-0.0272312,-2.88681
176.05,-0.0272551,-2.88817
176.1,-0.02725,-2.88954
176.15,-0.0272711,-2.8909
176.2,-0.0272975,-2.89227
176.25,-0.0272935,-2.89363
176.3,-0.0273144,-2.895
176.35,-0.0273041,-2.89636
176.4,-0.027315,-2.89773
176.45,-0.0273246,-2.89909
176.5,-0.0273123,-2.90046
176.55,-0.027317,-2.90182
176.6,-0.0273277,-2.90319
176.65,-0.027329,-2.90456
176.7,-0.0273498,-2.90593
176.75,-0.0273509,-2.90729
176.8,-0.0273469,-2.90866
176.85,-0.0273662,-2.91003
176.9,-0.0273651,-2.9114
176.95,-0.0273817,-2.91277
177.0,-0.027393,-2.91414
177.05,-0.0273849,-2.9155
177.1,-0.0273925,-2.91687
177.15,-0.0274015,-2.91824
177.2,-0.0274085,-2.91961
177.25,-0.0274028,-2.92098
177.3,-0.0273986,-2.92235
177.35,-0.0274221,-2.92373
177.4,-0.0274225,-2.9251
177.45,-0.027422,-2.92647
177.5,-0.027444,-2.92784
177.55,-0.0274541,-2.92921
177.6,-0.0274632,-2.93059
177.65,-0.0274815,-2.93196
177.7,-0.027481,-2.93333
177.75,-0.0275045,-2.93471
177.8,-0.0275223,-2.93609
177.85,-0.0275293,-2.93746
177.9,-0.0275634,-2.93884
177.95,-0.0275254,-2.94022
178.0,-0.0275077,-2.94159
178.05,-0.0275073,-2.94297
178.1,-0.0275073,-2.94434
178.15,-0.0275204,-2.94572
178.2,-0.0275625,-2.9471
178.25,-0.0275529,-2.94847
178.3,-0.0276142,-2.94986
178.35,-0.0276341,-2.95124
178.4,-0.0276268,-2.95262
178.45,-0.0276388,-2.954
178.5,-0.0276404,-2.95538
178.55,-0.0276572,-2.95676
178.6,-0.0276607,-2.95815
178.65,-0.0276578,-2.95953
178.7,-0.0276922,-2.96092
178.75,-0.027713,-2.9623
178.8,-0.0277225,-2.96369
178.85,-0.0277236,-2.96507
178.9,-0.0277168,-2.96646
178.95,-0.0277309,-2.96785
179.0,-0.0277124,-2.96923
179.05,-0.027715,-2.97062
179.1,-0.0277352,-2.972
179.15,-0.0277553,-2.97339
179.2,-0.0277736,-2.97478
179.25,-0.0277766,-2.97617
179.3,-0.0277528,-2.97756
179.35,-0.0277679,-2.97895
179.4,-0.0277709,-2.98033
179.45,-0.027778,-2.98172
179.5,-0.0277823,-2.98311
179.55,-0.0277889,-2.9845
179.6,-0.0278062,-2.98589
179.65,-0.0278396,-2.98728
179.7,-0.0278459,-2.98868
179.75,-0.0279126,-2.99007
179.8,-0.0278918,-2.99147
179.85,-0.0278905,-2.99286
179.9,-0.0278813,-2.99425
179.95,-0.027879,-2.99565
180.0,-0.0278955,-2.99704
180.05,-0.0279241,-2.99844
180.1,-0.0279141,-2.99984
180.15,-0.0279495,-3.00123
180.2,-0.027929,-3.00263
180.25,-0.0279278,-3.00403
180.3,-0.027934,-3.00542
180.35,-0.0279152,-3.00682
180.4,-0.0279312,-3.00821
180.45,-0.0279263,-3.00961
180.5,-0.0279328,-3.01101
180.55,-0.0279758,-3.01241
180.6,-0.0279777,-3.01381
180.65,-0.0279996,-3.01521
180.7,-0.0280352,-3.01661
180.75,-0.0280332,-3.01801
180.8,-0.0280484,-3.01941
180.85,-0.0280012,-3.02081
180.9,-0.0279932,-3.02221
180.95,-0.0280207,-3.02361
181.0,-0.0280353,-3.02501
181.05,-0.0280608,-3.02642
181.1,-0.0280675,-3.02782
181.15,-0.0280457,-3.02922
181.2,-0.0280746,-3.03063
181.25,-0.0280565,-3.03203
181.3,-0.028061,-3.03343
181.35,-0.02807,-3.03484
181.4,-0.02806,-3.03624
181.45,-0.0280836,-3.03764
181.5,-0.0281118,-3.03905
181.55,-0.0281165,-3.04045
181.6,-0.0281506,-3.04186
181.65,-0.0281701,-3.04327
181.7,-0.0281703,-3.04468
181.75,-0.0281653,-3.04609
181.8,-0.0281287,-3.04749
181.85,-0.0281394,-3.0489
181.9,-0.0281555,-3.05031
181.95,-0.0281552,-3.05172
182.0,-0.0281853,-3.05313
182.05,-0.0281835,-3.05453
182.1,-0.0281955,-3.05594
182.15,-0.0282035,-3.05735
182.2,-0.0281897,-3.05876
182.25,-0.0281971,-3.06017
182.3,-0.0282035,-3.06158
182.35,-0.0282022,-3.06299
182.4,-0.0282307,-3.06441
182.45,-0.0282311,-3.06582
182.5,-0.0282424,-3.06723
182.55,-0.0282831,-3.06864
182.6,-0.0282806,-3.07006
182.65,-0.0283278,-3.07147
182.7,-0.0283178,-3.07289
182.75,-0.0283081,-3.0743
182.8,-0.0282999,-3.07572
182.85,-0.028289,-3.07713
182.9,-0.0283137,-3.07855
182.95,-0.0283361,-3.07997
183.0,-0.0283185,-3.08138
183.05,-0.0283333,-3.0828
183.1,-0.0283231,-3.08422
183.15,-0.0283184,-3.08563
183.2,-0.0283373,-3.08705
183.25,-0.0283291,-3.08846
183.3,-0.0283579,-3.08988
183.35,-0.0283838,-3.0913
183.4,-0.0283728,-3.09272
183.45,-0.0283943,-3.09414
183.5,-0.0283925,-3.09556
183.55,-0.0284138,-3.09698
183.6,-0.0284528,-3.0984
183.65,-0.0284315,-3.09982
183.7,-0.0284544,-3.10125
183.75,-0.0284386,-3.10267
183.8,-0.0284267,-3.10409
183.85,-0.0284501,-3.10551
183.9,-0.0284581,-3.10694
183.95,-0.0284812,-3.10836
184.0,-0.0285088,-3.10979
184.05,-0.028482,-3.11121
184.1,-0.0284941,-3.11263
184.15,-0.0284868,-3.11406
184.2,-0.0284964,-3.11548
184.25,-0.0285205,-3.11691
184.3,-0.0285166,-3.11834
184.35,-0.0285521,-3.11976
184.4,-0.0285585,-3.12119
184.45,-0.0285286,-3.12262
184.5,-0.0285533,-3.12405
184.55,-0.0285445,-3.12547
184.6,-0.0285729,-3.1269
184.65,-0.0286248,-3.12833
184.7,-0.0286132,-3.12976
184.75,-0.0286303,-3.13119
184.8,-0.0286347,-3.13263
184.85,-0.0286055,-3.13406
184.9,-0.0286356,-3.13549
184.95,-0.0285964,-3.13692
185.0,-0.0286006,-3.13835
185.05,-0.028619,-3.13978
185.1,-0.0286134,-3.14121
185.15,-0.0286588,-3.14264
185.2,-0.0286823,-3.14408
185.25,-0.0287003,-3.14551
185.3,-0.0287699,-3.14695
185.35,-0.0287816,-3.14839
185.4,-0.0287564,-3.14983
185.45,-0.0287279,-3.15126
185.5,-0.0287107,-3.1527
185.55,-0.0287444,-3.15414
185.6,-0.0287161,-3.15557
185.65,-0.028723,-3.15701
185.7,-0.0287695,-3.15845
185.75,-0.0287624,-3.15988
185.8,-0.0288121,-3.16133
185.85,-0.0288144,-3.16277
185.9,-0.0287991,-3.16421
185.95,-0.028824,-3.16565
186.0,-0.02881,-3.16709
186.05,-0.0287984,-3.16853
186.1,-0.0288318,-3.16997
186.15,-0.0288124,-3.17141
186.2,-0.0288467,-3.17285
186.25,-0.0288735,-3.1743
186.3,-0.02887,-3.17574
186.35,-0.0288815,-3.17718
186.4,-0.02888,-3.17863
186.45,-0.0288953,-3.18007
186.5,-0.0289056,-3.18152
186.55,-0.0288876,-3.18296
186.6,-0.0289057,-3.18441
186.65,-0.0289101,-3.18585
186.7,-0.0289119,-3.1873
186.75,-0.0289577,-3.18875
186.8,-0.0289308,-3.19019
186.85,-0.0289362,-3.19164
186.9,-0.0289361,-3.19309
186.95,-0.0289259,-3.19453
187.0,-0.0289488,-3.19598
187.05,-0.0289605,-3.19743
187.1,-0.0289667,-3.19888
187.15,-0.0289967,-3.20033
187.2,-0.0289999,-3.20178
187.25,-0.0290048,-3.20323
187.3,-0.0290348,-3.20468
187.35,-0.0290233,-3.20613
187.4,-0.0290558,-3.20758
187.45,-0.029057,-3.20904
187.5,-0.0290348,-3.21049
187.55,-0.0290716,-3.21194
187.6,-0.0290867,-3.21339
187.65,-0.0291193,-3.21485
187.7,-0.0291545,-3.21631
187.75,-0.0291392,-3.21777
187.8,-0.0291533,-3.21922
187.85,-0.0291325,-3.22068
187.9,-0.0291128,-3.22214
187.95,-0.0291253,-3.22359
188.0,-0.0291356,-3.22505
188.05,-0.0291501,-3.22651
188.1,-0.0291727,-3.22796
188.15,-0.0291787,-3.22942
188.2,-0.0292272,-3.23088
188.25,-0.0292305,-3.23235
188.3,-0.0292505,-3.23381
188.35,-0.0292864,-3.23527
188.4,-0.0292502,-3.23674
188.45,-0.0292658,-3.2382
188.5,-0.029249,-3.23966
188.55,-0.0292363,-3.24112
188.6,-0.0292687,-3.24259
188.65,-0.0292658,-3.24405
188.7,-0.0292678,-3.24551
188.75,-0.0293003,-3.24698
188.8,-0.0292713,-3.24844
188.85,-0.0292871,-3.24991
188.9,-0.0292951,-3.25137
188.95,-0.0293005,-3.25284
189.0,-0.0293202,-3.2543
189.05,-0.0293196,-3.25577
189.1,-0.0293342,-3.25723
189.15,-0.0293646,-3.2587
189.2,-0.0293619,-3.26017
189.25,-0.029408,-3.26164
189.3,-0.029426,-3.26311
189.35,-0.0294224,-3.26458
189.4,-0.0294283,-3.26606
189.45,-0.029383,-3.26752
189.5,-0.0293904,-3.26899
189.55,-0.0294099,-3.27046
189.6,-0.0294053,-3.27193
189.65,-0.029477,-3.27341
189.7,-0.0295022,-3.27488
189.75,-0.0294863,-3.27636
189.8,-0.0294845,-3.27783
189.85,-0.0294707,-3.27931
189.9,-0.0294799,-3.28078
189.95,-0.0294762,-3.28225
190.0,-0.0294737,-3.28373
190.05,-0.0295119,-3.2852
190.1,-0.0295374,-3.28668
190.15,-0.0295514,-3.28816
190.2,-0.0296273,-3.28964
190.25,-0.0296291,-3.29112
190.3,-0.0297248,-3.29261
190.35,-0.0297424,-3.29409
190.4,-0.0296839,-3.29558
190.45,-0.0296698,-3.29706
190.5,-0.0296441,-3.29854
190.55,-0.0296649,-3.30003
190.6,-0.0297208,-3.30151
190.65,-0.0297337,-3.303
190.7,-0.0298062,-3.30449
190.75,-0.0297985,-3.30598
190.8,-0.0297594,-3.30747
190.85,-0.0297365,-3.30895
190.9,-0.0296887,-3.31044
190.95,-0.0296951,-3.31192
191.0,-0.0297134,-3.31341
191.05,-0.0297172,-3.3149
191.1,-0.0297687,-3.31638
191.15,-0.0298032,-3.31787
191.2,-0.0298168,-3.31936
191.25,-0.0298751,-3.32086
191.3,-0.0298547,-3.32235
191.35,-0.0298807,-3.32385
191.4,-0.0298269,-3.32534
191.45,-0.0297811,-3.32683
191.5,-0.029808,-3.32832
191.55,-0.0298212,-3.32981
191.6,-0.0298418,-3.3313
191.65,-0.0298909,-3.33279
191.7,-0.0298829,-3.33429
191.75,-0.029881,-3.33578
191.8,-0.0298644,-3.33728
191.85,-0.0298584,-3.33877
191.9,-0.0298797,-3.34026
191.95,-0.0298669,-3.34176
192.0,-0.0298741,-3.34325
192.05,-0.0298782,-3.34474
192.1,-0.0298862,-3.34624
192.15,-0.0299294,-3.34773
192.2,-0.0299272,-3.34923
192.25,-0.0299347,-3.35073
192.3,-0.0299684,-3.35223
192.35,-0.0299474,-3.35372
192.4,-0.0299396,-3.35522
192.45,-0.0299813,-3.35672
192.5,-0.029996,-3.35822
192.55,-0.0300359,-3.35972
192.6,-0.0300142,-3.36122
192.65,-0.0300053,-3.36272
192.7,-0.0299958,-3.36422
192.75,-0.0299609,-3.36572
192.8,-0.0299972,-3.36722
192.85,-0.0300002,-3.36872
192.9,-0.0300006,-3.37022
192.95,-0.0300806,-3.37172
193.0,-0.0300761,-3.37323
193.05,-0.0301022,-3.37473
193.1,-0.0301493,-3.37624
193.15,-0.03011,-3.37774
193.2,-0.0301349,-3.37925
193.25,-0.0301123,-3.38076
193.3,-0.0300917,-3.38226
193.35,-0.0301249,-3.38377
193.4,-0.0301172,-3.38527
193.45,-0.0301399,-3.38678
193.5,-0.030167,-3.38829
193.55,-0.0301661,-3.3898
193.6,-0.0302102,-3.39131
193.65,-0.0302087,-3.39282
193.7,-0.0302238,-3.39433
193.75,-0.0302289,-3.39584
193.8,-0.0302065,-3.39735
193.85,-0.0302423,-3.39886
193.9,-0.0302204,-3.40037
193.95,-0.0302036,-3.40188
194.0,-0.0302297,-3.4034
194.05,-0.0302334,-3.40491
194.1,-0.0302444,-3.40642
194.15,-0.0302557,-3.40793
194.2,-0.0302317,-3.40944
194.25,-0.0302861,-3.41096
194.3,-0.0302998,-3.41247
194.35,-0.0302967,-3.41399
194.4,-0.0303134,-3.4155
194.45,-0.0302958,-3.41702
194.5,-0.0302883,-3.41853
194.55,-0.0302941,-3.42005
194.6,-0.0302934,-3.42156
194.65,-0.0303148,-3.42308
194.7,-0.0303452,-3.4246
194.75,-0.0303456,-3.42611
194.8,-0.0303962,-3.42763
194.85,-0.0303883,-3.42915
194.9,-0.0303975,-3.43067
194.95,-0.0304182,-3.43219
195.0,-0.0304033,-3.43371
195.05,-0.0304137,-3.43523
195.1,-0.0304099,-3.43675
195.15,-0.0304186,-3.43828
195.2,-0.0304645,-3.4398
195.25,-0.030454,-3.44132
195.3,-0.0304849,-3.44285
195.35,-0.0305114,-3.44437
195.4,-0.0305092,-3.4459
195.45,-0.0305132,-3.44742
195.5,-0.03048,-3.44895
195.55,-0.0304863,-3.45047
195.6,-0.0305213,-3.452
195.65,-0.0305185,-3.45352
195.7,-0.0305364,-3.45505
195.75,-0.0305762,-3.45658
195.8,-0.0305703,-3.45811
195.85,-0.0305798,-3.45964
195.9,-0.0305779,-3.46116
195.95,-0.0305741,-3.46269
196.0,-0.0305843,-3.46422
196.05,-0.0305989,-3.46575
196.1,-0.0306015,-3.46728
196.15,-0.0306125,-3.46881
196.2,-0.0306205,-3.47034
196.25,-0.0306655,-3.47188
196.3,-0.0306789,-3.47341
196.35,-0.0307021,-3.47495
196.4,-0.0306916,-3.47648
196.45,-0.0306514,-3.47801
196.5,-0.0306562,-3.47955
196.55,-0.0306689,-3.48108
196.6,-0.0306668,-3.48261
196.65,-0.0307347,-3.48415
196.7,-0.0307502,-3.48569
196.75,-0.0307313,-3.48722
196.8,-0.0307578,-3.48876
196.85,-0.0307333,-3.4903
196.9,-0.0307456,-3.49184
196.95,-0.0307335,-3.49337
197.0,-0.0307226,-3.49491
197.05,-0.0307478,-3.49645
197.1,-0.0307457,-3.49798
197.15,-0.0307665,-3.49952
197.2,-0.0308108,-3.50106
197.25,-0.0308057,-3.5026
197.3,-0.0308287,-3.50414
197.35,-0.0308321,-3.50569
197.4,-0.0308174,-3.50723
197.45,-0.030825,-3.50877
197.5,-0.030825,-3.51031
197.55,-0.0308368,-3.51185
197.6,-0.0308831,-3.51339
197.65,-0.0308889,-3.51494
197.7,-0.0308982,-3.51648
197.75,-0.0308991,-3.51803
197.8,-0.0308999,-3.51957
197.85,-0.0309115,-3.52112
197.9,-0.0308958,-3.52266
197.95,-0.0309079,-3.52421
198.0,-0.0309161,-3.52576
198.05,-0.0309212,-3.5273
198.1,-0.0309646,-3.52885
198.15,-0.0309683,-3.5304
198.2,-0.0309702,-3.53195
198.25,-0.0309858,-3.5335
198.3,-0.0309697,-3.53504
198.35,-0.0309947,-3.53659
198.4,-0.0309799,-3.53814
198.45,-0.0309865,-3.53969
198.5,-0.0310271,-3.54124
198.55,-0.0310229,-3.5428
198.6,-0.0310376,-3.54435
198.65,-0.0310416,-3.5459
198.7,-0.03104,-3.54745
198.75,-0.0310567,-3.549
198.8,-0.031056,-3.55056
198.85,-0.0310601,-3.55211
198.9,-0.0310632,-3.55366
198.95,-0.031065,-3.55522
199.0,-0.0310873,-3.55677
199.05,-0.0310816,-3.55832
199.1,-0.0310973,-3.55988
199.15,-0.0311366,-3.56144
199.2,-0.0311314,-3.56299
199.25,-0.0311404,-3.56455
199.3,-0.0311576,-3.56611
199.35,-0.0311339,-3.56766
199.4,-0.0311461,-3.56922
199.45,-0.0311417,-3.57078
199.5,-0.0311471,-3.57234
199.55,-0.0311667,-3.57389
199.6,-0.0311732,-3.57545
199.65,-0.0311886,-3.57701
199.7,-0.0312391,-3.57857
199.75,-0.0312214,-3.58014
199.8,-0.0312522,-3.5817
199.85,-0.0312449,-3.58326
199.9,-0.0312308,-3.58482
199.95,-0.0312418,-3.58638
200.0,-0.0312269,-3.58795
200.05,-0.0312359,-3.58951
200.1,-0.0312703,-3.59107
200.15,-0.0312632,-3.59263
200.2,-0.0312901,-3.5942
200.25,-0.031308,-3.59576
200.3,-0.0313107,-3.59733
200.35,-0.0313182,-3.5989
200.4,-0.031314,-3.60046
200.45,-0.0313392,-3.60203
200.5,-0.0313375,-3.6036
200.55,-0.0313531,-3.60516
200.6,-0.0313682,-3.60673
200.65,-0.0313882,-3.6083
200.7,-0.0313934,-3.60987
200.75,-0.0314182,-3.61144
200.8,-0.0313942,-3.61301
200.85,-0.0314162,-3.61458
200.9,-0.0314136,-3.61615
200.95,-0.0314208,-3.61772
201.0,-0.0314268,-3.61929
201.05,-0.0314157,-3.62087
201.1,-0.0314294,-3.62244
201.15,-0.0314743,-3.62401
201.2,-0.0314719,-3.62558
201.25,-0.0315047,-3.62716
201.3,-0.0315015,-3.62873
201.35,-0.0315089,-3.63031
201.4,-0.0315281,-3.63189
201.45,-0.0314908,-3.63346
201.5,-0.0315019,-3.63504
201.55,-0.0315175,-3.63661
201.6,-0.0315148,-3.63819
201.65,-0.031516,-3.63976
201.7,-0.0315352,-3.64134
201.75,-0.0315444,-3.64292
201.8,-0.0315848,-3.6445
201.85,-0.0315709,-3.64608
201.9,-0.0315869,-3.64765
201.95,-0.0315834,-3.64923
202.0,-0.0315623,-3.65081
202.05,-0.0315859,-3.65239
202.1,-0.031587,-3.65397
202.15,-0.0315953,-3.65555
202.2,-0.0316016,-3.65713
202.25,-0.0315974,-3.65871
202.3,-0.0316221,-3.66029
202.35,-0.031633,-3.66187
202.4,-0.0316429,-3.66346
202.45,-0.0316507,-3.66504
202.5,-0.0316667,-3.66662
202.55,-0.0316745,-3.6682
202.6,-0.0316842,-3.66979
202.65,-0.0316747,-3.67137
202.7,-0.0317061,-3.67296
202.75,-0.0317076,-3.67454
202.8,-0.031704,-3.67613
202.85,-0.0316886,-3.67771
202.9,-0.0317034,-3.6793
202.95,-0.0317252,-3.68088
203.0,-0.0317523,-3.68247
203.05,-0.0317476,-3.68406
203.1,-0.0317612,-3.68565
203.15,-0.0317565,-3.68724
203.2,-0.0317544,-3.68882
203.25,-0.0317616,-3.69041
203.3,-0.0317733,-3.692
203.35,-0.0317977,-3.69359
203.4,-0.0318108,-3.69518
203.45,-0.0318305,-3.69677
203.5,-0.0318341,-3.69836
203.55,-0.0318259,-3.69995
203.6,-0.0318317,-3.70155
203.65,-0.0318522,-3.70314
203.7,-0.0318599,-3.70473
203.75,-0.031893,-3.70633
203.8,-0.0318879,-3.70792
203.85,-0.0318966,-3.70952
203.9,-0.031887,-3.71111
203.95,-0.0319051,-3.71271
204.0,-0.0319013,-3.7143
204.05,-0.0319005,-3.7159
204.1,-0.0319104,-3.71749
204.15,-0.0319165,-3.71909
204.2,-0.0319342,-3.72068
204.25,-0.0319381,-3.72228
204.3,-0.0319393,-3.72388
204.35,-0.0319591,-3.72548
204.4,-0.0319596,-3.72707
204.45,-0.031982,-3.72867
204.5,-0.0319887,-3.73027
204.55,-0.0319965,-3.73187
204.6,-0.0320107,-3.73347
204.65,-0.032006,-3.73507
204.7,-0.0320255,-3.73667
204.75,-0.0320226,-3.73827
204.8,-0.0320286,-3.73988
204.85,-0.0320544,-3.74148
204.9,-0.032077,-3.74308
204.95,-0.0320729,-3.74469
205.0,-0.0320823,-3.74629
205.05,-0.0320869,-3.7479
205.1,-0.0320862,-3.7495
205.15,-0.0321034,-3.7511
205.2,-0.0321017,-3.75271
205.25,-0.0321214,-3.75432
205.3,-0.032114,-3.75592
205.35,-0.032118,-3.75753
205.4,-0.0321462,-3.75913
205.45,-0.0321524,-3.76074
205.5,-0.032167,-3.76235
205.55,-0.0321688,-3.76396
205.6,-0.0321682,-3.76557
205.65,-0.0321912,-3.76718
205.7,-0.0321853,-3.76879
205.75,-0.0321937,-3.7704
205.8,-0.0322224,-3.77201
205.85,-0.0322044,-3.77362
205.9,-0.0322158,-3.77523
205.95,-0.0322113,-3.77684
206.0,-0.0322,-3.77845
206.05,-0.0322193,-3.78006
206.1,-0.0322228,-3.78167
206.15,-0.0322525,-3.78328
206.2,-0.0322781,-3.7849
206.25,-0.0322636,-3.78651
206.3,-0.0322745,-3.78812
206.35,-0.0322617,-3.78974
206.4,-0.0322624,-3.79135
206.45,-0.032263,-3.79296
206.5,-0.0322751,-3.79458
206.55,-0.0322963,-3.79619
206.6,-0.0323342,-3.79781
206.65,-0.0323271,-3.79943
206.7,-0.0323506,-3.80104
206.75,-0.0323766,-3.80266
206.8,-0.0323601,-3.80428
206.85,-0.0323577,-3.8059
206.9,-0.0323214,-3.80751
206.95,-0.0323246,-3.80913
207.0,-0.0323255,-3.81075
207.05,-0.0323453,-3.81236
207.1,-0.0323785,-3.81398
207.15,-0.0323884,-3.8156
207.2,-0.032406,-3.81722
207.25,-0.0324525,-3.81884
207.3,-0.0324284,-3.82047
207.35,-0.032445,-3.82209
207.4,-0.0324349,-3.82371
207.45,-0.0324342,-3.82533
207.5,-0.0324462,-3.82695
207.55,-0.0324609,-3.82858
207.6,-0.0324695,-3.8302
207.65,-0.032494,-3.83183
207.7,-0.0324731,-3.83345
207.75,-0.0325071,-3.83507
207.8,-0.0324931,-3.8367
207.85,-0.0324864,-3.83832
207.9,-0.0324799,-3.83995
207.95,-0.0325051,-3.84157
208.0,-0.0325069,-3.8432
208.05,-0.0325158,-3.84482
208.1,-0.0325199,-3.84645
208.15,-0.0325456,-3.84808
208.2,-0.032545,-3.8497
208.25,-0.0325483,-3.85133
208.3,-0.0325585,-3.85296
208.35,-0.0325613,-3.85459
208.4,-0.0325703,-3.85622
208.45,-0.0325467,-3.85784
208.5,-0.0325538,-3.85947
208.55,-0.0325787,-3.8611
208.6,-0.0325831,-3.86273
208.65,-0.0325973,-3.86436
208.7,-0.0326144,-3.86599
208.75,-0.0326223,-3.86762
208.8,-0.0326394,-3.86925
208.85,-0.0326029,-3.87088
208.9,-0.0326104,-3.87251
208.95,-0.0326102,-3.87414
209.0,-0.032624,-3.87578
209.05,-0.0326307,-3.87741
209.1,-0.0326647,-3.87904
209.15,-0.0326599,-3.88067
209.2,-0.0327072,-3.88231
209.25,-0.0326929,-3.88394
209.3,-0.0327061,-3.88558
209.35,-0.0326901,-3.88721
209.4,-0.0326863,-3.88885
209.45,-0.0326806,-3.89048
209.5,-0.0327088,-3.89212
209.55,-0.0326954,-3.89375
209.6,-0.0327232,-3.89539
209.65,-0.0327348,-3.89702
209.7,-0.0327585,-3.89866
209.75,-0.0327313,-3.9003
209.8,-0.0327103,-3.90193
209.85,-0.032716,-3.90357
209.9,-0.032727,-3.90521
209.95,-0.0327491,-3.90684
210.0,-0.0327723,-3.90848
210.05,-0.0327815,-3.91012
210.1,-0.0328026,-3.91176
210.15,-0.0328117,-3.9134
210.2,-0.0327949,-3.91504
210.25,-0.0328088,-3.91668
210.3,-0.0328116,-3.91832
210.35,-0.0328445,-3.91997
210.4,-0.0328328,-3.92161
210.45,-0.0328313,-3.92325
210.5,-0.032831,-3.92489
210.55,-0.0328448,-3.92653
210.6,-0.032857,-3.92817
210.65,-0.0328685,-3.92982
210.7,-0.0328722,-3.93146
210.75,-0.0328951,-3.93311
210.8,-0.0328942,-3.93475
210.85,-0.0329059,-3.9364
210.9,-0.0329038,-3.93804
210.95,-0.032913,-3.93969
211.0,-0.0329388,-3.94133
211.05,-0.0329288,-3.94298
211.1,-0.0329441,-3.94463
211.15,-0.0329611,-3.94628
211.2,-0.0329463,-3.94792
211.25,-0.0329601,-3.94957
211.3,-0.0329809,-3.95122
211.35,-0.0329808,-3.95287
211.4,-0.033004,-3.95452
211.45,-0.0329737,-3.95617
211.5,-0.0329843,-3.95782
211.55,-0.0329942,-3.95947
211.6,-0.032991,-3.96112
211.65,-0.0330231,-3.96277
211.7,-0.0330205,-3.96442
211.75,-0.0330386,-3.96607
211.8,-0.0330469,-3.96772
211.85,-0.0330325,-3.96938
211.9,-0.0330471,-3.97103
211.95,-0.0330506,-3.97268
212.0,-0.0330645,-3.97433
212.05,-0.0330825,-3.97599
212.1,-0.0330694,-3.97764
212.15,-0.0330934,-3.9793
212.2,-0.0330692,-3.98095
212.25,-0.0330704,-3.9826
212.3,-0.0330955,-3.98426
212.35,-0.0331166,-3.98591
212.4,-0.0331163,-3.98757
212.45,-0.0331388,-3.98923
212.5,-0.0331382,-3.99088
212.55,-0.0331722,-3.99254
212.6,-0.0331714,-3.9942
212.65,-0.0331918,-3.99586
212.7,-0.0331845,-3.99752
212.75,-0.0331688,-3.99918
212.8,-0.0331876,-4.00084
212.85,-0.0331978,-4.0025
212.9,-0.0332105,-4.00416
212.95,-0.0332693,-4.00582
213.0,-0.0333057,-4.00749
213.05,-0.0333239,-4.00915
213.1,-0.0333602,-4.01082
213.15,-0.0333668,-4.01249
213.2,-0.0333525,-4.01416
213.25,-0.0333288,-4.01582
213.3,-0.0333099,-4.01749
213.35,-0.0333295,-4.01915
213.4,-0.0333237,-4.02082
213.45,-0.0333377,-4.02249
213.5,-0.0333507,-4.02415
213.55,-0.0333378,-4.02582
213.6,-0.0333497,-4.02749
213.65,-0.0333508,-4.02916
213.7,-0.0333396,-4.03082
213.75,-0.0333486,-4.03249
213.8,-0.0333503,-4.03416
213.85,-0.0333607,-4.03583
213.9,-0.0334046,-4.0375
213.95,-0.0334062,-4.03917
214.0,-0.0334586,-4.04084
214.05,-0.0334509,-4.04251
214.1,-0.0334376,-4.04418
214.15,-0.033453,-4.04586
214.2,-0.033413,-4.04753
214.25,-0.033418,-4.0492
214.3,-0.0334246,-4.05087
214.35,-0.0334212,-4.05254
214.4,-0.0334456,-4.05421
214.45,-0.0334598,-4.05589
214.5,-0.0334717,-4.05756
214.55,-0.0335003,-4.05924
214.6,-0.0335007,-4.06091
214.65,-0.0335314,-4.06259
214.7,-0.0335165,-4.06426
214.75,-0.0335085,-4.06594
214.8,-0.0335364,-4.06761
214.85,-0.0335287,-4.06929
214.9,-0.0335579,-4.07097
214.95,-0.0335692,-4.07265
215.0,-0.0335653,-4.07433
215.05,-0.0336117,-4.07601
215.1,-0.0335878,-4.07769
215.15,-0.0335848,-4.07936
215.2,-0.0336195,-4.08105
215.25,-0.0335997,-4.08273
215.3,-0.0335986,-4.08441
215.35,-0.0335898,-4.08609
215.4,-0.0335915,-4.08776
215.45,-0.0336288,-4.08945
215.5,-0.0336434,-4.09113
215.55,-0.03366,-4.09281
215.6,-0.033692,-4.0945
215.65,-0.0336727,-4.09618
215.7,-0.0336883,-4.09786
215.75,-0.0336884,-4.09955
215.8,-0.0336767,-4.10123
215.85,-0.0337125,-4.10292
215.9,-0.0337211,-4.1046
215.95,-0.0337311,-4.10629
216.0,-0.0337535,-4.10798
216.05,-0.0337315,-4.10966
216.1,-0.0337425,-4.11135
216.15,-0.0337389,-4.11304
216.2,-0.0337426,-4.11473
216.25,-0.0337604,-4.11641
216.3,-0.0337505,-4.1181
216.35,-0.0337643,-4.11979
216.4,-0.0337626,-4.12148
216.45,-0.0337561,-4.12317
216.5,-0.0337841,-4.12486
216.55,-0.0337859,-4.12654
216.6,-0.0338069,-4.12823
216.65,-0.0338344,-4.12993
216.7,-0.0338227,-4.13162
216.75,-0.0338348,-4.13331
216.8,-0.0338293,-4.135
216.85,-0.0338389,-4.13669
216.9,-0.0338396,-4.13838
216.95,-0.0338603,-4.14008
217.0,-0.0338651,-4.14177
217.05,-0.0338996,-4.14347
217.1,-0.0339092,-4.14516
217.15,-0.0339049,-4.14686
217.2,-0.0339007,-4.14855
217.25,-0.0339071,-4.15025
217.3,-0.0338952,-4.15194
217.35,-0.0339087,-4.15364
217.4,-0.0339107,-4.15533
217.45,-0.0339242,-4.15703
217.5,-0.0339466,-4.15873
217.55,-0.0339631,-4.16042
217.6,-0.033987,-4.16212
217.65,-0.0339732,-4.16382
217.7,-0.033979,-4.16552
217.75,-0.0339666,-4.16722
217.8,-0.0339583,-4.16892
217.85,-0.0339786,-4.17062
217.9,-0.0339906,-4.17232
217.95,-0.0340067,-4.17402
218.0,-0.0340548,-4.17572
218.05,-0.0340519,-4.17742
218.1,-0.0340691,-4.17913
218.15,-0.0340425,-4.18083
218.2,-0.0340367,-4.18253
218.25,-0.0340333,-4.18423
218.3,-0.0340444,-4.18593
218.35,-0.0340494,-4.18764
218.4,-0.0340714,-4.18934
218.45,-0.0340718,-4.19104
218.5,-0.0341106,-4.19275
218.55,-0.0341039,-4.19445
218.6,-0.03408,-4.19616
218.65,-0.0340824,-4.19786
218.7,-0.0340878,-4.19957
218.75,-0.0340937,-4.20127
218.8,-0.0341395,-4.20298
218.85,-0.0341851,-4.20469
218.9,-0.0342202,-4.2064
218.95,-0.0342708,-4.20811
219.0,-0.0342523,-4.20982
219.05,-0.0342533,-4.21154
219.1,-0.0342214,-4.21325
219.15,-0.0342087,-4.21496
219.2,-0.0341739,-4.21667
219.25,-0.0341661,-4.21838
219.3,-0.0341952,-4.22009
219.35,-0.0342453,-4.2218
219.4,-0.0342357,-4.22351
219.45,-0.0342763,-4.22522
219.5,-0.0342305,-4.22693
219.55,-0.0342289,-4.22865
219.6,-0.0342242,-4.23036
219.65,-0.0342331,-4.23207
219.7,-0.034223,-4.23378
219.75,-0.0342321,-4.23549
219.8,-0.034249,-4.2372
219.85,-0.0342846,-4.23892
219.9,-0.0343,-4.24063
219.95,-0.034384,-4.24235
220.0,-0.0343885,-4.24407
220.05,-0.0343802,-4.24579
220.1,-0.0343455,-4.24751
220.15,-0.0343007,-4.24922
220.2,-0.0342888,-4.25094
220.25,-0.0343267,-4.25265
220.3,-0.0343205,-4.25437
220.35,-0.0343516,-4.25609
220.4,-0.0343541,-4.2578
220.45,-0.0343533,-4.25952
220.5,-0.0343839,-4.26124
220.55,-0.0343696,-4.26296
220.6,-0.0344207,-4.26468
220.65,-0.0344121,-4.2664
220.7,-0.0344087,-4.26812
220.75,-0.0344254,-4.26984
220.8,-0.0344283,-4.27156
220.85,-0.0344399,-4.27329
220.9,-0.0344573,-4.27501
220.95,-0.0344308,-4.27673
221.0,-0.0344635,-4.27845
221.05,-0.0344377,-4.28018
221.1,-0.0344259,-4.2819
221.15,-0.0344342,-4.28362
221.2,-0.0344532,-4.28534
221.25,-0.0344775,-4.28707
221.3,-0.0344993,-4.28879
221.35,-0.034494,-4.29052
221.4,-0.0345157,-4.29224
221.45,-0.0345314,-4.29397
221.5,-0.0345196,-4.29569
221.55,-0.0345246,-4.29742
221.6,-0.0345061,-4.29915
221.65,-0.0345307,-4.30087
221.7,-0.0345476,-4.3026
221.75,-0.0345438,-4.30433
221.8,-0.0345821,-4.30606
221.85,-0.0345665,-4.30778
221.9,-0.0345437,-4.30951
221.95,-0.0345524,-4.31124
222.0,-0.0345388,-4.31297
222.05,-0.0345497,-4.31469
222.1,-0.0345781,-4.31642
222.15,-0.0345716,-4.31815
222.2,-0.0346308,-4.31988
222.25,-0.0346253,-4.32161
222.3,-0.0346326,-4.32335
222.35,-0.0346558,-4.32508
222.4,-0.0346398,-4.32681
222.45,-0.0346612,-4.32854
222.5,-0.0346744,-4.33028
222.55,-0.0346709,-4.33201
222.6,-0.034721,-4.33375
222.65,-0.0347038,-4.33548
222.7,-0.0347054,-4.33722
222.75,-0.0347063,-4.33895
222.8,-0.0346932,-4.34069
222.85,-0.034729,-4.34242
222.9,-0.0347121,-4.34416
222.95,-0.0346877,-4.34589
223.0,-0.0347222,-4.34763
223.05,-0.0347398,-4.34937
223.1,-0.0347777,-4.35111
223.15,-0.0348062,-4.35285
223.2,-0.0347932,-4.35459
223.25,-0.0348005,-4.35633
223.3,-0.0347606,-4.35806
223.35,-0.0347363,-4.3598
223.4,-0.0347609,-4.36154
223.45,-0.034796,-4.36328
223.5,-0.0348247,-4.36502
223.55,-0.0348684,-4.36676
223.6,-0.0348618,-4.36851
223.65,-0.0349016,-4.37025
223.7,-0.034873,-4.37199
223.75,-0.0348622,-4.37374
223.8,-0.0348601,-4.37548
223.85,-0.0348369,-4.37722
223.9,-0.0348412,-4.37896
223.95,-0.0348811,-4.38071
224.0,-0.0348961,-4.38245
224.05,-0.0349718,-4.3842
224.1,-0.0349946,-4.38595
224.15,-0.0350206,-4.3877
224.2,-0.0350074,-4.38945
224.25,-0.0349495,-4.3912
224.3,-0.0349169,-4.39295
224.35,-0.034913,-4.39469
224.4,-0.0349169,-4.39644
224.45,-0.0349661,-4.39819
224.5,-0.0350043,-4.39994
224.55,-0.0350417,-4.40169
224.6,-0.0350734,-4.40344
224.65,-0.0350313,-4.40519
224.7,-0.0350404,-4.40695
224.75,-0.0350103,-4.4087
224.8,-0.0350025,-4.41045
224.85,-0.0350098,-4.4122
224.9,-0.0350197,-4.41395
224.95,-0.0350406,-4.4157
225.0,-0.0350837,-4.41745
225.05,-0.0350605,-4.41921
225.1,-0.0350982,-4.42096
225.15,-0.0350967,-4.42272
225.2,-0.0350793,-4.42447
225.25,-0.0350674,-4.42622
225.3,-0.03506,-4.42798
225.35,-0.0350765,-4.42973
225.4,-0.0351056,-4.43149
225.45,-0.0351257,-4.43324
225.5,-0.0351805,-4.435
225.55,-0.0351823,-4.43676
225.6,-0.0351821,-4.43852
225.65,-0.0351854,-4.44028
225.7,-0.0351713,-4.44204
225.75,-0.0351791,-4.4438
225.8,-0.0351565,-4.44555
225.85,-0.0351501,-4.44731
225.9,-0.0351568,-4.44907
225.95,-0.035182,-4.45083
226.0,-0.0352115,-4.45259
226.05,-0.0352358,-4.45435
226.1,-0.0352374,-4.45611
226.15,-0.0352546,-4.45788
226.2,-0.0352427,-4.45964
226.25,-0.0352435,-4.4614
226.3,-0.0352597,-4.46316
226.35,-0.0352705,-4.46493
226.4,-0.0352781,-4.46669
226.45,-0.0353019,-4.46846
226.5,-0.0353071,-4.47022
226.55,-0.0353349,-4.47199
226.6,-0.0353391,-4.47375
226.65,-0.0353224,-4.47552
226.7,-0.0353424,-4.47729
226.75,-0.0353433,-4.47906
226.8,-0.0353474,-4.48082
226.85,-0.0353714,-4.48259
226.9,-0.0353701,-4.48436
226.95,-0.0353912,-4.48613
227.0,-0.0353999,-4.4879
227.05,-0.0354011,-4.48967
227.1,-0.0354257,-4.49144
227.15,-0.0354243,-4.49321
227.2,-0.0354312,-4.49498
227.25,-0.0354445,-4.49676
227.3,-0.0354621,-4.49853
227.35,-0.035487,-4.5003
227.4,-0.0354985,-4.50208
227.45,-0.0355072,-4.50385
227.5,-0.0355246,-4.50563
227.55,-0.0354942,-4.5074
227.6,-0.0355113,-4.50918
227.65,-0.0354948,-4.51095
227.7,-0.0354973,-4.51273
227.75,-0.0355337,-4.51451
227.8,-0.035555,-4.51628
227.85,-0.0355724,-4.51806
227.9,-0.0355927,-4.51984
227.95,-0.0356099,-4.52162
228.0,-0.035622,-4.5234
228.05,-0.0356236,-4.52518
228.1,-0.035605,-4.52697
228.15,-0.035616,-4.52875
228.2,-0.0356336,-4.53053
228.25,-0.0356589,-4.53231
228.3,-0.0356875,-4.53409
228.35,-0.0356947,-4.53588
228.4,-0.0357144,-4.53767
228.45,-0.035758,-4.53945
228.5,-0.0357434,-4.54124
228.55,-0.0357743,-4.54303
228.6,-0.0357602,-4.54482
228.65,-0.035746,-4.5466
228.7,-0.0357468,-4.54839
228.75,-0.0357261,-4.55018
228.8,-0.0357529,-4.55197
228.85,-0.0357779,-4.55375
228.9,-0.0357909,-4.55554
228.95,-0.0358217,-4.55734
229.0,-0.0358391,-4.55913
229.05,-0.0358376,-4.56092
229.1,-0.035831,-4.56271
229.15,-0.0358118,-4.5645
229.2,-0.0358261,-4.56629
229.25,-0.0358126,-4.56808
229.3,-0.0358181,-4.56987
229.35,-0.0358614,-4.57167
229.4,-0.0358944,-4.57346
229.45,-0.0359415,-4.57526
229.5,-0.0359667,-4.57706
229.55,-0.0359506,-4.57886
229.6,-0.0359555,-4.58065
229.65,-0.0359315,-4.58245
229.7,-0.0359085,-4.58424
229.75,-0.0359232,-4.58604
229.8,-0.0359448,-4.58784
229.85,-0.0359732,-4.58964
229.9,-0.0360182,-4.59144
229.95,-0.0360136,-4.59324
230.0,-0.0360354,-4.59504
230.05,-0.0360358,-4.59684
230.1,-0.0360302,-4.59864
230.15,-0.036043,-4.60045
230.2,-0.036027,-4.60225
230.25,-0.0360331,-4.60405
230.3,-0.036054,-4.60585
230.35,-0.0360433,-4.60765
230.4,-0.0360748,-4.60946
230.45,-0.0360939,-4.61126
230.5,-0.0361328,-4.61307
230.55,-0.0361562,-4.61488
230.6,-0.0361364,-4.61668
230.65,-0.0361203,-4.61849
230.7,-0.0361199,-4.6203
230.75,-0.0361331,-4.6221
230.8,-0.0361588,-4.62391
230.85,-0.0361518,-4.62572
230.9,-0.0361735,-4.62753
230.95,-0.0361933,-4.62934
231.0,-0.0361817,-4.63114
231.05,-0.0362179,-4.63296
231.1,-0.0362296,-4.63477
231.15,-0.036246,-4.63658
231.2,-0.0362629,-4.63839
231.25,-0.0362556,-4.64021
231.3,-0.0362907,-4.64202
231.35,-0.0363122,-4.64384
231.4,-0.036328,-4.64565
231.45,-0.0363833,-4.64747
231.5,-0.0363775,-4.64929
231.55,-0.0363484,-4.65111
231.6,-0.0363632,-4.65293
231.65,-0.0363494,-4.65474
231.7,-0.036369,-4.65656
231.75,-0.0363795,-4.65838
231.8,-0.0364003,-4.6602
231.85,-0.0364387,-4.66202
231.9,-0.0364222,-4.66384
231.95,-0.0364296,-4.66566
232.0,-0.0364452,-4.66749
232.05,-0.0364505,-4.66931
232.1,-0.0364798,-4.67113
232.15,-0.0364713,-4.67296
232.2,-0.0364781,-4.67478
232.25,-0.0364969,-4.67661
232.3,-0.0364891,-4.67843
232.35,-0.0365135,-4.68026
232.4,-0.0365123,-4.68208
232.45,-0.0365077,-4.68391
232.5,-0.0365239,-4.68573
232.55,-0.0365159,-4.68756
232.6,-0.0365216,-4.68938
232.65,-0.0365508,-4.69121
232.7,-0.0365656,-4.69304
232.75,-0.0366013,-4.69487
232.8,-0.0366113,-4.6967
232.85,-0.0366014,-4.69853
232.9,-0.0366168,-4.70036
232.95,-0.0365909,-4.70219
233.0,-0.0365941,-4.70402
233.05,-0.036646,-4.70585
233.1,-0.036645,-4.70769
233.15,-0.0366545,-4.70952
233.2,-0.0366812,-4.71135
233.25,-0.0366738,-4.71319
233.3,-0.0366852,-4.71502
233.35,-0.0366754,-4.71685
233.4,-0.0366876,-4.71869
233.45,-0.0366973,-4.72052
233.5,-0.0366902,-4.72236
233.55,-0.0367095,-4.72419
233.6,-0.0367339,-4.72603
233.65,-0.0367294,-4.72787
233.7,-0.0367496,-4.7297
233.75,-0.0367427,-4.73154
233.8,-0.0367755,-4.73338
233.85,-0.0367824,-4.73522
233.9,-0.0367822,-4.73706
233.95,-0.0368135,-4.7389
234.0,-0.0368076,-4.74074
234.05,-0.0368236,-4.74258
234.1,-0.0368331,-4.74442
234.15,-0.0368306,-4.74626
234.2,-0.0368676,-4.74811
234.25,-0.0368638,-4.74995
234.3,-0.0368634,-4.75179
234.35,-0.036887,-4.75364
234.4,-0.0368981,-4.75548
234.45,-0.0368825,-4.75733
234.5,-0.0369165,-4.75917
234.55,-0.0369359,-4.76102
234.6,-0.0369582,-4.76287
234.65,-0.0369548,-4.76472
234.7,-0.0369551,-4.76656
234.75,-0.0369594,-4.76841
234.8,-0.0369566,-4.77026
234.85,-0.0369553,-4.77211
234.9,-0.0369609,-4.77395
234.95,-0.0369912,-4.7758
235.0,-0.0370167,-4.77766
235.05,-0.0370446,-4.77951
235.1,-0.0370602,-4.78136
235.15,-0.0370911,-4.78322
235.2,-0.0370646,-4.78507
235.25,-0.0370214,-4.78692
235.3,-0.0370321,-4.78877
235.35,-0.0370503,-4.79062
235.4,-0.0370723,-4.79248
235.45,-0.0371133,-4.79433
235.5,-0.0371144,-4.79619
235.55,-0.0371651,-4.79805
235.6,-0.0371694,-4.79991
235.65,-0.0371463,-4.80176
235.7,-0.0371483,-4.80362
235.75,-0.037129,-4.80548
235.8,-0.0371186,-4.80733
235.85,-0.0371504,-4.80919
235.9,-0.0371649,-4.81105
235.95,-0.0372017,-4.81291
236.0,-0.0372288,-4.81477
236.05,-0.037252,-4.81663
236.1,-0.0372654,-4.8185
236.15,-0.0372519,-4.82036
236.2,-0.0372459,-4.82222
236.25,-0.0372446,-4.82408
236.3,-0.0372583,-4.82595
236.35,-0.0372694,-4.82781
236.4,-0.0372555,-4.82967
236.45,-0.0372848,-4.83154
236.5,-0.0373084,-4.8334
236.55,-0.0372949,-4.83527
236.6,-0.0373175,-4.83713
236.65,-0.0373109,-4.839
236.7,-0.0373116,-4.84086
236.75,-0.037319,-4.84273
236.8,-0.0373217,-4.8446
236.85,-0.0373436,-4.84646
236.9,-0.03736,-4.84833
236.95,-0.037362,-4.8502
237.0,-0.0373942,-4.85207
237.05,-0.0373862,-4.85394
237.1,-0.0373969,-4.85581
237.15,-0.0374107,-4.85768
237.2,-0.0374132,-4.85955
237.25,-0.0374163,-4.86142
237.3,-0.0374308,-4.86329
237.35,-0.0374227,-4.86516
237.4,-0.0374629,-4.86704
237.45,-0.0374872,-4.86891
237.5,-0.0374763,-4.87078
237.55,-0.0374947,-4.87266
237.6,-0.0374815,-4.87453
237.65,-0.0374926,-4.87641
237.7,-0.0375003,-4.87828
237.75,-0.0375013,-4.88016
237.8,-0.0375289,-4.88203
237.85,-0.0375429,-4.88391
237.9,-0.0375597,-4.88579
237.95,-0.03757,-4.88767
238.0,-0.0375679,-4.88955
238.05,-0.037597,-4.89143
238.1,-0.037606,-4.89331
238.15,-0.0375953,-4.89519
238.2,-0.0376197,-4.89707
238.25,-0.0375992,-4.89895
238.3,-0.0376158,-4.90083
238.35,-0.0376248,-4.90271
238.4,-0.0376456,-4.90459
238.45,-0.0376874,-4.90648
238.5,-0.0376835,-4.90836
238.55,-0.0377008,-4.91024
238.6,-0.0377336,-4.91213
238.65,-0.0377346,-4.91402
238.7,-0.0377422,-4.9159
238.75,-0.0377641,-4.91779
238.8,-0.0377657,-4.91968
238.85,-0.0377759,-4.92157
238.9,-0.0377871,-4.92346
238.95,-0.0377981,-4.92535
239.0,-0.037813,-4.92724
239.05,-0.0378163,-4.92913
239.1,-0.0378433,-4.93102
239.15,-0.0378379,-4.93291
239.2,-0.0378655,-4.93481
239.25,-0.0379421,-4.93671
239.3,-0.037915,-4.9386
239.35,-0.0379153,-4.9405
239.4,-0.0379163,-4.94239
239.45,-0.0379165,-4.94429
239.5,-0.0379281,-4.94618
239.55,-0.0379286,-4.94808
239.6,-0.0379351,-4.94998
239.65,-0.0379433,-4.95188
239.7,-0.03795,-4.95377
239.75,-0.0379745,-4.95567
239.8,-0.0379664,-4.95757
239.85,-0.0379609,-4.95947
239.9,-0.0379727,-4.96137
239.95,-0.0379924,-4.96327
240.0,-0.0380004,-4.96517
240.05,-0.0380291,-4.96707
240.1,-0.0380028,-4.96897
240.15,-0.0380268,-4.97087
240.2,-0.0380203,-4.97277
240.25,-0.0380091,-4.97467
240.3,-0.0380388,-4.97657
240.35,-0.0380347,-4.97847
240.4,-0.0380463,-4.98038
240.45,-0.0380625,-4.98228
240.5,-0.0380669,-4.98418
240.55,-0.0380987,-4.98609
240.6,-0.0381072,-4.98799
240.65,-0.0381201,-4.9899
240.7,-0.0381282,-4.99181
240.75,-0.0381151,-4.99371
240.8,-0.0381264,-4.99562
240.85,-0.0381145,-4.99752
240.9,-0.0381259,-4.99943
240.95,-0.0381489,-5.00134
241.0,-0.0381564,-5.00324
241.05,-0.0381732,-5.00515
241.1,-0.0381821,-5.00706
241.15,-0.0381704,-5.00897
241.2,-0.0381866,-5.01088
241.25,-0.0381852,-5.01279
241.3,-0.0382018,-5.0147
241.35,-0.0382162,-5.01661
241.4,-0.038214,-5.01852
241.45,-0.0382333,-5.02043
241.5,-0.0382682,-5.02235
241.55,-0.0382546,-5.02426
241.6,-0.0383011,-5.02617
241.65,-0.0383074,-5.02809
241.7,-0.0383289,-5.03001
241.75,-0.038336,-5.03192
241.8,-0.0383003,-5.03384
241.85,-0.0383088,-5.03575
241.9,-0.0383125,-5.03767
241.95,-0.0383094,-5.03958
242.0,-0.0383271,-5.0415
242.05,-0.0383561,-5.04342
242.1,-0.0383635,-5.04534
242.15,-0.0383894,-5.04726
242.2,-0.0383933,-5.04918
242.25,-0.0383915,-5.0511
242.3,-0.0383748,-5.05301
242.35,-0.0383718,-5.05493
242.4,-0.0383757,-5.05685
242.45,-0.0383993,-5.05877
242.5,-0.0384098,-5.06069
242.55,-0.0384199,-5.06261
242.6,-0.0384341,-5.06453
242.65,-0.0384533,-5.06646
242.7,-0.0384615,-5.06838
242.75,-0.038461,-5.0703
242.8,-0.038475,-5.07223
242.85,-0.0384838,-5.07415
242.9,-0.0384937,-5.07608
242.95,-0.038505,-5.078
243.0,-0.0384969,-5.07993
243.05,-0.0385025,-5.08185
243.1,-0.0385364,-5.08378
243.15,-0.0385423,-5.08571
243.2,-0.0385488,-5.08763
243.25,-0.038549,-5.08956
243.3,-0.0385513,-5.09149
243.35,-0.0385597,-5.09342
243.4,-0.0385681,-5.09534
243.45,-0.0385706,-5.09727
243.5,-0.0385832,-5.0992
243.55,-0.0385907,-5.10113
243.6,-0.0386095,-5.10306
243.65,-0.0386111,-5.10499
243.7,-0.0386212,-5.10692
243.75,-0.038623,-5.10885
243.8,-0.0386446,-5.11079
243.85,-0.0386409,-5.11272
243.9,-0.0386536,-5.11465
243.95,-0.0386471,-5.11658
244.0,-0.0386579,-5.11852
244.05,-0.0386728,-5.12045
244.1,-0.0386775,-5.12238
244.15,-0.0386658,-5.12432
244.2,-0.0386751,-5.12625
244.25,-0.0386834,-5.12819
244.3,-0.0386881,-5.13012
244.35,-0.0386855,-5.13205
244.4,-0.0387085,-5.13399
244.45,-0.0387145,-5.13593
244.5,-0.0387185,-5.13786
244.55,-0.0387414,-5.1398
244.6,-0.0387411,-5.14174
244.65,-0.0387919,-5.14367
244.7,-0.0387659,-5.14561
244.75,-0.038763,-5.14755
244.8,-0.0387722,-5.14949
244.85,-0.0387587,-5.15143
244.9,-0.0387662,-5.15337
244.95,-0.0387973,-5.15531
245.0,-0.0387995,-5.15725
245.05,-0.0388225,-5.15919
245.1,-0.0388186,-5.16113
245.15,-0.0388274,-5.16307
245.2,-0.0388266,-5.16501
245.25,-0.0388362,-5.16695
245.3,-0.0388541,-5.1689
245.35,-0.0388554,-5.17084
245.4,-0.0388659,-5.17278
245.45,-0.0388674,-5.17472
245.5,-0.038871,-5.17667
245.55,-0.0388754,-5.17861
245.6,-0.0388897,-5.18056
245.65,-0.0389088,-5.1825
245.7,-0.0389246,-5.18445
245.75,-0.03892,-5.18639
245.8,-0.0389337,-5.18834
245.85,-0.0389184,-5.19029
245.9,-0.0389287,-5.19223
245.95,-0.038951,-5.19418
246.0,-0.0389692,-5.19613
246.05,-0.0389496,-5.19808
246.1,-0.0389506,-5.20002
246.15,-0.0389445,-5.20197
246.2,-0.0389482,-5.20392
246.25,-0.0389602,-5.20587
246.3,-0.0389787,-5.20782
246.35,-0.0389837,-5.20976
246.4,-0.0389952,-5.21171
246.45,-0.0389945,-5.21366
246.5,-0.0389973,-5.21561
246.55,-0.0390087,-5.21757
246.6,-0.0390009,-5.21951
246.65,-0.0390082,-5.22147
246.7,-0.0390025,-5.22342
246.75,-0.0389887,-5.22536
246.8,-0.0390037,-5.22731
246.85,-0.0390092,-5.22927
246.9,-0.0390255,-5.23122
246.95,-0.0390431,-5.23317
247.0,-0.0390457,-5.23512
247.05,-0.039047,-5.23707
247.1,-0.0390401,-5.23903
247.15,-0.0390552,-5.24098
247.2,-0.0390387,-5.24293
247.25,-0.0390415,-5.24488
247.3,-0.0390438,-5.24683
247.35,-0.039052,-5.24879
247.4,-0.0390619,-5.25074
247.45,-0.039087,-5.25269
247.5,-0.0390793,-5.25465
247.55,-0.0390919,-5.2566
247.6,-0.0390885,-5.25856
247.65,-0.039086,-5.26051
247.7,-0.0391001,-5.26247
247.75,-0.0390991,-5.26442
247.8,-0.0390948,-5.26638
247.85,-0.0391026,-5.26833
247.9,-0.0391098,-5.27029
247.95,-0.0391261,-5.27224
248.0,-0.0391165,-5.2742
248.05,-0.0391339,-5.27616
248.1,-0.0391415,-5.27811
248.15,-0.0391326,-5.28007
248.2,-0.0391445,-5.28203
248.25,-0.0391549,-5.28398
248.3,-0.0391606,-5.28594
248.35,-0.0391629,-5.2879
248.4,-0.0391821,-5.28986
248.45,-0.0391857,-5.29182
248.5,-0.0391935,-5.29378
248.55,-0.0391978,-5.29574
248.6,-0.0392041,-5.2977
248.65,-0.0392105,-5.29966
248.7,-0.0392195,-5.30162
248.75,-0.0392225,-5.30358
248.8,-0.039243,-5.30554
248.85,-0.0392448,-5.30751
248.9,-0.0392446,-5.30947
248.95,-0.0392534,-5.31143
249.0,-0.0392763,-5.3134
249.05,-0.0392702,-5.31536
249.1,-0.0392849,-5.31732
249.15,-0.0392937,-5.31929
249.2,-0.0393107,-5.32125
249.25,-0.0393187,-5.32322
249.3,-0.0393257,-5.32518
249.35,-0.0393243,-5.32715
249.4,-0.0393405,-5.32912
249.45,-0.0393581,-5.33109
249.5,-0.0393677,-5.33305
249.55,-0.0393676,-5.33502
249.6,-0.0393896,-5.33699
249.65,-0.0393994,-5.33896
249.7,-0.0393805,-5.34093
249.75,-0.0393925,-5.3429
249.8,-0.0394009,-5.34487
249.85,-0.0393904,-5.34684
249.9,-0.0393905,-5.34881
249.95,-0.0393964,-5.35078
250.0,-0.0394096,-5.35275
250.05,-0.0394428,-5.35472
250.1,-0.0394438,-5.35669
250.15,-0.0394624,-5.35867
250.2,-0.0394646,-5.36064
250.25,-0.0394832,-5.36262
250.3,-0.0394967,-5.36459
250.35,-0.0394848,-5.36656
250.4,-0.0395373,-5.36854
250.45,-0.0396094,-5.37052
250.5,-0.039605,-5.3725
250.55,-0.0395877,-5.37448
250.6,-0.039566,-5.37646
250.65,-0.0395745,-5.37844
250.7,-0.0395667,-5.38042
250.75,-0.039576,-5.3824
250.8,-0.0396003,-5.38438
250.85,-0.0396039,-5.38636
250.9,-0.0396104,-5.38834
250.95,-0.0396303,-5.39032
251.0,-0.0396229,-5.3923
251.05,-0.0396298,-5.39428
251.1,-0.0396091,-5.39626
251.15,-0.0396171,-5.39824
251.2,-0.0396542,-5.40022
251.25,-0.0396616,-5.40221
251.3,-0.039679,-5.40419
251.35,-0.0396919,-5.40618
251.4,-0.0396928,-5.40816
251.45,-0.0396958,-5.41015
251.5,-0.0396985,-5.41213
251.55,-0.0397036,-5.41412
251.6,-0.0397034,-5.4161
251.65,-0.0397142,-5.41809
251.7,-0.0397344,-5.42007
251.75,-0.0397257,-5.42206
251.8,-0.0397344,-5.42405
251.85,-0.0397541,-5.42603
251.9,-0.0397592,-5.42802
251.95,-0.039781,-5.43001
252.0,-0.0397842,-5.432
252.05,-0.0397792,-5.43399
252.1,-0.0397899,-5.43598
252.15,-0.0397992,-5.43797
252.2,-0.0397979,-5.43996
252.25,-0.0398322,-5.44195
252.3,-0.0398382,-5.44394
252.35,-0.0398498,-5.44593
252.4,-0.0398458,-5.44793
252.45,-0.0398281,-5.44992
252.5,-0.039843,-5.45191
252.55,-0.0398542,-5.4539
252.6,-0.0398532,-5.4559
252.65,-0.0398699,-5.45789
252.7,-0.0398826,-5.45988
252.75,-0.039904,-5.46188
252.8,-0.0399305,-5.46387
252.85,-0.0399527,-5.46587
252.9,-0.0399912,-5.46787
252.95,-0.0399852,-5.46987
253.0,-0.0399909,-5.47187
253.05,-0.0399924,-5.47387
253.1,-0.0399737,-5.47587
253.15,-0.0400096,-5.47787
253.2,-0.0400396,-5.47987
253.25,-0.040048,-5.48187
253.3,-0.0400739,-5.48388
253.35,-0.040074,-5.48588
253.4,-0.040071,-5.48788
253.45,-0.0400907,-5.48989
253.5,-0.0400821,-5.49189
253.55,-0.0400973,-5.4939
253.6,-0.0400948,-5.4959
253.65,-0.0401011,-5.49791
253.7,-0.0401184,-5.49991
253.75,-0.0401208,-5.50192
253.8,-0.04012,-5.50393
253.85,-0.0401521,-5.50593
253.9,-0.0401775,-5.50794
253.95,-0.0401814,-5.50995
254.0,-0.0401724,-5.51196
254.05,-0.0401715,-5.51397
254.1,-0.040173,-5.51598
254.15,-0.0401754,-5.51799
254.2,-0.0401944,-5.52
254.25,-0.0402095,-5.52201
254.3,-0.0402113,-5.52402
254.35,-0.0402224,-5.52603
254.4,-0.0402082,-5.52804
254.45,-0.0402199,-5.53005
254.5,-0.0402332,-5.53206
254.55,-0.0402349,-5.53407
254.6,-0.0402347,-5.53609
254.65,-0.0402436,-5.5381
254.7,-0.0402423,-5.54011
254.75,-0.0402731,-5.54212
254.8,-0.0402655,-5.54414
254.85,-0.0402963,-5.54615
254.9,-0.040326,-5.54817
254.95,-0.0403045,-5.55018
255.0,-0.0403059,-5.5522
255.05,-0.0402868,-5.55421
255.1,-0.0402969,-5.55623
255.15,-0.0403105,-5.55824
255.2,-0.0403317,-5.56026
255.25,-0.0403499,-5.56228
255.3,-0.0403726,-5.5643
255.35,-0.0403822,-5.56631
255.4,-0.0404095,-5.56833
255.45,-0.0403979,-5.57035
255.5,-0.0404093,-5.57238
255.55,-0.0403904,-5.57439
255.6,-0.0404062,-5.57642
255.65,-0.040422,-5.57844
255.7,-0.0404168,-5.58046
255.75,-0.0404239,-5.58248
255.8,-0.040439,-5.5845
255.85,-0.04044,-5.58652
255.9,-0.0404546,-5.58854
255.95,-0.040464,-5.59057
256.0,-0.0404614,-5.59259
256.05,-0.0404738,-5.59461
256.1,-0.0404806,-5.59664
256.15,-0.0404756,-5.59866
256.2,-0.0405063,-5.60069
256.25,-0.0405037,-5.60271
256.3,-0.0405151,-5.60474
256.35,-0.040524,-5.60676
256.4,-0.0405274,-5.60879
256.45,-0.04054,-5.61082
256.5,-0.0405407,-5.61285
256.55,-0.0405422,-5.61487
256.6,-0.0405299,-5.6169
256.65,-0.0405384,-5.61893
256.7,-0.0405616,-5.62095
256.75,-0.0405789,-5.62298
256.8,-0.0405728,-5.62501
256.85,-0.0405784,-5.62704
256.9,-0.0405869,-5.62907
256.95,-0.0405872,-5.6311
257.0,-0.0405889,-5.63313
257.05,-0.0406013,-5.63516
257.1,-0.0406167,-5.63719
257.15,-0.0406205,-5.63922
257.2,-0.0406191,-5.64125
257.25,-0.0406349,-5.64328
257.3,-0.0406263,-5.64531
257.35,-0.0406494,-5.64735
257.4,-0.0406573,-5.64938
257.45,-0.0406386,-5.65141
257.5,-0.0406389,-5.65344
257.55,-0.0406357,-5.65548
257.6,-0.0406488,-5.65751
257.65,-0.0406655,-5.65954
257.7,-0.0406735,-5.66157
257.75,-0.0406747,-5.66361
257.8,-0.0406769,-5.66564
257.85,-0.0406923,-5.66768
257.9,-0.0407013,-5.66971
257.95,-0.0406843,-5.67175
258.0,-0.040693,-5.67378
258.05,-0.0406946,-5.67582
258.1,-0.0406864,-5.67785
258.15,-0.0407117,-5.67989
258.2,-0.0407154,-5.68192
258.25,-0.0407234,-5.68396
258.3,-0.0407288,-5.68599
258.35,-0.0407277,-5.68803
258.4,-0.0407173,-5.69007
258.45,-0.0407272,-5.6921
258.5,-0.0407287,-5.69414
258.55,-0.0407498,-5.69618
258.6,-0.0407498,-5.69821
258.65,-0.0407554,-5.70025
258.7,-0.0407761,-5.70229
258.75,-0.040768,-5.70433
258.8,-0.0407619,-5.70637
258.85,-0.0407713,-5.70841
258.9,-0.0407611,-5.71044
258.95,-0.0407897,-5.71248
259.0,-0.0407901,-5.71452
259.05,-0.0407969,-5.71656
259.1,-0.0408126,-5.7186
259.15,-0.0408072,-5.72064
259.2,-0.0408171,-5.72268
259.25,-0.0408334,-5.72473
259.3,-0.0408381,-5.72677
259.35,-0.0408611,-5.72881
259.4,-0.0408562,-5.73085
259.45,-0.0408467,-5.7329
259.5,-0.0408499,-5.73494
259.55,-0.0408501,-5.73698
259.6,-0.0408743,-5.73903
259.65,-0.040877,-5.74107
259.7,-0.0408734,-5.74311
259.75,-0.0408871,-5.74516
259.8,-0.0408963,-5.7472
259.85,-0.0409145,-5.74925
259.9,-0.0409438,-5.75129
259.95,-0.0409244,-5.75334
260.0,-0.0409208,-5.75539
260.05,-0.0409256,-5.75743
260.1,-0.0408983,-5.75948
260.15,-0.0409216,-5.76152
260.2,-0.0409341,-5.76357
260.25,-0.0409482,-5.76562
260.3,-0.0409892,-5.76767
260.35,-0.0409758,-5.76972
260.4,-0.0409798,-5.77177
260.45,-0.0409853,-5.77381
260.5,-0.040959,-5.77586
260.55,-0.040975,-5.77791
260.6,-0.0409646,-5.77996
260.65,-0.0409653,-5.78201
260.7,-0.0409872,-5.78406
260.75,-0.0409989,-5.78611
260.8,-0.0410101,-5.78816
260.85,-0.0410429,-5.79021
260.9,-0.0410353,-5.79226
260.95,-0.0410552,-5.79431
261.0,-0.0410319,-5.79637
261.05,-0.0410461,-5.79842
261.1,-0.041046,-5.80047
261.15,-0.0410176,-5.80252
261.2,-0.0410335,-5.80457
261.25,-0.0410234,-5.80662
261.3,-0.0410379,-5.80868
261.35,-0.0410645,-5.81073
261.4,-0.0410542,-5.81278
261.45,-0.0410973,-5.81484
261.5,-0.0410945,-5.81689
261.55,-0.0410802,-5.81895
261.6,-0.0410705,-5.821
261.65,-0.0410542,-5.82305
261.7,-0.0410551,-5.8251
261.75,-0.0410597,-5.82716
261.8,-0.0410667,-5.82921
261.85,-0.0410929,-5.83127
261.9,-0.0411054,-5.83332
261.95,-0.0411041,-5.83538
262.0,-0.041138,-5.83743
262.05,-0.0411177,-5.83949
262.1,-0.0411052,-5.84154
262.15,-0.041115,-5.8436
262.2,-0.0411067,-5.84566
262.25,-0.0411257,-5.84771
262.3,-0.0411506,-5.84977
262.35,-0.0411732,-5.85183
262.4,-0.0411996,-5.85389
262.45,-0.0412001,-5.85595
262.5,-0.041214,-5.85801
262.55,-0.0412112,-5.86007
262.6,-0.0411811,-5.86213
262.65,-0.0412106,-5.86419
262.7,-0.041207,-5.86625
262.75,-0.0412205,-5.86831
262.8,-0.0412645,-5.87037
262.85,-0.0412522,-5.87244
262.9,-0.0412746,-5.8745
262.95,-0.0412837,-5.87656
263.0,-0.041257,-5.87863
263.05,-0.0412687,-5.88069
263.1,-0.0412608,-5.88275
263.15,-0.0412633,-5.88482
263.2,-0.0412828,-5.88688
263.25,-0.041273,-5.88894
263.3,-0.0412913,-5.89101
263.35,-0.0413119,-5.89307
263.4,-0.0413205,-5.89514
263.45,-0.0413331,-5.89721
263.5,-0.0413209,-5.89927
263.55,-0.0413274,-5.90134
263.6,-0.0413348,-5.90341
263.65,-0.0413448,-5.90547
263.7,-0.0413661,-5.90754
263.75,-0.0413691,-5.90961
263.8,-0.0413671,-5.91168
263.85,-0.0413961,-5.91375
263.9,-0.0413686,-5.91582
263.95,-0.0413725,-5.91789
264.0,-0.0413623,-5.91995
264.05,-0.0413535,-5.92202
264.1,-0.041362,-5.92409
264.15,-0.041372,-5.92616
264.2,-0.0413739,-5.92823
264.25,-0.0414165,-5.9303
264.3,-0.0414477,-5.93237
264.35,-0.0414716,-5.93444
264.4,-0.0414877,-5.93652
264.45,-0.0414592,-5.93859
264.5,-0.0414507,-5.94066
264.55,-0.0414225,-5.94273
264.6,-0.0414338,-5.94481
264.65,-0.0414618,-5.94688
264.7,-0.041472,-5.94895
264.75,-0.0414823,-5.95103
264.8,-0.0415205,-5.9531
264.85,-0.041526,-5.95518
264.9,-0.0415641,-5.95726
264.95,-0.0415548,-5.95933
265.0,-0.0415512,-5.96141
265.05,-0.0415475,-5.96349
265.1,-0.0415498,-5.96557
265.15,-0.0415621,-5.96765
265.2,-0.0415777,-5.96972
265.25,-0.0415932,-5.9718
265.3,-0.0416563,-5.97389
265.35,-0.0416515,-5.97597
265.4,-0.0416495,-5.97805
265.45,-0.0416542,-5.98013
265.5,-0.0416414,-5.98222
265.55,-0.041646,-5.9843
265.6,-0.0416374,-5.98638
265.65,-0.0416535,-5.98846
265.7,-0.0416727,-5.99055
265.75,-0.0416732,-5.99263
265.8,-0.0416867,-5.99472
265.85,-0.041697,-5.9968
265.9,-0.0416846,-5.99888
265.95,-0.041704,-6.00097
266.0,-0.0417002,-6.00305
266.05,-0.0417099,-6.00514
266.1,-0.041713,-6.00723
266.15,-0.0417071,-6.00931
266.2,-0.0417206,-6.0114
266.25,-0.0417308,-6.01348
266.3,-0.0417353,-6.01557
266.35,-0.0417634,-6.01766
266.4,-0.0417589,-6.01975
266.45,-0.0417643,-6.02183
266.5,-0.0417572,-6.02392
266.55,-0.0417634,-6.02601
266.6,-0.0417769,-6.0281
266.65,-0.0417751,-6.03019
266.7,-0.041791,-6.03228
266.75,-0.0418026,-6.03437
266.8,-0.0418054,-6.03646
266.85,-0.0418238,-6.03855
266.9,-0.0418187,-6.04064
266.95,-0.0418141,-6.04273
267.0,-0.0418265,-6.04482
267.05,-0.0418312,-6.04691
267.1,-0.0418279,-6.04901
267.15,-0.0418365,-6.0511
267.2,-0.0418352,-6.05319
267.25,-0.0418605,-6.05528
267.3,-0.0418732,-6.05738
267.35,-0.0418695,-6.05947
267.4,-0.0418805,-6.06156
267.45,-0.0418752,-6.06366
267.5,-0.0418792,-6.06575
267.55,-0.0418907,-6.06785
267.6,-0.0419081,-6.06994
267.65,-0.0419275,-6.07204
267.7,-0.0419375,-6.07413
267.75,-0.0419212,-6.07623
267.8,-0.0419523,-6.07833
267.85,-0.0419271,-6.08042
267.9,-0.0419298,-6.08252
267.95,-0.0419376,-6.08462
268.0,-0.0419414,-6.08671
268.05,-0.0419533,-6.08881
268.1,-0.0419783,-6.09091
268.15,-0.0419831,-6.09301
268.2,-0.0420178,-6.09511
268.25,-0.0420124,-6.09721
268.3,-0.0420329,-6.09931
268.35,-0.0420409,-6.10142
268.4,-0.0420365,-6.10352
268.45,-0.0420514,-6.10562
268.5,-0.0420468,-6.10772
268.55,-0.0420602,-6.10983
268.6,-0.042098,-6.11193
268.65,-0.0420914,-6.11403
268.7,-0.0420927,-6.11614
268.75,-0.042087,-6.11824
268.8,-0.0420941,-6.12035
268.85,-0.0421193,-6.12245
268.9,-0.0421067,-6.12456
268.95,-0.0420965,-6.12666
269.0,-0.042114,-6.12877
269.05,-0.0421124,-6.13088
269.1,-0.0421305,-6.13298
269.15,-0.0421487,-6.13509
269.2,-0.042162,-6.1372
269.25,-0.0421827,-6.13931
269.3,-0.0421946,-6.14142
269.35,-0.0421892,-6.14353
269.4,-0.0422018,-6.14564
269.45,-0.0421878,-6.14775
269.5,-0.0421942,-6.14986
269.55,-0.0421921,-6.15197
269.6,-0.0421853,-6.15407
269.65,-0.0422021,-6.15618
269.7,-0.0422106,-6.15829
269.75,-0.0422154,-6.16041
269.8,-0.0422395,-6.16252
269.85,-0.0422289,-6.16463
269.9,-0.0422381,-6.16674
269.95,-0.042238,-6.16885
270.0,-0.0422307,-6.17096
270.05,-0.0422462,-6.17308
270.1,-0.0422442,-6.17519
270.15,-0.0422563,-6.1773
270.2,-0.0422741,-6.17942
270.25,-0.0423096,-6.18153
270.3,-0.0423342,-6.18365
270.35,-0.0423344,-6.18576
270.4,-0.0423409,-6.18788
270.45,-0.0423753,-6.19
270.5,-0.0423393,-6.19212
270.55,-0.0423326,-6.19423
270.6,-0.0423405,-6.19635
270.65,-0.0423733,-6.19847
270.7,-0.0423867,-6.20059
270.75,-0.0424017,-6.20271
270.8,-0.0424148,-6.20483
270.85,-0.0424513,-6.20695
270.9,-0.0424379,-6.20907
270.95,-0.0424337,-6.2112
271.0,-0.0424298,-6.21332
271.05,-0.0424454,-6.21544
271.1,-0.0424486,-6.21756
271.15,-0.0424327,-6.21968
271.2,-0.0424304,-6.22181
271.25,-0.0424687,-6.22393
271.3,-0.0424813,-6.22605
271.35,-0.0425033,-6.22818
271.4,-0.0425153,-6.2303
271.45,-0.0425218,-6.23243
271.5,-0.0425275,-6.23456
271.55,-0.0424937,-6.23668
271.6,-0.0424969,-6.23881
271.65,-0.0425025,-6.24093
271.7,-0.0424965,-6.24306
271.75,-0.0425032,-6.24518
271.8,-0.0425234,-6.24731
271.85,-0.0425376,-6.24943
271.9,-0.0425629,-6.25156
271.95,-0.0425601,-6.25369
272.0,-0.0425785,-6.25582
272.05,-0.0425706,-6.25795
272.1,-0.0425739,-6.26008
272.15,-0.0425782,-6.26221
272.2,-0.04257,-6.26433
272.25,-0.0425799,-6.26646
272.3,-0.0425962,-6.26859
272.35,-0.0425904,-6.27072
272.4,-0.0426211,-6.27285
272.45,-0.042639,-6.27498
272.5,-0.0426337,-6.27712
272.55,-0.0426446,-6.27925
272.6,-0.0426422,-6.28138
272.65,-0.0426407,-6.28351
272.7,-0.0426676,-6.28565
272.75,-0.0426529,-6.28778
272.8,-0.0426636,-6.28991
272.85,-0.0426794,-6.29205
272.9,-0.0426881,-6.29418
272.95,-0.0427078,-6.29632
273.0,-0.0427126,-6.29845
273.05,-0.0427177,-6.30059
273.1,-0.0427206,-6.30272
273.15,-0.0427372,-6.30486
273.2,-0.042762,-6.307
273.25,-0.0427624,-6.30914
273.3,-0.0427837,-6.31128
273.35,-0.042822,-6.31342
273.4,-0.0427923,-6.31556
273.45,-0.0427981,-6.3177
273.5,-0.0427896,-6.31984
273.55,-0.04279,-6.32198
273.6,-0.0428056,-6.32412
273.65,-0.0428042,-6.32626
273.7,-0.0428178,-6.3284
273.75,-0.0428419,-6.33054
273.8,-0.0428513,-6.33268
273.85,-0.0428692,-6.33482
273.9,-0.0428782,-6.33697
273.95,-0.0428766,-6.33911
274.0,-0.0428861,-6.34126
274.05,-0.042886,-6.3434
274.1,-0.0429025,-6.34555
274.15,-0.0428852,-6.34769
274.2,-0.0429048,-6.34984
274.25,-0.0429246,-6.35198
274.3,-0.0429367,-6.35413
274.35,-0.0429357,-6.35628
274.4,-0.042946,-6.35842
274.45,-0.0429675,-6.36057
274.5,-0.0429701,-6.36272
274.55,-0.0429695,-6.36487
274.6,-0.0429809,-6.36702
274.65,-0.0429867,-6.36917
274.7,-0.0429956,-6.37132
274.75,-0.0429916,-6.37347
274.8,-0.0429899,-6.37562
274.85,-0.0429838,-6.37776
274.9,-0.0430008,-6.37991
274.95,-0.0430142,-6.38207
275.0,-0.0430269,-6.38422
275.05,-0.0430411,-6.38637
275.1,-0.0430421,-6.38852
275.15,-0.0430557,-6.39067
275.2,-0.0430617,-6.39283
275.25,-0.0430611,-6.39498
275.3,-0.0430662,-6.39713
275.35,-0.0430805,-6.39929
275.4,-0.0430783,-6.40144
275.45,-0.0430923,-6.4036
275.5,-0.0430858,-6.40575
275.55,-0.0431025,-6.40791
275.6,-0.0431048,-6.41006
275.65,-0.0431135,-6.41222
275.7,-0.0431311,-6.41437
275.75,-0.0431474,-6.41653
275.8,-0.0431729,-6.41869
275.85,-0.0431953,-6.42085
275.9,-0.0431923,-6.42301
275.95,-0.0431956,-6.42517
276.0,-0.0431918,-6.42733
276.05,-0.0431927,-6.42949
276.1,-0.0432008,-6.43165
276.15,-0.0432387,-6.43381
276.2,-0.0432433,-6.43597
276.25,-0.0432579,-6.43813
276.3,-0.043268,-6.4403
276.35,-0.0432606,-6.44246
276.4,-0.0432655,-6.44462
276.45,-0.0432643,-6.44679
276.5,-0.0432621,-6.44895
276.55,-0.0432648,-6.45111
276.6,-0.0432787,-6.45328
276.65,-0.0432839,-6.45544
276.7,-0.0432961,-6.45761
276.75,-0.0433104,-6.45977
276.8,-0.0433193,-6.46194
276.85,-0.0433079,-6.4641
276.9,-0.043322,-6.46627
276.95,-0.0433329,-6.46844
277.0,-0.043339,-6.4706
277.05,-0.0433466,-6.47277
277.1,-0.0433483,-6.47494
277.15,-0.0433597,-6.47711
277.2,-0.0433765,-6.47927
277.25,-0.0433483,-6.48144
277.3,-0.0433698,-6.48361
277.35,-0.0433836,-6.48578
277.4,-0.0433745,-6.48795
277.45,-0.0433927,-6.49012
277.5,-0.0433937,-6.49229
277.55,-0.0433981,-6.49446
277.6,-0.0434143,-6.49663
277.65,-0.0434145,-6.4988
277.7,-0.0434259,-6.50097
277.75,-0.0434338,-6.50314
277.8,-0.0434252,-6.50531
277.85,-0.0434298,-6.50748
277.9,-0.0434371,-6.50966
277.95,-0.0434468,-6.51183
278.0,-0.0434516,-6.514
278.05,-0.0434565,-6.51617
278.1,-0.0434734,-6.51835
278.15,-0.043478,-6.52052
278.2,-0.0434819,-6.5227
278.25,-0.0434828,-6.52487
278.3,-0.0434875,-6.52704
278.35,-0.043502,-6.52922
278.4,-0.0435155,-6.53139
278.45,-0.043515,-6.53357
278.5,-0.0435313,-6.53575
278.55,-0.0435352,-6.53792
278.6,-0.0435468,-6.5401
278.65,-0.0435528,-6.54228
278.7,-0.0435466,-6.54446
278.75,-0.043565,-6.54663
278.8,-0.0435637,-6.54881
278.85,-0.0435668,-6.55099
278.9,-0.0436045,-6.55317
278.95,-0.0436046,-6.55535
279.0,-0.043613,-6.55753
279.05,-0.04364,-6.55971
279.1,-0.0436323,-6.5619
279.15,-0.0436555,-6.56408
279.2,-0.043673,-6.56626
279.25,-0.0436581,-6.56845
279.3,-0.0436736,-6.57063
279.35,-0.0436694,-6.57281
279.4,-0.0436825,-6.575
279.45,-0.0436974,-6.57718
279.5,-0.0437091,-6.57937
279.55,-0.0437169,-6.58155
279.6,-0.04373,-6.58374
279.65,-0.0437378,-6.58593
279.7,-0.0437402,-6.58811
279.75,-0.0437438,-6.5903
279.8,-0.0437617,-6.59249
279.85,-0.0437743,-6.59468
279.9,-0.043782,-6.59687
279.95,-0.0437995,-6.59906
280.0,-0.0437953,-6.60125
280.05,-0.043799,-6.60344
280.1,-0.043807,-6.60563
280.15,-0.0438145,-6.60782
280.2,-0.043812,-6.61001
280.25,-0.043831,-6.6122
280.3,-0.0438312,-6.61439
280.35,-0.0438456,-6.61658
280.4,-0.0438614,-6.61878
280.45,-0.0438671,-6.62097
280.5,-0.0438634,-6.62316
280.55,-0.0438583,-6.62536
280.6,-0.0438644,-6.62755
280.65,-0.043892,-6.62974
280.7,-0.0438884,-6.63194
280.75,-0.0438981,-6.63413
280.8,-0.0439199,-6.63633
280.85,-0.0439297,-6.63853
280.9,-0.0439591,-6.64072
280.95,-0.0439637,-6.64292
281.0,-0.0439812,-6.64512
281.05,-0.0439763,-6.64732
281.1,-0.0439819,-6.64952
281.15,-0.0439823,-6.65172
281.2,-0.0439858,-6.65392
281.25,-0.0440026,-6.65612
281.3,-0.0440118,-6.65832
281.35,-0.0440134,-6.66052
281.4,-0.0440232,-6.66272
281.45,-0.044026,-6.66492
281.5,-0.0440482,-6.66712
281.55,-0.0440482,-6.66933
281.6,-0.0440798,-6.67153
281.65,-0.0441025,-6.67373
281.7,-0.0441064,-6.67594
281.75,-0.0441072,-6.67815
281.8,-0.0441329,-6.68035
281.85,-0.0441391,-6.68256
281.9,-0.0441646,-6.68477
281.95,-0.0441727,-6.68698
282.0,-0.0441663,-6.68918
282.05,-0.0441639,-6.69139
282.1,-0.0441642,-6.6936
282.15,-0.0441682,-6.69581
282.2,-0.0441813,-6.69802
282.25,-0.0442038,-6.70023
282.3,-0.0441925,-6.70244
282.35,-0.0442045,-6.70465
282.4,-0.0442157,-6.70686
282.45,-0.0442204,-6.70907
282.5,-0.0442186,-6.71128
282.55,-0.0442399,-6.71349
282.6,-0.0442473,-6.7157
282.65,-0.0442569,-6.71792
282.7,-0.0442582,-6.72013
282.75,-0.0442761,-6.72234
282.8,-0.0442828,-6.72456
282.85,-0.0443044,-6.72677
282.9,-0.0442991,-6.72899
282.95,-0.0443042,-6.7312
283.0,-0.0443084,-6.73342
283.05,-0.0443108,-6.73563
283.1,-0.0443141,-6.73785
283.15,-0.0443345,-6.74007
283.2,-0.0443478,-6.74228
283.25,-0.0443562,-6.7445
283.3,-0.0443694,-6.74672
283.35,-0.0443791,-6.74894
283.4,-0.044386,-6.75116
283.45,-0.0443833,-6.75338
283.5,-0.044386,-6.7556
283.55,-0.0444044,-6.75782
283.6,-0.044413,-6.76004
283.65,-0.0444208,-6.76226
283.7,-0.0444474,-6.76448
283.75,-0.0444691,-6.76671
283.8,-0.0444799,-6.76893
283.85,-0.0444604,-6.77115
283.9,-0.0444702,-6.77338
283.95,-0.044469,-6.7756
284.0,-0.0444775,-6.77782
284.05,-0.0444905,-6.78005
284.1,-0.0444976,-6.78227
284.15,-0.0445091,-6.7845
284.2,-0.04451,-6.78672
284.25,-0.0445229,-6.78895
284.3,-0.0445367,-6.79118
284.35,-0.0445433,-6.7934
284.4,-0.0445417,-6.79563
284.45,-0.0445477,-6.79786
284.5,-0.0445642,-6.80009
284.55,-0.0445652,-6.80231
284.6,-0.0445851,-6.80454
284.65,-0.0445921,-6.80677
284.7,-0.0445917,-6.809
284.75,-0.0446001,-6.81123
284.8,-0.0446078,-6.81346
284.85,-0.0446052,-6.81569
284.9,-0.0446268,-6.81793
284.95,-0.0446222,-6.82016
285.0,-0.044632,-6.82239
285.05,-0.0446441,-6.82462
285.1,-0.0446429,-6.82685
285.15,-0.044658,-6.82909
285.2,-0.0446726,-6.83132
285.25,-0.0446866,-6.83355
285.3,-0.0446801,-6.83579
285.35,-0.0446947,-6.83802
285.4,-0.0447045,-6.84026
285.45,-0.0447143,-6.84249
285.5,-0.0447148,-6.84473
285.55,-0.0447213,-6.84696
285.6,-0.0447296,-6.8492
285.65,-0.0447542,-6.85144
285.7,-0.0447511,-6.85368
285.75,-0.0447736,-6.85592
285.8,-0.044768,-6.85815
285.85,-0.0447926,-6.86039
285.9,-0.0448024,-6.86263
285.95,-0.0448064,-6.86487
286.0,-0.0447981,-6.86711
286.05,-0.0448232,-6.86935
286.1,-0.0448195,-6.8716
286.15,-0.0448284,-6.87384
286.2,-0.0448483,-6.87608
286.25,-0.0448528,-6.87832
286.3,-0.0448459,-6.88056
286.35,-0.0448569,-6.88281
286.4,-0.0448691,-6.88505
286.45,-0.0448815,-6.88729
286.5,-0.044896,-6.88954
286.55,-0.0449076,-6.89179
286.6,-0.0449213,-6.89403
286.65,-0.0449214,-6.89628
286.7,-0.0449192,-6.89852
286.75,-0.0449311,-6.90077
286.8,-0.0449385,-6.90302
286.85,-0.0449412,-6.90526
286.9,-0.0449481,-6.90751
286.95,-0.0449583,-6.90976
287.0,-0.0449634,-6.91201
287.05,-0.044968,-6.91426
287.1,-0.0449836,-6.9165
287.15,-0.044991,-6.91875
287.2,-0.0449971,-6.921
287.25,-0.0450062,-6.92325
287.3,-0.0450129,-6.92551
287.35,-0.0450209,-6.92776
287.4,-0.0450205,-6.93001
287.45,-0.0450211,-6.93226
287.5,-0.0450332,-6.93451
287.55,-0.0450449,-6.93676
287.6,-0.0450515,-6.93901
287.65,-0.045053,-6.94127
287.7,-0.0450449,-6.94352
287.75,-0.0450576,-6.94577
287.8,-0.045072,-6.94803
287.85,-0.0450767,-6.95028
287.9,-0.045101,-6.95254
287.95,-0.045091,-6.95479
288.0,-0.0450938,-6.95704
288.05,-0.0451034,-6.9593
288.1,-0.0451076,-6.96155
288.15,-0.0451115,-6.96381
288.2,-0.0451334,-6.96607
288.25,-0.0451393,-6.96832
288.3,-0.0451534,-6.97058
288.35,-0.0451614,-6.97284
288.4,-0.0451646,-6.9751
288.45,-0.0451809,-6.97736
288.5,-0.0451979,-6.97962
288.55,-0.0451966,-6.98188
288.6,-0.0452177,-6.98414
288.65,-0.0452199,-6.9864
288.7,-0.0452251,-6.98866
288.75,-0.0452153,-6.99092
288.8,-0.0452212,-6.99318
288.85,-0.0452128,-6.99544
288.9,-0.0452356,-6.9977
288.95,-0.0452336,-6.99997
289.0,-0.0452445,-7.00223
289.05,-0.0452639,-7.00449
289.1,-0.045281,-7.00676
289.15,-0.0452853,-7.00902
289.2,-0.0452739,-7.01128
289.25,-0.0452788,-7.01355
289.3,-0.045286,-7.01581
289.35,-0.045285,-7.01808
289.4,-0.045304,-7.02034
289.45,-0.0453158,-7.02261
289.5,-0.0453238,-7.02487
289.55,-0.0453257,-7.02714
289.6,-0.0453333,-7.02941
289.65,-0.0453332,-7.03167
289.7,-0.0453498,-7.03394
289.75,-0.0453501,-7.03621
289.8,-0.0453514,-7.03848
289.85,-0.0453667,-7.04074
289.9,-0.0453677,-7.04301
289.95,-0.0453736,-7.04528
290.0,-0.0453787,-7.04755
290.05,-0.0453899,-7.04982
290.1,-0.0453914,-7.05209
290.15,-0.0454105,-7.05436
290.2,-0.0454075,-7.05663
290.25,-0.0454069,-7.0589
290.3,-0.0454287,-7.06117
290.35,-0.0454231,-7.06344
290.4,-0.0454243,-7.06571
290.45,-0.0454424,-7.06799
290.5,-0.0454479,-7.07026
290.55,-0.0454521,-7.07253
290.6,-0.0454666,-7.0748
290.65,-0.0454618,-7.07708
290.7,-0.0454784,-7.07935
290.75,-0.0454786,-7.08162
290.8,-0.0454752,-7.0839
290.85,-0.0454795,-7.08617
290.9,-0.0454796,-7.08845
290.95,-0.0454834,-7.09072
291.0,-0.0455071,-7.093
291.05,-0.0455155,-7.09527
291.1,-0.0455116,-7.09755
291.15,-0.045529,-7.09982
291.2,-0.045524,-7.1021
291.25,-0.04553,-7.10438
291.3,-0.0455257,-7.10665
291.35,-0.0455421,-7.10893
291.4,-0.0455471,-7.11121
291.45,-0.0455621,-7.11349
291.5,-0.045568,-7.11576
291.55,-0.0455713,-7.11804
291.6,-0.0455871,-7.12032
291.65,-0.0456117,-7.1226
291.7,-0.0456114,-7.12488
291.75,-0.0456184,-7.12716
291.8,-0.0456099,-7.12944
291.85,-0.0456223,-7.13173
291.9,-0.0456291,-7.13401
291.95,-0.0456222,-7.13629
292.0,-0.0456355,-7.13857
292.05,-0.045649,-7.14085
292.1,-0.0456436,-7.14313
292.15,-0.045674,-7.14542
292.2,-0.0456801,-7.1477
292.25,-0.0456826,-7.14999
292.3,-0.0456838,-7.15227
292.35,-0.0456881,-7.15455
292.4,-0.0456914,-7.15684
292.45,-0.0456914,-7.15912
292.5,-0.0457072,-7.16141
292.55,-0.0457128,-7.16369
292.6,-0.0457352,-7.16598
292.65,-0.0457464,-7.16827
292.7,-0.0457464,-7.17056
292.75,-0.0457679,-7.17284
292.8,-0.045772,-7.17513
292.85,-0.0457507,-7.17742
292.9,-0.0457529,-7.17971
292.95,-0.0457529,-7.182
293.0,-0.0457693,-7.18428
293.05,-0.0457664,-7.18657
293.1,-0.0457906,-7.18886
293.15,-0.0458004,-7.19115
293.2,-0.0458087,-7.19344
293.25,-0.0458168,-7.19573
293.3,-0.0458161,-7.19802
293.35,-0.0458242,-7.20032
293.4,-0.0458425,-7.20261
293.45,-0.0458426,-7.2049
293.5,-0.0458552,-7.20719
293.55,-0.0458576,-7.20949
293.6,-0.0458743,-7.21178
293.65,-0.04587,-7.21407
293.7,-0.0458813,-7.21637
293.75,-0.0459032,-7.21866
293.8,-0.0458962,-7.22096
293.85,-0.0458994,-7.22325
293.9,-0.0459187,-7.22555
293.95,-0.0459374,-7.22784
294.0,-0.0459522,-7.23014
294.05,-0.0459813,-7.23244
294.1,-0.0460561,-7.23474
294.15,-0.0460681,-7.23705
294.2,-0.0460528,-7.23935
294.25,-0.0460429,-7.24165
294.3,-0.0460441,-7.24395
294.35,-0.0460475,-7.24626
294.4,-0.0460732,-7.24856
294.45,-0.046085,-7.25086
294.5,-0.0461014,-7.25317
294.55,-0.0461145,-7.25548
294.6,-0.046113,-7.25778
294.65,-0.046126,-7.26009
294.7,-0.0461205,-7.26239
294.75,-0.0461174,-7.2647
294.8,-0.0461291,-7.26701
294.85,-0.0461426,-7.26931
294.9,-0.0461477,-7.27162
294.95,-0.046159,-7.27393
295.0,-0.0461642,-7.27624
295.05,-0.0461892,-7.27855
295.1,-0.0461973,-7.28086
295.15,-0.0461811,-7.28316
295.2,-0.0461918,-7.28547
295.25,-0.0461862,-7.28778
295.3,-0.0461911,-7.29009
295.35,-0.0462002,-7.2924
295.4,-0.0462157,-7.29471
295.45,-0.0462289,-7.29703
295.5,-0.0462266,-7.29934
295.55,-0.0462176,-7.30165
295.6,-0.0462323,-7.30396
295.65,-0.0462275,-7.30627
295.7,-0.0462349,-7.30858
295.75,-0.0462452,-7.31089
295.8,-0.0462498,-7.31321
295.85,-0.0462719,-7.31552
295.9,-0.0462787,-7.31783
295.95,-0.046291,-7.32015
296.0,-0.0463033,-7.32246
296.05,-0.0463056,-7.32478
296.1,-0.0463149,-7.3271
296.15,-0.0463167,-7.32941
296.2,-0.0463144,-7.33173
296.25,-0.046316,-7.33404
296.3,-0.0463298,-7.33636
296.35,-0.0463104,-7.33868
296.4,-0.0463367,-7.34099
296.45,-0.0463361,-7.34331
296.5,-0.0463532,-7.34563
296.55,-0.0463483,-7.34794
296.6,-0.0463614,-7.35026
296.65,-0.0463852,-7.35258
296.7,-0.0463796,-7.3549
296.75,-0.0464025,-7.35722
296.8,-0.046409,-7.35954
296.85,-0.0464051,-7.36186
296.9,-0.0464316,-7.36418
296.95,-0.0464361,-7.3665
297.0,-0.0464353,-7.36883
297.05,-0.0464465,-7.37115
297.1,-0.0464527,-7.37347
297.15,-0.0464437,-7.37579
297.2,-0.0464555,-7.37812
297.25,-0.0464638,-7.38044
297.3,-0.0464874,-7.38276
297.35,-0.0464828,-7.38509
297.4,-0.0464817,-7.38741
297.45,-0.0464854,-7.38974
297.5,-0.046496,-7.39206
297.55,-0.0465029,-7.39439
297.6,-0.0465066,-7.39671
297.65,-0.0465128,-7.39904
297.7,-0.0465176,-7.40136
297.75,-0.0465294,-7.40369
297.8,-0.046532,-7.40602
297.85,-0.0465365,-7.40834
297.9,-0.0465233,-7.41067
297.95,-0.0465356,-7.413
298.0,-0.0465453,-7.41532
298.05,-0.0465542,-7.41765
298.1,-0.0465768,-7.41998
298.15,-0.0465747,-7.42231
298.2,-0.0465765,-7.42464
298.25,-0.0465973,-7.42697
298.3,-0.0465751,-7.4293
298.35,-0.0465846,-7.43162
298.4,-0.0466006,-7.43395
298.45,-0.0466043,-7.43629
298.5,-0.0466221,-7.43862
298.55,-0.0466227,-7.44095
298.6,-0.0466293,-7.44328
298.65,-0.0466433,-7.44561
298.7,-0.0466386,-7.44794
298.75,-0.0466498,-7.45028
298.8,-0.0466451,-7.45261
298.85,-0.0466513,-7.45494
298.9,-0.0466526,-7.45727
298.95,-0.0466485,-7.45961
299.0,-0.0466606,-7.46194
299.05,-0.0466748,-7.46427
299.1,-0.04668,-7.46661
299.15,-0.0466885,-7.46894
299.2,-0.0466983,-7.47128
299.25,-0.046706,-7.47361
299.3,-0.0467083,-7.47595
299.35,-0.0466954,-7.47828
299.4,-0.0467115,-7.48062
299.45,-0.0467224,-7.48295
299.5,-0.0467295,-7.48529
299.55,-0.0467459,-7.48763
299.6,-0.046747,-7.48996
299.65,-0.046759,-7.4923
299.7,-0.0467796,-7.49464
299.75,-0.0467781,-7.49698
299.8,-0.0467877,-7.49932
299.85,-0.0467935,-7.50166
299.9,-0.0467764,-7.504
299.95,-0.046785,-7.50634
300.0,-0.0467953,-7.50868
300.05,-0.0468115,-7.51102
300.1,-0.0468384,-7.51336
300.15,-0.0468475,-7.5157
300.2,-0.0468617,-7.51804
300.25,-0.0468569,-7.52039
300.3,-0.0468492,-7.52273
300.35,-0.0468531,-7.52507
300.4,-0.0468544,-7.52742
300.45,-0.0468617,-7.52976
300.5,-0.0468788,-7.5321
300.55,-0.0468898,-7.53445
300.6,-0.0469141,-7.53679
300.65,-0.0469153,-7.53914
300.7,-0.0469221,-7.54148
300.75,-0.0469339,-7.54383
300.8,-0.0469214,-7.54618
300.85,-0.0469345,-7.54852
300.9,-0.0469222,-7.55087
300.95,-0.0469239,-7.55322
301.0,-0.0469539,-7.55556
301.05,-0.0469737,-7.55791
301.1,-0.0469781,-7.56026
301.15,-0.0469901,-7.56261
301.2,-0.046981,-7.56496
301.25,-0.0469957,-7.56731
301.3,-0.0470001,-7.56966
301.35,-0.0470054,-7.57201
301.4,-0.0470144,-7.57436
301.45,-0.0470337,-7.57671
301.5,-0.0470396,-7.57906
301.55,-0.0470396,-7.58142
301.6,-0.0470319,-7.58377
301.65,-0.0470313,-7.58612
301.7,-0.0470382,-7.58847
301.75,-0.0470397,-7.59082
301.8,-0.0470507,-7.59318
301.85,-0.047062,-7.59553
301.9,-0.0470696,-7.59788
301.95,-0.0470855,-7.60024
302.0,-0.0470865,-7.60259
302.05,-0.0470848,-7.60495
302.1,-0.0471069,-7.6073
302.15,-0.047106,-7.60966
302.2,-0.0470995,-7.61201
302.25,-0.0471067,-7.61437
302.3,-0.0471139,-7.61672
302.35,-0.0471155,-7.61908
302.4,-0.0471313,-7.62143
302.45,-0.0471388,-7.62379
302.5,-0.0471588,-7.62615
302.55,-0.0471635,-7.62851
302.6,-0.0471787,-7.63087
302.65,-0.0471732,-7.63322
302.7,-0.0471887,-7.63558
302.75,-0.0472001,-7.63794
302.8,-0.0471837,-7.6403
302.85,-0.0471997,-7.64266
302.9,-0.0472042,-7.64502
302.95,-0.0472106,-7.64738
303.0,-0.0472317,-7.64975
303.05,-0.0472382,-7.65211
303.1,-0.0472557,-7.65447
303.15,-0.0472629,-7.65683
303.2,-0.0472688,-7.6592
303.25,-0.0472871,-7.66156
303.3,-0.0472987,-7.66393
303.35,-0.0472987,-7.66629
303.4,-0.0473289,-7.66866
303.45,-0.0473254,-7.67102
303.5,-0.0473581,-7.67339
303.55,-0.0473664,-7.67576
303.6,-0.0473722,-7.67813
303.65,-0.0473863,-7.6805
303.7,-0.0473798,-7.68287
303.75,-0.0473834,-7.68524
303.8,-0.0473896,-7.68761
303.85,-0.0473813,-7.68997
303.9,-0.0473936,-7.69234
303.95,-0.0474166,-7.69472
304.0,-0.0474269,-7.69709
304.05,-0.0474485,-7.69946
304.1,-0.0474464,-7.70183
304.15,-0.0474505,-7.7042
304.2,-0.0474702,-7.70658
304.25,-0.0474653,-7.70895
304.3,-0.0474812,-7.71132
304.35,-0.0474749,-7.7137
304.4,-0.0474817,-7.71607
304.45,-0.0475077,-7.71845
304.5,-0.047524,-7.72082
304.55,-0.0475493,-7.7232
304.6,-0.0475692,-7.72558
304.65,-0.0475672,-7.72796
304.7,-0.047581,-7.73034
304.75,-0.0475672,-7.73272
304.8,-0.0475702,-7.73509
304.85,-0.0475788,-7.73747
304.9,-0.047589,-7.73985
304.95,-0.0476014,-7.74223
305.0,-0.0476239,-7.74461
305.05,-0.04762,-7.74699
305.1,-0.0476374,-7.74938
305.15,-0.0476419,-7.75176
305.2,-0.0476548,-7.75414
305.25,-0.047667,-7.75653
305.3,-0.047655,-7.75891
305.35,-0.0476679,-7.76129
305.4,-0.0476601,-7.76367
305.45,-0.0476675,-7.76606
305.5,-0.0476934,-7.76844
305.55,-0.0476952,-7.77083
305.6,-0.0477229,-7.77321
305.65,-0.0477231,-7.7756
305.7,-0.0477184,-7.77799
305.75,-0.0477375,-7.78037
305.8,-0.0477264,-7.78276
305.85,-0.0477381,-7.78515
305.9,-0.0477565,-7.78753
305.95,-0.0477456,-7.78992
306.0,-0.047758,-7.79231
306.05,-0.047774,-7.7947
306.1,-0.0477717,-7.79709
306.15,-0.0477801,-7.79947
306.2,-0.0477826,-7.80186
306.25,-0.0478432,-7.80426
306.3,-0.0478932,-7.80665
306.35,-0.0478902,-7.80905
306.4,-0.047893,-7.81144
306.45,-0.0479111,-7.81384
306.5,-0.0479101,-7.81623
306.55,-0.04795,-7.81863
306.6,-0.0479378,-7.82103
306.65,-0.0479527,-7.82342
306.7,-0.047981,-7.82582
306.75,-0.0479652,-7.82822
306.8,-0.0479732,-7.83062
306.85,-0.0479799,-7.83302
306.9,-0.0479734,-7.83542
306.95,-0.047993,-7.83782
307.0,-0.0479794,-7.84022
307.05,-0.0479847,-7.84261
307.1,-0.0480171,-7.84502
307.15,-0.0480161,-7.84742
307.2,-0.0480329,-7.84982
307.25,-0.0480386,-7.85222
307.3,-0.0480487,-7.85462
307.35,-0.0480582,-7.85703
307.4,-0.0480615,-7.85943
307.45,-0.0480875,-7.86183
307.5,-0.0480929,-7.86424
307.55,-0.0480806,-7.86664
307.6,-0.0480942,-7.86905
307.65,-0.0480883,-7.87145
307.7,-0.0480907,-7.87385
307.75,-0.0480991,-7.87626
307.8,-0.0481084,-7.87867
307.85,-0.0481312,-7.88107
307.9,-0.0481417,-7.88348
307.95,-0.0481364,-7.88589
308.0,-0.0481436,-7.88829
308.05,-0.04815,-7.8907
308.1,-0.048159,-7.89311
308.15,-0.048166,-7.89552
308.2,-0.0481758,-7.89793
308.25,-0.0481981,-7.90034
308.3,-0.0481984,-7.90275
308.35,-0.0481929,-7.90515
308.4,-0.0482065,-7.90757
308.45,-0.048226,-7.90998
308.5,-0.0482264,-7.91239
308.55,-0.0482317,-7.9148
308.6,-0.0482393,-7.91721
308.65,-0.0482458,-7.91962
308.7,-0.0482655,-7.92204
308.75,-0.0482658,-7.92445
308.8,-0.0482807,-7.92686
308.85,-0.0482827,-7.92928
308.9,-0.0482978,-7.93169
308.95,-0.0483,-7.93411
309.0,-0.0483131,-7.93652
309.05,-0.0483198,-7.93894
309.1,-0.0483342,-7.94136
309.15,-0.0483463,-7.94377
309.2,-0.0483674,-7.94619
309.25,-0.0483731,-7.94861
309.3,-0.0483914,-7.95103
309.35,-0.04839,-7.95345
309.4,-0.048402,-7.95587
309.45,-0.0484021,-7.95829
309.5,-0.0484076,-7.96071
309.55,-0.0484277,-7.96313
309.6,-0.0484415,-7.96555
309.65,-0.0484577,-7.96798
309.7,-0.0484635,-7.9704
309.75,-0.0484683,-7.97282
309.8,-0.0484629,-7.97525
309.85,-0.0484576,-7.97767
309.9,-0.0484577,-7.98009
309.95,-0.0484707,-7.98252
310.0,-0.0484947,-7.98494
310.05,-0.0485115,-7.98737
310.1,-0.048524,-7.98979
310.15,-0.0485331,-7.99222
310.2,-0.0485505,-7.99465
310.25,-0.0485624,-7.99707
310.3,-0.0485605,-7.9995
310.35,-0.0485729,-8.00193
310.4,-0.0485721,-8.00436
310.45,-0.0485663,-8.00679
310.5,-0.0485839,-8.00922
310.55,-0.048618,-8.01165
310.6,-0.0486264,-8.01408
310.65,-0.0486501,-8.01651
310.7,-0.0486418,-8.01894
310.75,-0.0486267,-8.02138
310.8,-0.0486278,-8.02381
310.85,-0.0486372,-8.02624
310.9,-0.0486352,-8.02867
310.95,-0.0486673,-8.0311
311.0,-0.0486632,-8.03354
311.05,-0.0486644,-8.03597
311.1,-0.0486838,-8.0384
311.15,-0.0486906,-8.04084
311.2,-0.0486811,-8.04327
311.25,-0.0486933,-8.04571
311.3,-0.0487089,-8.04814
311.35,-0.0487094,-8.05058
311.4,-0.04871,-8.05301
311.45,-0.0487234,-8.05545
311.5,-0.0487369,-8.05789
311.55,-0.0487651,-8.06033
311.6,-0.0487924,-8.06277
311.65,-0.0487689,-8.0652
311.7,-0.0487938,-8.06764
311.75,-0.0487807,-8.07008
311.8,-0.0487822,-8.07252
311.85,-0.0487982,-8.07496
311.9,-0.0487965,-8.0774
311.95,-0.0488121,-8.07984
312.0,-0.0488467,-8.08228
312.05,-0.0488484,-8.08473
312.1,-0.0488832,-8.08717
312.15,-0.0488798,-8.08961
312.2,-0.0488761,-8.09206
312.25,-0.0488956,-8.0945
312.3,-0.0488925,-8.09695
312.35,-0.0488935,-8.09939
312.4,-0.0489257,-8.10184
312.45,-0.0489192,-8.10429
312.5,-0.0489395,-8.10673
312.55,-0.0489554,-8.10918
312.6,-0.0489531,-8.11163
312.65,-0.048945,-8.11407
312.7,-0.0489635,-8.11652
312.75,-0.048959,-8.11897
312.8,-0.0489658,-8.12142
312.85,-0.0489713,-8.12387
312.9,-0.0489791,-8.12632
312.95,-0.0489932,-8.12877
313.0,-0.0490014,-8.13122
313.05,-0.0490137,-8.13367
313.1,-0.0490152,-8.13612
313.15,-0.0490433,-8.13857
313.2,-0.0490308,-8.14102
313.25,-0.0490268,-8.14347
313.3,-0.0490564,-8.14593
313.35,-0.0490539,-8.14838
313.4,-0.0490744,-8.15083
313.45,-0.0490755,-8.15329
313.5,-0.0490672,-8.15574
313.55,-0.0490825,-8.15819
313.6,-0.0490937,-8.16065
313.65,-0.0490992,-8.1631
313.7,-0.0491005,-8.16556
313.75,-0.0491111,-8.16801
313.8,-0.049127,-8.17047
313.85,-0.0491452,-8.17293
313.9,-0.049137,-8.17538
313.95,-0.0491458,-8.17784
314.0,-0.0491491,-8.1803
314.05,-0.0491718,-8.18276
314.1,-0.0491722,-8.18522
314.15,-0.0491801,-8.18767
314.2,-0.0491919,-8.19013
314.25,-0.0491851,-8.19259
314.3,-0.0491965,-8.19505
314.35,-0.0492095,-8.19751
314.4,-0.0492115,-8.19998
314.45,-0.0492467,-8.20244
314.5,-0.0492641,-8.2049
314.55,-0.0492426,-8.20736
314.6,-0.0492636,-8.20983
314.65,-0.049257,-8.21229
314.7,-0.0492582,-8.21475
314.75,-0.049274,-8.21721
314.8,-0.0492774,-8.21968
314.85,-0.0492832,-8.22214
314.9,-0.0492963,-8.22461
314.95,-0.0492847,-8.22707
315.0,-0.0493104,-8.22954
315.05,-0.049337,-8.232
315.1,-0.0493521,-8.23447
315.15,-0.0493694,-8.23694
315.2,-0.0493621,-8.23941
315.25,-0.0493551,-8.24188
315.3,-0.0493565,-8.24434
315.35,-0.0493531,-8.24681
315.4,-0.0493566,-8.24928
315.45,-0.0493735,-8.25175
315.5,-0.049369,-8.25422
315.55,-0.0493862,-8.25669
315.6,-0.0493916,-8.25916
315.65,-0.0493976,-8.26163
315.7,-0.0494124,-8.2641
315.75,-0.0494242,-8.26657
315.8,-0.0494343,-8.26904
315.85,-0.049438,-8.27151
315.9,-0.0494415,-8.27398
315.95,-0.0494455,-8.27645
316.0,-0.0494519,-8.27893
316.05,-0.0494511,-8.2814
316.1,-0.0494592,-8.28387
316.15,-0.0494734,-8.28635
316.2,-0.0494809,-8.28882
316.25,-0.0494783,-8.2913
316.3,-0.0494925,-8.29377
316.35,-0.0494961,-8.29624
316.4,-0.0495116,-8.29872
316.45,-0.0495174,-8.3012
316.5,-0.0495271,-8.30367
316.55,-0.0495248,-8.30615
316.6,-0.0495314,-8.30863
316.65,-0.0495482,-8.3111
316.7,-0.0495473,-8.31358
316.75,-0.0495574,-8.31606
316.8,-0.0495632,-8.31854
316.85,-0.0495677,-8.32101
316.9,-0.0495697,-8.32349
316.95,-0.0495618,-8.32597
317.0,-0.0495888,-8.32845
317.05,-0.0495865,-8.33093
317.1,-0.0496088,-8.33341
317.15,-0.0496127,-8.33589
317.2,-0.0496232,-8.33837
317.25,-0.0496282,-8.34085
317.3,-0.0496348,-8.34334
317.35,-0.0496442,-8.34582
317.4,-0.0496425,-8.3483
317.45,-0.0496444,-8.35078
317.5,-0.0496395,-8.35326
317.55,-0.0496597,-8.35575
317.6,-0.0496694,-8.35823
317.65,-0.0496787,-8.36071
317.7,-0.0496781,-8.3632
317.75,-0.0496891,-8.36568
317.8,-0.049694,-8.36817
317.85,-0.0496956,-8.37065
317.9,-0.0497132,-8.37314
317.95,-0.0497251,-8.37562
318.0,-0.0497294,-8.37811
318.05,-0.0497422,-8.3806
318.1,-0.0497431,-8.38308
318.15,-0.0497586,-8.38557
318.2,-0.0497665,-8.38806
318.25,-0.0497704,-8.39055
318.3,-0.0497808,-8.39304
318.35,-0.0497757,-8.39553
318.4,-0.0497835,-8.39802
318.45,-0.0497938,-8.40051
318.5,-0.049802,-8.403
318.55,-0.0497965,-8.40549
318.6,-0.0498009,-8.40798
318.65,-0.0498007,-8.41047
318.7,-0.0498155,-8.41296
318.75,-0.0498239,-8.41545
318.8,-0.0498181,-8.41794
318.85,-0.0498276,-8.42043
318.9,-0.0498391,-8.42292
318.95,-0.0498332,-8.42541
319.0,-0.0498411,-8.42791
319.05,-0.0498471,-8.4304
319.1,-0.0498696,-8.43289
319.15,-0.0498775,-8.43539
319.2,-0.0498634,-8.43788
319.25,-0.0498854,-8.44037
319.3,-0.0498839,-8.44287
319.35,-0.0498773,-8.44536
319.4,-0.0498845,-8.44785
319.45,-0.0499015,-8.45035
319.5,-0.0499065,-8.45285
319.55,-0.0499398,-8.45534
319.6,-0.0499474,-8.45784
319.65,-0.0499484,-8.46034
319.7,-0.0499507,-8.46284
319.75,-0.0499965,-8.46533
319.8,-0.0500193,-8.46784
319.85,-0.0500163,-8.47034
319.9,-0.0500256,-8.47284
319.95,-0.0500224,-8.47534
320.0,-0.0500292,-8.47784
320.05,-0.050049,-8.48034
320.1,-0.0500554,-8.48285
320.15,-0.0500583,-8.48535
320.2,-0.0500573,-8.48785
320.25,-0.0500514,-8.49035
320.3,-0.0500671,-8.49286
320.35,-0.0500609,-8.49536
320.4,-0.0500758,-8.49786
320.45,-0.0500832,-8.50037
320.5,-0.0500927,-8.50287
320.55,-0.0500957,-8.50538
320.6,-0.0501094,-8.50788
320.65,-0.0501161,-8.51039
320.7,-0.0501301,-8.5129
320.75,-0.0501377,-8.5154
320.8,-0.0501494,-8.51791
320.85,-0.0501557,-8.52042
320.9,-0.0501655,-8.52293
320.95,-0.0501665,-8.52543
321.0,-0.050184,-8.52794
321.05,-0.0502031,-8.53045
321.1,-0.0502215,-8.53296
321.15,-0.0502085,-8.53547
321.2,-0.0502652,-8.53799
321.25,-0.0502441,-8.5405
321.3,-0.0502457,-8.54301
321.35,-0.0502514,-8.54553
321.4,-0.0502662,-8.54804
321.45,-0.0502665,-8.55055
321.5,-0.0502813,-8.55307
321.55,-0.0502848,-8.55558
321.6,-0.0502868,-8.55809
321.65,-0.0502888,-8.56061
321.7,-0.0502954,-8.56312
321.75,-0.0503141,-8.56564
321.8,-0.050309,-8.56816
321.85,-0.0503256,-8.57067
321.9,-0.0503081,-8.57319
321.95,-0.0503272,-8.5757
322.0,-0.0503297,-8.57822
322.05,-0.0503403,-8.58074
322.1,-0.0503408,-8.58325
322.15,-0.0503672,-8.58577
322.2,-0.0503658,-8.58829
322.25,-0.0503866,-8.59081
322.3,-0.0503679,-8.59333
322.35,-0.0503789,-8.59585
322.4,-0.0503808,-8.59837
322.45,-0.0503866,-8.60089
322.5,-0.0503857,-8.6034
322.55,-0.0503931,-8.60592
322.6,-0.050397,-8.60844
322.65,-0.0503948,-8.61096
322.7,-0.0504037,-8.61348
322.75,-0.0504132,-8.616
322.8,-0.0504244,-8.61853
322.85,-0.0504373,-8.62105
322.9,-0.0504455,-8.62357
322.95,-0.0504345,-8.62609
323.0,-0.0504457,-8.62861
323.05,-0.0504443,-8.63114
323.1,-0.0504515,-8.63366
323.15,-0.0504549,-8.63618
323.2,-0.0504725,-8.63871
323.25,-0.0504863,-8.64123
323.3,-0.0504894,-8.64375
323.35,-0.050505,-8.64628
323.4,-0.0505058,-8.6488
323.45,-0.0505053,-8.65133
323.5,-0.0505086,-8.65386
323.55,-0.0505299,-8.65638
323.6,-0.0505345,-8.65891
323.65,-0.0505269,-8.66144
323.7,-0.0505335,-8.66396
323.75,-0.0505466,-8.66649
323.8,-0.0505506,-8.66902
323.85,-0.0505529,-8.67154
323.9,-0.0505796,-8.67407
323.95,-0.0505785,-8.6766
324.0,-0.0505963,-8.67913
324.05,-0.0506006,-8.68166
324.1,-0.0506094,-8.68419
324.15,-0.0506162,-8.68672
324.2,-0.0506294,-8.68925
324.25,-0.050622,-8.69179
324.3,-0.05062,-8.69432
324.35,-0.050619,-8.69685
324.4,-0.0506197,-8.69938
324.45,-0.0506168,-8.70191
324.5,-0.0506357,-8.70444
324.55,-0.05064,-8.70697
324.6,-0.0506471,-8.70951
324.65,-0.0506672,-8.71204
324.7,-0.0506725,-8.71457
324.75,-0.0506829,-8.71711
324.8,-0.0506793,-8.71964
324.85,-0.0506887,-8.72217
324.9,-0.0506915,-8.72471
324.95,-0.0507113,-8.72725
325.0,-0.0507271,-8.72978
325.05,-0.0507274,-8.73232
325.1,-0.0507357,-8.73485
325.15,-0.0507249,-8.73739
325.2,-0.0507329,-8.73993
325.25,-0.0507444,-8.74247
325.3,-0.050746,-8.745
325.35,-0.0507498,-8.74754
325.4,-0.0507713,-8.75008
325.45,-0.0507755,-8.75262
325.5,-0.0507799,-8.75516
325.55,-0.0507965,-8.7577
325.6,-0.0507944,-8.76024
325.65,-0.0508049,-8.76278
325.7,-0.0508145,-8.76532
325.75,-0.0508244,-8.76786
325.8,-0.0508193,-8.7704
325.85,-0.0508196,-8.77294
325.9,-0.0508257,-8.77548
325.95,-0.0508427,-8.77802
326.0,-0.0508405,-8.78057
326.05,-0.0508518,-8.78311
326.1,-0.0508532,-8.78565
326.15,-0.0508602,-8.78819
326.2,-0.0508647,-8.79074
326.25,-0.0508642,-8.79328
326.3,-0.0508767,-8.79582
326.35,-0.0508837,-8.79837
326.4,-0.0508817,-8.80091
326.45,-0.050882,-8.80346
326.5,-0.0508795,-8.806
326.55,-0.0508823,-8.80854
326.6,-0.0508859,-8.81109
326.65,-0.050902,-8.81363
326.7,-0.0509153,-8.81618
326.75,-0.0509129,-8.81872
326.8,-0.0509135,-8.82127
326.85,-0.0509384,-8.82382
326.9,-0.0509407,-8.82636
326.95,-0.0509677,-8.82891
327.0,-0.0509633,-8.83146
327.05,-0.0509773,-8.83401
327.1,-0.0509776,-8.83656
327.15,-0.0509541,-8.83911
327.2,-0.0509675,-8.84165
327.25,-0.0509846,-8.8442
327.3,-0.0509843,-8.84675
327.35,-0.0510148,-8.8493
327.4,-0.051017,-8.85186
327.45,-0.0510163,-8.85441
327.5,-0.0510216,-8.85696
327.55,-0.0510222,-8.85951
327.6,-0.0510323,-8.86206
327.65,-0.0510346,-8.86461
327.7,-0.0510199,-8.86716
327.75,-0.0510277,-8.86971
327.8,-0.0510421,-8.87227
327.85,-0.0510425,-8.87482
327.9,-0.0510361,-8.87737
327.95,-0.051059,-8.87992
328.0,-0.0510963,-8.88248
328.05,-0.0510877,-8.88503
328.1,-0.051099,-8.88759
328.15,-0.0510758,-8.89014
328.2,-0.0510924,-8.8927
328.25,-0.0511002,-8.89525
328.3,-0.0510976,-8.89781
328.35,-0.0511084,-8.90036
328.4,-0.05112,-8.90292
328.45,-0.0511298,-8.90547
328.5,-0.0511579,-8.90803
328.55,-0.0511464,-8.91059
328.6,-0.0511477,-8.91315
328.65,-0.0511657,-8.9157
328.7,-0.0511659,-8.91826
328.75,-0.0511673,-8.92082
328.8,-0.0511735,-8.92338
328.85,-0.0511775,-8.92594
328.9,-0.0511877,-8.9285
328.95,-0.051218,-8.93106
329.0,-0.0512179,-8.93362
329.05,-0.051243,-8.93618
329.1,-0.0512389,-8.93874
329.15,-0.0512216,-8.9413
329.2,-0.0512401,-8.94387
329.25,-0.0512577,-8.94643
329.3,-0.0512558,-8.94899
329.35,-0.0512727,-8.95156
329.4,-0.0512681,-8.95412
329.45,-0.0512687,-8.95668
329.5,-0.051283,-8.95925
329.55,-0.0512843,-8.96181
329.6,-0.0512811,-8.96437
329.65,-0.051292,-8.96694
329.7,-0.0512919,-8.9695
329.75,-0.0512984,-8.97207
329.8,-0.0513055,-8.97463
329.85,-0.0513194,-8.9772
329.9,-0.0513339,-8.97977
329.95,-0.0513413,-8.98233
330.0,-0.0513425,-8.9849
330.05,-0.0513463,-8.98747
330.1,-0.0513479,-8.99004
330.15,-0.0513474,-8.9926
330.2,-0.0513463,-8.99517
330.25,-0.0513602,-8.99774
330.3,-0.0513576,-9.00031
330.35,-0.0513621,-9.00287
330.4,-0.0513813,-9.00544
330.45,-0.0513839,-9.00801
330.5,-0.0514084,-9.01058
330.55,-0.051414,-9.01315
330.6,-0.0514091,-9.01572
330.65,-0.051413,-9.0183
330.7,-0.0514237,-9.02087
330.75,-0.0514246,-9.02344
330.8,-0.0514376,-9.02601
330.85,-0.0514433,-9.02858
330.9,-0.051457,-9.03115
330.95,-0.0514737,-9.03373
331.0,-0.0514723,-9.0363
331.05,-0.0514668,-9.03887
331.1,-0.0514771,-9.04145
331.15,-0.0514803,-9.04402
331.2,-0.051489,-9.0466
331.25,-0.0514989,-9.04917
331.3,-0.0515058,-9.05175
331.35,-0.0515181,-9.05432
331.4,-0.0515464,-9.0569
331.45,-0.0515434,-9.05948
331.5,-0.0515422,-9.06206
331.55,-0.0515713,-9.06463
331.6,-0.0515729,-9.06721
331.65,-0.0515666,-9.06979
331.7,-0.0515681,-9.07237
331.75,-0.0515825,-9.07495
331.8,-0.0515756,-9.07753
331.85,-0.0515894,-9.08011
331.9,-0.0516042,-9.08269
331.95,-0.0516112,-9.08527
332.0,-0.0516209,-9.08785
332.05,-0.051608,-9.09043
332.1,-0.051617,-9.09301
332.15,-0.0516298,-9.09559
332.2,-0.0516333,-9.09817
332.25,-0.051649,-9.10075
332.3,-0.0516632,-9.10334
332.35,-0.051681,-9.10592
332.4,-0.0516756,-9.10851
332.45,-0.0516599,-9.11109
332.5,-0.0516689,-9.11367
332.55,-0.051678,-9.11626
332.6,-0.0516854,-9.11884
332.65,-0.0517007,-9.12143
332.7,-0.0517015,-9.12401
332.75,-0.05172,-9.1266
332.8,-0.0517285,-9.12918
332.85,-0.0517273,-9.13177
332.9,-0.0517391,-9.13436
332.95,-0.0517457,-9.13694
333.0,-0.0517475,-9.13953
333.05,-0.0517511,-9.14212
333.1,-0.0517538,-9.14471
333.15,-0.0517753,-9.14729
333.2,-0.0517782,-9.14988
333.25,-0.0517797,-9.15247
333.3,-0.0517961,-9.15506
333.35,-0.0517923,-9.15765
333.4,-0.0518053,-9.16024
333.45,-0.051794,-9.16283
333.5,-0.0517904,-9.16542
333.55,-0.0517914,-9.16801
333.6,-0.0518017,-9.1706
333.65,-0.0518073,-9.17319
333.7,-0.0518212,-9.17578
333.75,-0.0518238,-9.17837
333.8,-0.0518316,-9.18097
333.85,-0.0518434,-9.18356
333.9,-0.0518503,-9.18615
333.95,-0.0518541,-9.18874
334.0,-0.051851,-9.19134
334.05,-0.0518529,-9.19393
334.1,-0.0518638,-9.19652
334.15,-0.0518603,-9.19911
334.2,-0.0518682,-9.20171
334.25,-0.0518911,-9.2043
334.3,-0.0518918,-9.2069
334.35,-0.0518943,-9.20949
334.4,-0.0518895,-9.21209
334.45,-0.0519027,-9.21468
334.5,-0.0519133,-9.21728
334.55,-0.0519034,-9.21987
334.6,-0.0519274,-9.22247
334.65,-0.0519431,-9.22507
334.7,-0.0519463,-9.22766
334.75,-0.0519543,-9.23026
334.8,-0.0519424,-9.23286
334.85,-0.0519585,-9.23546
334.9,-0.0519743,-9.23805
334.95,-0.0519661,-9.24065
335.0,-0.0519756,-9.24325
335.05,-0.0519894,-9.24585
335.1,-0.0519877,-9.24845
335.15,-0.0519703,-9.25105
335.2,-0.0519937,-9.25365
335.25,-0.0520092,-9.25625
335.3,-0.0520026,-9.25885
335.35,-0.0519981,-9.26145
335.4,-0.0520099,-9.26405
335.45,-0.0520091,-9.26665
335.5,-0.0520234,-9.26925
335.55,-0.0520232,-9.27185
335.6,-0.0520301,-9.27445
335.65,-0.0520497,-9.27706
335.7,-0.0520527,-9.27966
335.75,-0.0520558,-9.28226
335.8,-0.0520497,-9.28486
335.85,-0.0520383,-9.28747
335.9,-0.052036,-9.29007
335.95,-0.0520825,-9.29267
336.0,-0.0520882,-9.29528
336.05,-0.0520984,-9.29788
336.1,-0.052089,-9.30049
336.15,-0.0520827,-9.30309
336.2,-0.0520852,-9.30569
336.25,-0.0520892,-9.3083
336.3,-0.0520918,-9.3109
336.35,-0.052113,-9.31351
336.4,-0.0521267,-9.31612
336.45,-0.0521373,-9.31872
336.5,-0.0521315,-9.32133
336.55,-0.0521571,-9.32394
336.6,-0.0521813,-9.32655
336.65,-0.0521776,-9.32915
336.7,-0.0521874,-9.33176
336.75,-0.0521845,-9.33437
336.8,-0.0521737,-9.33698
336.85,-0.0521944,-9.33959
336.9,-0.0521949,-9.3422
336.95,-0.0521992,-9.34481
337.0,-0.0522196,-9.34742
337.05,-0.0521958,-9.35003
337.1,-0.0522216,-9.35264
337.15,-0.0522104,-9.35525
337.2,-0.052219,-9.35786
337.25,-0.0522255,-9.36048
337.3,-0.052211,-9.36309
337.35,-0.0522275,-9.3657
337.4,-0.0522517,-9.36831
337.45,-0.0522469,-9.37092
337.5,-0.0522764,-9.37354
337.55,-0.0522841,-9.37615
337.6,-0.0522871,-9.37877
337.65,-0.0522843,-9.38138
337.7,-0.0522783,-9.38399
337.75,-0.0522802,-9.38661
337.8,-0.0522976,-9.38922
337.85,-0.0522952,-9.39184
337.9,-0.0523267,-9.39445
337.95,-0.0523326,-9.39707
338.0,-0.0523298,-9.39969
338.05,-0.0523325,-9.4023
338.1,-0.0523309,-9.40492
338.15,-0.052326,-9.40754
338.2,-0.0523448,-9.41015
338.25,-0.0523441,-9.41277
338.3,-0.0523603,-9.41539
338.35,-0.0523658,-9.41801
338.4,-0.0523745,-9.42063
338.45,-0.0523789,-9.42324
338.5,-0.0523832,-9.42586
338.55,-0.0523887,-9.42848
338.6,-0.0523784,-9.4311
338.65,-0.0523894,-9.43372
338.7,-0.0523969,-9.43634
338.75,-0.0524136,-9.43896
338.8,-0.0524079,-9.44158
338.85,-0.0524307,-9.4442
338.9,-0.0524378,-9.44683
338.95,-0.0524582,-9.44945
339.0,-0.0524658,-9.45207
339.05,-0.0524678,-9.4547
339.1,-0.052465,-9.45732
339.15,-0.0524673,-9.45994
339.2,-0.0524705,-9.46257
339.25,-0.0524952,-9.46519
339.3,-0.0524905,-9.46781
339.35,-0.0525125,-9.47044
339.4,-0.052516,-9.47307
339.45,-0.0525339,-9.47569
339.5,-0.0525315,-9.47832
339.55,-0.0525258,-9.48095
339.6,-0.0525297,-9.48357
339.65,-0.0525314,-9.4862
339.7,-0.0525355,-9.48883
339.75,-0.0525565,-9.49145
339.8,-0.0525704,-9.49408
339.85,-0.0525667,-9.49671
339.9,-0.0525646,-9.49934
339.95,-0.052573,-9.50197
340.0,-0.0525845,-9.5046
340.05,-0.0525867,-9.50723
340.1,-0.0525816,-9.50986
340.15,-0.0525938,-9.51248
340.2,-0.0526118,-9.51511
340.25,-0.052645,-9.51775
340.3,-0.0526717,-9.52038
340.35,-0.0526749,-9.52302
340.4,-0.0526843,-9.52565
340.45,-0.0526796,-9.52828
340.5,-0.0526854,-9.53092
340.55,-0.0526886,-9.53355
340.6,-0.0527,-9.53619
340.65,-0.0527095,-9.53882
340.7,-0.0527236,-9.54146
340.75,-0.0527259,-9.54409
340.8,-0.0527314,-9.54673
340.85,-0.0527549,-9.54937
340.9,-0.0527303,-9.55201
340.95,-0.052745,-9.55464
341.0,-0.0527509,-9.55728
341.05,-0.0527648,-9.55992
341.1,-0.0529749,-9.56257
341.15,-0.05294,-9.56521
341.2,-0.0529301,-9.56786
341.25,-0.0529375,-9.57051
341.3,-0.0529239,-9.57315
341.35,-0.0529433,-9.5758
341.4,-0.0529475,-9.57845
341.45,-0.0529568,-9.5811
341.5,-0.0529512,-9.58374
341.55,-0.0529444,-9.58639
341.6,-0.0529529,-9.58904
341.65,-0.0529543,-9.59169
341.7,-0.0529538,-9.59433
341.75,-0.0529584,-9.59698
341.8,-0.0529557,-9.59963
341.85,-0.0529661,-9.60228
341.9,-0.052978,-9.60493
341.95,-0.052978,-9.60758
342.0,-0.0529913,-9.61023
342.05,-0.053,-9.61287
342.1,-0.0529949,-9.61553
342.15,-0.0530014,-9.61818
342.2,-0.052999,-9.62082
342.25,-0.0530107,-9.62348
342.3,-0.0530331,-9.62613
342.35,-0.0530192,-9.62878
342.4,-0.0530283,-9.63143
342.45,-0.0530179,-9.63408
342.5,-0.0530274,-9.63673
342.55,-0.0530346,-9.63938
342.6,-0.0530461,-9.64204
342.65,-0.0530421,-9.64469
342.7,-0.0530437,-9.64734
342.75,-0.0530464,-9.64999
342.8,-0.0530498,-9.65265
342.85,-0.0530533,-9.6553
342.9,-0.0530606,-9.65795
342.95,-0.0530778,-9.6606
343.0,-0.053064,-9.66326
343.05,-0.0530746,-9.66591
343.1,-0.0530877,-9.66857
343.15,-0.0530893,-9.67122
343.2,-0.0530935,-9.67387
343.25,-0.0531109,-9.67653
343.3,-0.0531249,-9.67919
343.35,-0.0531268,-9.68184
343.4,-0.0531245,-9.6845
343.45,-0.0531394,-9.68716
343.5,-0.0531462,-9.68981
343.55,-0.0531489,-9.69247
343.6,-0.053153,-9.69513
343.65,-0.0531405,-9.69779
343.7,-0.0531568,-9.70044
343.75,-0.0531806,-9.7031
343.8,-0.0531883,-9.70576
343.85,-0.0532205,-9.70842
343.9,-0.0532235,-9.71108
343.95,-0.0532282,-9.71375
344.0,-0.053247,-9.71641
344.05,-0.0532275,-9.71907
344.1,-0.0532394,-9.72173
344.15,-0.0532501,-9.72439
344.2,-0.053235,-9.72706
344.25,-0.0532525,-9.72972
344.3,-0.0532551,-9.73238
344.35,-0.0532668,-9.73504
344.4,-0.0532718,-9.73771
344.45,-0.0532802,-9.74037
344.5,-0.0532766,-9.74304
344.55,-0.0532872,-9.7457
344.6,-0.0532861,-9.74836
344.65,-0.0532875,-9.75103
344.7,-0.0532917,-9.75369
344.75,-0.0532999,-9.75636
344.8,-0.0533154,-9.75902
344.85,-0.0533336,-9.76169
344.9,-0.0533441,-9.76436
344.95,-0.053345,-9.76702
345.0,-0.0533534,-9.76969
345.05,-0.0533609,-9.77236
345.1,-0.0533621,-9.77503
345.15,-0.0533791,-9.7777
345.2,-0.0533855,-9.78037
345.25,-0.0533898,-9.78304
345.3,-0.053406,-9.78571
345.35,-0.0534135,-9.78838
345.4,-0.0534174,-9.79105
345.45,-0.0534447,-9.79372
345.5,-0.0534425,-9.79639
345.55,-0.05346,-9.79907
345.6,-0.0534655,-9.80174
345.65,-0.0534673,-9.80441
345.7,-0.0534802,-9.80709
345.75,-0.0534771,-9.80976
345.8,-0.0534934,-9.81244
345.85,-0.0534979,-9.81511
345.9,-0.0534974,-9.81779
345.95,-0.0534982,-9.82046
346.0,-0.0535125,-9.82314
346.05,-0.0535239,-9.82581
346.1,-0.0535353,-9.82849
346.15,-0.0535279,-9.83117
346.2,-0.0535496,-9.83384
346.25,-0.0535539,-9.83652
346.3,-0.0535561,-9.8392
346.35,-0.053565,-9.84188
346.4,-0.0535822,-9.84455
346.45,-0.0535824,-9.84723
346.5,-0.0535974,-9.84991
346.55,-0.053599,-9.85259
346.6,-0.0536094,-9.85528
346.65,-0.053596,-9.85795
346.7,-0.0535955,-9.86063
346.75,-0.0536132,-9.86331
346.8,-0.0536315,-9.866
346.85,-0.0536262,-9.86868
346.9,-0.0536411,-9.87136
346.95,-0.0536616,-9.87404
347.0,-0.0536677,-9.87673
347.05,-0.0536641,-9.87941
347.1,-0.0536666,-9.88209
347.15,-0.0536821,-9.88478
347.2,-0.0536866,-9.88746
347.25,-0.0536894,-9.89015
347.3,-0.0536862,-9.89283
347.35,-0.0537007,-9.89552
347.4,-0.0537122,-9.8982
347.45,-0.0537158,-9.90089
347.5,-0.0537202,-9.90357
347.55,-0.0537384,-9.90626
347.6,-0.0537342,-9.90895
347.65,-0.053741,-9.91163
347.7,-0.053757,-9.91432
347.75,-0.0537595,-9.91701
347.8,-0.0537807,-9.9197
347.85,-0.0537868,-9.92239
347.9,-0.0537856,-9.92508
347.95,-0.0538089,-9.92777
348.0,-0.0538119,-9.93046
348.05,-0.0538263,-9.93315
348.1,-0.0538257,-9.93584
348.15,-0.0538212,-9.93853
348.2,-0.0538258,-9.94122
348.25,-0.0538269,-9.94391
348.3,-0.053823,-9.9466
348.35,-0.0538518,-9.9493
348.4,-0.0538684,-9.95199
348.45,-0.0538849,-9.95469
348.5,-0.0538766,-9.95738
348.55,-0.053887,-9.96007
348.6,-0.053897,-9.96277
348.65,-0.0538844,-9.96546
348.7,-0.053903,-9.96816
348.75,-0.0539168,-9.97085
348.8,-0.0539271,-9.97355
348.85,-0.0539304,-9.97625
348.9,-0.0539321,-9.97894
348.95,-0.0539415,-9.98164
349.0,-0.0539588,-9.98434
349.05,-0.0539456,-9.98704
349.1,-0.0539523,-9.98973
349.15,-0.053968,-9.99243
349.2,-0.0539755,-9.99513
349.25,-0.0539835,-9.99783
349.3,-0.0540003,-10.0005
349.35,-0.0540123,-10.0032
349.4,-0.0540169,-10.0059
349.45,-0.0540369,-10.0086
349.5,-0.0540339,-10.0113
349.55,-0.0540421,-10.014
349.6,-0.0540601,-10.0167
349.65,-0.0540692,-10.0194
349.7,-0.0540798,-10.0221
349.75,-0.0540813,-10.0249
349.8,-0.0541015,-10.0276
349.85,-0.0541202,-10.0303
349.9,-0.0541255,-10.033
349.95,-0.0541275,-10.0357
350.0,-0.0541229,-10.0384
350.05,-0.0541285,-10.0411
350.1,-0.054133,-10.0438
350.15,-0.0541447,-10.0465
350.2,-0.0541617,-10.0492
350.25,-0.0541555,-10.0519
350.3,-0.054163,-10.0546
350.35,-0.0541853,-10.0573
350.4,-0.0541804,-10.06
350.45,-0.0542061,-10.0628
350.5,-0.0542127,-10.0655
350.55,-0.054218,-10.0682
350.6,-0.0542268,-10.0709
350.65,-0.0542368,-10.0736
350.7,-0.0542468,-10.0763
350.75,-0.0542674,-10.079
350.8,-0.0542807,-10.0817
350.85,-0.0542948,-10.0845
350.9,-0.0542933,-10.0872
350.95,-0.0542999,-10.0899
351.0,-0.0543073,-10.0926
351.05,-0.0543071,-10.0953
351.1,-0.0543137,-10.098
351.15,-0.0543066,-10.1007
351.2,-0.0543203,-10.1035
351.25,-0.0543405,-10.1062
351.3,-0.0543432,-10.1089
351.35,-0.0543635,-10.1116
351.4,-0.0543862,-10.1143
351.45,-0.0543846,-10.1171
351.5,-0.0544026,-10.1198
351.55,-0.0543954,-10.1225
351.6,-0.0544032,-10.1252
351.65,-0.0544121,-10.1279
351.7,-0.0544456,-10.1307
351.75,-0.0544404,-10.1334
351.8,-0.0544561,-10.1361
351.85,-0.0544428,-10.1388
351.9,-0.0544526,-10.1415
351.95,-0.0544524,-10.1443
352.0,-0.054458,-10.147
352.05,-0.0544704,-10.1497
352.1,-0.0544888,-10.1524
352.15,-0.0545006,-10.1552
352.2,-0.0545084,-10.1579
352.25,-0.0545138,-10.1606
352.3,-0.0545296,-10.1633
352.35,-0.0545375,-10.1661
352.4,-0.0545255,-10.1688
352.45,-0.0545498,-10.1715
352.5,-0.0545627,-10.1742
352.55,-0.0545534,-10.177
352.6,-0.0545589,-10.1797
352.65,-0.0545603,-10.1824
352.7,-0.0545681,-10.1852
352.75,-0.0545728,-10.1879
352.8,-0.0545767,-10.1906
352.85,-0.0545882,-10.1933
352.9,-0.0545936,-10.1961
352.95,-0.0546098,-10.1988
353.0,-0.0546115,-10.2015
353.05,-0.054621,-10.2043
353.1,-0.0546208,-10.207
353.15,-0.0546289,-10.2097
353.2,-0.0546294,-10.2125
353.25,-0.0546504,-10.2152
353.3,-0.0546473,-10.2179
353.35,-0.0546559,-10.2207
353.4,-0.0546623,-10.2234
353.45,-0.0546619,-10.2261
353.5,-0.0546783,-10.2289
353.55,-0.0546897,-10.2316
353.6,-0.0546862,-10.2343
353.65,-0.0546925,-10.2371
353.7,-0.0547092,-10.2398
353.75,-0.05472,-10.2425
353.8,-0.0547309,-10.2453
353.85,-0.0547344,-10.248
353.9,-0.0547329,-10.2507
353.95,-0.0547469,-10.2535
354.0,-0.0547621,-10.2562
354.05,-0.0547715,-10.259
354.1,-0.0547622,-10.2617
354.15,-0.0547804,-10.2644
354.2,-0.0547835,-10.2672
354.25,-0.0547898,-10.2699
354.3,-0.0548035,-10.2727
354.35,-0.0548047,-10.2754
354.4,-0.0548289,-10.2781
354.45,-0.0548184,-10.2809
354.5,-0.0548301,-10.2836
354.55,-0.054848,-10.2864
354.6,-0.0548543,-10.2891
354.65,-0.0548716,-10.2918
354.7,-0.0548743,-10.2946
354.75,-0.0548708,-10.2973
354.8,-0.0548727,-10.3001
354.85,-0.0548837,-10.3028
354.9,-0.0548875,-10.3056
354.95,-0.0549008,-10.3083
355.0,-0.0549105,-10.3111
355.05,-0.0549184,-10.3138
355.1,-0.0549221,-10.3166
355.15,-0.0549242,-10.3193
355.2,-0.0549258,-10.322
355.25,-0.0549389,-10.3248
355.3,-0.0549402,-10.3275
355.35,-0.0549602,-10.3303
355.4,-0.0549608,-10.333
355.45,-0.05497,-10.3358
355.5,-0.0549797,-10.3385
355.55,-0.0549968,-10.3413
355.6,-0.0550018,-10.344
355.65,-0.054998,-10.3468
355.7,-0.0550154,-10.3495
355.75,-0.0550077,-10.3523
355.8,-0.0550163,-10.355
355.85,-0.0550219,-10.3578
355.9,-0.0550331,-10.3605
355.95,-0.0550399,-10.3633
356.0,-0.0550457,-10.366
356.05,-0.0550422,-10.3688
356.1,-0.0550466,-10.3715
356.15,-0.0550554,-10.3743
356.2,-0.0550669,-10.3771
356.25,-0.0550712,-10.3798
356.3,-0.0550723,-10.3826
356.35,-0.0550814,-10.3853
356.4,-0.0550906,-10.3881
356.45,-0.0550947,-10.3908
356.5,-0.0550915,-10.3936
356.55,-0.0551027,-10.3963
356.6,-0.0551139,-10.3991
356.65,-0.0551338,-10.4018
356.7,-0.0551311,-10.4046
356.75,-0.0551446,-10.4074
356.8,-0.0551506,-10.4101
356.85,-0.0551676,-10.4129
356.9,-0.055154,-10.4156
356.95,-0.0551792,-10.4184
357.0,-0.0551777,-10.4211
357.05,-0.0551809,-10.4239
357.1,-0.0551856,-10.4267
357.15,-0.0551977,-10.4294
357.2,-0.0552111,-10.4322
357.25,-0.055218,-10.4349
357.3,-0.0552264,-10.4377
357.35,-0.0552465,-10.4405
357.4,-0.0552556,-10.4432
357.45,-0.0552508,-10.446
357.5,-0.0552446,-10.4488
357.55,-0.0552557,-10.4515
357.6,-0.0552546,-10.4543
357.65,-0.0552741,-10.457
357.7,-0.0552804,-10.4598
357.75,-0.0552987,-10.4626
357.8,-0.0553127,-10.4653
357.85,-0.0552955,-10.4681
357.9,-0.0553018,-10.4709
357.95,-0.0553156,-10.4736
358.0,-0.055323,-10.4764
358.05,-0.05534,-10.4792
358.1,-0.0553407,-10.4819
358.15,-0.0553507,-10.4847
358.2,-0.0553657,-10.4875
358.25,-0.0553593,-10.4902
358.3,-0.0553582,-10.493
358.35,-0.0553717,-10.4958
358.4,-0.0553794,-10.4985
358.45,-0.055372,-10.5013
358.5,-0.0553894,-10.5041
358.55,-0.0553991,-10.5069
358.6,-0.0553944,-10.5096
358.65,-0.055406,-10.5124
358.7,-0.0554142,-10.5152
358.75,-0.0554162,-10.5179
358.8,-0.0554315,-10.5207
358.85,-0.055423,-10.5235
358.9,-0.0554322,-10.5263
358.95,-0.0554382,-10.529
359.0,-0.0554343,-10.5318
359.05,-0.055438,-10.5346
359.1,-0.0554645,-10.5373
359.15,-0.0554671,-10.5401
359.2,-0.0554748,-10.5429
359.25,-0.0554784,-10.5457
359.3,-0.0555001,-10.5484
359.35,-0.0554949,-10.5512
359.4,-0.0554921,-10.554
359.45,-0.0555131,-10.5568
359.5,-0.0555242,-10.5595
359.55,-0.055524,-10.5623
359.6,-0.0555369,-10.5651
359.65,-0.0555324,-10.5679
359.7,-0.0555381,-10.5706
359.75,-0.0555498,-10.5734
359.8,-0.0555476,-10.5762
359.85,-0.0555582,-10.579
359.9,-0.0555604,-10.5818
359.95,-0.0555579,-10.5845
360.0,-0.0555805,-10.5873
360.05,-0.0555895,-10.5901
360.1,-0.0555789,-10.5929
360.15,-0.0555807,-10.5956
360.2,-0.0555914,-10.5984
360.25,-0.0556042,-10.6012
360.3,-0.0556096,-10.604
360.35,-0.0556166,-10.6068
360.4,-0.0556224,-10.6096
360.45,-0.055647,-10.6123
360.5,-0.0556456,-10.6151
360.55,-0.0556447,-10.6179
360.6,-0.0556328,-10.6207
360.65,-0.0556451,-10.6235
360.7,-0.0556432,-10.6262
360.75,-0.0556516,-10.629
360.8,-0.0556465,-10.6318
360.85,-0.055664,-10.6346
360.9,-0.055679,-10.6374
360.95,-0.0556833,-10.6402
361.0,-0.0556882,-10.6429
361.05,-0.0556861,-10.6457
361.1,-0.0556828,-10.6485
361.15,-0.0556853,-10.6513
361.2,-0.0557044,-10.6541
361.25,-0.0557065,-10.6569
361.3,-0.0557179,-10.6597
361.35,-0.055716,-10.6624
361.4,-0.0557224,-10.6652
361.45,-0.0557057,-10.668
361.5,-0.0557135,-10.6708
361.55,-0.0557155,-10.6736
361.6,-0.0557279,-10.6764
361.65,-0.0557375,-10.6792
361.7,-0.0557439,-10.6819
361.75,-0.055736,-10.6847
361.8,-0.0557561,-10.6875
361.85,-0.0557645,-10.6903
361.9,-0.0557629,-10.6931
361.95,-0.0557894,-10.6959
362.0,-0.0557793,-10.6987
362.05,-0.0557839,-10.7015
362.1,-0.0557788,-10.7043
362.15,-0.0557848,-10.707
362.2,-0.0557891,-10.7098
362.25,-0.0557923,-10.7126
362.3,-0.0557842,-10.7154
362.35,-0.0558044,-10.7182
362.4,-0.0558177,-10.721
362.45,-0.0558199,-10.7238
362.5,-0.0558276,-10.7266
362.55,-0.05583,-10.7294
362.6,-0.0558425,-10.7322
362.65,-0.0558428,-10.7349
362.7,-0.0558359,-10.7377
362.75,-0.055855,-10.7405
362.8,-0.0558591,-10.7433
362.85,-0.0558532,-10.7461
362.9,-0.0558684,-10.7489
362.95,-0.0558713,-10.7517
363.0,-0.0558843,-10.7545
363.05,-0.0558986,-10.7573
363.1,-0.0558952,-10.7601
363.15,-0.0559103,-10.7629
363.2,-0.0559054,-10.7657
363.25,-0.0559132,-10.7685
363.3,-0.055919,-10.7713
363.35,-0.0559326,-10.7741
363.4,-0.0559272,-10.7769
363.45,-0.055938,-10.7797
363.5,-0.0559248,-10.7825
363.55,-0.0559447,-10.7853
363.6,-0.0559521,-10.7881
363.65,-0.0559714,-10.7909
363.7,-0.0559929,-10.7937
363.75,-0.0559922,-10.7964
363.8,-0.0560047,-10.7993
363.85,-0.0560048,-10.8021
363.9,-0.0560231,-10.8049
363.95,-0.0560183,-10.8077
364.0,-0.0560183,-10.8105
364.05,-0.0560488,-10.8133
364.1,-0.0560712,-10.8161
364.15,-0.0560588,-10.8189
364.2,-0.0560647,-10.8217
364.25,-0.0560805,-10.8245
364.3,-0.0560737,-10.8273
364.35,-0.0560812,-10.8301
364.4,-0.0560906,-10.8329
364.45,-0.0560774,-10.8357
364.5,-0.056108,-10.8385
364.55,-0.0561244,-10.8413
364.6,-0.0561141,-10.8441
364.65,-0.0561226,-10.8469
364.7,-0.0561172,-10.8497
364.75,-0.0561238,-10.8525
364.8,-0.0561352,-10.8553
364.85,-0.0561383,-10.8581
364.9,-0.0561575,-10.8609
364.95,-0.0561724,-10.8638
365.0,-0.0561699,-10.8666
365.05,-0.056176,-10.8694
365.1,-0.0561898,-10.8722
365.15,-0.0562025,-10.875
365.2,-0.0561906,-10.8778
365.25,-0.0561956,-10.8806
365.3,-0.0562283,-10.8834
365.35,-0.0562182,-10.8862
365.4,-0.0562198,-10.889
365.45,-0.0562284,-10.8919
365.5,-0.0562326,-10.8947
365.55,-0.0562421,-10.8975
365.6,-0.0562497,-10.9003
365.65,-0.0562554,-10.9031
365.7,-0.056267,-10.9059
365.75,-0.0562667,-10.9087
365.8,-0.0562828,-10.9115
365.85,-0.0562955,-10.9144
365.9,-0.0563025,-10.9172
365.95,-0.0563096,-10.92
366.0,-0.056318,-10.9228
366.05,-0.0563143,-10.9256
366.1,-0.0563407,-10.9284
366.15,-0.056352,-10.9313
366.2,-0.0563562,-10.9341
366.25,-0.0563961,-10.9369
366.3,-0.056403,-10.9397
366.35,-0.0563978,-10.9425
366.4,-0.0563913,-10.9454
366.45,-0.0564029,-10.9482
366.5,-0.0564009,-10.951
366.55,-0.0564016,-10.9538
366.6,-0.056407,-10.9566
366.65,-0.0564169,-10.9595
366.7,-0.0564418,-10.9623
366.75,-0.0564531,-10.9651
366.8,-0.0564408,-10.9679
366.85,-0.0564712,-10.9707
366.9,-0.0564729,-10.9736
366.95,-0.0564688,-10.9764
367.0,-0.0564946,-10.9792
367.05,-0.0564991,-10.982
367.1,-0.0565063,-10.9849
367.15,-0.0565196,-10.9877
367.2,-0.0565123,-10.9905
367.25,-0.0565139,-10.9933
367.3,-0.0565265,-10.9962
367.35,-0.0565247,-10.999
367.4,-0.0565228,-11.0018
367.45,-0.0565325,-11.0046
367.5,-0.0565413,-11.0075
367.55,-0.0565512,-11.0103
367.6,-0.0565557,-11.0131
367.65,-0.0565551,-11.016
367.7,-0.0565751,-11.0188
367.75,-0.0565625,-11.0216
367.8,-0.0565762,-11.0244
367.85,-0.056586,-11.0273
367.9,-0.0566018,-11.0301
367.95,-0.0565988,-11.0329
368.0,-0.0566025,-11.0358
368.05,-0.0566062,-11.0386
368.1,-0.0566153,-11.0414
368.15,-0.0566134,-11.0443
368.2,-0.0566263,-11.0471
368.25,-0.0566236,-11.0499
368.3,-0.0566312,-11.0527
368.35,-0.0566544,-11.0556
368.4,-0.0566537,-11.0584
368.45,-0.0566552,-11.0612
368.5,-0.0566594,-11.0641
368.55,-0.0566835,-11.0669
368.6,-0.0566908,-11.0697
368.65,-0.0566933,-11.0726
368.7,-0.0567023,-11.0754
368.75,-0.0567099,-11.0783
368.8,-0.0567157,-11.0811
368.85,-0.0567328,-11.0839
368.9,-0.0567265,-11.0868
368.95,-0.0567331,-11.0896
369.0,-0.0567297,-11.0924
369.05,-0.0567399,-11.0953
369.1,-0.0567432,-11.0981
369.15,-0.0567644,-11.1009
369.2,-0.056762,-11.1038
369.25,-0.0567764,-11.1066
369.3,-0.0567712,-11.1095
369.35,-0.0567877,-11.1123
369.4,-0.0567967,-11.1151
369.45,-0.0567881,-11.118
369.5,-0.0568057,-11.1208
369.55,-0.0568174,-11.1237
369.6,-0.0568155,-11.1265
369.65,-0.0568429,-11.1293
369.7,-0.056845,-11.1322
369.75,-0.0568391,-11.135
369.8,-0.0568581,-11.1379
369.85,-0.0568481,-11.1407
369.9,-0.0568592,-11.1436
369.95,-0.0568663,-11.1464
370.0,-0.0568685,-11.1492
370.05,-0.0568701,-11.1521
370.1,-0.0568736,-11.1549
370.15,-0.056898,-11.1578
370.2,-0.0569097,-11.1606
370.25,-0.0569059,-11.1635
370.3,-0.0569222,-11.1663
370.35,-0.0569337,-11.1692
370.4,-0.0569336,-11.172
370.45,-0.0569466,-11.1749
370.5,-0.0569623,-11.1777
370.55,-0.0569636,-11.1806
370.6,-0.0569764,-11.1834
370.65,-0.0569887,-11.1862
370.7,-0.0569748,-11.1891
370.75,-0.0570087,-11.1919
370.8,-0.0570237,-11.1948
370.85,-0.0570112,-11.1977
370.9,-0.0570238,-11.2005
370.95,-0.0570342,-11.2034
371.0,-0.0570358,-11.2062
371.05,-0.0570339,-11.2091
371.1,-0.0570539,-11.2119
371.15,-0.0570452,-11.2148
371.2,-0.0570468,-11.2176
371.25,-0.0570495,-11.2205
371.3,-0.0570473,-11.2233
371.35,-0.0570536,-11.2262
371.4,-0.0570787,-11.229
371.45,-0.0570646,-11.2319
371.5,-0.057077,-11.2347
371.55,-0.0570971,-11.2376
371.6,-0.0570874,-11.2404
371.65,-0.0571001,-11.2433
371.7,-0.0570913,-11.2462
371.75,-0.0571119,-11.249
371.8,-0.0571346,-11.2519
371.85,-0.0571298,-11.2547
371.9,-0.0571283,-11.2576
371.95,-0.0571383,-11.2604
372.0,-0.0571568,-11.2633
372.05,-0.0571656,-11.2661
372.1,-0.0571705,-11.269
372.15,-0.0571651,-11.2719
372.2,-0.057181,-11.2747
372.25,-0.0571795,-11.2776
372.3,-0.0571776,-11.2804
372.35,-0.057189,-11.2833
372.4,-0.0571863,-11.2862
372.45,-0.0572103,-11.289
372.5,-0.0572045,-11.2919
372.55,-0.057206,-11.2947
372.6,-0.0572183,-11.2976
372.65,-0.0572356,-11.3005
372.7,-0.057235,-11.3033
372.75,-0.0572343,-11.3062
372.8,-0.0572447,-11.3091
372.85,-0.0572592,-11.3119
372.9,-0.05727,-11.3148
372.95,-0.0572783,-11.3176
373.0,-0.0572738,-11.3205
373.05,-0.0572833,-11.3234
373.1,-0.0573019,-11.3262
373.15,-0.0573048,-11.3291
373.2,-0.0573,-11.332
373.25,-0.0573206,-11.3348
373.3,-0.0573101,-11.3377
373.35,-0.0573275,-11.3406
373.4,-0.0573281,-11.3434
373.45,-0.0573211,-11.3463
373.5,-0.0573668,-11.3492
373.55,-0.0573823,-11.352
373.6,-0.057369,-11.3549
373.65,-0.0573825,-11.3578
373.7,-0.0573933,-11.3606
373.75,-0.057412,-11.3635
373.8,-0.0573898,-11.3664
373.85,-0.0574144,-11.3693
373.9,-0.0574318,-11.3721
373.95,-0.0574321,-11.375
374.0,-0.0574357,-11.3779
374.05,-0.0574281,-11.3807
374.1,-0.0574542,-11.3836
374.15,-0.0574659,-11.3865
374.2,-0.0574666,-11.3894
374.25,-0.0574725,-11.3922
374.3,-0.0574857,-11.3951
374.35,-0.0574842,-11.398
374.4,-0.0574737,-11.4009
374.45,-0.0574749,-11.4037
374.5,-0.0574891,-11.4066
374.55,-0.0575159,-11.4095
374.6,-0.057537,-11.4124
374.65,-0.0575688,-11.4152
374.7,-0.0575628,-11.4181
374.75,-0.0575303,-11.421
374.8,-0.0575642,-11.4239
374.85,-0.0575786,-11.4267
374.9,-0.0575791,-11.4296
374.95,-0.0575711,-11.4325
375.0,-0.0575759,-11.4354
375.05,-0.0575802,-11.4383
375.1,-0.057604,-11.4411
375.15,-0.0575991,-11.444
375.2,-0.0576174,-11.4469
375.25,-0.0576465,-11.4498
375.3,-0.0576488,-11.4527
375.35,-0.0576411,-11.4555
375.4,-0.0576377,-11.4584
375.45,-0.0576462,-11.4613
375.5,-0.057646,-11.4642
375.55,-0.0576371,-11.4671
375.6,-0.0576483,-11.47
375.65,-0.0576669,-11.4728
375.7,-0.0576824,-11.4757
375.75,-0.0577054,-11.4786
375.8,-0.0577084,-11.4815
375.85,-0.0577184,-11.4844
375.9,-0.0577045,-11.4873
375.95,-0.0577098,-11.4902
376.0,-0.0577268,-11.493
376.05,-0.057723,-11.4959
376.1,-0.0577161,-11.4988
376.15,-0.0577484,-11.5017
376.2,-0.0577518,-11.5046
376.25,-0.0577691,-11.5075
376.3,-0.0577576,-11.5104
376.35,-0.057761,-11.5133
376.4,-0.0577794,-11.5161
376.45,-0.0577749,-11.519
376.5,-0.0577758,-11.5219
376.55,-0.0577922,-11.5248
376.6,-0.0578057,-11.5277
376.65,-0.057818,-11.5306
376.7,-0.0578457,-11.5335
376.75,-0.0578444,-11.5364
376.8,-0.0578399,-11.5393
376.85,-0.0578404,-11.5422
376.9,-0.0578411,-11.545
376.95,-0.0578413,-11.5479
377.0,-0.0578584,-11.5508
377.05,-0.0578674,-11.5537
377.1,-0.0578788,-11.5566
377.15,-0.0578881,-11.5595
377.2,-0.057902,-11.5624
377.25,-0.0579033,-11.5653
377.3,-0.057918,-11.5682
377.35,-0.0579244,-11.5711
377.4,-0.0579265,-11.574
377.45,-0.0579371,-11.5769
377.5,-0.0579265,-11.5798
377.55,-0.0579396,-11.5827
377.6,-0.0579662,-11.5856
377.65,-0.0579785,-11.5885
377.7,-0.0579758,-11.5914
377.75,-0.0579953,-11.5943
377.8,-0.0579967,-11.5972
377.85,-0.057997,-11.6001
377.9,-0.0579987,-11.603
377.95,-0.0579961,-11.6059
378.0,-0.0580117,-11.6088
378.05,-0.0580067,-11.6117
378.1,-0.058012,-11.6146
378.15,-0.0580391,-11.6175
378.2,-0.0580378,-11.6204
378.25,-0.0580512,-11.6233
378.3,-0.0580539,-11.6262
378.35,-0.0580685,-11.6291
378.4,-0.0580711,-11.632
378.45,-0.0580758,-11.6349
378.5,-0.0580876,-11.6378
378.55,-0.0581007,-11.6407
378.6,-0.058104,-11.6436
378.65,-0.0581146,-11.6465
378.7,-0.0581199,-11.6494
378.75,-0.0581283,-11.6523
378.8,-0.0581256,-11.6552
378.85,-0.0581346,-11.6581
378.9,-0.0581328,-11.6611
378.95,-0.0581439,-11.664
379.0,-0.0581507,-11.6669
379.05,-0.0581573,-11.6698
379.1,-0.0581807,-11.6727
379.15,-0.0581788,-11.6756
379.2,-0.0581792,-11.6785
379.25,-0.058175,-11.6814
379.3,-0.0581848,-11.6843
379.35,-0.0581851,-11.6872
379.4,-0.0581909,-11.6901
379.45,-0.058202,-11.693
379.5,-0.0582129,-11.696
379.55,-0.058223,-11.6989
379.6,-0.0582225,-11.7018
379.65,-0.0582224,-11.7047
379.7,-0.0582369,-11.7076
379.75,-0.0582355,-11.7105
379.8,-0.0582447,-11.7134
379.85,-0.0582524,-11.7163
379.9,-0.0582507,-11.7193
379.95,-0.0582614,-11.7222
380.0,-0.0582637,-11.7251
380.05,-0.0582613,-11.728
380.1,-0.058296,-11.7309
380.15,-0.058293,-11.7338
380.2,-0.0582937,-11.7367
380.25,-0.0583317,-11.7397
380.3,-0.0583352,-11.7426
380.35,-0.0583183,-11.7455
380.4,-0.0583098,-11.7484
380.45,-0.0583141,-11.7513
380.5,-0.0583413,-11.7542
380.55,-0.0583267,-11.7572
380.6,-0.0583367,-11.7601
380.65,-0.0583555,-11.763
380.7,-0.0583567,-11.7659
380.75,-0.0583681,-11.7688
380.8,-0.0583394,-11.7717
380.85,-0.0583436,-11.7747
380.9,-0.0583618,-11.7776
380.95,-0.0583473,-11.7805
381.0,-0.0583564,-11.7834
381.05,-0.0583808,-11.7863
381.1,-0.0583831,-11.7892
381.15,-0.0583829,-11.7922
381.2,-0.0583827,-11.7951
381.25,-0.0583949,-11.798
381.3,-0.0584217,-11.8009
381.35,-0.0583976,-11.8038
381.4,-0.0583918,-11.8068
381.45,-0.0584199,-11.8097
381.5,-0.058422,-11.8126
381.55,-0.0584128,-11.8155
381.6,-0.0584252,-11.8185
381.65,-0.0584528,-11.8214
381.7,-0.058451,-11.8243
381.75,-0.0584464,-11.8272
381.8,-0.0584481,-11.8301
381.85,-0.0584681,-11.8331
381.9,-0.0584768,-11.836
381.95,-0.058473,-11.8389
382.0,-0.058471,-11.8418
382.05,-0.0584932,-11.8448
382.1,-0.0584966,-11.8477
382.15,-0.058486,-11.8506
382.2,-0.0585037,-11.8535
382.25,-0.0585321,-11.8565
382.3,-0.0585263,-11.8594
382.35,-0.0585425,-11.8623
382.4,-0.0585495,-11.8652
382.45,-0.0585448,-11.8682
382.5,-0.0585746,-11.8711
382.55,-0.0585612,-11.874
382.6,-0.0585598,-11.877
382.65,-0.0585802,-11.8799
382.7,-0.0585817,-11.8828
382.75,-0.0585766,-11.8857
382.8,-0.0585945,-11.8887
382.85,-0.0585864,-11.8916
382.9,-0.0585787,-11.8945
382.95,-0.0585927,-11.8975
383.0,-0.0586061,-11.9004
383.05,-0.0586056,-11.9033
383.1,-0.0586158,-11.9062
383.15,-0.0586376,-11.9092
383.2,-0.0586327,-11.9121
383.25,-0.0586312,-11.915
383.3,-0.0586385,-11.918
383.35,-0.05865,-11.9209
383.4,-0.0586611,-11.9238
383.45,-0.0586506,-11.9268
383.5,-0.0586557,-11.9297
383.55,-0.0586699,-11.9326
383.6,-0.0586691,-11.9356
383.65,-0.0586687,-11.9385
383.7,-0.0586719,-11.9414
383.75,-0.0586866,-11.9444
383.8,-0.0586959,-11.9473
383.85,-0.0586841,-11.9502
383.9,-0.0586829,-11.9532
383.95,-0.0587048,-11.9561
384.0,-0.0587113,-11.959
384.05,-0.0586988,-11.962
384.1,-0.0587352,-11.9649
384.15,-0.058737,-11.9679
384.2,-0.0587541,-11.9708
384.25,-0.058762,-11.9737
384.3,-0.0587595,-11.9767
384.35,-0.0587792,-11.9796
384.4,-0.0587971,-11.9826
384.45,-0.0587908,-11.9855
384.5,-0.0587572,-11.9884
384.55,-0.0587887,-11.9914
384.6,-0.0588074,-11.9943
384.65,-0.0587933,-11.9972
384.7,-0.0588099,-12.0002
384.75,-0.0588364,-12.0031
384.8,-0.0588286,-12.0061
384.85,-0.0588328,-12.009
384.9,-0.0588241,-12.012
384.95,-0.0588312,-12.0149
385.0,-0.05885,-12.0178
385.05,-0.0588483,-12.0208
385.1,-0.0588519,-12.0237
385.15,-0.0588814,-12.0267
385.2,-0.0588819,-12.0296
385.25,-0.0588935,-12.0326
385.3,-0.0588998,-12.0355
385.35,-0.0589126,-12.0384
385.4,-0.0589133,-12.0414
385.45,-0.0589252,-12.0443
385.5,-0.0589264,-12.0473
385.55,-0.058928,-12.0502
385.6,-0.0589344,-12.0532
385.65,-0.0589588,-12.0561
385.7,-0.0589643,-12.0591
385.75,-0.0589782,-12.062
385.8,-0.0589694,-12.065
385.85,-0.058971,-12.0679
385.9,-0.0589799,-12.0709
385.95,-0.0589857,-12.0738
386.0,-0.0589991,-12.0768
386.05,-0.0590012,-12.0797
386.1,-0.0590102,-12.0827
386.15,-0.0590308,-12.0856
386.2,-0.0590298,-12.0886
386.25,-0.0590291,-12.0915
386.3,-0.0590583,-12.0945
386.35,-0.0590598,-12.0974
386.4,-0.0590597,-12.1004
386.45,-0.059078,-12.1033
386.5,-0.0590725,-12.1063
386.55,-0.0590655,-12.1092
386.6,-0.0590835,-12.1122
386.65,-0.0590967,-12.1152
386.7,-0.0591016,-12.1181
386.75,-0.0591108,-12.1211
386.8,-0.0591181,-12.124
386.85,-0.0591332,-12.127
386.9,-0.0591331,-12.1299
386.95,-0.0591359,-12.1329
387.0,-0.0591388,-12.1358
387.05,-0.0591475,-12.1388
387.1,-0.0591549,-12.1418
387.15,-0.0591678,-12.1447
387.2,-0.0591669,-12.1477
387.25,-0.0591754,-12.1506
387.3,-0.0591783,-12.1536
387.35,-0.0591942,-12.1566
387.4,-0.0591898,-12.1595
387.45,-0.0591971,-12.1625
387.5,-0.0592123,-12.1654
387.55,-0.0592139,-12.1684
387.6,-0.0592206,-12.1714
387.65,-0.0592347,-12.1743
387.7,-0.0592322,-12.1773
387.75,-0.0592299,-12.1802
387.8,-0.0592494,-12.1832
387.85,-0.0592548,-12.1862
387.9,-0.0592627,-12.1891
387.95,-0.0592664,-12.1921
388.0,-0.059279,-12.1951
388.05,-0.0592864,-12.198
388.1,-0.0592927,-12.201
388.15,-0.0593077,-12.204
388.2,-0.0593069,-12.2069
388.25,-0.059301,-12.2099
388.3,-0.0593155,-12.2128
388.35,-0.0593188,-12.2158
388.4,-0.0593171,-12.2188
388.45,-0.0593456,-12.2217
388.5,-0.0593453,-12.2247
388.55,-0.0593682,-12.2277
388.6,-0.0593598,-12.2306
388.65,-0.0593608,-12.2336
388.7,-0.0593766,-12.2366
388.75,-0.0593814,-12.2396
388.8,-0.0593934,-12.2425
388.85,-0.0594032,-12.2455
388.9,-0.0593976,-12.2485
388.95,-0.0594166,-12.2514
389.0,-0.0594058,-12.2544
389.05,-0.0594083,-12.2574
389.1,-0.0594406,-12.2603
389.15,-0.0594369,-12.2633
389.2,-0.0594462,-12.2663
389.25,-0.0594616,-12.2693
389.3,-0.0594576,-12.2722
389.35,-0.0594623,-12.2752
389.4,-0.0594725,-12.2782
389.45,-0.0594682,-12.2812
389.5,-0.0594727,-12.2841
389.55,-0.0594837,-12.2871
389.6,-0.0594818,-12.2901
389.65,-0.0594948,-12.2931
389.7,-0.0595032,-12.296
389.75,-0.0595007,-12.299
389.8,-0.0595024,-12.302
389.85,-0.0595177,-12.305
389.9,-0.0595223,-12.3079
389.95,-0.0595344,-12.3109
390.0,-0.0595462,-12.3139
390.05,-0.0595501,-12.3169
390.1,-0.0595523,-12.3198
390.15,-0.0595546,-12.3228
390.2,-0.0595535,-12.3258
390.25,-0.0595675,-12.3288
390.3,-0.0595771,-12.3318
390.35,-0.0595763,-12.3347
390.4,-0.0595875,-12.3377
390.45,-0.0595862,-12.3407
390.5,-0.0595736,-12.3437
390.55,-0.059593,-12.3467
390.6,-0.0595988,-12.3496
390.65,-0.0596099,-12.3526
390.7,-0.0596257,-12.3556
390.75,-0.0596176,-12.3586
390.8,-0.0596307,-12.3616
390.85,-0.0596409,-12.3645
390.9,-0.059638,-12.3675
390.95,-0.0596443,-12.3705
391.0,-0.0596495,-12.3735
391.05,-0.0596566,-12.3765
391.1,-0.05966,-12.3794
391.15,-0.0596647,-12.3824
391.2,-0.0596732,-12.3854
391.25,-0.0596821,-12.3884
391.3,-0.0596813,-12.3914
391.35,-0.0596956,-12.3944
391.4,-0.05971,-12.3974
391.45,-0.0597224,-12.4003
391.5,-0.0597117,-12.4033
391.55,-0.0597246,-12.4063
391.6,-0.0597372,-12.4093
391.65,-0.0597467,-12.4123
391.7,-0.0597665,-12.4153
391.75,-0.0597758,-12.4183
391.8,-0.0597856,-12.4213
391.85,-0.0597838,-12.4242
391.9,-0.0597825,-12.4272
391.95,-0.0597806,-12.4302
392.0,-0.0597907,-12.4332
392.05,-0.0598012,-12.4362
392.1,-0.0597957,-12.4392
392.15,-0.0598178,-12.4422
392.2,-0.0598101,-12.4452
392.25,-0.059813,-12.4482
392.3,-0.0598249,-12.4512
392.35,-0.0598364,-12.4541
392.4,-0.0598448,-12.4571
392.45,-0.0598462,-12.4601
392.5,-0.0598478,-12.4631
392.55,-0.0598542,-12.4661
392.6,-0.059856,-12.4691
392.65,-0.0598626,-12.4721
392.7,-0.059877,-12.4751
392.75,-0.0598749,-12.4781
392.8,-0.0598786,-12.4811
392.85,-0.0598878,-12.4841
392.9,-0.0599097,-12.4871
392.95,-0.0599158,-12.4901
393.0,-0.0599134,-12.4931
393.05,-0.0599341,-12.4961
393.1,-0.0599262,-12.4991
393.15,-0.0599293,-12.5021
393.2,-0.0599265,-12.505
393.25,-0.0599293,-12.508
393.3,-0.0599539,-12.511
393.35,-0.0599681,-12.514
393.4,-0.0599692,-12.517
393.45,-0.0599826,-12.52
393.5,-0.0599916,-12.523
393.55,-0.0600008,-12.526
393.6,-0.0600057,-12.529
393.65,-0.0600043,-12.532
393.7,-0.0600128,-12.535
393.75,-0.0600244,-12.538
393.8,-0.0600152,-12.541
393.85,-0.0600299,-12.544
393.9,-0.0600326,-12.547
393.95,-0.060041,-12.55
394.0,-0.0600361,-12.5531
394.05,-0.0600511,-12.5561
394.1,-0.0600623,-12.5591
394.15,-0.0600685,-12.5621
394.2,-0.0600716,-12.5651
394.25,-0.0600633,-12.5681
394.3,-0.0600758,-12.5711
394.35,-0.0600863,-12.5741
394.4,-0.060085,-12.5771
394.45,-0.0600963,-12.5801
394.5,-0.0601151,-12.5831
394.55,-0.0601075,-12.5861
394.6,-0.0601125,-12.5891
394.65,-0.0601166,-12.5921
394.7,-0.0601203,-12.5951
394.75,-0.060126,-12.5981
394.8,-0.0601366,-12.6011
394.85,-0.0601596,-12.6041
394.9,-0.0601659,-12.6071
394.95,-0.0601591,-12.6101
395.0,-0.0601554,-12.6132
395.05,-0.0601678,-12.6162
395.1,-0.0601639,-12.6192
395.15,-0.060172,-12.6222
395.2,-0.0601826,-12.6252
395.25,-0.060195,-12.6282
395.3,-0.0601906,-12.6312
395.35,-0.0601899,-12.6342
395.4,-0.0601998,-12.6372
395.45,-0.0602068,-12.6402
395.5,-0.0602178,-12.6433
395.55,-0.0602239,-12.6463
395.6,-0.0602199,-12.6493
395.65,-0.0602427,-12.6523
395.7,-0.0602521,-12.6553
395.75,-0.0602466,-12.6583
395.8,-0.0602625,-12.6613
395.85,-0.060265,-12.6643
395.9,-0.0602743,-12.6673
395.95,-0.0602777,-12.6704
396.0,-0.0602794,-12.6734
396.05,-0.0602825,-12.6764
396.1,-0.0602883,-12.6794
396.15,-0.0602968,-12.6824
396.2,-0.0603035,-12.6854
396.25,-0.0603261,-12.6885
396.3,-0.0603285,-12.6915
396.35,-0.0603371,-12.6945
396.4,-0.0603378,-12.6975
396.45,-0.0603494,-12.7005
396.5,-0.0603484,-12.7035
396.55,-0.0603621,-12.7066
396.6,-0.0603665,-12.7096
396.65,-0.0603872,-12.7126
396.7,-0.0603933,-12.7156
396.75,-0.0604013,-12.7186
396.8,-0.0604033,-12.7217
396.85,-0.0604092,-12.7247
396.9,-0.0604127,-12.7277
396.95,-0.0604156,-12.7307
397.0,-0.0604284,-12.7337
397.05,-0.0604531,-12.7368
397.1,-0.060442,-12.7398
397.15,-0.0604463,-12.7428
397.2,-0.0604572,-12.7458
397.25,-0.0604565,-12.7488
397.3,-0.0604551,-12.7519
397.35,-0.0604535,-12.7549
397.4,-0.0604624,-12.7579
397.45,-0.060465,-12.7609
397.5,-0.0604845,-12.764
397.55,-0.0605024,-12.767
397.6,-0.060514,-12.77
397.65,-0.0605179,-12.773
397.7,-0.0605184,-12.7761
397.75,-0.0605232,-12.7791
397.8,-0.0605208,-12.7821
397.85,-0.0605198,-12.7851
397.9,-0.0605206,-12.7882
397.95,-0.0605328,-12.7912
398.0,-0.0605476,-12.7942
398.05,-0.0605515,-12.7973
398.1,-0.0605628,-12.8003
398.15,-0.0605698,-12.8033
398.2,-0.0605747,-12.8063
398.25,-0.0605846,-12.8094
398.3,-0.0606003,-12.8124
398.35,-0.0606006,-12.8154
398.4,-0.0606105,-12.8185
398.45,-0.0606198,-12.8215
398.5,-0.0606318,-12.8245
398.55,-0.0606314,-12.8276
398.6,-0.0606359,-12.8306
398.65,-0.0606506,-12.8336
398.7,-0.0606556,-12.8367
398.75,-0.0606661,-12.8397
398.8,-0.0606789,-12.8427
398.85,-0.0606827,-12.8458
398.9,-0.0606952,-12.8488
398.95,-0.0607094,-12.8518
399.0,-0.0607084,-12.8549
399.05,-0.0607221,-12.8579
399.1,-0.0607464,-12.8609
399.15,-0.0607325,-12.864
399.2,-0.0607348,-12.867
399.25,-0.0607486,-12.87
399.3,-0.0607493,-12.8731
399.35,-0.0607584,-12.8761
399.4,-0.0607801,-12.8792
399.45,-0.0607868,-12.8822
399.5,-0.0607991,-12.8852
399.55,-0.0608,-12.8883
399.6,-0.0607955,-12.8913
399.65,-0.0607957,-12.8944
399.7,-0.0608106,-12.8974
399.75,-0.0608182,-12.9004
399.8,-0.0608136,-12.9035
399.85,-0.0608145,-12.9065
399.9,-0.0608331,-12.9096
399.95,-0.0608414,-12.9126
400.0,-0.0608498,-12.9156
400.05,-0.0608742,-12.9187
400.1,-0.0608821,-12.9217
400.15,-0.0608743,-12.9248
400.2,-0.0608735,-12.9278
400.25,-0.0608608,-12.9309
400.3,-0.0608774,-12.9339
400.35,-0.0609049,-12.937
400.4,-0.0608996,-12.94
400.45,-0.0608998,-12.943
400.5,-0.0609191,-12.9461
400.55,-0.0609179,-12.9491
400.6,-0.0609087,-12.9522
400.65,-0.0609311,-12.9552
400.7,-0.0609264,-12.9583
400.75,-0.0609394,-12.9613
400.8,-0.0609574,-12.9644
400.85,-0.060964,-12.9674
400.9,-0.0609724,-12.9705
400.95,-0.0609801,-12.9735
401.0,-0.0609794,-12.9766
401.05,-0.060976,-12.9796
401.1,-0.0609791,-12.9827
401.15,-0.0609871,-12.9857
401.2,-0.0609976,-12.9888
401.25,-0.061005,-12.9918
401.3,-0.0610077,-12.9949
401.35,-0.0610163,-12.9979
401.4,-0.0610197,-13.001
401.45,-0.0610367,-13.004
401.5,-0.0610392,-13.0071
401.55,-0.0610436,-13.0101
401.6,-0.061034,-13.0132
401.65,-0.0610375,-13.0162
401.7,-0.061047,-13.0193
401.75,-0.0610404,-13.0223
401.8,-0.0610496,-13.0254
401.85,-0.0610637,-13.0284
401.9,-0.061067,-13.0315
401.95,-0.0610672,-13.0345
402.0,-0.0610651,-13.0376
402.05,-0.0610748,-13.0406
402.1,-0.0610796,-13.0437
402.15,-0.0610901,-13.0468
402.2,-0.0611026,-13.0498
402.25,-0.06111,-13.0529
402.3,-0.0611251,-13.0559
402.35,-0.0611231,-13.059
402.4,-0.0611413,-13.062
402.45,-0.0611483,-13.0651
402.5,-0.0611609,-13.0681
402.55,-0.0611703,-13.0712
402.6,-0.0611682,-13.0743
402.65,-0.0611687,-13.0773
402.7,-0.0611679,-13.0804
402.75,-0.061174,-13.0834
402.8,-0.0611817,-13.0865
402.85,-0.0611955,-13.0896
402.9,-0.061195,-13.0926
402.95,-0.0612114,-13.0957
403.0,-0.06122,-13.0987
403.05,-0.0612273,-13.1018
403.1,-0.0612352,-13.1049
403.15,-0.0612415,-13.1079
403.2,-0.0612376,-13.111
403.25,-0.0612486,-13.114
403.3,-0.0612689,-13.1171
403.35,-0.0612663,-13.1202
403.4,-0.0612628,-13.1232
403.45,-0.0612678,-13.1263
403.5,-0.0612614,-13.1294
403.55,-0.0612755,-13.1324
403.6,-0.0612759,-13.1355
403.65,-0.0612821,-13.1386
403.7,-0.0612827,-13.1416
403.75,-0.0612836,-13.1447
403.8,-0.0612899,-13.1478
403.85,-0.0612939,-13.1508
403.9,-0.0612917,-13.1539
403.95,-0.0613153,-13.1569
404.0,-0.0613115,-13.16
404.05,-0.0613252,-13.1631
404.1,-0.0613212,-13.1661
404.15,-0.0613188,-13.1692
404.2,-0.0613238,-13.1723
404.25,-0.0613376,-13.1753
404.3,-0.061354,-13.1784
404.35,-0.0613481,-13.1815
404.4,-0.0613565,-13.1845
404.45,-0.0613628,-13.1876
404.5,-0.0613832,-13.1907
404.55,-0.0613856,-13.1938
404.6,-0.0613834,-13.1968
404.65,-0.0613838,-13.1999
404.7,-0.0613812,-13.203
404.75,-0.0613908,-13.206
404.8,-0.0613962,-13.2091
404.85,-0.0614019,-13.2122
404.9,-0.0614055,-13.2152
404.95,-0.0614158,-13.2183
405.0,-0.0614224,-13.2214
405.05,-0.0614288,-13.2245
405.1,-0.0614295,-13.2275
405.15,-0.0614277,-13.2306
405.2,-0.0614343,-13.2337
405.25,-0.0614386,-13.2367
405.3,-0.0614508,-13.2398
405.35,-0.0614615,-13.2429
405.4,-0.0614707,-13.246
405.45,-0.0614657,-13.249
405.5,-0.0614722,-13.2521
405.55,-0.0614787,-13.2552
405.6,-0.0614789,-13.2583
405.65,-0.0614851,-13.2613
405.7,-0.0614782,-13.2644
405.75,-0.0614974,-13.2675
405.8,-0.0614945,-13.2706
405.85,-0.0615106,-13.2736
405.9,-0.0615274,-13.2767
405.95,-0.0615303,-13.2798
406.0,-0.0615417,-13.2829
406.05,-0.0615624,-13.2859
406.1,-0.0615557,-13.289
406.15,-0.0615598,-13.2921
406.2,-0.0615703,-13.2952
406.25,-0.0615758,-13.2982
406.3,-0.0615799,-13.3013
406.35,-0.0615901,-13.3044
406.4,-0.061584,-13.3075
406.45,-0.0615909,-13.3106
406.5,-0.0615901,-13.3136
406.55,-0.0615997,-13.3167
406.6,-0.0616111,-13.3198
406.65,-0.06162,-13.3229
406.7,-0.0616337,-13.326
406.75,-0.0616464,-13.3291
406.8,-0.0616559,-13.3321
406.85,-0.0616513,-13.3352
406.9,-0.0616591,-13.3383
406.95,-0.0616658,-13.3414
407.0,-0.061662,-13.3445
407.05,-0.0616896,-13.3475
407.1,-0.0616954,-13.3506
407.15,-0.0616846,-13.3537
407.2,-0.0616932,-13.3568
407.25,-0.0617159,-13.3599
407.3,-0.0617044,-13.363
407.35,-0.0617214,-13.3661
407.4,-0.0617272,-13.3691
407.45,-0.0617262,-13.3722
407.5,-0.0617474,-13.3753
407.55,-0.0617502,-13.3784
407.6,-0.0617552,-13.3815
407.65,-0.0617546,-13.3846
407.7,-0.061766,-13.3877
407.75,-0.0617748,-13.3908
407.8,-0.0617826,-13.3938
407.85,-0.0617916,-13.3969
407.9,-0.061797,-13.4
407.95,-0.0618057,-13.4031
408.0,-0.0618035,-13.4062
408.05,-0.0618136,-13.4093
408.1,-0.061834,-13.4124
408.15,-0.0618207,-13.4155
408.2,-0.0618206,-13.4186
408.25,-0.061828,-13.4217
408.3,-0.0618441,-13.4248
408.35,-0.0618619,-13.4279
408.4,-0.0618827,-13.4309
408.45,-0.0618735,-13.434
408.5,-0.0618817,-13.4371
408.55,-0.061884,-13.4402
408.6,-0.0618882,-13.4433
408.65,-0.0619,-13.4464
408.7,-0.0619072,-13.4495
408.75,-0.0619037,-13.4526
408.8,-0.061924,-13.4557
408.85,-0.0619348,-13.4588
408.9,-0.0619333,-13.4619
408.95,-0.061947,-13.465
409.0,-0.0619557,-13.4681
409.05,-0.0619594,-13.4712
409.1,-0.0619768,-13.4743
409.15,-0.0619992,-13.4774
409.2,-0.0619989,-13.4805
409.25,-0.0619997,-13.4836
409.3,-0.062,-13.4867
409.35,-0.0620063,-13.4898
409.4,-0.0620236,-13.4929
409.45,-0.0620274,-13.496
409.5,-0.0620279,-13.4991
409.55,-0.0620374,-13.5022
409.6,-0.0620712,-13.5053
409.65,-0.0620846,-13.5084
409.7,-0.0620766,-13.5115
409.75,-0.0620913,-13.5146
409.8,-0.0621038,-13.5177
409.85,-0.0621131,-13.5208
409.9,-0.0621132,-13.5239
409.95,-0.0621196,-13.527
410.0,-0.0621426,-13.5301
410.05,-0.0621564,-13.5332
410.1,-0.0621628,-13.5364
410.15,-0.0621625,-13.5395
410.2,-0.0621694,-13.5426
410.25,-0.0621742,-13.5457
410.3,-0.0621709,-13.5488
410.35,-0.0621666,-13.5519
410.4,-0.0621864,-13.555
410.45,-0.0621796,-13.5581
410.5,-0.0621939,-13.5612
410.55,-0.0622058,-13.5643
410.6,-0.062205,-13.5674
410.65,-0.0622157,-13.5706
410.7,-0.0622317,-13.5737
410.75,-0.0622307,-13.5768
410.8,-0.0622373,-13.5799
410.85,-0.0622335,-13.583
410.9,-0.0622369,-13.5861
410.95,-0.0622481,-13.5892
411.0,-0.0622634,-13.5923
411.05,-0.0622582,-13.5955
411.1,-0.0622628,-13.5986
411.15,-0.0622699,-13.6017
411.2,-0.0622653,-13.6048
411.25,-0.0622818,-13.6079
411.3,-0.0622898,-13.611
411.35,-0.0622894,-13.6141
411.4,-0.0623069,-13.6173
411.45,-0.0623033,-13.6204
411.5,-0.0623094,-13.6235
411.55,-0.0623148,-13.6266
411.6,-0.0623378,-13.6297
411.65,-0.0623423,-13.6328
411.7,-0.0623462,-13.636
411.75,-0.0623523,-13.6391
411.8,-0.0623448,-13.6422
411.85,-0.0623607,-13.6453
411.9,-0.062365,-13.6484
411.95,-0.062387,-13.6515
412.0,-0.0624044,-13.6547
412.05,-0.0624019,-13.6578
412.1,-0.0623991,-13.6609
412.15,-0.0624184,-13.664
412.2,-0.0624199,-13.6671
412.25,-0.0624297,-13.6703
412.3,-0.062448,-13.6734
412.35,-0.0624456,-13.6765
412.4,-0.0624681,-13.6796
412.45,-0.0624669,-13.6828
412.5,-0.0624773,-13.6859
412.55,-0.0624839,-13.689
412.6,-0.0625042,-13.6921
412.65,-0.0625113,-13.6953
412.7,-0.0625148,-13.6984
412.75,-0.0625201,-13.7015
412.8,-0.0625218,-13.7046
412.85,-0.062535,-13.7078
412.9,-0.0625621,-13.7109
412.95,-0.062557,-13.714
413.0,-0.0625712,-13.7171
413.05,-0.0625724,-13.7203
413.1,-0.0625688,-13.7234
413.15,-0.0625788,-13.7265
413.2,-0.0625692,-13.7297
413.25,-0.0625779,-13.7328
413.3,-0.0625824,-13.7359
413.35,-0.0625867,-13.739
413.4,-0.0625837,-13.7422
413.45,-0.0626065,-13.7453
413.5,-0.0626087,-13.7484
413.55,-0.0626255,-13.7516
413.6,-0.0626176,-13.7547
413.65,-0.0626212,-13.7578
413.7,-0.0626216,-13.761
413.75,-0.0626179,-13.7641
413.8,-0.0626235,-13.7672
413.85,-0.062633,-13.7704
413.9,-0.0626404,-13.7735
413.95,-0.0626692,-13.7766
414.0,-0.0626699,-13.7798
414.05,-0.0626614,-13.7829
414.1,-0.062666,-13.786
414.15,-0.0626675,-13.7892
414.2,-0.0626614,-13.7923
414.25,-0.0626612,-13.7954
414.3,-0.0626672,-13.7986
414.35,-0.0626819,-13.8017
414.4,-0.062699,-13.8048
414.45,-0.0627124,-13.808
414.5,-0.0627304,-13.8111
414.55,-0.0627266,-13.8142
414.6,-0.0627292,-13.8174
414.65,-0.0627031,-13.8205
414.7,-0.062725,-13.8236
414.75,-0.0627284,-13.8268
414.8,-0.0627311,-13.8299
414.85,-0.0627456,-13.833
414.9,-0.0627749,-13.8362
414.95,-0.0627569,-13.8393
415.0,-0.0627903,-13.8425
415.05,-0.0627909,-13.8456
415.1,-0.0628042,-13.8487
415.15,-0.0628076,-13.8519
415.2,-0.062796,-13.855
415.25,-0.0627985,-13.8582
415.3,-0.0628103,-13.8613
415.35,-0.0628197,-13.8644
415.4,-0.0628257,-13.8676
415.45,-0.0628338,-13.8707
415.5,-0.0628523,-13.8739
415.55,-0.0628552,-13.877
415.6,-0.0628593,-13.8802
415.65,-0.0628726,-13.8833
415.7,-0.062858,-13.8864
415.75,-0.0628656,-13.8896
415.8,-0.0628886,-13.8927
415.85,-0.0628911,-13.8959
415.9,-0.0629008,-13.899
415.95,-0.0629235,-13.9022
416.0,-0.0629292,-13.9053
416.05,-0.0629453,-13.9085
416.1,-0.0629451,-13.9116
416.15,-0.0629398,-13.9148
416.2,-0.0629426,-13.9179
416.25,-0.062954,-13.921
416.3,-0.0629579,-13.9242
416.35,-0.0629648,-13.9273
416.4,-0.0629828,-13.9305
416.45,-0.0629872,-13.9336
416.5,-0.0629813,-13.9368
416.55,-0.0630012,-13.9399
416.6,-0.0630064,-13.9431
416.65,-0.0630169,-13.9462
416.7,-0.063025,-13.9494
416.75,-0.0630138,-13.9525
416.8,-0.0630162,-13.9557
416.85,-0.0630469,-13.9588
416.9,-0.0630451,-13.962
416.95,-0.0630496,-13.9652
417.0,-0.0630549,-13.9683
417.05,-0.0630499,-13.9715
417.1,-0.0630596,-13.9746
417.15,-0.0630716,-13.9778
417.2,-0.063061,-13.9809
417.25,-0.0630721,-13.9841
417.3,-0.0630832,-13.9872
417.35,-0.0630884,-13.9904
417.4,-0.063092,-13.9935
417.45,-0.0630959,-13.9967
417.5,-0.0630949,-13.9998
417.55,-0.0631187,-14.003
417.6,-0.0631097,-14.0062
417.65,-0.0630886,-14.0093
417.7,-0.0631092,-14.0125
417.75,-0.0631168,-14.0156
417.8,-0.0631091,-14.0188
417.85,-0.0631124,-14.0219
417.9,-0.063125,-14.0251
417.95,-0.0631242,-14.0282
418.0,-0.06314,-14.0314
418.05,-0.0631338,-14.0346
418.1,-0.063124,-14.0377
418.15,-0.0631206,-14.0409
418.2,-0.0631407,-14.044
418.25,-0.0631482,-14.0472
418.3,-0.0631597,-14.0503
418.35,-0.0631698,-14.0535
418.4,-0.0631685,-14.0567
418.45,-0.0631817,-14.0598
418.5,-0.0631958,-14.063
418.55,-0.063203,-14.0661
418.6,-0.0632042,-14.0693
418.65,-0.0632007,-14.0725
418.7,-0.0632085,-14.0756
418.75,-0.0632011,-14.0788
418.8,-0.0632026,-14.0819
418.85,-0.0632275,-14.0851
418.9,-0.0632325,-14.0883
418.95,-0.0632284,-14.0914
419.0,-0.0632369,-14.0946
419.05,-0.0632263,-14.0977
419.1,-0.0632301,-14.1009
419.15,-0.0632404,-14.1041
419.2,-0.0632431,-14.1072
419.25,-0.0632453,-14.1104
419.3,-0.0632535,-14.1136
419.35,-0.0632684,-14.1167
419.4,-0.0632681,-14.1199
419.45,-0.0632661,-14.123
419.5,-0.0632735,-14.1262
419.55,-0.0632718,-14.1294
419.6,-0.063289,-14.1325
419.65,-0.0632825,-14.1357
419.7,-0.0632767,-14.1389
419.75,-0.0633062,-14.142
419.8,-0.0633018,-14.1452
419.85,-0.0633035,-14.1484
419.9,-0.0633175,-14.1515
419.95,-0.0633097,-14.1547
420.0,-0.0633048,-14.1579
420.05,-0.0633014,-14.161
420.1,-0.0633085,-14.1642
420.15,-0.0633048,-14.1674
420.2,-0.0633071,-14.1705
420.25,-0.0633089,-14.1737
420.3,-0.0633346,-14.1769
420.35,-0.0633431,-14.18
420.4,-0.0633426,-14.1832
420.45,-0.0633592,-14.1864
420.5,-0.0633554,-14.1895
420.55,-0.0633544,-14.1927
420.6,-0.0633448,-14.1959
420.65,-0.0633504,-14.199
420.7,-0.0633566,-14.2022
420.75,-0.06335,-14.2054
420.8,-0.0633423,-14.2085
420.85,-0.0633449,-14.2117
420.9,-0.0633567,-14.2149
420.95,-0.0633663,-14.218
421.0,-0.063356,-14.2212
421.05,-0.0633575,-14.2244
421.1,-0.0633852,-14.2275
421.15,-0.0633774,-14.2307
421.2,-0.0633653,-14.2339
421.25,-0.0633855,-14.237
421.3,-0.0633805,-14.2402
421.35,-0.0633864,-14.2434
421.4,-0.0633944,-14.2466
421.45,-0.0634079,-14.2497
421.5,-0.0634099,-14.2529
421.55,-0.0633986,-14.2561
421.6,-0.0634159,-14.2592
421.65,-0.0634066,-14.2624
421.7,-0.0634202,-14.2656
421.75,-0.0634252,-14.2687
421.8,-0.0634136,-14.2719
421.85,-0.063437,-14.2751
421.9,-0.0634355,-14.2783
421.95,-0.0634264,-14.2814
422.0,-0.0634339,-14.2846
422.05,-0.0634478,-14.2878
422.1,-0.0634523,-14.2909
422.15,-0.0634701,-14.2941
422.2,-0.0634633,-14.2973
422.25,-0.0634737,-14.3005
422.3,-0.0634778,-14.3036
422.35,-0.0634679,-14.3068
422.4,-0.0634732,-14.31
422.45,-0.0634851,-14.3132
422.5,-0.0634789,-14.3163
422.55,-0.0634827,-14.3195
422.6,-0.0634952,-14.3227
422.65,-0.0635112,-14.3259
422.7,-0.0634978,-14.329
422.75,-0.0635035,-14.3322
422.8,-0.0635046,-14.3354
422.85,-0.0634998,-14.3386
422.9,-0.0635061,-14.3417
422.95,-0.0635158,-14.3449
423.0,-0.0635201,-14.3481
423.05,-0.0635375,-14.3513
423.1,-0.0635284,-14.3544
423.15,-0.0635349,-14.3576
423.2,-0.0635538,-14.3608
423.25,-0.0635446,-14.364
423.3,-0.0635649,-14.3672
423.35,-0.0635754,-14.3703
423.4,-0.0635815,-14.3735
423.45,-0.0636002,-14.3767
423.5,-0.0635831,-14.3799
423.55,-0.063577,-14.383
423.6,-0.0635827,-14.3862
423.65,-0.0635789,-14.3894
423.7,-0.063595,-14.3926
423.75,-0.0636044,-14.3958
423.8,-0.0636032,-14.3989
423.85,-0.0636227,-14.4021
423.9,-0.0636284,-14.4053
423.95,-0.0636303,-14.4085
424.0,-0.0636342,-14.4117
424.05,-0.0636281,-14.4149
424.1,-0.0636354,-14.418
424.15,-0.0636545,-14.4212
424.2,-0.0636675,-14.4244
424.25,-0.0636623,-14.4276
424.3,-0.0636727,-14.4308
424.35,-0.0636901,-14.434
424.4,-0.0636873,-14.4371
424.45,-0.0636976,-14.4403
424.5,-0.0637097,-14.4435
424.55,-0.0637018,-14.4467
424.6,-0.0637086,-14.4499
424.65,-0.063707,-14.4531
424.7,-0.0637012,-14.4562
424.75,-0.0637193,-14.4594
424.8,-0.0637278,-14.4626
424.85,-0.063737,-14.4658
424.9,-0.0637512,-14.469
424.95,-0.0637474,-14.4722
425.0,-0.0637512,-14.4754
425.05,-0.0637674,-14.4786
425.1,-0.0637633,-14.4817
425.15,-0.0637455,-14.4849
425.2,-0.0637534,-14.4881
425.25,-0.0637613,-14.4913
425.3,-0.0637693,-14.4945
425.35,-0.0637748,-14.4977
425.4,-0.0637698,-14.5009
425.45,-0.0637831,-14.5041
425.5,-0.0637947,-14.5073
425.55,-0.0637916,-14.5104
425.6,-0.0638077,-14.5136
425.65,-0.0637984,-14.5168
425.7,-0.0638176,-14.52
425.75,-0.0638187,-14.5232
425.8,-0.0638261,-14.5264
425.85,-0.0638377,-14.5296
425.9,-0.0638444,-14.5328
425.95,-0.0638505,-14.536
426.0,-0.0638519,-14.5392
426.05,-0.0638476,-14.5424
426.1,-0.0638451,-14.5456
426.15,-0.063853,-14.5487
426.2,-0.0638824,-14.5519
426.25,-0.0638765,-14.5551
426.3,-0.0638763,-14.5583
426.35,-0.0638952,-14.5615
426.4,-0.063896,-14.5647
426.45,-0.0638867,-14.5679
426.5,-0.063905,-14.5711
426.55,-0.0639011,-14.5743
426.6,-0.0639051,-14.5775
426.65,-0.063919,-14.5807
426.7,-0.0639321,-14.5839
426.75,-0.0639422,-14.5871
426.8,-0.0639554,-14.5903
426.85,-0.0639646,-14.5935
426.9,-0.0639722,-14.5967
426.95,-0.0639737,-14.5999
427.0,-0.0639978,-14.6031
427.05,-0.0640006,-14.6063
427.1,-0.0640076,-14.6095
427.15,-0.0640244,-14.6127
427.2,-0.0640213,-14.6159
427.25,-0.0640447,-14.6191
427.3,-0.0640526,-14.6223
427.35,-0.0640712,-14.6255
427.4,-0.0640906,-14.6287
427.45,-0.0641084,-14.6319
427.5,-0.0641092,-14.6351
427.55,-0.0641295,-14.6383
427.6,-0.0641438,-14.6415
427.65,-0.0641564,-14.6447
427.7,-0.0641647,-14.6479
427.75,-0.0641638,-14.6511
427.8,-0.0641712,-14.6544
427.85,-0.0641842,-14.6576
427.9,-0.0641939,-14.6608
427.95,-0.0641906,-14.664
428.0,-0.0641923,-14.6672
428.05,-0.0642008,-14.6704
428.1,-0.064207,-14.6736
428.15,-0.0642189,-14.6768
428.2,-0.0642341,-14.68
428.25,-0.0642477,-14.6832
428.3,-0.0642476,-14.6865
428.35,-0.0642505,-14.6897
428.4,-0.0642496,-14.6929
428.45,-0.0642586,-14.6961
428.5,-0.0642433,-14.6993
428.55,-0.0642459,-14.7025
428.6,-0.0642542,-14.7057
428.65,-0.0642631,-14.7089
428.7,-0.0642737,-14.7122
428.75,-0.0642853,-14.7154
428.8,-0.064283,-14.7186
428.85,-0.0642992,-14.7218
428.9,-0.0643047,-14.725
428.95,-0.064309,-14.7282
429.0,-0.0643166,-14.7314
429.05,-0.0643024,-14.7347
429.1,-0.0643182,-14.7379
429.15,-0.0643387,-14.7411
429.2,-0.0643452,-14.7443
429.25,-0.0643397,-14.7475
429.3,-0.064364,-14.7507
429.35,-0.0643703,-14.754
429.4,-0.0643675,-14.7572
429.45,-0.0643703,-14.7604
429.5,-0.0643786,-14.7636
429.55,-0.0643877,-14.7668
429.6,-0.0643921,-14.7701
429.65,-0.0644004,-14.7733
429.7,-0.0644184,-14.7765
429.75,-0.0644383,-14.7797
429.8,-0.0644356,-14.7829
429.85,-0.064456,-14.7862
429.9,-0.0644609,-14.7894
429.95,-0.0644701,-14.7926
430.0,-0.0644815,-14.7958
430.05,-0.0644938,-14.7991
430.1,-0.0644875,-14.8023
430.15,-0.064503,-14.8055
430.2,-0.0645087,-14.8087
430.25,-0.064519,-14.812
430.3,-0.0645319,-14.8152
430.35,-0.0645239,-14.8184
430.4,-0.0645389,-14.8216
430.45,-0.0645585,-14.8249
430.5,-0.0645439,-14.8281
430.55,-0.0645619,-14.8313
430.6,-0.0645673,-14.8346
430.65,-0.0645684,-14.8378
430.7,-0.0645703,-14.841
430.75,-0.0645865,-14.8442
430.8,-0.0645863,-14.8475
430.85,-0.0645903,-14.8507
430.9,-0.0645929,-14.8539
430.95,-0.0646006,-14.8572
431.0,-0.0645993,-14.8604
431.05,-0.0645983,-14.8636
431.1,-0.0646164,-14.8669
431.15,-0.0646174,-14.8701
431.2,-0.06463,-14.8733
431.25,-0.0646245,-14.8765
431.3,-0.0646323,-14.8798
431.35,-0.0646428,-14.883
431.4,-0.0646456,-14.8862
431.45,-0.0646429,-14.8895
431.5,-0.0646593,-14.8927
431.55,-0.064661,-14.8959
431.6,-0.0646668,-14.8992
431.65,-0.0646704,-14.9024
431.7,-0.0646673,-14.9056
431.75,-0.0646706,-14.9089
431.8,-0.0646743,-14.9121
431.85,-0.0646751,-14.9153
431.9,-0.0646961,-14.9186
431.95,-0.0647078,-14.9218
432.0,-0.0647093,-14.925
432.05,-0.0647133,-14.9283
432.1,-0.0647131,-14.9315
432.15,-0.0647147,-14.9348
432.2,-0.064716,-14.938
432.25,-0.0647356,-14.9412
432.3,-0.0647307,-14.9445
432.35,-0.0647307,-14.9477
432.4,-0.0647304,-14.9509
432.45,-0.064734,-14.9542
432.5,-0.0647368,-14.9574
432.55,-0.0647352,-14.9606
432.6,-0.0647326,-14.9639
432.65,-0.0647429,-14.9671
432.7,-0.0647462,-14.9704
432.75,-0.064757,-14.9736
432.8,-0.0647735,-14.9768
432.85,-0.0647726,-14.9801
432.9,-0.0647771,-14.9833
432.95,-0.0647786,-14.9866
433.0,-0.0647769,-14.9898
433.05,-0.0647884,-14.993
433.1,-0.0647681,-14.9963
433.15,-0.064771,-14.9995
433.2,-0.0647789,-15.0027
433.25,-0.0648016,-15.006
433.3,-0.0647989,-15.0092
433.35,-0.0648013,-15.0125
433.4,-0.064806,-15.0157
433.45,-0.0648054,-15.0189
433.5,-0.0648159,-15.0222
433.55,-0.0648086,-15.0254
433.6,-0.0648168,-15.0287
433.65,-0.0648325,-15.0319
433.7,-0.0648393,-15.0352
433.75,-0.0648432,-15.0384
433.8,-0.0648449,-15.0416
433.85,-0.0648561,-15.0449
433.9,-0.064858,-15.0481
433.95,-0.0648621,-15.0514
434.0,-0.0648697,-15.0546
434.05,-0.0648657,-15.0579
434.1,-0.0648737,-15.0611
434.15,-0.0648683,-15.0643
434.2,-0.0648821,-15.0676
434.25,-0.0648666,-15.0708
434.3,-0.0648632,-15.0741
434.35,-0.0648715,-15.0773
434.4,-0.0648768,-15.0806
434.45,-0.0648904,-15.0838
434.5,-0.0648889,-15.087
434.55,-0.0648932,-15.0903
434.6,-0.0648974,-15.0935
434.65,-0.0649069,-15.0968
434.7,-0.0649106,-15.1
434.75,-0.0649142,-15.1033
434.8,-0.0649158,-15.1065
434.85,-0.0649011,-15.1098
434.9,-0.0649127,-15.113
434.95,-0.0649113,-15.1163
435.0,-0.0649015,-15.1195
435.05,-0.0649232,-15.1227
435.1,-0.0649183,-15.126
435.15,-0.0649201,-15.1292
435.2,-0.064916,-15.1325
435.25,-0.0649229,-15.1357
435.3,-0.0649215,-15.139
435.35,-0.0649435,-15.1422
435.4,-0.0649362,-15.1455
435.45,-0.0649602,-15.1487
435.5,-0.0649488,-15.152
435.55,-0.0649551,-15.1552
435.6,-0.06496,-15.1585
435.65,-0.0649636,-15.1617
435.7,-0.0649604,-15.165
435.75,-0.0649644,-15.1682
435.8,-0.0649609,-15.1715
435.85,-0.0649641,-15.1747
435.9,-0.0649577,-15.1779
435.95,-0.0649558,-15.1812
436.0,-0.0649626,-15.1844
436.05,-0.0649669,-15.1877
436.1,-0.0649639,-15.1909
436.15,-0.064959,-15.1942
436.2,-0.0649707,-15.1974
436.25,-0.0649654,-15.2007
436.3,-0.0649741,-15.2039
436.35,-0.0649714,-15.2072
436.4,-0.0649814,-15.2104
436.45,-0.0649878,-15.2137
436.5,-0.064995,-15.2169
436.55,-0.0649932,-15.2202
436.6,-0.0649884,-15.2234
436.65,-0.0649959,-15.2267
436.7,-0.0649948,-15.2299
436.75,-0.0649921,-15.2332
436.8,-0.0649901,-15.2364
436.85,-0.0649907,-15.2397
436.9,-0.0650031,-15.2429
436.95,-0.064991,-15.2462
437.0,-0.0650016,-15.2494
437.05,-0.065006,-15.2527
437.1,-0.0650032,-15.2559
437.15,-0.0650169,-15.2592
437.2,-0.0650236,-15.2624
437.25,-0.0650273,-15.2657
437.3,-0.0650269,-15.2689
437.35,-0.0650365,-15.2722
437.4,-0.0650377,-15.2754
437.45,-0.0650409,-15.2787
437.5,-0.0650446,-15.2819
437.55,-0.0650486,-15.2852
437.6,-0.0650511,-15.2884
437.65,-0.0650549,-15.2917
437.7,-0.0650621,-15.295
437.75,-0.0650824,-15.2982
437.8,-0.0650786,-15.3015
437.85,-0.0650773,-15.3047
437.9,-0.065102,-15.308
437.95,-0.0650873,-15.3112
438.0,-0.0650692,-15.3145
438.05,-0.0650779,-15.3177
438.1,-0.0650893,-15.321
438.15,-0.0650836,-15.3242
438.2,-0.0650948,-15.3275
438.25,-0.0651136,-15.3308
438.3,-0.0651127,-15.334
438.35,-0.0651193,-15.3373
438.4,-0.0651257,-15.3405
438.45,-0.0651462,-15.3438
438.5,-0.065163,-15.347
438.55,-0.0651701,-15.3503
438.6,-0.0651712,-15.3536
438.65,-0.0651784,-15.3568
438.7,-0.0651704,-15.3601
438.75,-0.0651903,-15.3633
438.8,-0.0651849,-15.3666
438.85,-0.0651819,-15.3698
438.9,-0.065215,-15.3731
438.95,-0.0652099,-15.3764
439.0,-0.0652239,-15.3796
439.05,-0.0652333,-15.3829
439.1,-0.0652409,-15.3862
439.15,-0.0652433,-15.3894
439.2,-0.0652593,-15.3927
439.25,-0.0652788,-15.3959
439.3,-0.0652881,-15.3992
439.35,-0.0652869,-15.4025
439.4,-0.0652887,-15.4057
439.45,-0.0653072,-15.409
439.5,-0.0653178,-15.4123
439.55,-0.0653173,-15.4155
439.6,-0.0653289,-15.4188
439.65,-0.0653452,-15.4221
439.7,-0.0653441,-15.4253
439.75,-0.0653521,-15.4286
439.8,-0.0653502,-15.4319
439.85,-0.0653673,-15.4351
439.9,-0.0653844,-15.4384
439.95,-0.0653765,-15.4417
440.0,-0.0653837,-15.4449
440.05,-0.0653911,-15.4482
440.1,-0.0653834,-15.4515
440.15,-0.065393,-15.4548
440.2,-0.0654131,-15.458
440.25,-0.0654266,-15.4613
440.3,-0.0654356,-15.4646
440.35,-0.0654398,-15.4678
440.4,-0.065451,-15.4711
440.45,-0.0654558,-15.4744
440.5,-0.0654598,-15.4777
440.55,-0.065464,-15.4809
440.6,-0.0654814,-15.4842
440.65,-0.0655062,-15.4875
440.7,-0.0655041,-15.4908
440.75,-0.0654963,-15.494
440.8,-0.0655452,-15.4973
440.85,-0.0655458,-15.5006
440.9,-0.0655361,-15.5039
440.95,-0.0655364,-15.5071
441.0,-0.0655471,-15.5104
441.05,-0.0655596,-15.5137
441.1,-0.0655742,-15.517
441.15,-0.0655748,-15.5202
441.2,-0.0655846,-15.5235
441.25,-0.0656028,-15.5268
441.3,-0.0656136,-15.5301
441.35,-0.0656165,-15.5334
441.4,-0.0656205,-15.5367
441.45,-0.0656391,-15.5399
441.5,-0.0656428,-15.5432
441.55,-0.0656681,-15.5465
441.6,-0.0656804,-15.5498
441.65,-0.0656917,-15.5531
441.7,-0.0656962,-15.5564
441.75,-0.0656978,-15.5596
441.8,-0.0657087,-15.5629
441.85,-0.0657072,-15.5662
441.9,-0.06572,-15.5695
441.95,-0.0657228,-15.5728
442.0,-0.0657278,-15.5761
442.05,-0.0657388,-15.5794
442.1,-0.0657416,-15.5826
442.15,-0.065757,-15.5859
442.2,-0.065762,-15.5892
442.25,-0.0657664,-15.5925
442.3,-0.0657706,-15.5958
442.35,-0.0657833,-15.5991
442.4,-0.065792,-15.6024
442.45,-0.0657869,-15.6057
442.5,-0.0657806,-15.609
442.55,-0.0657925,-15.6122
442.6,-0.0657976,-15.6155
442.65,-0.065803,-15.6188
442.7,-0.0658033,-15.6221
442.75,-0.0658136,-15.6254
442.8,-0.065813,-15.6287
442.85,-0.0658257,-15.632
442.9,-0.0658243,-15.6353
442.95,-0.0658299,-15.6386
443.0,-0.0658403,-15.6419
443.05,-0.0658485,-15.6452
443.1,-0.0658664,-15.6484
443.15,-0.065885,-15.6517
443.2,-0.0658952,-15.655
443.25,-0.0658949,-15.6583
443.3,-0.0659116,-15.6616
443.35,-0.0659186,-15.6649
443.4,-0.0659278,-15.6682
443.45,-0.0659289,-15.6715
443.5,-0.0659393,-15.6748
443.55,-0.0659542,-15.6781
443.6,-0.0659612,-15.6814
443.65,-0.0659737,-15.6847
443.7,-0.0659926,-15.688
443.75,-0.0660169,-15.6913
443.8,-0.0660158,-15.6946
443.85,-0.0660132,-15.6979
443.9,-0.066034,-15.7012
443.95,-0.0660531,-15.7045
444.0,-0.0660734,-15.7078
444.05,-0.0660836,-15.7111
444.1,-0.0660856,-15.7144
444.15,-0.0660998,-15.7177
444.2,-0.0660976,-15.721
444.25,-0.0660996,-15.7243
444.3,-0.0661135,-15.7276
444.35,-0.0661218,-15.7309
444.4,-0.0661442,-15.7343
444.45,-0.0661468,-15.7376
444.5,-0.0661582,-15.7409
444.55,-0.066165,-15.7442
444.6,-0.0661666,-15.7475
444.65,-0.0661645,-15.7508
444.7,-0.0661791,-15.7541
444.75,-0.06619,-15.7574
444.8,-0.0661792,-15.7607
444.85,-0.0661989,-15.764
444.9,-0.0662036,-15.7673
444.95,-0.0662006,-15.7707
445.0,-0.0661957,-15.774
445.05,-0.0661992,-15.7773
445.1,-0.0662027,-15.7806
445.15,-0.0662115,-15.7839
445.2,-0.0662113,-15.7872
445.25,-0.0662246,-15.7905
445.3,-0.0662219,-15.7938
445.35,-0.06622,-15.7971
445.4,-0.0662341,-15.8004
445.45,-0.0662409,-15.8038
445.5,-0.0662675,-15.8071
445.55,-0.0662571,-15.8104
445.6,-0.0662714,-15.8137
445.65,-0.066269,-15.817
445.7,-0.0662712,-15.8203
445.75,-0.0662646,-15.8236
445.8,-0.0662702,-15.827
445.85,-0.0662847,-15.8303
445.9,-0.0662936,-15.8336
445.95,-0.0662933,-15.8369
446.0,-0.0662943,-15.8402
446.05,-0.0663042,-15.8435
446.1,-0.0663445,-15.8468
446.15,-0.0663906,-15.8502
446.2,-0.0664035,-15.8535
446.25,-0.0664036,-15.8568
446.3,-0.0664004,-15.8601
446.35,-0.0663971,-15.8634
446.4,-0.0663955,-15.8668
446.45,-0.0664274,-15.8701
446.5,-0.0664154,-15.8734
446.55,-0.0664269,-15.8767
446.6,-0.066436,-15.88
446.65,-0.0664453,-15.8834
446.7,-0.0664395,-15.8867
446.75,-0.0664456,-15.89
446.8,-0.066443,-15.8933
446.85,-0.0664571,-15.8967
446.9,-0.0664536,-15.9
446.95,-0.0664538,-15.9033
447.0,-0.0664705,-15.9066
447.05,-0.0664837,-15.91
447.1,-0.066476,-15.9133
447.15,-0.0664934,-15.9166
447.2,-0.0665032,-15.9199
447.25,-0.0665154,-15.9233
447.3,-0.0665128,-15.9266
447.35,-0.0665127,-15.9299
447.4,-0.0665255,-15.9332
447.45,-0.0665242,-15.9366
447.5,-0.0665149,-15.9399
447.55,-0.0665201,-15.9432
447.6,-0.0665181,-15.9465
447.65,-0.0665231,-15.9499
447.7,-0.0665338,-15.9532
447.75,-0.0665457,-15.9565
447.8,-0.0665508,-15.9598
447.85,-0.0665501,-15.9632
447.9,-0.0665491,-15.9665
447.95,-0.066549,-15.9698
448.0,-0.0665692,-15.9732
448.05,-0.0665683,-15.9765
448.1,-0.0665697,-15.9798
448.15,-0.066585,-15.9831
448.2,-0.0665967,-15.9865
448.25,-0.066598,-15.9898
448.3,-0.0665982,-15.9931
448.35,-0.0665994,-15.9965
448.4,-0.0666049,-15.9998
448.45,-0.0666192,-16.0031
448.5,-0.066626,-16.0065
448.55,-0.0666412,-16.0098
448.6,-0.0666535,-16.0131
448.65,-0.0666547,-16.0164
448.7,-0.066665,-16.0198
448.75,-0.0666734,-16.0231
448.8,-0.0666796,-16.0265
448.85,-0.0666894,-16.0298
448.9,-0.0666888,-16.0331
448.95,-0.0667046,-16.0365
449.0,-0.0666992,-16.0398
449.05,-0.0667066,-16.0431
449.1,-0.0667162,-16.0465
449.15,-0.0667292,-16.0498
449.2,-0.0667358,-16.0531
449.25,-0.0667487,-16.0565
449.3,-0.0667474,-16.0598
449.35,-0.0667633,-16.0631
449.4,-0.0667623,-16.0665
449.45,-0.0667649,-16.0698
449.5,-0.0667719,-16.0732
449.55,-0.0667669,-16.0765
449.6,-0.0667856,-16.0798
449.65,-0.0667854,-16.0832
449.7,-0.0668133,-16.0865
449.75,-0.0668468,-16.0899
449.8,-0.066848,-16.0932
449.85,-0.0668486,-16.0965
449.9,-0.0668689,-16.0999
449.95,-0.0668711,-16.1032
450.0,-0.0668807,-16.1066
450.05,-0.0668802,-16.1099
450.1,-0.0668949,-16.1133
450.15,-0.066887,-16.1166
450.2,-0.0668997,-16.12
450.25,-0.0669069,-16.1233
450.3,-0.0669057,-16.1266
450.35,-0.066915,-16.13
450.4,-0.066921,-16.1333
450.45,-0.0669322,-16.1367
450.5,-0.0669478,-16.14
450.55,-0.066951,-16.1434
450.6,-0.0669618,-16.1467
450.65,-0.0669756,-16.1501
450.7,-0.0669879,-16.1534
450.75,-0.0669848,-16.1568
450.8,-0.0669977,-16.1601
450.85,-0.0669964,-16.1635
450.9,-0.067008,-16.1668
450.95,-0.0670181,-16.1702
451.0,-0.0670178,-16.1735
451.05,-0.0670188,-16.1769
451.1,-0.0670445,-16.1802
451.15,-0.0670407,-16.1836
451.2,-0.0670652,-16.1869
451.25,-0.067067,-16.1903
451.3,-0.0670826,-16.1936
451.35,-0.0671167,-16.197
451.4,-0.0671108,-16.2004
451.45,-0.0671003,-16.2037
451.5,-0.0671063,-16.2071
451.55,-0.0671101,-16.2104
451.6,-0.0671127,-16.2138
451.65,-0.0671226,-16.2171
451.7,-0.0671313,-16.2205
451.75,-0.0671387,-16.2238
451.8,-0.0671631,-16.2272
451.85,-0.0671833,-16.2306
451.9,-0.0671811,-16.2339
451.95,-0.0671931,-16.2373
452.0,-0.0672059,-16.2406
452.05,-0.0672075,-16.244
452.1,-0.0672277,-16.2474
452.15,-0.0672375,-16.2507
452.2,-0.0672314,-16.2541
452.25,-0.0672711,-16.2575
452.3,-0.0672643,-16.2608
452.35,-0.0672671,-16.2642
452.4,-0.0672752,-16.2675
452.45,-0.0672798,-16.2709
452.5,-0.067282,-16.2743
452.55,-0.0672976,-16.2776
452.6,-0.0672915,-16.281
452.65,-0.0673206,-16.2844
452.7,-0.0673315,-16.2877
452.75,-0.0673357,-16.2911
452.8,-0.067342,-16.2945
452.85,-0.067346,-16.2978
452.9,-0.0673582,-16.3012
452.95,-0.0673601,-16.3046
453.0,-0.0673657,-16.3079
453.05,-0.067383,-16.3113
453.1,-0.0673893,-16.3147
453.15,-0.0673981,-16.318
453.2,-0.0674075,-16.3214
453.25,-0.0674059,-16.3248
453.3,-0.0674144,-16.3282
453.35,-0.0674097,-16.3315
453.4,-0.0674161,-16.3349
453.45,-0.0674273,-16.3383
453.5,-0.0674337,-16.3416
453.55,-0.0674432,-16.345
453.6,-0.0674619,-16.3484
453.65,-0.0674662,-16.3518
453.7,-0.0674732,-16.3551
453.75,-0.0674857,-16.3585
453.8,-0.0674894,-16.3619
453.85,-0.0675015,-16.3653
453.9,-0.067507,-16.3686
453.95,-0.0675016,-16.372
454.0,-0.0675079,-16.3754
454.05,-0.0675291,-16.3788
454.1,-0.0675363,-16.3821
454.15,-0.0675387,-16.3855
454.2,-0.0675447,-16.3889
454.25,-0.0675592,-16.3923
454.3,-0.0675632,-16.3956
454.35,-0.0675729,-16.399
454.4,-0.067586,-16.4024
454.45,-0.0676042,-16.4058
454.5,-0.0676186,-16.4092
454.55,-0.0676234,-16.4125
454.6,-0.0676532,-16.4159
454.65,-0.0676582,-16.4193
454.7,-0.0676476,-16.4227
454.75,-0.0676816,-16.4261
454.8,-0.0676802,-16.4295
454.85,-0.0676939,-16.4328
454.9,-0.0676921,-16.4362
454.95,-0.0677067,-16.4396
455.0,-0.0677207,-16.443
455.05,-0.067731,-16.4464
455.1,-0.0677384,-16.4498
455.15,-0.0677537,-16.4532
455.2,-0.067751,-16.4566
455.25,-0.0677644,-16.4599
455.3,-0.067763,-16.4633
455.35,-0.0677679,-16.4667
455.4,-0.0677854,-16.4701
455.45,-0.0677914,-16.4735
455.5,-0.0678,-16.4769
455.55,-0.0678104,-16.4803
455.6,-0.0678278,-16.4837
455.65,-0.0678516,-16.4871
455.7,-0.0678476,-16.4905
455.75,-0.0678581,-16.4938
455.8,-0.0678636,-16.4972
455.85,-0.0678597,-16.5006
455.9,-0.0678719,-16.504
455.95,-0.0678944,-16.5074
456.0,-0.0678968,-16.5108
456.05,-0.0679014,-16.5142
456.1,-0.0679091,-16.5176
456.15,-0.0679139,-16.521
456.2,-0.067921,-16.5244
456.25,-0.0679362,-16.5278
456.3,-0.0679246,-16.5312
456.35,-0.0679551,-16.5346
456.4,-0.0679495,-16.538
456.45,-0.0679445,-16.5414
456.5,-0.0679629,-16.5448
456.55,-0.0679616,-16.5482
456.6,-0.0679689,-16.5516
456.65,-0.0679808,-16.555
456.7,-0.0680021,-16.5584
456.75,-0.0680072,-16.5618
456.8,-0.068013,-16.5652
456.85,-0.068021,-16.5686
456.9,-0.0680172,-16.572
456.95,-0.0680164,-16.5754
457.0,-0.0680279,-16.5788
457.05,-0.0680148,-16.5822
457.1,-0.0680365,-16.5856
457.15,-0.0680461,-16.589
457.2,-0.0680324,-16.5924
457.25,-0.0680458,-16.5958
457.3,-0.0680654,-16.5992
457.35,-0.0680687,-16.6026
457.4,-0.0680879,-16.606
457.45,-0.0680894,-16.6094
457.5,-0.0681009,-16.6128
457.55,-0.0681137,-16.6162
457.6,-0.0680988,-16.6196
457.65,-0.0681131,-16.623
457.7,-0.0681172,-16.6264
457.75,-0.0681244,-16.6298
457.8,-0.0681214,-16.6332
457.85,-0.0681344,-16.6367
457.9,-0.068145,-16.6401
457.95,-0.0681455,-16.6435
458.0,-0.0681521,-16.6469
458.05,-0.0681589,-16.6503
458.1,-0.0681648,-16.6537
458.15,-0.0681655,-16.6571
458.2,-0.0681782,-16.6605
458.25,-0.0681741,-16.6639
458.3,-0.068178,-16.6673
458.35,-0.0681705,-16.6707
458.4,-0.0681709,-16.6741
458.45,-0.0681845,-16.6776
458.5,-0.0681899,-16.681
458.55,-0.0681903,-16.6844
458.6,-0.0682011,-16.6878
458.65,-0.0681973,-16.6912
458.7,-0.0682208,-16.6946
458.75,-0.0682182,-16.698
458.8,-0.0682146,-16.7014
458.85,-0.0682397,-16.7048
458.9,-0.0682271,-16.7082
458.95,-0.0682266,-16.7117
459.0,-0.0682284,-16.7151
459.05,-0.0682279,-16.7185
459.1,-0.0682237,-16.7219
459.15,-0.068216,-16.7253
459.2,-0.0682124,-16.7287
459.25,-0.0682291,-16.7321
459.3,-0.0682245,-16.7355
459.35,-0.0682212,-16.7389
459.4,-0.0682243,-16.7424
459.45,-0.0682463,-16.7458
459.5,-0.0682509,-16.7492
459.55,-0.0682472,-16.7526
459.6,-0.06825,-16.756
459.65,-0.0682566,-16.7594
459.7,-0.0682641,-16.7628
459.75,-0.0682472,-16.7662
459.8,-0.0682583,-16.7697
459.85,-0.0682658,-16.7731
459.9,-0.0682738,-16.7765
459.95,-0.0682764,-16.7799
460.0,-0.0682813,-16.7833
460.05,-0.068288,-16.7867
460.1,-0.0682856,-16.7901
460.15,-0.0682977,-16.7936
460.2,-0.0683039,-16.797
460.25,-0.0682988,-16.8004
460.3,-0.0682957,-16.8038
460.35,-0.0682826,-16.8072
460.4,-0.0682966,-16.8106
460.45,-0.0682864,-16.814
460.5,-0.0682907,-16.8175
460.55,-0.0682961,-16.8209
460.6,-0.0683123,-16.8243
460.65,-0.0683115,-16.8277
460.7,-0.0683122,-16.8311
460.75,-0.0683173,-16.8345
460.8,-0.0683316,-16.838
460.85,-0.0683281,-16.8414
460.9,-0.068326,-16.8448
460.95,-0.0683207,-16.8482
461.0,-0.0683324,-16.8516
461.05,-0.068334,-16.855
461.1,-0.0683267,-16.8585
461.15,-0.0683333,-16.8619
461.2,-0.0683422,-16.8653
461.25,-0.0683548,-16.8687
461.3,-0.0683594,-16.8721
461.35,-0.0683754,-16.8755
461.4,-0.0683691,-16.879
461.45,-0.0683654,-16.8824
461.5,-0.0683751,-16.8858
461.55,-0.0683677,-16.8892
461.6,-0.0683792,-16.8926
461.65,-0.0683803,-16.8961
461.7,-0.0683752,-16.8995
461.75,-0.0683893,-16.9029
461.8,-0.0683968,-16.9063
461.85,-0.0684054,-16.9097
461.9,-0.068415,-16.9132
461.95,-0.0684183,-16.9166
462.0,-0.0684313,-16.92
462.05,-0.0684382,-16.9234
462.1,-0.0684435,-16.9268
462.15,-0.0684507,-16.9303
462.2,-0.068451,-16.9337
462.25,-0.0684648,-16.9371
462.3,-0.0684609,-16.9405
462.35,-0.0684687,-16.944
462.4,-0.0684652,-16.9474
462.45,-0.0684592,-16.9508
462.5,-0.0684776,-16.9542
462.55,-0.0684873,-16.9576
462.6,-0.0684953,-16.9611
462.65,-0.0685105,-16.9645
462.7,-0.0685215,-16.9679
462.75,-0.0685478,-16.9714
462.8,-0.0685456,-16.9748
462.85,-0.0685523,-16.9782
462.9,-0.0685511,-16.9816
462.95,-0.0685559,-16.9851
463.0,-0.0685996,-16.9885
463.05,-0.068607,-16.9919
463.1,-0.0686239,-16.9954
463.15,-0.0686191,-16.9988
463.2,-0.0686158,-17.0022
463.25,-0.0686222,-17.0056
463.3,-0.0686339,-17.0091
463.35,-0.0686323,-17.0125
463.4,-0.06864,-17.0159
463.45,-0.0686421,-17.0194
463.5,-0.0686441,-17.0228
463.55,-0.0686509,-17.0262
463.6,-0.0686638,-17.0297
463.65,-0.0686866,-17.0331
463.7,-0.0686911,-17.0365
463.75,-0.0686968,-17.04
463.8,-0.068707,-17.0434
463.85,-0.0687243,-17.0468
463.9,-0.068728,-17.0503
463.95,-0.0687319,-17.0537
464.0,-0.068761,-17.0572
464.05,-0.0687781,-17.0606
464.1,-0.0687658,-17.064
464.15,-0.068772,-17.0675
464.2,-0.068788,-17.0709
464.25,-0.068804,-17.0744
464.3,-0.0688173,-17.0778
464.35,-0.068823,-17.0812
464.4,-0.0688261,-17.0847
464.45,-0.0688414,-17.0881
464.5,-0.0688646,-17.0916
464.55,-0.0688666,-17.095
464.6,-0.0688733,-17.0984
464.65,-0.0688998,-17.1019
464.7,-0.0688939,-17.1053
464.75,-0.0689024,-17.1088
464.8,-0.0689079,-17.1122
464.85,-0.0688903,-17.1157
464.9,-0.0688961,-17.1191
464.95,-0.0689031,-17.1226
465.0,-0.0689117,-17.126
465.05,-0.0689402,-17.1295
465.1,-0.0689428,-17.1329
465.15,-0.0689414,-17.1364
465.2,-0.0689567,-17.1398
465.25,-0.0689582,-17.1432
465.3,-0.0689594,-17.1467
465.35,-0.0689676,-17.1501
465.4,-0.0689848,-17.1536
465.45,-0.0689871,-17.157
465.5,-0.0689918,-17.1605
465.55,-0.0690096,-17.1639
465.6,-0.0690155,-17.1674
465.65,-0.069018,-17.1708
465.7,-0.0690317,-17.1743
465.75,-0.0690317,-17.1777
465.8,-0.0690422,-17.1812
465.85,-0.0690545,-17.1847
465.9,-0.0690616,-17.1881
465.95,-0.0690707,-17.1916
466.0,-0.0690749,-17.195
466.05,-0.0690818,-17.1985
466.1,-0.0690928,-17.2019
466.15,-0.0691069,-17.2054
466.2,-0.0691119,-17.2088
466.25,-0.0691149,-17.2123
466.3,-0.0691253,-17.2157
466.35,-0.0691454,-17.2192
466.4,-0.0691583,-17.2227
466.45,-0.0691596,-17.2261
466.5,-0.0691823,-17.2296
466.55,-0.0691714,-17.233
466.6,-0.0691752,-17.2365
466.65,-0.0691746,-17.24
466.7,-0.0691837,-17.2434
466.75,-0.0691933,-17.2469
466.8,-0.0692022,-17.2503
466.85,-0.0692255,-17.2538
466.9,-0.0692387,-17.2573
466.95,-0.0692437,-17.2607
467.0,-0.0692586,-17.2642
467.05,-0.0692673,-17.2676
467.1,-0.0692822,-17.2711
467.15,-0.0692936,-17.2746
467.2,-0.0692999,-17.278
467.25,-0.0693039,-17.2815
467.3,-0.0693032,-17.285
467.35,-0.0693106,-17.2884
467.4,-0.069316,-17.2919
467.45,-0.0693206,-17.2954
467.5,-0.0693279,-17.2988
467.55,-0.0693481,-17.3023
467.6,-0.0693606,-17.3058
467.65,-0.0693717,-17.3092
467.7,-0.0693813,-17.3127
467.75,-0.0693889,-17.3162
467.8,-0.0693939,-17.3196
467.85,-0.0694014,-17.3231
467.9,-0.0694117,-17.3266
467.95,-0.0694179,-17.3301
468.0,-0.0694139,-17.3335
468.05,-0.0694195,-17.337
468.1,-0.0694293,-17.3405
468.15,-0.0694269,-17.3439
468.2,-0.0694545,-17.3474
468.25,-0.0694618,-17.3509
468.3,-0.0694652,-17.3544
468.35,-0.0694763,-17.3578
468.4,-0.0694762,-17.3613
468.45,-0.0694849,-17.3648
468.5,-0.0694973,-17.3683
468.55,-0.069501,-17.3717
468.6,-0.069507,-17.3752
468.65,-0.069528,-17.3787
468.7,-0.0695321,-17.3822
468.75,-0.0695432,-17.3856
468.8,-0.0695616,-17.3891
468.85,-0.0695649,-17.3926
468.9,-0.0695661,-17.3961
468.95,-0.0695704,-17.3995
469.0,-0.0695917,-17.403
469.05,-0.0695885,-17.4065
469.1,-0.0695856,-17.41
469.15,-0.0695985,-17.4135
469.2,-0.0696037,-17.4169
469.25,-0.069617,-17.4204
469.3,-0.069622,-17.4239
469.35,-0.0696333,-17.4274
469.4,-0.069643,-17.4309
469.45,-0.06964,-17.4344
469.5,-0.0696549,-17.4378
469.55,-0.0696561,-17.4413
469.6,-0.0696696,-17.4448
469.65,-0.0696702,-17.4483
469.7,-0.0696778,-17.4518
469.75,-0.0696778,-17.4553
469.8,-0.0696906,-17.4587
469.85,-0.0696911,-17.4622
469.9,-0.0696994,-17.4657
469.95,-0.0697049,-17.4692
470.0,-0.0697154,-17.4727
470.05,-0.0697191,-17.4762
470.1,-0.0697368,-17.4797
470.15,-0.0697315,-17.4831
470.2,-0.0697532,-17.4866
470.25,-0.0697614,-17.4901
470.3,-0.0697474,-17.4936
470.35,-0.0697549,-17.4971
470.4,-0.0697719,-17.5006
470.45,-0.0697733,-17.5041
470.5,-0.0697798,-17.5076
470.55,-0.0697801,-17.511
470.6,-0.0697935,-17.5145
470.65,-0.0698008,-17.518
470.7,-0.0698075,-17.5215
470.75,-0.0698125,-17.525
470.8,-0.0698065,-17.5285
470.85,-0.0698082,-17.532
470.9,-0.069807,-17.5355
470.95,-0.0698235,-17.539
471.0,-0.0698186,-17.5425
471.05,-0.0698342,-17.5459
471.1,-0.069837,-17.5494
471.15,-0.0698381,-17.5529
471.2,-0.0698349,-17.5564
471.25,-0.0698527,-17.5599
471.3,-0.0698585,-17.5634
471.35,-0.0698593,-17.5669
471.4,-0.0698675,-17.5704
471.45,-0.0698701,-17.5739
471.5,-0.0698716,-17.5774
471.55,-0.0698825,-17.5809
471.6,-0.0698758,-17.5844
471.65,-0.0698731,-17.5879
471.7,-0.0698893,-17.5914
471.75,-0.0698821,-17.5949
471.8,-0.0698973,-17.5984
471.85,-0.0698913,-17.6018
471.9,-0.0698907,-17.6053
471.95,-0.069901,-17.6088
472.0,-0.0699049,-17.6123
472.05,-0.0699008,-17.6158
472.1,-0.0699187,-17.6193
472.15,-0.0699185,-17.6228
472.2,-0.0699225,-17.6263
472.25,-0.069944,-17.6298
472.3,-0.0699715,-17.6333
472.35,-0.069966,-17.6368
472.4,-0.0699694,-17.6403
472.45,-0.0699622,-17.6438
472.5,-0.0699463,-17.6473
472.55,-0.0699352,-17.6508
472.6,-0.0699402,-17.6543
472.65,-0.0699486,-17.6578
472.7,-0.0699564,-17.6613
472.75,-0.0699582,-17.6648
472.8,-0.069974,-17.6683
472.85,-0.0699669,-17.6718
472.9,-0.0699697,-17.6753
472.95,-0.0699781,-17.6788
473.0,-0.0699755,-17.6823
473.05,-0.0699648,-17.6858
473.1,-0.0699787,-17.6893
473.15,-0.0699749,-17.6928
473.2,-0.0699752,-17.6963
473.25,-0.069981,-17.6998
473.3,-0.0699844,-17.7033
473.35,-0.069982,-17.7068
473.4,-0.0699781,-17.7103
473.45,-0.0699878,-17.7138
473.5,-0.0699912,-17.7173
473.55,-0.0699948,-17.7208
473.6,-0.0699779,-17.7243
473.65,-0.0699825,-17.7278
473.7,-0.0700032,-17.7313
473.75,-0.0699918,-17.7348
473.8,-0.0699957,-17.7383
473.85,-0.069998,-17.7418
473.9,-0.0699974,-17.7453
473.95,-0.0700016,-17.7488
474.0,-0.0699953,-17.7523
474.05,-0.070017,-17.7558
474.1,-0.0700164,-17.7593
474.15,-0.0700264,-17.7628
474.2,-0.0700256,-17.7663
474.25,-0.0700353,-17.7698
474.3,-0.0700438,-17.7733
474.35,-0.0700326,-17.7768
474.4,-0.0700332,-17.7803
474.45,-0.0700508,-17.7838
474.5,-0.0700505,-17.7873
474.55,-0.0700624,-17.7908
474.6,-0.070072,-17.7943
474.65,-0.0700752,-17.7978
474.7,-0.0700889,-17.8013
474.75,-0.0700799,-17.8048
474.8,-0.0700863,-17.8083
474.85,-0.0700939,-17.8118
474.9,-0.0701093,-17.8153
474.95,-0.0701068,-17.8188
475.0,-0.0701137,-17.8223
475.05,-0.0701128,-17.8258
475.1,-0.0700995,-17.8293
475.15,-0.0701062,-17.8328
475.2,-0.0701234,-17.8363
475.25,-0.070119,-17.8399
475.3,-0.07014,-17.8434
475.35,-0.0701408,-17.8469
475.4,-0.070143,-17.8504
475.45,-0.0701613,-17.8539
475.5,-0.070157,-17.8574
475.55,-0.070193,-17.8609
475.6,-0.0702289,-17.8644
475.65,-0.0702276,-17.8679
475.7,-0.0702301,-17.8714
475.75,-0.070222,-17.8749
475.8,-0.0702338,-17.8785
475.85,-0.0702506,-17.882
475.9,-0.0702595,-17.8855
475.95,-0.0702517,-17.889
476.0,-0.0702507,-17.8925
476.05,-0.0702595,-17.896
476.1,-0.0702541,-17.8995
476.15,-0.0702553,-17.903
476.2,-0.0702658,-17.9066
476.25,-0.0702701,-17.9101
476.3,-0.0702699,-17.9136
476.35,-0.0702497,-17.9171
476.4,-0.0702578,-17.9206
476.45,-0.0702595,-17.9241
476.5,-0.0702595,-17.9276
476.55,-0.0702586,-17.9312
476.6,-0.0702628,-17.9347
476.65,-0.0702742,-17.9382
476.7,-0.0702756,-17.9417
476.75,-0.0702715,-17.9452
476.8,-0.0702855,-17.9487
476.85,-0.070279,-17.9522
476.9,-0.0702942,-17.9558
476.95,-0.0703009,-17.9593
477.0,-0.0703004,-17.9628
477.05,-0.0702996,-17.9663
477.1,-0.0702942,-17.9698
477.15,-0.0702879,-17.9733
477.2,-0.0702932,-17.9768
477.25,-0.0703051,-17.9804
477.3,-0.0703001,-17.9839
477.35,-0.0703079,-17.9874
477.4,-0.0703113,-17.9909
477.45,-0.0703172,-17.9944
477.5,-0.0703152,-17.9979
477.55,-0.0703169,-18.0014
477.6,-0.0703189,-18.005
477.65,-0.0703147,-18.0085
477.7,-0.0703262,-18.012
477.75,-0.0703245,-18.0155
477.8,-0.0703283,-18.019
477.85,-0.0703384,-18.0225
477.9,-0.0703217,-18.0261
477.95,-0.0703359,-18.0296
478.0,-0.0703424,-18.0331
478.05,-0.0703473,-18.0366
478.1,-0.0703432,-18.0401
478.15,-0.0703356,-18.0436
478.2,-0.0703298,-18.0472
478.25,-0.0703259,-18.0507
478.3,-0.0703323,-18.0542
478.35,-0.0703312,-18.0577
478.4,-0.0703383,-18.0612
478.45,-0.0703442,-18.0647
478.5,-0.0703535,-18.0683
478.55,-0.0703625,-18.0718
478.6,-0.07037,-18.0753
478.65,-0.0703681,-18.0788
478.7,-0.0703696,-18.0823
478.75,-0.0703861,-18.0859
478.8,-0.070401,-18.0894
478.85,-0.0703823,-18.0929
478.9,-0.0703851,-18.0964
478.95,-0.0703716,-18.0999
479.0,-0.0703769,-18.1035
479.05,-0.0704027,-18.107
479.1,-0.0704145,-18.1105
479.15,-0.0704023,-18.114
479.2,-0.0704091,-18.1175
479.25,-0.0704151,-18.1211
479.3,-0.0704245,-18.1246
479.35,-0.0704305,-18.1281
479.4,-0.0704416,-18.1316
479.45,-0.0704508,-18.1351
479.5,-0.0704572,-18.1387
479.55,-0.0704638,-18.1422
479.6,-0.0704737,-18.1457
479.65,-0.0704756,-18.1492
479.7,-0.0704791,-18.1528
479.75,-0.0704868,-18.1563
479.8,-0.0704882,-18.1598
479.85,-0.0704866,-18.1633
479.9,-0.0704997,-18.1669
479.95,-0.070489,-18.1704
480.0,-0.0705089,-18.1739
480.05,-0.0705322,-18.1774
480.1,-0.0705321,-18.181
480.15,-0.0705394,-18.1845
480.2,-0.0705573,-18.188
480.25,-0.0705526,-18.1915
480.3,-0.0705627,-18.1951
480.35,-0.0705718,-18.1986
480.4,-0.0705804,-18.2021
480.45,-0.0705924,-18.2057
480.5,-0.0706001,-18.2092
480.55,-0.0706002,-18.2127
480.6,-0.0706142,-18.2162
480.65,-0.0706244,-18.2198
480.7,-0.0706254,-18.2233
480.75,-0.0706428,-18.2268
480.8,-0.0706634,-18.2304
480.85,-0.0706723,-18.2339
480.9,-0.0706715,-18.2374
480.95,-0.070688,-18.241
481.0,-0.0706871,-18.2445
481.05,-0.0707115,-18.248
481.1,-0.0707143,-18.2516
481.15,-0.0707212,-18.2551
481.2,-0.0707342,-18.2587
481.25,-0.0707308,-18.2622
481.3,-0.0707497,-18.2657
481.35,-0.0707444,-18.2693
481.4,-0.0707604,-18.2728
481.45,-0.0707681,-18.2763
481.5,-0.0707855,-18.2799
481.55,-0.0707992,-18.2834
481.6,-0.070793,-18.287
481.65,-0.0707909,-18.2905
481.7,-0.0708099,-18.294
481.75,-0.0708176,-18.2976
481.8,-0.0708264,-18.3011
481.85,-0.0708373,-18.3047
481.9,-0.0708547,-18.3082
481.95,-0.0708682,-18.3118
482.0,-0.0708665,-18.3153
482.05,-0.0708743,-18.3188
482.1,-0.0708762,-18.3224
482.15,-0.0708949,-18.3259
482.2,-0.0708906,-18.3295
482.25,-0.0708998,-18.333
482.3,-0.0709074,-18.3366
482.35,-0.0709168,-18.3401
482.4,-0.0709214,-18.3437
482.45,-0.0709385,-18.3472
482.5,-0.070948,-18.3508
482.55,-0.0709462,-18.3543
482.6,-0.070963,-18.3578
482.65,-0.070973,-18.3614
482.7,-0.0709645,-18.3649
482.75,-0.0709782,-18.3685
482.8,-0.0709881,-18.372
482.85,-0.0709958,-18.3756
482.9,-0.0710024,-18.3791
482.95,-0.0710069,-18.3827
483.0,-0.0710344,-18.3862
483.05,-0.0710612,-18.3898
483.1,-0.0710645,-18.3934
483.15,-0.0710655,-18.3969
483.2,-0.0710613,-18.4005
483.25,-0.071063,-18.404
483.3,-0.0710557,-18.4076
483.35,-0.071068,-18.4111
483.4,-0.0710846,-18.4147
483.45,-0.0710886,-18.4182
483.5,-0.0711023,-18.4218
483.55,-0.0711068,-18.4253
483.6,-0.071121,-18.4289
483.65,-0.0711192,-18.4324
483.7,-0.0711188,-18.436
483.75,-0.0711067,-18.4396
483.8,-0.0711257,-18.4431
483.85,-0.0711263,-18.4467
483.9,-0.0711364,-18.4502
483.95,-0.0711334,-18.4538
484.0,-0.0711374,-18.4573
484.05,-0.0711265,-18.4609
484.1,-0.0711409,-18.4645
484.15,-0.0711331,-18.468
484.2,-0.0711483,-18.4716
484.25,-0.0711596,-18.4751
484.3,-0.0711643,-18.4787
484.35,-0.0711683,-18.4822
484.4,-0.0711847,-18.4858
484.45,-0.0711937,-18.4894
484.5,-0.0711905,-18.4929
484.55,-0.071206,-18.4965
484.6,-0.0712077,-18.5
484.65,-0.0712167,-18.5036
484.7,-0.0712252,-18.5072
484.75,-0.0712223,-18.5107
484.8,-0.0712333,-18.5143
484.85,-0.0712475,-18.5179
484.9,-0.0712579,-18.5214
484.95,-0.0712437,-18.525
485.0,-0.0712484,-18.5285
485.05,-0.0712611,-18.5321
485.1,-0.0712784,-18.5357
485.15,-0.0712716,-18.5392
485.2,-0.071284,-18.5428
485.25,-0.0712858,-18.5464
485.3,-0.0712978,-18.5499
485.35,-0.0713114,-18.5535
485.4,-0.0713096,-18.5571
485.45,-0.0713397,-18.5606
485.5,-0.0713426,-18.5642
485.55,-0.0713467,-18.5678
485.6,-0.0713516,-18.5713
485.65,-0.0713594,-18.5749
485.7,-0.0713737,-18.5785
485.75,-0.0713669,-18.582
485.8,-0.0713604,-18.5856
485.85,-0.0713751,-18.5892
485.9,-0.0713733,-18.5927
485.95,-0.0713793,-18.5963
486.0,-0.0713929,-18.5999
486.05,-0.0714069,-18.6034
486.1,-0.071427,-18.607
486.15,-0.071434,-18.6106
486.2,-0.0714355,-18.6142
486.25,-0.0714671,-18.6177
486.3,-0.0714961,-18.6213
486.35,-0.0715066,-18.6249
486.4,-0.0715221,-18.6285
486.45,-0.0715615,-18.632
486.5,-0.0715598,-18.6356
486.55,-0.0715659,-18.6392
486.6,-0.0715552,-18.6428
486.65,-0.0715506,-18.6463
486.7,-0.0715535,-18.6499
486.75,-0.0715853,-18.6535
486.8,-0.0715922,-18.6571
486.85,-0.0715991,-18.6607
486.9,-0.071605,-18.6642
486.95,-0.0716054,-18.6678
487.0,-0.0716176,-18.6714
487.05,-0.0716139,-18.675
487.1,-0.0716331,-18.6786
487.15,-0.071644,-18.6821
487.2,-0.0716431,-18.6857
487.25,-0.0716385,-18.6893
487.3,-0.0716403,-18.6929
487.35,-0.0716507,-18.6965
487.4,-0.0716617,-18.7001
487.45,-0.0716735,-18.7036
487.5,-0.0716883,-18.7072
487.55,-0.0716942,-18.7108
487.6,-0.0716931,-18.7144
487.65,-0.0717053,-18.718
487.7,-0.0717154,-18.7216
487.75,-0.0717311,-18.7252
487.8,-0.0717321,-18.7287
487.85,-0.0717279,-18.7323
487.9,-0.071729,-18.7359
487.95,-0.0717401,-18.7395
488.0,-0.0717402,-18.7431
488.05,-0.0717562,-18.7467
488.1,-0.0717694,-18.7503
488.15,-0.0717928,-18.7539
488.2,-0.0718035,-18.7574
488.25,-0.0718056,-18.761
488.3,-0.07181,-18.7646
488.35,-0.071811,-18.7682
488.4,-0.0718217,-18.7718
488.45,-0.0718264,-18.7754
488.5,-0.0718463,-18.779
488.55,-0.0718555,-18.7826
488.6,-0.0718499,-18.7862
488.65,-0.0718506,-18.7898
488.7,-0.0718658,-18.7934
488.75,-0.0718727,-18.797
488.8,-0.071881,-18.8005
488.85,-0.0718947,-18.8041
488.9,-0.0719016,-18.8077
488.95,-0.0719142,-18.8113
489.0,-0.0719235,-18.8149
489.05,-0.071934,-18.8185
489.1,-0.0719595,-18.8221
489.15,-0.0719676,-18.8257
489.2,-0.0719705,-18.8293
489.25,-0.0719703,-18.8329
489.3,-0.0719637,-18.8365
489.35,-0.0719989,-18.8401
489.4,-0.0719907,-18.8437
489.45,-0.0719982,-18.8473
489.5,-0.072004,-18.8509
489.55,-0.072007,-18.8545
489.6,-0.0720231,-18.8581
489.65,-0.0720252,-18.8617
489.7,-0.0719988,-18.8653
489.75,-0.0720028,-18.8689
489.8,-0.0720129,-18.8725
489.85,-0.0720162,-18.8761
489.9,-0.0720269,-18.8797
489.95,-0.0720363,-18.8833
490.0,-0.0720466,-18.8869
490.05,-0.0720558,-18.8905
490.1,-0.0720478,-18.8941
490.15,-0.0720639,-18.8977
490.2,-0.0720401,-18.9013
490.25,-0.072053,-18.9049
490.3,-0.0720583,-18.9085
490.35,-0.0720628,-18.9121
490.4,-0.0721026,-18.9158
490.45,-0.0721072,-18.9194
490.5,-0.0720842,-18.923
490.55,-0.0721026,-18.9266
490.6,-0.0721116,-18.9302
490.65,-0.072113,-18.9338
490.7,-0.0721231,-18.9374
490.75,-0.0721136,-18.941
490.8,-0.0721161,-18.9446
490.85,-0.0721166,-18.9482
490.9,-0.0721172,-18.9518
490.95,-0.0721304,-18.9554
491.0,-0.0721309,-18.959
491.05,-0.0721238,-18.9626
491.1,-0.0721146,-18.9662
491.15,-0.0721094,-18.9698
491.2,-0.072118,-18.9734
491.25,-0.072135,-18.9771
491.3,-0.0721234,-18.9807
491.35,-0.0721294,-18.9843
491.4,-0.0721401,-18.9879
491.45,-0.0721509,-18.9915
491.5,-0.0721434,-18.9951
491.55,-0.0721346,-18.9987
491.6,-0.0721432,-19.0023
491.65,-0.072152,-19.0059
491.7,-0.0721513,-19.0095
491.75,-0.0721573,-19.0131
491.8,-0.0721573,-19.0167
491.85,-0.0721655,-19.0203
491.9,-0.0721659,-19.0239
491.95,-0.0721727,-19.0276
492.0,-0.072194,-19.0312
492.05,-0.0721876,-19.0348
492.1,-0.0721825,-19.0384
492.15,-0.0721811,-19.042
492.2,-0.0721883,-19.0456
492.25,-0.072203,-19.0492
492.3,-0.0721999,-19.0528
492.35,-0.072203,-19.0564
492.4,-0.0722025,-19.06
492.45,-0.0722134,-19.0637
492.5,-0.0722024,-19.0673
492.55,-0.0722123,-19.0709
492.6,-0.0722166,-19.0745
492.65,-0.0722239,-19.0781
492.7,-0.0722339,-19.0817
492.75,-0.0722302,-19.0853
492.8,-0.0722318,-19.0889
492.85,-0.0722445,-19.0925
492.9,-0.0722582,-19.0962
492.95,-0.072263,-19.0998
493.0,-0.072266,-19.1034
493.05,-0.0722544,-19.107
493.1,-0.0722667,-19.1106
493.15,-0.0722602,-19.1142
493.2,-0.07227,-19.1178
493.25,-0.0722696,-19.1214
493.3,-0.0722698,-19.1251
493.35,-0.0722725,-19.1287
493.4,-0.0722838,-19.1323
493.45,-0.0722934,-19.1359
493.5,-0.0722857,-19.1395
493.55,-0.0722911,-19.1431
493.6,-0.0722959,-19.1467
493.65,-0.0722867,-19.1504
493.7,-0.0723013,-19.154
493.75,-0.0723127,-19.1576
493.8,-0.072301,-19.1612
493.85,-0.0723167,-19.1648
493.9,-0.0723193,-19.1684
493.95,-0.0723247,-19.1721
494.0,-0.0723345,-19.1757
494.05,-0.0723334,-19.1793
494.1,-0.0723443,-19.1829
494.15,-0.0723543,-19.1865
494.2,-0.0723511,-19.1901
494.25,-0.0723498,-19.1938
494.3,-0.0723612,-19.1974
494.35,-0.0723579,-19.201
494.4,-0.0723727,-19.2046
494.45,-0.0723906,-19.2082
494.5,-0.0724087,-19.2119
494.55,-0.072427,-19.2155
494.6,-0.0724331,-19.2191
494.65,-0.0724204,-19.2227
494.7,-0.0724276,-19.2263
494.75,-0.0724374,-19.23
494.8,-0.0724469,-19.2336
494.85,-0.0724332,-19.2372
494.9,-0.0724552,-19.2408
494.95,-0.0724649,-19.2445
495.0,-0.072471,-19.2481
495.05,-0.0724871,-19.2517
495.1,-0.0724962,-19.2553
495.15,-0.0725103,-19.2589
495.2,-0.0725165,-19.2626
495.25,-0.0725243,-19.2662
495.3,-0.0725181,-19.2698
495.35,-0.0725199,-19.2735
495.4,-0.0725387,-19.2771
495.45,-0.0725487,-19.2807
495.5,-0.072537,-19.2843
495.55,-0.0725295,-19.288
495.6,-0.0725228,-19.2916
495.65,-0.0725184,-19.2952
495.7,-0.0725448,-19.2988
495.75,-0.0725424,-19.3025
495.8,-0.0725478,-19.3061
495.85,-0.0725594,-19.3097
495.9,-0.0725661,-19.3134
495.95,-0.072573,-19.317
496.0,-0.0725628,-19.3206
496.05,-0.0725709,-19.3242
496.1,-0.0725829,-19.3279
496.15,-0.0725738,-19.3315
496.2,-0.0725761,-19.3351
496.25,-0.0725819,-19.3388
496.3,-0.0725805,-19.3424
496.35,-0.0725828,-19.346
496.4,-0.0725783,-19.3496
496.45,-0.0725889,-19.3533
496.5,-0.0725915,-19.3569
496.55,-0.0725938,-19.3605
496.6,-0.072599,-19.3642
496.65,-0.0726081,-19.3678
496.7,-0.072606,-19.3714
496.75,-0.0726075,-19.375
496.8,-0.0726149,-19.3787
496.85,-0.0726292,-19.3823
496.9,-0.0726236,-19.3859
496.95,-0.0726234,-19.3896
497.0,-0.0726302,-19.3932
497.05,-0.072635,-19.3968
497.1,-0.0726246,-19.4005
497.15,-0.0726339,-19.4041
497.2,-0.0726346,-19.4077
497.25,-0.0726491,-19.4114
497.3,-0.0726474,-19.415
497.35,-0.0726406,-19.4186
497.4,-0.0726416,-19.4223
497.45,-0.0726437,-19.4259
497.5,-0.0726471,-19.4295
497.55,-0.0726545,-19.4332
497.6,-0.0726867,-19.4368
497.65,-0.0727097,-19.4404
497.7,-0.0727035,-19.4441
497.75,-0.0727064,-19.4477
497.8,-0.0727057,-19.4513
497.85,-0.0727061,-19.455
497.9,-0.0727085,-19.4586
497.95,-0.0727186,-19.4622
498.0,-0.072724,-19.4659
498.05,-0.0727289,-19.4695
498.1,-0.0727214,-19.4731
498.15,-0.0727208,-19.4768
498.2,-0.0727332,-19.4804
498.25,-0.0727327,-19.4841
498.3,-0.0727342,-19.4877
498.35,-0.0727413,-19.4913
498.4,-0.0727344,-19.495
498.45,-0.0727408,-19.4986
498.5,-0.072757,-19.5022
498.55,-0.0727681,-19.5059
498.6,-0.0727782,-19.5095
498.65,-0.0727697,-19.5132
498.7,-0.0727828,-19.5168
498.75,-0.0727746,-19.5204
498.8,-0.0727693,-19.5241
498.85,-0.0727981,-19.5277
498.9,-0.072784,-19.5314
498.95,-0.0727919,-19.535
499.0,-0.0728125,-19.5386
499.05,-0.0728097,-19.5423
499.1,-0.0728138,-19.5459
499.15,-0.0727936,-19.5496
499.2,-0.072818,-19.5532
499.25,-0.0728263,-19.5568
499.3,-0.0728174,-19.5605
499.35,-0.072827,-19.5641
499.4,-0.072836,-19.5678
499.45,-0.0728299,-19.5714
499.5,-0.0728375,-19.575
499.55,-0.0728421,-19.5787
499.6,-0.0728503,-19.5823
499.65,-0.0728623,-19.586
499.7,-0.0728793,-19.5896
499.75,-0.072872,-19.5933
499.8,-0.0728742,-19.5969
499.85,-0.0728823,-19.6005
499.9,-0.072878,-19.6042
499.95,-0.072875,-19.6078
500.0,-0.0728871,-19.6115
500.05,-0.0728932,-19.6151
500.1,-0.072898,-19.6188
500.15,-0.0729183,-19.6224
500.2,-0.0729245,-19.6261
500.25,-0.0729266,-19.6297
500.3,-0.0729356,-19.6334
500.35,-0.0729425,-19.637
500.4,-0.0729469,-19.6406
500.45,-0.0729454,-19.6443
500.5,-0.0729594,-19.6479
500.55,-0.0729567,-19.6516
500.6,-0.0729665,-19.6552
500.65,-0.0729772,-19.6589
500.7,-0.0729761,-19.6625
500.75,-0.0729837,-19.6662
500.8,-0.0729993,-19.6698
500.85,-0.0730054,-19.6735
500.9,-0.0730153,-19.6771
500.95,-0.0730116,-19.6808
501.0,-0.0730167,-19.6844
501.05,-0.073035,-19.6881
501.1,-0.0730426,-19.6917
501.15,-0.0730317,-19.6954
501.2,-0.0730426,-19.699
501.25,-0.0730377,-19.7027
501.3,-0.0730324,-19.7064
501.35,-0.0730426,-19.71
501.4,-0.0730406,-19.7137
501.45,-0.073048,-19.7173
501.5,-0.0730533,-19.721
501.55,-0.0730541,-19.7246
501.6,-0.0730601,-19.7283
501.65,-0.0730774,-19.7319
501.7,-0.0730823,-19.7356
501.75,-0.0730849,-19.7392
501.8,-0.0731013,-19.7429
501.85,-0.0731051,-19.7465
501.9,-0.0731058,-19.7502
501.95,-0.0731072,-19.7538
502.0,-0.0731231,-19.7575
502.05,-0.0731192,-19.7612
502.1,-0.0731275,-19.7648
502.15,-0.0731372,-19.7685
502.2,-0.0731447,-19.7721
502.25,-0.0731541,-19.7758
502.3,-0.0731566,-19.7794
502.35,-0.0731611,-19.7831
502.4,-0.0731745,-19.7868
502.45,-0.0731745,-19.7904
502.5,-0.0731675,-19.7941
502.55,-0.0731895,-19.7977
502.6,-0.0731945,-19.8014
502.65,-0.0731926,-19.8051
502.7,-0.0732003,-19.8087
502.75,-0.0732282,-19.8124
502.8,-0.0732388,-19.816
502.85,-0.0732411,-19.8197
502.9,-0.0732448,-19.8234
502.95,-0.0732448,-19.827
503.0,-0.0732509,-19.8307
503.05,-0.0732431,-19.8344
503.1,-0.0732411,-19.838
503.15,-0.0732458,-19.8417
503.2,-0.0732458,-19.8453
503.25,-0.0732604,-19.849
503.3,-0.073272,-19.8527
503.35,-0.0732795,-19.8563
503.4,-0.0732898,-19.86
503.45,-0.0732994,-19.8637
503.5,-0.0733078,-19.8673
503.55,-0.0733174,-19.871
503.6,-0.0733154,-19.8747
503.65,-0.0733305,-19.8783
503.7,-0.073323,-19.882
503.75,-0.0733253,-19.8857
503.8,-0.073328,-19.8893
503.85,-0.0733292,-19.893
503.9,-0.0733426,-19.8967
503.95,-0.0733522,-19.9003
504.0,-0.0733547,-19.904
504.05,-0.0733702,-19.9077
504.1,-0.0733654,-19.9113
504.15,-0.0733612,-19.915
504.2,-0.0733843,-19.9187
504.25,-0.0733873,-19.9223
504.3,-0.0734028,-19.926
504.35,-0.0733962,-19.9297
504.4,-0.0734121,-19.9333
504.45,-0.0734316,-19.937
504.5,-0.0734313,-19.9407
504.55,-0.073433,-19.9444
504.6,-0.0734474,-19.948
504.65,-0.0734658,-19.9517
504.7,-0.0734634,-19.9554
504.75,-0.0734524,-19.9591
504.8,-0.0734683,-19.9627
504.85,-0.0734763,-19.9664
504.9,-0.0734799,-19.9701
504.95,-0.0734917,-19.9737
505.0,-0.0735161,-19.9774
505.05,-0.0735149,-19.9811
505.1,-0.0735307,-19.9848
505.15,-0.0735421,-19.9885
505.2,-0.0735479,-19.9921
505.25,-0.0735565,-19.9958
505.3,-0.0735606,-19.9995
505.35,-0.0735777,-20.0032
505.4,-0.0735936,-20.0068
505.45,-0.0735951,-20.0105
505.5,-0.0736066,-20.0142
505.55,-0.0736098,-20.0179
505.6,-0.0736312,-20.0216
505.65,-0.0736288,-20.0252
505.7,-0.0736502,-20.0289
505.75,-0.0736546,-20.0326
505.8,-0.0736526,-20.0363
505.85,-0.0736736,-20.04
505.9,-0.0736808,-20.0437
505.95,-0.0736896,-20.0473
506.0,-0.0736968,-20.051
506.05,-0.0737024,-20.0547
506.1,-0.0737163,-20.0584
506.15,-0.0737248,-20.0621
506.2,-0.0737347,-20.0658
506.25,-0.0737455,-20.0695
506.3,-0.0737561,-20.0732
506.35,-0.073773,-20.0768
506.4,-0.0737795,-20.0805
506.45,-0.0737789,-20.0842
506.5,-0.073793,-20.0879
506.55,-0.0737956,-20.0916
506.6,-0.073808,-20.0953
506.65,-0.0738239,-20.099
506.7,-0.0738302,-20.1027
506.75,-0.0738387,-20.1064
506.8,-0.0738481,-20.1101
506.85,-0.0738587,-20.1138
506.9,-0.0738541,-20.1174
506.95,-0.0738554,-20.1211
507.0,-0.0738808,-20.1248
507.05,-0.0738906,-20.1285
507.1,-0.0739006,-20.1322
507.15,-0.0739148,-20.1359
507.2,-0.0739187,-20.1396
507.25,-0.0739285,-20.1433
507.3,-0.0739501,-20.147
507.35,-0.0739585,-20.1507
507.4,-0.0739757,-20.1544
507.45,-0.0739889,-20.1581
507.5,-0.0740064,-20.1618
507.55,-0.0740245,-20.1655
507.6,-0.0740384,-20.1692
507.65,-0.0740405,-20.1729
507.7,-0.0740568,-20.1766
507.75,-0.0740678,-20.1803
507.8,-0.0740674,-20.184
507.85,-0.0740818,-20.1877
507.9,-0.0740895,-20.1914
507.95,-0.074091,-20.1951
508.0,-0.0741113,-20.1988
508.05,-0.0741071,-20.2025
508.1,-0.0741172,-20.2062
508.15,-0.0741232,-20.21
508.2,-0.0741433,-20.2137
508.25,-0.0741527,-20.2174
508.3,-0.0741666,-20.2211
508.35,-0.0741776,-20.2248
508.4,-0.0741999,-20.2285
508.45,-0.0742213,-20.2322
508.5,-0.0742231,-20.2359
508.55,-0.0742394,-20.2396
508.6,-0.0742448,-20.2433
508.65,-0.0742566,-20.2471
508.7,-0.0742546,-20.2508
508.75,-0.0742529,-20.2545
508.8,-0.0742482,-20.2582
508.85,-0.0742455,-20.2619
508.9,-0.0742405,-20.2656
508.95,-0.0742477,-20.2693
509.0,-0.0742589,-20.273
509.05,-0.0742825,-20.2768
509.1,-0.0742816,-20.2805
509.15,-0.074292,-20.2842
509.2,-0.0743093,-20.2879
509.25,-0.0742999,-20.2916
509.3,-0.074308,-20.2953
509.35,-0.0743259,-20.299
509.4,-0.0743206,-20.3028
509.45,-0.0743265,-20.3065
509.5,-0.0743162,-20.3102
509.55,-0.0743137,-20.3139
509.6,-0.0743103,-20.3176
509.65,-0.0743144,-20.3213
509.7,-0.0743022,-20.3251
509.75,-0.0743334,-20.3288
509.8,-0.0743358,-20.3325
509.85,-0.0743586,-20.3362
509.9,-0.0743665,-20.3399
509.95,-0.0743687,-20.3436
510.0,-0.0743567,-20.3474
510.05,-0.0743812,-20.3511
510.1,-0.0743764,-20.3548
510.15,-0.0743748,-20.3585
510.2,-0.0743749,-20.3622
510.25,-0.0743861,-20.366
510.3,-0.0744015,-20.3697
510.35,-0.0744049,-20.3734
510.4,-0.0744199,-20.3771
510.45,-0.0744079,-20.3808
510.5,-0.0744171,-20.3846
510.55,-0.0744065,-20.3883
510.6,-0.0744123,-20.392
510.65,-0.0744164,-20.3957
510.7,-0.0744345,-20.3994
510.75,-0.0744357,-20.4032
510.8,-0.0744312,-20.4069
510.85,-0.0744354,-20.4106
510.9,-0.0744463,-20.4143
510.95,-0.0744448,-20.4181
511.0,-0.074442,-20.4218
511.05,-0.0744543,-20.4255
511.1,-0.074459,-20.4292
511.15,-0.0744618,-20.4329
511.2,-0.0744652,-20.4367
511.25,-0.0744804,-20.4404
511.3,-0.0744715,-20.4441
511.35,-0.074478,-20.4478
511.4,-0.074476,-20.4516
511.45,-0.0744765,-20.4553
511.5,-0.0744689,-20.459
511.55,-0.0744764,-20.4627
511.6,-0.0744829,-20.4665
511.65,-0.0745157,-20.4702
511.7,-0.0745066,-20.4739
511.75,-0.0745116,-20.4776
511.8,-0.0745284,-20.4814
511.85,-0.0745332,-20.4851
511.9,-0.0745313,-20.4888
511.95,-0.0745358,-20.4925
512.0,-0.0745496,-20.4963
512.05,-0.0745419,-20.5
512.1,-0.0745451,-20.5037
512.15,-0.0745447,-20.5074
512.2,-0.0745448,-20.5112
512.25,-0.0745616,-20.5149
512.3,-0.0745643,-20.5186
512.35,-0.0745697,-20.5224
512.4,-0.0745758,-20.5261
512.45,-0.0745875,-20.5298
512.5,-0.0745794,-20.5335
512.55,-0.0745948,-20.5373
512.6,-0.0745904,-20.541
512.65,-0.0745863,-20.5447
512.7,-0.0745859,-20.5485
512.75,-0.0745757,-20.5522
512.8,-0.0745865,-20.5559
512.85,-0.0745958,-20.5597
512.9,-0.0745923,-20.5634
512.95,-0.0746093,-20.5671
513.0,-0.0746243,-20.5708
513.05,-0.0746196,-20.5746
513.1,-0.0746186,-20.5783
513.15,-0.0746316,-20.582
513.2,-0.074644,-20.5858
513.25,-0.0746375,-20.5895
513.3,-0.074647,-20.5932
513.35,-0.0746449,-20.597
513.4,-0.0746513,-20.6007
513.45,-0.0746569,-20.6044
513.5,-0.0746501,-20.6082
513.55,-0.0746629,-20.6119
513.6,-0.0746668,-20.6156
513.65,-0.0746747,-20.6194
513.7,-0.0746851,-20.6231
513.75,-0.0746966,-20.6268
513.8,-0.0747048,-20.6306
513.85,-0.0747033,-20.6343
513.9,-0.074719,-20.638
513.95,-0.074717,-20.6418
514.0,-0.0747183,-20.6455
514.05,-0.0747105,-20.6492
514.1,-0.0747269,-20.653
514.15,-0.0747331,-20.6567
514.2,-0.0747413,-20.6605
514.25,-0.0747472,-20.6642
514.3,-0.0747456,-20.6679
514.35,-0.0747417,-20.6717
514.4,-0.0747563,-20.6754
514.45,-0.0747708,-20.6791
514.5,-0.0747541,-20.6829
514.55,-0.074763,-20.6866
514.6,-0.074762,-20.6904
514.65,-0.0747687,-20.6941
514.7,-0.0747773,-20.6978
514.75,-0.0747873,-20.7016
514.8,-0.0747905,-20.7053
514.85,-0.0748032,-20.7091
514.9,-0.0748284,-20.7128
514.95,-0.0748301,-20.7165
515.0,-0.0748277,-20.7203
515.05,-0.0748487,-20.724
515.1,-0.0748617,-20.7278
515.15,-0.0748625,-20.7315
515.2,-0.0748662,-20.7353
515.25,-0.074855,-20.739
515.3,-0.0748644,-20.7427
515.35,-0.0748792,-20.7465
515.4,-0.0748651,-20.7502
515.45,-0.0748701,-20.754
515.5,-0.0748905,-20.7577
515.55,-0.0748817,-20.7615
515.6,-0.0749009,-20.7652
515.65,-0.0749,-20.7689
515.7,-0.0749207,-20.7727
515.75,-0.0749369,-20.7764
515.8,-0.074943,-20.7802
515.85,-0.0749378,-20.7839
515.9,-0.0749496,-20.7877
515.95,-0.0749471,-20.7914
516.0,-0.0749446,-20.7952
516.05,-0.0749581,-20.7989
516.1,-0.0749653,-20.8027
516.15,-0.0749779,-20.8064
516.2,-0.074983,-20.8102
516.25,-0.0749787,-20.8139
516.3,-0.0749811,-20.8177
516.35,-0.0750022,-20.8214
516.4,-0.074994,-20.8252
516.45,-0.0749937,-20.8289
516.5,-0.0750022,-20.8327
516.55,-0.0750096,-20.8364
516.6,-0.075007,-20.8402
516.65,-0.0750219,-20.8439
516.7,-0.0750284,-20.8477
516.75,-0.075043,-20.8514
516.8,-0.0750549,-20.8552
516.85,-0.0750636,-20.8589
516.9,-0.0750659,-20.8627
516.95,-0.0750794,-20.8664
517.0,-0.0750874,-20.8702
517.05,-0.0750941,-20.8739
517.1,-0.075092,-20.8777
517.15,-0.0750819,-20.8815
517.2,-0.0750968,-20.8852
517.25,-0.0751128,-20.889
517.3,-0.0751178,-20.8927
517.35,-0.0751191,-20.8965
517.4,-0.0751562,-20.9002
517.45,-0.0751457,-20.904
517.5,-0.0751506,-20.9077
517.55,-0.0751447,-20.9115
517.6,-0.0751705,-20.9153
517.65,-0.0751677,-20.919
517.7,-0.0751822,-20.9228
517.75,-0.0751794,-20.9265
517.8,-0.0751841,-20.9303
517.85,-0.0751858,-20.9341
517.9,-0.0751968,-20.9378
517.95,-0.0752179,-20.9416
518.0,-0.0752104,-20.9453
518.05,-0.0752065,-20.9491
518.1,-0.0752177,-20.9529
518.15,-0.0752393,-20.9566
518.2,-0.0752498,-20.9604
518.25,-0.0752555,-20.9641
518.3,-0.0752591,-20.9679
518.35,-0.0752786,-20.9717
518.4,-0.0752737,-20.9754
518.45,-0.075259,-20.9792
518.5,-0.0752432,-20.983
518.55,-0.0752557,-20.9867
518.6,-0.0752568,-20.9905
518.65,-0.075257,-20.9943
518.7,-0.0752656,-20.998
518.75,-0.0752801,-21.0018
518.8,-0.0752795,-21.0055
518.85,-0.0752886,-21.0093
518.9,-0.0752951,-21.0131
518.95,-0.0753019,-21.0168
519.0,-0.0753054,-21.0206
519.05,-0.0752902,-21.0244
519.1,-0.0752848,-21.0281
519.15,-0.0752986,-21.0319
519.2,-0.0753043,-21.0357
519.25,-0.0753298,-21.0394
519.3,-0.0753287,-21.0432
519.35,-0.0753223,-21.047
519.4,-0.0753268,-21.0507
519.45,-0.0753249,-21.0545
519.5,-0.0753191,-21.0583
519.55,-0.0753236,-21.062
519.6,-0.0753227,-21.0658
519.65,-0.0753229,-21.0696
519.7,-0.0753428,-21.0733
519.75,-0.0753407,-21.0771
519.8,-0.0753443,-21.0809
519.85,-0.0753608,-21.0846
519.9,-0.0753743,-21.0884
519.95,-0.0753688,-21.0922
520.0,-0.075375,-21.0959
520.05,-0.0753723,-21.0997
520.1,-0.0753756,-21.1035
520.15,-0.0753766,-21.1072
520.2,-0.0753788,-21.111
520.25,-0.0753683,-21.1148
520.3,-0.0753726,-21.1185
520.35,-0.0753682,-21.1223
520.4,-0.0753717,-21.1261
520.45,-0.0753719,-21.1299
520.5,-0.0753737,-21.1336
520.55,-0.0753713,-21.1374
520.6,-0.0753601,-21.1412
520.65,-0.0753744,-21.1449
520.7,-0.0753793,-21.1487
520.75,-0.0753822,-21.1525
520.8,-0.0753868,-21.1562
520.85,-0.0753928,-21.16
520.9,-0.0754018,-21.1638
520.95,-0.0753942,-21.1675
521.0,-0.0754032,-21.1713
521.05,-0.0754108,-21.1751
521.1,-0.0754052,-21.1789
521.15,-0.0754059,-21.1826
521.2,-0.0754112,-21.1864
521.25,-0.0754073,-21.1902
521.3,-0.0754274,-21.1939
521.35,-0.0754388,-21.1977
521.4,-0.0754295,-21.2015
521.45,-0.0754418,-21.2053
521.5,-0.0754439,-21.209
521.55,-0.0754317,-21.2128
521.6,-0.0754286,-21.2166
521.65,-0.0754384,-21.2203
521.7,-0.0754525,-21.2241
521.75,-0.0754574,-21.2279
521.8,-0.0754697,-21.2317
521.85,-0.0754664,-21.2354
521.9,-0.0754781,-21.2392
521.95,-0.0754807,-21.243
522.0,-0.0754708,-21.2468
522.05,-0.0754802,-21.2505
522.1,-0.0754769,-21.2543
522.15,-0.075476,-21.2581
522.2,-0.0754626,-21.2618
522.25,-0.0754459,-21.2656
522.3,-0.0754498,-21.2694
522.35,-0.0754686,-21.2732
522.4,-0.0754778,-21.2769
522.45,-0.0754713,-21.2807
522.5,-0.0754794,-21.2845
522.55,-0.0754789,-21.2883
522.6,-0.0754871,-21.292
522.65,-0.0754881,-21.2958
522.7,-0.0755082,-21.2996
522.75,-0.0755105,-21.3034
522.8,-0.0755167,-21.3071
522.85,-0.0755116,-21.3109
522.9,-0.0755198,-21.3147
522.95,-0.0755253,-21.3185
523.0,-0.075518,-21.3222
523.05,-0.0755228,-21.326
523.1,-0.0755475,-21.3298
523.15,-0.0755534,-21.3336
523.2,-0.0755665,-21.3374
523.25,-0.0755736,-21.3411
523.3,-0.0755888,-21.3449
523.35,-0.0756052,-21.3487
523.4,-0.0755827,-21.3525
523.45,-0.0755891,-21.3562
523.5,-0.0756156,-21.36
523.55,-0.0756077,-21.3638
523.6,-0.0755916,-21.3676
523.65,-0.0756114,-21.3714
523.7,-0.0756252,-21.3752
523.75,-0.0756266,-21.3789
523.8,-0.0756385,-21.3827
523.85,-0.0756473,-21.3865
523.9,-0.0756635,-21.3903
523.95,-0.0756767,-21.3941
524.0,-0.0756778,-21.3978
524.05,-0.0756753,-21.4016
524.1,-0.0756778,-21.4054
524.15,-0.0756703,-21.4092
524.2,-0.075667,-21.413
524.25,-0.0756719,-21.4168
524.3,-0.0756828,-21.4205
524.35,-0.0756932,-21.4243
524.4,-0.0756975,-21.4281
524.45,-0.075705,-21.4319
524.5,-0.0757213,-21.4357
524.55,-0.0757383,-21.4395
524.6,-0.0757337,-21.4433
524.65,-0.0757478,-21.4471
524.7,-0.0757448,-21.4508
524.75,-0.0757532,-21.4546
524.8,-0.0757509,-21.4584
524.85,-0.0757608,-21.4622
524.9,-0.0757755,-21.466
524.95,-0.0757794,-21.4698
525.0,-0.0757829,-21.4736
525.05,-0.0757833,-21.4774
525.1,-0.0757761,-21.4811
525.15,-0.075783,-21.4849
525.2,-0.0757952,-21.4887
525.25,-0.0757969,-21.4925
525.3,-0.0758082,-21.4963
525.35,-0.0758204,-21.5001
525.4,-0.0758339,-21.5039
525.45,-0.075846,-21.5077
525.5,-0.0758368,-21.5115
525.55,-0.0758411,-21.5153
525.6,-0.0758537,-21.5191
525.65,-0.0758575,-21.5229
525.7,-0.0758544,-21.5266
525.75,-0.0758595,-21.5304
525.8,-0.0758603,-21.5342
525.85,-0.0758736,-21.538
525.9,-0.0758806,-21.5418
525.95,-0.0759034,-21.5456
526.0,-0.0758978,-21.5494
526.05,-0.075886,-21.5532
526.1,-0.0758949,-21.557
526.15,-0.0758931,-21.5608
526.2,-0.0758971,-21.5646
526.25,-0.0759108,-21.5684
526.3,-0.0759195,-21.5722
526.35,-0.0759149,-21.576
526.4,-0.0759347,-21.5798
526.45,-0.0759228,-21.5836
526.5,-0.0759407,-21.5874
526.55,-0.075956,-21.5912
526.6,-0.0759473,-21.595
526.65,-0.0759644,-21.5988
526.7,-0.0759596,-21.6026
526.75,-0.0759572,-21.6064
526.8,-0.0759684,-21.6102
526.85,-0.0759819,-21.6139
526.9,-0.0760328,-21.6178
526.95,-0.0760343,-21.6216
527.0,-0.0760348,-21.6254
527.05,-0.0760408,-21.6292
527.1,-0.0760341,-21.633
527.15,-0.0760393,-21.6368
527.2,-0.0760551,-21.6406
527.25,-0.0760761,-21.6444
527.3,-0.0760876,-21.6482
527.35,-0.0760842,-21.652
527.4,-0.0760827,-21.6558
527.45,-0.0760983,-21.6596
527.5,-0.0761137,-21.6634
527.55,-0.0761041,-21.6672
527.6,-0.0761228,-21.671
527.65,-0.0761369,-21.6748
527.7,-0.0761457,-21.6786
527.75,-0.0761568,-21.6824
527.8,-0.0761572,-21.6862
527.85,-0.0761687,-21.69
527.9,-0.0761584,-21.6938
527.95,-0.0761643,-21.6977
528.0,-0.076143,-21.7015
528.05,-0.0761562,-21.7053
528.1,-0.0761815,-21.7091
528.15,-0.076183,-21.7129
528.2,-0.0761908,-21.7167
528.25,-0.0762125,-21.7205
528.3,-0.0762105,-21.7243
528.35,-0.0762212,-21.7281
528.4,-0.0762299,-21.7319
528.45,-0.0762276,-21.7358
528.5,-0.0762327,-21.7396
528.55,-0.0762393,-21.7434
528.6,-0.0762418,-21.7472
528.65,-0.076237,-21.751
528.7,-0.0762246,-21.7548
528.75,-0.0762328,-21.7586
528.8,-0.0762277,-21.7624
528.85,-0.0762384,-21.7662
528.9,-0.0762482,-21.7701
528.95,-0.0762519,-21.7739
529.0,-0.0762492,-21.7777
529.05,-0.0762622,-21.7815
529.1,-0.0762736,-21.7853
529.15,-0.07629,-21.7891
529.2,-0.0762842,-21.7929
529.25,-0.0762942,-21.7968
529.3,-0.0762988,-21.8006
529.35,-0.0763028,-21.8044
529.4,-0.0763183,-21.8082
529.45,-0.0763211,-21.812
529.5,-0.0763392,-21.8158
529.55,-0.0763285,-21.8197
529.6,-0.0763402,-21.8235
529.65,-0.0763442,-21.8273
529.7,-0.0763516,-21.8311
529.75,-0.0763559,-21.8349
529.8,-0.0763804,-21.8387
529.85,-0.0763726,-21.8426
529.9,-0.0763729,-21.8464
529.95,-0.0763711,-21.8502
530.0,-0.0763923,-21.854
530.05,-0.0763882,-21.8578
530.1,-0.0764019,-21.8617
530.15,-0.0764062,-21.8655
530.2,-0.0764091,-21.8693
530.25,-0.0764334,-21.8731
530.3,-0.0764344,-21.8769
530.35,-0.0764527,-21.8808
530.4,-0.0764424,-21.8846
530.45,-0.0764493,-21.8884
530.5,-0.0764642,-21.8922
530.55,-0.0764698,-21.8961
530.6,-0.0764876,-21.8999
530.65,-0.0764789,-21.9037
530.7,-0.0764908,-21.9075
530.75,-0.0765117,-21.9114
530.8,-0.0765189,-21.9152
530.85,-0.076514,-21.919
530.9,-0.0765193,-21.9228
530.95,-0.0765234,-21.9267
531.0,-0.0765399,-21.9305
531.05,-0.0765395,-21.9343
531.1,-0.0765529,-21.9381
531.15,-0.0765878,-21.942
531.2,-0.0765853,-21.9458
531.25,-0.0765855,-21.9496
531.3,-0.0765977,-21.9535
531.35,-0.0766178,-21.9573
531.4,-0.0766212,-21.9611
531.45,-0.0766357,-21.9649
531.5,-0.0766625,-21.9688
531.55,-0.0766604,-21.9726
531.6,-0.0766699,-21.9764
531.65,-0.0766744,-21.9803
531.7,-0.0766549,-21.9841
531.75,-0.0766542,-21.9879
531.8,-0.0766613,-21.9918
531.85,-0.0766687,-21.9956
531.9,-0.0766726,-21.9994
531.95,-0.0766926,-22.0033
532.0,-0.0767048,-22.0071
532.05,-0.0767137,-22.011
532.1,-0.0767173,-22.0148
532.15,-0.0767338,-22.0186
532.2,-0.076751,-22.0225
532.25,-0.0767571,-22.0263
532.3,-0.0767652,-22.0301
532.35,-0.0767679,-22.034
532.4,-0.076778,-22.0378
532.45,-0.0767781,-22.0417
532.5,-0.0767829,-22.0455
532.55,-0.0767987,-22.0493
532.6,-0.0767995,-22.0532
532.65,-0.0767987,-22.057
532.7,-0.0768039,-22.0609
532.75,-0.0768221,-22.0647
532.8,-0.0768222,-22.0685
532.85,-0.0768358,-22.0724
532.9,-0.0768512,-22.0762
532.95,-0.0768453,-22.0801
533.0,-0.0768618,-22.0839
533.05,-0.0768554,-22.0877
533.1,-0.076855,-22.0916
533.15,-0.0768805,-22.0954
533.2,-0.0768827,-22.0993
533.25,-0.0769023,-22.1031
533.3,-0.0769095,-22.107
533.35,-0.0769074,-22.1108
533.4,-0.0769159,-22.1147
533.45,-0.0769253,-22.1185
533.5,-0.0769216,-22.1224
533.55,-0.0769216,-22.1262
533.6,-0.0769254,-22.13
533.65,-0.0769314,-22.1339
533.7,-0.0769304,-22.1377
533.75,-0.0769299,-22.1416
533.8,-0.0769385,-22.1454
533.85,-0.0769407,-22.1493
533.9,-0.0769615,-22.1531
533.95,-0.0769534,-22.157
534.0,-0.076965,-22.1608
534.05,-0.0769641,-22.1647
534.1,-0.0769542,-22.1685
534.15,-0.0769643,-22.1724
534.2,-0.076972,-22.1762
534.25,-0.0769604,-22.1801
534.3,-0.0769833,-22.1839
534.35,-0.076977,-22.1878
534.4,-0.0769664,-22.1916
534.45,-0.0769645,-22.1955
534.5,-0.0769749,-22.1993
534.55,-0.0769631,-22.2032
534.6,-0.0769733,-22.207
534.65,-0.0769806,-22.2109
534.7,-0.0769811,-22.2147
534.75,-0.0769826,-22.2186
534.8,-0.076993,-22.2224
534.85,-0.0769902,-22.2262
534.9,-0.0769942,-22.2301
534.95,-0.0770015,-22.2339
535.0,-0.076998,-22.2378
535.05,-0.0770023,-22.2416
535.1,-0.0770043,-22.2455
535.15,-0.0770019,-22.2494
535.2,-0.0770065,-22.2532
535.25,-0.077016,-22.2571
535.3,-0.0770089,-22.2609
535.35,-0.0770261,-22.2648
535.4,-0.0770158,-22.2686
535.45,-0.0770096,-22.2725
535.5,-0.0770095,-22.2763
535.55,-0.0769943,-22.2802
535.6,-0.0769953,-22.284
535.65,-0.0770091,-22.2879
535.7,-0.076997,-22.2917
535.75,-0.0769987,-22.2956
535.8,-0.0770123,-22.2994
535.85,-0.0770145,-22.3033
535.9,-0.0770325,-22.3071
535.95,-0.077039,-22.311
536.0,-0.077041,-22.3148
536.05,-0.0770494,-22.3187
536.1,-0.0770406,-22.3225
536.15,-0.0770338,-22.3264
536.2,-0.077021,-22.3302
536.25,-0.0770186,-22.3341
536.3,-0.077028,-22.3379
536.35,-0.0770227,-22.3418
536.4,-0.0770306,-22.3456
536.45,-0.0770372,-22.3495
536.5,-0.0770346,-22.3533
536.55,-0.0770366,-22.3572
536.6,-0.0770371,-22.361
536.65,-0.0770328,-22.3649
536.7,-0.0770377,-22.3687
536.75,-0.0770286,-22.3726
536.8,-0.0770348,-22.3764
536.85,-0.0770509,-22.3803
536.9,-0.0770389,-22.3841
536.95,-0.0770384,-22.388
537.0,-0.0770245,-22.3918
537.05,-0.0770375,-22.3957
537.1,-0.0770507,-22.3995
537.15,-0.077055,-22.4034
537.2,-0.0770572,-22.4073
537.25,-0.0770577,-22.4111
537.3,-0.0770584,-22.415
537.35,-0.0770708,-22.4188
537.4,-0.0770826,-22.4227
537.45,-0.0770705,-22.4265
537.5,-0.0770679,-22.4304
537.55,-0.0770634,-22.4342
537.6,-0.0770527,-22.4381
537.65,-0.0770546,-22.4419
537.7,-0.0770614,-22.4458
537.75,-0.0770721,-22.4496
537.8,-0.0770792,-22.4535
537.85,-0.0770821,-22.4573
537.9,-0.0770893,-22.4612
537.95,-0.0770859,-22.4651
538.0,-0.0771046,-22.4689
538.05,-0.0771,-22.4728
538.1,-0.0770978,-22.4766
538.15,-0.0771001,-22.4805
538.2,-0.0771103,-22.4843
538.25,-0.0771006,-22.4882
538.3,-0.0770984,-22.492
538.35,-0.0771029,-22.4959
538.4,-0.0771078,-22.4998
538.45,-0.0770804,-22.5036
538.5,-0.0770824,-22.5075
538.55,-0.0770935,-22.5113
538.6,-0.0771053,-22.5152
538.65,-0.0770962,-22.519
538.7,-0.0771142,-22.5229
538.75,-0.0771253,-22.5267
538.8,-0.077134,-22.5306
538.85,-0.0771275,-22.5345
538.9,-0.0771489,-22.5383
538.95,-0.0771708,-22.5422
539.0,-0.0771791,-22.546
539.05,-0.0771685,-22.5499
539.1,-0.0771791,-22.5537
539.15,-0.0771786,-22.5576
539.2,-0.0771799,-22.5615
539.25,-0.0771901,-22.5653
539.3,-0.0771841,-22.5692
539.35,-0.0771765,-22.573
539.4,-0.0771773,-22.5769
539.45,-0.0771685,-22.5808
539.5,-0.077165,-22.5846
539.55,-0.0771598,-22.5885
539.6,-0.0771641,-22.5923
539.65,-0.0771758,-22.5962
539.7,-0.0771834,-22.6
539.75,-0.077192,-22.6039
539.8,-0.0771952,-22.6078
539.85,-0.0772093,-22.6116
539.9,-0.0772055,-22.6155
539.95,-0.0772176,-22.6194
540.0,-0.0772214,-22.6232
540.05,-0.0772225,-22.6271
540.1,-0.077228,-22.6309
540.15,-0.077221,-22.6348
540.2,-0.0772252,-22.6387
540.25,-0.077231,-22.6425
540.3,-0.0772197,-22.6464
540.35,-0.0772108,-22.6502
540.4,-0.077217,-22.6541
540.45,-0.0772339,-22.658
540.5,-0.077233,-22.6618
540.55,-0.0772411,-22.6657
540.6,-0.077252,-22.6695
540.65,-0.0772536,-22.6734
540.7,-0.0772697,-22.6773
540.75,-0.0772492,-22.6811
540.8,-0.0772588,-22.685
540.85,-0.0772684,-22.6889
540.9,-0.0772673,-22.6927
540.95,-0.0772742,-22.6966
541.0,-0.0772739,-22.7005
541.05,-0.0772799,-22.7043
541.1,-0.0772775,-22.7082
541.15,-0.0772889,-22.712
541.2,-0.0772997,-22.7159
541.25,-0.0773191,-22.7198
541.3,-0.0773179,-22.7236
541.35,-0.0773279,-22.7275
541.4,-0.0773387,-22.7314
541.45,-0.0773402,-22.7352
541.5,-0.0773543,-22.7391
541.55,-0.077363,-22.743
541.6,-0.0773807,-22.7468
541.65,-0.0773777,-22.7507
541.7,-0.0773813,-22.7546
541.75,-0.0773967,-22.7585
541.8,-0.0774023,-22.7623
541.85,-0.0774014,-22.7662
541.9,-0.0774057,-22.7701
541.95,-0.0774083,-22.7739
542.0,-0.0774051,-22.7778
542.05,-0.0774168,-22.7817
542.1,-0.0774255,-22.7855
542.15,-0.0774212,-22.7894
542.2,-0.0774377,-22.7933
542.25,-0.0774358,-22.7972
542.3,-0.0774477,-22.801
542.35,-0.0774594,-22.8049
542.4,-0.0774687,-22.8088
542.45,-0.0774634,-22.8127
542.5,-0.0774661,-22.8165
542.55,-0.0774784,-22.8204
542.6,-0.0774761,-22.8243
542.65,-0.0774745,-22.8282
542.7,-0.0774796,-22.832
542.75,-0.0774749,-22.8359
542.8,-0.0774817,-22.8398
542.85,-0.0774875,-22.8436
542.9,-0.077496,-22.8475
542.95,-0.0775029,-22.8514
543.0,-0.0775168,-22.8553
543.05,-0.0775155,-22.8591
543.1,-0.0775312,-22.863
543.15,-0.0775348,-22.8669
543.2,-0.077531,-22.8708
543.25,-0.077522,-22.8747
543.3,-0.077522,-22.8785
543.35,-0.077512,-22.8824
543.4,-0.0775156,-22.8863
543.45,-0.0775203,-22.8902
543.5,-0.0775295,-22.894
543.55,-0.0775332,-22.8979
543.6,-0.0775348,-22.9018
543.65,-0.0775362,-22.9057
543.7,-0.0775528,-22.9095
543.75,-0.0775504,-22.9134
543.8,-0.0775642,-22.9173
543.85,-0.0775666,-22.9212
543.9,-0.0775761,-22.9251
543.95,-0.0775716,-22.9289
544.0,-0.0775799,-22.9328
544.05,-0.0775845,-22.9367
544.1,-0.0775851,-22.9406
544.15,-0.0775793,-22.9445
544.2,-0.0775883,-22.9483
544.25,-0.0776034,-22.9522
544.3,-0.0776066,-22.9561
544.35,-0.0776164,-22.96
544.4,-0.0776219,-22.9639
544.45,-0.0776201,-22.9677
544.5,-0.0776276,-22.9716
544.55,-0.0776407,-22.9755
544.6,-0.077637,-22.9794
544.65,-0.077649,-22.9833
544.7,-0.0776704,-22.9871
544.75,-0.0776768,-22.991
544.8,-0.0776834,-22.9949
544.85,-0.0776848,-22.9988
544.9,-0.0777014,-23.0027
544.95,-0.077698,-23.0066
545.0,-0.0777093,-23.0105
545.05,-0.0777034,-23.0143
545.1,-0.0777113,-23.0182
545.15,-0.0777005,-23.0221
545.2,-0.077696,-23.026
545.25,-0.0777054,-23.0299
545.3,-0.0777165,-23.0338
545.35,-0.0777289,-23.0377
545.4,-0.077737,-23.0415
545.45,-0.0777326,-23.0454
545.5,-0.077752,-23.0493
545.55,-0.0777486,-23.0532
545.6,-0.0777636,-23.0571
545.65,-0.0777646,-23.061
545.7,-0.0777628,-23.0649
545.75,-0.0777762,-23.0688
545.8,-0.0777826,-23.0726
545.85,-0.0777879,-23.0765
545.9,-0.0777842,-23.0804
545.95,-0.0777884,-23.0843
546.0,-0.0778084,-23.0882
546.05,-0.0778022,-23.0921
546.1,-0.0778118,-23.096
546.15,-0.0778184,-23.0999
546.2,-0.0778326,-23.1038
546.25,-0.0778332,-23.1077
546.3,-0.0778349,-23.1115
546.35,-0.0778558,-23.1154
546.4,-0.0778554,-23.1193
546.45,-0.077867,-23.1232
546.5,-0.077876,-23.1271
546.55,-0.0778834,-23.131
546.6,-0.0778907,-23.1349
546.65,-0.0778925,-23.1388
546.7,-0.0778972,-23.1427
546.75,-0.077914,-23.1466
546.8,-0.0779234,-23.1505
546.85,-0.0779305,-23.1544
546.9,-0.0779707,-23.1583
546.95,-0.0779789,-23.1622
547.0,-0.0779827,-23.1661
547.05,-0.0779866,-23.17
547.1,-0.0779852,-23.1739
547.15,-0.0779865,-23.1778
547.2,-0.0779997,-23.1817
547.25,-0.0780065,-23.1856
547.3,-0.0780113,-23.1895
547.35,-0.0780259,-23.1934
547.4,-0.0780324,-23.1973
547.45,-0.0780423,-23.2012
547.5,-0.0780675,-23.2051
547.55,-0.078068,-23.209
547.6,-0.0780832,-23.2129
547.65,-0.0780895,-23.2168
547.7,-0.078096,-23.2207
547.75,-0.0780915,-23.2246
547.8,-0.0780892,-23.2285
547.85,-0.0780961,-23.2324
547.9,-0.0780883,-23.2363
547.95,-0.0781034,-23.2402
548.0,-0.0781161,-23.2441
548.05,-0.0781299,-23.248
548.1,-0.0781415,-23.2519
548.15,-0.0781567,-23.2559
548.2,-0.0781613,-23.2598
548.25,-0.0781715,-23.2637
548.3,-0.0781817,-23.2676
548.35,-0.0781897,-23.2715
548.4,-0.0781976,-23.2754
548.45,-0.0781947,-23.2793
548.5,-0.0782168,-23.2832
548.55,-0.0782255,-23.2871
548.6,-0.0782409,-23.291
548.65,-0.0782534,-23.295
548.7,-0.0782579,-23.2989
548.75,-0.0782817,-23.3028
548.8,-0.0782851,-23.3067
548.85,-0.0782879,-23.3106
548.9,-0.0782919,-23.3145
548.95,-0.0782966,-23.3184
549.0,-0.0783115,-23.3224
549.05,-0.0783179,-23.3263
549.1,-0.0783303,-23.3302
549.15,-0.078335,-23.3341
549.2,-0.0783414,-23.338
549.25,-0.0783653,-23.3419
549.3,-0.0783692,-23.3459
549.35,-0.0783748,-23.3498
549.4,-0.0783877,-23.3537
549.45,-0.0783821,-23.3576
549.5,-0.0783886,-23.3615
549.55,-0.0784143,-23.3655
549.6,-0.0784145,-23.3694
549.65,-0.0784361,-23.3733
549.7,-0.0784574,-23.3772
549.75,-0.0784546,-23.3811
549.8,-0.0784551,-23.3851
549.85,-0.0784643,-23.389
549.9,-0.0784824,-23.3929
549.95,-0.0784984,-23.3968
550.0,-0.0785104,-23.4008
550.05,-0.0785148,-23.4047
550.1,-0.0785296,-23.4086
550.15,-0.0785409,-23.4125
550.2,-0.0785372,-23.4165
550.25,-0.0785411,-23.4204
550.3,-0.07855,-23.4243
550.35,-0.0785563,-23.4283
550.4,-0.0785741,-23.4322
550.45,-0.0785842,-23.4361
550.5,-0.0785878,-23.44
550.55,-0.0785937,-23.444
550.6,-0.078609,-23.4479
550.65,-0.0786051,-23.4518
550.7,-0.0786323,-23.4558
550.75,-0.0786457,-23.4597
550.8,-0.0786428,-23.4636
550.85,-0.0786612,-23.4676
550.9,-0.0786539,-23.4715
550.95,-0.0786428,-23.4754
551.0,-0.0786559,-23.4794
551.05,-0.0786567,-23.4833
551.1,-0.078647,-23.4872
551.15,-0.078658,-23.4912
551.2,-0.0786613,-23.4951
551.25,-0.0786784,-23.499
551.3,-0.078696,-23.503
551.35,-0.0786963,-23.5069
551.4,-0.0787037,-23.5108
551.45,-0.0787115,-23.5148
551.5,-0.0787192,-23.5187
551.55,-0.0787348,-23.5226
551.6,-0.0787539,-23.5266
551.65,-0.0787466,-23.5305
551.7,-0.0787373,-23.5345
551.75,-0.0787468,-23.5384
551.8,-0.0787468,-23.5423
551.85,-0.0787543,-23.5463
551.9,-0.0787663,-23.5502
551.95,-0.0787781,-23.5541
552.0,-0.0787786,-23.5581
552.05,-0.078783,-23.562
552.1,-0.0787926,-23.566
552.15,-0.0788022,-23.5699
552.2,-0.078807,-23.5738
552.25,-0.0788181,-23.5778
552.3,-0.0787987,-23.5817
552.35,-0.0788206,-23.5857
552.4,-0.0788216,-23.5896
552.45,-0.078839,-23.5935
552.5,-0.0788476,-23.5975
552.55,-0.0788594,-23.6014
552.6,-0.0788678,-23.6054
552.65,-0.0788774,-23.6093
552.7,-0.0788862,-23.6133
552.75,-0.0788822,-23.6172
552.8,-0.0788959,-23.6211
552.85,-0.0789046,-23.6251
552.9,-0.0789175,-23.629
552.95,-0.0789268,-23.633
553.0,-0.0789305,-23.6369
553.05,-0.0789259,-23.6409
553.1,-0.0789438,-23.6448
553.15,-0.0789524,-23.6488
553.2,-0.0789689,-23.6527
553.25,-0.0789635,-23.6567
553.3,-0.0789741,-23.6606
553.35,-0.0789829,-23.6646
553.4,-0.078973,-23.6685
553.45,-0.0789762,-23.6725
553.5,-0.0789814,-23.6764
553.55,-0.078998,-23.6804
553.6,-0.0789894,-23.6843
553.65,-0.0789955,-23.6883
553.7,-0.0790022,-23.6922
553.75,-0.0790123,-23.6962
553.8,-0.0790057,-23.7001
553.85,-0.0790128,-23.7041
553.9,-0.0790265,-23.708
553.95,-0.079032,-23.712
554.0,-0.0790358,-23.7159
554.05,-0.0790512,-23.7199
554.1,-0.0790684,-23.7238
554.15,-0.0790634,-23.7278
554.2,-0.0790794,-23.7317
554.25,-0.07908,-23.7357
554.3,-0.0790908,-23.7396
554.35,-0.079099,-23.7436
554.4,-0.0790995,-23.7476
554.45,-0.0791074,-23.7515
554.5,-0.0791209,-23.7555
554.55,-0.0791322,-23.7594
554.6,-0.0791412,-23.7634
554.65,-0.0791516,-23.7673
554.7,-0.0791681,-23.7713
554.75,-0.0791573,-23.7753
554.8,-0.0791524,-23.7792
554.85,-0.0791521,-23.7832
554.9,-0.0791676,-23.7871
554.95,-0.0791646,-23.7911
555.0,-0.0791885,-23.795
555.05,-0.0791986,-23.799
555.1,-0.0792026,-23.803
555.15,-0.0792113,-23.8069
555.2,-0.0792116,-23.8109
555.25,-0.0792271,-23.8148
555.3,-0.0792473,-23.8188
555.35,-0.0792557,-23.8228
555.4,-0.0792503,-23.8267
555.45,-0.0792485,-23.8307
555.5,-0.0792533,-23.8347
555.55,-0.0792698,-23.8386
555.6,-0.0792948,-23.8426
555.65,-0.079299,-23.8466
555.7,-0.0792985,-23.8505
555.75,-0.0792927,-23.8545
555.8,-0.0793068,-23.8584
555.85,-0.0793115,-23.8624
555.9,-0.0793036,-23.8664
555.95,-0.0793132,-23.8703
556.0,-0.0793252,-23.8743
556.05,-0.0793434,-23.8783
556.1,-0.0793438,-23.8822
556.15,-0.0793525,-23.8862
556.2,-0.0793644,-23.8902
556.25,-0.0793696,-23.8941
556.3,-0.0793744,-23.8981
556.35,-0.0793862,-23.9021
556.4,-0.0793874,-23.9061
556.45,-0.0794023,-23.91
556.5,-0.0794035,-23.914
556.55,-0.0794222,-23.918
556.6,-0.0794134,-23.9219
556.65,-0.0794085,-23.9259
556.7,-0.0794169,-23.9299
556.75,-0.0794217,-23.9338
556.8,-0.0794258,-23.9378
556.85,-0.0794233,-23.9418
556.9,-0.0794384,-23.9458
556.95,-0.0794601,-23.9497
557.0,-0.0794806,-23.9537
557.05,-0.0794959,-23.9577
557.1,-0.0795029,-23.9617
557.15,-0.0795161,-23.9656
557.2,-0.0795051,-23.9696
557.25,-0.0795212,-23.9736
557.3,-0.0795186,-23.9776
557.35,-0.0795205,-23.9815
557.4,-0.0795269,-23.9855
557.45,-0.0795056,-23.9895
557.5,-0.0795065,-23.9935
557.55,-0.0795271,-23.9974
557.6,-0.0795306,-24.0014
557.65,-0.0795302,-24.0054
557.7,-0.0795188,-24.0094
557.75,-0.0795311,-24.0133
557.8,-0.0795463,-24.0173
557.85,-0.0795521,-24.0213
557.9,-0.0795426,-24.0253
557.95,-0.079563,-24.0293
558.0,-0.0795771,-24.0332
558.05,-0.0795812,-24.0372
558.1,-0.079586,-24.0412
558.15,-0.0795826,-24.0452
558.2,-0.0795889,-24.0492
558.25,-0.0795866,-24.0531
558.3,-0.0795838,-24.0571
558.35,-0.0795868,-24.0611
558.4,-0.0796005,-24.0651
558.45,-0.079601,-24.0691
558.5,-0.0796014,-24.073
558.55,-0.0796109,-24.077
558.6,-0.0796011,-24.081
558.65,-0.0796092,-24.085
558.7,-0.0796098,-24.089
558.75,-0.0796094,-24.0929
558.8,-0.0796283,-24.0969
558.85,-0.0796245,-24.1009
558.9,-0.0796341,-24.1049
558.95,-0.0796468,-24.1089
559.0,-0.0796488,-24.1128
559.05,-0.0796523,-24.1168
559.1,-0.0796625,-24.1208
559.15,-0.0796578,-24.1248
559.2,-0.0796534,-24.1288
559.25,-0.0796576,-24.1328
559.3,-0.0796438,-24.1367
559.35,-0.0796461,-24.1407
559.4,-0.0796492,-24.1447
559.45,-0.0796517,-24.1487
559.5,-0.0796547,-24.1527
559.55,-0.0796615,-24.1567
559.6,-0.0796593,-24.1606
559.65,-0.0796779,-24.1646
559.7,-0.0796794,-24.1686
559.75,-0.0796936,-24.1726
559.8,-0.0797065,-24.1766
559.85,-0.0797078,-24.1806
559.9,-0.0797124,-24.1845
559.95,-0.0797191,-24.1885
560.0,-0.0797324,-24.1925
560.05,-0.0797327,-24.1965
560.1,-0.0797451,-24.2005
560.15,-0.0797548,-24.2045
560.2,-0.0797555,-24.2085
560.25,-0.0797662,-24.2125
560.3,-0.0797674,-24.2164
560.35,-0.0797722,-24.2204
560.4,-0.0797746,-24.2244
560.45,-0.0797817,-24.2284
560.5,-0.0797856,-24.2324
560.55,-0.079787,-24.2364
560.6,-0.0797926,-24.2404
560.65,-0.0797912,-24.2444
560.7,-0.0798059,-24.2484
560.75,-0.0798102,-24.2523
560.8,-0.0798074,-24.2563
560.85,-0.0798123,-24.2603
560.9,-0.079817,-24.2643
560.95,-0.0798244,-24.2683
561.0,-0.0798331,-24.2723
561.05,-0.0798253,-24.2763
561.1,-0.0798417,-24.2803
561.15,-0.07985,-24.2843
561.2,-0.0798448,-24.2883
561.25,-0.0798444,-24.2923
561.3,-0.0798492,-24.2963
561.35,-0.0798467,-24.3002
561.4,-0.0798433,-24.3042
561.45,-0.0798487,-24.3082
561.5,-0.0798656,-24.3122
561.55,-0.079879,-24.3162
561.6,-0.0798825,-24.3202
561.65,-0.0798761,-24.3242
561.7,-0.0798763,-24.3282
561.75,-0.0798588,-24.3322
561.8,-0.0798555,-24.3362
561.85,-0.0798523,-24.3402
561.9,-0.0798557,-24.3442
561.95,-0.079862,-24.3482
562.0,-0.0798802,-24.3522
562.05,-0.0798753,-24.3562
562.1,-0.0799005,-24.3601
562.15,-0.079908,-24.3641
562.2,-0.079916,-24.3681
562.25,-0.0799202,-24.3721
562.3,-0.0799216,-24.3761
562.35,-0.0799211,-24.3801
562.4,-0.0799138,-24.3841
562.45,-0.0799178,-24.3881
562.5,-0.0799198,-24.3921
562.55,-0.079929,-24.3961
562.6,-0.0799253,-24.4001
562.65,-0.0799126,-24.4041
562.7,-0.0799237,-24.4081
562.75,-0.0799236,-24.4121
562.8,-0.07994,-24.4161
562.85,-0.0799488,-24.4201
562.9,-0.0799608,-24.4241
562.95,-0.0799463,-24.4281
563.0,-0.0799543,-24.4321
563.05,-0.0799777,-24.4361
563.1,-0.0799754,-24.4401
563.15,-0.0799587,-24.4441
563.2,-0.079931,-24.4481
563.25,-0.0799355,-24.4521
563.3,-0.0799236,-24.4561
563.35,-0.0799308,-24.4601
563.4,-0.0799179,-24.4641
563.45,-0.079941,-24.4681
563.5,-0.0799456,-24.4721
563.55,-0.0799532,-24.4761
563.6,-0.0799618,-24.4801
563.65,-0.0799812,-24.4841
563.7,-0.0799897,-24.4881
563.75,-0.0799874,-24.4921
563.8,-0.0800053,-24.496
563.85,-0.080001,-24.5001
563.9,-0.0800218,-24.5041
563.95,-0.0800195,-24.5081
564.0,-0.0800414,-24.5121
564.05,-0.0800507,-24.5161
564.1,-0.0800697,-24.5201
564.15,-0.0800659,-24.5241
564.2,-0.0800756,-24.5281
564.25,-0.0800605,-24.5321
564.3,-0.080065,-24.5361
564.35,-0.0800714,-24.5401
564.4,-0.0800649,-24.5441
564.45,-0.0800785,-24.5481
564.5,-0.080089,-24.5521
564.55,-0.0801003,-24.5561
564.6,-0.0801149,-24.5601
564.65,-0.0801139,-24.5641
564.7,-0.0801255,-24.5681
564.75,-0.0801411,-24.5721
564.8,-0.0801539,-24.5761
564.85,-0.0801534,-24.5801
564.9,-0.0801456,-24.5841
564.95,-0.0801516,-24.5882
565.0,-0.0801467,-24.5922
565.05,-0.0801563,-24.5962
565.1,-0.0801544,-24.6002
565.15,-0.0801637,-24.6042
565.2,-0.0801653,-24.6082
565.25,-0.0801859,-24.6122
565.3,-0.0801827,-24.6162
565.35,-0.0801825,-24.6202
565.4,-0.0801868,-24.6242
565.45,-0.080192,-24.6282
565.5,-0.0801997,-24.6322
565.55,-0.0802063,-24.6363
565.6,-0.0802168,-24.6403
565.65,-0.0802209,-24.6443
565.7,-0.0802236,-24.6483
565.75,-0.0802249,-24.6523
565.8,-0.0802217,-24.6563
565.85,-0.0802202,-24.6603
565.9,-0.0802165,-24.6643
565.95,-0.0802252,-24.6683
566.0,-0.0802273,-24.6724
566.05,-0.0802394,-24.6764
566.1,-0.0802639,-24.6804
566.15,-0.0802637,-24.6844
566.2,-0.0802627,-24.6884
566.25,-0.0802587,-24.6924
566.3,-0.0802522,-24.6964
566.35,-0.0802575,-24.7004
566.4,-0.0802656,-24.7045
566.45,-0.0802635,-24.7085
566.5,-0.080274,-24.7125
566.55,-0.0802887,-24.7165
566.6,-0.0802884,-24.7205
566.65,-0.0802905,-24.7245
566.7,-0.0803029,-24.7285
566.75,-0.0803085,-24.7326
566.8,-0.0803135,-24.7366
566.85,-0.0803217,-24.7406
566.9,-0.0803177,-24.7446
566.95,-0.0803175,-24.7486
567.0,-0.0803334,-24.7526
567.05,-0.0803332,-24.7567
567.1,-0.0803365,-24.7607
567.15,-0.0803424,-24.7647
567.2,-0.080331,-24.7687
567.25,-0.0803402,-24.7727
567.3,-0.0803523,-24.7767
567.35,-0.0803529,-24.7808
567.4,-0.0803687,-24.7848
567.45,-0.0803648,-24.7888
567.5,-0.0803778,-24.7928
567.55,-0.080387,-24.7968
567.6,-0.0803977,-24.8009
567.65,-0.0804002,-24.8049
567.7,-0.0803968,-24.8089
567.75,-0.0803868,-24.8129
567.8,-0.0803614,-24.8169
567.85,-0.0803654,-24.8209
567.9,-0.0803776,-24.825
567.95,-0.0803786,-24.829
568.0,-0.0803934,-24.833
568.05,-0.0804047,-24.837
568.1,-0.080409,-24.841
568.15,-0.0804101,-24.8451
568.2,-0.080409,-24.8491
568.25,-0.0804177,-24.8531
568.3,-0.0804126,-24.8571
568.35,-0.0804229,-24.8612
568.4,-0.0804437,-24.8652
568.45,-0.0804559,-24.8692
568.5,-0.0804561,-24.8732
568.55,-0.0804763,-24.8772
568.6,-0.0804826,-24.8813
568.65,-0.08048,-24.8853
568.7,-0.0804797,-24.8893
568.75,-0.0804703,-24.8933
568.8,-0.0804838,-24.8974
568.85,-0.0804842,-24.9014
568.9,-0.0804932,-24.9054
568.95,-0.0805045,-24.9094
569.0,-0.0805018,-24.9135
569.05,-0.0805608,-24.9175
569.1,-0.0805669,-24.9215
569.15,-0.0805813,-24.9255
569.2,-0.0805794,-24.9296
569.25,-0.0805822,-24.9336
569.3,-0.0805766,-24.9376
569.35,-0.0805686,-24.9417
569.4,-0.080582,-24.9457
569.45,-0.0805811,-24.9497
569.5,-0.0805877,-24.9538
569.55,-0.0805971,-24.9578
569.6,-0.0806155,-24.9618
569.65,-0.0806123,-24.9658
569.7,-0.0806191,-24.9699
569.75,-0.0806352,-24.9739
569.8,-0.0806247,-24.9779
569.85,-0.080633,-24.982
569.9,-0.0806353,-24.986
569.95,-0.0806396,-24.99
570.0,-0.0806383,-24.9941
570.05,-0.0806495,-24.9981
570.1,-0.0806548,-25.0021
570.15,-0.0806606,-25.0062
570.2,-0.0806684,-25.0102
570.25,-0.0806683,-25.0142
570.3,-0.0806765,-25.0183
570.35,-0.0806726,-25.0223
570.4,-0.0806824,-25.0263
570.45,-0.0806905,-25.0304
570.5,-0.0807088,-25.0344
570.55,-0.0807094,-25.0384
570.6,-0.080735,-25.0425
570.65,-0.0807545,-25.0465
570.7,-0.0807855,-25.0505
570.75,-0.0807947,-25.0546
570.8,-0.080793,-25.0586
570.85,-0.0807948,-25.0627
570.9,-0.0807838,-25.0667
570.95,-0.0807905,-25.0707
571.0,-0.0807877,-25.0748
571.05,-0.0808,-25.0788
571.1,-0.0808106,-25.0829
571.15,-0.0808024,-25.0869
571.2,-0.0808128,-25.0909
571.25,-0.0808174,-25.095
571.3,-0.0808164,-25.099
571.35,-0.0808387,-25.1031
571.4,-0.0808516,-25.1071
571.45,-0.0808518,-25.1112
571.5,-0.080857,-25.1152
571.55,-0.0808631,-25.1192
571.6,-0.08088,-25.1233
571.65,-0.0808836,-25.1273
571.7,-0.0808823,-25.1314
571.75,-0.0808839,-25.1354
571.8,-0.080898,-25.1395
571.85,-0.0808925,-25.1435
571.9,-0.0808876,-25.1476
571.95,-0.0808945,-25.1516
572.0,-0.0809028,-25.1556
572.05,-0.0809126,-25.1597
572.1,-0.0809197,-25.1637
572.15,-0.0809311,-25.1678
572.2,-0.0809402,-25.1718
572.25,-0.0809439,-25.1759
572.3,-0.0809436,-25.1799
572.35,-0.0809532,-25.184
572.4,-0.0809496,-25.188
572.45,-0.0809533,-25.1921
572.5,-0.0809634,-25.1961
572.55,-0.0809724,-25.2002
572.6,-0.0809772,-25.2042
572.65,-0.0809802,-25.2083
572.7,-0.0809925,-25.2123
572.75,-0.0810003,-25.2164
572.8,-0.0810165,-25.2204
572.85,-0.0810101,-25.2245
572.9,-0.0810141,-25.2285
572.95,-0.081021,-25.2326
573.0,-0.0810331,-25.2366
573.05,-0.0810499,-25.2407
573.1,-0.0810472,-25.2447
573.15,-0.0810442,-25.2488
573.2,-0.0810468,-25.2528
573.25,-0.0810493,-25.2569
573.3,-0.0810425,-25.2609
573.35,-0.0810517,-25.265
573.4,-0.0810511,-25.269
573.45,-0.0810647,-25.2731
573.5,-0.0810792,-25.2771
573.55,-0.0810878,-25.2812
573.6,-0.0811027,-25.2852
573.65,-0.0810988,-25.2893
573.7,-0.0811164,-25.2934
573.75,-0.0811302,-25.2974
573.8,-0.0811116,-25.3015
573.85,-0.0811171,-25.3055
573.9,-0.0811308,-25.3096
573.95,-0.0811156,-25.3136
574.0,-0.0811077,-25.3177
574.05,-0.0811051,-25.3218
574.1,-0.0811071,-25.3258
574.15,-0.0811128,-25.3299
574.2,-0.0811235,-25.3339
574.25,-0.0811357,-25.338
574.3,-0.0811432,-25.342
574.35,-0.0811477,-25.3461
574.4,-0.0811349,-25.3501
574.45,-0.0811396,-25.3542
574.5,-0.0811571,-25.3583
574.55,-0.0811659,-25.3623
574.6,-0.0811753,-25.3664
574.65,-0.0811907,-25.3704
574.7,-0.0811769,-25.3745
574.75,-0.0811701,-25.3786
574.8,-0.081154,-25.3826
574.85,-0.0811587,-25.3867
574.9,-0.0811662,-25.3907
574.95,-0.0811723,-25.3948
575.0,-0.0811749,-25.3988
575.05,-0.0812009,-25.4029
575.1,-0.0812183,-25.407
575.15,-0.08121,-25.411
575.2,-0.0812132,-25.4151
575.25,-0.0812247,-25.4191
575.3,-0.0812291,-25.4232
575.35,-0.0812286,-25.4273
575.4,-0.0812358,-25.4313
575.45,-0.0812243,-25.4354
575.5,-0.0812315,-25.4395
575.55,-0.0812555,-25.4435
575.6,-0.0812591,-25.4476
575.65,-0.0812606,-25.4516
575.7,-0.0812654,-25.4557
575.75,-0.0812703,-25.4598
575.8,-0.0812702,-25.4638
575.85,-0.081261,-25.4679
575.9,-0.0812615,-25.472
575.95,-0.0812661,-25.476
576.0,-0.081283,-25.4801
576.05,-0.0812988,-25.4842
576.1,-0.0812894,-25.4882
576.15,-0.0813017,-25.4923
576.2,-0.0813082,-25.4963
576.25,-0.0813158,-25.5004
576.3,-0.0813092,-25.5045
576.35,-0.081316,-25.5085
576.4,-0.0813267,-25.5126
576.45,-0.0813302,-25.5167
576.5,-0.0813455,-25.5207
576.55,-0.081359,-25.5248
576.6,-0.0813621,-25.5289
576.65,-0.0813541,-25.533
576.7,-0.0813523,-25.537
576.75,-0.0813464,-25.5411
576.8,-0.0813532,-25.5452
576.85,-0.0813649,-25.5492
576.9,-0.0813694,-25.5533
576.95,-0.0813737,-25.5574
577.0,-0.081385,-25.5614
577.05,-0.0814048,-25.5655
577.1,-0.0814103,-25.5696
577.15,-0.0814194,-25.5736
577.2,-0.0814339,-25.5777
577.25,-0.0814271,-25.5818
577.3,-0.0814318,-25.5859
577.35,-0.0814381,-25.5899
577.4,-0.0814337,-25.594
577.45,-0.0814485,-25.5981
577.5,-0.081456,-25.6021
577.55,-0.0814533,-25.6062
577.6,-0.0814631,-25.6103
577.65,-0.0814613,-25.6144
577.7,-0.0814499,-25.6184
577.75,-0.081463,-25.6225
577.8,-0.0814506,-25.6266
577.85,-0.081447,-25.6307
577.9,-0.0814619,-25.6347
577.95,-0.0814768,-25.6388
578.0,-0.0814887,-25.6429
578.05,-0.0814967,-25.6469
578.1,-0.0814908,-25.651
578.15,-0.0814917,-25.6551
578.2,-0.0815037,-25.6592
578.25,-0.0815141,-25.6632
578.3,-0.0815175,-25.6673
578.35,-0.0815216,-25.6714
578.4,-0.0815134,-25.6755
578.45,-0.0815215,-25.6796
578.5,-0.0815275,-25.6836
578.55,-0.0815372,-25.6877
578.6,-0.0815426,-25.6918
578.65,-0.0815339,-25.6959
578.7,-0.0815444,-25.6999
578.75,-0.0815655,-25.704
578.8,-0.0815627,-25.7081
578.85,-0.0815585,-25.7122
578.9,-0.0815838,-25.7162
578.95,-0.0815753,-25.7203
579.0,-0.0815938,-25.7244
579.05,-0.0815907,-25.7285
579.1,-0.0815915,-25.7326
579.15,-0.0816027,-25.7366
579.2,-0.0816023,-25.7407
579.25,-0.0816299,-25.7448
579.3,-0.0816131,-25.7489
579.35,-0.0816268,-25.753
579.4,-0.0816355,-25.7571
579.45,-0.0816383,-25.7611
579.5,-0.0816622,-25.7652
579.55,-0.0816492,-25.7693
579.6,-0.0816581,-25.7734
579.65,-0.08166,-25.7775
579.7,-0.0816578,-25.7815
579.75,-0.0816536,-25.7856
579.8,-0.0816525,-25.7897
579.85,-0.0816617,-25.7938
579.9,-0.0816617,-25.7979
579.95,-0.0816729,-25.802
580.0,-0.0816864,-25.806
580.05,-0.0816987,-25.8101
580.1,-0.0816918,-25.8142
580.15,-0.081699,-25.8183
580.2,-0.081705,-25.8224
580.25,-0.0816993,-25.8265
580.3,-0.0817031,-25.8306
580.35,-0.0817107,-25.8346
580.4,-0.0817228,-25.8387
580.45,-0.0817237,-25.8428
580.5,-0.0817149,-25.8469
580.55,-0.0817255,-25.851
580.6,-0.0817294,-25.8551
580.65,-0.0817384,-25.8592
580.7,-0.0817348,-25.8632
580.75,-0.0817438,-25.8673
580.8,-0.0817511,-25.8714
580.85,-0.0817467,-25.8755
580.9,-0.0817436,-25.8796
580.95,-0.081759,-25.8837
581.0,-0.0817548,-25.8878
581.05,-0.0817554,-25.8919
581.1,-0.0817684,-25.896
581.15,-0.0817665,-25.9
581.2,-0.0817827,-25.9041
581.25,-0.0817893,-25.9082
581.3,-0.0817851,-25.9123
581.35,-0.0818069,-25.9164
581.4,-0.0818007,-25.9205
581.45,-0.0817897,-25.9246
581.5,-0.0818074,-25.9287
581.55,-0.0817976,-25.9328
581.6,-0.0817923,-25.9368
581.65,-0.0817948,-25.9409
581.7,-0.081795,-25.945
581.75,-0.0818011,-25.9491
581.8,-0.0818171,-25.9532
581.85,-0.0818268,-25.9573
581.9,-0.081843,-25.9614
581.95,-0.0818553,-25.9655
582.0,-0.0818689,-25.9696
582.05,-0.0818651,-25.9737
582.1,-0.0818723,-25.9778
582.15,-0.0818752,-25.9819
582.2,-0.0818812,-25.986
582.25,-0.0818879,-25.99
582.3,-0.0818884,-25.9941
582.35,-0.0818947,-25.9982
582.4,-0.0818966,-26.0023
582.45,-0.0819003,-26.0064
582.5,-0.0819098,-26.0105
582.55,-0.0819223,-26.0146
582.6,-0.0819212,-26.0187
582.65,-0.0819379,-26.0228
582.7,-0.0819435,-26.0269
582.75,-0.0819496,-26.031
582.8,-0.081951,-26.0351
582.85,-0.0819547,-26.0392
582.9,-0.0819622,-26.0433
582.95,-0.0819825,-26.0474
583.0,-0.0820003,-26.0515
583.05,-0.0820033,-26.0556
583.1,-0.0820103,-26.0597
583.15,-0.082009,-26.0638
583.2,-0.0820285,-26.0679
583.25,-0.0820374,-26.072
583.3,-0.0820513,-26.0761
583.35,-0.082059,-26.0802
583.4,-0.0820419,-26.0843
583.45,-0.0820342,-26.0884
583.5,-0.0820371,-26.0925
583.55,-0.0820472,-26.0966
583.6,-0.0820559,-26.1007
583.65,-0.0820856,-26.1048
583.7,-0.0820873,-26.1089
583.75,-0.0820942,-26.113
583.8,-0.0821033,-26.1171
583.85,-0.0821145,-26.1212
583.9,-0.0821161,-26.1253
583.95,-0.0821581,-26.1295
584.0,-0.0821626,-26.1336
584.05,-0.0821437,-26.1377
584.1,-0.0821387,-26.1418
584.15,-0.0821516,-26.1459
584.2,-0.0821554,-26.15
584.25,-0.0821683,-26.1541
584.3,-0.0821736,-26.1582
584.35,-0.0821792,-26.1623
584.4,-0.0821732,-26.1664
584.45,-0.082176,-26.1705
584.5,-0.0821832,-26.1746
584.55,-0.0822182,-26.1788
584.6,-0.0822249,-26.1829
584.65,-0.0822363,-26.187
584.7,-0.082248,-26.1911
584.75,-0.0822508,-26.1952
584.8,-0.0822525,-26.1993
584.85,-0.082247,-26.2034
584.9,-0.082256,-26.2075
584.95,-0.0822672,-26.2117
585.0,-0.0822769,-26.2158
585.05,-0.082285,-26.2199
585.1,-0.0822953,-26.224
585.15,-0.0823003,-26.2281
585.2,-0.0823044,-26.2322
585.25,-0.0823044,-26.2363
585.3,-0.0823225,-26.2405
585.35,-0.0823352,-26.2446
585.4,-0.0823382,-26.2487
585.45,-0.0823589,-26.2528
585.5,-0.082352,-26.2569
585.55,-0.0823569,-26.261
585.6,-0.0823563,-26.2652
585.65,-0.0823803,-26.2693
585.7,-0.082388,-26.2734
585.75,-0.0824071,-26.2775
585.8,-0.0823965,-26.2816
585.85,-0.0824112,-26.2858
585.9,-0.0824215,-26.2899
585.95,-0.0824422,-26.294
586.0,-0.0824612,-26.2981
586.05,-0.0824566,-26.3023
586.1,-0.0824764,-26.3064
586.15,-0.082467,-26.3105
586.2,-0.0824691,-26.3146
586.25,-0.082472,-26.3187
586.3,-0.0824828,-26.3229
586.35,-0.0824894,-26.327
586.4,-0.0824888,-26.3311
586.45,-0.0824933,-26.3352
586.5,-0.0825004,-26.3394
586.55,-0.0825136,-26.3435
586.6,-0.0825233,-26.3476
586.65,-0.0825303,-26.3517
586.7,-0.0825461,-26.3559
586.75,-0.0825593,-26.36
586.8,-0.0825652,-26.3641
586.85,-0.0825674,-26.3683
586.9,-0.0825774,-26.3724
586.95,-0.0825874,-26.3765
587.0,-0.0825934,-26.3806
587.05,-0.0826092,-26.3848
587.1,-0.0826155,-26.3889
587.15,-0.0826195,-26.393
587.2,-0.0826207,-26.3972
587.25,-0.0826245,-26.4013
587.3,-0.0826328,-26.4054
587.35,-0.0826361,-26.4096
587.4,-0.0826462,-26.4137
587.45,-0.0826504,-26.4178
587.5,-0.0826603,-26.422
587.55,-0.0826575,-26.4261
587.6,-0.0826652,-26.4302
587.65,-0.0826722,-26.4344
587.7,-0.0826959,-26.4385
587.75,-0.0826997,-26.4426
587.8,-0.0827082,-26.4468
587.85,-0.0827216,-26.4509
587.9,-0.0827237,-26.455
587.95,-0.0827237,-26.4592
588.0,-0.0827376,-26.4633
588.05,-0.0827398,-26.4675
588.1,-0.0827316,-26.4716
588.15,-0.0827411,-26.4757
588.2,-0.0827481,-26.4799
588.25,-0.0827551,-26.484
588.3,-0.0827426,-26.4881
588.35,-0.0827514,-26.4923
588.4,-0.0827703,-26.4964
588.45,-0.0827856,-26.5006
588.5,-0.0827904,-26.5047
588.55,-0.0827931,-26.5088
588.6,-0.0827935,-26.513
588.65,-0.0828029,-26.5171
588.7,-0.0828116,-26.5213
588.75,-0.082819,-26.5254
588.8,-0.0828234,-26.5295
588.85,-0.0828279,-26.5337
588.9,-0.0828454,-26.5378
588.95,-0.082833,-26.542
589.0,-0.0828491,-26.5461
589.05,-0.0828533,-26.5502
589.1,-0.0828605,-26.5544
589.15,-0.0828523,-26.5585
589.2,-0.0828763,-26.5627
589.25,-0.0828872,-26.5668
589.3,-0.0828928,-26.571
589.35,-0.0828946,-26.5751
589.4,-0.0829023,-26.5793
589.45,-0.082914,-26.5834
589.5,-0.0829213,-26.5875
589.55,-0.0829354,-26.5917
589.6,-0.0829501,-26.5958
589.65,-0.0829621,-26.6
589.7,-0.0829558,-26.6041
589.75,-0.0829618,-26.6083
589.8,-0.0829614,-26.6124
589.85,-0.0829769,-26.6166
589.9,-0.082979,-26.6207
589.95,-0.0829753,-26.6249
590.0,-0.0829815,-26.629
590.05,-0.0827847,-26.6332
590.1,-0.0827739,-26.6373
590.15,-0.0827839,-26.6414
590.2,-0.0828095,-26.6456
590.25,-0.0828175,-26.6497
590.3,-0.0828367,-26.6539
590.35,-0.0828456,-26.658
590.4,-0.0828726,-26.6622
590.45,-0.082876,-26.6663
590.5,-0.0828708,-26.6704
590.55,-0.0828744,-26.6746
590.6,-0.0828975,-26.6787
590.65,-0.0829008,-26.6829
590.7,-0.0829013,-26.687
590.75,-0.0829191,-26.6912
590.8,-0.0829193,-26.6953
590.85,-0.0829341,-26.6995
590.9,-0.082936,-26.7036
590.95,-0.0829457,-26.7078
591.0,-0.0829508,-26.7119
591.05,-0.0829604,-26.716
591.1,-0.0829555,-26.7202
591.15,-0.0829653,-26.7243
591.2,-0.0829816,-26.7285
591.25,-0.0829921,-26.7326
591.3,-0.0829816,-26.7368
591.35,-0.0829934,-26.7409
591.4,-0.0829917,-26.7451
591.45,-0.0830007,-26.7492
591.5,-0.0830076,-26.7534
591.55,-0.0830111,-26.7575
591.6,-0.0830211,-26.7617
591.65,-0.0830235,-26.7658
591.7,-0.0830412,-26.77
591.75,-0.0830357,-26.7741
591.8,-0.083033,-26.7783
591.85,-0.0830347,-26.7824
591.9,-0.083051,-26.7866
591.95,-0.0830448,-26.7908
592.0,-0.0830561,-26.7949
592.05,-0.0830489,-26.7991
592.1,-0.0830531,-26.8032
592.15,-0.0830642,-26.8074
592.2,-0.0830603,-26.8115
592.25,-0.0830657,-26.8157
592.3,-0.0830895,-26.8198
592.35,-0.0830923,-26.824
592.4,-0.0830859,-26.8281
592.45,-0.0830885,-26.8323
592.5,-0.0830816,-26.8364
592.55,-0.0830806,-26.8406
592.6,-0.0830808,-26.8448
592.65,-0.0830939,-26.8489
592.7,-0.083098,-26.8531
592.75,-0.0830914,-26.8572
592.8,-0.0831067,-26.8614
592.85,-0.0831003,-26.8655
592.9,-0.0831086,-26.8697
592.95,-0.0831175,-26.8738
593.0,-0.0831185,-26.878
593.05,-0.0831142,-26.8821
593.1,-0.0831123,-26.8863
593.15,-0.0831085,-26.8905
593.2,-0.0831073,-26.8946
593.25,-0.0831091,-26.8988
593.3,-0.0831166,-26.9029
593.35,-0.0831319,-26.9071
593.4,-0.0831173,-26.9112
593.45,-0.0831338,-26.9154
593.5,-0.08312,-26.9196
593.55,-0.083123,-26.9237
593.6,-0.0831171,-26.9279
593.65,-0.08312,-26.932
593.7,-0.0831275,-26.9362
593.75,-0.0831366,-26.9403
593.8,-0.0831325,-26.9445
593.85,-0.0831338,-26.9486
593.9,-0.0831414,-26.9528
593.95,-0.0831453,-26.957
594.0,-0.0831552,-26.9611
594.05,-0.0831515,-26.9653
594.1,-0.0831442,-26.9694
594.15,-0.0831442,-26.9736
594.2,-0.0831343,-26.9777
594.25,-0.0831466,-26.9819
594.3,-0.0831587,-26.9861
594.35,-0.0831553,-26.9902
594.4,-0.0831584,-26.9944
594.45,-0.0831626,-26.9985
594.5,-0.0831681,-27.0027
594.55,-0.0831696,-27.0069
594.6,-0.0831773,-27.011
594.65,-0.0831917,-27.0152
594.7,-0.0831893,-27.0193
594.75,-0.0831899,-27.0235
594.8,-0.0831874,-27.0277
594.85,-0.0831943,-27.0318
594.9,-0.0832031,-27.036
594.95,-0.0831876,-27.0401
595.0,-0.0831713,-27.0443
595.05,-0.0831983,-27.0484
595.1,-0.0831949,-27.0526
595.15,-0.0831949,-27.0568
595.2,-0.0832059,-27.0609
595.25,-0.0832263,-27.0651
595.3,-0.0832249,-27.0693
595.35,-0.0832181,-27.0734
595.4,-0.0832148,-27.0776
595.45,-0.0832298,-27.0817
595.5,-0.0832276,-27.0859
595.55,-0.0832089,-27.0901
595.6,-0.083208,-27.0942
595.65,-0.0832063,-27.0984
595.7,-0.0832084,-27.1025
595.75,-0.0832094,-27.1067
595.8,-0.0832246,-27.1109
595.85,-0.0832119,-27.115
595.9,-0.0832273,-27.1192
595.95,-0.0832244,-27.1233
596.0,-0.0832142,-27.1275
596.05,-0.0832253,-27.1317
596.1,-0.0832162,-27.1358
596.15,-0.0832345,-27.14
596.2,-0.0832401,-27.1441
596.25,-0.0832519,-27.1483
596.3,-0.0832437,-27.1525
596.35,-0.0832521,-27.1566
596.4,-0.0832443,-27.1608
596.45,-0.0832413,-27.165
596.5,-0.0832449,-27.1691
596.55,-0.0832594,-27.1733
596.6,-0.0832745,-27.1774
596.65,-0.0832702,-27.1816
596.7,-0.0832629,-27.1858
596.75,-0.0832792,-27.1899
596.8,-0.0832803,-27.1941
596.85,-0.083293,-27.1983
596.9,-0.0832811,-27.2024
596.95,-0.0832798,-27.2066
597.0,-0.0832926,-27.2108
597.05,-0.0832888,-27.2149
597.1,-0.0832974,-27.2191
597.15,-0.0832905,-27.2233
597.2,-0.0833096,-27.2274
597.25,-0.0833102,-27.2316
597.3,-0.0833135,-27.2358
597.35,-0.0833158,-27.2399
597.4,-0.083319,-27.2441
597.45,-0.0833242,-27.2482
597.5,-0.0833248,-27.2524
597.55,-0.0833353,-27.2566
597.6,-0.0833307,-27.2607
597.65,-0.0833251,-27.2649
597.7,-0.0833266,-27.2691
597.75,-0.0833496,-27.2732
597.8,-0.0833636,-27.2774
597.85,-0.0833624,-27.2816
597.9,-0.0833732,-27.2858
597.95,-0.0833809,-27.2899
598.0,-0.0833848,-27.2941
598.05,-0.083368,-27.2983
598.1,-0.0833634,-27.3024
598.15,-0.0833747,-27.3066
598.2,-0.0833838,-27.3108
598.25,-0.0833786,-27.3149
598.3,-0.0833951,-27.3191
598.35,-0.0834056,-27.3233
598.4,-0.0834005,-27.3274
598.45,-0.0834072,-27.3316
598.5,-0.0834185,-27.3358
598.55,-0.0834373,-27.34
598.6,-0.0834548,-27.3441
598.65,-0.0834519,-27.3483
598.7,-0.0834697,-27.3525
598.75,-0.0834716,-27.3567
598.8,-0.083454,-27.3608
598.85,-0.0834628,-27.365
598.9,-0.0834639,-27.3692
598.95,-0.0834697,-27.3733
599.0,-0.0834677,-27.3775
599.05,-0.0834772,-27.3817
599.1,-0.0834905,-27.3859
599.15,-0.0834904,-27.39
599.2,-0.0834928,-27.3942
599.25,-0.0835091,-27.3984
599.3,-0.0835287,-27.4026
599.35,-0.0835348,-27.4067
599.4,-0.0835432,-27.4109
599.45,-0.0835347,-27.4151
599.5,-0.0835395,-27.4193
599.55,-0.0835544,-27.4235
599.6,-0.0835474,-27.4276
599.65,-0.0835635,-27.4318
599.7,-0.0835848,-27.436
599.75,-0.0835952,-27.4402
599.8,-0.0836029,-27.4443
599.85,-0.0836229,-27.4485
599.9,-0.0836305,-27.4527
599.95,-0.0836398,-27.4569
600.0,-0.0836655,-27.4611
600.05,-0.0836659,-27.4653
600.1,-0.0836589,-27.4694
600.15,-0.0836565,-27.4736
600.2,-0.0836505,-27.4778
600.25,-0.0836786,-27.482
600.3,-0.0836934,-27.4862
600.35,-0.0837018,-27.4904
600.4,-0.0836989,-27.4945
600.45,-0.083711,-27.4987
600.5,-0.0837132,-27.5029
600.55,-0.0837228,-27.5071
600.6,-0.0837305,-27.5113
600.65,-0.0837463,-27.5155
600.7,-0.0837302,-27.5197
600.75,-0.0837339,-27.5238
600.8,-0.0837455,-27.528
600.85,-0.0837574,-27.5322
600.9,-0.0838134,-27.5364
600.95,-0.083847,-27.5406
601.0,-0.0838515,-27.5448
601.05,-0.0838692,-27.549
601.1,-0.0838603,-27.5532
601.15,-0.0838498,-27.5574
601.2,-0.0838521,-27.5616
601.25,-0.0838546,-27.5658
601.3,-0.0838647,-27.57
601.35,-0.0838762,-27.5742
601.4,-0.083875,-27.5783
601.45,-0.083895,-27.5825
601.5,-0.08391,-27.5867
601.55,-0.0839081,-27.5909
601.6,-0.083908,-27.5951
601.65,-0.0839025,-27.5993
601.7,-0.083914,-27.6035
601.75,-0.0839328,-27.6077
601.8,-0.0839462,-27.6119
601.85,-0.0839684,-27.6161
601.9,-0.0839708,-27.6203
601.95,-0.0839861,-27.6245
602.0,-0.083994,-27.6287
602.05,-0.0839988,-27.6329
602.1,-0.0839991,-27.6371
602.15,-0.0839949,-27.6413
602.2,-0.0840093,-27.6455
602.25,-0.0840156,-27.6497
602.3,-0.0840279,-27.6539
602.35,-0.0840315,-27.6581
602.4,-0.0840552,-27.6623
602.45,-0.0840528,-27.6665
602.5,-0.0840519,-27.6707
602.55,-0.0840583,-27.6749
602.6,-0.0840597,-27.6791
602.65,-0.0840664,-27.6833
602.7,-0.0840695,-27.6875
602.75,-0.084072,-27.6917
602.8,-0.0840988,-27.6959
602.85,-0.0841137,-27.7001
602.9,-0.0841257,-27.7044
602.95,-0.0841601,-27.7086
603.0,-0.0841585,-27.7128
603.05,-0.0841545,-27.717
603.1,-0.084155,-27.7212
603.15,-0.0841657,-27.7254
603.2,-0.0841865,-27.7296
603.25,-0.0841906,-27.7338
603.3,-0.0841936,-27.738
603.35,-0.084217,-27.7422
603.4,-0.0842252,-27.7464
603.45,-0.0842274,-27.7507
603.5,-0.0842235,-27.7549
603.55,-0.0842289,-27.7591
603.6,-0.0842376,-27.7633
603.65,-0.0842381,-27.7675
603.7,-0.0842327,-27.7717
603.75,-0.0842449,-27.7759
603.8,-0.0842558,-27.7801
603.85,-0.0842775,-27.7843
603.9,-0.0842922,-27.7886
603.95,-0.0842945,-27.7928
604.0,-0.084294,-27.797
604.05,-0.0843014,-27.8012
604.1,-0.0843033,-27.8054
604.15,-0.0843189,-27.8096
604.2,-0.084342,-27.8139
604.25,-0.0843396,-27.8181
604.3,-0.0843584,-27.8223
604.35,-0.0843659,-27.8265
604.4,-0.0843663,-27.8307
604.45,-0.0843731,-27.8349
604.5,-0.0843707,-27.8392
604.55,-0.0843951,-27.8434
604.6,-0.0843958,-27.8476
604.65,-0.0843954,-27.8518
604.7,-0.0843976,-27.856
604.75,-0.0844167,-27.8603
604.8,-0.0844339,-27.8645
604.85,-0.0844316,-27.8687
604.9,-0.0844312,-27.8729
604.95,-0.0844322,-27.8772
605.0,-0.084448,-27.8814
605.05,-0.0844549,-27.8856
605.1,-0.0844684,-27.8898
605.15,-0.0844855,-27.894
605.2,-0.0844845,-27.8983
605.25,-0.0845023,-27.9025
605.3,-0.0844945,-27.9067
605.35,-0.0845091,-27.9109
605.4,-0.0845208,-27.9152
605.45,-0.0845185,-27.9194
605.5,-0.0845217,-27.9236
605.55,-0.0845236,-27.9278
605.6,-0.0845342,-27.9321
605.65,-0.0845366,-27.9363
605.7,-0.0845438,-27.9405
605.75,-0.0845404,-27.9448
605.8,-0.0845464,-27.949
605.85,-0.0845519,-27.9532
605.9,-0.0845589,-27.9574
605.95,-0.0845859,-27.9617
606.0,-0.0845814,-27.9659
606.05,-0.0845856,-27.9701
606.1,-0.0845912,-27.9744
606.15,-0.0845907,-27.9786
606.2,-0.0845957,-27.9828
606.25,-0.0845973,-27.987
606.3,-0.0846174,-27.9913
606.35,-0.0846162,-27.9955
606.4,-0.0846138,-27.9997
606.45,-0.0846247,-28.004
606.5,-0.0846199,-28.0082
606.55,-0.0846276,-28.0124
606.6,-0.0846355,-28.0167
606.65,-0.0846548,-28.0209
606.7,-0.0846682,-28.0251
606.75,-0.0846633,-28.0294
606.8,-0.0846714,-28.0336
606.85,-0.0846886,-28.0378
606.9,-0.0847051,-28.0421
606.95,-0.0847001,-28.0463
607.0,-0.084719,-28.0505
607.05,-0.0847505,-28.0548
607.1,-0.0847354,-28.059
607.15,-0.0847312,-28.0632
607.2,-0.0847428,-28.0675
607.25,-0.0847393,-28.0717
607.3,-0.0847512,-28.076
607.35,-0.0847539,-28.0802
607.4,-0.0847635,-28.0844
607.45,-0.084778,-28.0887
607.5,-0.0847529,-28.0929
607.55,-0.0847677,-28.0972
607.6,-0.0847657,-28.1014
607.65,-0.0847703,-28.1056
607.7,-0.0847832,-28.1099
607.75,-0.0847866,-28.1141
607.8,-0.0847824,-28.1183
607.85,-0.0847878,-28.1226
607.9,-0.084791,-28.1268
607.95,-0.0848107,-28.1311
608.0,-0.0848042,-28.1353
608.05,-0.0848178,-28.1395
608.1,-0.0848072,-28.1438
608.15,-0.0848069,-28.148
608.2,-0.0848153,-28.1523
608.25,-0.0848165,-28.1565
608.3,-0.0848221,-28.1607
608.35,-0.0848311,-28.165
608.4,-0.0848469,-28.1692
608.45,-0.0848478,-28.1735
608.5,-0.0848508,-28.1777
608.55,-0.0848405,-28.182
608.6,-0.084849,-28.1862
608.65,-0.0848446,-28.1904
608.7,-0.0848464,-28.1947
608.75,-0.0848694,-28.1989
608.8,-0.0848685,-28.2032
608.85,-0.084873,-28.2074
608.9,-0.0848699,-28.2117
608.95,-0.0848699,-28.2159
609.0,-0.0848841,-28.2201
609.05,-0.0848648,-28.2244
609.1,-0.0848548,-28.2286
609.15,-0.0848711,-28.2329
609.2,-0.0848616,-28.2371
609.25,-0.0848743,-28.2414
609.3,-0.0848801,-28.2456
609.35,-0.0848898,-28.2499
609.4,-0.0848995,-28.2541
609.45,-0.0849036,-28.2583
609.5,-0.084898,-28.2626
609.55,-0.0849115,-28.2668
609.6,-0.0849076,-28.2711
609.65,-0.0848904,-28.2753
609.7,-0.0848862,-28.2796
609.75,-0.0848931,-28.2838
609.8,-0.0849036,-28.2881
609.85,-0.0849005,-28.2923
609.9,-0.0849134,-28.2965
609.95,-0.0849289,-28.3008
610.0,-0.0849225,-28.305
610.05,-0.0849246,-28.3093
610.1,-0.0849253,-28.3135
610.15,-0.0849114,-28.3178
610.2,-0.0849165,-28.322
610.25,-0.084904,-28.3263
610.3,-0.0849017,-28.3305
610.35,-0.0849206,-28.3348
610.4,-0.0849119,-28.339
610.45,-0.0849107,-28.3433
610.5,-0.0849244,-28.3475
610.55,-0.0849384,-28.3517
610.6,-0.0849412,-28.356
610.65,-0.0849346,-28.3602
610.7,-0.0849278,-28.3645
610.75,-0.0849325,-28.3687
610.8,-0.0849322,-28.373
610.85,-0.0849357,-28.3772
610.9,-0.084947,-28.3815
610.95,-0.0849388,-28.3857
611.0,-0.0849531,-28.39
611.05,-0.0849475,-28.3942
611.1,-0.084956,-28.3985
611.15,-0.0849612,-28.4027
611.2,-0.0849517,-28.407
611.25,-0.0849485,-28.4112
611.3,-0.0849604,-28.4155
611.35,-0.0849631,-28.4197
611.4,-0.0849756,-28.424
611.45,-0.0849735,-28.4282
611.5,-0.0849897,-28.4324
611.55,-0.084993,-28.4367
611.6,-0.0849808,-28.4409
611.65,-0.0849725,-28.4452
611.7,-0.084977,-28.4494
611.75,-0.0849749,-28.4537
611.8,-0.0849763,-28.4579
611.85,-0.0849832,-28.4622
611.9,-0.0849917,-28.4664
611.95,-0.0849821,-28.4707
612.0,-0.0849965,-28.4749
612.05,-0.0849951,-28.4792
612.1,-0.0849973,-28.4834
612.15,-0.0849913,-28.4877
612.2,-0.0849926,-28.4919
612.25,-0.0849963,-28.4962
612.3,-0.0849919,-28.5004
612.35,-0.0849924,-28.5047
612.4,-0.0850032,-28.5089
612.45,-0.0850134,-28.5132
612.5,-0.085009,-28.5174
612.55,-0.0849935,-28.5217
612.6,-0.0850055,-28.5259
612.65,-0.0850134,-28.5302
612.7,-0.0850071,-28.5344
612.75,-0.0850023,-28.5387
612.8,-0.0850039,-28.5429
612.85,-0.0850188,-28.5472
612.9,-0.0850275,-28.5514
612.95,-0.0850337,-28.5557
613.0,-0.0850203,-28.5599
613.05,-0.0850233,-28.5642
613.1,-0.0850136,-28.5684
613.15,-0.0850084,-28.5727
613.2,-0.0850201,-28.577
613.25,-0.0850341,-28.5812
613.3,-0.085045,-28.5855
613.35,-0.0850517,-28.5897
613.4,-0.0850474,-28.594
613.45,-0.085051,-28.5982
613.5,-0.0850573,-28.6025
613.55,-0.0850578,-28.6067
613.6,-0.0850793,-28.611
613.65,-0.0850907,-28.6152
613.7,-0.0851021,-28.6195
613.75,-0.085112,-28.6237
613.8,-0.085123,-28.628
613.85,-0.0851327,-28.6322
613.9,-0.0851305,-28.6365
613.95,-0.0851312,-28.6408
614.0,-0.0851436,-28.645
614.05,-0.0851305,-28.6493
614.1,-0.0851328,-28.6535
614.15,-0.0851371,-28.6578
614.2,-0.0851459,-28.662
614.25,-0.0851508,-28.6663
614.3,-0.0851503,-28.6706
614.35,-0.0851601,-28.6748
614.4,-0.0851755,-28.6791
614.45,-0.0851792,-28.6833
614.5,-0.085182,-28.6876
614.55,-0.0851643,-28.6919
614.6,-0.0851664,-28.6961
614.65,-0.0851733,-28.7004
614.7,-0.0851771,-28.7046
614.75,-0.0851915,-28.7089
614.8,-0.085206,-28.7132
614.85,-0.0852126,-28.7174
614.9,-0.0852242,-28.7217
614.95,-0.08523,-28.7259
615.0,-0.0852217,-28.7302
615.05,-0.0852255,-28.7345
615.1,-0.0852278,-28.7387
615.15,-0.0852361,-28.743
615.2,-0.0852388,-28.7472
615.25,-0.0852514,-28.7515
615.3,-0.0852473,-28.7558
615.35,-0.0852594,-28.76
615.4,-0.0852617,-28.7643
615.45,-0.085262,-28.7686
615.5,-0.0852696,-28.7728
615.55,-0.0852699,-28.7771
615.6,-0.0852718,-28.7813
615.65,-0.0852768,-28.7856
615.7,-0.0852816,-28.7899
615.75,-0.0852871,-28.7941
615.8,-0.0852856,-28.7984
615.85,-0.0852973,-28.8027
615.9,-0.0853058,-28.8069
615.95,-0.0852987,-28.8112
616.0,-0.0852876,-28.8155
616.05,-0.0852905,-28.8197
616.1,-0.0853024,-28.824
616.15,-0.0853029,-28.8283
616.2,-0.0853098,-28.8325
616.25,-0.0853133,-28.8368
616.3,-0.0853203,-28.8411
616.35,-0.0853329,-28.8453
616.4,-0.0853416,-28.8496
616.45,-0.0853352,-28.8539
616.5,-0.085337,-28.8581
616.55,-0.0853444,-28.8624
616.6,-0.0853397,-28.8667
616.65,-0.0853529,-28.8709
616.7,-0.0853479,-28.8752
616.75,-0.0853524,-28.8795
616.8,-0.085358,-28.8837
616.85,-0.0853594,-28.888
616.9,-0.0853617,-28.8923
616.95,-0.0853612,-28.8965
617.0,-0.085356,-28.9008
617.05,-0.0853726,-28.9051
617.1,-0.0853696,-28.9093
617.15,-0.0853728,-28.9136
617.2,-0.0853815,-28.9179
617.25,-0.0853868,-28.9221
617.3,-0.0853845,-28.9264
617.35,-0.0853968,-28.9307
617.4,-0.085401,-28.935
617.45,-0.085407,-28.9392
617.5,-0.0854041,-28.9435
617.55,-0.0854115,-28.9478
617.6,-0.0854162,-28.952
617.65,-0.0854168,-28.9563
617.7,-0.0854319,-28.9606
617.75,-0.0854368,-28.9648
617.8,-0.085441,-28.9691
617.85,-0.0854502,-28.9734
617.9,-0.0854508,-28.9777
617.95,-0.0854455,-28.9819
618.0,-0.085454,-28.9862
618.05,-0.0854554,-28.9905
618.1,-0.0854631,-28.9948
618.15,-0.0854622,-28.999
618.2,-0.0854759,-29.0033
618.25,-0.0854761,-29.0076
618.3,-0.0854772,-29.0119
618.35,-0.0854895,-29.0161
618.4,-0.0855014,-29.0204
618.45,-0.0855062,-29.0247
618.5,-0.0855289,-29.029
618.55,-0.0855317,-29.0332
618.6,-0.0855335,-29.0375
618.65,-0.0855312,-29.0418
618.7,-0.0855225,-29.0461
618.75,-0.0855185,-29.0503
618.8,-0.0855257,-29.0546
618.85,-0.0855348,-29.0589
618.9,-0.0855497,-29.0632
618.95,-0.0855636,-29.0674
619.0,-0.0855706,-29.0717
619.05,-0.0855717,-29.076
619.1,-0.085563,-29.0803
619.15,-0.0855579,-29.0846
619.2,-0.0855615,-29.0888
619.25,-0.0855588,-29.0931
619.3,-0.0855746,-29.0974
619.35,-0.0855682,-29.1017
619.4,-0.0855801,-29.1059
619.45,-0.085603,-29.1102
619.5,-0.0855823,-29.1145
619.55,-0.0855237,-29.1188
619.6,-0.085536,-29.1231
619.65,-0.085532,-29.1273
619.7,-0.0855263,-29.1316
619.75,-0.085523,-29.1359
619.8,-0.0855206,-29.1402
619.85,-0.0855368,-29.1444
619.9,-0.0855483,-29.1487
619.95,-0.0855544,-29.153
620.0,-0.0855627,-29.1573
620.05,-0.0855692,-29.1616
620.1,-0.0855707,-29.1658
620.15,-0.0855836,-29.1701
620.2,-0.0855736,-29.1744
620.25,-0.0855649,-29.1787
620.3,-0.0855829,-29.1829
620.35,-0.0855849,-29.1872
620.4,-0.0855914,-29.1915
620.45,-0.0855957,-29.1958
620.5,-0.0856174,-29.2001
620.55,-0.0855951,-29.2043
620.6,-0.0856046,-29.2086
620.65,-0.0856153,-29.2129
620.7,-0.0856222,-29.2172
620.75,-0.0856246,-29.2215
620.8,-0.0856271,-29.2257
620.85,-0.0856343,-29.23
620.9,-0.0856397,-29.2343
620.95,-0.0856492,-29.2386
621.0,-0.0856578,-29.2429
621.05,-0.0856535,-29.2472
621.1,-0.0856623,-29.2514
621.15,-0.0856641,-29.2557
621.2,-0.0856713,-29.26
621.25,-0.0856639,-29.2643
621.3,-0.0856661,-29.2686
621.35,-0.0856778,-29.2729
621.4,-0.0856955,-29.2771
621.45,-0.0856953,-29.2814
621.5,-0.08569,-29.2857
621.55,-0.0856848,-29.29
621.6,-0.0856931,-29.2943
621.65,-0.0857056,-29.2986
621.7,-0.0857004,-29.3029
621.75,-0.0857011,-29.3071
621.8,-0.0857139,-29.3114
621.85,-0.0857159,-29.3157
621.9,-0.0857138,-29.32
621.95,-0.085728,-29.3243
622.0,-0.0857457,-29.3286
622.05,-0.0857472,-29.3329
622.1,-0.0857564,-29.3371
622.15,-0.0857491,-29.3414
622.2,-0.0857586,-29.3457
622.25,-0.0857626,-29.35
622.3,-0.0857532,-29.3543
622.35,-0.0857542,-29.3586
622.4,-0.0857767,-29.3629
622.45,-0.0857709,-29.3672
622.5,-0.0857748,-29.3715
622.55,-0.0857832,-29.3757
622.6,-0.0858064,-29.38
622.65,-0.0857917,-29.3843
622.7,-0.0858023,-29.3886
622.75,-0.0857865,-29.3929
622.8,-0.085803,-29.3972
622.85,-0.0858173,-29.4015
622.9,-0.0857996,-29.4058
622.95,-0.0858089,-29.4101
623.0,-0.0858188,-29.4144
623.05,-0.0858255,-29.4186
623.1,-0.0858419,-29.4229
623.15,-0.0858379,-29.4272
623.2,-0.0858495,-29.4315
623.25,-0.0858436,-29.4358
623.3,-0.085853,-29.4401
623.35,-0.0858666,-29.4444
623.4,-0.085872,-29.4487
623.45,-0.0858712,-29.453
623.5,-0.0858904,-29.4573
623.55,-0.0858922,-29.4616
623.6,-0.0858932,-29.4659
623.65,-0.0859096,-29.4702
623.7,-0.0859008,-29.4745
623.75,-0.085905,-29.4788
623.8,-0.0859052,-29.4831
623.85,-0.0859076,-29.4873
623.9,-0.0859083,-29.4916
623.95,-0.0859237,-29.4959
624.0,-0.0859336,-29.5002
624.05,-0.0859364,-29.5045
624.1,-0.0859468,-29.5088
624.15,-0.0859659,-29.5131
624.2,-0.085964,-29.5174
624.25,-0.0859608,-29.5217
624.3,-0.0859592,-29.526
624.35,-0.0859704,-29.5303
624.4,-0.0859779,-29.5346
624.45,-0.0859775,-29.5389
624.5,-0.0859827,-29.5432
624.55,-0.0860008,-29.5475
624.6,-0.0860025,-29.5518
624.65,-0.086009,-29.5561
624.7,-0.0860065,-29.5604
624.75,-0.086032,-29.5647
624.8,-0.0860415,-29.569
624.85,-0.0860359,-29.5733
624.9,-0.0860382,-29.5776
624.95,-0.0860382,-29.5819
625.0,-0.0860436,-29.5862
625.05,-0.0860664,-29.5905
625.1,-0.08607,-29.5948
625.15,-0.0860718,-29.5991
625.2,-0.0860817,-29.6034
625.25,-0.0860963,-29.6077
625.3,-0.0861007,-29.6121
625.35,-0.0861083,-29.6164
625.4,-0.0861095,-29.6207
625.45,-0.0861171,-29.625
625.5,-0.0861135,-29.6293
625.55,-0.0861032,-29.6336
625.6,-0.0861223,-29.6379
625.65,-0.0861293,-29.6422
625.7,-0.0861239,-29.6465
625.75,-0.0861294,-29.6508
625.8,-0.0861505,-29.6551
625.85,-0.0861625,-29.6594
625.9,-0.0861765,-29.6637
625.95,-0.0861897,-29.668
626.0,-0.0862016,-29.6723
626.05,-0.0862069,-29.6767
626.1,-0.0862197,-29.681
626.15,-0.0862178,-29.6853
626.2,-0.0862349,-29.6896
626.25,-0.0862304,-29.6939
626.3,-0.086229,-29.6982
626.35,-0.0862421,-29.7025
626.4,-0.0862422,-29.7068
626.45,-0.0862552,-29.7112
626.5,-0.0862578,-29.7155
626.55,-0.0862666,-29.7198
626.6,-0.0862748,-29.7241
626.65,-0.0862874,-29.7284
626.7,-0.0863039,-29.7327
626.75,-0.086309,-29.737
626.8,-0.0863134,-29.7414
626.85,-0.0863075,-29.7457
626.9,-0.0863179,-29.75
626.95,-0.0863185,-29.7543
627.0,-0.0863185,-29.7586
627.05,-0.0863301,-29.7629
627.1,-0.0863417,-29.7673
627.15,-0.0863456,-29.7716
627.2,-0.0863465,-29.7759
627.25,-0.0863637,-29.7802
627.3,-0.0863781,-29.7845
627.35,-0.0863876,-29.7888
627.4,-0.0863752,-29.7932
627.45,-0.0863824,-29.7975
627.5,-0.0863912,-29.8018
627.55,-0.0863951,-29.8061
627.6,-0.0863945,-29.8104
627.65,-0.0864048,-29.8148
627.7,-0.086407,-29.8191
627.75,-0.0864007,-29.8234
627.8,-0.0864156,-29.8277
627.85,-0.0864159,-29.832
627.9,-0.0864369,-29.8364
627.95,-0.086447,-29.8407
628.0,-0.0864535,-29.845
628.05,-0.0864578,-29.8493
628.1,-0.0864572,-29.8537
628.15,-0.0864611,-29.858
628.2,-0.0864677,-29.8623
628.25,-0.0864819,-29.8666
628.3,-0.0864923,-29.8709
628.35,-0.08649,-29.8753
628.4,-0.0864967,-29.8796
628.45,-0.0864973,-29.8839
628.5,-0.0864985,-29.8882
628.55,-0.0865105,-29.8926
628.6,-0.0865195,-29.8969
628.65,-0.0865236,-29.9012
628.7,-0.0865287,-29.9056
628.75,-0.0865366,-29.9099
628.8,-0.0865251,-29.9142
628.85,-0.0865247,-29.9185
628.9,-0.0865297,-29.9229
628.95,-0.0865401,-29.9272
629.0,-0.086539,-29.9315
629.05,-0.0865529,-29.9358
629.1,-0.0865704,-29.9402
629.15,-0.0865683,-29.9445
629.2,-0.0865645,-29.9488
629.25,-0.0865581,-29.9532
629.3,-0.0865548,-29.9575
629.35,-0.0865531,-29.9618
629.4,-0.0865555,-29.9661
629.45,-0.0865481,-29.9705
629.5,-0.086553,-29.9748
629.55,-0.0865633,-29.9791
629.6,-0.0865673,-29.9834
629.65,-0.0865668,-29.9878
629.7,-0.086577,-29.9921
629.75,-0.0865727,-29.9964
629.8,-0.0865666,-30.0008
629.85,-0.0865714,-30.0051
629.9,-0.0865778,-30.0094
629.95,-0.0865681,-30.0137
630.0,-0.0865723,-30.0181
630.05,-0.0865744,-30.0224
630.1,-0.0865728,-30.0267
630.15,-0.0865803,-30.0311
630.2,-0.08659,-30.0354
630.25,-0.0866003,-30.0397
630.3,-0.0866023,-30.0441
630.35,-0.086595,-30.0484
630.4,-0.0865962,-30.0527
630.45,-0.0866053,-30.057
630.5,-0.0866102,-30.0614
630.55,-0.0866105,-30.0657
630.6,-0.0866043,-30.07
630.65,-0.0866093,-30.0744
630.7,-0.0866205,-30.0787
630.75,-0.0866192,-30.083
630.8,-0.0866226,-30.0874
630.85,-0.0866228,-30.0917
630.9,-0.08662,-30.096
630.95,-0.0866337,-30.1004
631.0,-0.0866511,-30.1047
631.05,-0.0866495,-30.109
631.1,-0.0866584,-30.1133
631.15,-0.0866511,-30.1177
631.2,-0.0866487,-30.122
631.25,-0.0866609,-30.1263
631.3,-0.0866482,-30.1307
631.35,-0.0866611,-30.135
631.4,-0.0866492,-30.1393
631.45,-0.0866655,-30.1437
631.5,-0.0866693,-30.148
631.55,-0.0866687,-30.1523
631.6,-0.0866727,-30.1567
631.65,-0.0866805,-30.161
631.7,-0.0867028,-30.1653
631.75,-0.0867461,-30.1697
631.8,-0.0867509,-30.174
631.85,-0.0867469,-30.1784
631.9,-0.0867481,-30.1827
631.95,-0.086759,-30.187
632.0,-0.0867512,-30.1914
632.05,-0.0867564,-30.1957
632.1,-0.0867577,-30.2
632.15,-0.0867732,-30.2044
632.2,-0.0867919,-30.2087
632.25,-0.0868038,-30.2131
632.3,-0.0867998,-30.2174
632.35,-0.0868004,-30.2217
632.4,-0.0867941,-30.2261
632.45,-0.0868064,-30.2304
632.5,-0.0868118,-30.2348
632.55,-0.0868132,-30.2391
632.6,-0.0868223,-30.2435
632.65,-0.0868276,-30.2478
632.7,-0.0868187,-30.2521
632.75,-0.0868356,-30.2565
632.8,-0.0868497,-30.2608
632.85,-0.0868487,-30.2652
632.9,-0.0868659,-30.2695
632.95,-0.0868692,-30.2738
633.0,-0.0868711,-30.2782
633.05,-0.0868757,-30.2825
633.1,-0.0868808,-30.2869
633.15,-0.0868886,-30.2912
633.2,-0.0869014,-30.2956
633.25,-0.0868962,-30.2999
633.3,-0.086911,-30.3043
633.35,-0.0869177,-30.3086
633.4,-0.0869264,-30.3129
633.45,-0.0869223,-30.3173
633.5,-0.0869324,-30.3216
633.55,-0.0869571,-30.326
633.6,-0.0869578,-30.3303
633.65,-0.0869538,-30.3347
633.7,-0.086968,-30.339
633.75,-0.0869666,-30.3434
633.8,-0.0869736,-30.3477
633.85,-0.086989,-30.3521
633.9,-0.0870065,-30.3564
633.95,-0.086996,-30.3608
634.0,-0.0869986,-30.3651
634.05,-0.0870151,-30.3695
634.1,-0.0870199,-30.3738
634.15,-0.087029,-30.3782
634.2,-0.0870332,-30.3825
634.25,-0.0870487,-30.3869
634.3,-0.087047,-30.3912
634.35,-0.0870532,-30.3956
634.4,-0.0870545,-30.3999
634.45,-0.0870554,-30.4043
634.5,-0.087058,-30.4087
634.55,-0.087058,-30.413
634.6,-0.0870576,-30.4174
634.65,-0.0870652,-30.4217
634.7,-0.0870754,-30.4261
634.75,-0.0870987,-30.4304
634.8,-0.087092,-30.4348
634.85,-0.0871012,-30.4391
634.9,-0.0871114,-30.4435
634.95,-0.0871197,-30.4478
635.0,-0.0871263,-30.4522
635.05,-0.0871485,-30.4566
635.1,-0.08715,-30.4609
635.15,-0.0871431,-30.4653
635.2,-0.0871491,-30.4696
635.25,-0.0871502,-30.474
635.3,-0.0871676,-30.4783
635.35,-0.0871714,-30.4827
635.4,-0.0871885,-30.4871
635.45,-0.0872053,-30.4914
635.5,-0.0872015,-30.4958
635.55,-0.0872133,-30.5001
635.6,-0.0872116,-30.5045
635.65,-0.0872219,-30.5089
635.7,-0.0872367,-30.5132
635.75,-0.0872364,-30.5176
635.8,-0.0872456,-30.5219
635.85,-0.0872529,-30.5263
635.9,-0.0872596,-30.5307
635.95,-0.0872577,-30.535
636.0,-0.0872771,-30.5394
636.05,-0.0872794,-30.5438
636.1,-0.0872854,-30.5481
636.15,-0.0872943,-30.5525
636.2,-0.0872928,-30.5569
636.25,-0.0872965,-30.5612
636.3,-0.0873138,-30.5656
636.35,-0.0873199,-30.57
636.4,-0.0873273,-30.5743
636.45,-0.0873251,-30.5787
636.5,-0.0873185,-30.5831
636.55,-0.0873269,-30.5874
636.6,-0.0873237,-30.5918
636.65,-0.0873444,-30.5962
636.7,-0.0873535,-30.6005
636.75,-0.0873503,-30.6049
636.8,-0.0873625,-30.6093
636.85,-0.08736,-30.6136
636.9,-0.0873526,-30.618
636.95,-0.0873694,-30.6224
637.0,-0.0873785,-30.6267
637.05,-0.0873841,-30.6311
637.1,-0.087381,-30.6355
637.15,-0.0873895,-30.6398
637.2,-0.087392,-30.6442
637.25,-0.0873754,-30.6486
637.3,-0.0873905,-30.6529
637.35,-0.0874013,-30.6573
637.4,-0.0874118,-30.6617
637.45,-0.0874371,-30.6661
637.5,-0.0874473,-30.6704
637.55,-0.0874588,-30.6748
637.6,-0.0874563,-30.6792
637.65,-0.0874472,-30.6835
637.7,-0.0874625,-30.6879
637.75,-0.0874656,-30.6923
637.8,-0.0874706,-30.6967
637.85,-0.08747,-30.701
637.9,-0.0874601,-30.7054
637.95,-0.0874627,-30.7098
638.0,-0.087478,-30.7142
638.05,-0.087481,-30.7185
638.1,-0.0875134,-30.7229
638.15,-0.0875027,-30.7273
638.2,-0.0875095,-30.7317
638.25,-0.0875294,-30.736
638.3,-0.0875184,-30.7404
638.35,-0.0875221,-30.7448
638.4,-0.0875234,-30.7492
638.45,-0.0875324,-30.7535
638.5,-0.0875251,-30.7579
638.55,-0.0875382,-30.7623
638.6,-0.0875578,-30.7667
638.65,-0.0875467,-30.7711
638.7,-0.0875481,-30.7754
638.75,-0.0875536,-30.7798
638.8,-0.0875564,-30.7842
638.85,-0.0875555,-30.7886
638.9,-0.0875588,-30.7929
638.95,-0.0875612,-30.7973
639.0,-0.087563,-30.8017
639.05,-0.0875801,-30.8061
639.1,-0.0875823,-30.8105
639.15,-0.0876119,-30.8148
639.2,-0.0876562,-30.8192
639.25,-0.0876708,-30.8236
639.3,-0.0876889,-30.828
639.35,-0.0876581,-30.8324
639.4,-0.0876578,-30.8368
639.45,-0.0876534,-30.8411
639.5,-0.0876439,-30.8455
639.55,-0.0876552,-30.8499
639.6,-0.0876643,-30.8543
639.65,-0.087649,-30.8587
639.7,-0.0876687,-30.863
639.75,-0.0876659,-30.8674
639.8,-0.0876694,-30.8718
639.85,-0.087678,-30.8762
639.9,-0.0876792,-30.8806
639.95,-0.0876865,-30.885
640.0,-0.0876763,-30.8894
640.05,-0.0876809,-30.8937
640.1,-0.0876909,-30.8981
640.15,-0.0877059,-30.9025
640.2,-0.0877062,-30.9069
640.25,-0.0877098,-30.9113
640.3,-0.0877145,-30.9157
640.35,-0.0877079,-30.92
640.4,-0.0876909,-30.9244
640.45,-0.0877021,-30.9288
640.5,-0.0877067,-30.9332
640.55,-0.0877077,-30.9376
640.6,-0.0877128,-30.942
640.65,-0.0877157,-30.9464
640.7,-0.0877185,-30.9507
640.75,-0.0877367,-30.9551
640.8,-0.0877501,-30.9595
640.85,-0.0877532,-30.9639
640.9,-0.0877488,-30.9683
640.95,-0.0877442,-30.9727
641.0,-0.0877347,-30.9771
641.05,-0.0877525,-30.9815
641.1,-0.0877524,-30.9858
641.15,-0.0877694,-30.9902
641.2,-0.0877745,-30.9946
641.25,-0.0877718,-30.999
641.3,-0.0877683,-31.0034
641.35,-0.087774,-31.0078
641.4,-0.0877662,-31.0122
641.45,-0.0877718,-31.0166
641.5,-0.0877731,-31.021
641.55,-0.0877891,-31.0253
641.6,-0.0877972,-31.0297
641.65,-0.0878102,-31.0341
641.7,-0.0878045,-31.0385
641.75,-0.0878156,-31.0429
641.8,-0.0878161,-31.0473
641.85,-0.0878073,-31.0517
641.9,-0.0878122,-31.0561
641.95,-0.0878083,-31.0605
642.0,-0.0878096,-31.0649
642.05,-0.0878162,-31.0692
642.1,-0.0878341,-31.0736
642.15,-0.0878277,-31.078
642.2,-0.0878459,-31.0824
642.25,-0.0878378,-31.0868
642.3,-0.0878471,-31.0912
642.35,-0.0878521,-31.0956
642.4,-0.0878525,-31.1
642.45,-0.0878557,-31.1044
642.5,-0.0878558,-31.1088
642.55,-0.0878606,-31.1132
642.6,-0.0878694,-31.1176
642.65,-0.0878638,-31.122
642.7,-0.0878655,-31.1263
642.75,-0.0878649,-31.1307
642.8,-0.0878641,-31.1351
642.85,-0.0878633,-31.1395
642.9,-0.0878766,-31.1439
642.95,-0.0878846,-31.1483
643.0,-0.0878971,-31.1527
643.05,-0.0879033,-31.1571
643.1,-0.0879061,-31.1615
643.15,-0.087919,-31.1659
643.2,-0.0879192,-31.1703
643.25,-0.0879235,-31.1747
643.3,-0.0879247,-31.1791
643.35,-0.0879411,-31.1835
643.4,-0.0879307,-31.1879
643.45,-0.0879343,-31.1923
643.5,-0.0879481,-31.1967
643.55,-0.0879618,-31.2011
643.6,-0.0879577,-31.2055
643.65,-0.0879713,-31.2099
643.7,-0.0879772,-31.2143
643.75,-0.0879909,-31.2187
643.8,-0.0879837,-31.2231
643.85,-0.0879897,-31.2275
643.9,-0.0879989,-31.2319
643.95,-0.0880073,-31.2363
644.0,-0.0880058,-31.2407
644.05,-0.0880217,-31.2451
644.1,-0.088025,-31.2495
644.15,-0.0880426,-31.2539
644.2,-0.0880439,-31.2583
644.25,-0.088037,-31.2627
644.3,-0.0880538,-31.2671
644.35,-0.0880551,-31.2715
644.4,-0.088092,-31.2759
644.45,-0.0881317,-31.2803
644.5,-0.0881377,-31.2847
644.55,-0.0881516,-31.2891
644.6,-0.0881413,-31.2935
644.65,-0.088142,-31.2979
644.7,-0.0881506,-31.3023
644.75,-0.0881432,-31.3067
644.8,-0.0881521,-31.3111
644.85,-0.0881624,-31.3155
644.9,-0.0881653,-31.32
644.95,-0.0881836,-31.3244
645.0,-0.0881978,-31.3288
645.05,-0.0881921,-31.3332
645.1,-0.0881968,-31.3376
645.15,-0.0882061,-31.342
645.2,-0.0882079,-31.3464
645.25,-0.0882275,-31.3508
645.3,-0.0882371,-31.3552
645.35,-0.0882426,-31.3597
645.4,-0.0882436,-31.3641
645.45,-0.0882389,-31.3685
645.5,-0.0882409,-31.3729
645.55,-0.0882411,-31.3773
645.6,-0.0882518,-31.3817
645.65,-0.0882621,-31.3861
645.7,-0.0882678,-31.3905
645.75,-0.088275,-31.395
645.8,-0.0882965,-31.3994
645.85,-0.0882984,-31.4038
645.9,-0.088312,-31.4082
645.95,-0.0883222,-31.4126
646.0,-0.0883108,-31.417
646.05,-0.0883084,-31.4214
646.1,-0.0883229,-31.4259
646.15,-0.0883296,-31.4303
646.2,-0.0883493,-31.4347
646.25,-0.0883634,-31.4391
646.3,-0.0883781,-31.4435
646.35,-0.0883707,-31.448
646.4,-0.0883602,-31.4524
646.45,-0.0883735,-31.4568
646.5,-0.0883833,-31.4612
646.55,-0.0883833,-31.4656
646.6,-0.0883988,-31.47
646.65,-0.088403,-31.4745
646.7,-0.0884063,-31.4789
646.75,-0.0884159,-31.4833
646.8,-0.0884318,-31.4877
646.85,-0.0884477,-31.4922
646.9,-0.0884418,-31.4966
646.95,-0.088447,-31.501
647.0,-0.0884657,-31.5054
647.05,-0.0884683,-31.5098
647.1,-0.0884865,-31.5143
647.15,-0.0884927,-31.5187
647.2,-0.0884958,-31.5231
647.25,-0.0885119,-31.5275
647.3,-0.0885171,-31.532
647.35,-0.0885105,-31.5364
647.4,-0.0885173,-31.5408
647.45,-0.0885325,-31.5452
647.5,-0.0885415,-31.5497
647.55,-0.0885423,-31.5541
647.6,-0.0885572,-31.5585
647.65,-0.0885743,-31.563
647.7,-0.088567,-31.5674
647.75,-0.0885877,-31.5718
647.8,-0.0885827,-31.5762
647.85,-0.0885884,-31.5807
647.9,-0.0885973,-31.5851
647.95,-0.0886039,-31.5895
648.0,-0.0886126,-31.594
648.05,-0.0886222,-31.5984
648.1,-0.0886353,-31.6028
648.15,-0.0886552,-31.6073
648.2,-0.088664,-31.6117
648.25,-0.0886642,-31.6161
648.3,-0.0886545,-31.6206
648.35,-0.0886565,-31.625
648.4,-0.0886622,-31.6294
648.45,-0.0886624,-31.6339
648.5,-0.0886717,-31.6383
648.55,-0.088676,-31.6427
648.6,-0.0886843,-31.6472
648.65,-0.0886874,-31.6516
648.7,-0.0886891,-31.656
648.75,-0.0886986,-31.6605
648.8,-0.0887065,-31.6649
648.85,-0.088705,-31.6693
648.9,-0.08871,-31.6738
648.95,-0.0887095,-31.6782
649.0,-0.0887187,-31.6826
649.05,-0.0887209,-31.6871
649.1,-0.0887351,-31.6915
649.15,-0.088742,-31.696
649.2,-0.0887547,-31.7004
649.25,-0.0887473,-31.7048
649.3,-0.0887598,-31.7093
649.35,-0.0887438,-31.7137
649.4,-0.0887493,-31.7181
649.45,-0.0887613,-31.7226
649.5,-0.08876,-31.727
649.55,-0.088763,-31.7315
649.6,-0.0887847,-31.7359
649.65,-0.0887803,-31.7403
649.7,-0.0887924,-31.7448
649.75,-0.0888014,-31.7492
649.8,-0.0887912,-31.7537
649.85,-0.0887969,-31.7581
649.9,-0.0888023,-31.7625
649.95,-0.0888159,-31.767
650.0,-0.0888232,-31.7714
650.05,-0.0888247,-31.7759
650.1,-0.0888307,-31.7803
650.15,-0.0888467,-31.7847
650.2,-0.0888479,-31.7892
650.25,-0.0888589,-31.7936
650.3,-0.0888574,-31.7981
650.35,-0.0888519,-31.8025
650.4,-0.0888436,-31.807
650.45,-0.0888574,-31.8114
650.5,-0.0888563,-31.8158
650.55,-0.0888637,-31.8203
650.6,-0.0888754,-31.8247
650.65,-0.0888914,-31.8292
650.7,-0.0889072,-31.8336
650.75,-0.0889181,-31.8381
650.8,-0.0889206,-31.8425
650.85,-0.0889146,-31.847
650.9,-0.0889145,-31.8514
650.95,-0.0889317,-31.8558
651.0,-0.0889403,-31.8603
651.05,-0.0889456,-31.8647
651.1,-0.0889436,-31.8692
651.15,-0.0889422,-31.8736
651.2,-0.0889574,-31.8781
651.25,-0.0889435,-31.8825
651.3,-0.088963,-31.887
651.35,-0.088972,-31.8914
651.4,-0.0889887,-31.8959
651.45,-0.0889931,-31.9003
651.5,-0.0889881,-31.9048
651.55,-0.0890014,-31.9092
651.6,-0.0889973,-31.9137
651.65,-0.0890085,-31.9181
651.7,-0.0890168,-31.9226
651.75,-0.0890105,-31.927
651.8,-0.0890339,-31.9315
651.85,-0.0890365,-31.9359
651.9,-0.0890291,-31.9404
651.95,-0.0890438,-31.9448
652.0,-0.0890475,-31.9493
652.05,-0.0890475,-31.9537
652.1,-0.0890589,-31.9582
652.15,-0.0890677,-31.9626
652.2,-0.0890746,-31.9671
652.25,-0.0890734,-31.9715
652.3,-0.0890748,-31.976
652.35,-0.0890749,-31.9805
652.4,-0.0890735,-31.9849
652.45,-0.0890762,-31.9894
652.5,-0.0890871,-31.9938
652.55,-0.0890764,-31.9983
652.6,-0.0890811,-32.0027
652.65,-0.0890777,-32.0072
652.7,-0.0890776,-32.0116
652.75,-0.0890966,-32.0161
652.8,-0.0890975,-32.0205
652.85,-0.089109,-32.025
652.9,-0.0891004,-32.0295
652.95,-0.0891073,-32.0339
653.0,-0.0890972,-32.0384
653.05,-0.089103,-32.0428
653.1,-0.0891043,-32.0473
653.15,-0.0891232,-32.0517
653.2,-0.0891229,-32.0562
653.25,-0.0891268,-32.0606
653.3,-0.0891202,-32.0651
653.35,-0.0891298,-32.0696
653.4,-0.0891301,-32.074
653.45,-0.0891441,-32.0785
653.5,-0.0891569,-32.0829
653.55,-0.0891588,-32.0874
653.6,-0.0891562,-32.0918
653.65,-0.0891583,-32.0963
653.7,-0.0891442,-32.1008
653.75,-0.0891473,-32.1052
653.8,-0.0891487,-32.1097
653.85,-0.0891646,-32.1141
653.9,-0.089174,-32.1186
653.95,-0.0891827,-32.1231
654.0,-0.0891895,-32.1275
654.05,-0.0891875,-32.132
654.1,-0.0891809,-32.1364
654.15,-0.089199,-32.1409
654.2,-0.0891874,-32.1453
654.25,-0.0891937,-32.1498
654.3,-0.0892003,-32.1543
654.35,-0.0892043,-32.1587
654.4,-0.0892026,-32.1632
654.45,-0.0892248,-32.1676
654.5,-0.0892238,-32.1721
654.55,-0.0892263,-32.1766
654.6,-0.0892365,-32.181
654.65,-0.0892531,-32.1855
654.7,-0.0892414,-32.19
654.75,-0.0892474,-32.1944
654.8,-0.0892458,-32.1989
654.85,-0.089269,-32.2033
654.9,-0.089273,-32.2078
654.95,-0.0892657,-32.2123
655.0,-0.0892827,-32.2167
655.05,-0.0892821,-32.2212
655.1,-0.0892823,-32.2257
655.15,-0.0892893,-32.2301
655.2,-0.0892929,-32.2346
655.25,-0.0893026,-32.2391
655.3,-0.0893042,-32.2435
655.35,-0.0892909,-32.248
655.4,-0.0893085,-32.2525
655.45,-0.0893185,-32.2569
655.5,-0.0893147,-32.2614
655.55,-0.0893282,-32.2659
655.6,-0.0893298,-32.2703
655.65,-0.0893454,-32.2748
655.7,-0.0893589,-32.2793
655.75,-0.089356,-32.2837
655.8,-0.0893553,-32.2882
655.85,-0.0893898,-32.2927
655.9,-0.0893864,-32.2971
655.95,-0.0893883,-32.3016
656.0,-0.0893888,-32.3061
656.05,-0.0893961,-32.3105
656.1,-0.0893892,-32.315
656.15,-0.089389,-32.3195
656.2,-0.089401,-32.3239
656.25,-0.0893992,-32.3284
656.3,-0.0894153,-32.3329
656.35,-0.0894163,-32.3374
656.4,-0.0894302,-32.3418
656.45,-0.0894337,-32.3463
656.5,-0.0894366,-32.3508
656.55,-0.0894265,-32.3552
656.6,-0.089435,-32.3597
656.65,-0.0894446,-32.3642
656.7,-0.0894592,-32.3687
656.75,-0.0894566,-32.3731
656.8,-0.0894572,-32.3776
656.85,-0.0894668,-32.3821
656.9,-0.089455,-32.3866
656.95,-0.0894725,-32.391
657.0,-0.0894883,-32.3955
657.05,-0.0894943,-32.4
657.1,-0.0894956,-32.4044
657.15,-0.0895063,-32.4089
657.2,-0.0895214,-32.4134
657.25,-0.0895309,-32.4179
657.3,-0.0895478,-32.4224
657.35,-0.0895947,-32.4268
657.4,-0.0896016,-32.4313
657.45,-0.0895788,-32.4358
657.5,-0.0895913,-32.4403
657.55,-0.0896025,-32.4448
657.6,-0.0896102,-32.4492
657.65,-0.0896223,-32.4537
657.7,-0.0896477,-32.4582
657.75,-0.0896453,-32.4627
657.8,-0.0896338,-32.4672
657.85,-0.0896174,-32.4716
657.9,-0.0896398,-32.4761
657.95,-0.0896421,-32.4806
658.0,-0.0896557,-32.4851
658.05,-0.0896503,-32.4896
658.1,-0.0896531,-32.4941
658.15,-0.0896456,-32.4985
658.2,-0.0896401,-32.503
658.25,-0.089652,-32.5075
658.3,-0.089673,-32.512
658.35,-0.089674,-32.5165
658.4,-0.0896784,-32.521
658.45,-0.089669,-32.5254
658.5,-0.0896824,-32.5299
658.55,-0.0896865,-32.5344
658.6,-0.0896925,-32.5389
658.65,-0.0896991,-32.5434
658.7,-0.0896941,-32.5479
658.75,-0.0896849,-32.5523
658.8,-0.0896955,-32.5568
658.85,-0.0897038,-32.5613
658.9,-0.0897062,-32.5658
658.95,-0.0897145,-32.5703
659.0,-0.0897207,-32.5748
659.05,-0.0897164,-32.5793
659.1,-0.0897357,-32.5837
659.15,-0.0897305,-32.5882
659.2,-0.0897404,-32.5927
659.25,-0.0897422,-32.5972
659.3,-0.0897392,-32.6017
659.35,-0.0897428,-32.6062
659.4,-0.0897412,-32.6107
659.45,-0.0897556,-32.6152
659.5,-0.0897511,-32.6196
659.55,-0.0897565,-32.6241
659.6,-0.0897568,-32.6286
659.65,-0.0897759,-32.6331
659.7,-0.0897765,-32.6376
659.75,-0.0897796,-32.6421
659.8,-0.0897816,-32.6466
659.85,-0.0897895,-32.6511
659.9,-0.089789,-32.6556
659.95,-0.0898034,-32.66
660.0,-0.0898062,-32.6645
660.05,-0.0898073,-32.669
660.1,-0.0898209,-32.6735
660.15,-0.0898322,-32.678
660.2,-0.0898413,-32.6825
660.25,-0.0898541,-32.687
660.3,-0.0898541,-32.6915
660.35,-0.0898625,-32.696
660.4,-0.0898652,-32.7005
660.45,-0.0898731,-32.705
660.5,-0.0898775,-32.7095
660.55,-0.0898918,-32.714
660.6,-0.0898888,-32.7184
660.65,-0.0898776,-32.7229
660.7,-0.0898851,-32.7274
660.75,-0.0898939,-32.7319
660.8,-0.0898941,-32.7364
660.85,-0.0899273,-32.7409
660.9,-0.0899185,-32.7454
660.95,-0.089921,-32.7499
661.0,-0.089925,-32.7544
661.05,-0.0899219,-32.7589
661.1,-0.0899221,-32.7634
661.15,-0.0899195,-32.7679
661.2,-0.0899524,-32.7724
661.25,-0.0899537,-32.7769
661.3,-0.0899561,-32.7814
661.35,-0.0899603,-32.7859
661.4,-0.0899669,-32.7904
661.45,-0.0899797,-32.7949
661.5,-0.089984,-32.7994
661.55,-0.0899916,-32.8039
661.6,-0.0900033,-32.8084
661.65,-0.0900013,-32.8129
661.7,-0.0900038,-32.8174
661.75,-0.0900136,-32.8219
661.8,-0.0900094,-32.8264
661.85,-0.0900153,-32.8309
661.9,-0.0900121,-32.8354
661.95,-0.0900297,-32.8399
662.0,-0.0900292,-32.8444
662.05,-0.0900299,-32.8489
662.1,-0.0900348,-32.8534
662.15,-0.0900674,-32.8579
662.2,-0.0900586,-32.8624
662.25,-0.0900573,-32.8669
662.3,-0.0900639,-32.8714
662.35,-0.0900801,-32.8759
662.4,-0.0900778,-32.8804
662.45,-0.0900822,-32.8849
662.5,-0.0900824,-32.8894
662.55,-0.0900807,-32.8939
662.6,-0.090083,-32.8984
662.65,-0.0900911,-32.9029
662.7,-0.0900948,-32.9074
662.75,-0.0901016,-32.9119
662.8,-0.09011,-32.9164
662.85,-0.0901174,-32.921
662.9,-0.0901266,-32.9255
662.95,-0.090133,-32.93
663.0,-0.0901203,-32.9345
663.05,-0.0901275,-32.939
663.1,-0.0901387,-32.9435
663.15,-0.0901408,-32.948
663.2,-0.0901364,-32.9525
663.25,-0.0901309,-32.957
663.3,-0.0901523,-32.9615
663.35,-0.0901435,-32.966
663.4,-0.0901553,-32.9705
663.45,-0.0901605,-32.975
663.5,-0.0901651,-32.9795
663.55,-0.0901656,-32.9841
663.6,-0.0901611,-32.9886
663.65,-0.0901646,-32.9931
663.7,-0.0901645,-32.9976
663.75,-0.0901796,-33.0021
663.8,-0.0901741,-33.0066
663.85,-0.090177,-33.0111
663.9,-0.0901816,-33.0156
663.95,-0.0901823,-33.0201
664.0,-0.0901952,-33.0246
664.05,-0.0901903,-33.0291
664.1,-0.0901904,-33.0336
664.15,-0.0901961,-33.0382
664.2,-0.0902022,-33.0427
664.25,-0.0901996,-33.0472
664.3,-0.090216,-33.0517
664.35,-0.0902046,-33.0562
664.4,-0.0902147,-33.0607
664.45,-0.0902139,-33.0652
664.5,-0.0902103,-33.0697
664.55,-0.0902184,-33.0742
664.6,-0.0902216,-33.0788
664.65,-0.0902256,-33.0833
664.7,-0.0902302,-33.0878
664.75,-0.0902175,-33.0923
664.8,-0.0902112,-33.0968
664.85,-0.090233,-33.1013
664.9,-0.0902333,-33.1058
664.95,-0.0902271,-33.1103
665.0,-0.0902375,-33.1148
665.05,-0.0902338,-33.1194
665.1,-0.0902365,-33.1239
665.15,-0.0902435,-33.1284
665.2,-0.0902484,-33.1329
665.25,-0.0902477,-33.1374
665.3,-0.0902551,-33.1419
665.35,-0.0902623,-33.1464
665.4,-0.0902658,-33.1509
665.45,-0.0902675,-33.1555
665.5,-0.0902717,-33.16
665.55,-0.0902765,-33.1645
665.6,-0.0902778,-33.169
665.65,-0.0902801,-33.1735
665.7,-0.0902773,-33.178
665.75,-0.0902839,-33.1825
665.8,-0.0902848,-33.1871
665.85,-0.0902898,-33.1916
665.9,-0.0902933,-33.1961
665.95,-0.0902993,-33.2006
666.0,-0.0903099,-33.2051
666.05,-0.0903109,-33.2096
666.1,-0.0903199,-33.2141
666.15,-0.0903164,-33.2187
666.2,-0.090326,-33.2232
666.25,-0.0903208,-33.2277
666.3,-0.0903182,-33.2322
666.35,-0.0903268,-33.2367
666.4,-0.0903405,-33.2412
666.45,-0.0903396,-33.2458
666.5,-0.0903329,-33.2503
666.55,-0.0903356,-33.2548
666.6,-0.0903445,-33.2593
666.65,-0.0903502,-33.2638
666.7,-0.0903593,-33.2683
666.75,-0.0903632,-33.2729
666.8,-0.0903905,-33.2774
666.85,-0.0904083,-33.2819
666.9,-0.0903926,-33.2864
666.95,-0.0903904,-33.2909
667.0,-0.0903914,-33.2955
667.05,-0.0903943,-33.3
667.1,-0.0904058,-33.3045
667.15,-0.0904139,-33.309
667.2,-0.0904163,-33.3135
667.25,-0.090417,-33.3181
667.3,-0.0904188,-33.3226
667.35,-0.0904244,-33.3271
667.4,-0.0904163,-33.3316
667.45,-0.0904284,-33.3362
667.5,-0.0904242,-33.3407
667.55,-0.0904282,-33.3452
667.6,-0.0904231,-33.3497
667.65,-0.0904144,-33.3542
667.7,-0.0904106,-33.3588
667.75,-0.0904125,-33.3633
667.8,-0.0904328,-33.3678
667.85,-0.0904529,-33.3723
667.9,-0.0904686,-33.3768
667.95,-0.0904635,-33.3814
668.0,-0.0904696,-33.3859
668.05,-0.0904622,-33.3904
668.1,-0.0904627,-33.3949
668.15,-0.0904772,-33.3995
668.2,-0.0904934,-33.404
668.25,-0.0904816,-33.4085
668.3,-0.0904885,-33.413
668.35,-0.0904852,-33.4176
668.4,-0.0904867,-33.4221
668.45,-0.0904976,-33.4266
668.5,-0.0905038,-33.4311
668.55,-0.090497,-33.4357
668.6,-0.0905064,-33.4402
668.65,-0.0905054,-33.4447
668.7,-0.0904982,-33.4492
668.75,-0.0905002,-33.4538
668.8,-0.0905137,-33.4583
668.85,-0.0905174,-33.4628
668.9,-0.0905296,-33.4673
668.95,-0.0905406,-33.4719
669.0,-0.0905308,-33.4764
669.05,-0.0905185,-33.4809
669.1,-0.0905293,-33.4854
669.15,-0.0905286,-33.49
669.2,-0.0905316,-33.4945
669.25,-0.0905516,-33.499
669.3,-0.0905491,-33.5036
669.35,-0.0905643,-33.5081
669.4,-0.0905517,-33.5126
669.45,-0.0905635,-33.5171
669.5,-0.0905584,-33.5217
669.55,-0.0905589,-33.5262
669.6,-0.0905655,-33.5307
669.65,-0.0905713,-33.5352
669.7,-0.0905749,-33.5398
669.75,-0.0905953,-33.5443
669.8,-0.0905857,-33.5488
669.85,-0.0905871,-33.5534
669.9,-0.0906099,-33.5579
669.95,-0.0906109,-33.5624
670.0,-0.0905975,-33.567
670.05,-0.090605,-33.5715
670.1,-0.0906106,-33.576
670.15,-0.090596,-33.5805
670.2,-0.0906015,-33.5851
670.25,-0.0906112,-33.5896
670.3,-0.0906258,-33.5941
670.35,-0.0906319,-33.5987
670.4,-0.0906407,-33.6032
670.45,-0.0906437,-33.6077
670.5,-0.0906591,-33.6123
670.55,-0.0906635,-33.6168
670.6,-0.0906709,-33.6213
670.65,-0.0906804,-33.6259
670.7,-0.0906999,-33.6304
670.75,-0.0906952,-33.6349
670.8,-0.0906928,-33.6395
670.85,-0.0907042,-33.644
670.9,-0.0907163,-33.6485
670.95,-0.0907287,-33.6531
671.0,-0.0907322,-33.6576
671.05,-0.0907316,-33.6622
671.1,-0.0907278,-33.6667
671.15,-0.0907289,-33.6712
671.2,-0.0907373,-33.6758
671.25,-0.0907673,-33.6803
671.3,-0.0907758,-33.6848
671.35,-0.0907823,-33.6894
671.4,-0.090796,-33.6939
671.45,-0.0907945,-33.6985
671.5,-0.0907879,-33.703
671.55,-0.0907911,-33.7075
671.6,-0.0908008,-33.7121
671.65,-0.090825,-33.7166
671.7,-0.0908387,-33.7212
671.75,-0.0908392,-33.7257
671.8,-0.0908412,-33.7302
671.85,-0.0908575,-33.7348
671.9,-0.0908675,-33.7393
671.95,-0.0908746,-33.7439
672.0,-0.0908816,-33.7484
672.05,-0.0908886,-33.753
672.1,-0.0908905,-33.7575
672.15,-0.0909065,-33.7621
672.2,-0.0909761,-33.7666
672.25,-0.0909816,-33.7712
672.3,-0.0909822,-33.7757
672.35,-0.0909759,-33.7803
672.4,-0.0909837,-33.7848
672.45,-0.0909887,-33.7893
672.5,-0.0909808,-33.7939
672.55,-0.0909836,-33.7984
672.6,-0.0909969,-33.803
672.65,-0.0909975,-33.8075
672.7,-0.0910033,-33.8121
672.75,-0.0910139,-33.8166
672.8,-0.0910159,-33.8212
672.85,-0.09101,-33.8257
672.9,-0.0910221,-33.8303
672.95,-0.0910232,-33.8349
673.0,-0.0910243,-33.8394
673.05,-0.0910263,-33.844
673.1,-0.0910317,-33.8485
673.15,-0.0910367,-33.8531
673.2,-0.0910386,-33.8576
673.25,-0.0910342,-33.8622
673.3,-0.0910397,-33.8667
673.35,-0.0910414,-33.8713
673.4,-0.0910572,-33.8758
673.45,-0.0910513,-33.8804
673.5,-0.0910522,-33.8849
673.55,-0.0910705,-33.8895
673.6,-0.0910642,-33.894
673.65,-0.091059,-33.8986
673.7,-0.0910657,-33.9031
673.75,-0.0910738,-33.9077
673.8,-0.0910723,-33.9122
673.85,-0.091077,-33.9168
673.9,-0.0910809,-33.9214
673.95,-0.0910861,-33.9259
674.0,-0.0910771,-33.9305
674.05,-0.0910826,-33.935
674.1,-0.0911004,-33.9396
674.15,-0.0911065,-33.9441
674.2,-0.0911075,-33.9487
674.25,-0.0911079,-33.9532
674.3,-0.0911031,-33.9578
674.35,-0.0911039,-33.9623
674.4,-0.0911218,-33.9669
674.45,-0.0911337,-33.9715
674.5,-0.0911332,-33.976
674.55,-0.0911429,-33.9806
674.6,-0.0911548,-33.9851
674.65,-0.0911548,-33.9897
674.7,-0.0911667,-33.9942
674.75,-0.0911612,-33.9988
674.8,-0.0911743,-34.0034
674.85,-0.091165,-34.0079
674.9,-0.0911849,-34.0125
674.95,-0.0911855,-34.017
675.0,-0.0911767,-34.0216
675.05,-0.0911713,-34.0262
675.1,-0.0911697,-34.0307
675.15,-0.0911685,-34.0353
675.2,-0.0911673,-34.0398
675.25,-0.0911674,-34.0444
675.3,-0.0911749,-34.0489
675.35,-0.0911697,-34.0535
675.4,-0.0911866,-34.0581
675.45,-0.0911962,-34.0626
675.5,-0.0911916,-34.0672
675.55,-0.0912076,-34.0717
675.6,-0.0912112,-34.0763
675.65,-0.0912218,-34.0809
675.7,-0.0912105,-34.0854
675.75,-0.091224,-34.09
675.8,-0.0912322,-34.0946
675.85,-0.091234,-34.0991
675.9,-0.0912337,-34.1037
675.95,-0.0912273,-34.1082
676.0,-0.0912346,-34.1128
676.05,-0.0912311,-34.1174
676.1,-0.0912349,-34.1219
676.15,-0.0912396,-34.1265
676.2,-0.0912511,-34.131
676.25,-0.0912469,-34.1356
676.3,-0.0912604,-34.1402
676.35,-0.091261,-34.1447
676.4,-0.0912668,-34.1493
676.45,-0.0912767,-34.1539
676.5,-0.0912891,-34.1584
676.55,-0.0912923,-34.163
676.6,-0.091289,-34.1676
676.65,-0.0912864,-34.1721
676.7,-0.0912817,-34.1767
676.75,-0.091292,-34.1812
676.8,-0.0912922,-34.1858
676.85,-0.0912959,-34.1904
676.9,-0.0913175,-34.1949
676.95,-0.0913075,-34.1995
677.0,-0.091307,-34.2041
677.05,-0.0912992,-34.2086
677.1,-0.0912958,-34.2132
677.15,-0.0912992,-34.2178
677.2,-0.0913035,-34.2223
677.25,-0.0913118,-34.2269
677.3,-0.0913048,-34.2315
677.35,-0.0913061,-34.236
677.4,-0.0913058,-34.2406
677.45,-0.0913171,-34.2452
677.5,-0.0913296,-34.2497
677.55,-0.0913203,-34.2543
677.6,-0.0913226,-34.2589
677.65,-0.0913339,-34.2634
677.7,-0.0913373,-34.268
677.75,-0.0913297,-34.2726
677.8,-0.0913392,-34.2771
677.85,-0.0913326,-34.2817
677.9,-0.0913367,-34.2863
677.95,-0.0913409,-34.2908
678.0,-0.0913298,-34.2954
678.05,-0.0913422,-34.3
678.1,-0.0913394,-34.3045
678.15,-0.0913442,-34.3091
678.2,-0.0913557,-34.3137
678.25,-0.0913558,-34.3182
678.3,-0.0913651,-34.3228
678.35,-0.0913587,-34.3274
678.4,-0.0913588,-34.3319
678.45,-0.0913608,-34.3365
678.5,-0.0913635,-34.3411
678.55,-0.0913613,-34.3456
678.6,-0.0913739,-34.3502
678.65,-0.0913842,-34.3548
678.7,-0.0913879,-34.3593
678.75,-0.0913841,-34.3639
678.8,-0.0913887,-34.3685
678.85,-0.0914002,-34.3731
678.9,-0.0914063,-34.3776
678.95,-0.0914095,-34.3822
679.0,-0.0914113,-34.3868
679.05,-0.0914276,-34.3913
679.1,-0.0914298,-34.3959
679.15,-0.0914312,-34.4005
679.2,-0.0914312,-34.4051
679.25,-0.0914381,-34.4096
679.3,-0.091435,-34.4142
679.35,-0.0914491,-34.4188
679.4,-0.0914581,-34.4233
679.45,-0.0914616,-34.4279
679.5,-0.091454,-34.4325
679.55,-0.091465,-34.4371
679.6,-0.0914681,-34.4416
679.65,-0.09147,-34.4462
679.7,-0.0914695,-34.4508
679.75,-0.0914738,-34.4554
679.8,-0.091483,-34.4599
679.85,-0.0914781,-34.4645
679.9,-0.091483,-34.4691
679.95,-0.0914854,-34.4737
680.0,-0.0915079,-34.4782
680.05,-0.0915095,-34.4828
680.1,-0.0914961,-34.4874
680.15,-0.091504,-34.492
680.2,-0.0915037,-34.4965
680.25,-0.0915048,-34.5011
680.3,-0.0915208,-34.5057
680.35,-0.0915357,-34.5103
680.4,-0.0915453,-34.5148
680.45,-0.0915372,-34.5194
680.5,-0.0915547,-34.524
680.55,-0.0915574,-34.5286
680.6,-0.091558,-34.5331
680.65,-0.0915694,-34.5377
680.7,-0.0915768,-34.5423
680.75,-0.0915754,-34.5469
680.8,-0.0915888,-34.5515
680.85,-0.0915936,-34.556
680.9,-0.0915895,-34.5606
680.95,-0.0915873,-34.5652
681.0,-0.0915777,-34.5698
681.05,-0.0915815,-34.5744
681.1,-0.0915902,-34.5789
681.15,-0.0915887,-34.5835
681.2,-0.0915889,-34.5881
681.25,-0.0915914,-34.5927
681.3,-0.0915996,-34.5973
681.35,-0.0916167,-34.6018
681.4,-0.0916267,-34.6064
681.45,-0.0916263,-34.611
681.5,-0.0916221,-34.6156
681.55,-0.0916344,-34.6202
681.6,-0.091629,-34.6247
681.65,-0.0916241,-34.6293
681.7,-0.0916215,-34.6339
681.75,-0.0916249,-34.6385
681.8,-0.0916304,-34.6431
681.85,-0.0916326,-34.6476
681.9,-0.0916419,-34.6522
681.95,-0.091634,-34.6568
682.0,-0.0916552,-34.6614
682.05,-0.0916444,-34.666
682.1,-0.0916536,-34.6706
682.15,-0.0916523,-34.6751
682.2,-0.0916655,-34.6797
682.25,-0.0916708,-34.6843
682.3,-0.0916716,-34.6889
682.35,-0.0916782,-34.6935
682.4,-0.0916806,-34.6981
682.45,-0.0916993,-34.7026
682.5,-0.0916881,-34.7072
682.55,-0.0917033,-34.7118
682.6,-0.091704,-34.7164
682.65,-0.0917089,-34.721
682.7,-0.0917042,-34.7256
682.75,-0.0917057,-34.7302
682.8,-0.0917002,-34.7347
682.85,-0.0917089,-34.7393
682.9,-0.0917119,-34.7439
682.95,-0.0917086,-34.7485
683.0,-0.0917038,-34.7531
683.05,-0.0917068,-34.7577
683.1,-0.0917082,-34.7623
683.15,-0.0917246,-34.7668
683.2,-0.0917228,-34.7714
683.25,-0.0917361,-34.776
683.3,-0.0917351,-34.7806
683.35,-0.091736,-34.7852
683.4,-0.0917446,-34.7898
683.45,-0.0917281,-34.7944
683.5,-0.0917277,-34.7989
683.55,-0.0917363,-34.8035
683.6,-0.0917375,-34.8081
683.65,-0.0917368,-34.8127
683.7,-0.0917456,-34.8173
683.75,-0.0917482,-34.8219
683.8,-0.0917513,-34.8265
683.85,-0.0917591,-34.8311
683.9,-0.0917625,-34.8356
683.95,-0.0917674,-34.8402
684.0,-0.0917769,-34.8448
684.05,-0.0917808,-34.8494
684.1,-0.0917873,-34.854
684.15,-0.0917843,-34.8586
684.2,-0.0917837,-34.8632
684.25,-0.0917975,-34.8678
684.3,-0.0917825,-34.8724
684.35,-0.0917928,-34.8769
684.4,-0.0917873,-34.8815
684.45,-0.0917956,-34.8861
684.5,-0.0918115,-34.8907
684.55,-0.0918151,-34.8953
684.6,-0.0918195,-34.8999
684.65,-0.0918326,-34.9045
684.7,-0.0918341,-34.9091
684.75,-0.0918192,-34.9137
684.8,-0.0918271,-34.9183
684.85,-0.0918298,-34.9229
684.9,-0.0918312,-34.9274
684.95,-0.0918379,-34.932
685.0,-0.0918415,-34.9366
685.05,-0.0918387,-34.9412
685.1,-0.0918425,-34.9458
685.15,-0.0918487,-34.9504
685.2,-0.0918473,-34.955
685.25,-0.0918599,-34.9596
685.3,-0.0918662,-34.9642
685.35,-0.0918605,-34.9688
685.4,-0.0918653,-34.9734
685.45,-0.091866,-34.978
685.5,-0.091864,-34.9826
685.55,-0.0918689,-34.9872
685.6,-0.0918573,-34.9917
685.65,-0.0918695,-34.9963
685.7,-0.0918709,-35.0009
685.75,-0.0918658,-35.0055
685.8,-0.0918582,-35.0101
685.85,-0.0918756,-35.0147
685.9,-0.0918774,-35.0193
685.95,-0.0918832,-35.0239
686.0,-0.0918799,-35.0285
686.05,-0.0918896,-35.0331
686.1,-0.0918779,-35.0377
686.15,-0.091887,-35.0423
686.2,-0.0918756,-35.0469
686.25,-0.091885,-35.0515
686.3,-0.0918727,-35.0561
686.35,-0.0918797,-35.0607
686.4,-0.0918886,-35.0652
686.45,-0.0918959,-35.0698
686.5,-0.0919012,-35.0744
686.55,-0.0918996,-35.079
686.6,-0.0918985,-35.0836
686.65,-0.0918988,-35.0882
686.7,-0.0918965,-35.0928
686.75,-0.0918944,-35.0974
686.8,-0.0919016,-35.102
686.85,-0.0918841,-35.1066
686.9,-0.0918961,-35.1112
686.95,-0.0919018,-35.1158
687.0,-0.0919073,-35.1204
687.05,-0.0919058,-35.125
687.1,-0.0919103,-35.1296
687.15,-0.0919028,-35.1342
687.2,-0.0919107,-35.1388
687.25,-0.091917,-35.1434
687.3,-0.0919166,-35.148
687.35,-0.0919252,-35.1526
687.4,-0.0919252,-35.1572
687.45,-0.0919284,-35.1617
687.5,-0.0919276,-35.1663
687.55,-0.0919225,-35.1709
687.6,-0.0919354,-35.1755
687.65,-0.0919253,-35.1801
687.7,-0.0919255,-35.1847
687.75,-0.0919255,-35.1893
687.8,-0.0919464,-35.1939
687.85,-0.0919411,-35.1985
687.9,-0.0919486,-35.2031
687.95,-0.0919437,-35.2077
688.0,-0.0919576,-35.2123
688.05,-0.0919573,-35.2169
688.1,-0.0919547,-35.2215
688.15,-0.0919571,-35.2261
688.2,-0.0919633,-35.2307
688.25,-0.0919483,-35.2353
688.3,-0.091963,-35.2399
688.35,-0.0919665,-35.2445
688.4,-0.0919678,-35.2491
688.45,-0.0919811,-35.2537
688.5,-0.0919804,-35.2583
688.55,-0.0919802,-35.2629
688.6,-0.0919726,-35.2675
688.65,-0.0919902,-35.2721
688.7,-0.0919899,-35.2767
688.75,-0.0919801,-35.2813
688.8,-0.0919813,-35.2859
688.85,-0.0920004,-35.2905
688.9,-0.0919967,-35.2951
688.95,-0.0920081,-35.2997
689.0,-0.0920007,-35.3043
689.05,-0.0920045,-35.3089
689.1,-0.0920018,-35.3135
689.15,-0.0920112,-35.3181
689.2,-0.0920048,-35.3227
689.25,-0.092017,-35.3273
689.3,-0.0920036,-35.3319
689.35,-0.0920085,-35.3365
689.4,-0.0920226,-35.3411
689.45,-0.0920331,-35.3457
689.5,-0.0920328,-35.3503
689.55,-0.0920316,-35.3549
689.6,-0.0920305,-35.3595
689.65,-0.092022,-35.3641
689.7,-0.0920195,-35.3687
689.75,-0.0920292,-35.3733
689.8,-0.0920383,-35.3779
689.85,-0.0920459,-35.3825
689.9,-0.0920507,-35.3871
689.95,-0.0920531,-35.3917
690.0,-0.0920505,-35.3963
690.05,-0.0920514,-35.4009
690.1,-0.0920664,-35.4055
690.15,-0.092072,-35.4101
690.2,-0.0920724,-35.4147
690.25,-0.0920757,-35.4193
690.3,-0.0920824,-35.4239
690.35,-0.0920901,-35.4285
690.4,-0.0921126,-35.4331
690.45,-0.0920965,-35.4378
690.5,-0.0921002,-35.4424
690.55,-0.0921149,-35.447
690.6,-0.0921167,-35.4516
690.65,-0.0921182,-35.4562
690.7,-0.092135,-35.4608
690.75,-0.0921287,-35.4654
690.8,-0.0921358,-35.47
690.85,-0.0921372,-35.4746
690.9,-0.0921565,-35.4792
690.95,-0.0921671,-35.4838
691.0,-0.0921686,-35.4884
691.05,-0.0921721,-35.493
691.1,-0.0921741,-35.4976
691.15,-0.0921911,-35.5023
691.2,-0.092197,-35.5069
691.25,-0.0922059,-35.5115
691.3,-0.0922207,-35.5161
691.35,-0.0922446,-35.5207
691.4,-0.0922436,-35.5253
691.45,-0.0922556,-35.5299
691.5,-0.092272,-35.5345
691.55,-0.0922885,-35.5391
691.6,-0.0922953,-35.5438
691.65,-0.0922947,-35.5484
691.7,-0.0923141,-35.553
691.75,-0.0922966,-35.5576
691.8,-0.0923092,-35.5622
691.85,-0.0923124,-35.5668
691.9,-0.0923253,-35.5715
691.95,-0.0923338,-35.5761
692.0,-0.0923343,-35.5807
692.05,-0.0923631,-35.5853
692.1,-0.0923679,-35.5899
692.15,-0.0923682,-35.5945
692.2,-0.0923686,-35.5992
692.25,-0.0923782,-35.6038
692.3,-0.0923691,-35.6084
692.35,-0.0923779,-35.613
692.4,-0.0923866,-35.6176
692.45,-0.0923899,-35.6223
692.5,-0.092401,-35.6269
692.55,-0.0923942,-35.6315
692.6,-0.0923971,-35.6361
692.65,-0.0924105,-35.6407
692.7,-0.0924132,-35.6454
692.75,-0.0924389,-35.65
692.8,-0.0924264,-35.6546
692.85,-0.0924343,-35.6592
692.9,-0.092446,-35.6638
692.95,-0.0924558,-35.6685
693.0,-0.0924639,-35.6731
693.05,-0.0924691,-35.6777
693.1,-0.0924578,-35.6823
693.15,-0.0924565,-35.687
693.2,-0.0924618,-35.6916
693.25,-0.0924785,-35.6962
693.3,-0.0924769,-35.7008
693.35,-0.0924788,-35.7055
693.4,-0.0924824,-35.7101
693.45,-0.092501,-35.7147
693.5,-0.0925068,-35.7193
693.55,-0.0925118,-35.724
693.6,-0.0925247,-35.7286
693.65,-0.09253,-35.7332
693.7,-0.0925366,-35.7378
693.75,-0.0925452,-35.7425
693.8,-0.0925534,-35.7471
693.85,-0.0925611,-35.7517
693.9,-0.092566,-35.7563
693.95,-0.0925668,-35.761
694.0,-0.0925746,-35.7656
694.05,-0.0925786,-35.7702
694.1,-0.0925837,-35.7749
694.15,-0.0925902,-35.7795
694.2,-0.092571,-35.7841
694.25,-0.0925837,-35.7887
694.3,-0.0925884,-35.7934
694.35,-0.0925917,-35.798
694.4,-0.0926027,-35.8026
694.45,-0.0926056,-35.8073
694.5,-0.0926296,-35.8119
694.55,-0.0926191,-35.8165
694.6,-0.0926296,-35.8212
694.65,-0.0926335,-35.8258
694.7,-0.09263,-35.8304
694.75,-0.0926408,-35.8351
694.8,-0.092656,-35.8397
694.85,-0.0926457,-35.8443
694.9,-0.0926654,-35.849
694.95,-0.0926683,-35.8536
695.0,-0.0926686,-35.8582
695.05,-0.0926888,-35.8629
695.1,-0.0926928,-35.8675
695.15,-0.092694,-35.8721
695.2,-0.0927051,-35.8768
695.25,-0.0927017,-35.8814
695.3,-0.0927036,-35.886
695.35,-0.0927227,-35.8907
695.4,-0.0927286,-35.8953
695.45,-0.0927568,-35.8999
695.5,-0.092764,-35.9046
695.55,-0.0927392,-35.9092
695.6,-0.0927363,-35.9139
695.65,-0.0927398,-35.9185
695.7,-0.0927336,-35.9231
695.75,-0.0927392,-35.9278
695.8,-0.0927442,-35.9324
695.85,-0.0927518,-35.937
695.9,-0.0927589,-35.9417
695.95,-0.0927574,-35.9463
696.0,-0.0927697,-35.951
696.05,-0.092769,-35.9556
696.1,-0.0927868,-35.9602
696.15,-0.0927825,-35.9649
696.2,-0.0928009,-35.9695
696.25,-0.0927823,-35.9742
696.3,-0.0927855,-35.9788
696.35,-0.0927868,-35.9834
696.4,-0.0927949,-35.9881
696.45,-0.0927904,-35.9927
696.5,-0.0928069,-35.9973
696.55,-0.0928055,-36.002
696.6,-0.0928105,-36.0066
696.65,-0.0927972,-36.0113
696.7,-0.0927993,-36.0159
696.75,-0.0928168,-36.0205
696.8,-0.0928152,-36.0252
696.85,-0.0928214,-36.0298
696.9,-0.0928225,-36.0345
696.95,-0.0928291,-36.0391
697.0,-0.0928368,-36.0438
697.05,-0.0928464,-36.0484
697.1,-0.0928504,-36.053
697.15,-0.0928359,-36.0577
697.2,-0.0928441,-36.0623
697.25,-0.0928605,-36.067
697.3,-0.0928643,-36.0716
697.35,-0.0928664,-36.0763
697.4,-0.0928646,-36.0809
697.45,-0.0928709,-36.0855
697.5,-0.0928925,-36.0902
697.55,-0.0928783,-36.0948
697.6,-0.0928844,-36.0995
697.65,-0.0928937,-36.1041
697.7,-0.0928925,-36.1088
697.75,-0.0928901,-36.1134
697.8,-0.0929061,-36.1181
697.85,-0.0929199,-36.1227
697.9,-0.0929264,-36.1273
697.95,-0.0929312,-36.132
698.0,-0.092943,-36.1366
698.05,-0.0929416,-36.1413
698.1,-0.0929398,-36.1459
698.15,-0.0929412,-36.1506
698.2,-0.0929419,-36.1552
698.25,-0.0929403,-36.1599
698.3,-0.0929481,-36.1645
698.35,-0.0929382,-36.1692
698.4,-0.0929348,-36.1738
698.45,-0.0929376,-36.1785
698.5,-0.0929356,-36.1831
698.55,-0.0929403,-36.1878
698.6,-0.092935,-36.1924
698.65,-0.0929366,-36.197
698.7,-0.0929406,-36.2017
698.75,-0.092949,-36.2063
698.8,-0.0929478,-36.211
698.85,-0.0929459,-36.2156
698.9,-0.0929409,-36.2203
698.95,-0.0929521,-36.2249
699.0,-0.0929576,-36.2296
699.05,-0.0929575,-36.2342
699.1,-0.0929543,-36.2389
699.15,-0.0929508,-36.2435
699.2,-0.0929517,-36.2482
699.25,-0.0929644,-36.2528
699.3,-0.0929633,-36.2575
699.35,-0.092971,-36.2621
699.4,-0.0929648,-36.2668
699.45,-0.0929616,-36.2714
699.5,-0.0929655,-36.2761
699.55,-0.0929586,-36.2807
699.6,-0.0929632,-36.2854
699.65,-0.0929604,-36.29
699.7,-0.0929767,-36.2947
699.75,-0.0929717,-36.2993
699.8,-0.092977,-36.304
699.85,-0.0929881,-36.3086
699.9,-0.0929902,-36.3133
699.95,-0.0929908,-36.3179
700.0,-0.0929914,-36.3225
700.05,-0.0929823,-36.3272
700.1,-0.0929917,-36.3318
700.15,-0.092995,-36.3365
700.2,-0.0929899,-36.3411
700.25,-0.093004,-36.3458
700.3,-0.0930007,-36.3504
700.35,-0.0930106,-36.3551
700.4,-0.0930097,-36.3597
700.45,-0.0930126,-36.3644
700.5,-0.0930188,-36.369
700.55,-0.0930303,-36.3737
700.6,-0.0930252,-36.3784
700.65,-0.0930241,-36.383
700.7,-0.0930314,-36.3877
700.75,-0.0930503,-36.3923
700.8,-0.0930542,-36.397
700.85,-0.0930633,-36.4016
700.9,-0.0930544,-36.4063
700.95,-0.0930557,-36.4109
701.0,-0.093068,-36.4156
701.05,-0.0930676,-36.4202
701.1,-0.0930775,-36.4249
701.15,-0.0930899,-36.4295
701.2,-0.0930993,-36.4342
701.25,-0.0931169,-36.4388
701.3,-0.0931129,-36.4435
701.35,-0.0931223,-36.4482
701.4,-0.093127,-36.4528
701.45,-0.0931326,-36.4575
701.5,-0.0931345,-36.4621
701.55,-0.093147,-36.4668
701.6,-0.0931453,-36.4714
701.65,-0.0931425,-36.4761
701.7,-0.0931498,-36.4808
701.75,-0.0931641,-36.4854
701.8,-0.0931637,-36.4901
701.85,-0.093156,-36.4947
701.9,-0.0931567,-36.4994
701.95,-0.0931668,-36.504
702.0,-0.0931717,-36.5087
702.05,-0.0931774,-36.5134
702.1,-0.0931791,-36.518
702.15,-0.0931891,-36.5227
702.2,-0.0931843,-36.5273
702.25,-0.0931883,-36.532
702.3,-0.0931964,-36.5367
702.35,-0.0931947,-36.5413
702.4,-0.0932137,-36.546
702.45,-0.093224,-36.5506
702.5,-0.0932255,-36.5553
702.55,-0.0932319,-36.56
702.6,-0.0932155,-36.5646
702.65,-0.093218,-36.5693
702.7,-0.0932318,-36.5739
702.75,-0.093239,-36.5786
702.8,-0.0932377,-36.5833
702.85,-0.0932609,-36.5879
702.9,-0.0932497,-36.5926
702.95,-0.0932624,-36.5973
703.0,-0.093257,-36.6019
703.05,-0.0932637,-36.6066
703.1,-0.0932664,-36.6113
703.15,-0.0932624,-36.6159
703.2,-0.093433,-36.6206
703.25,-0.0934523,-36.6253
703.3,-0.0934671,-36.6299
703.35,-0.0934654,-36.6346
703.4,-0.0934663,-36.6393
703.45,-0.093465,-36.644
703.5,-0.0934705,-36.6486
703.55,-0.0934724,-36.6533
703.6,-0.0934769,-36.658
703.65,-0.0934846,-36.6626
703.7,-0.0934835,-36.6673
703.75,-0.0934852,-36.672
703.8,-0.0934848,-36.6767
703.85,-0.093488,-36.6813
703.9,-0.0934837,-36.686
703.95,-0.0934803,-36.6907
704.0,-0.0934782,-36.6954
704.05,-0.0934813,-36.7
704.1,-0.0934749,-36.7047
704.15,-0.093479,-36.7094
704.2,-0.093481,-36.7141
704.25,-0.0934816,-36.7187
704.3,-0.0934834,-36.7234
704.35,-0.0934883,-36.7281
704.4,-0.0935007,-36.7328
704.45,-0.0935017,-36.7374
704.5,-0.093512,-36.7421
704.55,-0.0935294,-36.7468
704.6,-0.0935304,-36.7515
704.65,-0.0935213,-36.7561
704.7,-0.0935158,-36.7608
704.75,-0.0935271,-36.7655
704.8,-0.0935267,-36.7702
704.85,-0.093544,-36.7748
704.9,-0.0935387,-36.7795
704.95,-0.0935451,-36.7842
705.0,-0.0935501,-36.7889
705.05,-0.0935493,-36.7936
705.1,-0.0935605,-36.7982
705.15,-0.0935564,-36.8029
705.2,-0.093565,-36.8076
705.25,-0.0935504,-36.8123
705.3,-0.0935486,-36.8169
705.35,-0.0935595,-36.8216
705.4,-0.0935646,-36.8263
705.45,-0.0935541,-36.831
705.5,-0.0935563,-36.8357
705.55,-0.0935713,-36.8403
705.6,-0.0935716,-36.845
705.65,-0.0935698,-36.8497
705.7,-0.0935698,-36.8544
705.75,-0.0935908,-36.859
705.8,-0.0935855,-36.8637
705.85,-0.0935778,-36.8684
705.9,-0.0935955,-36.8731
705.95,-0.0935929,-36.8778
706.0,-0.0935977,-36.8824
706.05,-0.0935762,-36.8871
706.1,-0.0935875,-36.8918
706.15,-0.0936092,-36.8965
706.2,-0.0936243,-36.9012
706.25,-0.0936157,-36.9058
706.3,-0.0936277,-36.9105
706.35,-0.093627,-36.9152
706.4,-0.093625,-36.9199
706.45,-0.0936357,-36.9246
706.5,-0.0936334,-36.9293
706.55,-0.0936434,-36.9339
706.6,-0.0936449,-36.9386
706.65,-0.093648,-36.9433
706.7,-0.0936473,-36.948
706.75,-0.09365,-36.9527
706.8,-0.0936545,-36.9573
706.85,-0.0936648,-36.962
706.9,-0.0936788,-36.9667
706.95,-0.0936803,-36.9714
707.0,-0.0936845,-36.9761
707.05,-0.0936979,-36.9808
707.1,-0.0937,-36.9855
707.15,-0.0937029,-36.9901
707.2,-0.0937198,-36.9948
707.25,-0.0937074,-36.9995
707.3,-0.0937258,-37.0042
707.35,-0.0937329,-37.0089
707.4,-0.0937349,-37.0136
707.45,-0.0937414,-37.0183
707.5,-0.0937495,-37.0229
707.55,-0.0937521,-37.0276
707.6,-0.0937629,-37.0323
707.65,-0.0937847,-37.037
707.7,-0.0941091,-37.0417
707.75,-0.0940797,-37.0464
707.8,-0.094043,-37.0511
707.85,-0.094014,-37.0558
707.9,-0.0939958,-37.0605
707.95,-0.0940031,-37.0652
708.0,-0.0939991,-37.0699
708.05,-0.0940018,-37.0746
708.1,-0.0940021,-37.0793
708.15,-0.0940058,-37.084
708.2,-0.0940017,-37.0887
708.25,-0.09399,-37.0934
708.3,-0.0940086,-37.0981
708.35,-0.0940105,-37.1028
708.4,-0.0940152,-37.1075
708.45,-0.0940263,-37.1122
708.5,-0.0940162,-37.1169
708.55,-0.0940272,-37.1216
708.6,-0.094032,-37.1263
708.65,-0.0940309,-37.131
708.7,-0.0940344,-37.1357
708.75,-0.0940395,-37.1404
708.8,-0.094048,-37.1451
708.85,-0.0940448,-37.1498
708.9,-0.0940452,-37.1545
708.95,-0.0940654,-37.1592
709.0,-0.0940688,-37.1639
709.05,-0.0940839,-37.1687
709.1,-0.0940655,-37.1734
709.15,-0.094088,-37.1781
709.2,-0.0940996,-37.1828
709.25,-0.0940979,-37.1875
709.3,-0.0941043,-37.1922
709.35,-0.0941121,-37.1969
709.4,-0.0941119,-37.2016
709.45,-0.094131,-37.2063
709.5,-0.0941183,-37.211
709.55,-0.0941222,-37.2157
709.6,-0.0941303,-37.2204
709.65,-0.0941354,-37.2251
709.7,-0.094137,-37.2298
709.75,-0.0941425,-37.2345
709.8,-0.0941426,-37.2392
709.85,-0.0941543,-37.2439
709.9,-0.0941479,-37.2487
709.95,-0.0941639,-37.2534
710.0,-0.0941573,-37.2581
710.05,-0.0941675,-37.2628
710.1,-0.0941767,-37.2675
710.15,-0.0941823,-37.2722
710.2,-0.0941856,-37.2769
710.25,-0.0941996,-37.2816
710.3,-0.0942027,-37.2863
710.35,-0.0941946,-37.291
710.4,-0.0941925,-37.2957
710.45,-0.0942039,-37.3005
710.5,-0.0942134,-37.3052
710.55,-0.0942038,-37.3099
710.6,-0.0942126,-37.3146
710.65,-0.0942278,-37.3193
710.7,-0.0942251,-37.324
710.75,-0.0942229,-37.3287
710.8,-0.0942369,-37.3334
710.85,-0.0942381,-37.3381
710.9,-0.0942459,-37.3429
710.95,-0.0942516,-37.3476
711.0,-0.0942606,-37.3523
711.05,-0.094267,-37.357
711.1,-0.0942713,-37.3617
711.15,-0.0942641,-37.3664
711.2,-0.0942815,-37.3711
711.25,-0.0942735,-37.3759
711.3,-0.0942727,-37.3806
711.35,-0.094279,-37.3853
711.4,-0.0942931,-37.39
711.45,-0.0942871,-37.3947
711.5,-0.0943014,-37.3994
711.55,-0.094309,-37.4041
711.6,-0.0943103,-37.4089
711.65,-0.094318,-37.4136
711.7,-0.094334,-37.4183
711.75,-0.0943299,-37.423
711.8,-0.0943315,-37.4277
711.85,-0.0943375,-37.4324
711.9,-0.094345,-37.4372
711.95,-0.0943396,-37.4419
712.0,-0.0943437,-37.4466
712.05,-0.0943602,-37.4513
712.1,-0.0943606,-37.456
712.15,-0.0943618,-37.4607
712.2,-0.0943728,-37.4655
712.25,-0.0943777,-37.4702
712.3,-0.0943727,-37.4749
712.35,-0.0943822,-37.4796
712.4,-0.0943765,-37.4843
712.45,-0.0943797,-37.4891
712.5,-0.0943873,-37.4938
712.55,-0.0944048,-37.4985
712.6,-0.0944136,-37.5032
712.65,-0.0944017,-37.5079
712.7,-0.0944103,-37.5127
712.75,-0.0944195,-37.5174
712.8,-0.0944268,-37.5221
712.85,-0.0944247,-37.5268
712.9,-0.0944453,-37.5315
712.95,-0.0944398,-37.5363
713.0,-0.0944357,-37.541
713.05,-0.0944477,-37.5457
713.1,-0.0944493,-37.5504
713.15,-0.0944701,-37.5552
713.2,-0.0944703,-37.5599
713.25,-0.0944777,-37.5646
713.3,-0.0944882,-37.5693
713.35,-0.0944915,-37.574
713.4,-0.0944853,-37.5788
713.45,-0.0944727,-37.5835
713.5,-0.0944792,-37.5882
713.55,-0.0944986,-37.5929
713.6,-0.0945003,-37.5977
713.65,-0.0944994,-37.6024
713.7,-0.0945111,-37.6071
713.75,-0.0945136,-37.6118
713.8,-0.094512,-37.6166
713.85,-0.0945161,-37.6213
713.9,-0.0945243,-37.626
713.95,-0.0945264,-37.6307
714.0,-0.0945271,-37.6355
714.05,-0.0945295,-37.6402
714.1,-0.094535,-37.6449
714.15,-0.0945277,-37.6497
714.2,-0.0945344,-37.6544
714.25,-0.0945454,-37.6591
714.3,-0.094547,-37.6638
714.35,-0.094543,-37.6686
714.4,-0.0945457,-37.6733
714.45,-0.0945482,-37.678
714.5,-0.0945588,-37.6827
714.55,-0.0945569,-37.6875
714.6,-0.0945528,-37.6922
714.65,-0.0945628,-37.6969
714.7,-0.0945531,-37.7017
714.75,-0.0945638,-37.7064
714.8,-0.0945673,-37.7111
714.85,-0.0945758,-37.7158
714.9,-0.0945694,-37.7206
714.95,-0.0945705,-37.7253
715.0,-0.0945682,-37.73
715.05,-0.0945668,-37.7348
715.1,-0.0945753,-37.7395
715.15,-0.0945764,-37.7442
715.2,-0.0945778,-37.7489
715.25,-0.0945778,-37.7537
715.3,-0.0945908,-37.7584
715.35,-0.0945952,-37.7631
715.4,-0.0946002,-37.7679
715.45,-0.0945949,-37.7726
715.5,-0.0945976,-37.7773
715.55,-0.0946025,-37.7821
715.6,-0.0946007,-37.7868
715.65,-0.0945974,-37.7915
715.7,-0.0946123,-37.7962
715.75,-0.0946111,-37.801
715.8,-0.0946176,-37.8057
715.85,-0.0946118,-37.8104
715.9,-0.0946219,-37.8152
715.95,-0.0946201,-37.8199
716.0,-0.0946187,-37.8246
716.05,-0.0946157,-37.8294
716.1,-0.094624,-37.8341
716.15,-0.0946234,-37.8388
716.2,-0.0946521,-37.8436
716.25,-0.0946469,-37.8483
716.3,-0.0946474,-37.853
716.35,-0.094636,-37.8577
716.4,-0.0946338,-37.8625
716.45,-0.0946359,-37.8672
716.5,-0.0946322,-37.8719
716.55,-0.0946265,-37.8767
716.6,-0.0946366,-37.8814
716.65,-0.0946307,-37.8861
716.7,-0.0946328,-37.8909
716.75,-0.094627,-37.8956
716.8,-0.0946252,-37.9003
716.85,-0.0946319,-37.9051
716.9,-0.094635,-37.9098
716.95,-0.0946294,-37.9145
717.0,-0.0946376,-37.9193
717.05,-0.094644,-37.924
717.1,-0.0946319,-37.9287
717.15,-0.0946458,-37.9335
717.2,-0.0946453,-37.9382
717.25,-0.0946273,-37.9429
717.3,-0.0946338,-37.9477
717.35,-0.0946386,-37.9524
717.4,-0.0946355,-37.9571
717.45,-0.0946357,-37.9618
717.5,-0.0946438,-37.9666
717.55,-0.0946513,-37.9713
717.6,-0.0946539,-37.976
717.65,-0.094658,-37.9808
717.7,-0.094657,-37.9855
717.75,-0.0946508,-37.9902
717.8,-0.0946587,-37.995
717.85,-0.0946494,-37.9997
717.9,-0.0946465,-38.0044
717.95,-0.0946536,-38.0092
718.0,-0.0946517,-38.0139
718.05,-0.0946597,-38.0186
718.1,-0.0946669,-38.0234
718.15,-0.0946591,-38.0281
718.2,-0.0946729,-38.0328
718.25,-0.0946755,-38.0376
718.3,-0.0946769,-38.0423
718.35,-0.0946807,-38.047
718.4,-0.0946905,-38.0518
718.45,-0.0946856,-38.0565
718.5,-0.0946852,-38.0612
718.55,-0.0946784,-38.066
718.6,-0.0946942,-38.0707
718.65,-0.094694,-38.0754
718.7,-0.0947003,-38.0802
718.75,-0.0946936,-38.0849
718.8,-0.0947123,-38.0897
718.85,-0.0947241,-38.0944
718.9,-0.0947295,-38.0991
718.95,-0.0947344,-38.1039
719.0,-0.0947358,-38.1086
719.05,-0.094743,-38.1133
719.1,-0.0947485,-38.1181
719.15,-0.0947501,-38.1228
719.2,-0.0947647,-38.1275
719.25,-0.0947836,-38.1323
719.3,-0.0947749,-38.137
719.35,-0.0947932,-38.1418
719.4,-0.0947909,-38.1465
719.45,-0.0947917,-38.1512
719.5,-0.094808,-38.156
719.55,-0.0948176,-38.1607
719.6,-0.0948363,-38.1655
719.65,-0.0948372,-38.1702
719.7,-0.094842,-38.175
719.75,-0.094859,-38.1797
719.8,-0.0948719,-38.1844
719.85,-0.0948707,-38.1892
719.9,-0.0948957,-38.1939
719.95,-0.0948992,-38.1987
720.0,-0.0948975,-38.2034
720.05,-0.0948973,-38.2082
720.1,-0.0949015,-38.2129
720.15,-0.09489,-38.2177
720.2,-0.0949033,-38.2224
720.25,-0.0949218,-38.2271
720.3,-0.0949251,-38.2319
720.35,-0.0949145,-38.2366
720.4,-0.0949266,-38.2414
720.45,-0.0949282,-38.2461
720.5,-0.0949244,-38.2509
720.55,-0.094936,-38.2556
720.6,-0.0949448,-38.2604
720.65,-0.0949464,-38.2651
720.7,-0.0949559,-38.2699
720.75,-0.0949592,-38.2746
720.8,-0.0949551,-38.2794
720.85,-0.094964,-38.2841
720.9,-0.0949751,-38.2889
720.95,-0.0949726,-38.2936
721.0,-0.0949781,-38.2984
721.05,-0.0949835,-38.3031
721.1,-0.0949799,-38.3079
721.15,-0.0949778,-38.3126
721.2,-0.0949829,-38.3173
721.25,-0.0949801,-38.3221
721.3,-0.0949823,-38.3268
721.35,-0.0949901,-38.3316
721.4,-0.094994,-38.3363
721.45,-0.0950015,-38.3411
721.5,-0.0949969,-38.3458
721.55,-0.0949918,-38.3506
721.6,-0.0950068,-38.3553
721.65,-0.0950143,-38.3601
721.7,-0.0950137,-38.3648
721.75,-0.0950237,-38.3696
721.8,-0.0950142,-38.3744
721.85,-0.0950264,-38.3791
721.9,-0.0950207,-38.3839
721.95,-0.0950253,-38.3886
722.0,-0.0950306,-38.3934
722.05,-0.0950321,-38.3981
722.1,-0.0950297,-38.4029
722.15,-0.0950345,-38.4076
722.2,-0.0950411,-38.4124
722.25,-0.0950492,-38.4171
722.3,-0.0950562,-38.4219
722.35,-0.0950444,-38.4266
722.4,-0.0950506,-38.4314
722.45,-0.0950568,-38.4361
722.5,-0.0950634,-38.4409
722.55,-0.0950563,-38.4456
722.6,-0.0950614,-38.4504
722.65,-0.0950579,-38.4551
722.7,-0.0950732,-38.4599
722.75,-0.095088,-38.4646
722.8,-0.095101,-38.4694
722.85,-0.095093,-38.4742
722.9,-0.0950982,-38.4789
722.95,-0.0950895,-38.4837
723.0,-0.0950869,-38.4884
723.05,-0.0950913,-38.4932
723.1,-0.0950966,-38.4979
723.15,-0.0950882,-38.5027
723.2,-0.0950994,-38.5074
723.25,-0.0950902,-38.5122
723.3,-0.0950962,-38.5169
723.35,-0.0951095,-38.5217
723.4,-0.0951224,-38.5265
723.45,-0.0951317,-38.5312
723.5,-0.0951238,-38.536
723.55,-0.0951248,-38.5407
723.6,-0.0951411,-38.5455
723.65,-0.0951466,-38.5502
723.7,-0.0951511,-38.555
723.75,-0.0951571,-38.5598
723.8,-0.0951629,-38.5645
723.85,-0.0951609,-38.5693
723.9,-0.0951586,-38.574
723.95,-0.0951676,-38.5788
724.0,-0.0951725,-38.5835
724.05,-0.0951817,-38.5883
724.1,-0.0952015,-38.5931
724.15,-0.0952127,-38.5978
724.2,-0.0952049,-38.6026
724.25,-0.0952146,-38.6073
724.3,-0.0952411,-38.6121
724.35,-0.0952435,-38.6169
724.4,-0.095245,-38.6216
724.45,-0.0952496,-38.6264
724.5,-0.095247,-38.6312
724.55,-0.0952519,-38.6359
724.6,-0.0952536,-38.6407
724.65,-0.0952704,-38.6455
724.7,-0.0952854,-38.6502
724.75,-0.0952859,-38.655
724.8,-0.0952945,-38.6597
724.85,-0.0952951,-38.6645
724.9,-0.0952993,-38.6693
724.95,-0.0953008,-38.674
725.0,-0.0953135,-38.6788
725.05,-0.0953273,-38.6836
725.1,-0.095351,-38.6883
725.15,-0.0953609,-38.6931
725.2,-0.0953588,-38.6979
725.25,-0.0953745,-38.7026
725.3,-0.0953894,-38.7074
725.35,-0.0953865,-38.7122
725.4,-0.0954026,-38.7169
725.45,-0.0953972,-38.7217
725.5,-0.0954099,-38.7265
725.55,-0.0954183,-38.7313
725.6,-0.0954369,-38.736
725.65,-0.0954423,-38.7408
725.7,-0.09545,-38.7456
725.75,-0.0954608,-38.7504
725.8,-0.0954722,-38.7551
725.85,-0.095487,-38.7599
725.9,-0.0954916,-38.7647
725.95,-0.0955035,-38.7694
726.0,-0.0955058,-38.7742
726.05,-0.0955219,-38.779
726.1,-0.095524,-38.7838
726.15,-0.0955331,-38.7886
726.2,-0.095547,-38.7933
726.25,-0.095565,-38.7981
726.3,-0.0955606,-38.8029
726.35,-0.0955831,-38.8077
726.4,-0.0955965,-38.8124
726.45,-0.0956021,-38.8172
726.5,-0.0956085,-38.822
726.55,-0.0956226,-38.8268
726.6,-0.0956309,-38.8316
726.65,-0.0956395,-38.8363
726.7,-0.0956352,-38.8411
726.75,-0.0956539,-38.8459
726.8,-0.0956603,-38.8507
726.85,-0.0956709,-38.8555
726.9,-0.0956846,-38.8603
726.95,-0.095681,-38.8651
727.0,-0.095697,-38.8698
727.05,-0.095705,-38.8746
727.1,-0.0956979,-38.8794
727.15,-0.0957161,-38.8842
727.2,-0.0957206,-38.889
727.25,-0.09574,-38.8938
727.3,-0.0957414,-38.8986
727.35,-0.0957452,-38.9033
727.4,-0.095765,-38.9081
727.45,-0.0957662,-38.9129
727.5,-0.0957778,-38.9177
727.55,-0.0957821,-38.9225
727.6,-0.0957873,-38.9273
727.65,-0.0958003,-38.9321
727.7,-0.0958052,-38.9369
727.75,-0.0958058,-38.9417
727.8,-0.095807,-38.9464
727.85,-0.0957932,-38.9512
727.9,-0.0958094,-38.956
727.95,-0.0958041,-38.9608
728.0,-0.0958191,-38.9656
728.05,-0.0958255,-38.9704
728.1,-0.0958106,-38.9752
728.15,-0.0958253,-38.98
728.2,-0.0958341,-38.9848
728.25,-0.0958351,-38.9896
728.3,-0.095856,-38.9944
728.35,-0.0958553,-38.9991
728.4,-0.0958525,-39.0039
728.45,-0.0958634,-39.0087
728.5,-0.0958972,-39.0135
728.55,-0.0958943,-39.0183
728.6,-0.0959029,-39.0231
728.65,-0.0959069,-39.0279
728.7,-0.0959064,-39.0327
728.75,-0.0959234,-39.0375
728.8,-0.0959175,-39.0423
728.85,-0.0959363,-39.0471
728.9,-0.0959394,-39.0519
728.95,-0.0959387,-39.0567
729.0,-0.0959629,-39.0615
729.05,-0.0959775,-39.0663
729.1,-0.0959744,-39.0711
729.15,-0.0959957,-39.0759
729.2,-0.0960049,-39.0807
729.25,-0.096018,-39.0855
729.3,-0.0960228,-39.0903
729.35,-0.0960211,-39.0951
729.4,-0.0960299,-39.0999
729.45,-0.0960227,-39.1047
729.5,-0.096016,-39.1095
729.55,-0.0960224,-39.1143
729.6,-0.0960417,-39.1191
729.65,-0.0960527,-39.1239
729.7,-0.0960469,-39.1287
729.75,-0.0960574,-39.1335
729.8,-0.0960528,-39.1383
729.85,-0.0960723,-39.1431
729.9,-0.0960746,-39.1479
729.95,-0.09607,-39.1527
730.0,-0.0960756,-39.1575
730.05,-0.0960917,-39.1623
730.1,-0.0960896,-39.1671
730.15,-0.0960928,-39.1719
730.2,-0.0960933,-39.1767
730.25,-0.0961008,-39.1815
730.3,-0.0960927,-39.1863
730.35,-0.0961039,-39.1912
730.4,-0.096107,-39.196
730.45,-0.0961028,-39.2008
730.5,-0.096101,-39.2056
730.55,-0.0960995,-39.2104
730.6,-0.0961071,-39.2152
730.65,-0.0961099,-39.22
730.7,-0.0961003,-39.2248
730.75,-0.0961155,-39.2296
730.8,-0.0961086,-39.2344
730.85,-0.0961275,-39.2392
730.9,-0.0961234,-39.244
730.95,-0.0961272,-39.2488
731.0,-0.0961422,-39.2536
731.05,-0.0961511,-39.2584
731.1,-0.0961552,-39.2632
731.15,-0.0961502,-39.2681
731.2,-0.0961648,-39.2729
731.25,-0.0961553,-39.2777
731.3,-0.0961564,-39.2825
731.35,-0.0961664,-39.2873
731.4,-0.0961632,-39.2921
731.45,-0.0961708,-39.2969
731.5,-0.0961766,-39.3017
731.55,-0.0961736,-39.3065
731.6,-0.0961812,-39.3113
731.65,-0.0961839,-39.3161
731.7,-0.0961823,-39.3209
731.75,-0.0961863,-39.3258
731.8,-0.0961878,-39.3306
731.85,-0.096197,-39.3354
731.9,-0.0961948,-39.3402
731.95,-0.096183,-39.345
732.0,-0.0961823,-39.3498
732.05,-0.0961745,-39.3546
732.1,-0.0961796,-39.3594
732.15,-0.0961864,-39.3642
732.2,-0.0961905,-39.369
732.25,-0.0961886,-39.3738
732.3,-0.0961925,-39.3787
732.35,-0.0961959,-39.3835
732.4,-0.0961944,-39.3883
732.45,-0.0962025,-39.3931
732.5,-0.0961979,-39.3979
732.55,-0.0962025,-39.4027
732.6,-0.0961992,-39.4075
732.65,-0.0961964,-39.4123
732.7,-0.0962,-39.4171
732.75,-0.0961994,-39.4219
732.8,-0.0962052,-39.4268
732.85,-0.0962214,-39.4316
732.9,-0.0962122,-39.4364
732.95,-0.0961993,-39.4412
733.0,-0.096199,-39.446
733.05,-0.0962152,-39.4508
733.1,-0.0962146,-39.4556
733.15,-0.0962174,-39.4604
733.2,-0.0962249,-39.4652
733.25,-0.096236,-39.4701
733.3,-0.0962247,-39.4749
733.35,-0.096221,-39.4797
733.4,-0.096226,-39.4845
733.45,-0.0962306,-39.4893
733.5,-0.0962276,-39.4941
733.55,-0.0962348,-39.4989
733.6,-0.0962346,-39.5037
733.65,-0.0962371,-39.5085
733.7,-0.0962305,-39.5134
733.75,-0.0962294,-39.5182
733.8,-0.096227,-39.523
733.85,-0.0962244,-39.5278
733.9,-0.0962327,-39.5326
733.95,-0.0962294,-39.5374
734.0,-0.0962288,-39.5422
734.05,-0.0962188,-39.547
734.1,-0.0962407,-39.5518
734.15,-0.0962409,-39.5567
734.2,-0.0962498,-39.5615
734.25,-0.096256,-39.5663
734.3,-0.0962536,-39.5711
734.35,-0.0962608,-39.5759
734.4,-0.0962536,-39.5807
734.45,-0.0962519,-39.5855
734.5,-0.0962616,-39.5904
734.55,-0.0962597,-39.5952
734.6,-0.096267,-39.6
734.65,-0.0962738,-39.6048
734.7,-0.0962713,-39.6096
734.75,-0.0962553,-39.6144
734.8,-0.0962624,-39.6192
734.85,-0.0962746,-39.624
734.9,-0.0962922,-39.6289
734.95,-0.0962901,-39.6337
735.0,-0.0962856,-39.6385
735.05,-0.0963012,-39.6433
735.1,-0.0962937,-39.6481
735.15,-0.0963002,-39.6529
735.2,-0.0962984,-39.6577
735.25,-0.0963164,-39.6626
735.3,-0.0963297,-39.6674
735.35,-0.0963277,-39.6722
735.4,-0.0963286,-39.677
735.45,-0.0963304,-39.6818
735.5,-0.0963245,-39.6866
735.55,-0.09632,-39.6915
735.6,-0.0963283,-39.6963
735.65,-0.0963329,-39.7011
735.7,-0.0963424,-39.7059
735.75,-0.0963465,-39.7107
735.8,-0.096339,-39.7155
735.85,-0.0963365,-39.7204
735.9,-0.0963449,-39.7252
735.95,-0.0963486,-39.73
736.0,-0.0963664,-39.7348
736.05,-0.0963661,-39.7396
736.1,-0.0963802,-39.7445
736.15,-0.096382,-39.7493
736.2,-0.0963973,-39.7541
736.25,-0.0963849,-39.7589
736.3,-0.0963952,-39.7637
736.35,-0.0964051,-39.7686
736.4,-0.0963897,-39.7734
736.45,-0.0963906,-39.7782
736.5,-0.0963916,-39.783
736.55,-0.0963975,-39.7878
736.6,-0.0964049,-39.7926
736.65,-0.096411,-39.7975
736.7,-0.0964176,-39.8023
736.75,-0.0964277,-39.8071
736.8,-0.0964347,-39.8119
736.85,-0.0964453,-39.8168
736.9,-0.096446,-39.8216
736.95,-0.0964469,-39.8264
737.0,-0.0964615,-39.8312
737.05,-0.096473,-39.836
737.1,-0.0964794,-39.8409
737.15,-0.0964921,-39.8457
737.2,-0.0964845,-39.8505
737.25,-0.0964824,-39.8553
737.3,-0.0965037,-39.8602
737.35,-0.0965139,-39.865
737.4,-0.0965188,-39.8698
737.45,-0.096526,-39.8746
737.5,-0.0965351,-39.8795
737.55,-0.0965342,-39.8843
737.6,-0.0965436,-39.8891
737.65,-0.0965501,-39.894
737.7,-0.0965562,-39.8988
737.75,-0.0965624,-39.9036
737.8,-0.0965599,-39.9084
737.85,-0.0965729,-39.9133
737.9,-0.0965788,-39.9181
737.95,-0.0966084,-39.9229
738.0,-0.0966125,-39.9278
738.05,-0.0966305,-39.9326
738.1,-0.0966221,-39.9374
738.15,-0.0966299,-39.9423
738.2,-0.0966309,-39.9471
738.25,-0.0966279,-39.9519
738.3,-0.0966306,-39.9567
738.35,-0.0966312,-39.9616
738.4,-0.0966383,-39.9664
738.45,-0.0966485,-39.9712
738.5,-0.0966527,-39.9761
738.55,-0.0966448,-39.9809
738.6,-0.0966616,-39.9857
738.65,-0.0966691,-39.9906
738.7,-0.0966694,-39.9954
738.75,-0.096671,-40.0002
738.8,-0.0966838,-40.0051
738.85,-0.0966865,-40.0099
738.9,-0.0966987,-40.0147
738.95,-0.0967095,-40.0196
739.0,-0.0967126,-40.0244
739.05,-0.0967172,-40.0293
739.1,-0.0967315,-40.0341
739.15,-0.0967282,-40.0389
739.2,-0.0967532,-40.0438
739.25,-0.0967846,-40.0486
739.3,-0.0967854,-40.0534
739.35,-0.096786,-40.0583
739.4,-0.0967839,-40.0631
739.45,-0.096791,-40.068
739.5,-0.096802,-40.0728
739.55,-0.096798,-40.0776
739.6,-0.0968104,-40.0825
739.65,-0.096829,-40.0873
739.7,-0.0968206,-40.0922
739.75,-0.0968226,-40.097
739.8,-0.0968353,-40.1018
739.85,-0.0968322,-40.1067
739.9,-0.0968372,-40.1115
739.95,-0.096833,-40.1164
740.0,-0.0968401,-40.1212
740.05,-0.0968553,-40.1261
740.1,-0.0968566,-40.1309
740.15,-0.096862,-40.1357
740.2,-0.0968688,-40.1406
740.25,-0.0968765,-40.1454
740.3,-0.0968776,-40.1503
740.35,-0.0968794,-40.1551
740.4,-0.0968747,-40.16
740.45,-0.0968901,-40.1648
740.5,-0.096893,-40.1696
740.55,-0.0969068,-40.1745
740.6,-0.0969118,-40.1793
740.65,-0.0969102,-40.1842
740.7,-0.096921,-40.189
740.75,-0.0969174,-40.1939
740.8,-0.0969211,-40.1987
740.85,-0.0969367,-40.2036
740.9,-0.0969394,-40.2084
740.95,-0.0969526,-40.2133
741.0,-0.0969523,-40.2181
741.05,-0.0969523,-40.223
741.1,-0.0969463,-40.2278
741.15,-0.0969609,-40.2327
741.2,-0.0969705,-40.2375
741.25,-0.096971,-40.2424
741.3,-0.0969765,-40.2472
741.35,-0.0969856,-40.252
741.4,-0.0969794,-40.2569
741.45,-0.0969865,-40.2617
741.5,-0.0969844,-40.2666
741.55,-0.096995,-40.2714
741.6,-0.0969933,-40.2763
741.65,-0.0969911,-40.2811
741.7,-0.0969997,-40.286
741.75,-0.0969987,-40.2908
741.8,-0.0969943,-40.2957
741.85,-0.0969977,-40.3005
741.9,-0.0970152,-40.3054
741.95,-0.0970223,-40.3102
742.0,-0.0970305,-40.3151
742.05,-0.0970381,-40.32
742.1,-0.0970393,-40.3248
742.15,-0.097043,-40.3297
742.2,-0.0970421,-40.3345
742.25,-0.0970439,-40.3394
742.3,-0.0970518,-40.3442
742.35,-0.0970506,-40.3491
742.4,-0.0970606,-40.3539
742.45,-0.0970614,-40.3588
742.5,-0.097062,-40.3636
742.55,-0.0970715,-40.3685
742.6,-0.0970724,-40.3733
742.65,-0.0970749,-40.3782
742.7,-0.0970843,-40.383
742.75,-0.0970799,-40.3879
742.8,-0.0970875,-40.3927
742.85,-0.0970912,-40.3976
742.9,-0.09709,-40.4025
742.95,-0.097098,-40.4073
743.0,-0.0970997,-40.4122
743.05,-0.097112,-40.417
743.1,-0.0971127,-40.4219
743.15,-0.0971205,-40.4267
743.2,-0.0971243,-40.4316
743.25,-0.097101,-40.4364
743.3,-0.0971264,-40.4413
743.35,-0.0971223,-40.4462
743.4,-0.0971198,-40.451
743.45,-0.0971233,-40.4559
743.5,-0.0971154,-40.4607
743.55,-0.0971157,-40.4656
743.6,-0.0971199,-40.4704
743.65,-0.0971324,-40.4753
743.7,-0.0971261,-40.4801
743.75,-0.0971326,-40.485
743.8,-0.0971427,-40.4899
743.85,-0.0971468,-40.4947
743.9,-0.0971427,-40.4996
743.95,-0.0971472,-40.5044
744.0,-0.0971541,-40.5093
744.05,-0.0971912,-40.5142
744.1,-0.0971975,-40.519
744.15,-0.0971879,-40.5239
744.2,-0.0971968,-40.5287
744.25,-0.0972091,-40.5336
744.3,-0.0972123,-40.5385
744.35,-0.0971977,-40.5433
744.4,-0.0972098,-40.5482
744.45,-0.0972247,-40.553
744.5,-0.0972308,-40.5579
744.55,-0.0972351,-40.5628
744.6,-0.0972312,-40.5676
744.65,-0.0972331,-40.5725
744.7,-0.0972332,-40.5773
744.75,-0.0972423,-40.5822
744.8,-0.0972492,-40.5871
744.85,-0.0972373,-40.5919
744.9,-0.0972315,-40.5968
744.95,-0.0972489,-40.6017
745.0,-0.0972675,-40.6065
745.05,-0.0972459,-40.6114
745.1,-0.0972497,-40.6162
745.15,-0.0972593,-40.6211
745.2,-0.0972662,-40.626
745.25,-0.097266,-40.6308
745.3,-0.0972707,-40.6357
745.35,-0.0972659,-40.6406
745.4,-0.0972765,-40.6454
745.45,-0.0972981,-40.6503
745.5,-0.0972962,-40.6552
745.55,-0.0972981,-40.66
745.6,-0.0973091,-40.6649
745.65,-0.0973014,-40.6697
745.7,-0.0973019,-40.6746
745.75,-0.0973033,-40.6795
745.8,-0.0973184,-40.6843
745.85,-0.097321,-40.6892
745.9,-0.0973142,-40.6941
745.95,-0.0973216,-40.6989
746.0,-0.0973321,-40.7038
746.05,-0.0973363,-40.7087
746.1,-0.0973427,-40.7135
746.15,-0.0973443,-40.7184
746.2,-0.0973478,-40.7233
746.25,-0.0973557,-40.7281
746.3,-0.0973687,-40.733
746.35,-0.0973721,-40.7379
746.4,-0.0973797,-40.7427
746.45,-0.0973915,-40.7476
746.5,-0.0974024,-40.7525
746.55,-0.0974122,-40.7574
746.6,-0.0973985,-40.7622
746.65,-0.0974052,-40.7671
746.7,-0.0974161,-40.772
746.75,-0.0974055,-40.7768
746.8,-0.0974165,-40.7817
746.85,-0.0974198,-40.7866
746.9,-0.0974228,-40.7915
746.95,-0.0974358,-40.7963
747.0,-0.0974255,-40.8012
747.05,-0.0974262,-40.8061
747.1,-0.0974425,-40.8109
747.15,-0.0974405,-40.8158
747.2,-0.097451,-40.8207
747.25,-0.0974564,-40.8256
747.3,-0.0974562,-40.8304
747.35,-0.0974656,-40.8353
747.4,-0.0974805,-40.8402
747.45,-0.0974778,-40.8451
747.5,-0.0975,-40.8499
747.55,-0.0975191,-40.8548
747.6,-0.0975185,-40.8597
747.65,-0.0975126,-40.8646
747.7,-0.0975275,-40.8694
747.75,-0.0975132,-40.8743
747.8,-0.0975175,-40.8792
747.85,-0.0975277,-40.8841
747.9,-0.0975254,-40.8889
747.95,-0.0975304,-40.8938
748.0,-0.0975464,-40.8987
748.05,-0.0975294,-40.9036
748.1,-0.0975488,-40.9084
748.15,-0.0975741,-40.9133
748.2,-0.0975785,-40.9182
748.25,-0.0975705,-40.9231
748.3,-0.0975936,-40.928
748.35,-0.0976037,-40.9328
748.4,-0.0976053,-40.9377
748.45,-0.097613,-40.9426
748.5,-0.0975991,-40.9475
748.55,-0.0976183,-40.9524
748.6,-0.0976238,-40.9572
748.65,-0.0976365,-40.9621
748.7,-0.0976602,-40.967
748.75,-0.0976568,-40.9719
748.8,-0.0976574,-40.9768
748.85,-0.0976689,-40.9817
748.9,-0.0976888,-40.9865
748.95,-0.0976836,-40.9914
749.0,-0.0976963,-40.9963
749.05,-0.0977054,-41.0012
749.1,-0.0977154,-41.0061
749.15,-0.0977326,-41.011
749.2,-0.0977215,-41.0159
749.25,-0.0977471,-41.0207
749.3,-0.0977564,-41.0256
749.35,-0.0977576,-41.0305
749.4,-0.0977597,-41.0354
749.45,-0.0977712,-41.0403
749.5,-0.0977792,-41.0452
749.55,-0.0977761,-41.0501
749.6,-0.0977816,-41.055
749.65,-0.0977863,-41.0598
749.7,-0.0977988,-41.0647
749.75,-0.0977966,-41.0696
749.8,-0.0977943,-41.0745
749.85,-0.0978037,-41.0794
749.9,-0.0978036,-41.0843
749.95,-0.097808,-41.0892
750.0,-0.0978137,-41.0941
750.05,-0.0979335,-41.099
750.1,-0.0981815,-41.1039
750.15,-0.0981884,-41.1088
750.2,-0.0981892,-41.1137
750.25,-0.0981904,-41.1186
750.3,-0.098185,-41.1235
750.35,-0.0981949,-41.1284
750.4,-0.0981972,-41.1333
750.45,-0.0982044,-41.1383
750.5,-0.0982111,-41.1432
750.55,-0.0982185,-41.1481
750.6,-0.0982256,-41.153
750.65,-0.0982373,-41.1579
750.7,-0.0982426,-41.1628
750.75,-0.098227,-41.1677
750.8,-0.0982428,-41.1726
750.85,-0.0982419,-41.1775
750.9,-0.0982408,-41.1825
750.95,-0.0982407,-41.1874
751.0,-0.0982435,-41.1923
751.05,-0.0982527,-41.1972
751.1,-0.0982362,-41.2021
751.15,-0.0982401,-41.207
751.2,-0.0982533,-41.2119
751.25,-0.0982517,-41.2168
751.3,-0.0982455,-41.2218
751.35,-0.0982554,-41.2267
751.4,-0.0982654,-41.2316
751.45,-0.0982781,-41.2365
751.5,-0.0982941,-41.2414
751.55,-0.0983033,-41.2463
751.6,-0.0982958,-41.2512
751.65,-0.0982982,-41.2562
751.7,-0.0983053,-41.2611
751.75,-0.0983142,-41.266
751.8,-0.0983018,-41.2709
751.85,-0.098301,-41.2758
751.9,-0.0983094,-41.2807
751.95,-0.098316,-41.2856
752.0,-0.0983136,-41.2906
752.05,-0.0983175,-41.2955
752.1,-0.0983228,-41.3004
752.15,-0.098332,-41.3053
752.2,-0.0983278,-41.3102
752.25,-0.0983345,-41.3151
752.3,-0.0983433,-41.3201
752.35,-0.0983435,-41.325
752.4,-0.098342,-41.3299
752.45,-0.0983516,-41.3348
752.5,-0.0983437,-41.3397
752.55,-0.0983502,-41.3447
752.6,-0.0983477,-41.3496
752.65,-0.0983468,-41.3545
752.7,-0.0983492,-41.3594
752.75,-0.0983483,-41.3643
752.8,-0.0983592,-41.3692
752.85,-0.0983667,-41.3742
752.9,-0.0983601,-41.3791
752.95,-0.0983838,-41.384
753.0,-0.0983568,-41.3889
753.05,-0.0983485,-41.3938
753.1,-0.0983608,-41.3987
753.15,-0.098373,-41.4037
753.2,-0.0983759,-41.4086
753.25,-0.0983804,-41.4135
753.3,-0.0984017,-41.4184
753.35,-0.0983922,-41.4233
753.4,-0.0983855,-41.4283
753.45,-0.0984055,-41.4332
753.5,-0.0984113,-41.4381
753.55,-0.0984193,-41.443
753.6,-0.098413,-41.4479
753.65,-0.0984167,-41.4529
753.7,-0.0984213,-41.4578
753.75,-0.0984345,-41.4627
753.8,-0.0984254,-41.4676
753.85,-0.0984201,-41.4725
753.9,-0.098425,-41.4775
753.95,-0.0984247,-41.4824
754.0,-0.0984244,-41.4873
754.05,-0.0984346,-41.4922
754.1,-0.0984317,-41.4972
754.15,-0.0984342,-41.5021
754.2,-0.098427,-41.507
754.25,-0.0984198,-41.5119
754.3,-0.0984261,-41.5168
754.35,-0.098414,-41.5218
754.4,-0.0984231,-41.5267
754.45,-0.0984228,-41.5316
754.5,-0.0984437,-41.5365
754.55,-0.0984331,-41.5414
754.6,-0.0984293,-41.5464
754.65,-0.0984299,-41.5513
754.7,-0.0984262,-41.5562
754.75,-0.0984376,-41.5611
754.8,-0.0984364,-41.5661
754.85,-0.0984426,-41.571
754.9,-0.0984349,-41.5759
754.95,-0.0984244,-41.5808
755.0,-0.098413,-41.5857
755.05,-0.0984402,-41.5907
755.1,-0.098444,-41.5956
755.15,-0.0984531,-41.6005
755.2,-0.0984485,-41.6054
755.25,-0.0984493,-41.6104
755.3,-0.0984522,-41.6153
755.35,-0.098451,-41.6202
755.4,-0.098454,-41.6251
755.45,-0.0984441,-41.63
755.5,-0.0984624,-41.635
755.55,-0.0984611,-41.6399
755.6,-0.0984591,-41.6448
755.65,-0.0984575,-41.6497
755.7,-0.0984473,-41.6547
755.75,-0.0984324,-41.6596
755.8,-0.0984339,-41.6645
755.85,-0.0984445,-41.6694
755.9,-0.0984395,-41.6743
755.95,-0.0984475,-41.6793
756.0,-0.0984502,-41.6842
756.05,-0.0984528,-41.6891
756.1,-0.0984555,-41.694
756.15,-0.0984587,-41.699
756.2,-0.0984583,-41.7039
756.25,-0.0984545,-41.7088
756.3,-0.0984373,-41.7137
756.35,-0.0984123,-41.7186
756.4,-0.0984153,-41.7236
756.45,-0.0984256,-41.7285
756.5,-0.0984329,-41.7334
756.55,-0.0984193,-41.7383
756.6,-0.0984217,-41.7433
756.65,-0.098446,-41.7482
756.7,-0.0984636,-41.7531
756.75,-0.0984395,-41.758
756.8,-0.0984369,-41.7629
756.85,-0.0984372,-41.7679
756.9,-0.0984433,-41.7728
756.95,-0.0984563,-41.7777
757.0,-0.098443,-41.7826
757.05,-0.0984503,-41.7876
757.1,-0.0984474,-41.7925
757.15,-0.0984497,-41.7974
757.2,-0.0984485,-41.8023
757.25,-0.0984644,-41.8072
757.3,-0.098473,-41.8122
757.35,-0.098475,-41.8171
757.4,-0.0984723,-41.822
757.45,-0.0984718,-41.8269
757.5,-0.0984745,-41.8319
757.55,-0.0984793,-41.8368
757.6,-0.0984699,-41.8417
757.65,-0.0984749,-41.8466
757.7,-0.0984775,-41.8516
757.75,-0.0984655,-41.8565
757.8,-0.098459,-41.8614
757.85,-0.0984767,-41.8663
757.9,-0.0984835,-41.8713
757.95,-0.0984822,-41.8762
758.0,-0.0984857,-41.8811
758.05,-0.0984931,-41.886
758.1,-0.0984909,-41.8909
758.15,-0.0984847,-41.8959
758.2,-0.0984821,-41.9008
758.25,-0.0984897,-41.9057
758.3,-0.0984929,-41.9106
758.35,-0.0984994,-41.9156
758.4,-0.098494,-41.9205
758.45,-0.0985045,-41.9254
758.5,-0.0984896,-41.9303
758.55,-0.0984933,-41.9353
758.6,-0.0984941,-41.9402
758.65,-0.0984895,-41.9451
758.7,-0.098494,-41.95
758.75,-0.0984916,-41.955
758.8,-0.0985029,-41.9599
758.85,-0.0985073,-41.9648
758.9,-0.0985259,-41.9697
758.95,-0.0985049,-41.9747
759.0,-0.0985215,-41.9796
759.05,-0.0985455,-41.9845
759.1,-0.0985477,-41.9895
759.15,-0.0985538,-41.9944
759.2,-0.098552,-41.9993
759.25,-0.098547,-42.0042
759.3,-0.0985542,-42.0092
759.35,-0.0985563,-42.0141
759.4,-0.09855,-42.019
759.45,-0.0985617,-42.0239
759.5,-0.0985674,-42.0289
759.55,-0.098562,-42.0338
759.6,-0.0985651,-42.0387
759.65,-0.0985737,-42.0437
759.7,-0.098586,-42.0486
759.75,-0.0985912,-42.0535
759.8,-0.0985915,-42.0584
759.85,-0.0985942,-42.0634
759.9,-0.0986037,-42.0683
759.95,-0.0986038,-42.0732
760.0,-0.0986116,-42.0782
760.05,-0.0986089,-42.0831
760.1,-0.0986212,-42.088
760.15,-0.0986201,-42.093
760.2,-0.0986316,-42.0979
760.25,-0.0986178,-42.1028
760.3,-0.0986253,-42.1078
760.35,-0.098622,-42.1127
760.4,-0.0986326,-42.1176
760.45,-0.0986385,-42.1225
760.5,-0.0986316,-42.1275
760.55,-0.0986296,-42.1324
760.6,-0.0986306,-42.1373
760.65,-0.0986288,-42.1423
760.7,-0.0986342,-42.1472
760.75,-0.0986331,-42.1521
760.8,-0.0986503,-42.1571
760.85,-0.0986521,-42.162
760.9,-0.0986509,-42.1669
760.95,-0.0986518,-42.1719
761.0,-0.098672,-42.1768
761.05,-0.0986749,-42.1817
761.1,-0.098672,-42.1867
761.15,-0.0986696,-42.1916
761.2,-0.0986641,-42.1965
761.25,-0.0986553,-42.2015
761.3,-0.0986517,-42.2064
761.35,-0.0986572,-42.2113
761.4,-0.0986706,-42.2163
761.45,-0.0986739,-42.2212
761.5,-0.0986858,-42.2261
761.55,-0.098685,-42.2311
761.6,-0.0986905,-42.236
761.65,-0.0986797,-42.2409
761.7,-0.0986829,-42.2459
761.75,-0.0986892,-42.2508
761.8,-0.0986918,-42.2557
761.85,-0.0986969,-42.2607
761.9,-0.0986989,-42.2656
761.95,-0.0987115,-42.2705
762.0,-0.0987201,-42.2755
762.05,-0.0987225,-42.2804
762.1,-0.0987224,-42.2854
762.15,-0.0987333,-42.2903
762.2,-0.0987336,-42.2952
762.25,-0.0987251,-42.3002
762.3,-0.0987255,-42.3051
762.35,-0.0987232,-42.31
762.4,-0.0987282,-42.315
762.45,-0.0987295,-42.3199
762.5,-0.098738,-42.3248
762.55,-0.0987347,-42.3298
762.6,-0.0987341,-42.3347
762.65,-0.0987343,-42.3397
762.7,-0.0987363,-42.3446
762.75,-0.0987412,-42.3495
762.8,-0.0987521,-42.3545
762.85,-0.0987579,-42.3594
762.9,-0.0987772,-42.3643
762.95,-0.0987777,-42.3693
763.0,-0.0987816,-42.3742
763.05,-0.0987815,-42.3792
763.1,-0.0987821,-42.3841
763.15,-0.0987681,-42.389
763.2,-0.0987743,-42.394
763.25,-0.0987713,-42.3989
763.3,-0.0987976,-42.4039
763.35,-0.0987928,-42.4088
763.4,-0.0987925,-42.4137
763.45,-0.0987884,-42.4187
763.5,-0.0988029,-42.4236
763.55,-0.0987974,-42.4286
763.6,-0.0988116,-42.4335
763.65,-0.0988188,-42.4384
763.7,-0.098822,-42.4434
763.75,-0.0988089,-42.4483
763.8,-0.0988204,-42.4533
763.85,-0.0988291,-42.4582
763.9,-0.0988366,-42.4631
763.95,-0.0988664,-42.4681
764.0,-0.0988463,-42.473
764.05,-0.0988584,-42.478
764.1,-0.0988619,-42.4829
764.15,-0.0988632,-42.4879
764.2,-0.098867,-42.4928
764.25,-0.0988812,-42.4977
764.3,-0.09889,-42.5027
764.35,-0.0988929,-42.5076
764.4,-0.0989001,-42.5126
764.45,-0.0988827,-42.5175
764.5,-0.0989019,-42.5225
764.55,-0.0989065,-42.5274
764.6,-0.098904,-42.5324
764.65,-0.0989107,-42.5373
764.7,-0.0989219,-42.5423
764.75,-0.0989207,-42.5472
764.8,-0.0989361,-42.5521
764.85,-0.0989378,-42.5571
764.9,-0.0989457,-42.562
764.95,-0.0989566,-42.567
765.0,-0.098962,-42.5719
765.05,-0.098961,-42.5769
765.1,-0.0989634,-42.5818
765.15,-0.098953,-42.5868
765.2,-0.0989681,-42.5917
765.25,-0.0989713,-42.5967
765.3,-0.0989861,-42.6016
765.35,-0.0989826,-42.6066
765.4,-0.0989876,-42.6115
765.45,-0.0989912,-42.6165
765.5,-0.0989892,-42.6214
765.55,-0.0989814,-42.6264
765.6,-0.0990026,-42.6313
765.65,-0.0990011,-42.6363
765.7,-0.0989942,-42.6412
765.75,-0.0990073,-42.6462
765.8,-0.0990218,-42.6511
765.85,-0.099013,-42.6561
765.9,-0.0990066,-42.661
765.95,-0.0990108,-42.666
766.0,-0.0990102,-42.6709
766.05,-0.0989987,-42.6759
766.1,-0.0989993,-42.6808
766.15,-0.099017,-42.6858
766.2,-0.0989988,-42.6907
766.25,-0.0990005,-42.6957
766.3,-0.0989854,-42.7006
766.35,-0.0990023,-42.7056
766.4,-0.0990169,-42.7105
766.45,-0.0990232,-42.7155
766.5,-0.0990268,-42.7204
766.55,-0.0990294,-42.7254
766.6,-0.0990303,-42.7303
766.65,-0.0990317,-42.7353
766.7,-0.0990326,-42.7402
766.75,-0.0990531,-42.7452
766.8,-0.099052,-42.7501
766.85,-0.0990506,-42.7551
766.9,-0.0990528,-42.76
766.95,-0.0990467,-42.765
767.0,-0.0990603,-42.77
767.05,-0.0990585,-42.7749
767.1,-0.0990533,-42.7799
767.15,-0.0990653,-42.7848
767.2,-0.0990806,-42.7898
767.25,-0.0990871,-42.7947
767.3,-0.0990903,-42.7997
767.35,-0.0990989,-42.8046
767.4,-0.0990935,-42.8096
767.45,-0.0991002,-42.8145
767.5,-0.0991022,-42.8195
767.55,-0.0991073,-42.8244
767.6,-0.0991035,-42.8294
767.65,-0.0991163,-42.8344
767.7,-0.0991232,-42.8393
767.75,-0.0991327,-42.8443
767.8,-0.0991376,-42.8492
767.85,-0.0991547,-42.8542
767.9,-0.0991604,-42.8591
767.95,-0.0991652,-42.8641
768.0,-0.0991625,-42.8691
768.05,-0.0991746,-42.874
768.1,-0.0991844,-42.879
768.15,-0.0991816,-42.8839
768.2,-0.0991774,-42.8889
768.25,-0.0991824,-42.8939
768.3,-0.099179,-42.8988
768.35,-0.0991864,-42.9038
768.4,-0.0991787,-42.9087
768.45,-0.0991896,-42.9137
768.5,-0.099204,-42.9187
768.55,-0.0991959,-42.9236
768.6,-0.0991909,-42.9286
768.65,-0.0992157,-42.9335
768.7,-0.0992001,-42.9385
768.75,-0.099219,-42.9435
768.8,-0.0992338,-42.9484
768.85,-0.0992369,-42.9534
768.9,-0.0992286,-42.9583
768.95,-0.0992288,-42.9633
769.0,-0.0992261,-42.9683
769.05,-0.0992339,-42.9732
769.1,-0.0992405,-42.9782
769.15,-0.0992342,-42.9831
769.2,-0.0992422,-42.9881
769.25,-0.0992598,-42.9931
769.3,-0.0992665,-42.998
769.35,-0.0992701,-43.003
769.4,-0.0992784,-43.008
769.45,-0.0992751,-43.0129
769.5,-0.0992843,-43.0179
769.55,-0.0992783,-43.0229
769.6,-0.0992836,-43.0278
769.65,-0.0993,-43.0328
769.7,-0.0992944,-43.0377
769.75,-0.0992999,-43.0427
769.8,-0.0993057,-43.0477
769.85,-0.0993207,-43.0526
769.9,-0.0993281,-43.0576
769.95,-0.0993261,-43.0626
770.0,-0.0993306,-43.0675
770.05,-0.099341,-43.0725
770.1,-0.0993416,-43.0775
770.15,-0.099347,-43.0824
770.2,-0.0993405,-43.0874
770.25,-0.0993548,-43.0924
770.3,-0.0993415,-43.0973
770.35,-0.0993481,-43.1023
770.4,-0.0993528,-43.1073
770.45,-0.0993594,-43.1122
770.5,-0.0993562,-43.1172
770.55,-0.0993758,-43.1222
770.6,-0.0993895,-43.1272
770.65,-0.0993943,-43.1321
770.7,-0.0993921,-43.1371
770.75,-0.099396,-43.1421
770.8,-0.0994036,-43.147
770.85,-0.0994009,-43.152
770.9,-0.0994131,-43.157
770.95,-0.0994204,-43.1619
771.0,-0.0994129,-43.1669
771.05,-0.0994241,-43.1719
771.1,-0.0994292,-43.1769
771.15,-0.0994457,-43.1818
771.2,-0.0994428,-43.1868
771.25,-0.0994515,-43.1918
771.3,-0.0994626,-43.1968
771.35,-0.0994717,-43.2017
771.4,-0.0994695,-43.2067
771.45,-0.099474,-43.2117
771.5,-0.0994981,-43.2166
771.55,-0.0995031,-43.2216
771.6,-0.0995173,-43.2266
771.65,-0.0995144,-43.2316
771.7,-0.0995196,-43.2365
771.75,-0.0995394,-43.2415
771.8,-0.0995353,-43.2465
771.85,-0.0995334,-43.2515
771.9,-0.0995845,-43.2565
771.95,-0.0996185,-43.2614
772.0,-0.0996535,-43.2664
772.05,-0.0996545,-43.2714
772.1,-0.0996629,-43.2764
772.15,-0.0996639,-43.2814
772.2,-0.0996701,-43.2864
772.25,-0.0996688,-43.2913
772.3,-0.0996668,-43.2963
772.35,-0.0996914,-43.3013
772.4,-0.0996981,-43.3063
772.45,-0.099709,-43.3113
772.5,-0.0997084,-43.3163
772.55,-0.0997029,-43.3212
772.6,-0.0997203,-43.3262
772.65,-0.0997208,-43.3312
772.7,-0.0997203,-43.3362
772.75,-0.0997125,-43.3412
772.8,-0.0996828,-43.3462
772.85,-0.0996922,-43.3512
772.9,-0.0996954,-43.3561
772.95,-0.0996868,-43.3611
773.0,-0.0996752,-43.3661
773.05,-0.0996798,-43.3711
773.1,-0.0996828,-43.3761
773.15,-0.0996646,-43.3811
773.2,-0.099654,-43.386
773.25,-0.0996674,-43.391
773.3,-0.0996699,-43.396
773.35,-0.099682,-43.401
773.4,-0.099677,-43.406
773.45,-0.099634,-43.411
773.5,-0.099646,-43.4159
773.55,-0.0996505,-43.4209
773.6,-0.10009,-43.4259
773.65,-0.100323,-43.4309
773.7,-0.100336,-43.436
773.75,-0.100322,-43.441
773.8,-0.100312,-43.446
773.85,-0.10031,-43.451
773.9,-0.100301,-43.456
773.95,-0.100305,-43.461
774.0,-0.100292,-43.4661
774.05,-0.100274,-43.4711
774.1,-0.100294,-43.4761
774.15,-0.100276,-43.4811
774.2,-0.100275,-43.4861
774.25,-0.100285,-43.4911
774.3,-0.100282,-43.4961
774.35,-0.10028,-43.5012
774.4,-0.100294,-43.5062
774.45,-0.100298,-43.5112
774.5,-0.100292,-43.5162
774.55,-0.100288,-43.5212
774.6,-0.100284,-43.5262
774.65,-0.100288,-43.5312
774.7,-0.100286,-43.5363
774.75,-0.100294,-43.5413
774.8,-0.100296,-43.5463
774.85,-0.100295,-43.5513
774.9,-0.100304,-43.5563
774.95,-0.1003,-43.5613
775.0,-0.100299,-43.5663
775.05,-0.100307,-43.5714
775.1,-0.100321,-43.5764
775.15,-0.100319,-43.5814
775.2,-0.100309,-43.5864
775.25,-0.100316,-43.5914
775.3,-0.100318,-43.5964
775.35,-0.100309,-43.6015
775.4,-0.100327,-43.6065
775.45,-0.100338,-43.6115
775.5,-0.100334,-43.6165
775.55,-0.100338,-43.6215
775.6,-0.100342,-43.6265
775.65,-0.100332,-43.6316
775.7,-0.100331,-43.6366
775.75,-0.100344,-43.6416
775.8,-0.100353,-43.6466
775.85,-0.100343,-43.6516
775.9,-0.100359,-43.6566
775.95,-0.100345,-43.6617
776.0,-0.10036,-43.6667
776.05,-0.100366,-43.6717
776.1,-0.100374,-43.6767
776.15,-0.10037,-43.6817
776.2,-0.100382,-43.6868
776.25,-0.100375,-43.6918
776.3,-0.100381,-43.6968
776.35,-0.100375,-43.7018
776.4,-0.100388,-43.7068
776.45,-0.100391,-43.7118
776.5,-0.100408,-43.7169
776.55,-0.100414,-43.7219
776.6,-0.100415,-43.7269
776.65,-0.100404,-43.7319
776.7,-0.100414,-43.7369
776.75,-0.100419,-43.742
776.8,-0.100432,-43.747
776.85,-0.100438,-43.752
776.9,-0.100441,-43.757
776.95,-0.100448,-43.7621
777.0,-0.100446,-43.7671
777.05,-0.100456,-43.7721
777.1,-0.100453,-43.7771
777.15,-0.100466,-43.7822
777.2,-0.100476,-43.7872
777.25,-0.100471,-43.7922
777.3,-0.100471,-43.7972
777.35,-0.100483,-43.8022
777.4,-0.100471,-43.8073
777.45,-0.100475,-43.8123
777.5,-0.10049,-43.8173
777.55,-0.100493,-43.8223
777.6,-0.100492,-43.8274
777.65,-0.100492,-43.8324
777.7,-0.100496,-43.8374
777.75,-0.100491,-43.8424
777.8,-0.100483,-43.8475
777.85,-0.100482,-43.8525
777.9,-0.100488,-43.8575
777.95,-0.100494,-43.8625
778.0,-0.100501,-43.8676
778.05,-0.100499,-43.8726
778.1,-0.10051,-43.8776
778.15,-0.100511,-43.8826
778.2,-0.100498,-43.8877
778.25,-0.100512,-43.8927
778.3,-0.100515,-43.8977
778.35,-0.100508,-43.9027
778.4,-0.100514,-43.9078
778.45,-0.10051,-43.9128
778.5,-0.100506,-43.9178
778.55,-0.100507,-43.9228
778.6,-0.100508,-43.9279
778.65,-0.100519,-43.9329
778.7,-0.100521,-43.9379
778.75,-0.10051,-43.9429
778.8,-0.100517,-43.948
778.85,-0.100522,-43.953
778.9,-0.100514,-43.958
778.95,-0.100528,-43.9631
779.0,-0.100524,-43.9681
779.05,-0.100523,-43.9731
779.1,-0.100524,-43.9781
779.15,-0.100526,-43.9832
779.2,-0.100514,-43.9882
779.25,-0.100521,-43.9932
779.3,-0.100522,-43.9982
779.35,-0.100523,-44.0033
779.4,-0.100526,-44.0083
779.45,-0.100528,-44.0133
779.5,-0.100532,-44.0183
779.55,-0.10053,-44.0234
779.6,-0.100536,-44.0284
779.65,-0.100545,-44.0334
779.7,-0.100553,-44.0384
779.75,-0.100557,-44.0435
779.8,-0.100548,-44.0485
779.85,-0.100547,-44.0535
779.9,-0.100549,-44.0586
779.95,-0.100547,-44.0636
780.0,-0.100558,-44.0686
780.05,-0.100566,-44.0736
780.1,-0.100566,-44.0787
780.15,-0.100573,-44.0837
780.2,-0.100564,-44.0887
780.25,-0.10058,-44.0938
780.3,-0.100579,-44.0988
780.35,-0.100571,-44.1038
780.4,-0.100584,-44.1088
780.45,-0.100597,-44.1139
780.5,-0.10058,-44.1189
780.55,-0.100587,-44.1239
780.6,-0.100601,-44.129
780.65,-0.100601,-44.134
780.7,-0.100614,-44.139
780.75,-0.100927,-44.1441
780.8,-0.10094,-44.1491
780.85,-0.100932,-44.1542
780.9,-0.100935,-44.1592
780.95,-0.10093,-44.1643
781.0,-0.100927,-44.1693
781.05,-0.100927,-44.1743
781.1,-0.100922,-44.1794
781.15,-0.100923,-44.1844
781.2,-0.100924,-44.1895
781.25,-0.10092,-44.1945
781.3,-0.10092,-44.1996
781.35,-0.100936,-44.2046
781.4,-0.100931,-44.2097
781.45,-0.100933,-44.2147
781.5,-0.100937,-44.2198
781.55,-0.100929,-44.2248
781.6,-0.100933,-44.2299
781.65,-0.100935,-44.2349
781.7,-0.100927,-44.2399
781.75,-0.100933,-44.245
781.8,-0.100927,-44.25
781.85,-0.100938,-44.2551
781.9,-0.100932,-44.2601
781.95,-0.100934,-44.2652
782.0,-0.100941,-44.2702
782.05,-0.10095,-44.2753
782.1,-0.100946,-44.2803
782.15,-0.100948,-44.2854
782.2,-0.10096,-44.2904
782.25,-0.100955,-44.2955
782.3,-0.10096,-44.3005
782.35,-0.100957,-44.3056
782.4,-0.100942,-44.3106
782.45,-0.100948,-44.3157
782.5,-0.10094,-44.3207
782.55,-0.100955,-44.3258
782.6,-0.10096,-44.3308
782.65,-0.100957,-44.3358
782.7,-0.100968,-44.3409
782.75,-0.100969,-44.3459
782.8,-0.100971,-44.351
782.85,-0.100973,-44.356
782.9,-0.100976,-44.3611
782.95,-0.100986,-44.3661
783.0,-0.100977,-44.3712
783.05,-0.100977,-44.3762
783.1,-0.100986,-44.3813
783.15,-0.100981,-44.3863
783.2,-0.100983,-44.3914
783.25,-0.100992,-44.3964
783.3,-0.10099,-44.4015
783.35,-0.100982,-44.4065
783.4,-0.100979,-44.4116
783.45,-0.100982,-44.4166
783.5,-0.100982,-44.4217
783.55,-0.100989,-44.4267
783.6,-0.100987,-44.4318
783.65,-0.100995,-44.4368
783.7,-0.100999,-44.4419
783.75,-0.100997,-44.4469
783.8,-0.101006,-44.452
783.85,-0.10101,-44.457
783.9,-0.101023,-44.4621
783.95,-0.101021,-44.4671
784.0,-0.101022,-44.4722
784.05,-0.101023,-44.4772
784.1,-0.101028,-44.4823
784.15,-0.101026,-44.4873
784.2,-0.101047,-44.4924
784.25,-0.101035,-44.4974
784.3,-0.101045,-44.5025
784.35,-0.101048,-44.5075
784.4,-0.101034,-44.5126
784.45,-0.101044,-44.5177
784.5,-0.101046,-44.5227
784.55,-0.101055,-44.5278
784.6,-0.10106,-44.5328
784.65,-0.101063,-44.5379
784.7,-0.101069,-44.5429
784.75,-0.101061,-44.548
784.8,-0.101067,-44.553
784.85,-0.101068,-44.5581
784.9,-0.101079,-44.5631
784.95,-0.101081,-44.5682
785.0,-0.101089,-44.5732
785.05,-0.101091,-44.5783
785.1,-0.101099,-44.5833
785.15,-0.101097,-44.5884
785.2,-0.101092,-44.5935
785.25,-0.101105,-44.5985
785.3,-0.101104,-44.6036
785.35,-0.101114,-44.6086
785.4,-0.101124,-44.6137
785.45,-0.101144,-44.6187
785.5,-0.101136,-44.6238
785.55,-0.101139,-44.6288
785.6,-0.101161,-44.6339
785.65,-0.101176,-44.639
785.7,-0.101168,-44.644
785.75,-0.101171,-44.6491
785.8,-0.101185,-44.6541
785.85,-0.101176,-44.6592
785.9,-0.101188,-44.6643
785.95,-0.101187,-44.6693
786.0,-0.101201,-44.6744
786.05,-0.101211,-44.6794
786.1,-0.101201,-44.6845
786.15,-0.101203,-44.6896
786.2,-0.101208,-44.6946
786.25,-0.101211,-44.6997
786.3,-0.10122,-44.7047
786.35,-0.101221,-44.7098
786.4,-0.101225,-44.7149
786.45,-0.101253,-44.7199
786.5,-0.101254,-44.725
786.55,-0.101255,-44.7301
786.6,-0.10126,-44.7351
786.65,-0.101253,-44.7402
786.7,-0.101254,-44.7452
786.75,-0.101276,-44.7503
786.8,-0.101283,-44.7554
786.85,-0.101275,-44.7604
786.9,-0.101275,-44.7655
786.95,-0.10128,-44.7706
787.0,-0.101288,-44.7756
787.05,-0.101312,-44.7807
787.1,-0.101313,-44.7858
787.15,-0.101324,-44.7908
787.2,-0.101319,-44.7959
787.25,-0.101324,-44.801
787.3,-0.101331,-44.806
787.35,-0.101345,-44.8111
787.4,-0.101351,-44.8162
787.45,-0.101346,-44.8212
787.5,-0.101342,-44.8263
787.55,-0.101351,-44.8314
787.6,-0.10135,-44.8364
787.65,-0.101347,-44.8415
787.7,-0.101364,-44.8466
787.75,-0.101365,-44.8516
787.8,-0.101375,-44.8567
787.85,-0.101385,-44.8618
787.9,-0.101372,-44.8668
787.95,-0.101378,-44.8719
788.0,-0.101396,-44.877
788.05,-0.101391,-44.882
788.1,-0.101403,-44.8871
788.15,-0.101403,-44.8922
788.2,-0.101404,-44.8973
788.25,-0.101401,-44.9023
788.3,-0.101413,-44.9074
788.35,-0.101418,-44.9125
788.4,-0.101426,-44.9175
788.45,-0.101422,-44.9226
788.5,-0.101429,-44.9277
788.55,-0.101427,-44.9328
788.6,-0.101431,-44.9378
788.65,-0.101433,-44.9429
788.7,-0.101448,-44.948
788.75,-0.101446,-44.953
788.8,-0.101448,-44.9581
788.85,-0.101461,-44.9632
788.9,-0.101443,-44.9683
788.95,-0.101454,-44.9733
789.0,-0.101464,-44.9784
789.05,-0.101462,-44.9835
789.1,-0.101475,-44.9885
789.15,-0.101466,-44.9936
789.2,-0.10147,-44.9987
789.25,-0.101484,-45.0038
789.3,-0.101491,-45.0088
789.35,-0.101506,-45.0139
789.4,-0.101516,-45.019
789.45,-0.101534,-45.0241
789.5,-0.101545,-45.0291
789.55,-0.101574,-45.0342
789.6,-0.101572,-45.0393
789.65,-0.101589,-45.0444
789.7,-0.101589,-45.0495
789.75,-0.101598,-45.0545
789.8,-0.101609,-45.0596
789.85,-0.101606,-45.0647
789.9,-0.101604,-45.0698
789.95,-0.101596,-45.0749
790.0,-0.101609,-45.0799
790.05,-0.101612,-45.085
790.1,-0.101645,-45.0901
790.15,-0.101649,-45.0952
790.2,-0.101647,-45.1003
790.25,-0.101657,-45.1054
790.3,-0.10165,-45.1104
790.35,-0.101648,-45.1155
790.4,-0.101653,-45.1206
790.45,-0.101664,-45.1257
790.5,-0.10168,-45.1308
790.55,-0.101686,-45.1359
790.6,-0.101689,-45.1409
790.65,-0.101686,-45.146
790.7,-0.101683,-45.1511
790.75,-0.101683,-45.1562
790.8,-0.101701,-45.1613
790.85,-0.101716,-45.1664
790.9,-0.101702,-45.1715
790.95,-0.101703,-45.1765
791.0,-0.101715,-45.1816
791.05,-0.101712,-45.1867
791.1,-0.101707,-45.1918
791.15,-0.101717,-45.1969
791.2,-0.101726,-45.202
791.25,-0.101734,-45.2071
791.3,-0.101739,-45.2121
791.35,-0.101738,-45.2172
791.4,-0.101744,-45.2223
791.45,-0.101749,-45.2274
791.5,-0.101747,-45.2325
791.55,-0.101773,-45.2376
791.6,-0.101789,-45.2427
791.65,-0.101797,-45.2478
791.7,-0.101787,-45.2528
791.75,-0.101781,-45.2579
791.8,-0.101791,-45.263
791.85,-0.10178,-45.2681
791.9,-0.101785,-45.2732
791.95,-0.1018,-45.2783
792.0,-0.101816,-45.2834
792.05,-0.101804,-45.2885
792.1,-0.101813,-45.2936
792.15,-0.101816,-45.2987
792.2,-0.10182,-45.3037
792.25,-0.101824,-45.3088
792.3,-0.101831,-45.3139
792.35,-0.101838,-45.319
792.4,-0.101837,-45.3241
792.45,-0.101837,-45.3292
792.5,-0.10183,-45.3343
792.55,-0.101852,-45.3394
792.6,-0.101863,-45.3445
792.65,-0.101865,-45.3496
792.7,-0.101864,-45.3547
792.75,-0.101862,-45.3598
792.8,-0.101863,-45.3649
792.85,-0.101862,-45.3699
792.9,-0.101871,-45.375
792.95,-0.101875,-45.3801
793.0,-0.101883,-45.3852
793.05,-0.1019,-45.3903
793.1,-0.101885,-45.3954
793.15,-0.101894,-45.4005
793.2,-0.101903,-45.4056
793.25,-0.101906,-45.4107
793.3,-0.101926,-45.4158
793.35,-0.101922,-45.4209
793.4,-0.101924,-45.426
793.45,-0.101938,-45.4311
793.5,-0.101939,-45.4362
793.55,-0.101941,-45.4413
793.6,-0.101949,-45.4464
793.65,-0.101952,-45.4515
793.7,-0.101957,-45.4566
793.75,-0.10197,-45.4617
793.8,-0.101988,-45.4668
793.85,-0.101989,-45.4719
793.9,-0.102,-45.477
793.95,-0.102002,-45.4821
794.0,-0.102005,-45.4872
794.05,-0.102019,-45.4923
794.1,-0.102027,-45.4974
794.15,-0.102027,-45.5025
794.2,-0.102026,-45.5076
794.25,-0.102034,-45.5127
794.3,-0.102051,-45.5178
794.35,-0.102061,-45.5229
794.4,-0.102055,-45.528
794.45,-0.102052,-45.5331
794.5,-0.102058,-45.5382
794.55,-0.102068,-45.5433
794.6,-0.102085,-45.5484
794.65,-0.102093,-45.5535
794.7,-0.102099,-45.5586
794.75,-0.1021,-45.5637
794.8,-0.102102,-45.5688
794.85,-0.102096,-45.5739
794.9,-0.102101,-45.579
794.95,-0.102102,-45.5841
795.0,-0.102107,-45.5892
795.05,-0.102114,-45.5943
795.1,-0.10212,-45.5994
795.15,-0.102127,-45.6046
795.2,-0.102118,-45.6097
795.25,-0.10212,-45.6148
795.3,-0.102135,-45.6199
795.35,-0.10214,-45.625
795.4,-0.102141,-45.6301
795.45,-0.102131,-45.6352
795.5,-0.102135,-45.6403
795.55,-0.102151,-45.6454
795.6,-0.102136,-45.6505
795.65,-0.102137,-45.6556
795.7,-0.102142,-45.6607
795.75,-0.102157,-45.6658
795.8,-0.102152,-45.6709
795.85,-0.102157,-45.6761
795.9,-0.102147,-45.6812
795.95,-0.10215,-45.6863
796.0,-0.102148,-45.6914
796.05,-0.10216,-45.6965
796.1,-0.102163,-45.7016
796.15,-0.102169,-45.7067
796.2,-0.102195,-45.7118
796.25,-0.102189,-45.7169
796.3,-0.10218,-45.722
796.35,-0.102177,-45.7271
796.4,-0.102181,-45.7322
796.45,-0.102202,-45.7374
796.5,-0.102201,-45.7425
796.55,-0.102201,-45.7476
796.6,-0.10221,-45.7527
796.65,-0.102214,-45.7578
796.7,-0.102209,-45.7629
796.75,-0.102211,-45.768
796.8,-0.102212,-45.7731
796.85,-0.102202,-45.7782
796.9,-0.102208,-45.7834
796.95,-0.102213,-45.7885
797.0,-0.102204,-45.7936
797.05,-0.102208,-45.7987
797.1,-0.102207,-45.8038
797.15,-0.102217,-45.8089
797.2,-0.102232,-45.814
797.25,-0.102236,-45.8191
797.3,-0.102234,-45.8242
797.35,-0.102235,-45.8293
797.4,-0.10224,-45.8345
797.45,-0.102233,-45.8396
797.5,-0.10225,-45.8447
797.55,-0.102236,-45.8498
797.6,-0.102257,-45.8549
797.65,-0.102249,-45.86
797.7,-0.102242,-45.8651
797.75,-0.102247,-45.8702
797.8,-0.102257,-45.8754
797.85,-0.102274,-45.8805
797.9,-0.10228,-45.8856
797.95,-0.102274,-45.8907
798.0,-0.102274,-45.8958
798.05,-0.10227,-45.9009
798.1,-0.102271,-45.906
798.15,-0.102278,-45.9112
798.2,-0.102266,-45.9163
798.25,-0.102269,-45.9214
798.3,-0.102266,-45.9265
798.35,-0.102267,-45.9316
798.4,-0.102277,-45.9367
798.45,-0.102272,-45.9418
798.5,-0.102268,-45.947
798.55,-0.102267,-45.9521
798.6,-0.102294,-45.9572
798.65,-0.102285,-45.9623
798.7,-0.102296,-45.9674
798.75,-0.102301,-45.9725
798.8,-0.102296,-45.9776
798.85,-0.102303,-45.9828
798.9,-0.102307,-45.9879
798.95,-0.102313,-45.993
799.0,-0.102328,-45.9981
799.05,-0.102317,-46.0032
799.1,-0.102312,-46.0083
799.15,-0.102319,-46.0134
799.2,-0.102331,-46.0186
799.25,-0.102338,-46.0237
799.3,-0.102329,-46.0288
799.35,-0.102323,-46.0339
799.4,-0.102334,-46.039
799.45,-0.102336,-46.0441
799.5,-0.102323,-46.0493
799.55,-0.102331,-46.0544
799.6,-0.102334,-46.0595
799.65,-0.102332,-46.0646
799.7,-0.102324,-46.0697
799.75,-0.102329,-46.0748
799.8,-0.102325,-46.08
799.85,-0.102325,-46.0851
799.9,-0.102339,-46.0902
799.95,-0.102325,-46.0953
800.0,-0.102337,-46.1004
800.05,-0.10233,-46.1055
800.1,-0.102325,-46.1107
800.15,-0.102342,-46.1158
800.2,-0.102329,-46.1209
800.25,-0.102342,-46.126
800.3,-0.10235,-46.1311
800.35,-0.10235,-46.1362
800.4,-0.102333,-46.1414
800.45,-0.102333,-46.1465
800.5,-0.102327,-46.1516
800.55,-0.102331,-46.1567
800.6,-0.102325,-46.1618
800.65,-0.102328,-46.1669
800.7,-0.10233,-46.1721
800.75,-0.102345,-46.1772
800.8,-0.102342,-46.1823
800.85,-0.102332,-46.1874
800.9,-0.102348,-46.1925
800.95,-0.102339,-46.1976
801.0,-0.102341,-46.2028
801.05,-0.102347,-46.2079
801.1,-0.102345,-46.213
801.15,-0.102361,-46.2181
801.2,-0.102354,-46.2232
801.25,-0.102359,-46.2284
801.3,-0.102352,-46.2335
801.35,-0.102353,-46.2386
801.4,-0.102351,-46.2437
801.45,-0.102351,-46.2488
801.5,-0.102343,-46.2539
801.55,-0.102345,-46.2591
801.6,-0.102346,-46.2642
801.65,-0.102359,-46.2693
801.7,-0.102359,-46.2744
801.75,-0.102368,-46.2795
801.8,-0.102361,-46.2846
801.85,-0.102371,-46.2898
801.9,-0.102373,-46.2949
801.95,-0.102371,-46.3
802.0,-0.102363,-46.3051
802.05,-0.102383,-46.3102
802.1,-0.102398,-46.3154
802.15,-0.102399,-46.3205
802.2,-0.102408,-46.3256
802.25,-0.102414,-46.3307
802.3,-0.102412,-46.3358
802.35,-0.102409,-46.341
802.4,-0.102414,-46.3461
802.45,-0.102416,-46.3512
802.5,-0.102418,-46.3563
802.55,-0.102406,-46.3614
802.6,-0.102406,-46.3666
802.65,-0.102417,-46.3717
802.7,-0.102426,-46.3768
802.75,-0.102429,-46.3819
802.8,-0.102431,-46.3871
802.85,-0.102439,-46.3922
802.9,-0.102452,-46.3973
802.95,-0.102441,-46.4024
803.0,-0.102445,-46.4075
803.05,-0.102443,-46.4127
803.1,-0.102437,-46.4178
803.15,-0.102446,-46.4229
803.2,-0.102445,-46.428
803.25,-0.102437,-46.4332
803.3,-0.102444,-46.4383
803.35,-0.102435,-46.4434
803.4,-0.102445,-46.4485
803.45,-0.10244,-46.4536
803.5,-0.102449,-46.4588
803.55,-0.102442,-46.4639
803.6,-0.102457,-46.469
803.65,-0.102452,-46.4741
803.7,-0.102457,-46.4793
803.75,-0.10246,-46.4844
803.8,-0.102461,-46.4895
803.85,-0.102476,-46.4946
803.9,-0.102479,-46.4997
803.95,-0.10248,-46.5049
804.0,-0.102469,-46.51
804.05,-0.10248,-46.5151
804.1,-0.10249,-46.5202
804.15,-0.102518,-46.5254
804.2,-0.10252,-46.5305
804.25,-0.102508,-46.5356
804.3,-0.102509,-46.5407
804.35,-0.102521,-46.5459
804.4,-0.10253,-46.551
804.45,-0.102523,-46.5561
804.5,-0.102522,-46.5612
804.55,-0.102522,-46.5664
804.6,-0.102526,-46.5715
804.65,-0.102528,-46.5766
804.7,-0.102533,-46.5818
804.75,-0.102529,-46.5869
804.8,-0.102535,-46.592
804.85,-0.102534,-46.5971
804.9,-0.102545,-46.6023
804.95,-0.102544,-46.6074
805.0,-0.102543,-46.6125
805.05,-0.102536,-46.6176
805.1,-0.102535,-46.6228
805.15,-0.102538,-46.6279
805.2,-0.102543,-46.633
805.25,-0.102544,-46.6381
805.3,-0.102548,-46.6433
805.35,-0.102548,-46.6484
805.4,-0.102554,-46.6535
805.45,-0.102547,-46.6587
805.5,-0.102561,-46.6638
805.55,-0.102554,-46.6689
805.6,-0.102558,-46.674
805.65,-0.102564,-46.6792
805.7,-0.10256,-46.6843
805.75,-0.102566,-46.6894
805.8,-0.102563,-46.6946
805.85,-0.102565,-46.6997
805.9,-0.102569,-46.7048
805.95,-0.102571,-46.7099
806.0,-0.102566,-46.7151
806.05,-0.102564,-46.7202
806.1,-0.102574,-46.7253
806.15,-0.102579,-46.7305
806.2,-0.102583,-46.7356
806.25,-0.102582,-46.7407
806.3,-0.102589,-46.7458
806.35,-0.102593,-46.751
806.4,-0.102585,-46.7561
806.45,-0.102587,-46.7612
806.5,-0.10258,-46.7664
806.55,-0.102596,-46.7715
806.6,-0.102587,-46.7766
806.65,-0.10259,-46.7817
806.7,-0.102585,-46.7869
806.75,-0.102582,-46.792
806.8,-0.102587,-46.7971
806.85,-0.102586,-46.8023
806.9,-0.102588,-46.8074
806.95,-0.102586,-46.8125
807.0,-0.102591,-46.8177
807.05,-0.102584,-46.8228
807.1,-0.102585,-46.8279
807.15,-0.102584,-46.833
807.2,-0.102581,-46.8382
807.25,-0.102583,-46.8433
807.3,-0.102593,-46.8484
807.35,-0.102588,-46.8536
807.4,-0.102599,-46.8587
807.45,-0.10258,-46.8638
807.5,-0.102595,-46.8689
807.55,-0.102595,-46.8741
807.6,-0.102595,-46.8792
807.65,-0.102601,-46.8843
807.7,-0.102606,-46.8895
807.75,-0.102611,-46.8946
807.8,-0.102604,-46.8997
807.85,-0.102602,-46.9049
807.9,-0.102601,-46.91
807.95,-0.102607,-46.9151
808.0,-0.102606,-46.9202
808.05,-0.102602,-46.9254
808.1,-0.102607,-46.9305
808.15,-0.102604,-46.9356
808.2,-0.102606,-46.9408
808.25,-0.102607,-46.9459
808.3,-0.102606,-46.951
808.35,-0.102605,-46.9562
808.4,-0.102611,-46.9613
808.45,-0.102619,-46.9664
808.5,-0.102612,-46.9716
808.55,-0.102609,-46.9767
808.6,-0.10263,-46.9818
808.65,-0.102628,-46.9869
808.7,-0.102627,-46.9921
808.75,-0.102632,-46.9972
808.8,-0.102647,-47.0023
808.85,-0.102643,-47.0075
808.9,-0.102646,-47.0126
808.95,-0.102658,-47.0177
809.0,-0.102668,-47.0229
809.05,-0.102667,-47.028
809.1,-0.102679,-47.0331
809.15,-0.10268,-47.0383
809.2,-0.102696,-47.0434
809.25,-0.10271,-47.0485
809.3,-0.102714,-47.0537
809.35,-0.102724,-47.0588
809.4,-0.102739,-47.064
809.45,-0.102733,-47.0691
809.5,-0.102745,-47.0742
809.55,-0.102735,-47.0794
809.6,-0.102741,-47.0845
809.65,-0.102756,-47.0896
809.7,-0.102761,-47.0948
809.75,-0.102768,-47.0999
809.8,-0.102778,-47.1051
809.85,-0.102779,-47.1102
809.9,-0.102777,-47.1153
809.95,-0.10278,-47.1205
810.0,-0.102798,-47.1256
810.05,-0.102812,-47.1308
810.1,-0.102821,-47.1359
810.15,-0.102832,-47.141
810.2,-0.102838,-47.1462
810.25,-0.102847,-47.1513
810.3,-0.102846,-47.1565
810.35,-0.102846,-47.1616
810.4,-0.102867,-47.1667
810.45,-0.102872,-47.1719
810.5,-0.102865,-47.177
810.55,-0.102873,-47.1822
810.6,-0.102879,-47.1873
810.65,-0.102888,-47.1925
810.7,-0.102902,-47.1976
810.75,-0.102906,-47.2028
810.8,-0.102915,-47.2079
810.85,-0.102914,-47.213
810.9,-0.102923,-47.2182
810.95,-0.102922,-47.2233
811.0,-0.102924,-47.2285
811.05,-0.10292,-47.2336
811.1,-0.102936,-47.2388
811.15,-0.102933,-47.2439
811.2,-0.102941,-47.2491
811.25,-0.102951,-47.2542
811.3,-0.102943,-47.2594
811.35,-0.102972,-47.2645
811.4,-0.102975,-47.2697
811.45,-0.102976,-47.2748
811.5,-0.102984,-47.28
811.55,-0.102988,-47.2851
811.6,-0.103004,-47.2903
811.65,-0.103014,-47.2954
811.7,-0.103017,-47.3006
811.75,-0.103025,-47.3057
811.8,-0.103039,-47.3109
811.85,-0.103052,-47.316
811.9,-0.103066,-47.3212
811.95,-0.103065,-47.3263
812.0,-0.103076,-47.3315
812.05,-0.10308,-47.3366
812.1,-0.103087,-47.3418
812.15,-0.103097,-47.3469
812.2,-0.1031,-47.3521
812.25,-0.103092,-47.3573
812.3,-0.103103,-47.3624
812.35,-0.103107,-47.3676
812.4,-0.103119,-47.3727
812.45,-0.103125,-47.3779
812.5,-0.103132,-47.383
812.55,-0.103143,-47.3882
812.6,-0.10316,-47.3933
812.65,-0.103163,-47.3985
812.7,-0.103173,-47.4037
812.75,-0.103193,-47.4088
812.8,-0.103193,-47.414
812.85,-0.103217,-47.4191
812.9,-0.103203,-47.4243
812.95,-0.103215,-47.4295
813.0,-0.103206,-47.4346
813.05,-0.103207,-47.4398
813.1,-0.103216,-47.4449
813.15,-0.103208,-47.4501
813.2,-0.10324,-47.4553
813.25,-0.103236,-47.4604
813.3,-0.103232,-47.4656
813.35,-0.103239,-47.4708
813.4,-0.103243,-47.4759
813.45,-0.103238,-47.4811
813.5,-0.103241,-47.4862
813.55,-0.103246,-47.4914
813.6,-0.103257,-47.4966
813.65,-0.103268,-47.5017
813.7,-0.103285,-47.5069
813.75,-0.103285,-47.5121
813.8,-0.103289,-47.5172
813.85,-0.103294,-47.5224
813.9,-0.103303,-47.5275
813.95,-0.103306,-47.5327
814.0,-0.103303,-47.5379
814.05,-0.10332,-47.543
814.1,-0.103326,-47.5482
814.15,-0.103316,-47.5534
814.2,-0.103316,-47.5585
814.25,-0.103323,-47.5637
814.3,-0.103332,-47.5689
814.35,-0.103336,-47.574
814.4,-0.10336,-47.5792
814.45,-0.103371,-47.5844
814.5,-0.103374,-47.5896
814.55,-0.103381,-47.5947
814.6,-0.103387,-47.5999
814.65,-0.103396,-47.6051
814.7,-0.103398,-47.6102
814.75,-0.103391,-47.6154
814.8,-0.103404,-47.6206
814.85,-0.103413,-47.6257
814.9,-0.103414,-47.6309
814.95,-0.103434,-47.6361
815.0,-0.103438,-47.6413
815.05,-0.103437,-47.6464
815.1,-0.103443,-47.6516
815.15,-0.103436,-47.6568
815.2,-0.103448,-47.6619
815.25,-0.103454,-47.6671
815.3,-0.103469,-47.6723
815.35,-0.103472,-47.6775
815.4,-0.103461,-47.6826
815.45,-0.103465,-47.6878
815.5,-0.103474,-47.693
815.55,-0.103473,-47.6982
815.6,-0.103473,-47.7033
815.65,-0.103487,-47.7085
815.7,-0.103494,-47.7137
815.75,-0.103503,-47.7189
815.8,-0.103515,-47.724
815.85,-0.103521,-47.7292
815.9,-0.103526,-47.7344
815.95,-0.103517,-47.7396
816.0,-0.103516,-47.7447
816.05,-0.103524,-47.7499
816.1,-0.10354,-47.7551
816.15,-0.103537,-47.7603
816.2,-0.10354,-47.7654
816.25,-0.103548,-47.7706
816.3,-0.103554,-47.7758
816.35,-0.103576,-47.781
816.4,-0.103559,-47.7862
816.45,-0.103568,-47.7913
816.5,-0.103585,-47.7965
816.55,-0.103573,-47.8017
816.6,-0.10358,-47.8069
816.65,-0.103594,-47.812
816.7,-0.103595,-47.8172
816.75,-0.103597,-47.8224
816.8,-0.103611,-47.8276
816.85,-0.103603,-47.8328
816.9,-0.103608,-47.8379
816.95,-0.103607,-47.8431
817.0,-0.103614,-47.8483
817.05,-0.103623,-47.8535
817.1,-0.103638,-47.8587
817.15,-0.103637,-47.8639
817.2,-0.103644,-47.869
817.25,-0.103643,-47.8742
817.3,-0.103645,-47.8794
817.35,-0.103657,-47.8846
817.4,-0.103654,-47.8898
817.45,-0.103666,-47.8949
817.5,-0.103661,-47.9001
817.55,-0.103659,-47.9053
817.6,-0.10367,-47.9105
817.65,-0.103673,-47.9157
817.7,-0.10367,-47.9209
817.75,-0.10368,-47.926
817.8,-0.103685,-47.9312
817.85,-0.103691,-47.9364
817.9,-0.103691,-47.9416
817.95,-0.103688,-47.9468
818.0,-0.103694,-47.952
818.05,-0.10369,-47.9572
818.1,-0.103691,-47.9623
818.15,-0.103688,-47.9675
818.2,-0.103694,-47.9727
818.25,-0.103699,-47.9779
818.3,-0.103698,-47.9831
818.35,-0.103715,-47.9883
818.4,-0.103708,-47.9935
818.45,-0.103712,-47.9986
818.5,-0.103697,-48.0038
818.55,-0.103705,-48.009
818.6,-0.103705,-48.0142
818.65,-0.103704,-48.0194
818.7,-0.103695,-48.0246
818.75,-0.103696,-48.0297
818.8,-0.103702,-48.0349
818.85,-0.103712,-48.0401
818.9,-0.103704,-48.0453
818.95,-0.103715,-48.0505
819.0,-0.103712,-48.0557
819.05,-0.103706,-48.0609
819.1,-0.103533,-48.066
819.15,-0.103488,-48.0712
819.2,-0.103497,-48.0764
819.25,-0.103499,-48.0816
819.3,-0.103513,-48.0867
819.35,-0.103521,-48.0919
819.4,-0.103531,-48.0971
819.45,-0.103534,-48.1023
819.5,-0.103546,-48.1074
819.55,-0.103542,-48.1126
819.6,-0.103554,-48.1178
819.65,-0.103551,-48.123
819.7,-0.103546,-48.1282
819.75,-0.103573,-48.1333
819.8,-0.103574,-48.1385
819.85,-0.103573,-48.1437
819.9,-0.103583,-48.1489
819.95,-0.103577,-48.154
820.0,-0.103582,-48.1592
820.05,-0.103571,-48.1644
820.1,-0.103587,-48.1696
820.15,-0.103602,-48.1748
820.2,-0.103611,-48.1799
820.25,-0.103623,-48.1851
820.3,-0.103617,-48.1903
820.35,-0.103621,-48.1955
820.4,-0.103627,-48.2007
820.45,-0.103636,-48.2058
820.5,-0.103624,-48.211
820.55,-0.103635,-48.2162
820.6,-0.103636,-48.2214
820.65,-0.103644,-48.2266
820.7,-0.103641,-48.2318
820.75,-0.103637,-48.2369
820.8,-0.103644,-48.2421
820.85,-0.103649,-48.2473
820.9,-0.103668,-48.2525
820.95,-0.103662,-48.2577
821.0,-0.103669,-48.2629
821.05,-0.103666,-48.268
821.1,-0.103671,-48.2732
821.15,-0.103678,-48.2784
821.2,-0.103677,-48.2836
821.25,-0.10368,-48.2888
821.3,-0.103694,-48.294
821.35,-0.103688,-48.2991
821.4,-0.103692,-48.3043
821.45,-0.103718,-48.3095
821.5,-0.103716,-48.3147
821.55,-0.10371,-48.3199
821.6,-0.103737,-48.3251
821.65,-0.103728,-48.3303
821.7,-0.103723,-48.3354
821.75,-0.103727,-48.3406
821.8,-0.103718,-48.3458
821.85,-0.103733,-48.351
821.9,-0.103727,-48.3562
821.95,-0.103727,-48.3614
822.0,-0.103744,-48.3666
822.05,-0.103746,-48.3717
822.1,-0.103749,-48.3769
822.15,-0.103755,-48.3821
822.2,-0.103754,-48.3873
822.25,-0.10376,-48.3925
822.3,-0.103763,-48.3977
822.35,-0.103767,-48.4029
822.4,-0.103782,-48.4081
822.45,-0.103788,-48.4133
822.5,-0.103788,-48.4184
822.55,-0.103788,-48.4236
822.6,-0.103796,-48.4288
822.65,-0.103801,-48.434
822.7,-0.10381,-48.4392
822.75,-0.103805,-48.4444
822.8,-0.103812,-48.4496
822.85,-0.103808,-48.4548
822.9,-0.103816,-48.46
822.95,-0.103824,-48.4652
823.0,-0.103826,-48.4703
823.05,-0.103836,-48.4755
823.1,-0.103844,-48.4807
823.15,-0.103841,-48.4859
823.2,-0.103842,-48.4911
823.25,-0.103855,-48.4963
823.3,-0.103847,-48.5015
823.35,-0.103864,-48.5067
823.4,-0.103876,-48.5119
823.45,-0.103884,-48.5171
823.5,-0.103886,-48.5223
823.55,-0.103886,-48.5275
823.6,-0.103885,-48.5327
823.65,-0.103893,-48.5379
823.7,-0.103895,-48.5431
823.75,-0.103899,-48.5483
823.8,-0.103915,-48.5534
823.85,-0.103914,-48.5586
823.9,-0.103924,-48.5638
823.95,-0.103915,-48.569
824.0,-0.103929,-48.5742
824.05,-0.103931,-48.5794
824.1,-0.103937,-48.5846
824.15,-0.10395,-48.5898
824.2,-0.103939,-48.595
824.25,-0.103949,-48.6002
824.3,-0.103963,-48.6054
824.35,-0.103972,-48.6106
824.4,-0.103975,-48.6158
824.45,-0.103973,-48.621
824.5,-0.103983,-48.6262
824.55,-0.103986,-48.6314
824.6,-0.104003,-48.6366
824.65,-0.103998,-48.6418
824.7,-0.104016,-48.647
824.75,-0.10402,-48.6522
824.8,-0.104031,-48.6574
824.85,-0.104036,-48.6626
824.9,-0.10402,-48.6678
824.95,-0.104028,-48.673
825.0,-0.104028,-48.6782
825.05,-0.104045,-48.6834
825.1,-0.104052,-48.6886
825.15,-0.104066,-48.6938
825.2,-0.104053,-48.699
825.25,-0.104073,-48.7042
825.3,-0.104067,-48.7094
825.35,-0.104076,-48.7146
825.4,-0.104084,-48.7198
825.45,-0.104087,-48.725
825.5,-0.104091,-48.7303
825.55,-0.104103,-48.7355
825.6,-0.1041,-48.7407
825.65,-0.104106,-48.7459
825.7,-0.104109,-48.7511
825.75,-0.104109,-48.7563
825.8,-0.104111,-48.7615
825.85,-0.104111,-48.7667
825.9,-0.104107,-48.7719
825.95,-0.104122,-48.7771
826.0,-0.104132,-48.7823
826.05,-0.104135,-48.7875
826.1,-0.104145,-48.7927
826.15,-0.104151,-48.7979
826.2,-0.104164,-48.8031
826.25,-0.104184,-48.8083
826.3,-0.104184,-48.8136
826.35,-0.104187,-48.8188
826.4,-0.104198,-48.824
826.45,-0.104212,-48.8292
826.5,-0.104214,-48.8344
826.55,-0.104223,-48.8396
826.6,-0.104226,-48.8448
826.65,-0.104231,-48.85
826.7,-0.10423,-48.8552
826.75,-0.104235,-48.8605
826.8,-0.104245,-48.8657
826.85,-0.104258,-48.8709
826.9,-0.104271,-48.8761
826.95,-0.104274,-48.8813
827.0,-0.104284,-48.8865
827.05,-0.104284,-48.8917
827.1,-0.104283,-48.8969
827.15,-0.104294,-48.9022
827.2,-0.104296,-48.9074
827.25,-0.104297,-48.9126
827.3,-0.1043,-48.9178
827.35,-0.104308,-48.923
827.4,-0.104304,-48.9282
827.45,-0.104324,-48.9335
827.5,-0.104324,-48.9387
827.55,-0.104337,-48.9439
827.6,-0.10434,-48.9491
827.65,-0.104335,-48.9543
827.7,-0.104347,-48.9595
827.75,-0.104343,-48.9648
827.8,-0.104353,-48.97
827.85,-0.10436,-48.9752
827.9,-0.104362,-48.9804
827.95,-0.10438,-48.9856
828.0,-0.104381,-48.9908
828.05,-0.10438,-48.9961
828.1,-0.104378,-49.0013
828.15,-0.104378,-49.0065
828.2,-0.104392,-49.0117
828.25,-0.104395,-49.0169
828.3,-0.10439,-49.0222
828.35,-0.104399,-49.0274
828.4,-0.104411,-49.0326
828.45,-0.104426,-49.0378
828.5,-0.104435,-49.043
828.55,-0.104443,-49.0483
828.6,-0.104463,-49.0535
828.65,-0.104454,-49.0587
828.7,-0.104462,-49.0639
828.75,-0.104466,-49.0692
828.8,-0.104456,-49.0744
828.85,-0.104461,-49.0796
828.9,-0.10446,-49.0848
828.95,-0.104484,-49.0901
829.0,-0.104467,-49.0953
829.05,-0.104479,-49.1005
829.1,-0.104489,-49.1057
829.15,-0.104495,-49.111
829.2,-0.104491,-49.1162
829.25,-0.104502,-49.1214
829.3,-0.104514,-49.1266
829.35,-0.104518,-49.1319
829.4,-0.104515,-49.1371
829.45,-0.104522,-49.1423
829.5,-0.104532,-49.1475
829.55,-0.10453,-49.1528
829.6,-0.104544,-49.158
829.65,-0.104542,-49.1632
829.7,-0.104545,-49.1684
829.75,-0.104554,-49.1737
829.8,-0.104556,-49.1789
829.85,-0.104554,-49.1841
829.9,-0.104549,-49.1894
829.95,-0.104565,-49.1946
830.0,-0.104578,-49.1998
830.05,-0.104599,-49.205
830.1,-0.104591,-49.2103
830.15,-0.104586,-49.2155
830.2,-0.104582,-49.2207
830.25,-0.104592,-49.226
830.3,-0.104598,-49.2312
830.35,-0.104606,-49.2364
830.4,-0.104607,-49.2416
830.45,-0.104623,-49.2469
830.5,-0.104615,-49.2521
830.55,-0.104625,-49.2573
830.6,-0.10462,-49.2626
830.65,-0.104633,-49.2678
830.7,-0.104639,-49.273
830.75,-0.104643,-49.2783
830.8,-0.104646,-49.2835
830.85,-0.104654,-49.2887
830.9,-0.104667,-49.294
830.95,-0.104665,-49.2992
831.0,-0.104661,-49.3044
831.05,-0.104666,-49.3097
831.1,-0.104668,-49.3149
831.15,-0.104674,-49.3201
831.2,-0.104673,-49.3254
831.25,-0.104678,-49.3306
831.3,-0.104686,-49.3358
831.35,-0.104699,-49.3411
831.4,-0.104707,-49.3463
831.45,-0.1047,-49.3515
831.5,-0.10471,-49.3568
831.55,-0.104706,-49.362
831.6,-0.104724,-49.3672
831.65,-0.104722,-49.3725
831.7,-0.104742,-49.3777
831.75,-0.104725,-49.383
831.8,-0.104732,-49.3882
831.85,-0.104744,-49.3934
831.9,-0.104752,-49.3987
831.95,-0.104764,-49.4039
832.0,-0.104763,-49.4091
832.05,-0.104775,-49.4144
832.1,-0.104784,-49.4196
832.15,-0.104786,-49.4249
832.2,-0.104787,-49.4301
832.25,-0.104787,-49.4353
832.3,-0.1048,-49.4406
832.35,-0.104797,-49.4458
832.4,-0.104815,-49.4511
832.45,-0.104832,-49.4563
832.5,-0.104836,-49.4615
832.55,-0.104835,-49.4668
832.6,-0.104844,-49.472
832.65,-0.104854,-49.4773
832.7,-0.104854,-49.4825
832.75,-0.104868,-49.4878
832.8,-0.104878,-49.493
832.85,-0.10488,-49.4982
832.9,-0.104896,-49.5035
832.95,-0.104897,-49.5087
833.0,-0.104905,-49.514
833.05,-0.104923,-49.5192
833.1,-0.104924,-49.5245
833.15,-0.104924,-49.5297
833.2,-0.104921,-49.535
833.25,-0.104924,-49.5402
833.3,-0.104921,-49.5455
833.35,-0.104929,-49.5507
833.4,-0.104934,-49.5559
833.45,-0.104938,-49.5612
833.5,-0.10495,-49.5664
833.55,-0.104952,-49.5717
833.6,-0.104964,-49.5769
833.65,-0.104966,-49.5822
833.7,-0.104963,-49.5874
833.75,-0.104967,-49.5927
833.8,-0.104968,-49.5979
833.85,-0.104976,-49.6032
833.9,-0.104983,-49.6084
833.95,-0.105012,-49.6137
834.0,-0.105016,-49.6189
834.05,-0.10501,-49.6242
834.1,-0.105012,-49.6294
834.15,-0.105023,-49.6347
834.2,-0.105027,-49.6399
834.25,-0.105028,-49.6452
834.3,-0.105047,-49.6504
834.35,-0.105041,-49.6557
834.4,-0.10505,-49.6609
834.45,-0.105045,-49.6662
834.5,-0.105056,-49.6714
834.55,-0.105058,-49.6767
834.6,-0.105062,-49.682
834.65,-0.105072,-49.6872
834.7,-0.105083,-49.6925
834.75,-0.105084,-49.6977
834.8,-0.105091,-49.703
834.85,-0.1051,-49.7082
834.9,-0.105105,-49.7135
834.95,-0.105113,-49.7187
835.0,-0.105119,-49.724
835.05,-0.10512,-49.7292
835.1,-0.105126,-49.7345
835.15,-0.105127,-49.7398
835.2,-0.105145,-49.745
835.25,-0.10514,-49.7503
835.3,-0.105136,-49.7555
835.35,-0.105126,-49.7608
835.4,-0.105129,-49.766
835.45,-0.105127,-49.7713
835.5,-0.105134,-49.7766
835.55,-0.105134,-49.7818
835.6,-0.105135,-49.7871
835.65,-0.105153,-49.7923
835.7,-0.105147,-49.7976
835.75,-0.105149,-49.8028
835.8,-0.105143,-49.8081
835.85,-0.105138,-49.8134
835.9,-0.105153,-49.8186
835.95,-0.10516,-49.8239
836.0,-0.105154,-49.8291
836.05,-0.105161,-49.8344
836.1,-0.105162,-49.8396
836.15,-0.105158,-49.8449
836.2,-0.105171,-49.8502
836.25,-0.105178,-49.8554
836.3,-0.105186,-49.8607
836.35,-0.105199,-49.8659
836.4,-0.105198,-49.8712
836.45,-0.105204,-49.8765
836.5,-0.105211,-49.8817
836.55,-0.105217,-49.887
836.6,-0.105214,-49.8922
836.65,-0.105228,-49.8975
836.7,-0.105232,-49.9028
836.75,-0.105237,-49.908
836.8,-0.105249,-49.9133
836.85,-0.105243,-49.9186
836.9,-0.105258,-49.9238
836.95,-0.105257,-49.9291
837.0,-0.105251,-49.9343
837.05,-0.10527,-49.9396
837.1,-0.105265,-49.9449
837.15,-0.105264,-49.9501
837.2,-0.105266,-49.9554
837.25,-0.105266,-49.9607
837.3,-0.10526,-49.9659
837.35,-0.105273,-49.9712
837.4,-0.105277,-49.9764
837.45,-0.105284,-49.9817
837.5,-0.105286,-49.987
837.55,-0.105287,-49.9922
837.6,-0.105288,-49.9975
837.65,-0.105295,-50.0028
837.7,-0.1053,-50.008
837.75,-0.105298,-50.0133
837.8,-0.105293,-50.0186
837.85,-0.105288,-50.0238
837.9,-0.105295,-50.0291
837.95,-0.105291,-50.0344
838.0,-0.105298,-50.0396
838.05,-0.105315,-50.0449
838.1,-0.10532,-50.0502
838.15,-0.105305,-50.0554
838.2,-0.105308,-50.0607
838.25,-0.105309,-50.066
838.3,-0.105308,-50.0712
838.35,-0.105303,-50.0765
838.4,-0.105308,-50.0817
838.45,-0.105314,-50.087
838.5,-0.105309,-50.0923
838.55,-0.105306,-50.0975
838.6,-0.10532,-50.1028
838.65,-0.105329,-50.1081
838.7,-0.105332,-50.1133
838.75,-0.105329,-50.1186
838.8,-0.105334,-50.1239
838.85,-0.105345,-50.1291
838.9,-0.105346,-50.1344
838.95,-0.105344,-50.1397
839.0,-0.105347,-50.1449
839.05,-0.105355,-50.1502
839.1,-0.105363,-50.1555
839.15,-0.105361,-50.1607
839.2,-0.105361,-50.166
839.25,-0.105354,-50.1713
839.3,-0.105355,-50.1766
839.35,-0.105358,-50.1818
839.4,-0.105375,-50.1871
839.45,-0.105388,-50.1924
839.5,-0.105389,-50.1976
839.55,-0.105392,-50.2029
839.6,-0.105392,-50.2082
839.65,-0.105385,-50.2134
839.7,-0.105394,-50.2187
839.75,-0.105396,-50.224
839.8,-0.105409,-50.2292
839.85,-0.105408,-50.2345
839.9,-0.105392,-50.2398
839.95,-0.105396,-50.2451
840.0,-0.105403,-50.2503
840.05,-0.105414,-50.2556
840.1,-0.105418,-50.2609
840.15,-0.105437,-50.2661
840.2,-0.105439,-50.2714
840.25,-0.105431,-50.2767
840.3,-0.105441,-50.282
840.35,-0.105443,-50.2872
840.4,-0.105442,-50.2925
840.45,-0.105456,-50.2978
840.5,-0.10545,-50.303
840.55,-0.10546,-50.3083
840.6,-0.105463,-50.3136
840.65,-0.105473,-50.3189
840.7,-0.105478,-50.3241
840.75,-0.105473,-50.3294
840.8,-0.10549,-50.3347
840.85,-0.105495,-50.34
840.9,-0.105503,-50.3452
840.95,-0.105516,-50.3505
841.0,-0.10551,-50.3558
841.05,-0.105512,-50.3611
841.1,-0.10552,-50.3663
841.15,-0.105527,-50.3716
841.2,-0.105538,-50.3769
841.25,-0.105546,-50.3822
841.3,-0.105538,-50.3874
841.35,-0.105524,-50.3927
841.4,-0.105541,-50.398
841.45,-0.105537,-50.4033
841.5,-0.105544,-50.4086
841.55,-0.105539,-50.4138
841.6,-0.105548,-50.4191
841.65,-0.105559,-50.4244
841.7,-0.105546,-50.4297
841.75,-0.105553,-50.4349
841.8,-0.105556,-50.4402
841.85,-0.105549,-50.4455
841.9,-0.105564,-50.4508
841.95,-0.105554,-50.4561
842.0,-0.105569,-50.4613
842.05,-0.105559,-50.4666
842.1,-0.105563,-50.4719
842.15,-0.10556,-50.4772
842.2,-0.105563,-50.4824
842.25,-0.105573,-50.4877
842.3,-0.105566,-50.493
842.35,-0.105572,-50.4983
842.4,-0.105578,-50.5036
842.45,-0.105586,-50.5088
842.5,-0.105588,-50.5141
842.55,-0.105615,-50.5194
842.6,-0.105618,-50.5247
842.65,-0.105617,-50.53
842.7,-0.105625,-50.5352
842.75,-0.105615,-50.5405
842.8,-0.10563,-50.5458
842.85,-0.105626,-50.5511
842.9,-0.105637,-50.5564
842.95,-0.105644,-50.5616
843.0,-0.105652,-50.5669
843.05,-0.105653,-50.5722
843.1,-0.105653,-50.5775
843.15,-0.105657,-50.5828
843.2,-0.105665,-50.5881
843.25,-0.105677,-50.5933
843.3,-0.105672,-50.5986
843.35,-0.105684,-50.6039
843.4,-0.105686,-50.6092
843.45,-0.105679,-50.6145
843.5,-0.105663,-50.6198
843.55,-0.105682,-50.625
843.6,-0.105695,-50.6303
843.65,-0.105679,-50.6356
843.7,-0.105689,-50.6409
843.75,-0.105716,-50.6462
843.8,-0.10571,-50.6515
843.85,-0.105709,-50.6568
843.9,-0.105724,-50.662
843.95,-0.105734,-50.6673
844.0,-0.105741,-50.6726
844.05,-0.105747,-50.6779
844.1,-0.105746,-50.6832
844.15,-0.105752,-50.6885
844.2,-0.105767,-50.6938
844.25,-0.10576,-50.6991
844.3,-0.105772,-50.7043
844.35,-0.105779,-50.7096
844.4,-0.105779,-50.7149
844.45,-0.10579,-50.7202
844.5,-0.105794,-50.7255
844.55,-0.105808,-50.7308
844.6,-0.105809,-50.7361
844.65,-0.105812,-50.7414
844.7,-0.105826,-50.7467
844.75,-0.105816,-50.752
844.8,-0.105822,-50.7572
844.85,-0.10582,-50.7625
844.9,-0.105833,-50.7678
844.95,-0.105842,-50.7731
845.0,-0.10585,-50.7784
845.05,-0.105848,-50.7837
845.1,-0.105854,-50.789
845.15,-0.105845,-50.7943
845.2,-0.10585,-50.7996
845.25,-0.105861,-50.8049
845.3,-0.105855,-50.8102
845.35,-0.105855,-50.8155
845.4,-0.105856,-50.8208
845.45,-0.10586,-50.826
845.5,-0.105866,-50.8313
845.55,-0.105859,-50.8366
845.6,-0.105863,-50.8419
845.65,-0.105867,-50.8472
845.7,-0.105878,-50.8525
845.75,-0.105875,-50.8578
845.8,-0.105883,-50.8631
845.85,-0.105883,-50.8684
845.9,-0.105892,-50.8737
845.95,-0.105894,-50.879
846.0,-0.10589,-50.8843
846.05,-0.105902,-50.8896
846.1,-0.105912,-50.8949
846.15,-0.105909,-50.9002
846.2,-0.1059,-50.9055
846.25,-0.105915,-50.9108
846.3,-0.10591,-50.9161
846.35,-0.105912,-50.9213
846.4,-0.105918,-50.9266
846.45,-0.105924,-50.9319
846.5,-0.105927,-50.9372
846.55,-0.10593,-50.9425
846.6,-0.105921,-50.9478
846.65,-0.105936,-50.9531
846.7,-0.105944,-50.9584
846.75,-0.105947,-50.9637
846.8,-0.105958,-50.969
846.85,-0.105951,-50.9743
846.9,-0.105954,-50.9796
846.95,-0.105961,-50.9849
847.0,-0.105967,-50.9902
847.05,-0.105976,-50.9955
847.1,-0.10597,-51.0008
847.15,-0.105976,-51.0061
847.2,-0.105989,-51.0114
847.25,-0.105987,-51.0167
847.3,-0.105997,-51.022
847.35,-0.105989,-51.0273
847.4,-0.105979,-51.0326
847.45,-0.105989,-51.0379
847.5,-0.105995,-51.0432
847.55,-0.106007,-51.0485
847.6,-0.106019,-51.0538
847.65,-0.106027,-51.0591
847.7,-0.106027,-51.0644
847.75,-0.106029,-51.0697
847.8,-0.106031,-51.075
847.85,-0.106045,-51.0803
847.9,-0.106038,-51.0856
847.95,-0.106028,-51.0909
848.0,-0.106038,-51.0962
848.05,-0.10603,-51.1015
848.1,-0.106033,-51.1068
848.15,-0.106049,-51.1121
848.2,-0.106051,-51.1174
848.25,-0.106046,-51.1227
848.3,-0.106047,-51.128
848.35,-0.106052,-51.1333
848.4,-0.106064,-51.1386
848.45,-0.106062,-51.1439
848.5,-0.106078,-51.1492
848.55,-0.106094,-51.1545
848.6,-0.106116,-51.1599
848.65,-0.106143,-51.1652
848.7,-0.10614,-51.1705
848.75,-0.106153,-51.1758
848.8,-0.106168,-51.1811
848.85,-0.106176,-51.1864
848.9,-0.10618,-51.1917
848.95,-0.106204,-51.197
849.0,-0.106203,-51.2023
849.05,-0.106203,-51.2076
849.1,-0.106199,-51.2129
849.15,-0.106203,-51.2183
849.2,-0.106221,-51.2236
849.25,-0.106234,-51.2289
849.3,-0.106232,-51.2342
849.35,-0.10623,-51.2395
849.4,-0.106239,-51.2448
849.45,-0.106237,-51.2501
849.5,-0.106246,-51.2554
849.55,-0.106255,-51.2607
849.6,-0.106257,-51.2661
849.65,-0.106257,-51.2714
849.7,-0.106266,-51.2767
849.75,-0.106273,-51.282
849.8,-0.106283,-51.2873
849.85,-0.106284,-51.2926
849.9,-0.106289,-51.2979
849.95,-0.106298,-51.3033
850.0,-0.106305,-51.3086
850.05,-0.106307,-51.3139
850.1,-0.106301,-51.3192
850.15,-0.106316,-51.3245
850.2,-0.106321,-51.3298
850.25,-0.106321,-51.3352
850.3,-0.106314,-51.3405
850.35,-0.106317,-51.3458
850.4,-0.106317,-51.3511
850.45,-0.106311,-51.3564
850.5,-0.106314,-51.3617
850.55,-0.106319,-51.367
850.6,-0.106334,-51.3724
850.65,-0.106345,-51.3777
850.7,-0.106342,-51.383
850.75,-0.106336,-51.3883
850.8,-0.106344,-51.3936
850.85,-0.106352,-51.3989
850.9,-0.106346,-51.4043
850.95,-0.106353,-51.4096
851.0,-0.10636,-51.4149
851.05,-0.106362,-51.4202
851.1,-0.106369,-51.4255
851.15,-0.106363,-51.4309
851.2,-0.106374,-51.4362
851.25,-0.106365,-51.4415
851.3,-0.106374,-51.4468
851.35,-0.106375,-51.4521
851.4,-0.106382,-51.4575
851.45,-0.106369,-51.4628
851.5,-0.106389,-51.4681
851.55,-0.106382,-51.4734
851.6,-0.106394,-51.4787
851.65,-0.106403,-51.484
851.7,-0.106416,-51.4894
851.75,-0.106422,-51.4947
851.8,-0.106416,-51.5
851.85,-0.106418,-51.5053
851.9,-0.106426,-51.5107
851.95,-0.106438,-51.516
852.0,-0.106427,-51.5213
852.05,-0.10643,-51.5266
852.1,-0.106431,-51.5319
852.15,-0.106442,-51.5373
852.2,-0.106445,-51.5426
852.25,-0.106444,-51.5479
852.3,-0.106438,-51.5532
852.35,-0.106443,-51.5585
852.4,-0.106453,-51.5639
852.45,-0.106462,-51.5692
852.5,-0.106452,-51.5745
852.55,-0.106461,-51.5798
852.6,-0.106455,-51.5852
852.65,-0.106457,-51.5905
852.7,-0.106475,-51.5958
852.75,-0.10648,-51.6011
852.8,-0.106496,-51.6065
852.85,-0.106492,-51.6118
852.9,-0.106508,-51.6171
852.95,-0.106511,-51.6224
853.0,-0.106503,-51.6278
853.05,-0.106499,-51.6331
853.1,-0.106506,-51.6384
853.15,-0.106529,-51.6437
853.2,-0.106529,-51.6491
853.25,-0.106532,-51.6544
853.3,-0.106548,-51.6597
853.35,-0.106549,-51.665
853.4,-0.106558,-51.6704
853.45,-0.10656,-51.6757
853.5,-0.106564,-51.681
853.55,-0.106577,-51.6864
853.6,-0.106577,-51.6917
853.65,-0.106599,-51.697
853.7,-0.106598,-51.7023
853.75,-0.106612,-51.7077
853.8,-0.106606,-51.713
853.85,-0.10662,-51.7183
853.9,-0.106626,-51.7237
853.95,-0.106636,-51.729
854.0,-0.10665,-51.7343
854.05,-0.106653,-51.7397
854.1,-0.106669,-51.745
854.15,-0.106669,-51.7503
854.2,-0.106662,-51.7557
854.25,-0.106669,-51.761
854.3,-0.106686,-51.7663
854.35,-0.106695,-51.7717
854.4,-0.106699,-51.777
854.45,-0.106702,-51.7823
854.5,-0.106715,-51.7877
854.55,-0.106706,-51.793
854.6,-0.106723,-51.7983
854.65,-0.106715,-51.8037
854.7,-0.106729,-51.809
854.75,-0.106732,-51.8144
854.8,-0.106746,-51.8197
854.85,-0.106758,-51.825
854.9,-0.106755,-51.8304
854.95,-0.106755,-51.8357
855.0,-0.10675,-51.841
855.05,-0.106764,-51.8464
855.1,-0.106782,-51.8517
855.15,-0.106777,-51.8571
855.2,-0.106783,-51.8624
855.25,-0.106788,-51.8677
855.3,-0.106783,-51.8731
855.35,-0.10678,-51.8784
855.4,-0.10679,-51.8838
855.45,-0.106788,-51.8891
855.5,-0.106781,-51.8944
855.55,-0.106794,-51.8998
855.6,-0.1068,-51.9051
855.65,-0.106794,-51.9104
855.7,-0.106795,-51.9158
855.75,-0.106785,-51.9211
855.8,-0.106799,-51.9265
855.85,-0.106816,-51.9318
855.9,-0.106822,-51.9372
855.95,-0.106814,-51.9425
856.0,-0.106823,-51.9478
856.05,-0.106801,-51.9532
856.1,-0.106805,-51.9585
856.15,-0.106814,-51.9639
856.2,-0.10682,-51.9692
856.25,-0.106835,-51.9745
856.3,-0.106839,-51.9799
856.35,-0.106839,-51.9852
856.4,-0.106843,-51.9906
856.45,-0.106847,-51.9959
856.5,-0.106859,-52.0013
856.55,-0.106856,-52.0066
856.6,-0.106857,-52.0119
856.65,-0.106855,-52.0173
856.7,-0.106865,-52.0226
856.75,-0.106869,-52.028
856.8,-0.106869,-52.0333
856.85,-0.106875,-52.0387
856.9,-0.106874,-52.044
856.95,-0.106879,-52.0493
857.0,-0.106885,-52.0547
857.05,-0.106884,-52.06
857.1,-0.106892,-52.0654
857.15,-0.106887,-52.0707
857.2,-0.106894,-52.0761
857.25,-0.106904,-52.0814
857.3,-0.106911,-52.0868
857.35,-0.106927,-52.0921
857.4,-0.106937,-52.0974
857.45,-0.106937,-52.1028
857.5,-0.106936,-52.1081
857.55,-0.106925,-52.1135
857.6,-0.106927,-52.1188
857.65,-0.106938,-52.1242
857.7,-0.106944,-52.1295
857.75,-0.106938,-52.1349
857.8,-0.106941,-52.1402
857.85,-0.106943,-52.1456
857.9,-0.10695,-52.1509
857.95,-0.106949,-52.1563
858.0,-0.106942,-52.1616
858.05,-0.106937,-52.167
858.1,-0.106875,-52.1723
858.15,-0.106851,-52.1776
858.2,-0.106857,-52.183
858.25,-0.106847,-52.1883
858.3,-0.106867,-52.1937
858.35,-0.106854,-52.199
858.4,-0.106875,-52.2044
858.45,-0.106873,-52.2097
858.5,-0.106867,-52.215
858.55,-0.106873,-52.2204
858.6,-0.106875,-52.2257
858.65,-0.106878,-52.2311
858.7,-0.106882,-52.2364
858.75,-0.106884,-52.2418
858.8,-0.10688,-52.2471
858.85,-0.106885,-52.2525
858.9,-0.106894,-52.2578
858.95,-0.106905,-52.2631
859.0,-0.106903,-52.2685
859.05,-0.106904,-52.2738
859.1,-0.106901,-52.2792
859.15,-0.106905,-52.2845
859.2,-0.106899,-52.2899
859.25,-0.10689,-52.2952
859.3,-0.106915,-52.3006
859.35,-0.10693,-52.3059
859.4,-0.106929,-52.3113
859.45,-0.106933,-52.3166
859.5,-0.106935,-52.3219
859.55,-0.106937,-52.3273
859.6,-0.106934,-52.3326
859.65,-0.106934,-52.338
859.7,-0.10694,-52.3433
859.75,-0.106933,-52.3487
859.8,-0.106935,-52.354
859.85,-0.106944,-52.3594
859.9,-0.10694,-52.3647
859.95,-0.106933,-52.3701
860.0,-0.106948,-52.3754
860.05,-0.106957,-52.3808
860.1,-0.106938,-52.3861
860.15,-0.106948,-52.3915
860.2,-0.106955,-52.3968
860.25,-0.106958,-52.4021
860.3,-0.106966,-52.4075
860.35,-0.106965,-52.4128
860.4,-0.106974,-52.4182
860.45,-0.106976,-52.4235
860.5,-0.106966,-52.4289
860.55,-0.106959,-52.4342
860.6,-0.106955,-52.4396
860.65,-0.106959,-52.4449
860.7,-0.106971,-52.4503
860.75,-0.106971,-52.4556
860.8,-0.106958,-52.461
860.85,-0.106974,-52.4663
860.9,-0.106969,-52.4717
860.95,-0.106978,-52.477
861.0,-0.106979,-52.4824
861.05,-0.106985,-52.4877
861.1,-0.106977,-52.4931
861.15,-0.10698,-52.4984
861.2,-0.106975,-52.5038
861.25,-0.106979,-52.5091
861.3,-0.106991,-52.5145
861.35,-0.106995,-52.5198
861.4,-0.106997,-52.5252
861.45,-0.106997,-52.5305
861.5,-0.107,-52.5359
861.55,-0.106992,-52.5412
861.6,-0.107,-52.5466
861.65,-0.106998,-52.5519
861.7,-0.107003,-52.5573
861.75,-0.107028,-52.5626
861.8,-0.107015,-52.568
861.85,-0.107021,-52.5733
861.9,-0.107019,-52.5787
861.95,-0.107011,-52.584
862.0,-0.107021,-52.5894
862.05,-0.10702,-52.5947
862.1,-0.107016,-52.6001
862.15,-0.107024,-52.6054
862.2,-0.107021,-52.6108
862.25,-0.107024,-52.6161
862.3,-0.107033,-52.6215
862.35,-0.107036,-52.6268
862.4,-0.107042,-52.6322
862.45,-0.107047,-52.6375
862.5,-0.107047,-52.6429
862.55,-0.10705,-52.6482
862.6,-0.107046,-52.6536
862.65,-0.107051,-52.659
862.7,-0.107059,-52.6643
862.75,-0.107062,-52.6697
862.8,-0.107045,-52.675
862.85,-0.107052,-52.6804
862.9,-0.107054,-52.6857
862.95,-0.107059,-52.6911
863.0,-0.10706,-52.6964
863.05,-0.107058,-52.7018
863.1,-0.107071,-52.7071
863.15,-0.107068,-52.7125
863.2,-0.107066,-52.7178
863.25,-0.107074,-52.7232
863.3,-0.107069,-52.7285
863.35,-0.107061,-52.7339
863.4,-0.107068,-52.7392
863.45,-0.107073,-52.7446
863.5,-0.107076,-52.75
863.55,-0.107088,-52.7553
863.6,-0.107082,-52.7607
863.65,-0.107084,-52.766
863.7,-0.107098,-52.7714
863.75,-0.107092,-52.7767
863.8,-0.107094,-52.7821
863.85,-0.107098,-52.7874
863.9,-0.107102,-52.7928
863.95,-0.107094,-52.7981
864.0,-0.107092,-52.8035
864.05,-0.107096,-52.8089
864.1,-0.107095,-52.8142
864.15,-0.107092,-52.8196
864.2,-0.107094,-52.8249
864.25,-0.107101,-52.8303
864.3,-0.107114,-52.8356
864.35,-0.10711,-52.841
864.4,-0.107095,-52.8463
864.45,-0.107105,-52.8517
864.5,-0.107115,-52.857
864.55,-0.107112,-52.8624
864.6,-0.107118,-52.8678
864.65,-0.107108,-52.8731
864.7,-0.107108,-52.8785
864.75,-0.107108,-52.8838
864.8,-0.107116,-52.8892
864.85,-0.107137,-52.8945
864.9,-0.107129,-52.8999
864.95,-0.107136,-52.9053
865.0,-0.107154,-52.9106
865.05,-0.107152,-52.916
865.1,-0.107174,-52.9213
865.15,-0.107195,-52.9267
865.2,-0.107213,-52.932
865.25,-0.107222,-52.9374
865.3,-0.107225,-52.9428
865.35,-0.107234,-52.9481
865.4,-0.107233,-52.9535
865.45,-0.107231,-52.9589
865.5,-0.10723,-52.9642
865.55,-0.107234,-52.9696
865.6,-0.107245,-52.9749
865.65,-0.10725,-52.9803
865.7,-0.107254,-52.9857
865.75,-0.107262,-52.991
865.8,-0.107262,-52.9964
865.85,-0.107265,-53.0018
865.9,-0.10727,-53.0071
865.95,-0.107263,-53.0125
866.0,-0.107269,-53.0178
866.05,-0.107269,-53.0232
866.1,-0.107281,-53.0286
866.15,-0.107285,-53.0339
866.2,-0.107277,-53.0393
866.25,-0.107283,-53.0447
866.3,-0.107301,-53.05
866.35,-0.107315,-53.0554
866.4,-0.107321,-53.0608
866.45,-0.107319,-53.0661
866.5,-0.107316,-53.0715
866.55,-0.107324,-53.0769
866.6,-0.107317,-53.0822
866.65,-0.107337,-53.0876
866.7,-0.107341,-53.093
866.75,-0.107346,-53.0983
866.8,-0.107358,-53.1037
866.85,-0.107361,-53.1091
866.9,-0.107372,-53.1144
866.95,-0.107368,-53.1198
867.0,-0.107365,-53.1252
867.05,-0.107372,-53.1305
867.1,-0.107372,-53.1359
867.15,-0.10739,-53.1413
867.2,-0.107386,-53.1466
867.25,-0.10739,-53.152
867.3,-0.10739,-53.1574
867.35,-0.107393,-53.1628
867.4,-0.107403,-53.1681
867.45,-0.107406,-53.1735
867.5,-0.107404,-53.1789
867.55,-0.107413,-53.1842
867.6,-0.107409,-53.1896
867.65,-0.107407,-53.195
867.7,-0.107423,-53.2003
867.75,-0.107417,-53.2057
867.8,-0.107415,-53.2111
867.85,-0.107414,-53.2165
867.9,-0.10741,-53.2218
867.95,-0.107428,-53.2272
868.0,-0.107434,-53.2326
868.05,-0.107437,-53.2379
868.1,-0.107436,-53.2433
868.15,-0.107437,-53.2487
868.2,-0.107441,-53.2541
868.25,-0.107447,-53.2594
868.3,-0.107462,-53.2648
868.35,-0.10746,-53.2702
868.4,-0.10746,-53.2756
868.45,-0.10747,-53.2809
868.5,-0.107469,-53.2863
868.55,-0.107462,-53.2917
868.6,-0.107465,-53.297
868.65,-0.107464,-53.3024
868.7,-0.107462,-53.3078
868.75,-0.107462,-53.3132
868.8,-0.107457,-53.3185
868.85,-0.107465,-53.3239
868.9,-0.107469,-53.3293
868.95,-0.107468,-53.3347
869.0,-0.107461,-53.34
869.05,-0.107482,-53.3454
869.1,-0.107489,-53.3508
869.15,-0.107494,-53.3562
869.2,-0.107489,-53.3615
869.25,-0.107494,-53.3669
869.3,-0.1075,-53.3723
869.35,-0.107494,-53.3777
869.4,-0.107501,-53.383
869.45,-0.107491,-53.3884
869.5,-0.107492,-53.3938
869.55,-0.107504,-53.3992
869.6,-0.107519,-53.4045
869.65,-0.107503,-53.4099
869.7,-0.107509,-53.4153
869.75,-0.107517,-53.4207
869.8,-0.107521,-53.426
869.85,-0.107525,-53.4314
869.9,-0.107529,-53.4368
869.95,-0.107525,-53.4422
870.0,-0.107524,-53.4475
870.05,-0.107528,-53.4529
870.1,-0.107537,-53.4583
870.15,-0.107558,-53.4637
870.2,-0.107561,-53.469
870.25,-0.107551,-53.4744
870.3,-0.107508,-53.4798
870.35,-0.107493,-53.4852
870.4,-0.10749,-53.4905
870.45,-0.107487,-53.4959
870.5,-0.107505,-53.5013
870.55,-0.107504,-53.5067
870.6,-0.107512,-53.512
870.65,-0.10753,-53.5174
870.7,-0.107523,-53.5228
870.75,-0.10753,-53.5282
870.8,-0.107533,-53.5336
870.85,-0.107539,-53.5389
870.9,-0.107537,-53.5443
870.95,-0.107547,-53.5497
871.0,-0.107552,-53.5551
871.05,-0.107557,-53.5604
871.1,-0.107567,-53.5658
871.15,-0.107576,-53.5712
871.2,-0.107578,-53.5766
871.25,-0.107593,-53.582
871.3,-0.107603,-53.5873
871.35,-0.107597,-53.5927
871.4,-0.1076,-53.5981
871.45,-0.107607,-53.6035
871.5,-0.107594,-53.6089
871.55,-0.107609,-53.6142
871.6,-0.107635,-53.6196
871.65,-0.107639,-53.625
871.7,-0.107641,-53.6304
871.75,-0.107641,-53.6358
871.8,-0.107635,-53.6411
871.85,-0.107643,-53.6465
871.9,-0.107648,-53.6519
871.95,-0.107646,-53.6573
872.0,-0.107641,-53.6627
872.05,-0.107649,-53.6681
872.1,-0.107653,-53.6734
872.15,-0.107661,-53.6788
872.2,-0.107672,-53.6842
872.25,-0.107679,-53.6896
872.3,-0.107674,-53.695
872.35,-0.107689,-53.7004
872.4,-0.10768,-53.7057
872.45,-0.107683,-53.7111
872.5,-0.10769,-53.7165
872.55,-0.107697,-53.7219
872.6,-0.107707,-53.7273
872.65,-0.107706,-53.7327
872.7,-0.107701,-53.738
872.75,-0.107721,-53.7434
872.8,-0.10771,-53.7488
872.85,-0.10772,-53.7542
872.9,-0.107726,-53.7596
872.95,-0.107732,-53.765
873.0,-0.10774,-53.7704
873.05,-0.107742,-53.7758
873.1,-0.107748,-53.7811
873.15,-0.107751,-53.7865
873.2,-0.107763,-53.7919
873.25,-0.107757,-53.7973
873.3,-0.107774,-53.8027
873.35,-0.10778,-53.8081
873.4,-0.10778,-53.8135
873.45,-0.107782,-53.8189
873.5,-0.107785,-53.8242
873.55,-0.107798,-53.8296
873.6,-0.107817,-53.835
873.65,-0.107821,-53.8404
873.7,-0.107832,-53.8458
873.75,-0.107832,-53.8512
873.8,-0.10785,-53.8566
873.85,-0.107855,-53.862
873.9,-0.107863,-53.8674
873.95,-0.107874,-53.8728
874.0,-0.107898,-53.8782
874.05,-0.107908,-53.8836
874.1,-0.107912,-53.889
874.15,-0.107919,-53.8944
874.2,-0.107927,-53.8998
874.25,-0.107947,-53.9052
874.3,-0.108006,-53.9106
874.35,-0.108015,-53.916
874.4,-0.108013,-53.9214
874.45,-0.108006,-53.9268
874.5,-0.108014,-53.9322
874.55,-0.10802,-53.9376
874.6,-0.108032,-53.943
874.65,-0.108026,-53.9484
874.7,-0.108038,-53.9538
874.75,-0.108041,-53.9592
874.8,-0.10806,-53.9646
874.85,-0.108065,-53.97
874.9,-0.108064,-53.9754
874.95,-0.108065,-53.9808
875.0,-0.108063,-53.9862
875.05,-0.10808,-53.9916
875.1,-0.108097,-53.997
875.15,-0.108103,-54.0024
875.2,-0.108096,-54.0078
875.25,-0.10811,-54.0132
875.3,-0.108115,-54.0186
875.35,-0.108117,-54.024
875.4,-0.108131,-54.0294
875.45,-0.108142,-54.0348
875.5,-0.108143,-54.0402
875.55,-0.108151,-54.0456
875.6,-0.108154,-54.0511
875.65,-0.108156,-54.0565
875.7,-0.108172,-54.0619
875.75,-0.108169,-54.0673
875.8,-0.108187,-54.0727
875.85,-0.108193,-54.0781
875.9,-0.108209,-54.0835
875.95,-0.108221,-54.0889
876.0,-0.108208,-54.0943
876.05,-0.108225,-54.0997
876.1,-0.108237,-54.1052
876.15,-0.108237,-54.1106
876.2,-0.108255,-54.116
876.25,-0.108256,-54.1214
876.3,-0.108254,-54.1268
876.35,-0.108253,-54.1322
876.4,-0.108254,-54.1376
876.45,-0.108268,-54.143
876.5,-0.108275,-54.1485
876.55,-0.10827,-54.1539
876.6,-0.108275,-54.1593
876.65,-0.108284,-54.1647
876.7,-0.108289,-54.1701
876.75,-0.108299,-54.1755
876.8,-0.108318,-54.1809
876.85,-0.108306,-54.1864
876.9,-0.108304,-54.1918
876.95,-0.108312,-54.1972
877.0,-0.108313,-54.2026
877.05,-0.10832,-54.208
877.1,-0.108325,-54.2134
877.15,-0.108323,-54.2188
877.2,-0.108329,-54.2243
877.25,-0.108337,-54.2297
877.3,-0.108339,-54.2351
877.35,-0.108339,-54.2405
877.4,-0.108326,-54.2459
877.45,-0.108333,-54.2514
877.5,-0.108348,-54.2568
877.55,-0.108363,-54.2622
877.6,-0.108376,-54.2676
877.65,-0.108372,-54.273
877.7,-0.108377,-54.2784
877.75,-0.10837,-54.2839
877.8,-0.108375,-54.2893
877.85,-0.108385,-54.2947
877.9,-0.108389,-54.3001
877.95,-0.108381,-54.3055
878.0,-0.108399,-54.311
878.05,-0.108382,-54.3164
878.1,-0.108397,-54.3218
878.15,-0.108406,-54.3272
878.2,-0.108415,-54.3326
878.25,-0.108418,-54.3381
878.3,-0.108422,-54.3435
878.35,-0.108418,-54.3489
878.4,-0.108424,-54.3543
878.45,-0.108418,-54.3597
878.5,-0.108427,-54.3652
878.55,-0.108432,-54.3706
878.6,-0.10844,-54.376
878.65,-0.108441,-54.3814
878.7,-0.108445,-54.3869
878.75,-0.10844,-54.3923
878.8,-0.108438,-54.3977
878.85,-0.108446,-54.4031
878.9,-0.108454,-54.4085
878.95,-0.108453,-54.414
879.0,-0.108451,-54.4194
879.05,-0.108454,-54.4248
879.1,-0.108458,-54.4302
879.15,-0.108454,-54.4357
879.2,-0.108464,-54.4411
879.25,-0.10846,-54.4465
879.3,-0.108459,-54.4519
879.35,-0.108458,-54.4573
879.4,-0.108466,-54.4628
879.45,-0.108465,-54.4682
879.5,-0.108472,-54.4736
879.55,-0.108469,-54.479
879.6,-0.108472,-54.4845
879.65,-0.108489,-54.4899
879.7,-0.108497,-54.4953
879.75,-0.1085,-54.5007
879.8,-0.108508,-54.5062
879.85,-0.108511,-54.5116
879.9,-0.10852,-54.517
879.95,-0.108524,-54.5224
880.0,-0.108528,-54.5279
880.05,-0.108532,-54.5333
880.1,-0.108554,-54.5387
880.15,-0.108554,-54.5441
880.2,-0.108552,-54.5496
880.25,-0.108555,-54.555
880.3,-0.108572,-54.5604
880.35,-0.108567,-54.5659
880.4,-0.108569,-54.5713
880.45,-0.108567,-54.5767
880.5,-0.108571,-54.5821
880.55,-0.108568,-54.5876
880.6,-0.108568,-54.593
880.65,-0.108565,-54.5984
880.7,-0.108582,-54.6039
880.75,-0.108582,-54.6093
880.8,-0.108585,-54.6147
880.85,-0.108587,-54.6201
880.9,-0.108588,-54.6256
880.95,-0.108589,-54.631
881.0,-0.108578,-54.6364
881.05,-0.108577,-54.6419
881.1,-0.108579,-54.6473
881.15,-0.108578,-54.6527
881.2,-0.108568,-54.6581
881.25,-0.108574,-54.6636
881.3,-0.108573,-54.669
881.35,-0.108577,-54.6744
881.4,-0.108584,-54.6799
881.45,-0.108583,-54.6853
881.5,-0.108588,-54.6907
881.55,-0.108585,-54.6962
881.6,-0.108574,-54.7016
881.65,-0.108585,-54.707
881.7,-0.108582,-54.7124
881.75,-0.108593,-54.7179
881.8,-0.108604,-54.7233
881.85,-0.108592,-54.7287
881.9,-0.10858,-54.7342
881.95,-0.108593,-54.7396
882.0,-0.108588,-54.745
882.05,-0.108606,-54.7505
882.1,-0.108616,-54.7559
882.15,-0.108616,-54.7613
882.2,-0.108625,-54.7667
882.25,-0.108619,-54.7722
882.3,-0.108626,-54.7776
882.35,-0.108622,-54.783
882.4,-0.10864,-54.7885
882.45,-0.108646,-54.7939
882.5,-0.108645,-54.7993
882.55,-0.108656,-54.8048
882.6,-0.108647,-54.8102
882.65,-0.108643,-54.8156
882.7,-0.108652,-54.8211
882.75,-0.108647,-54.8265
882.8,-0.108652,-54.8319
882.85,-0.108667,-54.8374
882.9,-0.108674,-54.8428
882.95,-0.108676,-54.8482
883.0,-0.108681,-54.8537
883.05,-0.108673,-54.8591
883.1,-0.108691,-54.8645
883.15,-0.108687,-54.87
883.2,-0.108687,-54.8754
883.25,-0.108693,-54.8808
883.3,-0.108701,-54.8863
883.35,-0.108713,-54.8917
883.4,-0.108717,-54.8971
883.45,-0.108719,-54.9026
883.5,-0.108726,-54.908
883.55,-0.108738,-54.9134
883.6,-0.108731,-54.9189
883.65,-0.108728,-54.9243
883.7,-0.108743,-54.9298
883.75,-0.108743,-54.9352
883.8,-0.108746,-54.9406
883.85,-0.108749,-54.9461
883.9,-0.108761,-54.9515
883.95,-0.108768,-54.9569
884.0,-0.108774,-54.9624
884.05,-0.108791,-54.9678
884.1,-0.108801,-54.9733
884.15,-0.10882,-54.9787
884.2,-0.108831,-54.9841
884.25,-0.10882,-54.9896
884.3,-0.108828,-54.995
884.35,-0.108838,-55.0005
884.4,-0.108852,-55.0059
884.45,-0.108861,-55.0114
884.5,-0.108871,-55.0168
884.55,-0.108878,-55.0222
884.6,-0.10889,-55.0277
884.65,-0.108889,-55.0331
884.7,-0.108879,-55.0386
884.75,-0.1089,-55.044
884.8,-0.108911,-55.0495
884.85,-0.108919,-55.0549
884.9,-0.108943,-55.0604
884.95,-0.108952,-55.0658
885.0,-0.10895,-55.0713
885.05,-0.108974,-55.0767
885.1,-0.108985,-55.0822
885.15,-0.108988,-55.0876
885.2,-0.108997,-55.0931
885.25,-0.109007,-55.0985
885.3,-0.109006,-55.104
885.35,-0.10902,-55.1094
885.4,-0.109014,-55.1149
885.45,-0.109014,-55.1203
885.5,-0.109028,-55.1258
885.55,-0.109042,-55.1312
885.6,-0.109041,-55.1367
885.65,-0.109055,-55.1421
885.7,-0.109051,-55.1476
885.75,-0.10907,-55.153
885.8,-0.109069,-55.1585
885.85,-0.109079,-55.1639
885.9,-0.109087,-55.1694
885.95,-0.109093,-55.1748
886.0,-0.109095,-55.1803
886.05,-0.109101,-55.1857
886.1,-0.109093,-55.1912
886.15,-0.109113,-55.1967
886.2,-0.109126,-55.2021
886.25,-0.10913,-55.2076
886.3,-0.109139,-55.213
886.35,-0.109141,-55.2185
886.4,-0.109151,-55.2239
886.45,-0.109148,-55.2294
886.5,-0.109151,-55.2349
886.55,-0.10915,-55.2403
886.6,-0.109171,-55.2458
886.65,-0.109187,-55.2512
886.7,-0.109185,-55.2567
886.75,-0.1092,-55.2622
886.8,-0.1092,-55.2676
886.85,-0.109209,-55.2731
886.9,-0.109213,-55.2785
886.95,-0.109218,-55.284
887.0,-0.10924,-55.2895
887.05,-0.109227,-55.2949
887.1,-0.109237,-55.3004
887.15,-0.109245,-55.3058
887.2,-0.109243,-55.3113
887.25,-0.109256,-55.3168
887.3,-0.109259,-55.3222
887.35,-0.109273,-55.3277
887.4,-0.109271,-55.3332
887.45,-0.109275,-55.3386
887.5,-0.109284,-55.3441
887.55,-0.109277,-55.3495
887.6,-0.109266,-55.355
887.65,-0.109275,-55.3605
887.7,-0.109286,-55.3659
887.75,-0.109278,-55.3714
887.8,-0.109295,-55.3769
887.85,-0.109299,-55.3823
887.9,-0.109295,-55.3878
887.95,-0.109303,-55.3933
888.0,-0.109298,-55.3987
888.05,-0.109314,-55.4042
888.1,-0.109329,-55.4097
888.15,-0.109314,-55.4151
888.2,-0.109305,-55.4206
888.25,-0.109315,-55.4261
888.3,-0.109323,-55.4315
888.35,-0.109314,-55.437
888.4,-0.109311,-55.4425
888.45,-0.109329,-55.4479
888.5,-0.109326,-55.4534
888.55,-0.109318,-55.4589
888.6,-0.109307,-55.4643
888.65,-0.109315,-55.4698
888.7,-0.10932,-55.4753
888.75,-0.109328,-55.4807
888.8,-0.10933,-55.4862
888.85,-0.109329,-55.4916
888.9,-0.109327,-55.4971
888.95,-0.109331,-55.5026
889.0,-0.109344,-55.508
889.05,-0.109336,-55.5135
889.1,-0.109354,-55.519
889.15,-0.109337,-55.5245
889.2,-0.109343,-55.5299
889.25,-0.109335,-55.5354
889.3,-0.109333,-55.5409
889.35,-0.10933,-55.5463
889.4,-0.109341,-55.5518
889.45,-0.109345,-55.5573
889.5,-0.109342,-55.5627
889.55,-0.109334,-55.5682
889.6,-0.109325,-55.5737
889.65,-0.109334,-55.5791
889.7,-0.109341,-55.5846
889.75,-0.10934,-55.5901
889.8,-0.109345,-55.5955
889.85,-0.10934,-55.601
889.9,-0.10935,-55.6065
889.95,-0.109351,-55.6119
890.0,-0.109368,-55.6174
890.05,-0.109368,-55.6229
890.1,-0.109379,-55.6283
890.15,-0.109395,-55.6338
890.2,-0.109416,-55.6393
890.25,-0.109421,-55.6447
890.3,-0.109431,-55.6502
890.35,-0.109432,-55.6557
890.4,-0.109441,-55.6612
890.45,-0.109453,-55.6666
890.5,-0.109454,-55.6721
890.55,-0.109465,-55.6776
890.6,-0.109466,-55.683
890.65,-0.109465,-55.6885
890.7,-0.109471,-55.694
890.75,-0.109476,-55.6995
890.8,-0.109481,-55.7049
890.85,-0.109484,-55.7104
890.9,-0.109484,-55.7159
890.95,-0.10949,-55.7214
891.0,-0.109479,-55.7268
891.05,-0.109485,-55.7323
891.1,-0.109481,-55.7378
891.15,-0.109475,-55.7433
891.2,-0.109495,-55.7487
891.25,-0.10948,-55.7542
891.3,-0.109484,-55.7597
891.35,-0.109487,-55.7652
891.4,-0.109473,-55.7706
891.45,-0.109482,-55.7761
891.5,-0.109481,-55.7816
891.55,-0.109482,-55.7871
891.6,-0.109488,-55.7925
891.65,-0.109488,-55.798
891.7,-0.10949,-55.8035
891.75,-0.109488,-55.809
891.8,-0.10949,-55.8144
891.85,-0.109491,-55.8199
891.9,-0.109489,-55.8254
891.95,-0.109485,-55.8308
892.0,-0.109491,-55.8363
892.05,-0.109488,-55.8418
892.1,-0.109489,-55.8473
892.15,-0.109486,-55.8527
892.2,-0.109506,-55.8582
892.25,-0.109497,-55.8637
892.3,-0.109506,-55.8692
892.35,-0.10951,-55.8746
892.4,-0.109511,-55.8801
892.45,-0.10955,-55.8856
892.5,-0.109575,-55.8911
892.55,-0.109591,-55.8966
892.6,-0.109588,-55.902
892.65,-0.10959,-55.9075
892.7,-0.109591,-55.913
892.75,-0.109588,-55.9185
892.8,-0.109597,-55.924
892.85,-0.109598,-55.9294
892.9,-0.109607,-55.9349
892.95,-0.109617,-55.9404
893.0,-0.109619,-55.9459
893.05,-0.109624,-55.9514
893.1,-0.109623,-55.9568
893.15,-0.109625,-55.9623
893.2,-0.109628,-55.9678
893.25,-0.109624,-55.9733
893.3,-0.109639,-55.9788
893.35,-0.109632,-55.9842
893.4,-0.109641,-55.9897
893.45,-0.109641,-55.9952
893.5,-0.109647,-56.0007
893.55,-0.109657,-56.0062
893.6,-0.10967,-56.0117
893.65,-0.109666,-56.0171
893.7,-0.109683,-56.0226
893.75,-0.109702,-56.0281
893.8,-0.109696,-56.0336
893.85,-0.109713,-56.0391
893.9,-0.109712,-56.0446
893.95,-0.109718,-56.0501
894.0,-0.10972,-56.0555
894.05,-0.109732,-56.061
894.1,-0.109752,-56.0665
894.15,-0.109746,-56.072
894.2,-0.109756,-56.0775
894.25,-0.109762,-56.083
894.3,-0.109769,-56.0885
894.35,-0.109784,-56.094
894.4,-0.109793,-56.0994
894.45,-0.109793,-56.1049
894.5,-0.109797,-56.1104
894.55,-0.109802,-56.1159
894.6,-0.109796,-56.1214
894.65,-0.109807,-56.1269
894.7,-0.109815,-56.1324
894.75,-0.109821,-56.1379
894.8,-0.109823,-56.1434
894.85,-0.10983,-56.1489
894.9,-0.109843,-56.1544
894.95,-0.109847,-56.1598
895.0,-0.109865,-56.1653
895.05,-0.10989,-56.1708
895.1,-0.109907,-56.1763
895.15,-0.109929,-56.1818
895.2,-0.109936,-56.1873
895.25,-0.109945,-56.1928
895.3,-0.109943,-56.1983
895.35,-0.10996,-56.2038
895.4,-0.109979,-56.2093
895.45,-0.109983,-56.2148
895.5,-0.110003,-56.2203
895.55,-0.110004,-56.2258
895.6,-0.109997,-56.2313
895.65,-0.110003,-56.2368
895.7,-0.110029,-56.2423
895.75,-0.110042,-56.2478
895.8,-0.110055,-56.2533
895.85,-0.110058,-56.2588
895.9,-0.110063,-56.2643
895.95,-0.110061,-56.2698
896.0,-0.110075,-56.2753
896.05,-0.110081,-56.2808
896.1,-0.110099,-56.2863
896.15,-0.110105,-56.2918
896.2,-0.110111,-56.2974
896.25,-0.110121,-56.3029
896.3,-0.110108,-56.3084
896.35,-0.110124,-56.3139
896.4,-0.110144,-56.3194
896.45,-0.110142,-56.3249
896.5,-0.110166,-56.3304
896.55,-0.110175,-56.3359
896.6,-0.110168,-56.3414
896.65,-0.110165,-56.3469
896.7,-0.110161,-56.3524
896.75,-0.110177,-56.3579
896.8,-0.110178,-56.3634
896.85,-0.110193,-56.369
896.9,-0.110188,-56.3745
896.95,-0.110188,-56.38
897.0,-0.110199,-56.3855
897.05,-0.110208,-56.391
897.1,-0.110205,-56.3965
897.15,-0.110206,-56.402
897.2,-0.110218,-56.4075
897.25,-0.110229,-56.413
897.3,-0.110219,-56.4185
897.35,-0.110227,-56.4241
897.4,-0.110231,-56.4296
897.45,-0.110252,-56.4351
897.5,-0.110258,-56.4406
897.55,-0.110261,-56.4461
897.6,-0.110272,-56.4516
897.65,-0.110272,-56.4571
897.7,-0.11028,-56.4626
897.75,-0.110293,-56.4682
897.8,-0.110295,-56.4737
897.85,-0.110311,-56.4792
897.9,-0.110314,-56.4847
897.95,-0.110324,-56.4902
898.0,-0.110323,-56.4957
898.05,-0.110338,-56.5013
898.1,-0.110351,-56.5068
898.15,-0.110363,-56.5123
898.2,-0.110365,-56.5178
898.25,-0.110374,-56.5233
898.3,-0.110377,-56.5289
898.35,-0.110374,-56.5344
898.4,-0.110392,-56.5399
898.45,-0.1104,-56.5454
898.5,-0.110408,-56.5509
898.55,-0.110405,-56.5564
898.6,-0.110405,-56.562
898.65,-0.110423,-56.5675
898.7,-0.110423,-56.573
898.75,-0.110418,-56.5785
898.8,-0.110436,-56.5841
898.85,-0.110455,-56.5896
898.9,-0.110462,-56.5951
898.95,-0.110481,-56.6006
899.0,-0.110507,-56.6061
899.05,-0.110509,-56.6117
899.1,-0.110515,-56.6172
899.15,-0.110515,-56.6227
899.2,-0.110521,-56.6283
899.25,-0.110525,-56.6338
899.3,-0.110528,-56.6393
899.35,-0.110529,-56.6448
899.4,-0.110528,-56.6504
899.45,-0.110535,-56.6559
899.5,-0.110541,-56.6614
899.55,-0.11054,-56.6669
899.6,-0.110541,-56.6725
899.65,-0.110538,-56.678
899.7,-0.110538,-56.6835
899.75,-0.110553,-56.689
899.8,-0.110559,-56.6946
899.85,-0.110548,-56.7001
899.9,-0.110552,-56.7056
899.95,-0.110559,-56.7112
900.0,-0.110558,-56.7167
900.05,-0.110566,-56.7222
900.1,-0.110568,-56.7277
900.15,-0.110562,-56.7333
900.2,-0.110574,-56.7388
900.25,-0.110567,-56.7443
900.3,-0.11055,-56.7499
900.35,-0.110559,-56.7554
900.4,-0.110571,-56.7609
900.45,-0.110563,-56.7664
900.5,-0.11057,-56.772
900.55,-0.110571,-56.7775
900.6,-0.110584,-56.783
900.65,-0.110579,-56.7886
900.7,-0.110588,-56.7941
900.75,-0.11058,-56.7996
900.8,-0.110599,-56.8051
900.85,-0.110592,-56.8107
900.9,-0.110601,-56.8162
900.95,-0.11061,-56.8217
901.0,-0.110603,-56.8273
901.05,-0.1106,-56.8328
901.1,-0.110597,-56.8383
901.15,-0.110602,-56.8439
901.2,-0.110605,-56.8494
901.25,-0.110614,-56.8549
901.3,-0.110616,-56.8604
901.35,-0.110616,-56.866
901.4,-0.110615,-56.8715
901.45,-0.110608,-56.877
901.5,-0.110626,-56.8826
901.55,-0.110626,-56.8881
901.6,-0.11062,-56.8936
901.65,-0.110634,-56.8992
901.7,-0.110628,-56.9047
901.75,-0.110638,-56.9102
901.8,-0.110637,-56.9158
901.85,-0.110632,-56.9213
901.9,-0.110633,-56.9268
901.95,-0.110641,-56.9324
902.0,-0.110645,-56.9379
902.05,-0.11065,-56.9434
902.1,-0.11064,-56.9489
902.15,-0.110644,-56.9545
902.2,-0.110639,-56.96
902.25,-0.11064,-56.9655
902.3,-0.110652,-56.9711
902.35,-0.110664,-56.9766
902.4,-0.110647,-56.9821
902.45,-0.110646,-56.9877
902.5,-0.110637,-56.9932
902.55,-0.110655,-56.9987
902.6,-0.110642,-57.0043
902.65,-0.110655,-57.0098
902.7,-0.110667,-57.0153
902.75,-0.110655,-57.0209
902.8,-0.11065,-57.0264
902.85,-0.110668,-57.0319
902.9,-0.110665,-57.0375
902.95,-0.110664,-57.043
903.0,-0.110669,-57.0485
903.05,-0.110665,-57.0541
903.1,-0.110659,-57.0596
903.15,-0.110665,-57.0651
903.2,-0.110671,-57.0707
903.25,-0.110676,-57.0762
903.3,-0.110674,-57.0817
903.35,-0.110675,-57.0873
903.4,-0.110683,-57.0928
903.45,-0.110694,-57.0983
903.5,-0.110689,-57.1039
903.55,-0.110692,-57.1094
903.6,-0.110694,-57.1149
903.65,-0.110688,-57.1205
903.7,-0.110687,-57.126
903.75,-0.110686,-57.1315
903.8,-0.110689,-57.1371
903.85,-0.110694,-57.1426
903.9,-0.110689,-57.1482
903.95,-0.110684,-57.1537
904.0,-0.110691,-57.1592
904.05,-0.11069,-57.1648
904.1,-0.1107,-57.1703
904.15,-0.110698,-57.1758
904.2,-0.110697,-57.1814
904.25,-0.110684,-57.1869
904.3,-0.110685,-57.1924
904.35,-0.110685,-57.198
904.4,-0.110686,-57.2035
904.45,-0.11068,-57.209
904.5,-0.110683,-57.2146
904.55,-0.110684,-57.2201
904.6,-0.110684,-57.2256
904.65,-0.110686,-57.2312
904.7,-0.110697,-57.2367
904.75,-0.11069,-57.2422
904.8,-0.110693,-57.2478
904.85,-0.110695,-57.2533
904.9,-0.110706,-57.2588
904.95,-0.110689,-57.2644
905.0,-0.110689,-57.2699
905.05,-0.11069,-57.2754
905.1,-0.11068,-57.281
905.15,-0.110692,-57.2865
905.2,-0.110698,-57.292
905.25,-0.110696,-57.2976
905.3,-0.1107,-57.3031
905.35,-0.110701,-57.3087
905.4,-0.110706,-57.3142
905.45,-0.110712,-57.3197
905.5,-0.110712,-57.3253
905.55,-0.110716,-57.3308
905.6,-0.110729,-57.3363
905.65,-0.110728,-57.3419
905.7,-0.110728,-57.3474
905.75,-0.110728,-57.3529
905.8,-0.110746,-57.3585
905.85,-0.110749,-57.364
905.9,-0.110745,-57.3696
905.95,-0.110752,-57.3751
906.0,-0.110748,-57.3806
906.05,-0.110753,-57.3862
906.1,-0.110749,-57.3917
906.15,-0.110765,-57.3972
906.2,-0.110763,-57.4028
906.25,-0.110772,-57.4083
906.3,-0.110788,-57.4139
906.35,-0.110794,-57.4194
906.4,-0.110791,-57.4249
906.45,-0.11081,-57.4305
906.5,-0.11081,-57.436
906.55,-0.110801,-57.4416
906.6,-0.110817,-57.4471
906.65,-0.110816,-57.4526
906.7,-0.110813,-57.4582
906.75,-0.110814,-57.4637
906.8,-0.110815,-57.4693
906.85,-0.110821,-57.4748
906.9,-0.110823,-57.4803
906.95,-0.110828,-57.4859
907.0,-0.110821,-57.4914
907.05,-0.110838,-57.497
907.1,-0.110825,-57.5025
907.15,-0.110845,-57.5081
907.2,-0.110851,-57.5136
907.25,-0.11085,-57.5191
907.3,-0.11086,-57.5247
907.35,-0.110872,-57.5302
907.4,-0.110869,-57.5358
907.45,-0.110871,-57.5413
907.5,-0.110876,-57.5469
907.55,-0.110866,-57.5524
907.6,-0.110878,-57.5579
907.65,-0.110879,-57.5635
907.7,-0.110889,-57.569
907.75,-0.110877,-57.5746
907.8,-0.110894,-57.5801
907.85,-0.110883,-57.5857
907.9,-0.110893,-57.5912
907.95,-0.110905,-57.5968
908.0,-0.110908,-57.6023
908.05,-0.1109,-57.6078
908.1,-0.110898,-57.6134
908.15,-0.110896,-57.6189
908.2,-0.110903,-57.6245
908.25,-0.110907,-57.63
908.3,-0.110907,-57.6356
908.35,-0.110908,-57.6411
908.4,-0.110922,-57.6467
908.45,-0.110922,-57.6522
908.5,-0.110916,-57.6577
908.55,-0.11093,-57.6633
908.6,-0.110926,-57.6688
908.65,-0.110932,-57.6744
908.7,-0.110928,-57.6799
908.75,-0.11093,-57.6855
908.8,-0.110929,-57.691
908.85,-0.110938,-57.6966
908.9,-0.110936,-57.7021
908.95,-0.110944,-57.7077
909.0,-0.110954,-57.7132
909.05,-0.11096,-57.7188
909.1,-0.110959,-57.7243
909.15,-0.110945,-57.7299
909.2,-0.110979,-57.7354
909.25,-0.110974,-57.741
909.3,-0.11099,-57.7465
909.35,-0.110986,-57.7521
909.4,-0.110982,-57.7576
909.45,-0.110993,-57.7632
909.5,-0.111011,-57.7687
909.55,-0.110999,-57.7743
909.6,-0.111005,-57.7798
909.65,-0.111017,-57.7854
909.7,-0.111025,-57.7909
909.75,-0.111036,-57.7965
909.8,-0.111047,-57.802
909.85,-0.111027,-57.8076
909.9,-0.11103,-57.8131
909.95,-0.111032,-57.8187
910.0,-0.111033,-57.8242
910.05,-0.111029,-57.8298
910.1,-0.111024,-57.8353
910.15,-0.111029,-57.8409
910.2,-0.111005,-57.8464
910.25,-0.111012,-57.852
910.3,-0.111016,-57.8575
910.35,-0.111025,-57.8631
910.4,-0.111012,-57.8686
910.45,-0.111017,-57.8742
910.5,-0.11103,-57.8797
910.55,-0.111019,-57.8853
910.6,-0.111016,-57.8908
910.65,-0.111019,-57.8964
910.7,-0.111015,-57.9019
910.75,-0.111017,-57.9075
910.8,-0.111017,-57.913
910.85,-0.111014,-57.9186
910.9,-0.111008,-57.9241
910.95,-0.111008,-57.9297
911.0,-0.110997,-57.9352
911.05,-0.111009,-57.9408
911.1,-0.111002,-57.9463
911.15,-0.111016,-57.9519
911.2,-0.111015,-57.9574
911.25,-0.111006,-57.963
911.3,-0.111008,-57.9685
911.35,-0.11101,-57.9741
911.4,-0.111012,-57.9796
911.45,-0.111012,-57.9852
911.5,-0.111022,-57.9907
911.55,-0.111017,-57.9963
911.6,-0.111017,-58.0018
911.65,-0.111022,-58.0074
911.7,-0.111025,-58.0129
911.75,-0.111017,-58.0185
911.8,-0.111019,-58.024
911.85,-0.111018,-58.0296
911.9,-0.111024,-58.0351
911.95,-0.111007,-58.0407
912.0,-0.111001,-58.0462
912.05,-0.110996,-58.0518
912.1,-0.111005,-58.0574
912.15,-0.111013,-58.0629
912.2,-0.111019,-58.0685
912.25,-0.111025,-58.074
912.3,-0.111014,-58.0796
912.35,-0.111007,-58.0851
912.4,-0.111021,-58.0907
912.45,-0.111018,-58.0962
912.5,-0.111028,-58.1018
912.55,-0.111013,-58.1073
912.6,-0.111022,-58.1129
912.65,-0.111026,-58.1184
912.7,-0.111007,-58.124
912.75,-0.111013,-58.1295
912.8,-0.111014,-58.1351
912.85,-0.11101,-58.1406
912.9,-0.11101,-58.1462
912.95,-0.111022,-58.1517
913.0,-0.111021,-58.1573
913.05,-0.111016,-58.1628
913.1,-0.111027,-58.1684
913.15,-0.111028,-58.1739
913.2,-0.11103,-58.1795
913.25,-0.11104,-58.185
913.3,-0.11104,-58.1906
913.35,-0.111033,-58.1961
913.4,-0.11104,-58.2017
913.45,-0.111049,-58.2072
913.5,-0.111065,-58.2128
913.55,-0.111064,-58.2183
913.6,-0.111062,-58.2239
913.65,-0.111064,-58.2294
913.7,-0.111057,-58.235
913.75,-0.111062,-58.2406
913.8,-0.111062,-58.2461
913.85,-0.11106,-58.2517
913.9,-0.111065,-58.2572
913.95,-0.111074,-58.2628
914.0,-0.111086,-58.2683
914.05,-0.111078,-58.2739
914.1,-0.111081,-58.2794
914.15,-0.11109,-58.285
914.2,-0.111115,-58.2905
914.25,-0.111114,-58.2961
914.3,-0.111121,-58.3016
914.35,-0.111111,-58.3072
914.4,-0.111114,-58.3128
914.45,-0.111127,-58.3183
914.5,-0.111119,-58.3239
914.55,-0.111121,-58.3294
914.6,-0.111122,-58.335
914.65,-0.11112,-58.3405
914.7,-0.111139,-58.3461
914.75,-0.111143,-58.3517
914.8,-0.111132,-58.3572
914.85,-0.111142,-58.3628
914.9,-0.111146,-58.3683
914.95,-0.111176,-58.3739
915.0,-0.111183,-58.3794
915.05,-0.111183,-58.385
915.1,-0.111186,-58.3906
915.15,-0.11118,-58.3961
915.2,-0.111192,-58.4017
915.25,-0.111194,-58.4072
915.3,-0.111201,-58.4128
915.35,-0.111208,-58.4184
915.4,-0.111191,-58.4239
915.45,-0.111201,-58.4295
915.5,-0.11122,-58.435
915.55,-0.111221,-58.4406
915.6,-0.111221,-58.4462
915.65,-0.111217,-58.4517
915.7,-0.111232,-58.4573
915.75,-0.111239,-58.4628
915.8,-0.111235,-58.4684
915.85,-0.111227,-58.474
915.9,-0.111231,-58.4795
915.95,-0.111231,-58.4851
916.0,-0.111247,-58.4907
916.05,-0.111248,-58.4962
916.1,-0.111253,-58.5018
916.15,-0.111248,-58.5073
916.2,-0.111258,-58.5129
916.25,-0.111261,-58.5185
916.3,-0.111259,-58.524
916.35,-0.111263,-58.5296
916.4,-0.111264,-58.5352
916.45,-0.111274,-58.5407
916.5,-0.111264,-58.5463
916.55,-0.111265,-58.5518
916.6,-0.11127,-58.5574
916.65,-0.111283,-58.563
916.7,-0.1113,-58.5685
916.75,-0.111296,-58.5741
916.8,-0.11129,-58.5797
916.85,-0.111297,-58.5852
916.9,-0.111308,-58.5908
916.95,-0.111305,-58.5964
917.0,-0.1113,-58.6019
917.05,-0.111308,-58.6075
917.1,-0.111313,-58.6131
917.15,-0.111312,-58.6186
917.2,-0.111317,-58.6242
917.25,-0.11132,-58.6298
917.3,-0.11132,-58.6353
917.35,-0.111335,-58.6409
917.4,-0.111318,-58.6465
917.45,-0.111328,-58.652
917.5,-0.111336,-58.6576
917.55,-0.11133,-58.6632
917.6,-0.111319,-58.6687
917.65,-0.111312,-58.6743
917.7,-0.111317,-58.6799
917.75,-0.111313,-58.6854
917.8,-0.111324,-58.691
917.85,-0.111326,-58.6966
917.9,-0.111339,-58.7021
917.95,-0.111324,-58.7077
918.0,-0.111329,-58.7133
918.05,-0.111345,-58.7188
918.1,-0.111336,-58.7244
918.15,-0.111339,-58.73
918.2,-0.111339,-58.7355
918.25,-0.111342,-58.7411
918.3,-0.111347,-58.7467
918.35,-0.111352,-58.7522
918.4,-0.111351,-58.7578
918.45,-0.111358,-58.7634
918.5,-0.111353,-58.7689
918.55,-0.111352,-58.7745
918.6,-0.111348,-58.7801
918.65,-0.111356,-58.7856
918.7,-0.111355,-58.7912
918.75,-0.111363,-58.7968
918.8,-0.111384,-58.8023
918.85,-0.111381,-58.8079
918.9,-0.111378,-58.8135
918.95,-0.111387,-58.819
919.0,-0.111388,-58.8246
919.05,-0.111393,-58.8302
919.1,-0.111399,-58.8357
919.15,-0.111404,-58.8413
919.2,-0.111401,-58.8469
919.25,-0.111403,-58.8525
919.3,-0.111397,-58.858
919.35,-0.111412,-58.8636
919.4,-0.111407,-58.8692
919.45,-0.111406,-58.8747
919.5,-0.11141,-58.8803
919.55,-0.111416,-58.8859
919.6,-0.111417,-58.8915
919.65,-0.111434,-58.897
919.7,-0.111425,-58.9026
919.75,-0.111425,-58.9082
919.8,-0.111424,-58.9137
919.85,-0.111437,-58.9193
919.9,-0.11144,-58.9249
919.95,-0.111436,-58.9305
920.0,-0.111433,-58.936
920.05,-0.111434,-58.9416
920.1,-0.111447,-58.9472
920.15,-0.111438,-58.9527
920.2,-0.111448,-58.9583
920.25,-0.111448,-58.9639
920.3,-0.111449,-58.9695
920.35,-0.111446,-58.975
920.4,-0.111448,-58.9806
920.45,-0.111455,-58.9862
920.5,-0.111471,-58.9917
920.55,-0.111475,-58.9973
920.6,-0.111479,-59.0029
920.65,-0.111477,-59.0085
920.7,-0.111496,-59.014
920.75,-0.1115,-59.0196
920.8,-0.111505,-59.0252
920.85,-0.111505,-59.0308
920.9,-0.11151,-59.0363
920.95,-0.111514,-59.0419
921.0,-0.111515,-59.0475
921.05,-0.111514,-59.0531
921.1,-0.111515,-59.0587
921.15,-0.111528,-59.0642
921.2,-0.11154,-59.0698
921.25,-0.111548,-59.0754
921.3,-0.111554,-59.081
921.35,-0.111535,-59.0865
921.4,-0.111542,-59.0921
921.45,-0.11153,-59.0977
921.5,-0.111525,-59.1033
921.55,-0.111527,-59.1088
921.6,-0.111536,-59.1144
921.65,-0.11152,-59.12
921.7,-0.111538,-59.1256
921.75,-0.111548,-59.1311
921.8,-0.111544,-59.1367
921.85,-0.111549,-59.1423
921.9,-0.111555,-59.1479
921.95,-0.111556,-59.1535
922.0,-0.111557,-59.159
922.05,-0.111558,-59.1646
922.1,-0.111566,-59.1702
922.15,-0.111563,-59.1758
922.2,-0.111557,-59.1813
922.25,-0.11155,-59.1869
922.3,-0.111557,-59.1925
922.35,-0.111576,-59.1981
922.4,-0.111568,-59.2037
922.45,-0.111588,-59.2092
922.5,-0.111584,-59.2148
922.55,-0.111583,-59.2204
922.6,-0.111585,-59.226
922.65,-0.111588,-59.2316
922.7,-0.111594,-59.2371
922.75,-0.111599,-59.2427
922.8,-0.111591,-59.2483
922.85,-0.111589,-59.2539
922.9,-0.111592,-59.2595
922.95,-0.11159,-59.265
923.0,-0.111588,-59.2706
923.05,-0.111595,-59.2762
923.1,-0.111592,-59.2818
923.15,-0.11159,-59.2874
923.2,-0.111586,-59.2929
923.25,-0.111584,-59.2985
923.3,-0.111586,-59.3041
923.35,-0.111586,-59.3097
923.4,-0.111588,-59.3153
923.45,-0.111577,-59.3208
923.5,-0.111565,-59.3264
923.55,-0.111573,-59.332
923.6,-0.111565,-59.3376
923.65,-0.111565,-59.3431
923.7,-0.111563,-59.3487
923.75,-0.111562,-59.3543
923.8,-0.111563,-59.3599
923.85,-0.111553,-59.3655
923.9,-0.111555,-59.371
923.95,-0.111562,-59.3766
924.0,-0.111563,-59.3822
924.05,-0.111559,-59.3878
924.1,-0.11158,-59.3933
924.15,-0.111566,-59.3989
924.2,-0.111563,-59.4045
924.25,-0.111557,-59.4101
924.3,-0.11156,-59.4157
924.35,-0.111568,-59.4212
924.4,-0.111566,-59.4268
924.45,-0.111561,-59.4324
924.5,-0.111571,-59.438
924.55,-0.111572,-59.4436
924.6,-0.111582,-59.4491
924.65,-0.111589,-59.4547
924.7,-0.111602,-59.4603
924.75,-0.111607,-59.4659
924.8,-0.111611,-59.4714
924.85,-0.111619,-59.477
924.9,-0.11161,-59.4826
924.95,-0.111608,-59.4882
925.0,-0.11161,-59.4938
925.05,-0.111617,-59.4994
925.1,-0.111623,-59.5049
925.15,-0.11163,-59.5105
925.2,-0.111631,-59.5161
925.25,-0.111627,-59.5217
925.3,-0.111621,-59.5273
925.35,-0.111625,-59.5328
925.4,-0.111627,-59.5384
925.45,-0.111638,-59.544
925.5,-0.111637,-59.5496
925.55,-0.111649,-59.5552
925.6,-0.111658,-59.5607
925.65,-0.111662,-59.5663
925.7,-0.111656,-59.5719
925.75,-0.11167,-59.5775
925.8,-0.111665,-59.5831
925.85,-0.111666,-59.5887
925.9,-0.111658,-59.5942
925.95,-0.111669,-59.5998
926.0,-0.111668,-59.6054
926.05,-0.11167,-59.611
926.1,-0.111669,-59.6166
926.15,-0.111678,-59.6222
926.2,-0.111681,-59.6278
926.25,-0.111684,-59.6333
926.3,-0.111686,-59.6389
926.35,-0.111684,-59.6445
926.4,-0.111683,-59.6501
926.45,-0.111692,-59.6557
926.5,-0.111698,-59.6613
926.55,-0.111703,-59.6668
926.6,-0.111701,-59.6724
926.65,-0.111688,-59.678
926.7,-0.111703,-59.6836
926.75,-0.111698,-59.6892
926.8,-0.111712,-59.6948
926.85,-0.111719,-59.7004
926.9,-0.111725,-59.7059
926.95,-0.111725,-59.7115
927.0,-0.11174,-59.7171
927.05,-0.111735,-59.7227
927.1,-0.111729,-59.7283
927.15,-0.111736,-59.7339
927.2,-0.11174,-59.7395
927.25,-0.111742,-59.745
927.3,-0.111738,-59.7506
927.35,-0.111738,-59.7562
927.4,-0.111735,-59.7618
927.45,-0.111744,-59.7674
927.5,-0.111748,-59.773
927.55,-0.111753,-59.7786
927.6,-0.111756,-59.7842
927.65,-0.111763,-59.7897
927.7,-0.111756,-59.7953
927.75,-0.111754,-59.8009
927.8,-0.111761,-59.8065
927.85,-0.111762,-59.8121
927.9,-0.111763,-59.8177
927.95,-0.111764,-59.8233
928.0,-0.111762,-59.8289
928.05,-0.111764,-59.8344
928.1,-0.111758,-59.84
928.15,-0.111765,-59.8456
928.2,-0.111773,-59.8512
928.25,-0.111785,-59.8568
928.3,-0.111777,-59.8624
928.35,-0.111774,-59.868
928.4,-0.111775,-59.8736
928.45,-0.111779,-59.8792
928.5,-0.111774,-59.8847
928.55,-0.111783,-59.8903
928.6,-0.111789,-59.8959
928.65,-0.111791,-59.9015
928.7,-0.111785,-59.9071
928.75,-0.11178,-59.9127
928.8,-0.111793,-59.9183
928.85,-0.11179,-59.9239
928.9,-0.111802,-59.9295
928.95,-0.111809,-59.9351
929.0,-0.111796,-59.9406
929.05,-0.111794,-59.9462
929.1,-0.111802,-59.9518
929.15,-0.111802,-59.9574
929.2,-0.111812,-59.963
929.25,-0.111803,-59.9686
929.3,-0.111811,-59.9742
929.35,-0.111805,-59.9798
929.4,-0.111808,-59.9854
929.45,-0.111809,-59.991
929.5,-0.111817,-59.9965
929.55,-0.111813,-60.0021
929.6,-0.111829,-60.0077
929.65,-0.111831,-60.0133
929.7,-0.111835,-60.0189
929.75,-0.111842,-60.0245
929.8,-0.111831,-60.0301
929.85,-0.111832,-60.0357
929.9,-0.111843,-60.0413
929.95,-0.111847,-60.0469
930.0,-0.111852,-60.0525
930.05,-0.111858,-60.0581
930.1,-0.111861,-60.0637
930.15,-0.111864,-60.0692
930.2,-0.111867,-60.0748
930.25,-0.111865,-60.0804
930.3,-0.111875,-60.086
930.35,-0.111868,-60.0916
930.4,-0.111875,-60.0972
930.45,-0.111882,-60.1028
930.5,-0.111878,-60.1084
930.55,-0.111875,-60.114
930.6,-0.111884,-60.1196
930.65,-0.111902,-60.1252
930.7,-0.111891,-60.1308
930.75,-0.111909,-60.1364
930.8,-0.111903,-60.142
930.85,-0.111905,-60.1476
930.9,-0.111917,-60.1532
930.95,-0.111913,-60.1588
931.0,-0.111921,-60.1644
931.05,-0.111924,-60.1699
931.1,-0.111927,-60.1755
931.15,-0.111936,-60.1811
931.2,-0.111944,-60.1867
931.25,-0.111963,-60.1923
931.3,-0.11197,-60.1979
931.35,-0.111986,-60.2035
931.4,-0.111979,-60.2091
931.45,-0.111997,-60.2147
931.5,-0.112012,-60.2203
931.55,-0.112017,-60.2259
931.6,-0.11201,-60.2315
931.65,-0.112022,-60.2371
931.7,-0.11203,-60.2427
931.75,-0.112028,-60.2483
931.8,-0.11203,-60.2539
931.85,-0.112038,-60.2595
931.9,-0.112028,-60.2651
931.95,-0.112032,-60.2707
932.0,-0.112042,-60.2763
932.05,-0.112042,-60.2819
932.1,-0.11205,-60.2876
932.15,-0.112062,-60.2932
932.2,-0.112059,-60.2988
932.25,-0.112064,-60.3044
932.3,-0.112069,-60.31
932.35,-0.112073,-60.3156
932.4,-0.112059,-60.3212
932.45,-0.112067,-60.3268
932.5,-0.112069,-60.3324
932.55,-0.112089,-60.338
932.6,-0.112093,-60.3436
932.65,-0.112101,-60.3492
932.7,-0.112101,-60.3548
932.75,-0.112107,-60.3604
932.8,-0.11211,-60.366
932.85,-0.112107,-60.3716
932.9,-0.112105,-60.3772
932.95,-0.112105,-60.3828
933.0,-0.112114,-60.3884
933.05,-0.112118,-60.394
933.1,-0.112131,-60.3996
933.15,-0.112144,-60.4052
933.2,-0.112143,-60.4109
933.25,-0.11214,-60.4165
933.3,-0.112155,-60.4221
933.35,-0.112156,-60.4277
933.4,-0.112157,-60.4333
933.45,-0.112157,-60.4389
933.5,-0.112162,-60.4445
933.55,-0.112178,-60.4501
933.6,-0.112175,-60.4557
933.65,-0.112174,-60.4613
933.7,-0.11217,-60.4669
933.75,-0.112172,-60.4725
933.8,-0.112189,-60.4782
933.85,-0.112188,-60.4838
933.9,-0.112199,-60.4894
933.95,-0.112197,-60.495
934.0,-0.112196,-60.5006
934.05,-0.112203,-60.5062
934.1,-0.112207,-60.5118
934.15,-0.11222,-60.5174
934.2,-0.112229,-60.523
934.25,-0.112226,-60.5286
934.3,-0.112227,-60.5343
934.35,-0.112228,-60.5399
934.4,-0.112228,-60.5455
934.45,-0.112241,-60.5511
934.5,-0.112236,-60.5567
934.55,-0.112235,-60.5623
934.6,-0.112242,-60.5679
934.65,-0.112266,-60.5735
934.7,-0.112262,-60.5792
934.75,-0.112267,-60.5848
934.8,-0.112272,-60.5904
934.85,-0.112284,-60.596
934.9,-0.112292,-60.6016
934.95,-0.112277,-60.6072
935.0,-0.112287,-60.6128
935.05,-0.112306,-60.6185
935.1,-0.112307,-60.6241
935.15,-0.112304,-60.6297
935.2,-0.112322,-60.6353
935.25,-0.112335,-60.6409
935.3,-0.112327,-60.6465
935.35,-0.11233,-60.6522
935.4,-0.112338,-60.6578
935.45,-0.112348,-60.6634
935.5,-0.112358,-60.669
935.55,-0.112365,-60.6746
935.6,-0.112373,-60.6802
935.65,-0.112387,-60.6859
935.7,-0.11238,-60.6915
935.75,-0.112387,-60.6971
935.8,-0.112387,-60.7027
935.85,-0.1124,-60.7083
935.9,-0.112408,-60.714
935.95,-0.112412,-60.7196
936.0,-0.112419,-60.7252
936.05,-0.112433,-60.7308
936.1,-0.112434,-60.7364
936.15,-0.112423,-60.7421
936.2,-0.112436,-60.7477
936.25,-0.112446,-60.7533
936.3,-0.11244,-60.7589
936.35,-0.112443,-60.7646
936.4,-0.112462,-60.7702
936.45,-0.112465,-60.7758
936.5,-0.11246,-60.7814
936.55,-0.11246,-60.787
936.6,-0.11246,-60.7927
936.65,-0.11249,-60.7983
936.7,-0.112489,-60.8039
936.75,-0.112488,-60.8095
936.8,-0.112495,-60.8152
936.85,-0.112489,-60.8208
936.9,-0.112501,-60.8264
936.95,-0.112514,-60.832
937.0,-0.11253,-60.8377
937.05,-0.112534,-60.8433
937.1,-0.11253,-60.8489
937.15,-0.112548,-60.8545
937.2,-0.112545,-60.8602
937.25,-0.112558,-60.8658
937.3,-0.112564,-60.8714
937.35,-0.11258,-60.8771
937.4,-0.112589,-60.8827
937.45,-0.112634,-60.8883
937.5,-0.112625,-60.894
937.55,-0.112621,-60.8996
937.6,-0.11262,-60.9052
937.65,-0.11263,-60.9108
937.7,-0.112635,-60.9165
937.75,-0.112639,-60.9221
937.8,-0.112644,-60.9277
937.85,-0.112645,-60.9334
937.9,-0.112651,-60.939
937.95,-0.11266,-60.9446
938.0,-0.112671,-60.9503
938.05,-0.112658,-60.9559
938.1,-0.112677,-60.9615
938.15,-0.112666,-60.9672
938.2,-0.112666,-60.9728
938.25,-0.112676,-60.9784
938.3,-0.112678,-60.9841
938.35,-0.11269,-60.9897
938.4,-0.112699,-60.9953
938.45,-0.112692,-61.001
938.5,-0.112707,-61.0066
938.55,-0.112711,-61.0122
938.6,-0.112725,-61.0179
938.65,-0.112723,-61.0235
938.7,-0.112721,-61.0292
938.75,-0.11273,-61.0348
938.8,-0.112729,-61.0404
938.85,-0.112732,-61.0461
938.9,-0.112721,-61.0517
938.95,-0.112742,-61.0573
939.0,-0.112747,-61.063
939.05,-0.112755,-61.0686
939.1,-0.112754,-61.0743
939.15,-0.11277,-61.0799
939.2,-0.112761,-61.0855
939.25,-0.112756,-61.0912
939.3,-0.112771,-61.0968
939.35,-0.112777,-61.1024
939.4,-0.112785,-61.1081
939.45,-0.112784,-61.1137
939.5,-0.112787,-61.1194
939.55,-0.112795,-61.125
939.6,-0.112789,-61.1306
939.65,-0.11279,-61.1363
939.7,-0.112801,-61.1419
939.75,-0.112809,-61.1476
939.8,-0.112813,-61.1532
939.85,-0.112831,-61.1588
939.9,-0.112823,-61.1645
939.95,-0.112837,-61.1701
940.0,-0.112836,-61.1758
940.05,-0.112841,-61.1814
940.1,-0.112858,-61.1871
940.15,-0.112863,-61.1927
940.2,-0.112863,-61.1983
940.25,-0.112878,-61.204
940.3,-0.112876,-61.2096
940.35,-0.112883,-61.2153
940.4,-0.112888,-61.2209
940.45,-0.112891,-61.2266
940.5,-0.112896,-61.2322
940.55,-0.11289,-61.2379
940.6,-0.112894,-61.2435
940.65,-0.112906,-61.2491
940.7,-0.1129,-61.2548
940.75,-0.1129,-61.2604
940.8,-0.112895,-61.2661
940.85,-0.11291,-61.2717
940.9,-0.112916,-61.2774
940.95,-0.112918,-61.283
941.0,-0.112919,-61.2887
941.05,-0.112929,-61.2943
941.1,-0.112934,-61.3
941.15,-0.112928,-61.3056
941.2,-0.112917,-61.3112
941.25,-0.112939,-61.3169
941.3,-0.112926,-61.3225
941.35,-0.112928,-61.3282
941.4,-0.11294,-61.3338
941.45,-0.112948,-61.3395
941.5,-0.112942,-61.3451
941.55,-0.112968,-61.3508
941.6,-0.112966,-61.3564
941.65,-0.112966,-61.3621
941.7,-0.112962,-61.3677
941.75,-0.112959,-61.3734
941.8,-0.112966,-61.379
941.85,-0.112972,-61.3847
941.9,-0.112989,-61.3903
941.95,-0.112998,-61.396
942.0,-0.112995,-61.4016
942.05,-0.112998,-61.4073
942.1,-0.112995,-61.4129
942.15,-0.11301,-61.4186
942.2,-0.113015,-61.4242
942.25,-0.113029,-61.4299
942.3,-0.113031,-61.4355
942.35,-0.113025,-61.4412
942.4,-0.113041,-61.4468
942.45,-0.113039,-61.4525
942.5,-0.113037,-61.4581
942.55,-0.113045,-61.4638
942.6,-0.113043,-61.4694
942.65,-0.113043,-61.4751
942.7,-0.113036,-61.4807
942.75,-0.113042,-61.4864
942.8,-0.113056,-61.492
942.85,-0.113063,-61.4977
942.9,-0.113061,-61.5033
942.95,-0.113066,-61.509
943.0,-0.113058,-61.5146
943.05,-0.11305,-61.5203
943.1,-0.113066,-61.526
943.15,-0.113077,-61.5316
943.2,-0.113072,-61.5373
943.25,-0.113071,-61.5429
943.3,-0.113072,-61.5486
943.35,-0.113057,-61.5542
943.4,-0.113064,-61.5599
943.45,-0.113062,-61.5655
943.5,-0.113071,-61.5712
943.55,-0.113071,-61.5768
943.6,-0.113088,-61.5825
943.65,-0.113086,-61.5881
943.7,-0.11309,-61.5938
943.75,-0.113085,-61.5995
943.8,-0.113075,-61.6051
943.85,-0.113085,-61.6108
943.9,-0.113098,-61.6164
943.95,-0.113113,-61.6221
944.0,-0.113103,-61.6277
944.05,-0.113109,-61.6334
944.1,-0.1131,-61.639
944.15,-0.113094,-61.6447
944.2,-0.113095,-61.6503
944.25,-0.113111,-61.656
944.3,-0.113111,-61.6617
944.35,-0.113093,-61.6673
944.4,-0.113107,-61.673
944.45,-0.113101,-61.6786
944.5,-0.113105,-61.6843
944.55,-0.113112,-61.6899
944.6,-0.113111,-61.6956
944.65,-0.113111,-61.7012
944.7,-0.11313,-61.7069
944.75,-0.113135,-61.7126
944.8,-0.113127,-61.7182
944.85,-0.113136,-61.7239
944.9,-0.113159,-61.7295
944.95,-0.113146,-61.7352
945.0,-0.113157,-61.7408
945.05,-0.113149,-61.7465
945.1,-0.113146,-61.7522
945.15,-0.113154,-61.7578
945.2,-0.113127,-61.7635
945.25,-0.113135,-61.7691
945.3,-0.113149,-61.7748
945.35,-0.113147,-61.7804
945.4,-0.113138,-61.7861
945.45,-0.113164,-61.7918
945.5,-0.113155,-61.7974
945.55,-0.113176,-61.8031
945.6,-0.113169,-61.8087
945.65,-0.113171,-61.8144
945.7,-0.113178,-61.8201
945.75,-0.113169,-61.8257
945.8,-0.113162,-61.8314
945.85,-0.113165,-61.837
945.9,-0.113163,-61.8427
945.95,-0.113158,-61.8483
946.0,-0.11317,-61.854
946.05,-0.113178,-61.8597
946.1,-0.113179,-61.8653
946.15,-0.113176,-61.871
946.2,-0.113172,-61.8766
946.25,-0.113165,-61.8823
946.3,-0.113173,-61.888
946.35,-0.113164,-61.8936
946.4,-0.113176,-61.8993
946.45,-0.11318,-61.9049
946.5,-0.113169,-61.9106
946.55,-0.113168,-61.9162
946.6,-0.113179,-61.9219
946.65,-0.113174,-61.9276
946.7,-0.113182,-61.9332
946.75,-0.113189,-61.9389
946.8,-0.113196,-61.9445
946.85,-0.113189,-61.9502
946.9,-0.113193,-61.9559
946.95,-0.113187,-61.9615
947.0,-0.113184,-61.9672
947.05,-0.113203,-61.9728
947.1,-0.113203,-61.9785
947.15,-0.113198,-61.9842
947.2,-0.113215,-61.9898
947.25,-0.113218,-61.9955
947.3,-0.113217,-62.0011
947.35,-0.113222,-62.0068
947.4,-0.113236,-62.0125
947.45,-0.113225,-62.0181
947.5,-0.11323,-62.0238
947.55,-0.113223,-62.0294
947.6,-0.113227,-62.0351
947.65,-0.113243,-62.0408
947.7,-0.113235,-62.0464
947.75,-0.113244,-62.0521
947.8,-0.113256,-62.0578
947.85,-0.113263,-62.0634
947.9,-0.113264,-62.0691
947.95,-0.113261,-62.0747
948.0,-0.11329,-62.0804
948.05,-0.113289,-62.0861
948.1,-0.113291,-62.0917
948.15,-0.113288,-62.0974
948.2,-0.113292,-62.1031
948.25,-0.113299,-62.1087
948.3,-0.11329,-62.1144
948.35,-0.113291,-62.1201
948.4,-0.113298,-62.1257
948.45,-0.113311,-62.1314
948.5,-0.113309,-62.1371
948.55,-0.113317,-62.1427
948.6,-0.113332,-62.1484
948.65,-0.113323,-62.1541
948.7,-0.113337,-62.1597
948.75,-0.113328,-62.1654
948.8,-0.11334,-62.1711
948.85,-0.113355,-62.1767
948.9,-0.113359,-62.1824
948.95,-0.113358,-62.1881
949.0,-0.113353,-62.1937
949.05,-0.113363,-62.1994
949.1,-0.113363,-62.2051
949.15,-0.113375,-62.2107
949.2,-0.113392,-62.2164
949.25,-0.113398,-62.2221
949.3,-0.113388,-62.2277
949.35,-0.113406,-62.2334
949.4,-0.113409,-62.2391
949.45,-0.113411,-62.2448
949.5,-0.113423,-62.2504
949.55,-0.113429,-62.2561
949.6,-0.113442,-62.2618
949.65,-0.113453,-62.2674
949.7,-0.113443,-62.2731
949.75,-0.113451,-62.2788
949.8,-0.113457,-62.2845
949.85,-0.113466,-62.2901
949.9,-0.113479,-62.2958
949.95,-0.113487,-62.3015
950.0,-0.113492,-62.3072
950.05,-0.113483,-62.3128
950.1,-0.113493,-62.3185
950.15,-0.113486,-62.3242
950.2,-0.113494,-62.3299
950.25,-0.113494,-62.3355
950.3,-0.113496,-62.3412
950.35,-0.11351,-62.3469
950.4,-0.113522,-62.3526
950.45,-0.113518,-62.3582
950.5,-0.113528,-62.3639
950.55,-0.113547,-62.3696
950.6,-0.113545,-62.3753
950.65,-0.113549,-62.3809
950.7,-0.113545,-62.3866
950.75,-0.113535,-62.3923
950.8,-0.113544,-62.398
950.85,-0.113542,-62.4036
950.9,-0.113553,-62.4093
950.95,-0.113555,-62.415
951.0,-0.113562,-62.4207
951.05,-0.113569,-62.4264
951.1,-0.113572,-62.432
951.15,-0.113573,-62.4377
951.2,-0.113574,-62.4434
951.25,-0.113602,-62.4491
951.3,-0.113599,-62.4548
951.35,-0.113598,-62.4604
951.4,-0.113604,-62.4661
951.45,-0.113589,-62.4718
951.5,-0.113602,-62.4775
951.55,-0.113607,-62.4832
951.6,-0.113612,-62.4888
951.65,-0.113617,-62.4945
951.7,-0.113633,-62.5002
951.75,-0.11363,-62.5059
951.8,-0.113633,-62.5116
951.85,-0.113629,-62.5172
951.9,-0.113634,-62.5229
951.95,-0.113645,-62.5286
952.0,-0.113641,-62.5343
952.05,-0.113646,-62.54
952.1,-0.113643,-62.5457
952.15,-0.113636,-62.5513
952.2,-0.113656,-62.557
952.25,-0.11366,-62.5627
952.3,-0.113663,-62.5684
952.35,-0.113659,-62.5741
952.4,-0.113682,-62.5798
952.45,-0.113686,-62.5854
952.5,-0.113671,-62.5911
952.55,-0.113688,-62.5968
952.6,-0.113694,-62.6025
952.65,-0.113695,-62.6082
952.7,-0.113703,-62.6139
952.75,-0.113708,-62.6195
952.8,-0.113718,-62.6252
952.85,-0.113721,-62.6309
952.9,-0.113728,-62.6366
952.95,-0.113726,-62.6423
953.0,-0.113733,-62.648
953.05,-0.113732,-62.6537
953.1,-0.113732,-62.6594
953.15,-0.113742,-62.665
953.2,-0.11374,-62.6707
953.25,-0.113734,-62.6764
953.3,-0.113737,-62.6821
953.35,-0.113751,-62.6878
953.4,-0.113755,-62.6935
953.45,-0.113768,-62.6992
953.5,-0.113768,-62.7048
953.55,-0.11375,-62.7105
953.6,-0.113768,-62.7162
953.65,-0.113768,-62.7219
953.7,-0.113777,-62.7276
953.75,-0.113776,-62.7333
953.8,-0.113768,-62.739
953.85,-0.113777,-62.7447
953.9,-0.113784,-62.7504
953.95,-0.113775,-62.756
954.0,-0.113776,-62.7617
954.05,-0.113781,-62.7674
954.1,-0.113776,-62.7731
954.15,-0.113783,-62.7788
954.2,-0.113794,-62.7845
954.25,-0.113793,-62.7902
954.3,-0.113799,-62.7959
954.35,-0.113812,-62.8016
954.4,-0.113817,-62.8073
954.45,-0.113813,-62.8129
954.5,-0.113817,-62.8186
954.55,-0.113812,-62.8243
954.6,-0.11381,-62.83
954.65,-0.113816,-62.8357
954.7,-0.113815,-62.8414
954.75,-0.113833,-62.8471
954.8,-0.113822,-62.8528
954.85,-0.113817,-62.8585
954.9,-0.113831,-62.8642
954.95,-0.113835,-62.8699
955.0,-0.113837,-62.8755
955.05,-0.113846,-62.8812
955.1,-0.113847,-62.8869
955.15,-0.113841,-62.8926
955.2,-0.113838,-62.8983
955.25,-0.113849,-62.904
955.3,-0.113851,-62.9097
955.35,-0.113855,-62.9154
955.4,-0.11385,-62.9211
955.45,-0.11387,-62.9268
955.5,-0.113874,-62.9325
955.55,-0.113893,-62.9382
955.6,-0.113904,-62.9439
955.65,-0.11391,-62.9496
955.7,-0.113896,-62.9553
955.75,-0.113904,-62.9609
955.8,-0.11392,-62.9666
955.85,-0.113918,-62.9723
955.9,-0.113936,-62.978
955.95,-0.113941,-62.9837
956.0,-0.113956,-62.9894
956.05,-0.113945,-62.9951
956.1,-0.113972,-63.0008
956.15,-0.113977,-63.0065
956.2,-0.113989,-63.0122
956.25,-0.114007,-63.0179
956.3,-0.114015,-63.0236
956.35,-0.114029,-63.0293
956.4,-0.114033,-63.035
956.45,-0.114031,-63.0407
956.5,-0.114041,-63.0464
956.55,-0.114042,-63.0521
956.6,-0.114051,-63.0578
956.65,-0.114049,-63.0635
956.7,-0.114059,-63.0692
956.75,-0.114057,-63.0749
956.8,-0.114055,-63.0807
956.85,-0.114053,-63.0864
956.9,-0.114062,-63.0921
956.95,-0.114067,-63.0978
957.0,-0.114052,-63.1035
957.05,-0.114055,-63.1092
957.1,-0.114068,-63.1149
957.15,-0.11406,-63.1206
957.2,-0.114066,-63.1263
957.25,-0.11406,-63.132
957.3,-0.114076,-63.1377
957.35,-0.114073,-63.1434
957.4,-0.114069,-63.1491
957.45,-0.114083,-63.1548
957.5,-0.114073,-63.1605
957.55,-0.114088,-63.1662
957.6,-0.114081,-63.1719
957.65,-0.114081,-63.1776
957.7,-0.114094,-63.1833
957.75,-0.114093,-63.189
957.8,-0.114086,-63.1947
957.85,-0.114095,-63.2004
957.9,-0.114082,-63.2061
957.95,-0.114096,-63.2118
958.0,-0.114097,-63.2175
958.05,-0.1141,-63.2232
958.1,-0.114089,-63.229
958.15,-0.114092,-63.2347
958.2,-0.114097,-63.2404
958.25,-0.114095,-63.2461
958.3,-0.114097,-63.2518
958.35,-0.114101,-63.2575
958.4,-0.114097,-63.2632
958.45,-0.114104,-63.2689
958.5,-0.114119,-63.2746
958.55,-0.114133,-63.2803
958.6,-0.11414,-63.286
958.65,-0.114156,-63.2917
958.7,-0.114177,-63.2974
958.75,-0.114177,-63.3031
958.8,-0.114182,-63.3088
958.85,-0.11419,-63.3145
958.9,-0.114206,-63.3203
958.95,-0.11421,-63.326
959.0,-0.114205,-63.3317
959.05,-0.114202,-63.3374
959.1,-0.114203,-63.3431
959.15,-0.114197,-63.3488
959.2,-0.114202,-63.3545
959.25,-0.114201,-63.3602
959.3,-0.114221,-63.3659
959.35,-0.114223,-63.3717
959.4,-0.114225,-63.3774
959.45,-0.114236,-63.3831
959.5,-0.114228,-63.3888
959.55,-0.11423,-63.3945
959.6,-0.114235,-63.4002
959.65,-0.11425,-63.4059
959.7,-0.114232,-63.4116
959.75,-0.114239,-63.4173
959.8,-0.114228,-63.4231
959.85,-0.114223,-63.4288
959.9,-0.114225,-63.4345
959.95,-0.114222,-63.4402
960.0,-0.114227,-63.4459
960.05,-0.114248,-63.4516
960.1,-0.114243,-63.4573
960.15,-0.114241,-63.463
960.2,-0.114255,-63.4688
960.25,-0.114241,-63.4745
960.3,-0.114234,-63.4802
960.35,-0.114253,-63.4859
960.4,-0.114262,-63.4916
960.45,-0.114281,-63.4973
960.5,-0.114283,-63.503
960.55,-0.114265,-63.5087
960.6,-0.114272,-63.5145
960.65,-0.114265,-63.5202
960.7,-0.114275,-63.5259
960.75,-0.114287,-63.5316
960.8,-0.114286,-63.5373
960.85,-0.114281,-63.543
960.9,-0.114288,-63.5487
960.95,-0.114292,-63.5545
961.0,-0.114292,-63.5602
961.05,-0.114285,-63.5659
961.1,-0.114286,-63.5716
961.15,-0.114291,-63.5773
961.2,-0.114297,-63.583
961.25,-0.114283,-63.5887
961.3,-0.114293,-63.5945
961.35,-0.114297,-63.6002
961.4,-0.114294,-63.6059
961.45,-0.114303,-63.6116
961.5,-0.114308,-63.6173
961.55,-0.114298,-63.623
961.6,-0.114296,-63.6287
961.65,-0.114302,-63.6345
961.7,-0.114301,-63.6402
961.75,-0.114305,-63.6459
961.8,-0.114307,-63.6516
961.85,-0.114322,-63.6573
961.9,-0.114315,-63.663
961.95,-0.114327,-63.6688
962.0,-0.114335,-63.6745
962.05,-0.11434,-63.6802
962.1,-0.114339,-63.6859
962.15,-0.11435,-63.6916
962.2,-0.114367,-63.6973
962.25,-0.114375,-63.7031
962.3,-0.114361,-63.7088
962.35,-0.114354,-63.7145
962.4,-0.114365,-63.7202
962.45,-0.114381,-63.7259
962.5,-0.114386,-63.7317
962.55,-0.114399,-63.7374
962.6,-0.114391,-63.7431
962.65,-0.114398,-63.7488
962.7,-0.114397,-63.7545
962.75,-0.114376,-63.7603
962.8,-0.1144,-63.766
962.85,-0.114406,-63.7717
962.9,-0.114412,-63.7774
962.95,-0.114411,-63.7831
963.0,-0.114405,-63.7888
963.05,-0.114417,-63.7946
963.1,-0.114425,-63.8003
963.15,-0.11441,-63.806
963.2,-0.114418,-63.8117
963.25,-0.114425,-63.8175
963.3,-0.114421,-63.8232
963.35,-0.114428,-63.8289
963.4,-0.114429,-63.8346
963.45,-0.114441,-63.8403
963.5,-0.114436,-63.8461
963.55,-0.114446,-63.8518
963.6,-0.114437,-63.8575
963.65,-0.114441,-63.8632
963.7,-0.114431,-63.8689
963.75,-0.114442,-63.8747
963.8,-0.114457,-63.8804
963.85,-0.114467,-63.8861
963.9,-0.114456,-63.8918
963.95,-0.114465,-63.8976
964.0,-0.114465,-63.9033
964.05,-0.114458,-63.909
964.1,-0.114446,-63.9147
964.15,-0.114446,-63.9205
964.2,-0.114454,-63.9262
964.25,-0.114465,-63.9319
964.3,-0.11447,-63.9376
964.35,-0.114462,-63.9433
964.4,-0.114462,-63.9491
964.45,-0.11447,-63.9548
964.5,-0.114481,-63.9605
964.55,-0.114499,-63.9662
964.6,-0.1145,-63.972
964.65,-0.114491,-63.9777
964.7,-0.114492,-63.9834
964.75,-0.114507,-63.9891
964.8,-0.114511,-63.9949
964.85,-0.114527,-64.0006
964.9,-0.114529,-64.0063
964.95,-0.114534,-64.012
965.0,-0.114555,-64.0178
965.05,-0.114561,-64.0235
965.1,-0.114563,-64.0292
965.15,-0.114574,-64.035
965.2,-0.114564,-64.0407
965.25,-0.114572,-64.0464
965.3,-0.114575,-64.0521
965.35,-0.114585,-64.0579
965.4,-0.114583,-64.0636
965.45,-0.114578,-64.0693
965.5,-0.114597,-64.0751
965.55,-0.114602,-64.0808
965.6,-0.114596,-64.0865
965.65,-0.1146,-64.0923
965.7,-0.114611,-64.098
965.75,-0.114615,-64.1037
965.8,-0.11462,-64.1094
965.85,-0.114632,-64.1152
965.9,-0.114629,-64.1209
965.95,-0.114645,-64.1266
966.0,-0.114646,-64.1324
966.05,-0.114645,-64.1381
966.1,-0.11465,-64.1438
966.15,-0.114649,-64.1496
966.2,-0.114655,-64.1553
966.25,-0.11465,-64.161
966.3,-0.114664,-64.1668
966.35,-0.114668,-64.1725
966.4,-0.114682,-64.1782
966.45,-0.114678,-64.184
966.5,-0.114681,-64.1897
966.55,-0.114684,-64.1954
966.6,-0.1147,-64.2012
966.65,-0.114693,-64.2069
966.7,-0.114699,-64.2126
966.75,-0.114699,-64.2184
966.8,-0.1147,-64.2241
966.85,-0.114709,-64.2299
966.9,-0.114709,-64.2356
966.95,-0.114713,-64.2413
967.0,-0.114726,-64.2471
967.05,-0.114732,-64.2528
967.1,-0.114744,-64.2585
967.15,-0.114754,-64.2643
967.2,-0.114753,-64.27
967.25,-0.114778,-64.2757
967.3,-0.114783,-64.2815
967.35,-0.114804,-64.2872
967.4,-0.114804,-64.293
967.45,-0.114805,-64.2987
967.5,-0.11482,-64.3044
967.55,-0.114825,-64.3102
967.6,-0.114825,-64.3159
967.65,-0.114857,-64.3217
967.7,-0.114874,-64.3274
967.75,-0.114869,-64.3332
967.8,-0.114869,-64.3389
967.85,-0.114883,-64.3446
967.9,-0.114908,-64.3504
967.95,-0.114925,-64.3561
968.0,-0.114928,-64.3619
968.05,-0.11494,-64.3676
968.1,-0.114944,-64.3734
968.15,-0.114929,-64.3791
968.2,-0.114935,-64.3849
968.25,-0.114944,-64.3906
968.3,-0.114939,-64.3964
968.35,-0.114947,-64.4021
968.4,-0.114973,-64.4079
968.45,-0.114975,-64.4136
968.5,-0.114977,-64.4194
968.55,-0.114976,-64.4251
968.6,-0.114965,-64.4309
968.65,-0.114969,-64.4366
968.7,-0.114974,-64.4424
968.75,-0.114973,-64.4481
968.8,-0.114968,-64.4538
968.85,-0.114975,-64.4596
968.9,-0.114989,-64.4653
968.95,-0.11499,-64.4711
969.0,-0.114997,-64.4768
969.05,-0.114995,-64.4826
969.1,-0.115,-64.4883
969.15,-0.114994,-64.4941
969.2,-0.115003,-64.4998
969.25,-0.114999,-64.5056
969.3,-0.115,-64.5113
969.35,-0.11501,-64.5171
969.4,-0.114999,-64.5229
969.45,-0.115019,-64.5286
969.5,-0.115032,-64.5343
969.55,-0.115028,-64.5401
969.6,-0.115027,-64.5459
969.65,-0.115034,-64.5516
969.7,-0.115032,-64.5574
969.75,-0.11504,-64.5631
969.8,-0.115059,-64.5689
969.85,-0.115059,-64.5746
969.9,-0.115066,-64.5804
969.95,-0.115068,-64.5861
970.0,-0.115074,-64.5919
970.05,-0.115065,-64.5976
970.1,-0.11507,-64.6034
970.15,-0.115076,-64.6091
970.2,-0.115071,-64.6149
970.25,-0.115076,-64.6206
970.3,-0.115087,-64.6264
970.35,-0.115091,-64.6321
970.4,-0.115093,-64.6379
970.45,-0.115087,-64.6437
970.5,-0.115092,-64.6494
970.55,-0.11508,-64.6552
970.6,-0.11509,-64.6609
970.65,-0.115092,-64.6667
970.7,-0.115084,-64.6724
970.75,-0.11509,-64.6782
970.8,-0.115092,-64.6839
970.85,-0.115101,-64.6897
970.9,-0.115112,-64.6954
970.95,-0.115123,-64.7012
971.0,-0.115115,-64.707
971.05,-0.115123,-64.7127
971.1,-0.115132,-64.7185
971.15,-0.115122,-64.7242
971.2,-0.115136,-64.73
971.25,-0.115135,-64.7357
971.3,-0.115127,-64.7415
971.35,-0.115126,-64.7473
971.4,-0.115131,-64.753
971.45,-0.115128,-64.7588
971.5,-0.115132,-64.7645
971.55,-0.115151,-64.7703
971.6,-0.115142,-64.776
971.65,-0.115148,-64.7818
971.7,-0.115151,-64.7876
971.75,-0.115164,-64.7933
971.8,-0.115168,-64.7991
971.85,-0.115159,-64.8048
971.9,-0.115162,-64.8106
971.95,-0.115166,-64.8163
972.0,-0.115168,-64.8221
972.05,-0.11517,-64.8279
972.1,-0.115187,-64.8336
972.15,-0.115184,-64.8394
972.2,-0.115183,-64.8451
972.25,-0.11519,-64.8509
972.3,-0.115177,-64.8567
972.35,-0.115188,-64.8624
972.4,-0.115185,-64.8682
972.45,-0.115182,-64.8739
972.5,-0.115187,-64.8797
972.55,-0.115197,-64.8855
972.6,-0.115191,-64.8912
972.65,-0.115211,-64.897
972.7,-0.115236,-64.9027
972.75,-0.115217,-64.9085
972.8,-0.115224,-64.9143
972.85,-0.115235,-64.92
972.9,-0.115241,-64.9258
972.95,-0.11527,-64.9315
973.0,-0.115258,-64.9373
973.05,-0.11525,-64.9431
973.1,-0.115249,-64.9488
973.15,-0.115249,-64.9546
973.2,-0.115249,-64.9604
973.25,-0.115253,-64.9661
973.3,-0.115262,-64.9719
973.35,-0.115271,-64.9777
973.4,-0.115285,-64.9834
973.45,-0.115294,-64.9892
973.5,-0.115315,-64.9949
973.55,-0.115309,-65.0007
973.6,-0.115312,-65.0065
973.65,-0.1153,-65.0122
973.7,-0.1153,-65.018
973.75,-0.115303,-65.0238
973.8,-0.115313,-65.0295
973.85,-0.115307,-65.0353
973.9,-0.115315,-65.0411
973.95,-0.115323,-65.0468
974.0,-0.115331,-65.0526
974.05,-0.115328,-65.0584
974.1,-0.115334,-65.0641
974.15,-0.115343,-65.0699
974.2,-0.11533,-65.0757
974.25,-0.115326,-65.0814
974.3,-0.11534,-65.0872
974.35,-0.115349,-65.093
974.4,-0.115352,-65.0987
974.45,-0.115335,-65.1045
974.5,-0.115355,-65.1103
974.55,-0.115358,-65.116
974.6,-0.115366,-65.1218
974.65,-0.11536,-65.1276
974.7,-0.115367,-65.1333
974.75,-0.115362,-65.1391
974.8,-0.115354,-65.1449
974.85,-0.115361,-65.1507
974.9,-0.115358,-65.1564
974.95,-0.115352,-65.1622
975.0,-0.115358,-65.168
975.05,-0.11536,-65.1737
975.1,-0.11536,-65.1795
975.15,-0.115371,-65.1853
975.2,-0.115371,-65.191
975.25,-0.115368,-65.1968
975.3,-0.115375,-65.2026
975.35,-0.115374,-65.2083
975.4,-0.115382,-65.2141
975.45,-0.115393,-65.2199
975.5,-0.115393,-65.2256
975.55,-0.115394,-65.2314
975.6,-0.115392,-65.2372
975.65,-0.115397,-65.243
975.7,-0.115396,-65.2487
975.75,-0.115411,-65.2545
975.8,-0.115412,-65.2603
975.85,-0.115426,-65.266
975.9,-0.115413,-65.2718
975.95,-0.115402,-65.2776
976.0,-0.11541,-65.2833
976.05,-0.115422,-65.2891
976.1,-0.115417,-65.2949
976.15,-0.115428,-65.3007
976.2,-0.115432,-65.3064
976.25,-0.11543,-65.3122
976.3,-0.115412,-65.318
976.35,-0.115413,-65.3237
976.4,-0.11542,-65.3295
976.45,-0.115424,-65.3353
976.5,-0.115431,-65.3411
976.55,-0.115443,-65.3468
976.6,-0.115439,-65.3526
976.65,-0.115444,-65.3584
976.7,-0.11544,-65.3641
976.75,-0.115436,-65.3699
976.8,-0.115433,-65.3757
976.85,-0.115437,-65.3815
976.9,-0.115439,-65.3872
976.95,-0.115442,-65.393
977.0,-0.115439,-65.3988
977.05,-0.115438,-65.4045
977.1,-0.115445,-65.4103
977.15,-0.115443,-65.4161
977.2,-0.115443,-65.4219
977.25,-0.11545,-65.4276
977.3,-0.115467,-65.4334
977.35,-0.115451,-65.4392
977.4,-0.11545,-65.445
977.45,-0.115466,-65.4507
977.5,-0.115469,-65.4565
977.55,-0.11548,-65.4623
977.6,-0.115488,-65.468
977.65,-0.115484,-65.4738
977.7,-0.115496,-65.4796
977.75,-0.1155,-65.4854
977.8,-0.115504,-65.4911
977.85,-0.115514,-65.4969
977.9,-0.11551,-65.5027
977.95,-0.115507,-65.5085
978.0,-0.115514,-65.5143
978.05,-0.115529,-65.52
978.1,-0.11552,-65.5258
978.15,-0.115531,-65.5316
978.2,-0.115535,-65.5374
978.25,-0.115534,-65.5431
978.3,-0.115532,-65.5489
978.35,-0.115524,-65.5547
978.4,-0.11554,-65.5605
978.45,-0.115546,-65.5662
978.5,-0.115544,-65.572
978.55,-0.115565,-65.5778
978.6,-0.11556,-65.5836
978.65,-0.115565,-65.5893
978.7,-0.115555,-65.5951
978.75,-0.115559,-65.6009
978.8,-0.11556,-65.6067
978.85,-0.115562,-65.6125
978.9,-0.115581,-65.6182
978.95,-0.115568,-65.624
979.0,-0.115559,-65.6298
979.05,-0.115559,-65.6356
979.1,-0.115547,-65.6413
979.15,-0.115546,-65.6471
979.2,-0.115565,-65.6529
979.25,-0.11556,-65.6587
979.3,-0.11556,-65.6645
979.35,-0.11555,-65.6702
979.4,-0.115548,-65.676
979.45,-0.11557,-65.6818
979.5,-0.115598,-65.6876
979.55,-0.115586,-65.6934
979.6,-0.115586,-65.6991
979.65,-0.115593,-65.7049
979.7,-0.115589,-65.7107
979.75,-0.115581,-65.7165
979.8,-0.115595,-65.7223
979.85,-0.115587,-65.728
979.9,-0.115594,-65.7338
979.95,-0.115606,-65.7396
980.0,-0.115594,-65.7454
980.05,-0.115602,-65.7512
980.1,-0.115605,-65.7569
980.15,-0.1156,-65.7627
980.2,-0.115608,-65.7685
980.25,-0.11561,-65.7743
980.3,-0.115624,-65.7801
980.35,-0.115629,-65.7858
980.4,-0.115622,-65.7916
980.45,-0.115628,-65.7974
980.5,-0.115636,-65.8032
980.55,-0.11564,-65.809
980.6,-0.115634,-65.8147
980.65,-0.115652,-65.8205
980.7,-0.115654,-65.8263
980.75,-0.115649,-65.8321
980.8,-0.115638,-65.8379
980.85,-0.115644,-65.8437
980.9,-0.115638,-65.8494
980.95,-0.115656,-65.8552
981.0,-0.115643,-65.861
981.05,-0.115653,-65.8668
981.1,-0.115664,-65.8726
981.15,-0.115681,-65.8784
981.2,-0.115679,-65.8841
981.25,-0.115667,-65.8899
981.3,-0.115688,-65.8957
981.35,-0.115687,-65.9015
981.4,-0.115687,-65.9073
981.45,-0.115674,-65.9131
981.5,-0.115668,-65.9188
981.55,-0.115681,-65.9246
981.6,-0.11567,-65.9304
981.65,-0.115669,-65.9362
981.7,-0.115691,-65.942
981.75,-0.115724,-65.9478
981.8,-0.115731,-65.9536
981.85,-0.115726,-65.9593
981.9,-0.11574,-65.9651
981.95,-0.115733,-65.9709
982.0,-0.115728,-65.9767
982.05,-0.115539,-65.9825
982.1,-0.115535,-65.9883
982.15,-0.115525,-65.994
982.2,-0.115544,-65.9998
982.25,-0.115547,-66.0056
982.3,-0.115565,-66.0114
982.35,-0.115574,-66.0171
982.4,-0.115587,-66.0229
982.45,-0.115582,-66.0287
982.5,-0.115592,-66.0345
982.55,-0.115594,-66.0403
982.6,-0.115586,-66.046
982.65,-0.115596,-66.0518
982.7,-0.115607,-66.0576
982.75,-0.115616,-66.0634
982.8,-0.115619,-66.0692
982.85,-0.115629,-66.0749
982.9,-0.11563,-66.0807
982.95,-0.115638,-66.0865
983.0,-0.115655,-66.0923
983.05,-0.115665,-66.0981
983.1,-0.115681,-66.1039
983.15,-0.115693,-66.1096
983.2,-0.115705,-66.1154
983.25,-0.115704,-66.1212
983.3,-0.11573,-66.127
983.35,-0.115734,-66.1328
983.4,-0.115766,-66.1386
983.45,-0.115777,-66.1444
983.5,-0.115789,-66.1501
983.55,-0.115795,-66.1559
983.6,-0.115802,-66.1617
983.65,-0.115809,-66.1675
983.7,-0.115815,-66.1733
983.75,-0.115809,-66.1791
983.8,-0.115824,-66.1849
983.85,-0.115826,-66.1907
983.9,-0.11582,-66.1965
983.95,-0.115828,-66.2023
984.0,-0.115837,-66.2081
984.05,-0.115829,-66.2138
984.1,-0.115843,-66.2196
984.15,-0.115849,-66.2254
984.2,-0.115849,-66.2312
984.25,-0.115849,-66.237
984.3,-0.115851,-66.2428
984.35,-0.115851,-66.2486
984.4,-0.115862,-66.2544
984.45,-0.115845,-66.2602
984.5,-0.115863,-66.266
984.55,-0.11586,-66.2718
984.6,-0.115855,-66.2776
984.65,-0.115854,-66.2834
984.7,-0.115864,-66.2891
984.75,-0.11587,-66.2949
984.8,-0.115871,-66.3007
984.85,-0.115895,-66.3065
984.9,-0.115893,-66.3123
984.95,-0.115887,-66.3181
985.0,-0.115893,-66.3239
985.05,-0.115896,-66.3297
985.1,-0.115902,-66.3355
985.15,-0.115911,-66.3413
985.2,-0.115914,-66.3471
985.25,-0.115922,-66.3529
985.3,-0.115922,-66.3587
985.35,-0.115929,-66.3645
985.4,-0.115934,-66.3703
985.45,-0.115958,-66.3761
985.5,-0.115941,-66.3819
985.55,-0.115951,-66.3877
985.6,-0.11596,-66.3935
985.65,-0.115961,-66.3993
985.7,-0.115966,-66.4051
985.75,-0.115975,-66.4109
985.8,-0.115984,-66.4167
985.85,-0.116004,-66.4225
985.9,-0.116014,-66.4283
985.95,-0.116007,-66.4341
986.0,-0.116035,-66.4399
986.05,-0.116031,-66.4457
986.1,-0.116049,-66.4515
986.15,-0.116055,-66.4573
986.2,-0.116058,-66.4631
986.25,-0.116075,-66.4689
986.3,-0.116084,-66.4747
986.35,-0.116079,-66.4805
986.4,-0.116078,-66.4863
986.45,-0.116079,-66.4921
986.5,-0.116089,-66.4979
986.55,-0.116091,-66.5037
986.6,-0.116094,-66.5095
986.65,-0.116091,-66.5153
986.7,-0.116096,-66.5211
986.75,-0.116108,-66.5269
986.8,-0.116105,-66.5327
986.85,-0.116112,-66.5385
986.9,-0.116129,-66.5443
986.95,-0.11614,-66.5502
987.0,-0.116134,-66.556
987.05,-0.116148,-66.5618
987.1,-0.116142,-66.5676
987.15,-0.116143,-66.5734
987.2,-0.116145,-66.5792
987.25,-0.116153,-66.585
987.3,-0.116173,-66.5908
987.35,-0.116173,-66.5966
987.4,-0.116172,-66.6024
987.45,-0.116174,-66.6082
987.5,-0.116177,-66.614
987.55,-0.116192,-66.6199
987.6,-0.116176,-66.6257
987.65,-0.116195,-66.6315
987.7,-0.116197,-66.6373
987.75,-0.116203,-66.6431
987.8,-0.116186,-66.6489
987.85,-0.116202,-66.6547
987.9,-0.116206,-66.6605
987.95,-0.116196,-66.6663
988.0,-0.116208,-66.6721
988.05,-0.116203,-66.6779
988.1,-0.116213,-66.6838
988.15,-0.116209,-66.6896
988.2,-0.11621,-66.6954
988.25,-0.116204,-66.7012
988.3,-0.116214,-66.707
988.35,-0.116224,-66.7128
988.4,-0.116225,-66.7186
988.45,-0.116209,-66.7244
988.5,-0.116213,-66.7302
988.55,-0.116209,-66.7361
988.6,-0.116214,-66.7419
988.65,-0.116238,-66.7477
988.7,-0.116241,-66.7535
988.75,-0.116248,-66.7593
988.8,-0.116253,-66.7651
988.85,-0.116243,-66.7709
988.9,-0.116243,-66.7767
988.95,-0.116245,-66.7825
989.0,-0.116248,-66.7884
989.05,-0.116253,-66.7942
989.1,-0.116256,-66.8
989.15,-0.116263,-66.8058
989.2,-0.116261,-66.8116
989.25,-0.116268,-66.8174
989.3,-0.116283,-66.8232
989.35,-0.116304,-66.8291
989.4,-0.116306,-66.8349
989.45,-0.116303,-66.8407
989.5,-0.11631,-66.8465
989.55,-0.116313,-66.8523
989.6,-0.116303,-66.8581
989.65,-0.116306,-66.8639
989.7,-0.116303,-66.8698
989.75,-0.116317,-66.8756
989.8,-0.116319,-66.8814
989.85,-0.116328,-66.8872
989.9,-0.116329,-66.893
989.95,-0.116338,-66.8988
990.0,-0.11634,-66.9047
990.05,-0.11635,-66.9105
990.1,-0.11636,-66.9163
990.15,-0.116363,-66.9221
990.2,-0.11638,-66.9279
990.25,-0.116369,-66.9338
990.3,-0.116373,-66.9396
990.35,-0.116381,-66.9454
990.4,-0.11638,-66.9512
990.45,-0.116381,-66.957
990.5,-0.116396,-66.9629
990.55,-0.116396,-66.9687
990.6,-0.116402,-66.9745
990.65,-0.116406,-66.9803
990.7,-0.116406,-66.9861
990.75,-0.116422,-66.992
990.8,-0.11643,-66.9978
990.85,-0.116432,-67.0036
990.9,-0.116435,-67.0094
990.95,-0.116437,-67.0152
991.0,-0.116443,-67.0211
991.05,-0.116442,-67.0269
991.1,-0.116456,-67.0327
991.15,-0.116459,-67.0385
991.2,-0.116461,-67.0443
991.25,-0.116456,-67.0502
991.3,-0.116452,-67.056
991.35,-0.11645,-67.0618
991.4,-0.116464,-67.0676
991.45,-0.116454,-67.0735
991.5,-0.116462,-67.0793
991.55,-0.116463,-67.0851
991.6,-0.11646,-67.0909
991.65,-0.116456,-67.0968
991.7,-0.116457,-67.1026
991.75,-0.116464,-67.1084
991.8,-0.11647,-67.1142
991.85,-0.116475,-67.12
991.9,-0.116478,-67.1259
991.95,-0.116479,-67.1317
992.0,-0.116482,-67.1375
992.05,-0.116491,-67.1433
992.1,-0.116484,-67.1492
992.15,-0.116489,-67.155
992.2,-0.116491,-67.1608
992.25,-0.116501,-67.1666
992.3,-0.116492,-67.1725
992.35,-0.116474,-67.1783
992.4,-0.116472,-67.1841
992.45,-0.116486,-67.1899
992.5,-0.116504,-67.1958
992.55,-0.116512,-67.2016
992.6,-0.116522,-67.2074
992.65,-0.116543,-67.2132
992.7,-0.116532,-67.2191
992.75,-0.116532,-67.2249
992.8,-0.116551,-67.2307
992.85,-0.116554,-67.2365
992.9,-0.116561,-67.2424
992.95,-0.116544,-67.2482
993.0,-0.116548,-67.254
993.05,-0.116538,-67.2599
993.1,-0.116545,-67.2657
993.15,-0.116546,-67.2715
993.2,-0.116553,-67.2773
993.25,-0.116542,-67.2832
993.3,-0.116552,-67.289
993.35,-0.116556,-67.2948
993.4,-0.116548,-67.3007
993.45,-0.11655,-67.3065
993.5,-0.116545,-67.3123
993.55,-0.116545,-67.3181
993.6,-0.11655,-67.324
993.65,-0.116548,-67.3298
993.7,-0.116549,-67.3356
993.75,-0.116568,-67.3414
993.8,-0.116564,-67.3473
993.85,-0.116561,-67.3531
993.9,-0.116581,-67.3589
993.95,-0.116595,-67.3648
994.0,-0.116586,-67.3706
994.05,-0.116588,-67.3764
994.1,-0.11658,-67.3822
994.15,-0.116573,-67.3881
994.2,-0.116576,-67.3939
994.25,-0.116584,-67.3997
994.3,-0.116586,-67.4056
994.35,-0.116592,-67.4114
994.4,-0.116595,-67.4172
994.45,-0.116604,-67.4231
994.5,-0.116598,-67.4289
994.55,-0.1166,-67.4347
994.6,-0.116615,-67.4405
994.65,-0.116608,-67.4464
994.7,-0.116617,-67.4522
994.75,-0.116621,-67.458
994.8,-0.116616,-67.4639
994.85,-0.116623,-67.4697
994.9,-0.116621,-67.4755
994.95,-0.11662,-67.4814
995.0,-0.116632,-67.4872
995.05,-0.116624,-67.493
995.1,-0.116628,-67.4989
995.15,-0.116627,-67.5047
995.2,-0.11663,-67.5105
995.25,-0.116639,-67.5163
995.3,-0.116632,-67.5222
995.35,-0.116639,-67.528
995.4,-0.116641,-67.5338
995.45,-0.116641,-67.5397
995.5,-0.116651,-67.5455
995.55,-0.11664,-67.5513
995.6,-0.116644,-67.5572
995.65,-0.116646,-67.563
995.7,-0.116652,-67.5688
995.75,-0.116654,-67.5747
995.8,-0.116672,-67.5805
995.85,-0.11667,-67.5863
995.9,-0.116672,-67.5922
995.95,-0.116675,-67.598
996.0,-0.116674,-67.6038
996.05,-0.116686,-67.6097
996.1,-0.116688,-67.6155
996.15,-0.116701,-67.6213
996.2,-0.116692,-67.6272
996.25,-0.116674,-67.633
996.3,-0.116694,-67.6388
996.35,-0.116695,-67.6447
996.4,-0.116703,-67.6505
996.45,-0.116707,-67.6564
996.5,-0.116694,-67.6622
996.55,-0.116708,-67.668
996.6,-0.116697,-67.6739
996.65,-0.1167,-67.6797
996.7,-0.116708,-67.6855
996.75,-0.116703,-67.6914
996.8,-0.116708,-67.6972
996.85,-0.116721,-67.703
996.9,-0.116717,-67.7089
996.95,-0.116722,-67.7147
997.0,-0.116717,-67.7205
997.05,-0.116707,-67.7264
997.1,-0.116717,-67.7322
997.15,-0.116718,-67.7381
997.2,-0.116741,-67.7439
997.25,-0.11674,-67.7497
997.3,-0.116731,-67.7556
997.35,-0.116737,-67.7614
997.4,-0.116741,-67.7672
997.45,-0.116747,-67.7731
997.5,-0.116725,-67.7789
997.55,-0.116745,-67.7847
997.6,-0.116753,-67.7906
997.65,-0.116759,-67.7964
997.7,-0.116738,-67.8023
997.75,-0.116764,-67.8081
997.8,-0.116768,-67.8139
997.85,-0.116747,-67.8198
997.9,-0.116752,-67.8256
997.95,-0.116758,-67.8315
998.0,-0.116759,-67.8373
998.05,-0.116762,-67.8431
998.1,-0.116771,-67.849
998.15,-0.11678,-67.8548
998.2,-0.116784,-67.8606
998.25,-0.116784,-67.8665
998.3,-0.11679,-67.8723
998.35,-0.116796,-67.8782
998.4,-0.116792,-67.884
998.45,-0.116819,-67.8898
998.5,-0.116811,-67.8957
998.55,-0.116813,-67.9015
998.6,-0.116812,-67.9074
998.65,-0.116808,-67.9132
998.7,-0.116836,-67.919
998.75,-0.116832,-67.9249
998.8,-0.116824,-67.9307
998.85,-0.116839,-67.9366
998.9,-0.116852,-67.9424
998.95,-0.116847,-67.9482
999.0,-0.11686,-67.9541
999.05,-0.116867,-67.9599
999.1,-0.116859,-67.9658
999.15,-0.116881,-67.9716
999.2,-0.116883,-67.9775
999.25,-0.116908,-67.9833
999.3,-0.116917,-67.9892
999.35,-0.116917,-67.995
999.4,-0.116915,-68.0009
999.45,-0.11693,-68.0067
999.5,-0.116933,-68.0126
999.55,-0.116944,-68.0184
999.6,-0.116964,-68.0242
999.65,-0.116983,-68.0301
999.7,-0.116979,-68.0359
999.75,-0.116993,-68.0418
999.8,-0.116991,-68.0476
999.85,-0.117006,-68.0535
999.9,-0.117005,-68.0593
999.95,-0.117005,-68.0652
1000.0,-0.117016,-68.071
1000.05,-0.117012,-68.0769
1000.1,-0.117018,-68.0827
1000.15,-0.11702,-68.0886
1000.2,-0.117032,-68.0944
1000.25,-0.117034,-68.1003
1000.3,-0.11705,-68.1061
1000.35,-0.11705,-68.112
1000.4,-0.117053,-68.1179
1000.45,-0.117054,-68.1237
1000.5,-0.117049,-68.1296
1000.55,-0.117046,-68.1354
1000.6,-0.117058,-68.1413
1000.65,-0.11705,-68.1471
1000.7,-0.117046,-68.153
1000.75,-0.117049,-68.1588
1000.8,-0.117056,-68.1647
1000.85,-0.117054,-68.1705
1000.9,-0.117074,-68.1764
1000.95,-0.117085,-68.1822
1001.0,-0.117082,-68.1881
1001.05,-0.117071,-68.1939
1001.1,-0.117069,-68.1998
1001.15,-0.117055,-68.2057
1001.2,-0.117061,-68.2115
1001.25,-0.117067,-68.2174
1001.3,-0.117069,-68.2232
1001.35,-0.117068,-68.2291
1001.4,-0.117084,-68.2349
1001.45,-0.117081,-68.2408
1001.5,-0.11709,-68.2466
1001.55,-0.117085,-68.2525
1001.6,-0.117104,-68.2583
1001.65,-0.117101,-68.2642
1001.7,-0.117099,-68.27
1001.75,-0.117081,-68.2759
1001.8,-0.117081,-68.2818
1001.85,-0.11709,-68.2876
1001.9,-0.117089,-68.2935
1001.95,-0.117089,-68.2993
1002.0,-0.117105,-68.3052
1002.05,-0.117113,-68.311
1002.1,-0.117106,-68.3169
1002.15,-0.117115,-68.3227
1002.2,-0.117117,-68.3286
1002.25,-0.117126,-68.3344
1002.3,-0.117134,-68.3403
1002.35,-0.117143,-68.3462
1002.4,-0.117137,-68.352
1002.45,-0.117126,-68.3579
1002.5,-0.117128,-68.3637
1002.55,-0.117126,-68.3696
1002.6,-0.117132,-68.3755
1002.65,-0.117145,-68.3813
1002.7,-0.11713,-68.3872
1002.75,-0.117146,-68.393
1002.8,-0.117158,-68.3989
1002.85,-0.117153,-68.4047
1002.9,-0.117153,-68.4106
1002.95,-0.117141,-68.4165
1003.0,-0.117166,-68.4223
1003.05,-0.117168,-68.4282
1003.1,-0.117167,-68.434
1003.15,-0.117169,-68.4399
1003.2,-0.117161,-68.4457
1003.25,-0.117161,-68.4516
1003.3,-0.117167,-68.4575
1003.35,-0.117183,-68.4633
1003.4,-0.117197,-68.4692
1003.45,-0.117228,-68.475
1003.5,-0.117238,-68.4809
1003.55,-0.117236,-68.4868
1003.6,-0.117249,-68.4926
1003.65,-0.117244,-68.4985
1003.7,-0.117241,-68.5043
1003.75,-0.117256,-68.5102
1003.8,-0.117239,-68.5161
1003.85,-0.117263,-68.5219
1003.9,-0.117262,-68.5278
1003.95,-0.117266,-68.5337
1004.0,-0.117277,-68.5395
1004.05,-0.117269,-68.5454
1004.1,-0.117265,-68.5513
1004.15,-0.117284,-68.5571
1004.2,-0.117291,-68.563
1004.25,-0.117305,-68.5688
1004.3,-0.117309,-68.5747
1004.35,-0.117291,-68.5806
1004.4,-0.1173,-68.5864
1004.45,-0.117296,-68.5923
1004.5,-0.117304,-68.5982
1004.55,-0.117304,-68.604
1004.6,-0.117305,-68.6099
1004.65,-0.117319,-68.6158
1004.7,-0.117318,-68.6216
1004.75,-0.117321,-68.6275
1004.8,-0.11733,-68.6334
1004.85,-0.117343,-68.6392
1004.9,-0.117326,-68.6451
1004.95,-0.117331,-68.651
1005.0,-0.117342,-68.6568
1005.05,-0.117336,-68.6627
1005.1,-0.117359,-68.6686
1005.15,-0.117365,-68.6744
1005.2,-0.117364,-68.6803
1005.25,-0.117363,-68.6862
1005.3,-0.117373,-68.692
1005.35,-0.117364,-68.6979
1005.4,-0.117372,-68.7038
1005.45,-0.117383,-68.7096
1005.5,-0.11738,-68.7155
1005.55,-0.117374,-68.7214
1005.6,-0.117372,-68.7272
1005.65,-0.117378,-68.7331
1005.7,-0.117382,-68.739
1005.75,-0.117395,-68.7449
1005.8,-0.117399,-68.7507
1005.85,-0.117397,-68.7566
1005.9,-0.117404,-68.7625
1005.95,-0.117401,-68.7683
1006.0,-0.117398,-68.7742
1006.05,-0.117396,-68.7801
1006.1,-0.117404,-68.7859
1006.15,-0.117415,-68.7918
1006.2,-0.117419,-68.7977
1006.25,-0.117422,-68.8036
1006.3,-0.117415,-68.8094
1006.35,-0.117417,-68.8153
1006.4,-0.117416,-68.8212
1006.45,-0.117426,-68.827
1006.5,-0.117422,-68.8329
1006.55,-0.117442,-68.8388
1006.6,-0.117439,-68.8447
1006.65,-0.117441,-68.8505
1006.7,-0.117448,-68.8564
1006.75,-0.117453,-68.8623
1006.8,-0.117446,-68.8681
1006.85,-0.117464,-68.874
1006.9,-0.117449,-68.8799
1006.95,-0.117458,-68.8858
1007.0,-0.117461,-68.8916
1007.05,-0.117459,-68.8975
1007.1,-0.117467,-68.9034
1007.15,-0.117479,-68.9093
1007.2,-0.117493,-68.9151
1007.25,-0.117498,-68.921
1007.3,-0.117506,-68.9269
1007.35,-0.117489,-68.9328
1007.4,-0.1175,-68.9386
1007.45,-0.117489,-68.9445
1007.5,-0.117498,-68.9504
1007.55,-0.117486,-68.9563
1007.6,-0.117495,-68.9621
1007.65,-0.117493,-68.968
1007.7,-0.117493,-68.9739
1007.75,-0.117494,-68.9798
1007.8,-0.117506,-68.9856
1007.85,-0.117495,-68.9915
1007.9,-0.117515,-68.9974
1007.95,-0.11752,-69.0033
1008.0,-0.117515,-69.0091
1008.05,-0.117512,-69.015
1008.1,-0.11751,-69.0209
1008.15,-0.117522,-69.0268
1008.2,-0.117514,-69.0326
1008.25,-0.117513,-69.0385
1008.3,-0.11751,-69.0444
1008.35,-0.117519,-69.0503
1008.4,-0.117516,-69.0561
1008.45,-0.117515,-69.062
1008.5,-0.117511,-69.0679
1008.55,-0.117503,-69.0738
1008.6,-0.117508,-69.0796
1008.65,-0.117506,-69.0855
1008.7,-0.117521,-69.0914
1008.75,-0.11751,-69.0973
1008.8,-0.117505,-69.1031
1008.85,-0.117499,-69.109
1008.9,-0.117504,-69.1149
1008.95,-0.117513,-69.1208
1009.0,-0.117491,-69.1266
1009.05,-0.117502,-69.1325
1009.1,-0.117506,-69.1384
1009.15,-0.117514,-69.1443
1009.2,-0.117503,-69.1501
1009.25,-0.117504,-69.156
1009.3,-0.117504,-69.1619
1009.35,-0.1175,-69.1678
1009.4,-0.117491,-69.1736
1009.45,-0.117496,-69.1795
1009.5,-0.1175,-69.1854
1009.55,-0.117512,-69.1913
1009.6,-0.117524,-69.1972
1009.65,-0.117544,-69.203
1009.7,-0.117547,-69.2089
1009.75,-0.117554,-69.2148
1009.8,-0.117563,-69.2207
1009.85,-0.117575,-69.2265
1009.9,-0.117576,-69.2324
1009.95,-0.117581,-69.2383
1010.0,-0.117586,-69.2442
1010.05,-0.117604,-69.2501
1010.1,-0.11761,-69.2559
1010.15,-0.117607,-69.2618
1010.2,-0.117613,-69.2677
1010.25,-0.117616,-69.2736
1010.3,-0.117613,-69.2795
1010.35,-0.117628,-69.2853
1010.4,-0.117621,-69.2912
1010.45,-0.117635,-69.2971
1010.5,-0.117627,-69.303
1010.55,-0.11762,-69.3089
1010.6,-0.117626,-69.3148
1010.65,-0.117628,-69.3206
1010.7,-0.117635,-69.3265
1010.75,-0.117654,-69.3324
1010.8,-0.117651,-69.3383
1010.85,-0.117657,-69.3442
1010.9,-0.11766,-69.35
1010.95,-0.117667,-69.3559
1011.0,-0.11767,-69.3618
1011.05,-0.117667,-69.3677
1011.1,-0.117668,-69.3736
1011.15,-0.117679,-69.3795
1011.2,-0.117672,-69.3853
1011.25,-0.117666,-69.3912
1011.3,-0.11766,-69.3971
1011.35,-0.11768,-69.403
1011.4,-0.117665,-69.4089
1011.45,-0.117669,-69.4148
1011.5,-0.11767,-69.4206
1011.55,-0.117676,-69.4265
1011.6,-0.11768,-69.4324
1011.65,-0.117682,-69.4383
1011.7,-0.117677,-69.4442
1011.75,-0.117692,-69.4501
1011.8,-0.11768,-69.4559
1011.85,-0.117693,-69.4618
1011.9,-0.117682,-69.4677
1011.95,-0.11768,-69.4736
1012.0,-0.117693,-69.4795
1012.05,-0.117682,-69.4854
1012.1,-0.117702,-69.4913
1012.15,-0.1177,-69.4971
1012.2,-0.117683,-69.503
1012.25,-0.117669,-69.5089
1012.3,-0.117693,-69.5148
1012.35,-0.117689,-69.5207
1012.4,-0.117703,-69.5266
1012.45,-0.117721,-69.5324
1012.5,-0.117716,-69.5383
1012.55,-0.117718,-69.5442
1012.6,-0.117706,-69.5501
1012.65,-0.117707,-69.556
1012.7,-0.117708,-69.5619
1012.75,-0.117705,-69.5678
1012.8,-0.117733,-69.5736
1012.85,-0.117736,-69.5795
1012.9,-0.117737,-69.5854
1012.95,-0.117726,-69.5913
1013.0,-0.117725,-69.5972
1013.05,-0.117728,-69.6031
1013.1,-0.117729,-69.609
1013.15,-0.117726,-69.6149
1013.2,-0.117735,-69.6207
1013.25,-0.117737,-69.6266
1013.3,-0.117736,-69.6325
1013.35,-0.11774,-69.6384
1013.4,-0.11773,-69.6443
1013.45,-0.117747,-69.6502
1013.5,-0.11775,-69.6561
1013.55,-0.11775,-69.6619
1013.6,-0.117747,-69.6678
1013.65,-0.11775,-69.6737
1013.7,-0.117756,-69.6796
1013.75,-0.117752,-69.6855
1013.8,-0.117748,-69.6914
1013.85,-0.117769,-69.6973
1013.9,-0.117766,-69.7032
1013.95,-0.117766,-69.7091
1014.0,-0.117777,-69.7149
1014.05,-0.11778,-69.7208
1014.1,-0.117792,-69.7267
1014.15,-0.117791,-69.7326
1014.2,-0.1178,-69.7385
1014.25,-0.117801,-69.7444
1014.3,-0.117813,-69.7503
1014.35,-0.117812,-69.7562
1014.4,-0.117806,-69.7621
1014.45,-0.117802,-69.768
1014.5,-0.117813,-69.7738
1014.55,-0.11781,-69.7797
1014.6,-0.117818,-69.7856
1014.65,-0.117819,-69.7915
1014.7,-0.117821,-69.7974
1014.75,-0.117826,-69.8033
1014.8,-0.117825,-69.8092
1014.85,-0.117836,-69.8151
1014.9,-0.117845,-69.821
1014.95,-0.117852,-69.8269
1015.0,-0.117875,-69.8328
1015.05,-0.117891,-69.8387
1015.1,-0.117905,-69.8445
1015.15,-0.117901,-69.8504
1015.2,-0.117903,-69.8563
1015.25,-0.117905,-69.8622
1015.3,-0.117904,-69.8681
1015.35,-0.117899,-69.874
1015.4,-0.117902,-69.8799
1015.45,-0.117902,-69.8858
1015.5,-0.117902,-69.8917
1015.55,-0.117915,-69.8976
1015.6,-0.117914,-69.9035
1015.65,-0.11792,-69.9094
1015.7,-0.117924,-69.9153
1015.75,-0.117923,-69.9212
1015.8,-0.117936,-69.9271
1015.85,-0.117929,-69.933
1015.9,-0.117935,-69.9389
1015.95,-0.117925,-69.9448
1016.0,-0.117924,-69.9507
1016.05,-0.117922,-69.9566
1016.1,-0.117934,-69.9625
1016.15,-0.117933,-69.9684
1016.2,-0.117941,-69.9743
1016.25,-0.117951,-69.9802
1016.3,-0.117953,-69.9861
1016.35,-0.117957,-69.992
1016.4,-0.117969,-69.9978
1016.45,-0.117963,-70.0037
1016.5,-0.117969,-70.0096
1016.55,-0.117974,-70.0155
1016.6,-0.117983,-70.0214
1016.65,-0.117985,-70.0273
1016.7,-0.117989,-70.0332
1016.75,-0.117992,-70.0391
1016.8,-0.117987,-70.045
1016.85,-0.117974,-70.0509
1016.9,-0.117977,-70.0568
1016.95,-0.117998,-70.0627
1017.0,-0.118006,-70.0686
1017.05,-0.118005,-70.0745
1017.1,-0.118,-70.0804
1017.15,-0.117996,-70.0863
1017.2,-0.118002,-70.0922
1017.25,-0.118002,-70.0981
1017.3,-0.118018,-70.104
1017.35,-0.118018,-70.1099
1017.4,-0.118027,-70.1158
1017.45,-0.118028,-70.1217
1017.5,-0.118029,-70.1276
1017.55,-0.118031,-70.1335
1017.6,-0.11803,-70.1395
1017.65,-0.118028,-70.1453
1017.7,-0.118039,-70.1513
1017.75,-0.118034,-70.1572
1017.8,-0.118047,-70.1631
1017.85,-0.118048,-70.169
1017.9,-0.118047,-70.1749
1017.95,-0.118052,-70.1808
1018.0,-0.118066,-70.1867
1018.05,-0.118071,-70.1926
1018.1,-0.118076,-70.1985
1018.15,-0.118091,-70.2044
1018.2,-0.118089,-70.2103
1018.25,-0.118091,-70.2162
1018.3,-0.118086,-70.2221
1018.35,-0.11809,-70.228
1018.4,-0.118104,-70.2339
1018.45,-0.118102,-70.2398
1018.5,-0.11811,-70.2457
1018.55,-0.118108,-70.2516
1018.6,-0.118118,-70.2575
1018.65,-0.118116,-70.2634
1018.7,-0.118133,-70.2693
1018.75,-0.118134,-70.2752
1018.8,-0.118134,-70.2812
1018.85,-0.118147,-70.2871
1018.9,-0.118139,-70.293
1018.95,-0.118142,-70.2989
1019.0,-0.118153,-70.3048
1019.05,-0.118171,-70.3107
1019.1,-0.118178,-70.3166
1019.15,-0.11818,-70.3225
1019.2,-0.118187,-70.3284
1019.25,-0.118192,-70.3343
1019.3,-0.118203,-70.3402
1019.35,-0.118209,-70.3461
1019.4,-0.118218,-70.3521
1019.45,-0.118226,-70.358
1019.5,-0.11823,-70.3639
1019.55,-0.118243,-70.3698
1019.6,-0.118244,-70.3757
1019.65,-0.118252,-70.3816
1019.7,-0.118256,-70.3875
1019.75,-0.118263,-70.3934
1019.8,-0.118267,-70.3994
1019.85,-0.118272,-70.4053
1019.9,-0.118279,-70.4112
1019.95,-0.118276,-70.4171
1020.0,-0.118279,-70.423
1020.05,-0.118287,-70.4289
1020.1,-0.118297,-70.4348
1020.15,-0.1183,-70.4408
1020.2,-0.118306,-70.4467
1020.25,-0.118304,-70.4526
1020.3,-0.118305,-70.4585
1020.35,-0.118319,-70.4644
1020.4,-0.118303,-70.4703
1020.45,-0.11832,-70.4762
1020.5,-0.11833,-70.4822
1020.55,-0.11834,-70.4881
1020.6,-0.118346,-70.494
1020.65,-0.118342,-70.4999
1020.7,-0.118347,-70.5058
1020.75,-0.11834,-70.5117
1020.8,-0.118371,-70.5177
1020.85,-0.118377,-70.5236
1020.9,-0.118368,-70.5295
1020.95,-0.118365,-70.5354
1021.0,-0.118352,-70.5413
1021.05,-0.118359,-70.5473
1021.1,-0.11835,-70.5532
1021.15,-0.118355,-70.5591
1021.2,-0.118371,-70.565
1021.25,-0.118386,-70.5709
1021.3,-0.118383,-70.5769
1021.35,-0.118368,-70.5828
1021.4,-0.118391,-70.5887
1021.45,-0.118399,-70.5946
1021.5,-0.11841,-70.6005
1021.55,-0.118407,-70.6064
1021.6,-0.118405,-70.6124
1021.65,-0.118417,-70.6183
1021.7,-0.11841,-70.6242
1021.75,-0.118406,-70.6301
1021.8,-0.118416,-70.636
1021.85,-0.118432,-70.642
1021.9,-0.118425,-70.6479
1021.95,-0.11842,-70.6538
1022.0,-0.118434,-70.6597
1022.05,-0.118434,-70.6657
1022.1,-0.118444,-70.6716
1022.15,-0.118443,-70.6775
1022.2,-0.118456,-70.6834
1022.25,-0.118465,-70.6893
1022.3,-0.118466,-70.6953
1022.35,-0.118472,-70.7012
1022.4,-0.118474,-70.7071
1022.45,-0.118484,-70.713
1022.5,-0.118483,-70.719
1022.55,-0.118487,-70.7249
1022.6,-0.118491,-70.7308
1022.65,-0.118505,-70.7367
1022.7,-0.118511,-70.7427
1022.75,-0.118491,-70.7486
1022.8,-0.118496,-70.7545
1022.85,-0.118506,-70.7604
1022.9,-0.11851,-70.7664
1022.95,-0.118521,-70.7723
1023.0,-0.118516,-70.7782
1023.05,-0.118523,-70.7841
1023.1,-0.11853,-70.7901
1023.15,-0.118524,-70.796
1023.2,-0.118535,-70.8019
1023.25,-0.118543,-70.8079
1023.3,-0.118552,-70.8138
1023.35,-0.118549,-70.8197
1023.4,-0.118556,-70.8256
1023.45,-0.118553,-70.8316
1023.5,-0.118548,-70.8375
1023.55,-0.118563,-70.8434
1023.6,-0.118555,-70.8493
1023.65,-0.118559,-70.8553
1023.7,-0.118571,-70.8612
1023.75,-0.118561,-70.8671
1023.8,-0.118564,-70.8731
1023.85,-0.118563,-70.879
1023.9,-0.118557,-70.8849
1023.95,-0.118566,-70.8908
1024.0,-0.118582,-70.8968
1024.05,-0.118577,-70.9027
1024.1,-0.118575,-70.9086
1024.15,-0.118582,-70.9146
1024.2,-0.118583,-70.9205
1024.25,-0.118584,-70.9264
1024.3,-0.118596,-70.9324
1024.35,-0.118599,-70.9383
1024.4,-0.118592,-70.9442
1024.45,-0.118587,-70.9501
1024.5,-0.1186,-70.9561
1024.55,-0.118594,-70.962
1024.6,-0.118596,-70.9679
1024.65,-0.1186,-70.9739
1024.7,-0.118598,-70.9798
1024.75,-0.118594,-70.9857
1024.8,-0.118588,-70.9916
1024.85,-0.118591,-70.9976
1024.9,-0.118603,-71.0035
1024.95,-0.118592,-71.0094
1025.0,-0.118599,-71.0154
1025.05,-0.118609,-71.0213
1025.1,-0.118612,-71.0272
1025.15,-0.11862,-71.0332
1025.2,-0.11861,-71.0391
1025.25,-0.118609,-71.045
1025.3,-0.11862,-71.0509
1025.35,-0.118626,-71.0569
1025.4,-0.118616,-71.0628
1025.45,-0.118627,-71.0687
1025.5,-0.11862,-71.0747
1025.55,-0.118623,-71.0806
1025.6,-0.118622,-71.0865
1025.65,-0.118638,-71.0925
1025.7,-0.118641,-71.0984
1025.75,-0.118641,-71.1043
1025.8,-0.118636,-71.1103
1025.85,-0.118646,-71.1162
1025.9,-0.118628,-71.1221
1025.95,-0.118639,-71.1281
1026.0,-0.118631,-71.134
1026.05,-0.118638,-71.1399
1026.1,-0.118634,-71.1459
1026.15,-0.118632,-71.1518
1026.2,-0.118636,-71.1577
1026.25,-0.118632,-71.1637
1026.3,-0.118638,-71.1696
1026.35,-0.118647,-71.1755
1026.4,-0.11865,-71.1814
1026.45,-0.118642,-71.1874
1026.5,-0.118641,-71.1933
1026.55,-0.11864,-71.1992
1026.6,-0.118639,-71.2052
1026.65,-0.118629,-71.2111
1026.7,-0.118628,-71.217
1026.75,-0.118625,-71.223
1026.8,-0.118625,-71.2289
1026.85,-0.118634,-71.2348
1026.9,-0.118639,-71.2408
1026.95,-0.118639,-71.2467
1027.0,-0.118638,-71.2526
1027.05,-0.118623,-71.2586
1027.1,-0.118643,-71.2645
1027.15,-0.118642,-71.2704
1027.2,-0.118645,-71.2764
1027.25,-0.118651,-71.2823
1027.3,-0.118646,-71.2882
1027.35,-0.118651,-71.2942
1027.4,-0.118649,-71.3001
1027.45,-0.118653,-71.306
1027.5,-0.118651,-71.312
1027.55,-0.11866,-71.3179
1027.6,-0.11866,-71.3238
1027.65,-0.118652,-71.3298
1027.7,-0.118647,-71.3357
1027.75,-0.118649,-71.3416
1027.8,-0.118653,-71.3475
1027.85,-0.118643,-71.3535
1027.9,-0.118642,-71.3594
1027.95,-0.118641,-71.3653
1028.0,-0.118646,-71.3713
1028.05,-0.118647,-71.3772
1028.1,-0.118651,-71.3831
1028.15,-0.118651,-71.3891
1028.2,-0.118659,-71.395
1028.25,-0.118674,-71.4009
1028.3,-0.118667,-71.4069
1028.35,-0.118665,-71.4128
1028.4,-0.118672,-71.4187
1028.45,-0.118667,-71.4247
1028.5,-0.118665,-71.4306
1028.55,-0.118664,-71.4365
1028.6,-0.118657,-71.4425
1028.65,-0.118653,-71.4484
1028.7,-0.11865,-71.4543
1028.75,-0.118648,-71.4603
1028.8,-0.118656,-71.4662
1028.85,-0.118659,-71.4721
1028.9,-0.118662,-71.4781
1028.95,-0.118666,-71.484
1029.0,-0.11866,-71.4899
1029.05,-0.118659,-71.4959
1029.1,-0.118661,-71.5018
1029.15,-0.118666,-71.5077
1029.2,-0.118666,-71.5137
1029.25,-0.118671,-71.5196
1029.3,-0.118667,-71.5255
1029.35,-0.118673,-71.5315
1029.4,-0.118645,-71.5374
1029.45,-0.11865,-71.5433
1029.5,-0.118648,-71.5493
1029.55,-0.118654,-71.5552
1029.6,-0.118653,-71.5611
1029.65,-0.118669,-71.5671
1029.7,-0.118672,-71.573
1029.75,-0.118664,-71.5789
1029.8,-0.118669,-71.5849
1029.85,-0.118675,-71.5908
1029.9,-0.118681,-71.5967
1029.95,-0.118687,-71.6027
1030.0,-0.118686,-71.6086
1030.05,-0.118696,-71.6145
1030.1,-0.118694,-71.6205
1030.15,-0.118698,-71.6264
1030.2,-0.118701,-71.6323
1030.25,-0.118713,-71.6383
1030.3,-0.118715,-71.6442
1030.35,-0.118713,-71.6501
1030.4,-0.118713,-71.6561
1030.45,-0.118711,-71.662
1030.5,-0.118721,-71.668
1030.55,-0.118724,-71.6739
1030.6,-0.118719,-71.6798
1030.65,-0.118728,-71.6858
1030.7,-0.118729,-71.6917
1030.75,-0.118741,-71.6976
1030.8,-0.11874,-71.7036
1030.85,-0.118746,-71.7095
1030.9,-0.118752,-71.7154
1030.95,-0.118761,-71.7214
1031.0,-0.118771,-71.7273
1031.05,-0.118775,-71.7333
1031.1,-0.118782,-71.7392
1031.15,-0.118779,-71.7451
1031.2,-0.118764,-71.7511
1031.25,-0.118777,-71.757
1031.3,-0.118778,-71.763
1031.35,-0.118776,-71.7689
1031.4,-0.118775,-71.7748
1031.45,-0.118782,-71.7808
1031.5,-0.118788,-71.7867
1031.55,-0.118808,-71.7926
1031.6,-0.118803,-71.7986
1031.65,-0.118831,-71.8045
1031.7,-0.118828,-71.8105
1031.75,-0.118831,-71.8164
1031.8,-0.118832,-71.8224
1031.85,-0.118829,-71.8283
1031.9,-0.118839,-71.8342
1031.95,-0.118849,-71.8402
1032.0,-0.118847,-71.8461
1032.05,-0.118855,-71.8521
1032.1,-0.118864,-71.858
1032.15,-0.118879,-71.864
1032.2,-0.118878,-71.8699
1032.25,-0.118871,-71.8758
1032.3,-0.118873,-71.8818
1032.35,-0.118885,-71.8877
1032.4,-0.118895,-71.8937
1032.45,-0.118896,-71.8996
1032.5,-0.1189,-71.9056
1032.55,-0.118913,-71.9115
1032.6,-0.118917,-71.9175
1032.65,-0.11892,-71.9234
1032.7,-0.118941,-71.9294
1032.75,-0.118943,-71.9353
1032.8,-0.11895,-71.9412
1032.85,-0.118966,-71.9472
1032.9,-0.118965,-71.9531
1032.95,-0.118976,-71.9591
1033.0,-0.118994,-71.965
1033.05,-0.119008,-71.971
1033.1,-0.11903,-71.9769
1033.15,-0.11903,-71.9829
1033.2,-0.119044,-71.9888
1033.25,-0.119041,-71.9948
1033.3,-0.119057,-72.0007
1033.35,-0.119064,-72.0067
1033.4,-0.119067,-72.0127
1033.45,-0.119079,-72.0186
1033.5,-0.119088,-72.0246
1033.55,-0.119088,-72.0305
1033.6,-0.119099,-72.0365
1033.65,-0.119102,-72.0424
1033.7,-0.119099,-72.0484
1033.75,-0.119106,-72.0543
1033.8,-0.119106,-72.0603
1033.85,-0.119113,-72.0663
1033.9,-0.11911,-72.0722
1033.95,-0.119124,-72.0782
1034.0,-0.119134,-72.0841
1034.05,-0.119156,-72.0901
1034.1,-0.119149,-72.096
1034.15,-0.119153,-72.102
1034.2,-0.119162,-72.1079
1034.25,-0.119156,-72.1139
1034.3,-0.119152,-72.1199
1034.35,-0.11915,-72.1258
1034.4,-0.119154,-72.1318
1034.45,-0.119155,-72.1377
1034.5,-0.119162,-72.1437
1034.55,-0.119163,-72.1497
1034.6,-0.11916,-72.1556
1034.65,-0.119162,-72.1616
1034.7,-0.119163,-72.1675
1034.75,-0.11916,-72.1735
1034.8,-0.11917,-72.1794
1034.85,-0.119175,-72.1854
1034.9,-0.119176,-72.1914
1034.95,-0.119177,-72.1973
1035.0,-0.119182,-72.2033
1035.05,-0.119183,-72.2092
1035.1,-0.119191,-72.2152
1035.15,-0.119207,-72.2212
1035.2,-0.119208,-72.2271
1035.25,-0.119203,-72.2331
1035.3,-0.119205,-72.239
1035.35,-0.119199,-72.245
1035.4,-0.119206,-72.251
1035.45,-0.119212,-72.2569
1035.5,-0.119212,-72.2629
1035.55,-0.119222,-72.2688
1035.6,-0.119231,-72.2748
1035.65,-0.119224,-72.2808
1035.7,-0.119224,-72.2867
1035.75,-0.119227,-72.2927
1035.8,-0.119222,-72.2987
1035.85,-0.119247,-72.3046
1035.9,-0.119247,-72.3106
1035.95,-0.11926,-72.3165
1036.0,-0.119261,-72.3225
1036.05,-0.119253,-72.3285
1036.1,-0.119252,-72.3344
1036.15,-0.119251,-72.3404
1036.2,-0.119243,-72.3464
1036.25,-0.11924,-72.3523
1036.3,-0.119239,-72.3583
1036.35,-0.119237,-72.3642
1036.4,-0.119262,-72.3702
1036.45,-0.119267,-72.3762
1036.5,-0.119274,-72.3821
1036.55,-0.11927,-72.3881
1036.6,-0.119291,-72.3941
1036.65,-0.119295,-72.4
1036.7,-0.119284,-72.406
1036.75,-0.119285,-72.4119
1036.8,-0.119297,-72.4179
1036.85,-0.119282,-72.4239
1036.9,-0.119298,-72.4298
1036.95,-0.119293,-72.4358
1037.0,-0.119285,-72.4418
1037.05,-0.119293,-72.4477
1037.1,-0.119298,-72.4537
1037.15,-0.119292,-72.4597
1037.2,-0.119304,-72.4656
1037.25,-0.119309,-72.4716
1037.3,-0.119321,-72.4776
1037.35,-0.119318,-72.4835
1037.4,-0.119319,-72.4895
1037.45,-0.119301,-72.4955
1037.5,-0.1193,-72.5014
1037.55,-0.119304,-72.5074
1037.6,-0.119315,-72.5134
1037.65,-0.119309,-72.5193
1037.7,-0.119305,-72.5253
1037.75,-0.119328,-72.5313
1037.8,-0.119311,-72.5372
1037.85,-0.11932,-72.5432
1037.9,-0.119328,-72.5491
1037.95,-0.119332,-72.5551
1038.0,-0.119329,-72.5611
1038.05,-0.119341,-72.567
1038.1,-0.119337,-72.573
1038.15,-0.119331,-72.579
1038.2,-0.119336,-72.585
1038.25,-0.119325,-72.5909
1038.3,-0.119329,-72.5969
1038.35,-0.119324,-72.6029
1038.4,-0.119334,-72.6088
1038.45,-0.119333,-72.6148
1038.5,-0.119339,-72.6208
1038.55,-0.119332,-72.6267
1038.6,-0.119328,-72.6327
1038.65,-0.119344,-72.6386
1038.7,-0.119341,-72.6446
1038.75,-0.119338,-72.6506
1038.8,-0.119327,-72.6565
1038.85,-0.119323,-72.6625
1038.9,-0.11932,-72.6685
1038.95,-0.119317,-72.6744
1039.0,-0.119333,-72.6804
1039.05,-0.119349,-72.6864
1039.1,-0.119337,-72.6923
1039.15,-0.119335,-72.6983
1039.2,-0.119344,-72.7043
1039.25,-0.11935,-72.7103
1039.3,-0.119346,-72.7162
1039.35,-0.119355,-72.7222
1039.4,-0.119359,-72.7281
1039.45,-0.11936,-72.7341
1039.5,-0.119344,-72.7401
1039.55,-0.119349,-72.7461
1039.6,-0.119346,-72.752
1039.65,-0.119359,-72.758
1039.7,-0.119358,-72.764
1039.75,-0.119355,-72.7699
1039.8,-0.11936,-72.7759
1039.85,-0.119362,-72.7819
1039.9,-0.119371,-72.7878
1039.95,-0.119373,-72.7938
1040.0,-0.119375,-72.7998
1040.05,-0.119376,-72.8057
1040.1,-0.119375,-72.8117
1040.15,-0.119373,-72.8177
1040.2,-0.119376,-72.8236
1040.25,-0.119369,-72.8296
1040.3,-0.119374,-72.8356
1040.35,-0.119381,-72.8416
1040.4,-0.11939,-72.8475
1040.45,-0.119389,-72.8535
1040.5,-0.119387,-72.8595
1040.55,-0.119381,-72.8654
1040.6,-0.119388,-72.8714
1040.65,-0.119382,-72.8774
1040.7,-0.119376,-72.8833
1040.75,-0.119389,-72.8893
1040.8,-0.119392,-72.8953
1040.85,-0.119388,-72.9012
1040.9,-0.119386,-72.9072
1040.95,-0.11939,-72.9132
1041.0,-0.119401,-72.9192
1041.05,-0.119414,-72.9251
1041.1,-0.119413,-72.9311
1041.15,-0.119405,-72.9371
1041.2,-0.119411,-72.943
1041.25,-0.119413,-72.949
1041.3,-0.119406,-72.955
1041.35,-0.119407,-72.9609
1041.4,-0.119403,-72.9669
1041.45,-0.119411,-72.9729
1041.5,-0.119419,-72.9789
1041.55,-0.119426,-72.9848
1041.6,-0.119424,-72.9908
1041.65,-0.119424,-72.9968
1041.7,-0.119422,-73.0027
1041.75,-0.119423,-73.0087
1041.8,-0.119424,-73.0147
1041.85,-0.119428,-73.0207
1041.9,-0.119411,-73.0266
1041.95,-0.119415,-73.0326
1042.0,-0.119412,-73.0386
1042.05,-0.119406,-73.0445
1042.1,-0.11941,-73.0505
1042.15,-0.119423,-73.0565
1042.2,-0.119426,-73.0624
1042.25,-0.119433,-73.0684
1042.3,-0.119446,-73.0744
1042.35,-0.119444,-73.0804
1042.4,-0.11944,-73.0863
1042.45,-0.119456,-73.0923
1042.5,-0.119469,-73.0983
1042.55,-0.119465,-73.1043
1042.6,-0.119455,-73.1102
1042.65,-0.119454,-73.1162
1042.7,-0.119468,-73.1222
1042.75,-0.119469,-73.1282
1042.8,-0.119471,-73.1341
1042.85,-0.11949,-73.1401
1042.9,-0.119498,-73.1461
1042.95,-0.119494,-73.152
1043.0,-0.119494,-73.158
1043.05,-0.11948,-73.164
1043.1,-0.119491,-73.17
1043.15,-0.119492,-73.1759
1043.2,-0.119499,-73.1819
1043.25,-0.119506,-73.1879
1043.3,-0.119513,-73.1939
1043.35,-0.1195,-73.1998
1043.4,-0.119496,-73.2058
1043.45,-0.119513,-73.2118
1043.5,-0.11952,-73.2178
1043.55,-0.119522,-73.2237
1043.6,-0.119521,-73.2297
1043.65,-0.119528,-73.2357
1043.7,-0.119538,-73.2417
1043.75,-0.119534,-73.2477
1043.8,-0.119531,-73.2536
1043.85,-0.119532,-73.2596
1043.9,-0.119538,-73.2656
1043.95,-0.11954,-73.2716
1044.0,-0.119545,-73.2775
1044.05,-0.119554,-73.2835
1044.1,-0.119548,-73.2895
1044.15,-0.119552,-73.2955
1044.2,-0.119545,-73.3015
1044.25,-0.119554,-73.3074
1044.3,-0.119548,-73.3134
1044.35,-0.119557,-73.3194
1044.4,-0.119545,-73.3254
1044.45,-0.119565,-73.3313
1044.5,-0.119562,-73.3373
1044.55,-0.119573,-73.3433
1044.6,-0.119575,-73.3493
1044.65,-0.119586,-73.3553
1044.7,-0.119598,-73.3612
1044.75,-0.119588,-73.3672
1044.8,-0.119597,-73.3732
1044.85,-0.119596,-73.3792
1044.9,-0.119601,-73.3852
1044.95,-0.119601,-73.3911
1045.0,-0.119608,-73.3971
1045.05,-0.119614,-73.4031
1045.1,-0.119617,-73.4091
1045.15,-0.11961,-73.4151
1045.2,-0.119611,-73.421
1045.25,-0.119629,-73.427
1045.3,-0.119627,-73.433
1045.35,-0.119627,-73.439
1045.4,-0.119631,-73.445
1045.45,-0.119641,-73.4509
1045.5,-0.119659,-73.4569
1045.55,-0.119672,-73.4629
1045.6,-0.119673,-73.4689
1045.65,-0.119684,-73.4749
1045.7,-0.119671,-73.4809
1045.75,-0.119686,-73.4868
1045.8,-0.119674,-73.4928
1045.85,-0.119676,-73.4988
1045.9,-0.119687,-73.5048
1045.95,-0.119683,-73.5108
1046.0,-0.119686,-73.5168
1046.05,-0.119686,-73.5228
1046.1,-0.119693,-73.5287
1046.15,-0.119697,-73.5347
1046.2,-0.119706,-73.5407
1046.25,-0.119711,-73.5467
1046.3,-0.119714,-73.5527
1046.35,-0.119739,-73.5587
1046.4,-0.119737,-73.5647
1046.45,-0.119736,-73.5706
1046.5,-0.119751,-73.5766
1046.55,-0.11975,-73.5826
1046.6,-0.11977,-73.5886
1046.65,-0.119764,-73.5946
1046.7,-0.11977,-73.6006
1046.75,-0.119772,-73.6066
1046.8,-0.119779,-73.6126
1046.85,-0.119773,-73.6185
1046.9,-0.119777,-73.6245
1046.95,-0.119783,-73.6305
1047.0,-0.119789,-73.6365
1047.05,-0.119797,-73.6425
1047.1,-0.119797,-73.6485
1047.15,-0.119798,-73.6545
1047.2,-0.119796,-73.6605
1047.25,-0.119805,-73.6665
1047.3,-0.119803,-73.6724
1047.35,-0.119807,-73.6784
1047.4,-0.119821,-73.6844
1047.45,-0.119829,-73.6904
1047.5,-0.119834,-73.6964
1047.55,-0.119829,-73.7024
1047.6,-0.119819,-73.7084
1047.65,-0.11981,-73.7144
1047.7,-0.119809,-73.7204
1047.75,-0.119822,-73.7264
1047.8,-0.119821,-73.7324
1047.85,-0.119819,-73.7383
1047.9,-0.11981,-73.7443
1047.95,-0.119809,-73.7503
1048.0,-0.119822,-73.7563
1048.05,-0.11982,-73.7623
1048.1,-0.119827,-73.7683
1048.15,-0.119828,-73.7743
1048.2,-0.119834,-73.7803
1048.25,-0.119823,-73.7863
1048.3,-0.119827,-73.7923
1048.35,-0.11982,-73.7983
1048.4,-0.119832,-73.8043
1048.45,-0.119837,-73.8102
1048.5,-0.119841,-73.8162
1048.55,-0.119851,-73.8222
1048.6,-0.119832,-73.8282
1048.65,-0.119833,-73.8342
1048.7,-0.119837,-73.8402
1048.75,-0.11984,-73.8462
1048.8,-0.119837,-73.8522
1048.85,-0.119827,-73.8582
1048.9,-0.119834,-73.8642
1048.95,-0.119826,-73.8702
1049.0,-0.119823,-73.8762
1049.05,-0.11983,-73.8821
1049.1,-0.119841,-73.8881
1049.15,-0.119846,-73.8941
1049.2,-0.119844,-73.9001
1049.25,-0.119851,-73.9061
1049.3,-0.119848,-73.9121
1049.35,-0.119842,-73.9181
1049.4,-0.119844,-73.9241
1049.45,-0.119839,-73.9301
1049.5,-0.119853,-73.9361
1049.55,-0.119839,-73.9421
1049.6,-0.119842,-73.9481
1049.65,-0.119832,-73.954
1049.7,-0.119835,-73.96
1049.75,-0.11983,-73.966
1049.8,-0.119815,-73.972
1049.85,-0.119829,-73.978
1049.9,-0.119828,-73.984
1049.95,-0.119826,-73.99
1050.0,-0.11982,-73.996
1050.05,-0.119821,-74.002
1050.1,-0.119812,-74.008
1050.15,-0.119806,-74.014
1050.2,-0.119814,-74.02
1050.25,-0.119811,-74.0259
1050.3,-0.119811,-74.0319
1050.35,-0.119819,-74.0379
1050.4,-0.119819,-74.0439
1050.45,-0.119814,-74.0499
1050.5,-0.11982,-74.0559
1050.55,-0.119816,-74.0619
1050.6,-0.119822,-74.0679
1050.65,-0.119811,-74.0739
1050.7,-0.119825,-74.0799
1050.75,-0.11982,-74.0859
1050.8,-0.119825,-74.0918
1050.85,-0.11982,-74.0978
1050.9,-0.119823,-74.1038
1050.95,-0.119812,-74.1098
1051.0,-0.119809,-74.1158
1051.05,-0.119815,-74.1218
1051.1,-0.119804,-74.1278
1051.15,-0.119818,-74.1338
1051.2,-0.119825,-74.1398
1051.25,-0.119826,-74.1458
1051.3,-0.119849,-74.1518
1051.35,-0.119878,-74.1577
1051.4,-0.119887,-74.1637
1051.45,-0.119884,-74.1697
1051.5,-0.119876,-74.1757
1051.55,-0.119881,-74.1817
1051.6,-0.119893,-74.1877
1051.65,-0.119886,-74.1937
1051.7,-0.11989,-74.1997
1051.75,-0.119884,-74.2057
1051.8,-0.119889,-74.2117
1051.85,-0.119886,-74.2177
1051.9,-0.119887,-74.2237
1051.95,-0.119902,-74.2297
1052.0,-0.119892,-74.2357
1052.05,-0.11991,-74.2417
1052.1,-0.119913,-74.2477
1052.15,-0.119897,-74.2537
1052.2,-0.119915,-74.2597
1052.25,-0.119924,-74.2657
1052.3,-0.119914,-74.2717
1052.35,-0.119919,-74.2776
1052.4,-0.119915,-74.2836
1052.45,-0.119894,-74.2896
1052.5,-0.119908,-74.2956
1052.55,-0.119904,-74.3016
1052.6,-0.119921,-74.3076
1052.65,-0.119933,-74.3136
1052.7,-0.119928,-74.3196
1052.75,-0.119922,-74.3256
1052.8,-0.11993,-74.3316
1052.85,-0.119923,-74.3376
1052.9,-0.11993,-74.3436
1052.95,-0.119936,-74.3496
1053.0,-0.119942,-74.3556
1053.05,-0.119955,-74.3616
1053.1,-0.119953,-74.3676
1053.15,-0.11995,-74.3736
1053.2,-0.11995,-74.3796
1053.25,-0.119957,-74.3856
1053.3,-0.119976,-74.3916
1053.35,-0.119966,-74.3976
1053.4,-0.119961,-74.4036
1053.45,-0.119945,-74.4096
1053.5,-0.119947,-74.4156
1053.55,-0.119949,-74.4216
1053.6,-0.119955,-74.4276
1053.65,-0.119975,-74.4336
1053.7,-0.119981,-74.4396
1053.75,-0.119987,-74.4456
1053.8,-0.119988,-74.4516
1053.85,-0.119993,-74.4576
1053.9,-0.119991,-74.4636
1053.95,-0.12001,-74.4696
1054.0,-0.120016,-74.4756
1054.05,-0.120024,-74.4816
1054.1,-0.12002,-74.4876
1054.15,-0.120033,-74.4936
1054.2,-0.120029,-74.4996
1054.25,-0.120031,-74.5056
1054.3,-0.120037,-74.5116
1054.35,-0.120042,-74.5176
1054.4,-0.120061,-74.5236
1054.45,-0.120065,-74.5296
1054.5,-0.120077,-74.5356
1054.55,-0.120067,-74.5416
1054.6,-0.120087,-74.5476
1054.65,-0.120076,-74.5536
1054.7,-0.120107,-74.5596
1054.75,-0.120112,-74.5656
1054.8,-0.120122,-74.5716
1054.85,-0.120119,-74.5776
1054.9,-0.120124,-74.5836
1054.95,-0.120125,-74.5896
1055.0,-0.120133,-74.5956
1055.05,-0.120138,-74.6016
1055.1,-0.120151,-74.6077
1055.15,-0.120152,-74.6137
1055.2,-0.120171,-74.6197
1055.25,-0.120166,-74.6257
1055.3,-0.120179,-74.6317
1055.35,-0.120179,-74.6377
1055.4,-0.120188,-74.6437
1055.45,-0.120201,-74.6497
1055.5,-0.120211,-74.6557
1055.55,-0.120213,-74.6617
1055.6,-0.120214,-74.6677
1055.65,-0.120214,-74.6738
1055.7,-0.120219,-74.6798
1055.75,-0.120241,-74.6858
1055.8,-0.120245,-74.6918
1055.85,-0.120242,-74.6978
1055.9,-0.120239,-74.7038
1055.95,-0.120239,-74.7098
1056.0,-0.120262,-74.7158
1056.05,-0.120265,-74.7219
1056.1,-0.120275,-74.7279
1056.15,-0.120282,-74.7339
1056.2,-0.120279,-74.7399
1056.25,-0.12029,-74.7459
1056.3,-0.120286,-74.7519
1056.35,-0.120283,-74.7579
1056.4,-0.120292,-74.764
1056.45,-0.120297,-74.77
1056.5,-0.120295,-74.776
1056.55,-0.120307,-74.782
1056.6,-0.120305,-74.788
1056.65,-0.120299,-74.794
1056.7,-0.120289,-74.8
1056.75,-0.120295,-74.8061
1056.8,-0.120306,-74.8121
1056.85,-0.120311,-74.8181
1056.9,-0.120323,-74.8241
1056.95,-0.120323,-74.8301
1057.0,-0.120326,-74.8361
1057.05,-0.120342,-74.8422
1057.1,-0.120339,-74.8482
1057.15,-0.120336,-74.8542
1057.2,-0.120347,-74.8602
1057.25,-0.120343,-74.8662
1057.3,-0.120357,-74.8722
1057.35,-0.120361,-74.8783
1057.4,-0.12036,-74.8843
1057.45,-0.120361,-74.8903
1057.5,-0.120366,-74.8963
1057.55,-0.120388,-74.9023
1057.6,-0.120402,-74.9084
1057.65,-0.120404,-74.9144
1057.7,-0.120421,-74.9204
1057.75,-0.12043,-74.9264
1057.8,-0.120452,-74.9324
1057.85,-0.12047,-74.9385
1057.9,-0.120478,-74.9445
1057.95,-0.120496,-74.9505
1058.0,-0.120503,-74.9565
1058.05,-0.120514,-74.9626
1058.1,-0.120525,-74.9686
1058.15,-0.120531,-74.9746
1058.2,-0.120545,-74.9806
1058.25,-0.12054,-74.9867
1058.3,-0.120561,-74.9927
1058.35,-0.12057,-74.9987
1058.4,-0.12055,-75.0048
1058.45,-0.120554,-75.0108
1058.5,-0.120557,-75.0168
1058.55,-0.120572,-75.0228
1058.6,-0.120587,-75.0289
1058.65,-0.120586,-75.0349
1058.7,-0.120604,-75.0409
1058.75,-0.120603,-75.047
1058.8,-0.120602,-75.053
1058.85,-0.1206,-75.059
1058.9,-0.120615,-75.065
1058.95,-0.120628,-75.0711
1059.0,-0.120631,-75.0771
1059.05,-0.120624,-75.0831
1059.1,-0.120631,-75.0892
1059.15,-0.120629,-75.0952
1059.2,-0.120634,-75.1012
1059.25,-0.120628,-75.1073
1059.3,-0.120628,-75.1133
1059.35,-0.12064,-75.1193
1059.4,-0.12066,-75.1254
1059.45,-0.120673,-75.1314
1059.5,-0.120672,-75.1374
1059.55,-0.120677,-75.1435
1059.6,-0.120681,-75.1495
1059.65,-0.120681,-75.1555
1059.7,-0.120687,-75.1616
1059.75,-0.120692,-75.1676
1059.8,-0.120699,-75.1736
1059.85,-0.120705,-75.1797
1059.9,-0.120695,-75.1857
1059.95,-0.120711,-75.1917
1060.0,-0.120723,-75.1978
1060.05,-0.12072,-75.2038
1060.1,-0.120731,-75.2099
1060.15,-0.120727,-75.2159
1060.2,-0.120729,-75.2219
1060.25,-0.120731,-75.228
1060.3,-0.120738,-75.234
1060.35,-0.120742,-75.24
1060.4,-0.12075,-75.2461
1060.45,-0.120759,-75.2521
1060.5,-0.120751,-75.2581
1060.55,-0.120756,-75.2642
1060.6,-0.120766,-75.2702
1060.65,-0.120777,-75.2763
1060.7,-0.120782,-75.2823
1060.75,-0.12078,-75.2883
1060.8,-0.120788,-75.2944
1060.85,-0.12079,-75.3004
1060.9,-0.120791,-75.3065
1060.95,-0.120796,-75.3125
1061.0,-0.120798,-75.3185
1061.05,-0.120801,-75.3246
1061.1,-0.120808,-75.3306
1061.15,-0.120812,-75.3367
1061.2,-0.120807,-75.3427
1061.25,-0.120812,-75.3487
1061.3,-0.120813,-75.3548
1061.35,-0.120814,-75.3608
1061.4,-0.12083,-75.3669
1061.45,-0.120835,-75.3729
1061.5,-0.120843,-75.3789
1061.55,-0.120828,-75.385
1061.6,-0.120833,-75.391
1061.65,-0.120827,-75.3971
1061.7,-0.120839,-75.4031
1061.75,-0.120847,-75.4092
1061.8,-0.120853,-75.4152
1061.85,-0.120824,-75.4212
1061.9,-0.120827,-75.4273
1061.95,-0.120837,-75.4333
1062.0,-0.120835,-75.4394
1062.05,-0.120842,-75.4454
1062.1,-0.120674,-75.4514
1062.15,-0.120645,-75.4575
1062.2,-0.120645,-75.4635
1062.25,-0.120631,-75.4695
1062.3,-0.120643,-75.4756
1062.35,-0.120637,-75.4816
1062.4,-0.120639,-75.4876
1062.45,-0.120649,-75.4937
1062.5,-0.120658,-75.4997
1062.55,-0.120664,-75.5057
1062.6,-0.120667,-75.5118
1062.65,-0.120679,-75.5178
1062.7,-0.120677,-75.5238
1062.75,-0.12068,-75.5299
1062.8,-0.12069,-75.5359
1062.85,-0.120684,-75.5419
1062.9,-0.120696,-75.548
1062.95,-0.120684,-75.554
1063.0,-0.120696,-75.56
1063.05,-0.120695,-75.5661
1063.1,-0.120686,-75.5721
1063.15,-0.120693,-75.5781
1063.2,-0.120695,-75.5842
1063.25,-0.120707,-75.5902
1063.3,-0.120703,-75.5962
1063.35,-0.120718,-75.6023
1063.4,-0.120704,-75.6083
1063.45,-0.120703,-75.6144
1063.5,-0.120705,-75.6204
1063.55,-0.120712,-75.6264
1063.6,-0.120719,-75.6325
1063.65,-0.120716,-75.6385
1063.7,-0.120709,-75.6445
1063.75,-0.120717,-75.6506
1063.8,-0.120718,-75.6566
1063.85,-0.12072,-75.6626
1063.9,-0.120724,-75.6687
1063.95,-0.120714,-75.6747
1064.0,-0.120705,-75.6807
1064.05,-0.120712,-75.6868
1064.1,-0.120712,-75.6928
1064.15,-0.120711,-75.6989
1064.2,-0.120708,-75.7049
1064.25,-0.120698,-75.7109
1064.3,-0.120708,-75.717
1064.35,-0.120712,-75.723
1064.4,-0.120723,-75.729
1064.45,-0.120717,-75.7351
1064.5,-0.12071,-75.7411
1064.55,-0.120736,-75.7471
1064.6,-0.120725,-75.7532
1064.65,-0.120722,-75.7592
1064.7,-0.120735,-75.7653
1064.75,-0.12075,-75.7713
1064.8,-0.12076,-75.7773
1064.85,-0.120765,-75.7834
1064.9,-0.120766,-75.7894
1064.95,-0.120773,-75.7954
1065.0,-0.12076,-75.8015
1065.05,-0.120754,-75.8075
1065.1,-0.120749,-75.8136
1065.15,-0.120758,-75.8196
1065.2,-0.120767,-75.8256
1065.25,-0.120769,-75.8317
1065.3,-0.120774,-75.8377
1065.35,-0.120788,-75.8437
1065.4,-0.120778,-75.8498
1065.45,-0.12077,-75.8558
1065.5,-0.120779,-75.8619
1065.55,-0.120777,-75.8679
1065.6,-0.120776,-75.8739
1065.65,-0.120804,-75.88
1065.7,-0.120798,-75.886
1065.75,-0.120796,-75.8921
1065.8,-0.120802,-75.8981
1065.85,-0.120792,-75.9041
1065.9,-0.120795,-75.9102
1065.95,-0.120803,-75.9162
1066.0,-0.120799,-75.9223
1066.05,-0.120793,-75.9283
1066.1,-0.120794,-75.9343
1066.15,-0.120787,-75.9404
1066.2,-0.120781,-75.9464
1066.25,-0.120787,-75.9525
1066.3,-0.1208,-75.9585
1066.35,-0.120802,-75.9645
1066.4,-0.120806,-75.9706
1066.45,-0.120804,-75.9766
1066.5,-0.120811,-75.9827
1066.55,-0.1208,-75.9887
1066.6,-0.120797,-75.9947
1066.65,-0.120793,-76.0008
1066.7,-0.120807,-76.0068
1066.75,-0.120804,-76.0129
1066.8,-0.120794,-76.0189
1066.85,-0.120806,-76.0249
1066.9,-0.120794,-76.031
1066.95,-0.120789,-76.037
1067.0,-0.120784,-76.0431
1067.05,-0.120774,-76.0491
1067.1,-0.120791,-76.0551
1067.15,-0.120793,-76.0612
1067.2,-0.120782,-76.0672
1067.25,-0.120786,-76.0732
1067.3,-0.120786,-76.0793
1067.35,-0.120791,-76.0853
1067.4,-0.120797,-76.0914
1067.45,-0.120792,-76.0974
1067.5,-0.120786,-76.1034
1067.55,-0.120789,-76.1095
1067.6,-0.120787,-76.1155
1067.65,-0.120785,-76.1216
1067.7,-0.120791,-76.1276
1067.75,-0.120802,-76.1336
1067.8,-0.120785,-76.1397
1067.85,-0.120788,-76.1457
1067.9,-0.120801,-76.1518
1067.95,-0.120792,-76.1578
1068.0,-0.120788,-76.1638
1068.05,-0.1208,-76.1699
1068.1,-0.120788,-76.1759
1068.15,-0.120789,-76.182
1068.2,-0.120781,-76.188
1068.25,-0.12078,-76.194
1068.3,-0.120776,-76.2001
1068.35,-0.120787,-76.2061
1068.4,-0.120787,-76.2122
1068.45,-0.120783,-76.2182
1068.5,-0.120788,-76.2242
1068.55,-0.120779,-76.2303
1068.6,-0.120787,-76.2363
1068.65,-0.120789,-76.2424
1068.7,-0.12078,-76.2484
1068.75,-0.120782,-76.2544
1068.8,-0.120797,-76.2605
1068.85,-0.120794,-76.2665
1068.9,-0.12078,-76.2726
1068.95,-0.120788,-76.2786
1069.0,-0.120799,-76.2846
1069.05,-0.120812,-76.2907
1069.1,-0.12081,-76.2967
1069.15,-0.120813,-76.3027
1069.2,-0.120827,-76.3088
1069.25,-0.120838,-76.3148
1069.3,-0.12084,-76.3209
1069.35,-0.12086,-76.3269
1069.4,-0.12087,-76.333
1069.45,-0.120871,-76.339
1069.5,-0.120864,-76.3451
1069.55,-0.120878,-76.3511
1069.6,-0.120883,-76.3571
1069.65,-0.120879,-76.3632
1069.7,-0.120874,-76.3692
1069.75,-0.12089,-76.3753
1069.8,-0.120887,-76.3813
1069.85,-0.120892,-76.3874
1069.9,-0.120885,-76.3934
1069.95,-0.120883,-76.3995
1070.0,-0.120971,-76.4055
1070.05,-0.12099,-76.4115
1070.1,-0.120998,-76.4176
1070.15,-0.121008,-76.4236
1070.2,-0.121006,-76.4297
1070.25,-0.121005,-76.4357
1070.3,-0.121012,-76.4418
1070.35,-0.121011,-76.4478
1070.4,-0.121006,-76.4539
1070.45,-0.121012,-76.46
1070.5,-0.121017,-76.466
1070.55,-0.121011,-76.4721
1070.6,-0.121015,-76.4781
1070.65,-0.121011,-76.4842
1070.7,-0.121019,-76.4902
1070.75,-0.121013,-76.4963
1070.8,-0.12102,-76.5023
1070.85,-0.121023,-76.5084
1070.9,-0.121029,-76.5144
1070.95,-0.12102,-76.5205
1071.0,-0.121026,-76.5265
1071.05,-0.121029,-76.5326
1071.1,-0.121027,-76.5386
1071.15,-0.121021,-76.5447
1071.2,-0.121024,-76.5507
1071.25,-0.121027,-76.5568
1071.3,-0.121029,-76.5628
1071.35,-0.121018,-76.5689
1071.4,-0.121025,-76.5749
1071.45,-0.121027,-76.581
1071.5,-0.121022,-76.587
1071.55,-0.12103,-76.5931
1071.6,-0.121022,-76.5991
1071.65,-0.12102,-76.6052
1071.7,-0.121016,-76.6112
1071.75,-0.121027,-76.6173
1071.8,-0.121037,-76.6233
1071.85,-0.121051,-76.6294
1071.9,-0.121044,-76.6354
1071.95,-0.121056,-76.6415
1072.0,-0.121057,-76.6475
1072.05,-0.121052,-76.6536
1072.1,-0.121056,-76.6596
1072.15,-0.121057,-76.6657
1072.2,-0.121054,-76.6718
1072.25,-0.121066,-76.6778
1072.3,-0.121063,-76.6839
1072.35,-0.121057,-76.6899
1072.4,-0.12106,-76.696
1072.45,-0.121069,-76.702
1072.5,-0.121064,-76.7081
1072.55,-0.121068,-76.7141
1072.6,-0.121059,-76.7202
1072.65,-0.12107,-76.7262
1072.7,-0.121061,-76.7323
1072.75,-0.121064,-76.7383
1072.8,-0.121048,-76.7444
1072.85,-0.121048,-76.7504
1072.9,-0.121055,-76.7565
1072.95,-0.121063,-76.7626
1073.0,-0.121052,-76.7686
1073.05,-0.12106,-76.7747
1073.1,-0.121057,-76.7807
1073.15,-0.12104,-76.7868
1073.2,-0.121046,-76.7928
1073.25,-0.121054,-76.7989
1073.3,-0.121045,-76.8049
1073.35,-0.121041,-76.811
1073.4,-0.121047,-76.817
1073.45,-0.121051,-76.8231
1073.5,-0.121059,-76.8291
1073.55,-0.121071,-76.8352
1073.6,-0.121067,-76.8412
1073.65,-0.121073,-76.8473
1073.7,-0.121066,-76.8533
1073.75,-0.121056,-76.8594
1073.8,-0.121059,-76.8654
1073.85,-0.121058,-76.8715
1073.9,-0.121062,-76.8775
1073.95,-0.121064,-76.8836
1074.0,-0.121063,-76.8897
1074.05,-0.121052,-76.8957
1074.1,-0.121059,-76.9018
1074.15,-0.121052,-76.9078
1074.2,-0.121069,-76.9139
1074.25,-0.12106,-76.9199
1074.3,-0.121056,-76.926
1074.35,-0.121057,-76.932
1074.4,-0.121038,-76.9381
1074.45,-0.121039,-76.9441
1074.5,-0.121027,-76.9502
1074.55,-0.121032,-76.9562
1074.6,-0.121033,-76.9623
1074.65,-0.121034,-76.9683
1074.7,-0.121035,-76.9744
1074.75,-0.121044,-76.9804
1074.8,-0.121033,-76.9865
1074.85,-0.12103,-76.9925
1074.9,-0.121041,-76.9986
1074.95,-0.12104,-77.0046
1075.0,-0.12103,-77.0107
1075.05,-0.12104,-77.0168
1075.1,-0.121044,-77.0228
1075.15,-0.121041,-77.0289
1075.2,-0.121037,-77.0349
1075.25,-0.121049,-77.041
1075.3,-0.12104,-77.047
1075.35,-0.121052,-77.0531
1075.4,-0.121052,-77.0591
1075.45,-0.121046,-77.0652
1075.5,-0.121052,-77.0712
1075.55,-0.121051,-77.0773
1075.6,-0.12105,-77.0833
1075.65,-0.121032,-77.0894
1075.7,-0.121044,-77.0954
1075.75,-0.121039,-77.1015
1075.8,-0.121038,-77.1075
1075.85,-0.12102,-77.1136
1075.9,-0.12102,-77.1196
1075.95,-0.121025,-77.1257
1076.0,-0.121034,-77.1317
1076.05,-0.121043,-77.1378
1076.1,-0.121052,-77.1438
1076.15,-0.121059,-77.1499
1076.2,-0.121048,-77.156
1076.25,-0.12106,-77.162
1076.3,-0.121065,-77.1681
1076.35,-0.121064,-77.1741
1076.4,-0.121064,-77.1802
1076.45,-0.121063,-77.1862
1076.5,-0.121071,-77.1923
1076.55,-0.121064,-77.1983
1076.6,-0.121074,-77.2044
1076.65,-0.121088,-77.2104
1076.7,-0.121098,-77.2165
1076.75,-0.121113,-77.2225
1076.8,-0.121113,-77.2286
1076.85,-0.121124,-77.2347
1076.9,-0.121131,-77.2407
1076.95,-0.121123,-77.2468
1077.0,-0.12113,-77.2528
1077.05,-0.121155,-77.2589
1077.1,-0.121156,-77.2649
1077.15,-0.121156,-77.271
1077.2,-0.12116,-77.2771
1077.25,-0.121152,-77.2831
1077.3,-0.121144,-77.2892
1077.35,-0.121164,-77.2952
1077.4,-0.121161,-77.3013
1077.45,-0.121174,-77.3073
1077.5,-0.121168,-77.3134
1077.55,-0.121173,-77.3195
1077.6,-0.121172,-77.3255
1077.65,-0.12118,-77.3316
1077.7,-0.121181,-77.3376
1077.75,-0.121178,-77.3437
1077.8,-0.121176,-77.3498
1077.85,-0.121184,-77.3558
1077.9,-0.121204,-77.3619
1077.95,-0.121211,-77.3679
1078.0,-0.121199,-77.374
1078.05,-0.121214,-77.3801
1078.1,-0.121208,-77.3861
1078.15,-0.12121,-77.3922
1078.2,-0.121218,-77.3982
1078.25,-0.121215,-77.4043
1078.3,-0.121207,-77.4104
1078.35,-0.121196,-77.4164
1078.4,-0.121214,-77.4225
1078.45,-0.121194,-77.4285
1078.5,-0.121207,-77.4346
1078.55,-0.12121,-77.4407
1078.6,-0.121212,-77.4467
1078.65,-0.121227,-77.4528
1078.7,-0.121228,-77.4588
1078.75,-0.121239,-77.4649
1078.8,-0.121236,-77.471
1078.85,-0.121258,-77.477
1078.9,-0.121248,-77.4831
1078.95,-0.121261,-77.4892
1079.0,-0.121252,-77.4952
1079.05,-0.121242,-77.5013
1079.1,-0.121241,-77.5073
1079.15,-0.121267,-77.5134
1079.2,-0.121268,-77.5195
1079.25,-0.121279,-77.5255
1079.3,-0.121278,-77.5316
1079.35,-0.121281,-77.5377
1079.4,-0.121275,-77.5437
1079.45,-0.121277,-77.5498
1079.5,-0.121283,-77.5559
1079.55,-0.121275,-77.5619
1079.6,-0.121284,-77.568
1079.65,-0.121281,-77.574
1079.7,-0.121285,-77.5801
1079.75,-0.121275,-77.5862
1079.8,-0.121288,-77.5922
1079.85,-0.121291,-77.5983
1079.9,-0.121295,-77.6044
1079.95,-0.121291,-77.6104
1080.0,-0.121307,-77.6165
1080.05,-0.121295,-77.6226
1080.1,-0.121288,-77.6286
1080.15,-0.121296,-77.6347
1080.2,-0.121283,-77.6408
1080.25,-0.121293,-77.6468
1080.3,-0.121282,-77.6529
1080.35,-0.121286,-77.659
1080.4,-0.12129,-77.665
1080.45,-0.12129,-77.6711
1080.5,-0.121291,-77.6771
1080.55,-0.121309,-77.6832
1080.6,-0.121319,-77.6893
1080.65,-0.121303,-77.6953
1080.7,-0.121294,-77.7014
1080.75,-0.121296,-77.7075
1080.8,-0.121308,-77.7135
1080.85,-0.12131,-77.7196
1080.9,-0.121325,-77.7257
1080.95,-0.12131,-77.7317
1081.0,-0.121311,-77.7378
1081.05,-0.121313,-77.7439
1081.1,-0.121311,-77.7499
1081.15,-0.121313,-77.756
1081.2,-0.121313,-77.7621
1081.25,-0.121317,-77.7681
1081.3,-0.121319,-77.7742
1081.35,-0.12132,-77.7803
1081.4,-0.121316,-77.7863
1081.45,-0.121317,-77.7924
1081.5,-0.121319,-77.7985
1081.55,-0.12133,-77.8045
1081.6,-0.121331,-77.8106
1081.65,-0.121343,-77.8167
1081.7,-0.12133,-77.8227
1081.75,-0.121345,-77.8288
1081.8,-0.121339,-77.8349
1081.85,-0.121338,-77.8409
1081.9,-0.121348,-77.847
1081.95,-0.121345,-77.8531
1082.0,-0.12134,-77.8591
1082.05,-0.121341,-77.8652
1082.1,-0.121351,-77.8713
1082.15,-0.121345,-77.8773
1082.2,-0.121341,-77.8834
1082.25,-0.121399,-77.8895
1082.3,-0.121405,-77.8955
1082.35,-0.121405,-77.9016
1082.4,-0.121399,-77.9077
1082.45,-0.121414,-77.9137
1082.5,-0.121406,-77.9198
1082.55,-0.121412,-77.9259
1082.6,-0.121422,-77.932
1082.65,-0.121418,-77.938
1082.7,-0.121424,-77.9441
1082.75,-0.121427,-77.9502
1082.8,-0.121414,-77.9562
1082.85,-0.121419,-77.9623
1082.9,-0.12142,-77.9684
1082.95,-0.121433,-77.9744
1083.0,-0.121456,-77.9805
1083.05,-0.121467,-77.9866
1083.1,-0.121468,-77.9927
1083.15,-0.121454,-77.9987
1083.2,-0.121455,-78.0048
1083.25,-0.121466,-78.0109
1083.3,-0.121471,-78.017
1083.35,-0.12147,-78.023
1083.4,-0.121473,-78.0291
1083.45,-0.121467,-78.0352
1083.5,-0.121466,-78.0413
1083.55,-0.121462,-78.0473
1083.6,-0.12146,-78.0534
1083.65,-0.121462,-78.0595
1083.7,-0.121469,-78.0656
1083.75,-0.121477,-78.0716
1083.8,-0.121457,-78.0777
1083.85,-0.121455,-78.0838
1083.9,-0.121443,-78.0898
1083.95,-0.121452,-78.0959
1084.0,-0.121458,-78.102
1084.05,-0.121433,-78.1081
1084.1,-0.12143,-78.1141
1084.15,-0.121436,-78.1202
1084.2,-0.121434,-78.1263
1084.25,-0.121449,-78.1323
1084.3,-0.121441,-78.1384
1084.35,-0.121457,-78.1445
1084.4,-0.121456,-78.1506
1084.45,-0.121465,-78.1566
1084.5,-0.121449,-78.1627
1084.55,-0.121444,-78.1688
1084.6,-0.121429,-78.1749
1084.65,-0.121431,-78.1809
1084.7,-0.121434,-78.187
1084.75,-0.121447,-78.1931
1084.8,-0.121448,-78.1991
1084.85,-0.121466,-78.2052
1084.9,-0.121461,-78.2113
1084.95,-0.121456,-78.2174
1085.0,-0.121459,-78.2234
1085.05,-0.121464,-78.2295
1085.1,-0.121473,-78.2356
1085.15,-0.121467,-78.2417
1085.2,-0.12147,-78.2477
1085.25,-0.121477,-78.2538
1085.3,-0.121483,-78.2599
1085.35,-0.121487,-78.266
1085.4,-0.121509,-78.272
1085.45,-0.121517,-78.2781
1085.5,-0.121516,-78.2842
1085.55,-0.12152,-78.2903
1085.6,-0.121524,-78.2963
1085.65,-0.121535,-78.3024
1085.7,-0.12154,-78.3085
1085.75,-0.12154,-78.3146
1085.8,-0.121551,-78.3206
1085.85,-0.121561,-78.3267
1085.9,-0.121558,-78.3328
1085.95,-0.121539,-78.3389
1086.0,-0.12155,-78.3449
1086.05,-0.121549,-78.351
1086.1,-0.121569,-78.3571
1086.15,-0.121571,-78.3632
1086.2,-0.121594,-78.3693
1086.25,-0.121602,-78.3753
1086.3,-0.121603,-78.3814
1086.35,-0.12161,-78.3875
1086.4,-0.121606,-78.3936
1086.45,-0.121604,-78.3997
1086.5,-0.121612,-78.4057
1086.55,-0.121624,-78.4118
1086.6,-0.121625,-78.4179
1086.65,-0.121642,-78.424
1086.7,-0.121643,-78.4301
1086.75,-0.121644,-78.4362
1086.8,-0.121648,-78.4422
1086.85,-0.121648,-78.4483
1086.9,-0.121649,-78.4544
1086.95,-0.121674,-78.4605
1087.0,-0.12165,-78.4666
1087.05,-0.121635,-78.4726
1087.1,-0.121653,-78.4787
1087.15,-0.121661,-78.4848
1087.2,-0.121664,-78.4909
1087.25,-0.121661,-78.497
1087.3,-0.121663,-78.5031
1087.35,-0.121672,-78.5091
1087.4,-0.121676,-78.5152
1087.45,-0.121667,-78.5213
1087.5,-0.121679,-78.5274
1087.55,-0.121689,-78.5335
1087.6,-0.121693,-78.5396
1087.65,-0.121698,-78.5457
1087.7,-0.121689,-78.5517
1087.75,-0.12168,-78.5578
1087.8,-0.121694,-78.5639
1087.85,-0.121693,-78.57
1087.9,-0.121692,-78.5761
1087.95,-0.121691,-78.5822
1088.0,-0.121705,-78.5882
1088.05,-0.121707,-78.5943
1088.1,-0.121707,-78.6004
1088.15,-0.121712,-78.6065
1088.2,-0.121714,-78.6126
1088.25,-0.12172,-78.6187
1088.3,-0.121719,-78.6248
1088.35,-0.121718,-78.6308
1088.4,-0.121721,-78.6369
1088.45,-0.121726,-78.643
1088.5,-0.121718,-78.6491
1088.55,-0.121738,-78.6552
1088.6,-0.121732,-78.6613
1088.65,-0.12173,-78.6674
1088.7,-0.121737,-78.6734
1088.75,-0.121739,-78.6795
1088.8,-0.121724,-78.6856
1088.85,-0.121738,-78.6917
1088.9,-0.121758,-78.6978
1088.95,-0.121754,-78.7039
1089.0,-0.121759,-78.71
1089.05,-0.121752,-78.7161
1089.1,-0.121749,-78.7221
1089.15,-0.12174,-78.7282
1089.2,-0.121747,-78.7343
1089.25,-0.121738,-78.7404
1089.3,-0.121749,-78.7465
1089.35,-0.121748,-78.7526
1089.4,-0.121756,-78.7587
1089.45,-0.121766,-78.7648
1089.5,-0.121764,-78.7709
1089.55,-0.121757,-78.7769
1089.6,-0.121763,-78.783
1089.65,-0.121772,-78.7891
1089.7,-0.121777,-78.7952
1089.75,-0.12178,-78.8013
1089.8,-0.121769,-78.8074
1089.85,-0.121767,-78.8135
1089.9,-0.121769,-78.8196
1089.95,-0.121759,-78.8256
1090.0,-0.12177,-78.8317
1090.05,-0.121773,-78.8378
1090.1,-0.121771,-78.8439
1090.15,-0.121774,-78.85
1090.2,-0.121771,-78.8561
1090.25,-0.121766,-78.8622
1090.3,-0.121776,-78.8683
1090.35,-0.121782,-78.8744
1090.4,-0.121781,-78.8804
1090.45,-0.121769,-78.8865
1090.5,-0.121768,-78.8926
1090.55,-0.121771,-78.8987
1090.6,-0.121781,-78.9048
1090.65,-0.121779,-78.9109
1090.7,-0.121775,-78.917
1090.75,-0.121781,-78.9231
1090.8,-0.121785,-78.9292
1090.85,-0.121781,-78.9352
1090.9,-0.121791,-78.9413
1090.95,-0.121798,-78.9474
1091.0,-0.121795,-78.9535
1091.05,-0.121798,-78.9596
1091.1,-0.121808,-78.9657
1091.15,-0.121837,-78.9718
1091.2,-0.121828,-78.9779
1091.25,-0.121832,-78.984
1091.3,-0.121828,-78.9901
1091.35,-0.121826,-78.9961
1091.4,-0.121826,-79.0022
1091.45,-0.121831,-79.0083
1091.5,-0.121833,-79.0144
1091.55,-0.121841,-79.0205
1091.6,-0.121848,-79.0266
1091.65,-0.121841,-79.0327
1091.7,-0.121836,-79.0388
1091.75,-0.121849,-79.0449
1091.8,-0.121855,-79.051
1091.85,-0.121856,-79.0571
1091.9,-0.12186,-79.0632
1091.95,-0.121853,-79.0693
1092.0,-0.121861,-79.0753
1092.05,-0.121872,-79.0814
1092.1,-0.12187,-79.0875
1092.15,-0.121872,-79.0936
1092.2,-0.121883,-79.0997
1092.25,-0.121868,-79.1058
1092.3,-0.121873,-79.1119
1092.35,-0.121882,-79.118
1092.4,-0.121875,-79.1241
1092.45,-0.121873,-79.1302
1092.5,-0.121881,-79.1363
1092.55,-0.121877,-79.1424
1092.6,-0.121889,-79.1485
1092.65,-0.121888,-79.1546
1092.7,-0.1219,-79.1607
1092.75,-0.121888,-79.1668
1092.8,-0.121899,-79.1729
1092.85,-0.121893,-79.1789
1092.9,-0.121896,-79.185
1092.95,-0.121898,-79.1911
1093.0,-0.121894,-79.1972
1093.05,-0.121897,-79.2033
1093.1,-0.121894,-79.2094
1093.15,-0.121892,-79.2155
1093.2,-0.121892,-79.2216
1093.25,-0.121892,-79.2277
1093.3,-0.121906,-79.2338
1093.35,-0.121893,-79.2399
1093.4,-0.121906,-79.246
1093.45,-0.121913,-79.2521
1093.5,-0.121906,-79.2582
1093.55,-0.121903,-79.2643
1093.6,-0.121907,-79.2704
1093.65,-0.1219,-79.2765
1093.7,-0.121896,-79.2826
1093.75,-0.121901,-79.2887
1093.8,-0.121915,-79.2948
1093.85,-0.121901,-79.3008
1093.9,-0.1219,-79.3069
1093.95,-0.121909,-79.313
1094.0,-0.121912,-79.3191
1094.05,-0.121908,-79.3252
1094.1,-0.121898,-79.3313
1094.15,-0.121905,-79.3374
1094.2,-0.121913,-79.3435
1094.25,-0.121911,-79.3496
1094.3,-0.121916,-79.3557
1094.35,-0.121918,-79.3618
1094.4,-0.121926,-79.3679
1094.45,-0.121932,-79.374
1094.5,-0.12193,-79.3801
1094.55,-0.121935,-79.3862
1094.6,-0.12192,-79.3923
1094.65,-0.121932,-79.3984
1094.7,-0.121918,-79.4045
1094.75,-0.121915,-79.4106
1094.8,-0.121915,-79.4167
1094.85,-0.12192,-79.4228
1094.9,-0.121917,-79.4289
1094.95,-0.121934,-79.435
1095.0,-0.121925,-79.4411
1095.05,-0.121942,-79.4472
1095.1,-0.121941,-79.4532
1095.15,-0.121942,-79.4593
1095.2,-0.121937,-79.4654
1095.25,-0.121941,-79.4715
1095.3,-0.121952,-79.4776
1095.35,-0.121955,-79.4837
1095.4,-0.121956,-79.4898
1095.45,-0.121961,-79.4959
1095.5,-0.121951,-79.502
1095.55,-0.121945,-79.5081
1095.6,-0.121951,-79.5142
1095.65,-0.121943,-79.5203
1095.7,-0.121963,-79.5264
1095.75,-0.121958,-79.5325
1095.8,-0.121959,-79.5386
1095.85,-0.121953,-79.5447
1095.9,-0.121945,-79.5508
1095.95,-0.121951,-79.5569
1096.0,-0.121956,-79.563
1096.05,-0.121953,-79.5691
1096.1,-0.121972,-79.5752
1096.15,-0.121957,-79.5813
1096.2,-0.12195,-79.5874
1096.25,-0.121958,-79.5935
1096.3,-0.121955,-79.5996
1096.35,-0.121966,-79.6057
1096.4,-0.121964,-79.6118
1096.45,-0.121973,-79.6179
1096.5,-0.12196,-79.624
1096.55,-0.121968,-79.6301
1096.6,-0.121966,-79.6362
1096.65,-0.121973,-79.6423
1096.7,-0.121981,-79.6484
1096.75,-0.121971,-79.6545
1096.8,-0.121988,-79.6606
1096.85,-0.121976,-79.6667
1096.9,-0.121983,-79.6728
1096.95,-0.122,-79.6789
1097.0,-0.121996,-79.685
1097.05,-0.121997,-79.6911
1097.1,-0.122001,-79.6972
1097.15,-0.121986,-79.7033
1097.2,-0.121989,-79.7094
1097.25,-0.122003,-79.7155
1097.3,-0.121991,-79.7216
1097.35,-0.122001,-79.7277
1097.4,-0.122009,-79.7338
1097.45,-0.122008,-79.7399
1097.5,-0.122028,-79.746
1097.55,-0.122019,-79.7521
1097.6,-0.122014,-79.7582
1097.65,-0.122033,-79.7643
1097.7,-0.122036,-79.7704
1097.75,-0.122036,-79.7765
1097.8,-0.122048,-79.7826
1097.85,-0.122049,-79.7887
1097.9,-0.122046,-79.7948
1097.95,-0.122046,-79.8009
1098.0,-0.122057,-79.807
1098.05,-0.122065,-79.8131
1098.1,-0.122067,-79.8192
1098.15,-0.122074,-79.8253
1098.2,-0.122074,-79.8314
1098.25,-0.122075,-79.8375
1098.3,-0.122075,-79.8436
1098.35,-0.12207,-79.8497
1098.4,-0.122085,-79.8558
1098.45,-0.122086,-79.8619
1098.5,-0.122083,-79.868
1098.55,-0.12208,-79.8741
1098.6,-0.122068,-79.8802
1098.65,-0.122087,-79.8863
1098.7,-0.122078,-79.8924
1098.75,-0.122084,-79.8986
1098.8,-0.122095,-79.9047
1098.85,-0.122106,-79.9108
1098.9,-0.122085,-79.9169
1098.95,-0.122089,-79.923
1099.0,-0.122092,-79.9291
1099.05,-0.122098,-79.9352
1099.1,-0.122101,-79.9413
1099.15,-0.122098,-79.9474
1099.2,-0.122109,-79.9535
1099.25,-0.122102,-79.9596
1099.3,-0.122097,-79.9657
1099.35,-0.122095,-79.9718
1099.4,-0.122109,-79.9779
1099.45,-0.122113,-79.984
1099.5,-0.12212,-79.9901
1099.55,-0.122108,-79.9962
1099.6,-0.122116,-80.0023
1099.65,-0.122095,-80.0084
1099.7,-0.122108,-80.0145
1099.75,-0.122117,-80.0207
1099.8,-0.122119,-80.0268
1099.85,-0.122134,-80.0329
1099.9,-0.122135,-80.039
1099.95,-0.122134,-80.0451
1100.0,-0.122156,-80.0512
1100.05,-0.122155,-80.0573
1100.1,-0.122158,-80.0634
1100.15,-0.122166,-80.0695
1100.2,-0.122176,-80.0756
1100.25,-0.122173,-80.0817
1100.3,-0.122184,-80.0878
1100.35,-0.12218,-80.0939
1100.4,-0.122189,-80.1001
1100.45,-0.122213,-80.1062
1100.5,-0.122215,-80.1123
1100.55,-0.122215,-80.1184
1100.6,-0.122226,-80.1245
1100.65,-0.122229,-80.1306
1100.7,-0.122233,-80.1367
1100.75,-0.122238,-80.1428
1100.8,-0.122238,-80.1489
1100.85,-0.12226,-80.1551
1100.9,-0.122275,-80.1612
1100.95,-0.122284,-80.1673
1101.0,-0.122273,-80.1734
1101.05,-0.12228,-80.1795
1101.1,-0.122294,-80.1856
1101.15,-0.122297,-80.1917
1101.2,-0.122294,-80.1979
1101.25,-0.1223,-80.204
1101.3,-0.122308,-80.2101
1101.35,-0.122301,-80.2162
1101.4,-0.122296,-80.2223
1101.45,-0.1223,-80.2284
1101.5,-0.122298,-80.2346
1101.55,-0.122317,-80.2407
1101.6,-0.122302,-80.2468
1101.65,-0.122309,-80.2529
1101.7,-0.122321,-80.259
1101.75,-0.122315,-80.2651
1101.8,-0.122314,-80.2712
1101.85,-0.122314,-80.2774
1101.9,-0.122322,-80.2835
1101.95,-0.122319,-80.2896
1102.0,-0.122322,-80.2957
1102.05,-0.122337,-80.3018
1102.1,-0.122339,-80.3079
1102.15,-0.122346,-80.3141
1102.2,-0.122344,-80.3202
1102.25,-0.122346,-80.3263
1102.3,-0.122352,-80.3324
1102.35,-0.122343,-80.3385
1102.4,-0.122343,-80.3446
1102.45,-0.122342,-80.3508
1102.5,-0.122348,-80.3569
1102.55,-0.122343,-80.363
1102.6,-0.122358,-80.3691
1102.65,-0.122361,-80.3752
1102.7,-0.122373,-80.3814
1102.75,-0.122382,-80.3875
1102.8,-0.122366,-80.3936
1102.85,-0.122367,-80.3997
1102.9,-0.122377,-80.4058
1102.95,-0.122369,-80.4119
1103.0,-0.122374,-80.4181
1103.05,-0.122398,-80.4242
1103.1,-0.122401,-80.4303
1103.15,-0.122396,-80.4364
1103.2,-0.122395,-80.4425
1103.25,-0.122401,-80.4487
1103.3,-0.122406,-80.4548
1103.35,-0.122415,-80.4609
1103.4,-0.122406,-80.467
1103.45,-0.122419,-80.4731
1103.5,-0.122418,-80.4793
1103.55,-0.122422,-80.4854
1103.6,-0.122427,-80.4915
1103.65,-0.122453,-80.4976
1103.7,-0.122446,-80.5038
1103.75,-0.122435,-80.5099
1103.8,-0.122436,-80.516
1103.85,-0.122429,-80.5221
1103.9,-0.122429,-80.5282
1103.95,-0.12245,-80.5344
1104.0,-0.122448,-80.5405
1104.05,-0.122456,-80.5466
1104.1,-0.122466,-80.5527
1104.15,-0.122461,-80.5589
1104.2,-0.122467,-80.565
1104.25,-0.12248,-80.5711
1104.3,-0.122488,-80.5772
1104.35,-0.122482,-80.5834
1104.4,-0.122485,-80.5895
1104.45,-0.122473,-80.5956
1104.5,-0.122486,-80.6017
1104.55,-0.122465,-80.6078
1104.6,-0.122475,-80.614
1104.65,-0.122491,-80.6201
1104.7,-0.122494,-80.6262
1104.75,-0.122499,-80.6323
1104.8,-0.12251,-80.6385
1104.85,-0.122525,-80.6446
1104.9,-0.122521,-80.6507
1104.95,-0.12252,-80.6568
1105.0,-0.122523,-80.663
1105.05,-0.122534,-80.6691
1105.1,-0.122544,-80.6752
1105.15,-0.122526,-80.6814
1105.2,-0.122538,-80.6875
1105.25,-0.122532,-80.6936
1105.3,-0.122531,-80.6997
1105.35,-0.122536,-80.7059
1105.4,-0.122552,-80.712
1105.45,-0.122549,-80.7181
1105.5,-0.122567,-80.7242
1105.55,-0.122564,-80.7304
1105.6,-0.122577,-80.7365
1105.65,-0.12257,-80.7426
1105.7,-0.122572,-80.7488
1105.75,-0.122585,-80.7549
1105.8,-0.122595,-80.761
1105.85,-0.122594,-80.7671
1105.9,-0.12261,-80.7733
1105.95,-0.122589,-80.7794
1106.0,-0.122598,-80.7855
1106.05,-0.122602,-80.7917
1106.1,-0.122613,-80.7978
1106.15,-0.122616,-80.8039
1106.2,-0.122616,-80.8101
1106.25,-0.122626,-80.8162
1106.3,-0.122628,-80.8223
1106.35,-0.122624,-80.8285
1106.4,-0.122635,-80.8346
1106.45,-0.122648,-80.8407
1106.5,-0.122657,-80.8468
1106.55,-0.122662,-80.853
1106.6,-0.122667,-80.8591
1106.65,-0.12266,-80.8652
1106.7,-0.122675,-80.8714
1106.75,-0.122686,-80.8775
1106.8,-0.122698,-80.8837
1106.85,-0.122702,-80.8898
1106.9,-0.122707,-80.8959
1106.95,-0.122709,-80.9021
1107.0,-0.12272,-80.9082
1107.05,-0.122717,-80.9143
1107.1,-0.122725,-80.9205
1107.15,-0.12272,-80.9266
1107.2,-0.122726,-80.9327
1107.25,-0.122721,-80.9389
1107.3,-0.122729,-80.945
1107.35,-0.122739,-80.9511
1107.4,-0.122742,-80.9573
1107.45,-0.122758,-80.9634
1107.5,-0.122762,-80.9696
1107.55,-0.122763,-80.9757
1107.6,-0.122762,-80.9818
1107.65,-0.122766,-80.988
1107.7,-0.12275,-80.9941
1107.75,-0.122755,-81.0003
1107.8,-0.122756,-81.0064
1107.85,-0.122766,-81.0125
1107.9,-0.122766,-81.0187
1107.95,-0.122765,-81.0248
1108.0,-0.12276,-81.0309
1108.05,-0.122759,-81.0371
1108.1,-0.122768,-81.0432
1108.15,-0.122773,-81.0494
1108.2,-0.122788,-81.0555
1108.25,-0.122782,-81.0616
1108.3,-0.122787,-81.0678
1108.35,-0.122797,-81.0739
1108.4,-0.122796,-81.0801
1108.45,-0.122789,-81.0862
1108.5,-0.122795,-81.0923
1108.55,-0.122803,-81.0985
1108.6,-0.122811,-81.1046
1108.65,-0.122836,-81.1108
1108.7,-0.122823,-81.1169
1108.75,-0.122819,-81.123
1108.8,-0.122888,-81.1292
1108.85,-0.122916,-81.1353
1108.9,-0.122905,-81.1415
1108.95,-0.122907,-81.1476
1109.0,-0.122905,-81.1538
1109.05,-0.122902,-81.1599
1109.1,-0.122917,-81.1661
1109.15,-0.122929,-81.1722
1109.2,-0.122935,-81.1783
1109.25,-0.12293,-81.1845
1109.3,-0.12294,-81.1906
1109.35,-0.122935,-81.1968
1109.4,-0.122943,-81.2029
1109.45,-0.122946,-81.2091
1109.5,-0.122952,-81.2152
1109.55,-0.122938,-81.2214
1109.6,-0.122945,-81.2275
1109.65,-0.122953,-81.2337
1109.7,-0.122958,-81.2398
1109.75,-0.122972,-81.246
1109.8,-0.122967,-81.2521
1109.85,-0.122964,-81.2583
1109.9,-0.122964,-81.2644
1109.95,-0.122978,-81.2706
1110.0,-0.122969,-81.2767
1110.05,-0.12297,-81.2829
1110.1,-0.122965,-81.289
1110.15,-0.122965,-81.2952
1110.2,-0.122978,-81.3013
1110.25,-0.122985,-81.3075
1110.3,-0.122988,-81.3136
1110.35,-0.123,-81.3198
1110.4,-0.123004,-81.3259
1110.45,-0.123,-81.3321
1110.5,-0.123009,-81.3382
1110.55,-0.123015,-81.3444
1110.6,-0.123009,-81.3505
1110.65,-0.123029,-81.3567
1110.7,-0.123029,-81.3628
1110.75,-0.123016,-81.369
1110.8,-0.123024,-81.3751
1110.85,-0.123017,-81.3813
1110.9,-0.123018,-81.3874
1110.95,-0.12302,-81.3936
1111.0,-0.123049,-81.3997
1111.05,-0.123055,-81.4059
1111.1,-0.123049,-81.412
1111.15,-0.123048,-81.4182
1111.2,-0.123044,-81.4243
1111.25,-0.123056,-81.4305
1111.3,-0.123041,-81.4366
1111.35,-0.123049,-81.4428
1111.4,-0.123064,-81.4489
1111.45,-0.123069,-81.4551
1111.5,-0.123069,-81.4612
1111.55,-0.123073,-81.4674
1111.6,-0.123077,-81.4735
1111.65,-0.123089,-81.4797
1111.7,-0.123097,-81.4859
1111.75,-0.123109,-81.492
1111.8,-0.123114,-81.4982
1111.85,-0.123123,-81.5043
1111.9,-0.123128,-81.5105
1111.95,-0.123137,-81.5166
1112.0,-0.123158,-81.5228
1112.05,-0.123169,-81.529
1112.1,-0.123158,-81.5351
1112.15,-0.123163,-81.5413
1112.2,-0.123175,-81.5474
1112.25,-0.123174,-81.5536
1112.3,-0.123179,-81.5597
1112.35,-0.123195,-81.5659
1112.4,-0.123198,-81.5721
1112.45,-0.123203,-81.5782
1112.5,-0.123194,-81.5844
1112.55,-0.1232,-81.5905
1112.6,-0.123197,-81.5967
1112.65,-0.123215,-81.6029
1112.7,-0.123205,-81.609
1112.75,-0.12322,-81.6152
1112.8,-0.12322,-81.6214
1112.85,-0.123213,-81.6275
1112.9,-0.123204,-81.6337
1112.95,-0.123211,-81.6398
1113.0,-0.123227,-81.646
1113.05,-0.123232,-81.6522
1113.1,-0.12323,-81.6583
1113.15,-0.123239,-81.6645
1113.2,-0.123246,-81.6706
1113.25,-0.123243,-81.6768
1113.3,-0.123239,-81.683
1113.35,-0.123247,-81.6891
1113.4,-0.122985,-81.6953
1113.45,-0.122539,-81.7014
1113.5,-0.122536,-81.7075
1113.55,-0.122546,-81.7137
1113.6,-0.122549,-81.7198
1113.65,-0.122557,-81.7259
1113.7,-0.122563,-81.732
1113.75,-0.122577,-81.7382
1113.8,-0.122578,-81.7443
1113.85,-0.122578,-81.7504
1113.9,-0.122605,-81.7566
1113.95,-0.122604,-81.7627
1114.0,-0.122597,-81.7688
1114.05,-0.122593,-81.7749
1114.1,-0.122613,-81.7811
1114.15,-0.122617,-81.7872
1114.2,-0.122626,-81.7933
1114.25,-0.122626,-81.7995
1114.3,-0.12264,-81.8056
1114.35,-0.122638,-81.8117
1114.4,-0.122645,-81.8179
1114.45,-0.12265,-81.824
1114.5,-0.122657,-81.8301
1114.55,-0.12266,-81.8363
1114.6,-0.122664,-81.8424
1114.65,-0.122659,-81.8485
1114.7,-0.122654,-81.8547
1114.75,-0.122661,-81.8608
1114.8,-0.122663,-81.8669
1114.85,-0.122678,-81.8731
1114.9,-0.122687,-81.8792
1114.95,-0.122689,-81.8853
1115.0,-0.122686,-81.8915
1115.05,-0.122681,-81.8976
1115.1,-0.122696,-81.9037
1115.15,-0.122698,-81.9099
1115.2,-0.122704,-81.916
1115.25,-0.122723,-81.9221
1115.3,-0.122715,-81.9283
1115.35,-0.122711,-81.9344
1115.4,-0.122719,-81.9406
1115.45,-0.122722,-81.9467
1115.5,-0.12273,-81.9528
1115.55,-0.122727,-81.959
1115.6,-0.122739,-81.9651
1115.65,-0.122745,-81.9712
1115.7,-0.122749,-81.9774
1115.75,-0.122751,-81.9835
1115.8,-0.122756,-81.9896
1115.85,-0.122752,-81.9958
1115.9,-0.122765,-82.0019
1115.95,-0.122789,-82.0081
1116.0,-0.122777,-82.0142
1116.05,-0.122798,-82.0203
1116.1,-0.12281,-82.0265
1116.15,-0.122809,-82.0326
1116.2,-0.122807,-82.0388
1116.25,-0.122828,-82.0449
1116.3,-0.122818,-82.051
1116.35,-0.122845,-82.0572
1116.4,-0.122836,-82.0633
1116.45,-0.122842,-82.0695
1116.5,-0.122842,-82.0756
1116.55,-0.122838,-82.0818
1116.6,-0.122837,-82.0879
1116.65,-0.122842,-82.094
1116.7,-0.122857,-82.1002
1116.75,-0.122854,-82.1063
1116.8,-0.122852,-82.1125
1116.85,-0.122858,-82.1186
1116.9,-0.122853,-82.1247
1116.95,-0.12284,-82.1309
1117.0,-0.122853,-82.137
1117.05,-0.122862,-82.1432
1117.1,-0.122875,-82.1493
1117.15,-0.122863,-82.1555
1117.2,-0.122862,-82.1616
1117.25,-0.12287,-82.1678
1117.3,-0.122861,-82.1739
1117.35,-0.122859,-82.18
1117.4,-0.122879,-82.1862
1117.45,-0.122887,-82.1923
1117.5,-0.122891,-82.1985
1117.55,-0.122888,-82.2046
1117.6,-0.122906,-82.2108
1117.65,-0.122902,-82.2169
1117.7,-0.1229,-82.2231
1117.75,-0.122926,-82.2292
1117.8,-0.122913,-82.2353
1117.85,-0.122913,-82.2415
1117.9,-0.122908,-82.2476
1117.95,-0.122917,-82.2538
1118.0,-0.122928,-82.2599
1118.05,-0.122938,-82.2661
1118.1,-0.122932,-82.2722
1118.15,-0.122933,-82.2784
1118.2,-0.122939,-82.2845
1118.25,-0.122931,-82.2907
1118.3,-0.122954,-82.2968
1118.35,-0.122955,-82.303
1118.4,-0.122961,-82.3091
1118.45,-0.122959,-82.3153
1118.5,-0.122955,-82.3214
1118.55,-0.12296,-82.3275
1118.6,-0.122967,-82.3337
1118.65,-0.12296,-82.3398
1118.7,-0.122974,-82.346
1118.75,-0.122972,-82.3521
1118.8,-0.122969,-82.3583
1118.85,-0.122959,-82.3644
1118.9,-0.122968,-82.3706
1118.95,-0.122972,-82.3767
1119.0,-0.122984,-82.3829
1119.05,-0.122989,-82.389
1119.1,-0.122992,-82.3952
1119.15,-0.123001,-82.4013
1119.2,-0.122994,-82.4075
1119.25,-0.123012,-82.4136
1119.3,-0.123005,-82.4198
1119.35,-0.123007,-82.4259
1119.4,-0.123017,-82.4321
1119.45,-0.123008,-82.4382
1119.5,-0.123022,-82.4444
1119.55,-0.123019,-82.4505
1119.6,-0.12302,-82.4567
1119.65,-0.12302,-82.4628
1119.7,-0.123036,-82.469
1119.75,-0.123037,-82.4751
1119.8,-0.12304,-82.4813
1119.85,-0.123037,-82.4874
1119.9,-0.123042,-82.4936
1119.95,-0.123042,-82.4997
1120.0,-0.123044,-82.5059
1120.05,-0.12305,-82.5121
1120.1,-0.123062,-82.5182
1120.15,-0.123064,-82.5244
1120.2,-0.123065,-82.5305
1120.25,-0.123065,-82.5367
1120.3,-0.123055,-82.5428
1120.35,-0.123065,-82.549
1120.4,-0.12307,-82.5551
1120.45,-0.123073,-82.5613
1120.5,-0.123084,-82.5674
1120.55,-0.123093,-82.5736
1120.6,-0.123106,-82.5797
1120.65,-0.123108,-82.5859
1120.7,-0.123115,-82.5921
1120.75,-0.123122,-82.5982
1120.8,-0.123135,-82.6044
1120.85,-0.12314,-82.6105
1120.9,-0.123128,-82.6167
1120.95,-0.123127,-82.6228
1121.0,-0.123146,-82.629
1121.05,-0.123135,-82.6352
1121.1,-0.123146,-82.6413
1121.15,-0.12314,-82.6475
1121.2,-0.123143,-82.6536
1121.25,-0.12314,-82.6598
1121.3,-0.123158,-82.6659
1121.35,-0.123154,-82.6721
1121.4,-0.123163,-82.6783
1121.45,-0.123149,-82.6844
1121.5,-0.123164,-82.6906
1121.55,-0.123153,-82.6967
1121.6,-0.123162,-82.7029
1121.65,-0.123147,-82.709
1121.7,-0.123163,-82.7152
1121.75,-0.123163,-82.7214
1121.8,-0.123176,-82.7275
1121.85,-0.123164,-82.7337
1121.9,-0.123166,-82.7398
1121.95,-0.123166,-82.746
1122.0,-0.123174,-82.7522
1122.05,-0.123164,-82.7583
1122.1,-0.123163,-82.7645
1122.15,-0.123181,-82.7706
1122.2,-0.123161,-82.7768
1122.25,-0.123158,-82.7829
1122.3,-0.123147,-82.7891
1122.35,-0.123152,-82.7953
1122.4,-0.123147,-82.8014
1122.45,-0.123154,-82.8076
1122.5,-0.123161,-82.8137
1122.55,-0.123174,-82.8199
1122.6,-0.123183,-82.826
1122.65,-0.123167,-82.8322
1122.7,-0.123168,-82.8384
1122.75,-0.123173,-82.8445
1122.8,-0.123168,-82.8507
1122.85,-0.123169,-82.8568
1122.9,-0.123167,-82.863
1122.95,-0.12317,-82.8692
1123.0,-0.123177,-82.8753
1123.05,-0.123177,-82.8815
1123.1,-0.123183,-82.8876
1123.15,-0.123185,-82.8938
1123.2,-0.123192,-82.9
1123.25,-0.123188,-82.9061
1123.3,-0.123192,-82.9123
1123.35,-0.123183,-82.9184
1123.4,-0.123179,-82.9246
1123.45,-0.12319,-82.9307
1123.5,-0.123208,-82.9369
1123.55,-0.123219,-82.9431
1123.6,-0.123228,-82.9492
1123.65,-0.123226,-82.9554
1123.7,-0.12324,-82.9616
1123.75,-0.123243,-82.9677
1123.8,-0.123245,-82.9739
1123.85,-0.12326,-82.98
1123.9,-0.123269,-82.9862
1123.95,-0.123277,-82.9924
1124.0,-0.123275,-82.9985
1124.05,-0.123276,-83.0047
1124.1,-0.123286,-83.0109
1124.15,-0.123275,-83.017
1124.2,-0.123271,-83.0232
1124.25,-0.123283,-83.0294
1124.3,-0.123291,-83.0355
1124.35,-0.123282,-83.0417
1124.4,-0.123285,-83.0479
1124.45,-0.123299,-83.054
1124.5,-0.123301,-83.0602
1124.55,-0.123295,-83.0663
1124.6,-0.123309,-83.0725
1124.65,-0.123318,-83.0787
1124.7,-0.123313,-83.0848
1124.75,-0.12332,-83.091
1124.8,-0.123315,-83.0972
1124.85,-0.123336,-83.1033
1124.9,-0.123341,-83.1095
1124.95,-0.123334,-83.1157
1125.0,-0.12335,-83.1218
1125.05,-0.123366,-83.128
1125.1,-0.123352,-83.1342
1125.15,-0.123356,-83.1403
1125.2,-0.123359,-83.1465
1125.25,-0.123358,-83.1527
1125.3,-0.123363,-83.1589
1125.35,-0.123371,-83.165
1125.4,-0.123382,-83.1712
1125.45,-0.123387,-83.1774
1125.5,-0.123389,-83.1835
1125.55,-0.123386,-83.1897
1125.6,-0.12339,-83.1959
1125.65,-0.123403,-83.202
1125.7,-0.123397,-83.2082
1125.75,-0.123412,-83.2144
1125.8,-0.123425,-83.2205
1125.85,-0.123421,-83.2267
1125.9,-0.123419,-83.2329
1125.95,-0.123431,-83.2391
1126.0,-0.123433,-83.2452
1126.05,-0.123436,-83.2514
1126.1,-0.123427,-83.2576
1126.15,-0.123433,-83.2637
1126.2,-0.123441,-83.2699
1126.25,-0.123434,-83.2761
1126.3,-0.123435,-83.2823
1126.35,-0.123432,-83.2884
1126.4,-0.123442,-83.2946
1126.45,-0.12344,-83.3008
1126.5,-0.123443,-83.3069
1126.55,-0.123445,-83.3131
1126.6,-0.12346,-83.3193
1126.65,-0.123414,-83.3255
1126.7,-0.123378,-83.3316
1126.75,-0.123383,-83.3378
1126.8,-0.123398,-83.344
1126.85,-0.123399,-83.3501
1126.9,-0.123391,-83.3563
1126.95,-0.123406,-83.3625
1127.0,-0.123406,-83.3687
1127.05,-0.123416,-83.3748
1127.1,-0.1234,-83.381
1127.15,-0.123406,-83.3872
1127.2,-0.123407,-83.3933
1127.25,-0.123413,-83.3995
1127.3,-0.123416,-83.4057
1127.35,-0.123423,-83.4118
1127.4,-0.123442,-83.418
1127.45,-0.123451,-83.4242
1127.5,-0.12346,-83.4304
1127.55,-0.123489,-83.4365
1127.6,-0.123475,-83.4427
1127.65,-0.1235,-83.4489
1127.7,-0.1235,-83.4551
1127.75,-0.123517,-83.4612
1127.8,-0.123511,-83.4674
1127.85,-0.12352,-83.4736
1127.9,-0.123537,-83.4798
1127.95,-0.123548,-83.4859
1128.0,-0.123532,-83.4921
1128.05,-0.123537,-83.4983
1128.1,-0.123549,-83.5045
1128.15,-0.12355,-83.5107
1128.2,-0.123544,-83.5168
1128.25,-0.123562,-83.523
1128.3,-0.123579,-83.5292
1128.35,-0.123575,-83.5354
1128.4,-0.123577,-83.5415
1128.45,-0.123584,-83.5477
1128.5,-0.123603,-83.5539
1128.55,-0.123595,-83.5601
1128.6,-0.123603,-83.5663
1128.65,-0.123604,-83.5724
1128.7,-0.123611,-83.5786
1128.75,-0.123619,-83.5848
1128.8,-0.123623,-83.591
1128.85,-0.123622,-83.5972
1128.9,-0.123643,-83.6033
1128.95,-0.123642,-83.6095
1129.0,-0.123627,-83.6157
1129.05,-0.123629,-83.6219
1129.1,-0.123646,-83.6281
1129.15,-0.123648,-83.6343
1129.2,-0.123661,-83.6404
1129.25,-0.123654,-83.6466
1129.3,-0.123652,-83.6528
1129.35,-0.123647,-83.659
1129.4,-0.123647,-83.6652
1129.45,-0.123645,-83.6714
1129.5,-0.123654,-83.6775
1129.55,-0.123676,-83.6837
1129.6,-0.123668,-83.6899
1129.65,-0.123667,-83.6961
1129.7,-0.123672,-83.7023
1129.75,-0.123668,-83.7085
1129.8,-0.123661,-83.7146
1129.85,-0.123661,-83.7208
1129.9,-0.123659,-83.727
1129.95,-0.123667,-83.7332
1130.0,-0.123669,-83.7394
1130.05,-0.12367,-83.7456
1130.1,-0.123678,-83.7517
1130.15,-0.123663,-83.7579
1130.2,-0.12366,-83.7641
1130.25,-0.12366,-83.7703
1130.3,-0.123685,-83.7765
1130.35,-0.123684,-83.7827
1130.4,-0.12368,-83.7888
1130.45,-0.12368,-83.795
1130.5,-0.12367,-83.8012
1130.55,-0.123685,-83.8074
1130.6,-0.123693,-83.8136
1130.65,-0.123695,-83.8198
1130.7,-0.1237,-83.8259
1130.75,-0.12369,-83.8321
1130.8,-0.123691,-83.8383
1130.85,-0.123703,-83.8445
1130.9,-0.123706,-83.8507
1130.95,-0.123713,-83.8569
1131.0,-0.123716,-83.8631
1131.05,-0.123719,-83.8692
1131.1,-0.123709,-83.8754
1131.15,-0.12371,-83.8816
1131.2,-0.123699,-83.8878
1131.25,-0.123708,-83.894
1131.3,-0.123693,-83.9002
1131.35,-0.123704,-83.9064
1131.4,-0.123712,-83.9125
1131.45,-0.123705,-83.9187
1131.5,-0.123706,-83.9249
1131.55,-0.123717,-83.9311
1131.6,-0.12371,-83.9373
1131.65,-0.123727,-83.9435
1131.7,-0.123728,-83.9497
1131.75,-0.123729,-83.9558
1131.8,-0.123728,-83.962
1131.85,-0.123723,-83.9682
1131.9,-0.123731,-83.9744
1131.95,-0.123737,-83.9806
1132.0,-0.123742,-83.9868
1132.05,-0.123748,-83.993
1132.1,-0.123752,-83.9991
1132.15,-0.12376,-84.0053
1132.2,-0.12376,-84.0115
1132.25,-0.123771,-84.0177
1132.3,-0.123774,-84.0239
1132.35,-0.12378,-84.0301
1132.4,-0.123775,-84.0363
1132.45,-0.123777,-84.0425
1132.5,-0.123774,-84.0487
1132.55,-0.123789,-84.0548
1132.6,-0.123795,-84.061
1132.65,-0.123791,-84.0672
1132.7,-0.123798,-84.0734
1132.75,-0.123793,-84.0796
1132.8,-0.123789,-84.0858
1132.85,-0.123797,-84.092
1132.9,-0.123803,-84.0982
1132.95,-0.123801,-84.1044
1133.0,-0.123801,-84.1106
1133.05,-0.123813,-84.1167
1133.1,-0.123824,-84.1229
1133.15,-0.123833,-84.1291
1133.2,-0.12384,-84.1353
1133.25,-0.123836,-84.1415
1133.3,-0.123839,-84.1477
1133.35,-0.123843,-84.1539
1133.4,-0.123839,-84.1601
1133.45,-0.123855,-84.1663
1133.5,-0.123849,-84.1725
1133.55,-0.123852,-84.1787
1133.6,-0.123867,-84.1849
1133.65,-0.12386,-84.1911
1133.7,-0.123862,-84.1972
1133.75,-0.123857,-84.2034
1133.8,-0.123861,-84.2096
1133.85,-0.123867,-84.2158
1133.9,-0.123866,-84.222
1133.95,-0.123858,-84.2282
1134.0,-0.123872,-84.2344
1134.05,-0.123869,-84.2406
1134.1,-0.123871,-84.2468
1134.15,-0.123875,-84.253
1134.2,-0.123883,-84.2592
1134.25,-0.123865,-84.2654
1134.3,-0.123863,-84.2716
1134.35,-0.123879,-84.2778
1134.4,-0.123864,-84.284
1134.45,-0.123871,-84.2901
1134.5,-0.123868,-84.2963
1134.55,-0.123877,-84.3025
1134.6,-0.123873,-84.3087
1134.65,-0.123879,-84.3149
1134.7,-0.123874,-84.3211
1134.75,-0.123873,-84.3273
1134.8,-0.123884,-84.3335
1134.85,-0.123872,-84.3397
1134.9,-0.123879,-84.3459
1134.95,-0.123876,-84.3521
1135.0,-0.123872,-84.3583
1135.05,-0.123869,-84.3645
1135.1,-0.123869,-84.3707
1135.15,-0.12388,-84.3769
1135.2,-0.123878,-84.383
1135.25,-0.123892,-84.3892
1135.3,-0.123905,-84.3954
1135.35,-0.123913,-84.4016
1135.4,-0.123921,-84.4078
1135.45,-0.123929,-84.414
1135.5,-0.123939,-84.4202
1135.55,-0.123956,-84.4264
1135.6,-0.123962,-84.4326
1135.65,-0.123966,-84.4388
1135.7,-0.123967,-84.445
1135.75,-0.123974,-84.4512
1135.8,-0.123967,-84.4574
1135.85,-0.123977,-84.4636
1135.9,-0.123984,-84.4698
1135.95,-0.123983,-84.476
1136.0,-0.123988,-84.4822
1136.05,-0.123995,-84.4884
1136.1,-0.123998,-84.4946
1136.15,-0.123987,-84.5008
1136.2,-0.123991,-84.507
1136.25,-0.123988,-84.5132
1136.3,-0.124003,-84.5194
1136.35,-0.123986,-84.5256
1136.4,-0.124002,-84.5318
1136.45,-0.123997,-84.538
1136.5,-0.124013,-84.5442
1136.55,-0.124012,-84.5504
1136.6,-0.124016,-84.5566
1136.65,-0.124024,-84.5628
1136.7,-0.124023,-84.569
1136.75,-0.124017,-84.5752
1136.8,-0.124023,-84.5814
1136.85,-0.124044,-84.5876
1136.9,-0.12404,-84.5938
1136.95,-0.124055,-84.6
1137.0,-0.124044,-84.6062
1137.05,-0.124044,-84.6124
1137.1,-0.124051,-84.6186
1137.15,-0.124049,-84.6248
1137.2,-0.124056,-84.631
1137.25,-0.124075,-84.6372
1137.3,-0.124077,-84.6434
1137.35,-0.124075,-84.6497
1137.4,-0.124082,-84.6559
1137.45,-0.124073,-84.6621
1137.5,-0.12409,-84.6683
1137.55,-0.124078,-84.6745
1137.6,-0.124089,-84.6807
1137.65,-0.124072,-84.6869
1137.7,-0.124083,-84.6931
1137.75,-0.124066,-84.6993
1137.8,-0.124074,-84.7055
1137.85,-0.12408,-84.7117
1137.9,-0.12409,-84.7179
1137.95,-0.124085,-84.7241
1138.0,-0.124109,-84.7303
1138.05,-0.124124,-84.7365
1138.1,-0.124115,-84.7427
1138.15,-0.124113,-84.7489
1138.2,-0.124118,-84.7551
1138.25,-0.124102,-84.7613
1138.3,-0.124124,-84.7675
1138.35,-0.124121,-84.7737
1138.4,-0.124136,-84.7799
1138.45,-0.124141,-84.7862
1138.5,-0.124139,-84.7924
1138.55,-0.124127,-84.7986
1138.6,-0.124127,-84.8048
1138.65,-0.124132,-84.811
1138.7,-0.124139,-84.8172
1138.75,-0.124126,-84.8234
1138.8,-0.12412,-84.8296
1138.85,-0.124126,-84.8358
1138.9,-0.124136,-84.842
1138.95,-0.124136,-84.8482
1139.0,-0.124146,-84.8544
1139.05,-0.12416,-84.8606
1139.1,-0.124158,-84.8668
1139.15,-0.124143,-84.8731
1139.2,-0.124154,-84.8793
1139.25,-0.124155,-84.8855
1139.3,-0.124162,-84.8917
1139.35,-0.124165,-84.8979
1139.4,-0.124162,-84.9041
1139.45,-0.124165,-84.9103
1139.5,-0.124159,-84.9165
1139.55,-0.124155,-84.9227
1139.6,-0.124147,-84.9289
1139.65,-0.124151,-84.9351
1139.7,-0.124151,-84.9413
1139.75,-0.124162,-84.9475
1139.8,-0.124169,-84.9538
1139.85,-0.124167,-84.96
1139.9,-0.124165,-84.9662
1139.95,-0.124168,-84.9724
1140.0,-0.124169,-84.9786
1140.05,-0.124172,-84.9848
1140.1,-0.124163,-84.991
1140.15,-0.124158,-84.9972
1140.2,-0.124148,-85.0034
1140.25,-0.124157,-85.0096
1140.3,-0.124161,-85.0158
1140.35,-0.124175,-85.022
1140.4,-0.124182,-85.0283
1140.45,-0.124183,-85.0345
1140.5,-0.124188,-85.0407
1140.55,-0.12418,-85.0469
1140.6,-0.124178,-85.0531
1140.65,-0.124177,-85.0593
1140.7,-0.124179,-85.0655
1140.75,-0.124169,-85.0717
1140.8,-0.124179,-85.0779
1140.85,-0.124172,-85.0841
1140.9,-0.124182,-85.0903
1140.95,-0.124179,-85.0965
1141.0,-0.124169,-85.1028
1141.05,-0.124187,-85.109
1141.1,-0.124192,-85.1152
1141.15,-0.124187,-85.1214
1141.2,-0.124203,-85.1276
1141.25,-0.124205,-85.1338
1141.3,-0.124205,-85.14
1141.35,-0.124203,-85.1462
1141.4,-0.124206,-85.1524
1141.45,-0.124205,-85.1587
1141.5,-0.124196,-85.1649
1141.55,-0.124196,-85.1711
1141.6,-0.12419,-85.1773
1141.65,-0.124197,-85.1835
1141.7,-0.124205,-85.1897
1141.75,-0.124203,-85.1959
1141.8,-0.12421,-85.2021
1141.85,-0.124231,-85.2083
1141.9,-0.124219,-85.2145
1141.95,-0.124205,-85.2208
1142.0,-0.124216,-85.227
1142.05,-0.124226,-85.2332
1142.1,-0.124228,-85.2394
1142.15,-0.124226,-85.2456
1142.2,-0.124227,-85.2518
1142.25,-0.124219,-85.258
1142.3,-0.124244,-85.2642
1142.35,-0.124248,-85.2704
1142.4,-0.124247,-85.2767
1142.45,-0.124256,-85.2829
1142.5,-0.124249,-85.2891
1142.55,-0.124249,-85.2953
1142.6,-0.124249,-85.3015
1142.65,-0.12427,-85.3077
1142.7,-0.124273,-85.3139
1142.75,-0.124279,-85.3201
1142.8,-0.124286,-85.3264
1142.85,-0.124289,-85.3326
1142.9,-0.1243,-85.3388
1142.95,-0.124291,-85.345
1143.0,-0.124303,-85.3512
1143.05,-0.124319,-85.3574
1143.1,-0.124309,-85.3637
1143.15,-0.124325,-85.3699
1143.2,-0.124325,-85.3761
1143.25,-0.124325,-85.3823
1143.3,-0.124338,-85.3885
1143.35,-0.124334,-85.3947
1143.4,-0.124338,-85.401
1143.45,-0.124329,-85.4072
1143.5,-0.124345,-85.4134
1143.55,-0.124363,-85.4196
1143.6,-0.124364,-85.4258
1143.65,-0.124362,-85.432
1143.7,-0.12437,-85.4383
1143.75,-0.124364,-85.4445
1143.8,-0.124369,-85.4507
1143.85,-0.124366,-85.4569
1143.9,-0.124374,-85.4631
1143.95,-0.124371,-85.4694
1144.0,-0.124376,-85.4756
1144.05,-0.12439,-85.4818
1144.1,-0.124379,-85.488
1144.15,-0.124391,-85.4942
1144.2,-0.124381,-85.5005
1144.25,-0.12438,-85.5067
1144.3,-0.124383,-85.5129
1144.35,-0.124375,-85.5191
1144.4,-0.124383,-85.5253
1144.45,-0.124387,-85.5315
1144.5,-0.124372,-85.5378
1144.55,-0.124376,-85.544
1144.6,-0.124365,-85.5502
1144.65,-0.124376,-85.5564
1144.7,-0.124381,-85.5626
1144.75,-0.124381,-85.5689
1144.8,-0.124369,-85.5751
1144.85,-0.124385,-85.5813
1144.9,-0.124425,-85.5875
1144.95,-0.124441,-85.5937
1145.0,-0.12445,-85.6
1145.05,-0.124437,-85.6062
1145.1,-0.124427,-85.6124
1145.15,-0.124422,-85.6186
1145.2,-0.124415,-85.6248
1145.25,-0.124427,-85.6311
1145.3,-0.124441,-85.6373
1145.35,-0.124442,-85.6435
1145.4,-0.124436,-85.6497
1145.45,-0.124435,-85.656
1145.5,-0.124427,-85.6622
1145.55,-0.12443,-85.6684
1145.6,-0.124442,-85.6746
1145.65,-0.124449,-85.6808
1145.7,-0.124442,-85.6871
1145.75,-0.124458,-85.6933
1145.8,-0.124461,-85.6995
1145.85,-0.124463,-85.7057
1145.9,-0.12446,-85.712
1145.95,-0.12446,-85.7182
1146.0,-0.124458,-85.7244
1146.05,-0.124453,-85.7306
1146.1,-0.124457,-85.7368
1146.15,-0.124464,-85.7431
1146.2,-0.124459,-85.7493
1146.25,-0.124457,-85.7555
1146.3,-0.124475,-85.7617
1146.35,-0.124469,-85.768
1146.4,-0.124482,-85.7742
1146.45,-0.124472,-85.7804
1146.5,-0.124469,-85.7866
1146.55,-0.124496,-85.7929
1146.6,-0.124491,-85.7991
1146.65,-0.124497,-85.8053
1146.7,-0.124492,-85.8115
1146.75,-0.124491,-85.8178
1146.8,-0.124499,-85.824
1146.85,-0.124509,-85.8302
1146.9,-0.124512,-85.8364
1146.95,-0.124526,-85.8427
1147.0,-0.124522,-85.8489
1147.05,-0.12453,-85.8551
1147.1,-0.124535,-85.8613
1147.15,-0.124517,-85.8676
1147.2,-0.124528,-85.8738
1147.25,-0.124538,-85.88
1147.3,-0.124531,-85.8862
1147.35,-0.124546,-85.8925
1147.4,-0.124562,-85.8987
1147.45,-0.12456,-85.9049
1147.5,-0.12457,-85.9112
1147.55,-0.124564,-85.9174
1147.6,-0.124567,-85.9236
1147.65,-0.124549,-85.9298
1147.7,-0.124557,-85.9361
1147.75,-0.124567,-85.9423
1147.8,-0.124575,-85.9485
1147.85,-0.124595,-85.9548
1147.9,-0.124579,-85.961
1147.95,-0.12458,-85.9672
1148.0,-0.124589,-85.9734
1148.05,-0.124589,-85.9797
1148.1,-0.124603,-85.9859
1148.15,-0.124614,-85.9921
1148.2,-0.124603,-85.9984
1148.25,-0.12461,-86.0046
1148.3,-0.124605,-86.0108
1148.35,-0.124604,-86.0171
1148.4,-0.124617,-86.0233
1148.45,-0.124611,-86.0295
1148.5,-0.124606,-86.0357
1148.55,-0.124617,-86.042
1148.6,-0.124617,-86.0482
1148.65,-0.124615,-86.0544
1148.7,-0.124624,-86.0607
1148.75,-0.124625,-86.0669
1148.8,-0.12464,-86.0731
1148.85,-0.124634,-86.0794
1148.9,-0.124647,-86.0856
1148.95,-0.124645,-86.0918
1149.0,-0.124655,-86.0981
1149.05,-0.124647,-86.1043
1149.1,-0.124652,-86.1105
1149.15,-0.12466,-86.1168
1149.2,-0.124651,-86.123
1149.25,-0.124652,-86.1292
1149.3,-0.124664,-86.1355
1149.35,-0.124678,-86.1417
1149.4,-0.124678,-86.1479
1149.45,-0.124681,-86.1542
1149.5,-0.124678,-86.1604
1149.55,-0.124681,-86.1666
1149.6,-0.124687,-86.1729
1149.65,-0.124687,-86.1791
1149.7,-0.124693,-86.1853
1149.75,-0.124707,-86.1916
1149.8,-0.124711,-86.1978
1149.85,-0.124728,-86.204
1149.9,-0.124735,-86.2103
1149.95,-0.124738,-86.2165
1150.0,-0.124745,-86.2227
1150.05,-0.124749,-86.229
1150.1,-0.124762,-86.2352
1150.15,-0.124765,-86.2415
1150.2,-0.12476,-86.2477
1150.25,-0.124775,-86.2539
1150.3,-0.124781,-86.2602
1150.35,-0.124791,-86.2664
1150.4,-0.124795,-86.2727
1150.45,-0.1248,-86.2789
1150.5,-0.124807,-86.2851
1150.55,-0.124814,-86.2914
1150.6,-0.124808,-86.2976
1150.65,-0.124822,-86.3039
1150.7,-0.124817,-86.3101
1150.75,-0.124827,-86.3163
1150.8,-0.124827,-86.3226
1150.85,-0.124839,-86.3288
1150.9,-0.124848,-86.3351
1150.95,-0.124835,-86.3413
1151.0,-0.124826,-86.3475
1151.05,-0.124833,-86.3538
1151.1,-0.124829,-86.36
1151.15,-0.124828,-86.3663
1151.2,-0.124839,-86.3725
1151.25,-0.124837,-86.3788
1151.3,-0.124844,-86.385
1151.35,-0.124838,-86.3912
1151.4,-0.124834,-86.3975
1151.45,-0.124848,-86.4037
1151.5,-0.12485,-86.41
1151.55,-0.124859,-86.4162
1151.6,-0.124866,-86.4225
1151.65,-0.124861,-86.4287
1151.7,-0.124864,-86.4349
1151.75,-0.124874,-86.4412
1151.8,-0.124876,-86.4474
1151.85,-0.124885,-86.4537
1151.9,-0.124907,-86.4599
1151.95,-0.124915,-86.4662
1152.0,-0.124904,-86.4724
1152.05,-0.124907,-86.4787
1152.1,-0.124904,-86.4849
1152.15,-0.124915,-86.4911
1152.2,-0.124903,-86.4974
1152.25,-0.124923,-86.5036
1152.3,-0.124921,-86.5099
1152.35,-0.124935,-86.5161
1152.4,-0.124933,-86.5224
1152.45,-0.124935,-86.5286
1152.5,-0.124948,-86.5349
1152.55,-0.124943,-86.5411
1152.6,-0.124947,-86.5474
1152.65,-0.124958,-86.5536
1152.7,-0.124943,-86.5599
1152.75,-0.124943,-86.5661
1152.8,-0.124955,-86.5724
1152.85,-0.124961,-86.5786
1152.9,-0.124961,-86.5849
1152.95,-0.124971,-86.5911
1153.0,-0.124979,-86.5974
1153.05,-0.124955,-86.6036
1153.1,-0.124964,-86.6098
1153.15,-0.124969,-86.6161
1153.2,-0.124976,-86.6223
1153.25,-0.124982,-86.6286
1153.3,-0.124979,-86.6348
1153.35,-0.124995,-86.6411
1153.4,-0.124991,-86.6473
1153.45,-0.124997,-86.6536
1153.5,-0.125002,-86.6598
1153.55,-0.125005,-86.6661
1153.6,-0.125012,-86.6723
1153.65,-0.12502,-86.6786
1153.7,-0.125012,-86.6848
1153.75,-0.12503,-86.6911
1153.8,-0.125029,-86.6973
1153.85,-0.12503,-86.7036
1153.9,-0.125026,-86.7098
1153.95,-0.125029,-86.7161
1154.0,-0.12503,-86.7224
1154.05,-0.125029,-86.7286
1154.1,-0.125035,-86.7349
1154.15,-0.125037,-86.7411
1154.2,-0.125044,-86.7474
1154.25,-0.12504,-86.7536
1154.3,-0.125034,-86.7599
1154.35,-0.125041,-86.7661
1154.4,-0.125051,-86.7724
1154.45,-0.125047,-86.7786
1154.5,-0.125044,-86.7849
1154.55,-0.12505,-86.7911
1154.6,-0.125062,-86.7974
1154.65,-0.125068,-86.8036
1154.7,-0.125083,-86.8099
1154.75,-0.125071,-86.8161
1154.8,-0.125074,-86.8224
1154.85,-0.125076,-86.8286
1154.9,-0.12507,-86.8349
1154.95,-0.125073,-86.8412
1155.0,-0.125082,-86.8474
1155.05,-0.125086,-86.8537
1155.1,-0.125088,-86.8599
1155.15,-0.125093,-86.8662
1155.2,-0.125078,-86.8724
1155.25,-0.125089,-86.8787
1155.3,-0.12509,-86.8849
1155.35,-0.125096,-86.8912
1155.4,-0.125115,-86.8974
1155.45,-0.125102,-86.9037
1155.5,-0.125106,-86.91
1155.55,-0.125098,-86.9162
1155.6,-0.125088,-86.9225
1155.65,-0.125098,-86.9287
1155.7,-0.125107,-86.935
1155.75,-0.125114,-86.9412
1155.8,-0.1251,-86.9475
1155.85,-0.125112,-86.9537
1155.9,-0.12512,-86.96
1155.95,-0.125123,-86.9663
1156.0,-0.125127,-86.9725
1156.05,-0.125122,-86.9788
1156.1,-0.125132,-86.985
1156.15,-0.12514,-86.9913
1156.2,-0.125141,-86.9975
1156.25,-0.125153,-87.0038
1156.3,-0.125143,-87.01
1156.35,-0.125165,-87.0163
1156.4,-0.125165,-87.0226
1156.45,-0.125169,-87.0288
1156.5,-0.125182,-87.0351
1156.55,-0.125183,-87.0413
1156.6,-0.125183,-87.0476
1156.65,-0.125186,-87.0539
1156.7,-0.125186,-87.0601
1156.75,-0.125183,-87.0664
1156.8,-0.125194,-87.0726
1156.85,-0.125212,-87.0789
1156.9,-0.125205,-87.0852
1156.95,-0.125199,-87.0914
1157.0,-0.125196,-87.0977
1157.05,-0.125212,-87.1039
1157.1,-0.125208,-87.1102
1157.15,-0.125211,-87.1165
1157.2,-0.125225,-87.1227
1157.25,-0.125231,-87.129
1157.3,-0.125229,-87.1352
1157.35,-0.125226,-87.1415
1157.4,-0.125228,-87.1478
1157.45,-0.125232,-87.154
1157.5,-0.12524,-87.1603
1157.55,-0.125243,-87.1666
1157.6,-0.125251,-87.1728
1157.65,-0.125238,-87.1791
1157.7,-0.125239,-87.1853
1157.75,-0.125238,-87.1916
1157.8,-0.125252,-87.1979
1157.85,-0.125267,-87.2041
1157.9,-0.125271,-87.2104
1157.95,-0.125282,-87.2167
1158.0,-0.125281,-87.2229
1158.05,-0.125276,-87.2292
1158.1,-0.125279,-87.2355
1158.15,-0.125297,-87.2417
1158.2,-0.125294,-87.248
1158.25,-0.125301,-87.2542
1158.3,-0.125299,-87.2605
1158.35,-0.125311,-87.2668
1158.4,-0.125325,-87.273
1158.45,-0.125317,-87.2793
1158.5,-0.125341,-87.2856
1158.55,-0.125347,-87.2918
1158.6,-0.125345,-87.2981
1158.65,-0.125353,-87.3044
1158.7,-0.125348,-87.3106
1158.75,-0.125354,-87.3169
1158.8,-0.125355,-87.3232
1158.85,-0.125361,-87.3294
1158.9,-0.125368,-87.3357
1158.95,-0.125384,-87.342
1159.0,-0.125382,-87.3483
1159.05,-0.125378,-87.3545
1159.1,-0.125392,-87.3608
1159.15,-0.125384,-87.3671
1159.2,-0.125387,-87.3733
1159.25,-0.125402,-87.3796
1159.3,-0.125397,-87.3859
1159.35,-0.12542,-87.3921
1159.4,-0.125405,-87.3984
1159.45,-0.125408,-87.4047
1159.5,-0.125413,-87.4109
1159.55,-0.125422,-87.4172
1159.6,-0.125424,-87.4235
1159.65,-0.125426,-87.4298
1159.7,-0.125431,-87.436
1159.75,-0.125438,-87.4423
1159.8,-0.125441,-87.4486
1159.85,-0.125443,-87.4549
1159.9,-0.125455,-87.4611
1159.95,-0.125453,-87.4674
1160.0,-0.125445,-87.4737
1160.05,-0.12546,-87.4799
1160.1,-0.12545,-87.4862
1160.15,-0.125462,-87.4925
1160.2,-0.125466,-87.4988
1160.25,-0.125471,-87.505
1160.3,-0.125466,-87.5113
1160.35,-0.125477,-87.5176
1160.4,-0.125487,-87.5239
1160.45,-0.125482,-87.5301
1160.5,-0.125491,-87.5364
1160.55,-0.125503,-87.5427
1160.6,-0.125514,-87.549
1160.65,-0.125529,-87.5552
1160.7,-0.125514,-87.5615
1160.75,-0.125522,-87.5678
1160.8,-0.125523,-87.5741
1160.85,-0.12554,-87.5803
1160.9,-0.125548,-87.5866
1160.95,-0.125552,-87.5929
1161.0,-0.125556,-87.5992
1161.05,-0.125572,-87.6055
1161.1,-0.125565,-87.6117
1161.15,-0.125557,-87.618
1161.2,-0.12558,-87.6243
1161.25,-0.125585,-87.6306
1161.3,-0.125587,-87.6368
1161.35,-0.125602,-87.6431
1161.4,-0.125616,-87.6494
1161.45,-0.125612,-87.6557
1161.5,-0.125627,-87.662
1161.55,-0.125634,-87.6683
1161.6,-0.125637,-87.6745
1161.65,-0.125656,-87.6808
1161.7,-0.125668,-87.6871
1161.75,-0.12568,-87.6934
1161.8,-0.1257,-87.6997
1161.85,-0.125691,-87.7059
1161.9,-0.125693,-87.7122
1161.95,-0.125711,-87.7185
1162.0,-0.125715,-87.7248
1162.05,-0.12573,-87.7311
1162.1,-0.125738,-87.7374
1162.15,-0.125737,-87.7437
1162.2,-0.125747,-87.75
1162.25,-0.125752,-87.7562
1162.3,-0.125757,-87.7625
1162.35,-0.125766,-87.7688
1162.4,-0.125774,-87.7751
1162.45,-0.125779,-87.7814
1162.5,-0.12578,-87.7877
1162.55,-0.125797,-87.794
1162.6,-0.125794,-87.8003
1162.65,-0.125792,-87.8066
1162.7,-0.125792,-87.8128
1162.75,-0.125811,-87.8191
1162.8,-0.125805,-87.8254
1162.85,-0.125805,-87.8317
1162.9,-0.125812,-87.838
1162.95,-0.125806,-87.8443
1163.0,-0.125805,-87.8506
1163.05,-0.125814,-87.8569
1163.1,-0.125822,-87.8632
1163.15,-0.125815,-87.8695
1163.2,-0.125812,-87.8757
1163.25,-0.125814,-87.882
1163.3,-0.125821,-87.8883
1163.35,-0.125826,-87.8946
1163.4,-0.125839,-87.9009
1163.45,-0.125845,-87.9072
1163.5,-0.125855,-87.9135
1163.55,-0.125848,-87.9198
1163.6,-0.125872,-87.9261
1163.65,-0.125868,-87.9324
1163.7,-0.125868,-87.9387
1163.75,-0.125867,-87.945
1163.8,-0.125864,-87.9513
1163.85,-0.125871,-87.9576
1163.9,-0.125888,-87.9638
1163.95,-0.125879,-87.9701
1164.0,-0.125869,-87.9764
1164.05,-0.125875,-87.9827
1164.1,-0.125891,-87.989
1164.15,-0.125891,-87.9953
1164.2,-0.12589,-88.0016
1164.25,-0.125893,-88.0079
1164.3,-0.125895,-88.0142
1164.35,-0.125941,-88.0205
1164.4,-0.125932,-88.0268
1164.45,-0.125957,-88.0331
1164.5,-0.125963,-88.0394
1164.55,-0.125961,-88.0457
1164.6,-0.125966,-88.052
1164.65,-0.125956,-88.0583
1164.7,-0.125971,-88.0646
1164.75,-0.125986,-88.0709
1164.8,-0.125987,-88.0772
1164.85,-0.126008,-88.0835
1164.9,-0.126006,-88.0898
1164.95,-0.126015,-88.0961
1165.0,-0.126022,-88.1024
1165.05,-0.126003,-88.1087
1165.1,-0.126003,-88.115
1165.15,-0.126012,-88.1213
1165.2,-0.126015,-88.1276
1165.25,-0.126025,-88.1339
1165.3,-0.126016,-88.1402
1165.35,-0.126018,-88.1465
1165.4,-0.126034,-88.1528
1165.45,-0.126032,-88.1591
1165.5,-0.126034,-88.1654
1165.55,-0.126032,-88.1717
1165.6,-0.126041,-88.178
1165.65,-0.12604,-88.1843
1165.7,-0.12603,-88.1906
1165.75,-0.126025,-88.1969
1165.8,-0.126031,-88.2032
1165.85,-0.126039,-88.2095
1165.9,-0.126031,-88.2158
1165.95,-0.126038,-88.2221
1166.0,-0.126051,-88.2284
1166.05,-0.126064,-88.2347
1166.1,-0.126067,-88.241
1166.15,-0.12606,-88.2473
1166.2,-0.126065,-88.2536
1166.25,-0.12606,-88.2599
1166.3,-0.12605,-88.2662
1166.35,-0.126066,-88.2725
1166.4,-0.126076,-88.2788
1166.45,-0.126076,-88.2851
1166.5,-0.126067,-88.2914
1166.55,-0.126073,-88.2977
1166.6,-0.126082,-88.3041
1166.65,-0.126076,-88.3104
1166.7,-0.126085,-88.3167
1166.75,-0.126091,-88.323
1166.8,-0.126084,-88.3293
1166.85,-0.126087,-88.3356
1166.9,-0.126091,-88.3419
1166.95,-0.1261,-88.3482
1167.0,-0.126091,-88.3545
1167.05,-0.126094,-88.3608
1167.1,-0.126102,-88.3671
1167.15,-0.126099,-88.3734
1167.2,-0.126113,-88.3797
1167.25,-0.126102,-88.386
1167.3,-0.1261,-88.3923
1167.35,-0.126105,-88.3986
1167.4,-0.126103,-88.4049
1167.45,-0.126097,-88.4112
1167.5,-0.126098,-88.4175
1167.55,-0.126107,-88.4238
1167.6,-0.12611,-88.4301
1167.65,-0.126104,-88.4365
1167.7,-0.126112,-88.4428
1167.75,-0.126104,-88.4491
1167.8,-0.126097,-88.4554
1167.85,-0.126112,-88.4617
1167.9,-0.126125,-88.468
1167.95,-0.126124,-88.4743
1168.0,-0.126121,-88.4806
1168.05,-0.12613,-88.4869
1168.1,-0.126128,-88.4932
1168.15,-0.12612,-88.4995
1168.2,-0.126133,-88.5058
1168.25,-0.12613,-88.5121
1168.3,-0.12614,-88.5184
1168.35,-0.126139,-88.5247
1168.4,-0.126135,-88.531
1168.45,-0.126149,-88.5374
1168.5,-0.126149,-88.5437
1168.55,-0.12615,-88.55
1168.6,-0.126158,-88.5563
1168.65,-0.126155,-88.5626
1168.7,-0.126163,-88.5689
1168.75,-0.126162,-88.5752
1168.8,-0.126167,-88.5815
1168.85,-0.126158,-88.5878
1168.9,-0.126162,-88.5941
1168.95,-0.12617,-88.6004
1169.0,-0.126187,-88.6067
1169.05,-0.126192,-88.6131
1169.1,-0.126178,-88.6194
1169.15,-0.126196,-88.6257
1169.2,-0.126192,-88.632
1169.25,-0.126194,-88.6383
1169.3,-0.126195,-88.6446
1169.35,-0.126192,-88.6509
1169.4,-0.126188,-88.6572
1169.45,-0.126189,-88.6635
1169.5,-0.126193,-88.6698
1169.55,-0.126194,-88.6761
1169.6,-0.126198,-88.6825
1169.65,-0.1262,-88.6888
1169.7,-0.126199,-88.6951
1169.75,-0.126207,-88.7014
1169.8,-0.126209,-88.7077
1169.85,-0.126204,-88.714
1169.9,-0.126197,-88.7203
1169.95,-0.1262,-88.7266
1170.0,-0.126196,-88.7329
1170.05,-0.126195,-88.7393
1170.1,-0.126202,-88.7456
1170.15,-0.126204,-88.7519
1170.2,-0.126207,-88.7582
1170.25,-0.126204,-88.7645
1170.3,-0.126206,-88.7708
1170.35,-0.126208,-88.7771
1170.4,-0.126201,-88.7834
1170.45,-0.126199,-88.7897
1170.5,-0.126212,-88.796
1170.55,-0.126217,-88.8024
1170.6,-0.126217,-88.8087
1170.65,-0.126214,-88.815
1170.7,-0.126226,-88.8213
1170.75,-0.126224,-88.8276
1170.8,-0.126225,-88.8339
1170.85,-0.126231,-88.8402
1170.9,-0.126238,-88.8465
1170.95,-0.126236,-88.8528
1171.0,-0.126233,-88.8592
1171.05,-0.126243,-88.8655
1171.1,-0.126248,-88.8718
1171.15,-0.126244,-88.8781
1171.2,-0.12625,-88.8844
1171.25,-0.126278,-88.8907
1171.3,-0.126288,-88.897
1171.35,-0.1263,-88.9033
1171.4,-0.126293,-88.9097
1171.45,-0.126309,-88.916
1171.5,-0.12631,-88.9223
1171.55,-0.126317,-88.9286
1171.6,-0.126324,-88.9349
1171.65,-0.12633,-88.9412
1171.7,-0.126336,-88.9476
1171.75,-0.126343,-88.9539
1171.8,-0.126357,-88.9602
1171.85,-0.126367,-88.9665
1171.9,-0.126357,-88.9728
1171.95,-0.126361,-88.9791
1172.0,-0.126357,-88.9855
1172.05,-0.126358,-88.9918
1172.1,-0.126373,-88.9981
1172.15,-0.126389,-89.0044
1172.2,-0.126395,-89.0107
1172.25,-0.126404,-89.0171
1172.3,-0.126401,-89.0234
1172.35,-0.126396,-89.0297
1172.4,-0.126403,-89.036
1172.45,-0.126413,-89.0423
1172.5,-0.126418,-89.0487
1172.55,-0.126436,-89.055
1172.6,-0.126438,-89.0613
1172.65,-0.126439,-89.0676
1172.7,-0.126439,-89.074
1172.75,-0.126443,-89.0803
1172.8,-0.126447,-89.0866
1172.85,-0.126458,-89.0929
1172.9,-0.126445,-89.0992
1172.95,-0.126461,-89.1056
1173.0,-0.126469,-89.1119
1173.05,-0.126457,-89.1182
1173.1,-0.126572,-89.1245
1173.15,-0.126592,-89.1309
1173.2,-0.12659,-89.1372
1173.25,-0.126594,-89.1435
1173.3,-0.126583,-89.1499
1173.35,-0.126582,-89.1562
1173.4,-0.126568,-89.1625
1173.45,-0.126561,-89.1688
1173.5,-0.126551,-89.1752
1173.55,-0.126563,-89.1815
1173.6,-0.126564,-89.1878
1173.65,-0.126558,-89.1942
1173.7,-0.126573,-89.2005
1173.75,-0.126557,-89.2068
1173.8,-0.12657,-89.2131
1173.85,-0.126567,-89.2195
1173.9,-0.126555,-89.2258
1173.95,-0.126561,-89.2321
1174.0,-0.126553,-89.2384
1174.05,-0.126559,-89.2448
1174.1,-0.126567,-89.2511
1174.15,-0.126557,-89.2574
1174.2,-0.126556,-89.2638
1174.25,-0.126552,-89.2701
1174.3,-0.126556,-89.2764
1174.35,-0.126553,-89.2827
1174.4,-0.126565,-89.2891
1174.45,-0.126555,-89.2954
1174.5,-0.126555,-89.3017
1174.55,-0.12656,-89.3081
1174.6,-0.12658,-89.3144
1174.65,-0.126566,-89.3207
1174.7,-0.126563,-89.327
1174.75,-0.126558,-89.3334
1174.8,-0.126568,-89.3397
1174.85,-0.126569,-89.346
1174.9,-0.126571,-89.3524
1174.95,-0.126565,-89.3587
1175.0,-0.126561,-89.365
1175.05,-0.126562,-89.3713
1175.1,-0.126549,-89.3777
1175.15,-0.126553,-89.384
1175.2,-0.126546,-89.3903
1175.25,-0.126553,-89.3966
1175.3,-0.126557,-89.403
1175.35,-0.126564,-89.4093
1175.4,-0.126557,-89.4156
1175.45,-0.126551,-89.422
1175.5,-0.126543,-89.4283
1175.55,-0.12656,-89.4346
1175.6,-0.126556,-89.4409
1175.65,-0.126559,-89.4473
1175.7,-0.126548,-89.4536
1175.75,-0.126555,-89.4599
1175.8,-0.126557,-89.4663
1175.85,-0.126548,-89.4726
1175.9,-0.126533,-89.4789
1175.95,-0.126556,-89.4852
1176.0,-0.126545,-89.4916
1176.05,-0.126541,-89.4979
1176.1,-0.126551,-89.5042
1176.15,-0.126552,-89.5105
1176.2,-0.126548,-89.5169
1176.25,-0.126559,-89.5232
1176.3,-0.126565,-89.5295
1176.35,-0.126562,-89.5359
1176.4,-0.12656,-89.5422
1176.45,-0.126566,-89.5485
1176.5,-0.12656,-89.5548
1176.55,-0.12657,-89.5612
1176.6,-0.126579,-89.5675
1176.65,-0.126586,-89.5738
1176.7,-0.126591,-89.5802
1176.75,-0.126597,-89.5865
1176.8,-0.126586,-89.5928
1176.85,-0.126588,-89.5991
1176.9,-0.12659,-89.6055
1176.95,-0.126589,-89.6118
1177.0,-0.126589,-89.6181
1177.05,-0.126602,-89.6245
1177.1,-0.126605,-89.6308
1177.15,-0.126606,-89.6371
1177.2,-0.126592,-89.6435
1177.25,-0.126608,-89.6498
1177.3,-0.126617,-89.6561
1177.35,-0.126616,-89.6624
1177.4,-0.126632,-89.6688
1177.45,-0.126611,-89.6751
1177.5,-0.126631,-89.6814
1177.55,-0.126619,-89.6878
1177.6,-0.126612,-89.6941
1177.65,-0.126618,-89.7004
1177.7,-0.126633,-89.7068
1177.75,-0.12663,-89.7131
1177.8,-0.126617,-89.7194
1177.85,-0.126631,-89.7258
1177.9,-0.126636,-89.7321
1177.95,-0.126622,-89.7384
1178.0,-0.126618,-89.7448
1178.05,-0.126625,-89.7511
1178.1,-0.126625,-89.7574
1178.15,-0.12663,-89.7637
1178.2,-0.12663,-89.7701
1178.25,-0.126673,-89.7764
1178.3,-0.126681,-89.7827
1178.35,-0.126686,-89.7891
1178.4,-0.12668,-89.7954
1178.45,-0.126679,-89.8018
1178.5,-0.126679,-89.8081
1178.55,-0.126686,-89.8144
1178.6,-0.126681,-89.8207
1178.65,-0.126677,-89.8271
1178.7,-0.126687,-89.8334
1178.75,-0.126681,-89.8398
1178.8,-0.126678,-89.8461
1178.85,-0.1267,-89.8524
1178.9,-0.126702,-89.8588
1178.95,-0.126693,-89.8651
1179.0,-0.126688,-89.8714
1179.05,-0.126694,-89.8778
1179.1,-0.126682,-89.8841
1179.15,-0.126684,-89.8904
1179.2,-0.126697,-89.8968
1179.25,-0.126692,-89.9031
1179.3,-0.126683,-89.9094
1179.35,-0.126701,-89.9158
1179.4,-0.126697,-89.9221
1179.45,-0.126703,-89.9284
1179.5,-0.126706,-89.9348
1179.55,-0.126706,-89.9411
1179.6,-0.12671,-89.9474
1179.65,-0.126709,-89.9538
1179.7,-0.126676,-89.9601
1179.75,-0.126688,-89.9664
1179.8,-0.126687,-89.9728
1179.85,-0.126701,-89.9791
1179.9,-0.1267,-89.9855
1179.95,-0.126709,-89.9918
1180.0,-0.126714,-89.9981
1180.05,-0.126721,-90.0045
1180.1,-0.126727,-90.0108
1180.15,-0.126744,-90.0171
1180.2,-0.12676,-90.0235
1180.25,-0.126761,-90.0298
1180.3,-0.126774,-90.0361
1180.35,-0.126775,-90.0425
1180.4,-0.126784,-90.0488
1180.45,-0.126782,-90.0552
1180.5,-0.126787,-90.0615
1180.55,-0.126789,-90.0678
1180.6,-0.126791,-90.0742
1180.65,-0.126796,-90.0805
1180.7,-0.12679,-90.0869
1180.75,-0.126994,-90.0932
1180.8,-0.127099,-90.0996
1180.85,-0.127119,-90.1059
1180.9,-0.127128,-90.1123
1180.95,-0.127128,-90.1186
1181.0,-0.127122,-90.125
1181.05,-0.127131,-90.1313
1181.1,-0.12714,-90.1377
1181.15,-0.127141,-90.1441
1181.2,-0.127133,-90.1504
1181.25,-0.127124,-90.1568
1181.3,-0.127137,-90.1631
1181.35,-0.127128,-90.1695
1181.4,-0.127138,-90.1758
1181.45,-0.127128,-90.1822
1181.5,-0.12713,-90.1886
1181.55,-0.127126,-90.1949
1181.6,-0.127132,-90.2013
1181.65,-0.127134,-90.2076
1181.7,-0.127115,-90.214
1181.75,-0.127124,-90.2203
1181.8,-0.127112,-90.2267
1181.85,-0.127111,-90.233
1181.9,-0.127109,-90.2394
1181.95,-0.127107,-90.2458
1182.0,-0.12711,-90.2521
1182.05,-0.127106,-90.2585
1182.1,-0.127112,-90.2648
1182.15,-0.127116,-90.2712
1182.2,-0.127118,-90.2775
1182.25,-0.12712,-90.2839
1182.3,-0.127111,-90.2903
1182.35,-0.127125,-90.2966
1182.4,-0.127117,-90.303
1182.45,-0.127106,-90.3093
1182.5,-0.127108,-90.3157
1182.55,-0.127116,-90.322
1182.6,-0.127118,-90.3284
1182.65,-0.127131,-90.3347
1182.7,-0.12714,-90.3411
1182.75,-0.127125,-90.3475
1182.8,-0.127122,-90.3538
1182.85,-0.127124,-90.3602
1182.9,-0.127124,-90.3665
1182.95,-0.127122,-90.3729
1183.0,-0.127133,-90.3792
1183.05,-0.12713,-90.3856
1183.1,-0.127138,-90.392
1183.15,-0.127147,-90.3983
1183.2,-0.127146,-90.4047
1183.25,-0.127154,-90.411
1183.3,-0.127152,-90.4174
1183.35,-0.127158,-90.4237
1183.4,-0.127163,-90.4301
1183.45,-0.127152,-90.4365
1183.5,-0.127157,-90.4428
1183.55,-0.127147,-90.4492
1183.6,-0.127147,-90.4555
1183.65,-0.127145,-90.4619
1183.7,-0.127155,-90.4682
1183.75,-0.127155,-90.4746
1183.8,-0.127159,-90.481
1183.85,-0.127169,-90.4873
1183.9,-0.127163,-90.4937
1183.95,-0.127157,-90.5
1184.0,-0.127149,-90.5064
1184.05,-0.127156,-90.5127
1184.1,-0.127158,-90.5191
1184.15,-0.127165,-90.5255
1184.2,-0.127161,-90.5318
1184.25,-0.12717,-90.5382
1184.3,-0.127164,-90.5445
1184.35,-0.127152,-90.5509
1184.4,-0.127166,-90.5573
1184.45,-0.12717,-90.5636
1184.5,-0.127154,-90.57
1184.55,-0.127161,-90.5763
1184.6,-0.127137,-90.5827
1184.65,-0.127155,-90.589
1184.7,-0.127149,-90.5954
1184.75,-0.127158,-90.6018
1184.8,-0.127162,-90.6081
1184.85,-0.127171,-90.6145
1184.9,-0.127163,-90.6208
1184.95,-0.127154,-90.6272
1185.0,-0.127158,-90.6335
1185.05,-0.12716,-90.6399
1185.1,-0.127161,-90.6463
1185.15,-0.127165,-90.6526
1185.2,-0.127174,-90.659
1185.25,-0.127153,-90.6653
1185.3,-0.127162,-90.6717
1185.35,-0.127161,-90.6781
1185.4,-0.127166,-90.6844
1185.45,-0.127165,-90.6908
1185.5,-0.127164,-90.6971
1185.55,-0.127166,-90.7035
1185.6,-0.127169,-90.7098
1185.65,-0.127151,-90.7162
1185.7,-0.127158,-90.7226
1185.75,-0.12715,-90.7289
1185.8,-0.127161,-90.7353
1185.85,-0.127152,-90.7416
1185.9,-0.127161,-90.748
1185.95,-0.127168,-90.7543
1186.0,-0.127164,-90.7607
1186.05,-0.127159,-90.7671
1186.1,-0.127155,-90.7734
1186.15,-0.127162,-90.7798
1186.2,-0.127162,-90.7861
1186.25,-0.12716,-90.7925
1186.3,-0.127167,-90.7989
1186.35,-0.127161,-90.8052
1186.4,-0.127171,-90.8116
1186.45,-0.127169,-90.8179
1186.5,-0.127186,-90.8243
1186.55,-0.12718,-90.8307
1186.6,-0.127183,-90.837
1186.65,-0.127185,-90.8434
1186.7,-0.127205,-90.8497
1186.75,-0.127221,-90.8561
1186.8,-0.127223,-90.8624
1186.85,-0.127215,-90.8688
1186.9,-0.127228,-90.8752
1186.95,-0.127239,-90.8815
1187.0,-0.127222,-90.8879
1187.05,-0.127219,-90.8943
1187.1,-0.127229,-90.9006
1187.15,-0.127231,-90.907
1187.2,-0.127235,-90.9133
1187.25,-0.127233,-90.9197
1187.3,-0.127237,-90.9261
1187.35,-0.127231,-90.9324
1187.4,-0.127221,-90.9388
1187.45,-0.127225,-90.9452
1187.5,-0.127228,-90.9515
1187.55,-0.127231,-90.9579
1187.6,-0.127225,-90.9642
1187.65,-0.127235,-90.9706
1187.7,-0.127233,-90.977
1187.75,-0.127224,-90.9833
1187.8,-0.127227,-90.9897
1187.85,-0.127228,-90.996
1187.9,-0.127237,-91.0024
1187.95,-0.12724,-91.0088
1188.0,-0.127238,-91.0151
1188.05,-0.127239,-91.0215
1188.1,-0.127232,-91.0278
1188.15,-0.127247,-91.0342
1188.2,-0.127249,-91.0406
1188.25,-0.127262,-91.0469
1188.3,-0.127256,-91.0533
1188.35,-0.127264,-91.0597
1188.4,-0.127255,-91.066
1188.45,-0.127244,-91.0724
1188.5,-0.127261,-91.0788
1188.55,-0.127263,-91.0851
1188.6,-0.127254,-91.0915
1188.65,-0.127268,-91.0978
1188.7,-0.127276,-91.1042
1188.75,-0.127291,-91.1106
1188.8,-0.127301,-91.1169
1188.85,-0.127297,-91.1233
1188.9,-0.127308,-91.1297
1188.95,-0.127308,-91.136
1189.0,-0.127306,-91.1424
1189.05,-0.12731,-91.1488
1189.1,-0.127311,-91.1551
1189.15,-0.127308,-91.1615
1189.2,-0.127313,-91.1679
1189.25,-0.127317,-91.1742
1189.3,-0.12734,-91.1806
1189.35,-0.127338,-91.187
1189.4,-0.127345,-91.1933
1189.45,-0.127351,-91.1997
1189.5,-0.127356,-91.2061
1189.55,-0.127359,-91.2124
1189.6,-0.127361,-91.2188
1189.65,-0.127377,-91.2252
1189.7,-0.127388,-91.2315
1189.75,-0.127388,-91.2379
1189.8,-0.127392,-91.2443
1189.85,-0.127394,-91.2506
1189.9,-0.127398,-91.257
1189.95,-0.127406,-91.2634
1190.0,-0.127398,-91.2698
1190.05,-0.127419,-91.2761
1190.1,-0.127418,-91.2825
1190.15,-0.12742,-91.2889
1190.2,-0.127427,-91.2952
1190.25,-0.127433,-91.3016
1190.3,-0.127426,-91.308
1190.35,-0.127462,-91.3144
1190.4,-0.127452,-91.3207
1190.45,-0.12746,-91.3271
1190.5,-0.12746,-91.3335
1190.55,-0.127468,-91.3398
1190.6,-0.127465,-91.3462
1190.65,-0.127464,-91.3526
1190.7,-0.127469,-91.359
1190.75,-0.127472,-91.3653
1190.8,-0.127488,-91.3717
1190.85,-0.127484,-91.3781
1190.9,-0.127478,-91.3845
1190.95,-0.127477,-91.3908
1191.0,-0.127479,-91.3972
1191.05,-0.127485,-91.4036
1191.1,-0.127481,-91.41
1191.15,-0.127494,-91.4163
1191.2,-0.127489,-91.4227
1191.25,-0.127485,-91.4291
1191.3,-0.127474,-91.4355
1191.35,-0.127488,-91.4418
1191.4,-0.127501,-91.4482
1191.45,-0.127498,-91.4546
1191.5,-0.127492,-91.461
1191.55,-0.127495,-91.4673
1191.6,-0.127496,-91.4737
1191.65,-0.127496,-91.4801
1191.7,-0.127497,-91.4865
1191.75,-0.127493,-91.4928
1191.8,-0.127514,-91.4992
1191.85,-0.127507,-91.5056
1191.9,-0.127502,-91.512
1191.95,-0.127511,-91.5183
1192.0,-0.127519,-91.5247
1192.05,-0.127511,-91.5311
1192.1,-0.127518,-91.5375
1192.15,-0.127529,-91.5438
1192.2,-0.127525,-91.5502
1192.25,-0.127527,-91.5566
1192.3,-0.127525,-91.563
1192.35,-0.127523,-91.5693
1192.4,-0.127542,-91.5757
1192.45,-0.127542,-91.5821
1192.5,-0.127531,-91.5885
1192.55,-0.127535,-91.5948
1192.6,-0.127546,-91.6012
1192.65,-0.127551,-91.6076
1192.7,-0.127549,-91.614
1192.75,-0.127538,-91.6204
1192.8,-0.127555,-91.6267
1192.85,-0.127554,-91.6331
1192.9,-0.127553,-91.6395
1192.95,-0.127556,-91.6459
1193.0,-0.127563,-91.6522
1193.05,-0.127571,-91.6586
1193.1,-0.127563,-91.665
1193.15,-0.127575,-91.6714
1193.2,-0.127571,-91.6778
1193.25,-0.127575,-91.6841
1193.3,-0.127611,-91.6905
1193.35,-0.127619,-91.6969
1193.4,-0.127631,-91.7033
1193.45,-0.127625,-91.7097
1193.5,-0.127641,-91.716
1193.55,-0.127646,-91.7224
1193.6,-0.127647,-91.7288
1193.65,-0.127652,-91.7352
1193.7,-0.12766,-91.7416
1193.75,-0.127682,-91.748
1193.8,-0.127668,-91.7543
1193.85,-0.127689,-91.7607
1193.9,-0.127685,-91.7671
1193.95,-0.1277,-91.7735
1194.0,-0.127709,-91.7799
1194.05,-0.127712,-91.7863
1194.1,-0.127731,-91.7926
1194.15,-0.127739,-91.799
1194.2,-0.127743,-91.8054
1194.25,-0.127746,-91.8118
1194.3,-0.12775,-91.8182
1194.35,-0.127757,-91.8246
1194.4,-0.127761,-91.831
1194.45,-0.127766,-91.8374
1194.5,-0.127765,-91.8438
1194.55,-0.12777,-91.8501
1194.6,-0.127768,-91.8565
1194.65,-0.127779,-91.8629
1194.7,-0.127781,-91.8693
1194.75,-0.12778,-91.8757
1194.8,-0.127781,-91.8821
1194.85,-0.127781,-91.8885
1194.9,-0.127777,-91.8949
1194.95,-0.127775,-91.9013
1195.0,-0.12777,-91.9076
1195.05,-0.127774,-91.914
1195.1,-0.127791,-91.9204
1195.15,-0.127786,-91.9268
1195.2,-0.127788,-91.9332
1195.25,-0.127794,-91.9396
1195.3,-0.127792,-91.946
1195.35,-0.127806,-91.9524
1195.4,-0.127811,-91.9588
1195.45,-0.127804,-91.9651
1195.5,-0.127811,-91.9715
1195.55,-0.127805,-91.9779
1195.6,-0.127807,-91.9843
1195.65,-0.127807,-91.9907
1195.7,-0.127807,-91.9971
1195.75,-0.127792,-92.0035
1195.8,-0.127802,-92.0099
1195.85,-0.127807,-92.0163
1195.9,-0.127824,-92.0227
1195.95,-0.127834,-92.0291
1196.0,-0.127825,-92.0354
1196.05,-0.127818,-92.0418
1196.1,-0.127823,-92.0482
1196.15,-0.127824,-92.0546
1196.2,-0.127818,-92.061
1196.25,-0.127828,-92.0674
1196.3,-0.127835,-92.0738
1196.35,-0.127834,-92.0802
1196.4,-0.127829,-92.0866
1196.45,-0.127826,-92.093
1196.5,-0.127835,-92.0994
1196.55,-0.127847,-92.1058
1196.6,-0.127838,-92.1121
1196.65,-0.127838,-92.1185
1196.7,-0.127822,-92.1249
1196.75,-0.127828,-92.1313
1196.8,-0.12782,-92.1377
1196.85,-0.127812,-92.1441
1196.9,-0.127822,-92.1505
1196.95,-0.127821,-92.1569
1197.0,-0.127813,-92.1633
1197.05,-0.127826,-92.1697
1197.1,-0.127825,-92.1761
1197.15,-0.127825,-92.1824
1197.2,-0.127831,-92.1888
1197.25,-0.127836,-92.1952
1197.3,-0.127823,-92.2016
1197.35,-0.127846,-92.208
1197.4,-0.127848,-92.2144
1197.45,-0.127838,-92.2208
1197.5,-0.127838,-92.2272
1197.55,-0.127849,-92.2336
1197.6,-0.127849,-92.24
1197.65,-0.127845,-92.2464
1197.7,-0.127859,-92.2528
1197.75,-0.127851,-92.2591
1197.8,-0.12785,-92.2655
1197.85,-0.127853,-92.2719
1197.9,-0.127855,-92.2783
1197.95,-0.127855,-92.2847
1198.0,-0.127852,-92.2911
1198.05,-0.127855,-92.2975
1198.1,-0.127861,-92.3039
1198.15,-0.127855,-92.3103
1198.2,-0.127848,-92.3167
1198.25,-0.127844,-92.3231
1198.3,-0.127842,-92.3295
1198.35,-0.127835,-92.3359
1198.4,-0.127846,-92.3423
1198.45,-0.127859,-92.3486
1198.5,-0.127863,-92.355
1198.55,-0.127862,-92.3614
1198.6,-0.127856,-92.3678
1198.65,-0.127856,-92.3742
1198.7,-0.127846,-92.3806
1198.75,-0.127857,-92.387
1198.8,-0.127849,-92.3934
1198.85,-0.12785,-92.3998
1198.9,-0.127864,-92.4062
1198.95,-0.127848,-92.4126
1199.0,-0.127857,-92.419
1199.05,-0.127858,-92.4254
1199.1,-0.127857,-92.4318
1199.15,-0.127862,-92.4381
1199.2,-0.127875,-92.4445
1199.25,-0.127868,-92.4509
1199.3,-0.127864,-92.4573
1199.35,-0.127877,-92.4637
1199.4,-0.127876,-92.4701
1199.45,-0.127876,-92.4765
1199.5,-0.127877,-92.4829
1199.55,-0.127878,-92.4893
1199.6,-0.127863,-92.4957
1199.65,-0.127872,-92.5021
1199.7,-0.127882,-92.5085
1199.75,-0.127891,-92.5149
1199.8,-0.12789,-92.5213
1199.85,-0.127882,-92.5277
1199.9,-0.127895,-92.534
1199.95,-0.12789,-92.5405
1200.0,-0.127899,-92.5468
1200.05,-0.127911,-92.5532
1200.1,-0.127907,-92.5596
1200.15,-0.127917,-92.566
1200.2,-0.127921,-92.5724
1200.25,-0.127927,-92.5788
1200.3,-0.127935,-92.5852
1200.35,-0.12795,-92.5916
1200.4,-0.127943,-92.598
1200.45,-0.127944,-92.6044
1200.5,-0.127943,-92.6108
1200.55,-0.127947,-92.6172
1200.6,-0.127957,-92.6236
1200.65,-0.127957,-92.63
1200.7,-0.12794,-92.6364
1200.75,-0.12795,-92.6428
1200.8,-0.127959,-92.6492
1200.85,-0.127954,-92.6556
1200.9,-0.127954,-92.662
1200.95,-0.127968,-92.6684
1201.0,-0.127954,-92.6748
1201.05,-0.127955,-92.6812
1201.1,-0.127958,-92.6876
1201.15,-0.127965,-92.694
1201.2,-0.127972,-92.7004
1201.25,-0.127974,-92.7068
1201.3,-0.127979,-92.7132
1201.35,-0.127967,-92.7196
1201.4,-0.127965,-92.726
1201.45,-0.127965,-92.7324
1201.5,-0.127972,-92.7388
1201.55,-0.127969,-92.7452
1201.6,-0.127955,-92.7516
1201.65,-0.127958,-92.758
1201.7,-0.127961,-92.7644
1201.75,-0.127963,-92.7708
1201.8,-0.127959,-92.7772
1201.85,-0.127986,-92.7836
1201.9,-0.127983,-92.79
1201.95,-0.127987,-92.7964
1202.0,-0.127997,-92.8028
1202.05,-0.127993,-92.8092
1202.1,-0.128009,-92.8156
1202.15,-0.128021,-92.822
1202.2,-0.128026,-92.8284
1202.25,-0.128058,-92.8348
1202.3,-0.128062,-92.8412
1202.35,-0.128074,-92.8476
1202.4,-0.128081,-92.854
1202.45,-0.128076,-92.8604
1202.5,-0.128093,-92.8668
1202.55,-0.128094,-92.8732
1202.6,-0.128106,-92.8796
1202.65,-0.128105,-92.886
1202.7,-0.128117,-92.8924
1202.75,-0.128117,-92.8988
1202.8,-0.128124,-92.9052
1202.85,-0.128114,-92.9116
1202.9,-0.12812,-92.918
1202.95,-0.128115,-92.9244
1203.0,-0.128138,-92.9308
1203.05,-0.128146,-92.9372
1203.1,-0.128143,-92.9436
1203.15,-0.128145,-92.9501
1203.2,-0.128137,-92.9565
1203.25,-0.12814,-92.9629
1203.3,-0.128162,-92.9693
1203.35,-0.128161,-92.9757
1203.4,-0.128167,-92.9821
1203.45,-0.128161,-92.9885
1203.5,-0.128156,-92.9949
1203.55,-0.128159,-93.0013
1203.6,-0.128161,-93.0077
1203.65,-0.128164,-93.0141
1203.7,-0.128153,-93.0205
1203.75,-0.128158,-93.027
1203.8,-0.128164,-93.0334
1203.85,-0.128186,-93.0398
1203.9,-0.128192,-93.0462
1203.95,-0.128197,-93.0526
1204.0,-0.128214,-93.059
1204.05,-0.128215,-93.0654
1204.1,-0.12822,-93.0718
1204.15,-0.128212,-93.0782
1204.2,-0.128207,-93.0846
1204.25,-0.128214,-93.0911
1204.3,-0.128217,-93.0975
1204.35,-0.128228,-93.1039
1204.4,-0.12823,-93.1103
1204.45,-0.128229,-93.1167
1204.5,-0.128233,-93.1231
1204.55,-0.128232,-93.1295
1204.6,-0.128234,-93.1359
1204.65,-0.128229,-93.1423
1204.7,-0.128227,-93.1488
1204.75,-0.128227,-93.1552
1204.8,-0.128225,-93.1616
1204.85,-0.12823,-93.168
1204.9,-0.128233,-93.1744
1204.95,-0.128229,-93.1808
1205.0,-0.128235,-93.1872
1205.05,-0.128249,-93.1936
1205.1,-0.128241,-93.2001
1205.15,-0.128248,-93.2065
1205.2,-0.128249,-93.2129
1205.25,-0.128258,-93.2193
1205.3,-0.128257,-93.2257
1205.35,-0.128257,-93.2321
1205.4,-0.128259,-93.2385
1205.45,-0.128261,-93.2449
1205.5,-0.128269,-93.2514
1205.55,-0.12826,-93.2578
1205.6,-0.128268,-93.2642
1205.65,-0.128267,-93.2706
1205.7,-0.128265,-93.277
1205.75,-0.128279,-93.2834
1205.8,-0.128277,-93.2898
1205.85,-0.12828,-93.2962
1205.9,-0.128284,-93.3027
1205.95,-0.128287,-93.3091
1206.0,-0.128282,-93.3155
1206.05,-0.128285,-93.3219
1206.1,-0.128304,-93.3283
1206.15,-0.128306,-93.3347
1206.2,-0.128302,-93.3411
1206.25,-0.128317,-93.3476
1206.3,-0.128318,-93.354
1206.35,-0.128326,-93.3604
1206.4,-0.128315,-93.3668
1206.45,-0.128326,-93.3732
1206.5,-0.128334,-93.3796
1206.55,-0.128332,-93.3861
1206.6,-0.128346,-93.3925
1206.65,-0.128339,-93.3989
1206.7,-0.128346,-93.4053
1206.75,-0.128347,-93.4117
1206.8,-0.128345,-93.4182
1206.85,-0.128347,-93.4246
1206.9,-0.128356,-93.431
1206.95,-0.128353,-93.4374
1207.0,-0.128357,-93.4438
1207.05,-0.12837,-93.4502
1207.1,-0.128375,-93.4567
1207.15,-0.128381,-93.4631
1207.2,-0.128381,-93.4695
1207.25,-0.128392,-93.4759
1207.3,-0.128395,-93.4823
1207.35,-0.128385,-93.4888
1207.4,-0.128386,-93.4952
1207.45,-0.128392,-93.5016
1207.5,-0.128409,-93.508
1207.55,-0.128406,-93.5144
1207.6,-0.128414,-93.5209
1207.65,-0.128416,-93.5273
1207.7,-0.12842,-93.5337
1207.75,-0.128419,-93.5401
1207.8,-0.128404,-93.5465
1207.85,-0.128412,-93.553
1207.9,-0.128424,-93.5594
1207.95,-0.128435,-93.5658
1208.0,-0.12844,-93.5722
1208.05,-0.128431,-93.5786
1208.1,-0.128446,-93.5851
1208.15,-0.128451,-93.5915
1208.2,-0.128468,-93.5979
1208.25,-0.128474,-93.6043
1208.3,-0.128462,-93.6108
1208.35,-0.128473,-93.6172
1208.4,-0.128464,-93.6236
1208.45,-0.128467,-93.63
1208.5,-0.128484,-93.6365
1208.55,-0.128482,-93.6429
1208.6,-0.128493,-93.6493
1208.65,-0.128496,-93.6557
1208.7,-0.128506,-93.6622
1208.75,-0.128499,-93.6686
1208.8,-0.128516,-93.675
1208.85,-0.128508,-93.6814
1208.9,-0.128508,-93.6879
1208.95,-0.128511,-93.6943
1209.0,-0.128523,-93.7007
1209.05,-0.128524,-93.7071
1209.1,-0.12852,-93.7136
1209.15,-0.128518,-93.72
1209.2,-0.128532,-93.7264
1209.25,-0.128539,-93.7328
1209.3,-0.128537,-93.7393
1209.35,-0.128546,-93.7457
1209.4,-0.128551,-93.7521
1209.45,-0.128553,-93.7585
1209.5,-0.128555,-93.765
1209.55,-0.128559,-93.7714
1209.6,-0.128566,-93.7778
1209.65,-0.128561,-93.7843
1209.7,-0.128561,-93.7907
1209.75,-0.128569,-93.7971
1209.8,-0.128576,-93.8035
1209.85,-0.128577,-93.81
1209.9,-0.128589,-93.8164
1209.95,-0.128599,-93.8228
1210.0,-0.1286,-93.8293
1210.05,-0.128594,-93.8357
1210.1,-0.128593,-93.8421
1210.15,-0.128594,-93.8485
1210.2,-0.128601,-93.855
1210.25,-0.128605,-93.8614
1210.3,-0.128608,-93.8678
1210.35,-0.128607,-93.8743
1210.4,-0.128606,-93.8807
1210.45,-0.128607,-93.8871
1210.5,-0.128607,-93.8936
1210.55,-0.128604,-93.9
1210.6,-0.128619,-93.9064
1210.65,-0.128629,-93.9129
1210.7,-0.128622,-93.9193
1210.75,-0.128629,-93.9257
1210.8,-0.12863,-93.9322
1210.85,-0.128641,-93.9386
1210.9,-0.128637,-93.945
1210.95,-0.128642,-93.9514
1211.0,-0.128643,-93.9579
1211.05,-0.128629,-93.9643
1211.1,-0.128629,-93.9707
1211.15,-0.128638,-93.9772
1211.2,-0.128636,-93.9836
1211.25,-0.128637,-93.99
1211.3,-0.12864,-93.9965
1211.35,-0.128639,-94.0029
1211.4,-0.128646,-94.0093
1211.45,-0.128652,-94.0158
1211.5,-0.12865,-94.0222
1211.55,-0.128647,-94.0286
1211.6,-0.128641,-94.0351
1211.65,-0.128646,-94.0415
1211.7,-0.128656,-94.0479
1211.75,-0.128661,-94.0544
1211.8,-0.128656,-94.0608
1211.85,-0.128647,-94.0672
1211.9,-0.12865,-94.0737
1211.95,-0.12867,-94.0801
1212.0,-0.128665,-94.0865
1212.05,-0.128674,-94.093
1212.1,-0.128679,-94.0994
1212.15,-0.128676,-94.1058
1212.2,-0.128664,-94.1123
1212.25,-0.128674,-94.1187
1212.3,-0.12867,-94.1251
1212.35,-0.128673,-94.1316
1212.4,-0.128689,-94.138
1212.45,-0.128689,-94.1444
1212.5,-0.128679,-94.1509
1212.55,-0.128679,-94.1573
1212.6,-0.128683,-94.1637
1212.65,-0.128683,-94.1702
1212.7,-0.128689,-94.1766
1212.75,-0.128693,-94.183
1212.8,-0.128702,-94.1895
1212.85,-0.128703,-94.1959
1212.9,-0.128699,-94.2023
1212.95,-0.128704,-94.2088
1213.0,-0.128718,-94.2152
1213.05,-0.128718,-94.2216
1213.1,-0.128723,-94.2281
1213.15,-0.12872,-94.2345
1213.2,-0.128721,-94.241
1213.25,-0.12872,-94.2474
1213.3,-0.128729,-94.2538
1213.35,-0.128737,-94.2603
1213.4,-0.128744,-94.2667
1213.45,-0.128749,-94.2731
1213.5,-0.128771,-94.2796
1213.55,-0.128774,-94.286
1213.6,-0.128786,-94.2925
1213.65,-0.128806,-94.2989
1213.7,-0.1288,-94.3053
1213.75,-0.128815,-94.3118
1213.8,-0.128832,-94.3182
1213.85,-0.12882,-94.3247
1213.9,-0.128841,-94.3311
1213.95,-0.128841,-94.3375
1214.0,-0.128841,-94.344
1214.05,-0.128834,-94.3504
1214.1,-0.128837,-94.3569
1214.15,-0.128841,-94.3633
1214.2,-0.128833,-94.3698
1214.25,-0.128834,-94.3762
1214.3,-0.128841,-94.3826
1214.35,-0.128831,-94.3891
1214.4,-0.128838,-94.3955
1214.45,-0.128855,-94.402
1214.5,-0.12887,-94.4084
1214.55,-0.128861,-94.4148
1214.6,-0.128857,-94.4213
1214.65,-0.128862,-94.4277
1214.7,-0.128877,-94.4342
1214.75,-0.12889,-94.4406
1214.8,-0.128879,-94.4471
1214.85,-0.128877,-94.4535
1214.9,-0.128882,-94.46
1214.95,-0.128884,-94.4664
1215.0,-0.128889,-94.4728
1215.05,-0.128901,-94.4793
1215.1,-0.12888,-94.4857
1215.15,-0.128897,-94.4922
1215.2,-0.128897,-94.4986
1215.25,-0.128896,-94.5051
1215.3,-0.128901,-94.5115
1215.35,-0.128907,-94.518
1215.4,-0.1289,-94.5244
1215.45,-0.128905,-94.5308
1215.5,-0.128894,-94.5373
1215.55,-0.128897,-94.5437
1215.6,-0.1289,-94.5502
1215.65,-0.128895,-94.5566
1215.7,-0.128896,-94.5631
1215.75,-0.128909,-94.5695
1215.8,-0.128908,-94.576
1215.85,-0.128923,-94.5824
1215.9,-0.128917,-94.5889
1215.95,-0.128926,-94.5953
1216.0,-0.128916,-94.6017
1216.05,-0.128914,-94.6082
1216.1,-0.128911,-94.6146
1216.15,-0.128915,-94.6211
1216.2,-0.128911,-94.6275
1216.25,-0.128918,-94.634
1216.3,-0.128909,-94.6404
1216.35,-0.128915,-94.6469
1216.4,-0.128918,-94.6533
1216.45,-0.128928,-94.6598
1216.5,-0.128929,-94.6662
1216.55,-0.128936,-94.6727
1216.6,-0.128935,-94.6791
1216.65,-0.12893,-94.6855
1216.7,-0.128948,-94.692
1216.75,-0.128929,-94.6984
1216.8,-0.128935,-94.7049
1216.85,-0.128947,-94.7113
1216.9,-0.128947,-94.7178
1216.95,-0.12895,-94.7242
1217.0,-0.128954,-94.7307
1217.05,-0.128978,-94.7371
1217.1,-0.128967,-94.7436
1217.15,-0.128976,-94.75
1217.2,-0.128981,-94.7565
1217.25,-0.128983,-94.7629
1217.3,-0.128998,-94.7694
1217.35,-0.129,-94.7758
1217.4,-0.128999,-94.7823
1217.45,-0.129008,-94.7887
1217.5,-0.129007,-94.7952
1217.55,-0.129016,-94.8016
1217.6,-0.129029,-94.8081
1217.65,-0.129016,-94.8145
1217.7,-0.129019,-94.821
1217.75,-0.129037,-94.8274
1217.8,-0.129038,-94.8339
1217.85,-0.129041,-94.8403
1217.9,-0.129034,-94.8468
1217.95,-0.129051,-94.8532
1218.0,-0.129047,-94.8597
1218.05,-0.129056,-94.8661
1218.1,-0.129052,-94.8726
1218.15,-0.129028,-94.879
1218.2,-0.129046,-94.8855
1218.25,-0.129061,-94.892
1218.3,-0.12906,-94.8984
1218.35,-0.129049,-94.9049
1218.4,-0.129046,-94.9113
1218.45,-0.129044,-94.9178
1218.5,-0.129042,-94.9242
1218.55,-0.129047,-94.9307
1218.6,-0.129049,-94.9371
1218.65,-0.129049,-94.9436
1218.7,-0.129053,-94.95
1218.75,-0.129053,-94.9565
1218.8,-0.129048,-94.9629
1218.85,-0.129043,-94.9694
1218.9,-0.129048,-94.9758
1218.95,-0.129059,-94.9823
1219.0,-0.129062,-94.9887
1219.05,-0.129066,-94.9952
1219.1,-0.129072,-95.0016
1219.15,-0.129071,-95.0081
1219.2,-0.129081,-95.0145
1219.25,-0.129083,-95.021
1219.3,-0.129083,-95.0275
1219.35,-0.129078,-95.0339
1219.4,-0.129094,-95.0404
1219.45,-0.129087,-95.0468
1219.5,-0.129093,-95.0533
1219.55,-0.129106,-95.0597
1219.6,-0.129096,-95.0662
1219.65,-0.129092,-95.0726
1219.7,-0.129103,-95.0791
1219.75,-0.129105,-95.0856
1219.8,-0.129113,-95.092
1219.85,-0.129121,-95.0985
1219.9,-0.129112,-95.1049
1219.95,-0.129104,-95.1114
1220.0,-0.129103,-95.1178
1220.05,-0.129112,-95.1243
1220.1,-0.129112,-95.1307
1220.15,-0.129101,-95.1372
1220.2,-0.129095,-95.1437
1220.25,-0.129097,-95.1501
1220.3,-0.129096,-95.1566
1220.35,-0.129094,-95.163
1220.4,-0.1291,-95.1695
1220.45,-0.129113,-95.1759
1220.5,-0.129128,-95.1824
1220.55,-0.129114,-95.1888
1220.6,-0.129103,-95.1953
1220.65,-0.129127,-95.2018
1220.7,-0.12912,-95.2082
1220.75,-0.129124,-95.2147
1220.8,-0.129117,-95.2211
1220.85,-0.129118,-95.2276
1220.9,-0.129111,-95.234
1220.95,-0.129107,-95.2405
1221.0,-0.129117,-95.2469
1221.05,-0.129116,-95.2534
1221.1,-0.129127,-95.2598
1221.15,-0.129134,-95.2663
1221.2,-0.129136,-95.2728
1221.25,-0.129132,-95.2792
1221.3,-0.129116,-95.2857
1221.35,-0.129126,-95.2921
1221.4,-0.12912,-95.2986
1221.45,-0.129125,-95.305
1221.5,-0.129137,-95.3115
1221.55,-0.129138,-95.318
1221.6,-0.129147,-95.3244
1221.65,-0.129148,-95.3309
1221.7,-0.129158,-95.3373
1221.75,-0.129137,-95.3438
1221.8,-0.129146,-95.3503
1221.85,-0.129152,-95.3567
1221.9,-0.129152,-95.3632
1221.95,-0.129161,-95.3696
1222.0,-0.129145,-95.3761
1222.05,-0.129175,-95.3825
1222.1,-0.129164,-95.389
1222.15,-0.129161,-95.3955
1222.2,-0.129164,-95.4019
1222.25,-0.129161,-95.4084
1222.3,-0.129169,-95.4148
1222.35,-0.129174,-95.4213
1222.4,-0.129189,-95.4277
1222.45,-0.129192,-95.4342
1222.5,-0.129201,-95.4407
1222.55,-0.129201,-95.4471
1222.6,-0.129197,-95.4536
1222.65,-0.129189,-95.46
1222.7,-0.129176,-95.4665
1222.75,-0.129187,-95.473
1222.8,-0.129198,-95.4794
1222.85,-0.129207,-95.4859
1222.9,-0.1292,-95.4923
1222.95,-0.129198,-95.4988
1223.0,-0.129202,-95.5053
1223.05,-0.129196,-95.5117
1223.1,-0.129193,-95.5182
1223.15,-0.129198,-95.5246
1223.2,-0.129187,-95.5311
1223.25,-0.129198,-95.5376
1223.3,-0.129195,-95.544
1223.35,-0.129204,-95.5505
1223.4,-0.129206,-95.5569
1223.45,-0.129221,-95.5634
1223.5,-0.129221,-95.5699
1223.55,-0.129234,-95.5763
1223.6,-0.129227,-95.5828
1223.65,-0.129232,-95.5892
1223.7,-0.129233,-95.5957
1223.75,-0.129228,-95.6022
1223.8,-0.129224,-95.6086
1223.85,-0.129221,-95.6151
1223.9,-0.129233,-95.6216
1223.95,-0.129234,-95.628
1224.0,-0.129243,-95.6345
1224.05,-0.12924,-95.6409
1224.1,-0.129249,-95.6474
1224.15,-0.129255,-95.6539
1224.2,-0.129263,-95.6603
1224.25,-0.129268,-95.6668
1224.3,-0.129268,-95.6733
1224.35,-0.129274,-95.6797
1224.4,-0.129275,-95.6862
1224.45,-0.129285,-95.6926
1224.5,-0.129276,-95.6991
1224.55,-0.129281,-95.7056
1224.6,-0.129281,-95.712
1224.65,-0.129292,-95.7185
1224.7,-0.129287,-95.725
1224.75,-0.129294,-95.7314
1224.8,-0.12929,-95.7379
1224.85,-0.129292,-95.7444
1224.9,-0.129293,-95.7508
1224.95,-0.129301,-95.7573
1225.0,-0.129303,-95.7638
1225.05,-0.129303,-95.7702
1225.1,-0.129311,-95.7767
1225.15,-0.129323,-95.7832
1225.2,-0.129318,-95.7896
1225.25,-0.129332,-95.7961
1225.3,-0.129349,-95.8026
1225.35,-0.129361,-95.809
1225.4,-0.129364,-95.8155
1225.45,-0.129374,-95.822
1225.5,-0.129368,-95.8284
1225.55,-0.129376,-95.8349
1225.6,-0.129383,-95.8414
1225.65,-0.129388,-95.8478
1225.7,-0.129387,-95.8543
1225.75,-0.129371,-95.8608
1225.8,-0.12938,-95.8672
1225.85,-0.129395,-95.8737
1225.9,-0.129407,-95.8802
1225.95,-0.129403,-95.8867
1226.0,-0.12941,-95.8931
1226.05,-0.12942,-95.8996
1226.1,-0.129408,-95.9061
1226.15,-0.129424,-95.9125
1226.2,-0.129422,-95.919
1226.25,-0.129419,-95.9255
1226.3,-0.129426,-95.9319
1226.35,-0.129432,-95.9384
1226.4,-0.129426,-95.9449
1226.45,-0.129439,-95.9514
1226.5,-0.129444,-95.9578
1226.55,-0.12945,-95.9643
1226.6,-0.129459,-95.9708
1226.65,-0.12947,-95.9773
1226.7,-0.129477,-95.9837
1226.75,-0.129471,-95.9902
1226.8,-0.129486,-95.9967
1226.85,-0.129486,-96.0032
1226.9,-0.129495,-96.0096
1226.95,-0.129492,-96.0161
1227.0,-0.129497,-96.0226
1227.05,-0.129505,-96.0291
1227.1,-0.1295,-96.0355
1227.15,-0.129521,-96.042
1227.2,-0.12952,-96.0485
1227.25,-0.129522,-96.055
1227.3,-0.129534,-96.0614
1227.35,-0.129525,-96.0679
1227.4,-0.129536,-96.0744
1227.45,-0.129546,-96.0809
1227.5,-0.129541,-96.0873
1227.55,-0.129546,-96.0938
1227.6,-0.129539,-96.1003
1227.65,-0.129558,-96.1068
1227.7,-0.129551,-96.1133
1227.75,-0.129554,-96.1197
1227.8,-0.129563,-96.1262
1227.85,-0.129571,-96.1327
1227.9,-0.129572,-96.1392
1227.95,-0.12957,-96.1456
1228.0,-0.129591,-96.1521
1228.05,-0.1296,-96.1586
1228.1,-0.129627,-96.1651
1228.15,-0.129624,-96.1716
1228.2,-0.129643,-96.178
1228.25,-0.129657,-96.1845
1228.3,-0.129661,-96.191
1228.35,-0.129653,-96.1975
1228.4,-0.12967,-96.204
1228.45,-0.12966,-96.2105
1228.5,-0.12968,-96.2169
1228.55,-0.129682,-96.2234
1228.6,-0.129674,-96.2299
1228.65,-0.129677,-96.2364
1228.7,-0.129686,-96.2429
1228.75,-0.129685,-96.2494
1228.8,-0.129679,-96.2558
1228.85,-0.129683,-96.2623
1228.9,-0.12969,-96.2688
1228.95,-0.129696,-96.2753
1229.0,-0.129688,-96.2818
1229.05,-0.129701,-96.2883
1229.1,-0.129704,-96.2948
1229.15,-0.129716,-96.3012
1229.2,-0.12971,-96.3077
1229.25,-0.129711,-96.3142
1229.3,-0.12972,-96.3207
1229.35,-0.129721,-96.3272
1229.4,-0.129728,-96.3337
1229.45,-0.129743,-96.3402
1229.5,-0.12974,-96.3466
1229.55,-0.129747,-96.3531
1229.6,-0.129752,-96.3596
1229.65,-0.129758,-96.3661
1229.7,-0.129749,-96.3726
1229.75,-0.12976,-96.3791
1229.8,-0.129759,-96.3856
1229.85,-0.129765,-96.3921
1229.9,-0.129763,-96.3985
1229.95,-0.129767,-96.405
1230.0,-0.12978,-96.4115
1230.05,-0.129787,-96.418
1230.1,-0.129795,-96.4245
1230.15,-0.129799,-96.431
1230.2,-0.129809,-96.4375
1230.25,-0.129828,-96.444
1230.3,-0.129836,-96.4505
1230.35,-0.129834,-96.457
1230.4,-0.129845,-96.4634
1230.45,-0.129844,-96.4699
1230.5,-0.129862,-96.4764
1230.55,-0.129881,-96.4829
1230.6,-0.129887,-96.4894
1230.65,-0.129893,-96.4959
1230.7,-0.129893,-96.5024
1230.75,-0.129901,-96.5089
1230.8,-0.129895,-96.5154
1230.85,-0.129907,-96.5219
1230.9,-0.129914,-96.5284
1230.95,-0.129922,-96.5349
1231.0,-0.129916,-96.5414
1231.05,-0.12991,-96.5479
1231.1,-0.129913,-96.5544
1231.15,-0.129918,-96.5609
1231.2,-0.12992,-96.5674
1231.25,-0.129917,-96.5739
1231.3,-0.129913,-96.5804
1231.35,-0.129929,-96.5869
1231.4,-0.129934,-96.5934
1231.45,-0.129938,-96.5999
1231.5,-0.129935,-96.6063
1231.55,-0.129934,-96.6128
1231.6,-0.129949,-96.6193
1231.65,-0.12994,-96.6258
1231.7,-0.129932,-96.6323
1231.75,-0.129941,-96.6388
1231.8,-0.129935,-96.6453
1231.85,-0.12994,-96.6518
1231.9,-0.129935,-96.6583
1231.95,-0.129943,-96.6648
1232.0,-0.129948,-96.6713
1232.05,-0.129945,-96.6778
1232.1,-0.129945,-96.6843
1232.15,-0.129961,-96.6908
1232.2,-0.129946,-96.6973
1232.25,-0.129942,-96.7038
1232.3,-0.129951,-96.7103
1232.35,-0.129945,-96.7168
1232.4,-0.129954,-96.7233
1232.45,-0.129954,-96.7298
1232.5,-0.129953,-96.7363
1232.55,-0.129956,-96.7428
1232.6,-0.129953,-96.7493
1232.65,-0.129966,-96.7558
1232.7,-0.129957,-96.7623
1232.75,-0.129968,-96.7688
1232.8,-0.129961,-96.7753
1232.85,-0.129974,-96.7818
1232.9,-0.129978,-96.7883
1232.95,-0.129986,-96.7948
1233.0,-0.130001,-96.8013
1233.05,-0.130015,-96.8078
1233.1,-0.130023,-96.8143
1233.15,-0.130029,-96.8208
1233.2,-0.130047,-96.8273
1233.25,-0.130053,-96.8338
1233.3,-0.130047,-96.8403
1233.35,-0.130053,-96.8468
1233.4,-0.130055,-96.8533
1233.45,-0.130081,-96.8598
1233.5,-0.130073,-96.8663
1233.55,-0.130081,-96.8728
1233.6,-0.130077,-96.8793
1233.65,-0.130074,-96.8858
1233.7,-0.130084,-96.8923
1233.75,-0.130098,-96.8988
1233.8,-0.130092,-96.9053
1233.85,-0.130082,-96.9118
1233.9,-0.130088,-96.9183
1233.95,-0.130069,-96.9248
1234.0,-0.130078,-96.9313
1234.05,-0.130087,-96.9378
1234.1,-0.130081,-96.9444
1234.15,-0.130077,-96.9509
1234.2,-0.130058,-96.9574
1234.25,-0.130074,-96.9639
1234.3,-0.130079,-96.9704
1234.35,-0.130081,-96.9769
1234.4,-0.130091,-96.9834
1234.45,-0.13008,-96.9899
1234.5,-0.130095,-96.9964
1234.55,-0.130081,-97.0029
1234.6,-0.130066,-97.0094
1234.65,-0.130068,-97.0159
1234.7,-0.130082,-97.0224
1234.75,-0.130083,-97.0289
1234.8,-0.130083,-97.0354
1234.85,-0.130087,-97.0419
1234.9,-0.130087,-97.0484
1234.95,-0.130089,-97.0549
1235.0,-0.130092,-97.0614
1235.05,-0.130085,-97.0679
1235.1,-0.130103,-97.0744
1235.15,-0.130105,-97.0809
1235.2,-0.130093,-97.0874
1235.25,-0.130097,-97.0939
1235.3,-0.1301,-97.1005
1235.35,-0.130095,-97.107
1235.4,-0.130101,-97.1135
1235.45,-0.130102,-97.12
1235.5,-0.130102,-97.1265
1235.55,-0.130116,-97.133
1235.6,-0.130103,-97.1395
1235.65,-0.130107,-97.146
1235.7,-0.130117,-97.1525
1235.75,-0.130138,-97.159
1235.8,-0.130126,-97.1655
1235.85,-0.130129,-97.172
1235.9,-0.130139,-97.1785
1235.95,-0.130141,-97.185
1236.0,-0.130142,-97.1915
1236.05,-0.130146,-97.198
1236.1,-0.130156,-97.2046
1236.15,-0.130158,-97.2111
1236.2,-0.130157,-97.2176
1236.25,-0.130159,-97.2241
1236.3,-0.130165,-97.2306
1236.35,-0.130156,-97.2371
1236.4,-0.130155,-97.2436
1236.45,-0.130159,-97.2501
1236.5,-0.130161,-97.2566
1236.55,-0.130172,-97.2631
1236.6,-0.130174,-97.2696
1236.65,-0.130177,-97.2761
1236.7,-0.13018,-97.2826
1236.75,-0.130181,-97.2892
1236.8,-0.130191,-97.2957
1236.85,-0.130195,-97.3022
1236.9,-0.130197,-97.3087
1236.95,-0.130205,-97.3152
1237.0,-0.130201,-97.3217
1237.05,-0.130194,-97.3282
1237.1,-0.130195,-97.3347
1237.15,-0.130192,-97.3412
1237.2,-0.130183,-97.3477
1237.25,-0.130186,-97.3543
1237.3,-0.130193,-97.3608
1237.35,-0.13018,-97.3673
1237.4,-0.130185,-97.3738
1237.45,-0.130211,-97.3803
1237.5,-0.130198,-97.3868
1237.55,-0.130212,-97.3933
1237.6,-0.130212,-97.3998
1237.65,-0.130211,-97.4063
1237.7,-0.130216,-97.4128
1237.75,-0.13022,-97.4194
1237.8,-0.130216,-97.4259
1237.85,-0.130221,-97.4324
1237.9,-0.130229,-97.4389
1237.95,-0.130217,-97.4454
1238.0,-0.130222,-97.4519
1238.05,-0.13023,-97.4584
1238.1,-0.130234,-97.4649
1238.15,-0.130226,-97.4714
1238.2,-0.130225,-97.478
1238.25,-0.130229,-97.4845
1238.3,-0.130245,-97.491
1238.35,-0.130241,-97.4975
1238.4,-0.130237,-97.504
1238.45,-0.130249,-97.5105
1238.5,-0.130236,-97.517
1238.55,-0.130243,-97.5235
1238.6,-0.13024,-97.5301
1238.65,-0.130244,-97.5366
1238.7,-0.130235,-97.5431
1238.75,-0.130232,-97.5496
1238.8,-0.130242,-97.5561
1238.85,-0.130246,-97.5626
1238.9,-0.130243,-97.5691
1238.95,-0.130256,-97.5756
1239.0,-0.130258,-97.5822
1239.05,-0.130264,-97.5887
1239.1,-0.130259,-97.5952
1239.15,-0.130262,-97.6017
1239.2,-0.130284,-97.6082
1239.25,-0.130283,-97.6147
1239.3,-0.13029,-97.6212
1239.35,-0.130291,-97.6277
1239.4,-0.130303,-97.6343
1239.45,-0.130299,-97.6408
1239.5,-0.130297,-97.6473
1239.55,-0.130314,-97.6538
1239.6,-0.130324,-97.6603
1239.65,-0.130328,-97.6668
1239.7,-0.130327,-97.6734
1239.75,-0.130321,-97.6799
1239.8,-0.130321,-97.6864
1239.85,-0.13031,-97.6929
1239.9,-0.130315,-97.6994
1239.95,-0.130311,-97.7059
1240.0,-0.130331,-97.7125
1240.05,-0.130313,-97.719
1240.1,-0.130324,-97.7255
1240.15,-0.130324,-97.732
1240.2,-0.130317,-97.7385
1240.25,-0.130321,-97.745
1240.3,-0.130329,-97.7515
1240.35,-0.130344,-97.7581
1240.4,-0.130331,-97.7646
1240.45,-0.130335,-97.7711
1240.5,-0.130338,-97.7776
1240.55,-0.130343,-97.7841
1240.6,-0.130346,-97.7906
1240.65,-0.130355,-97.7972
1240.7,-0.130344,-97.8037
1240.75,-0.130356,-97.8102
1240.8,-0.130361,-97.8167
1240.85,-0.130358,-97.8232
1240.9,-0.130364,-97.8298
1240.95,-0.130371,-97.8363
1241.0,-0.130371,-97.8428
1241.05,-0.130367,-97.8493
1241.1,-0.130365,-97.8558
1241.15,-0.130371,-97.8624
1241.2,-0.130361,-97.8689
1241.25,-0.130371,-97.8754
1241.3,-0.130379,-97.8819
1241.35,-0.13038,-97.8884
1241.4,-0.130385,-97.8949
1241.45,-0.130384,-97.9015
1241.5,-0.130397,-97.908
1241.55,-0.130406,-97.9145
1241.6,-0.130395,-97.921
1241.65,-0.130402,-97.9275
1241.7,-0.130409,-97.9341
1241.75,-0.130417,-97.9406
1241.8,-0.130424,-97.9471
1241.85,-0.130437,-97.9536
1241.9,-0.130461,-97.9602
1241.95,-0.13047,-97.9667
1242.0,-0.130473,-97.9732
1242.05,-0.130484,-97.9797
1242.1,-0.130497,-97.9862
1242.15,-0.130497,-97.9928
1242.2,-0.130509,-97.9993
1242.25,-0.130511,-98.0058
1242.3,-0.130524,-98.0124
1242.35,-0.130518,-98.0189
1242.4,-0.130508,-98.0254
1242.45,-0.130507,-98.0319
1242.5,-0.130527,-98.0385
1242.55,-0.130524,-98.045
1242.6,-0.13053,-98.0515
1242.65,-0.130533,-98.058
1242.7,-0.130529,-98.0646
1242.75,-0.130534,-98.0711
1242.8,-0.130533,-98.0776
1242.85,-0.130547,-98.0841
1242.9,-0.130543,-98.0907
1242.95,-0.130532,-98.0972
1243.0,-0.130531,-98.1037
1243.05,-0.130534,-98.1102
1243.1,-0.130542,-98.1168
1243.15,-0.130541,-98.1233
1243.2,-0.130542,-98.1298
1243.25,-0.130543,-98.1364
1243.3,-0.130539,-98.1429
1243.35,-0.130547,-98.1494
1243.4,-0.130536,-98.1559
1243.45,-0.130542,-98.1625
1243.5,-0.130565,-98.169
1243.55,-0.130566,-98.1755
1243.6,-0.130563,-98.182
1243.65,-0.130556,-98.1886
1243.7,-0.130556,-98.1951
1243.75,-0.130531,-98.2016
1243.8,-0.130557,-98.2082
1243.85,-0.130547,-98.2147
1243.9,-0.130549,-98.2212
1243.95,-0.130552,-98.2277
1244.0,-0.130555,-98.2343
1244.05,-0.130558,-98.2408
1244.1,-0.130558,-98.2473
1244.15,-0.130558,-98.2539
1244.2,-0.130575,-98.2604
1244.25,-0.130586,-98.2669
1244.3,-0.130581,-98.2734
1244.35,-0.130594,-98.28
1244.4,-0.130586,-98.2865
1244.45,-0.130585,-98.293
1244.5,-0.130598,-98.2996
1244.55,-0.130593,-98.3061
1244.6,-0.130604,-98.3126
1244.65,-0.130604,-98.3191
1244.7,-0.130616,-98.3257
1244.75,-0.130629,-98.3322
1244.8,-0.130638,-98.3387
1244.85,-0.130648,-98.3453
1244.9,-0.130657,-98.3518
1244.95,-0.130674,-98.3583
1245.0,-0.130687,-98.3649
1245.05,-0.130676,-98.3714
1245.1,-0.130679,-98.3779
1245.15,-0.130679,-98.3845
1245.2,-0.130692,-98.391
1245.25,-0.130684,-98.3975
1245.3,-0.130687,-98.4041
1245.35,-0.130681,-98.4106
1245.4,-0.130693,-98.4171
1245.45,-0.130682,-98.4237
1245.5,-0.130691,-98.4302
1245.55,-0.130704,-98.4368
1245.6,-0.130707,-98.4433
1245.65,-0.130713,-98.4498
1245.7,-0.13071,-98.4564
1245.75,-0.130707,-98.4629
1245.8,-0.130719,-98.4694
1245.85,-0.13072,-98.476
1245.9,-0.130711,-98.4825
1245.95,-0.130719,-98.489
1246.0,-0.13071,-98.4956
1246.05,-0.130708,-98.5021
1246.1,-0.130709,-98.5086
1246.15,-0.130716,-98.5152
1246.2,-0.13072,-98.5217
1246.25,-0.130723,-98.5283
1246.3,-0.130732,-98.5348
1246.35,-0.130739,-98.5413
1246.4,-0.130738,-98.5479
1246.45,-0.130736,-98.5544
1246.5,-0.130736,-98.5609
1246.55,-0.130734,-98.5675
1246.6,-0.130739,-98.574
1246.65,-0.130747,-98.5805
1246.7,-0.130754,-98.5871
1246.75,-0.130766,-98.5936
1246.8,-0.130763,-98.6002
1246.85,-0.13076,-98.6067
1246.9,-0.130765,-98.6132
1246.95,-0.130769,-98.6198
1247.0,-0.13078,-98.6263
1247.05,-0.130784,-98.6329
1247.1,-0.130796,-98.6394
1247.15,-0.130803,-98.6459
1247.2,-0.1308,-98.6525
1247.25,-0.130807,-98.659
1247.3,-0.130827,-98.6656
1247.35,-0.130831,-98.6721
1247.4,-0.130833,-98.6786
1247.45,-0.130839,-98.6852
1247.5,-0.130838,-98.6917
1247.55,-0.130855,-98.6983
1247.6,-0.130864,-98.7048
1247.65,-0.130869,-98.7113
1247.7,-0.130887,-98.7179
1247.75,-0.130882,-98.7244
1247.8,-0.130893,-98.731
1247.85,-0.130893,-98.7375
1247.9,-0.130909,-98.7441
1247.95,-0.13092,-98.7506
1248.0,-0.130929,-98.7572
1248.05,-0.130936,-98.7637
1248.1,-0.130937,-98.7703
1248.15,-0.130948,-98.7768
1248.2,-0.130948,-98.7834
1248.25,-0.130966,-98.7899
1248.3,-0.130972,-98.7965
1248.35,-0.130977,-98.803
1248.4,-0.130987,-98.8095
1248.45,-0.130995,-98.8161
1248.5,-0.131004,-98.8226
1248.55,-0.130992,-98.8292
1248.6,-0.13101,-98.8357
1248.65,-0.131019,-98.8423
1248.7,-0.131021,-98.8489
1248.75,-0.13102,-98.8554
1248.8,-0.131019,-98.862
1248.85,-0.131022,-98.8685
1248.9,-0.131029,-98.8751
1248.95,-0.131025,-98.8816
1249.0,-0.131027,-98.8882
1249.05,-0.131047,-98.8947
1249.1,-0.131042,-98.9013
1249.15,-0.131043,-98.9078
1249.2,-0.131047,-98.9144
1249.25,-0.131047,-98.9209
1249.3,-0.131062,-98.9275
1249.35,-0.131058,-98.934
1249.4,-0.131065,-98.9406
1249.45,-0.131078,-98.9471
1249.5,-0.131074,-98.9537
1249.55,-0.131081,-98.9602
1249.6,-0.131087,-98.9668
1249.65,-0.131094,-98.9734
1249.7,-0.131089,-98.9799
1249.75,-0.131098,-98.9865
1249.8,-0.131106,-98.993
1249.85,-0.131103,-98.9996
1249.9,-0.131101,-99.0061
1249.95,-0.13109,-99.0127
1250.0,-0.131097,-99.0192
1250.05,-0.131113,-99.0258
1250.1,-0.131118,-99.0323
1250.15,-0.131123,-99.0389
1250.2,-0.131126,-99.0455
1250.25,-0.131137,-99.052
1250.3,-0.131136,-99.0586
1250.35,-0.131151,-99.0651
1250.4,-0.13116,-99.0717
1250.45,-0.131146,-99.0782
1250.5,-0.131164,-99.0848
1250.55,-0.131161,-99.0914
1250.6,-0.131161,-99.0979
1250.65,-0.131168,-99.1045
1250.7,-0.131167,-99.111
1250.75,-0.131165,-99.1176
1250.8,-0.131166,-99.1242
1250.85,-0.13119,-99.1307
1250.9,-0.131201,-99.1373
1250.95,-0.131198,-99.1438
1251.0,-0.131194,-99.1504
1251.05,-0.131197,-99.157
1251.1,-0.131206,-99.1635
1251.15,-0.131202,-99.1701
1251.2,-0.131203,-99.1766
1251.25,-0.131213,-99.1832
1251.3,-0.13123,-99.1898
1251.35,-0.131217,-99.1963
1251.4,-0.131223,-99.2029
1251.45,-0.13122,-99.2094
1251.5,-0.131225,-99.216
1251.55,-0.131223,-99.2226
1251.6,-0.131229,-99.2291
1251.65,-0.131212,-99.2357
1251.7,-0.131221,-99.2422
1251.75,-0.131226,-99.2488
1251.8,-0.131245,-99.2554
1251.85,-0.131231,-99.2619
1251.9,-0.131236,-99.2685
1251.95,-0.131249,-99.2751
1252.0,-0.131253,-99.2816
1252.05,-0.131249,-99.2882
1252.1,-0.131263,-99.2947
1252.15,-0.131265,-99.3013
1252.2,-0.131266,-99.3079
1252.25,-0.131281,-99.3144
1252.3,-0.131291,-99.321
1252.35,-0.131289,-99.3276
1252.4,-0.131283,-99.3341
1252.45,-0.131276,-99.3407
1252.5,-0.131275,-99.3473
1252.55,-0.131281,-99.3538
1252.6,-0.131288,-99.3604
1252.65,-0.131287,-99.3669
1252.7,-0.131307,-99.3735
1252.75,-0.131301,-99.3801
1252.8,-0.131305,-99.3866
1252.85,-0.131301,-99.3932
1252.9,-0.13132,-99.3998
1252.95,-0.131315,-99.4063
1253.0,-0.131329,-99.4129
1253.05,-0.13133,-99.4195
1253.1,-0.131338,-99.426
1253.15,-0.131331,-99.4326
1253.2,-0.131326,-99.4392
1253.25,-0.131339,-99.4457
1253.3,-0.131347,-99.4523
1253.35,-0.131342,-99.4589
1253.4,-0.131355,-99.4654
1253.45,-0.13136,-99.472
1253.5,-0.131358,-99.4786
1253.55,-0.131375,-99.4851
1253.6,-0.131382,-99.4917
1253.65,-0.131376,-99.4983
1253.7,-0.131391,-99.5049
1253.75,-0.131391,-99.5114
1253.8,-0.131391,-99.518
1253.85,-0.131398,-99.5246
1253.9,-0.131387,-99.5311
1253.95,-0.131401,-99.5377
1254.0,-0.131406,-99.5443
1254.05,-0.13141,-99.5508
1254.1,-0.131404,-99.5574
1254.15,-0.13141,-99.564
1254.2,-0.131412,-99.5705
1254.25,-0.131405,-99.5771
1254.3,-0.131417,-99.5837
1254.35,-0.131418,-99.5903
1254.4,-0.13143,-99.5968
1254.45,-0.131431,-99.6034
1254.5,-0.131436,-99.61
1254.55,-0.131428,-99.6165
1254.6,-0.131439,-99.6231
1254.65,-0.131445,-99.6297
1254.7,-0.131446,-99.6363
1254.75,-0.131452,-99.6428
1254.8,-0.131454,-99.6494
1254.85,-0.131448,-99.656
1254.9,-0.131473,-99.6626
1254.95,-0.131481,-99.6691
1255.0,-0.131485,-99.6757
1255.05,-0.131485,-99.6823
1255.1,-0.131502,-99.6889
1255.15,-0.131506,-99.6954
1255.2,-0.131508,-99.702
1255.25,-0.131504,-99.7086
1255.3,-0.131506,-99.7152
1255.35,-0.13152,-99.7217
1255.4,-0.131514,-99.7283
1255.45,-0.131512,-99.7349
1255.5,-0.131523,-99.7415
1255.55,-0.131512,-99.748
1255.6,-0.131504,-99.7546
1255.65,-0.131513,-99.7612
1255.7,-0.131527,-99.7678
1255.75,-0.131526,-99.7743
1255.8,-0.131532,-99.7809
1255.85,-0.131533,-99.7875
1255.9,-0.131536,-99.7941
1255.95,-0.131529,-99.8006
1256.0,-0.131537,-99.8072
1256.05,-0.131535,-99.8138
1256.1,-0.131533,-99.8204
1256.15,-0.131529,-99.827
1256.2,-0.131524,-99.8335
1256.25,-0.131524,-99.8401
1256.3,-0.13153,-99.8467
1256.35,-0.131532,-99.8533
1256.4,-0.13154,-99.8598
1256.45,-0.13155,-99.8664
1256.5,-0.131552,-99.873
1256.55,-0.131579,-99.8796
1256.6,-0.13158,-99.8861
1256.65,-0.13159,-99.8927
1256.7,-0.131595,-99.8993
1256.75,-0.131603,-99.9059
1256.8,-0.131608,-99.9125
1256.85,-0.131623,-99.9191
1256.9,-0.13162,-99.9256
1256.95,-0.131616,-99.9322
1257.0,-0.131616,-99.9388
1257.05,-0.131623,-99.9454
1257.1,-0.131627,-99.952
1257.15,-0.13162,-99.9585
1257.2,-0.131629,-99.9651
1257.25,-0.131625,-99.9717
1257.3,-0.13162,-99.9783
1257.35,-0.131618,-99.9849
1257.4,-0.131627,-99.9914
1257.45,-0.131625,-99.998
1257.5,-0.131627,-100.005
1257.55,-0.131624,-100.011
1257.6,-0.131623,-100.018
1257.65,-0.131617,-100.024
1257.7,-0.131638,-100.031
1257.75,-0.13164,-100.038
1257.8,-0.131638,-100.044
1257.85,-0.131637,-100.051
1257.9,-0.131651,-100.057
1257.95,-0.13165,-100.064
1258.0,-0.131632,-100.07
1258.05,-0.131649,-100.077
1258.1,-0.131645,-100.084
1258.15,-0.131652,-100.09
1258.2,-0.131642,-100.097
1258.25,-0.131638,-100.103
1258.3,-0.131645,-100.11
1258.35,-0.131641,-100.116
1258.4,-0.13164,-100.123
1258.45,-0.131656,-100.13
1258.5,-0.131645,-100.136
1258.55,-0.131648,-100.143
1258.6,-0.131636,-100.149
1258.65,-0.131631,-100.156
1258.7,-0.131633,-100.163
1258.75,-0.131645,-100.169
1258.8,-0.131655,-100.176
1258.85,-0.131641,-100.182
1258.9,-0.13164,-100.189
1258.95,-0.131647,-100.195
1259.0,-0.131649,-100.202
1259.05,-0.131637,-100.209
1259.1,-0.131656,-100.215
1259.15,-0.13166,-100.222
1259.2,-0.131667,-100.228
1259.25,-0.131659,-100.235
1259.3,-0.131661,-100.242
1259.35,-0.131656,-100.248
1259.4,-0.131647,-100.255
1259.45,-0.131659,-100.261
1259.5,-0.131651,-100.268
1259.55,-0.131661,-100.274
1259.6,-0.131667,-100.281
1259.65,-0.131672,-100.288
1259.7,-0.131669,-100.294
1259.75,-0.131674,-100.301
1259.8,-0.131685,-100.307
1259.85,-0.131675,-100.314
1259.9,-0.131679,-100.321
1259.95,-0.131698,-100.327
1260.0,-0.131705,-100.334
1260.05,-0.13171,-100.34
1260.1,-0.131709,-100.347
1260.15,-0.131714,-100.353
1260.2,-0.131709,-100.36
1260.25,-0.131715,-100.367
1260.3,-0.131723,-100.373
1260.35,-0.13173,-100.38
1260.4,-0.131735,-100.386
1260.45,-0.131712,-100.393
1260.5,-0.131716,-100.4
1260.55,-0.131722,-100.406
1260.6,-0.131726,-100.413
1260.65,-0.131728,-100.419
1260.7,-0.131724,-100.426
1260.75,-0.131719,-100.433
1260.8,-0.131723,-100.439
1260.85,-0.131718,-100.446
1260.9,-0.131707,-100.452
1260.95,-0.131702,-100.459
1261.0,-0.131713,-100.465
1261.05,-0.131716,-100.472
1261.1,-0.131719,-100.479
1261.15,-0.131711,-100.485
1261.2,-0.131705,-100.492
1261.25,-0.1317,-100.498
1261.3,-0.131717,-100.505
1261.35,-0.131711,-100.512
1261.4,-0.131704,-100.518
1261.45,-0.131698,-100.525
1261.5,-0.131691,-100.531
1261.55,-0.131698,-100.538
1261.6,-0.131695,-100.544
1261.65,-0.131692,-100.551
1261.7,-0.131681,-100.558
1261.75,-0.131695,-100.564
1261.8,-0.131684,-100.571
1261.85,-0.131682,-100.577
1261.9,-0.131685,-100.584
1261.95,-0.131681,-100.591
1262.0,-0.131658,-100.597
1262.05,-0.131669,-100.604
1262.1,-0.131676,-100.61
1262.15,-0.131679,-100.617
1262.2,-0.131677,-100.623
1262.25,-0.131665,-100.63
1262.3,-0.131664,-100.637
1262.35,-0.131679,-100.643
1262.4,-0.131676,-100.65
1262.45,-0.131667,-100.656
1262.5,-0.131679,-100.663
1262.55,-0.13168,-100.67
1262.6,-0.131665,-100.676
1262.65,-0.13167,-100.683
1262.7,-0.131693,-100.689
1262.75,-0.131685,-100.696
1262.8,-0.131696,-100.702
1262.85,-0.13169,-100.709
1262.9,-0.131679,-100.716
1262.95,-0.131683,-100.722
1263.0,-0.131676,-100.729
1263.05,-0.131679,-100.735
1263.1,-0.131697,-100.742
1263.15,-0.131693,-100.749
1263.2,-0.131689,-100.755
1263.25,-0.131692,-100.762
1263.3,-0.131689,-100.768
1263.35,-0.131689,-100.775
1263.4,-0.131706,-100.782
1263.45,-0.131691,-100.788
1263.5,-0.131685,-100.795
1263.55,-0.131682,-100.801
1263.6,-0.13169,-100.808
1263.65,-0.131697,-100.814
1263.7,-0.131691,-100.821
1263.75,-0.131702,-100.828
1263.8,-0.13171,-100.834
1263.85,-0.131714,-100.841
1263.9,-0.131705,-100.847
1263.95,-0.131704,-100.854
1264.0,-0.131713,-100.861
1264.05,-0.131701,-100.867
1264.1,-0.131726,-100.874
1264.15,-0.131727,-100.88
1264.2,-0.13174,-100.887
1264.25,-0.13173,-100.893
1264.3,-0.13173,-100.9
1264.35,-0.131729,-100.907
1264.4,-0.131729,-100.913
1264.45,-0.131755,-100.92
1264.5,-0.131754,-100.926
1264.55,-0.131741,-100.933
1264.6,-0.131754,-100.94
1264.65,-0.131749,-100.946
1264.7,-0.131746,-100.953
1264.75,-0.131753,-100.959
1264.8,-0.131754,-100.966
1264.85,-0.131754,-100.972
1264.9,-0.131765,-100.979
1264.95,-0.131748,-100.986
1265.0,-0.131761,-100.992
1265.05,-0.131767,-100.999
1265.1,-0.131758,-101.005
1265.15,-0.131759,-101.012
1265.2,-0.131755,-101.019
1265.25,-0.131753,-101.025
1265.3,-0.131764,-101.032
1265.35,-0.131765,-101.038
1265.4,-0.131776,-101.045
1265.45,-0.131767,-101.052
1265.5,-0.131775,-101.058
1265.55,-0.131792,-101.065
1265.6,-0.131787,-101.071
1265.65,-0.13179,-101.078
1265.7,-0.131779,-101.085
1265.75,-0.1318,-101.091
1265.8,-0.131805,-101.098
1265.85,-0.131809,-101.104
1265.9,-0.131809,-101.111
1265.95,-0.131808,-101.117
1266.0,-0.131809,-101.124
1266.05,-0.131813,-101.131
1266.1,-0.131802,-101.137
1266.15,-0.131819,-101.144
1266.2,-0.131822,-101.15
1266.25,-0.13182,-101.157
1266.3,-0.131816,-101.164
1266.35,-0.131814,-101.17
1266.4,-0.131828,-101.177
1266.45,-0.131827,-101.183
1266.5,-0.131825,-101.19
1266.55,-0.131843,-101.197
1266.6,-0.131835,-101.203
1266.65,-0.131841,-101.21
1266.7,-0.131836,-101.216
1266.75,-0.131843,-101.223
1266.8,-0.131843,-101.23
1266.85,-0.131857,-101.236
1266.9,-0.131869,-101.243
1266.95,-0.131853,-101.249
1267.0,-0.131849,-101.256
1267.05,-0.131849,-101.262
1267.1,-0.131844,-101.269
1267.15,-0.131852,-101.276
1267.2,-0.131864,-101.282
1267.25,-0.131872,-101.289
1267.3,-0.131878,-101.295
1267.35,-0.13188,-101.302
1267.4,-0.131886,-101.309
1267.45,-0.131894,-101.315
1267.5,-0.131895,-101.322
1267.55,-0.131914,-101.328
1267.6,-0.131911,-101.335
1267.65,-0.131905,-101.342
1267.7,-0.131928,-101.348
1267.75,-0.131933,-101.355
1267.8,-0.13192,-101.361
1267.85,-0.131918,-101.368
1267.9,-0.13193,-101.375
1267.95,-0.131939,-101.381
1268.0,-0.13194,-101.388
1268.05,-0.13196,-101.394
1268.1,-0.131959,-101.401
1268.15,-0.131961,-101.408
1268.2,-0.131973,-101.414
1268.25,-0.131979,-101.421
1268.3,-0.13199,-101.427
1268.35,-0.131992,-101.434
1268.4,-0.131989,-101.441
1268.45,-0.131993,-101.447
1268.5,-0.131991,-101.454
1268.55,-0.131998,-101.46
1268.6,-0.132009,-101.467
1268.65,-0.132007,-101.474
1268.7,-0.132025,-101.48
1268.75,-0.132039,-101.487
1268.8,-0.132045,-101.493
1268.85,-0.132035,-101.5
1268.9,-0.13205,-101.507
1268.95,-0.132046,-101.513
1269.0,-0.132053,-101.52
1269.05,-0.132059,-101.526
1269.1,-0.132055,-101.533
1269.15,-0.13205,-101.54
1269.2,-0.132043,-101.546
1269.25,-0.132043,-101.553
1269.3,-0.13205,-101.559
1269.35,-0.132051,-101.566
1269.4,-0.132054,-101.573
1269.45,-0.132064,-101.579
1269.5,-0.132049,-101.586
1269.55,-0.132053,-101.592
1269.6,-0.132052,-101.599
1269.65,-0.132064,-101.606
1269.7,-0.132072,-101.612
1269.75,-0.132073,-101.619
1269.8,-0.132062,-101.625
1269.85,-0.132071,-101.632
1269.9,-0.132074,-101.639
1269.95,-0.132071,-101.645
1270.0,-0.132084,-101.652
1270.05,-0.132082,-101.658
1270.1,-0.132084,-101.665
1270.15,-0.132092,-101.672
1270.2,-0.132089,-101.678
1270.25,-0.132085,-101.685
1270.3,-0.132091,-101.691
1270.35,-0.132095,-101.698
1270.4,-0.132102,-101.705
1270.45,-0.132107,-101.711
1270.5,-0.132102,-101.718
1270.55,-0.132098,-101.724
1270.6,-0.132106,-101.731
1270.65,-0.132105,-101.738
1270.7,-0.132118,-101.744
1270.75,-0.132118,-101.751
1270.8,-0.132118,-101.758
1270.85,-0.132118,-101.764
1270.9,-0.13213,-101.771
1270.95,-0.132111,-101.777
1271.0,-0.132112,-101.784
1271.05,-0.132121,-101.791
1271.1,-0.132127,-101.797
1271.15,-0.132125,-101.804
1271.2,-0.132149,-101.81
1271.25,-0.132137,-101.817
1271.3,-0.132154,-101.824
1271.35,-0.132155,-101.83
1271.4,-0.132159,-101.837
1271.45,-0.132164,-101.843
1271.5,-0.13218,-101.85
1271.55,-0.132172,-101.857
1271.6,-0.132167,-101.863
1271.65,-0.132175,-101.87
1271.7,-0.132181,-101.876
1271.75,-0.132183,-101.883
1271.8,-0.132184,-101.89
1271.85,-0.132196,-101.896
1271.9,-0.132195,-101.903
1271.95,-0.132199,-101.91
1272.0,-0.132208,-101.916
1272.05,-0.132203,-101.923
1272.1,-0.132205,-101.929
1272.15,-0.132218,-101.936
1272.2,-0.132225,-101.943
1272.25,-0.132231,-101.949
1272.3,-0.132231,-101.956
1272.35,-0.13224,-101.962
1272.4,-0.13223,-101.969
1272.45,-0.132221,-101.976
1272.5,-0.132247,-101.982
1272.55,-0.132246,-101.989
1272.6,-0.132241,-101.995
1272.65,-0.132231,-102.002
1272.7,-0.132238,-102.009
1272.75,-0.132244,-102.015
1272.8,-0.132246,-102.022
1272.85,-0.132237,-102.029
1272.9,-0.132247,-102.035
1272.95,-0.132245,-102.042
1273.0,-0.132234,-102.048
1273.05,-0.132238,-102.055
1273.1,-0.132249,-102.062
1273.15,-0.132254,-102.068
1273.2,-0.132257,-102.075
1273.25,-0.132256,-102.081
1273.3,-0.132252,-102.088
1273.35,-0.132265,-102.095
1273.4,-0.132246,-102.101
1273.45,-0.132244,-102.108
1273.5,-0.13225,-102.114
1273.55,-0.132266,-102.121
1273.6,-0.132265,-102.128
1273.65,-0.132266,-102.134
1273.7,-0.132253,-102.141
1273.75,-0.132257,-102.148
1273.8,-0.132264,-102.154
1273.85,-0.132263,-102.161
1273.9,-0.132263,-102.167
1273.95,-0.132262,-102.174
1274.0,-0.132259,-102.181
1274.05,-0.132267,-102.187
1274.1,-0.132263,-102.194
1274.15,-0.132265,-102.2
1274.2,-0.132269,-102.207
1274.25,-0.132266,-102.214
1274.3,-0.132259,-102.22
1274.35,-0.132257,-102.227
1274.4,-0.132252,-102.233
1274.45,-0.132241,-102.24
1274.5,-0.132246,-102.247
1274.55,-0.132257,-102.253
1274.6,-0.132254,-102.26
1274.65,-0.132263,-102.267
1274.7,-0.13225,-102.273
1274.75,-0.132242,-102.28
1274.8,-0.132255,-102.286
1274.85,-0.132254,-102.293
1274.9,-0.132257,-102.3
1274.95,-0.132262,-102.306
1275.0,-0.132253,-102.313
1275.05,-0.132255,-102.319
1275.1,-0.132262,-102.326
1275.15,-0.132261,-102.333
1275.2,-0.132259,-102.339
1275.25,-0.132274,-102.346
1275.3,-0.132293,-102.353
1275.35,-0.132287,-102.359
1275.4,-0.132297,-102.366
1275.45,-0.132303,-102.372
1275.5,-0.132307,-102.379
1275.55,-0.132311,-102.386
1275.6,-0.132313,-102.392
1275.65,-0.132324,-102.399
1275.7,-0.13233,-102.405
1275.75,-0.132325,-102.412
1275.8,-0.132319,-102.419
1275.85,-0.132323,-102.425
1275.9,-0.132329,-102.432
1275.95,-0.132327,-102.439
1276.0,-0.132326,-102.445
1276.05,-0.132328,-102.452
1276.1,-0.132327,-102.458
1276.15,-0.132323,-102.465
1276.2,-0.132321,-102.472
1276.25,-0.132333,-102.478
1276.3,-0.132332,-102.485
1276.35,-0.132343,-102.491
1276.4,-0.132335,-102.498
1276.45,-0.132344,-102.505
1276.5,-0.132349,-102.511
1276.55,-0.13234,-102.518
1276.6,-0.132346,-102.525
1276.65,-0.132361,-102.531
1276.7,-0.132365,-102.538
1276.75,-0.132369,-102.544
1276.8,-0.132374,-102.551
1276.85,-0.132382,-102.558
1276.9,-0.132378,-102.564
1276.95,-0.132382,-102.571
1277.0,-0.132377,-102.578
1277.05,-0.132389,-102.584
1277.1,-0.132396,-102.591
1277.15,-0.132402,-102.597
1277.2,-0.132414,-102.604
1277.25,-0.132418,-102.611
1277.3,-0.132414,-102.617
1277.35,-0.132419,-102.624
1277.4,-0.132415,-102.63
1277.45,-0.132415,-102.637
1277.5,-0.132422,-102.644
1277.55,-0.132429,-102.65
1277.6,-0.132429,-102.657
1277.65,-0.132414,-102.664
1277.7,-0.132404,-102.67
1277.75,-0.132424,-102.677
1277.8,-0.132422,-102.683
1277.85,-0.132425,-102.69
1277.9,-0.132425,-102.697
1277.95,-0.13244,-102.703
1278.0,-0.132435,-102.71
1278.05,-0.132435,-102.717
1278.1,-0.132438,-102.723
1278.15,-0.132443,-102.73
1278.2,-0.132449,-102.736
1278.25,-0.132442,-102.743
1278.3,-0.132435,-102.75
1278.35,-0.132444,-102.756
1278.4,-0.132461,-102.763
1278.45,-0.132468,-102.77
1278.5,-0.132452,-102.776
1278.55,-0.132457,-102.783
1278.6,-0.132445,-102.789
1278.65,-0.132456,-102.796
1278.7,-0.132452,-102.803
1278.75,-0.132471,-102.809
1278.8,-0.132456,-102.816
1278.85,-0.132445,-102.823
1278.9,-0.132449,-102.829
1278.95,-0.132459,-102.836
1279.0,-0.132457,-102.842
1279.05,-0.132453,-102.849
1279.1,-0.132458,-102.856
1279.15,-0.132469,-102.862
1279.2,-0.132456,-102.869
1279.25,-0.132453,-102.875
1279.3,-0.132446,-102.882
1279.35,-0.13246,-102.889
1279.4,-0.132455,-102.895
1279.45,-0.132444,-102.902
1279.5,-0.132462,-102.909
1279.55,-0.13245,-102.915
1279.6,-0.132451,-102.922
1279.65,-0.13245,-102.928
1279.7,-0.132459,-102.935
1279.75,-0.132457,-102.942
1279.8,-0.132452,-102.948
1279.85,-0.132455,-102.955
1279.9,-0.132463,-102.962
1279.95,-0.132489,-102.968
1280.0,-0.132482,-102.975
1280.05,-0.132476,-102.981
1280.1,-0.132487,-102.988
1280.15,-0.132502,-102.995
1280.2,-0.132502,-103.001
1280.25,-0.132493,-103.008
1280.3,-0.132494,-103.015
1280.35,-0.132489,-103.021
1280.4,-0.132494,-103.028
1280.45,-0.132503,-103.034
1280.5,-0.132519,-103.041
1280.55,-0.132518,-103.048
1280.6,-0.132522,-103.054
1280.65,-0.13252,-103.061
1280.7,-0.132515,-103.068
1280.75,-0.132506,-103.074
1280.8,-0.132517,-103.081
1280.85,-0.132531,-103.087
1280.9,-0.132532,-103.094
1280.95,-0.132531,-103.101
1281.0,-0.13253,-103.107
1281.05,-0.132528,-103.114
1281.1,-0.132527,-103.121
1281.15,-0.132522,-103.127
1281.2,-0.132521,-103.134
1281.25,-0.132531,-103.14
1281.3,-0.132541,-103.147
1281.35,-0.132538,-103.154
1281.4,-0.132542,-103.16
1281.45,-0.13254,-103.167
1281.5,-0.132555,-103.174
1281.55,-0.132543,-103.18
1281.6,-0.132549,-103.187
1281.65,-0.132545,-103.193
1281.7,-0.132552,-103.2
1281.75,-0.132552,-103.207
1281.8,-0.132553,-103.213
1281.85,-0.132556,-103.22
1281.9,-0.132554,-103.227
1281.95,-0.132561,-103.233
1282.0,-0.132556,-103.24
1282.05,-0.132559,-103.247
1282.1,-0.13256,-103.253
1282.15,-0.132553,-103.26
1282.2,-0.132575,-103.266
1282.25,-0.132572,-103.273
1282.3,-0.132568,-103.28
1282.35,-0.132579,-103.286
1282.4,-0.132581,-103.293
1282.45,-0.132576,-103.3
1282.5,-0.132566,-103.306
1282.55,-0.132577,-103.313
1282.6,-0.132578,-103.319
1282.65,-0.132588,-103.326
1282.7,-0.132606,-103.333
1282.75,-0.132586,-103.339
1282.8,-0.132583,-103.346
1282.85,-0.132576,-103.353
1282.9,-0.132575,-103.359
1282.95,-0.132587,-103.366
1283.0,-0.132579,-103.372
1283.05,-0.132585,-103.379
1283.1,-0.132588,-103.386
1283.15,-0.132583,-103.392
1283.2,-0.132578,-103.399
1283.25,-0.132576,-103.406
1283.3,-0.132581,-103.412
1283.35,-0.132579,-103.419
1283.4,-0.132584,-103.425
1283.45,-0.13259,-103.432
1283.5,-0.132583,-103.439
1283.55,-0.132581,-103.445
1283.6,-0.132577,-103.452
1283.65,-0.13258,-103.459
1283.7,-0.132566,-103.465
1283.75,-0.132578,-103.472
1283.8,-0.132592,-103.479
1283.85,-0.132583,-103.485
1283.9,-0.132584,-103.492
1283.95,-0.132574,-103.498
1284.0,-0.132584,-103.505
1284.05,-0.132575,-103.512
1284.1,-0.132573,-103.518
1284.15,-0.132568,-103.525
1284.2,-0.132559,-103.532
1284.25,-0.132568,-103.538
1284.3,-0.13257,-103.545
1284.35,-0.132585,-103.551
1284.4,-0.132626,-103.558
1284.45,-0.132633,-103.565
1284.5,-0.13263,-103.571
1284.55,-0.132625,-103.578
1284.6,-0.13264,-103.585
1284.65,-0.132646,-103.591
1284.7,-0.132656,-103.598
1284.75,-0.132663,-103.604
1284.8,-0.132661,-103.611
1284.85,-0.132669,-103.618
1284.9,-0.132674,-103.624
1284.95,-0.132668,-103.631
1285.0,-0.132683,-103.638
1285.05,-0.132692,-103.644
1285.1,-0.1327,-103.651
1285.15,-0.132685,-103.658
1285.2,-0.132701,-103.664
1285.25,-0.132697,-103.671
1285.3,-0.132708,-103.677
1285.35,-0.132711,-103.684
1285.4,-0.132738,-103.691
1285.45,-0.132745,-103.697
1285.5,-0.132743,-103.704
1285.55,-0.132746,-103.711
1285.6,-0.132749,-103.717
1285.65,-0.132744,-103.724
1285.7,-0.132752,-103.731
1285.75,-0.132757,-103.737
1285.8,-0.132771,-103.744
1285.85,-0.132782,-103.75
1285.9,-0.132782,-103.757
1285.95,-0.132787,-103.764
1286.0,-0.132787,-103.77
1286.05,-0.132793,-103.777
1286.1,-0.132805,-103.784
1286.15,-0.132814,-103.79
1286.2,-0.132818,-103.797
1286.25,-0.132809,-103.804
1286.3,-0.132807,-103.81
1286.35,-0.132813,-103.817
1286.4,-0.132812,-103.824
1286.45,-0.132835,-103.83
1286.5,-0.132828,-103.837
1286.55,-0.132822,-103.843
1286.6,-0.132835,-103.85
1286.65,-0.132825,-103.857
1286.7,-0.132833,-103.863
1286.75,-0.132847,-103.87
1286.8,-0.132839,-103.877
1286.85,-0.132845,-103.883
1286.9,-0.13285,-103.89
1286.95,-0.132864,-103.897
1287.0,-0.132869,-103.903
1287.05,-0.132865,-103.91
1287.1,-0.132868,-103.917
1287.15,-0.132884,-103.923
1287.2,-0.132898,-103.93
1287.25,-0.132884,-103.936
1287.3,-0.132905,-103.943
1287.35,-0.132908,-103.95
1287.4,-0.132911,-103.956
1287.45,-0.132925,-103.963
1287.5,-0.132926,-103.97
1287.55,-0.13294,-103.976
1287.6,-0.132936,-103.983
1287.65,-0.132955,-103.99
1287.7,-0.132956,-103.996
1287.75,-0.132956,-104.003
1287.8,-0.13295,-104.01
1287.85,-0.132962,-104.016
1287.9,-0.132967,-104.023
1287.95,-0.13296,-104.03
1288.0,-0.132963,-104.036
1288.05,-0.132962,-104.043
1288.1,-0.132969,-104.049
1288.15,-0.132965,-104.056
1288.2,-0.13297,-104.063
1288.25,-0.132991,-104.069
1288.3,-0.132998,-104.076
1288.35,-0.132998,-104.083
1288.4,-0.13299,-104.089
1288.45,-0.133012,-104.096
1288.5,-0.133017,-104.103
1288.55,-0.133021,-104.109
1288.6,-0.13301,-104.116
1288.65,-0.133035,-104.123
1288.7,-0.133038,-104.129
1288.75,-0.133034,-104.136
1288.8,-0.133049,-104.143
1288.85,-0.133063,-104.149
1288.9,-0.133057,-104.156
1288.95,-0.133072,-104.163
1289.0,-0.133063,-104.169
1289.05,-0.133075,-104.176
1289.1,-0.133083,-104.182
1289.15,-0.133075,-104.189
1289.2,-0.133072,-104.196
1289.25,-0.133079,-104.202
1289.3,-0.133083,-104.209
1289.35,-0.133076,-104.216
1289.4,-0.133081,-104.222
1289.45,-0.133072,-104.229
1289.5,-0.133072,-104.236
1289.55,-0.13308,-104.242
1289.6,-0.133083,-104.249
1289.65,-0.133071,-104.256
1289.7,-0.133084,-104.262
1289.75,-0.133076,-104.269
1289.8,-0.133075,-104.276
1289.85,-0.133078,-104.282
1289.9,-0.133061,-104.289
1289.95,-0.133073,-104.296
1290.0,-0.133068,-104.302
1290.05,-0.133074,-104.309
1290.1,-0.133077,-104.316
1290.15,-0.133079,-104.322
1290.2,-0.133082,-104.329
1290.25,-0.133085,-104.336
1290.3,-0.13308,-104.342
1290.35,-0.133082,-104.349
1290.4,-0.133091,-104.355
1290.45,-0.133094,-104.362
1290.5,-0.133094,-104.369
1290.55,-0.133097,-104.375
1290.6,-0.133106,-104.382
1290.65,-0.133105,-104.389
1290.7,-0.133099,-104.395
1290.75,-0.133107,-104.402
1290.8,-0.133086,-104.409
1290.85,-0.133107,-104.415
1290.9,-0.13312,-104.422
1290.95,-0.133125,-104.429
1291.0,-0.133136,-104.435
1291.05,-0.133142,-104.442
1291.1,-0.133137,-104.449
1291.15,-0.133155,-104.455
1291.2,-0.133147,-104.462
1291.25,-0.133151,-104.469
1291.3,-0.133157,-104.475
1291.35,-0.133165,-104.482
1291.4,-0.133175,-104.489
1291.45,-0.133177,-104.495
1291.5,-0.133195,-104.502
1291.55,-0.133187,-104.509
1291.6,-0.133194,-104.515
1291.65,-0.133191,-104.522
1291.7,-0.13321,-104.529
1291.75,-0.133217,-104.535
1291.8,-0.133219,-104.542
1291.85,-0.133221,-104.549
1291.9,-0.133226,-104.555
1291.95,-0.133216,-104.562
1292.0,-0.133224,-104.569
1292.05,-0.133245,-104.575
1292.1,-0.133248,-104.582
1292.15,-0.133265,-104.589
1292.2,-0.133277,-104.595
1292.25,-0.133281,-104.602
1292.3,-0.133277,-104.609
1292.35,-0.133285,-104.615
1292.4,-0.133293,-104.622
1292.45,-0.133294,-104.629
1292.5,-0.133296,-104.635
1292.55,-0.133308,-104.642
1292.6,-0.133313,-104.648
1292.65,-0.133307,-104.655
1292.7,-0.133308,-104.662
1292.75,-0.133319,-104.668
1292.8,-0.133322,-104.675
1292.85,-0.13333,-104.682
1292.9,-0.13332,-104.688
1292.95,-0.133325,-104.695
1293.0,-0.133345,-104.702
1293.05,-0.133333,-104.708
1293.1,-0.133337,-104.715
1293.15,-0.133331,-104.722
1293.2,-0.133335,-104.728
1293.25,-0.133317,-104.735
1293.3,-0.133329,-104.742
1293.35,-0.133335,-104.748
1293.4,-0.133333,-104.755
1293.45,-0.133348,-104.762
1293.5,-0.133348,-104.768
1293.55,-0.13335,-104.775
1293.6,-0.133343,-104.782
1293.65,-0.133352,-104.788
1293.7,-0.133353,-104.795
1293.75,-0.133358,-104.802
1293.8,-0.133359,-104.809
1293.85,-0.133359,-104.815
1293.9,-0.133353,-104.822
1293.95,-0.133363,-104.829
1294.0,-0.133359,-104.835
1294.05,-0.133378,-104.842
1294.1,-0.13337,-104.849
1294.15,-0.133386,-104.855
1294.2,-0.133384,-104.862
1294.25,-0.133391,-104.869
1294.3,-0.133378,-104.875
1294.35,-0.133379,-104.882
1294.4,-0.133386,-104.889
1294.45,-0.133382,-104.895
1294.5,-0.133392,-104.902
1294.55,-0.133395,-104.909
1294.6,-0.133395,-104.915
1294.65,-0.13339,-104.922
1294.7,-0.133397,-104.929
1294.75,-0.133394,-104.935
1294.8,-0.133403,-104.942
1294.85,-0.133406,-104.949
1294.9,-0.133418,-104.955
1294.95,-0.133415,-104.962
1295.0,-0.133417,-104.969
1295.05,-0.133422,-104.975
1295.1,-0.133432,-104.982
1295.15,-0.133425,-104.989
1295.2,-0.133432,-104.995
1295.25,-0.13345,-105.002
1295.3,-0.133462,-105.009
1295.35,-0.133453,-105.015
1295.4,-0.133452,-105.022
1295.45,-0.133464,-105.029
1295.5,-0.133479,-105.035
1295.55,-0.133486,-105.042
1295.6,-0.133475,-105.049
1295.65,-0.133503,-105.055
1295.7,-0.133515,-105.062
1295.75,-0.133518,-105.069
1295.8,-0.133527,-105.075
1295.85,-0.133529,-105.082
1295.9,-0.133524,-105.089
1295.95,-0.133532,-105.095
1296.0,-0.13353,-105.102
1296.05,-0.133542,-105.109
1296.1,-0.133553,-105.115
1296.15,-0.13355,-105.122
1296.2,-0.133564,-105.129
1296.25,-0.133567,-105.135
1296.3,-0.13356,-105.142
1296.35,-0.13355,-105.149
1296.4,-0.133542,-105.155
1296.45,-0.133552,-105.162
1296.5,-0.133541,-105.169
1296.55,-0.133551,-105.175
1296.6,-0.133552,-105.182
1296.65,-0.133562,-105.189
1296.7,-0.133556,-105.196
1296.75,-0.133549,-105.202
1296.8,-0.133545,-105.209
1296.85,-0.133539,-105.216
1296.9,-0.133543,-105.222
1296.95,-0.133549,-105.229
1297.0,-0.133552,-105.236
1297.05,-0.133551,-105.242
1297.1,-0.133562,-105.249
1297.15,-0.13356,-105.256
1297.2,-0.133548,-105.262
1297.25,-0.133547,-105.269
1297.3,-0.133555,-105.276
1297.35,-0.133549,-105.282
1297.4,-0.133543,-105.289
1297.45,-0.13354,-105.296
1297.5,-0.133549,-105.302
1297.55,-0.133558,-105.309
1297.6,-0.133564,-105.316
1297.65,-0.13356,-105.322
1297.7,-0.133546,-105.329
1297.75,-0.13356,-105.336
1297.8,-0.133542,-105.342
1297.85,-0.133548,-105.349
1297.9,-0.133555,-105.356
1297.95,-0.133551,-105.362
1298.0,-0.133576,-105.369
1298.05,-0.133577,-105.376
1298.1,-0.133582,-105.383
1298.15,-0.133584,-105.389
1298.2,-0.133589,-105.396
1298.25,-0.133591,-105.403
1298.3,-0.133596,-105.409
1298.35,-0.133605,-105.416
1298.4,-0.13361,-105.423
1298.45,-0.133623,-105.429
1298.5,-0.133628,-105.436
1298.55,-0.133625,-105.443
1298.6,-0.133627,-105.449
1298.65,-0.133627,-105.456
1298.7,-0.133641,-105.463
1298.75,-0.133641,-105.469
1298.8,-0.133631,-105.476
1298.85,-0.133634,-105.483
1298.9,-0.133632,-105.489
1298.95,-0.13362,-105.496
1299.0,-0.133617,-105.503
1299.05,-0.133635,-105.509
1299.1,-0.133629,-105.516
1299.15,-0.133629,-105.523
1299.2,-0.13363,-105.529
1299.25,-0.133614,-105.536
1299.3,-0.133613,-105.543
1299.35,-0.133614,-105.55
1299.4,-0.133635,-105.556
1299.45,-0.133624,-105.563
1299.5,-0.133625,-105.57
1299.55,-0.133621,-105.576
1299.6,-0.133606,-105.583
1299.65,-0.133611,-105.59
1299.7,-0.133614,-105.596
1299.75,-0.133617,-105.603
1299.8,-0.133611,-105.61
1299.85,-0.133618,-105.616
1299.9,-0.133608,-105.623
1299.95,-0.133612,-105.63
1300.0,-0.133605,-105.636
1300.05,-0.133595,-105.643
1300.1,-0.133611,-105.65
1300.15,-0.133618,-105.656
1300.2,-0.133604,-105.663
1300.25,-0.133602,-105.67
1300.3,-0.133605,-105.676
1300.35,-0.133607,-105.683
1300.4,-0.133603,-105.69
1300.45,-0.133615,-105.697
1300.5,-0.133625,-105.703
1300.55,-0.133614,-105.71
1300.6,-0.133612,-105.717
1300.65,-0.133611,-105.723
1300.7,-0.133612,-105.73
1300.75,-0.133609,-105.737
1300.8,-0.133627,-105.743
1300.85,-0.133635,-105.75
1300.9,-0.133623,-105.757
1300.95,-0.133631,-105.763
1301.0,-0.13363,-105.77
1301.05,-0.133638,-105.777
1301.1,-0.13363,-105.783
1301.15,-0.133651,-105.79
1301.2,-0.13363,-105.797
1301.25,-0.133643,-105.803
1301.3,-0.133646,-105.81
1301.35,-0.133629,-105.817
1301.4,-0.133633,-105.823
1301.45,-0.133636,-105.83
1301.5,-0.133646,-105.837
1301.55,-0.133651,-105.843
1301.6,-0.13365,-105.85
1301.65,-0.133643,-105.857
1301.7,-0.133637,-105.864
1301.75,-0.133641,-105.87
1301.8,-0.133645,-105.877
1301.85,-0.133642,-105.884
1301.9,-0.133659,-105.89
1301.95,-0.133659,-105.897
1302.0,-0.133652,-105.904
1302.05,-0.133653,-105.91
1302.1,-0.133657,-105.917
1302.15,-0.133659,-105.924
1302.2,-0.133666,-105.93
1302.25,-0.133672,-105.937
1302.3,-0.13366,-105.944
1302.35,-0.13367,-105.95
1302.4,-0.133658,-105.957
1302.45,-0.133663,-105.964
1302.5,-0.133658,-105.97
1302.55,-0.133675,-105.977
1302.6,-0.133668,-105.984
1302.65,-0.133664,-105.991
1302.7,-0.133682,-105.997
1302.75,-0.13369,-106.004
1302.8,-0.13369,-106.011
1302.85,-0.133687,-106.017
1302.9,-0.133677,-106.024
1302.95,-0.133689,-106.031
1303.0,-0.133688,-106.037
1303.05,-0.133678,-106.044
1303.1,-0.13368,-106.051
1303.15,-0.133684,-106.057
1303.2,-0.133682,-106.064
1303.25,-0.133684,-106.071
1303.3,-0.133682,-106.077
1303.35,-0.133682,-106.084
1303.4,-0.133688,-106.091
1303.45,-0.133696,-106.097
1303.5,-0.133678,-106.104
1303.55,-0.133672,-106.111
1303.6,-0.133685,-106.118
1303.65,-0.133674,-106.124
1303.7,-0.133678,-106.131
1303.75,-0.133687,-106.138
1303.8,-0.13369,-106.144
1303.85,-0.133682,-106.151
1303.9,-0.133684,-106.158
1303.95,-0.133684,-106.164
1304.0,-0.133678,-106.171
1304.05,-0.133674,-106.178
1304.1,-0.133687,-106.184
1304.15,-0.133693,-106.191
1304.2,-0.133705,-106.198
1304.25,-0.133689,-106.204
1304.3,-0.133702,-106.211
1304.35,-0.133699,-106.218
1304.4,-0.13371,-106.224
1304.45,-0.133723,-106.231
1304.5,-0.133719,-106.238
1304.55,-0.133721,-106.245
1304.6,-0.133738,-106.251
1304.65,-0.133735,-106.258
1304.7,-0.133752,-106.265
1304.75,-0.133749,-106.271
1304.8,-0.133744,-106.278
1304.85,-0.133744,-106.285
1304.9,-0.133755,-106.291
1304.95,-0.133777,-106.298
1305.0,-0.133755,-106.305
1305.05,-0.133756,-106.311
1305.1,-0.133767,-106.318
1305.15,-0.133766,-106.325
1305.2,-0.133762,-106.331
1305.25,-0.133771,-106.338
1305.3,-0.133774,-106.345
1305.35,-0.133778,-106.352
1305.4,-0.133773,-106.358
1305.45,-0.133777,-106.365
1305.5,-0.133768,-106.372
1305.55,-0.13377,-106.378
1305.6,-0.133767,-106.385
1305.65,-0.133779,-106.392
1305.7,-0.133795,-106.398
1305.75,-0.133789,-106.405
1305.8,-0.133785,-106.412
1305.85,-0.133775,-106.418
1305.9,-0.133776,-106.425
1305.95,-0.133761,-106.432
1306.0,-0.13377,-106.438
1306.05,-0.133785,-106.445
1306.1,-0.133788,-106.452
1306.15,-0.133789,-106.459
1306.2,-0.13377,-106.465
1306.25,-0.133765,-106.472
1306.3,-0.133782,-106.479
1306.35,-0.1338,-106.485
1306.4,-0.1338,-106.492
1306.45,-0.133811,-106.499
1306.5,-0.133817,-106.505
1306.55,-0.133817,-106.512
1306.6,-0.133823,-106.519
1306.65,-0.133827,-106.525
1306.7,-0.133839,-106.532
1306.75,-0.133846,-106.539
1306.8,-0.13385,-106.546
1306.85,-0.133872,-106.552
1306.9,-0.133871,-106.559
1306.95,-0.133893,-106.566
1307.0,-0.133901,-106.572
1307.05,-0.133907,-106.579
1307.1,-0.133915,-106.586
1307.15,-0.133926,-106.592
1307.2,-0.133909,-106.599
1307.25,-0.133921,-106.606
1307.3,-0.133921,-106.612
1307.35,-0.133927,-106.619
1307.4,-0.133922,-106.626
1307.45,-0.133939,-106.633
1307.5,-0.133951,-106.639
1307.55,-0.133951,-106.646
1307.6,-0.133955,-106.653
1307.65,-0.133963,-106.659
1307.7,-0.133964,-106.666
1307.75,-0.133956,-106.673
1307.8,-0.13397,-106.679
1307.85,-0.133972,-106.686
1307.9,-0.133971,-106.693
1307.95,-0.133984,-106.7
1308.0,-0.13398,-106.706
1308.05,-0.133988,-106.713
1308.1,-0.133995,-106.72
1308.15,-0.13399,-106.726
1308.2,-0.134011,-106.733
1308.25,-0.134002,-106.74
1308.3,-0.133995,-106.746
1308.35,-0.134009,-106.753
1308.4,-0.134014,-106.76
1308.45,-0.134012,-106.767
1308.5,-0.134004,-106.773
1308.55,-0.134017,-106.78
1308.6,-0.134019,-106.787
1308.65,-0.13402,-106.793
1308.7,-0.134026,-106.8
1308.75,-0.13403,-106.807
1308.8,-0.13403,-106.813
1308.85,-0.134035,-106.82
1308.9,-0.134036,-106.827
1308.95,-0.134039,-106.834
1309.0,-0.13404,-106.84
1309.05,-0.134038,-106.847
1309.1,-0.134037,-106.854
1309.15,-0.134037,-106.86
1309.2,-0.13405,-106.867
1309.25,-0.134039,-106.874
1309.3,-0.134036,-106.88
1309.35,-0.134054,-106.887
1309.4,-0.134049,-106.894
1309.45,-0.134057,-106.901
1309.5,-0.134079,-106.907
1309.55,-0.134075,-106.914
1309.6,-0.134068,-106.921
1309.65,-0.134077,-106.927
1309.7,-0.134075,-106.934
1309.75,-0.134087,-106.941
1309.8,-0.134075,-106.948
1309.85,-0.134068,-106.954
1309.9,-0.134082,-106.961
1309.95,-0.134074,-106.968
1310.0,-0.134087,-106.974
1310.05,-0.134091,-106.981
1310.1,-0.134087,-106.988
1310.15,-0.134105,-106.994
1310.2,-0.134103,-107.001
1310.25,-0.134121,-107.008
1310.3,-0.134136,-107.015
1310.35,-0.134143,-107.021
1310.4,-0.134133,-107.028
1310.45,-0.134146,-107.035
1310.5,-0.13414,-107.041
1310.55,-0.134154,-107.048
1310.6,-0.134155,-107.055
1310.65,-0.134163,-107.062
1310.7,-0.134166,-107.068
1310.75,-0.134164,-107.075
1310.8,-0.134158,-107.082
1310.85,-0.134165,-107.088
1310.9,-0.134181,-107.095
1310.95,-0.134179,-107.102
1311.0,-0.134177,-107.108
1311.05,-0.134182,-107.115
1311.1,-0.134175,-107.122
1311.15,-0.134187,-107.129
1311.2,-0.134178,-107.135
1311.25,-0.134186,-107.142
1311.3,-0.134194,-107.149
1311.35,-0.134199,-107.155
1311.4,-0.134195,-107.162
1311.45,-0.134206,-107.169
1311.5,-0.134216,-107.176
1311.55,-0.134202,-107.182
1311.6,-0.134216,-107.189
1311.65,-0.134231,-107.196
1311.7,-0.134237,-107.202
1311.75,-0.134239,-107.209
1311.8,-0.13423,-107.216
1311.85,-0.134234,-107.223
1311.9,-0.134254,-107.229
1311.95,-0.134244,-107.236
1312.0,-0.134242,-107.243
1312.05,-0.134256,-107.249
1312.1,-0.134253,-107.256
1312.15,-0.134266,-107.263
1312.2,-0.134259,-107.27
1312.25,-0.134263,-107.276
1312.3,-0.134278,-107.283
1312.35,-0.134283,-107.29
1312.4,-0.134271,-107.296
1312.45,-0.134273,-107.303
1312.5,-0.134279,-107.31
1312.55,-0.134267,-107.317
1312.6,-0.134277,-107.323
1312.65,-0.134274,-107.33
1312.7,-0.134269,-107.337
1312.75,-0.134272,-107.343
1312.8,-0.13428,-107.35
1312.85,-0.134284,-107.357
1312.9,-0.134285,-107.364
1312.95,-0.134286,-107.37
1313.0,-0.134283,-107.377
1313.05,-0.134303,-107.384
1313.1,-0.134303,-107.39
1313.15,-0.134292,-107.397
1313.2,-0.134293,-107.404
1313.25,-0.134306,-107.411
1313.3,-0.134312,-107.417
1313.35,-0.134338,-107.424
1313.4,-0.134332,-107.431
1313.45,-0.134335,-107.437
1313.5,-0.134348,-107.444
1313.55,-0.134343,-107.451
1313.6,-0.134329,-107.458
1313.65,-0.134338,-107.464
1313.7,-0.13434,-107.471
1313.75,-0.13436,-107.478
1313.8,-0.134357,-107.484
1313.85,-0.134356,-107.491
1313.9,-0.13435,-107.498
1313.95,-0.134355,-107.505
1314.0,-0.134365,-107.511
1314.05,-0.134353,-107.518
1314.1,-0.134363,-107.525
1314.15,-0.134366,-107.531
1314.2,-0.13437,-107.538
1314.25,-0.13436,-107.545
1314.3,-0.13438,-107.552
1314.35,-0.134373,-107.558
1314.4,-0.134378,-107.565
1314.45,-0.134381,-107.572
1314.5,-0.134393,-107.578
1314.55,-0.134394,-107.585
1314.6,-0.134388,-107.592
1314.65,-0.134382,-107.599
1314.7,-0.134396,-107.605
1314.75,-0.134403,-107.612
1314.8,-0.134399,-107.619
1314.85,-0.134394,-107.626
1314.9,-0.134388,-107.632
1314.95,-0.134402,-107.639
1315.0,-0.134405,-107.646
1315.05,-0.134401,-107.652
1315.1,-0.134412,-107.659
1315.15,-0.134407,-107.666
1315.2,-0.134403,-107.673
1315.25,-0.134416,-107.679
1315.3,-0.134412,-107.686
1315.35,-0.134413,-107.693
1315.4,-0.134396,-107.699
1315.45,-0.134418,-107.706
1315.5,-0.134409,-107.713
1315.55,-0.134419,-107.72
1315.6,-0.134398,-107.726
1315.65,-0.134393,-107.733
1315.7,-0.134388,-107.74
1315.75,-0.134392,-107.746
1315.8,-0.134401,-107.753
1315.85,-0.134397,-107.76
1315.9,-0.134402,-107.767
1315.95,-0.134399,-107.773
1316.0,-0.134381,-107.78
1316.05,-0.13439,-107.787
1316.1,-0.134393,-107.794
1316.15,-0.134398,-107.8
1316.2,-0.134397,-107.807
1316.25,-0.134397,-107.814
1316.3,-0.134409,-107.82
1316.35,-0.134396,-107.827
1316.4,-0.134404,-107.834
1316.45,-0.134405,-107.841
1316.5,-0.13439,-107.847
1316.55,-0.134395,-107.854
1316.6,-0.134386,-107.861
1316.65,-0.134389,-107.867
1316.7,-0.134377,-107.874
1316.75,-0.134395,-107.881
1316.8,-0.134389,-107.888
1316.85,-0.134382,-107.894
1316.9,-0.134387,-107.901
1316.95,-0.13439,-107.908
1317.0,-0.134386,-107.914
1317.05,-0.134388,-107.921
1317.1,-0.134395,-107.928
1317.15,-0.134397,-107.935
1317.2,-0.134407,-107.941
1317.25,-0.134399,-107.948
1317.3,-0.13441,-107.955
1317.35,-0.134402,-107.962
1317.4,-0.134406,-107.968
1317.45,-0.134409,-107.975
1317.5,-0.134396,-107.982
1317.55,-0.1344,-107.988
1317.6,-0.134408,-107.995
1317.65,-0.134406,-108.002
1317.7,-0.134411,-108.009
1317.75,-0.134412,-108.015
1317.8,-0.13441,-108.022
1317.85,-0.134419,-108.029
1317.9,-0.134431,-108.035
1317.95,-0.134436,-108.042
1318.0,-0.134426,-108.049
1318.05,-0.134428,-108.056
1318.1,-0.134422,-108.062
1318.15,-0.134422,-108.069
1318.2,-0.134419,-108.076
1318.25,-0.134433,-108.082
1318.3,-0.134438,-108.089
1318.35,-0.134433,-108.096
1318.4,-0.134427,-108.103
1318.45,-0.134444,-108.109
1318.5,-0.13443,-108.116
1318.55,-0.134436,-108.123
1318.6,-0.134449,-108.13
1318.65,-0.134462,-108.136
1318.7,-0.134462,-108.143
1318.75,-0.13445,-108.15
1318.8,-0.13446,-108.156
1318.85,-0.134456,-108.163
1318.9,-0.134452,-108.17
1318.95,-0.13446,-108.177
1319.0,-0.134466,-108.183
1319.05,-0.134471,-108.19
1319.1,-0.134459,-108.197
1319.15,-0.134471,-108.203
1319.2,-0.134472,-108.21
1319.25,-0.134468,-108.217
1319.3,-0.134481,-108.224
1319.35,-0.134476,-108.23
1319.4,-0.134485,-108.237
1319.45,-0.134474,-108.244
1319.5,-0.134481,-108.251
1319.55,-0.134481,-108.257
1319.6,-0.134477,-108.264
1319.65,-0.134484,-108.271
1319.7,-0.134476,-108.277
1319.75,-0.134482,-108.284
1319.8,-0.13447,-108.291
1319.85,-0.134485,-108.298
1319.9,-0.134483,-108.304
1319.95,-0.134494,-108.311
1320.0,-0.134487,-108.318
1320.05,-0.134484,-108.325
1320.1,-0.134492,-108.331
1320.15,-0.134496,-108.338
1320.2,-0.134486,-108.345
1320.25,-0.134472,-108.351
1320.3,-0.134484,-108.358
1320.35,-0.134503,-108.365
1320.4,-0.134506,-108.372
1320.45,-0.134507,-108.378
1320.5,-0.13451,-108.385
1320.55,-0.134508,-108.392
1320.6,-0.134498,-108.399
1320.65,-0.134486,-108.405
1320.7,-0.134511,-108.412
1320.75,-0.134493,-108.419
1320.8,-0.134493,-108.425
1320.85,-0.134518,-108.432
1320.9,-0.134511,-108.439
1320.95,-0.134511,-108.446
1321.0,-0.134518,-108.452
1321.05,-0.134509,-108.459
1321.1,-0.134518,-108.466
1321.15,-0.134514,-108.472
1321.2,-0.134531,-108.479
1321.25,-0.134532,-108.486
1321.3,-0.134529,-108.493
1321.35,-0.134533,-108.499
1321.4,-0.134534,-108.506
1321.45,-0.134545,-108.513
1321.5,-0.134551,-108.52
1321.55,-0.134545,-108.526
1321.6,-0.134547,-108.533
1321.65,-0.134555,-108.54
1321.7,-0.134573,-108.546
1321.75,-0.134572,-108.553
1321.8,-0.134585,-108.56
1321.85,-0.134587,-108.567
1321.9,-0.134587,-108.573
1321.95,-0.134592,-108.58
1322.0,-0.134598,-108.587
1322.05,-0.134591,-108.594
1322.1,-0.134585,-108.6
1322.15,-0.134605,-108.607
1322.2,-0.134614,-108.614
1322.25,-0.134611,-108.621
1322.3,-0.134602,-108.627
1322.35,-0.134598,-108.634
1322.4,-0.134601,-108.641
1322.45,-0.134605,-108.647
1322.5,-0.134618,-108.654
1322.55,-0.134612,-108.661
1322.6,-0.134617,-108.668
1322.65,-0.134624,-108.674
1322.7,-0.134624,-108.681
1322.75,-0.134621,-108.688
1322.8,-0.134626,-108.695
1322.85,-0.134633,-108.701
1322.9,-0.134623,-108.708
1322.95,-0.134639,-108.715
1323.0,-0.134642,-108.721
1323.05,-0.134635,-108.728
1323.1,-0.134636,-108.735
1323.15,-0.134634,-108.742
1323.2,-0.134644,-108.748
1323.25,-0.134635,-108.755
1323.3,-0.13463,-108.762
1323.35,-0.134624,-108.769
1323.4,-0.134626,-108.775
1323.45,-0.134629,-108.782
1323.5,-0.134645,-108.789
1323.55,-0.134648,-108.796
1323.6,-0.134653,-108.802
1323.65,-0.134638,-108.809
1323.7,-0.134654,-108.816
1323.75,-0.134659,-108.822
1323.8,-0.134662,-108.829
1323.85,-0.134658,-108.836
1323.9,-0.134661,-108.843
1323.95,-0.134677,-108.849
1324.0,-0.134673,-108.856
1324.05,-0.134675,-108.863
1324.1,-0.134678,-108.87
1324.15,-0.134681,-108.876
1324.2,-0.134692,-108.883
1324.25,-0.134689,-108.89
1324.3,-0.134692,-108.897
1324.35,-0.134702,-108.903
1324.4,-0.134696,-108.91
1324.45,-0.134711,-108.917
1324.5,-0.134704,-108.923
1324.55,-0.134717,-108.93
1324.6,-0.134718,-108.937
1324.65,-0.134715,-108.944
1324.7,-0.134729,-108.95
1324.75,-0.13472,-108.957
1324.8,-0.134727,-108.964
1324.85,-0.134725,-108.971
1324.9,-0.134737,-108.977
1324.95,-0.134738,-108.984
1325.0,-0.134735,-108.991
1325.05,-0.13474,-108.998
1325.1,-0.134744,-109.004
1325.15,-0.134733,-109.011
1325.2,-0.134746,-109.018
1325.25,-0.134745,-109.025
1325.3,-0.134741,-109.031
1325.35,-0.134746,-109.038
1325.4,-0.134753,-109.045
1325.45,-0.134742,-109.051
1325.5,-0.134752,-109.058
1325.55,-0.134745,-109.065
1325.6,-0.134747,-109.072
1325.65,-0.134756,-109.078
1325.7,-0.134754,-109.085
1325.75,-0.134755,-109.092
1325.8,-0.134759,-109.099
1325.85,-0.134753,-109.105
1325.9,-0.134759,-109.112
1325.95,-0.134763,-109.119
1326.0,-0.134766,-109.126
1326.05,-0.134757,-109.132
1326.1,-0.134759,-109.139
1326.15,-0.134765,-109.146
1326.2,-0.134761,-109.153
1326.25,-0.134754,-109.159
1326.3,-0.134768,-109.166
1326.35,-0.134777,-109.173
1326.4,-0.134774,-109.179
1326.45,-0.134769,-109.186
1326.5,-0.134762,-109.193
1326.55,-0.134769,-109.2
1326.6,-0.13476,-109.206
1326.65,-0.134777,-109.213
1326.7,-0.134782,-109.22
1326.75,-0.134794,-109.227
1326.8,-0.134807,-109.233
1326.85,-0.134798,-109.24
1326.9,-0.134792,-109.247
1326.95,-0.134789,-109.254
1327.0,-0.134804,-109.26
1327.05,-0.1348,-109.267
1327.1,-0.1348,-109.274
1327.15,-0.134809,-109.281
1327.2,-0.134816,-109.287
1327.25,-0.134816,-109.294
1327.3,-0.134818,-109.301
1327.35,-0.134826,-109.308
1327.4,-0.134835,-109.314
1327.45,-0.134853,-109.321
1327.5,-0.13485,-109.328
1327.55,-0.134836,-109.335
1327.6,-0.134865,-109.341
1327.65,-0.134859,-109.348
1327.7,-0.134862,-109.355
1327.75,-0.134869,-109.361
1327.8,-0.134876,-109.368
1327.85,-0.134885,-109.375
1327.9,-0.134887,-109.382
1327.95,-0.134883,-109.388
1328.0,-0.134883,-109.395
1328.05,-0.134892,-109.402
1328.1,-0.134895,-109.409
1328.15,-0.134905,-109.415
1328.2,-0.134901,-109.422
1328.25,-0.13491,-109.429
1328.3,-0.134911,-109.436
1328.35,-0.134914,-109.442
1328.4,-0.134922,-109.449
1328.45,-0.134917,-109.456
1328.5,-0.134918,-109.463
1328.55,-0.134923,-109.469
1328.6,-0.134912,-109.476
1328.65,-0.134914,-109.483
1328.7,-0.134919,-109.49
1328.75,-0.134925,-109.496
1328.8,-0.134932,-109.503
1328.85,-0.134928,-109.51
1328.9,-0.134928,-109.517
1328.95,-0.134918,-109.523
1329.0,-0.134933,-109.53
1329.05,-0.134934,-109.537
1329.1,-0.134943,-109.544
1329.15,-0.134946,-109.55
1329.2,-0.134956,-109.557
1329.25,-0.134957,-109.564
1329.3,-0.134961,-109.571
1329.35,-0.134959,-109.577
1329.4,-0.134967,-109.584
1329.45,-0.134977,-109.591
1329.5,-0.134989,-109.598
1329.55,-0.134976,-109.604
1329.6,-0.134985,-109.611
1329.65,-0.134981,-109.618
1329.7,-0.13499,-109.625
1329.75,-0.134985,-109.631
1329.8,-0.134993,-109.638
1329.85,-0.134988,-109.645
1329.9,-0.134986,-109.652
1329.95,-0.134979,-109.658
1330.0,-0.134971,-109.665
1330.05,-0.134966,-109.672
1330.1,-0.134966,-109.679
1330.15,-0.13496,-109.685
1330.2,-0.134973,-109.692
1330.25,-0.134956,-109.699
1330.3,-0.134961,-109.706
1330.35,-0.134958,-109.712
1330.4,-0.134968,-109.719
1330.45,-0.134968,-109.726
1330.5,-0.134971,-109.733
1330.55,-0.134964,-109.739
1330.6,-0.134958,-109.746
1330.65,-0.134958,-109.753
1330.7,-0.134961,-109.76
1330.75,-0.134952,-109.766
1330.8,-0.134949,-109.773
1330.85,-0.13495,-109.78
1330.9,-0.134952,-109.787
1330.95,-0.134956,-109.793
1331.0,-0.134945,-109.8
1331.05,-0.134938,-109.807
1331.1,-0.134933,-109.814
1331.15,-0.134927,-109.82
1331.2,-0.134944,-109.827
1331.25,-0.134926,-109.834
1331.3,-0.134932,-109.841
1331.35,-0.134934,-109.847
1331.4,-0.134937,-109.854
1331.45,-0.134929,-109.861
1331.5,-0.134938,-109.868
1331.55,-0.134951,-109.874
1331.6,-0.134951,-109.881
1331.65,-0.134945,-109.888
1331.7,-0.134959,-109.895
1331.75,-0.13496,-109.901
1331.8,-0.134957,-109.908
1331.85,-0.134958,-109.915
1331.9,-0.134968,-109.921
1331.95,-0.13497,-109.928
1332.0,-0.13497,-109.935
1332.05,-0.134956,-109.942
1332.1,-0.134955,-109.948
1332.15,-0.134955,-109.955
1332.2,-0.134962,-109.962
1332.25,-0.134973,-109.969
1332.3,-0.134965,-109.975
1332.35,-0.134967,-109.982
1332.4,-0.134969,-109.989
1332.45,-0.134965,-109.996
1332.5,-0.134965,-110.002
1332.55,-0.134968,-110.009
1332.6,-0.134982,-110.016
1332.65,-0.134946,-110.023
1332.7,-0.134904,-110.029
1332.75,-0.134909,-110.036
1332.8,-0.134903,-110.043
1332.85,-0.134906,-110.05
1332.9,-0.1349,-110.056
1332.95,-0.13491,-110.063
1333.0,-0.134917,-110.07
1333.05,-0.134914,-110.077
1333.1,-0.134912,-110.083
1333.15,-0.134906,-110.09
1333.2,-0.134908,-110.097
1333.25,-0.134922,-110.104
1333.3,-0.13493,-110.11
1333.35,-0.134931,-110.117
1333.4,-0.134937,-110.124
1333.45,-0.134928,-110.131
1333.5,-0.134937,-110.137
1333.55,-0.134939,-110.144
1333.6,-0.134937,-110.151
1333.65,-0.134944,-110.158
1333.7,-0.13496,-110.164
1333.75,-0.134945,-110.171
1333.8,-0.134949,-110.178
1333.85,-0.134944,-110.185
1333.9,-0.134942,-110.191
1333.95,-0.134939,-110.198
1334.0,-0.134946,-110.205
1334.05,-0.134951,-110.212
1334.1,-0.13496,-110.218
1334.15,-0.134949,-110.225
1334.2,-0.134943,-110.232
1334.25,-0.134942,-110.239
1334.3,-0.134955,-110.245
1334.35,-0.134954,-110.252
1334.4,-0.134956,-110.259
1334.45,-0.134967,-110.266
1334.5,-0.134973,-110.272
1334.55,-0.134957,-110.279
1334.6,-0.134949,-110.286
1334.65,-0.13496,-110.293
1334.7,-0.134956,-110.299
1334.75,-0.134969,-110.306
1334.8,-0.134957,-110.313
1334.85,-0.134957,-110.32
1334.9,-0.134949,-110.326
1334.95,-0.134955,-110.333
1335.0,-0.134954,-110.34
1335.05,-0.134944,-110.347
1335.1,-0.134986,-110.353
1335.15,-0.134982,-110.36
1335.2,-0.134978,-110.367
1335.25,-0.134967,-110.374
1335.3,-0.134963,-110.38
1335.35,-0.134974,-110.387
1335.4,-0.134965,-110.394
1335.45,-0.134963,-110.401
1335.5,-0.134948,-110.407
1335.55,-0.13496,-110.414
1335.6,-0.134961,-110.421
1335.65,-0.134964,-110.428
1335.7,-0.134969,-110.434
1335.75,-0.13499,-110.441
1335.8,-0.134985,-110.448
1335.85,-0.134991,-110.455
1335.9,-0.134982,-110.461
1335.95,-0.134986,-110.468
1336.0,-0.134994,-110.475
1336.05,-0.134991,-110.482
1336.1,-0.135014,-110.488
1336.15,-0.135012,-110.495
1336.2,-0.13501,-110.502
1336.25,-0.135022,-110.509
1336.3,-0.135021,-110.515
1336.35,-0.135022,-110.522
1336.4,-0.135024,-110.529
1336.45,-0.13502,-110.536
1336.5,-0.135037,-110.542
1336.55,-0.135034,-110.549
1336.6,-0.13503,-110.556
1336.65,-0.135026,-110.563
1336.7,-0.135032,-110.569
1336.75,-0.135022,-110.576
1336.8,-0.135025,-110.583
1336.85,-0.135017,-110.59
1336.9,-0.135016,-110.596
1336.95,-0.13502,-110.603
1337.0,-0.135015,-110.61
1337.05,-0.135028,-110.617
1337.1,-0.135022,-110.623
1337.15,-0.13502,-110.63
1337.2,-0.135018,-110.637
1337.25,-0.135013,-110.644
1337.3,-0.135021,-110.65
1337.35,-0.135024,-110.657
1337.4,-0.135026,-110.664
1337.45,-0.135025,-110.671
1337.5,-0.135037,-110.677
1337.55,-0.135039,-110.684
1337.6,-0.135042,-110.691
1337.65,-0.13504,-110.698
1337.7,-0.135057,-110.704
1337.75,-0.135049,-110.711
1337.8,-0.135058,-110.718
1337.85,-0.135057,-110.725
1337.9,-0.135061,-110.731
1337.95,-0.135047,-110.738
1338.0,-0.135054,-110.745
1338.05,-0.135047,-110.752
1338.1,-0.135058,-110.758
1338.15,-0.135058,-110.765
1338.2,-0.135061,-110.772
1338.25,-0.135065,-110.779
1338.3,-0.135082,-110.785
1338.35,-0.135083,-110.792
1338.4,-0.135078,-110.799
1338.45,-0.135085,-110.806
1338.5,-0.135074,-110.812
1338.55,-0.135082,-110.819
1338.6,-0.135084,-110.826
1338.65,-0.13508,-110.833
1338.7,-0.135076,-110.839
1338.75,-0.135076,-110.846
1338.8,-0.135079,-110.853
1338.85,-0.135069,-110.86
1338.9,-0.135088,-110.866
1338.95,-0.135091,-110.873
1339.0,-0.135089,-110.88
1339.05,-0.135083,-110.887
1339.1,-0.135093,-110.893
1339.15,-0.13509,-110.9
1339.2,-0.135094,-110.907
1339.25,-0.135092,-110.914
1339.3,-0.135086,-110.92
1339.35,-0.13508,-110.927
1339.4,-0.13509,-110.934
1339.45,-0.135105,-110.941
1339.5,-0.13509,-110.947
1339.55,-0.135091,-110.954
1339.6,-0.135105,-110.961
1339.65,-0.135101,-110.968
1339.7,-0.135101,-110.974
1339.75,-0.135105,-110.981
1339.8,-0.135107,-110.988
1339.85,-0.135108,-110.995
1339.9,-0.135111,-111.002
1339.95,-0.135114,-111.008
1340.0,-0.135115,-111.015
1340.05,-0.135119,-111.022
1340.1,-0.135109,-111.029
1340.15,-0.135115,-111.035
1340.2,-0.135121,-111.042
1340.25,-0.135129,-111.049
1340.3,-0.135128,-111.056
1340.35,-0.135117,-111.062
1340.4,-0.13512,-111.069
1340.45,-0.135113,-111.076
1340.5,-0.13512,-111.083
1340.55,-0.135125,-111.089
1340.6,-0.135118,-111.096
1340.65,-0.135123,-111.103
1340.7,-0.135124,-111.11
1340.75,-0.135116,-111.116
1340.8,-0.135127,-111.123
1340.85,-0.135115,-111.13
1340.9,-0.135126,-111.137
1340.95,-0.135126,-111.143
1341.0,-0.135134,-111.15
1341.05,-0.135129,-111.157
1341.1,-0.135123,-111.164
1341.15,-0.135123,-111.17
1341.2,-0.13512,-111.177
1341.25,-0.135121,-111.184
1341.3,-0.135113,-111.191
1341.35,-0.135122,-111.197
1341.4,-0.135125,-111.204
1341.45,-0.13512,-111.211
1341.5,-0.135117,-111.218
1341.55,-0.135113,-111.224
1341.6,-0.135103,-111.231
1341.65,-0.13511,-111.238
1341.7,-0.135119,-111.245
1341.75,-0.135115,-111.251
1341.8,-0.135106,-111.258
1341.85,-0.135103,-111.265
1341.9,-0.13512,-111.272
1341.95,-0.135122,-111.279
1342.0,-0.135125,-111.285
1342.05,-0.135144,-111.292
1342.1,-0.135143,-111.299
1342.15,-0.13513,-111.306
1342.2,-0.135134,-111.312
1342.25,-0.135144,-111.319
1342.3,-0.135149,-111.326
1342.35,-0.13515,-111.333
1342.4,-0.135144,-111.339
1342.45,-0.135149,-111.346
1342.5,-0.135144,-111.353
1342.55,-0.135143,-111.36
1342.6,-0.135141,-111.366
1342.65,-0.135145,-111.373
1342.7,-0.135169,-111.38
1342.75,-0.13517,-111.387
1342.8,-0.135174,-111.393
1342.85,-0.135172,-111.4
1342.9,-0.135171,-111.407
1342.95,-0.135172,-111.414
1343.0,-0.135168,-111.42
1343.05,-0.135177,-111.427
1343.1,-0.135172,-111.434
1343.15,-0.135185,-111.441
1343.2,-0.13519,-111.447
1343.25,-0.135177,-111.454
1343.3,-0.135184,-111.461
1343.35,-0.135194,-111.468
1343.4,-0.135194,-111.474
1343.45,-0.135202,-111.481
1343.5,-0.13521,-111.488
1343.55,-0.135207,-111.495
1343.6,-0.135213,-111.502
1343.65,-0.13522,-111.508
1343.7,-0.135228,-111.515
1343.75,-0.135233,-111.522
1343.8,-0.13523,-111.529
1343.85,-0.135222,-111.535
1343.9,-0.135235,-111.542
1343.95,-0.13524,-111.549
1344.0,-0.135247,-111.556
1344.05,-0.135253,-111.562
1344.1,-0.135245,-111.569
1344.15,-0.135258,-111.576
1344.2,-0.135255,-111.583
1344.25,-0.135257,-111.589
1344.3,-0.135257,-111.596
1344.35,-0.135259,-111.603
1344.4,-0.135264,-111.61
1344.45,-0.135269,-111.616
1344.5,-0.135255,-111.623
1344.55,-0.135256,-111.63
1344.6,-0.135261,-111.637
1344.65,-0.135259,-111.644
1344.7,-0.135268,-111.65
1344.75,-0.13526,-111.657
1344.8,-0.135263,-111.664
1344.85,-0.13527,-111.671
1344.9,-0.135271,-111.677
1344.95,-0.135287,-111.684
1345.0,-0.135281,-111.691
1345.05,-0.135276,-111.698
1345.1,-0.135286,-111.704
1345.15,-0.135295,-111.711
1345.2,-0.135286,-111.718
1345.25,-0.135293,-111.725
1345.3,-0.135303,-111.731
1345.35,-0.135285,-111.738
1345.4,-0.135291,-111.745
1345.45,-0.135305,-111.752
1345.5,-0.135307,-111.759
1345.55,-0.135307,-111.765
1345.6,-0.135322,-111.772
1345.65,-0.135322,-111.779
1345.7,-0.135312,-111.786
1345.75,-0.135302,-111.792
1345.8,-0.135319,-111.799
1345.85,-0.13532,-111.806
1345.9,-0.135328,-111.813
1345.95,-0.135339,-111.819
1346.0,-0.135349,-111.826
1346.05,-0.135347,-111.833
1346.1,-0.135352,-111.84
1346.15,-0.135375,-111.847
1346.2,-0.13538,-111.853
1346.25,-0.135403,-111.86
1346.3,-0.135402,-111.867
1346.35,-0.135415,-111.874
1346.4,-0.135418,-111.88
1346.45,-0.135417,-111.887
1346.5,-0.135421,-111.894
1346.55,-0.135439,-111.901
1346.6,-0.135443,-111.907
1346.65,-0.135469,-111.914
1346.7,-0.135476,-111.921
1346.75,-0.135488,-111.928
1346.8,-0.135491,-111.935
1346.85,-0.135498,-111.941
1346.9,-0.135502,-111.948
1346.95,-0.1355,-111.955
1347.0,-0.135498,-111.962
1347.05,-0.135511,-111.968
1347.1,-0.135504,-111.975
1347.15,-0.135517,-111.982
1347.2,-0.135538,-111.989
1347.25,-0.135537,-111.996
1347.3,-0.135542,-112.002
1347.35,-0.135551,-112.009
1347.4,-0.135561,-112.016
1347.45,-0.135561,-112.023
1347.5,-0.13555,-112.029
1347.55,-0.135567,-112.036
1347.6,-0.135572,-112.043
1347.65,-0.13558,-112.05
1347.7,-0.135574,-112.057
1347.75,-0.135599,-112.063
1347.8,-0.1356,-112.07
1347.85,-0.135591,-112.077
1347.9,-0.135606,-112.084
1347.95,-0.135611,-112.09
1348.0,-0.13562,-112.097
1348.05,-0.135625,-112.104
1348.1,-0.135622,-112.111
1348.15,-0.135614,-112.118
1348.2,-0.135619,-112.124
1348.25,-0.135627,-112.131
1348.3,-0.135635,-112.138
1348.35,-0.135626,-112.145
1348.4,-0.135622,-112.151
1348.45,-0.135612,-112.158
1348.5,-0.135619,-112.165
1348.55,-0.13563,-112.172
1348.6,-0.135634,-112.179
1348.65,-0.135651,-112.185
1348.7,-0.135656,-112.192
1348.75,-0.135652,-112.199
1348.8,-0.135653,-112.206
1348.85,-0.135664,-112.212
1348.9,-0.135665,-112.219
1348.95,-0.135691,-112.226
1349.0,-0.135688,-112.233
1349.05,-0.135705,-112.24
1349.1,-0.135712,-112.246
1349.15,-0.135711,-112.253
1349.2,-0.135698,-112.26
1349.25,-0.135705,-112.267
1349.3,-0.135721,-112.274
1349.35,-0.135727,-112.28
1349.4,-0.135724,-112.287
1349.45,-0.135724,-112.294
1349.5,-0.135732,-112.301
1349.55,-0.13573,-112.307
1349.6,-0.135749,-112.314
1349.65,-0.135758,-112.321
1349.7,-0.135758,-112.328
1349.75,-0.135768,-112.335
1349.8,-0.135767,-112.341
1349.85,-0.135767,-112.348
1349.9,-0.135776,-112.355
1349.95,-0.135768,-112.362
1350.0,-0.135778,-112.369
1350.05,-0.135788,-112.375
1350.1,-0.135804,-112.382
1350.15,-0.135807,-112.389
1350.2,-0.135808,-112.396
1350.25,-0.135811,-112.403
1350.3,-0.135803,-112.409
1350.35,-0.135809,-112.416
1350.4,-0.135815,-112.423
1350.45,-0.135827,-112.43
1350.5,-0.135847,-112.436
1350.55,-0.135854,-112.443
1350.6,-0.135864,-112.45
1350.65,-0.135876,-112.457
1350.7,-0.135886,-112.464
1350.75,-0.135905,-112.47
1350.8,-0.135917,-112.477
1350.85,-0.13594,-112.484
1350.9,-0.135939,-112.491
1350.95,-0.135948,-112.498
1351.0,-0.135969,-112.504
1351.05,-0.135978,-112.511
1351.1,-0.135989,-112.518
1351.15,-0.135985,-112.525
1351.2,-0.135987,-112.532
1351.25,-0.135998,-112.538
1351.3,-0.135997,-112.545
1351.35,-0.135995,-112.552
1351.4,-0.135995,-112.559
1351.45,-0.136022,-112.566
1351.5,-0.136016,-112.572
1351.55,-0.13602,-112.579
1351.6,-0.136018,-112.586
1351.65,-0.136005,-112.593
1351.7,-0.136013,-112.6
1351.75,-0.136015,-112.606
1351.8,-0.136021,-112.613
1351.85,-0.136039,-112.62
1351.9,-0.136027,-112.627
1351.95,-0.136029,-112.634
1352.0,-0.136027,-112.64
1352.05,-0.136025,-112.647
1352.1,-0.136039,-112.654
1352.15,-0.136042,-112.661
1352.2,-0.136045,-112.668
1352.25,-0.136039,-112.674
1352.3,-0.136047,-112.681
1352.35,-0.136037,-112.688
1352.4,-0.136051,-112.695
1352.45,-0.136066,-112.702
1352.5,-0.136058,-112.708
1352.55,-0.136063,-112.715
1352.6,-0.136073,-112.722
1352.65,-0.136067,-112.729
1352.7,-0.136064,-112.736
1352.75,-0.136074,-112.742
1352.8,-0.136065,-112.749
1352.85,-0.136093,-112.756
1352.9,-0.136105,-112.763
1352.95,-0.136095,-112.77
1353.0,-0.136105,-112.777
1353.05,-0.136099,-112.783
1353.1,-0.136096,-112.79
1353.15,-0.136117,-112.797
1353.2,-0.136127,-112.804
1353.25,-0.136122,-112.811
1353.3,-0.136138,-112.817
1353.35,-0.136152,-112.824
1353.4,-0.136143,-112.831
1353.45,-0.136141,-112.838
1353.5,-0.136164,-112.845
1353.55,-0.136151,-112.851
1353.6,-0.136161,-112.858
1353.65,-0.136168,-112.865
1353.7,-0.136171,-112.872
1353.75,-0.136166,-112.879
1353.8,-0.136154,-112.885
1353.85,-0.136163,-112.892
1353.9,-0.136175,-112.899
1353.95,-0.136165,-112.906
1354.0,-0.136169,-112.913
1354.05,-0.136169,-112.919
1354.1,-0.136154,-112.926
1354.15,-0.136162,-112.933
1354.2,-0.136166,-112.94
1354.25,-0.136172,-112.947
1354.3,-0.136164,-112.954
1354.35,-0.136179,-112.96
1354.4,-0.136182,-112.967
1354.45,-0.136178,-112.974
1354.5,-0.136169,-112.981
1354.55,-0.136153,-112.988
1354.6,-0.136158,-112.994
1354.65,-0.13617,-113.001
1354.7,-0.136169,-113.008
1354.75,-0.136178,-113.015
1354.8,-0.136169,-113.022
1354.85,-0.136177,-113.028
1354.9,-0.136174,-113.035
1354.95,-0.136175,-113.042
1355.0,-0.136174,-113.049
1355.05,-0.136174,-113.056
1355.1,-0.136171,-113.062
1355.15,-0.136172,-113.069
1355.2,-0.136179,-113.076
1355.25,-0.136173,-113.083
1355.3,-0.136174,-113.09
1355.35,-0.136163,-113.096
1355.4,-0.136163,-113.103
1355.45,-0.136169,-113.11
1355.5,-0.136177,-113.117
1355.55,-0.13618,-113.124
1355.6,-0.136177,-113.131
1355.65,-0.136181,-113.137
1355.7,-0.136182,-113.144
1355.75,-0.13618,-113.151
1355.8,-0.136174,-113.158
1355.85,-0.136175,-113.165
1355.9,-0.136177,-113.171
1355.95,-0.136185,-113.178
1356.0,-0.136188,-113.185
1356.05,-0.136197,-113.192
1356.1,-0.1362,-113.199
1356.15,-0.13621,-113.205
1356.2,-0.136213,-113.212
1356.25,-0.136218,-113.219
1356.3,-0.136215,-113.226
1356.35,-0.136234,-113.233
1356.4,-0.136233,-113.239
1356.45,-0.136244,-113.246
1356.5,-0.136246,-113.253
1356.55,-0.136244,-113.26
1356.6,-0.136255,-113.267
1356.65,-0.136261,-113.274
1356.7,-0.136245,-113.28
1356.75,-0.136256,-113.287
1356.8,-0.136244,-113.294
1356.85,-0.13626,-113.301
1356.9,-0.136246,-113.308
1356.95,-0.136245,-113.314
1357.0,-0.136247,-113.321
1357.05,-0.136239,-113.328
1357.1,-0.136237,-113.335
1357.15,-0.136228,-113.342
1357.2,-0.136225,-113.348
1357.25,-0.136216,-113.355
1357.3,-0.136223,-113.362
1357.35,-0.136225,-113.369
1357.4,-0.136235,-113.376
1357.45,-0.136223,-113.383
1357.5,-0.136237,-113.389
1357.55,-0.136238,-113.396
1357.6,-0.136228,-113.403
1357.65,-0.136223,-113.41
1357.7,-0.136225,-113.417
1357.75,-0.136222,-113.423
1357.8,-0.136209,-113.43
1357.85,-0.136212,-113.437
1357.9,-0.13621,-113.444
1357.95,-0.136202,-113.451
1358.0,-0.136208,-113.457
1358.05,-0.136202,-113.464
1358.1,-0.136209,-113.471
1358.15,-0.13621,-113.478
1358.2,-0.136205,-113.485
1358.25,-0.136214,-113.492
1358.3,-0.136211,-113.498
1358.35,-0.136209,-113.505
1358.4,-0.136218,-113.512
1358.45,-0.136213,-113.519
1358.5,-0.136226,-113.526
1358.55,-0.136226,-113.532
1358.6,-0.136224,-113.539
1358.65,-0.136229,-113.546
1358.7,-0.13624,-113.553
1358.75,-0.136241,-113.56
1358.8,-0.136239,-113.566
1358.85,-0.136247,-113.573
1358.9,-0.136252,-113.58
1358.95,-0.13624,-113.587
1359.0,-0.136244,-113.594
1359.05,-0.136256,-113.601
1359.1,-0.13626,-113.607
1359.15,-0.136267,-113.614
1359.2,-0.136261,-113.621
1359.25,-0.136269,-113.628
1359.3,-0.136263,-113.635
1359.35,-0.136253,-113.641
1359.4,-0.136244,-113.648
1359.45,-0.136245,-113.655
1359.5,-0.136252,-113.662
1359.55,-0.136255,-113.669
1359.6,-0.136261,-113.675
1359.65,-0.136264,-113.682
1359.7,-0.136246,-113.689
1359.75,-0.136247,-113.696
1359.8,-0.13626,-113.703
1359.85,-0.136256,-113.71
1359.9,-0.136251,-113.716
1359.95,-0.136249,-113.723
1360.0,-0.136254,-113.73
1360.05,-0.136249,-113.737
1360.1,-0.136246,-113.744
1360.15,-0.136241,-113.75
1360.2,-0.136244,-113.757
1360.25,-0.136252,-113.764
1360.3,-0.136246,-113.771
1360.35,-0.136258,-113.778
1360.4,-0.136252,-113.784
1360.45,-0.136248,-113.791
1360.5,-0.13625,-113.798
1360.55,-0.136249,-113.805
1360.6,-0.136254,-113.812
1360.65,-0.136253,-113.819
1360.7,-0.136252,-113.825
1360.75,-0.136247,-113.832
1360.8,-0.136246,-113.839
1360.85,-0.136246,-113.846
1360.9,-0.136252,-113.853
1360.95,-0.136253,-113.859
1361.0,-0.136254,-113.866
1361.05,-0.136254,-113.873
1361.1,-0.136252,-113.88
1361.15,-0.13626,-113.887
1361.2,-0.13627,-113.893
1361.25,-0.136264,-113.9
1361.3,-0.136278,-113.907
1361.35,-0.136276,-113.914
1361.4,-0.136271,-113.921
1361.45,-0.136272,-113.928
1361.5,-0.136275,-113.934
1361.55,-0.136269,-113.941
1361.6,-0.136298,-113.948
1361.65,-0.136329,-113.955
1361.7,-0.136333,-113.962
1361.75,-0.136341,-113.968
1361.8,-0.136363,-113.975
1361.85,-0.136367,-113.982
1361.9,-0.136379,-113.989
1361.95,-0.13639,-113.996
1362.0,-0.136396,-114.002
1362.05,-0.136399,-114.009
1362.1,-0.136415,-114.016
1362.15,-0.136421,-114.023
1362.2,-0.136414,-114.03
1362.25,-0.136424,-114.037
1362.3,-0.136437,-114.043
1362.35,-0.136433,-114.05
1362.4,-0.136441,-114.057
1362.45,-0.136435,-114.064
1362.5,-0.136452,-114.071
1362.55,-0.136462,-114.078
1362.6,-0.136467,-114.084
1362.65,-0.136469,-114.091
1362.7,-0.136471,-114.098
1362.75,-0.136467,-114.105
1362.8,-0.136491,-114.112
1362.85,-0.136472,-114.118
1362.9,-0.136464,-114.125
1362.95,-0.13648,-114.132
1363.0,-0.136492,-114.139
1363.05,-0.13649,-114.146
1363.1,-0.136501,-114.153
1363.15,-0.136507,-114.159
1363.2,-0.136508,-114.166
1363.25,-0.136517,-114.173
1363.3,-0.136522,-114.18
1363.35,-0.136538,-114.187
1363.4,-0.136538,-114.194
1363.45,-0.13655,-114.2
1363.5,-0.136551,-114.207
1363.55,-0.136545,-114.214
1363.6,-0.13655,-114.221
1363.65,-0.136561,-114.228
1363.7,-0.136562,-114.235
1363.75,-0.136554,-114.241
1363.8,-0.136554,-114.248
1363.85,-0.136576,-114.255
1363.9,-0.136551,-114.262
1363.95,-0.136567,-114.269
1364.0,-0.136575,-114.275
1364.05,-0.136571,-114.282
1364.1,-0.136584,-114.289
1364.15,-0.136573,-114.296
1364.2,-0.136565,-114.303
1364.25,-0.13658,-114.31
1364.3,-0.136579,-114.316
1364.35,-0.1363,-114.323
1364.4,-0.136183,-114.33
1364.45,-0.136177,-114.337
1364.5,-0.136171,-114.344
1364.55,-0.136167,-114.351
1364.6,-0.136173,-114.357
1364.65,-0.136174,-114.364
1364.7,-0.136172,-114.371
1364.75,-0.136179,-114.378
1364.8,-0.136187,-114.385
1364.85,-0.136178,-114.391
1364.9,-0.136185,-114.398
1364.95,-0.13619,-114.405
1365.0,-0.136197,-114.412
1365.05,-0.136199,-114.419
1365.1,-0.136209,-114.425
1365.15,-0.136208,-114.432
1365.2,-0.136201,-114.439
1365.25,-0.136216,-114.446
1365.3,-0.13621,-114.453
1365.35,-0.136209,-114.459
1365.4,-0.136213,-114.466
1365.45,-0.136224,-114.473
1365.5,-0.136228,-114.48
1365.55,-0.136221,-114.487
1365.6,-0.136219,-114.494
1365.65,-0.136224,-114.5
1365.7,-0.136226,-114.507
1365.75,-0.136231,-114.514
1365.8,-0.136239,-114.521
1365.85,-0.136253,-114.528
1365.9,-0.136258,-114.534
1365.95,-0.136267,-114.541
1366.0,-0.136261,-114.548
1366.05,-0.136259,-114.555
1366.1,-0.136262,-114.562
1366.15,-0.136278,-114.568
1366.2,-0.136276,-114.575
1366.25,-0.136298,-114.582
1366.3,-0.136297,-114.589
1366.35,-0.136303,-114.596
1366.4,-0.136318,-114.603
1366.45,-0.136317,-114.609
1366.5,-0.136328,-114.616
1366.55,-0.136344,-114.623
1366.6,-0.136363,-114.63
1366.65,-0.136365,-114.637
1366.7,-0.136366,-114.643
1366.75,-0.13638,-114.65
1366.8,-0.136388,-114.657
1366.85,-0.136389,-114.664
1366.9,-0.1364,-114.671
1366.95,-0.136403,-114.678
1367.0,-0.136409,-114.684
1367.05,-0.13641,-114.691
1367.1,-0.136408,-114.698
1367.15,-0.136422,-114.705
1367.2,-0.136425,-114.712
1367.25,-0.136444,-114.718
1367.3,-0.136462,-114.725
1367.35,-0.136456,-114.732
1367.4,-0.136446,-114.739
1367.45,-0.136458,-114.746
1367.5,-0.136469,-114.753
1367.55,-0.136483,-114.759
1367.6,-0.136493,-114.766
1367.65,-0.13649,-114.773
1367.7,-0.136494,-114.78
1367.75,-0.136502,-114.787
1367.8,-0.136513,-114.794
1367.85,-0.136508,-114.8
1367.9,-0.136523,-114.807
1367.95,-0.136536,-114.814
1368.0,-0.136533,-114.821
1368.05,-0.136543,-114.828
1368.1,-0.136539,-114.834
1368.15,-0.136538,-114.841
1368.2,-0.136536,-114.848
1368.25,-0.136565,-114.855
1368.3,-0.136563,-114.862
1368.35,-0.136553,-114.869
1368.4,-0.136569,-114.875
1368.45,-0.136576,-114.882
1368.5,-0.136579,-114.889
1368.55,-0.136581,-114.896
1368.6,-0.136574,-114.903
1368.65,-0.136592,-114.91
1368.7,-0.1366,-114.916
1368.75,-0.136599,-114.923
1368.8,-0.136591,-114.93
1368.85,-0.136608,-114.937
1368.9,-0.136609,-114.944
1368.95,-0.13661,-114.951
1369.0,-0.136608,-114.957
1369.05,-0.136609,-114.964
1369.1,-0.1366,-114.971
1369.15,-0.136606,-114.978
1369.2,-0.136614,-114.985
1369.25,-0.136612,-114.992
1369.3,-0.136615,-114.998
1369.35,-0.13661,-115.005
1369.4,-0.13661,-115.012
1369.45,-0.136629,-115.019
1369.5,-0.136625,-115.026
1369.55,-0.136632,-115.033
1369.6,-0.136634,-115.039
1369.65,-0.13665,-115.046
1369.7,-0.136644,-115.053
1369.75,-0.13665,-115.06
1369.8,-0.136656,-115.067
1369.85,-0.136659,-115.074
1369.9,-0.13664,-115.08
1369.95,-0.136643,-115.087
1370.0,-0.136661,-115.094
1370.05,-0.136657,-115.101
1370.1,-0.136662,-115.108
1370.15,-0.136646,-115.115
1370.2,-0.136659,-115.121
1370.25,-0.136682,-115.128
1370.3,-0.136674,-115.135
1370.35,-0.136685,-115.142
1370.4,-0.136691,-115.149
1370.45,-0.136677,-115.156
1370.5,-0.136669,-115.162
1370.55,-0.136666,-115.169
1370.6,-0.136663,-115.176
1370.65,-0.136661,-115.183
1370.7,-0.136657,-115.19
1370.75,-0.136664,-115.197
1370.8,-0.136658,-115.203
1370.85,-0.136665,-115.21
1370.9,-0.136657,-115.217
1370.95,-0.136663,-115.224
1371.0,-0.136669,-115.231
1371.05,-0.136665,-115.238
1371.1,-0.136673,-115.244
1371.15,-0.136669,-115.251
1371.2,-0.136654,-115.258
1371.25,-0.136637,-115.265
1371.3,-0.136642,-115.272
1371.35,-0.136642,-115.279
1371.4,-0.136635,-115.285
1371.45,-0.136649,-115.292
1371.5,-0.136649,-115.299
1371.55,-0.136655,-115.306
1371.6,-0.136647,-115.313
1371.65,-0.136633,-115.32
1371.7,-0.136639,-115.326
1371.75,-0.136662,-115.333
1371.8,-0.136659,-115.34
1371.85,-0.136667,-115.347
1371.9,-0.136684,-115.354
1371.95,-0.136672,-115.361
1372.0,-0.136673,-115.367
1372.05,-0.136682,-115.374
1372.1,-0.136696,-115.381
1372.15,-0.136697,-115.388
1372.2,-0.136705,-115.395
1372.25,-0.136703,-115.402
1372.3,-0.13671,-115.408
1372.35,-0.136725,-115.415
1372.4,-0.136714,-115.422
1372.45,-0.136725,-115.429
1372.5,-0.136726,-115.436
1372.55,-0.136716,-115.443
1372.6,-0.136722,-115.449
1372.65,-0.13672,-115.456
1372.7,-0.13673,-115.463
1372.75,-0.136728,-115.47
1372.8,-0.136736,-115.477
1372.85,-0.136749,-115.484
1372.9,-0.136736,-115.49
1372.95,-0.136734,-115.497
1373.0,-0.136721,-115.504
1373.05,-0.13671,-115.511
1373.1,-0.136713,-115.518
1373.15,-0.136707,-115.525
1373.2,-0.13672,-115.531
1373.25,-0.13672,-115.538
1373.3,-0.136723,-115.545
1373.35,-0.136712,-115.552
1373.4,-0.136715,-115.559
1373.45,-0.136718,-115.566
1373.5,-0.136728,-115.572
1373.55,-0.136719,-115.579
1373.6,-0.136727,-115.586
1373.65,-0.136733,-115.593
1373.7,-0.136714,-115.6
1373.75,-0.136725,-115.607
1373.8,-0.136735,-115.613
1373.85,-0.136741,-115.62
1373.9,-0.136732,-115.627
1373.95,-0.136743,-115.634
1374.0,-0.136731,-115.641
1374.05,-0.136733,-115.648
1374.1,-0.136729,-115.654
1374.15,-0.136733,-115.661
1374.2,-0.136743,-115.668
1374.25,-0.136729,-115.675
1374.3,-0.136731,-115.682
1374.35,-0.136727,-115.689
1374.4,-0.136729,-115.695
1374.45,-0.136734,-115.702
1374.5,-0.136727,-115.709
1374.55,-0.136737,-115.716
1374.6,-0.136745,-115.723
1374.65,-0.136747,-115.73
1374.7,-0.136739,-115.737
1374.75,-0.136742,-115.743
1374.8,-0.136748,-115.75
1374.85,-0.136737,-115.757
1374.9,-0.136737,-115.764
1374.95,-0.136738,-115.771
1375.0,-0.136741,-115.778
1375.05,-0.136756,-115.784
1375.1,-0.136763,-115.791
1375.15,-0.136754,-115.798
1375.2,-0.136747,-115.805
1375.25,-0.136762,-115.812
1375.3,-0.136762,-115.819
1375.35,-0.136765,-115.825
1375.4,-0.136769,-115.832
1375.45,-0.136767,-115.839
1375.5,-0.136747,-115.846
1375.55,-0.136751,-115.853
1375.6,-0.136771,-115.86
1375.65,-0.136767,-115.866
1375.7,-0.136763,-115.873
1375.75,-0.136777,-115.88
1375.8,-0.136791,-115.887
1375.85,-0.136774,-115.894
1375.9,-0.13678,-115.901
1375.95,-0.136792,-115.907
1376.0,-0.136789,-115.914
1376.05,-0.1368,-115.921
1376.1,-0.136786,-115.928
1376.15,-0.136795,-115.935
1376.2,-0.136801,-115.942
1376.25,-0.136797,-115.949
1376.3,-0.136799,-115.955
1376.35,-0.136809,-115.962
1376.4,-0.136807,-115.969
1376.45,-0.136806,-115.976
1376.5,-0.136816,-115.983
1376.55,-0.136827,-115.99
1376.6,-0.13683,-115.996
1376.65,-0.136843,-116.003
1376.7,-0.136853,-116.01
1376.75,-0.136836,-116.017
1376.8,-0.136844,-116.024
1376.85,-0.136832,-116.031
1376.9,-0.136842,-116.037
1376.95,-0.136855,-116.044
1377.0,-0.136851,-116.051
1377.05,-0.136852,-116.058
1377.1,-0.136842,-116.065
1377.15,-0.136847,-116.072
1377.2,-0.136855,-116.078
1377.25,-0.13687,-116.085
1377.3,-0.136872,-116.092
1377.35,-0.136877,-116.099
1377.4,-0.136881,-116.106
1377.45,-0.136889,-116.113
1377.5,-0.13689,-116.12
1377.55,-0.136881,-116.126
1377.6,-0.13689,-116.133
1377.65,-0.136908,-116.14
1377.7,-0.136914,-116.147
1377.75,-0.136907,-116.154
1377.8,-0.136913,-116.161
1377.85,-0.13691,-116.167
1377.9,-0.13692,-116.174
1377.95,-0.136924,-116.181
1378.0,-0.136932,-116.188
1378.05,-0.136935,-116.195
1378.1,-0.136938,-116.202
1378.15,-0.136946,-116.209
1378.2,-0.136959,-116.215
1378.25,-0.13696,-116.222
1378.3,-0.136956,-116.229
1378.35,-0.136959,-116.236
1378.4,-0.136974,-116.243
1378.45,-0.136982,-116.25
1378.5,-0.136984,-116.256
1378.55,-0.13698,-116.263
1378.6,-0.136978,-116.27
1378.65,-0.136982,-116.277
1378.7,-0.136996,-116.284
1378.75,-0.136983,-116.291
1378.8,-0.13699,-116.298
1378.85,-0.136981,-116.304
1378.9,-0.13699,-116.311
1378.95,-0.136991,-116.318
1379.0,-0.137002,-116.325
1379.05,-0.137009,-116.332
1379.1,-0.137024,-116.339
1379.15,-0.137027,-116.346
1379.2,-0.137031,-116.352
1379.25,-0.137034,-116.359
1379.3,-0.137042,-116.366
1379.35,-0.137045,-116.373
1379.4,-0.137049,-116.38
1379.45,-0.137062,-116.387
1379.5,-0.137063,-116.394
1379.55,-0.137068,-116.4
1379.6,-0.137069,-116.407
1379.65,-0.137072,-116.414
1379.7,-0.137078,-116.421
1379.75,-0.137092,-116.428
1379.8,-0.137096,-116.435
1379.85,-0.137111,-116.441
1379.9,-0.137115,-116.448
1379.95,-0.137129,-116.455
1380.0,-0.137123,-116.462
1380.05,-0.137118,-116.469
1380.1,-0.137134,-116.476
1380.15,-0.137134,-116.483
1380.2,-0.137148,-116.489
1380.25,-0.137152,-116.496
1380.3,-0.13715,-116.503
1380.35,-0.137154,-116.51
1380.4,-0.137151,-116.517
1380.45,-0.137159,-116.524
1380.5,-0.137169,-116.531
1380.55,-0.13717,-116.537
1380.6,-0.137164,-116.544
1380.65,-0.13716,-116.551
1380.7,-0.137146,-116.558
1380.75,-0.137154,-116.565
1380.8,-0.137132,-116.572
1380.85,-0.137136,-116.579
1380.9,-0.137132,-116.585
1380.95,-0.137143,-116.592
1381.0,-0.137127,-116.599
1381.05,-0.137131,-116.606
1381.1,-0.137129,-116.613
1381.15,-0.137128,-116.62
1381.2,-0.137133,-116.627
1381.25,-0.137131,-116.633
1381.3,-0.137144,-116.64
1381.35,-0.13713,-116.647
1381.4,-0.13713,-116.654
1381.45,-0.137127,-116.661
1381.5,-0.137116,-116.668
1381.55,-0.137129,-116.675
1381.6,-0.137127,-116.681
1381.65,-0.137116,-116.688
1381.7,-0.137117,-116.695
1381.75,-0.137117,-116.702
1381.8,-0.137111,-116.709
1381.85,-0.137116,-116.716
1381.9,-0.137129,-116.723
1381.95,-0.137129,-116.729
1382.0,-0.137122,-116.736
1382.05,-0.137115,-116.743
1382.1,-0.137105,-116.75
1382.15,-0.13711,-116.757
1382.2,-0.137108,-116.764
1382.25,-0.137109,-116.771
1382.3,-0.137109,-116.777
1382.35,-0.137123,-116.784
1382.4,-0.137127,-116.791
1382.45,-0.137116,-116.798
1382.5,-0.13712,-116.805
1382.55,-0.137118,-116.812
1382.6,-0.137117,-116.819
1382.65,-0.137111,-116.825
1382.7,-0.137111,-116.832
1382.75,-0.137103,-116.839
1382.8,-0.137106,-116.846
1382.85,-0.137093,-116.853
1382.9,-0.137097,-116.86
1382.95,-0.13711,-116.867
1383.0,-0.137103,-116.873
1383.05,-0.137108,-116.88
1383.1,-0.137118,-116.887
1383.15,-0.137112,-116.894
1383.2,-0.137114,-116.901
1383.25,-0.137107,-116.908
1383.3,-0.137116,-116.915
1383.35,-0.137122,-116.921
1383.4,-0.137121,-116.928
1383.45,-0.137122,-116.935
1383.5,-0.137117,-116.942
1383.55,-0.137126,-116.949
1383.6,-0.137112,-116.956
1383.65,-0.137111,-116.963
1383.7,-0.137125,-116.969
1383.75,-0.137123,-116.976
1383.8,-0.137109,-116.983
1383.85,-0.137113,-116.99
1383.9,-0.137126,-116.997
1383.95,-0.137125,-117.004
1384.0,-0.137131,-117.011
1384.05,-0.137146,-117.017
1384.1,-0.137144,-117.024
1384.15,-0.13714,-117.031
1384.2,-0.137138,-117.038
1384.25,-0.137144,-117.045
1384.3,-0.137187,-117.052
1384.35,-0.137192,-117.059
1384.4,-0.137211,-117.065
1384.45,-0.137206,-117.072
1384.5,-0.137197,-117.079
1384.55,-0.137192,-117.086
1384.6,-0.137198,-117.093
1384.65,-0.137215,-117.1
1384.7,-0.137217,-117.107
1384.75,-0.13722,-117.113
1384.8,-0.137215,-117.12
1384.85,-0.137228,-117.127
1384.9,-0.137241,-117.134
1384.95,-0.137231,-117.141
1385.0,-0.13725,-117.148
1385.05,-0.137259,-117.155
1385.1,-0.137267,-117.161
1385.15,-0.137261,-117.168
1385.2,-0.137266,-117.175
1385.25,-0.137258,-117.182
1385.3,-0.137261,-117.189
1385.35,-0.137274,-117.196
1385.4,-0.137278,-117.203
1385.45,-0.137267,-117.21
1385.5,-0.137277,-117.216
1385.55,-0.137281,-117.223
1385.6,-0.13728,-117.23
1385.65,-0.137286,-117.237
1385.7,-0.137281,-117.244
1385.75,-0.137289,-117.251
1385.8,-0.137291,-117.258
1385.85,-0.137287,-117.264
1385.9,-0.137287,-117.271
1385.95,-0.137298,-117.278
1386.0,-0.1373,-117.285
1386.05,-0.137293,-117.292
1386.1,-0.137305,-117.299
1386.15,-0.13731,-117.306
1386.2,-0.137306,-117.312
1386.25,-0.137326,-117.319
1386.3,-0.137316,-117.326
1386.35,-0.137326,-117.333
1386.4,-0.137322,-117.34
1386.45,-0.137324,-117.347
1386.5,-0.137321,-117.354
1386.55,-0.137335,-117.361
1386.6,-0.137342,-117.367
1386.65,-0.137336,-117.374
1386.7,-0.137352,-117.381
1386.75,-0.137364,-117.388
1386.8,-0.137361,-117.395
1386.85,-0.137365,-117.402
1386.9,-0.137374,-117.409
1386.95,-0.137367,-117.415
1387.0,-0.137383,-117.422
1387.05,-0.137375,-117.429
1387.1,-0.137389,-117.436
1387.15,-0.137387,-117.443
1387.2,-0.137393,-117.45
1387.25,-0.137402,-117.457
1387.3,-0.1374,-117.464
1387.35,-0.137416,-117.47
1387.4,-0.137409,-117.477
1387.45,-0.137407,-117.484
1387.5,-0.137403,-117.491
1387.55,-0.137404,-117.498
1387.6,-0.137402,-117.505
1387.65,-0.137406,-117.512
1387.7,-0.137408,-117.519
1387.75,-0.13741,-117.525
1387.8,-0.137406,-117.532
1387.85,-0.1374,-117.539
1387.9,-0.137411,-117.546
1387.95,-0.137412,-117.553
1388.0,-0.137412,-117.56
1388.05,-0.137432,-117.567
1388.1,-0.137442,-117.574
1388.15,-0.137456,-117.58
1388.2,-0.137459,-117.587
1388.25,-0.137463,-117.594
1388.3,-0.137464,-117.601
1388.35,-0.137464,-117.608
1388.4,-0.137471,-117.615
1388.45,-0.137472,-117.622
1388.5,-0.137474,-117.628
1388.55,-0.137459,-117.635
1388.6,-0.137457,-117.642
1388.65,-0.137454,-117.649
1388.7,-0.137456,-117.656
1388.75,-0.137463,-117.663
1388.8,-0.137462,-117.67
1388.85,-0.13747,-117.677
1388.9,-0.137465,-117.683
1388.95,-0.137473,-117.69
1389.0,-0.137473,-117.697
1389.05,-0.137461,-117.704
1389.1,-0.137468,-117.711
1389.15,-0.137465,-117.718
1389.2,-0.137461,-117.725
1389.25,-0.137479,-117.732
1389.3,-0.13747,-117.738
1389.35,-0.137466,-117.745
1389.4,-0.137476,-117.752
1389.45,-0.137483,-117.759
1389.5,-0.137477,-117.766
1389.55,-0.137477,-117.773
1389.6,-0.13749,-117.78
1389.65,-0.137494,-117.787
1389.7,-0.137488,-117.793
1389.75,-0.137493,-117.8
1389.8,-0.137486,-117.807
1389.85,-0.137488,-117.814
1389.9,-0.137496,-117.821
1389.95,-0.137494,-117.828
1390.0,-0.137505,-117.835
1390.05,-0.137497,-117.842
1390.1,-0.137492,-117.848
1390.15,-0.137489,-117.855
1390.2,-0.137493,-117.862
1390.25,-0.137493,-117.869
1390.3,-0.137494,-117.876
1390.35,-0.1375,-117.883
1390.4,-0.137499,-117.89
1390.45,-0.137494,-117.897
1390.5,-0.137496,-117.903
1390.55,-0.137519,-117.91
1390.6,-0.137513,-117.917
1390.65,-0.13753,-117.924
1390.7,-0.137534,-117.931
1390.75,-0.137542,-117.938
1390.8,-0.137532,-117.945
1390.85,-0.13755,-117.952
1390.9,-0.137545,-117.958
1390.95,-0.137538,-117.965
1391.0,-0.137548,-117.972
1391.05,-0.137564,-117.979
1391.1,-0.137569,-117.986
1391.15,-0.137568,-117.993
1391.2,-0.137567,-118.0
1391.25,-0.137572,-118.007
1391.3,-0.137577,-118.013
1391.35,-0.137581,-118.02
1391.4,-0.137586,-118.027
1391.45,-0.137598,-118.034
1391.5,-0.137595,-118.041
1391.55,-0.137601,-118.048
1391.6,-0.137604,-118.055
1391.65,-0.137597,-118.062
1391.7,-0.137601,-118.069
1391.75,-0.137613,-118.075
1391.8,-0.137592,-118.082
1391.85,-0.137601,-118.089
1391.9,-0.137606,-118.096
1391.95,-0.137618,-118.103
1392.0,-0.137623,-118.11
1392.05,-0.137621,-118.117
1392.1,-0.137622,-118.124
1392.15,-0.137618,-118.13
1392.2,-0.137632,-118.137
1392.25,-0.137634,-118.144
1392.3,-0.137632,-118.151
1392.35,-0.137626,-118.158
1392.4,-0.137638,-118.165
1392.45,-0.137649,-118.172
1392.5,-0.137638,-118.179
1392.55,-0.137631,-118.186
1392.6,-0.137647,-118.192
1392.65,-0.137652,-118.199
1392.7,-0.137659,-118.206
1392.75,-0.137654,-118.213
1392.8,-0.13764,-118.22
1392.85,-0.137644,-118.227
1392.9,-0.137639,-118.234
1392.95,-0.137636,-118.241
1393.0,-0.137631,-118.247
1393.05,-0.137648,-118.254
1393.1,-0.137665,-118.261
1393.15,-0.137656,-118.268
1393.2,-0.137648,-118.275
1393.25,-0.137652,-118.282
1393.3,-0.137659,-118.289
1393.35,-0.137651,-118.296
1393.4,-0.137671,-118.303
1393.45,-0.137657,-118.309
1393.5,-0.137642,-118.316
1393.55,-0.137651,-118.323
1393.6,-0.137655,-118.33
1393.65,-0.137653,-118.337
1393.7,-0.137656,-118.344
1393.75,-0.137661,-118.351
1393.8,-0.137672,-118.358
1393.85,-0.13767,-118.364
1393.9,-0.137679,-118.371
1393.95,-0.137671,-118.378
1394.0,-0.13767,-118.385
1394.05,-0.137665,-118.392
1394.1,-0.137676,-118.399
1394.15,-0.137686,-118.406
1394.2,-0.137677,-118.413
1394.25,-0.137675,-118.42
1394.3,-0.137669,-118.426
1394.35,-0.137669,-118.433
1394.4,-0.137686,-118.44
1394.45,-0.137696,-118.447
1394.5,-0.137701,-118.454
1394.55,-0.137693,-118.461
1394.6,-0.137697,-118.468
1394.65,-0.137704,-118.475
1394.7,-0.137716,-118.481
1394.75,-0.137714,-118.488
1394.8,-0.137732,-118.495
1394.85,-0.13773,-118.502
1394.9,-0.137735,-118.509
1394.95,-0.137733,-118.516
1395.0,-0.137742,-118.523
1395.05,-0.137736,-118.53
1395.1,-0.137743,-118.537
1395.15,-0.137739,-118.543
1395.2,-0.137747,-118.55
1395.25,-0.137751,-118.557
1395.3,-0.137751,-118.564
1395.35,-0.137735,-118.571
1395.4,-0.13775,-118.578
1395.45,-0.137732,-118.585
1395.5,-0.137757,-118.592
1395.55,-0.137779,-118.599
1395.6,-0.13776,-118.605
1395.65,-0.137763,-118.612
1395.7,-0.13777,-118.619
1395.75,-0.137765,-118.626
1395.8,-0.137777,-118.633
1395.85,-0.137777,-118.64
1395.9,-0.137775,-118.647
1395.95,-0.137784,-118.654
1396.0,-0.137796,-118.661
1396.05,-0.137783,-118.667
1396.1,-0.137781,-118.674
1396.15,-0.137793,-118.681
1396.2,-0.1378,-118.688
1396.25,-0.137807,-118.695
1396.3,-0.137812,-118.702
1396.35,-0.137811,-118.709
1396.4,-0.137825,-118.716
1396.45,-0.137834,-118.723
1396.5,-0.13784,-118.729
1396.55,-0.137852,-118.736
1396.6,-0.137856,-118.743
1396.65,-0.137873,-118.75
1396.7,-0.137893,-118.757
1396.75,-0.137895,-118.764
1396.8,-0.137895,-118.771
1396.85,-0.137892,-118.778
1396.9,-0.1379,-118.785
1396.95,-0.137908,-118.792
1397.0,-0.137907,-118.798
1397.05,-0.137917,-118.805
1397.1,-0.137922,-118.812
1397.15,-0.137922,-118.819
1397.2,-0.137937,-118.826
1397.25,-0.137933,-118.833
1397.3,-0.137938,-118.84
1397.35,-0.137935,-118.847
1397.4,-0.13795,-118.854
1397.45,-0.137937,-118.86
1397.5,-0.137933,-118.867
1397.55,-0.137944,-118.874
1397.6,-0.137957,-118.881
1397.65,-0.137947,-118.888
1397.7,-0.137948,-118.895
1397.75,-0.137966,-118.902
1397.8,-0.137954,-118.909
1397.85,-0.137966,-118.916
1397.9,-0.13797,-118.923
1397.95,-0.137977,-118.929
1398.0,-0.13797,-118.936
1398.05,-0.137977,-118.943
1398.1,-0.13797,-118.95
1398.15,-0.137961,-118.957
1398.2,-0.137972,-118.964
1398.25,-0.137987,-118.971
1398.3,-0.137985,-118.978
1398.35,-0.137999,-118.985
1398.4,-0.137999,-118.992
1398.45,-0.137994,-118.998
1398.5,-0.138001,-119.005
1398.55,-0.138025,-119.012
1398.6,-0.138026,-119.019
1398.65,-0.138023,-119.026
1398.7,-0.138034,-119.033
1398.75,-0.138032,-119.04
1398.8,-0.138038,-119.047
1398.85,-0.138029,-119.054
1398.9,-0.138038,-119.061
1398.95,-0.138032,-119.067
1399.0,-0.138029,-119.074
1399.05,-0.138027,-119.081
1399.1,-0.138023,-119.088
1399.15,-0.138029,-119.095
1399.2,-0.138023,-119.102
1399.25,-0.138011,-119.109
1399.3,-0.138009,-119.116
1399.35,-0.138012,-119.123
1399.4,-0.138016,-119.13
1399.45,-0.13802,-119.136
1399.5,-0.138008,-119.143
1399.55,-0.138028,-119.15
1399.6,-0.138021,-119.157
1399.65,-0.138022,-119.164
1399.7,-0.138031,-119.171
1399.75,-0.138029,-119.178
1399.8,-0.138042,-119.185
1399.85,-0.138029,-119.192
1399.9,-0.138026,-119.199
1399.95,-0.138022,-119.205
1400.0,-0.138021,-119.212
1400.05,-0.138035,-119.219
1400.1,-0.13804,-119.226
1400.15,-0.138039,-119.233
1400.2,-0.138033,-119.24
1400.25,-0.138041,-119.247
1400.3,-0.138052,-119.254
1400.35,-0.138055,-119.261
1400.4,-0.138065,-119.268
1400.45,-0.138071,-119.275
1400.5,-0.138063,-119.281
1400.55,-0.138067,-119.288
1400.6,-0.138072,-119.295
1400.65,-0.138067,-119.302
1400.7,-0.138072,-119.309
1400.75,-0.138076,-119.316
1400.8,-0.138074,-119.323
1400.85,-0.138079,-119.33
1400.9,-0.138083,-119.337
1400.95,-0.138081,-119.344
1401.0,-0.138085,-119.35
1401.05,-0.138095,-119.357
1401.1,-0.138112,-119.364
1401.15,-0.13811,-119.371
1401.2,-0.138113,-119.378
1401.25,-0.138133,-119.385
1401.3,-0.138124,-119.392
1401.35,-0.138127,-119.399
1401.4,-0.138136,-119.406
1401.45,-0.13815,-119.413
1401.5,-0.138139,-119.42
1401.55,-0.138153,-119.426
1401.6,-0.138232,-119.433
1401.65,-0.13825,-119.44
1401.7,-0.138267,-119.447
1401.75,-0.13829,-119.454
1401.8,-0.138286,-119.461
1401.85,-0.138293,-119.468
1401.9,-0.138294,-119.475
1401.95,-0.138309,-119.482
1402.0,-0.138305,-119.489
1402.05,-0.138315,-119.496
1402.1,-0.138326,-119.502
1402.15,-0.138333,-119.509
1402.2,-0.138348,-119.516
1402.25,-0.138338,-119.523
1402.3,-0.13835,-119.53
1402.35,-0.138347,-119.537
1402.4,-0.138364,-119.544
1402.45,-0.138365,-119.551
1402.5,-0.138371,-119.558
1402.55,-0.138382,-119.565
1402.6,-0.138371,-119.572
1402.65,-0.138368,-119.579
1402.7,-0.13837,-119.586
1402.75,-0.13837,-119.592
1402.8,-0.138386,-119.599
1402.85,-0.13838,-119.606
1402.9,-0.138379,-119.613
1402.95,-0.138377,-119.62
1403.0,-0.138395,-119.627
1403.05,-0.138389,-119.634
1403.1,-0.138385,-119.641
1403.15,-0.138391,-119.648
1403.2,-0.138394,-119.655
1403.25,-0.138401,-119.662
1403.3,-0.1384,-119.669
1403.35,-0.138404,-119.675
1403.4,-0.138405,-119.682
1403.45,-0.138396,-119.689
1403.5,-0.138392,-119.696
1403.55,-0.138402,-119.703
1403.6,-0.138391,-119.71
1403.65,-0.138401,-119.717
1403.7,-0.138404,-119.724
1403.75,-0.13841,-119.731
1403.8,-0.138408,-119.738
1403.85,-0.138409,-119.745
1403.9,-0.13841,-119.752
1403.95,-0.138413,-119.758
1404.0,-0.138412,-119.765
1404.05,-0.138414,-119.772
1404.1,-0.138401,-119.779
1404.15,-0.138406,-119.786
1404.2,-0.138398,-119.793
1404.25,-0.138408,-119.8
1404.3,-0.138406,-119.807
1404.35,-0.13841,-119.814
1404.4,-0.138415,-119.821
1404.45,-0.13842,-119.828
1404.5,-0.138423,-119.835
1404.55,-0.138418,-119.842
1404.6,-0.138431,-119.848
1404.65,-0.138427,-119.855
1404.7,-0.138443,-119.862
1404.75,-0.138444,-119.869
1404.8,-0.138442,-119.876
1404.85,-0.13844,-119.883
1404.9,-0.138429,-119.89
1404.95,-0.138443,-119.897
1405.0,-0.138446,-119.904
1405.05,-0.138454,-119.911
1405.1,-0.138449,-119.918
1405.15,-0.138449,-119.925
1405.2,-0.138454,-119.932
1405.25,-0.138475,-119.938
1405.3,-0.138477,-119.945
1405.35,-0.138472,-119.952
1405.4,-0.138478,-119.959
1405.45,-0.138481,-119.966
1405.5,-0.138482,-119.973
1405.55,-0.138469,-119.98
1405.6,-0.138477,-119.987
1405.65,-0.138494,-119.994
1405.7,-0.138485,-120.001
1405.75,-0.138498,-120.008
1405.8,-0.138505,-120.015
1405.85,-0.138516,-120.022
1405.9,-0.13852,-120.028
1405.95,-0.138526,-120.035
1406.0,-0.13853,-120.042
1406.05,-0.138526,-120.049
1406.1,-0.138538,-120.056
1406.15,-0.138539,-120.063
1406.2,-0.138548,-120.07
1406.25,-0.13856,-120.077
1406.3,-0.138585,-120.084
1406.35,-0.138589,-120.091
1406.4,-0.138604,-120.098
1406.45,-0.138617,-120.105
1406.5,-0.138613,-120.112
1406.55,-0.138624,-120.119
1406.6,-0.138626,-120.125
1406.65,-0.138625,-120.132
1406.7,-0.138638,-120.139
1406.75,-0.13865,-120.146
1406.8,-0.138652,-120.153
1406.85,-0.138656,-120.16
1406.9,-0.138671,-120.167
1406.95,-0.138665,-120.174
1407.0,-0.138671,-120.181
1407.05,-0.138677,-120.188
1407.1,-0.138689,-120.195
1407.15,-0.138695,-120.202
1407.2,-0.138691,-120.209
1407.25,-0.138688,-120.216
1407.3,-0.138692,-120.223
1407.35,-0.138704,-120.229
1407.4,-0.138715,-120.236
1407.45,-0.138714,-120.243
1407.5,-0.138711,-120.25
1407.55,-0.138705,-120.257
1407.6,-0.138704,-120.264
1407.65,-0.138699,-120.271
1407.7,-0.138704,-120.278
1407.75,-0.138711,-120.285
1407.8,-0.138728,-120.292
1407.85,-0.138717,-120.299
1407.9,-0.138715,-120.306
1407.95,-0.138723,-120.313
1408.0,-0.138737,-120.32
1408.05,-0.13874,-120.327
1408.1,-0.138753,-120.334
1408.15,-0.138741,-120.34
1408.2,-0.138751,-120.347
1408.25,-0.138771,-120.354
1408.3,-0.138753,-120.361
1408.35,-0.138758,-120.368
1408.4,-0.138759,-120.375
1408.45,-0.138763,-120.382
1408.5,-0.13877,-120.389
1408.55,-0.138771,-120.396
1408.6,-0.138765,-120.403
1408.65,-0.138775,-120.41
1408.7,-0.138784,-120.417
1408.75,-0.138779,-120.424
1408.8,-0.138792,-120.431
1408.85,-0.13879,-120.438
1408.9,-0.138792,-120.445
1408.95,-0.13878,-120.451
1409.0,-0.138774,-120.458
1409.05,-0.13877,-120.465
1409.1,-0.13878,-120.472
1409.15,-0.138768,-120.479
1409.2,-0.138779,-120.486
1409.25,-0.138787,-120.493
1409.3,-0.138771,-120.5
1409.35,-0.138758,-120.507
1409.4,-0.138751,-120.514
1409.45,-0.138758,-120.521
1409.5,-0.138767,-120.528
1409.55,-0.138764,-120.535
1409.6,-0.138772,-120.542
1409.65,-0.138776,-120.549
1409.7,-0.138762,-120.556
1409.75,-0.138762,-120.562
1409.8,-0.138757,-120.569
1409.85,-0.138774,-120.576
1409.9,-0.138775,-120.583
1409.95,-0.138771,-120.59
1410.0,-0.138781,-120.597
1410.05,-0.138788,-120.604
1410.1,-0.138796,-120.611
1410.15,-0.138788,-120.618
1410.2,-0.138803,-120.625
1410.25,-0.13878,-120.632
1410.3,-0.138797,-120.639
1410.35,-0.138808,-120.646
1410.4,-0.138815,-120.653
1410.45,-0.138815,-120.66
1410.5,-0.138821,-120.667
1410.55,-0.138825,-120.674
1410.6,-0.138831,-120.68
1410.65,-0.138836,-120.687
1410.7,-0.138828,-120.694
1410.75,-0.138815,-120.701
1410.8,-0.138817,-120.708
1410.85,-0.138817,-120.715
1410.9,-0.138824,-120.722
1410.95,-0.138816,-120.729
1411.0,-0.138809,-120.736
1411.05,-0.138813,-120.743
1411.1,-0.138808,-120.75
1411.15,-0.138814,-120.757
1411.2,-0.138816,-120.764
1411.25,-0.138828,-120.771
1411.3,-0.138826,-120.778
1411.35,-0.138809,-120.785
1411.4,-0.138816,-120.792
1411.45,-0.138812,-120.798
1411.5,-0.138812,-120.805
1411.55,-0.138803,-120.812
1411.6,-0.138805,-120.819
1411.65,-0.138794,-120.826
1411.7,-0.138796,-120.833
1411.75,-0.138784,-120.84
1411.8,-0.138772,-120.847
1411.85,-0.138774,-120.854
1411.9,-0.13878,-120.861
1411.95,-0.138782,-120.868
1412.0,-0.138774,-120.875
1412.05,-0.138781,-120.882
1412.1,-0.138767,-120.889
1412.15,-0.138773,-120.896
1412.2,-0.138772,-120.903
1412.25,-0.138776,-120.909
1412.3,-0.138778,-120.916
1412.35,-0.138789,-120.923
1412.4,-0.138779,-120.93
1412.45,-0.138769,-120.937
1412.5,-0.138764,-120.944
1412.55,-0.138754,-120.951
1412.6,-0.138757,-120.958
1412.65,-0.138759,-120.965
1412.7,-0.138754,-120.972
1412.75,-0.138755,-120.979
1412.8,-0.138765,-120.986
1412.85,-0.138748,-120.993
1412.9,-0.138764,-121.0
1412.95,-0.138759,-121.007
1413.0,-0.138744,-121.014
1413.05,-0.138747,-121.02
1413.1,-0.138756,-121.027
1413.15,-0.138746,-121.034
1413.2,-0.138751,-121.041
1413.25,-0.138766,-121.048
1413.3,-0.138756,-121.055
1413.35,-0.138751,-121.062
1413.4,-0.138761,-121.069
1413.45,-0.138769,-121.076
1413.5,-0.138763,-121.083
1413.55,-0.138775,-121.09
1413.6,-0.138771,-121.097
1413.65,-0.138781,-121.104
1413.7,-0.138795,-121.111
1413.75,-0.138797,-121.118
1413.8,-0.138821,-121.125
1413.85,-0.138801,-121.132
1413.9,-0.138802,-121.138
1413.95,-0.138813,-121.145
1414.0,-0.138827,-121.152
1414.05,-0.138838,-121.159
1414.1,-0.138825,-121.166
1414.15,-0.13883,-121.173
1414.2,-0.138817,-121.18
1414.25,-0.138815,-121.187
1414.3,-0.138812,-121.194
1414.35,-0.138834,-121.201
1414.4,-0.138832,-121.208
1414.45,-0.138818,-121.215
1414.5,-0.138828,-121.222
1414.55,-0.13882,-121.229
1414.6,-0.138833,-121.236
1414.65,-0.13884,-121.243
1414.7,-0.138842,-121.25
1414.75,-0.138853,-121.256
1414.8,-0.138856,-121.263
1414.85,-0.138875,-121.27
1414.9,-0.138859,-121.277
1414.95,-0.138875,-121.284
1415.0,-0.13888,-121.291
1415.05,-0.138863,-121.298
1415.1,-0.138868,-121.305
1415.15,-0.138878,-121.312
1415.2,-0.138876,-121.319
1415.25,-0.138863,-121.326
1415.3,-0.138868,-121.333
1415.35,-0.138883,-121.34
1415.4,-0.138889,-121.347
1415.45,-0.138898,-121.354
1415.5,-0.1389,-121.361
1415.55,-0.138905,-121.368
1415.6,-0.138898,-121.375
1415.65,-0.138909,-121.381
1415.7,-0.138902,-121.388
1415.75,-0.138905,-121.395
1415.8,-0.138908,-121.402
1415.85,-0.138902,-121.409
1415.9,-0.138923,-121.416
1415.95,-0.138929,-121.423
1416.0,-0.138922,-121.43
1416.05,-0.138929,-121.437
1416.1,-0.138935,-121.444
1416.15,-0.138952,-121.451
1416.2,-0.138957,-121.458
1416.25,-0.138958,-121.465
1416.3,-0.138957,-121.472
1416.35,-0.13897,-121.479
1416.4,-0.138956,-121.486
1416.45,-0.138969,-121.493
1416.5,-0.138977,-121.5
1416.55,-0.13898,-121.506
1416.6,-0.138978,-121.513
1416.65,-0.138989,-121.52
1416.7,-0.138997,-121.527
1416.75,-0.138997,-121.534
1416.8,-0.138988,-121.541
1416.85,-0.138988,-121.548
1416.9,-0.138999,-121.555
1416.95,-0.138995,-121.562
1417.0,-0.139014,-121.569
1417.05,-0.139004,-121.576
1417.1,-0.139008,-121.583
1417.15,-0.139022,-121.59
1417.2,-0.139016,-121.597
1417.25,-0.139013,-121.604
1417.3,-0.139011,-121.611
1417.35,-0.138999,-121.618
1417.4,-0.139019,-121.625
1417.45,-0.139027,-121.632
1417.5,-0.139029,-121.639
1417.55,-0.139031,-121.646
1417.6,-0.13903,-121.652
1417.65,-0.139035,-121.659
1417.7,-0.139038,-121.666
1417.75,-0.139051,-121.673
1417.8,-0.139046,-121.68
1417.85,-0.139059,-121.687
1417.9,-0.139058,-121.694
1417.95,-0.139059,-121.701
1418.0,-0.139062,-121.708
1418.05,-0.139071,-121.715
1418.1,-0.139073,-121.722
1418.15,-0.139071,-121.729
1418.2,-0.139082,-121.736
1418.25,-0.139085,-121.743
1418.3,-0.139088,-121.75
1418.35,-0.139097,-121.757
1418.4,-0.139096,-121.764
1418.45,-0.139093,-121.771
1418.5,-0.139107,-121.778
1418.55,-0.139111,-121.785
1418.6,-0.139137,-121.792
1418.65,-0.139143,-121.798
1418.7,-0.13915,-121.805
1418.75,-0.139146,-121.812
1418.8,-0.139158,-121.819
1418.85,-0.139152,-121.826
1418.9,-0.139181,-121.833
1418.95,-0.139182,-121.84
1419.0,-0.139193,-121.847
1419.05,-0.13917,-121.854
1419.1,-0.139172,-121.861
1419.15,-0.139182,-121.868
1419.2,-0.139193,-121.875
1419.25,-0.139184,-121.882
1419.3,-0.139197,-121.889
1419.35,-0.139197,-121.896
1419.4,-0.139212,-121.903
1419.45,-0.139224,-121.91
1419.5,-0.139225,-121.917
1419.55,-0.13923,-121.924
1419.6,-0.139234,-121.931
1419.65,-0.139228,-121.938
1419.7,-0.139226,-121.945
1419.75,-0.139241,-121.952
1419.8,-0.13923,-121.959
1419.85,-0.139229,-121.966
1419.9,-0.139232,-121.972
1419.95,-0.139241,-121.979
1420.0,-0.139232,-121.986
1420.05,-0.139232,-121.993
1420.1,-0.139242,-122.0
1420.15,-0.139226,-122.007
1420.2,-0.139246,-122.014
1420.25,-0.139239,-122.021
1420.3,-0.139245,-122.028
1420.35,-0.139258,-122.035
1420.4,-0.139245,-122.042
1420.45,-0.139251,-122.049
1420.5,-0.139255,-122.056
1420.55,-0.139256,-122.063
1420.6,-0.139245,-122.07
1420.65,-0.139264,-122.077
1420.7,-0.139271,-122.084
1420.75,-0.139275,-122.091
1420.8,-0.13928,-122.098
1420.85,-0.139262,-122.105
1420.9,-0.139264,-122.112
1420.95,-0.139267,-122.119
1421.0,-0.139267,-122.126
1421.05,-0.139292,-122.133
1421.1,-0.139296,-122.14
1421.15,-0.139289,-122.147
1421.2,-0.139279,-122.154
1421.25,-0.13931,-122.16
1421.3,-0.139299,-122.167
1421.35,-0.139294,-122.174
1421.4,-0.1393,-122.181
1421.45,-0.13931,-122.188
1421.5,-0.139304,-122.195
1421.55,-0.139291,-122.202
1421.6,-0.139298,-122.209
1421.65,-0.139296,-122.216
1421.7,-0.139297,-122.223
1421.75,-0.139298,-122.23
1421.8,-0.13931,-122.237
1421.85,-0.139301,-122.244
1421.9,-0.139304,-122.251
1421.95,-0.139316,-122.258
1422.0,-0.139329,-122.265
1422.05,-0.139315,-122.272
1422.1,-0.139319,-122.279
1422.15,-0.139328,-122.286
1422.2,-0.13933,-122.293
1422.25,-0.139329,-122.3
1422.3,-0.139329,-122.307
1422.35,-0.139319,-122.314
1422.4,-0.139332,-122.321
1422.45,-0.139334,-122.328
1422.5,-0.139337,-122.335
1422.55,-0.139324,-122.342
1422.6,-0.139325,-122.349
1422.65,-0.139322,-122.356
1422.7,-0.139311,-122.362
1422.75,-0.139316,-122.369
1422.8,-0.139319,-122.376
1422.85,-0.139319,-122.383
1422.9,-0.139307,-122.39
1422.95,-0.139312,-122.397
1423.0,-0.139314,-122.404
1423.05,-0.139311,-122.411
1423.1,-0.139311,-122.418
1423.15,-0.139317,-122.425
1423.2,-0.139316,-122.432
1423.25,-0.1393,-122.439
1423.3,-0.139308,-122.446
1423.35,-0.139317,-122.453
1423.4,-0.139313,-122.46
1423.45,-0.139321,-122.467
1423.5,-0.139333,-122.474
1423.55,-0.139324,-122.481
1423.6,-0.139341,-122.488
1423.65,-0.139312,-122.495
1423.7,-0.139318,-122.502
1423.75,-0.139326,-122.509
1423.8,-0.139323,-122.516
1423.85,-0.139321,-122.523
1423.9,-0.139332,-122.53
1423.95,-0.13933,-122.537
1424.0,-0.139331,-122.544
1424.05,-0.139318,-122.551
1424.1,-0.139329,-122.558
1424.15,-0.13934,-122.565
1424.2,-0.139337,-122.571
1424.25,-0.139344,-122.578
1424.3,-0.139353,-122.585
1424.35,-0.139348,-122.592
1424.4,-0.139348,-122.599
1424.45,-0.13937,-122.606
1424.5,-0.139365,-122.613
1424.55,-0.139381,-122.62
1424.6,-0.139386,-122.627
1424.65,-0.139386,-122.634
1424.7,-0.139385,-122.641
1424.75,-0.13938,-122.648
1424.8,-0.139375,-122.655
1424.85,-0.139387,-122.662
1424.9,-0.139382,-122.669
1424.95,-0.13939,-122.676
1425.0,-0.139397,-122.683
1425.05,-0.1394,-122.69
1425.1,-0.139394,-122.697
1425.15,-0.139401,-122.704
1425.2,-0.139395,-122.711
1425.25,-0.139407,-122.718
1425.3,-0.139418,-122.725
1425.35,-0.139409,-122.732
1425.4,-0.139411,-122.739
1425.45,-0.13942,-122.746
1425.5,-0.139421,-122.753
1425.55,-0.139438,-122.76
1425.6,-0.139445,-122.767
1425.65,-0.139443,-122.774
1425.7,-0.139444,-122.781
1425.75,-0.139454,-122.788
1425.8,-0.139452,-122.795
1425.85,-0.139458,-122.801
1425.9,-0.139466,-122.808
1425.95,-0.139457,-122.815
1426.0,-0.139488,-122.822
1426.05,-0.139496,-122.829
1426.1,-0.139494,-122.836
1426.15,-0.139499,-122.843
1426.2,-0.139509,-122.85
1426.25,-0.139519,-122.857
1426.3,-0.139526,-122.864
1426.35,-0.139525,-122.871
1426.4,-0.139535,-122.878
1426.45,-0.139523,-122.885
1426.5,-0.139545,-122.892
1426.55,-0.139536,-122.899
1426.6,-0.139539,-122.906
1426.65,-0.139565,-122.913
1426.7,-0.139572,-122.92
1426.75,-0.139567,-122.927
1426.8,-0.139572,-122.934
1426.85,-0.139588,-122.941
1426.9,-0.139586,-122.948
1426.95,-0.139588,-122.955
1427.0,-0.139611,-122.962
1427.05,-0.139617,-122.969
1427.1,-0.139612,-122.976
1427.15,-0.139621,-122.983
1427.2,-0.139632,-122.99
1427.25,-0.139636,-122.997
1427.3,-0.139624,-123.004
1427.35,-0.13963,-123.011
1427.4,-0.139625,-123.018
1427.45,-0.139645,-123.025
1427.5,-0.139639,-123.032
1427.55,-0.139654,-123.039
1427.6,-0.139665,-123.046
1427.65,-0.13966,-123.053
1427.7,-0.139653,-123.06
1427.75,-0.139665,-123.067
1427.8,-0.13965,-123.074
1427.85,-0.139657,-123.081
1427.9,-0.13966,-123.088
1427.95,-0.13966,-123.095
1428.0,-0.139677,-123.102
1428.05,-0.13969,-123.109
1428.1,-0.139698,-123.116
1428.15,-0.139691,-123.123
1428.2,-0.139698,-123.13
1428.25,-0.139699,-123.137
1428.3,-0.139696,-123.144
1428.35,-0.139703,-123.15
1428.4,-0.139706,-123.157
1428.45,-0.139697,-123.164
1428.5,-0.139684,-123.171
1428.55,-0.139689,-123.178
1428.6,-0.139691,-123.185
1428.65,-0.139696,-123.192
1428.7,-0.139699,-123.199
1428.75,-0.139702,-123.206
1428.8,-0.139703,-123.213
1428.85,-0.1397,-123.22
1428.9,-0.139697,-123.227
1428.95,-0.139699,-123.234
1429.0,-0.139721,-123.241
1429.05,-0.13972,-123.248
1429.1,-0.139712,-123.255
1429.15,-0.139717,-123.262
1429.2,-0.139715,-123.269
1429.25,-0.139702,-123.276
1429.3,-0.139707,-123.283
1429.35,-0.139706,-123.29
1429.4,-0.139709,-123.297
1429.45,-0.139712,-123.304
1429.5,-0.139723,-123.311
1429.55,-0.139703,-123.318
1429.6,-0.139715,-123.325
1429.65,-0.139709,-123.332
1429.7,-0.139732,-123.339
1429.75,-0.139716,-123.346
1429.8,-0.139711,-123.353
1429.85,-0.139707,-123.36
1429.9,-0.139718,-123.367
1429.95,-0.139711,-123.374
1430.0,-0.139699,-123.381
1430.05,-0.139714,-123.388
1430.1,-0.13973,-123.395
1430.15,-0.13973,-123.402
1430.2,-0.139739,-123.409
1430.25,-0.139745,-123.416
1430.3,-0.139738,-123.423
1430.35,-0.139729,-123.43
1430.4,-0.139729,-123.437
1430.45,-0.139745,-123.444
1430.5,-0.139739,-123.451
1430.55,-0.139748,-123.458
1430.6,-0.139756,-123.465
1430.65,-0.139757,-123.472
1430.7,-0.139754,-123.479
1430.75,-0.139773,-123.486
1430.8,-0.139781,-123.493
1430.85,-0.13977,-123.5
1430.9,-0.13977,-123.507
1430.95,-0.139778,-123.514
1431.0,-0.139762,-123.521
1431.05,-0.139783,-123.528
1431.1,-0.139791,-123.535
1431.15,-0.139787,-123.542
1431.2,-0.1398,-123.549
1431.25,-0.139812,-123.556
1431.3,-0.139811,-123.563
1431.35,-0.139814,-123.57
1431.4,-0.139812,-123.577
1431.45,-0.139809,-123.584
1431.5,-0.139819,-123.591
1431.55,-0.139826,-123.598
1431.6,-0.139817,-123.605
1431.65,-0.139821,-123.612
1431.7,-0.139823,-123.619
1431.75,-0.139837,-123.626
1431.8,-0.139843,-123.633
1431.85,-0.139831,-123.64
1431.9,-0.139849,-123.647
1431.95,-0.139857,-123.654
1432.0,-0.139872,-123.661
1432.05,-0.139868,-123.668
1432.1,-0.139875,-123.675
1432.15,-0.139878,-123.682
1432.2,-0.139887,-123.689
1432.25,-0.139892,-123.696
1432.3,-0.139895,-123.703
1432.35,-0.139905,-123.71
1432.4,-0.139894,-123.717
1432.45,-0.139898,-123.724
1432.5,-0.139903,-123.731
1432.55,-0.139889,-123.738
1432.6,-0.139904,-123.745
1432.65,-0.139905,-123.752
1432.7,-0.139893,-123.758
1432.75,-0.139897,-123.765
1432.8,-0.13991,-123.772
1432.85,-0.139913,-123.779
1432.9,-0.139928,-123.786
1432.95,-0.139923,-123.793
1433.0,-0.13994,-123.8
1433.05,-0.139944,-123.807
1433.1,-0.139948,-123.814
1433.15,-0.139939,-123.821
1433.2,-0.139951,-123.828
1433.25,-0.139947,-123.835
1433.3,-0.139952,-123.842
1433.35,-0.139958,-123.849
1433.4,-0.139961,-123.856
1433.45,-0.139953,-123.863
1433.5,-0.139951,-123.87
1433.55,-0.139972,-123.877
1433.6,-0.13997,-123.884
1433.65,-0.139967,-123.891
1433.7,-0.139974,-123.898
1433.75,-0.13997,-123.905
1433.8,-0.139968,-123.912
1433.85,-0.139979,-123.919
1433.9,-0.139986,-123.926
1433.95,-0.139982,-123.933
1434.0,-0.139988,-123.94
1434.05,-0.139983,-123.947
1434.1,-0.140001,-123.954
1434.15,-0.140001,-123.961
1434.2,-0.139998,-123.968
1434.25,-0.140004,-123.975
1434.3,-0.140015,-123.982
1434.35,-0.140016,-123.989
1434.4,-0.140006,-123.996
1434.45,-0.140008,-124.003
1434.5,-0.140027,-124.01
1434.55,-0.140017,-124.017
1434.6,-0.140023,-124.024
1434.65,-0.140033,-124.031
1434.7,-0.140041,-124.038
1434.75,-0.140039,-124.045
1434.8,-0.140036,-124.052
1434.85,-0.140053,-124.059
1434.9,-0.140047,-124.066
1434.95,-0.140057,-124.073
1435.0,-0.140072,-124.08
1435.05,-0.140072,-124.087
1435.1,-0.140087,-124.094
1435.15,-0.140097,-124.101
1435.2,-0.140109,-124.108
1435.25,-0.140109,-124.115
1435.3,-0.140113,-124.122
1435.35,-0.140113,-124.129
1435.4,-0.140123,-124.136
1435.45,-0.140118,-124.144
1435.5,-0.140121,-124.151
1435.55,-0.140108,-124.158
1435.6,-0.140112,-124.165
1435.65,-0.140111,-124.172
1435.7,-0.140118,-124.179
1435.75,-0.140122,-124.186
1435.8,-0.140115,-124.193
1435.85,-0.140118,-124.2
1435.9,-0.140115,-124.207
1435.95,-0.140132,-124.214
1436.0,-0.140127,-124.221
1436.05,-0.140119,-124.228
1436.1,-0.140127,-124.235
1436.15,-0.140137,-124.242
1436.2,-0.140123,-124.249
1436.25,-0.140125,-124.256
1436.3,-0.140136,-124.263
1436.35,-0.140135,-124.27
1436.4,-0.140141,-124.277
1436.45,-0.140158,-124.284
1436.5,-0.140138,-124.291
1436.55,-0.140145,-124.298
1436.6,-0.140144,-124.305
1436.65,-0.140145,-124.312
1436.7,-0.140128,-124.319
1436.75,-0.140123,-124.326
1436.8,-0.140135,-124.333
1436.85,-0.140143,-124.34
1436.9,-0.140141,-124.347
1436.95,-0.140126,-124.354
1437.0,-0.140128,-124.361
1437.05,-0.140133,-124.368
1437.1,-0.140136,-124.375
1437.15,-0.140142,-124.382
1437.2,-0.140141,-124.389
1437.25,-0.140138,-124.396
1437.3,-0.140131,-124.403
1437.35,-0.140124,-124.41
1437.4,-0.140125,-124.417
1437.45,-0.140131,-124.424
1437.5,-0.140146,-124.431
1437.55,-0.140137,-124.438
1437.6,-0.140134,-124.445
1437.65,-0.140125,-124.452
1437.7,-0.14013,-124.459
1437.75,-0.140138,-124.466
1437.8,-0.140138,-124.473
1437.85,-0.140133,-124.48
1437.9,-0.140126,-124.487
1437.95,-0.140136,-124.494
1438.0,-0.140123,-124.501
1438.05,-0.14011,-124.508
1438.1,-0.140122,-124.515
1438.15,-0.140123,-124.522
1438.2,-0.14013,-124.529
1438.25,-0.140132,-124.536
1438.3,-0.140141,-124.543
1438.35,-0.140141,-124.55
1438.4,-0.140138,-124.557
1438.45,-0.140145,-124.564
1438.5,-0.140146,-124.571
1438.55,-0.140144,-124.578
1438.6,-0.140138,-124.585
1438.65,-0.140138,-124.592
1438.7,-0.140144,-124.599
1438.75,-0.140144,-124.606
1438.8,-0.140147,-124.613
1438.85,-0.140143,-124.62
1438.9,-0.140146,-124.627
1438.95,-0.140149,-124.634
1439.0,-0.140141,-124.641
1439.05,-0.140147,-124.648
1439.1,-0.14014,-124.655
1439.15,-0.140142,-124.662
1439.2,-0.140139,-124.669
1439.25,-0.14016,-124.676
1439.3,-0.140155,-124.683
1439.35,-0.140159,-124.69
1439.4,-0.14016,-124.697
1439.45,-0.140159,-124.704
1439.5,-0.140175,-124.711
1439.55,-0.140179,-124.718
1439.6,-0.140182,-124.725
1439.65,-0.140186,-124.732
1439.7,-0.140186,-124.739
1439.75,-0.140191,-124.746
1439.8,-0.140188,-124.753
1439.85,-0.14019,-124.76
1439.9,-0.140201,-124.767
1439.95,-0.140199,-124.774
1440.0,-0.140211,-124.781
1440.05,-0.1402,-124.788
1440.1,-0.140199,-124.795
1440.15,-0.1402,-124.802
1440.2,-0.1402,-124.809
1440.25,-0.140202,-124.816
1440.3,-0.140211,-124.823
1440.35,-0.140194,-124.83
1440.4,-0.140197,-124.837
1440.45,-0.140211,-124.844
1440.5,-0.14022,-124.851
1440.55,-0.140225,-124.858
1440.6,-0.140203,-124.865
1440.65,-0.14021,-124.872
1440.7,-0.140216,-124.879
1440.75,-0.140221,-124.886
1440.8,-0.140222,-124.893
1440.85,-0.140218,-124.9
1440.9,-0.140236,-124.907
1440.95,-0.140233,-124.914
1441.0,-0.140236,-124.921
1441.05,-0.140244,-124.928
1441.1,-0.140244,-124.935
1441.15,-0.140239,-124.942
1441.2,-0.140237,-124.949
1441.25,-0.14024,-124.956
1441.3,-0.14025,-124.963
1441.35,-0.14025,-124.97
1441.4,-0.140265,-124.977
1441.45,-0.140264,-124.984
1441.5,-0.140265,-124.991
1441.55,-0.140265,-124.998
1441.6,-0.140264,-125.006
1441.65,-0.140264,-125.013
1441.7,-0.140291,-125.02
1441.75,-0.140288,-125.027
1441.8,-0.140297,-125.034
1441.85,-0.140285,-125.041
1441.9,-0.140289,-125.048
1441.95,-0.140292,-125.055
1442.0,-0.140283,-125.062
1442.05,-0.140287,-125.069
1442.1,-0.140298,-125.076
1442.15,-0.140303,-125.083
1442.2,-0.140307,-125.09
1442.25,-0.140307,-125.097
1442.3,-0.140297,-125.104
1442.35,-0.140311,-125.111
1442.4,-0.140309,-125.118
1442.45,-0.140321,-125.125
1442.5,-0.14032,-125.132
1442.55,-0.140333,-125.139
1442.6,-0.140327,-125.146
1442.65,-0.140325,-125.153
1442.7,-0.140328,-125.16
1442.75,-0.140328,-125.167
1442.8,-0.140338,-125.174
1442.85,-0.140336,-125.181
1442.9,-0.140332,-125.188
1442.95,-0.140339,-125.195
1443.0,-0.140346,-125.202
1443.05,-0.140341,-125.209
1443.1,-0.140353,-125.216
1443.15,-0.140349,-125.223
1443.2,-0.140338,-125.23
1443.25,-0.140341,-125.237
1443.3,-0.140347,-125.244
1443.35,-0.140345,-125.251
1443.4,-0.14036,-125.258
1443.45,-0.140357,-125.265
1443.5,-0.140372,-125.272
1443.55,-0.140366,-125.279
1443.6,-0.14036,-125.286
1443.65,-0.14038,-125.293
1443.7,-0.140379,-125.3
1443.75,-0.140385,-125.307
1443.8,-0.1404,-125.314
1443.85,-0.140405,-125.321
1443.9,-0.140399,-125.328
1443.95,-0.140381,-125.335
1444.0,-0.140388,-125.342
1444.05,-0.140392,-125.349
1444.1,-0.140398,-125.356
1444.15,-0.140408,-125.363
1444.2,-0.140417,-125.37
1444.25,-0.140419,-125.377
1444.3,-0.140418,-125.384
1444.35,-0.140431,-125.391
1444.4,-0.14043,-125.398
1444.45,-0.140436,-125.406
1444.5,-0.140436,-125.413
1444.55,-0.140442,-125.42
1444.6,-0.140438,-125.427
1444.65,-0.140443,-125.434
1444.7,-0.140454,-125.441
1444.75,-0.140441,-125.448
1444.8,-0.140436,-125.455
1444.85,-0.140447,-125.462
1444.9,-0.140449,-125.469
1444.95,-0.140459,-125.476
1445.0,-0.140456,-125.483
1445.05,-0.140459,-125.49
1445.1,-0.14047,-125.497
1445.15,-0.140463,-125.504
1445.2,-0.140475,-125.511
1445.25,-0.140473,-125.518
1445.3,-0.140487,-125.525
1445.35,-0.140489,-125.532
1445.4,-0.140499,-125.539
1445.45,-0.140497,-125.546
1445.5,-0.140497,-125.553
1445.55,-0.140519,-125.56
1445.6,-0.140513,-125.567
1445.65,-0.140513,-125.574
1445.7,-0.140506,-125.581
1445.75,-0.14051,-125.588
1445.8,-0.140515,-125.595
1445.85,-0.140507,-125.602
1445.9,-0.14052,-125.609
1445.95,-0.140535,-125.616
1446.0,-0.140528,-125.623
1446.05,-0.140524,-125.63
1446.1,-0.140536,-125.637
1446.15,-0.140538,-125.644
1446.2,-0.140546,-125.651
1446.25,-0.140547,-125.658
1446.3,-0.14055,-125.665
1446.35,-0.14055,-125.672
1446.4,-0.140547,-125.679
1446.45,-0.140552,-125.686
1446.5,-0.140556,-125.694
1446.55,-0.140556,-125.701
1446.6,-0.140555,-125.708
1446.65,-0.140568,-125.715
1446.7,-0.140562,-125.722
1446.75,-0.140558,-125.729
1446.8,-0.140564,-125.736
1446.85,-0.140579,-125.743
1446.9,-0.140591,-125.75
1446.95,-0.140584,-125.757
1447.0,-0.140587,-125.764
1447.05,-0.140596,-125.771
1447.1,-0.140588,-125.778
1447.15,-0.140589,-125.785
1447.2,-0.140592,-125.792
1447.25,-0.140598,-125.799
1447.3,-0.140604,-125.806
1447.35,-0.140597,-125.813
1447.4,-0.140606,-125.82
1447.45,-0.140602,-125.827
1447.5,-0.140626,-125.834
1447.55,-0.140631,-125.841
1447.6,-0.140638,-125.848
1447.65,-0.140633,-125.855
1447.7,-0.140641,-125.862
1447.75,-0.140641,-125.869
1447.8,-0.140646,-125.876
1447.85,-0.140634,-125.883
1447.9,-0.140629,-125.89
1447.95,-0.140642,-125.897
1448.0,-0.140657,-125.904
1448.05,-0.140682,-125.911
1448.1,-0.140668,-125.918
1448.15,-0.140666,-125.926
1448.2,-0.140676,-125.933
1448.25,-0.140666,-125.94
1448.3,-0.140688,-125.947
1448.35,-0.140691,-125.954
1448.4,-0.140701,-125.961
1448.45,-0.140702,-125.968
1448.5,-0.140692,-125.975
1448.55,-0.140705,-125.982
1448.6,-0.140715,-125.989
1448.65,-0.14072,-125.996
1448.7,-0.14072,-126.003
1448.75,-0.140718,-126.01
1448.8,-0.140717,-126.017
1448.85,-0.14071,-126.024
1448.9,-0.140711,-126.031
1448.95,-0.140717,-126.038
1449.0,-0.140711,-126.045
1449.05,-0.140715,-126.052
1449.1,-0.140721,-126.059
1449.15,-0.140722,-126.066
1449.2,-0.140735,-126.073
1449.25,-0.140745,-126.08
1449.3,-0.140739,-126.087
1449.35,-0.140759,-126.094
1449.4,-0.140756,-126.101
1449.45,-0.140761,-126.108
1449.5,-0.140753,-126.115
1449.55,-0.140761,-126.123
1449.6,-0.140752,-126.13
1449.65,-0.140755,-126.137
1449.7,-0.140771,-126.144
1449.75,-0.140767,-126.151
1449.8,-0.140759,-126.158
1449.85,-0.140758,-126.165
1449.9,-0.14077,-126.172
1449.95,-0.140771,-126.179
1450.0,-0.140773,-126.186
1450.05,-0.140771,-126.193
1450.1,-0.140777,-126.2
1450.15,-0.140781,-126.207
1450.2,-0.140771,-126.214
1450.25,-0.140781,-126.221
1450.3,-0.140777,-126.228
1450.35,-0.140778,-126.235
1450.4,-0.140794,-126.242
1450.45,-0.140789,-126.249
1450.5,-0.140795,-126.256
1450.55,-0.140781,-126.263
1450.6,-0.140791,-126.27
1450.65,-0.140799,-126.277
1450.7,-0.140821,-126.284
1450.75,-0.140827,-126.291
1450.8,-0.14083,-126.299
1450.85,-0.140822,-126.306
1450.9,-0.140822,-126.313
1450.95,-0.140795,-126.32
1451.0,-0.140815,-126.327
1451.05,-0.140821,-126.334
1451.1,-0.140831,-126.341
1451.15,-0.140831,-126.348
1451.2,-0.140828,-126.355
1451.25,-0.14083,-126.362
1451.3,-0.140829,-126.369
1451.35,-0.140826,-126.376
1451.4,-0.140832,-126.383
1451.45,-0.140831,-126.39
1451.5,-0.140832,-126.397
1451.55,-0.140843,-126.404
1451.6,-0.140818,-126.411
1451.65,-0.140832,-126.418
1451.7,-0.140851,-126.425
1451.75,-0.140838,-126.432
1451.8,-0.140843,-126.439
1451.85,-0.140849,-126.446
1451.9,-0.140861,-126.453
1451.95,-0.140855,-126.46
1452.0,-0.140847,-126.468
1452.05,-0.140863,-126.475
1452.1,-0.140857,-126.482
1452.15,-0.140852,-126.489
1452.2,-0.140849,-126.496
1452.25,-0.14086,-126.503
1452.3,-0.140858,-126.51
1452.35,-0.140869,-126.517
1452.4,-0.140878,-126.524
1452.45,-0.140872,-126.531
1452.5,-0.140898,-126.538
1452.55,-0.140895,-126.545
1452.6,-0.140904,-126.552
1452.65,-0.140892,-126.559
1452.7,-0.140908,-126.566
1452.75,-0.14091,-126.573
1452.8,-0.140926,-126.58
1452.85,-0.140925,-126.587
1452.9,-0.140931,-126.594
1452.95,-0.140939,-126.601
1453.0,-0.140942,-126.608
1453.05,-0.140955,-126.615
1453.1,-0.140957,-126.622
1453.15,-0.140964,-126.63
1453.2,-0.140967,-126.637
1453.25,-0.140961,-126.644
1453.3,-0.140965,-126.651
1453.35,-0.140962,-126.658
1453.4,-0.140964,-126.665
1453.45,-0.140972,-126.672
1453.5,-0.14098,-126.679
1453.55,-0.140988,-126.686
1453.6,-0.140996,-126.693
1453.65,-0.141006,-126.7
1453.7,-0.14099,-126.707
1453.75,-0.140991,-126.714
1453.8,-0.140998,-126.721
1453.85,-0.140989,-126.728
1453.9,-0.141005,-126.735
1453.95,-0.141013,-126.742
1454.0,-0.140995,-126.749
1454.05,-0.141005,-126.756
1454.1,-0.141006,-126.763
1454.15,-0.141021,-126.771
1454.2,-0.141005,-126.778
1454.25,-0.141005,-126.785
1454.3,-0.141023,-126.792
1454.35,-0.141023,-126.799
1454.4,-0.141016,-126.806
1454.45,-0.141019,-126.813
1454.5,-0.141019,-126.82
1454.55,-0.141027,-126.827
1454.6,-0.141036,-126.834
1454.65,-0.141028,-126.841
1454.7,-0.141029,-126.848
1454.75,-0.141025,-126.855
1454.8,-0.141027,-126.862
1454.85,-0.141032,-126.869
1454.9,-0.141033,-126.876
1454.95,-0.141054,-126.883
1455.0,-0.141055,-126.89
1455.05,-0.141053,-126.897
1455.1,-0.141055,-126.905
1455.15,-0.14106,-126.912
1455.2,-0.141063,-126.919
1455.25,-0.141059,-126.926
1455.3,-0.141061,-126.933
1455.35,-0.14107,-126.94
1455.4,-0.141056,-126.947
1455.45,-0.141056,-126.954
1455.5,-0.141062,-126.961
1455.55,-0.141055,-126.968
1455.6,-0.141065,-126.975
1455.65,-0.141075,-126.982
1455.7,-0.141064,-126.989
1455.75,-0.141078,-126.996
1455.8,-0.141076,-127.003
1455.85,-0.141076,-127.01
1455.9,-0.141084,-127.017
1455.95,-0.141089,-127.024
1456.0,-0.141087,-127.031
1456.05,-0.141095,-127.039
1456.1,-0.141097,-127.046
1456.15,-0.141087,-127.053
1456.2,-0.141082,-127.06
1456.25,-0.141086,-127.067
1456.3,-0.141099,-127.074
1456.35,-0.141095,-127.081
1456.4,-0.141099,-127.088
1456.45,-0.141104,-127.095
1456.5,-0.141103,-127.102
1456.55,-0.141108,-127.109
1456.6,-0.141107,-127.116
1456.65,-0.14111,-127.123
1456.7,-0.141115,-127.13
1456.75,-0.141109,-127.137
1456.8,-0.141113,-127.144
1456.85,-0.141119,-127.151
1456.9,-0.141115,-127.158
1456.95,-0.141122,-127.166
1457.0,-0.141126,-127.173
1457.05,-0.141133,-127.18
1457.1,-0.141127,-127.187
1457.15,-0.141108,-127.194
1457.2,-0.14112,-127.201
1457.25,-0.141104,-127.208
1457.3,-0.141109,-127.215
1457.35,-0.141115,-127.222
1457.4,-0.141117,-127.229
1457.45,-0.14112,-127.236
1457.5,-0.141125,-127.243
1457.55,-0.141128,-127.25
1457.6,-0.141139,-127.257
1457.65,-0.141132,-127.264
1457.7,-0.141144,-127.271
1457.75,-0.141158,-127.278
1457.8,-0.141162,-127.285
1457.85,-0.141163,-127.293
1457.9,-0.141166,-127.3
1457.95,-0.141174,-127.307
1458.0,-0.141172,-127.314
1458.05,-0.141181,-127.321
1458.1,-0.141185,-127.328
1458.15,-0.141193,-127.335
1458.2,-0.141192,-127.342
1458.25,-0.141196,-127.349
1458.3,-0.141202,-127.356
1458.35,-0.141208,-127.363
1458.4,-0.141203,-127.37
1458.45,-0.141208,-127.377
1458.5,-0.141212,-127.384
1458.55,-0.141211,-127.391
1458.6,-0.141203,-127.398
1458.65,-0.141218,-127.405
1458.7,-0.141218,-127.413
1458.75,-0.14123,-127.42
1458.8,-0.141214,-127.427
1458.85,-0.141221,-127.434
1458.9,-0.141216,-127.441
1458.95,-0.141223,-127.448
1459.0,-0.141233,-127.455
1459.05,-0.141224,-127.462
1459.1,-0.141226,-127.469
1459.15,-0.141225,-127.476
1459.2,-0.141231,-127.483
1459.25,-0.141235,-127.49
1459.3,-0.141235,-127.497
1459.35,-0.141237,-127.504
1459.4,-0.141235,-127.511
1459.45,-0.141239,-127.518
1459.5,-0.141242,-127.526
1459.55,-0.141242,-127.533
1459.6,-0.141238,-127.54
1459.65,-0.141234,-127.547
1459.7,-0.141243,-127.554
1459.75,-0.141246,-127.561
1459.8,-0.141254,-127.568
1459.85,-0.141255,-127.575
1459.9,-0.141254,-127.582
1459.95,-0.141239,-127.589
1460.0,-0.141261,-127.596
1460.05,-0.141263,-127.603
1460.1,-0.141259,-127.61
1460.15,-0.14127,-127.617
1460.2,-0.141268,-127.624
1460.25,-0.141264,-127.631
1460.3,-0.141261,-127.639
1460.35,-0.141267,-127.646
1460.4,-0.141257,-127.653
1460.45,-0.141254,-127.66
1460.5,-0.141255,-127.667
1460.55,-0.141275,-127.674
1460.6,-0.141268,-127.681
1460.65,-0.141286,-127.688
1460.7,-0.141281,-127.695
1460.75,-0.141286,-127.702
1460.8,-0.141285,-127.709
1460.85,-0.141299,-127.716
1460.9,-0.141285,-127.723
1460.95,-0.141288,-127.73
1461.0,-0.14129,-127.737
1461.05,-0.141295,-127.744
1461.1,-0.141292,-127.752
1461.15,-0.141301,-127.759
1461.2,-0.141309,-127.766
1461.25,-0.141323,-127.773
1461.3,-0.141327,-127.78
1461.35,-0.141311,-127.787
1461.4,-0.141313,-127.794
1461.45,-0.141318,-127.801
1461.5,-0.141351,-127.808
1461.55,-0.141373,-127.815
1461.6,-0.141374,-127.822
1461.65,-0.141384,-127.829
1461.7,-0.141377,-127.836
1461.75,-0.141385,-127.843
1461.8,-0.141406,-127.851
1461.85,-0.14142,-127.858
1461.9,-0.141423,-127.865
1461.95,-0.141441,-127.872
1462.0,-0.141446,-127.879
1462.05,-0.141457,-127.886
1462.1,-0.141455,-127.893
1462.15,-0.141465,-127.9
1462.2,-0.141455,-127.907
1462.25,-0.141469,-127.914
1462.3,-0.14149,-127.921
1462.35,-0.141469,-127.928
1462.4,-0.141467,-127.935
1462.45,-0.141478,-127.942
1462.5,-0.141479,-127.95
1462.55,-0.141478,-127.957
1462.6,-0.141486,-127.964
1462.65,-0.141497,-127.971
1462.7,-0.14149,-127.978
1462.75,-0.141491,-127.985
1462.8,-0.141481,-127.992
1462.85,-0.141466,-127.999
1462.9,-0.141472,-128.006
1462.95,-0.141475,-128.013
1463.0,-0.14148,-128.02
1463.05,-0.141475,-128.027
1463.1,-0.141481,-128.034
1463.15,-0.141473,-128.041
1463.2,-0.141482,-128.049
1463.25,-0.141483,-128.056
1463.3,-0.141493,-128.063
1463.35,-0.14149,-128.07
1463.4,-0.141507,-128.077
1463.45,-0.141509,-128.084
1463.5,-0.141496,-128.091
1463.55,-0.141495,-128.098
1463.6,-0.141497,-128.105
1463.65,-0.141515,-128.112
1463.7,-0.141513,-128.119
1463.75,-0.141514,-128.126
1463.8,-0.141509,-128.133
1463.85,-0.141518,-128.141
1463.9,-0.141505,-128.148
1463.95,-0.141507,-128.155
1464.0,-0.141504,-128.162
1464.05,-0.141507,-128.169
1464.1,-0.141515,-128.176
1464.15,-0.141521,-128.183
1464.2,-0.14151,-128.19
1464.25,-0.141512,-128.197
1464.3,-0.141504,-128.204
1464.35,-0.141505,-128.211
1464.4,-0.141513,-128.218
1464.45,-0.141512,-128.225
1464.5,-0.141527,-128.233
1464.55,-0.141516,-128.24
1464.6,-0.141519,-128.247
1464.65,-0.14153,-128.254
1464.7,-0.141527,-128.261
1464.75,-0.141528,-128.268
1464.8,-0.141546,-128.275
1464.85,-0.141551,-128.282
1464.9,-0.141543,-128.289
1464.95,-0.141547,-128.296
1465.0,-0.14155,-128.303
1465.05,-0.141554,-128.31
1465.1,-0.141571,-128.317
1465.15,-0.141583,-128.325
1465.2,-0.141586,-128.332
1465.25,-0.141586,-128.339
1465.3,-0.141577,-128.346
1465.35,-0.141582,-128.353
1465.4,-0.141593,-128.36
1465.45,-0.141583,-128.367
1465.5,-0.141592,-128.374
1465.55,-0.141598,-128.381
1465.6,-0.141599,-128.388
1465.65,-0.141591,-128.395
1465.7,-0.141589,-128.402
1465.75,-0.141612,-128.409
1465.8,-0.141626,-128.417
1465.85,-0.141615,-128.424
1465.9,-0.141625,-128.431
1465.95,-0.141627,-128.438
1466.0,-0.141613,-128.445
1466.05,-0.141609,-128.452
1466.1,-0.141611,-128.459
1466.15,-0.141611,-128.466
1466.2,-0.141604,-128.473
1466.25,-0.1416,-128.48
1466.3,-0.141594,-128.487
1466.35,-0.141604,-128.494
1466.4,-0.14161,-128.502
1466.45,-0.141618,-128.509
1466.5,-0.141618,-128.516
1466.55,-0.141608,-128.523
1466.6,-0.141616,-128.53
1466.65,-0.141608,-128.537
1466.7,-0.1416,-128.544
1466.75,-0.141609,-128.551
1466.8,-0.141603,-128.558
1466.85,-0.141604,-128.565
1466.9,-0.141597,-128.572
1466.95,-0.14161,-128.579
1467.0,-0.141606,-128.586
1467.05,-0.141611,-128.594
1467.1,-0.141604,-128.601
1467.15,-0.141608,-128.608
1467.2,-0.141614,-128.615
1467.25,-0.14162,-128.622
1467.3,-0.141623,-128.629
1467.35,-0.141604,-128.636
1467.4,-0.141611,-128.643
1467.45,-0.141615,-128.65
1467.5,-0.141607,-128.657
1467.55,-0.141621,-128.664
1467.6,-0.141618,-128.671
1467.65,-0.141622,-128.679
1467.7,-0.141624,-128.686
1467.75,-0.141625,-128.693
1467.8,-0.141593,-128.7
1467.85,-0.141576,-128.707
1467.9,-0.141577,-128.714
1467.95,-0.141576,-128.721
1468.0,-0.141563,-128.728
1468.05,-0.141558,-128.735
1468.1,-0.141562,-128.742
1468.15,-0.141569,-128.749
1468.2,-0.141583,-128.756
1468.25,-0.141589,-128.763
1468.3,-0.141594,-128.771
1468.35,-0.141589,-128.778
1468.4,-0.141592,-128.785
1468.45,-0.141606,-128.792
1468.5,-0.141601,-128.799
1468.55,-0.141597,-128.806
1468.6,-0.141597,-128.813
1468.65,-0.141601,-128.82
1468.7,-0.1416,-128.827
1468.75,-0.141606,-128.834
1468.8,-0.141609,-128.841
1468.85,-0.141609,-128.848
1468.9,-0.141619,-128.856
1468.95,-0.141622,-128.863
1469.0,-0.141631,-128.87
1469.05,-0.141625,-128.877
1469.1,-0.141635,-128.884
1469.15,-0.141625,-128.891
1469.2,-0.141628,-128.898
1469.25,-0.141629,-128.905
1469.3,-0.141632,-128.912
1469.35,-0.141622,-128.919
1469.4,-0.141635,-128.926
1469.45,-0.141628,-128.933
1469.5,-0.141633,-128.941
1469.55,-0.141633,-128.948
1469.6,-0.141638,-128.955
1469.65,-0.141642,-128.962
1469.7,-0.141642,-128.969
1469.75,-0.141651,-128.976
1469.8,-0.141642,-128.983
1469.85,-0.141656,-128.99
1469.9,-0.141659,-128.997
1469.95,-0.141665,-129.004
1470.0,-0.141664,-129.011
1470.05,-0.141656,-129.018
1470.1,-0.141667,-129.025
1470.15,-0.141669,-129.033
1470.2,-0.141665,-129.04
1470.25,-0.141664,-129.047
1470.3,-0.14167,-129.054
1470.35,-0.141682,-129.061
1470.4,-0.141681,-129.068
1470.45,-0.141666,-129.075
1470.5,-0.141664,-129.082
1470.55,-0.141659,-129.089
1470.6,-0.141677,-129.096
1470.65,-0.141684,-129.103
1470.7,-0.141674,-129.111
1470.75,-0.141694,-129.118
1470.8,-0.141686,-129.125
1470.85,-0.141676,-129.132
1470.9,-0.141679,-129.139
1470.95,-0.141684,-129.146
1471.0,-0.14168,-129.153
1471.05,-0.141683,-129.16
1471.1,-0.141694,-129.167
1471.15,-0.141693,-129.174
1471.2,-0.141693,-129.181
1471.25,-0.141697,-129.188
1471.3,-0.141708,-129.196
1471.35,-0.14172,-129.203
1471.4,-0.141741,-129.21
1471.45,-0.141731,-129.217
1471.5,-0.141732,-129.224
1471.55,-0.141721,-129.231
1471.6,-0.141735,-129.238
1471.65,-0.141736,-129.245
1471.7,-0.141732,-129.252
1471.75,-0.141734,-129.259
1471.8,-0.141733,-129.266
1471.85,-0.141742,-129.273
1471.9,-0.141745,-129.281
1471.95,-0.141747,-129.288
1472.0,-0.141757,-129.295
1472.05,-0.141762,-129.302
1472.1,-0.141768,-129.309
1472.15,-0.141769,-129.316
1472.2,-0.141768,-129.323
1472.25,-0.14178,-129.33
1472.3,-0.14177,-129.337
1472.35,-0.141769,-129.344
1472.4,-0.141777,-129.351
1472.45,-0.141778,-129.359
1472.5,-0.141778,-129.366
1472.55,-0.14177,-129.373
1472.6,-0.141769,-129.38
1472.65,-0.141795,-129.387
1472.7,-0.141795,-129.394
1472.75,-0.141804,-129.401
1472.8,-0.141808,-129.408
1472.85,-0.141791,-129.415
1472.9,-0.141796,-129.422
1472.95,-0.141811,-129.429
1473.0,-0.141812,-129.437
1473.05,-0.141811,-129.444
1473.1,-0.14182,-129.451
1473.15,-0.141831,-129.458
1473.2,-0.141846,-129.465
1473.25,-0.14184,-129.472
1473.3,-0.14186,-129.479
1473.35,-0.141893,-129.486
1473.4,-0.141914,-129.493
1473.45,-0.141929,-129.5
1473.5,-0.141944,-129.507
1473.55,-0.141953,-129.515
1473.6,-0.141943,-129.522
1473.65,-0.141961,-129.529
1473.7,-0.141962,-129.536
1473.75,-0.141964,-129.543
1473.8,-0.141993,-129.55
1473.85,-0.141977,-129.557
1473.9,-0.141979,-129.564
1473.95,-0.141972,-129.571
1474.0,-0.141971,-129.578
1474.05,-0.141974,-129.586
1474.1,-0.141979,-129.593
1474.15,-0.141992,-129.6
1474.2,-0.141986,-129.607
1474.25,-0.142,-129.614
1474.3,-0.142003,-129.621
1474.35,-0.142001,-129.628
1474.4,-0.14201,-129.635
1474.45,-0.142003,-129.642
1474.5,-0.142014,-129.649
1474.55,-0.141997,-129.657
1474.6,-0.142001,-129.664
1474.65,-0.142004,-129.671
1474.7,-0.142,-129.678
1474.75,-0.142004,-129.685
1474.8,-0.142015,-129.692
1474.85,-0.142004,-129.699
1474.9,-0.142009,-129.706
1474.95,-0.142006,-129.713
1475.0,-0.142026,-129.72
1475.05,-0.142007,-129.728
1475.1,-0.14201,-129.735
1475.15,-0.142007,-129.742
1475.2,-0.142019,-129.749
1475.25,-0.142013,-129.756
1475.3,-0.14202,-129.763
1475.35,-0.142013,-129.77
1475.4,-0.142027,-129.777
1475.45,-0.142034,-129.784
1475.5,-0.142025,-129.791
1475.55,-0.14204,-129.799
1475.6,-0.142042,-129.806
1475.65,-0.142051,-129.813
1475.7,-0.142047,-129.82
1475.75,-0.142041,-129.827
1475.8,-0.14204,-129.834
1475.85,-0.142057,-129.841
1475.9,-0.142081,-129.848
1475.95,-0.142086,-129.855
1476.0,-0.142073,-129.862
1476.05,-0.142085,-129.87
1476.1,-0.142094,-129.877
1476.15,-0.142085,-129.884
1476.2,-0.142085,-129.891
1476.25,-0.142086,-129.898
1476.3,-0.1421,-129.905
1476.35,-0.142101,-129.912
1476.4,-0.142095,-129.919
1476.45,-0.142099,-129.926
1476.5,-0.142106,-129.934
1476.55,-0.142107,-129.941
1476.6,-0.142114,-129.948
1476.65,-0.142107,-129.955
1476.7,-0.142127,-129.962
1476.75,-0.142133,-129.969
1476.8,-0.142137,-129.976
1476.85,-0.142139,-129.983
1476.9,-0.142136,-129.99
1476.95,-0.14214,-129.997
1477.0,-0.142132,-130.005
1477.05,-0.142122,-130.012
1477.1,-0.142103,-130.019
1477.15,-0.142122,-130.026
1477.2,-0.142114,-130.033
1477.25,-0.142113,-130.04
1477.3,-0.142114,-130.047
1477.35,-0.142106,-130.054
1477.4,-0.142123,-130.061
1477.45,-0.142124,-130.069
1477.5,-0.142108,-130.076
1477.55,-0.142107,-130.083
1477.6,-0.1421,-130.09
1477.65,-0.142109,-130.097
1477.7,-0.14209,-130.104
1477.75,-0.142096,-130.111
1477.8,-0.142081,-130.118
1477.85,-0.142107,-130.125
1477.9,-0.142107,-130.132
1477.95,-0.142091,-130.14
1478.0,-0.14209,-130.147
1478.05,-0.142106,-130.154
1478.1,-0.142119,-130.161
1478.15,-0.1421,-130.168
1478.2,-0.142103,-130.175
1478.25,-0.142103,-130.182
1478.3,-0.142091,-130.189
1478.35,-0.142113,-130.196
1478.4,-0.142096,-130.204
1478.45,-0.142113,-130.211
1478.5,-0.142111,-130.218
1478.55,-0.142112,-130.225
1478.6,-0.142118,-130.232
1478.65,-0.142111,-130.239
1478.7,-0.142108,-130.246
1478.75,-0.142113,-130.253
1478.8,-0.14212,-130.26
1478.85,-0.142122,-130.267
1478.9,-0.142125,-130.275
1478.95,-0.142122,-130.282
1479.0,-0.142131,-130.289
1479.05,-0.142137,-130.296
1479.1,-0.142141,-130.303
1479.15,-0.142149,-130.31
1479.2,-0.142159,-130.317
1479.25,-0.142157,-130.324
1479.3,-0.142159,-130.331
1479.35,-0.142167,-130.339
1479.4,-0.142174,-130.346
1479.45,-0.142169,-130.353
1479.5,-0.142161,-130.36
1479.55,-0.142163,-130.367
1479.6,-0.142172,-130.374
1479.65,-0.142168,-130.381
1479.7,-0.142161,-130.388
1479.75,-0.142168,-130.395
1479.8,-0.142163,-130.403
1479.85,-0.14217,-130.41
1479.9,-0.142176,-130.417
1479.95,-0.142172,-130.424
1480.0,-0.142177,-130.431
1480.05,-0.142178,-130.438
1480.1,-0.142185,-130.445
1480.15,-0.142186,-130.452
1480.2,-0.142178,-130.459
1480.25,-0.142176,-130.467
1480.3,-0.14217,-130.474
1480.35,-0.142183,-130.481
1480.4,-0.142169,-130.488
1480.45,-0.14218,-130.495
1480.5,-0.142183,-130.502
1480.55,-0.142192,-130.509
1480.6,-0.142171,-130.516
1480.65,-0.142169,-130.523
1480.7,-0.142177,-130.53
1480.75,-0.14217,-130.538
1480.8,-0.142172,-130.545
1480.85,-0.142167,-130.552
1480.9,-0.142174,-130.559
1480.95,-0.142177,-130.566
1481.0,-0.142169,-130.573
1481.05,-0.142172,-130.58
1481.1,-0.142166,-130.587
1481.15,-0.142179,-130.594
1481.2,-0.14218,-130.602
1481.25,-0.142176,-130.609
1481.3,-0.14216,-130.616
1481.35,-0.142158,-130.623
1481.4,-0.142154,-130.63
1481.45,-0.142155,-130.637
1481.5,-0.142156,-130.644
1481.55,-0.14215,-130.651
1481.6,-0.142156,-130.658
1481.65,-0.142159,-130.666
1481.7,-0.142162,-130.673
1481.75,-0.142146,-130.68
1481.8,-0.142153,-130.687
1481.85,-0.14214,-130.694
1481.9,-0.142154,-130.701
1481.95,-0.142155,-130.708
1482.0,-0.142139,-130.715
1482.05,-0.142136,-130.722
1482.1,-0.142135,-130.73
1482.15,-0.142127,-130.737
1482.2,-0.14214,-130.744
1482.25,-0.142133,-130.751
1482.3,-0.142139,-130.758
1482.35,-0.142129,-130.765
1482.4,-0.142135,-130.772
1482.45,-0.142141,-130.779
1482.5,-0.142155,-130.786
1482.55,-0.142166,-130.793
1482.6,-0.142176,-130.801
1482.65,-0.142183,-130.808
1482.7,-0.142198,-130.815
1482.75,-0.142181,-130.822
1482.8,-0.14219,-130.829
1482.85,-0.14219,-130.836
1482.9,-0.142186,-130.843
1482.95,-0.142198,-130.85
1483.0,-0.142202,-130.857
1483.05,-0.142207,-130.865
1483.1,-0.142201,-130.872
1483.15,-0.142202,-130.879
1483.2,-0.142214,-130.886
1483.25,-0.142212,-130.893
1483.3,-0.142206,-130.9
1483.35,-0.142188,-130.907
1483.4,-0.142201,-130.914
1483.45,-0.142208,-130.921
1483.5,-0.142198,-130.929
1483.55,-0.14219,-130.936
1483.6,-0.142202,-130.943
1483.65,-0.142197,-130.95
1483.7,-0.142189,-130.957
1483.75,-0.142194,-130.964
1483.8,-0.142196,-130.971
1483.85,-0.1422,-130.978
1483.9,-0.142198,-130.985
1483.95,-0.142203,-130.993
1484.0,-0.142192,-131.0
1484.05,-0.142191,-131.007
1484.1,-0.14219,-131.014
1484.15,-0.142198,-131.021
1484.2,-0.14219,-131.028
1484.25,-0.142185,-131.035
1484.3,-0.142179,-131.042
1484.35,-0.14218,-131.049
1484.4,-0.142188,-131.057
1484.45,-0.142187,-131.064
1484.5,-0.142185,-131.071
1484.55,-0.142186,-131.078
1484.6,-0.142195,-131.085
1484.65,-0.142192,-131.092
1484.7,-0.142183,-131.099
1484.75,-0.142188,-131.106
1484.8,-0.142191,-131.113
1484.85,-0.142184,-131.121
1484.9,-0.142192,-131.128
1484.95,-0.142195,-131.135
1485.0,-0.142196,-131.142
1485.05,-0.142199,-131.149
1485.1,-0.142205,-131.156
1485.15,-0.142191,-131.163
1485.2,-0.142196,-131.17
1485.25,-0.142183,-131.177
1485.3,-0.142202,-131.185
1485.35,-0.142201,-131.192
1485.4,-0.142189,-131.199
1485.45,-0.142188,-131.206
1485.5,-0.142191,-131.213
1485.55,-0.142189,-131.22
1485.6,-0.14219,-131.227
1485.65,-0.142191,-131.234
1485.7,-0.142189,-131.241
1485.75,-0.142184,-131.248
1485.8,-0.142192,-131.256
1485.85,-0.142189,-131.263
1485.9,-0.142178,-131.27
1485.95,-0.14218,-131.277
1486.0,-0.142191,-131.284
1486.05,-0.142182,-131.291
1486.1,-0.142196,-131.298
1486.15,-0.142191,-131.305
1486.2,-0.142182,-131.312
1486.25,-0.142176,-131.32
1486.3,-0.142198,-131.327
1486.35,-0.142188,-131.334
1486.4,-0.142195,-131.341
1486.45,-0.142197,-131.348
1486.5,-0.142197,-131.355
1486.55,-0.142184,-131.362
1486.6,-0.142198,-131.369
1486.65,-0.142208,-131.376
1486.7,-0.142215,-131.384
1486.75,-0.142217,-131.391
1486.8,-0.142211,-131.398
1486.85,-0.142206,-131.405
1486.9,-0.142205,-131.412
1486.95,-0.142227,-131.419
1487.0,-0.142214,-131.426
1487.05,-0.142225,-131.433
1487.1,-0.14221,-131.44
1487.15,-0.142223,-131.448
1487.2,-0.142214,-131.455
1487.25,-0.142208,-131.462
1487.3,-0.142215,-131.469
1487.35,-0.142198,-131.476
1487.4,-0.142216,-131.483
1487.45,-0.142231,-131.49
1487.5,-0.142229,-131.497
1487.55,-0.142222,-131.504
1487.6,-0.142214,-131.512
1487.65,-0.142214,-131.519
1487.7,-0.142234,-131.526
1487.75,-0.142225,-131.533
1487.8,-0.142235,-131.54
1487.85,-0.142226,-131.547
1487.9,-0.142229,-131.554
1487.95,-0.14223,-131.561
1488.0,-0.142222,-131.568
1488.05,-0.142219,-131.576
1488.1,-0.142227,-131.583
1488.15,-0.142226,-131.59
1488.2,-0.142232,-131.597
1488.25,-0.142232,-131.604
1488.3,-0.142238,-131.611
1488.35,-0.142235,-131.618
1488.4,-0.142224,-131.625
1488.45,-0.14222,-131.632
1488.5,-0.142219,-131.64
1488.55,-0.142223,-131.647
1488.6,-0.142224,-131.654
1488.65,-0.142226,-131.661
1488.7,-0.142217,-131.668
1488.75,-0.142215,-131.675
1488.8,-0.142209,-131.682
1488.85,-0.142218,-131.689
1488.9,-0.142221,-131.696
1488.95,-0.14222,-131.704
1489.0,-0.142221,-131.711
1489.05,-0.14222,-131.718
1489.1,-0.14222,-131.725
1489.15,-0.142223,-131.732
1489.2,-0.142225,-131.739
1489.25,-0.142212,-131.746
1489.3,-0.142229,-131.753
1489.35,-0.142227,-131.76
1489.4,-0.142221,-131.768
1489.45,-0.142228,-131.775
1489.5,-0.14223,-131.782
1489.55,-0.14223,-131.789
1489.6,-0.142253,-131.796
1489.65,-0.142248,-131.803
1489.7,-0.142255,-131.81
1489.75,-0.142242,-131.817
1489.8,-0.142243,-131.824
1489.85,-0.142243,-131.832
1489.9,-0.142252,-131.839
1489.95,-0.142264,-131.846
1490.0,-0.142266,-131.853
1490.05,-0.142264,-131.86
1490.1,-0.142266,-131.867
1490.15,-0.142258,-131.874
1490.2,-0.142248,-131.881
1490.25,-0.142264,-131.888
1490.3,-0.142268,-131.896
1490.35,-0.142259,-131.903
1490.4,-0.142249,-131.91
1490.45,-0.142259,-131.917
1490.5,-0.142259,-131.924
1490.55,-0.142257,-131.931
1490.6,-0.142259,-131.938
1490.65,-0.14225,-131.945
1490.7,-0.142259,-131.952
1490.75,-0.14225,-131.96
1490.8,-0.142258,-131.967
1490.85,-0.142252,-131.974
1490.9,-0.142256,-131.981
1490.95,-0.142258,-131.988
1491.0,-0.142255,-131.995
1491.05,-0.142258,-132.002
1491.1,-0.142241,-132.009
1491.15,-0.14223,-132.017
1491.2,-0.142239,-132.024
1491.25,-0.142245,-132.031
1491.3,-0.142251,-132.038
1491.35,-0.142241,-132.045
1491.4,-0.142242,-132.052
1491.45,-0.142237,-132.059
1491.5,-0.142236,-132.066
1491.55,-0.142225,-132.073
1491.6,-0.142209,-132.081
1491.65,-0.142223,-132.088
1491.7,-0.142217,-132.095
1491.75,-0.142208,-132.102
1491.8,-0.142198,-132.109
1491.85,-0.142195,-132.116
1491.9,-0.142199,-132.123
1491.95,-0.142196,-132.13
1492.0,-0.142201,-132.137
1492.05,-0.142216,-132.145
1492.1,-0.142213,-132.152
1492.15,-0.142205,-132.159
1492.2,-0.142192,-132.166
1492.25,-0.142192,-132.173
1492.3,-0.142193,-132.18
1492.35,-0.142192,-132.187
1492.4,-0.142199,-132.194
1492.45,-0.142204,-132.201
1492.5,-0.142204,-132.208
1492.55,-0.142202,-132.216
1492.6,-0.142194,-132.223
1492.65,-0.1422,-132.23
1492.7,-0.1422,-132.237
1492.75,-0.142199,-132.244
1492.8,-0.142201,-132.251
1492.85,-0.142214,-132.258
1492.9,-0.142191,-132.265
1492.95,-0.142181,-132.272
1493.0,-0.142186,-132.28
1493.05,-0.142182,-132.287
1493.1,-0.142186,-132.294
1493.15,-0.142186,-132.301
1493.2,-0.142187,-132.308
1493.25,-0.1422,-132.315
1493.3,-0.142197,-132.322
1493.35,-0.142206,-132.329
1493.4,-0.14221,-132.336
1493.45,-0.142207,-132.344
1493.5,-0.142208,-132.351
1493.55,-0.1422,-132.358
1493.6,-0.142204,-132.365
1493.65,-0.14219,-132.372
1493.7,-0.142195,-132.379
1493.75,-0.142195,-132.386
1493.8,-0.142194,-132.393
1493.85,-0.142194,-132.4
1493.9,-0.142203,-132.408
1493.95,-0.1422,-132.415
1494.0,-0.142207,-132.422
1494.05,-0.142203,-132.429
1494.1,-0.142214,-132.436
1494.15,-0.142227,-132.443
1494.2,-0.142226,-132.45
1494.25,-0.14222,-132.457
1494.3,-0.142224,-132.464
1494.35,-0.142222,-132.472
1494.4,-0.142213,-132.479
1494.45,-0.142219,-132.486
1494.5,-0.142225,-132.493
1494.55,-0.142218,-132.5
1494.6,-0.142209,-132.507
1494.65,-0.142216,-132.514
1494.7,-0.142222,-132.521
1494.75,-0.142221,-132.528
1494.8,-0.142231,-132.536
1494.85,-0.142223,-132.543
1494.9,-0.142233,-132.55
1494.95,-0.142242,-132.557
1495.0,-0.142237,-132.564
1495.05,-0.14225,-132.571
1495.1,-0.142252,-132.578
1495.15,-0.14226,-132.585
1495.2,-0.142263,-132.592
1495.25,-0.142258,-132.6
1495.3,-0.142269,-132.607
1495.35,-0.142271,-132.614
1495.4,-0.142287,-132.621
1495.45,-0.142284,-132.628
1495.5,-0.142301,-132.635
1495.55,-0.142295,-132.642
1495.6,-0.142299,-132.649
1495.65,-0.142301,-132.656
1495.7,-0.142289,-132.664
1495.75,-0.142293,-132.671
1495.8,-0.142294,-132.678
1495.85,-0.142313,-132.685
1495.9,-0.142314,-132.692
1495.95,-0.142313,-132.699
1496.0,-0.142308,-132.706
1496.05,-0.142323,-132.713
1496.1,-0.142332,-132.721
1496.15,-0.142328,-132.728
1496.2,-0.142338,-132.735
1496.25,-0.142328,-132.742
1496.3,-0.142318,-132.749
1496.35,-0.142325,-132.756
1496.4,-0.142342,-132.763
1496.45,-0.142337,-132.77
1496.5,-0.142338,-132.777
1496.55,-0.142347,-132.785
1496.6,-0.142342,-132.792
1496.65,-0.142354,-132.799
1496.7,-0.14236,-132.806
1496.75,-0.142354,-132.813
1496.8,-0.142359,-132.82
1496.85,-0.142353,-132.827
1496.9,-0.142356,-132.834
1496.95,-0.142353,-132.842
1497.0,-0.142361,-132.849
1497.05,-0.142361,-132.856
1497.1,-0.14236,-132.863
1497.15,-0.142377,-132.87
1497.2,-0.142371,-132.877
1497.25,-0.142377,-132.884
1497.3,-0.142388,-132.891
1497.35,-0.142401,-132.898
1497.4,-0.142411,-132.906
1497.45,-0.142409,-132.913
1497.5,-0.142422,-132.92
1497.55,-0.142431,-132.927
1497.6,-0.142439,-132.934
1497.65,-0.14243,-132.941
1497.7,-0.142431,-132.948
1497.75,-0.142453,-132.955
1497.8,-0.142458,-132.963
1497.85,-0.142449,-132.97
1497.9,-0.142469,-132.977
1497.95,-0.142466,-132.984
1498.0,-0.142475,-132.991
1498.05,-0.142489,-132.998
1498.1,-0.14248,-133.005
1498.15,-0.142474,-133.012
1498.2,-0.142484,-133.02
1498.25,-0.142493,-133.027
1498.3,-0.1425,-133.034
1498.35,-0.142504,-133.041
1498.4,-0.142504,-133.048
1498.45,-0.142497,-133.055
1498.5,-0.142524,-133.062
1498.55,-0.142519,-133.069
1498.6,-0.142526,-133.077
1498.65,-0.14253,-133.084
1498.7,-0.142537,-133.091
1498.75,-0.142549,-133.098
1498.8,-0.142548,-133.105
1498.85,-0.142564,-133.112
1498.9,-0.142571,-133.119
1498.95,-0.142582,-133.126
1499.0,-0.142581,-133.134
1499.05,-0.142592,-133.141
1499.1,-0.142597,-133.148
1499.15,-0.142601,-133.155
1499.2,-0.142592,-133.162
1499.25,-0.142608,-133.169
1499.3,-0.142612,-133.176
1499.35,-0.14262,-133.184
1499.4,-0.142623,-133.191
1499.45,-0.142625,-133.198
1499.5,-0.142624,-133.205
1499.55,-0.142635,-133.212
1499.6,-0.142627,-133.219
1499.65,-0.14263,-133.226
1499.7,-0.142644,-133.233
1499.75,-0.142643,-133.241
1499.8,-0.142646,-133.248
1499.85,-0.142654,-133.255
1499.9,-0.14265,-133.262
1499.95,-0.142655,-133.269
1500.0,-0.142658,-133.276
1500.05,-0.14266,-133.283
1500.1,-0.142672,-133.29
1500.15,-0.142664,-133.298
1500.2,-0.142659,-133.305
1500.25,-0.142678,-133.312
1500.3,-0.14269,-133.319
1500.35,-0.142687,-133.326
1500.4,-0.14269,-133.333
1500.45,-0.142699,-133.34
1500.5,-0.142711,-133.348
1500.55,-0.142696,-133.355
1500.6,-0.142705,-133.362
1500.65,-0.1427,-133.369
1500.7,-0.142712,-133.376
1500.75,-0.142712,-133.383
1500.8,-0.142725,-133.39
1500.85,-0.142731,-133.398
1500.9,-0.142736,-133.405
1500.95,-0.142739,-133.412
1501.0,-0.142745,-133.419
1501.05,-0.142745,-133.426
1501.1,-0.142755,-133.433
1501.15,-0.142747,-133.44
1501.2,-0.142747,-133.447
1501.25,-0.142763,-133.455
1501.3,-0.142776,-133.462
1501.35,-0.142779,-133.469
1501.4,-0.142804,-133.476
1501.45,-0.142828,-133.483
1501.5,-0.142849,-133.49
1501.55,-0.142854,-133.497
1501.6,-0.142866,-133.505
1501.65,-0.14289,-133.512
1501.7,-0.142884,-133.519
1501.75,-0.142906,-133.526
1501.8,-0.142943,-133.533
1501.85,-0.142946,-133.54
1501.9,-0.142947,-133.547
1501.95,-0.142953,-133.555
1502.0,-0.142951,-133.562
1502.05,-0.142955,-133.569
1502.1,-0.142961,-133.576
1502.15,-0.142973,-133.583
1502.2,-0.142972,-133.59
1502.25,-0.142974,-133.598
1502.3,-0.142979,-133.605
1502.35,-0.142971,-133.612
1502.4,-0.142975,-133.619
1502.45,-0.142968,-133.626
1502.5,-0.142971,-133.633
1502.55,-0.142983,-133.64
1502.6,-0.142976,-133.648
1502.65,-0.14298,-133.655
1502.7,-0.142979,-133.662
1502.75,-0.142987,-133.669
1502.8,-0.142988,-133.676
1502.85,-0.143016,-133.683
1502.9,-0.143027,-133.69
1502.95,-0.143033,-133.698
1503.0,-0.143043,-133.705
1503.05,-0.143042,-133.712
1503.1,-0.143039,-133.719
1503.15,-0.143046,-133.726
1503.2,-0.143059,-133.733
1503.25,-0.143055,-133.741
1503.3,-0.143065,-133.748
1503.35,-0.14306,-133.755
1503.4,-0.143066,-133.762
1503.45,-0.14307,-133.769
1503.5,-0.143082,-133.776
1503.55,-0.143083,-133.783
1503.6,-0.143087,-133.791
1503.65,-0.143095,-133.798
1503.7,-0.143099,-133.805
1503.75,-0.143101,-133.812
1503.8,-0.143088,-133.819
1503.85,-0.143111,-133.826
1503.9,-0.143116,-133.834
1503.95,-0.14311,-133.841
1504.0,-0.143132,-133.848
1504.05,-0.143133,-133.855
1504.1,-0.14313,-133.862
1504.15,-0.143129,-133.869
1504.2,-0.143129,-133.876
1504.25,-0.143134,-133.884
1504.3,-0.143148,-133.891
1504.35,-0.143147,-133.898
1504.4,-0.143152,-133.905
1504.45,-0.143155,-133.912
1504.5,-0.143155,-133.919
1504.55,-0.143182,-133.927
1504.6,-0.143191,-133.934
1504.65,-0.143181,-133.941
1504.7,-0.143188,-133.948
1504.75,-0.143205,-133.955
1504.8,-0.143211,-133.962
1504.85,-0.143205,-133.97
1504.9,-0.143208,-133.977
1504.95,-0.143213,-133.984
1505.0,-0.143211,-133.991
1505.05,-0.143216,-133.998
1505.1,-0.14321,-134.005
1505.15,-0.143222,-134.012
1505.2,-0.143213,-134.02
1505.25,-0.143226,-134.027
1505.3,-0.143227,-134.034
1505.35,-0.143223,-134.041
1505.4,-0.14322,-134.048
1505.45,-0.14322,-134.055
1505.5,-0.143233,-134.063
1505.55,-0.143206,-134.07
1505.6,-0.143172,-134.077
1505.65,-0.143178,-134.084
1505.7,-0.143183,-134.091
1505.75,-0.143186,-134.098
1505.8,-0.143184,-134.106
1505.85,-0.143187,-134.113
1505.9,-0.143186,-134.12
1505.95,-0.143195,-134.127
1506.0,-0.143184,-134.134
1506.05,-0.143183,-134.141
1506.1,-0.143196,-134.149
1506.15,-0.143188,-134.156
1506.2,-0.143186,-134.163
1506.25,-0.143177,-134.17
1506.3,-0.143189,-134.177
1506.35,-0.143189,-134.184
1506.4,-0.143187,-134.191
1506.45,-0.143185,-134.199
1506.5,-0.143185,-134.206
1506.55,-0.143184,-134.213
1506.6,-0.143185,-134.22
1506.65,-0.143199,-134.227
1506.7,-0.143179,-134.234
1506.75,-0.143191,-134.242
1506.8,-0.143203,-134.249
1506.85,-0.1432,-134.256
1506.9,-0.143189,-134.263
1506.95,-0.143182,-134.27
1507.0,-0.143187,-134.277
1507.05,-0.143181,-134.285
1507.1,-0.143212,-134.292
1507.15,-0.143556,-134.299
1507.2,-0.143632,-134.306
1507.25,-0.143656,-134.313
1507.3,-0.143692,-134.32
1507.35,-0.143714,-134.328
1507.4,-0.143725,-134.335
1507.45,-0.143748,-134.342
1507.5,-0.143748,-134.349
1507.55,-0.143769,-134.356
1507.6,-0.143791,-134.364
1507.65,-0.143798,-134.371
1507.7,-0.143806,-134.378
1507.75,-0.143815,-134.385
1507.8,-0.143816,-134.392
1507.85,-0.143822,-134.4
1507.9,-0.143826,-134.407
1507.95,-0.143831,-134.414
1508.0,-0.143851,-134.421
1508.05,-0.143864,-134.428
1508.1,-0.143868,-134.435
1508.15,-0.143865,-134.443
1508.2,-0.14387,-134.45
1508.25,-0.143863,-134.457
1508.3,-0.143856,-134.464
1508.35,-0.143868,-134.471
1508.4,-0.143871,-134.479
1508.45,-0.143868,-134.486
1508.5,-0.14386,-134.493
1508.55,-0.143869,-134.5
1508.6,-0.143872,-134.507
1508.65,-0.143869,-134.515
1508.7,-0.143869,-134.522
1508.75,-0.143868,-134.529
1508.8,-0.143867,-134.536
1508.85,-0.143867,-134.543
1508.9,-0.143876,-134.551
1508.95,-0.143872,-134.558
1509.0,-0.143862,-134.565
1509.05,-0.143858,-134.572
1509.1,-0.143853,-134.579
1509.15,-0.14385,-134.587
1509.2,-0.143843,-134.594
1509.25,-0.143838,-134.601
1509.3,-0.143838,-134.608
1509.35,-0.143826,-134.615
1509.4,-0.143833,-134.622
1509.45,-0.143836,-134.63
1509.5,-0.143834,-134.637
1509.55,-0.143842,-134.644
1509.6,-0.143834,-134.651
1509.65,-0.143837,-134.658
1509.7,-0.143825,-134.666
1509.75,-0.143838,-134.673
1509.8,-0.143837,-134.68
1509.85,-0.143841,-134.687
1509.9,-0.14383,-134.694
1509.95,-0.143824,-134.702
1510.0,-0.143835,-134.709
1510.05,-0.143834,-134.716
1510.1,-0.143822,-134.723
1510.15,-0.14383,-134.73
1510.2,-0.143824,-134.738
1510.25,-0.14381,-134.745
1510.3,-0.14381,-134.752
1510.35,-0.143798,-134.759
1510.4,-0.1438,-134.766
1510.45,-0.143782,-134.774
1510.5,-0.143795,-134.781
1510.55,-0.143803,-134.788
1510.6,-0.143814,-134.795
1510.65,-0.143819,-134.802
1510.7,-0.143826,-134.809
1510.75,-0.143823,-134.817
1510.8,-0.143814,-134.824
1510.85,-0.143583,-134.831
1510.9,-0.143572,-134.838
1510.95,-0.143572,-134.845
1511.0,-0.143568,-134.853
1511.05,-0.143568,-134.86
1511.1,-0.143576,-134.867
1511.15,-0.143578,-134.874
1511.2,-0.143606,-134.881
1511.25,-0.143617,-134.888
1511.3,-0.143591,-134.896
1511.35,-0.14359,-134.903
1511.4,-0.143609,-134.91
1511.45,-0.143618,-134.917
1511.5,-0.143609,-134.924
1511.55,-0.143617,-134.932
1511.6,-0.143623,-134.939
1511.65,-0.143636,-134.946
1511.7,-0.14363,-134.953
1511.75,-0.143644,-134.96
1511.8,-0.143652,-134.967
1511.85,-0.143651,-134.975
1511.9,-0.143809,-134.982
1511.95,-0.144029,-134.989
1512.0,-0.144074,-134.996
1512.05,-0.144086,-135.003
1512.1,-0.144087,-135.011
1512.15,-0.144102,-135.018
1512.2,-0.144117,-135.025
1512.25,-0.144128,-135.032
1512.3,-0.144139,-135.039
1512.35,-0.144136,-135.047
1512.4,-0.144138,-135.054
1512.45,-0.144145,-135.061
1512.5,-0.144141,-135.068
1512.55,-0.144146,-135.075
1512.6,-0.144149,-135.083
1512.65,-0.144151,-135.09
1512.7,-0.144142,-135.097
1512.75,-0.144148,-135.104
1512.8,-0.144125,-135.112
1512.85,-0.144133,-135.119
1512.9,-0.144135,-135.126
1512.95,-0.144139,-135.133
1513.0,-0.144134,-135.14
1513.05,-0.144141,-135.148
1513.1,-0.144155,-135.155
1513.15,-0.144144,-135.162
1513.2,-0.144129,-135.169
1513.25,-0.144135,-135.176
1513.3,-0.144131,-135.184
1513.35,-0.144134,-135.191
1513.4,-0.144133,-135.198
1513.45,-0.14417,-135.205
1513.5,-0.144204,-135.212
1513.55,-0.144195,-135.22
1513.6,-0.144181,-135.227
1513.65,-0.144176,-135.234
1513.7,-0.144186,-135.241
1513.75,-0.144186,-135.248
1513.8,-0.144187,-135.256
1513.85,-0.144187,-135.263
1513.9,-0.144179,-135.27
1513.95,-0.144183,-135.277
1514.0,-0.144181,-135.285
1514.05,-0.144186,-135.292
1514.1,-0.144183,-135.299
1514.15,-0.144185,-135.306
1514.2,-0.144177,-135.313
1514.25,-0.144179,-135.321
1514.3,-0.144185,-135.328
1514.35,-0.14419,-135.335
1514.4,-0.144199,-135.342
1514.45,-0.144203,-135.349
1514.5,-0.144194,-135.357
1514.55,-0.144178,-135.364
1514.6,-0.144192,-135.371
1514.65,-0.144193,-135.378
1514.7,-0.144191,-135.385
1514.75,-0.144192,-135.393
1514.8,-0.14419,-135.4
1514.85,-0.144194,-135.407
1514.9,-0.144198,-135.414
1514.95,-0.144195,-135.421
1515.0,-0.14419,-135.429
1515.05,-0.144206,-135.436
1515.1,-0.144206,-135.443
1515.15,-0.144208,-135.45
1515.2,-0.144204,-135.458
1515.25,-0.144212,-135.465
1515.3,-0.14422,-135.472
1515.35,-0.144215,-135.479
1515.4,-0.144211,-135.486
1515.45,-0.144211,-135.494
1515.5,-0.14422,-135.501
1515.55,-0.144219,-135.508
1515.6,-0.144217,-135.515
1515.65,-0.144212,-135.522
1515.7,-0.144227,-135.53
1515.75,-0.144234,-135.537
1515.8,-0.144231,-135.544
1515.85,-0.144228,-135.551
1515.9,-0.14423,-135.559
1515.95,-0.14424,-135.566
1516.0,-0.144229,-135.573
1516.05,-0.144224,-135.58
1516.1,-0.144237,-135.587
1516.15,-0.144245,-135.595
1516.2,-0.14425,-135.602
1516.25,-0.144237,-135.609
1516.3,-0.144241,-135.616
1516.35,-0.144245,-135.623
1516.4,-0.144245,-135.631
1516.45,-0.144256,-135.638
1516.5,-0.144246,-135.645
1516.55,-0.144253,-135.652
1516.6,-0.144251,-135.659
1516.65,-0.144243,-135.667
1516.7,-0.14424,-135.674
1516.75,-0.144252,-135.681
1516.8,-0.14425,-135.688
1516.85,-0.144251,-135.696
1516.9,-0.144256,-135.703
1516.95,-0.144256,-135.71
1517.0,-0.144251,-135.717
1517.05,-0.144265,-135.724
1517.1,-0.144259,-135.732
1517.15,-0.144261,-135.739
1517.2,-0.144277,-135.746
1517.25,-0.144266,-135.753
1517.3,-0.14427,-135.76
1517.35,-0.144279,-135.768
1517.4,-0.144275,-135.775
1517.45,-0.144278,-135.782
1517.5,-0.144285,-135.789
1517.55,-0.144293,-135.797
1517.6,-0.144289,-135.804
1517.65,-0.144282,-135.811
1517.7,-0.144284,-135.818
1517.75,-0.144275,-135.825
1517.8,-0.144282,-135.833
1517.85,-0.144287,-135.84
1517.9,-0.144276,-135.847
1517.95,-0.144281,-135.854
1518.0,-0.144278,-135.861
1518.05,-0.144284,-135.869
1518.1,-0.144291,-135.876
1518.15,-0.144299,-135.883
1518.2,-0.144306,-135.89
1518.25,-0.144299,-135.898
1518.3,-0.144301,-135.905
1518.35,-0.14431,-135.912
1518.4,-0.144304,-135.919
1518.45,-0.144309,-135.926
1518.5,-0.144334,-135.934
1518.55,-0.144338,-135.941
1518.6,-0.144343,-135.948
1518.65,-0.144334,-135.955
1518.7,-0.144328,-135.962
1518.75,-0.144323,-135.97
1518.8,-0.144332,-135.977
1518.85,-0.144341,-135.984
1518.9,-0.144349,-135.991
1518.95,-0.144345,-135.999
1519.0,-0.144351,-136.006
1519.05,-0.144357,-136.013
1519.1,-0.144354,-136.02
1519.15,-0.144349,-136.027
1519.2,-0.144353,-136.035
1519.25,-0.144361,-136.042
1519.3,-0.14437,-136.049
1519.35,-0.144378,-136.056
1519.4,-0.144382,-136.064
1519.45,-0.144399,-136.071
1519.5,-0.144391,-136.078
1519.55,-0.144409,-136.085
1519.6,-0.144427,-136.092
1519.65,-0.144424,-136.1
1519.7,-0.14442,-136.107
1519.75,-0.144433,-136.114
1519.8,-0.144441,-136.121
1519.85,-0.144428,-136.129
1519.9,-0.144434,-136.136
1519.95,-0.144453,-136.143
1520.0,-0.144449,-136.15
1520.05,-0.144457,-136.157
1520.1,-0.144467,-136.165
1520.15,-0.144458,-136.172
1520.2,-0.144463,-136.179
1520.25,-0.144475,-136.186
1520.3,-0.144475,-136.194
1520.35,-0.144477,-136.201
1520.4,-0.144496,-136.208
1520.45,-0.1445,-136.215
1520.5,-0.144488,-136.222
1520.55,-0.144489,-136.23
1520.6,-0.144504,-136.237
1520.65,-0.144488,-136.244
1520.7,-0.144503,-136.251
1520.75,-0.144524,-136.259
1520.8,-0.144521,-136.266
1520.85,-0.144528,-136.273
1520.9,-0.144533,-136.28
1520.95,-0.144538,-136.287
1521.0,-0.144565,-136.295
1521.05,-0.144583,-136.302
1521.1,-0.144579,-136.309
1521.15,-0.144582,-136.316
1521.2,-0.144596,-136.324
1521.25,-0.14461,-136.331
1521.3,-0.144609,-136.338
1521.35,-0.144614,-136.345
1521.4,-0.144626,-136.353
1521.45,-0.144625,-136.36
1521.5,-0.144641,-136.367
1521.55,-0.144638,-136.374
1521.6,-0.144647,-136.381
1521.65,-0.14464,-136.389
1521.7,-0.144648,-136.396
1521.75,-0.144665,-136.403
1521.8,-0.144668,-136.41
1521.85,-0.144675,-136.418
1521.9,-0.144668,-136.425
1521.95,-0.14468,-136.432
1522.0,-0.144679,-136.439
1522.05,-0.144686,-136.447
1522.1,-0.144695,-136.454
1522.15,-0.144711,-136.461
1522.2,-0.144717,-136.468
1522.25,-0.144709,-136.475
1522.3,-0.144715,-136.483
1522.35,-0.14471,-136.49
1522.4,-0.144716,-136.497
1522.45,-0.144721,-136.504
1522.5,-0.144728,-136.512
1522.55,-0.144727,-136.519
1522.6,-0.14472,-136.526
1522.65,-0.144724,-136.533
1522.7,-0.144727,-136.541
1522.75,-0.144741,-136.548
1522.8,-0.144754,-136.555
1522.85,-0.144753,-136.562
1522.9,-0.144757,-136.57
1522.95,-0.144755,-136.577
1523.0,-0.144749,-136.584
1523.05,-0.144757,-136.591
1523.1,-0.14478,-136.599
1523.15,-0.144766,-136.606
1523.2,-0.144759,-136.613
1523.25,-0.144765,-136.62
1523.3,-0.144766,-136.627
1523.35,-0.144773,-136.635
1523.4,-0.144773,-136.642
1523.45,-0.144762,-136.649
1523.5,-0.144777,-136.656
1523.55,-0.144768,-136.664
1523.6,-0.144776,-136.671
1523.65,-0.144769,-136.678
1523.7,-0.144768,-136.685
1523.75,-0.144784,-136.693
1523.8,-0.144792,-136.7
1523.85,-0.144779,-136.707
1523.9,-0.144775,-136.714
1523.95,-0.144785,-136.722
1524.0,-0.144785,-136.729
1524.05,-0.144791,-136.736
1524.1,-0.144796,-136.743
1524.15,-0.144799,-136.751
1524.2,-0.144808,-136.758
1524.25,-0.144815,-136.765
1524.3,-0.144806,-136.772
1524.35,-0.144808,-136.779
1524.4,-0.144797,-136.787
1524.45,-0.144789,-136.794
1524.5,-0.144811,-136.801
1524.55,-0.144818,-136.808
1524.6,-0.144812,-136.816
1524.65,-0.144826,-136.823
1524.7,-0.144836,-136.83
1524.75,-0.144825,-136.837
1524.8,-0.144845,-136.845
1524.85,-0.14484,-136.852
1524.9,-0.144852,-136.859
1524.95,-0.144855,-136.866
1525.0,-0.144867,-136.874
1525.05,-0.144867,-136.881
1525.1,-0.144874,-136.888
1525.15,-0.144887,-136.895
1525.2,-0.144892,-136.903
1525.25,-0.14489,-136.91
1525.3,-0.144916,-136.917
1525.35,-0.144893,-136.924
1525.4,-0.144911,-136.932
1525.45,-0.144916,-136.939
1525.5,-0.144921,-136.946
1525.55,-0.144923,-136.953
1525.6,-0.144918,-136.961
1525.65,-0.144936,-136.968
1525.7,-0.144941,-136.975
1525.75,-0.144932,-136.982
1525.8,-0.14495,-136.99
1525.85,-0.144942,-136.997
1525.9,-0.14494,-137.004
1525.95,-0.144941,-137.011
1526.0,-0.144941,-137.019
1526.05,-0.14493,-137.026
1526.1,-0.144931,-137.033
1526.15,-0.144932,-137.04
1526.2,-0.144931,-137.048
1526.25,-0.144947,-137.055
1526.3,-0.144936,-137.062
1526.35,-0.144941,-137.069
1526.4,-0.144949,-137.077
1526.45,-0.144951,-137.084
1526.5,-0.14494,-137.091
1526.55,-0.144938,-137.098
1526.6,-0.144957,-137.105
1526.65,-0.144973,-137.113
1526.7,-0.144967,-137.12
1526.75,-0.144969,-137.127
1526.8,-0.144971,-137.134
1526.85,-0.144971,-137.142
1526.9,-0.144979,-137.149
1526.95,-0.144978,-137.156
1527.0,-0.144979,-137.163
1527.05,-0.144979,-137.171
1527.1,-0.14498,-137.178
1527.15,-0.144965,-137.185
1527.2,-0.144972,-137.192
1527.25,-0.144966,-137.2
1527.3,-0.144966,-137.207
1527.35,-0.144969,-137.214
1527.4,-0.144968,-137.221
1527.45,-0.144959,-137.229
1527.5,-0.144967,-137.236
1527.55,-0.144974,-137.243
1527.6,-0.144977,-137.25
1527.65,-0.144993,-137.258
1527.7,-0.145007,-137.265
1527.75,-0.144988,-137.272
1527.8,-0.144984,-137.279
1527.85,-0.144987,-137.287
1527.9,-0.144988,-137.294
1527.95,-0.145,-137.301
1528.0,-0.144992,-137.308
1528.05,-0.144997,-137.316
1528.1,-0.144994,-137.323
1528.15,-0.144978,-137.33
1528.2,-0.144987,-137.337
1528.25,-0.144994,-137.345
1528.3,-0.145004,-137.352
1528.35,-0.145016,-137.359
1528.4,-0.14501,-137.366
1528.45,-0.145008,-137.374
1528.5,-0.145009,-137.381
1528.55,-0.145011,-137.388
1528.6,-0.145025,-137.395
1528.65,-0.145024,-137.403
1528.7,-0.145019,-137.41
1528.75,-0.145029,-137.417
1528.8,-0.145031,-137.424
1528.85,-0.145025,-137.432
1528.9,-0.14503,-137.439
1528.95,-0.145032,-137.446
1529.0,-0.14503,-137.453
1529.05,-0.145044,-137.461
1529.1,-0.145053,-137.468
1529.15,-0.145066,-137.475
1529.2,-0.145059,-137.482
1529.25,-0.145049,-137.49
1529.3,-0.145041,-137.497
1529.35,-0.145042,-137.504
1529.4,-0.145058,-137.512
1529.45,-0.145044,-137.519
1529.5,-0.14505,-137.526
1529.55,-0.145041,-137.533
1529.6,-0.145055,-137.541
1529.65,-0.145041,-137.548
1529.7,-0.145058,-137.555
1529.75,-0.145056,-137.562
1529.8,-0.145071,-137.57
1529.85,-0.145071,-137.577
1529.9,-0.145063,-137.584
1529.95,-0.145056,-137.591
1530.0,-0.14507,-137.599
1530.05,-0.145071,-137.606
1530.1,-0.145058,-137.613
1530.15,-0.145057,-137.62
1530.2,-0.14506,-137.628
1530.25,-0.145045,-137.635
1530.3,-0.145064,-137.642
1530.35,-0.145062,-137.649
1530.4,-0.145063,-137.657
1530.45,-0.145071,-137.664
1530.5,-0.145057,-137.671
1530.55,-0.145063,-137.678
1530.6,-0.145053,-137.686
1530.65,-0.14505,-137.693
1530.7,-0.145052,-137.7
1530.75,-0.145062,-137.707
1530.8,-0.14505,-137.715
1530.85,-0.145051,-137.722
1530.9,-0.145055,-137.729
1530.95,-0.145059,-137.736
1531.0,-0.145075,-137.744
1531.05,-0.145066,-137.751
1531.1,-0.145066,-137.758
1531.15,-0.145074,-137.765
1531.2,-0.145067,-137.773
1531.25,-0.145063,-137.78
1531.3,-0.145065,-137.787
1531.35,-0.145066,-137.794
1531.4,-0.145061,-137.802
1531.45,-0.145051,-137.809
1531.5,-0.145064,-137.816
1531.55,-0.145059,-137.823
1531.6,-0.145061,-137.831
1531.65,-0.14505,-137.838
1531.7,-0.145069,-137.845
1531.75,-0.145063,-137.852
1531.8,-0.145063,-137.86
1531.85,-0.145058,-137.867
1531.9,-0.145065,-137.874
1531.95,-0.145067,-137.881
1532.0,-0.145069,-137.889
1532.05,-0.145068,-137.896
1532.1,-0.145071,-137.903
1532.15,-0.145086,-137.91
1532.2,-0.145089,-137.918
1532.25,-0.145095,-137.925
1532.3,-0.1451,-137.932
1532.35,-0.145086,-137.939
1532.4,-0.145086,-137.947
1532.45,-0.145128,-137.954
1532.5,-0.145127,-137.961
1532.55,-0.145131,-137.968
1532.6,-0.14515,-137.976
1532.65,-0.145155,-137.983
1532.7,-0.14515,-137.99
1532.75,-0.145167,-137.997
1532.8,-0.145186,-138.005
1532.85,-0.145186,-138.012
1532.9,-0.14522,-138.019
1532.95,-0.145231,-138.027
1533.0,-0.145239,-138.034
1533.05,-0.145248,-138.041
1533.1,-0.145246,-138.048
1533.15,-0.145264,-138.056
1533.2,-0.145257,-138.063
1533.25,-0.145283,-138.07
1533.3,-0.145272,-138.077
1533.35,-0.145274,-138.085
1533.4,-0.145278,-138.092
1533.45,-0.145294,-138.099
1533.5,-0.145293,-138.106
1533.55,-0.145296,-138.114
1533.6,-0.145296,-138.121
1533.65,-0.145299,-138.128
1533.7,-0.145303,-138.135
1533.75,-0.145296,-138.143
1533.8,-0.145285,-138.15
1533.85,-0.145275,-138.157
1533.9,-0.145278,-138.165
1533.95,-0.145285,-138.172
1534.0,-0.145277,-138.179
1534.05,-0.145298,-138.186
1534.1,-0.145279,-138.194
1534.15,-0.145271,-138.201
1534.2,-0.145262,-138.208
1534.25,-0.145277,-138.215
1534.3,-0.145279,-138.223
1534.35,-0.145281,-138.23
1534.4,-0.145276,-138.237
1534.45,-0.145282,-138.244
1534.5,-0.145273,-138.252
1534.55,-0.14528,-138.259
1534.6,-0.145297,-138.266
1534.65,-0.145305,-138.274
1534.7,-0.145305,-138.281
1534.75,-0.145294,-138.288
1534.8,-0.145306,-138.295
1534.85,-0.145291,-138.303
1534.9,-0.145305,-138.31
1534.95,-0.145305,-138.317
1535.0,-0.145291,-138.324
1535.05,-0.145288,-138.332
1535.1,-0.145296,-138.339
1535.15,-0.145294,-138.346
1535.2,-0.145296,-138.353
1535.25,-0.145302,-138.361
1535.3,-0.145303,-138.368
1535.35,-0.145316,-138.375
1535.4,-0.145333,-138.382
1535.45,-0.145337,-138.39
1535.5,-0.145325,-138.397
1535.55,-0.145311,-138.404
1535.6,-0.145311,-138.412
1535.65,-0.145331,-138.419
1535.7,-0.145325,-138.426
1535.75,-0.145312,-138.433
1535.8,-0.145331,-138.441
1535.85,-0.145333,-138.448
1535.9,-0.145337,-138.455
1535.95,-0.145353,-138.462
1536.0,-0.145351,-138.47
1536.05,-0.145362,-138.477
1536.1,-0.145376,-138.484
1536.15,-0.145385,-138.491
1536.2,-0.145385,-138.499
1536.25,-0.145401,-138.506
1536.3,-0.145398,-138.513
1536.35,-0.145412,-138.521
1536.4,-0.145415,-138.528
1536.45,-0.145422,-138.535
1536.5,-0.145432,-138.542
1536.55,-0.14543,-138.55
1536.6,-0.14543,-138.557
1536.65,-0.145439,-138.564
1536.7,-0.145449,-138.571
1536.75,-0.145456,-138.579
1536.8,-0.145482,-138.586
1536.85,-0.145503,-138.593
1536.9,-0.145501,-138.601
1536.95,-0.145509,-138.608
1537.0,-0.145521,-138.615
1537.05,-0.14554,-138.622
1537.1,-0.145553,-138.63
1537.15,-0.145547,-138.637
1537.2,-0.145543,-138.644
1537.25,-0.14553,-138.652
1537.3,-0.145539,-138.659
1537.35,-0.145539,-138.666
1537.4,-0.145552,-138.673
1537.45,-0.14556,-138.681
1537.5,-0.145574,-138.688
1537.55,-0.145591,-138.695
1537.6,-0.145564,-138.702
1537.65,-0.145563,-138.71
1537.7,-0.145572,-138.717
1537.75,-0.145583,-138.724
1537.8,-0.145581,-138.732
1537.85,-0.145596,-138.739
1537.9,-0.145609,-138.746
1537.95,-0.145589,-138.753
1538.0,-0.145592,-138.761
1538.05,-0.145607,-138.768
1538.1,-0.145605,-138.775
1538.15,-0.145619,-138.783
1538.2,-0.145616,-138.79
1538.25,-0.145633,-138.797
1538.3,-0.145635,-138.804
1538.35,-0.145622,-138.812
1538.4,-0.14563,-138.819
1538.45,-0.145646,-138.826
1538.5,-0.145625,-138.833
1538.55,-0.145639,-138.841
1538.6,-0.145653,-138.848
1538.65,-0.145638,-138.855
1538.7,-0.14564,-138.863
1538.75,-0.145634,-138.87
1538.8,-0.145662,-138.877
1538.85,-0.145668,-138.884
1538.9,-0.145673,-138.892
1538.95,-0.145673,-138.899
1539.0,-0.145685,-138.906
1539.05,-0.14568,-138.914
1539.1,-0.145683,-138.921
1539.15,-0.145677,-138.928
1539.2,-0.145695,-138.935
1539.25,-0.14569,-138.943
1539.3,-0.145691,-138.95
1539.35,-0.145695,-138.957
1539.4,-0.14571,-138.965
1539.45,-0.145708,-138.972
1539.5,-0.14571,-138.979
1539.55,-0.145707,-138.986
1539.6,-0.145722,-138.994
1539.65,-0.145731,-139.001
1539.7,-0.145714,-139.008
1539.75,-0.145722,-139.016
1539.8,-0.145731,-139.023
1539.85,-0.145735,-139.03
1539.9,-0.145737,-139.037
1539.95,-0.145733,-139.045
1540.0,-0.145742,-139.052
1540.05,-0.145742,-139.059
1540.1,-0.14575,-139.067
1540.15,-0.14575,-139.074
1540.2,-0.145758,-139.081
1540.25,-0.145754,-139.088
1540.3,-0.145745,-139.096
1540.35,-0.145752,-139.103
1540.4,-0.145745,-139.11
1540.45,-0.145746,-139.118
1540.5,-0.145761,-139.125
1540.55,-0.14575,-139.132
1540.6,-0.145743,-139.139
1540.65,-0.145746,-139.147
1540.7,-0.145753,-139.154
1540.75,-0.14575,-139.161
1540.8,-0.145748,-139.169
1540.85,-0.145754,-139.176
1540.9,-0.145744,-139.183
1540.95,-0.145752,-139.191
1541.0,-0.145743,-139.198
1541.05,-0.145765,-139.205
1541.1,-0.145744,-139.212
1541.15,-0.145768,-139.22
1541.2,-0.145761,-139.227
1541.25,-0.145763,-139.234
1541.3,-0.145776,-139.242
1541.35,-0.145775,-139.249
1541.4,-0.145769,-139.256
1541.45,-0.145771,-139.263
1541.5,-0.145779,-139.271
1541.55,-0.14578,-139.278
1541.6,-0.145777,-139.285
1541.65,-0.145778,-139.293
1541.7,-0.145787,-139.3
1541.75,-0.145782,-139.307
1541.8,-0.145787,-139.314
1541.85,-0.145797,-139.322
1541.9,-0.145799,-139.329
1541.95,-0.145795,-139.336
1542.0,-0.145801,-139.344
1542.05,-0.1458,-139.351
1542.1,-0.145811,-139.358
1542.15,-0.145806,-139.365
1542.2,-0.145806,-139.373
1542.25,-0.145814,-139.38
1542.3,-0.145814,-139.387
1542.35,-0.145824,-139.395
1542.4,-0.145821,-139.402
1542.45,-0.145835,-139.409
1542.5,-0.145823,-139.416
1542.55,-0.145827,-139.424
1542.6,-0.145827,-139.431
1542.65,-0.145833,-139.438
1542.7,-0.145843,-139.446
1542.75,-0.145834,-139.453
1542.8,-0.145834,-139.46
1542.85,-0.145838,-139.468
1542.9,-0.145846,-139.475
1542.95,-0.145853,-139.482
1543.0,-0.145852,-139.489
1543.05,-0.145852,-139.497
1543.1,-0.145855,-139.504
1543.15,-0.145865,-139.511
1543.2,-0.145857,-139.519
1543.25,-0.145857,-139.526
1543.3,-0.145848,-139.533
1543.35,-0.145851,-139.54
1543.4,-0.145854,-139.548
1543.45,-0.145853,-139.555
1543.5,-0.14585,-139.562
1543.55,-0.145833,-139.57
1543.6,-0.145845,-139.577
1543.65,-0.145842,-139.584
1543.7,-0.145852,-139.591
1543.75,-0.145864,-139.599
1543.8,-0.145852,-139.606
1543.85,-0.14586,-139.613
1543.9,-0.145859,-139.621
1543.95,-0.145851,-139.628
1544.0,-0.145867,-139.635
1544.05,-0.145879,-139.643
1544.1,-0.145878,-139.65
1544.15,-0.145885,-139.657
1544.2,-0.145889,-139.664
1544.25,-0.145886,-139.672
1544.3,-0.145898,-139.679
1544.35,-0.145897,-139.686
1544.4,-0.145911,-139.694
1544.45,-0.145915,-139.701
1544.5,-0.145919,-139.708
1544.55,-0.145909,-139.715
1544.6,-0.145914,-139.723
1544.65,-0.145915,-139.73
1544.7,-0.145912,-139.737
1544.75,-0.14591,-139.745
1544.8,-0.145914,-139.752
1544.85,-0.145923,-139.759
1544.9,-0.145922,-139.767
1544.95,-0.145915,-139.774
1545.0,-0.145917,-139.781
1545.05,-0.145918,-139.788
1545.1,-0.145916,-139.796
1545.15,-0.145922,-139.803
1545.2,-0.145923,-139.81
1545.25,-0.14592,-139.818
1545.3,-0.145909,-139.825
1545.35,-0.145911,-139.832
1545.4,-0.145916,-139.84
1545.45,-0.14592,-139.847
1545.5,-0.14593,-139.854
1545.55,-0.145922,-139.861
1545.6,-0.145923,-139.869
1545.65,-0.145913,-139.876
1545.7,-0.145919,-139.883
1545.75,-0.145931,-139.891
1545.8,-0.145939,-139.898
1545.85,-0.145928,-139.905
1545.9,-0.145938,-139.912
1545.95,-0.145937,-139.92
1546.0,-0.145949,-139.927
1546.05,-0.145951,-139.934
1546.1,-0.145951,-139.942
1546.15,-0.145953,-139.949
1546.2,-0.145963,-139.956
1546.25,-0.145963,-139.964
1546.3,-0.14596,-139.971
1546.35,-0.145974,-139.978
1546.4,-0.145988,-139.985
1546.45,-0.145981,-139.993
1546.5,-0.145991,-140.0
1546.55,-0.145986,-140.007
1546.6,-0.145987,-140.015
1546.65,-0.145998,-140.022
1546.7,-0.146004,-140.029
1546.75,-0.145998,-140.037
1546.8,-0.146004,-140.044
1546.85,-0.146014,-140.051
1546.9,-0.146018,-140.058
1546.95,-0.146023,-140.066
1547.0,-0.146025,-140.073
1547.05,-0.146021,-140.08
1547.1,-0.146019,-140.088
1547.15,-0.146015,-140.095
1547.2,-0.146024,-140.102
1547.25,-0.146022,-140.11
1547.3,-0.146016,-140.117
1547.35,-0.146013,-140.124
1547.4,-0.146004,-140.131
1547.45,-0.146009,-140.139
1547.5,-0.146015,-140.146
1547.55,-0.146032,-140.153
1547.6,-0.146035,-140.161
1547.65,-0.146042,-140.168
1547.7,-0.146033,-140.175
1547.75,-0.146033,-140.183
1547.8,-0.146039,-140.19
1547.85,-0.146043,-140.197
1547.9,-0.146045,-140.204
1547.95,-0.146037,-140.212
1548.0,-0.146031,-140.219
1548.05,-0.146033,-140.226
1548.1,-0.146032,-140.234
1548.15,-0.146021,-140.241
1548.2,-0.146033,-140.248
1548.25,-0.146031,-140.256
1548.3,-0.146029,-140.263
1548.35,-0.146032,-140.27
1548.4,-0.146038,-140.277
1548.45,-0.146049,-140.285
1548.5,-0.146043,-140.292
1548.55,-0.146053,-140.299
1548.6,-0.146068,-140.307
1548.65,-0.146072,-140.314
1548.7,-0.14609,-140.321
1548.75,-0.14611,-140.329
1548.8,-0.146101,-140.336
1548.85,-0.146112,-140.343
1548.9,-0.146106,-140.351
1548.95,-0.146124,-140.358
1549.0,-0.146126,-140.365
1549.05,-0.146118,-140.372
1549.1,-0.146121,-140.38
1549.15,-0.146124,-140.387
1549.2,-0.146115,-140.394
1549.25,-0.146119,-140.402
1549.3,-0.146126,-140.409
1549.35,-0.146147,-140.416
1549.4,-0.146131,-140.424
1549.45,-0.14614,-140.431
1549.5,-0.146133,-140.438
1549.55,-0.146142,-140.446
1549.6,-0.146137,-140.453
1549.65,-0.14615,-140.46
1549.7,-0.146163,-140.467
1549.75,-0.146158,-140.475
1549.8,-0.146164,-140.482
1549.85,-0.146158,-140.489
1549.9,-0.14616,-140.497
1549.95,-0.146172,-140.504
1550.0,-0.146154,-140.511
1550.05,-0.146161,-140.519
1550.1,-0.146164,-140.526
1550.15,-0.146164,-140.533
1550.2,-0.14616,-140.541
1550.25,-0.146162,-140.548
1550.3,-0.146169,-140.555
1550.35,-0.146172,-140.562
1550.4,-0.146168,-140.57
1550.45,-0.146164,-140.577
1550.5,-0.146175,-140.584
1550.55,-0.146171,-140.592
1550.6,-0.146175,-140.599
1550.65,-0.146169,-140.606
1550.7,-0.146157,-140.614
1550.75,-0.146156,-140.621
1550.8,-0.146167,-140.628
1550.85,-0.146176,-140.636
1550.9,-0.146169,-140.643
1550.95,-0.146171,-140.65
1551.0,-0.14617,-140.657
1551.05,-0.146179,-140.665
1551.1,-0.146175,-140.672
1551.15,-0.146177,-140.679
1551.2,-0.146173,-140.687
1551.25,-0.146183,-140.694
1551.3,-0.146179,-140.701
1551.35,-0.146184,-140.709
1551.4,-0.146199,-140.716
1551.45,-0.146193,-140.723
1551.5,-0.14625,-140.731
1551.55,-0.146269,-140.738
1551.6,-0.14626,-140.745
1551.65,-0.146249,-140.753
1551.7,-0.146247,-140.76
1551.75,-0.146268,-140.767
1551.8,-0.146265,-140.774
1551.85,-0.146265,-140.782
1551.9,-0.146263,-140.789
1551.95,-0.146253,-140.796
1552.0,-0.146257,-140.804
1552.05,-0.146255,-140.811
1552.1,-0.146276,-140.818
1552.15,-0.14627,-140.826
1552.2,-0.146262,-140.833
1552.25,-0.146262,-140.84
1552.3,-0.146256,-140.848
1552.35,-0.146267,-140.855
1552.4,-0.146261,-140.862
1552.45,-0.146259,-140.87
1552.5,-0.146272,-140.877
1552.55,-0.146268,-140.884
1552.6,-0.146259,-140.891
1552.65,-0.146264,-140.899
1552.7,-0.146259,-140.906
1552.75,-0.146268,-140.913
1552.8,-0.146267,-140.921
1552.85,-0.14626,-140.928
1552.9,-0.146265,-140.935
1552.95,-0.146277,-140.943
1553.0,-0.146277,-140.95
1553.05,-0.146282,-140.957
1553.1,-0.146285,-140.965
1553.15,-0.146287,-140.972
1553.2,-0.146286,-140.979
1553.25,-0.146288,-140.987
1553.3,-0.146289,-140.994
1553.35,-0.146311,-141.001
1553.4,-0.146298,-141.008
1553.45,-0.146286,-141.016
1553.5,-0.146314,-141.023
1553.55,-0.146304,-141.03
1553.6,-0.146311,-141.038
1553.65,-0.146305,-141.045
1553.7,-0.146312,-141.052
1553.75,-0.146327,-141.06
1553.8,-0.146332,-141.067
1553.85,-0.146337,-141.074
1553.9,-0.146357,-141.082
1553.95,-0.146355,-141.089
1554.0,-0.146353,-141.096
1554.05,-0.146358,-141.104
1554.1,-0.14637,-141.111
1554.15,-0.146353,-141.118
1554.2,-0.146367,-141.126
1554.25,-0.146368,-141.133
1554.3,-0.146379,-141.14
1554.35,-0.146375,-141.147
1554.4,-0.14638,-141.155
1554.45,-0.146403,-141.162
1554.5,-0.146407,-141.169
1554.55,-0.146392,-141.177
1554.6,-0.146397,-141.184
1554.65,-0.1464,-141.191
1554.7,-0.146406,-141.199
1554.75,-0.146403,-141.206
1554.8,-0.146408,-141.213
1554.85,-0.1464,-141.221
1554.9,-0.146396,-141.228
1554.95,-0.146397,-141.235
1555.0,-0.146404,-141.243
1555.05,-0.146404,-141.25
1555.1,-0.146401,-141.257
1555.15,-0.146414,-141.265
1555.2,-0.146412,-141.272
1555.25,-0.146432,-141.279
1555.3,-0.14643,-141.287
1555.35,-0.146438,-141.294
1555.4,-0.146443,-141.301
1555.45,-0.146443,-141.309
1555.5,-0.146441,-141.316
1555.55,-0.146448,-141.323
1555.6,-0.146457,-141.331
1555.65,-0.146464,-141.338
1555.7,-0.146474,-141.345
1555.75,-0.146472,-141.352
1555.8,-0.146469,-141.36
1555.85,-0.146473,-141.367
1555.9,-0.146475,-141.374
1555.95,-0.146493,-141.382
1556.0,-0.146499,-141.389
1556.05,-0.1465,-141.396
1556.1,-0.146509,-141.404
1556.15,-0.1465,-141.411
1556.2,-0.146513,-141.418
1556.25,-0.146499,-141.426
1556.3,-0.146521,-141.433
1556.35,-0.146517,-141.44
1556.4,-0.146517,-141.448
1556.45,-0.146516,-141.455
1556.5,-0.146524,-141.462
1556.55,-0.146515,-141.47
1556.6,-0.146516,-141.477
1556.65,-0.14653,-141.484
1556.7,-0.146532,-141.492
1556.75,-0.146531,-141.499
1556.8,-0.146531,-141.506
1556.85,-0.146528,-141.514
1556.9,-0.14653,-141.521
1556.95,-0.146528,-141.528
1557.0,-0.14653,-141.536
1557.05,-0.146545,-141.543
1557.1,-0.146541,-141.55
1557.15,-0.146544,-141.558
1557.2,-0.146549,-141.565
1557.25,-0.146548,-141.572
1557.3,-0.146534,-141.58
1557.35,-0.146549,-141.587
1557.4,-0.146551,-141.594
1557.45,-0.146552,-141.602
1557.5,-0.146547,-141.609
1557.55,-0.146542,-141.616
1557.6,-0.14655,-141.624
1557.65,-0.146559,-141.631
1557.7,-0.146558,-141.638
1557.75,-0.146567,-141.646
1557.8,-0.146552,-141.653
1557.85,-0.146556,-141.66
1557.9,-0.146558,-141.668
1557.95,-0.146552,-141.675
1558.0,-0.146548,-141.682
1558.05,-0.146553,-141.689
1558.1,-0.146555,-141.697
1558.15,-0.146572,-141.704
1558.2,-0.146565,-141.711
1558.25,-0.14656,-141.719
1558.3,-0.146552,-141.726
1558.35,-0.146557,-141.733
1558.4,-0.146568,-141.741
1558.45,-0.146571,-141.748
1558.5,-0.146571,-141.755
1558.55,-0.146565,-141.763
1558.6,-0.146572,-141.77
1558.65,-0.146577,-141.777
1558.7,-0.146582,-141.785
1558.75,-0.146592,-141.792
1558.8,-0.14659,-141.799
1558.85,-0.14658,-141.807
1558.9,-0.146586,-141.814
1558.95,-0.146573,-141.821
1559.0,-0.146578,-141.829
1559.05,-0.146582,-141.836
1559.1,-0.146589,-141.843
1559.15,-0.14659,-141.851
1559.2,-0.146596,-141.858
1559.25,-0.146602,-141.865
1559.3,-0.146596,-141.873
1559.35,-0.146604,-141.88
1559.4,-0.1466,-141.887
1559.45,-0.146612,-141.895
1559.5,-0.146617,-141.902
1559.55,-0.146617,-141.909
1559.6,-0.146614,-141.917
1559.65,-0.146623,-141.924
1559.7,-0.146619,-141.931
1559.75,-0.14662,-141.939
1559.8,-0.146618,-141.946
1559.85,-0.146628,-141.953
1559.9,-0.146628,-141.961
1559.95,-0.146632,-141.968
1560.0,-0.146632,-141.975
1560.05,-0.146624,-141.983
1560.1,-0.146628,-141.99
1560.15,-0.146638,-141.997
1560.2,-0.146641,-142.005
1560.25,-0.14665,-142.012
1560.3,-0.146657,-142.019
1560.35,-0.14665,-142.027
1560.4,-0.146653,-142.034
1560.45,-0.146649,-142.041
1560.5,-0.146651,-142.049
1560.55,-0.146645,-142.056
1560.6,-0.146648,-142.063
1560.65,-0.14665,-142.071
1560.7,-0.146649,-142.078
1560.75,-0.146651,-142.085
1560.8,-0.146653,-142.093
1560.85,-0.146666,-142.1
1560.9,-0.146668,-142.107
1560.95,-0.146662,-142.115
1561.0,-0.146664,-142.122
1561.05,-0.146667,-142.129
1561.1,-0.146664,-142.137
1561.15,-0.146676,-142.144
1561.2,-0.146691,-142.151
1561.25,-0.146677,-142.159
1561.3,-0.146684,-142.166
1561.35,-0.146686,-142.173
1561.4,-0.146694,-142.181
1561.45,-0.146678,-142.188
1561.5,-0.14669,-142.195
1561.55,-0.146688,-142.203
1561.6,-0.146688,-142.21
1561.65,-0.146693,-142.217
1561.7,-0.146684,-142.225
1561.75,-0.146676,-142.232
1561.8,-0.146669,-142.239
1561.85,-0.146666,-142.247
1561.9,-0.146672,-142.254
1561.95,-0.146689,-142.261
1562.0,-0.146687,-142.269
1562.05,-0.146687,-142.276
1562.1,-0.146685,-142.283
1562.15,-0.146694,-142.291
1562.2,-0.146708,-142.298
1562.25,-0.146702,-142.305
1562.3,-0.146697,-142.313
1562.35,-0.146702,-142.32
1562.4,-0.146686,-142.327
1562.45,-0.146688,-142.335
1562.5,-0.146692,-142.342
1562.55,-0.146692,-142.349
1562.6,-0.146702,-142.357
1562.65,-0.146701,-142.364
1562.7,-0.146704,-142.371
1562.75,-0.146697,-142.379
1562.8,-0.146704,-142.386
1562.85,-0.14671,-142.393
1562.9,-0.146724,-142.401
1562.95,-0.146716,-142.408
1563.0,-0.146719,-142.415
1563.05,-0.146713,-142.423
1563.1,-0.146706,-142.43
1563.15,-0.146709,-142.437
1563.2,-0.146712,-142.445
1563.25,-0.146714,-142.452
1563.3,-0.146718,-142.459
1563.35,-0.14672,-142.467
1563.4,-0.146725,-142.474
1563.45,-0.146728,-142.481
1563.5,-0.14672,-142.489
1563.55,-0.146714,-142.496
1563.6,-0.146732,-142.503
1563.65,-0.146738,-142.511
1563.7,-0.146739,-142.518
1563.75,-0.146763,-142.525
1563.8,-0.14678,-142.533
1563.85,-0.146784,-142.54
1563.9,-0.146777,-142.547
1563.95,-0.146777,-142.555
1564.0,-0.146791,-142.562
1564.05,-0.146797,-142.569
1564.1,-0.146783,-142.577
1564.15,-0.146789,-142.584
1564.2,-0.146781,-142.591
1564.25,-0.146784,-142.599
1564.3,-0.146797,-142.606
1564.35,-0.146805,-142.613
1564.4,-0.146803,-142.621
1564.45,-0.146815,-142.628
1564.5,-0.146803,-142.636
1564.55,-0.146824,-142.643
1564.6,-0.146832,-142.65
1564.65,-0.146827,-142.658
1564.7,-0.146839,-142.665
1564.75,-0.146862,-142.672
1564.8,-0.146862,-142.68
1564.85,-0.146865,-142.687
1564.9,-0.146883,-142.694
1564.95,-0.146892,-142.702
1565.0,-0.146897,-142.709
1565.05,-0.146911,-142.716
1565.1,-0.146901,-142.724
1565.15,-0.146919,-142.731
1565.2,-0.146909,-142.738
1565.25,-0.146916,-142.746
1565.3,-0.146932,-142.753
1565.35,-0.146927,-142.76
1565.4,-0.146934,-142.768
1565.45,-0.146948,-142.775
1565.5,-0.146936,-142.782
1565.55,-0.146932,-142.79
1565.6,-0.146938,-142.797
1565.65,-0.146932,-142.804
1565.7,-0.146938,-142.812
1565.75,-0.146949,-142.819
1565.8,-0.14694,-142.826
1565.85,-0.14694,-142.834
1565.9,-0.146947,-142.841
1565.95,-0.146942,-142.849
1566.0,-0.146944,-142.856
1566.05,-0.146937,-142.863
1566.1,-0.146945,-142.871
1566.15,-0.146951,-142.878
1566.2,-0.146953,-142.885
1566.25,-0.146949,-142.893
1566.3,-0.146939,-142.9
1566.35,-0.146941,-142.907
1566.4,-0.146935,-142.915
1566.45,-0.14694,-142.922
1566.5,-0.14695,-142.929
1566.55,-0.146954,-142.937
1566.6,-0.146947,-142.944
1566.65,-0.146962,-142.951
1566.7,-0.146954,-142.959
1566.75,-0.146967,-142.966
1566.8,-0.146954,-142.973
1566.85,-0.146969,-142.981
1566.9,-0.146959,-142.988
1566.95,-0.14696,-142.995
1567.0,-0.146973,-143.003
1567.05,-0.146958,-143.01
1567.1,-0.146969,-143.018
1567.15,-0.146977,-143.025
1567.2,-0.146979,-143.032
1567.25,-0.146985,-143.04
1567.3,-0.146973,-143.047
1567.35,-0.146974,-143.054
1567.4,-0.146981,-143.062
1567.45,-0.146967,-143.069
1567.5,-0.146973,-143.076
1567.55,-0.146985,-143.084
1567.6,-0.146979,-143.091
1567.65,-0.146968,-143.098
1567.7,-0.146962,-143.106
1567.75,-0.146973,-143.113
1567.8,-0.146975,-143.12
1567.85,-0.146973,-143.128
1567.9,-0.146974,-143.135
1567.95,-0.14697,-143.142
1568.0,-0.146969,-143.15
1568.05,-0.146964,-143.157
1568.1,-0.146969,-143.165
1568.15,-0.146959,-143.172
1568.2,-0.146978,-143.179
1568.25,-0.146974,-143.187
1568.3,-0.146975,-143.194
1568.35,-0.146977,-143.201
1568.4,-0.146982,-143.209
1568.45,-0.146968,-143.216
1568.5,-0.146968,-143.223
1568.55,-0.146961,-143.231
1568.6,-0.146976,-143.238
1568.65,-0.146981,-143.245
1568.7,-0.146971,-143.253
1568.75,-0.146975,-143.26
1568.8,-0.146961,-143.267
1568.85,-0.146964,-143.275
1568.9,-0.14697,-143.282
1568.95,-0.146973,-143.289
1569.0,-0.14697,-143.297
1569.05,-0.146976,-143.304
1569.1,-0.146964,-143.311
1569.15,-0.146975,-143.319
1569.2,-0.146975,-143.326
1569.25,-0.146992,-143.334
1569.3,-0.146992,-143.341
1569.35,-0.146996,-143.348
1569.4,-0.14699,-143.356
1569.45,-0.147005,-143.363
1569.5,-0.147011,-143.37
1569.55,-0.147006,-143.378
1569.6,-0.147025,-143.385
1569.65,-0.147028,-143.392
1569.7,-0.147032,-143.4
1569.75,-0.147046,-143.407
1569.8,-0.147046,-143.414
1569.85,-0.14705,-143.422
1569.9,-0.14705,-143.429
1569.95,-0.14706,-143.436
1570.0,-0.147066,-143.444
1570.05,-0.147062,-143.451
1570.1,-0.147047,-143.458
1570.15,-0.147054,-143.466
1570.2,-0.147063,-143.473
1570.25,-0.147052,-143.481
1570.3,-0.147062,-143.488
1570.35,-0.147062,-143.495
1570.4,-0.147074,-143.503
1570.45,-0.147065,-143.51
1570.5,-0.147079,-143.517
1570.55,-0.147084,-143.525
1570.6,-0.147093,-143.532
1570.65,-0.147078,-143.539
1570.7,-0.147081,-143.547
1570.75,-0.147089,-143.554
1570.8,-0.147105,-143.561
1570.85,-0.147097,-143.569
1570.9,-0.14709,-143.576
1570.95,-0.1471,-143.584
1571.0,-0.147109,-143.591
1571.05,-0.147115,-143.598
1571.1,-0.147119,-143.606
1571.15,-0.147142,-143.613
1571.2,-0.147146,-143.62
1571.25,-0.147141,-143.628
1571.3,-0.14714,-143.635
1571.35,-0.14713,-143.642
1571.4,-0.147107,-143.65
1571.45,-0.147118,-143.657
1571.5,-0.147117,-143.664
1571.55,-0.147126,-143.672
1571.6,-0.147117,-143.679
1571.65,-0.14713,-143.686
1571.7,-0.147145,-143.694
1571.75,-0.147132,-143.701
1571.8,-0.147131,-143.709
1571.85,-0.147141,-143.716
1571.9,-0.147122,-143.723
1571.95,-0.147133,-143.731
1572.0,-0.147117,-143.738
1572.05,-0.147121,-143.745
1572.1,-0.147135,-143.753
1572.15,-0.147135,-143.76
1572.2,-0.147123,-143.767
1572.25,-0.147131,-143.775
1572.3,-0.14713,-143.782
1572.35,-0.147128,-143.789
1572.4,-0.14713,-143.797
1572.45,-0.147131,-143.804
1572.5,-0.147141,-143.812
1572.55,-0.147137,-143.819
1572.6,-0.147136,-143.826
1572.65,-0.14713,-143.834
1572.7,-0.147136,-143.841
1572.75,-0.147132,-143.848
1572.8,-0.147142,-143.856
1572.85,-0.147143,-143.863
1572.9,-0.147135,-143.87
1572.95,-0.147119,-143.878
1573.0,-0.147137,-143.885
1573.05,-0.147138,-143.892
1573.1,-0.147138,-143.9
1573.15,-0.147145,-143.907
1573.2,-0.147145,-143.915
1573.25,-0.147136,-143.922
1573.3,-0.147122,-143.929
1573.35,-0.147121,-143.937
1573.4,-0.147115,-143.944
1573.45,-0.147123,-143.951
1573.5,-0.147112,-143.959
1573.55,-0.147122,-143.966
1573.6,-0.147123,-143.973
1573.65,-0.147127,-143.981
1573.7,-0.147128,-143.988
1573.75,-0.147129,-143.995
1573.8,-0.147124,-144.003
1573.85,-0.147118,-144.01
1573.9,-0.147126,-144.018
1573.95,-0.147127,-144.025
1574.0,-0.14713,-144.032
1574.05,-0.147142,-144.04
1574.1,-0.147136,-144.047
1574.15,-0.14713,-144.054
1574.2,-0.14715,-144.062
1574.25,-0.147163,-144.069
1574.3,-0.147183,-144.076
1574.35,-0.147209,-144.084
1574.4,-0.147216,-144.091
1574.45,-0.147235,-144.098
1574.5,-0.14724,-144.106
1574.55,-0.147241,-144.113
1574.6,-0.147263,-144.121
1574.65,-0.147239,-144.128
1574.7,-0.147227,-144.135
1574.75,-0.147239,-144.143
1574.8,-0.147251,-144.15
1574.85,-0.147257,-144.157
1574.9,-0.147252,-144.165
1574.95,-0.147265,-144.172
1575.0,-0.147263,-144.179
1575.05,-0.147257,-144.187
1575.1,-0.147254,-144.194
1575.15,-0.147258,-144.202
1575.2,-0.147287,-144.209
1575.25,-0.147281,-144.216
1575.3,-0.147291,-144.224
1575.35,-0.147269,-144.231
1575.4,-0.147279,-144.238
1575.45,-0.147283,-144.246
1575.5,-0.147289,-144.253
1575.55,-0.147289,-144.26
1575.6,-0.147285,-144.268
1575.65,-0.147295,-144.275
1575.7,-0.147278,-144.283
1575.75,-0.147302,-144.29
1575.8,-0.147308,-144.297
1575.85,-0.147304,-144.305
1575.9,-0.147305,-144.312
1575.95,-0.147293,-144.319
1576.0,-0.147287,-144.327
1576.05,-0.14729,-144.334
1576.1,-0.147293,-144.341
1576.15,-0.147293,-144.349
1576.2,-0.147282,-144.356
1576.25,-0.147276,-144.364
1576.3,-0.147259,-144.371
1576.35,-0.14727,-144.378
1576.4,-0.147259,-144.386
1576.45,-0.147258,-144.393
1576.5,-0.147258,-144.4
1576.55,-0.147269,-144.408
1576.6,-0.147264,-144.415
1576.65,-0.147264,-144.422
1576.7,-0.147268,-144.43
1576.75,-0.147261,-144.437
1576.8,-0.147251,-144.445
1576.85,-0.147252,-144.452
1576.9,-0.147254,-144.459
1576.95,-0.147253,-144.467
1577.0,-0.147262,-144.474
1577.05,-0.147262,-144.481
1577.1,-0.147255,-144.489
1577.15,-0.147254,-144.496
1577.2,-0.147234,-144.503
1577.25,-0.147242,-144.511
1577.3,-0.147258,-144.518
1577.35,-0.147246,-144.526
1577.4,-0.147243,-144.533
1577.45,-0.147236,-144.54
1577.5,-0.147227,-144.548
1577.55,-0.147238,-144.555
1577.6,-0.147228,-144.562
1577.65,-0.147233,-144.57
1577.7,-0.147228,-144.577
1577.75,-0.14724,-144.584
1577.8,-0.14722,-144.592
1577.85,-0.147233,-144.599
1577.9,-0.147228,-144.607
1577.95,-0.14721,-144.614
1578.0,-0.147221,-144.621
1578.05,-0.147213,-144.629
1578.1,-0.147217,-144.636
1578.15,-0.147219,-144.643
1578.2,-0.14721,-144.651
1578.25,-0.147227,-144.658
1578.3,-0.147236,-144.665
1578.35,-0.147239,-144.673
1578.4,-0.147254,-144.68
1578.45,-0.147255,-144.688
1578.5,-0.147252,-144.695
1578.55,-0.147266,-144.702
1578.6,-0.147251,-144.71
1578.65,-0.147261,-144.717
1578.7,-0.147246,-144.724
1578.75,-0.147265,-144.732
1578.8,-0.147249,-144.739
1578.85,-0.147245,-144.746
1578.9,-0.147268,-144.754
1578.95,-0.147242,-144.761
1579.0,-0.147259,-144.769
1579.05,-0.147262,-144.776
1579.1,-0.147265,-144.783
1579.15,-0.147255,-144.791
1579.2,-0.147249,-144.798
1579.25,-0.147255,-144.805
1579.3,-0.147252,-144.813
1579.35,-0.147269,-144.82
1579.4,-0.147274,-144.827
1579.45,-0.147283,-144.835
1579.5,-0.147287,-144.842
1579.55,-0.147259,-144.85
1579.6,-0.147255,-144.857
1579.65,-0.147264,-144.864
1579.7,-0.147249,-144.872
1579.75,-0.147264,-144.879
1579.8,-0.14728,-144.886
1579.85,-0.14728,-144.894
1579.9,-0.14727,-144.901
1579.95,-0.147265,-144.908
1580.0,-0.147267,-144.916
1580.05,-0.147269,-144.923
1580.1,-0.147283,-144.93
1580.15,-0.147275,-144.938
1580.2,-0.147286,-144.945
1580.25,-0.147282,-144.953
1580.3,-0.147286,-144.96
1580.35,-0.147286,-144.967
1580.4,-0.147277,-144.975
1580.45,-0.147284,-144.982
1580.5,-0.147285,-144.989
1580.55,-0.147296,-144.997
1580.6,-0.147293,-145.004
1580.65,-0.147289,-145.012
1580.7,-0.147284,-145.019
1580.75,-0.147285,-145.026
1580.8,-0.147259,-145.034
1580.85,-0.14706,-145.041
1580.9,-0.147035,-145.048
1580.95,-0.147031,-145.056
1581.0,-0.147022,-145.063
1581.05,-0.147023,-145.07
1581.1,-0.147036,-145.078
1581.15,-0.147054,-145.085
1581.2,-0.147051,-145.092
1581.25,-0.147057,-145.1
1581.3,-0.147058,-145.107
1581.35,-0.147069,-145.114
1581.4,-0.147061,-145.122
1581.45,-0.147065,-145.129
1581.5,-0.147076,-145.137
1581.55,-0.147076,-145.144
1581.6,-0.147066,-145.151
1581.65,-0.147074,-145.159
1581.7,-0.147078,-145.166
1581.75,-0.147088,-145.173
1581.8,-0.147107,-145.181
1581.85,-0.147112,-145.188
1581.9,-0.147124,-145.195
1581.95,-0.14712,-145.203
1582.0,-0.147124,-145.21
1582.05,-0.147131,-145.217
1582.1,-0.147138,-145.225
1582.15,-0.147152,-145.232
1582.2,-0.147153,-145.24
1582.25,-0.147162,-145.247
1582.3,-0.147167,-145.254
1582.35,-0.147164,-145.262
1582.4,-0.147169,-145.269
1582.45,-0.147174,-145.276
1582.5,-0.147184,-145.284
1582.55,-0.147176,-145.291
1582.6,-0.14717,-145.298
1582.65,-0.147163,-145.306
1582.7,-0.147168,-145.313
1582.75,-0.147176,-145.32
1582.8,-0.147172,-145.328
1582.85,-0.147171,-145.335
1582.9,-0.147181,-145.343
1582.95,-0.147177,-145.35
1583.0,-0.147184,-145.357
1583.05,-0.14718,-145.365
1583.1,-0.147191,-145.372
1583.15,-0.147197,-145.379
1583.2,-0.147203,-145.387
1583.25,-0.147216,-145.394
1583.3,-0.147203,-145.401
1583.35,-0.147199,-145.409
1583.4,-0.147218,-145.416
1583.45,-0.147212,-145.423
1583.5,-0.147213,-145.431
1583.55,-0.147218,-145.438
1583.6,-0.147224,-145.446
1583.65,-0.147224,-145.453
1583.7,-0.147228,-145.46
1583.75,-0.147238,-145.468
1583.8,-0.147255,-145.475
1583.85,-0.147254,-145.482
1583.9,-0.14726,-145.49
1583.95,-0.147258,-145.497
1584.0,-0.147251,-145.504
1584.05,-0.147271,-145.512
1584.1,-0.147277,-145.519
1584.15,-0.14728,-145.527
1584.2,-0.147288,-145.534
1584.25,-0.147298,-145.541
1584.3,-0.147295,-145.549
1584.35,-0.147306,-145.556
1584.4,-0.147301,-145.563
1584.45,-0.147316,-145.571
1584.5,-0.147305,-145.578
1584.55,-0.147304,-145.585
1584.6,-0.147309,-145.593
1584.65,-0.147314,-145.6
1584.7,-0.147307,-145.608
1584.75,-0.147315,-145.615
1584.8,-0.14733,-145.622
1584.85,-0.147332,-145.63
1584.9,-0.147333,-145.637
1584.95,-0.147325,-145.644
1585.0,-0.147341,-145.652
1585.05,-0.147349,-145.659
1585.1,-0.147346,-145.667
1585.15,-0.147332,-145.674
1585.2,-0.147342,-145.681
1585.25,-0.14734,-145.689
1585.3,-0.147341,-145.696
1585.35,-0.14735,-145.703
1585.4,-0.147346,-145.711
1585.45,-0.147353,-145.718
1585.5,-0.147342,-145.725
1585.55,-0.147349,-145.733
1585.6,-0.147338,-145.74
1585.65,-0.147343,-145.748
1585.7,-0.14735,-145.755
1585.75,-0.147355,-145.762
1585.8,-0.147367,-145.77
1585.85,-0.147358,-145.777
1585.9,-0.147356,-145.784
1585.95,-0.147352,-145.792
1586.0,-0.147355,-145.799
1586.05,-0.147355,-145.806
1586.1,-0.14736,-145.814
1586.15,-0.147376,-145.821
1586.2,-0.147359,-145.829
1586.25,-0.14737,-145.836
1586.3,-0.147372,-145.843
1586.35,-0.147393,-145.851
1586.4,-0.147386,-145.858
1586.45,-0.147383,-145.865
1586.5,-0.147392,-145.873
1586.55,-0.147393,-145.88
1586.6,-0.147395,-145.888
1586.65,-0.147407,-145.895
1586.7,-0.147416,-145.902
1586.75,-0.147407,-145.91
1586.8,-0.147414,-145.917
1586.85,-0.147419,-145.924
1586.9,-0.14742,-145.932
1586.95,-0.147428,-145.939
1587.0,-0.147433,-145.947
1587.05,-0.147422,-145.954
1587.1,-0.147424,-145.961
1587.15,-0.14743,-145.969
1587.2,-0.14744,-145.976
1587.25,-0.147444,-145.983
1587.3,-0.147431,-145.991
1587.35,-0.147441,-145.998
1587.4,-0.147429,-146.005
1587.45,-0.147426,-146.013
1587.5,-0.147434,-146.02
1587.55,-0.147414,-146.028
1587.6,-0.147416,-146.035
1587.65,-0.147429,-146.042
1587.7,-0.147429,-146.05
1587.75,-0.147424,-146.057
1587.8,-0.147431,-146.064
1587.85,-0.147453,-146.072
1587.9,-0.14745,-146.079
1587.95,-0.147445,-146.087
1588.0,-0.147445,-146.094
1588.05,-0.147446,-146.101
1588.1,-0.147464,-146.109
1588.15,-0.14746,-146.116
1588.2,-0.14746,-146.123
1588.25,-0.147467,-146.131
1588.3,-0.147467,-146.138
1588.35,-0.147483,-146.146
1588.4,-0.147481,-146.153
1588.45,-0.14749,-146.16
1588.5,-0.147481,-146.168
1588.55,-0.147478,-146.175
1588.6,-0.147477,-146.182
1588.65,-0.147471,-146.19
1588.7,-0.147483,-146.197
1588.75,-0.147477,-146.205
1588.8,-0.147482,-146.212
1588.85,-0.147496,-146.219
1588.9,-0.147497,-146.227
1588.95,-0.147511,-146.234
1589.0,-0.147514,-146.241
1589.05,-0.147505,-146.249
1589.1,-0.14752,-146.256
1589.15,-0.147527,-146.264
1589.2,-0.147541,-146.271
1589.25,-0.14754,-146.278
1589.3,-0.147538,-146.286
1589.35,-0.147547,-146.293
1589.4,-0.147553,-146.3
1589.45,-0.147554,-146.308
1589.5,-0.147577,-146.315
1589.55,-0.147579,-146.323
1589.6,-0.147588,-146.33
1589.65,-0.147582,-146.337
1589.7,-0.147578,-146.345
1589.75,-0.147585,-146.352
1589.8,-0.14759,-146.359
1589.85,-0.147591,-146.367
1589.9,-0.147612,-146.374
1589.95,-0.147619,-146.382
1590.0,-0.147633,-146.389
1590.05,-0.14761,-146.396
1590.1,-0.147624,-146.404
1590.15,-0.147633,-146.411
1590.2,-0.147647,-146.419
1590.25,-0.147652,-146.426
1590.3,-0.147652,-146.433
1590.35,-0.147655,-146.441
1590.4,-0.147656,-146.448
1590.45,-0.14764,-146.455
1590.5,-0.147645,-146.463
1590.55,-0.147643,-146.47
1590.6,-0.147643,-146.478
1590.65,-0.147627,-146.485
1590.7,-0.147635,-146.492
1590.75,-0.147611,-146.5
1590.8,-0.147609,-146.507
1590.85,-0.147623,-146.514
1590.9,-0.147634,-146.522
1590.95,-0.147644,-146.529
1591.0,-0.147635,-146.537
1591.05,-0.147637,-146.544
1591.1,-0.14763,-146.551
1591.15,-0.147628,-146.559
1591.2,-0.147623,-146.566
1591.25,-0.147638,-146.574
1591.3,-0.147646,-146.581
1591.35,-0.147655,-146.588
1591.4,-0.147638,-146.596
1591.45,-0.147647,-146.603
1591.5,-0.147655,-146.61
1591.55,-0.147635,-146.618
1591.6,-0.14766,-146.625
1591.65,-0.147659,-146.633
1591.7,-0.147638,-146.64
1591.75,-0.147635,-146.647
1591.8,-0.14763,-146.655
1591.85,-0.147638,-146.662
1591.9,-0.147636,-146.67
1591.95,-0.147636,-146.677
1592.0,-0.147645,-146.684
1592.05,-0.147644,-146.692
1592.1,-0.147642,-146.699
1592.15,-0.147632,-146.706
1592.2,-0.14762,-146.714
1592.25,-0.147608,-146.721
1592.3,-0.14762,-146.729
1592.35,-0.147632,-146.736
1592.4,-0.147628,-146.743
1592.45,-0.147628,-146.751
1592.5,-0.14761,-146.758
1592.55,-0.147607,-146.765
1592.6,-0.14761,-146.773
1592.65,-0.147629,-146.78
1592.7,-0.14762,-146.788
1592.75,-0.14764,-146.795
1592.8,-0.147625,-146.802
1592.85,-0.147628,-146.81
1592.9,-0.14763,-146.817
1592.95,-0.147623,-146.825
1593.0,-0.147635,-146.832
1593.05,-0.147648,-146.839
1593.1,-0.147653,-146.847
1593.15,-0.147657,-146.854
1593.2,-0.147661,-146.861
1593.25,-0.147665,-146.869
1593.3,-0.147671,-146.876
1593.35,-0.147683,-146.884
1593.4,-0.147692,-146.891
1593.45,-0.147702,-146.898
1593.5,-0.147703,-146.906
1593.55,-0.147703,-146.913
1593.6,-0.147715,-146.921
1593.65,-0.147714,-146.928
1593.7,-0.14772,-146.935
1593.75,-0.14772,-146.943
1593.8,-0.147723,-146.95
1593.85,-0.147736,-146.957
1593.9,-0.147737,-146.965
1593.95,-0.147724,-146.972
1594.0,-0.147728,-146.98
1594.05,-0.147738,-146.987
1594.1,-0.147733,-146.994
1594.15,-0.147735,-147.002
1594.2,-0.147734,-147.009
1594.25,-0.147736,-147.017
1594.3,-0.147739,-147.024
1594.35,-0.147742,-147.031
1594.4,-0.147745,-147.039
1594.45,-0.147749,-147.046
1594.5,-0.147764,-147.053
1594.55,-0.147761,-147.061
1594.6,-0.14776,-147.068
1594.65,-0.147769,-147.076
1594.7,-0.147783,-147.083
1594.75,-0.14778,-147.09
1594.8,-0.147776,-147.098
1594.85,-0.147793,-147.105
1594.9,-0.147794,-147.113
1594.95,-0.147781,-147.12
1595.0,-0.147791,-147.127
1595.05,-0.147783,-147.135
1595.1,-0.147791,-147.142
1595.15,-0.147791,-147.15
1595.2,-0.147784,-147.157
1595.25,-0.147793,-147.164
1595.3,-0.147805,-147.172
1595.35,-0.147787,-147.179
1595.4,-0.147798,-147.186
1595.45,-0.147808,-147.194
1595.5,-0.147806,-147.201
1595.55,-0.147814,-147.209
1595.6,-0.147815,-147.216
1595.65,-0.147821,-147.223
1595.7,-0.147804,-147.231
1595.75,-0.147818,-147.238
1595.8,-0.14783,-147.246
1595.85,-0.147827,-147.253
1595.9,-0.14782,-147.26
1595.95,-0.147822,-147.268
1596.0,-0.147816,-147.275
1596.05,-0.147817,-147.283
1596.1,-0.147826,-147.29
1596.15,-0.147826,-147.297
1596.2,-0.147819,-147.305
1596.25,-0.147827,-147.312
1596.3,-0.147828,-147.32
1596.35,-0.14782,-147.327
1596.4,-0.14783,-147.334
1596.45,-0.147825,-147.342
1596.5,-0.147829,-147.349
1596.55,-0.147838,-147.356
1596.6,-0.147844,-147.364
1596.65,-0.147834,-147.371
1596.7,-0.147836,-147.379
1596.75,-0.147843,-147.386
1596.8,-0.147839,-147.393
1596.85,-0.14785,-147.401
1596.9,-0.147851,-147.408
1596.95,-0.147863,-147.416
1597.0,-0.147851,-147.423
1597.05,-0.147851,-147.43
1597.1,-0.147841,-147.438
1597.15,-0.147838,-147.445
1597.2,-0.147852,-147.453
1597.25,-0.147848,-147.46
1597.3,-0.147852,-147.467
1597.35,-0.147855,-147.475
1597.4,-0.147857,-147.482
1597.45,-0.147855,-147.49
1597.5,-0.147854,-147.497
1597.55,-0.147859,-147.504
1597.6,-0.147855,-147.512
1597.65,-0.147853,-147.519
1597.7,-0.147862,-147.526
1597.75,-0.147855,-147.534
1597.8,-0.14786,-147.541
1597.85,-0.147863,-147.549
1597.9,-0.147863,-147.556
1597.95,-0.147862,-147.563
1598.0,-0.147869,-147.571
1598.05,-0.147867,-147.578
1598.1,-0.147875,-147.586
1598.15,-0.147872,-147.593
1598.2,-0.147872,-147.6
1598.25,-0.147874,-147.608
1598.3,-0.14788,-147.615
1598.35,-0.147874,-147.623
1598.4,-0.147883,-147.63
1598.45,-0.147876,-147.637
1598.5,-0.147884,-147.645
1598.55,-0.147897,-147.652
1598.6,-0.147899,-147.66
1598.65,-0.1479,-147.667
1598.7,-0.147897,-147.674
1598.75,-0.147896,-147.682
1598.8,-0.147904,-147.689
1598.85,-0.147897,-147.697
1598.9,-0.147892,-147.704
1598.95,-0.147898,-147.711
1599.0,-0.147881,-147.719
1599.05,-0.147891,-147.726
1599.1,-0.147905,-147.734
1599.15,-0.147916,-147.741
1599.2,-0.147908,-147.748
1599.25,-0.147913,-147.756
1599.3,-0.147916,-147.763
1599.35,-0.147917,-147.771
1599.4,-0.147915,-147.778
1599.45,-0.147892,-147.785
1599.5,-0.147898,-147.793
1599.55,-0.147901,-147.8
1599.6,-0.147909,-147.807
1599.65,-0.147922,-147.815
1599.7,-0.147908,-147.822
1599.75,-0.147914,-147.83
1599.8,-0.14791,-147.837
1599.85,-0.147905,-147.844
1599.9,-0.147901,-147.852
1599.95,-0.147908,-147.859
1600.0,-0.14791,-147.867
1600.05,-0.14791,-147.874
1600.1,-0.147903,-147.881
1600.15,-0.147912,-147.889
1600.2,-0.147908,-147.896
1600.25,-0.147904,-147.904
1600.3,-0.147905,-147.911
1600.35,-0.1479,-147.918
1600.4,-0.147898,-147.926
1600.45,-0.147905,-147.933
1600.5,-0.147903,-147.941
1600.55,-0.147908,-147.948
1600.6,-0.1479,-147.955
1600.65,-0.147906,-147.963
1600.7,-0.147909,-147.97
1600.75,-0.147911,-147.978
1600.8,-0.147893,-147.985
1600.85,-0.147903,-147.992
1600.9,-0.147903,-148.0
1600.95,-0.147905,-148.007
1601.0,-0.147907,-148.015
1601.05,-0.147909,-148.022
1601.1,-0.147906,-148.029
1601.15,-0.1479,-148.037
1601.2,-0.147926,-148.044
1601.25,-0.147915,-148.052
1601.3,-0.147926,-148.059
1601.35,-0.14794,-148.066
1601.4,-0.147962,-148.074
1601.45,-0.147964,-148.081
1601.5,-0.147976,-148.089
1601.55,-0.147989,-148.096
1601.6,-0.148007,-148.103
1601.65,-0.148025,-148.111
1601.7,-0.148038,-148.118
1601.75,-0.148044,-148.126
1601.8,-0.148034,-148.133
1601.85,-0.148034,-148.14
1601.9,-0.148032,-148.148
1601.95,-0.14803,-148.155
1602.0,-0.148026,-148.163
1602.05,-0.148038,-148.17
1602.1,-0.148039,-148.177
1602.15,-0.148034,-148.185
1602.2,-0.14804,-148.192
1602.25,-0.148037,-148.2
1602.3,-0.14805,-148.207
1602.35,-0.148032,-148.214
1602.4,-0.148036,-148.222
1602.45,-0.148034,-148.229
1602.5,-0.148042,-148.237
1602.55,-0.148057,-148.244
1602.6,-0.148041,-148.251
1602.65,-0.148044,-148.259
1602.7,-0.148049,-148.266
1602.75,-0.148051,-148.274
1602.8,-0.148048,-148.281
1602.85,-0.14805,-148.288
1602.9,-0.148038,-148.296
1602.95,-0.148055,-148.303
1603.0,-0.148037,-148.311
1603.05,-0.148046,-148.318
1603.1,-0.148042,-148.325
1603.15,-0.148045,-148.333
1603.2,-0.148042,-148.34
1603.25,-0.14803,-148.348
1603.3,-0.148032,-148.355
1603.35,-0.148025,-148.362
1603.4,-0.148047,-148.37
1603.45,-0.148048,-148.377
1603.5,-0.148057,-148.385
1603.55,-0.148056,-148.392
1603.6,-0.14806,-148.399
1603.65,-0.148066,-148.407
1603.7,-0.148058,-148.414
1603.75,-0.148063,-148.422
1603.8,-0.148074,-148.429
1603.85,-0.148065,-148.436
1603.9,-0.148055,-148.444
1603.95,-0.14806,-148.451
1604.0,-0.148043,-148.459
1604.05,-0.148045,-148.466
1604.1,-0.148056,-148.473
1604.15,-0.148055,-148.481
1604.2,-0.148061,-148.488
1604.25,-0.148056,-148.496
1604.3,-0.148056,-148.503
1604.35,-0.148066,-148.51
1604.4,-0.148067,-148.518
1604.45,-0.148059,-148.525
1604.5,-0.148055,-148.533
1604.55,-0.148057,-148.54
1604.6,-0.148066,-148.547
1604.65,-0.148064,-148.555
1604.7,-0.148056,-148.562
1604.75,-0.148051,-148.57
1604.8,-0.148055,-148.577
1604.85,-0.148063,-148.584
1604.9,-0.148049,-148.592
1604.95,-0.148064,-148.599
1605.0,-0.148056,-148.607
1605.05,-0.148056,-148.614
1605.1,-0.148053,-148.621
1605.15,-0.148052,-148.629
1605.2,-0.148047,-148.636
1605.25,-0.148054,-148.644
1605.3,-0.148063,-148.651
1605.35,-0.14806,-148.658
1605.4,-0.148056,-148.666
1605.45,-0.148043,-148.673
1605.5,-0.148044,-148.681
1605.55,-0.148053,-148.688
1605.6,-0.14806,-148.696
1605.65,-0.14805,-148.703
1605.7,-0.148051,-148.71
1605.75,-0.148053,-148.718
1605.8,-0.148055,-148.725
1605.85,-0.14806,-148.733
1605.9,-0.14806,-148.74
1605.95,-0.148062,-148.747
1606.0,-0.148064,-148.755
1606.05,-0.148066,-148.762
1606.1,-0.148061,-148.77
1606.15,-0.148065,-148.777
1606.2,-0.148061,-148.784
1606.25,-0.148076,-148.792
1606.3,-0.148068,-148.799
1606.35,-0.14807,-148.807
1606.4,-0.14807,-148.814
1606.45,-0.148086,-148.821
1606.5,-0.148075,-148.829
1606.55,-0.148081,-148.836
1606.6,-0.148075,-148.844
1606.65,-0.148083,-148.851
1606.7,-0.148089,-148.858
1606.75,-0.148096,-148.866
1606.8,-0.148084,-148.873
1606.85,-0.148096,-148.881
1606.9,-0.148094,-148.888
1606.95,-0.148088,-148.895
1607.0,-0.148087,-148.903
1607.05,-0.148098,-148.91
1607.1,-0.148103,-148.918
1607.15,-0.148103,-148.925
1607.2,-0.14808,-148.932
1607.25,-0.148072,-148.94
1607.3,-0.148088,-148.947
1607.35,-0.1481,-148.955
1607.4,-0.148102,-148.962
1607.45,-0.148098,-148.969
1607.5,-0.148092,-148.977
1607.55,-0.148093,-148.984
1607.6,-0.148098,-148.992
1607.65,-0.1481,-148.999
1607.7,-0.1481,-149.006
1607.75,-0.148107,-149.014
1607.8,-0.148118,-149.021
1607.85,-0.148105,-149.029
1607.9,-0.148084,-149.036
1607.95,-0.148094,-149.044
1608.0,-0.148112,-149.051
1608.05,-0.148123,-149.058
1608.1,-0.148117,-149.066
1608.15,-0.148101,-149.073
1608.2,-0.148104,-149.081
1608.25,-0.148112,-149.088
1608.3,-0.148113,-149.095
1608.35,-0.148117,-149.103
1608.4,-0.14811,-149.11
1608.45,-0.148122,-149.118
1608.5,-0.14813,-149.125
1608.55,-0.148112,-149.132
1608.6,-0.148105,-149.14
1608.65,-0.148103,-149.147
1608.7,-0.148108,-149.155
1608.75,-0.148112,-149.162
1608.8,-0.148135,-149.169
1608.85,-0.148115,-149.177
1608.9,-0.148118,-149.184
1608.95,-0.148112,-149.192
1609.0,-0.148122,-149.199
1609.05,-0.148132,-149.206
1609.1,-0.148141,-149.214
1609.15,-0.148137,-149.221
1609.2,-0.148146,-149.229
1609.25,-0.148156,-149.236
1609.3,-0.14815,-149.243
1609.35,-0.148153,-149.251
1609.4,-0.148141,-149.258
1609.45,-0.148158,-149.266
1609.5,-0.148189,-149.273
1609.55,-0.148282,-149.281
1609.6,-0.148275,-149.288
1609.65,-0.148271,-149.295
1609.7,-0.14827,-149.303
1609.75,-0.14829,-149.31
1609.8,-0.148285,-149.318
1609.85,-0.148281,-149.325
1609.9,-0.148291,-149.332
1609.95,-0.148283,-149.34
1610.0,-0.148282,-149.347
1610.05,-0.148276,-149.355
1610.1,-0.148284,-149.362
1610.15,-0.148283,-149.369
1610.2,-0.148287,-149.377
1610.25,-0.14829,-149.384
1610.3,-0.148286,-149.392
1610.35,-0.148286,-149.399
1610.4,-0.148282,-149.407
1610.45,-0.148285,-149.414
1610.5,-0.148281,-149.421
1610.55,-0.148285,-149.429
1610.6,-0.148292,-149.436
1610.65,-0.148296,-149.444
1610.7,-0.148291,-149.451
1610.75,-0.148297,-149.458
1610.8,-0.1483,-149.466
1610.85,-0.148298,-149.473
1610.9,-0.14829,-149.481
1610.95,-0.148304,-149.488
1611.0,-0.148303,-149.496
1611.05,-0.148301,-149.503
1611.1,-0.148304,-149.51
1611.15,-0.148312,-149.518
1611.2,-0.148316,-149.525
1611.25,-0.148307,-149.533
1611.3,-0.14832,-149.54
1611.35,-0.148314,-149.547
1611.4,-0.148318,-149.555
1611.45,-0.148315,-149.562
1611.5,-0.148334,-149.57
1611.55,-0.148333,-149.577
1611.6,-0.148331,-149.585
1611.65,-0.148336,-149.592
1611.7,-0.148338,-149.599
1611.75,-0.148338,-149.607
1611.8,-0.14835,-149.614
1611.85,-0.148351,-149.622
1611.9,-0.148357,-149.629
1611.95,-0.148365,-149.636
1612.0,-0.148371,-149.644
1612.05,-0.148366,-149.651
1612.1,-0.148353,-149.659
1612.15,-0.148348,-149.666
1612.2,-0.148366,-149.674
1612.25,-0.148367,-149.681
1612.3,-0.14837,-149.688
1612.35,-0.148366,-149.696
1612.4,-0.148367,-149.703
1612.45,-0.14836,-149.711
1612.5,-0.148373,-149.718
1612.55,-0.148384,-149.725
1612.6,-0.148392,-149.733
1612.65,-0.148386,-149.74
1612.7,-0.148393,-149.748
1612.75,-0.148381,-149.755
1612.8,-0.148379,-149.763
1612.85,-0.148383,-149.77
1612.9,-0.148399,-149.777
1612.95,-0.14838,-149.785
1613.0,-0.148383,-149.792
1613.05,-0.148393,-149.8
1613.1,-0.148391,-149.807
1613.15,-0.148404,-149.814
1613.2,-0.148407,-149.822
1613.25,-0.148397,-149.829
1613.3,-0.148411,-149.837
1613.35,-0.148406,-149.844
1613.4,-0.148419,-149.852
1613.45,-0.148431,-149.859
1613.5,-0.148424,-149.866
1613.55,-0.14843,-149.874
1613.6,-0.148421,-149.881
1613.65,-0.148428,-149.889
1613.7,-0.148424,-149.896
1613.75,-0.148429,-149.904
1613.8,-0.148425,-149.911
1613.85,-0.148429,-149.918
1613.9,-0.148445,-149.926
1613.95,-0.148455,-149.933
1614.0,-0.148462,-149.941
1614.05,-0.148459,-149.948
1614.1,-0.148451,-149.956
1614.15,-0.148455,-149.963
1614.2,-0.148466,-149.97
1614.25,-0.148444,-149.978
1614.3,-0.148456,-149.985
1614.35,-0.148463,-149.993
1614.4,-0.148468,-150.0
1614.45,-0.148454,-150.007
1614.5,-0.14847,-150.015
1614.55,-0.148466,-150.022
1614.6,-0.148468,-150.03
1614.65,-0.148478,-150.037
1614.7,-0.148486,-150.045
1614.75,-0.148474,-150.052
1614.8,-0.148479,-150.059
1614.85,-0.148491,-150.067
1614.9,-0.148485,-150.074
1614.95,-0.148494,-150.082
1615.0,-0.148483,-150.089
1615.05,-0.148487,-150.097
1615.1,-0.148497,-150.104
1615.15,-0.148488,-150.111
1615.2,-0.148487,-150.119
1615.25,-0.148487,-150.126
1615.3,-0.148472,-150.134
1615.35,-0.148464,-150.141
1615.4,-0.148482,-150.149
1615.45,-0.14848,-150.156
1615.5,-0.148475,-150.163
1615.55,-0.148474,-150.171
1615.6,-0.148477,-150.178
1615.65,-0.148471,-150.186
1615.7,-0.148468,-150.193
1615.75,-0.148497,-150.2
1615.8,-0.148485,-150.208
1615.85,-0.148503,-150.215
1615.9,-0.148512,-150.223
1615.95,-0.148531,-150.23
1616.0,-0.14853,-150.238
1616.05,-0.148526,-150.245
1616.1,-0.148547,-150.252
1616.15,-0.148565,-150.26
1616.2,-0.148556,-150.267
1616.25,-0.148549,-150.275
1616.3,-0.148584,-150.282
1616.35,-0.148588,-150.29
1616.4,-0.148594,-150.297
1616.45,-0.148593,-150.304
1616.5,-0.148611,-150.312
1616.55,-0.148609,-150.319
1616.6,-0.148619,-150.327
1616.65,-0.148611,-150.334
1616.7,-0.148626,-150.342
1616.75,-0.148636,-150.349
1616.8,-0.148632,-150.356
1616.85,-0.148623,-150.364
1616.9,-0.148623,-150.371
1616.95,-0.148622,-150.379
1617.0,-0.148632,-150.386
1617.05,-0.148628,-150.394
1617.1,-0.148627,-150.401
1617.15,-0.148634,-150.409
1617.2,-0.148627,-150.416
1617.25,-0.148636,-150.423
1617.3,-0.148623,-150.431
1617.35,-0.148631,-150.438
1617.4,-0.148646,-150.446
1617.45,-0.148642,-150.453
1617.5,-0.148643,-150.461
1617.55,-0.148637,-150.468
1617.6,-0.148653,-150.475
1617.65,-0.148654,-150.483
1617.7,-0.148646,-150.49
1617.75,-0.148654,-150.498
1617.8,-0.148656,-150.505
1617.85,-0.148657,-150.513
1617.9,-0.148657,-150.52
1617.95,-0.148661,-150.527
1618.0,-0.14865,-150.535
1618.05,-0.148669,-150.542
1618.1,-0.148673,-150.55
1618.15,-0.14867,-150.557
1618.2,-0.148675,-150.565
1618.25,-0.148674,-150.572
1618.3,-0.148675,-150.579
1618.35,-0.14866,-150.587
1618.4,-0.148681,-150.594
1618.45,-0.148685,-150.602
1618.5,-0.148703,-150.609
1618.55,-0.148702,-150.617
1618.6,-0.148698,-150.624
1618.65,-0.14869,-150.632
1618.7,-0.148691,-150.639
1618.75,-0.148688,-150.646
1618.8,-0.14869,-150.654
1618.85,-0.148691,-150.661
1618.9,-0.148694,-150.669
1618.95,-0.148699,-150.676
1619.0,-0.148701,-150.684
1619.05,-0.148689,-150.691
1619.1,-0.148707,-150.698
1619.15,-0.148699,-150.706
1619.2,-0.148708,-150.713
1619.25,-0.148718,-150.721
1619.3,-0.148702,-150.728
1619.35,-0.148688,-150.736
1619.4,-0.148688,-150.743
1619.45,-0.148695,-150.75
1619.5,-0.148702,-150.758
1619.55,-0.148706,-150.765
1619.6,-0.148711,-150.773
1619.65,-0.1487,-150.78
1619.7,-0.148697,-150.788
1619.75,-0.148698,-150.795
1619.8,-0.148689,-150.803
1619.85,-0.148707,-150.81
1619.9,-0.148714,-150.817
1619.95,-0.148713,-150.825
1620.0,-0.148717,-150.832
1620.05,-0.148715,-150.84
1620.1,-0.14871,-150.847
1620.15,-0.148693,-150.855
1620.2,-0.148698,-150.862
1620.25,-0.148715,-150.869
1620.3,-0.148711,-150.877
1620.35,-0.148692,-150.884
1620.4,-0.1487,-150.892
1620.45,-0.148688,-150.899
1620.5,-0.148694,-150.907
1620.55,-0.148708,-150.914
1620.6,-0.14871,-150.921
1620.65,-0.148721,-150.929
1620.7,-0.148734,-150.936
1620.75,-0.148743,-150.944
1620.8,-0.148744,-150.951
1620.85,-0.148748,-150.959
1620.9,-0.148736,-150.966
1620.95,-0.148745,-150.974
1621.0,-0.148766,-150.981
1621.05,-0.148771,-150.988
1621.1,-0.148767,-150.996
1621.15,-0.148766,-151.003
1621.2,-0.148762,-151.011
1621.25,-0.148754,-151.018
1621.3,-0.148778,-151.026
1621.35,-0.148776,-151.033
1621.4,-0.14878,-151.04
1621.45,-0.148786,-151.048
1621.5,-0.148778,-151.055
1621.55,-0.148789,-151.063
1621.6,-0.148787,-151.07
1621.65,-0.148808,-151.078
1621.7,-0.148807,-151.085
1621.75,-0.148811,-151.093
1621.8,-0.148807,-151.1
1621.85,-0.14881,-151.107
1621.9,-0.148811,-151.115
1621.95,-0.148829,-151.122
1622.0,-0.148838,-151.13
1622.05,-0.148846,-151.137
1622.1,-0.148843,-151.145
1622.15,-0.148842,-151.152
1622.2,-0.148848,-151.16
1622.25,-0.148856,-151.167
1622.3,-0.148845,-151.174
1622.35,-0.148845,-151.182
1622.4,-0.148854,-151.189
1622.45,-0.148848,-151.197
1622.5,-0.148863,-151.204
1622.55,-0.148863,-151.212
1622.6,-0.148864,-151.219
1622.65,-0.148864,-151.227
1622.7,-0.148874,-151.234
1622.75,-0.148877,-151.241
1622.8,-0.148877,-151.249
1622.85,-0.14887,-151.256
1622.9,-0.148858,-151.264
1622.95,-0.148859,-151.271
1623.0,-0.148862,-151.279
1623.05,-0.148875,-151.286
1623.1,-0.148862,-151.294
1623.15,-0.148872,-151.301
1623.2,-0.148862,-151.308
1623.25,-0.148866,-151.316
1623.3,-0.148867,-151.323
1623.35,-0.148872,-151.331
1623.4,-0.14885,-151.338
1623.45,-0.148869,-151.346
1623.5,-0.148873,-151.353
1623.55,-0.148863,-151.36
1623.6,-0.148849,-151.368
1623.65,-0.148846,-151.375
1623.7,-0.14885,-151.383
1623.75,-0.148861,-151.39
1623.8,-0.148848,-151.398
1623.85,-0.148855,-151.405
1623.9,-0.148851,-151.413
1623.95,-0.148849,-151.42
1624.0,-0.148858,-151.427
1624.05,-0.148851,-151.435
1624.1,-0.148871,-151.442
1624.15,-0.148881,-151.45
1624.2,-0.148868,-151.457
1624.25,-0.148863,-151.465
1624.3,-0.148866,-151.472
1624.35,-0.148853,-151.48
1624.4,-0.148861,-151.487
1624.45,-0.148851,-151.494
1624.5,-0.148854,-151.502
1624.55,-0.14886,-151.509
1624.6,-0.148868,-151.517
1624.65,-0.148874,-151.524
1624.7,-0.148855,-151.532
1624.75,-0.148857,-151.539
1624.8,-0.148846,-151.547
1624.85,-0.148868,-151.554
1624.9,-0.148856,-151.561
1624.95,-0.148854,-151.569
1625.0,-0.148848,-151.576
1625.05,-0.148852,-151.584
1625.1,-0.148866,-151.591
1625.15,-0.148865,-151.599
1625.2,-0.148866,-151.606
1625.25,-0.148863,-151.614
1625.3,-0.148857,-151.621
1625.35,-0.148865,-151.628
1625.4,-0.148886,-151.636
1625.45,-0.148887,-151.643
1625.5,-0.148894,-151.651
1625.55,-0.148911,-151.658
1625.6,-0.148933,-151.666
1625.65,-0.148927,-151.673
1625.7,-0.148934,-151.681
1625.75,-0.148931,-151.688
1625.8,-0.148943,-151.695
1625.85,-0.148944,-151.703
1625.9,-0.148952,-151.71
1625.95,-0.148946,-151.718
1626.0,-0.148962,-151.725
1626.05,-0.14897,-151.733
1626.1,-0.148966,-151.74
1626.15,-0.148965,-151.748
1626.2,-0.148977,-151.755
1626.25,-0.148972,-151.762
1626.3,-0.148974,-151.77
1626.35,-0.148984,-151.777
1626.4,-0.148982,-151.785
1626.45,-0.148979,-151.792
1626.5,-0.148993,-151.8
1626.55,-0.148977,-151.807
1626.6,-0.148978,-151.815
1626.65,-0.148986,-151.822
1626.7,-0.148979,-151.83
1626.75,-0.148986,-151.837
1626.8,-0.148979,-151.844
1626.85,-0.148982,-151.852
1626.9,-0.14898,-151.859
1626.95,-0.148982,-151.867
1627.0,-0.148985,-151.874
1627.05,-0.148987,-151.882
1627.1,-0.14898,-151.889
1627.15,-0.148986,-151.897
1627.2,-0.148992,-151.904
1627.25,-0.148995,-151.911
1627.3,-0.148985,-151.919
1627.35,-0.149005,-151.926
1627.4,-0.148991,-151.934
1627.45,-0.148993,-151.941
1627.5,-0.148987,-151.949
1627.55,-0.148987,-151.956
1627.6,-0.149012,-151.964
1627.65,-0.149004,-151.971
1627.7,-0.149004,-151.979
1627.75,-0.149001,-151.986
1627.8,-0.149006,-151.993
1627.85,-0.149001,-152.001
1627.9,-0.149006,-152.008
1627.95,-0.149007,-152.016
1628.0,-0.149008,-152.023
1628.05,-0.149006,-152.031
1628.1,-0.148996,-152.038
1628.15,-0.149008,-152.046
1628.2,-0.149013,-152.053
1628.25,-0.149013,-152.06
1628.3,-0.149009,-152.068
1628.35,-0.149021,-152.075
1628.4,-0.149019,-152.083
1628.45,-0.149028,-152.09
1628.5,-0.149027,-152.098
1628.55,-0.149019,-152.105
1628.6,-0.149022,-152.113
1628.65,-0.149035,-152.12
1628.7,-0.149036,-152.128
1628.75,-0.149036,-152.135
1628.8,-0.149032,-152.142
1628.85,-0.149029,-152.15
1628.9,-0.149042,-152.157
1628.95,-0.149049,-152.165
1629.0,-0.149049,-152.172
1629.05,-0.149058,-152.18
1629.1,-0.149066,-152.187
1629.15,-0.149069,-152.195
1629.2,-0.14906,-152.202
1629.25,-0.149059,-152.21
1629.3,-0.149066,-152.217
1629.35,-0.149075,-152.224
1629.4,-0.149086,-152.232
1629.45,-0.149081,-152.239
1629.5,-0.14907,-152.247
1629.55,-0.149079,-152.254
1629.6,-0.149071,-152.262
1629.65,-0.149078,-152.269
1629.7,-0.149088,-152.277
1629.75,-0.149086,-152.284
1629.8,-0.149079,-152.291
1629.85,-0.149091,-152.299
1629.9,-0.149093,-152.306
1629.95,-0.149105,-152.314
1630.0,-0.149097,-152.321
1630.05,-0.149105,-152.329
1630.1,-0.149111,-152.336
1630.15,-0.149118,-152.344
1630.2,-0.149118,-152.351
1630.25,-0.149118,-152.359
1630.3,-0.149111,-152.366
1630.35,-0.149121,-152.374
1630.4,-0.149129,-152.381
1630.45,-0.149129,-152.388
1630.5,-0.149127,-152.396
1630.55,-0.149121,-152.403
1630.6,-0.149125,-152.411
1630.65,-0.149125,-152.418
1630.7,-0.149127,-152.426
1630.75,-0.149137,-152.433
1630.8,-0.149131,-152.441
1630.85,-0.149145,-152.448
1630.9,-0.149155,-152.456
1630.95,-0.14916,-152.463
1631.0,-0.149153,-152.47
1631.05,-0.149154,-152.478
1631.1,-0.149172,-152.485
1631.15,-0.149165,-152.493
1631.2,-0.149151,-152.5
1631.25,-0.149168,-152.508
1631.3,-0.149162,-152.515
1631.35,-0.149157,-152.523
1631.4,-0.149161,-152.53
1631.45,-0.149168,-152.538
1631.5,-0.149158,-152.545
1631.55,-0.149171,-152.552
1631.6,-0.149159,-152.56
1631.65,-0.14915,-152.567
1631.7,-0.149148,-152.575
1631.75,-0.149158,-152.582
1631.8,-0.149163,-152.59
1631.85,-0.149171,-152.597
1631.9,-0.14917,-152.605
1631.95,-0.149165,-152.612
1632.0,-0.149171,-152.62
1632.05,-0.149166,-152.627
1632.1,-0.149168,-152.635
1632.15,-0.149193,-152.642
1632.2,-0.149198,-152.649
1632.25,-0.149216,-152.657
1632.3,-0.149228,-152.664
1632.35,-0.149222,-152.672
1632.4,-0.149231,-152.679
1632.45,-0.14924,-152.687
1632.5,-0.149248,-152.694
1632.55,-0.149235,-152.702
1632.6,-0.149246,-152.709
1632.65,-0.149249,-152.717
1632.7,-0.149261,-152.724
1632.75,-0.149254,-152.732
1632.8,-0.149268,-152.739
1632.85,-0.149278,-152.746
1632.9,-0.149275,-152.754
1632.95,-0.149267,-152.761
1633.0,-0.149265,-152.769
1633.05,-0.149279,-152.776
1633.1,-0.149266,-152.784
1633.15,-0.149263,-152.791
1633.2,-0.149278,-152.799
1633.25,-0.149285,-152.806
1633.3,-0.149276,-152.814
1633.35,-0.149271,-152.821
1633.4,-0.149267,-152.829
1633.45,-0.149264,-152.836
1633.5,-0.149283,-152.843
1633.55,-0.149289,-152.851
1633.6,-0.149281,-152.858
1633.65,-0.149261,-152.866
1633.7,-0.149131,-152.873
1633.75,-0.149105,-152.881
1633.8,-0.149112,-152.888
1633.85,-0.149113,-152.896
1633.9,-0.149102,-152.903
1633.95,-0.149102,-152.911
1634.0,-0.149111,-152.918
1634.05,-0.149101,-152.926
1634.1,-0.149092,-152.933
1634.15,-0.149112,-152.94
1634.2,-0.149106,-152.948
1634.25,-0.149113,-152.955
1634.3,-0.149118,-152.963
1634.35,-0.149113,-152.97
1634.4,-0.149109,-152.978
1634.45,-0.149113,-152.985
1634.5,-0.14912,-152.993
1634.55,-0.149127,-153.0
1634.6,-0.149131,-153.008
1634.65,-0.149128,-153.015
1634.7,-0.149128,-153.022
1634.75,-0.149121,-153.03
1634.8,-0.149137,-153.037
1634.85,-0.149125,-153.045
1634.9,-0.149127,-153.052
1634.95,-0.149139,-153.06
1635.0,-0.149134,-153.067
1635.05,-0.149145,-153.075
1635.1,-0.149145,-153.082
1635.15,-0.149144,-153.09
1635.2,-0.149126,-153.097
1635.25,-0.149133,-153.104
1635.3,-0.149144,-153.112
1635.35,-0.149132,-153.119
1635.4,-0.149135,-153.127
1635.45,-0.149133,-153.134
1635.5,-0.149138,-153.142
1635.55,-0.149135,-153.149
1635.6,-0.149129,-153.157
1635.65,-0.149137,-153.164
1635.7,-0.149144,-153.172
1635.75,-0.149135,-153.179
1635.8,-0.149139,-153.186
1635.85,-0.149141,-153.194
1635.9,-0.149136,-153.201
1635.95,-0.149143,-153.209
1636.0,-0.149128,-153.216
1636.05,-0.149142,-153.224
1636.1,-0.149134,-153.231
1636.15,-0.149129,-153.239
1636.2,-0.149129,-153.246
1636.25,-0.149134,-153.254
1636.3,-0.14914,-153.261
1636.35,-0.14915,-153.269
1636.4,-0.149145,-153.276
1636.45,-0.14914,-153.283
1636.5,-0.149133,-153.291
1636.55,-0.149131,-153.298
1636.6,-0.149133,-153.306
1636.65,-0.149152,-153.313
1636.7,-0.149159,-153.321
1636.75,-0.149161,-153.328
1636.8,-0.149154,-153.336
1636.85,-0.149152,-153.343
1636.9,-0.149144,-153.351
1636.95,-0.149147,-153.358
1637.0,-0.149147,-153.365
1637.05,-0.149156,-153.373
1637.1,-0.149161,-153.38
1637.15,-0.14917,-153.388
1637.2,-0.149162,-153.395
1637.25,-0.14916,-153.403
1637.3,-0.149159,-153.41
1637.35,-0.149164,-153.418
1637.4,-0.149173,-153.425
1637.45,-0.149188,-153.433
1637.5,-0.149188,-153.44
1637.55,-0.149191,-153.447
1637.6,-0.149187,-153.455
1637.65,-0.149185,-153.462
1637.7,-0.149181,-153.47
1637.75,-0.149177,-153.477
1637.8,-0.149189,-153.485
1637.85,-0.149186,-153.492
1637.9,-0.149187,-153.5
1637.95,-0.149183,-153.507
1638.0,-0.149185,-153.515
1638.05,-0.149184,-153.522
1638.1,-0.149189,-153.53
1638.15,-0.149189,-153.537
1638.2,-0.149189,-153.544
1638.25,-0.14918,-153.552
1638.3,-0.149189,-153.559
1638.35,-0.149189,-153.567
1638.4,-0.149187,-153.574
1638.45,-0.149199,-153.582
1638.5,-0.149187,-153.589
1638.55,-0.149181,-153.597
1638.6,-0.149178,-153.604
1638.65,-0.149169,-153.612
1638.7,-0.14917,-153.619
1638.75,-0.149192,-153.627
1638.8,-0.149192,-153.634
1638.85,-0.149198,-153.641
1638.9,-0.149193,-153.649
1638.95,-0.149188,-153.656
1639.0,-0.149186,-153.664
1639.05,-0.149195,-153.671
1639.1,-0.149194,-153.679
1639.15,-0.149207,-153.686
1639.2,-0.149208,-153.694
1639.25,-0.149191,-153.701
1639.3,-0.149192,-153.709
1639.35,-0.149186,-153.716
1639.4,-0.149179,-153.723
1639.45,-0.149188,-153.731
1639.5,-0.149191,-153.738
1639.55,-0.149189,-153.746
1639.6,-0.149206,-153.753
1639.65,-0.149206,-153.761
1639.7,-0.149195,-153.768
1639.75,-0.149209,-153.776
1639.8,-0.14921,-153.783
1639.85,-0.149217,-153.791
1639.9,-0.149223,-153.798
1639.95,-0.149214,-153.806
1640.0,-0.149215,-153.813
1640.05,-0.149221,-153.82
1640.1,-0.149234,-153.828
1640.15,-0.149237,-153.835
1640.2,-0.14925,-153.843
1640.25,-0.149256,-153.85
1640.3,-0.149261,-153.858
1640.35,-0.149269,-153.865
1640.4,-0.149277,-153.873
1640.45,-0.149303,-153.88
1640.5,-0.149301,-153.888
1640.55,-0.149313,-153.895
1640.6,-0.149311,-153.903
1640.65,-0.149316,-153.91
1640.7,-0.14933,-153.918
1640.75,-0.14933,-153.925
1640.8,-0.149323,-153.932
1640.85,-0.149327,-153.94
1640.9,-0.149336,-153.947
1640.95,-0.149331,-153.955
1641.0,-0.149338,-153.962
1641.05,-0.149336,-153.97
1641.1,-0.149323,-153.977
1641.15,-0.149319,-153.985
1641.2,-0.149325,-153.992
1641.25,-0.149335,-154.0
1641.3,-0.149332,-154.007
1641.35,-0.149343,-154.015
1641.4,-0.149343,-154.022
1641.45,-0.149354,-154.03
1641.5,-0.149345,-154.037
1641.55,-0.149342,-154.044
1641.6,-0.149356,-154.052
1641.65,-0.149355,-154.059
1641.7,-0.149347,-154.067
1641.75,-0.149355,-154.074
1641.8,-0.149347,-154.082
1641.85,-0.149349,-154.089
1641.9,-0.149355,-154.097
1641.95,-0.149358,-154.104
1642.0,-0.149359,-154.112
1642.05,-0.14936,-154.119
1642.1,-0.149361,-154.127
1642.15,-0.149362,-154.134
1642.2,-0.149363,-154.142
1642.25,-0.149371,-154.149
1642.3,-0.149373,-154.156
1642.35,-0.149375,-154.164
1642.4,-0.149373,-154.171
1642.45,-0.149377,-154.179
1642.5,-0.149386,-154.186
1642.55,-0.149389,-154.194
1642.6,-0.149387,-154.201
1642.65,-0.14939,-154.209
1642.7,-0.149397,-154.216
1642.75,-0.149397,-154.224
1642.8,-0.149388,-154.231
1642.85,-0.149391,-154.239
1642.9,-0.149392,-154.246
1642.95,-0.149393,-154.254
1643.0,-0.149385,-154.261
1643.05,-0.149386,-154.269
1643.1,-0.149363,-154.276
1643.15,-0.149374,-154.283
1643.2,-0.149367,-154.291
1643.25,-0.149365,-154.298
1643.3,-0.149388,-154.306
1643.35,-0.149388,-154.313
1643.4,-0.149393,-154.321
1643.45,-0.149385,-154.328
1643.5,-0.149383,-154.336
1643.55,-0.149387,-154.343
1643.6,-0.149391,-154.351
1643.65,-0.149392,-154.358
1643.7,-0.14939,-154.366
1643.75,-0.149395,-154.373
1643.8,-0.149392,-154.381
1643.85,-0.149381,-154.388
1643.9,-0.149378,-154.395
1643.95,-0.14938,-154.403
1644.0,-0.149381,-154.41
1644.05,-0.149392,-154.418
1644.1,-0.14939,-154.425
1644.15,-0.149387,-154.433
1644.2,-0.149383,-154.44
1644.25,-0.149376,-154.448
1644.3,-0.149369,-154.455
1644.35,-0.149387,-154.463
1644.4,-0.149384,-154.47
1644.45,-0.149382,-154.478
1644.5,-0.149391,-154.485
1644.55,-0.149383,-154.493
1644.6,-0.149387,-154.5
1644.65,-0.149381,-154.508
1644.7,-0.14939,-154.515
1644.75,-0.1494,-154.522
1644.8,-0.149393,-154.53
1644.85,-0.149397,-154.537
1644.9,-0.149389,-154.545
1644.95,-0.149393,-154.552
1645.0,-0.149388,-154.56
1645.05,-0.149397,-154.567
1645.1,-0.1494,-154.575
1645.15,-0.149392,-154.582
1645.2,-0.149391,-154.59
1645.25,-0.149388,-154.597
1645.3,-0.149394,-154.605
1645.35,-0.149398,-154.612
1645.4,-0.149403,-154.62
1645.45,-0.149406,-154.627
1645.5,-0.149408,-154.635
1645.55,-0.149398,-154.642
1645.6,-0.149409,-154.649
1645.65,-0.149394,-154.657
1645.7,-0.149396,-154.664
1645.75,-0.149392,-154.672
1645.8,-0.149413,-154.679
1645.85,-0.149392,-154.687
1645.9,-0.149391,-154.694
1645.95,-0.149386,-154.702
1646.0,-0.14939,-154.709
1646.05,-0.149395,-154.717
1646.1,-0.14939,-154.724
1646.15,-0.149385,-154.732
1646.2,-0.149385,-154.739
1646.25,-0.149396,-154.747
1646.3,-0.149395,-154.754
1646.35,-0.149383,-154.761
1646.4,-0.149378,-154.769
1646.45,-0.149393,-154.776
1646.5,-0.149386,-154.784
1646.55,-0.149381,-154.791
1646.6,-0.149384,-154.799
1646.65,-0.149379,-154.806
1646.7,-0.149387,-154.814
1646.75,-0.149384,-154.821
1646.8,-0.149378,-154.829
1646.85,-0.149381,-154.836
1646.9,-0.149381,-154.844
1646.95,-0.149392,-154.851
1647.0,-0.149386,-154.859
1647.05,-0.149384,-154.866
1647.1,-0.14938,-154.874
1647.15,-0.149409,-154.881
1647.2,-0.149399,-154.888
1647.25,-0.149405,-154.896
1647.3,-0.149407,-154.903
1647.35,-0.149404,-154.911
1647.4,-0.149402,-154.918
1647.45,-0.149412,-154.926
1647.5,-0.149422,-154.933
1647.55,-0.149414,-154.941
1647.6,-0.149428,-154.948
1647.65,-0.14943,-154.956
1647.7,-0.149441,-154.963
1647.75,-0.149434,-154.971
1647.8,-0.149445,-154.978
1647.85,-0.149445,-154.986
1647.9,-0.149439,-154.993
1647.95,-0.149451,-155.001
1648.0,-0.149449,-155.008
1648.05,-0.149441,-155.015
1648.1,-0.149463,-155.023
1648.15,-0.149453,-155.03
1648.2,-0.149463,-155.038
1648.25,-0.149471,-155.045
1648.3,-0.14948,-155.053
1648.35,-0.14949,-155.06
1648.4,-0.149466,-155.068
1648.45,-0.149466,-155.075
1648.5,-0.149461,-155.083
1648.55,-0.149464,-155.09
1648.6,-0.149472,-155.098
1648.65,-0.149473,-155.105
1648.7,-0.149466,-155.113
1648.75,-0.149452,-155.12
1648.8,-0.149455,-155.128
1648.85,-0.149469,-155.135
1648.9,-0.149472,-155.143
1648.95,-0.149472,-155.15
1649.0,-0.149457,-155.157
1649.05,-0.149473,-155.165
1649.1,-0.149472,-155.172
1649.15,-0.149466,-155.18
1649.2,-0.149457,-155.187
1649.25,-0.149464,-155.195
1649.3,-0.149465,-155.202
1649.35,-0.149456,-155.21
1649.4,-0.149464,-155.217
1649.45,-0.149458,-155.225
1649.5,-0.149465,-155.232
1649.55,-0.14947,-155.24
1649.6,-0.14947,-155.247
1649.65,-0.14948,-155.255
1649.7,-0.149483,-155.262
1649.75,-0.149478,-155.27
1649.8,-0.149466,-155.277
1649.85,-0.149477,-155.285
1649.9,-0.149482,-155.292
1649.95,-0.149479,-155.299
1650.0,-0.149494,-155.307
1650.05,-0.149483,-155.314
1650.1,-0.149483,-155.322
1650.15,-0.149477,-155.329
1650.2,-0.149477,-155.337
1650.25,-0.149478,-155.344
1650.3,-0.149491,-155.352
1650.35,-0.149492,-155.359
1650.4,-0.149488,-155.367
1650.45,-0.14948,-155.374
1650.5,-0.149489,-155.382
1650.55,-0.149492,-155.389
1650.6,-0.149495,-155.397
1650.65,-0.149492,-155.404
1650.7,-0.14949,-155.412
1650.75,-0.149491,-155.419
1650.8,-0.149486,-155.427
1650.85,-0.149486,-155.434
1650.9,-0.149493,-155.441
1650.95,-0.149497,-155.449
1651.0,-0.149495,-155.456
1651.05,-0.149496,-155.464
1651.1,-0.149486,-155.471
1651.15,-0.149485,-155.479
1651.2,-0.149481,-155.486
1651.25,-0.149489,-155.494
1651.3,-0.149483,-155.501
1651.35,-0.149477,-155.509
1651.4,-0.149476,-155.516
1651.45,-0.14948,-155.524
1651.5,-0.149474,-155.531
1651.55,-0.149473,-155.539
1651.6,-0.14948,-155.546
1651.65,-0.149462,-155.554
1651.7,-0.149467,-155.561
1651.75,-0.149476,-155.569
1651.8,-0.149479,-155.576
1651.85,-0.149475,-155.583
1651.9,-0.14947,-155.591
1651.95,-0.149464,-155.598
1652.0,-0.149467,-155.606
1652.05,-0.14947,-155.613
1652.1,-0.149465,-155.621
1652.15,-0.149474,-155.628
1652.2,-0.149469,-155.636
1652.25,-0.14946,-155.643
1652.3,-0.149464,-155.651
1652.35,-0.149466,-155.658
1652.4,-0.149478,-155.666
1652.45,-0.149472,-155.673
1652.5,-0.149476,-155.681
1652.55,-0.149462,-155.688
1652.6,-0.149469,-155.696
1652.65,-0.149461,-155.703
1652.7,-0.149461,-155.711
1652.75,-0.149465,-155.718
1652.8,-0.149458,-155.725
1652.85,-0.149454,-155.733
1652.9,-0.149459,-155.74
1652.95,-0.149457,-155.748
1653.0,-0.149471,-155.755
1653.05,-0.149471,-155.763
1653.1,-0.149459,-155.77
1653.15,-0.149472,-155.778
1653.2,-0.149478,-155.785
1653.25,-0.149476,-155.793
1653.3,-0.149472,-155.8
1653.35,-0.149472,-155.808
1653.4,-0.149466,-155.815
1653.45,-0.149478,-155.823
1653.5,-0.149473,-155.83
1653.55,-0.149485,-155.838
1653.6,-0.149484,-155.845
1653.65,-0.149484,-155.853
1653.7,-0.149475,-155.86
1653.75,-0.149487,-155.867
1653.8,-0.149507,-155.875
1653.85,-0.1495,-155.882
1653.9,-0.149504,-155.89
1653.95,-0.1495,-155.897
1654.0,-0.149493,-155.905
1654.05,-0.149495,-155.912
1654.1,-0.149504,-155.92
1654.15,-0.149495,-155.927
1654.2,-0.149521,-155.935
1654.25,-0.149506,-155.942
1654.3,-0.149508,-155.95
1654.35,-0.149505,-155.957
1654.4,-0.149496,-155.965
1654.45,-0.149498,-155.972
1654.5,-0.149506,-155.98
1654.55,-0.14949,-155.987
1654.6,-0.149506,-155.995
1654.65,-0.149521,-156.002
1654.7,-0.149508,-156.01
1654.75,-0.149519,-156.017
1654.8,-0.149506,-156.024
1654.85,-0.149518,-156.032
1654.9,-0.149524,-156.039
1654.95,-0.14953,-156.047
1655.0,-0.149525,-156.054
1655.05,-0.14953,-156.062
1655.1,-0.149533,-156.069
1655.15,-0.149519,-156.077
1655.2,-0.149531,-156.084
1655.25,-0.149538,-156.092
1655.3,-0.149536,-156.099
1655.35,-0.149532,-156.107
1655.4,-0.149537,-156.114
1655.45,-0.14954,-156.122
1655.5,-0.149546,-156.129
1655.55,-0.14955,-156.137
1655.6,-0.149554,-156.144
1655.65,-0.149559,-156.152
1655.7,-0.149561,-156.159
1655.75,-0.149546,-156.167
1655.8,-0.149545,-156.174
1655.85,-0.149549,-156.181
1655.9,-0.149554,-156.189
1655.95,-0.149556,-156.196
1656.0,-0.149568,-156.204
1656.05,-0.149563,-156.211
1656.1,-0.149556,-156.219
1656.15,-0.149561,-156.226
1656.2,-0.149541,-156.234
1656.25,-0.149565,-156.241
1656.3,-0.149563,-156.249
1656.35,-0.149566,-156.256
1656.4,-0.149566,-156.264
1656.45,-0.149564,-156.271
1656.5,-0.149564,-156.279
1656.55,-0.149568,-156.286
1656.6,-0.149563,-156.294
1656.65,-0.149566,-156.301
1656.7,-0.149576,-156.309
1656.75,-0.149575,-156.316
1656.8,-0.149581,-156.324
1656.85,-0.14958,-156.331
1656.9,-0.14957,-156.339
1656.95,-0.149562,-156.346
1657.0,-0.149578,-156.353
1657.05,-0.149572,-156.361
1657.1,-0.149582,-156.368
1657.15,-0.149571,-156.376
1657.2,-0.149571,-156.383
1657.25,-0.149596,-156.391
1657.3,-0.149593,-156.398
1657.35,-0.149588,-156.406
1657.4,-0.149589,-156.413
1657.45,-0.14958,-156.421
1657.5,-0.149577,-156.428
1657.55,-0.149601,-156.436
1657.6,-0.149589,-156.443
1657.65,-0.149595,-156.451
1657.7,-0.1496,-156.458
1657.75,-0.149608,-156.466
1657.8,-0.149616,-156.473
1657.85,-0.149613,-156.481
1657.9,-0.149602,-156.488
1657.95,-0.149604,-156.496
1658.0,-0.149621,-156.503
1658.05,-0.149629,-156.511
1658.1,-0.14962,-156.518
1658.15,-0.149613,-156.526
1658.2,-0.149619,-156.533
1658.25,-0.149629,-156.54
1658.3,-0.149622,-156.548
1658.35,-0.14963,-156.555
1658.4,-0.149628,-156.563
1658.45,-0.149629,-156.57
1658.5,-0.149632,-156.578
1658.55,-0.149633,-156.585
1658.6,-0.149636,-156.593
1658.65,-0.149636,-156.6
1658.7,-0.149647,-156.608
1658.75,-0.149644,-156.615
1658.8,-0.149653,-156.623
1658.85,-0.149657,-156.63
1658.9,-0.149645,-156.638
1658.95,-0.149649,-156.645
1659.0,-0.149655,-156.653
1659.05,-0.14966,-156.66
1659.1,-0.14966,-156.668
1659.15,-0.149682,-156.675
1659.2,-0.149686,-156.683
1659.25,-0.149683,-156.69
1659.3,-0.149677,-156.698
1659.35,-0.149687,-156.705
1659.4,-0.14969,-156.713
1659.45,-0.149688,-156.72
1659.5,-0.149698,-156.728
1659.55,-0.149712,-156.735
1659.6,-0.149693,-156.743
1659.65,-0.149697,-156.75
1659.7,-0.149698,-156.757
1659.75,-0.149713,-156.765
1659.8,-0.149711,-156.772
1659.85,-0.149723,-156.78
1659.9,-0.149738,-156.787
1659.95,-0.149747,-156.795
1660.0,-0.149803,-156.802
1660.05,-0.149841,-156.81
1660.1,-0.149822,-156.817
1660.15,-0.149826,-156.825
1660.2,-0.149824,-156.832
1660.25,-0.149825,-156.84
1660.3,-0.14982,-156.847
1660.35,-0.149813,-156.855
1660.4,-0.149821,-156.862
1660.45,-0.149843,-156.87
1660.5,-0.149838,-156.877
1660.55,-0.14985,-156.885
1660.6,-0.149867,-156.892
1660.65,-0.149856,-156.9
1660.7,-0.149858,-156.907
1660.75,-0.149857,-156.915
1660.8,-0.149854,-156.922
1660.85,-0.149867,-156.93
1660.9,-0.14986,-156.937
1660.95,-0.14986,-156.945
1661.0,-0.149866,-156.952
1661.05,-0.149879,-156.96
1661.1,-0.149877,-156.967
1661.15,-0.149867,-156.975
1661.2,-0.149883,-156.982
1661.25,-0.149886,-156.99
1661.3,-0.149888,-156.997
1661.35,-0.149888,-157.005
1661.4,-0.149896,-157.012
1661.45,-0.149905,-157.02
1661.5,-0.149912,-157.027
1661.55,-0.149904,-157.035
1661.6,-0.14991,-157.042
1661.65,-0.149915,-157.05
1661.7,-0.149913,-157.057
1661.75,-0.149917,-157.065
1661.8,-0.14991,-157.072
1661.85,-0.149929,-157.08
1661.9,-0.149926,-157.087
1661.95,-0.149924,-157.095
1662.0,-0.149928,-157.102
1662.05,-0.149917,-157.11
1662.1,-0.149927,-157.117
1662.15,-0.14993,-157.125
1662.2,-0.149928,-157.132
1662.25,-0.149923,-157.14
1662.3,-0.149938,-157.147
1662.35,-0.149945,-157.155
1662.4,-0.149937,-157.162
1662.45,-0.149939,-157.17
1662.5,-0.149955,-157.177
1662.55,-0.149953,-157.185
1662.6,-0.149949,-157.192
1662.65,-0.149958,-157.2
1662.7,-0.149964,-157.207
1662.75,-0.149962,-157.215
1662.8,-0.149963,-157.222
1662.85,-0.149974,-157.23
1662.9,-0.149988,-157.237
1662.95,-0.149983,-157.245
1663.0,-0.149992,-157.252
1663.05,-0.149984,-157.26
1663.1,-0.14999,-157.267
1663.15,-0.149996,-157.275
1663.2,-0.15,-157.282
1663.25,-0.150004,-157.29
1663.3,-0.150017,-157.297
1663.35,-0.149984,-157.305
1663.4,-0.150001,-157.312
1663.45,-0.150001,-157.32
1663.5,-0.149998,-157.327
1663.55,-0.150007,-157.335
1663.6,-0.150009,-157.342
1663.65,-0.150019,-157.35
1663.7,-0.150016,-157.357
1663.75,-0.150027,-157.365
1663.8,-0.150026,-157.372
1663.85,-0.150027,-157.38
1663.9,-0.150026,-157.387
1663.95,-0.150045,-157.395
1664.0,-0.150039,-157.402
1664.05,-0.150057,-157.41
1664.1,-0.150046,-157.417
1664.15,-0.150031,-157.425
1664.2,-0.150033,-157.432
1664.25,-0.150051,-157.44
1664.3,-0.150066,-157.447
1664.35,-0.150073,-157.455
1664.4,-0.150074,-157.462
1664.45,-0.150066,-157.47
1664.5,-0.150075,-157.477
1664.55,-0.150077,-157.485
1664.6,-0.150089,-157.492
1664.65,-0.150103,-157.5
1664.7,-0.150108,-157.507
1664.75,-0.150116,-157.515
1664.8,-0.150121,-157.522
1664.85,-0.15011,-157.53
1664.9,-0.150121,-157.537
1664.95,-0.150112,-157.545
1665.0,-0.150122,-157.552
1665.05,-0.150121,-157.56
1665.1,-0.150112,-157.567
1665.15,-0.150132,-157.575
1665.2,-0.15013,-157.582
1665.25,-0.150139,-157.59
1665.3,-0.150131,-157.597
1665.35,-0.150133,-157.605
1665.4,-0.150128,-157.612
1665.45,-0.150133,-157.62
1665.5,-0.150137,-157.627
1665.55,-0.150144,-157.635
1665.6,-0.150136,-157.642
1665.65,-0.150142,-157.65
1665.7,-0.150148,-157.657
1665.75,-0.150153,-157.665
1665.8,-0.150162,-157.672
1665.85,-0.150153,-157.68
1665.9,-0.15014,-157.687
1665.95,-0.150143,-157.695
1666.0,-0.150146,-157.702
1666.05,-0.150143,-157.71
1666.1,-0.150146,-157.717
1666.15,-0.15016,-157.725
1666.2,-0.150151,-157.732
1666.25,-0.150161,-157.74
1666.3,-0.150171,-157.747
1666.35,-0.150172,-157.755
1666.4,-0.150177,-157.762
1666.45,-0.150167,-157.77
1666.5,-0.15017,-157.777
1666.55,-0.150178,-157.785
1666.6,-0.150177,-157.792
1666.65,-0.150169,-157.8
1666.7,-0.15018,-157.807
1666.75,-0.15018,-157.815
1666.8,-0.150182,-157.822
1666.85,-0.150189,-157.83
1666.9,-0.150187,-157.837
1666.95,-0.150176,-157.845
1667.0,-0.150188,-157.853
1667.05,-0.150194,-157.86
1667.1,-0.15019,-157.868
1667.15,-0.150187,-157.875
1667.2,-0.150195,-157.883
1667.25,-0.150188,-157.89
1667.3,-0.15019,-157.898
1667.35,-0.150194,-157.905
1667.4,-0.150188,-157.913
1667.45,-0.150191,-157.92
1667.5,-0.150194,-157.928
1667.55,-0.1502,-157.935
1667.6,-0.150188,-157.943
1667.65,-0.150208,-157.95
1667.7,-0.150203,-157.958
1667.75,-0.150206,-157.965
1667.8,-0.150209,-157.973
1667.85,-0.150208,-157.98
1667.9,-0.150212,-157.988
1667.95,-0.150213,-157.995
1668.0,-0.150223,-158.003
1668.05,-0.150215,-158.01
1668.1,-0.15024,-158.018
1668.15,-0.15025,-158.025
1668.2,-0.150251,-158.033
1668.25,-0.150275,-158.04
1668.3,-0.150269,-158.048
1668.35,-0.150271,-158.055
1668.4,-0.150266,-158.063
1668.45,-0.150269,-158.07
1668.5,-0.150282,-158.078
1668.55,-0.150276,-158.085
1668.6,-0.150281,-158.093
1668.65,-0.150279,-158.1
1668.7,-0.150282,-158.108
1668.75,-0.150276,-158.115
1668.8,-0.150288,-158.123
1668.85,-0.150289,-158.13
1668.9,-0.150284,-158.138
1668.95,-0.150287,-158.145
1669.0,-0.150289,-158.153
1669.05,-0.150294,-158.16
1669.1,-0.150292,-158.168
1669.15,-0.150279,-158.176
1669.2,-0.150297,-158.183
1669.25,-0.150297,-158.191
1669.3,-0.150299,-158.198
1669.35,-0.150295,-158.206
1669.4,-0.150308,-158.213
1669.45,-0.150312,-158.221
1669.5,-0.150304,-158.228
1669.55,-0.150303,-158.236
1669.6,-0.150313,-158.243
1669.65,-0.150302,-158.251
1669.7,-0.150315,-158.258
1669.75,-0.150305,-158.266
1669.8,-0.150309,-158.273
1669.85,-0.150311,-158.281
1669.9,-0.150318,-158.288
1669.95,-0.15032,-158.296
1670.0,-0.150326,-158.303
1670.05,-0.150316,-158.311
1670.1,-0.150306,-158.318
1670.15,-0.150324,-158.326
1670.2,-0.150313,-158.333
1670.25,-0.150319,-158.341
1670.3,-0.150317,-158.348
1670.35,-0.150332,-158.356
1670.4,-0.150318,-158.363
1670.45,-0.15031,-158.371
1670.5,-0.150312,-158.378
1670.55,-0.150306,-158.386
1670.6,-0.15031,-158.393
1670.65,-0.15031,-158.401
1670.7,-0.150314,-158.409
1670.75,-0.150307,-158.416
1670.8,-0.150291,-158.424
1670.85,-0.150301,-158.431
1670.9,-0.150304,-158.439
1670.95,-0.150307,-158.446
1671.0,-0.150318,-158.454
1671.05,-0.150313,-158.461
1671.1,-0.150307,-158.469
1671.15,-0.150294,-158.476
1671.2,-0.150292,-158.484
1671.25,-0.1503,-158.491
1671.3,-0.150302,-158.499
1671.35,-0.150308,-158.506
1671.4,-0.150303,-158.514
1671.45,-0.150328,-158.521
1671.5,-0.150329,-158.529
1671.55,-0.150331,-158.536
1671.6,-0.150346,-158.544
1671.65,-0.150345,-158.551
1671.7,-0.15035,-158.559
1671.75,-0.15035,-158.566
1671.8,-0.15036,-158.574
1671.85,-0.150369,-158.581
1671.9,-0.150367,-158.589
1671.95,-0.150389,-158.596
1672.0,-0.150407,-158.604
1672.05,-0.150408,-158.611
1672.1,-0.150421,-158.619
1672.15,-0.150436,-158.626
1672.2,-0.15043,-158.634
1672.25,-0.150445,-158.642
1672.3,-0.150439,-158.649
1672.35,-0.150443,-158.657
1672.4,-0.150443,-158.664
1672.45,-0.150439,-158.672
1672.5,-0.15044,-158.679
1672.55,-0.150422,-158.687
1672.6,-0.150424,-158.694
1672.65,-0.150431,-158.702
1672.7,-0.150434,-158.709
1672.75,-0.150441,-158.717
1672.8,-0.150415,-158.724
1672.85,-0.15041,-158.732
1672.9,-0.150404,-158.739
1672.95,-0.150391,-158.747
1673.0,-0.150393,-158.754
1673.05,-0.150416,-158.762
1673.1,-0.150414,-158.769
1673.15,-0.150425,-158.777
1673.2,-0.150407,-158.784
1673.25,-0.150393,-158.792
1673.3,-0.150405,-158.799
1673.35,-0.150401,-158.807
1673.4,-0.150391,-158.815
1673.45,-0.150412,-158.822
1673.5,-0.150392,-158.83
1673.55,-0.150385,-158.837
1673.6,-0.150387,-158.845
1673.65,-0.150379,-158.852
1673.7,-0.15038,-158.86
1673.75,-0.150377,-158.867
1673.8,-0.150381,-158.875
1673.85,-0.150388,-158.882
1673.9,-0.150381,-158.89
1673.95,-0.150377,-158.897
1674.0,-0.150373,-158.905
1674.05,-0.150353,-158.912
1674.1,-0.15036,-158.92
1674.15,-0.150364,-158.927
1674.2,-0.150366,-158.935
1674.25,-0.150352,-158.942
1674.3,-0.150361,-158.95
1674.35,-0.150343,-158.957
1674.4,-0.150354,-158.965
1674.45,-0.150352,-158.972
1674.5,-0.150355,-158.98
1674.55,-0.150359,-158.987
1674.6,-0.150339,-158.995
1674.65,-0.150346,-159.002
1674.7,-0.15033,-159.01
1674.75,-0.150334,-159.018
1674.8,-0.150337,-159.025
1674.85,-0.150346,-159.033
1674.9,-0.150327,-159.04
1674.95,-0.150327,-159.048
1675.0,-0.150308,-159.055
1675.05,-0.150321,-159.063
1675.1,-0.15032,-159.07
1675.15,-0.150308,-159.078
1675.2,-0.150318,-159.085
1675.25,-0.150308,-159.093
1675.3,-0.150319,-159.1
1675.35,-0.150311,-159.108
1675.4,-0.150307,-159.115
1675.45,-0.150317,-159.123
1675.5,-0.150311,-159.13
1675.55,-0.150304,-159.138
1675.6,-0.150287,-159.145
1675.65,-0.150267,-159.153
1675.7,-0.150272,-159.16
1675.75,-0.150267,-159.168
1675.8,-0.15026,-159.175
1675.85,-0.150288,-159.183
1675.9,-0.150269,-159.19
1675.95,-0.150275,-159.198
1676.0,-0.150266,-159.205
1676.05,-0.150271,-159.213
1676.1,-0.150266,-159.22
1676.15,-0.150255,-159.228
1676.2,-0.150264,-159.235
1676.25,-0.150263,-159.243
1676.3,-0.150263,-159.25
1676.35,-0.150259,-159.258
1676.4,-0.150254,-159.265
1676.45,-0.150263,-159.273
1676.5,-0.150263,-159.281
1676.55,-0.150245,-159.288
1676.6,-0.150253,-159.296
1676.65,-0.150265,-159.303
1676.7,-0.150253,-159.311
1676.75,-0.150239,-159.318
1676.8,-0.150257,-159.326
1676.85,-0.150255,-159.333
1676.9,-0.150258,-159.341
1676.95,-0.150265,-159.348
1677.0,-0.150263,-159.356
1677.05,-0.150267,-159.363
1677.1,-0.150247,-159.371
1677.15,-0.150246,-159.378
1677.2,-0.150247,-159.386
1677.25,-0.150258,-159.393
1677.3,-0.150264,-159.401
1677.35,-0.150264,-159.408
1677.4,-0.150261,-159.416
1677.45,-0.150248,-159.423
1677.5,-0.150232,-159.431
1677.55,-0.150242,-159.438
1677.6,-0.150249,-159.446
1677.65,-0.150245,-159.453
1677.7,-0.150236,-159.461
1677.75,-0.150238,-159.468
1677.8,-0.150232,-159.476
1677.85,-0.150226,-159.483
1677.9,-0.150228,-159.491
1677.95,-0.150228,-159.498
1678.0,-0.150219,-159.506
1678.05,-0.150218,-159.513
1678.1,-0.150197,-159.521
1678.15,-0.150212,-159.528
1678.2,-0.150215,-159.536
1678.25,-0.150205,-159.543
1678.3,-0.150221,-159.551
1678.35,-0.15022,-159.558
1678.4,-0.150209,-159.566
1678.45,-0.150204,-159.573
1678.5,-0.150181,-159.581
1678.55,-0.150183,-159.589
1678.6,-0.150193,-159.596
1678.65,-0.1502,-159.604
1678.7,-0.150186,-159.611
1678.75,-0.150176,-159.619
1678.8,-0.15018,-159.626
1678.85,-0.150166,-159.634
1678.9,-0.150163,-159.641
1678.95,-0.150173,-159.649
1679.0,-0.150177,-159.656
1679.05,-0.150188,-159.664
1679.1,-0.150189,-159.671
1679.15,-0.150183,-159.679
1679.2,-0.150188,-159.686
1679.25,-0.150174,-159.694
1679.3,-0.150204,-159.701
1679.35,-0.150195,-159.709
1679.4,-0.150199,-159.716
1679.45,-0.150209,-159.724
1679.5,-0.150216,-159.731
1679.55,-0.150215,-159.739
1679.6,-0.150216,-159.746
1679.65,-0.150212,-159.754
1679.7,-0.150224,-159.761
1679.75,-0.150241,-159.769
1679.8,-0.150228,-159.776
1679.85,-0.150217,-159.784
1679.9,-0.150223,-159.791
1679.95,-0.150227,-159.799
1680.0,-0.150233,-159.806
1680.05,-0.150225,-159.814
1680.1,-0.150236,-159.821
1680.15,-0.150225,-159.829
1680.2,-0.150221,-159.836
1680.25,-0.150218,-159.844
1680.3,-0.150228,-159.851
1680.35,-0.150233,-159.859
1680.4,-0.150234,-159.866
1680.45,-0.15024,-159.874
1680.5,-0.150231,-159.881
1680.55,-0.150223,-159.889
1680.6,-0.150224,-159.896
1680.65,-0.150216,-159.904
1680.7,-0.150219,-159.911
1680.75,-0.15023,-159.919
1680.8,-0.150228,-159.926
1680.85,-0.150223,-159.934
1680.9,-0.150221,-159.941
1680.95,-0.150226,-159.949
1681.0,-0.150212,-159.957
1681.05,-0.150219,-159.964
1681.1,-0.150229,-159.972
1681.15,-0.150208,-159.979
1681.2,-0.150215,-159.987
1681.25,-0.150219,-159.994
1681.3,-0.150209,-160.002
1681.35,-0.150217,-160.009
1681.4,-0.150209,-160.017
1681.45,-0.150213,-160.024
1681.5,-0.150206,-160.032
1681.55,-0.150186,-160.039
1681.6,-0.150195,-160.047
1681.65,-0.150197,-160.054
1681.7,-0.150199,-160.062
1681.75,-0.150196,-160.069
1681.8,-0.150188,-160.077
1681.85,-0.150191,-160.084
1681.9,-0.150188,-160.092
1681.95,-0.150173,-160.099
1682.0,-0.150186,-160.107
1682.05,-0.150176,-160.114
1682.1,-0.150177,-160.122
1682.15,-0.150181,-160.129
1682.2,-0.150167,-160.137
1682.25,-0.150169,-160.144
1682.3,-0.150167,-160.152
1682.35,-0.150169,-160.159
1682.4,-0.150168,-160.167
1682.45,-0.15016,-160.174
1682.5,-0.150152,-160.182
1682.55,-0.150152,-160.189
1682.6,-0.150153,-160.197
1682.65,-0.150145,-160.204
1682.7,-0.150148,-160.212
1682.75,-0.150151,-160.219
1682.8,-0.150141,-160.227
1682.85,-0.150144,-160.234
1682.9,-0.150147,-160.242
1682.95,-0.150139,-160.249
1683.0,-0.150128,-160.257
1683.05,-0.150122,-160.264
1683.1,-0.150104,-160.272
1683.15,-0.150107,-160.279
1683.2,-0.150108,-160.287
1683.25,-0.150104,-160.294
1683.3,-0.150093,-160.302
1683.35,-0.150097,-160.309
1683.4,-0.1501,-160.317
1683.45,-0.1501,-160.324
1683.5,-0.150088,-160.332
1683.55,-0.150091,-160.339
1683.6,-0.150076,-160.347
1683.65,-0.150089,-160.354
1683.7,-0.150085,-160.362
1683.75,-0.150087,-160.369
1683.8,-0.150085,-160.377
1683.85,-0.150084,-160.384
1683.9,-0.150083,-160.392
1683.95,-0.150082,-160.399
1684.0,-0.150083,-160.407
1684.05,-0.150086,-160.414
1684.1,-0.150075,-160.422
1684.15,-0.150086,-160.429
1684.2,-0.150085,-160.437
1684.25,-0.15008,-160.444
1684.3,-0.150081,-160.452
1684.35,-0.150083,-160.46
1684.4,-0.150079,-160.467
1684.45,-0.15009,-160.475
1684.5,-0.150086,-160.482
1684.55,-0.150086,-160.49
1684.6,-0.150081,-160.497
1684.65,-0.150087,-160.505
1684.7,-0.150086,-160.512
1684.75,-0.150083,-160.52
1684.8,-0.15008,-160.527
1684.85,-0.150092,-160.535
1684.9,-0.150093,-160.542
1684.95,-0.150085,-160.55
1685.0,-0.150097,-160.557
1685.05,-0.150102,-160.565
1685.1,-0.150104,-160.572
1685.15,-0.150102,-160.58
1685.2,-0.15009,-160.587
1685.25,-0.150092,-160.595
1685.3,-0.150107,-160.602
1685.35,-0.150104,-160.61
1685.4,-0.150109,-160.617
1685.45,-0.150104,-160.625
1685.5,-0.150094,-160.632
1685.55,-0.1501,-160.64
1685.6,-0.150111,-160.647
1685.65,-0.150107,-160.655
1685.7,-0.150111,-160.662
1685.75,-0.1501,-160.67
1685.8,-0.150107,-160.677
1685.85,-0.150106,-160.685
1685.9,-0.150103,-160.692
1685.95,-0.150107,-160.7
1686.0,-0.150116,-160.707
1686.05,-0.150119,-160.715
1686.1,-0.150116,-160.722
1686.15,-0.150114,-160.73
1686.2,-0.150105,-160.737
1686.25,-0.150113,-160.745
1686.3,-0.150114,-160.752
1686.35,-0.150116,-160.76
1686.4,-0.150105,-160.767
1686.45,-0.150105,-160.775
1686.5,-0.150099,-160.782
1686.55,-0.150095,-160.79
1686.6,-0.150102,-160.797
1686.65,-0.150097,-160.805
1686.7,-0.1501,-160.812
1686.75,-0.150092,-160.82
1686.8,-0.150091,-160.827
1686.85,-0.150089,-160.835
1686.9,-0.15009,-160.842
1686.95,-0.150091,-160.85
1687.0,-0.150091,-160.857
1687.05,-0.150079,-160.865
1687.1,-0.150083,-160.872
1687.15,-0.150074,-160.88
1687.2,-0.150076,-160.887
1687.25,-0.150075,-160.895
1687.3,-0.15009,-160.902
1687.35,-0.150089,-160.91
1687.4,-0.150093,-160.917
1687.45,-0.15009,-160.925
1687.5,-0.150106,-160.932
1687.55,-0.150092,-160.94
1687.6,-0.150102,-160.947
1687.65,-0.15009,-160.955
1687.7,-0.150112,-160.962
1687.75,-0.150123,-160.97
1687.8,-0.150125,-160.977
1687.85,-0.150126,-160.985
1687.9,-0.15015,-160.992
1687.95,-0.150165,-161.0
1688.0,-0.150164,-161.007
1688.05,-0.150185,-161.015
1688.1,-0.150201,-161.022
1688.15,-0.150207,-161.03
1688.2,-0.150216,-161.037
1688.25,-0.150207,-161.045
1688.3,-0.15022,-161.052
1688.35,-0.150234,-161.06
1688.4,-0.150229,-161.067
1688.45,-0.150228,-161.075
1688.5,-0.150242,-161.082
1688.55,-0.150247,-161.09
1688.6,-0.150238,-161.098
1688.65,-0.150244,-161.105
1688.7,-0.150244,-161.113
1688.75,-0.150256,-161.12
1688.8,-0.15026,-161.128
1688.85,-0.150266,-161.135
1688.9,-0.150271,-161.143
1688.95,-0.150264,-161.15
1689.0,-0.150263,-161.158
1689.05,-0.150271,-161.165
1689.1,-0.150269,-161.173
1689.15,-0.15027,-161.18
1689.2,-0.15028,-161.188
1689.25,-0.150278,-161.195
1689.3,-0.15027,-161.203
1689.35,-0.150275,-161.21
1689.4,-0.150298,-161.218
1689.45,-0.150288,-161.225
1689.5,-0.150291,-161.233
1689.55,-0.15031,-161.24
1689.6,-0.150293,-161.248
1689.65,-0.150263,-161.255
1689.7,-0.150253,-161.263
1689.75,-0.150246,-161.27
1689.8,-0.150254,-161.278
1689.85,-0.150246,-161.285
1689.9,-0.15026,-161.293
1689.95,-0.150252,-161.3
1690.0,-0.150258,-161.308
1690.05,-0.150267,-161.315
1690.1,-0.150262,-161.323
1690.15,-0.150279,-161.33
1690.2,-0.150278,-161.338
1690.25,-0.150278,-161.345
1690.3,-0.15027,-161.353
1690.35,-0.150272,-161.36
1690.4,-0.150276,-161.368
1690.45,-0.150264,-161.376
1690.5,-0.150271,-161.383
1690.55,-0.150277,-161.391
1690.6,-0.15028,-161.398
1690.65,-0.150286,-161.406
1690.7,-0.150273,-161.413
1690.75,-0.15028,-161.421
1690.8,-0.15028,-161.428
1690.85,-0.150301,-161.436
1690.9,-0.150301,-161.443
1690.95,-0.15031,-161.451
1691.0,-0.150297,-161.458
1691.05,-0.150299,-161.466
1691.1,-0.150309,-161.473
1691.15,-0.150306,-161.481
1691.2,-0.150322,-161.488
1691.25,-0.150325,-161.496
1691.3,-0.150324,-161.503
1691.35,-0.150319,-161.511
1691.4,-0.150321,-161.518
1691.45,-0.150334,-161.526
1691.5,-0.150329,-161.533
1691.55,-0.150343,-161.541
1691.6,-0.15035,-161.548
1691.65,-0.150362,-161.556
1691.7,-0.15035,-161.563
1691.75,-0.150357,-161.571
1691.8,-0.150347,-161.578
1691.85,-0.150364,-161.586
1691.9,-0.150367,-161.593
1691.95,-0.150376,-161.601
1692.0,-0.150371,-161.608
1692.05,-0.150364,-161.616
1692.1,-0.150371,-161.624
1692.15,-0.150366,-161.631
1692.2,-0.150372,-161.639
1692.25,-0.150388,-161.646
1692.3,-0.15039,-161.654
1692.35,-0.150399,-161.661
1692.4,-0.150388,-161.669
1692.45,-0.150381,-161.676
1692.5,-0.150398,-161.684
1692.55,-0.150411,-161.691
1692.6,-0.150419,-161.699
1692.65,-0.150426,-161.706
1692.7,-0.150427,-161.714
1692.75,-0.15043,-161.721
1692.8,-0.150442,-161.729
1692.85,-0.150431,-161.736
1692.9,-0.150451,-161.744
1692.95,-0.150444,-161.751
1693.0,-0.150465,-161.759
1693.05,-0.150446,-161.766
1693.1,-0.15045,-161.774
1693.15,-0.150455,-161.781
1693.2,-0.150442,-161.789
1693.25,-0.150447,-161.797
1693.3,-0.150458,-161.804
1693.35,-0.150481,-161.812
1693.4,-0.150489,-161.819
1693.45,-0.150483,-161.827
1693.5,-0.150481,-161.834
1693.55,-0.150495,-161.842
1693.6,-0.150503,-161.849
1693.65,-0.150515,-161.857
1693.7,-0.150512,-161.864
1693.75,-0.150525,-161.872
1693.8,-0.150525,-161.879
1693.85,-0.150534,-161.887
1693.9,-0.150533,-161.894
1693.95,-0.150544,-161.902
1694.0,-0.150548,-161.909
1694.05,-0.150559,-161.917
1694.1,-0.150559,-161.924
1694.15,-0.150561,-161.932
1694.2,-0.150558,-161.94
1694.25,-0.150571,-161.947
1694.3,-0.150571,-161.955
1694.35,-0.150581,-161.962
1694.4,-0.150594,-161.97
1694.45,-0.150595,-161.977
1694.5,-0.150599,-161.985
1694.55,-0.150599,-161.992
1694.6,-0.150599,-162.0
1694.65,-0.150614,-162.007
1694.7,-0.150614,-162.015
1694.75,-0.150609,-162.022
1694.8,-0.150608,-162.03
1694.85,-0.150605,-162.037
1694.9,-0.150601,-162.045
1694.95,-0.150606,-162.052
1695.0,-0.150614,-162.06
1695.05,-0.150617,-162.068
1695.1,-0.150624,-162.075
1695.15,-0.150609,-162.083
1695.2,-0.15062,-162.09
1695.25,-0.150622,-162.098
1695.3,-0.150626,-162.105
1695.35,-0.150624,-162.113
1695.4,-0.150628,-162.12
1695.45,-0.150622,-162.128
1695.5,-0.150621,-162.135
1695.55,-0.150623,-162.143
1695.6,-0.150612,-162.15
1695.65,-0.150632,-162.158
1695.7,-0.150627,-162.165
1695.75,-0.150626,-162.173
1695.8,-0.150635,-162.18
1695.85,-0.150636,-162.188
1695.9,-0.150642,-162.196
1695.95,-0.150645,-162.203
1696.0,-0.150642,-162.211
1696.05,-0.150672,-162.218
1696.1,-0.150681,-162.226
1696.15,-0.150691,-162.233
1696.2,-0.150703,-162.241
1696.25,-0.150718,-162.248
1696.3,-0.150729,-162.256
1696.35,-0.150737,-162.263
1696.4,-0.150725,-162.271
1696.45,-0.150743,-162.278
1696.5,-0.150742,-162.286
1696.55,-0.150745,-162.294
1696.6,-0.15074,-162.301
1696.65,-0.150743,-162.309
1696.7,-0.150751,-162.316
1696.75,-0.150752,-162.324
1696.8,-0.150754,-162.331
1696.85,-0.150751,-162.339
1696.9,-0.150756,-162.346
1696.95,-0.150768,-162.354
1697.0,-0.150771,-162.361
1697.05,-0.150776,-162.369
1697.1,-0.150793,-162.376
1697.15,-0.150803,-162.384
1697.2,-0.150825,-162.392
1697.25,-0.150829,-162.399
1697.3,-0.150838,-162.407
1697.35,-0.150845,-162.414
1697.4,-0.150843,-162.422
1697.45,-0.15086,-162.429
1697.5,-0.150869,-162.437
1697.55,-0.150872,-162.444
1697.6,-0.150883,-162.452
1697.65,-0.150889,-162.459
1697.7,-0.150897,-162.467
1697.75,-0.150888,-162.474
1697.8,-0.150891,-162.482
1697.85,-0.150912,-162.49
1697.9,-0.150917,-162.497
1697.95,-0.150905,-162.505
1698.0,-0.150917,-162.512
1698.05,-0.150928,-162.52
1698.1,-0.15093,-162.527
1698.15,-0.150935,-162.535
1698.2,-0.150939,-162.542
1698.25,-0.15095,-162.55
1698.3,-0.15094,-162.557
1698.35,-0.150944,-162.565
1698.4,-0.150944,-162.573
1698.45,-0.150954,-162.58
1698.5,-0.150942,-162.588
1698.55,-0.150952,-162.595
1698.6,-0.150969,-162.603
1698.65,-0.150979,-162.61
1698.7,-0.150974,-162.618
1698.75,-0.150969,-162.625
1698.8,-0.150981,-162.633
1698.85,-0.150985,-162.641
1698.9,-0.150982,-162.648
1698.95,-0.150981,-162.656
1699.0,-0.150991,-162.663
1699.05,-0.151011,-162.671
1699.1,-0.151014,-162.678
1699.15,-0.151007,-162.686
1699.2,-0.151011,-162.693
1699.25,-0.151018,-162.701
1699.3,-0.151022,-162.708
1699.35,-0.151038,-162.716
1699.4,-0.151041,-162.724
1699.45,-0.151047,-162.731
1699.5,-0.151052,-162.739
1699.55,-0.15104,-162.746
1699.6,-0.151054,-162.754
1699.65,-0.151056,-162.761
1699.7,-0.151052,-162.769
1699.75,-0.151059,-162.776
1699.8,-0.151053,-162.784
1699.85,-0.151054,-162.792
1699.9,-0.151056,-162.799
1699.95,-0.151064,-162.807
1700.0,-0.151055,-162.814
1700.05,-0.151051,-162.822
1700.1,-0.151061,-162.829
1700.15,-0.151065,-162.837
1700.2,-0.151072,-162.844
1700.25,-0.151092,-162.852
1700.3,-0.151088,-162.86
1700.35,-0.151095,-162.867
1700.4,-0.1511,-162.875
1700.45,-0.15109,-162.882
1700.5,-0.151091,-162.89
1700.55,-0.151103,-162.897
1700.6,-0.151098,-162.905
1700.65,-0.151108,-162.912
1700.7,-0.151091,-162.92
1700.75,-0.151107,-162.928
1700.8,-0.151117,-162.935
1700.85,-0.151126,-162.943
1700.9,-0.151115,-162.95
1700.95,-0.151104,-162.958
1701.0,-0.15111,-162.965
1701.05,-0.151129,-162.973
1701.1,-0.151127,-162.98
1701.15,-0.151135,-162.988
1701.2,-0.151124,-162.996
1701.25,-0.151134,-163.003
1701.3,-0.151136,-163.011
1701.35,-0.151134,-163.018
1701.4,-0.151144,-163.026
1701.45,-0.151141,-163.033
1701.5,-0.151139,-163.041
1701.55,-0.151141,-163.048
1701.6,-0.151146,-163.056
1701.65,-0.151143,-163.064
1701.7,-0.151147,-163.071
1701.75,-0.151138,-163.079
1701.8,-0.151133,-163.086
1701.85,-0.151136,-163.094
1701.9,-0.151146,-163.101
1701.95,-0.151155,-163.109
1702.0,-0.151163,-163.116
1702.05,-0.151163,-163.124
1702.1,-0.151171,-163.132
1702.15,-0.151158,-163.139
1702.2,-0.151155,-163.147
1702.25,-0.151149,-163.154
1702.3,-0.151153,-163.162
1702.35,-0.151144,-163.169
1702.4,-0.151161,-163.177
1702.45,-0.151152,-163.184
1702.5,-0.151161,-163.192
1702.55,-0.151145,-163.2
1702.6,-0.151155,-163.207
1702.65,-0.151159,-163.215
1702.7,-0.151154,-163.222
1702.75,-0.151162,-163.23
1702.8,-0.151158,-163.237
1702.85,-0.151172,-163.245
1702.9,-0.151167,-163.252
1702.95,-0.151151,-163.26
1703.0,-0.15116,-163.268
1703.05,-0.15116,-163.275
1703.1,-0.151153,-163.283
1703.15,-0.151156,-163.29
1703.2,-0.15115,-163.298
1703.25,-0.151143,-163.305
1703.3,-0.151137,-163.313
1703.35,-0.151144,-163.321
1703.4,-0.151139,-163.328
1703.45,-0.15115,-163.336
1703.5,-0.151154,-163.343
1703.55,-0.151141,-163.351
1703.6,-0.151167,-163.358
1703.65,-0.151164,-163.366
1703.7,-0.151164,-163.373
1703.75,-0.151168,-163.381
1703.8,-0.151189,-163.389
1703.85,-0.151192,-163.396
1703.9,-0.151188,-163.404
1703.95,-0.151189,-163.411
1704.0,-0.151194,-163.419
1704.05,-0.151204,-163.426
1704.1,-0.151192,-163.434
1704.15,-0.151214,-163.441
1704.2,-0.151216,-163.449
1704.25,-0.151221,-163.457
1704.3,-0.151221,-163.464
1704.35,-0.151215,-163.472
1704.4,-0.151206,-163.479
1704.45,-0.15122,-163.487
1704.5,-0.151233,-163.494
1704.55,-0.151221,-163.502
1704.6,-0.151223,-163.509
1704.65,-0.151226,-163.517
1704.7,-0.15123,-163.525
1704.75,-0.15123,-163.532
1704.8,-0.151243,-163.54
1704.85,-0.15124,-163.547
1704.9,-0.15124,-163.555
1704.95,-0.151238,-163.562
1705.0,-0.151231,-163.57
1705.05,-0.151224,-163.578
1705.1,-0.151231,-163.585
1705.15,-0.151231,-163.593
1705.2,-0.151225,-163.6
1705.25,-0.151226,-163.608
1705.3,-0.151217,-163.615
1705.35,-0.151213,-163.623
1705.4,-0.151219,-163.63
1705.45,-0.15121,-163.638
1705.5,-0.151209,-163.646
1705.55,-0.151219,-163.653
1705.6,-0.151216,-163.661
1705.65,-0.151226,-163.668
1705.7,-0.151223,-163.676
1705.75,-0.151222,-163.683
1705.8,-0.15123,-163.691
1705.85,-0.151234,-163.699
1705.9,-0.151231,-163.706
1705.95,-0.151217,-163.714
1706.0,-0.151219,-163.721
1706.05,-0.15122,-163.729
1706.1,-0.151204,-163.736
1706.15,-0.1512,-163.744
1706.2,-0.151211,-163.751
1706.25,-0.151206,-163.759
1706.3,-0.15121,-163.767
1706.35,-0.151203,-163.774
1706.4,-0.151198,-163.782
1706.45,-0.151211,-163.789
1706.5,-0.151207,-163.797
1706.55,-0.151204,-163.804
1706.6,-0.151185,-163.812
1706.65,-0.151183,-163.819
1706.7,-0.151175,-163.827
1706.75,-0.151184,-163.835
1706.8,-0.151185,-163.842
1706.85,-0.151175,-163.85
1706.9,-0.151177,-163.857
1706.95,-0.151178,-163.865
1707.0,-0.151184,-163.872
1707.05,-0.151192,-163.88
1707.1,-0.151193,-163.888
1707.15,-0.151191,-163.895
1707.2,-0.151189,-163.903
1707.25,-0.151184,-163.91
1707.3,-0.1512,-163.918
1707.35,-0.151213,-163.925
1707.4,-0.151216,-163.933
1707.45,-0.151228,-163.94
1707.5,-0.151235,-163.948
1707.55,-0.151236,-163.956
1707.6,-0.151227,-163.963
1707.65,-0.15123,-163.971
1707.7,-0.151241,-163.978
1707.75,-0.151245,-163.986
1707.8,-0.151228,-163.993
1707.85,-0.151227,-164.001
1707.9,-0.151229,-164.008
1707.95,-0.151237,-164.016
1708.0,-0.151264,-164.024
1708.05,-0.151282,-164.031
1708.1,-0.151291,-164.039
1708.15,-0.151291,-164.046
1708.2,-0.151281,-164.054
1708.25,-0.151296,-164.061
1708.3,-0.151281,-164.069
1708.35,-0.151299,-164.077
1708.4,-0.151305,-164.084
1708.45,-0.151316,-164.092
1708.5,-0.151316,-164.099
1708.55,-0.151322,-164.107
1708.6,-0.151332,-164.114
1708.65,-0.151327,-164.122
1708.7,-0.151328,-164.13
1708.75,-0.151334,-164.137
1708.8,-0.151331,-164.145
1708.85,-0.151329,-164.152
1708.9,-0.151332,-164.16
1708.95,-0.15134,-164.167
1709.0,-0.151333,-164.175
1709.05,-0.151341,-164.183
1709.1,-0.151337,-164.19
1709.15,-0.151333,-164.198
1709.2,-0.151322,-164.205
1709.25,-0.151315,-164.213
1709.3,-0.151318,-164.22
1709.35,-0.151325,-164.228
1709.4,-0.151335,-164.235
1709.45,-0.151328,-164.243
1709.5,-0.151333,-164.251
1709.55,-0.15133,-164.258
1709.6,-0.151323,-164.266
1709.65,-0.151336,-164.273
1709.7,-0.151324,-164.281
1709.75,-0.151323,-164.288
1709.8,-0.151334,-164.296
1709.85,-0.151335,-164.304
1709.9,-0.1515,-164.311
1709.95,-0.151536,-164.319
1710.0,-0.151556,-164.326
1710.05,-0.151568,-164.334
1710.1,-0.151581,-164.341
1710.15,-0.151577,-164.349
1710.2,-0.15159,-164.357
1710.25,-0.151591,-164.364
1710.3,-0.151567,-164.372
1710.35,-0.151581,-164.379
1710.4,-0.151583,-164.387
1710.45,-0.151596,-164.395
1710.5,-0.151601,-164.402
1710.55,-0.151593,-164.41
1710.6,-0.151602,-164.417
1710.65,-0.151598,-164.425
1710.7,-0.151589,-164.432
1710.75,-0.151589,-164.44
1710.8,-0.151598,-164.448
1710.85,-0.151602,-164.455
1710.9,-0.151608,-164.463
1710.95,-0.151618,-164.47
1711.0,-0.15162,-164.478
1711.05,-0.151634,-164.485
1711.1,-0.151643,-164.493
1711.15,-0.151641,-164.501
1711.2,-0.151631,-164.508
1711.25,-0.151632,-164.516
1711.3,-0.151619,-164.523
1711.35,-0.151635,-164.531
1711.4,-0.151643,-164.539
1711.45,-0.151639,-164.546
1711.5,-0.151654,-164.554
1711.55,-0.151649,-164.561
1711.6,-0.15166,-164.569
1711.65,-0.151675,-164.576
1711.7,-0.151677,-164.584
1711.75,-0.151704,-164.592
1711.8,-0.151697,-164.599
1711.85,-0.151705,-164.607
1711.9,-0.151713,-164.614
1711.95,-0.151697,-164.622
1712.0,-0.151695,-164.63
1712.05,-0.151683,-164.637
1712.1,-0.151696,-164.645
1712.15,-0.151688,-164.652
1712.2,-0.151687,-164.66
1712.25,-0.151686,-164.667
1712.3,-0.151698,-164.675
1712.35,-0.15169,-164.683
1712.4,-0.151693,-164.69
1712.45,-0.151702,-164.698
1712.5,-0.151711,-164.705
1712.55,-0.151709,-164.713
1712.6,-0.151709,-164.721
1712.65,-0.151702,-164.728
1712.7,-0.151705,-164.736
1712.75,-0.151702,-164.743
1712.8,-0.151708,-164.751
1712.85,-0.151699,-164.758
1712.9,-0.151694,-164.766
1712.95,-0.151698,-164.774
1713.0,-0.151696,-164.781
1713.05,-0.151693,-164.789
1713.1,-0.15172,-164.796
1713.15,-0.151706,-164.804
1713.2,-0.151697,-164.812
1713.25,-0.151713,-164.819
1713.3,-0.151709,-164.827
1713.35,-0.151703,-164.834
1713.4,-0.151701,-164.842
1713.45,-0.151712,-164.85
1713.5,-0.151712,-164.857
1713.55,-0.151719,-164.865
1713.6,-0.151719,-164.872
1713.65,-0.151728,-164.88
1713.7,-0.151722,-164.887
1713.75,-0.151711,-164.895
1713.8,-0.151719,-164.903
1713.85,-0.151729,-164.91
1713.9,-0.151725,-164.918
1713.95,-0.151732,-164.925
1714.0,-0.15174,-164.933
1714.05,-0.151729,-164.941
1714.1,-0.151721,-164.948
1714.15,-0.15172,-164.956
1714.2,-0.151735,-164.963
1714.25,-0.151738,-164.971
1714.3,-0.151736,-164.978
1714.35,-0.15173,-164.986
1714.4,-0.151741,-164.994
1714.45,-0.151731,-165.001
1714.5,-0.151735,-165.009
1714.55,-0.151732,-165.016
1714.6,-0.15173,-165.024
1714.65,-0.151732,-165.032
1714.7,-0.151754,-165.039
1714.75,-0.151745,-165.047
1714.8,-0.151747,-165.054
1714.85,-0.15175,-165.062
1714.9,-0.151735,-165.07
1714.95,-0.151739,-165.077
1715.0,-0.151737,-165.085
1715.05,-0.151741,-165.092
1715.1,-0.15175,-165.1
1715.15,-0.15175,-165.107
1715.2,-0.151751,-165.115
1715.25,-0.151754,-165.123
1715.3,-0.151756,-165.13
1715.35,-0.151775,-165.138
1715.4,-0.151763,-165.145
1715.45,-0.15177,-165.153
1715.5,-0.151765,-165.161
1715.55,-0.151769,-165.168
1715.6,-0.151772,-165.176
1715.65,-0.151779,-165.183
1715.7,-0.15179,-165.191
1715.75,-0.151784,-165.199
1715.8,-0.151792,-165.206
1715.85,-0.151792,-165.214
1715.9,-0.151789,-165.221
1715.95,-0.151776,-165.229
1716.0,-0.151777,-165.236
1716.05,-0.151784,-165.244
1716.1,-0.151784,-165.252
1716.15,-0.151795,-165.259
1716.2,-0.151789,-165.267
1716.25,-0.151793,-165.274
1716.3,-0.151787,-165.282
1716.35,-0.151794,-165.29
1716.4,-0.151802,-165.297
1716.45,-0.151793,-165.305
1716.5,-0.151797,-165.312
1716.55,-0.151797,-165.32
1716.6,-0.151805,-165.328
1716.65,-0.151808,-165.335
1716.7,-0.151812,-165.343
1716.75,-0.151817,-165.35
1716.8,-0.151821,-165.358
1716.85,-0.151814,-165.365
1716.9,-0.151814,-165.373
1716.95,-0.151813,-165.381
1717.0,-0.151818,-165.388
1717.05,-0.151807,-165.396
1717.1,-0.151807,-165.403
1717.15,-0.151821,-165.411
1717.2,-0.151819,-165.419
1717.25,-0.151814,-165.426
1717.3,-0.151807,-165.434
1717.35,-0.151811,-165.441
1717.4,-0.151818,-165.449
1717.45,-0.151824,-165.457
1717.5,-0.151819,-165.464
1717.55,-0.151806,-165.472
1717.6,-0.15181,-165.479
1717.65,-0.151808,-165.487
1717.7,-0.151797,-165.495
1717.75,-0.151799,-165.502
1717.8,-0.151803,-165.51
1717.85,-0.151823,-165.517
1717.9,-0.151822,-165.525
1717.95,-0.151817,-165.533
1718.0,-0.151814,-165.54
1718.05,-0.151821,-165.548
1718.1,-0.151824,-165.555
1718.15,-0.15182,-165.563
1718.2,-0.151811,-165.57
1718.25,-0.151819,-165.578
1718.3,-0.15182,-165.586
1718.35,-0.151812,-165.593
1718.4,-0.151819,-165.601
1718.45,-0.15183,-165.608
1718.5,-0.151837,-165.616
1718.55,-0.151835,-165.624
1718.6,-0.151853,-165.631
1718.65,-0.151845,-165.639
1718.7,-0.151858,-165.646
1718.75,-0.151857,-165.654
1718.8,-0.151853,-165.662
1718.85,-0.151873,-165.669
1718.9,-0.151881,-165.677
1718.95,-0.151879,-165.684
1719.0,-0.15188,-165.692
1719.05,-0.151904,-165.7
1719.1,-0.151894,-165.707
1719.15,-0.151902,-165.715
1719.2,-0.151921,-165.722
1719.25,-0.151934,-165.73
1719.3,-0.151937,-165.738
1719.35,-0.151944,-165.745
1719.4,-0.151953,-165.753
1719.45,-0.151946,-165.76
1719.5,-0.151948,-165.768
1719.55,-0.151959,-165.775
1719.6,-0.151946,-165.783
1719.65,-0.151962,-165.791
1719.7,-0.151972,-165.798
1719.75,-0.151975,-165.806
1719.8,-0.151963,-165.813
1719.85,-0.151963,-165.821
1719.9,-0.151961,-165.829
1719.95,-0.151957,-165.836
1720.0,-0.151957,-165.844
1720.05,-0.151963,-165.851
1720.1,-0.151961,-165.859
1720.15,-0.151962,-165.867
1720.2,-0.151969,-165.874
1720.25,-0.151974,-165.882
1720.3,-0.151971,-165.889
1720.35,-0.151969,-165.897
1720.4,-0.151973,-165.905
1720.45,-0.151971,-165.912
1720.5,-0.151964,-165.92
1720.55,-0.151965,-165.927
1720.6,-0.151972,-165.935
1720.65,-0.15197,-165.943
1720.7,-0.151965,-165.95
1720.75,-0.151959,-165.958
1720.8,-0.151953,-165.965
1720.85,-0.151963,-165.973
1720.9,-0.151964,-165.981
1720.95,-0.151961,-165.988
1721.0,-0.151958,-165.996
1721.05,-0.151956,-166.003
1721.1,-0.151954,-166.011
1721.15,-0.15197,-166.019
1721.2,-0.151974,-166.026
1721.25,-0.151955,-166.034
1721.3,-0.15196,-166.041
1721.35,-0.151957,-166.049
1721.4,-0.151955,-166.057
1721.45,-0.15194,-166.064
1721.5,-0.151949,-166.072
1721.55,-0.151944,-166.079
1721.6,-0.15194,-166.087
1721.65,-0.151938,-166.095
1721.7,-0.151933,-166.102
1721.75,-0.151946,-166.11
1721.8,-0.151945,-166.117
1721.85,-0.15194,-166.125
1721.9,-0.151944,-166.133
1721.95,-0.15194,-166.14
1722.0,-0.151929,-166.148
1722.05,-0.15194,-166.155
1722.1,-0.151931,-166.163
1722.15,-0.151937,-166.171
1722.2,-0.151945,-166.178
1722.25,-0.15195,-166.186
1722.3,-0.151945,-166.193
1722.35,-0.151944,-166.201
1722.4,-0.151942,-166.209
1722.45,-0.151946,-166.216
1722.5,-0.151938,-166.224
1722.55,-0.151939,-166.231
1722.6,-0.151941,-166.239
1722.65,-0.15194,-166.247
1722.7,-0.151936,-166.254
1722.75,-0.151936,-166.262
1722.8,-0.151926,-166.269
1722.85,-0.151927,-166.277
1722.9,-0.151929,-166.285
1722.95,-0.151935,-166.292
1723.0,-0.151934,-166.3
1723.05,-0.151935,-166.307
1723.1,-0.151941,-166.315
1723.15,-0.151946,-166.323
1723.2,-0.151942,-166.33
1723.25,-0.151935,-166.338
1723.3,-0.151951,-166.345
1723.35,-0.151947,-166.353
1723.4,-0.151946,-166.361
1723.45,-0.151946,-166.368
1723.5,-0.151941,-166.376
1723.55,-0.151947,-166.383
1723.6,-0.151941,-166.391
1723.65,-0.151938,-166.398
1723.7,-0.151936,-166.406
1723.75,-0.151949,-166.414
1723.8,-0.151941,-166.421
1723.85,-0.151961,-166.429
1723.9,-0.151948,-166.436
1723.95,-0.151941,-166.444
1724.0,-0.151954,-166.452
1724.05,-0.151945,-166.459
1724.1,-0.151955,-166.467
1724.15,-0.151953,-166.474
1724.2,-0.151953,-166.482
1724.25,-0.151953,-166.49
1724.3,-0.151962,-166.497
1724.35,-0.151945,-166.505
1724.4,-0.15194,-166.512
1724.45,-0.151966,-166.52
1724.5,-0.151954,-166.528
1724.55,-0.151974,-166.535
1724.6,-0.151956,-166.543
1724.65,-0.151951,-166.55
1724.7,-0.151954,-166.558
1724.75,-0.151961,-166.566
1724.8,-0.151958,-166.573
1724.85,-0.151967,-166.581
1724.9,-0.151944,-166.588
1724.95,-0.151964,-166.596
1725.0,-0.151962,-166.604
1725.05,-0.15198,-166.611
1725.1,-0.151961,-166.619
1725.15,-0.151971,-166.626
1725.2,-0.151974,-166.634
1725.25,-0.15198,-166.642
1725.3,-0.151976,-166.649
1725.35,-0.151972,-166.657
1725.4,-0.151979,-166.664
1725.45,-0.151985,-166.672
1725.5,-0.151993,-166.68
1725.55,-0.151975,-166.687
1725.6,-0.151969,-166.695
1725.65,-0.151972,-166.702
1725.7,-0.15197,-166.71
1725.75,-0.151974,-166.718
1725.8,-0.151979,-166.725
1725.85,-0.151982,-166.733
1725.9,-0.151985,-166.74
1725.95,-0.151978,-166.748
1726.0,-0.151969,-166.756
1726.05,-0.151981,-166.763
1726.1,-0.151979,-166.771
1726.15,-0.15199,-166.778
1726.2,-0.151996,-166.786
1726.25,-0.151994,-166.794
1726.3,-0.15199,-166.801
1726.35,-0.15198,-166.809
1726.4,-0.151971,-166.816
1726.45,-0.151973,-166.824
1726.5,-0.151977,-166.832
1726.55,-0.151994,-166.839
1726.6,-0.151998,-166.847
1726.65,-0.15198,-166.854
1726.7,-0.151975,-166.862
1726.75,-0.151993,-166.87
1726.8,-0.151994,-166.877
1726.85,-0.152017,-166.885
1726.9,-0.152027,-166.892
1726.95,-0.152046,-166.9
1727.0,-0.152039,-166.908
1727.05,-0.152039,-166.915
1727.1,-0.152045,-166.923
1727.15,-0.152065,-166.93
1727.2,-0.152076,-166.938
1727.25,-0.152075,-166.946
1727.3,-0.152064,-166.953
1727.35,-0.152072,-166.961
1727.4,-0.152071,-166.968
1727.45,-0.152077,-166.976
1727.5,-0.152084,-166.984
1727.55,-0.152081,-166.991
1727.6,-0.152081,-166.999
1727.65,-0.15207,-167.006
1727.7,-0.152073,-167.014
1727.75,-0.152069,-167.022
1727.8,-0.152052,-167.029
1727.85,-0.152058,-167.037
1727.9,-0.152068,-167.044
1727.95,-0.152064,-167.052
1728.0,-0.152059,-167.06
1728.05,-0.152059,-167.067
1728.1,-0.152062,-167.075
1728.15,-0.152066,-167.082
1728.2,-0.152062,-167.09
1728.25,-0.152059,-167.098
1728.3,-0.152041,-167.105
1728.35,-0.152052,-167.113
1728.4,-0.152054,-167.12
1728.45,-0.152067,-167.128
1728.5,-0.152061,-167.136
1728.55,-0.152056,-167.143
1728.6,-0.152064,-167.151
1728.65,-0.152077,-167.158
1728.7,-0.152101,-167.166
1728.75,-0.152107,-167.174
1728.8,-0.152116,-167.181
1728.85,-0.152115,-167.189
1728.9,-0.15213,-167.197
1728.95,-0.152129,-167.204
1729.0,-0.152129,-167.212
1729.05,-0.152137,-167.219
1729.1,-0.152144,-167.227
1729.15,-0.152142,-167.235
1729.2,-0.152155,-167.242
1729.25,-0.152149,-167.25
1729.3,-0.152153,-167.257
1729.35,-0.152155,-167.265
1729.4,-0.152153,-167.273
1729.45,-0.152156,-167.28
1729.5,-0.152153,-167.288
1729.55,-0.15215,-167.295
1729.6,-0.152141,-167.303
1729.65,-0.152156,-167.311
1729.7,-0.152161,-167.318
1729.75,-0.152157,-167.326
1729.8,-0.15218,-167.333
1729.85,-0.152169,-167.341
1729.9,-0.152169,-167.349
1729.95,-0.152168,-167.356
1730.0,-0.152177,-167.364
1730.05,-0.152181,-167.372
1730.1,-0.152181,-167.379
1730.15,-0.152193,-167.387
1730.2,-0.152192,-167.394
1730.25,-0.152189,-167.402
1730.3,-0.152195,-167.41
1730.35,-0.152191,-167.417
1730.4,-0.152184,-167.425
1730.45,-0.152184,-167.432
1730.5,-0.152185,-167.44
1730.55,-0.152192,-167.448
1730.6,-0.152184,-167.455
1730.65,-0.152188,-167.463
1730.7,-0.152193,-167.47
1730.75,-0.152208,-167.478
1730.8,-0.152199,-167.486
1730.85,-0.1522,-167.493
1730.9,-0.152204,-167.501
1730.95,-0.152191,-167.508
1731.0,-0.152196,-167.516
1731.05,-0.152201,-167.524
1731.1,-0.152197,-167.531
1731.15,-0.152199,-167.539
1731.2,-0.152196,-167.547
1731.25,-0.1522,-167.554
1731.3,-0.152204,-167.562
1731.35,-0.152201,-167.569
1731.4,-0.152202,-167.577
1731.45,-0.152213,-167.585
1731.5,-0.15222,-167.592
1731.55,-0.152228,-167.6
1731.6,-0.152212,-167.607
1731.65,-0.152213,-167.615
1731.7,-0.152221,-167.623
1731.75,-0.152237,-167.63
1731.8,-0.152236,-167.638
1731.85,-0.152237,-167.645
1731.9,-0.152242,-167.653
1731.95,-0.152237,-167.661
1732.0,-0.152244,-167.668
1732.05,-0.152252,-167.676
1732.1,-0.152251,-167.684
1732.15,-0.152246,-167.691
1732.2,-0.152242,-167.699
1732.25,-0.152242,-167.706
1732.3,-0.152246,-167.714
1732.35,-0.152243,-167.722
1732.4,-0.15226,-167.729
1732.45,-0.152266,-167.737
1732.5,-0.152278,-167.744
1732.55,-0.152277,-167.752
1732.6,-0.152268,-167.76
1732.65,-0.152261,-167.767
1732.7,-0.152265,-167.775
1732.75,-0.152258,-167.783
1732.8,-0.152275,-167.79
1732.85,-0.152284,-167.798
1732.9,-0.152282,-167.805
1732.95,-0.152274,-167.813
1733.0,-0.152291,-167.821
1733.05,-0.152282,-167.828
1733.1,-0.15229,-167.836
1733.15,-0.152282,-167.843
1733.2,-0.152284,-167.851
1733.25,-0.152294,-167.859
1733.3,-0.152285,-167.866
1733.35,-0.152298,-167.874
1733.4,-0.152304,-167.881
1733.45,-0.152307,-167.889
1733.5,-0.152314,-167.897
1733.55,-0.152319,-167.904
1733.6,-0.15231,-167.912
1733.65,-0.152303,-167.92
1733.7,-0.152309,-167.927
1733.75,-0.152299,-167.935
1733.8,-0.152311,-167.942
1733.85,-0.15232,-167.95
1733.9,-0.152309,-167.958
1733.95,-0.152317,-167.965
1734.0,-0.152332,-167.973
1734.05,-0.152331,-167.98
1734.1,-0.152319,-167.988
1734.15,-0.15232,-167.996
1734.2,-0.152313,-168.003
1734.25,-0.152319,-168.011
1734.3,-0.152323,-168.019
1734.35,-0.15232,-168.026
1734.4,-0.152309,-168.034
1734.45,-0.152321,-168.041
1734.5,-0.152314,-168.049
1734.55,-0.152324,-168.057
1734.6,-0.152325,-168.064
1734.65,-0.152362,-168.072
1734.7,-0.152365,-168.079
1734.75,-0.152365,-168.087
1734.8,-0.152379,-168.095
1734.85,-0.152382,-168.102
1734.9,-0.152377,-168.11
1734.95,-0.15238,-168.118
1735.0,-0.152383,-168.125
1735.05,-0.152398,-168.133
1735.1,-0.152393,-168.14
1735.15,-0.152391,-168.148
1735.2,-0.152408,-168.156
1735.25,-0.152399,-168.163
1735.3,-0.152401,-168.171
1735.35,-0.152407,-168.179
1735.4,-0.152402,-168.186
1735.45,-0.152398,-168.194
1735.5,-0.152398,-168.201
1735.55,-0.15241,-168.209
1735.6,-0.152421,-168.217
1735.65,-0.152416,-168.224
1735.7,-0.15243,-168.232
1735.75,-0.152421,-168.24
1735.8,-0.152419,-168.247
1735.85,-0.152437,-168.255
1735.9,-0.152444,-168.262
1735.95,-0.15246,-168.27
1736.0,-0.152468,-168.278
1736.05,-0.152472,-168.285
1736.1,-0.152467,-168.293
1736.15,-0.152471,-168.301
1736.2,-0.152475,-168.308
1736.25,-0.152477,-168.316
1736.3,-0.152488,-168.323
1736.35,-0.152494,-168.331
1736.4,-0.152496,-168.339
1736.45,-0.152492,-168.346
1736.5,-0.152485,-168.354
1736.55,-0.15249,-168.361
1736.6,-0.152488,-168.369
1736.65,-0.152502,-168.377
1736.7,-0.152519,-168.384
1736.75,-0.15252,-168.392
1736.8,-0.152495,-168.4
1736.85,-0.152505,-168.407
1736.9,-0.152513,-168.415
1736.95,-0.152508,-168.423
1737.0,-0.152521,-168.43
1737.05,-0.152516,-168.438
1737.1,-0.152512,-168.445
1737.15,-0.15251,-168.453
1737.2,-0.152503,-168.461
1737.25,-0.152514,-168.468
1737.3,-0.152513,-168.476
1737.35,-0.152525,-168.484
1737.4,-0.152512,-168.491
1737.45,-0.15253,-168.499
1737.5,-0.152524,-168.506
1737.55,-0.152521,-168.514
1737.6,-0.152521,-168.522
1737.65,-0.152531,-168.529
1737.7,-0.152518,-168.537
1737.75,-0.152535,-168.545
1737.8,-0.152534,-168.552
1737.85,-0.152555,-168.56
1737.9,-0.152541,-168.567
1737.95,-0.152542,-168.575
1738.0,-0.152547,-168.583
1738.05,-0.152556,-168.59
1738.1,-0.152556,-168.598
1738.15,-0.152539,-168.606
1738.2,-0.152542,-168.613
1738.25,-0.152528,-168.621
1738.3,-0.152543,-168.628
1738.35,-0.152545,-168.636
1738.4,-0.152553,-168.644
1738.45,-0.152568,-168.651
1738.5,-0.152562,-168.659
1738.55,-0.152554,-168.667
1738.6,-0.152552,-168.674
1738.65,-0.152559,-168.682
1738.7,-0.152551,-168.689
1738.75,-0.152563,-168.697
1738.8,-0.152573,-168.705
1738.85,-0.152579,-168.712
1738.9,-0.152581,-168.72
1738.95,-0.152569,-168.728
1739.0,-0.152574,-168.735
1739.05,-0.152587,-168.743
1739.1,-0.152599,-168.75
1739.15,-0.152593,-168.758
1739.2,-0.152581,-168.766
1739.25,-0.152578,-168.773
1739.3,-0.152572,-168.781
1739.35,-0.152573,-168.789
1739.4,-0.152582,-168.796
1739.45,-0.152585,-168.804
1739.5,-0.152593,-168.811
1739.55,-0.152585,-168.819
1739.6,-0.15259,-168.827
1739.65,-0.15257,-168.834
1739.7,-0.152564,-168.842
1739.75,-0.152567,-168.85
1739.8,-0.152553,-168.857
1739.85,-0.152562,-168.865
1739.9,-0.152555,-168.873
1739.95,-0.152554,-168.88
1740.0,-0.152554,-168.888
1740.05,-0.152562,-168.895
1740.1,-0.15256,-168.903
1740.15,-0.152568,-168.911
1740.2,-0.152551,-168.918
1740.25,-0.152548,-168.926
1740.3,-0.152549,-168.934
1740.35,-0.152549,-168.941
1740.4,-0.152539,-168.949
1740.45,-0.15255,-168.956
1740.5,-0.152568,-168.964
1740.55,-0.152557,-168.972
1740.6,-0.152548,-168.979
1740.65,-0.152557,-168.987
1740.7,-0.152558,-168.995
1740.75,-0.152573,-169.002
1740.8,-0.152577,-169.01
1740.85,-0.152577,-169.017
1740.9,-0.152575,-169.025
1740.95,-0.152573,-169.033
1741.0,-0.152578,-169.04
1741.05,-0.152593,-169.048
1741.1,-0.152559,-169.056
1741.15,-0.152579,-169.063
1741.2,-0.152677,-169.071
1741.25,-0.15268,-169.078
1741.3,-0.152677,-169.086
1741.35,-0.152689,-169.094
1741.4,-0.152684,-169.101
1741.45,-0.152688,-169.109
1741.5,-0.152674,-169.117
1741.55,-0.152687,-169.124
1741.6,-0.152676,-169.132
1741.65,-0.152669,-169.14
1741.7,-0.152672,-169.147
1741.75,-0.152676,-169.155
1741.8,-0.15267,-169.162
1741.85,-0.152666,-169.17
1741.9,-0.15268,-169.178
1741.95,-0.152681,-169.185
1742.0,-0.152682,-169.193
1742.05,-0.152678,-169.201
1742.1,-0.152684,-169.208
1742.15,-0.152668,-169.216
1742.2,-0.152671,-169.224
1742.25,-0.152679,-169.231
1742.3,-0.152683,-169.239
1742.35,-0.152685,-169.246
1742.4,-0.152684,-169.254
1742.45,-0.152684,-169.262
1742.5,-0.152693,-169.269
1742.55,-0.152695,-169.277
1742.6,-0.152701,-169.285
1742.65,-0.152698,-169.292
1742.7,-0.152701,-169.3
1742.75,-0.152701,-169.308
1742.8,-0.152706,-169.315
1742.85,-0.152686,-169.323
1742.9,-0.152703,-169.33
1742.95,-0.152715,-169.338
1743.0,-0.152708,-169.346
1743.05,-0.152725,-169.353
1743.1,-0.152732,-169.361
1743.15,-0.152734,-169.369
1743.2,-0.152746,-169.376
1743.25,-0.152746,-169.384
1743.3,-0.152746,-169.392
1743.35,-0.152751,-169.399
1743.4,-0.152742,-169.407
1743.45,-0.152748,-169.414
1743.5,-0.15275,-169.422
1743.55,-0.152749,-169.43
1743.6,-0.152761,-169.437
1743.65,-0.152763,-169.445
1743.7,-0.152763,-169.453
1743.75,-0.152755,-169.46
1743.8,-0.15275,-169.468
1743.85,-0.152745,-169.476
1743.9,-0.152745,-169.483
1743.95,-0.152743,-169.491
1744.0,-0.152736,-169.498
1744.05,-0.152741,-169.506
1744.1,-0.152744,-169.514
1744.15,-0.152741,-169.521
1744.2,-0.152741,-169.529
1744.25,-0.152744,-169.537
1744.3,-0.152759,-169.544
1744.35,-0.152742,-169.552
1744.4,-0.15275,-169.56
1744.45,-0.152753,-169.567
1744.5,-0.152752,-169.575
1744.55,-0.152734,-169.582
1744.6,-0.152732,-169.59
1744.65,-0.15274,-169.598
1744.7,-0.152743,-169.605
1744.75,-0.152755,-169.613
1744.8,-0.152743,-169.621
1744.85,-0.152738,-169.628
1744.9,-0.152757,-169.636
1744.95,-0.152754,-169.644
1745.0,-0.152752,-169.651
1745.05,-0.152748,-169.659
1745.1,-0.152756,-169.666
1745.15,-0.152741,-169.674
1745.2,-0.152758,-169.682
1745.25,-0.152754,-169.689
1745.3,-0.152759,-169.697
1745.35,-0.152766,-169.705
1745.4,-0.152777,-169.712
1745.45,-0.152801,-169.72
1745.5,-0.152806,-169.728
1745.55,-0.152805,-169.735
1745.6,-0.152812,-169.743
1745.65,-0.152814,-169.75
1745.7,-0.152809,-169.758
1745.75,-0.152824,-169.766
1745.8,-0.152837,-169.773
1745.85,-0.152827,-169.781
1745.9,-0.152839,-169.789
1745.95,-0.152824,-169.796
1746.0,-0.152839,-169.804
1746.05,-0.152845,-169.812
1746.1,-0.152844,-169.819
1746.15,-0.152828,-169.827
1746.2,-0.152855,-169.835
1746.25,-0.15284,-169.842
1746.3,-0.152843,-169.85
1746.35,-0.152843,-169.857
1746.4,-0.152841,-169.865
1746.45,-0.152834,-169.873
1746.5,-0.152848,-169.88
1746.55,-0.152836,-169.888
1746.6,-0.152843,-169.896
1746.65,-0.152849,-169.903
1746.7,-0.152839,-169.911
1746.75,-0.152855,-169.919
1746.8,-0.152875,-169.926
1746.85,-0.152868,-169.934
1746.9,-0.152864,-169.942
1746.95,-0.152862,-169.949
1747.0,-0.152866,-169.957
1747.05,-0.152874,-169.964
1747.1,-0.152882,-169.972
1747.15,-0.152869,-169.98
1747.2,-0.15289,-169.987
1747.25,-0.152883,-169.995
1747.3,-0.152877,-170.003
1747.35,-0.152887,-170.01
1747.4,-0.152894,-170.018
1747.45,-0.152889,-170.026
1747.5,-0.152903,-170.033
1747.55,-0.152902,-170.041
1747.6,-0.152904,-170.049
1747.65,-0.15292,-170.056
1747.7,-0.15292,-170.064
1747.75,-0.152919,-170.072
1747.8,-0.152931,-170.079
1747.85,-0.152931,-170.087
1747.9,-0.152925,-170.094
1747.95,-0.152932,-170.102
1748.0,-0.152931,-170.11
1748.05,-0.152929,-170.117
1748.1,-0.15294,-170.125
1748.15,-0.152944,-170.133
1748.2,-0.152957,-170.14
1748.25,-0.152949,-170.148
1748.3,-0.152945,-170.156
1748.35,-0.15295,-170.163
1748.4,-0.152943,-170.171
1748.45,-0.152948,-170.179
1748.5,-0.152946,-170.186
1748.55,-0.152952,-170.194
1748.6,-0.152937,-170.202
1748.65,-0.152949,-170.209
1748.7,-0.15295,-170.217
1748.75,-0.152954,-170.224
1748.8,-0.152945,-170.232
1748.85,-0.152935,-170.24
1748.9,-0.152958,-170.247
1748.95,-0.152962,-170.255
1749.0,-0.152967,-170.263
1749.05,-0.152962,-170.27
1749.1,-0.152949,-170.278
1749.15,-0.15295,-170.286
1749.2,-0.152959,-170.293
1749.25,-0.152961,-170.301
1749.3,-0.15297,-170.309
1749.35,-0.152968,-170.316
1749.4,-0.152975,-170.324
1749.45,-0.152968,-170.332
1749.5,-0.152962,-170.339
1749.55,-0.152962,-170.347
1749.6,-0.152966,-170.354
1749.65,-0.152967,-170.362
1749.7,-0.152992,-170.37
1749.75,-0.152987,-170.377
1749.8,-0.152978,-170.385
1749.85,-0.152976,-170.393
1749.9,-0.152973,-170.4
1749.95,-0.152976,-170.408
1750.0,-0.152979,-170.416
1750.05,-0.152976,-170.423
1750.1,-0.152986,-170.431
1750.15,-0.15298,-170.439
1750.2,-0.152988,-170.446
1750.25,-0.152996,-170.454
1750.3,-0.153001,-170.462
1750.35,-0.153007,-170.469
1750.4,-0.152995,-170.477
1750.45,-0.153002,-170.484
1750.5,-0.152995,-170.492
1750.55,-0.152999,-170.5
1750.6,-0.153009,-170.507
1750.65,-0.153012,-170.515
1750.7,-0.153014,-170.523
1750.75,-0.153018,-170.53
1750.8,-0.153031,-170.538
1750.85,-0.153033,-170.546
1750.9,-0.153028,-170.553
1750.95,-0.153039,-170.561
1751.0,-0.153038,-170.569
1751.05,-0.153035,-170.576
1751.1,-0.153047,-170.584
1751.15,-0.153041,-170.592
1751.2,-0.153035,-170.599
1751.25,-0.153051,-170.607
1751.3,-0.153056,-170.615
1751.35,-0.153067,-170.622
1751.4,-0.153059,-170.63
1751.45,-0.153064,-170.638
1751.5,-0.153071,-170.645
1751.55,-0.153062,-170.653
1751.6,-0.153077,-170.66
1751.65,-0.153075,-170.668
1751.7,-0.153072,-170.676
1751.75,-0.153078,-170.683
1751.8,-0.153077,-170.691
1751.85,-0.153078,-170.699
1751.9,-0.153096,-170.706
1751.95,-0.153084,-170.714
1752.0,-0.153097,-170.722
1752.05,-0.153111,-170.729
1752.1,-0.153103,-170.737
1752.15,-0.153105,-170.745
1752.2,-0.15311,-170.752
1752.25,-0.15311,-170.76
1752.3,-0.15311,-170.768
1752.35,-0.153129,-170.775
1752.4,-0.153139,-170.783
1752.45,-0.153138,-170.791
1752.5,-0.153154,-170.798
1752.55,-0.153151,-170.806
1752.6,-0.153164,-170.814
1752.65,-0.153175,-170.821
1752.7,-0.153164,-170.829
1752.75,-0.153187,-170.837
1752.8,-0.153194,-170.844
1752.85,-0.153182,-170.852
1752.9,-0.153178,-170.86
1752.95,-0.15318,-170.867
1753.0,-0.153195,-170.875
1753.05,-0.153208,-170.883
1753.1,-0.153209,-170.89
1753.15,-0.153207,-170.898
1753.2,-0.15323,-170.906
1753.25,-0.153233,-170.913
1753.3,-0.153231,-170.921
1753.35,-0.153226,-170.928
1753.4,-0.153233,-170.936
1753.45,-0.153239,-170.944
1753.5,-0.153246,-170.951
1753.55,-0.153234,-170.959
1753.6,-0.153242,-170.967
1753.65,-0.153244,-170.974
1753.7,-0.153241,-170.982
1753.75,-0.15325,-170.99
1753.8,-0.153255,-170.997
1753.85,-0.153252,-171.005
1753.9,-0.153258,-171.013
1753.95,-0.153271,-171.02
1754.0,-0.153251,-171.028
1754.05,-0.153267,-171.036
1754.1,-0.153259,-171.043
1754.15,-0.153269,-171.051
1754.2,-0.153266,-171.059
1754.25,-0.153273,-171.066
1754.3,-0.153271,-171.074
1754.35,-0.15328,-171.082
1754.4,-0.153293,-171.089
1754.45,-0.153292,-171.097
1754.5,-0.15331,-171.105
1754.55,-0.153305,-171.112
1754.6,-0.153314,-171.12
1754.65,-0.1533,-171.128
1754.7,-0.1533,-171.135
1754.75,-0.153294,-171.143
1754.8,-0.153295,-171.151
1754.85,-0.153307,-171.158
1754.9,-0.153312,-171.166
1754.95,-0.153327,-171.174
1755.0,-0.153313,-171.181
1755.05,-0.153297,-171.189
1755.1,-0.15331,-171.197
1755.15,-0.153314,-171.204
1755.2,-0.153314,-171.212
1755.25,-0.153328,-171.22
1755.3,-0.153308,-171.227
1755.35,-0.153305,-171.235
1755.4,-0.153286,-171.243
1755.45,-0.153292,-171.25
1755.5,-0.153312,-171.258
1755.55,-0.153317,-171.266
1755.6,-0.153304,-171.273
1755.65,-0.153305,-171.281
1755.7,-0.153312,-171.289
1755.75,-0.153307,-171.296
1755.8,-0.153306,-171.304
1755.85,-0.153317,-171.312
1755.9,-0.153314,-171.319
1755.95,-0.153314,-171.327
1756.0,-0.153312,-171.335
1756.05,-0.153303,-171.342
1756.1,-0.153299,-171.35
1756.15,-0.153315,-171.358
1756.2,-0.153308,-171.365
1756.25,-0.15331,-171.373
1756.3,-0.153295,-171.381
1756.35,-0.153303,-171.388
1756.4,-0.153309,-171.396
1756.45,-0.153314,-171.404
1756.5,-0.153308,-171.411
1756.55,-0.153317,-171.419
1756.6,-0.15331,-171.427
1756.65,-0.153312,-171.434
1756.7,-0.153321,-171.442
1756.75,-0.153307,-171.45
1756.8,-0.153306,-171.457
1756.85,-0.153322,-171.465
1756.9,-0.153325,-171.473
1756.95,-0.153311,-171.48
1757.0,-0.153324,-171.488
1757.05,-0.153313,-171.496
1757.1,-0.153319,-171.503
1757.15,-0.153313,-171.511
1757.2,-0.153313,-171.519
1757.25,-0.153303,-171.526
1757.3,-0.153322,-171.534
1757.35,-0.15332,-171.542
1757.4,-0.153332,-171.549
1757.45,-0.153325,-171.557
1757.5,-0.153325,-171.565
1757.55,-0.15334,-171.572
1757.6,-0.153333,-171.58
1757.65,-0.153346,-171.588
1757.7,-0.153347,-171.595
1757.75,-0.153335,-171.603
1757.8,-0.153337,-171.611
1757.85,-0.153334,-171.618
1757.9,-0.153333,-171.626
1757.95,-0.153322,-171.634
1758.0,-0.15334,-171.641
1758.05,-0.15334,-171.649
1758.1,-0.153352,-171.657
1758.15,-0.153337,-171.664
1758.2,-0.15334,-171.672
1758.25,-0.153342,-171.68
1758.3,-0.153333,-171.687
1758.35,-0.153346,-171.695
1758.4,-0.153347,-171.703
1758.45,-0.153335,-171.71
1758.5,-0.153338,-171.718
1758.55,-0.153346,-171.726
1758.6,-0.153334,-171.733
1758.65,-0.153345,-171.741
1758.7,-0.153353,-171.749
1758.75,-0.153359,-171.756
1758.8,-0.153348,-171.764
1758.85,-0.153348,-171.772
1758.9,-0.153344,-171.779
1758.95,-0.153349,-171.787
1759.0,-0.153343,-171.795
1759.05,-0.153364,-171.802
1759.1,-0.153371,-171.81
1759.15,-0.153368,-171.818
1759.2,-0.153373,-171.825
1759.25,-0.15338,-171.833
1759.3,-0.153382,-171.841
1759.35,-0.153381,-171.848
1759.4,-0.153379,-171.856
1759.45,-0.153387,-171.864
1759.5,-0.153385,-171.871
1759.55,-0.153391,-171.879
1759.6,-0.153378,-171.887
1759.65,-0.153378,-171.894
1759.7,-0.153393,-171.902
1759.75,-0.153387,-171.91
1759.8,-0.153398,-171.917
1759.85,-0.153399,-171.925
1759.9,-0.153388,-171.933
1759.95,-0.153387,-171.94
1760.0,-0.153408,-171.948
1760.05,-0.1534,-171.956
1760.1,-0.153411,-171.963
1760.15,-0.153416,-171.971
1760.2,-0.153423,-171.979
1760.25,-0.153433,-171.986
1760.3,-0.153438,-171.994
1760.35,-0.153441,-172.002
1760.4,-0.153442,-172.009
1760.45,-0.153438,-172.017
1760.5,-0.153459,-172.025
1760.55,-0.153469,-172.032
1760.6,-0.153464,-172.04
1760.65,-0.153474,-172.048
1760.7,-0.153475,-172.055
1760.75,-0.153489,-172.063
1760.8,-0.153476,-172.071
1760.85,-0.153477,-172.079
1760.9,-0.153509,-172.086
1760.95,-0.153507,-172.094
1761.0,-0.153509,-172.102
1761.05,-0.153505,-172.109
1761.1,-0.153496,-172.117
1761.15,-0.153524,-172.125
1761.2,-0.153525,-172.132
1761.25,-0.15353,-172.14
1761.3,-0.153534,-172.148
1761.35,-0.153541,-172.155
1761.4,-0.153543,-172.163
1761.45,-0.153535,-172.171
1761.5,-0.153548,-172.178
1761.55,-0.153572,-172.186
1761.6,-0.153559,-172.194
1761.65,-0.153546,-172.201
1761.7,-0.153551,-172.209
1761.75,-0.153537,-172.217
1761.8,-0.153543,-172.224
1761.85,-0.153555,-172.232
1761.9,-0.153566,-172.24
1761.95,-0.153552,-172.247
1762.0,-0.153557,-172.255
1762.05,-0.153558,-172.263
1762.1,-0.15357,-172.27
1762.15,-0.15357,-172.278
1762.2,-0.153572,-172.286
1762.25,-0.153572,-172.293
1762.3,-0.15358,-172.301
1762.35,-0.153581,-172.309
1762.4,-0.153578,-172.317
1762.45,-0.153582,-172.324
1762.5,-0.153578,-172.332
1762.55,-0.153595,-172.34
1762.6,-0.153591,-172.347
1762.65,-0.153588,-172.355
1762.7,-0.153577,-172.363
1762.75,-0.153569,-172.37
1762.8,-0.153568,-172.378
1762.85,-0.153575,-172.386
1762.9,-0.153575,-172.393
1762.95,-0.153573,-172.401
1763.0,-0.15358,-172.409
1763.05,-0.153582,-172.416
1763.1,-0.153587,-172.424
1763.15,-0.153578,-172.432
1763.2,-0.153566,-172.439
1763.25,-0.153562,-172.447
1763.3,-0.153569,-172.455
1763.35,-0.153552,-172.462
1763.4,-0.153557,-172.47
1763.45,-0.153568,-172.478
1763.5,-0.153573,-172.485
1763.55,-0.153574,-172.493
1763.6,-0.153579,-172.501
1763.65,-0.153579,-172.508
1763.7,-0.153573,-172.516
1763.75,-0.15359,-172.524
1763.8,-0.153595,-172.532
1763.85,-0.153588,-172.539
1763.9,-0.153597,-172.547
1763.95,-0.153593,-172.555
1764.0,-0.153592,-172.562
1764.05,-0.153618,-172.57
1764.1,-0.15361,-172.578
1764.15,-0.153619,-172.585
1764.2,-0.153622,-172.593
1764.25,-0.153633,-172.601
1764.3,-0.153629,-172.608
1764.35,-0.153625,-172.616
1764.4,-0.153627,-172.624
1764.45,-0.153625,-172.631
1764.5,-0.153633,-172.639
1764.55,-0.153624,-172.647
1764.6,-0.153625,-172.654
1764.65,-0.153644,-172.662
1764.7,-0.153639,-172.67
1764.75,-0.153637,-172.677
1764.8,-0.153652,-172.685
1764.85,-0.153632,-172.693
1764.9,-0.153651,-172.701
1764.95,-0.153648,-172.708
1765.0,-0.153653,-172.716
1765.05,-0.153658,-172.724
1765.1,-0.15366,-172.731
1765.15,-0.153641,-172.739
1765.2,-0.153647,-172.747
1765.25,-0.153636,-172.754
1765.3,-0.153652,-172.762
1765.35,-0.153653,-172.77
1765.4,-0.153664,-172.777
1765.45,-0.153661,-172.785
1765.5,-0.153645,-172.793
1765.55,-0.153648,-172.8
1765.6,-0.153645,-172.808
1765.65,-0.153655,-172.816
1765.7,-0.15364,-172.823
1765.75,-0.153644,-172.831
1765.8,-0.153642,-172.839
1765.85,-0.153638,-172.846
1765.9,-0.153646,-172.854
1765.95,-0.153636,-172.862
1766.0,-0.153636,-172.87
1766.05,-0.153633,-172.877
1766.1,-0.153628,-172.885
1766.15,-0.153624,-172.893
1766.2,-0.153624,-172.9
1766.25,-0.153617,-172.908
1766.3,-0.153629,-172.916
1766.35,-0.153614,-172.923
1766.4,-0.153621,-172.931
1766.45,-0.153609,-172.939
1766.5,-0.153597,-172.946
1766.55,-0.153604,-172.954
1766.6,-0.153603,-172.962
1766.65,-0.153596,-172.969
1766.7,-0.153608,-172.977
1766.75,-0.153608,-172.985
1766.8,-0.153626,-172.992
1766.85,-0.153611,-173.0
1766.9,-0.153611,-173.008
1766.95,-0.153608,-173.015
1767.0,-0.153625,-173.023
1767.05,-0.153598,-173.031
1767.1,-0.153622,-173.038
1767.15,-0.153626,-173.046
1767.2,-0.153616,-173.054
1767.25,-0.153632,-173.062
1767.3,-0.153642,-173.069
1767.35,-0.153639,-173.077
1767.4,-0.153645,-173.085
1767.45,-0.153635,-173.092
1767.5,-0.15363,-173.1
1767.55,-0.153645,-173.108
1767.6,-0.153635,-173.115
1767.65,-0.15363,-173.123
1767.7,-0.15364,-173.131
1767.75,-0.153659,-173.138
1767.8,-0.153659,-173.146
1767.85,-0.153664,-173.154
1767.9,-0.153659,-173.161
1767.95,-0.153676,-173.169
1768.0,-0.153668,-173.177
1768.05,-0.153652,-173.184
1768.1,-0.153676,-173.192
1768.15,-0.153689,-173.2
1768.2,-0.153687,-173.208
1768.25,-0.153697,-173.215
1768.3,-0.15369,-173.223
1768.35,-0.153701,-173.231
1768.4,-0.153706,-173.238
1768.45,-0.153714,-173.246
1768.5,-0.153718,-173.254
1768.55,-0.153722,-173.261
1768.6,-0.153734,-173.269
1768.65,-0.153736,-173.277
1768.7,-0.153744,-173.284
1768.75,-0.153746,-173.292
1768.8,-0.153753,-173.3
1768.85,-0.153759,-173.307
1768.9,-0.153763,-173.315
1768.95,-0.153751,-173.323
1769.0,-0.153756,-173.33
1769.05,-0.153758,-173.338
1769.1,-0.153754,-173.346
1769.15,-0.153767,-173.354
1769.2,-0.153768,-173.361
1769.25,-0.153766,-173.369
1769.3,-0.153772,-173.377
1769.35,-0.153761,-173.384
1769.4,-0.153751,-173.392
1769.45,-0.153762,-173.4
1769.5,-0.15376,-173.407
1769.55,-0.153766,-173.415
1769.6,-0.153768,-173.423
1769.65,-0.153761,-173.43
1769.7,-0.15376,-173.438
1769.75,-0.153757,-173.446
1769.8,-0.153765,-173.453
1769.85,-0.153769,-173.461
1769.9,-0.153775,-173.469
1769.95,-0.153776,-173.477
1770.0,-0.153766,-173.484
1770.05,-0.153767,-173.492
1770.1,-0.153768,-173.5
1770.15,-0.153768,-173.507
1770.2,-0.153773,-173.515
1770.25,-0.153765,-173.523
1770.3,-0.153771,-173.53
1770.35,-0.153764,-173.538
1770.4,-0.153768,-173.546
1770.45,-0.153772,-173.553
1770.5,-0.153773,-173.561
1770.55,-0.153772,-173.569
1770.6,-0.153778,-173.577
1770.65,-0.153787,-173.584
1770.7,-0.153777,-173.592
1770.75,-0.153797,-173.6
1770.8,-0.153797,-173.607
1770.85,-0.153795,-173.615
1770.9,-0.153805,-173.623
1770.95,-0.153808,-173.63
1771.0,-0.153809,-173.638
1771.05,-0.153804,-173.646
1771.1,-0.153808,-173.653
1771.15,-0.153809,-173.661
1771.2,-0.153812,-173.669
1771.25,-0.15381,-173.676
1771.3,-0.153804,-173.684
1771.35,-0.153814,-173.692
1771.4,-0.15381,-173.7
1771.45,-0.153815,-173.707
1771.5,-0.153811,-173.715
1771.55,-0.153803,-173.723
1771.6,-0.153809,-173.73
1771.65,-0.153805,-173.738
1771.7,-0.153808,-173.746
1771.75,-0.153807,-173.753
1771.8,-0.15381,-173.761
1771.85,-0.15381,-173.769
1771.9,-0.15381,-173.776
1771.95,-0.153815,-173.784
1772.0,-0.153809,-173.792
1772.05,-0.153808,-173.8
1772.1,-0.153815,-173.807
1772.15,-0.153814,-173.815
1772.2,-0.153818,-173.823
1772.25,-0.153808,-173.83
1772.3,-0.15381,-173.838
1772.35,-0.153805,-173.846
1772.4,-0.153811,-173.853
1772.45,-0.153809,-173.861
1772.5,-0.153807,-173.869
1772.55,-0.153812,-173.876
1772.6,-0.153809,-173.884
1772.65,-0.153807,-173.892
1772.7,-0.15382,-173.9
1772.75,-0.153813,-173.907
1772.8,-0.153804,-173.915
1772.85,-0.153798,-173.923
1772.9,-0.153811,-173.93
1772.95,-0.153809,-173.938
1773.0,-0.153806,-173.946
1773.05,-0.153809,-173.953
1773.1,-0.153812,-173.961
1773.15,-0.153814,-173.969
1773.2,-0.153802,-173.976
1773.25,-0.153798,-173.984
1773.3,-0.153804,-173.992
1773.35,-0.153824,-173.999
1773.4,-0.153811,-174.007
1773.45,-0.153819,-174.015
1773.5,-0.15382,-174.023
1773.55,-0.153826,-174.03
1773.6,-0.153825,-174.038
1773.65,-0.153828,-174.046
1773.7,-0.15385,-174.053
1773.75,-0.153855,-174.061
1773.8,-0.153858,-174.069
1773.85,-0.15386,-174.076
1773.9,-0.153859,-174.084
1773.95,-0.153863,-174.092
1774.0,-0.15386,-174.099
1774.05,-0.15387,-174.107
1774.1,-0.153875,-174.115
1774.15,-0.153875,-174.123
1774.2,-0.153856,-174.13
1774.25,-0.153828,-174.138
1774.3,-0.153834,-174.146
1774.35,-0.153826,-174.153
1774.4,-0.153846,-174.161
1774.45,-0.153827,-174.169
1774.5,-0.153826,-174.176
1774.55,-0.153822,-174.184
1774.6,-0.153834,-174.192
1774.65,-0.153833,-174.199
1774.7,-0.153853,-174.207
1774.75,-0.153851,-174.215
1774.8,-0.153919,-174.223
1774.85,-0.153916,-174.23
1774.9,-0.153921,-174.238
1774.95,-0.153914,-174.246
1775.0,-0.153915,-174.253
1775.05,-0.153907,-174.261
1775.1,-0.153901,-174.269
1775.15,-0.153911,-174.276
1775.2,-0.153908,-174.284
1775.25,-0.153896,-174.292
1775.3,-0.153893,-174.3
1775.35,-0.153895,-174.307
1775.4,-0.153912,-174.315
1775.45,-0.1539,-174.323
1775.5,-0.153904,-174.33
1775.55,-0.153899,-174.338
1775.6,-0.153916,-174.346
1775.65,-0.153896,-174.353
1775.7,-0.153909,-174.361
1775.75,-0.153916,-174.369
1775.8,-0.153909,-174.376
1775.85,-0.153917,-174.384
1775.9,-0.153925,-174.392
1775.95,-0.153907,-174.4
1776.0,-0.153916,-174.407
1776.05,-0.153924,-174.415
1776.1,-0.153919,-174.423
1776.15,-0.153925,-174.43
1776.2,-0.153922,-174.438
1776.25,-0.15394,-174.446
1776.3,-0.153924,-174.453
1776.35,-0.153931,-174.461
1776.4,-0.15393,-174.469
1776.45,-0.153942,-174.477
1776.5,-0.153944,-174.484
1776.55,-0.153942,-174.492
1776.6,-0.153956,-174.5
1776.65,-0.153966,-174.507
1776.7,-0.153963,-174.515
1776.75,-0.153967,-174.523
1776.8,-0.153979,-174.53
1776.85,-0.153979,-174.538
1776.9,-0.153965,-174.546
1776.95,-0.153968,-174.553
1777.0,-0.153973,-174.561
1777.05,-0.153971,-174.569
1777.1,-0.153982,-174.577
1777.15,-0.15398,-174.584
1777.2,-0.153987,-174.592
1777.25,-0.153988,-174.6
1777.3,-0.153982,-174.607
1777.35,-0.15398,-174.615
1777.4,-0.153987,-174.623
1777.45,-0.153993,-174.63
1777.5,-0.153983,-174.638
1777.55,-0.154004,-174.646
1777.6,-0.153987,-174.654
1777.65,-0.153995,-174.661
1777.7,-0.153989,-174.669
1777.75,-0.153999,-174.677
1777.8,-0.153997,-174.684
1777.85,-0.154007,-174.692
1777.9,-0.154013,-174.7
1777.95,-0.154028,-174.707
1778.0,-0.154024,-174.715
1778.05,-0.154011,-174.723
1778.1,-0.154007,-174.731
1778.15,-0.154012,-174.738
1778.2,-0.154005,-174.746
1778.25,-0.154006,-174.754
1778.3,-0.154021,-174.761
1778.35,-0.15403,-174.769
1778.4,-0.154037,-174.777
1778.45,-0.154042,-174.785
1778.5,-0.154056,-174.792
1778.55,-0.154068,-174.8
1778.6,-0.154082,-174.808
1778.65,-0.154092,-174.815
1778.7,-0.154097,-174.823
1778.75,-0.15412,-174.831
1778.8,-0.154126,-174.838
1778.85,-0.154142,-174.846
1778.9,-0.15414,-174.854
1778.95,-0.154149,-174.862
1779.0,-0.154154,-174.869
1779.05,-0.15415,-174.877
1779.1,-0.154157,-174.885
1779.15,-0.154157,-174.892
1779.2,-0.154162,-174.9
1779.25,-0.154163,-174.908
1779.3,-0.154149,-174.916
1779.35,-0.154155,-174.923
1779.4,-0.154162,-174.931
1779.45,-0.154152,-174.939
1779.5,-0.154161,-174.946
1779.55,-0.154166,-174.954
1779.6,-0.15415,-174.962
1779.65,-0.154171,-174.969
1779.7,-0.154168,-174.977
1779.75,-0.154168,-174.985
1779.8,-0.154164,-174.993
1779.85,-0.154158,-175.0
1779.9,-0.154163,-175.008
1779.95,-0.154144,-175.016
1780.0,-0.154158,-175.023
1780.05,-0.154155,-175.031
1780.1,-0.154163,-175.039
1780.15,-0.154165,-175.047
1780.2,-0.154155,-175.054
1780.25,-0.154161,-175.062
1780.3,-0.154165,-175.07
1780.35,-0.154176,-175.077
1780.4,-0.154172,-175.085
1780.45,-0.154174,-175.093
1780.5,-0.154171,-175.101
1780.55,-0.154179,-175.108
1780.6,-0.154186,-175.116
1780.65,-0.154174,-175.124
1780.7,-0.154185,-175.131
1780.75,-0.154179,-175.139
1780.8,-0.154175,-175.147
1780.85,-0.154163,-175.154
1780.9,-0.154162,-175.162
1780.95,-0.154162,-175.17
1781.0,-0.154175,-175.178
1781.05,-0.154177,-175.185
1781.1,-0.154175,-175.193
1781.15,-0.154174,-175.201
1781.2,-0.154177,-175.208
1781.25,-0.154175,-175.216
1781.3,-0.154176,-175.224
1781.35,-0.15419,-175.232
1781.4,-0.154192,-175.239
1781.45,-0.154205,-175.247
1781.5,-0.154205,-175.255
1781.55,-0.154198,-175.262
1781.6,-0.154198,-175.27
1781.65,-0.154206,-175.278
1781.7,-0.154208,-175.286
1781.75,-0.154233,-175.293
1781.8,-0.154238,-175.301
1781.85,-0.15424,-175.309
1781.9,-0.15424,-175.316
1781.95,-0.154252,-175.324
1782.0,-0.154266,-175.332
1782.05,-0.154264,-175.34
1782.1,-0.154262,-175.347
1782.15,-0.154261,-175.355
1782.2,-0.154266,-175.363
1782.25,-0.15425,-175.37
1782.3,-0.154251,-175.378
1782.35,-0.154249,-175.386
1782.4,-0.154255,-175.393
1782.45,-0.154263,-175.401
1782.5,-0.154256,-175.409
1782.55,-0.154254,-175.417
1782.6,-0.154249,-175.424
1782.65,-0.154245,-175.432
1782.7,-0.154241,-175.44
1782.75,-0.154245,-175.447
1782.8,-0.15424,-175.455
1782.85,-0.154242,-175.463
1782.9,-0.154254,-175.471
1782.95,-0.154246,-175.478
1783.0,-0.154245,-175.486
1783.05,-0.154253,-175.494
1783.1,-0.154236,-175.501
1783.15,-0.154249,-175.509
1783.2,-0.154255,-175.517
1783.25,-0.154267,-175.525
1783.3,-0.154263,-175.532
1783.35,-0.154276,-175.54
1783.4,-0.154269,-175.548
1783.45,-0.154287,-175.555
1783.5,-0.154275,-175.563
1783.55,-0.154271,-175.571
1783.6,-0.154296,-175.579
1783.65,-0.1543,-175.586
1783.7,-0.154307,-175.594
1783.75,-0.154306,-175.602
1783.8,-0.154305,-175.609
1783.85,-0.154303,-175.617
1783.9,-0.154314,-175.625
1783.95,-0.154307,-175.633
1784.0,-0.154318,-175.64
1784.05,-0.154317,-175.648
1784.1,-0.154334,-175.656
1784.15,-0.154346,-175.663
1784.2,-0.154364,-175.671
1784.25,-0.154356,-175.679
1784.3,-0.154365,-175.687
1784.35,-0.154361,-175.694
1784.4,-0.154373,-175.702
1784.45,-0.154376,-175.71
1784.5,-0.154372,-175.718
1784.55,-0.154391,-175.725
1784.6,-0.154393,-175.733
1784.65,-0.154399,-175.741
1784.7,-0.154405,-175.748
1784.75,-0.154399,-175.756
1784.8,-0.154387,-175.764
1784.85,-0.154411,-175.772
1784.9,-0.154428,-175.779
1784.95,-0.154434,-175.787
1785.0,-0.15442,-175.795
1785.05,-0.154404,-175.802
1785.1,-0.15442,-175.81
1785.15,-0.154422,-175.818
1785.2,-0.154423,-175.826
1785.25,-0.154427,-175.833
1785.3,-0.15443,-175.841
1785.35,-0.15444,-175.849
1785.4,-0.154436,-175.856
1785.45,-0.154427,-175.864
1785.5,-0.154438,-175.872
1785.55,-0.154438,-175.88
1785.6,-0.154444,-175.887
1785.65,-0.154447,-175.895
1785.7,-0.154447,-175.903
1785.75,-0.154433,-175.911
1785.8,-0.154439,-175.918
1785.85,-0.154428,-175.926
1785.9,-0.15445,-175.934
1785.95,-0.154442,-175.941
1786.0,-0.154435,-175.949
1786.05,-0.154445,-175.957
1786.1,-0.154448,-175.965
1786.15,-0.154445,-175.972
1786.2,-0.154446,-175.98
1786.25,-0.154445,-175.988
1786.3,-0.154449,-175.995
1786.35,-0.154439,-176.003
1786.4,-0.154451,-176.011
1786.45,-0.154443,-176.019
1786.5,-0.154448,-176.026
1786.55,-0.154462,-176.034
1786.6,-0.154469,-176.042
1786.65,-0.154463,-176.05
1786.7,-0.154468,-176.057
1786.75,-0.154478,-176.065
1786.8,-0.154481,-176.073
1786.85,-0.154492,-176.08
1786.9,-0.154481,-176.088
1786.95,-0.154482,-176.096
1787.0,-0.154507,-176.104
1787.05,-0.154522,-176.111
1787.1,-0.154529,-176.119
1787.15,-0.154543,-176.127
1787.2,-0.154559,-176.135
1787.25,-0.154541,-176.142
1787.3,-0.154557,-176.15
1787.35,-0.154571,-176.158
1787.4,-0.154574,-176.165
1787.45,-0.154566,-176.173
1787.5,-0.154586,-176.181
1787.55,-0.154578,-176.189
1787.6,-0.154572,-176.196
1787.65,-0.154581,-176.204
1787.7,-0.154592,-176.212
1787.75,-0.154588,-176.22
1787.8,-0.154605,-176.227
1787.85,-0.154588,-176.235
1787.9,-0.154589,-176.243
1787.95,-0.154573,-176.25
1788.0,-0.154577,-176.258
1788.05,-0.154579,-176.266
1788.1,-0.154582,-176.274
1788.15,-0.154587,-176.281
1788.2,-0.154585,-176.289
1788.25,-0.154564,-176.297
1788.3,-0.15457,-176.305
1788.35,-0.15457,-176.312
1788.4,-0.154574,-176.32
1788.45,-0.154589,-176.328
1788.5,-0.15458,-176.335
1788.55,-0.15457,-176.343
1788.6,-0.154568,-176.351
1788.65,-0.154574,-176.359
1788.7,-0.154577,-176.366
1788.75,-0.154574,-176.374
1788.8,-0.154573,-176.382
1788.85,-0.154573,-176.39
1788.9,-0.154565,-176.397
1788.95,-0.154567,-176.405
1789.0,-0.154567,-176.413
1789.05,-0.154563,-176.42
1789.1,-0.154562,-176.428
1789.15,-0.154567,-176.436
1789.2,-0.154553,-176.444
1789.25,-0.154561,-176.451
1789.3,-0.154551,-176.459
1789.35,-0.154549,-176.467
1789.4,-0.154548,-176.475
1789.45,-0.154555,-176.482
1789.5,-0.154558,-176.49
1789.55,-0.154558,-176.498
1789.6,-0.154541,-176.505
1789.65,-0.15454,-176.513
1789.7,-0.154533,-176.521
1789.75,-0.154534,-176.529
1789.8,-0.154537,-176.536
1789.85,-0.154531,-176.544
1789.9,-0.154526,-176.552
1789.95,-0.15451,-176.56
1790.0,-0.154507,-176.567
1790.05,-0.154507,-176.575
1790.1,-0.154512,-176.583
1790.15,-0.154507,-176.59
1790.2,-0.154501,-176.598
1790.25,-0.154519,-176.606
1790.3,-0.154513,-176.614
1790.35,-0.154512,-176.621
1790.4,-0.154501,-176.629
1790.45,-0.154504,-176.637
1790.5,-0.154504,-176.645
1790.55,-0.154518,-176.652
1790.6,-0.154509,-176.66
1790.65,-0.15451,-176.668
1790.7,-0.154511,-176.675
1790.75,-0.15451,-176.683
1790.8,-0.154509,-176.691
1790.85,-0.154519,-176.699
1790.9,-0.154522,-176.706
1790.95,-0.154524,-176.714
1791.0,-0.154532,-176.722
1791.05,-0.154519,-176.73
1791.1,-0.154523,-176.737
1791.15,-0.154518,-176.745
1791.2,-0.154518,-176.753
1791.25,-0.154533,-176.76
1791.3,-0.154523,-176.768
1791.35,-0.154528,-176.776
1791.4,-0.154527,-176.784
1791.45,-0.154524,-176.791
1791.5,-0.154517,-176.799
1791.55,-0.154525,-176.807
1791.6,-0.154531,-176.815
1791.65,-0.154529,-176.822
1791.7,-0.15452,-176.83
1791.75,-0.154529,-176.838
1791.8,-0.154534,-176.845
1791.85,-0.154536,-176.853
1791.9,-0.154544,-176.861
1791.95,-0.154553,-176.869
1792.0,-0.154554,-176.876
1792.05,-0.154548,-176.884
1792.1,-0.154554,-176.892
1792.15,-0.154566,-176.9
1792.2,-0.154565,-176.907
1792.25,-0.154564,-176.915
1792.3,-0.154556,-176.923
1792.35,-0.154569,-176.93
1792.4,-0.154544,-176.938
1792.45,-0.154541,-176.946
1792.5,-0.15454,-176.954
1792.55,-0.154537,-176.961
1792.6,-0.154542,-176.969
1792.65,-0.154534,-176.977
1792.7,-0.154528,-176.985
1792.75,-0.154513,-176.992
1792.8,-0.154508,-177.0
1792.85,-0.154502,-177.008
1792.9,-0.154514,-177.015
1792.95,-0.154507,-177.023
1793.0,-0.15452,-177.031
1793.05,-0.154519,-177.039
1793.1,-0.154513,-177.046
1793.15,-0.154511,-177.054
1793.2,-0.154524,-177.062
1793.25,-0.154529,-177.07
1793.3,-0.154521,-177.077
1793.35,-0.154519,-177.085
1793.4,-0.154516,-177.093
1793.45,-0.154511,-177.1
1793.5,-0.154506,-177.108
1793.55,-0.154507,-177.116
1793.6,-0.154509,-177.124
1793.65,-0.154491,-177.131
1793.7,-0.154501,-177.139
1793.75,-0.154513,-177.147
1793.8,-0.154498,-177.154
1793.85,-0.154501,-177.162
1793.9,-0.154506,-177.17
1793.95,-0.154501,-177.178
1794.0,-0.154516,-177.185
1794.05,-0.154509,-177.193
1794.1,-0.154517,-177.201
1794.15,-0.154505,-177.209
1794.2,-0.154492,-177.216
1794.25,-0.154503,-177.224
1794.3,-0.154517,-177.232
1794.35,-0.154521,-177.239
1794.4,-0.154503,-177.247
1794.45,-0.154489,-177.255
1794.5,-0.154501,-177.263
1794.55,-0.154499,-177.27
1794.6,-0.154501,-177.278
1794.65,-0.154508,-177.286
1794.7,-0.154515,-177.294
1794.75,-0.154519,-177.301
1794.8,-0.154513,-177.309
1794.85,-0.15452,-177.317
1794.9,-0.154514,-177.324
1794.95,-0.154512,-177.332
1795.0,-0.154519,-177.34
1795.05,-0.154524,-177.348
1795.1,-0.154524,-177.355
1795.15,-0.154531,-177.363
1795.2,-0.154525,-177.371
1795.25,-0.154516,-177.379
1795.3,-0.154526,-177.386
1795.35,-0.154533,-177.394
1795.4,-0.154547,-177.402
1795.45,-0.154542,-177.409
1795.5,-0.154548,-177.417
1795.55,-0.154533,-177.425
1795.6,-0.154543,-177.433
1795.65,-0.154549,-177.44
1795.7,-0.154569,-177.448
1795.75,-0.154561,-177.456
1795.8,-0.15456,-177.464
1795.85,-0.154559,-177.471
1795.9,-0.154554,-177.479
1795.95,-0.15455,-177.487
1796.0,-0.154545,-177.494
1796.05,-0.154556,-177.502
1796.1,-0.15455,-177.51
1796.15,-0.154552,-177.518
1796.2,-0.154559,-177.525
1796.25,-0.154552,-177.533
1796.3,-0.154552,-177.541
1796.35,-0.154554,-177.549
1796.4,-0.154553,-177.556
1796.45,-0.154565,-177.564
1796.5,-0.154565,-177.572
1796.55,-0.15455,-177.579
1796.6,-0.154549,-177.587
1796.65,-0.154555,-177.595
1796.7,-0.154559,-177.603
1796.75,-0.154559,-177.61
1796.8,-0.154562,-177.618
1796.85,-0.154549,-177.626
1796.9,-0.154536,-177.634
1796.95,-0.154523,-177.641
1797.0,-0.15453,-177.649
1797.05,-0.154516,-177.657
1797.1,-0.154516,-177.664
1797.15,-0.154511,-177.672
1797.2,-0.154531,-177.68
1797.25,-0.154527,-177.688
1797.3,-0.154506,-177.695
1797.35,-0.154515,-177.703
1797.4,-0.154499,-177.711
1797.45,-0.154506,-177.719
1797.5,-0.15452,-177.726
1797.55,-0.154505,-177.734
1797.6,-0.154519,-177.742
1797.65,-0.154503,-177.749
1797.7,-0.154523,-177.757
1797.75,-0.154511,-177.765
1797.8,-0.154501,-177.773
1797.85,-0.154511,-177.78
1797.9,-0.154507,-177.788
1797.95,-0.154517,-177.796
1798.0,-0.15451,-177.803
1798.05,-0.154507,-177.811
1798.1,-0.154505,-177.819
1798.15,-0.154511,-177.827
1798.2,-0.154505,-177.834
1798.25,-0.154502,-177.842
1798.3,-0.154512,-177.85
1798.35,-0.154497,-177.858
1798.4,-0.154488,-177.865
1798.45,-0.154493,-177.873
1798.5,-0.154502,-177.881
1798.55,-0.1545,-177.888
1798.6,-0.154504,-177.896
1798.65,-0.154518,-177.904
1798.7,-0.15453,-177.912
1798.75,-0.15452,-177.919
1798.8,-0.154526,-177.927
1798.85,-0.154538,-177.935
1798.9,-0.154533,-177.943
1798.95,-0.154545,-177.95
1799.0,-0.154551,-177.958
1799.05,-0.154526,-177.966
1799.1,-0.154525,-177.973
1799.15,-0.154534,-177.981
1799.2,-0.154523,-177.989
1799.25,-0.154537,-177.997
1799.3,-0.154534,-178.004
1799.35,-0.154536,-178.012
1799.4,-0.154535,-178.02
1799.45,-0.154542,-178.028
1799.5,-0.154544,-178.035
1799.55,-0.154541,-178.043
1799.6,-0.154531,-178.051
1799.65,-0.154546,-178.058
1799.7,-0.154545,-178.066
1799.75,-0.154548,-178.074
1799.8,-0.154547,-178.082
1799.85,-0.154552,-178.089
1799.9,-0.154558,-178.097
1799.95,-0.154555,-178.105
1800.0,-0.154559,-178.113
1800.05,-0.154556,-178.12
1800.1,-0.15456,-178.128
1800.15,-0.154568,-178.136
1800.2,-0.154556,-178.143
1800.25,-0.154556,-178.151
1800.3,-0.154561,-178.159
1800.35,-0.154565,-178.167
1800.4,-0.15454,-178.174
1800.45,-0.154545,-178.182
1800.5,-0.154547,-178.19
1800.55,-0.154564,-178.198
1800.6,-0.154562,-178.205
1800.65,-0.154563,-178.213
1800.7,-0.154562,-178.221
1800.75,-0.154564,-178.228
1800.8,-0.15457,-178.236
1800.85,-0.154554,-178.244
1800.9,-0.15456,-178.252
1800.95,-0.154557,-178.259
1801.0,-0.154565,-178.267
1801.05,-0.154572,-178.275
1801.1,-0.154567,-178.283
1801.15,-0.154558,-178.29
1801.2,-0.154566,-178.298
1801.25,-0.154582,-178.306
1801.3,-0.154584,-178.313
1801.35,-0.154582,-178.321
1801.4,-0.154583,-178.329
1801.45,-0.154577,-178.337
1801.5,-0.154582,-178.344
1801.55,-0.154571,-178.352
1801.6,-0.154566,-178.36
1801.65,-0.154584,-178.368
1801.7,-0.154587,-178.375
1801.75,-0.154579,-178.383
1801.8,-0.154586,-178.391
1801.85,-0.15457,-178.398
1801.9,-0.154577,-178.406
1801.95,-0.154571,-178.414
1802.0,-0.154567,-178.422
1802.05,-0.154582,-178.429
1802.1,-0.154587,-178.437
1802.15,-0.154583,-178.445
1802.2,-0.154576,-178.453
1802.25,-0.154569,-178.46
1802.3,-0.154566,-178.468
1802.35,-0.154574,-178.476
1802.4,-0.154566,-178.484
1802.45,-0.154563,-178.491
1802.5,-0.154562,-178.499
1802.55,-0.154558,-178.507
1802.6,-0.154563,-178.514
1802.65,-0.154569,-178.522
1802.7,-0.154578,-178.53
1802.75,-0.154588,-178.538
1802.8,-0.154593,-178.545
1802.85,-0.154578,-178.553
1802.9,-0.154576,-178.561
1802.95,-0.15457,-178.569
1803.0,-0.154581,-178.576
1803.05,-0.154585,-178.584
1803.1,-0.154587,-178.592
1803.15,-0.154585,-178.599
1803.2,-0.154584,-178.607
1803.25,-0.154577,-178.615
1803.3,-0.154578,-178.623
1803.35,-0.154576,-178.63
1803.4,-0.154572,-178.638
1803.45,-0.154571,-178.646
1803.5,-0.154573,-178.654
1803.55,-0.154578,-178.661
1803.6,-0.154577,-178.669
1803.65,-0.154584,-178.677
1803.7,-0.154577,-178.684
1803.75,-0.15458,-178.692
1803.8,-0.154582,-178.7
1803.85,-0.15458,-178.708
1803.9,-0.154578,-178.715
1803.95,-0.15458,-178.723
1804.0,-0.154585,-178.731
1804.05,-0.154591,-178.739
1804.1,-0.154577,-178.746
1804.15,-0.154581,-178.754
1804.2,-0.154593,-178.762
1804.25,-0.15459,-178.769
1804.3,-0.154586,-178.777
1804.35,-0.154591,-178.785
1804.4,-0.154605,-178.793
1804.45,-0.154596,-178.8
1804.5,-0.15461,-178.808
1804.55,-0.154603,-178.816
1804.6,-0.154606,-178.824
1804.65,-0.15462,-178.831
1804.7,-0.154621,-178.839
1804.75,-0.154612,-178.847
1804.8,-0.154606,-178.855
1804.85,-0.154626,-178.862
1804.9,-0.154623,-178.87
1804.95,-0.154639,-178.878
1805.0,-0.154636,-178.885
1805.05,-0.154629,-178.893
1805.1,-0.154638,-178.901
1805.15,-0.154641,-178.909
1805.2,-0.154638,-178.916
1805.25,-0.154422,-178.924
1805.3,-0.154395,-178.932
1805.35,-0.154364,-178.94
1805.4,-0.154368,-178.947
1805.45,-0.154373,-178.955
1805.5,-0.154382,-178.963
1805.55,-0.154384,-178.97
1805.6,-0.15438,-178.978
1805.65,-0.154393,-178.986
1805.7,-0.154388,-178.994
1805.75,-0.154374,-179.001
1805.8,-0.154397,-179.009
1805.85,-0.154401,-179.017
1805.9,-0.154403,-179.024
1805.95,-0.154392,-179.032
1806.0,-0.154396,-179.04
1806.05,-0.154384,-179.048
1806.1,-0.154384,-179.055
1806.15,-0.154392,-179.063
1806.2,-0.154394,-179.071
1806.25,-0.1544,-179.078
1806.3,-0.154401,-179.086
1806.35,-0.154406,-179.094
1806.4,-0.154406,-179.102
1806.45,-0.154408,-179.109
1806.5,-0.154416,-179.117
1806.55,-0.154417,-179.125
1806.6,-0.154418,-179.133
1806.65,-0.154415,-179.14
1806.7,-0.15441,-179.148
1806.75,-0.154408,-179.156
1806.8,-0.154402,-179.163
1806.85,-0.154405,-179.171
1806.9,-0.154413,-179.179
1806.95,-0.154413,-179.187
1807.0,-0.154426,-179.194
1807.05,-0.154417,-179.202
1807.1,-0.154419,-179.21
1807.15,-0.154419,-179.217
1807.2,-0.154414,-179.225
1807.25,-0.154414,-179.233
1807.3,-0.15443,-179.241
1807.35,-0.154419,-179.248
1807.4,-0.154421,-179.256
1807.45,-0.154421,-179.264
1807.5,-0.154437,-179.271
1807.55,-0.154437,-179.279
1807.6,-0.154429,-179.287
1807.65,-0.154426,-179.295
1807.7,-0.154431,-179.302
1807.75,-0.154439,-179.31
1807.8,-0.154436,-179.318
1807.85,-0.154447,-179.326
1807.9,-0.154438,-179.333
1807.95,-0.154442,-179.341
1808.0,-0.154438,-179.349
1808.05,-0.154443,-179.356
1808.1,-0.15444,-179.364
1808.15,-0.154444,-179.372
1808.2,-0.154434,-179.38
1808.25,-0.154447,-179.387
1808.3,-0.154447,-179.395
1808.35,-0.154453,-179.403
1808.4,-0.154453,-179.411
1808.45,-0.154457,-179.418
1808.5,-0.154439,-179.426
1808.55,-0.154443,-179.434
1808.6,-0.154441,-179.441
1808.65,-0.154442,-179.449
1808.7,-0.154448,-179.457
1808.75,-0.154462,-179.465
1808.8,-0.154468,-179.472
1808.85,-0.15446,-179.48
1808.9,-0.15445,-179.488
1808.95,-0.154447,-179.495
1809.0,-0.154452,-179.503
1809.05,-0.15445,-179.511
1809.1,-0.154458,-179.519
1809.15,-0.154454,-179.526
1809.2,-0.154456,-179.534
1809.25,-0.154461,-179.542
1809.3,-0.154447,-179.55
1809.35,-0.154461,-179.557
1809.4,-0.154473,-179.565
1809.45,-0.154464,-179.573
1809.5,-0.154457,-179.58
1809.55,-0.154451,-179.588
1809.6,-0.15446,-179.596
1809.65,-0.154468,-179.604
1809.7,-0.154468,-179.611
1809.75,-0.154479,-179.619
1809.8,-0.154465,-179.627
1809.85,-0.154445,-179.634
1809.9,-0.154458,-179.642
1809.95,-0.154457,-179.65
1810.0,-0.154449,-179.658
1810.05,-0.154469,-179.665
1810.1,-0.154477,-179.673
1810.15,-0.154475,-179.681
1810.2,-0.154465,-179.689
1810.25,-0.154458,-179.696
1810.3,-0.154457,-179.704
1810.35,-0.15447,-179.712
1810.4,-0.154475,-179.719
1810.45,-0.154468,-179.727
1810.5,-0.154474,-179.735
1810.55,-0.154477,-179.743
1810.6,-0.154476,-179.75
1810.65,-0.154473,-179.758
1810.7,-0.154473,-179.766
1810.75,-0.154477,-179.773
1810.8,-0.15448,-179.781
1810.85,-0.154463,-179.789
1810.9,-0.15447,-179.797
1810.95,-0.15446,-179.804
1811.0,-0.154456,-179.812
1811.05,-0.154467,-179.82
1811.1,-0.154476,-179.828
1811.15,-0.154476,-179.835
1811.2,-0.154484,-179.843
1811.25,-0.154473,-179.851
1811.3,-0.154468,-179.858
1811.35,-0.154474,-179.866
1811.4,-0.15448,-179.874
1811.45,-0.15448,-179.882
1811.5,-0.154479,-179.889
1811.55,-0.154471,-179.897
1811.6,-0.154474,-179.905
1811.65,-0.154485,-179.913
1811.7,-0.154493,-179.92
1811.75,-0.154484,-179.928
1811.8,-0.154487,-179.936
1811.85,-0.154484,-179.943
1811.9,-0.154474,-179.951
1811.95,-0.154491,-179.959
1812.0,-0.154491,-179.967
1812.05,-0.154504,-179.974
1812.1,-0.154501,-179.982
1812.15,-0.154504,-179.99
1812.2,-0.154512,-179.997
1812.25,-0.154514,-180.005
1812.3,-0.15452,-180.013
1812.35,-0.154523,-180.021
