CC-at Ep-60C,VSTEP1,-1.612,TSTEP1,8000.0,QLIMIT,60000.0
T,Im,Q
-0.45,0.00532333,0.0
-0.4,0.00529311,0.0
-0.35,0.00528513,0.0
-0.3,0.00526783,0.0
-0.25,0.00525127,0.0
-0.2,0.00523905,0.0
-0.15,0.00523691,0.0
-0.1,0.00522085,0.0
-0.05,0.00520222,0.0
0.0,0.00518822,0.000259411
0.05,-0.185159,-0.00899855
0.1,-0.113513,-0.0146742
0.15,-0.0891573,-0.0191321
0.2,-0.075473,-0.0229057
0.25,-0.0664056,-0.026226
0.3,-0.0597655,-0.0292143
0.35,-0.054702,-0.0319494
0.4,-0.0506723,-0.034483
0.45,-0.0473714,-0.0368516
0.5,-0.0446605,-0.0390846
0.55,-0.0423573,-0.0412024
0.6,-0.0403508,-0.04322
0.65,-0.0385975,-0.0451499
0.7,-0.0370637,-0.047003
0.75,-0.0357124,-0.0487887
0.8,-0.0344878,-0.0505131
0.85,-0.0333822,-0.0521822
0.9,-0.0323609,-0.0538002
0.95,-0.0313947,-0.0553699
1.0,-0.0305398,-0.0568969
1.05,-0.0297714,-0.0583855
1.1,-0.0290644,-0.0598387
1.15,-0.0283536,-0.0612564
1.2,-0.0276382,-0.0626383
1.25,-0.0270293,-0.0639898
1.3,-0.0264427,-0.0653119
1.35,-0.025931,-0.0666085
1.4,-0.0254764,-0.0678823
1.45,-0.0250048,-0.0691325
1.5,-0.0245541,-0.0703602
1.55,-0.0241576,-0.0715681
1.6,-0.0237833,-0.0727573
1.65,-0.0234195,-0.0739283
1.7,-0.0230556,-0.075081
1.75,-0.0226978,-0.0762159
1.8,-0.0223521,-0.0773335
1.85,-0.0220245,-0.0784348
1.9,-0.0217307,-0.0795213
1.95,-0.0215135,-0.080597
2.0,-0.021356,-0.0816648
2.05,-0.0211557,-0.0827226
2.1,-0.0209739,-0.0837713
2.15,-0.0207836,-0.0848104
2.2,-0.0205606,-0.0858385
2.25,-0.0203695,-0.0868569
2.3,-0.0201733,-0.0878656
2.35,-0.0199626,-0.0888637
2.4,-0.0197779,-0.0898526
2.45,-0.019607,-0.090833
2.5,-0.0194402,-0.091805
2.55,-0.0192104,-0.0927655
2.6,-0.0189691,-0.093714
2.65,-0.0187679,-0.0946524
2.7,-0.0185959,-0.0955821
2.75,-0.0184359,-0.096504
2.8,-0.0182905,-0.0974185
2.85,-0.0181612,-0.0983265
2.9,-0.017997,-0.0992264
2.95,-0.0178485,-0.100119
3.0,-0.0177318,-0.101005
3.05,-0.0175848,-0.101885
3.1,-0.0174326,-0.102756
3.15,-0.0173123,-0.103622
3.2,-0.0171616,-0.10448
3.25,-0.0170327,-0.105332
3.3,-0.0169185,-0.106178
3.35,-0.0168099,-0.107018
3.4,-0.0167046,-0.107853
3.45,-0.0166156,-0.108684
3.5,-0.0165187,-0.10951
3.55,-0.016424,-0.110331
3.6,-0.0163174,-0.111147
3.65,-0.0162202,-0.111958
3.7,-0.0161467,-0.112765
3.75,-0.0160762,-0.113569
3.8,-0.015969,-0.114368
3.85,-0.0158555,-0.11516
3.9,-0.0157958,-0.11595
3.95,-0.0157239,-0.116736
4.0,-0.0156295,-0.117518
4.05,-0.0155327,-0.118295
4.1,-0.015432,-0.119066
4.15,-0.0153304,-0.119833
4.2,-0.0152416,-0.120595
4.25,-0.0151832,-0.121354
4.3,-0.0151246,-0.12211
4.35,-0.0150603,-0.122863
4.4,-0.0149908,-0.123613
4.45,-0.0149338,-0.124359
4.5,-0.0148749,-0.125103
4.55,-0.0148145,-0.125844
4.6,-0.0147191,-0.12658
4.65,-0.0146454,-0.127312
4.7,-0.0145951,-0.128042
4.75,-0.0145529,-0.128769
4.8,-0.0145636,-0.129498
4.85,-0.0145372,-0.130224
4.9,-0.0144644,-0.130948
4.95,-0.014376,-0.131666
5.0,-0.0142955,-0.132381
5.05,-0.0142322,-0.133093
5.1,-0.0141951,-0.133803
5.15,-0.0141531,-0.13451
5.2,-0.0141048,-0.135216
5.25,-0.0140449,-0.135918
5.3,-0.0139793,-0.136617
5.35,-0.0139063,-0.137312
5.4,-0.0138486,-0.138004
5.45,-0.0137948,-0.138694
5.5,-0.0137143,-0.13938
5.55,-0.013642,-0.140062
5.6,-0.0135948,-0.140742
5.65,-0.0135359,-0.141419
5.7,-0.0134915,-0.142093
5.75,-0.0134524,-0.142766
5.8,-0.0134224,-0.143437
5.85,-0.0134262,-0.144108
5.9,-0.0134237,-0.144779
5.95,-0.0134068,-0.14545
6.0,-0.0133828,-0.146119
6.05,-0.0133546,-0.146787
6.1,-0.0133339,-0.147453
6.15,-0.0132914,-0.148118
6.2,-0.0132614,-0.148781
6.25,-0.0132061,-0.149441
6.3,-0.0131411,-0.150098
6.35,-0.0131058,-0.150754
6.4,-0.0130752,-0.151407
6.45,-0.0130317,-0.152059
6.5,-0.0129971,-0.152709
6.55,-0.0129663,-0.153357
6.6,-0.0129336,-0.154004
6.65,-0.0128895,-0.154648
6.7,-0.0128499,-0.155291
6.75,-0.0128118,-0.155931
6.8,-0.0127774,-0.15657
6.85,-0.0127211,-0.157206
6.9,-0.012706,-0.157842
6.95,-0.0126757,-0.158475
7.0,-0.0126518,-0.159108
7.05,-0.0126313,-0.159739
7.1,-0.012616,-0.16037
7.15,-0.0125983,-0.161
7.2,-0.012576,-0.161629
7.25,-0.0125554,-0.162257
7.3,-0.0125307,-0.162883
7.35,-0.0125057,-0.163509
7.4,-0.0124799,-0.164133
7.45,-0.0124499,-0.164755
7.5,-0.0124318,-0.165377
7.55,-0.0124031,-0.165997
7.6,-0.0123716,-0.166615
7.65,-0.0123426,-0.167233
7.7,-0.0123018,-0.167848
7.75,-0.0122724,-0.168461
7.8,-0.0122478,-0.169074
7.85,-0.012232,-0.169685
7.9,-0.0122146,-0.170296
7.95,-0.012199,-0.170906
8.0,-0.0121771,-0.171515
8.05,-0.0121612,-0.172123
8.1,-0.0121471,-0.17273
8.15,-0.0121338,-0.173337
8.2,-0.0121202,-0.173943
8.25,-0.0121182,-0.174549
8.3,-0.0121139,-0.175155
8.35,-0.0121152,-0.17576
8.4,-0.0121033,-0.176365
8.45,-0.0121113,-0.176971
8.5,-0.0121106,-0.177577
8.55,-0.0120942,-0.178181
8.6,-0.012074,-0.178785
8.65,-0.0120485,-0.179387
8.7,-0.0120284,-0.179989
8.75,-0.0120191,-0.18059
8.8,-0.0120082,-0.18119
8.85,-0.0119944,-0.18179
8.9,-0.0119585,-0.182388
8.95,-0.0119446,-0.182985
9.0,-0.0119167,-0.183581
9.05,-0.0118956,-0.184176
9.1,-0.0118813,-0.18477
9.15,-0.0118541,-0.185362
9.2,-0.011827,-0.185954
9.25,-0.0118142,-0.186544
9.3,-0.0118007,-0.187135
9.35,-0.0117838,-0.187724
9.4,-0.0117716,-0.188312
9.45,-0.0117527,-0.1889
9.5,-0.0117338,-0.189487
9.55,-0.0117075,-0.190072
9.6,-0.0116994,-0.190657
9.65,-0.0116898,-0.191241
9.7,-0.0116779,-0.191825
9.75,-0.0116744,-0.192409
9.8,-0.0116706,-0.192993
9.85,-0.0116743,-0.193576
9.9,-0.0116721,-0.19416
9.95,-0.0116641,-0.194743
10.0,-0.0116539,-0.195326
10.05,-0.011643,-0.195908
10.1,-0.0116247,-0.196489
10.15,-0.0116208,-0.19707
10.2,-0.0116123,-0.197651
10.25,-0.0115905,-0.19823
10.3,-0.0115816,-0.198809
10.35,-0.0115664,-0.199388
10.4,-0.011565,-0.199966
10.45,-0.0115416,-0.200543
10.5,-0.0115334,-0.20112
10.55,-0.0115183,-0.201696
10.6,-0.0114971,-0.202271
10.65,-0.0114856,-0.202845
10.7,-0.0114832,-0.203419
10.75,-0.0114655,-0.203992
10.8,-0.0114662,-0.204566
10.85,-0.0114533,-0.205138
10.9,-0.0114534,-0.205711
10.95,-0.0114364,-0.206283
11.0,-0.01143,-0.206854
11.05,-0.0114219,-0.207425
11.1,-0.0114103,-0.207996
11.15,-0.0114088,-0.208566
11.2,-0.0114007,-0.209136
11.25,-0.0114044,-0.209707
11.3,-0.0113867,-0.210276
11.35,-0.0113835,-0.210845
11.4,-0.0113802,-0.211414
11.45,-0.0113838,-0.211983
11.5,-0.0113706,-0.212552
11.55,-0.0113593,-0.21312
11.6,-0.0113477,-0.213687
11.65,-0.0113501,-0.214255
11.7,-0.0113305,-0.214821
11.75,-0.0113324,-0.215388
11.8,-0.0113316,-0.215954
11.85,-0.0113276,-0.216521
11.9,-0.0113225,-0.217087
11.95,-0.0113151,-0.217653
12.0,-0.0113096,-0.218218
12.05,-0.0113077,-0.218783
12.1,-0.0112943,-0.219348
12.15,-0.0113013,-0.219913
12.2,-0.011296,-0.220478
12.25,-0.0112889,-0.221042
12.3,-0.0112824,-0.221607
12.35,-0.0112666,-0.22217
12.4,-0.0112787,-0.222734
12.45,-0.0112708,-0.223297
12.5,-0.0112636,-0.223861
12.55,-0.0112604,-0.224424
12.6,-0.0112554,-0.224986
12.65,-0.0112545,-0.225549
12.7,-0.0112473,-0.226111
12.75,-0.011238,-0.226673
12.8,-0.0112436,-0.227236
12.85,-0.0112361,-0.227797
12.9,-0.0112268,-0.228359
12.95,-0.0112284,-0.22892
13.0,-0.0112273,-0.229481
13.05,-0.0112233,-0.230043
13.1,-0.0112196,-0.230604
13.15,-0.0112072,-0.231164
13.2,-0.0112009,-0.231724
13.25,-0.0111944,-0.232284
13.3,-0.0111923,-0.232843
13.35,-0.0111818,-0.233402
13.4,-0.0111927,-0.233962
13.45,-0.0111686,-0.234521
13.5,-0.0111715,-0.235079
13.55,-0.0111822,-0.235638
13.6,-0.0111864,-0.236198
13.65,-0.0111752,-0.236756
13.7,-0.0111894,-0.237316
13.75,-0.0111811,-0.237875
13.8,-0.0111781,-0.238434
13.85,-0.0111774,-0.238993
13.9,-0.0111706,-0.239551
13.95,-0.0111691,-0.24011
14.0,-0.0111721,-0.240668
14.05,-0.0111643,-0.241226
14.1,-0.011163,-0.241785
14.15,-0.0111579,-0.242342
14.2,-0.0111555,-0.2429
14.25,-0.0111471,-0.243458
14.3,-0.0111346,-0.244014
14.35,-0.0111303,-0.244571
14.4,-0.0111162,-0.245127
14.45,-0.011112,-0.245682
14.5,-0.0111016,-0.246237
14.55,-0.0111045,-0.246793
14.6,-0.0111008,-0.247348
14.65,-0.011089,-0.247902
14.7,-0.0110861,-0.248456
14.75,-0.0110725,-0.24901
14.8,-0.0110717,-0.249564
14.85,-0.0110623,-0.250117
14.9,-0.0110578,-0.25067
14.95,-0.0110575,-0.251222
15.0,-0.0110562,-0.251775
15.05,-0.0110526,-0.252328
15.1,-0.0110468,-0.25288
15.15,-0.0110356,-0.253432
15.2,-0.011037,-0.253984
15.25,-0.0110269,-0.254535
15.3,-0.0110176,-0.255086
15.35,-0.0110228,-0.255637
15.4,-0.0110292,-0.256189
15.45,-0.0110247,-0.25674
15.5,-0.0110187,-0.257291
15.55,-0.0110084,-0.257841
15.6,-0.0109969,-0.258391
15.65,-0.0109956,-0.258941
15.7,-0.0109917,-0.25949
15.75,-0.0109862,-0.26004
15.8,-0.0109717,-0.260588
15.85,-0.010964,-0.261137
15.9,-0.010961,-0.261685
15.95,-0.0109658,-0.262233
16.0,-0.010963,-0.262781
16.05,-0.01095,-0.263329
16.1,-0.0109443,-0.263876
16.15,-0.0109519,-0.264423
16.2,-0.0109386,-0.26497
16.25,-0.010927,-0.265517
16.3,-0.0109209,-0.266063
16.35,-0.0109148,-0.266608
16.4,-0.0109134,-0.267154
16.45,-0.0108868,-0.267698
16.5,-0.0108843,-0.268243
16.55,-0.010887,-0.268787
16.6,-0.0108839,-0.269331
16.65,-0.0108718,-0.269875
16.7,-0.0108672,-0.270418
16.75,-0.0108623,-0.270961
16.8,-0.0108592,-0.271504
16.85,-0.0108505,-0.272047
16.9,-0.010855,-0.27259
16.95,-0.0108526,-0.273132
17.0,-0.0108419,-0.273674
17.05,-0.0108409,-0.274216
17.1,-0.0108238,-0.274757
17.15,-0.0108283,-0.275299
17.2,-0.0108277,-0.27584
17.25,-0.0108252,-0.276382
17.3,-0.0108235,-0.276923
17.35,-0.0108186,-0.277464
17.4,-0.0108218,-0.278005
17.45,-0.0108179,-0.278546
17.5,-0.0108144,-0.279086
17.55,-0.0108177,-0.279627
17.6,-0.010813,-0.280168
17.65,-0.0108128,-0.280709
17.7,-0.0108146,-0.281249
17.75,-0.0108146,-0.28179
17.8,-0.0108096,-0.28233
17.85,-0.0108019,-0.282871
17.9,-0.0107995,-0.283411
17.95,-0.0107992,-0.28395
18.0,-0.0107942,-0.28449
18.05,-0.0107846,-0.285029
18.1,-0.010788,-0.285569
18.15,-0.0107882,-0.286108
18.2,-0.0107882,-0.286648
18.25,-0.0107922,-0.287187
18.3,-0.0107892,-0.287727
18.35,-0.0107861,-0.288266
18.4,-0.0107768,-0.288805
18.45,-0.0107691,-0.289343
18.5,-0.0107782,-0.289882
18.55,-0.0107731,-0.290421
18.6,-0.0107736,-0.29096
18.65,-0.0107791,-0.291499
18.7,-0.0107752,-0.292037
18.75,-0.0107688,-0.292576
18.8,-0.0107708,-0.293114
18.85,-0.0107677,-0.293653
18.9,-0.0107625,-0.294191
18.95,-0.0107578,-0.294729
19.0,-0.0107553,-0.295266
19.05,-0.0107595,-0.295804
19.1,-0.0107621,-0.296342
19.15,-0.0107599,-0.296881
19.2,-0.0107534,-0.297418
19.25,-0.0107504,-0.297956
19.3,-0.0107422,-0.298493
19.35,-0.0107454,-0.29903
19.4,-0.0107494,-0.299568
19.45,-0.010761,-0.300106
19.5,-0.0107558,-0.300643
19.55,-0.0107742,-0.301182
19.6,-0.0107747,-0.301721
19.65,-0.010773,-0.302259
19.7,-0.0107702,-0.302798
19.75,-0.0107712,-0.303337
19.8,-0.0107645,-0.303875
19.85,-0.0107743,-0.304413
19.9,-0.0107587,-0.304951
19.95,-0.0107661,-0.30549
20.0,-0.0107552,-0.306028
20.05,-0.0107518,-0.306565
20.1,-0.0107506,-0.307103
20.15,-0.010743,-0.30764
20.2,-0.0107454,-0.308177
20.25,-0.0107469,-0.308714
20.3,-0.0107537,-0.309252
20.35,-0.0107485,-0.30979
20.4,-0.0107412,-0.310327
20.45,-0.0107308,-0.310863
20.5,-0.0107378,-0.3114
20.55,-0.0107483,-0.311937
20.6,-0.0107454,-0.312475
20.65,-0.0107306,-0.313011
20.7,-0.0107264,-0.313548
20.75,-0.0107237,-0.314084
20.8,-0.0107171,-0.31462
20.85,-0.0107191,-0.315156
20.9,-0.0107251,-0.315692
20.95,-0.010708,-0.316227
21.0,-0.0107037,-0.316762
21.05,-0.0106989,-0.317297
21.1,-0.0107017,-0.317832
21.15,-0.0106934,-0.318367
21.2,-0.0106914,-0.318902
21.25,-0.0107024,-0.319437
21.3,-0.0106888,-0.319971
21.35,-0.0106883,-0.320506
21.4,-0.0106921,-0.32104
21.45,-0.0106891,-0.321575
21.5,-0.0106895,-0.322109
21.55,-0.0106902,-0.322644
21.6,-0.0106899,-0.323178
21.65,-0.0106788,-0.323712
21.7,-0.0106828,-0.324246
21.75,-0.0106827,-0.32478
21.8,-0.0106708,-0.325314
21.85,-0.010673,-0.325848
21.9,-0.0106656,-0.326381
21.95,-0.0106613,-0.326914
22.0,-0.0106732,-0.327448
22.05,-0.0106622,-0.327981
22.1,-0.0106604,-0.328514
22.15,-0.0106582,-0.329047
22.2,-0.0106616,-0.32958
22.25,-0.010655,-0.330112
22.3,-0.0106556,-0.330645
22.35,-0.0106674,-0.331179
22.4,-0.0106558,-0.331711
22.45,-0.0106517,-0.332244
22.5,-0.01065,-0.332776
22.55,-0.0106582,-0.333309
22.6,-0.0106422,-0.333841
22.65,-0.0106427,-0.334374
22.7,-0.0106445,-0.334906
22.75,-0.0106359,-0.335438
22.8,-0.010634,-0.335969
22.85,-0.0106418,-0.336501
22.9,-0.0106476,-0.337034
22.95,-0.010639,-0.337566
23.0,-0.0106346,-0.338097
23.05,-0.0106388,-0.338629
23.1,-0.0106326,-0.339161
23.15,-0.0106409,-0.339693
23.2,-0.0106359,-0.340225
23.25,-0.0106372,-0.340757
23.3,-0.0106279,-0.341288
23.35,-0.0106248,-0.341819
23.4,-0.0106317,-0.342351
23.45,-0.0106326,-0.342883
23.5,-0.010643,-0.343415
23.55,-0.010633,-0.343946
23.6,-0.0106332,-0.344478
23.65,-0.0106335,-0.34501
23.7,-0.0106351,-0.345541
23.75,-0.0106273,-0.346073
23.8,-0.0106254,-0.346604
23.85,-0.0106217,-0.347135
23.9,-0.010622,-0.347666
23.95,-0.0106271,-0.348198
24.0,-0.0106329,-0.348729
24.05,-0.0106317,-0.349261
24.1,-0.0106238,-0.349792
24.15,-0.0106232,-0.350323
24.2,-0.010627,-0.350855
24.25,-0.0106265,-0.351386
24.3,-0.0106191,-0.351917
24.35,-0.0106206,-0.352448
24.4,-0.0106256,-0.352979
24.45,-0.0106165,-0.35351
24.5,-0.0106198,-0.354041
24.55,-0.010614,-0.354572
24.6,-0.0106084,-0.355102
24.65,-0.0106056,-0.355632
24.7,-0.0106031,-0.356163
24.75,-0.0106122,-0.356693
24.8,-0.0106194,-0.357224
24.85,-0.0106083,-0.357755
24.9,-0.0106163,-0.358285
24.95,-0.01061,-0.358816
25.0,-0.0106067,-0.359346
25.05,-0.0106101,-0.359877
25.1,-0.0106085,-0.360407
25.15,-0.0106065,-0.360937
25.2,-0.010611,-0.361468
25.25,-0.0106114,-0.361999
25.3,-0.0105951,-0.362528
25.35,-0.0106043,-0.363059
25.4,-0.0105985,-0.363588
25.45,-0.010593,-0.364118
25.5,-0.010596,-0.364648
25.55,-0.0105968,-0.365178
25.6,-0.0105945,-0.365707
25.65,-0.0106025,-0.366238
25.7,-0.010605,-0.366768
25.75,-0.0106011,-0.367298
25.8,-0.0106044,-0.367828
25.85,-0.0106106,-0.368359
25.9,-0.0106091,-0.368889
25.95,-0.0106056,-0.369419
26.0,-0.0106003,-0.369949
26.05,-0.0105962,-0.370479
26.1,-0.010602,-0.371009
26.15,-0.0106053,-0.37154
26.2,-0.0106045,-0.37207
26.25,-0.0106007,-0.3726
26.3,-0.0105929,-0.373129
26.35,-0.0106067,-0.37366
26.4,-0.0105963,-0.37419
26.45,-0.0106001,-0.37472
26.5,-0.0106071,-0.37525
26.55,-0.010598,-0.37578
26.6,-0.0105942,-0.37631
26.65,-0.0106003,-0.37684
26.7,-0.0106069,-0.37737
26.75,-0.0106155,-0.377901
26.8,-0.0106041,-0.378431
26.85,-0.0106003,-0.378961
26.9,-0.0106018,-0.379491
26.95,-0.0105962,-0.380021
27.0,-0.0105969,-0.380551
27.05,-0.0106001,-0.381081
27.1,-0.0106085,-0.381611
27.15,-0.010606,-0.382141
27.2,-0.0105963,-0.382671
27.25,-0.0105963,-0.383201
27.3,-0.0105885,-0.383731
27.35,-0.010593,-0.38426
27.4,-0.0105948,-0.38479
27.45,-0.0106042,-0.38532
27.5,-0.0106029,-0.38585
27.55,-0.0106048,-0.38638
27.6,-0.0106149,-0.386911
27.65,-0.0106062,-0.387442
27.7,-0.0106088,-0.387972
27.75,-0.0106165,-0.388503
27.8,-0.010614,-0.389034
27.85,-0.0106214,-0.389565
27.9,-0.0106098,-0.390095
27.95,-0.0106081,-0.390625
28.0,-0.0106128,-0.391156
28.05,-0.0106118,-0.391687
28.1,-0.0106099,-0.392217
28.15,-0.0106043,-0.392747
28.2,-0.0106042,-0.393278
28.25,-0.0106061,-0.393808
28.3,-0.0106052,-0.394338
28.35,-0.0106091,-0.394869
28.4,-0.0106034,-0.395399
28.45,-0.010602,-0.395929
28.5,-0.010597,-0.396459
28.55,-0.010597,-0.396989
28.6,-0.0105945,-0.397518
28.65,-0.010594,-0.398048
28.7,-0.0105897,-0.398578
28.75,-0.0105835,-0.399107
28.8,-0.0105947,-0.399636
28.85,-0.0105971,-0.400166
28.9,-0.0105976,-0.400696
28.95,-0.0106025,-0.401226
29.0,-0.0106018,-0.401756
29.05,-0.0106029,-0.402287
29.1,-0.0106014,-0.402817
29.15,-0.0105983,-0.403347
29.2,-0.0106076,-0.403877
29.25,-0.0106162,-0.404408
29.3,-0.0106194,-0.404939
29.35,-0.0106137,-0.405469
29.4,-0.0106166,-0.406
29.45,-0.0106071,-0.406531
29.5,-0.0106095,-0.407061
29.55,-0.0106096,-0.407591
29.6,-0.0106083,-0.408122
29.65,-0.0106117,-0.408653
29.7,-0.0106067,-0.409183
29.75,-0.0106099,-0.409713
29.8,-0.0106167,-0.410244
29.85,-0.0106175,-0.410775
29.9,-0.0106144,-0.411306
29.95,-0.0106187,-0.411837
30.0,-0.0106265,-0.412368
30.05,-0.0106223,-0.412899
30.1,-0.0106302,-0.413431
30.15,-0.0106229,-0.413962
30.2,-0.0106248,-0.414493
30.25,-0.0106293,-0.415024
30.3,-0.0106315,-0.415556
30.35,-0.0106303,-0.416088
30.4,-0.0106384,-0.41662
30.45,-0.0106298,-0.417151
30.5,-0.010645,-0.417683
30.55,-0.0106402,-0.418215
30.6,-0.0106402,-0.418747
30.65,-0.010642,-0.419279
30.7,-0.0106478,-0.419812
30.75,-0.0106447,-0.420344
30.8,-0.0106441,-0.420876
30.85,-0.0106444,-0.421408
30.9,-0.0106483,-0.421941
30.95,-0.0106454,-0.422473
31.0,-0.010656,-0.423006
31.05,-0.0106671,-0.423539
31.1,-0.0106585,-0.424072
31.15,-0.010663,-0.424605
31.2,-0.0106658,-0.425139
31.25,-0.0106696,-0.425672
31.3,-0.0106823,-0.426206
31.35,-0.0106685,-0.42674
31.4,-0.0106792,-0.427274
31.45,-0.0106693,-0.427807
31.5,-0.0106713,-0.428341
31.55,-0.0106699,-0.428874
31.6,-0.0106765,-0.429408
31.65,-0.0106806,-0.429942
31.7,-0.0106798,-0.430476
31.75,-0.010693,-0.431011
31.8,-0.0106805,-0.431545
31.85,-0.0106933,-0.432079
31.9,-0.0106894,-0.432614
31.95,-0.0106924,-0.433148
32.0,-0.0106988,-0.433683
32.05,-0.0107019,-0.434218
32.1,-0.0106979,-0.434753
32.15,-0.0107032,-0.435288
32.2,-0.0106955,-0.435823
32.25,-0.010704,-0.436358
32.3,-0.0107066,-0.436894
32.35,-0.0107222,-0.43743
32.4,-0.0107104,-0.437965
32.45,-0.0107206,-0.438501
32.5,-0.0107225,-0.439038
32.55,-0.0107131,-0.439573
32.6,-0.0107087,-0.440109
32.65,-0.0107291,-0.440645
32.7,-0.0107277,-0.441182
32.75,-0.010727,-0.441718
32.8,-0.0107287,-0.442254
32.85,-0.0107323,-0.442791
32.9,-0.0107256,-0.443327
32.95,-0.0107204,-0.443863
33.0,-0.0107322,-0.4444
33.05,-0.0107306,-0.444936
33.1,-0.0107319,-0.445473
33.15,-0.0107451,-0.44601
33.2,-0.0107443,-0.446547
33.25,-0.0107524,-0.447085
33.3,-0.0107668,-0.447623
33.35,-0.0107484,-0.448161
33.4,-0.0107603,-0.448699
33.45,-0.0107721,-0.449237
33.5,-0.010767,-0.449776
33.55,-0.010775,-0.450314
33.6,-0.0107734,-0.450853
33.65,-0.0107724,-0.451392
33.7,-0.0107797,-0.451931
33.75,-0.0107825,-0.45247
33.8,-0.0107742,-0.453009
33.85,-0.0107802,-0.453548
33.9,-0.0107756,-0.454086
33.95,-0.0107731,-0.454625
34.0,-0.0107745,-0.455164
34.05,-0.0107805,-0.455703
34.1,-0.0107787,-0.456242
34.15,-0.010787,-0.456781
34.2,-0.0107908,-0.457321
34.25,-0.0107879,-0.45786
34.3,-0.010791,-0.4584
34.35,-0.0107976,-0.458939
34.4,-0.0108003,-0.459479
34.45,-0.0107936,-0.460019
34.5,-0.0107978,-0.460559
34.55,-0.0107968,-0.461099
34.6,-0.0108049,-0.461639
34.65,-0.0108104,-0.46218
34.7,-0.0107954,-0.462719
34.75,-0.0107988,-0.463259
34.8,-0.0108062,-0.4638
34.85,-0.0108058,-0.46434
34.9,-0.0108152,-0.464881
34.95,-0.0108062,-0.465421
35.0,-0.0108129,-0.465962
35.05,-0.0108035,-0.466502
35.1,-0.0108096,-0.467042
35.15,-0.0108183,-0.467583
35.2,-0.0108205,-0.468124
35.25,-0.010818,-0.468665
35.3,-0.0108265,-0.469206
35.35,-0.0108322,-0.469748
35.4,-0.0108299,-0.47029
35.45,-0.0108241,-0.470831
35.5,-0.0108312,-0.471372
35.55,-0.0108375,-0.471914
35.6,-0.0108383,-0.472456
35.65,-0.0108387,-0.472998
35.7,-0.0108501,-0.473541
35.75,-0.0108577,-0.474083
35.8,-0.0108603,-0.474626
35.85,-0.0108629,-0.47517
35.9,-0.0108613,-0.475713
35.95,-0.0108571,-0.476256
36.0,-0.0108541,-0.476798
36.05,-0.010858,-0.477341
36.1,-0.0108654,-0.477884
36.15,-0.0108589,-0.478427
36.2,-0.01087,-0.478971
36.25,-0.0108639,-0.479514
36.3,-0.0108625,-0.480057
36.35,-0.0108604,-0.4806
36.4,-0.0108645,-0.481143
36.45,-0.0108717,-0.481687
36.5,-0.0108746,-0.482231
36.55,-0.0108804,-0.482775
36.6,-0.0108828,-0.483319
36.65,-0.0108913,-0.483863
36.7,-0.0108747,-0.484407
36.75,-0.0108812,-0.484951
36.8,-0.0108819,-0.485495
36.85,-0.0108845,-0.48604
36.9,-0.0108838,-0.486584
36.95,-0.0108975,-0.487129
37.0,-0.0108848,-0.487673
37.05,-0.0108938,-0.488218
37.1,-0.0108969,-0.488762
37.15,-0.0109027,-0.489308
37.2,-0.0109062,-0.489853
37.25,-0.0109098,-0.490398
37.3,-0.0109125,-0.490944
37.35,-0.0109021,-0.491489
37.4,-0.0109002,-0.492034
37.45,-0.0109091,-0.49258
37.5,-0.010916,-0.493125
37.55,-0.0109187,-0.493671
37.6,-0.0109235,-0.494217
37.65,-0.0109227,-0.494764
37.7,-0.0109131,-0.495309
37.75,-0.0109185,-0.495855
37.8,-0.0109209,-0.496401
37.85,-0.010928,-0.496948
37.9,-0.0109256,-0.497494
37.95,-0.0109191,-0.49804
38.0,-0.0109299,-0.498586
38.05,-0.0109319,-0.499133
38.1,-0.0109391,-0.49968
38.15,-0.0109409,-0.500227
38.2,-0.010935,-0.500774
38.25,-0.0109312,-0.50132
38.3,-0.0109359,-0.501867
38.35,-0.0109404,-0.502414
38.4,-0.0109321,-0.502961
38.45,-0.0109406,-0.503508
38.5,-0.0109569,-0.504056
38.55,-0.0109502,-0.504603
38.6,-0.0109488,-0.50515
38.65,-0.010956,-0.505698
38.7,-0.0109572,-0.506246
38.75,-0.0109662,-0.506794
38.8,-0.0109689,-0.507343
38.85,-0.0109685,-0.507891
38.9,-0.010965,-0.50844
38.95,-0.0109741,-0.508988
39.0,-0.0109864,-0.509538
39.05,-0.0109878,-0.510087
39.1,-0.0109736,-0.510636
39.15,-0.0109777,-0.511185
39.2,-0.0109795,-0.511734
39.25,-0.0109791,-0.512282
39.3,-0.0109778,-0.512831
39.35,-0.01099,-0.513381
39.4,-0.0109976,-0.513931
39.45,-0.0110026,-0.514481
39.5,-0.0109947,-0.515031
39.55,-0.0110067,-0.515581
39.6,-0.0109998,-0.516131
39.65,-0.0110037,-0.516681
39.7,-0.0109996,-0.517231
39.75,-0.011019,-0.517782
39.8,-0.0110063,-0.518332
39.85,-0.0110087,-0.518883
39.9,-0.0110047,-0.519433
39.95,-0.0110107,-0.519984
40.0,-0.011013,-0.520534
40.05,-0.011004,-0.521084
40.1,-0.0110086,-0.521635
40.15,-0.011019,-0.522186
40.2,-0.0110224,-0.522737
40.25,-0.0110287,-0.523288
40.3,-0.0110272,-0.52384
40.35,-0.0110299,-0.524391
40.4,-0.0110284,-0.524943
40.45,-0.0110258,-0.525494
40.5,-0.0110394,-0.526046
40.55,-0.0110424,-0.526598
40.6,-0.0110372,-0.52715
40.65,-0.011037,-0.527702
40.7,-0.0110391,-0.528254
40.75,-0.0110318,-0.528805
40.8,-0.0110416,-0.529357
40.85,-0.0110323,-0.529909
40.9,-0.0110382,-0.530461
40.95,-0.0110399,-0.531013
41.0,-0.0110409,-0.531565
41.05,-0.0110489,-0.532117
41.1,-0.0110492,-0.53267
41.15,-0.0110543,-0.533223
41.2,-0.0110672,-0.533776
41.25,-0.0110646,-0.534329
41.3,-0.01107,-0.534883
41.35,-0.011075,-0.535436
41.4,-0.0110823,-0.535991
41.45,-0.011091,-0.536545
41.5,-0.0111011,-0.5371
41.55,-0.0110964,-0.537655
41.6,-0.011092,-0.53821
41.65,-0.011082,-0.538764
41.7,-0.0110851,-0.539318
41.75,-0.0110826,-0.539872
41.8,-0.0110906,-0.540427
41.85,-0.0111005,-0.540982
41.9,-0.0110982,-0.541537
41.95,-0.0110975,-0.542091
42.0,-0.0111095,-0.542647
42.05,-0.0111146,-0.543203
42.1,-0.0111093,-0.543758
42.15,-0.0111103,-0.544314
42.2,-0.0111104,-0.544869
42.25,-0.0111163,-0.545425
42.3,-0.01112,-0.545981
42.35,-0.0111226,-0.546537
42.4,-0.0111289,-0.547093
42.45,-0.0111325,-0.54765
42.5,-0.0111248,-0.548206
42.55,-0.0111273,-0.548763
42.6,-0.01114,-0.54932
42.65,-0.0111326,-0.549876
42.7,-0.0111384,-0.550433
42.75,-0.011135,-0.55099
42.8,-0.0111539,-0.551548
42.85,-0.0111607,-0.552106
42.9,-0.0111643,-0.552664
42.95,-0.0111616,-0.553222
43.0,-0.0111556,-0.55378
43.05,-0.0111516,-0.554337
43.1,-0.0111655,-0.554896
43.15,-0.0111605,-0.555454
43.2,-0.0111652,-0.556012
43.25,-0.0111691,-0.55657
43.3,-0.0111777,-0.557129
43.35,-0.0111887,-0.557689
43.4,-0.0111762,-0.558248
43.45,-0.0111661,-0.558806
43.5,-0.0111691,-0.559364
43.55,-0.0111715,-0.559923
43.6,-0.0111839,-0.560482
43.65,-0.0111826,-0.561041
43.7,-0.0111942,-0.561601
43.75,-0.0111904,-0.56216
43.8,-0.0111959,-0.56272
43.85,-0.0111861,-0.56328
43.9,-0.0111951,-0.563839
43.95,-0.0111918,-0.564399
44.0,-0.0112046,-0.564959
44.05,-0.0111953,-0.565519
44.1,-0.0112015,-0.566079
44.15,-0.0111984,-0.566639
44.2,-0.0111997,-0.567199
44.25,-0.0112088,-0.567759
44.3,-0.0112225,-0.56832
44.35,-0.011213,-0.568881
44.4,-0.0112274,-0.569442
44.45,-0.0112215,-0.570004
44.5,-0.0112187,-0.570564
44.55,-0.0112172,-0.571125
44.6,-0.0112217,-0.571686
44.65,-0.0112226,-0.572248
44.7,-0.0112287,-0.572809
44.75,-0.0112262,-0.57337
44.8,-0.0112186,-0.573931
44.85,-0.0112251,-0.574492
44.9,-0.0112442,-0.575055
44.95,-0.0112594,-0.575618
45.0,-0.0112658,-0.576181
45.05,-0.011252,-0.576744
45.1,-0.0112555,-0.577306
45.15,-0.0112562,-0.577869
45.2,-0.0112668,-0.578432
45.25,-0.0112611,-0.578996
45.3,-0.0112585,-0.579558
45.35,-0.011267,-0.580122
45.4,-0.0112584,-0.580685
45.45,-0.0112575,-0.581248
45.5,-0.0112621,-0.581811
45.55,-0.0112665,-0.582374
45.6,-0.011279,-0.582938
45.65,-0.0112726,-0.583502
45.7,-0.0112766,-0.584065
45.75,-0.0112788,-0.584629
45.8,-0.011273,-0.585193
45.85,-0.0112763,-0.585757
45.9,-0.0112822,-0.586321
45.95,-0.0112876,-0.586885
46.0,-0.0113022,-0.58745
46.05,-0.0113158,-0.588016
46.1,-0.011318,-0.588582
46.15,-0.0113132,-0.589148
46.2,-0.0113187,-0.589714
46.25,-0.0113187,-0.59028
46.3,-0.0113166,-0.590845
46.35,-0.0113183,-0.591411
46.4,-0.0113214,-0.591977
46.45,-0.0113147,-0.592543
46.5,-0.0113286,-0.59311
46.55,-0.0113379,-0.593677
46.6,-0.0113221,-0.594243
46.65,-0.0113305,-0.594809
46.7,-0.0113342,-0.595376
46.75,-0.0113365,-0.595943
46.8,-0.011341,-0.59651
46.85,-0.011346,-0.597077
46.9,-0.0113538,-0.597645
46.95,-0.0113521,-0.598212
47.0,-0.0113525,-0.59878
47.05,-0.011357,-0.599348
47.1,-0.0113603,-0.599916
47.15,-0.0113609,-0.600484
47.2,-0.0113677,-0.601052
47.25,-0.0113691,-0.601621
47.3,-0.0113769,-0.60219
47.35,-0.0113792,-0.602759
47.4,-0.0113777,-0.603327
47.45,-0.0113866,-0.603897
47.5,-0.0113847,-0.604466
47.55,-0.0113834,-0.605035
47.6,-0.0113886,-0.605605
47.65,-0.0113869,-0.606174
47.7,-0.0113819,-0.606743
47.75,-0.011397,-0.607313
47.8,-0.0114048,-0.607883
47.85,-0.011395,-0.608453
47.9,-0.0113991,-0.609023
47.95,-0.0114048,-0.609593
48.0,-0.0114036,-0.610163
48.05,-0.0114031,-0.610733
48.1,-0.0114108,-0.611304
48.15,-0.0114085,-0.611874
48.2,-0.0114112,-0.612445
48.25,-0.0114185,-0.613016
48.3,-0.0114211,-0.613587
48.35,-0.0114306,-0.614158
48.4,-0.0114401,-0.61473
48.45,-0.0114337,-0.615302
48.5,-0.0114505,-0.615875
48.55,-0.0114474,-0.616447
48.6,-0.0114485,-0.617019
48.65,-0.0114548,-0.617592
48.7,-0.0114544,-0.618165
48.75,-0.0114541,-0.618738
48.8,-0.011455,-0.61931
48.85,-0.0114636,-0.619884
48.9,-0.0114653,-0.620457
48.95,-0.0114683,-0.62103
49.0,-0.0114763,-0.621604
49.05,-0.0114825,-0.622178
49.1,-0.0114809,-0.622752
49.15,-0.0114883,-0.623327
49.2,-0.0114896,-0.623901
49.25,-0.0114964,-0.624476
49.3,-0.0115069,-0.625051
49.35,-0.0115103,-0.625627
49.4,-0.0115214,-0.626203
49.45,-0.011525,-0.626779
49.5,-0.0115227,-0.627355
49.55,-0.0115274,-0.627932
49.6,-0.01153,-0.628508
49.65,-0.0115368,-0.629085
49.7,-0.0115402,-0.629662
49.75,-0.0115319,-0.630239
49.8,-0.0115467,-0.630816
49.85,-0.0115535,-0.631394
49.9,-0.0115517,-0.631971
49.95,-0.0115614,-0.632549
50.0,-0.011569,-0.633128
50.05,-0.0115675,-0.633706
50.1,-0.0115772,-0.634285
50.15,-0.0115773,-0.634864
50.2,-0.0115795,-0.635443
50.25,-0.0115906,-0.636022
50.3,-0.0115962,-0.636602
50.35,-0.0116022,-0.637182
50.4,-0.0116012,-0.637762
50.45,-0.0116034,-0.638342
50.5,-0.0116081,-0.638923
50.55,-0.0116172,-0.639504
50.6,-0.0116209,-0.640085
50.65,-0.0116139,-0.640665
50.7,-0.0116225,-0.641247
50.75,-0.0116297,-0.641828
50.8,-0.0116365,-0.64241
50.85,-0.0116399,-0.642992
50.9,-0.0116498,-0.643574
50.95,-0.011663,-0.644157
51.0,-0.0116689,-0.644741
51.05,-0.0116759,-0.645325
51.1,-0.0116728,-0.645908
51.15,-0.0116752,-0.646492
51.2,-0.0116613,-0.647075
51.25,-0.0116803,-0.647659
51.3,-0.0116902,-0.648244
51.35,-0.0116887,-0.648828
51.4,-0.0116962,-0.649413
51.45,-0.0116868,-0.649997
51.5,-0.0116958,-0.650582
51.55,-0.0117005,-0.651167
51.6,-0.0116932,-0.651752
51.65,-0.0117013,-0.652337
51.7,-0.0117044,-0.652922
51.75,-0.0117097,-0.653508
51.8,-0.0117257,-0.654094
51.85,-0.0117352,-0.654681
51.9,-0.0117334,-0.655267
51.95,-0.0117417,-0.655854
52.0,-0.011745,-0.656442
52.05,-0.0117551,-0.657029
52.1,-0.0117411,-0.657616
52.15,-0.0117339,-0.658203
52.2,-0.0117435,-0.65879
52.25,-0.0117525,-0.659378
52.3,-0.0117527,-0.659966
52.35,-0.0117571,-0.660553
52.4,-0.0117584,-0.661141
52.45,-0.0117714,-0.66173
52.5,-0.0117684,-0.662318
52.55,-0.0117688,-0.662907
52.6,-0.0117784,-0.663496
52.65,-0.0117805,-0.664085
52.7,-0.0117944,-0.664674
52.75,-0.0117929,-0.665264
52.8,-0.0117993,-0.665854
52.85,-0.0118047,-0.666444
52.9,-0.0118105,-0.667035
52.95,-0.0118083,-0.667625
53.0,-0.0118142,-0.668216
53.05,-0.0118197,-0.668807
53.1,-0.0118311,-0.669398
53.15,-0.0118348,-0.66999
53.2,-0.0118285,-0.670582
53.25,-0.0118339,-0.671173
53.3,-0.0118431,-0.671765
53.35,-0.0118472,-0.672358
53.4,-0.0118395,-0.67295
53.45,-0.0118385,-0.673542
53.5,-0.0118553,-0.674134
53.55,-0.0118616,-0.674728
53.6,-0.0118643,-0.675321
53.65,-0.0118747,-0.675914
53.7,-0.0118813,-0.676509
53.75,-0.0118938,-0.677103
53.8,-0.0118989,-0.677698
53.85,-0.0118976,-0.678293
53.9,-0.0119145,-0.678889
53.95,-0.01192,-0.679485
54.0,-0.0119264,-0.680081
54.05,-0.0119201,-0.680677
54.1,-0.0119238,-0.681273
54.15,-0.0119434,-0.68187
54.2,-0.0119489,-0.682468
54.25,-0.011946,-0.683065
54.3,-0.0119529,-0.683663
54.35,-0.0119608,-0.684261
54.4,-0.0119656,-0.684859
54.45,-0.0119566,-0.685457
54.5,-0.0119684,-0.686055
54.55,-0.0119799,-0.686654
54.6,-0.0119808,-0.687253
54.65,-0.0119908,-0.687853
54.7,-0.0119919,-0.688453
54.75,-0.0119998,-0.689053
54.8,-0.0120049,-0.689653
54.85,-0.0120049,-0.690253
54.9,-0.0120122,-0.690854
54.95,-0.0120101,-0.691454
55.0,-0.012006,-0.692055
55.05,-0.012014,-0.692655
55.1,-0.0120261,-0.693256
55.15,-0.0120348,-0.693858
55.2,-0.0120289,-0.69446
55.25,-0.0120389,-0.695062
55.3,-0.0120511,-0.695664
55.35,-0.0120474,-0.696267
55.4,-0.0120593,-0.69687
55.45,-0.0120537,-0.697472
55.5,-0.0120638,-0.698075
55.55,-0.0120533,-0.698678
55.6,-0.0120616,-0.699281
55.65,-0.0120547,-0.699884
55.7,-0.0120606,-0.700487
55.75,-0.0120649,-0.70109
55.8,-0.0120591,-0.701693
55.85,-0.0120672,-0.702296
55.9,-0.0120768,-0.7029
55.95,-0.0120879,-0.703505
56.0,-0.0120974,-0.70411
56.05,-0.0121132,-0.704715
56.1,-0.0121147,-0.705321
56.15,-0.0121239,-0.705927
56.2,-0.0121279,-0.706534
56.25,-0.0121199,-0.70714
56.3,-0.0121256,-0.707746
56.35,-0.012129,-0.708352
56.4,-0.0121185,-0.708958
56.45,-0.0121335,-0.709565
56.5,-0.0121257,-0.710171
56.55,-0.0121292,-0.710778
56.6,-0.012134,-0.711384
56.65,-0.0121398,-0.711991
56.7,-0.0121405,-0.712598
56.75,-0.0121481,-0.713206
56.8,-0.0121438,-0.713813
56.85,-0.0121461,-0.71442
56.9,-0.0121511,-0.715028
56.95,-0.0121574,-0.715636
57.0,-0.0121589,-0.716244
57.05,-0.0121601,-0.716852
57.1,-0.0121723,-0.71746
57.15,-0.012179,-0.718069
57.2,-0.0121882,-0.718679
57.25,-0.0121833,-0.719288
57.3,-0.0121978,-0.719898
57.35,-0.0122041,-0.720508
57.4,-0.0121926,-0.721117
57.45,-0.0121936,-0.721727
57.5,-0.0122085,-0.722338
57.55,-0.0122065,-0.722948
57.6,-0.0122152,-0.723559
57.65,-0.0122222,-0.72417
57.7,-0.0122289,-0.724781
57.75,-0.0122302,-0.725393
57.8,-0.0122428,-0.726005
57.85,-0.0122421,-0.726617
57.9,-0.012241,-0.727229
57.95,-0.0122426,-0.727841
58.0,-0.0122447,-0.728453
58.05,-0.0122627,-0.729067
58.1,-0.0122598,-0.72968
58.15,-0.0122669,-0.730293
58.2,-0.0122721,-0.730906
58.25,-0.0122758,-0.73152
58.3,-0.0122802,-0.732134
58.35,-0.0122834,-0.732748
58.4,-0.0122925,-0.733363
58.45,-0.0122964,-0.733978
58.5,-0.0123108,-0.734593
58.55,-0.0123015,-0.735209
58.6,-0.0123114,-0.735824
58.65,-0.0123151,-0.73644
58.7,-0.0123198,-0.737056
58.75,-0.0123295,-0.737672
58.8,-0.0123422,-0.738289
58.85,-0.0123459,-0.738907
58.9,-0.0123528,-0.739524
58.95,-0.0123624,-0.740142
59.0,-0.0123627,-0.740761
59.05,-0.0123717,-0.741379
59.1,-0.0123686,-0.741998
59.15,-0.0123643,-0.742616
59.2,-0.0123626,-0.743234
59.25,-0.0123834,-0.743853
59.3,-0.0123823,-0.744472
59.35,-0.0123981,-0.745092
59.4,-0.012412,-0.745713
59.45,-0.0124038,-0.746333
59.5,-0.0124116,-0.746954
59.55,-0.0124218,-0.747575
59.6,-0.0124256,-0.748196
59.65,-0.0124313,-0.748817
59.7,-0.0124256,-0.749439
59.75,-0.0124387,-0.750061
59.8,-0.0124312,-0.750682
59.85,-0.0124294,-0.751304
59.9,-0.012445,-0.751926
59.95,-0.0124398,-0.752548
60.0,-0.0124477,-0.75317
60.05,-0.0124515,-0.753793
60.1,-0.0124506,-0.754415
60.15,-0.0124551,-0.755038
60.2,-0.0124648,-0.755661
60.25,-0.0124596,-0.756284
60.3,-0.0124747,-0.756908
60.35,-0.0124678,-0.757532
60.4,-0.0124741,-0.758155
60.45,-0.0124639,-0.758778
60.5,-0.0124807,-0.759402
60.55,-0.0124835,-0.760027
60.6,-0.0124921,-0.760651
60.65,-0.0124874,-0.761276
60.7,-0.0124955,-0.7619
60.75,-0.0124973,-0.762525
60.8,-0.0125074,-0.763151
60.85,-0.0125145,-0.763776
60.9,-0.0125256,-0.764403
60.95,-0.0125196,-0.765029
61.0,-0.0125128,-0.765654
61.05,-0.012528,-0.766281
61.1,-0.0125177,-0.766907
61.15,-0.0125248,-0.767533
61.2,-0.01252,-0.768159
61.25,-0.0125259,-0.768785
61.3,-0.0125316,-0.769412
61.35,-0.0125322,-0.770038
61.4,-0.0125376,-0.770665
61.45,-0.0125515,-0.771293
61.5,-0.0125548,-0.77192
61.55,-0.0125534,-0.772548
61.6,-0.0125512,-0.773176
61.65,-0.0125591,-0.773804
61.7,-0.0125611,-0.774432
61.75,-0.0125671,-0.77506
61.8,-0.0125586,-0.775688
61.85,-0.0125778,-0.776317
61.9,-0.0125776,-0.776946
61.95,-0.0125828,-0.777575
62.0,-0.012583,-0.778204
62.05,-0.0125749,-0.778833
62.1,-0.0125908,-0.779462
62.15,-0.0125898,-0.780092
62.2,-0.0125861,-0.780721
62.25,-0.0125939,-0.781351
62.3,-0.0125928,-0.78198
62.35,-0.0126003,-0.78261
62.4,-0.0126087,-0.783241
62.45,-0.0126086,-0.783871
62.5,-0.0126164,-0.784502
62.55,-0.0126178,-0.785133
62.6,-0.0126181,-0.785764
62.65,-0.0126201,-0.786395
62.7,-0.0126159,-0.787026
62.75,-0.0126275,-0.787657
62.8,-0.0126184,-0.788288
62.85,-0.0126322,-0.78892
62.9,-0.012637,-0.789551
62.95,-0.012646,-0.790184
63.0,-0.0126433,-0.790816
63.05,-0.0126424,-0.791448
63.1,-0.0126393,-0.79208
63.15,-0.0126581,-0.792713
63.2,-0.0126567,-0.793346
63.25,-0.0126553,-0.793979
63.3,-0.012663,-0.794612
63.35,-0.0126615,-0.795245
63.4,-0.0126615,-0.795878
63.45,-0.0126786,-0.796512
63.5,-0.012681,-0.797146
63.55,-0.0126833,-0.79778
63.6,-0.012684,-0.798414
63.65,-0.0126796,-0.799048
63.7,-0.0126882,-0.799683
63.75,-0.0126944,-0.800317
63.8,-0.0126963,-0.800952
63.85,-0.0126954,-0.801587
63.9,-0.0126989,-0.802222
63.95,-0.0127088,-0.802857
64.0,-0.0127003,-0.803492
64.05,-0.0127007,-0.804127
64.1,-0.0127071,-0.804763
64.15,-0.0127035,-0.805398
64.2,-0.0127184,-0.806034
64.25,-0.0127198,-0.80667
64.3,-0.0127234,-0.807306
64.35,-0.0127345,-0.807943
64.4,-0.0127332,-0.808579
64.45,-0.0127412,-0.809216
64.5,-0.0127455,-0.809854
64.55,-0.0127449,-0.810491
64.6,-0.0127628,-0.811129
64.65,-0.0127413,-0.811766
64.7,-0.0127524,-0.812404
64.75,-0.0127568,-0.813042
64.8,-0.012752,-0.813679
64.85,-0.0127645,-0.814317
64.9,-0.0127611,-0.814955
64.95,-0.012759,-0.815593
65.0,-0.0127612,-0.816231
65.05,-0.0127624,-0.81687
65.1,-0.0127796,-0.817509
65.15,-0.0127816,-0.818148
65.2,-0.0127884,-0.818787
65.25,-0.0127959,-0.819427
65.3,-0.0127999,-0.820067
65.35,-0.0128001,-0.820707
65.4,-0.0127973,-0.821347
65.45,-0.0127917,-0.821986
65.5,-0.0127983,-0.822626
65.55,-0.0127988,-0.823266
65.6,-0.0128127,-0.823907
65.65,-0.0128133,-0.824547
65.7,-0.0128083,-0.825188
65.75,-0.0128169,-0.825829
65.8,-0.0128241,-0.82647
65.85,-0.0128262,-0.827111
65.9,-0.0128211,-0.827752
65.95,-0.0128405,-0.828394
66.0,-0.0128431,-0.829037
66.05,-0.0128423,-0.829679
66.1,-0.0128429,-0.830321
66.15,-0.0128386,-0.830963
66.2,-0.0128543,-0.831605
66.25,-0.0128609,-0.832248
66.3,-0.0128546,-0.832891
66.35,-0.0128716,-0.833535
66.4,-0.0128721,-0.834178
66.45,-0.0128802,-0.834822
66.5,-0.0128797,-0.835466
66.55,-0.0128725,-0.83611
66.6,-0.0128822,-0.836754
66.65,-0.0129005,-0.837399
66.7,-0.0128967,-0.838044
66.75,-0.012913,-0.83869
66.8,-0.0129172,-0.839335
66.85,-0.0129192,-0.839981
66.9,-0.0129341,-0.840628
66.95,-0.0129116,-0.841274
67.0,-0.0129216,-0.84192
67.05,-0.0129147,-0.842566
67.1,-0.012924,-0.843212
67.15,-0.0129226,-0.843858
67.2,-0.0129279,-0.844504
67.25,-0.0129431,-0.845151
67.3,-0.0129538,-0.845799
67.35,-0.0129535,-0.846447
67.4,-0.0129597,-0.847095
67.45,-0.0129592,-0.847743
67.5,-0.0129661,-0.848391
67.55,-0.0129779,-0.84904
67.6,-0.012973,-0.849689
67.65,-0.0129757,-0.850337
67.7,-0.0129749,-0.850986
67.75,-0.0129801,-0.851635
67.8,-0.0129881,-0.852284
67.85,-0.0129881,-0.852934
67.9,-0.0129922,-0.853584
67.95,-0.0130074,-0.854234
68.0,-0.0129977,-0.854884
68.05,-0.0130013,-0.855534
68.1,-0.0130056,-0.856184
68.15,-0.0130071,-0.856834
68.2,-0.013012,-0.857485
68.25,-0.0130136,-0.858136
68.3,-0.0130244,-0.858787
68.35,-0.0130219,-0.859438
68.4,-0.0130294,-0.86009
68.45,-0.0130504,-0.860742
68.5,-0.0130414,-0.861394
68.55,-0.013049,-0.862047
68.6,-0.0130615,-0.8627
68.65,-0.0130523,-0.863352
68.7,-0.013062,-0.864005
68.75,-0.0130736,-0.864659
68.8,-0.0130694,-0.865313
68.85,-0.0130658,-0.865966
68.9,-0.0130771,-0.86662
68.95,-0.0130793,-0.867274
69.0,-0.0130899,-0.867928
69.05,-0.0131007,-0.868583
69.1,-0.0131092,-0.869239
69.15,-0.0131075,-0.869894
69.2,-0.01311,-0.870549
69.25,-0.0131159,-0.871205
69.3,-0.0131277,-0.871862
69.35,-0.0131398,-0.872519
69.4,-0.0131467,-0.873176
69.45,-0.0131468,-0.873833
69.5,-0.0131656,-0.874492
69.55,-0.0131567,-0.875149
69.6,-0.0131499,-0.875807
69.65,-0.0131553,-0.876465
69.7,-0.0131626,-0.877123
69.75,-0.0131702,-0.877781
69.8,-0.0131885,-0.878441
69.85,-0.013181,-0.8791
69.9,-0.0132002,-0.87976
69.95,-0.0131909,-0.880419
70.0,-0.0132111,-0.88108
70.05,-0.0132231,-0.881741
70.1,-0.0132373,-0.882403
70.15,-0.0132544,-0.883066
70.2,-0.0132755,-0.883729
70.25,-0.0132792,-0.884393
70.3,-0.0132854,-0.885058
70.35,-0.0132799,-0.885722
70.4,-0.0132816,-0.886386
70.45,-0.0132905,-0.88705
70.5,-0.0132911,-0.887715
70.55,-0.0133009,-0.88838
70.6,-0.0132848,-0.889044
70.65,-0.0132963,-0.889709
70.7,-0.0133033,-0.890374
70.75,-0.0133206,-0.89104
70.8,-0.0133247,-0.891706
70.85,-0.013337,-0.892373
70.9,-0.0133359,-0.89304
70.95,-0.0133393,-0.893707
71.0,-0.0133377,-0.894374
71.05,-0.0133429,-0.895041
71.1,-0.0133449,-0.895708
71.15,-0.0133569,-0.896376
71.2,-0.0133538,-0.897044
71.25,-0.0133616,-0.897712
71.3,-0.0133727,-0.898381
71.35,-0.0133881,-0.89905
71.4,-0.013395,-0.89972
71.45,-0.0134051,-0.90039
71.5,-0.0134065,-0.90106
71.55,-0.0134053,-0.90173
71.6,-0.0134058,-0.902401
71.65,-0.0134185,-0.903072
71.7,-0.0134265,-0.903743
71.75,-0.0134321,-0.904415
71.8,-0.0134352,-0.905086
71.85,-0.0134425,-0.905759
71.9,-0.0134404,-0.906431
71.95,-0.0134471,-0.907103
72.0,-0.0134549,-0.907776
72.05,-0.013461,-0.908449
72.1,-0.0134663,-0.909122
72.15,-0.0134674,-0.909795
72.2,-0.0134826,-0.91047
72.25,-0.0134782,-0.911143
72.3,-0.0134948,-0.911818
72.35,-0.0135071,-0.912494
72.4,-0.0135217,-0.91317
72.45,-0.0135083,-0.913845
72.5,-0.0135215,-0.914521
72.55,-0.0135203,-0.915197
72.6,-0.0135457,-0.915874
72.65,-0.0135496,-0.916552
72.7,-0.01356,-0.91723
72.75,-0.0135576,-0.917908
72.8,-0.0135774,-0.918587
72.85,-0.0135639,-0.919265
72.9,-0.0135675,-0.919943
72.95,-0.0135891,-0.920623
73.0,-0.0135913,-0.921302
73.05,-0.0135908,-0.921982
73.1,-0.0136049,-0.922662
73.15,-0.0136203,-0.923343
73.2,-0.0136238,-0.924024
73.25,-0.0136253,-0.924705
73.3,-0.0136323,-0.925387
73.35,-0.0136397,-0.926069
73.4,-0.0136459,-0.926751
73.45,-0.0136542,-0.927434
73.5,-0.013679,-0.928118
73.55,-0.0136754,-0.928802
73.6,-0.0136914,-0.929486
73.65,-0.0136982,-0.930171
73.7,-0.013703,-0.930856
73.75,-0.0136976,-0.931541
73.8,-0.0137181,-0.932227
73.85,-0.013721,-0.932913
73.9,-0.0137312,-0.9336
73.95,-0.0137381,-0.934287
74.0,-0.0137439,-0.934974
74.05,-0.0137413,-0.935661
74.1,-0.0137588,-0.936349
74.15,-0.0137604,-0.937037
74.2,-0.0137718,-0.937725
74.25,-0.0137877,-0.938415
74.3,-0.0137874,-0.939104
74.35,-0.0137952,-0.939794
74.4,-0.0138003,-0.940484
74.45,-0.0137945,-0.941174
74.5,-0.0137991,-0.941864
74.55,-0.013799,-0.942554
74.6,-0.0137981,-0.943244
74.65,-0.0138173,-0.943934
74.7,-0.0138177,-0.944625
74.75,-0.0138168,-0.945316
74.8,-0.0138321,-0.946008
74.85,-0.01383,-0.946699
74.9,-0.0138483,-0.947392
74.95,-0.0138572,-0.948085
75.0,-0.0138403,-0.948777
75.05,-0.0138574,-0.949469
75.1,-0.0138688,-0.950163
75.15,-0.0138631,-0.950856
75.2,-0.0138735,-0.95155
75.25,-0.0138817,-0.952244
75.3,-0.0138758,-0.952938
75.35,-0.0138976,-0.953632
75.4,-0.0138902,-0.954327
75.45,-0.0139024,-0.955022
75.5,-0.013906,-0.955717
75.55,-0.0138913,-0.956412
75.6,-0.013897,-0.957107
75.65,-0.0139139,-0.957802
75.7,-0.0139069,-0.958498
75.75,-0.0139118,-0.959193
75.8,-0.0139266,-0.95989
75.85,-0.0139342,-0.960586
75.9,-0.0139345,-0.961283
75.95,-0.0139438,-0.96198
76.0,-0.0139613,-0.962678
76.05,-0.0139601,-0.963376
76.1,-0.0139607,-0.964074
76.15,-0.0139653,-0.964773
76.2,-0.0139666,-0.965471
76.25,-0.0139743,-0.96617
76.3,-0.0139896,-0.966869
76.35,-0.0139919,-0.967569
76.4,-0.0140137,-0.96827
76.45,-0.014001,-0.96897
76.5,-0.0140314,-0.969671
76.55,-0.0140382,-0.970373
76.6,-0.0140158,-0.971074
76.65,-0.0140218,-0.971775
76.7,-0.014032,-0.972477
76.75,-0.0140344,-0.973178
76.8,-0.0140543,-0.973881
76.85,-0.0140581,-0.974584
76.9,-0.0140682,-0.975287
76.95,-0.0140632,-0.97599
77.0,-0.0140624,-0.976694
77.05,-0.0140788,-0.977398
77.1,-0.0140795,-0.978102
77.15,-0.0140984,-0.978806
77.2,-0.0140967,-0.979511
77.25,-0.014106,-0.980217
77.3,-0.014121,-0.980923
77.35,-0.0141224,-0.981629
77.4,-0.014126,-0.982335
77.45,-0.0141518,-0.983043
77.5,-0.0141381,-0.98375
77.55,-0.0141401,-0.984457
77.6,-0.0141386,-0.985164
77.65,-0.014143,-0.985871
77.7,-0.0141469,-0.986578
77.75,-0.0141595,-0.987286
77.8,-0.0141516,-0.987994
77.85,-0.0141641,-0.988702
77.9,-0.0141617,-0.98941
77.95,-0.014168,-0.990118
78.0,-0.0141811,-0.990827
78.05,-0.0141789,-0.991536
78.1,-0.0141917,-0.992246
78.15,-0.0141972,-0.992956
78.2,-0.0141983,-0.993666
78.25,-0.0142036,-0.994376
78.3,-0.0142109,-0.995086
78.35,-0.0142273,-0.995798
78.4,-0.0142332,-0.996509
78.45,-0.0142247,-0.997221
78.5,-0.0142294,-0.997932
78.55,-0.0142357,-0.998644
78.6,-0.0142324,-0.999355
78.65,-0.0142356,-1.00007
78.7,-0.0142448,-1.00078
78.75,-0.0142544,-1.00149
78.8,-0.014262,-1.00221
78.85,-0.0142693,-1.00292
78.9,-0.0142821,-1.00363
78.95,-0.0142862,-1.00435
79.0,-0.0143004,-1.00506
79.05,-0.0143022,-1.00578
79.1,-0.0143029,-1.00649
79.15,-0.0143172,-1.00721
79.2,-0.0143224,-1.00792
79.25,-0.0143322,-1.00864
79.3,-0.0143351,-1.00936
79.35,-0.0143433,-1.01007
79.4,-0.0143509,-1.01079
79.45,-0.0143631,-1.01151
79.5,-0.014366,-1.01223
79.55,-0.0143662,-1.01295
79.6,-0.0143746,-1.01367
79.65,-0.0143979,-1.01439
79.7,-0.0144073,-1.01511
79.75,-0.0144085,-1.01583
79.8,-0.0144331,-1.01655
79.85,-0.0144302,-1.01727
79.9,-0.0144393,-1.01799
79.95,-0.0144477,-1.01871
80.0,-0.0144495,-1.01944
80.05,-0.0144569,-1.02016
80.1,-0.0144604,-1.02088
80.15,-0.0144661,-1.02161
80.2,-0.0144579,-1.02233
80.25,-0.0144636,-1.02305
80.3,-0.0144689,-1.02378
80.35,-0.0144735,-1.0245
80.4,-0.0144911,-1.02522
80.45,-0.0144903,-1.02595
80.5,-0.0144901,-1.02667
80.55,-0.0144953,-1.0274
80.6,-0.0144948,-1.02812
80.65,-0.0144997,-1.02885
80.7,-0.0145075,-1.02957
80.75,-0.0145065,-1.0303
80.8,-0.0145126,-1.03102
80.85,-0.0145086,-1.03175
80.9,-0.0145201,-1.03247
80.95,-0.0145193,-1.0332
81.0,-0.0145181,-1.03393
81.05,-0.014522,-1.03465
81.1,-0.0145366,-1.03538
81.15,-0.0145315,-1.03611
81.2,-0.0145313,-1.03683
81.25,-0.0145291,-1.03756
81.3,-0.0145391,-1.03829
81.35,-0.0145343,-1.03901
81.4,-0.014548,-1.03974
81.45,-0.0145597,-1.04047
81.5,-0.0145631,-1.0412
81.55,-0.0145753,-1.04193
81.6,-0.0145701,-1.04265
81.65,-0.0145754,-1.04338
81.7,-0.0145826,-1.04411
81.75,-0.014589,-1.04484
81.8,-0.0145952,-1.04557
81.85,-0.0146079,-1.0463
81.9,-0.0146157,-1.04703
81.95,-0.0146165,-1.04776
82.0,-0.0146026,-1.04849
82.05,-0.0146131,-1.04922
82.1,-0.0146171,-1.04995
82.15,-0.0146233,-1.05069
82.2,-0.0146371,-1.05142
82.25,-0.0146323,-1.05215
82.3,-0.014646,-1.05288
82.35,-0.0146512,-1.05361
82.4,-0.0146573,-1.05435
82.45,-0.0146615,-1.05508
82.5,-0.0146675,-1.05581
82.55,-0.0146792,-1.05655
82.6,-0.0146924,-1.05728
82.65,-0.0146892,-1.05802
82.7,-0.0146905,-1.05875
82.75,-0.0147043,-1.05949
82.8,-0.0147103,-1.06022
82.85,-0.0147229,-1.06096
82.9,-0.014722,-1.06169
82.95,-0.0147548,-1.06243
83.0,-0.0147597,-1.06317
83.05,-0.0147633,-1.06391
83.1,-0.0147587,-1.06465
83.15,-0.0147775,-1.06538
83.2,-0.0147763,-1.06612
83.25,-0.014781,-1.06686
83.3,-0.0147886,-1.0676
83.35,-0.0147939,-1.06834
83.4,-0.0148029,-1.06908
83.45,-0.0148123,-1.06982
83.5,-0.0148264,-1.07056
83.55,-0.0148416,-1.07131
83.6,-0.0148361,-1.07205
83.65,-0.0148521,-1.07279
83.7,-0.0148604,-1.07353
83.75,-0.0148614,-1.07428
83.8,-0.0148672,-1.07502
83.85,-0.0148696,-1.07576
83.9,-0.0148838,-1.07651
83.95,-0.0148944,-1.07725
84.0,-0.0148973,-1.078
84.05,-0.0149031,-1.07874
84.1,-0.0149152,-1.07949
84.15,-0.0149143,-1.08023
84.2,-0.0149245,-1.08098
84.25,-0.0149363,-1.08173
84.3,-0.0149485,-1.08247
84.35,-0.0149609,-1.08322
84.4,-0.0149699,-1.08397
84.45,-0.0149777,-1.08472
84.5,-0.0149704,-1.08547
84.55,-0.0149732,-1.08622
84.6,-0.0149908,-1.08697
84.65,-0.0149905,-1.08772
84.7,-0.014995,-1.08847
84.75,-0.0150077,-1.08922
84.8,-0.0150059,-1.08997
84.85,-0.0150062,-1.09072
84.9,-0.0150217,-1.09147
84.95,-0.0150227,-1.09222
85.0,-0.015036,-1.09297
85.05,-0.0150446,-1.09372
85.1,-0.0150603,-1.09448
85.15,-0.0150547,-1.09523
85.2,-0.015057,-1.09598
85.25,-0.0150709,-1.09673
85.3,-0.0150779,-1.09749
85.35,-0.0150776,-1.09824
85.4,-0.0151033,-1.099
85.45,-0.0151007,-1.09975
85.5,-0.0151129,-1.10051
85.55,-0.0151174,-1.10126
85.6,-0.0151142,-1.10202
85.65,-0.015127,-1.10278
85.7,-0.0151352,-1.10353
85.75,-0.0151449,-1.10429
85.8,-0.0151624,-1.10505
85.85,-0.0151561,-1.10581
85.9,-0.015175,-1.10656
85.95,-0.0151858,-1.10732
86.0,-0.0151919,-1.10808
86.05,-0.0152009,-1.10884
86.1,-0.015201,-1.1096
86.15,-0.0152002,-1.11036
86.2,-0.0152082,-1.11112
86.25,-0.015216,-1.11189
86.3,-0.0152422,-1.11265
86.35,-0.0152453,-1.11341
86.4,-0.0152614,-1.11417
86.45,-0.0152698,-1.11494
86.5,-0.0152689,-1.1157
86.55,-0.0152872,-1.11646
86.6,-0.0152852,-1.11723
86.65,-0.015303,-1.11799
86.7,-0.0153183,-1.11876
86.75,-0.0153426,-1.11953
86.8,-0.0153381,-1.12029
86.85,-0.0153524,-1.12106
86.9,-0.015352,-1.12183
86.95,-0.015388,-1.1226
87.0,-0.01539,-1.12337
87.05,-0.0154089,-1.12414
87.1,-0.0153979,-1.12491
87.15,-0.0154128,-1.12568
87.2,-0.0154032,-1.12645
87.25,-0.015423,-1.12722
87.3,-0.0154272,-1.12799
87.35,-0.0154536,-1.12876
87.4,-0.0154489,-1.12954
87.45,-0.0154476,-1.13031
87.5,-0.0154635,-1.13108
87.55,-0.0154618,-1.13185
87.6,-0.0154736,-1.13263
87.65,-0.0154804,-1.1334
87.7,-0.0154972,-1.13418
87.75,-0.0155066,-1.13495
87.8,-0.0155217,-1.13573
87.85,-0.0155037,-1.1365
87.9,-0.0155184,-1.13728
87.95,-0.0155333,-1.13806
88.0,-0.0155523,-1.13883
88.05,-0.0155472,-1.13961
88.1,-0.0155519,-1.14039
88.15,-0.0155631,-1.14117
88.2,-0.0155734,-1.14195
88.25,-0.0155879,-1.14273
88.3,-0.0155962,-1.14351
88.35,-0.0155917,-1.14428
88.4,-0.0156148,-1.14507
88.45,-0.0156215,-1.14585
88.5,-0.0156242,-1.14663
88.55,-0.0156326,-1.14741
88.6,-0.0156513,-1.14819
88.65,-0.0156566,-1.14897
88.7,-0.0157255,-1.14976
88.75,-0.0157797,-1.15055
88.8,-0.0157749,-1.15134
88.85,-0.0157622,-1.15213
88.9,-0.0157562,-1.15291
88.95,-0.0157483,-1.1537
89.0,-0.0157294,-1.15449
89.05,-0.0157194,-1.15527
89.1,-0.0157366,-1.15606
89.15,-0.015746,-1.15685
89.2,-0.0157516,-1.15764
89.25,-0.01577,-1.15842
89.3,-0.0157771,-1.15921
89.35,-0.0157864,-1.16
89.4,-0.0157817,-1.16079
89.45,-0.0157864,-1.16158
89.5,-0.0157955,-1.16237
89.55,-0.0158207,-1.16316
89.6,-0.0158134,-1.16395
89.65,-0.015826,-1.16474
89.7,-0.0158343,-1.16554
89.75,-0.0158603,-1.16633
89.8,-0.0158594,-1.16712
89.85,-0.0158916,-1.16792
89.9,-0.015899,-1.16871
89.95,-0.0158972,-1.16951
90.0,-0.0159053,-1.1703
90.05,-0.0159099,-1.1711
90.1,-0.0159246,-1.17189
90.15,-0.015948,-1.17269
90.2,-0.0159635,-1.17349
90.25,-0.0159588,-1.17429
90.3,-0.0159795,-1.17509
90.35,-0.0159598,-1.17588
90.4,-0.0159873,-1.17668
90.45,-0.0160049,-1.17748
90.5,-0.0160335,-1.17828
90.55,-0.0160365,-1.17909
90.6,-0.0160459,-1.17989
90.65,-0.0160595,-1.18069
90.7,-0.016054,-1.18149
90.75,-0.0160573,-1.1823
90.8,-0.016064,-1.1831
90.85,-0.016072,-1.1839
90.9,-0.0160859,-1.18471
90.95,-0.016091,-1.18551
91.0,-0.0160881,-1.18632
91.05,-0.0160929,-1.18712
91.1,-0.016103,-1.18793
91.15,-0.0161151,-1.18873
91.2,-0.0161182,-1.18954
91.25,-0.0161303,-1.19035
91.3,-0.0161479,-1.19115
91.35,-0.0161662,-1.19196
91.4,-0.0161608,-1.19277
91.45,-0.0161739,-1.19358
91.5,-0.0161718,-1.19439
91.55,-0.0161806,-1.1952
91.6,-0.0161918,-1.19601
91.65,-0.016198,-1.19682
91.7,-0.0161965,-1.19762
91.75,-0.0162089,-1.19844
91.8,-0.016219,-1.19925
91.85,-0.016238,-1.20006
91.9,-0.0162365,-1.20087
91.95,-0.0162415,-1.20168
92.0,-0.0162466,-1.20249
92.05,-0.016248,-1.20331
92.1,-0.0162533,-1.20412
92.15,-0.0162768,-1.20493
92.2,-0.0162798,-1.20575
92.25,-0.0162936,-1.20656
92.3,-0.0163025,-1.20738
92.35,-0.0163078,-1.20819
92.4,-0.0163159,-1.20901
92.45,-0.0163269,-1.20982
92.5,-0.0163492,-1.21064
92.55,-0.0163472,-1.21146
92.6,-0.0163643,-1.21228
92.65,-0.0163726,-1.2131
92.7,-0.0163851,-1.21392
92.75,-0.0164015,-1.21474
92.8,-0.0164297,-1.21556
92.85,-0.0164553,-1.21638
92.9,-0.0164741,-1.2172
92.95,-0.0164761,-1.21803
93.0,-0.0164942,-1.21885
93.05,-0.0164947,-1.21968
93.1,-0.0164901,-1.2205
93.15,-0.0164872,-1.22133
93.2,-0.0164949,-1.22215
93.25,-0.0164987,-1.22298
93.3,-0.0165154,-1.2238
93.35,-0.0165242,-1.22463
93.4,-0.0165226,-1.22545
93.45,-0.0165312,-1.22628
93.5,-0.0165301,-1.22711
93.55,-0.0165293,-1.22793
93.6,-0.0165473,-1.22876
93.65,-0.0165481,-1.22959
93.7,-0.0165644,-1.23042
93.75,-0.0165749,-1.23124
93.8,-0.0165788,-1.23207
93.85,-0.0165929,-1.2329
93.9,-0.0166049,-1.23373
93.95,-0.0166102,-1.23456
94.0,-0.0166172,-1.2354
94.05,-0.0166225,-1.23623
94.1,-0.0166418,-1.23706
94.15,-0.0166442,-1.23789
94.2,-0.0166515,-1.23872
94.25,-0.0166818,-1.23956
94.3,-0.0166737,-1.24039
94.35,-0.0166839,-1.24123
94.4,-0.0167103,-1.24206
94.45,-0.0167062,-1.2429
94.5,-0.0167057,-1.24373
94.55,-0.0167238,-1.24457
94.6,-0.0167325,-1.2454
94.65,-0.0167527,-1.24624
94.7,-0.0167677,-1.24708
94.75,-0.0167837,-1.24792
94.8,-0.0167984,-1.24876
94.85,-0.0168035,-1.2496
94.9,-0.0168174,-1.25044
94.95,-0.0168286,-1.25128
95.0,-0.0168463,-1.25212
95.05,-0.0168459,-1.25297
95.1,-0.0168681,-1.25381
95.15,-0.0168692,-1.25465
95.2,-0.0168852,-1.2555
95.25,-0.0169083,-1.25634
95.3,-0.0169051,-1.25719
95.35,-0.0169251,-1.25803
95.4,-0.0169326,-1.25888
95.45,-0.016938,-1.25973
95.5,-0.0169442,-1.26057
95.55,-0.0169524,-1.26142
95.6,-0.0169692,-1.26227
95.65,-0.0169838,-1.26312
95.7,-0.0169769,-1.26397
95.75,-0.0169838,-1.26482
95.8,-0.0169904,-1.26567
95.85,-0.0170192,-1.26652
95.9,-0.0170174,-1.26737
95.95,-0.0170174,-1.26822
96.0,-0.0170136,-1.26907
96.05,-0.0170355,-1.26992
96.1,-0.0170316,-1.27077
96.15,-0.0170396,-1.27163
96.2,-0.0170471,-1.27248
96.25,-0.0170736,-1.27333
96.3,-0.0170886,-1.27419
96.35,-0.0170977,-1.27504
96.4,-0.017104,-1.2759
96.45,-0.0171063,-1.27675
96.5,-0.0171216,-1.27761
96.55,-0.0171146,-1.27846
96.6,-0.0171318,-1.27932
96.65,-0.0171404,-1.28018
96.7,-0.0171481,-1.28104
96.75,-0.0171699,-1.28189
96.8,-0.0171867,-1.28275
96.85,-0.0171865,-1.28361
96.9,-0.0171865,-1.28447
96.95,-0.0171901,-1.28533
97.0,-0.0172226,-1.28619
97.05,-0.0172105,-1.28705
97.1,-0.0172289,-1.28791
97.15,-0.017238,-1.28878
97.2,-0.0172593,-1.28964
97.25,-0.0172737,-1.2905
97.3,-0.0172777,-1.29137
97.35,-0.0172924,-1.29223
97.4,-0.0172944,-1.2931
97.45,-0.0173027,-1.29396
97.5,-0.0173136,-1.29483
97.55,-0.0173152,-1.29569
97.6,-0.0173165,-1.29656
97.65,-0.0173219,-1.29742
97.7,-0.0173297,-1.29829
97.75,-0.0173312,-1.29916
97.8,-0.0173467,-1.30002
97.85,-0.0173449,-1.30089
97.9,-0.0173635,-1.30176
97.95,-0.0173661,-1.30263
98.0,-0.0173707,-1.3035
98.05,-0.0173833,-1.30437
98.1,-0.0173841,-1.30524
98.15,-0.0173971,-1.30611
98.2,-0.0174011,-1.30698
98.25,-0.017407,-1.30785
98.3,-0.0174064,-1.30872
98.35,-0.0174143,-1.30959
98.4,-0.0174132,-1.31046
98.45,-0.0174176,-1.31133
98.5,-0.0174123,-1.3122
98.55,-0.0174268,-1.31307
98.6,-0.0174378,-1.31394
98.65,-0.0174504,-1.31481
98.7,-0.0174556,-1.31569
98.75,-0.0174824,-1.31656
98.8,-0.0174724,-1.31744
98.85,-0.0174817,-1.31831
98.9,-0.0174726,-1.31918
98.95,-0.0174811,-1.32006
99.0,-0.017486,-1.32093
99.05,-0.0175088,-1.32181
99.1,-0.0175099,-1.32268
99.15,-0.0175213,-1.32356
99.2,-0.0175232,-1.32443
99.25,-0.0175483,-1.32531
99.3,-0.0175414,-1.32619
99.35,-0.0175519,-1.32707
99.4,-0.017566,-1.32794
99.45,-0.0175669,-1.32882
99.5,-0.017575,-1.3297
99.55,-0.0175871,-1.33058
99.6,-0.0175931,-1.33146
99.65,-0.0176082,-1.33234
99.7,-0.0176216,-1.33322
99.75,-0.0176172,-1.3341
99.8,-0.0176277,-1.33498
99.85,-0.0176347,-1.33587
99.9,-0.0176365,-1.33675
99.95,-0.0176463,-1.33763
100.0,-0.017669,-1.33851
100.05,-0.0176664,-1.3394
100.1,-0.0176815,-1.34028
100.15,-0.017677,-1.34117
100.2,-0.0176835,-1.34205
100.25,-0.0176845,-1.34293
100.3,-0.0176913,-1.34382
100.35,-0.0176982,-1.3447
100.4,-0.0177107,-1.34559
100.45,-0.0177102,-1.34647
100.5,-0.0177247,-1.34736
100.55,-0.0177144,-1.34825
100.6,-0.0177189,-1.34913
100.65,-0.0177273,-1.35002
100.7,-0.0177355,-1.35091
100.75,-0.017745,-1.35179
100.8,-0.0177439,-1.35268
100.85,-0.0177562,-1.35357
100.9,-0.0177464,-1.35445
100.95,-0.017767,-1.35534
101.0,-0.017777,-1.35623
101.05,-0.0177767,-1.35712
101.1,-0.0177777,-1.35801
101.15,-0.0177925,-1.3589
101.2,-0.0177857,-1.35979
101.25,-0.0178007,-1.36068
101.3,-0.0177966,-1.36157
101.35,-0.0177997,-1.36246
101.4,-0.0178093,-1.36335
101.45,-0.0178158,-1.36424
101.5,-0.0178198,-1.36513
101.55,-0.0178174,-1.36602
101.6,-0.0178263,-1.36691
101.65,-0.0178284,-1.3678
101.7,-0.0178257,-1.3687
101.75,-0.0178387,-1.36959
101.8,-0.0178428,-1.37048
101.85,-0.0178479,-1.37137
101.9,-0.0178583,-1.37227
101.95,-0.01785,-1.37316
102.0,-0.0178629,-1.37405
102.05,-0.0178652,-1.37494
102.1,-0.0178697,-1.37584
102.15,-0.0178817,-1.37673
102.2,-0.0178889,-1.37763
102.25,-0.0179073,-1.37852
102.3,-0.0178966,-1.37942
102.35,-0.0179215,-1.38031
102.4,-0.0179235,-1.38121
102.45,-0.0179404,-1.38211
102.5,-0.0179441,-1.383
102.55,-0.0179609,-1.3839
102.6,-0.0179473,-1.3848
102.65,-0.0179543,-1.3857
102.7,-0.0179561,-1.38659
102.75,-0.0179674,-1.38749
102.8,-0.0179771,-1.38839
102.85,-0.0179814,-1.38929
102.9,-0.017974,-1.39019
102.95,-0.0179876,-1.39109
103.0,-0.0179955,-1.39199
103.05,-0.0180031,-1.39289
103.1,-0.0180138,-1.39379
103.15,-0.0180077,-1.39469
103.2,-0.0180045,-1.39559
103.25,-0.0180197,-1.39649
103.3,-0.0180214,-1.39739
103.35,-0.0180444,-1.39829
103.4,-0.0180487,-1.3992
103.45,-0.0180571,-1.4001
103.5,-0.0180813,-1.401
103.55,-0.0180767,-1.40191
103.6,-0.018067,-1.40281
103.65,-0.0180827,-1.40371
103.7,-0.0180754,-1.40462
103.75,-0.0181003,-1.40552
103.8,-0.0181034,-1.40643
103.85,-0.0180979,-1.40733
103.9,-0.0180865,-1.40824
103.95,-0.0180873,-1.40914
104.0,-0.0181006,-1.41005
104.05,-0.0181041,-1.41095
104.1,-0.0181192,-1.41186
104.15,-0.0181302,-1.41276
104.2,-0.0181462,-1.41367
104.25,-0.0181518,-1.41458
104.3,-0.0181558,-1.41549
104.35,-0.018156,-1.41639
104.4,-0.0181721,-1.4173
104.45,-0.0181611,-1.41821
104.5,-0.0181731,-1.41912
104.55,-0.0181649,-1.42003
104.6,-0.0181683,-1.42094
104.65,-0.0181795,-1.42185
104.7,-0.0181893,-1.42276
104.75,-0.018185,-1.42366
104.8,-0.0181962,-1.42457
104.85,-0.0181976,-1.42548
104.9,-0.0182053,-1.42639
104.95,-0.0182151,-1.42731
105.0,-0.0182274,-1.42822
105.05,-0.0182309,-1.42913
105.1,-0.018235,-1.43004
105.15,-0.018243,-1.43095
105.2,-0.0182535,-1.43186
105.25,-0.018262,-1.43278
105.3,-0.0182577,-1.43369
105.35,-0.0182709,-1.4346
105.4,-0.0182804,-1.43552
105.45,-0.0182912,-1.43643
105.5,-0.0182984,-1.43735
105.55,-0.0183143,-1.43826
105.6,-0.018317,-1.43918
105.65,-0.0183296,-1.4401
105.7,-0.0183255,-1.44101
105.75,-0.0183443,-1.44193
105.8,-0.0183597,-1.44285
105.85,-0.0183581,-1.44377
105.9,-0.0183663,-1.44468
105.95,-0.0183685,-1.4456
106.0,-0.0183828,-1.44652
106.05,-0.0183797,-1.44744
106.1,-0.0183869,-1.44836
106.15,-0.0183986,-1.44928
106.2,-0.0184082,-1.4502
106.25,-0.0184129,-1.45112
106.3,-0.0184277,-1.45204
106.35,-0.0184358,-1.45296
106.4,-0.0184499,-1.45389
106.45,-0.0184479,-1.45481
106.5,-0.0184666,-1.45573
106.55,-0.0184721,-1.45666
106.6,-0.0184804,-1.45758
106.65,-0.0184787,-1.4585
106.7,-0.0184918,-1.45943
106.75,-0.0184954,-1.46035
106.8,-0.0184979,-1.46128
106.85,-0.0185081,-1.4622
106.9,-0.0185066,-1.46313
106.95,-0.0185108,-1.46405
107.0,-0.0185237,-1.46498
107.05,-0.0185397,-1.46591
107.1,-0.0185677,-1.46684
107.15,-0.0185795,-1.46776
107.2,-0.0185797,-1.46869
107.25,-0.0185735,-1.46962
107.3,-0.018582,-1.47055
107.35,-0.0185972,-1.47148
107.4,-0.0185916,-1.47241
107.45,-0.0185971,-1.47334
107.5,-0.0186038,-1.47427
107.55,-0.018611,-1.4752
107.6,-0.0186208,-1.47613
107.65,-0.0186386,-1.47706
107.7,-0.0186402,-1.478
107.75,-0.0186675,-1.47893
107.8,-0.0186712,-1.47986
107.85,-0.0186745,-1.4808
107.9,-0.0186808,-1.48173
107.95,-0.018681,-1.48266
108.0,-0.0186754,-1.4836
108.05,-0.0186856,-1.48453
108.1,-0.0186828,-1.48547
108.15,-0.0186903,-1.4864
108.2,-0.0186985,-1.48734
108.25,-0.0187062,-1.48827
108.3,-0.0187143,-1.48921
108.35,-0.0187232,-1.49014
108.4,-0.0187334,-1.49108
108.45,-0.0187478,-1.49202
108.5,-0.0187539,-1.49296
108.55,-0.0187678,-1.49389
108.6,-0.0187767,-1.49483
108.65,-0.0187845,-1.49577
108.7,-0.0187867,-1.49671
108.75,-0.0187824,-1.49765
108.8,-0.018812,-1.49859
108.85,-0.0188183,-1.49953
108.9,-0.0188201,-1.50047
108.95,-0.0188332,-1.50141
109.0,-0.0188368,-1.50236
109.05,-0.0188521,-1.5033
109.1,-0.0188774,-1.50424
109.15,-0.0188704,-1.50519
109.2,-0.0188815,-1.50613
109.25,-0.0188975,-1.50708
109.3,-0.0188952,-1.50802
109.35,-0.0189135,-1.50897
109.4,-0.0189121,-1.50991
109.45,-0.0189271,-1.51086
109.5,-0.0189302,-1.5118
109.55,-0.0189598,-1.51275
109.6,-0.0190014,-1.5137
109.65,-0.0190157,-1.51465
109.7,-0.0190215,-1.5156
109.75,-0.019013,-1.51655
109.8,-0.0190129,-1.51751
109.85,-0.0190289,-1.51846
109.9,-0.01903,-1.51941
109.95,-0.0190374,-1.52036
110.0,-0.0190493,-1.52131
110.05,-0.019049,-1.52227
110.1,-0.0190748,-1.52322
110.15,-0.0190745,-1.52417
110.2,-0.0190963,-1.52513
110.25,-0.0191141,-1.52608
110.3,-0.0191464,-1.52704
110.35,-0.0191409,-1.528
110.4,-0.0191425,-1.52895
110.45,-0.0191303,-1.52991
110.5,-0.0191365,-1.53087
110.55,-0.0191461,-1.53183
110.6,-0.0191552,-1.53278
110.65,-0.0191809,-1.53374
110.7,-0.0191924,-1.5347
110.75,-0.0191974,-1.53566
110.8,-0.0192013,-1.53662
110.85,-0.0192207,-1.53758
110.9,-0.0192321,-1.53854
110.95,-0.0192422,-1.53951
111.0,-0.0192468,-1.54047
111.05,-0.0192639,-1.54143
111.1,-0.0192688,-1.5424
111.15,-0.0192831,-1.54336
111.2,-0.0192889,-1.54432
111.25,-0.0192962,-1.54529
111.3,-0.0193077,-1.54625
111.35,-0.01932,-1.54722
111.4,-0.0193721,-1.54819
111.45,-0.0194028,-1.54916
111.5,-0.0194039,-1.55013
111.55,-0.0194055,-1.5511
111.6,-0.0194143,-1.55207
111.65,-0.0194095,-1.55304
111.7,-0.0194209,-1.55401
111.75,-0.0194164,-1.55498
111.8,-0.019436,-1.55595
111.85,-0.019441,-1.55693
111.9,-0.0194454,-1.5579
111.95,-0.0194545,-1.55887
112.0,-0.019462,-1.55984
112.05,-0.0194642,-1.56082
112.1,-0.0194753,-1.56179
112.15,-0.0194889,-1.56277
112.2,-0.0194927,-1.56374
112.25,-0.0195067,-1.56472
112.3,-0.0195165,-1.56569
112.35,-0.0195197,-1.56667
112.4,-0.0195284,-1.56764
112.45,-0.0195441,-1.56862
112.5,-0.0195557,-1.5696
112.55,-0.0195841,-1.57058
112.6,-0.0195882,-1.57156
112.65,-0.0195765,-1.57254
112.7,-0.0195862,-1.57352
112.75,-0.0196094,-1.5745
112.8,-0.0196273,-1.57548
112.85,-0.0196192,-1.57646
112.9,-0.0196377,-1.57744
112.95,-0.0196393,-1.57842
113.0,-0.0196539,-1.57941
113.05,-0.0196535,-1.58039
113.1,-0.019671,-1.58137
113.15,-0.0196877,-1.58236
113.2,-0.0197023,-1.58334
113.25,-0.0197007,-1.58433
113.3,-0.0197123,-1.58531
113.35,-0.0197169,-1.5863
113.4,-0.0197395,-1.58728
113.45,-0.0197467,-1.58827
113.5,-0.0197495,-1.58926
113.55,-0.0197664,-1.59025
113.6,-0.0197722,-1.59124
113.65,-0.0197796,-1.59223
113.7,-0.0197978,-1.59321
113.75,-0.0197961,-1.5942
113.8,-0.019811,-1.5952
113.85,-0.0198148,-1.59619
113.9,-0.0198214,-1.59718
113.95,-0.0198369,-1.59817
114.0,-0.0198472,-1.59916
114.05,-0.0198472,-1.60015
114.1,-0.0198553,-1.60115
114.15,-0.0198682,-1.60214
114.2,-0.0198767,-1.60313
114.25,-0.0198943,-1.60413
114.3,-0.019906,-1.60512
114.35,-0.0199133,-1.60612
114.4,-0.0199127,-1.60712
114.45,-0.0199203,-1.60811
114.5,-0.0199239,-1.60911
114.55,-0.0199473,-1.6101
114.6,-0.0199437,-1.6111
114.65,-0.019962,-1.6121
114.7,-0.0199649,-1.6131
114.75,-0.0199749,-1.6141
114.8,-0.0199654,-1.6151
114.85,-0.0199833,-1.61609
114.9,-0.0199982,-1.61709
114.95,-0.020004,-1.61809
115.0,-0.020012,-1.61909
115.05,-0.020032,-1.6201
115.1,-0.0200256,-1.6211
115.15,-0.0200433,-1.6221
115.2,-0.0200427,-1.6231
115.25,-0.0200545,-1.6241
115.3,-0.0200609,-1.62511
115.35,-0.020056,-1.62611
115.4,-0.0200609,-1.62711
115.45,-0.0200738,-1.62812
115.5,-0.0200942,-1.62912
115.55,-0.0200955,-1.63013
115.6,-0.0201089,-1.63113
115.65,-0.0201091,-1.63214
115.7,-0.0201313,-1.63314
115.75,-0.020117,-1.63415
115.8,-0.0201293,-1.63516
115.85,-0.0201328,-1.63616
115.9,-0.0201424,-1.63717
115.95,-0.0201541,-1.63818
116.0,-0.02017,-1.63919
116.05,-0.0201632,-1.64019
116.1,-0.0201837,-1.6412
116.15,-0.0201894,-1.64221
116.2,-0.0201831,-1.64322
116.25,-0.0202033,-1.64423
116.3,-0.0202121,-1.64524
116.35,-0.020229,-1.64625
116.4,-0.0202291,-1.64727
116.45,-0.0202464,-1.64828
116.5,-0.0202533,-1.64929
116.55,-0.0202608,-1.6503
116.6,-0.0202727,-1.65132
116.65,-0.0202819,-1.65233
116.7,-0.020294,-1.65335
116.75,-0.0202985,-1.65436
116.8,-0.0202881,-1.65538
116.85,-0.0203039,-1.65639
116.9,-0.0203043,-1.65741
116.95,-0.020314,-1.65842
117.0,-0.0203336,-1.65944
117.05,-0.0203461,-1.66046
117.1,-0.0203548,-1.66147
117.15,-0.020371,-1.66249
117.2,-0.0203691,-1.66351
117.25,-0.0203856,-1.66453
117.3,-0.0203982,-1.66555
117.35,-0.0204067,-1.66657
117.4,-0.0204096,-1.66759
117.45,-0.0204096,-1.66861
117.5,-0.0204295,-1.66963
117.55,-0.0204448,-1.67066
117.6,-0.0204544,-1.67168
117.65,-0.0204583,-1.6727
117.7,-0.0204666,-1.67372
117.75,-0.0204745,-1.67475
117.8,-0.0204857,-1.67577
117.85,-0.0205061,-1.6768
117.9,-0.0205052,-1.67782
117.95,-0.0205187,-1.67885
118.0,-0.0205246,-1.67987
118.05,-0.0205282,-1.6809
118.1,-0.0205318,-1.68193
118.15,-0.0205436,-1.68296
118.2,-0.0205506,-1.68398
118.25,-0.0205492,-1.68501
118.3,-0.0205656,-1.68604
118.35,-0.0205617,-1.68707
118.4,-0.0205752,-1.6881
118.45,-0.0205766,-1.68912
118.5,-0.0205875,-1.69015
118.55,-0.0205906,-1.69118
118.6,-0.0205926,-1.69221
118.65,-0.0206007,-1.69324
118.7,-0.0206047,-1.69427
118.75,-0.0206138,-1.6953
118.8,-0.0206255,-1.69633
118.85,-0.020635,-1.69737
118.9,-0.0206399,-1.6984
118.95,-0.0206435,-1.69943
119.0,-0.0206602,-1.70046
119.05,-0.0206606,-1.7015
119.1,-0.0206648,-1.70253
119.15,-0.0206843,-1.70356
119.2,-0.020692,-1.7046
119.25,-0.020699,-1.70563
119.3,-0.0206979,-1.70667
119.35,-0.020691,-1.7077
119.4,-0.0207094,-1.70874
119.45,-0.0207277,-1.70978
119.5,-0.0207268,-1.71081
119.55,-0.0207346,-1.71185
119.6,-0.0207376,-1.71289
119.65,-0.0207392,-1.71392
119.7,-0.0207301,-1.71496
119.75,-0.0207445,-1.716
119.8,-0.0207563,-1.71703
119.85,-0.0208027,-1.71807
119.9,-0.0209073,-1.71912
119.95,-0.0209099,-1.72016
120.0,-0.0209091,-1.72121
120.05,-0.0209215,-1.72226
120.1,-0.0209136,-1.7233
120.15,-0.0209213,-1.72435
120.2,-0.0209114,-1.72539
120.25,-0.0209035,-1.72644
120.3,-0.0209115,-1.72748
120.35,-0.0209268,-1.72853
120.4,-0.0209365,-1.72958
120.45,-0.0209903,-1.73063
120.5,-0.0209963,-1.73168
120.55,-0.0209615,-1.73272
120.6,-0.0209466,-1.73377
120.65,-0.0209366,-1.73482
120.7,-0.0209556,-1.73587
120.75,-0.0209705,-1.73692
120.8,-0.0209974,-1.73796
120.85,-0.0209798,-1.73901
120.9,-0.0210056,-1.74006
120.95,-0.0209927,-1.74111
121.0,-0.0209995,-1.74216
121.05,-0.0210107,-1.74321
121.1,-0.0210067,-1.74426
121.15,-0.0210068,-1.74532
121.2,-0.0210173,-1.74637
121.25,-0.0210172,-1.74742
121.3,-0.0210385,-1.74847
121.35,-0.0210266,-1.74952
121.4,-0.0210265,-1.75057
121.45,-0.0210273,-1.75162
121.5,-0.0210286,-1.75267
121.55,-0.0210311,-1.75373
121.6,-0.0210244,-1.75478
121.65,-0.0210462,-1.75583
121.7,-0.0210418,-1.75688
121.75,-0.0210526,-1.75793
121.8,-0.0210566,-1.75899
121.85,-0.0210501,-1.76004
121.9,-0.0210508,-1.76109
121.95,-0.0210668,-1.76215
122.0,-0.0210669,-1.7632
122.05,-0.0210801,-1.76425
122.1,-0.0210758,-1.76531
122.15,-0.0210869,-1.76636
122.2,-0.0210848,-1.76741
122.25,-0.0210798,-1.76847
122.3,-0.0211206,-1.76952
122.35,-0.021119,-1.77058
122.4,-0.021134,-1.77164
122.45,-0.0211304,-1.77269
122.5,-0.0211448,-1.77375
122.55,-0.0211582,-1.77481
122.6,-0.0211676,-1.77587
122.65,-0.0211542,-1.77693
122.7,-0.0211728,-1.77798
122.75,-0.0211718,-1.77904
122.8,-0.0211812,-1.7801
122.85,-0.0211948,-1.78116
122.9,-0.0211953,-1.78222
122.95,-0.0212139,-1.78328
123.0,-0.0212078,-1.78434
123.05,-0.0212148,-1.7854
123.1,-0.0212204,-1.78646
123.15,-0.0212374,-1.78753
123.2,-0.0212366,-1.78859
123.25,-0.0212494,-1.78965
123.3,-0.0212487,-1.79071
123.35,-0.0212596,-1.79178
123.4,-0.0212568,-1.79284
123.45,-0.0212579,-1.7939
123.5,-0.0212572,-1.79496
123.55,-0.0212567,-1.79603
123.6,-0.0212609,-1.79709
123.65,-0.0212791,-1.79815
123.7,-0.0212798,-1.79922
123.75,-0.0212842,-1.80028
123.8,-0.0212838,-1.80135
123.85,-0.0212889,-1.80241
123.9,-0.0212913,-1.80348
123.95,-0.0212979,-1.80454
124.0,-0.0212995,-1.80561
124.05,-0.0213108,-1.80667
124.1,-0.0213194,-1.80774
124.15,-0.0213348,-1.8088
124.2,-0.0213292,-1.80987
124.25,-0.0213413,-1.81094
124.3,-0.021345,-1.812
124.35,-0.0213439,-1.81307
124.4,-0.0213564,-1.81414
124.45,-0.0213662,-1.81521
124.5,-0.0213785,-1.81628
124.55,-0.0213892,-1.81735
124.6,-0.0213959,-1.81842
124.65,-0.0213848,-1.81949
124.7,-0.0213899,-1.82055
124.75,-0.0213869,-1.82162
124.8,-0.0213944,-1.82269
124.85,-0.0214265,-1.82376
124.9,-0.0214278,-1.82484
124.95,-0.0214299,-1.82591
125.0,-0.0214294,-1.82698
125.05,-0.0214351,-1.82805
125.1,-0.0214514,-1.82912
125.15,-0.0214564,-1.8302
125.2,-0.0214575,-1.83127
125.25,-0.021442,-1.83234
125.3,-0.021457,-1.83341
125.35,-0.0214651,-1.83449
125.4,-0.0214743,-1.83556
125.45,-0.0214851,-1.83664
125.5,-0.0215058,-1.83771
125.55,-0.0214955,-1.83879
125.6,-0.0214675,-1.83986
125.65,-0.0214556,-1.84093
125.7,-0.0214612,-1.842
125.75,-0.0214757,-1.84308
125.8,-0.0214895,-1.84415
125.85,-0.0214885,-1.84523
125.9,-0.0214997,-1.8463
125.95,-0.0214964,-1.84738
126.0,-0.0215067,-1.84845
126.05,-0.0215083,-1.84953
126.1,-0.0215304,-1.8506
126.15,-0.0215377,-1.85168
126.2,-0.0215364,-1.85276
126.25,-0.021538,-1.85384
126.3,-0.0215497,-1.85491
126.35,-0.0215507,-1.85599
126.4,-0.0215471,-1.85707
126.45,-0.0215688,-1.85815
126.5,-0.021589,-1.85923
126.55,-0.0216052,-1.86031
126.6,-0.0216043,-1.86139
126.65,-0.021625,-1.86247
126.7,-0.0216242,-1.86355
126.75,-0.0216293,-1.86463
126.8,-0.0216379,-1.86571
126.85,-0.021645,-1.86679
126.9,-0.0216604,-1.86788
126.95,-0.0216606,-1.86896
127.0,-0.0216826,-1.87004
127.05,-0.0216949,-1.87113
127.1,-0.0217186,-1.87221
127.15,-0.0217195,-1.8733
127.2,-0.0217202,-1.87439
127.25,-0.0217257,-1.87547
127.3,-0.0217414,-1.87656
127.35,-0.0217489,-1.87765
127.4,-0.0217653,-1.87874
127.45,-0.0217712,-1.87982
127.5,-0.0217872,-1.88091
127.55,-0.0217893,-1.882
127.6,-0.0218219,-1.88309
127.65,-0.0218128,-1.88418
127.7,-0.0218227,-1.88528
127.75,-0.0218334,-1.88637
127.8,-0.0218344,-1.88746
127.85,-0.0218604,-1.88855
127.9,-0.021873,-1.88965
127.95,-0.0218614,-1.89074
128.0,-0.0218799,-1.89183
128.05,-0.0218894,-1.89293
128.1,-0.0218954,-1.89402
128.15,-0.0219164,-1.89512
128.2,-0.0219299,-1.89621
128.25,-0.0219517,-1.89731
128.3,-0.021953,-1.89841
128.35,-0.0219713,-1.89951
128.4,-0.0219686,-1.90061
128.45,-0.0219801,-1.90171
128.5,-0.0219906,-1.90281
128.55,-0.0219976,-1.90391
128.6,-0.0219959,-1.90501
128.65,-0.0220157,-1.90611
128.7,-0.0220209,-1.90721
128.75,-0.0220375,-1.90831
128.8,-0.0220484,-1.90941
128.85,-0.0220524,-1.91051
128.9,-0.0220652,-1.91162
128.95,-0.0220735,-1.91272
129.0,-0.0220706,-1.91382
129.05,-0.0220869,-1.91493
129.1,-0.022084,-1.91603
129.15,-0.0221072,-1.91714
129.2,-0.0221148,-1.91824
129.25,-0.0221309,-1.91935
129.3,-0.0221441,-1.92046
129.35,-0.0221445,-1.92157
129.4,-0.0221515,-1.92267
129.45,-0.0221688,-1.92378
129.5,-0.0221667,-1.92489
129.55,-0.0221826,-1.926
129.6,-0.0221925,-1.92711
129.65,-0.022204,-1.92822
129.7,-0.022211,-1.92933
129.75,-0.0222262,-1.93044
129.8,-0.0222233,-1.93155
129.85,-0.0222424,-1.93266
129.9,-0.0222632,-1.93378
129.95,-0.0222796,-1.93489
130.0,-0.0222836,-1.936
130.05,-0.0222785,-1.93712
130.1,-0.0222971,-1.93823
130.15,-0.0223037,-1.93935
130.2,-0.0223118,-1.94046
130.25,-0.0223202,-1.94158
130.3,-0.0223373,-1.9427
130.35,-0.0223582,-1.94382
130.4,-0.0223608,-1.94493
130.45,-0.0223587,-1.94605
130.5,-0.0223844,-1.94717
130.55,-0.0223901,-1.94829
130.6,-0.0224102,-1.94941
130.65,-0.0224285,-1.95053
130.7,-0.0224356,-1.95165
130.75,-0.0224314,-1.95278
130.8,-0.0224395,-1.9539
130.85,-0.0224383,-1.95502
130.9,-0.0224579,-1.95614
130.95,-0.0224514,-1.95726
131.0,-0.0224643,-1.95839
131.05,-0.0224845,-1.95951
131.1,-0.0224865,-1.96064
131.15,-0.0224934,-1.96176
131.2,-0.0225046,-1.96289
131.25,-0.0225141,-1.96401
131.3,-0.0225172,-1.96514
131.35,-0.0225267,-1.96626
131.4,-0.0225354,-1.96739
131.45,-0.0225591,-1.96852
131.5,-0.0225767,-1.96965
131.55,-0.0225777,-1.97078
131.6,-0.0225828,-1.97191
131.65,-0.0225781,-1.97303
131.7,-0.0225796,-1.97416
131.75,-0.0225851,-1.97529
131.8,-0.0226064,-1.97642
131.85,-0.0226048,-1.97755
131.9,-0.0226183,-1.97868
131.95,-0.022626,-1.97982
132.0,-0.0226369,-1.98095
132.05,-0.0226349,-1.98208
132.1,-0.0226683,-1.98321
132.15,-0.0226805,-1.98435
132.2,-0.0226932,-1.98548
132.25,-0.0226856,-1.98662
132.3,-0.0226946,-1.98775
132.35,-0.0226958,-1.98889
132.4,-0.022706,-1.99002
132.45,-0.0227096,-1.99116
132.5,-0.0227231,-1.99229
132.55,-0.0227279,-1.99343
132.6,-0.0227577,-1.99457
132.65,-0.0227597,-1.9957
132.7,-0.0227595,-1.99684
132.75,-0.0227769,-1.99798
132.8,-0.0227876,-1.99912
132.85,-0.0227979,-2.00026
132.9,-0.0228075,-2.0014
132.95,-0.0228203,-2.00254
133.0,-0.0228334,-2.00368
133.05,-0.022844,-2.00483
133.1,-0.0228502,-2.00597
133.15,-0.0228735,-2.00711
133.2,-0.0228744,-2.00826
133.25,-0.0228852,-2.0094
133.3,-0.0228855,-2.01054
133.35,-0.0228916,-2.01169
133.4,-0.0228941,-2.01283
133.45,-0.0228994,-2.01398
133.5,-0.0229082,-2.01512
133.55,-0.0229254,-2.01627
133.6,-0.022922,-2.01742
133.65,-0.0229374,-2.01856
133.7,-0.0229472,-2.01971
133.75,-0.0229614,-2.02086
133.8,-0.02297,-2.02201
133.85,-0.0229705,-2.02316
133.9,-0.0229749,-2.0243
133.95,-0.0229842,-2.02545
134.0,-0.0229979,-2.0266
134.05,-0.0230094,-2.02775
134.1,-0.0230204,-2.0289
134.15,-0.0230183,-2.03006
134.2,-0.0230225,-2.03121
134.25,-0.0230316,-2.03236
134.3,-0.0230398,-2.03351
134.35,-0.0230447,-2.03466
134.4,-0.0230497,-2.03582
134.45,-0.0230582,-2.03697
134.5,-0.0230834,-2.03812
134.55,-0.0230984,-2.03928
134.6,-0.0231371,-2.04043
134.65,-0.0231302,-2.04159
134.7,-0.0231315,-2.04275
134.75,-0.0231405,-2.0439
134.8,-0.0231517,-2.04506
134.85,-0.0231612,-2.04622
134.9,-0.0231757,-2.04738
134.95,-0.0231752,-2.04854
135.0,-0.02319,-2.0497
135.05,-0.0231893,-2.05086
135.1,-0.0231936,-2.05202
135.15,-0.0231984,-2.05318
135.2,-0.0231998,-2.05434
135.25,-0.0232225,-2.0555
135.3,-0.0232317,-2.05666
135.35,-0.0232355,-2.05782
135.4,-0.0232496,-2.05898
135.45,-0.0232522,-2.06015
135.5,-0.0232598,-2.06131
135.55,-0.0232716,-2.06247
135.6,-0.0232691,-2.06364
135.65,-0.0232856,-2.0648
135.7,-0.0232909,-2.06596
135.75,-0.0232973,-2.06713
135.8,-0.0233016,-2.06829
135.85,-0.0233117,-2.06946
135.9,-0.023315,-2.07063
135.95,-0.023331,-2.07179
136.0,-0.0233447,-2.07296
136.05,-0.0233576,-2.07413
136.1,-0.0233443,-2.07529
136.15,-0.0233604,-2.07646
136.2,-0.0233582,-2.07763
136.25,-0.0233701,-2.0788
136.3,-0.0233631,-2.07997
136.35,-0.0233766,-2.08114
136.4,-0.0233813,-2.0823
136.45,-0.0233956,-2.08347
136.5,-0.0234017,-2.08464
136.55,-0.0234107,-2.08582
136.6,-0.0234234,-2.08699
136.65,-0.0234302,-2.08816
136.7,-0.0234319,-2.08933
136.75,-0.0234322,-2.0905
136.8,-0.0234534,-2.09167
136.85,-0.0235073,-2.09285
136.9,-0.0235254,-2.09403
136.95,-0.0235305,-2.0952
137.0,-0.0235363,-2.09638
137.05,-0.0235304,-2.09756
137.1,-0.0235222,-2.09873
137.15,-0.0235055,-2.09991
137.2,-0.0235159,-2.10108
137.25,-0.0235099,-2.10226
137.3,-0.0235232,-2.10343
137.35,-0.0235205,-2.10461
137.4,-0.0235305,-2.10579
137.45,-0.0235303,-2.10696
137.5,-0.0235501,-2.10814
137.55,-0.023548,-2.10932
137.6,-0.0235475,-2.1105
137.65,-0.0235492,-2.11167
137.7,-0.0235381,-2.11285
137.75,-0.0235347,-2.11403
137.8,-0.0235525,-2.1152
137.85,-0.0235496,-2.11638
137.9,-0.0235643,-2.11756
137.95,-0.0235671,-2.11874
138.0,-0.0235721,-2.11992
138.05,-0.0235784,-2.1211
138.1,-0.023588,-2.12228
138.15,-0.0235826,-2.12345
138.2,-0.0235814,-2.12463
138.25,-0.0235948,-2.12581
138.3,-0.023607,-2.12699
138.35,-0.0236098,-2.12817
138.4,-0.0236245,-2.12936
138.45,-0.0236308,-2.13054
138.5,-0.0236242,-2.13172
138.55,-0.0236423,-2.1329
138.6,-0.0236537,-2.13408
138.65,-0.0236453,-2.13527
138.7,-0.0236584,-2.13645
138.75,-0.0236597,-2.13763
138.8,-0.0236636,-2.13881
138.85,-0.0236678,-2.14
138.9,-0.0236746,-2.14118
138.95,-0.0236868,-2.14237
139.0,-0.023681,-2.14355
139.05,-0.0236916,-2.14473
139.1,-0.0237034,-2.14592
139.15,-0.02371,-2.1471
139.2,-0.0237132,-2.14829
139.25,-0.0237183,-2.14948
139.3,-0.023724,-2.15066
139.35,-0.0237285,-2.15185
139.4,-0.0237339,-2.15304
139.45,-0.0237427,-2.15422
139.5,-0.0237471,-2.15541
139.55,-0.0237502,-2.1566
139.6,-0.023752,-2.15779
139.65,-0.0237518,-2.15897
139.7,-0.0237637,-2.16016
139.75,-0.0237735,-2.16135
139.8,-0.0237841,-2.16254
139.85,-0.0237878,-2.16373
139.9,-0.0237981,-2.16492
139.95,-0.0237954,-2.16611
140.0,-0.0238077,-2.1673
140.05,-0.0238055,-2.16849
140.1,-0.0238113,-2.16968
140.15,-0.023803,-2.17087
140.2,-0.0238182,-2.17206
140.25,-0.0238133,-2.17325
140.3,-0.0238283,-2.17444
140.35,-0.0238358,-2.17563
140.4,-0.0238576,-2.17683
140.45,-0.0238416,-2.17802
140.5,-0.0238576,-2.17921
140.55,-0.0238653,-2.18041
140.6,-0.0238846,-2.1816
140.65,-0.0238863,-2.18279
140.7,-0.0239804,-2.18399
140.75,-0.0239579,-2.18519
140.8,-0.0239727,-2.18639
140.85,-0.0239633,-2.18759
140.9,-0.0239422,-2.18878
140.95,-0.0239399,-2.18998
141.0,-0.023951,-2.19118
141.05,-0.0239658,-2.19238
141.1,-0.0239711,-2.19358
141.15,-0.0239759,-2.19477
141.2,-0.0239737,-2.19597
141.25,-0.0239767,-2.19717
141.3,-0.0239854,-2.19837
141.35,-0.023999,-2.19957
141.4,-0.024008,-2.20077
141.45,-0.0240196,-2.20197
141.5,-0.0240202,-2.20317
141.55,-0.0240312,-2.20438
141.6,-0.0240343,-2.20558
141.65,-0.0240465,-2.20678
141.7,-0.0240433,-2.20798
141.75,-0.0240476,-2.20918
141.8,-0.0240489,-2.21039
141.85,-0.0240619,-2.21159
141.9,-0.0240688,-2.21279
141.95,-0.0240854,-2.214
142.0,-0.0241043,-2.2152
142.05,-0.0241097,-2.21641
142.1,-0.0241162,-2.21761
142.15,-0.0241167,-2.21882
142.2,-0.0241117,-2.22003
142.25,-0.0241223,-2.22123
142.3,-0.0241178,-2.22244
142.35,-0.0241205,-2.22364
142.4,-0.0241249,-2.22485
142.45,-0.0241318,-2.22606
142.5,-0.0241382,-2.22726
142.55,-0.024143,-2.22847
142.6,-0.02415,-2.22968
142.65,-0.0241616,-2.23089
142.7,-0.024167,-2.23209
142.75,-0.0241756,-2.2333
142.8,-0.0241632,-2.23451
142.85,-0.0241794,-2.23572
142.9,-0.0241802,-2.23693
142.95,-0.02419,-2.23814
143.0,-0.0241965,-2.23935
143.05,-0.0242086,-2.24056
143.1,-0.0242086,-2.24177
143.15,-0.0242211,-2.24298
143.2,-0.024227,-2.24419
143.25,-0.0242259,-2.2454
143.3,-0.0242303,-2.24661
143.35,-0.0242318,-2.24783
143.4,-0.0242395,-2.24904
143.45,-0.024254,-2.25025
143.5,-0.0242458,-2.25146
143.55,-0.0242594,-2.25268
143.6,-0.0242759,-2.25389
143.65,-0.0242707,-2.2551
143.7,-0.0242798,-2.25632
143.75,-0.0242885,-2.25753
143.8,-0.0243038,-2.25875
143.85,-0.024306,-2.25996
143.9,-0.0243152,-2.26118
143.95,-0.0243206,-2.26239
144.0,-0.0243372,-2.26361
144.05,-0.0243397,-2.26483
144.1,-0.0243516,-2.26605
144.15,-0.0243526,-2.26726
144.2,-0.0243615,-2.26848
144.25,-0.0243612,-2.2697
144.3,-0.024369,-2.27092
144.35,-0.0243808,-2.27214
144.4,-0.024394,-2.27336
144.45,-0.0243921,-2.27458
144.5,-0.0244052,-2.2758
144.55,-0.0244187,-2.27702
144.6,-0.0244164,-2.27824
144.65,-0.0244268,-2.27946
144.7,-0.0244162,-2.28068
144.75,-0.0244385,-2.2819
144.8,-0.0244528,-2.28312
144.85,-0.0244596,-2.28435
144.9,-0.0244847,-2.28557
144.95,-0.0244878,-2.2868
145.0,-0.0244769,-2.28802
145.05,-0.0245029,-2.28925
145.1,-0.0245086,-2.29047
145.15,-0.0245204,-2.2917
145.2,-0.0245368,-2.29292
145.25,-0.0245327,-2.29415
145.3,-0.0245554,-2.29538
145.35,-0.024574,-2.29661
145.4,-0.0245739,-2.29784
145.45,-0.0245798,-2.29906
145.5,-0.0245822,-2.30029
145.55,-0.0245873,-2.30152
145.6,-0.0245934,-2.30275
145.65,-0.024594,-2.30398
145.7,-0.0245947,-2.30521
145.75,-0.02461,-2.30644
145.8,-0.0246004,-2.30767
145.85,-0.0246239,-2.3089
145.9,-0.0246295,-2.31014
145.95,-0.0246177,-2.31137
146.0,-0.0246314,-2.3126
146.05,-0.0246519,-2.31383
146.1,-0.0246568,-2.31506
146.15,-0.0246621,-2.3163
146.2,-0.0246634,-2.31753
146.25,-0.0246623,-2.31876
146.3,-0.0246705,-2.32
146.35,-0.0246809,-2.32123
146.4,-0.0246927,-2.32246
146.45,-0.0246846,-2.3237
146.5,-0.024716,-2.32493
146.55,-0.0247088,-2.32617
146.6,-0.0247172,-2.32741
146.65,-0.0247228,-2.32864
146.7,-0.0247241,-2.32988
146.75,-0.0247281,-2.33111
146.8,-0.0247592,-2.33235
146.85,-0.0247545,-2.33359
146.9,-0.024764,-2.33483
146.95,-0.0247691,-2.33607
147.0,-0.0247733,-2.33731
147.05,-0.024796,-2.33855
147.1,-0.0248477,-2.33979
147.15,-0.0248298,-2.34103
147.2,-0.0248604,-2.34227
147.25,-0.0248519,-2.34352
147.3,-0.0249382,-2.34476
147.35,-0.0249752,-2.34601
147.4,-0.0249915,-2.34726
147.45,-0.025011,-2.34851
147.5,-0.0250052,-2.34976
147.55,-0.0249965,-2.35101
147.6,-0.0249751,-2.35226
147.65,-0.024967,-2.35351
147.7,-0.0249833,-2.35476
147.75,-0.0249804,-2.35601
147.8,-0.025,-2.35726
147.85,-0.0250108,-2.35851
147.9,-0.0250075,-2.35976
147.95,-0.0250096,-2.36101
148.0,-0.0249996,-2.36226
148.05,-0.0250056,-2.36351
148.1,-0.025023,-2.36476
148.15,-0.0250225,-2.36601
148.2,-0.025027,-2.36726
148.25,-0.0250365,-2.36851
148.3,-0.0250351,-2.36977
148.35,-0.0250482,-2.37102
148.4,-0.0250479,-2.37227
148.45,-0.0250536,-2.37352
148.5,-0.0250549,-2.37478
148.55,-0.0250781,-2.37603
148.6,-0.0250658,-2.37728
148.65,-0.025061,-2.37854
148.7,-0.0250674,-2.37979
148.75,-0.0250822,-2.38104
148.8,-0.025088,-2.3823
148.85,-0.0251025,-2.38355
148.9,-0.0251136,-2.38481
148.95,-0.0251195,-2.38606
149.0,-0.0251242,-2.38732
149.05,-0.0251446,-2.38858
149.1,-0.0251368,-2.38983
149.15,-0.0251331,-2.39109
149.2,-0.0251396,-2.39235
149.25,-0.0251483,-2.39361
149.3,-0.0251572,-2.39486
149.35,-0.0251579,-2.39612
149.4,-0.0251744,-2.39738
149.45,-0.0251792,-2.39864
149.5,-0.0251773,-2.3999
149.55,-0.0252015,-2.40116
149.6,-0.0252076,-2.40242
149.65,-0.025206,-2.40368
149.7,-0.0252238,-2.40494
149.75,-0.0252208,-2.4062
149.8,-0.0252342,-2.40746
149.85,-0.0252736,-2.40873
149.9,-0.0253057,-2.40999
149.95,-0.025309,-2.41126
150.0,-0.0252928,-2.41252
150.05,-0.0252994,-2.41379
150.1,-0.0253032,-2.41505
150.15,-0.0253065,-2.41632
150.2,-0.0253177,-2.41758
150.25,-0.0253226,-2.41885
150.3,-0.0253302,-2.42012
150.35,-0.0253302,-2.42138
150.4,-0.0253283,-2.42265
150.45,-0.0253435,-2.42392
150.5,-0.0253471,-2.42518
150.55,-0.0253471,-2.42645
150.6,-0.0253929,-2.42772
150.65,-0.0253634,-2.42899
150.7,-0.0253755,-2.43026
150.75,-0.025366,-2.43153
150.8,-0.0253715,-2.43279
150.85,-0.0253853,-2.43406
150.9,-0.0253979,-2.43533
150.95,-0.0254068,-2.4366
151.0,-0.025423,-2.43787
151.05,-0.0254252,-2.43915
151.1,-0.0254238,-2.44042
151.15,-0.0254218,-2.44169
151.2,-0.0254396,-2.44296
151.25,-0.0254702,-2.44423
151.3,-0.0254696,-2.44551
151.35,-0.0254624,-2.44678
151.4,-0.0254721,-2.44805
151.45,-0.025508,-2.44933
151.5,-0.02551,-2.4506
151.55,-0.0255251,-2.45188
151.6,-0.0255276,-2.45316
151.65,-0.0255194,-2.45443
151.7,-0.0255049,-2.45571
151.75,-0.0255014,-2.45698
151.8,-0.0255123,-2.45826
151.85,-0.0255122,-2.45953
151.9,-0.0255299,-2.46081
151.95,-0.0255366,-2.46209
152.0,-0.0255531,-2.46337
152.05,-0.0255546,-2.46464
152.1,-0.0255519,-2.46592
152.15,-0.025571,-2.4672
152.2,-0.0255958,-2.46848
152.25,-0.0255778,-2.46976
152.3,-0.0255924,-2.47104
152.35,-0.0256024,-2.47232
152.4,-0.0255998,-2.4736
152.45,-0.0256317,-2.47488
152.5,-0.0256337,-2.47616
152.55,-0.0256447,-2.47744
152.6,-0.0256516,-2.47873
152.65,-0.0256587,-2.48001
152.7,-0.0256503,-2.48129
152.75,-0.0256578,-2.48257
152.8,-0.0256583,-2.48386
152.85,-0.0256761,-2.48514
152.9,-0.0257114,-2.48643
152.95,-0.0257578,-2.48771
153.0,-0.0257817,-2.489
153.05,-0.0257944,-2.49029
153.1,-0.0257945,-2.49158
153.15,-0.0257877,-2.49287
153.2,-0.0257917,-2.49416
153.25,-0.025817,-2.49545
153.3,-0.0258555,-2.49675
153.35,-0.0259084,-2.49804
153.4,-0.0258844,-2.49934
153.45,-0.0258612,-2.50063
153.5,-0.0258736,-2.50192
153.55,-0.0258538,-2.50321
153.6,-0.0258507,-2.50451
153.65,-0.0258498,-2.5058
153.7,-0.0258555,-2.50709
153.75,-0.0258554,-2.50839
153.8,-0.0258777,-2.50968
153.85,-0.0258871,-2.51097
153.9,-0.0258946,-2.51227
153.95,-0.0258892,-2.51356
154.0,-0.0258803,-2.51486
154.05,-0.0258818,-2.51615
154.1,-0.0258721,-2.51744
154.15,-0.0258743,-2.51874
154.2,-0.0258794,-2.52003
154.25,-0.0259009,-2.52133
154.3,-0.0259088,-2.52262
154.35,-0.0259239,-2.52392
154.4,-0.0259283,-2.52522
154.45,-0.025957,-2.52651
154.5,-0.0259305,-2.52781
154.55,-0.0259624,-2.52911
154.6,-0.025927,-2.5304
154.65,-0.0259298,-2.5317
154.7,-0.02594,-2.533
154.75,-0.0259269,-2.53429
154.8,-0.0259477,-2.53559
154.85,-0.0259591,-2.53689
154.9,-0.0259676,-2.53819
154.95,-0.0259822,-2.53949
155.0,-0.0260052,-2.54079
155.05,-0.0260057,-2.54209
155.1,-0.0260321,-2.54339
155.15,-0.0260235,-2.54469
155.2,-0.0260201,-2.54599
155.25,-0.0260228,-2.54729
155.3,-0.0260267,-2.54859
155.35,-0.0260497,-2.5499
155.4,-0.0260411,-2.5512
155.45,-0.0260531,-2.5525
155.5,-0.0260582,-2.5538
155.55,-0.0260758,-2.55511
155.6,-0.0260912,-2.55641
155.65,-0.0260934,-2.55772
155.7,-0.0261023,-2.55902
155.75,-0.0261078,-2.56033
155.8,-0.0260998,-2.56163
155.85,-0.0261273,-2.56294
155.9,-0.0261148,-2.56424
155.95,-0.0261221,-2.56555
156.0,-0.0261428,-2.56686
156.05,-0.0261472,-2.56817
156.1,-0.0261488,-2.56947
156.15,-0.0261634,-2.57078
156.2,-0.0261608,-2.57209
156.25,-0.026169,-2.5734
156.3,-0.0261785,-2.57471
156.35,-0.0261865,-2.57602
156.4,-0.0261931,-2.57733
156.45,-0.0261948,-2.57863
156.5,-0.0262068,-2.57995
156.55,-0.0262241,-2.58126
156.6,-0.0262318,-2.58257
156.65,-0.0262328,-2.58388
156.7,-0.0262409,-2.58519
156.75,-0.0262264,-2.5865
156.8,-0.0262222,-2.58781
156.85,-0.0262464,-2.58913
156.9,-0.0262533,-2.59044
156.95,-0.0262587,-2.59175
157.0,-0.0262607,-2.59307
157.05,-0.0262769,-2.59438
157.1,-0.0262655,-2.59569
157.15,-0.0262799,-2.59701
157.2,-0.0262865,-2.59832
157.25,-0.026306,-2.59964
157.3,-0.0263204,-2.60095
157.35,-0.0263323,-2.60227
157.4,-0.0263309,-2.60358
157.45,-0.0263346,-2.6049
157.5,-0.0263373,-2.60622
157.55,-0.0263409,-2.60754
157.6,-0.0263605,-2.60885
157.65,-0.0263639,-2.61017
157.7,-0.0263692,-2.61149
157.75,-0.0263828,-2.61281
157.8,-0.0263881,-2.61413
157.85,-0.0263962,-2.61545
157.9,-0.0264015,-2.61677
157.95,-0.0264091,-2.61809
158.0,-0.0264288,-2.61941
158.05,-0.0264264,-2.62073
158.1,-0.0264361,-2.62205
158.15,-0.0264253,-2.62337
158.2,-0.0264363,-2.6247
158.25,-0.02645,-2.62602
158.3,-0.0264615,-2.62734
158.35,-0.0264715,-2.62867
158.4,-0.0264723,-2.62999
158.45,-0.0264845,-2.63131
158.5,-0.0264972,-2.63264
158.55,-0.0265027,-2.63396
158.6,-0.0264998,-2.63529
158.65,-0.026511,-2.63661
158.7,-0.0265243,-2.63794
158.75,-0.0265493,-2.63927
158.8,-0.026584,-2.6406
158.85,-0.0265937,-2.64193
158.9,-0.0265958,-2.64326
158.95,-0.0265943,-2.64459
159.0,-0.0265936,-2.64592
159.05,-0.0266117,-2.64725
159.1,-0.0266244,-2.64858
159.15,-0.0266209,-2.64991
159.2,-0.0266399,-2.65124
159.25,-0.0266405,-2.65257
159.3,-0.0266511,-2.65391
159.35,-0.0266474,-2.65524
159.4,-0.026653,-2.65657
159.45,-0.0266706,-2.6579
159.5,-0.0266655,-2.65924
159.55,-0.0266627,-2.66057
159.6,-0.026666,-2.6619
159.65,-0.0266725,-2.66324
159.7,-0.026693,-2.66457
159.75,-0.0266972,-2.66591
159.8,-0.0267071,-2.66724
159.85,-0.0267317,-2.66858
159.9,-0.0267338,-2.66992
159.95,-0.0267463,-2.67125
160.0,-0.0267442,-2.67259
160.05,-0.0267409,-2.67393
160.1,-0.0267675,-2.67527
160.15,-0.0267689,-2.6766
160.2,-0.0267784,-2.67794
160.25,-0.0267901,-2.67928
160.3,-0.0267895,-2.68062
160.35,-0.0267997,-2.68196
160.4,-0.0268203,-2.6833
160.45,-0.0268248,-2.68464
160.5,-0.0268407,-2.68599
160.55,-0.0268484,-2.68733
160.6,-0.026844,-2.68867
160.65,-0.026853,-2.69001
160.7,-0.0268739,-2.69136
160.75,-0.0268584,-2.6927
160.8,-0.0268592,-2.69404
160.85,-0.0268765,-2.69539
160.9,-0.0268886,-2.69673
160.95,-0.0268937,-2.69808
161.0,-0.02691,-2.69942
161.05,-0.0269257,-2.70077
161.1,-0.0269254,-2.70211
161.15,-0.0269429,-2.70346
161.2,-0.0269409,-2.70481
161.25,-0.0269371,-2.70615
161.3,-0.0269497,-2.7075
161.35,-0.026978,-2.70885
161.4,-0.0269573,-2.7102
161.45,-0.0269867,-2.71155
161.5,-0.0269632,-2.7129
161.55,-0.0269843,-2.71425
161.6,-0.0269698,-2.71559
161.65,-0.0269771,-2.71694
161.7,-0.0269863,-2.71829
161.75,-0.0269994,-2.71964
161.8,-0.0270109,-2.72099
161.85,-0.0270216,-2.72234
161.9,-0.0270326,-2.7237
161.95,-0.0270503,-2.72505
162.0,-0.0270844,-2.7264
162.05,-0.0270857,-2.72776
162.1,-0.0270934,-2.72911
162.15,-0.0270637,-2.73046
162.2,-0.0270645,-2.73182
162.25,-0.0270578,-2.73317
162.3,-0.0270747,-2.73452
162.35,-0.0270803,-2.73588
162.4,-0.0270967,-2.73723
162.45,-0.0271034,-2.73859
162.5,-0.0271113,-2.73994
162.55,-0.0271045,-2.7413
162.6,-0.0271255,-2.74266
162.65,-0.0271399,-2.74401
162.7,-0.0271466,-2.74537
162.75,-0.0271636,-2.74673
162.8,-0.027178,-2.74809
162.85,-0.0271709,-2.74945
162.9,-0.0271991,-2.75081
162.95,-0.0272059,-2.75217
163.0,-0.0272213,-2.75353
163.05,-0.0272196,-2.75489
163.1,-0.0272386,-2.75625
163.15,-0.0272429,-2.75761
163.2,-0.0272586,-2.75897
163.25,-0.0272586,-2.76034
163.3,-0.0272785,-2.7617
163.35,-0.0272726,-2.76307
163.4,-0.0272893,-2.76443
163.45,-0.0272937,-2.76579
163.5,-0.027295,-2.76716
163.55,-0.0273112,-2.76852
163.6,-0.0273198,-2.76989
163.65,-0.0273234,-2.77126
163.7,-0.0273253,-2.77262
163.75,-0.0273426,-2.77399
163.8,-0.0273548,-2.77536
163.85,-0.0273772,-2.77673
163.9,-0.0273839,-2.7781
163.95,-0.0274025,-2.77947
164.0,-0.027392,-2.78084
164.05,-0.0274267,-2.78221
164.1,-0.0273889,-2.78358
164.15,-0.0274044,-2.78495
164.2,-0.0274072,-2.78632
164.25,-0.0274092,-2.78769
164.3,-0.0274351,-2.78906
164.35,-0.0274326,-2.79043
164.4,-0.0274361,-2.7918
164.45,-0.0274604,-2.79318
164.5,-0.0274633,-2.79455
164.55,-0.0274597,-2.79592
164.6,-0.0274724,-2.7973
164.65,-0.0274925,-2.79867
164.7,-0.0275084,-2.80005
164.75,-0.0275012,-2.80142
164.8,-0.0275174,-2.8028
164.85,-0.0275175,-2.80417
164.9,-0.0275235,-2.80555
164.95,-0.0275471,-2.80693
165.0,-0.027548,-2.8083
165.05,-0.0275393,-2.80968
165.1,-0.0275641,-2.81106
165.15,-0.0275882,-2.81244
165.2,-0.0276007,-2.81382
165.25,-0.027608,-2.8152
165.3,-0.0276245,-2.81658
165.35,-0.0276245,-2.81796
165.4,-0.0276439,-2.81934
165.45,-0.027631,-2.82072
165.5,-0.027651,-2.82211
165.55,-0.0276457,-2.82349
165.6,-0.0276649,-2.82487
165.65,-0.0276759,-2.82626
165.7,-0.0276863,-2.82764
165.75,-0.0276925,-2.82903
165.8,-0.0277269,-2.83041
165.85,-0.0277359,-2.8318
165.9,-0.0277575,-2.83319
165.95,-0.0277741,-2.83458
166.0,-0.0277807,-2.83596
166.05,-0.0277916,-2.83735
166.1,-0.0277819,-2.83874
166.15,-0.0277782,-2.84013
166.2,-0.0277888,-2.84152
166.25,-0.0277948,-2.84291
166.3,-0.0278033,-2.8443
166.35,-0.027811,-2.84569
166.4,-0.0278168,-2.84708
166.45,-0.027839,-2.84847
166.5,-0.0278518,-2.84987
166.55,-0.0278715,-2.85126
166.6,-0.027871,-2.85265
166.65,-0.0278736,-2.85405
166.7,-0.0278866,-2.85544
166.75,-0.0278977,-2.85684
166.8,-0.0279118,-2.85823
166.85,-0.0279347,-2.85963
166.9,-0.0279221,-2.86103
166.95,-0.0279201,-2.86242
167.0,-0.0279477,-2.86382
167.05,-0.027958,-2.86522
167.1,-0.027975,-2.86662
167.15,-0.0279872,-2.86801
167.2,-0.0279962,-2.86941
167.25,-0.0280026,-2.87081
167.3,-0.0279972,-2.87221
167.35,-0.0280196,-2.87362
167.4,-0.0280463,-2.87502
167.45,-0.0280729,-2.87642
167.5,-0.0280799,-2.87783
167.55,-0.0280726,-2.87923
167.6,-0.0280917,-2.88063
167.65,-0.0280967,-2.88204
167.7,-0.0281063,-2.88344
167.75,-0.0281198,-2.88485
167.8,-0.0281246,-2.88626
167.85,-0.0281507,-2.88766
167.9,-0.0281489,-2.88907
167.95,-0.0281514,-2.89048
168.0,-0.0281657,-2.89189
168.05,-0.0281961,-2.8933
168.1,-0.028196,-2.89471
168.15,-0.0282277,-2.89612
168.2,-0.0282084,-2.89753
168.25,-0.0282137,-2.89894
168.3,-0.0282172,-2.90035
168.35,-0.0282294,-2.90176
168.4,-0.0282372,-2.90317
168.45,-0.0282477,-2.90459
168.5,-0.0282645,-2.906
168.55,-0.0282715,-2.90741
168.6,-0.0282745,-2.90883
168.65,-0.0282886,-2.91024
168.7,-0.0283171,-2.91166
168.75,-0.0283149,-2.91307
168.8,-0.0283489,-2.91449
168.85,-0.0283531,-2.91591
168.9,-0.0283503,-2.91732
168.95,-0.0283808,-2.91874
169.0,-0.0283876,-2.92016
169.05,-0.0283786,-2.92158
169.1,-0.0283964,-2.923
169.15,-0.0283964,-2.92442
169.2,-0.0283976,-2.92584
169.25,-0.0284304,-2.92726
169.3,-0.0284422,-2.92869
169.35,-0.0284728,-2.93011
169.4,-0.0284777,-2.93153
169.45,-0.0284958,-2.93296
169.5,-0.0285036,-2.93438
169.55,-0.0284998,-2.93581
169.6,-0.0284974,-2.93723
169.65,-0.0285184,-2.93866
169.7,-0.0285328,-2.94009
169.75,-0.0285557,-2.94151
169.8,-0.028557,-2.94294
169.85,-0.0285758,-2.94437
169.9,-0.0285876,-2.9458
169.95,-0.0285926,-2.94723
170.0,-0.0286151,-2.94866
170.05,-0.0286198,-2.95009
170.1,-0.028631,-2.95152
170.15,-0.0286463,-2.95295
170.2,-0.0286515,-2.95439
170.25,-0.0286714,-2.95582
170.3,-0.0286904,-2.95725
170.35,-0.0286905,-2.95869
170.4,-0.0286956,-2.96012
170.45,-0.0287117,-2.96156
170.5,-0.0287385,-2.963
170.55,-0.0287632,-2.96443
170.6,-0.0287618,-2.96587
170.65,-0.0287849,-2.96731
170.7,-0.0287936,-2.96875
170.75,-0.0288197,-2.97019
170.8,-0.0288421,-2.97164
170.85,-0.0288526,-2.97308
170.9,-0.0288558,-2.97452
170.95,-0.0288648,-2.97596
171.0,-0.0288623,-2.97741
171.05,-0.028873,-2.97885
171.1,-0.0288929,-2.9803
171.15,-0.0288945,-2.98174
171.2,-0.0289216,-2.98319
171.25,-0.0289417,-2.98463
171.3,-0.0289406,-2.98608
171.35,-0.0289517,-2.98753
171.4,-0.0289664,-2.98898
171.45,-0.0289896,-2.99043
171.5,-0.0290186,-2.99188
171.55,-0.0290138,-2.99333
171.6,-0.0290203,-2.99478
171.65,-0.0290134,-2.99623
171.7,-0.0290297,-2.99768
171.75,-0.02904,-2.99913
171.8,-0.029061,-3.00059
171.85,-0.0290846,-3.00204
171.9,-0.0291152,-3.0035
171.95,-0.0291097,-3.00495
172.0,-0.0291406,-3.00641
172.05,-0.0291288,-3.00786
172.1,-0.0291355,-3.00932
172.15,-0.0291501,-3.01078
172.2,-0.0291802,-3.01224
172.25,-0.0292044,-3.0137
172.3,-0.0291995,-3.01516
172.35,-0.0292023,-3.01662
172.4,-0.0292269,-3.01808
172.45,-0.0292247,-3.01954
172.5,-0.0292316,-3.021
172.55,-0.0292454,-3.02246
172.6,-0.0292696,-3.02393
172.65,-0.0292731,-3.02539
172.7,-0.0292717,-3.02685
172.75,-0.0292804,-3.02832
172.8,-0.0292914,-3.02978
172.85,-0.029319,-3.03125
172.9,-0.029325,-3.03272
172.95,-0.0293221,-3.03418
173.0,-0.0293472,-3.03565
173.05,-0.0293532,-3.03712
173.1,-0.029353,-3.03858
173.15,-0.0293699,-3.04005
173.2,-0.0293852,-3.04152
173.25,-0.0293963,-3.04299
173.3,-0.0294047,-3.04446
173.35,-0.0294234,-3.04593
173.4,-0.0294271,-3.0474
173.45,-0.0294324,-3.04888
173.5,-0.0294512,-3.05035
173.55,-0.0294731,-3.05182
173.6,-0.0294647,-3.0533
173.65,-0.029459,-3.05477
173.7,-0.0294593,-3.05624
173.75,-0.0294864,-3.05772
173.8,-0.029474,-3.05919
173.85,-0.0295335,-3.06067
173.9,-0.0295352,-3.06214
173.95,-0.0295474,-3.06362
174.0,-0.029542,-3.0651
174.05,-0.0295339,-3.06657
174.1,-0.0295483,-3.06805
174.15,-0.0295753,-3.06953
174.2,-0.0295807,-3.07101
174.25,-0.029594,-3.07249
174.3,-0.0295943,-3.07397
174.35,-0.0296131,-3.07545
174.4,-0.029615,-3.07693
174.45,-0.0296214,-3.07841
174.5,-0.0296448,-3.07989
174.55,-0.0296474,-3.08138
174.6,-0.0296608,-3.08286
174.65,-0.0296632,-3.08434
174.7,-0.0296799,-3.08583
174.75,-0.0296957,-3.08731
174.8,-0.0297021,-3.0888
174.85,-0.0297136,-3.09028
174.9,-0.0297366,-3.09177
174.95,-0.0297054,-3.09325
175.0,-0.0297082,-3.09474
175.05,-0.0296978,-3.09622
175.1,-0.029715,-3.09771
175.15,-0.029747,-3.0992
175.2,-0.0297577,-3.10069
175.25,-0.0297674,-3.10217
175.3,-0.0297849,-3.10366
175.35,-0.02978,-3.10515
175.4,-0.0297873,-3.10664
175.45,-0.0297948,-3.10813
175.5,-0.0298072,-3.10962
175.55,-0.0298112,-3.11111
175.6,-0.029822,-3.1126
175.65,-0.029808,-3.11409
175.7,-0.0298186,-3.11558
175.75,-0.0298193,-3.11708
175.8,-0.0298374,-3.11857
175.85,-0.0298362,-3.12006
175.9,-0.0298371,-3.12155
175.95,-0.0298436,-3.12304
176.0,-0.0298509,-3.12454
176.05,-0.0298545,-3.12603
176.1,-0.0298598,-3.12752
176.15,-0.029889,-3.12902
176.2,-0.0298978,-3.13051
176.25,-0.0299044,-3.13201
176.3,-0.0299065,-3.1335
176.35,-0.0299047,-3.135
176.4,-0.0298997,-3.13649
176.45,-0.0299164,-3.13799
176.5,-0.0299087,-3.13948
176.55,-0.0299116,-3.14098
176.6,-0.0299196,-3.14247
176.65,-0.0299475,-3.14397
176.7,-0.0299437,-3.14547
176.75,-0.0299602,-3.14697
176.8,-0.0299771,-3.14847
176.85,-0.029987,-3.14997
176.9,-0.0300034,-3.15147
176.95,-0.0300042,-3.15297
177.0,-0.0299871,-3.15446
177.05,-0.0299891,-3.15596
177.1,-0.0299898,-3.15746
177.15,-0.0300133,-3.15896
177.2,-0.0300107,-3.16047
177.25,-0.0300371,-3.16197
177.3,-0.0300436,-3.16347
177.35,-0.0300457,-3.16497
177.4,-0.0300427,-3.16647
177.45,-0.0300421,-3.16798
177.5,-0.0300648,-3.16948
177.55,-0.0300778,-3.17098
177.6,-0.0300843,-3.17249
177.65,-0.0300967,-3.17399
177.7,-0.0300814,-3.1755
177.75,-0.0300594,-3.177
177.8,-0.0300579,-3.1785
177.85,-0.0300603,-3.18
177.9,-0.0300749,-3.18151
177.95,-0.0300928,-3.18301
178.0,-0.0300956,-3.18452
178.05,-0.0301058,-3.18602
178.1,-0.0301146,-3.18753
178.15,-0.0301284,-3.18904
178.2,-0.0301318,-3.19054
178.25,-0.0301386,-3.19205
178.3,-0.0301511,-3.19356
178.35,-0.0301512,-3.19506
178.4,-0.0301541,-3.19657
178.45,-0.0301525,-3.19808
178.5,-0.030152,-3.19959
178.55,-0.0301495,-3.20109
178.6,-0.0301693,-3.2026
178.65,-0.0301789,-3.20411
178.7,-0.0301916,-3.20562
178.75,-0.0301778,-3.20713
178.8,-0.0301808,-3.20864
178.85,-0.0301972,-3.21015
178.9,-0.0302074,-3.21166
178.95,-0.0302148,-3.21317
179.0,-0.0302102,-3.21468
179.05,-0.0302151,-3.21619
179.1,-0.0302174,-3.2177
179.15,-0.0302149,-3.21921
179.2,-0.0302424,-3.22073
179.25,-0.0302333,-3.22224
179.3,-0.0302453,-3.22375
179.35,-0.0302553,-3.22526
179.4,-0.0302629,-3.22677
179.45,-0.0302727,-3.22829
179.5,-0.0302806,-3.2298
179.55,-0.0303031,-3.23132
179.6,-0.0303286,-3.23283
179.65,-0.0303025,-3.23435
179.7,-0.0303108,-3.23586
179.75,-0.0302979,-3.23738
179.8,-0.0303076,-3.2389
179.85,-0.0303322,-3.24041
179.9,-0.0303438,-3.24193
179.95,-0.0303744,-3.24345
180.0,-0.0303652,-3.24497
180.05,-0.0303699,-3.24648
180.1,-0.0303516,-3.248
180.15,-0.03038,-3.24952
180.2,-0.0304103,-3.25104
180.25,-0.0304216,-3.25256
180.3,-0.0304352,-3.25408
180.35,-0.0304097,-3.2556
180.4,-0.0304204,-3.25713
180.45,-0.0304295,-3.25865
180.5,-0.030422,-3.26017
180.55,-0.0304475,-3.26169
180.6,-0.0304284,-3.26321
180.65,-0.0304368,-3.26473
180.7,-0.0304335,-3.26626
180.75,-0.0304535,-3.26778
180.8,-0.0304243,-3.2693
180.85,-0.0304413,-3.27082
180.9,-0.0304367,-3.27234
180.95,-0.03046,-3.27387
181.0,-0.0304616,-3.27539
181.05,-0.0304656,-3.27691
181.1,-0.0304646,-3.27844
181.15,-0.0304821,-3.27996
181.2,-0.0304991,-3.28149
181.25,-0.0304953,-3.28301
181.3,-0.0305226,-3.28454
181.35,-0.0305166,-3.28606
181.4,-0.0305304,-3.28759
181.45,-0.0305333,-3.28912
181.5,-0.0305279,-3.29064
181.55,-0.030504,-3.29217
181.6,-0.0305144,-3.29369
181.65,-0.0305387,-3.29522
181.7,-0.0305349,-3.29675
181.75,-0.0305335,-3.29827
181.8,-0.0305482,-3.2998
181.85,-0.0305525,-3.30133
181.9,-0.0305508,-3.30286
181.95,-0.0305614,-3.30438
182.0,-0.0305676,-3.30591
182.05,-0.0305937,-3.30744
182.1,-0.0306002,-3.30897
182.15,-0.0306086,-3.3105
182.2,-0.0306235,-3.31203
182.25,-0.0306292,-3.31356
182.3,-0.0306358,-3.3151
182.35,-0.0306271,-3.31663
182.4,-0.0306206,-3.31816
182.45,-0.0306203,-3.31969
182.5,-0.0306258,-3.32122
182.55,-0.0306202,-3.32275
182.6,-0.0306301,-3.32428
182.65,-0.0306467,-3.32582
182.7,-0.0306466,-3.32735
182.75,-0.0306626,-3.32888
182.8,-0.0306605,-3.33041
182.85,-0.0306793,-3.33195
182.9,-0.0306788,-3.33348
182.95,-0.0306797,-3.33502
183.0,-0.030701,-3.33655
183.05,-0.0306852,-3.33809
183.1,-0.0307068,-3.33962
183.15,-0.0306993,-3.34116
183.2,-0.0307077,-3.34269
183.25,-0.0307162,-3.34423
183.3,-0.0307148,-3.34576
183.35,-0.0307149,-3.3473
183.4,-0.0307299,-3.34883
183.45,-0.0307404,-3.35037
183.5,-0.0307471,-3.35191
183.55,-0.030745,-3.35345
183.6,-0.0307491,-3.35498
183.65,-0.0307802,-3.35652
183.7,-0.0307899,-3.35806
183.75,-0.0308021,-3.3596
183.8,-0.0308243,-3.36114
183.85,-0.0308635,-3.36269
183.9,-0.0308443,-3.36423
183.95,-0.0308301,-3.36577
184.0,-0.030823,-3.36731
184.05,-0.030816,-3.36885
184.1,-0.0308267,-3.37039
184.15,-0.0308407,-3.37194
184.2,-0.0308374,-3.37348
184.25,-0.0308507,-3.37502
184.3,-0.0308844,-3.37656
184.35,-0.030882,-3.37811
184.4,-0.0308973,-3.37965
184.45,-0.0309197,-3.3812
184.5,-0.0309203,-3.38275
184.55,-0.0308872,-3.38429
184.6,-0.0308892,-3.38583
184.65,-0.0308938,-3.38738
184.7,-0.0308984,-3.38892
184.75,-0.0309085,-3.39047
184.8,-0.0309287,-3.39202
184.85,-0.0309403,-3.39356
184.9,-0.0309502,-3.39511
184.95,-0.0309455,-3.39666
185.0,-0.0309402,-3.3982
185.05,-0.0309627,-3.39975
185.1,-0.0309646,-3.4013
185.15,-0.0309738,-3.40285
185.2,-0.0309765,-3.4044
185.25,-0.0310136,-3.40595
185.3,-0.0309935,-3.4075
185.35,-0.0309982,-3.40905
185.4,-0.0310036,-3.4106
185.45,-0.031008,-3.41215
185.5,-0.0310184,-3.4137
185.55,-0.0310237,-3.41525
185.6,-0.0310242,-3.4168
185.65,-0.031033,-3.41835
185.7,-0.0310443,-3.41991
185.75,-0.0310583,-3.42146
185.8,-0.0310554,-3.42301
185.85,-0.0310809,-3.42457
185.9,-0.0310993,-3.42612
185.95,-0.0311024,-3.42768
186.0,-0.0310959,-3.42923
186.05,-0.0311095,-3.43079
186.1,-0.0311135,-3.43234
186.15,-0.0311298,-3.4339
186.2,-0.0311244,-3.43546
186.25,-0.0311313,-3.43701
186.3,-0.0311569,-3.43857
186.35,-0.0311585,-3.44013
186.4,-0.0311404,-3.44168
186.45,-0.0311513,-3.44324
186.5,-0.0311633,-3.4448
186.55,-0.0311829,-3.44636
186.6,-0.0311994,-3.44792
186.65,-0.0312024,-3.44948
186.7,-0.0311909,-3.45104
186.75,-0.0312072,-3.4526
186.8,-0.0312344,-3.45416
186.85,-0.0312476,-3.45572
186.9,-0.0312682,-3.45729
186.95,-0.0312686,-3.45885
187.0,-0.031277,-3.46041
187.05,-0.0312977,-3.46198
187.1,-0.0312802,-3.46354
187.15,-0.0312715,-3.46511
187.2,-0.0312812,-3.46667
187.25,-0.0312791,-3.46823
187.3,-0.0312814,-3.4698
187.35,-0.031309,-3.47136
187.4,-0.0313047,-3.47293
187.45,-0.0313047,-3.47449
187.5,-0.0313258,-3.47606
187.55,-0.0313437,-3.47763
187.6,-0.0313474,-3.4792
187.65,-0.0313646,-3.48076
187.7,-0.0313672,-3.48233
187.75,-0.0313864,-3.4839
187.8,-0.031398,-3.48547
187.85,-0.0314129,-3.48704
187.9,-0.0314265,-3.48861
187.95,-0.0314421,-3.49019
188.0,-0.0314423,-3.49176
188.05,-0.0314527,-3.49333
188.1,-0.0314582,-3.4949
188.15,-0.0314768,-3.49648
188.2,-0.0314861,-3.49805
188.25,-0.0314871,-3.49963
188.3,-0.0314912,-3.5012
188.35,-0.0315074,-3.50278
188.4,-0.0315162,-3.50435
188.45,-0.0315117,-3.50593
188.5,-0.0315554,-3.5075
188.55,-0.0315422,-3.50908
188.6,-0.0315567,-3.51066
188.65,-0.0315623,-3.51224
188.7,-0.0315599,-3.51382
188.75,-0.0315791,-3.51539
188.8,-0.0316007,-3.51697
188.85,-0.0316079,-3.51856
188.9,-0.0316195,-3.52014
188.95,-0.0316396,-3.52172
189.0,-0.0316501,-3.5233
189.05,-0.0316732,-3.52488
189.1,-0.0316868,-3.52647
189.15,-0.0317089,-3.52805
189.2,-0.0317107,-3.52964
189.25,-0.0317309,-3.53123
189.3,-0.0317471,-3.53281
189.35,-0.0317437,-3.5344
189.4,-0.0317537,-3.53599
189.45,-0.0317661,-3.53758
189.5,-0.0317577,-3.53916
189.55,-0.0317738,-3.54075
189.6,-0.0317912,-3.54234
189.65,-0.0318122,-3.54393
189.7,-0.0318238,-3.54552
189.75,-0.0318432,-3.54712
189.8,-0.0318519,-3.54871
189.85,-0.0318822,-3.5503
189.9,-0.031876,-3.5519
189.95,-0.0318848,-3.55349
190.0,-0.0318721,-3.55509
190.05,-0.0318957,-3.55668
190.1,-0.0318924,-3.55827
190.15,-0.0319273,-3.55987
190.2,-0.0319291,-3.56147
190.25,-0.0319412,-3.56306
190.3,-0.0319256,-3.56466
190.35,-0.0319493,-3.56626
190.4,-0.0320033,-3.56786
190.45,-0.0319953,-3.56946
190.5,-0.031974,-3.57106
190.55,-0.0319789,-3.57266
190.6,-0.0319819,-3.57425
190.65,-0.0319951,-3.57585
190.7,-0.0320228,-3.57746
190.75,-0.0320305,-3.57906
190.8,-0.0320595,-3.58066
190.85,-0.0320659,-3.58226
190.9,-0.0320664,-3.58387
190.95,-0.0320561,-3.58547
191.0,-0.0320563,-3.58707
191.05,-0.0320614,-3.58868
191.1,-0.032092,-3.59028
191.15,-0.0320842,-3.59188
191.2,-0.032113,-3.59349
191.25,-0.0320999,-3.59509
191.3,-0.0321079,-3.5967
191.35,-0.0321096,-3.59831
191.4,-0.0321111,-3.59991
191.45,-0.0321223,-3.60152
191.5,-0.0321341,-3.60312
191.55,-0.0321317,-3.60473
191.6,-0.032153,-3.60634
191.65,-0.0321576,-3.60795
191.7,-0.0321807,-3.60956
191.75,-0.0322084,-3.61117
191.8,-0.0321973,-3.61278
191.85,-0.0322134,-3.61439
191.9,-0.0322046,-3.616
191.95,-0.0322272,-3.61761
192.0,-0.0322303,-3.61922
192.05,-0.0322356,-3.62083
192.1,-0.0322584,-3.62244
192.15,-0.0322595,-3.62406
192.2,-0.0322596,-3.62567
192.25,-0.0322779,-3.62728
192.3,-0.0322561,-3.6289
192.35,-0.0322711,-3.63051
192.4,-0.0322787,-3.63212
192.45,-0.0322804,-3.63374
192.5,-0.0323044,-3.63535
192.55,-0.0323005,-3.63697
192.6,-0.0323134,-3.63858
192.65,-0.0323328,-3.6402
192.7,-0.0323259,-3.64182
192.75,-0.0323598,-3.64344
192.8,-0.0323692,-3.64505
192.85,-0.0323845,-3.64667
192.9,-0.0323866,-3.64829
192.95,-0.0323849,-3.64991
193.0,-0.032384,-3.65153
193.05,-0.0323978,-3.65315
193.1,-0.03238,-3.65477
193.15,-0.0323868,-3.65639
193.2,-0.0324067,-3.65801
193.25,-0.0323979,-3.65963
193.3,-0.0323986,-3.66125
193.35,-0.0323895,-3.66287
193.4,-0.0323875,-3.66449
193.45,-0.0324004,-3.66611
193.5,-0.0324137,-3.66773
193.55,-0.0324232,-3.66935
193.6,-0.032447,-3.67097
193.65,-0.0324501,-3.67259
193.7,-0.0324597,-3.67422
193.75,-0.032471,-3.67584
193.8,-0.032496,-3.67747
193.85,-0.0324807,-3.67909
193.9,-0.0325023,-3.68072
193.95,-0.032487,-3.68234
194.0,-0.0324925,-3.68396
194.05,-0.032471,-3.68559
194.1,-0.0324795,-3.68721
194.15,-0.0324855,-3.68884
194.2,-0.0325002,-3.69046
194.25,-0.0324983,-3.69209
194.3,-0.0325166,-3.69371
194.35,-0.032532,-3.69534
194.4,-0.0325259,-3.69696
194.45,-0.0325407,-3.69859
194.5,-0.0325482,-3.70022
194.55,-0.0325802,-3.70185
194.6,-0.0325769,-3.70348
194.65,-0.0325943,-3.70511
194.7,-0.0325803,-3.70674
194.75,-0.0325925,-3.70837
194.8,-0.0325905,-3.70999
194.85,-0.0325912,-3.71162
194.9,-0.032595,-3.71325
194.95,-0.0326086,-3.71488
195.0,-0.0326035,-3.71651
195.05,-0.0326101,-3.71815
195.1,-0.0326088,-3.71978
195.15,-0.0326284,-3.72141
195.2,-0.0326352,-3.72304
195.25,-0.0326334,-3.72467
195.3,-0.0326568,-3.7263
195.35,-0.0326536,-3.72794
195.4,-0.0326687,-3.72957
195.45,-0.0326711,-3.7312
195.5,-0.0326917,-3.73284
195.55,-0.0326806,-3.73447
195.6,-0.0326782,-3.73611
195.65,-0.0326686,-3.73774
195.7,-0.0326655,-3.73937
195.75,-0.0326795,-3.74101
195.8,-0.0326994,-3.74264
195.85,-0.032712,-3.74428
195.9,-0.0327313,-3.74591
195.95,-0.0327378,-3.74755
196.0,-0.032736,-3.74919
196.05,-0.0327387,-3.75082
196.1,-0.0327299,-3.75246
196.15,-0.0327441,-3.7541
196.2,-0.0327371,-3.75573
196.25,-0.0327537,-3.75737
196.3,-0.0327701,-3.75901
196.35,-0.0327601,-3.76065
196.4,-0.0327738,-3.76229
196.45,-0.0327914,-3.76393
196.5,-0.0327885,-3.76557
196.55,-0.0327954,-3.76721
196.6,-0.0327981,-3.76885
196.65,-0.0328175,-3.77049
196.7,-0.0328186,-3.77213
196.75,-0.0328216,-3.77377
196.8,-0.0328333,-3.77541
196.85,-0.0328164,-3.77705
196.9,-0.0328356,-3.77869
196.95,-0.0328361,-3.78033
197.0,-0.0328428,-3.78198
197.05,-0.0328528,-3.78362
197.1,-0.0328694,-3.78526
197.15,-0.0328726,-3.78691
197.2,-0.0328809,-3.78855
197.25,-0.0328888,-3.7902
197.3,-0.0328964,-3.79184
197.35,-0.0328911,-3.79348
197.4,-0.0328904,-3.79513
197.45,-0.03292,-3.79678
197.5,-0.0329159,-3.79842
197.55,-0.0329379,-3.80007
197.6,-0.0329548,-3.80172
197.65,-0.0329592,-3.80336
197.7,-0.032952,-3.80501
197.75,-0.0329633,-3.80666
197.8,-0.0329761,-3.80831
197.85,-0.032976,-3.80996
197.9,-0.0329919,-3.81161
197.95,-0.032994,-3.81326
198.0,-0.0330131,-3.81491
198.05,-0.0330171,-3.81656
198.1,-0.0330124,-3.81821
198.15,-0.0330289,-3.81986
198.2,-0.0330521,-3.82151
198.25,-0.0330427,-3.82316
198.3,-0.0330385,-3.82482
198.35,-0.033033,-3.82647
198.4,-0.0330458,-3.82812
198.45,-0.0330503,-3.82977
198.5,-0.0330551,-3.83143
198.55,-0.0330756,-3.83308
198.6,-0.0330891,-3.83473
198.65,-0.0330747,-3.83639
198.7,-0.0330733,-3.83804
198.75,-0.0330918,-3.8397
198.8,-0.0330928,-3.84135
198.85,-0.0331017,-3.84301
198.9,-0.0331099,-3.84466
198.95,-0.0331022,-3.84632
199.0,-0.0331227,-3.84797
199.05,-0.0331309,-3.84963
199.1,-0.0331582,-3.85129
199.15,-0.0331928,-3.85295
199.2,-0.033188,-3.85461
199.25,-0.0331958,-3.85627
199.3,-0.0332021,-3.85793
199.35,-0.0331956,-3.85959
199.4,-0.0331855,-3.86124
199.45,-0.0331867,-3.8629
199.5,-0.033187,-3.86456
199.55,-0.0332041,-3.86622
199.6,-0.0332096,-3.86788
199.65,-0.0332195,-3.86955
199.7,-0.0332218,-3.87121
199.75,-0.033221,-3.87287
199.8,-0.0332285,-3.87453
199.85,-0.0332162,-3.87619
199.9,-0.0332327,-3.87785
199.95,-0.033241,-3.87951
200.0,-0.0332524,-3.88118
200.05,-0.0332562,-3.88284
200.1,-0.0332657,-3.8845
200.15,-0.0332861,-3.88617
200.2,-0.0333123,-3.88783
200.25,-0.0333007,-3.8895
200.3,-0.0333157,-3.89116
200.35,-0.033336,-3.89283
200.4,-0.0333287,-3.8945
200.45,-0.0333468,-3.89616
200.5,-0.0333541,-3.89783
200.55,-0.0333496,-3.8995
200.6,-0.0333544,-3.90117
200.65,-0.0333501,-3.90283
200.7,-0.0333693,-3.9045
200.75,-0.0333646,-3.90617
200.8,-0.0333816,-3.90784
200.85,-0.0333834,-3.90951
200.9,-0.0334063,-3.91118
200.95,-0.0334096,-3.91285
201.0,-0.0333996,-3.91452
201.05,-0.0334135,-3.91619
201.1,-0.0334168,-3.91786
201.15,-0.0334375,-3.91953
201.2,-0.033485,-3.92121
201.25,-0.0335401,-3.92288
201.3,-0.0335176,-3.92456
201.35,-0.0335434,-3.92624
201.4,-0.0335278,-3.92791
201.45,-0.0335314,-3.92959
201.5,-0.0335449,-3.93127
201.55,-0.0335303,-3.93294
201.6,-0.0335332,-3.93462
201.65,-0.0335472,-3.9363
201.7,-0.0335503,-3.93798
201.75,-0.0335503,-3.93965
201.8,-0.0335695,-3.94133
201.85,-0.0335852,-3.94301
201.9,-0.0335937,-3.94469
201.95,-0.0336023,-3.94637
202.0,-0.0336026,-3.94805
202.05,-0.0336019,-3.94973
202.1,-0.0336112,-3.95141
202.15,-0.0336239,-3.95309
202.2,-0.0336486,-3.95477
202.25,-0.0336596,-3.95646
202.3,-0.0336771,-3.95814
202.35,-0.0336606,-3.95982
202.4,-0.0336779,-3.96151
202.45,-0.0336801,-3.96319
202.5,-0.0336845,-3.96488
202.55,-0.0336955,-3.96656
202.6,-0.033706,-3.96825
202.65,-0.0337055,-3.96993
202.7,-0.0337172,-3.97162
202.75,-0.0337244,-3.9733
202.8,-0.03375,-3.97499
202.85,-0.0337649,-3.97668
202.9,-0.0337667,-3.97837
202.95,-0.0337818,-3.98006
203.0,-0.0337888,-3.98175
203.05,-0.0337976,-3.98344
203.1,-0.0338157,-3.98513
203.15,-0.0338067,-3.98682
203.2,-0.0338214,-3.98851
203.25,-0.0338274,-3.9902
203.3,-0.0338386,-3.99189
203.35,-0.0338491,-3.99358
203.4,-0.033864,-3.99528
203.45,-0.033877,-3.99697
203.5,-0.0338805,-3.99867
203.55,-0.0338826,-4.00036
203.6,-0.0338986,-4.00205
203.65,-0.0339027,-4.00375
203.7,-0.0339186,-4.00545
203.75,-0.0339288,-4.00714
203.8,-0.0339417,-4.00884
203.85,-0.0339565,-4.01054
203.9,-0.0339559,-4.01224
203.95,-0.0339746,-4.01393
204.0,-0.0339734,-4.01563
204.05,-0.0339948,-4.01733
204.1,-0.0339893,-4.01903
204.15,-0.0340113,-4.02073
204.2,-0.0340119,-4.02243
204.25,-0.0340436,-4.02414
204.3,-0.0340485,-4.02584
204.35,-0.034051,-4.02754
204.4,-0.0340674,-4.02924
204.45,-0.034085,-4.03095
204.5,-0.034088,-4.03265
204.55,-0.0340968,-4.03436
204.6,-0.0341045,-4.03606
204.65,-0.0340983,-4.03777
204.7,-0.0341117,-4.03947
204.75,-0.0341211,-4.04118
204.8,-0.0341314,-4.04289
204.85,-0.0341407,-4.04459
204.9,-0.0341505,-4.0463
204.95,-0.034161,-4.04801
205.0,-0.0341731,-4.04972
205.05,-0.0341715,-4.05142
205.1,-0.0341797,-4.05313
205.15,-0.0341749,-4.05484
205.2,-0.0341973,-4.05655
205.25,-0.0342101,-4.05826
205.3,-0.0342283,-4.05997
205.35,-0.0342593,-4.06169
205.4,-0.0342694,-4.0634
205.45,-0.0342624,-4.06511
205.5,-0.0342586,-4.06683
205.55,-0.0342549,-4.06854
205.6,-0.0342399,-4.07025
205.65,-0.0342624,-4.07196
205.7,-0.0342613,-4.07368
205.75,-0.0342614,-4.07539
205.8,-0.0342808,-4.07711
205.85,-0.0342876,-4.07882
205.9,-0.0342984,-4.08053
205.95,-0.0343074,-4.08225
206.0,-0.0343187,-4.08397
206.05,-0.0343242,-4.08568
206.1,-0.0343487,-4.0874
206.15,-0.0343558,-4.08912
206.2,-0.0343547,-4.09083
206.25,-0.0343629,-4.09255
206.3,-0.0343794,-4.09427
206.35,-0.0343648,-4.09599
206.4,-0.034371,-4.09771
206.45,-0.0343791,-4.09943
206.5,-0.034376,-4.10115
206.55,-0.0343742,-4.10287
206.6,-0.0344135,-4.10459
206.65,-0.034428,-4.10631
206.7,-0.0344364,-4.10803
206.75,-0.0344264,-4.10975
206.8,-0.0344373,-4.11147
206.85,-0.0344351,-4.11319
206.9,-0.0344434,-4.11492
206.95,-0.0344505,-4.11664
207.0,-0.0344649,-4.11836
207.05,-0.0344844,-4.12009
207.1,-0.0345012,-4.12181
207.15,-0.0345172,-4.12354
207.2,-0.0345353,-4.12526
207.25,-0.0345544,-4.12699
207.3,-0.0345593,-4.12872
207.35,-0.034553,-4.13045
207.4,-0.0345416,-4.13217
207.45,-0.034533,-4.1339
207.5,-0.0345431,-4.13563
207.55,-0.0345577,-4.13736
207.6,-0.0345684,-4.13908
207.65,-0.0345763,-4.14081
207.7,-0.0345678,-4.14254
207.75,-0.0345867,-4.14427
207.8,-0.0346046,-4.146
207.85,-0.0346104,-4.14773
207.9,-0.0346076,-4.14946
207.95,-0.0346027,-4.15119
208.0,-0.0346067,-4.15292
208.05,-0.0346163,-4.15465
208.1,-0.034614,-4.15638
208.15,-0.0346259,-4.15812
208.2,-0.0346391,-4.15985
208.25,-0.0346484,-4.16158
208.3,-0.0346453,-4.16331
208.35,-0.0346501,-4.16504
208.4,-0.0346469,-4.16678
208.45,-0.03464,-4.16851
208.5,-0.0346456,-4.17024
208.55,-0.034677,-4.17197
208.6,-0.0346673,-4.17371
208.65,-0.0346788,-4.17544
208.7,-0.0346797,-4.17718
208.75,-0.0346947,-4.17891
208.8,-0.0346974,-4.18065
208.85,-0.0346921,-4.18238
208.9,-0.0347009,-4.18412
208.95,-0.0347049,-4.18585
209.0,-0.0347247,-4.18759
209.05,-0.0347289,-4.18932
209.1,-0.0347353,-4.19106
209.15,-0.0347645,-4.1928
209.2,-0.0347825,-4.19454
209.25,-0.0347707,-4.19628
209.3,-0.0347816,-4.19802
209.35,-0.0347623,-4.19975
209.4,-0.0347699,-4.20149
209.45,-0.034765,-4.20323
209.5,-0.0347914,-4.20497
209.55,-0.0348114,-4.20671
209.6,-0.034826,-4.20845
209.65,-0.034828,-4.21019
209.7,-0.034837,-4.21193
209.75,-0.0348356,-4.21368
209.8,-0.0348374,-4.21542
209.85,-0.0348396,-4.21716
209.9,-0.034837,-4.2189
209.95,-0.0348653,-4.22065
210.0,-0.0348769,-4.22239
210.05,-0.0348785,-4.22413
210.1,-0.0348725,-4.22588
210.15,-0.034883,-4.22762
210.2,-0.0348922,-4.22937
210.25,-0.0348901,-4.23111
210.3,-0.0348963,-4.23285
210.35,-0.0349096,-4.2346
210.4,-0.0348966,-4.23635
210.45,-0.0349067,-4.23809
210.5,-0.0349168,-4.23984
210.55,-0.0349289,-4.24158
210.6,-0.0349383,-4.24333
210.65,-0.0349403,-4.24508
210.7,-0.0349549,-4.24682
210.75,-0.0349543,-4.24857
210.8,-0.0349583,-4.25032
210.85,-0.0349531,-4.25207
210.9,-0.0349671,-4.25382
210.95,-0.0349848,-4.25557
211.0,-0.0349942,-4.25732
211.05,-0.0350056,-4.25907
211.1,-0.0350113,-4.26082
211.15,-0.0350143,-4.26257
211.2,-0.0350369,-4.26432
211.25,-0.035042,-4.26607
211.3,-0.0350571,-4.26782
211.35,-0.035063,-4.26958
211.4,-0.0350751,-4.27133
211.45,-0.0350813,-4.27308
211.5,-0.0350964,-4.27484
211.55,-0.0350923,-4.27659
211.6,-0.035121,-4.27835
211.65,-0.0351279,-4.28011
211.7,-0.035146,-4.28186
211.75,-0.0351388,-4.28362
211.8,-0.0351571,-4.28538
211.85,-0.0351653,-4.28714
211.9,-0.0351704,-4.2889
211.95,-0.035176,-4.29065
212.0,-0.0351769,-4.29241
212.05,-0.0352153,-4.29417
212.1,-0.0352293,-4.29594
212.15,-0.0352434,-4.2977
212.2,-0.0352273,-4.29946
212.25,-0.0352386,-4.30122
212.3,-0.0352477,-4.30298
212.35,-0.0352553,-4.30475
212.4,-0.0352617,-4.30651
212.45,-0.0352954,-4.30827
212.5,-0.0353028,-4.31004
212.55,-0.0353178,-4.3118
212.6,-0.0352983,-4.31357
212.65,-0.0353247,-4.31534
212.7,-0.0353263,-4.3171
212.75,-0.0353338,-4.31887
212.8,-0.0353476,-4.32064
212.85,-0.0353615,-4.3224
212.9,-0.0353694,-4.32417
212.95,-0.035365,-4.32594
213.0,-0.0353561,-4.32771
213.05,-0.0353722,-4.32948
213.1,-0.0353766,-4.33125
213.15,-0.0353882,-4.33302
213.2,-0.0353985,-4.33479
213.25,-0.0353959,-4.33656
213.3,-0.0353869,-4.33832
213.35,-0.0353993,-4.34009
213.4,-0.0354092,-4.34187
213.45,-0.0354212,-4.34364
213.5,-0.0354455,-4.34541
213.55,-0.0354555,-4.34718
213.6,-0.0354744,-4.34895
213.65,-0.0354774,-4.35073
213.7,-0.035466,-4.3525
213.75,-0.0354599,-4.35428
213.8,-0.0354619,-4.35605
213.85,-0.0354615,-4.35782
213.9,-0.035492,-4.3596
213.95,-0.0355107,-4.36137
214.0,-0.0355227,-4.36315
214.05,-0.0355113,-4.36492
214.1,-0.0355367,-4.3667
214.15,-0.0355467,-4.36848
214.2,-0.0355476,-4.37025
214.25,-0.0355674,-4.37203
214.3,-0.0355499,-4.37381
214.35,-0.0355557,-4.37559
214.4,-0.0355545,-4.37737
214.45,-0.0355568,-4.37914
214.5,-0.035577,-4.38092
214.55,-0.0355887,-4.3827
214.6,-0.03559,-4.38448
214.65,-0.035606,-4.38626
214.7,-0.0356074,-4.38804
214.75,-0.0356131,-4.38982
214.8,-0.0356208,-4.3916
214.85,-0.0356252,-4.39338
214.9,-0.0356415,-4.39517
214.95,-0.0356504,-4.39695
215.0,-0.0356586,-4.39873
215.05,-0.0356686,-4.40052
215.1,-0.0356675,-4.4023
215.15,-0.0356771,-4.40408
215.2,-0.0356845,-4.40587
215.25,-0.0356976,-4.40765
215.3,-0.0357079,-4.40944
215.35,-0.0357118,-4.41122
215.4,-0.0357256,-4.41301
215.45,-0.0357317,-4.4148
215.5,-0.0357542,-4.41658
215.55,-0.0357709,-4.41837
215.6,-0.0357552,-4.42016
215.65,-0.0357576,-4.42195
215.7,-0.0357672,-4.42374
215.75,-0.0357903,-4.42553
215.8,-0.0358004,-4.42732
215.85,-0.0358107,-4.42911
215.9,-0.0358299,-4.4309
215.95,-0.0358236,-4.43269
216.0,-0.0358251,-4.43448
216.05,-0.0358378,-4.43627
216.1,-0.0358447,-4.43806
216.15,-0.0358587,-4.43986
216.2,-0.0358741,-4.44165
216.25,-0.0358839,-4.44345
216.3,-0.0358784,-4.44524
216.35,-0.0358839,-4.44703
216.4,-0.0358781,-4.44883
216.45,-0.0358793,-4.45062
216.5,-0.0358723,-4.45241
216.55,-0.0358815,-4.45421
216.6,-0.0358981,-4.456
216.65,-0.0359192,-4.4578
216.7,-0.0359315,-4.4596
216.75,-0.0359614,-4.46139
216.8,-0.0359801,-4.46319
216.85,-0.035972,-4.46499
216.9,-0.0359747,-4.46679
216.95,-0.0359491,-4.46859
217.0,-0.0359602,-4.47039
217.05,-0.0359564,-4.47218
217.1,-0.0359597,-4.47398
217.15,-0.0359783,-4.47578
217.2,-0.0359803,-4.47758
217.25,-0.0359784,-4.47938
217.3,-0.035983,-4.48118
217.35,-0.0359872,-4.48298
217.4,-0.0359959,-4.48478
217.45,-0.036007,-4.48658
217.5,-0.0359974,-4.48838
217.55,-0.036003,-4.49018
217.6,-0.0360192,-4.49198
217.65,-0.0360257,-4.49378
217.7,-0.0360525,-4.49558
217.75,-0.0360505,-4.49739
217.8,-0.0360684,-4.49919
217.85,-0.0360428,-4.50099
217.9,-0.0360319,-4.50279
217.95,-0.0360258,-4.50459
218.0,-0.0360349,-4.5064
218.05,-0.0360451,-4.5082
218.1,-0.0360726,-4.51
218.15,-0.0360838,-4.51181
218.2,-0.0360804,-4.51361
218.25,-0.0360748,-4.51541
218.3,-0.036105,-4.51722
218.35,-0.0361023,-4.51902
218.4,-0.0361231,-4.52083
218.45,-0.0361296,-4.52264
218.5,-0.036143,-4.52444
218.55,-0.0361315,-4.52625
218.6,-0.0361095,-4.52806
218.65,-0.0361106,-4.52986
218.7,-0.0361169,-4.53167
218.75,-0.0361339,-4.53347
218.8,-0.0361479,-4.53528
218.85,-0.036157,-4.53709
218.9,-0.0361409,-4.5389
218.95,-0.0361439,-4.5407
219.0,-0.0361415,-4.54251
219.05,-0.0361481,-4.54432
219.1,-0.0361675,-4.54613
219.15,-0.0361951,-4.54794
219.2,-0.0361837,-4.54974
219.25,-0.0361953,-4.55155
219.3,-0.0361785,-4.55336
219.35,-0.0361842,-4.55517
219.4,-0.0361977,-4.55698
219.45,-0.0362248,-4.55879
219.5,-0.0362331,-4.56061
219.55,-0.0362351,-4.56242
219.6,-0.0362233,-4.56423
219.65,-0.0362468,-4.56604
219.7,-0.0362564,-4.56785
219.75,-0.0362427,-4.56967
219.8,-0.0362398,-4.57148
219.85,-0.0362589,-4.57329
219.9,-0.036274,-4.5751
219.95,-0.0362762,-4.57692
220.0,-0.0362924,-4.57873
220.05,-0.0363063,-4.58055
220.1,-0.0363275,-4.58236
220.15,-0.0363283,-4.58418
220.2,-0.0363389,-4.586
220.25,-0.0363432,-4.58781
220.3,-0.0363661,-4.58963
220.35,-0.0363793,-4.59145
220.4,-0.0363993,-4.59327
220.45,-0.0364183,-4.59509
220.5,-0.0364558,-4.59692
220.55,-0.0364558,-4.59874
220.6,-0.0364679,-4.60056
220.65,-0.0364713,-4.60239
220.7,-0.0364814,-4.60421
220.75,-0.0364856,-4.60603
220.8,-0.0365065,-4.60786
220.85,-0.0365169,-4.60968
220.9,-0.036569,-4.61151
220.95,-0.0365559,-4.61334
221.0,-0.0365686,-4.61517
221.05,-0.0365523,-4.617
221.1,-0.0365637,-4.61883
221.15,-0.0365727,-4.62065
221.2,-0.0365897,-4.62248
221.25,-0.036613,-4.62431
221.3,-0.0366054,-4.62614
221.35,-0.0366042,-4.62797
221.4,-0.0366206,-4.62981
221.45,-0.0366327,-4.63164
221.5,-0.0366564,-4.63347
221.55,-0.0366821,-4.6353
221.6,-0.0366899,-4.63714
221.65,-0.0366991,-4.63897
221.7,-0.0366714,-4.64081
221.75,-0.0366738,-4.64264
221.8,-0.0366917,-4.64448
221.85,-0.0367113,-4.64631
221.9,-0.0367227,-4.64815
221.95,-0.0367502,-4.64998
222.0,-0.0367554,-4.65182
222.05,-0.0367669,-4.65366
222.1,-0.0367555,-4.6555
222.15,-0.0367951,-4.65734
222.2,-0.0368028,-4.65918
222.25,-0.036806,-4.66102
222.3,-0.0368131,-4.66286
222.35,-0.0368163,-4.6647
222.4,-0.0368405,-4.66654
222.45,-0.0368576,-4.66839
222.5,-0.0368752,-4.67023
222.55,-0.0368929,-4.67207
222.6,-0.0369131,-4.67392
222.65,-0.0369105,-4.67577
222.7,-0.0369399,-4.67761
222.75,-0.0369588,-4.67946
222.8,-0.0369587,-4.68131
222.85,-0.0370185,-4.68316
222.9,-0.0370585,-4.68501
222.95,-0.0370309,-4.68686
223.0,-0.0370345,-4.68871
223.05,-0.0370074,-4.69057
223.1,-0.0370229,-4.69242
223.15,-0.0370254,-4.69427
223.2,-0.037027,-4.69612
223.25,-0.0370345,-4.69797
223.3,-0.037025,-4.69982
223.35,-0.0370266,-4.70167
223.4,-0.0370307,-4.70353
223.45,-0.0370458,-4.70538
223.5,-0.037073,-4.70723
223.55,-0.0370734,-4.70908
223.6,-0.0370865,-4.71094
223.65,-0.0371103,-4.71279
223.7,-0.0370969,-4.71465
223.75,-0.0371144,-4.71651
223.8,-0.0371204,-4.71836
223.85,-0.0371178,-4.72022
223.9,-0.0371379,-4.72207
223.95,-0.0371573,-4.72393
224.0,-0.037172,-4.72579
224.05,-0.0372124,-4.72765
224.1,-0.0372105,-4.72951
224.15,-0.0372426,-4.73137
224.2,-0.0372462,-4.73324
224.25,-0.0372394,-4.7351
224.3,-0.0372352,-4.73696
224.35,-0.0372454,-4.73882
224.4,-0.0372512,-4.74068
224.45,-0.0372773,-4.74255
224.5,-0.037304,-4.74441
224.55,-0.037344,-4.74628
224.6,-0.0373582,-4.74815
224.65,-0.0373375,-4.75002
224.7,-0.0373321,-4.75188
224.75,-0.0373293,-4.75375
224.8,-0.0373299,-4.75562
224.85,-0.0373187,-4.75748
224.9,-0.0373351,-4.75935
224.95,-0.0373518,-4.76122
225.0,-0.0373733,-4.76308
225.05,-0.037379,-4.76495
225.1,-0.0374003,-4.76682
225.15,-0.0374058,-4.76869
225.2,-0.0374285,-4.77056
225.25,-0.0374527,-4.77244
225.3,-0.0374443,-4.77431
225.35,-0.0374521,-4.77618
225.4,-0.0374476,-4.77805
225.45,-0.0374285,-4.77993
225.5,-0.037441,-4.7818
225.55,-0.0374466,-4.78367
225.6,-0.0374872,-4.78554
225.65,-0.037514,-4.78742
225.7,-0.0375089,-4.7893
225.75,-0.0375271,-4.79117
225.8,-0.0375155,-4.79305
225.85,-0.0375135,-4.79492
225.9,-0.0375247,-4.7968
225.95,-0.0375343,-4.79868
226.0,-0.0375502,-4.80055
226.05,-0.0375598,-4.80243
226.1,-0.0375762,-4.80431
226.15,-0.0375966,-4.80619
226.2,-0.0376112,-4.80807
226.25,-0.0376323,-4.80995
226.3,-0.0376482,-4.81184
226.35,-0.037654,-4.81372
226.4,-0.0376689,-4.8156
226.45,-0.037639,-4.81748
226.5,-0.0376448,-4.81937
226.55,-0.037659,-4.82125
226.6,-0.0376681,-4.82313
226.65,-0.037685,-4.82502
226.7,-0.0376997,-4.8269
226.75,-0.0376759,-4.82878
226.8,-0.0377091,-4.83067
226.85,-0.0377212,-4.83256
226.9,-0.0377384,-4.83444
226.95,-0.0377487,-4.83633
227.0,-0.0377421,-4.83822
227.05,-0.037752,-4.84011
227.1,-0.0377507,-4.84199
227.15,-0.037759,-4.84388
227.2,-0.0377683,-4.84577
227.25,-0.0377739,-4.84766
227.3,-0.0377975,-4.84955
227.35,-0.0378141,-4.85144
227.4,-0.0378149,-4.85333
227.45,-0.0378253,-4.85522
227.5,-0.0378436,-4.85711
227.55,-0.0378558,-4.85901
227.6,-0.037857,-4.8609
227.65,-0.0378608,-4.86279
227.7,-0.0378769,-4.86469
227.75,-0.0379028,-4.86658
227.8,-0.0379199,-4.86848
227.85,-0.0379187,-4.87037
227.9,-0.0379378,-4.87227
227.95,-0.0379353,-4.87417
228.0,-0.0379457,-4.87606
228.05,-0.0379752,-4.87796
228.1,-0.0379836,-4.87986
228.15,-0.0379899,-4.88176
228.2,-0.0379805,-4.88366
228.25,-0.0379992,-4.88556
228.3,-0.0379866,-4.88746
228.35,-0.0379985,-4.88936
228.4,-0.0380159,-4.89126
228.45,-0.0380394,-4.89316
228.5,-0.0380372,-4.89506
228.55,-0.038069,-4.89697
228.6,-0.0380658,-4.89887
228.65,-0.0380694,-4.90077
228.7,-0.0380623,-4.90268
228.75,-0.0380485,-4.90458
228.8,-0.0380437,-4.90648
228.85,-0.0380507,-4.90838
228.9,-0.0380563,-4.91029
228.95,-0.0380738,-4.91219
229.0,-0.0381131,-4.9141
229.05,-0.0381418,-4.916
229.1,-0.0381645,-4.91791
229.15,-0.0381588,-4.91982
229.2,-0.038188,-4.92173
229.25,-0.0381547,-4.92364
229.3,-0.0381385,-4.92554
229.35,-0.0381553,-4.92745
229.4,-0.0381399,-4.92936
229.45,-0.0381603,-4.93127
229.5,-0.0381629,-4.93317
229.55,-0.0381604,-4.93508
229.6,-0.0381837,-4.93699
229.65,-0.0381808,-4.9389
229.7,-0.0381795,-4.94081
229.75,-0.03818,-4.94272
229.8,-0.0381803,-4.94463
229.85,-0.0381809,-4.94654
229.9,-0.0382115,-4.94845
229.95,-0.0382287,-4.95036
230.0,-0.038275,-4.95227
230.05,-0.0382899,-4.95419
230.1,-0.0382873,-4.9561
230.15,-0.0382834,-4.95802
230.2,-0.0382675,-4.95993
230.25,-0.0382741,-4.96184
230.3,-0.0382679,-4.96376
230.35,-0.0382679,-4.96567
230.4,-0.0383093,-4.96759
230.45,-0.0383148,-4.9695
230.5,-0.0383485,-4.97142
230.55,-0.038373,-4.97334
230.6,-0.0383684,-4.97526
230.65,-0.0383864,-4.97717
230.7,-0.0383659,-4.97909
230.75,-0.0383595,-4.98101
230.8,-0.0383621,-4.98293
230.85,-0.0383588,-4.98485
230.9,-0.0383762,-4.98677
230.95,-0.03841,-4.98869
231.0,-0.0384138,-4.99061
231.05,-0.03844,-4.99253
231.1,-0.0384433,-4.99445
231.15,-0.0384694,-4.99637
231.2,-0.0384608,-4.9983
231.25,-0.0384508,-5.00022
231.3,-0.0384737,-5.00214
231.35,-0.038504,-5.00407
231.4,-0.0384889,-5.00599
231.45,-0.038504,-5.00792
231.5,-0.0384829,-5.00984
231.55,-0.0385064,-5.01177
231.6,-0.038523,-5.01369
231.65,-0.0385192,-5.01562
231.7,-0.0385548,-5.01755
231.75,-0.038553,-5.01948
231.8,-0.0385541,-5.0214
231.85,-0.0385483,-5.02333
231.9,-0.0385314,-5.02526
231.95,-0.0385491,-5.02718
232.0,-0.0385745,-5.02911
232.05,-0.0385678,-5.03104
232.1,-0.0385922,-5.03297
232.15,-0.0386057,-5.0349
232.2,-0.0386105,-5.03683
232.25,-0.0386222,-5.03876
232.3,-0.0386244,-5.04069
232.35,-0.0386495,-5.04263
232.4,-0.0386538,-5.04456
232.45,-0.0386284,-5.04649
232.5,-0.0386264,-5.04842
232.55,-0.0386234,-5.05035
232.6,-0.0386319,-5.05229
232.65,-0.03865,-5.05422
232.7,-0.0386724,-5.05615
232.75,-0.038692,-5.05809
232.8,-0.0386948,-5.06002
232.85,-0.0387135,-5.06196
232.9,-0.0387448,-5.06389
232.95,-0.0387517,-5.06583
233.0,-0.0387681,-5.06777
233.05,-0.0387536,-5.06971
233.1,-0.0387385,-5.07164
233.15,-0.0387621,-5.07358
233.2,-0.0387608,-5.07552
233.25,-0.0387825,-5.07746
233.3,-0.0388194,-5.0794
233.35,-0.0388331,-5.08134
233.4,-0.0388657,-5.08329
233.45,-0.0388385,-5.08523
233.5,-0.0388359,-5.08717
233.55,-0.0388505,-5.08911
233.6,-0.0388669,-5.09105
233.65,-0.0388826,-5.093
233.7,-0.0388889,-5.09494
233.75,-0.0388936,-5.09689
233.8,-0.0388979,-5.09883
233.85,-0.0388997,-5.10078
233.9,-0.0389177,-5.10272
233.95,-0.0389392,-5.10467
234.0,-0.038935,-5.10662
234.05,-0.0389483,-5.10857
234.1,-0.038961,-5.11051
234.15,-0.0389663,-5.11246
234.2,-0.0389927,-5.11441
234.25,-0.0390203,-5.11636
234.3,-0.0390276,-5.11831
234.35,-0.0390333,-5.12027
234.4,-0.0390166,-5.12222
234.45,-0.0390276,-5.12417
234.5,-0.0390546,-5.12612
234.55,-0.0390542,-5.12807
234.6,-0.0390585,-5.13003
234.65,-0.0390548,-5.13198
234.7,-0.0390582,-5.13393
234.75,-0.0390708,-5.13589
234.8,-0.0390952,-5.13784
234.85,-0.0391119,-5.1398
234.9,-0.0391202,-5.14175
234.95,-0.0391266,-5.14371
235.0,-0.0391148,-5.14566
235.05,-0.0391269,-5.14762
235.1,-0.0391255,-5.14958
235.15,-0.039134,-5.15153
235.2,-0.0391337,-5.15349
235.25,-0.0391522,-5.15545
235.3,-0.0391523,-5.1574
235.35,-0.0391643,-5.15936
235.4,-0.039166,-5.16132
235.45,-0.0391838,-5.16328
235.5,-0.039182,-5.16524
235.55,-0.0392088,-5.1672
235.6,-0.0392069,-5.16916
235.65,-0.0392066,-5.17112
235.7,-0.0392477,-5.17308
235.75,-0.0392962,-5.17505
235.8,-0.0392732,-5.17701
235.85,-0.0392591,-5.17897
235.9,-0.0392732,-5.18094
235.95,-0.039287,-5.1829
236.0,-0.039295,-5.18487
236.05,-0.0393133,-5.18683
236.1,-0.039344,-5.1888
236.15,-0.0393307,-5.19077
236.2,-0.0393509,-5.19273
236.25,-0.0393059,-5.1947
236.3,-0.0393005,-5.19666
236.35,-0.0393065,-5.19863
236.4,-0.0393098,-5.2006
236.45,-0.0393288,-5.20256
236.5,-0.0393423,-5.20453
236.55,-0.0393422,-5.2065
236.6,-0.0393587,-5.20846
236.65,-0.0393599,-5.21043
236.7,-0.0393877,-5.2124
236.75,-0.0393884,-5.21437
236.8,-0.0394032,-5.21634
236.85,-0.0394131,-5.21831
236.9,-0.0393882,-5.22028
236.95,-0.039402,-5.22225
237.0,-0.0394065,-5.22422
237.05,-0.0394107,-5.22619
237.1,-0.0394054,-5.22816
237.15,-0.0394124,-5.23013
237.2,-0.0394082,-5.2321
237.25,-0.0394178,-5.23407
237.3,-0.0394166,-5.23604
237.35,-0.0394334,-5.23802
237.4,-0.0394465,-5.23999
237.45,-0.0394584,-5.24196
237.5,-0.0394687,-5.24394
237.55,-0.0394799,-5.24591
237.6,-0.0394792,-5.24788
237.65,-0.0395097,-5.24986
237.7,-0.0395044,-5.25183
237.75,-0.0394913,-5.25381
237.8,-0.0394955,-5.25578
237.85,-0.0395009,-5.25776
237.9,-0.0395099,-5.25973
237.95,-0.0395139,-5.26171
238.0,-0.0395284,-5.26369
238.05,-0.0395555,-5.26566
238.1,-0.0395668,-5.26764
238.15,-0.0395774,-5.26962
238.2,-0.0395963,-5.2716
238.25,-0.0395688,-5.27358
238.3,-0.0395883,-5.27556
238.35,-0.0395845,-5.27754
238.4,-0.0395904,-5.27952
238.45,-0.0396092,-5.2815
238.5,-0.0396071,-5.28348
238.55,-0.0396338,-5.28546
238.6,-0.0396569,-5.28744
238.65,-0.0396438,-5.28942
238.7,-0.0396563,-5.29141
238.75,-0.0396582,-5.29339
238.8,-0.0396547,-5.29537
238.85,-0.0396582,-5.29736
238.9,-0.0396696,-5.29934
238.95,-0.0396921,-5.30132
239.0,-0.039705,-5.30331
239.05,-0.0397421,-5.3053
239.1,-0.0397442,-5.30728
239.15,-0.0397445,-5.30927
239.2,-0.039737,-5.31126
239.25,-0.0397343,-5.31324
239.3,-0.0397368,-5.31523
239.35,-0.0397416,-5.31722
239.4,-0.0397571,-5.31921
239.45,-0.039766,-5.32119
239.5,-0.0398046,-5.32318
239.55,-0.0398047,-5.32518
239.6,-0.0398024,-5.32717
239.65,-0.0398031,-5.32916
239.7,-0.0397879,-5.33114
239.75,-0.0397983,-5.33313
239.8,-0.0397915,-5.33512
239.85,-0.0398013,-5.33711
239.9,-0.0398407,-5.33911
239.95,-0.0398641,-5.3411
240.0,-0.0398619,-5.34309
240.05,-0.0398798,-5.34509
240.1,-0.0398816,-5.34708
240.15,-0.0399179,-5.34908
240.2,-0.0399164,-5.35107
240.25,-0.0398745,-5.35307
240.3,-0.0399023,-5.35506
240.35,-0.0399128,-5.35706
240.4,-0.0399055,-5.35905
240.45,-0.0399524,-5.36105
240.5,-0.0399843,-5.36305
240.55,-0.0400182,-5.36505
240.6,-0.0400359,-5.36705
240.65,-0.0400102,-5.36905
240.7,-0.0399969,-5.37105
240.75,-0.0399908,-5.37305
240.8,-0.0399977,-5.37505
240.85,-0.0400113,-5.37705
240.9,-0.0400045,-5.37905
240.95,-0.0400283,-5.38105
241.0,-0.0400284,-5.38306
241.05,-0.0400486,-5.38506
241.1,-0.0400668,-5.38706
241.15,-0.0400594,-5.38906
241.2,-0.040083,-5.39107
241.25,-0.0400952,-5.39307
241.3,-0.0400725,-5.39508
241.35,-0.0400724,-5.39708
241.4,-0.0400727,-5.39908
241.45,-0.0400862,-5.40109
241.5,-0.0401276,-5.40309
241.55,-0.0401276,-5.4051
241.6,-0.0401381,-5.40711
241.65,-0.0401267,-5.40911
241.7,-0.0401295,-5.41112
241.75,-0.0401288,-5.41313
241.8,-0.0401388,-5.41513
241.85,-0.04015,-5.41714
241.9,-0.0401668,-5.41915
241.95,-0.0401667,-5.42116
242.0,-0.0401826,-5.42317
242.05,-0.0401825,-5.42518
242.1,-0.0401889,-5.42719
242.15,-0.0402025,-5.4292
242.2,-0.0402052,-5.43121
242.25,-0.0402036,-5.43322
242.3,-0.0401851,-5.43523
242.35,-0.0401878,-5.43723
242.4,-0.0402176,-5.43925
242.45,-0.0402292,-5.44126
242.5,-0.0402424,-5.44327
242.55,-0.0402382,-5.44528
242.6,-0.0402369,-5.44729
242.65,-0.0402461,-5.44931
242.7,-0.0402509,-5.45132
242.75,-0.0402675,-5.45333
242.8,-0.0402916,-5.45535
242.85,-0.0402925,-5.45736
242.9,-0.0403115,-5.45938
242.95,-0.040308,-5.46139
243.0,-0.0403138,-5.46341
243.05,-0.0403237,-5.46542
243.1,-0.0403254,-5.46744
243.15,-0.0403508,-5.46946
243.2,-0.0403512,-5.47147
243.25,-0.0403586,-5.47349
243.3,-0.0403599,-5.47551
243.35,-0.040365,-5.47753
243.4,-0.0403762,-5.47955
243.45,-0.0403899,-5.48157
243.5,-0.040416,-5.48359
243.55,-0.0404331,-5.48561
243.6,-0.0404475,-5.48763
243.65,-0.0404474,-5.48965
243.7,-0.0404218,-5.49168
243.75,-0.040434,-5.4937
243.8,-0.04043,-5.49572
243.85,-0.0404259,-5.49774
243.9,-0.0404466,-5.49976
243.95,-0.0404544,-5.50179
244.0,-0.0404681,-5.50381
244.05,-0.0404653,-5.50583
244.1,-0.0404757,-5.50786
244.15,-0.0404873,-5.50988
244.2,-0.0404943,-5.5119
244.25,-0.0405019,-5.51393
244.3,-0.0404977,-5.51595
244.35,-0.0405099,-5.51798
244.4,-0.0405212,-5.52001
244.45,-0.0405207,-5.52203
244.5,-0.0405269,-5.52406
244.55,-0.0405443,-5.52609
244.6,-0.040556,-5.52811
244.65,-0.0405666,-5.53014
244.7,-0.0405758,-5.53217
244.75,-0.0405647,-5.5342
244.8,-0.0405688,-5.53623
244.85,-0.040573,-5.53826
244.9,-0.0405874,-5.54029
244.95,-0.0405894,-5.54232
245.0,-0.0405911,-5.54434
245.05,-0.0406072,-5.54637
245.1,-0.0405995,-5.5484
245.15,-0.0406131,-5.55044
245.2,-0.040615,-5.55247
245.25,-0.0406322,-5.5545
245.3,-0.0406385,-5.55653
245.35,-0.0406429,-5.55856
245.4,-0.0406581,-5.5606
245.45,-0.0406544,-5.56263
245.5,-0.0406719,-5.56466
245.55,-0.0406813,-5.5667
245.6,-0.0406875,-5.56873
245.65,-0.04068,-5.57076
245.7,-0.0406827,-5.5728
245.75,-0.0406677,-5.57483
245.8,-0.0406782,-5.57687
245.85,-0.0406765,-5.5789
245.9,-0.0406862,-5.58093
245.95,-0.0406942,-5.58297
246.0,-0.0407151,-5.585
246.05,-0.0407185,-5.58704
246.1,-0.0407211,-5.58908
246.15,-0.0407332,-5.59111
246.2,-0.0407412,-5.59315
246.25,-0.0407378,-5.59519
246.3,-0.0407431,-5.59722
246.35,-0.0407445,-5.59926
246.4,-0.0407594,-5.6013
246.45,-0.0407723,-5.60334
246.5,-0.0407855,-5.60538
246.55,-0.040794,-5.60742
246.6,-0.0407949,-5.60946
246.65,-0.0408055,-5.6115
246.7,-0.0407923,-5.61354
246.75,-0.0407882,-5.61558
246.8,-0.0408053,-5.61762
246.85,-0.0408188,-5.61966
246.9,-0.0408358,-5.6217
246.95,-0.0408456,-5.62374
247.0,-0.0408605,-5.62578
247.05,-0.0408602,-5.62783
247.1,-0.0408581,-5.62987
247.15,-0.0408546,-5.63191
247.2,-0.0408642,-5.63396
247.25,-0.0408658,-5.636
247.3,-0.0408713,-5.63804
247.35,-0.0408781,-5.64009
247.4,-0.0408815,-5.64213
247.45,-0.0408943,-5.64418
247.5,-0.0409053,-5.64622
247.55,-0.0409354,-5.64827
247.6,-0.0409362,-5.65031
247.65,-0.0409531,-5.65236
247.7,-0.0409692,-5.65441
247.75,-0.0409534,-5.65646
247.8,-0.040955,-5.65851
247.85,-0.040952,-5.66055
247.9,-0.0409504,-5.6626
247.95,-0.0409546,-5.66465
248.0,-0.0409713,-5.6667
248.05,-0.0409809,-5.66875
248.1,-0.0409944,-5.6708
248.15,-0.0410108,-5.67285
248.2,-0.0410157,-5.6749
248.25,-0.041012,-5.67695
248.3,-0.0410028,-5.679
248.35,-0.0410285,-5.68105
248.4,-0.0410461,-5.6831
248.45,-0.041052,-5.68515
248.5,-0.0410856,-5.68721
248.55,-0.0410815,-5.68926
248.6,-0.0410501,-5.69131
248.65,-0.0410512,-5.69337
248.7,-0.0410612,-5.69542
248.75,-0.0410595,-5.69747
248.8,-0.0410775,-5.69953
248.85,-0.0410859,-5.70158
248.9,-0.0410925,-5.70364
248.95,-0.0411212,-5.70569
249.0,-0.0411472,-5.70775
249.05,-0.0411628,-5.70981
249.1,-0.0411724,-5.71187
249.15,-0.0411935,-5.71393
249.2,-0.0411778,-5.71598
249.25,-0.0411856,-5.71804
249.3,-0.0411744,-5.7201
249.35,-0.041189,-5.72216
249.4,-0.0412055,-5.72422
249.45,-0.041219,-5.72628
249.5,-0.0412236,-5.72834
249.55,-0.0412457,-5.73041
249.6,-0.0412531,-5.73247
249.65,-0.0412631,-5.73453
249.7,-0.0412768,-5.7366
249.75,-0.0412866,-5.73866
249.8,-0.0412939,-5.74073
249.85,-0.0412957,-5.74279
249.9,-0.0413184,-5.74486
249.95,-0.0413387,-5.74692
250.0,-0.041354,-5.74899
250.05,-0.0413605,-5.75106
250.1,-0.041363,-5.75313
250.15,-0.041369,-5.7552
250.2,-0.0413804,-5.75726
250.25,-0.0413976,-5.75933
250.3,-0.0413938,-5.7614
250.35,-0.0414147,-5.76347
250.4,-0.0414227,-5.76555
250.45,-0.0414239,-5.76762
250.5,-0.041424,-5.76969
250.55,-0.0414431,-5.77176
250.6,-0.0414477,-5.77383
250.65,-0.041452,-5.77591
250.7,-0.0414736,-5.77798
250.75,-0.0414755,-5.78005
250.8,-0.0414892,-5.78213
250.85,-0.0415028,-5.7842
250.9,-0.0415173,-5.78628
250.95,-0.0415325,-5.78836
251.0,-0.0415616,-5.79043
251.05,-0.0415691,-5.79251
251.1,-0.0415723,-5.79459
251.15,-0.0415765,-5.79667
251.2,-0.0415929,-5.79875
251.25,-0.0416077,-5.80083
251.3,-0.0416367,-5.80291
251.35,-0.0416349,-5.80499
251.4,-0.041634,-5.80707
251.45,-0.0416549,-5.80916
251.5,-0.0416635,-5.81124
251.55,-0.0416721,-5.81332
251.6,-0.0417011,-5.81541
251.65,-0.0417039,-5.81749
251.7,-0.0417016,-5.81958
251.75,-0.0417253,-5.82167
251.8,-0.0417357,-5.82375
251.85,-0.0417443,-5.82584
251.9,-0.0417553,-5.82793
251.95,-0.0417565,-5.83002
252.0,-0.0417719,-5.8321
252.05,-0.0417737,-5.83419
252.1,-0.0417705,-5.83628
252.15,-0.0417885,-5.83837
252.2,-0.041813,-5.84046
252.25,-0.0418062,-5.84255
252.3,-0.0418225,-5.84464
252.35,-0.0418442,-5.84673
252.4,-0.0418439,-5.84883
252.45,-0.041864,-5.85092
252.5,-0.0418629,-5.85301
252.55,-0.0418675,-5.85511
252.6,-0.0418921,-5.8572
252.65,-0.0418944,-5.8593
252.7,-0.0418971,-5.86139
252.75,-0.0419171,-5.86349
252.8,-0.0419169,-5.86558
252.85,-0.0419363,-5.86768
252.9,-0.041946,-5.86978
252.95,-0.0419531,-5.87187
253.0,-0.041979,-5.87397
253.05,-0.042003,-5.87607
253.1,-0.0420109,-5.87817
253.15,-0.0420337,-5.88028
253.2,-0.0420485,-5.88238
253.25,-0.0420648,-5.88448
253.3,-0.0420757,-5.88659
253.35,-0.0420915,-5.88869
253.4,-0.0421063,-5.89079
253.45,-0.0421093,-5.8929
253.5,-0.0421262,-5.89501
253.55,-0.0421348,-5.89711
253.6,-0.0421452,-5.89922
253.65,-0.0421645,-5.90133
253.7,-0.0421598,-5.90344
253.75,-0.0421752,-5.90555
253.8,-0.0421872,-5.90766
253.85,-0.0422019,-5.90977
253.9,-0.0421977,-5.91187
253.95,-0.042216,-5.91399
254.0,-0.0422187,-5.9161
254.05,-0.0422279,-5.91821
254.1,-0.0422559,-5.92032
254.15,-0.0422622,-5.92243
254.2,-0.042269,-5.92455
254.25,-0.0422668,-5.92666
254.3,-0.0422754,-5.92877
254.35,-0.0422809,-5.93089
254.4,-0.0422986,-5.933
254.45,-0.0423054,-5.93512
254.5,-0.0423278,-5.93724
254.55,-0.0423396,-5.93935
254.6,-0.0423361,-5.94147
254.65,-0.0423177,-5.94358
254.7,-0.0423217,-5.9457
254.75,-0.0423353,-5.94782
254.8,-0.0423495,-5.94994
254.85,-0.0423574,-5.95205
254.9,-0.0423808,-5.95417
254.95,-0.0423852,-5.95629
255.0,-0.0424125,-5.95841
255.05,-0.0424224,-5.96053
255.1,-0.0424426,-5.96266
255.15,-0.0424446,-5.96478
255.2,-0.0424426,-5.9669
255.25,-0.0424484,-5.96902
255.3,-0.0424482,-5.97114
255.35,-0.0424514,-5.97327
255.4,-0.0424804,-5.97539
255.45,-0.0424873,-5.97752
255.5,-0.0425081,-5.97964
255.55,-0.042541,-5.98177
255.6,-0.0425333,-5.98389
255.65,-0.0425622,-5.98602
255.7,-0.0425692,-5.98815
255.75,-0.0425566,-5.99028
255.8,-0.0425578,-5.99241
255.85,-0.0425651,-5.99453
255.9,-0.0425751,-5.99666
255.95,-0.0425796,-5.99879
256.0,-0.0425931,-6.00092
256.05,-0.0426149,-6.00305
256.1,-0.0426206,-6.00518
256.15,-0.0426248,-6.00732
256.2,-0.0426075,-6.00945
256.25,-0.0426192,-6.01158
256.3,-0.042607,-6.01371
256.35,-0.0426185,-6.01584
256.4,-0.0426371,-6.01797
256.45,-0.0426587,-6.0201
256.5,-0.0426675,-6.02224
256.55,-0.0427042,-6.02437
256.6,-0.0426904,-6.02651
256.65,-0.0426961,-6.02864
256.7,-0.0427102,-6.03078
256.75,-0.042705,-6.03291
256.8,-0.0427225,-6.03505
256.85,-0.0427167,-6.03718
256.9,-0.0427156,-6.03932
256.95,-0.0427457,-6.04146
257.0,-0.0427727,-6.0436
257.05,-0.0427963,-6.04573
257.1,-0.0428036,-6.04788
257.15,-0.0428174,-6.05002
257.2,-0.0428629,-6.05216
257.25,-0.0428432,-6.0543
257.3,-0.0428345,-6.05644
257.35,-0.0428229,-6.05858
257.4,-0.0428394,-6.06073
257.45,-0.0428461,-6.06287
257.5,-0.042869,-6.06501
257.55,-0.0428823,-6.06716
257.6,-0.042902,-6.0693
257.65,-0.0428925,-6.07145
257.7,-0.0428988,-6.07359
257.75,-0.0429118,-6.07574
257.8,-0.0429412,-6.07788
257.85,-0.0429504,-6.08003
257.9,-0.0429506,-6.08218
257.95,-0.0429598,-6.08433
258.0,-0.0429793,-6.08648
258.05,-0.0429712,-6.08862
258.1,-0.0429906,-6.09077
258.15,-0.0430147,-6.09292
258.2,-0.0430143,-6.09508
258.25,-0.0430094,-6.09723
258.3,-0.0429999,-6.09938
258.35,-0.0430071,-6.10153
258.4,-0.0430219,-6.10368
258.45,-0.0430305,-6.10583
258.5,-0.0430535,-6.10798
258.55,-0.0430741,-6.11013
258.6,-0.0431024,-6.11229
258.65,-0.0431591,-6.11445
258.7,-0.043215,-6.11661
258.75,-0.043184,-6.11877
258.8,-0.0431844,-6.12093
258.85,-0.0432021,-6.12309
258.9,-0.0432051,-6.12525
258.95,-0.0432184,-6.12741
259.0,-0.0432164,-6.12957
259.05,-0.0432246,-6.13173
259.1,-0.0432179,-6.13389
259.15,-0.0432335,-6.13605
259.2,-0.0432429,-6.13822
259.25,-0.0432503,-6.14038
259.3,-0.0432656,-6.14254
259.35,-0.0432788,-6.1447
259.4,-0.0432754,-6.14687
259.45,-0.0432827,-6.14903
259.5,-0.0433045,-6.1512
259.55,-0.0433068,-6.15336
259.6,-0.0433079,-6.15553
259.65,-0.0433129,-6.15769
259.7,-0.0433185,-6.15986
259.75,-0.043336,-6.16203
259.8,-0.0433415,-6.16419
259.85,-0.0433414,-6.16636
259.9,-0.0433601,-6.16853
259.95,-0.0433619,-6.1707
260.0,-0.0433657,-6.17287
260.05,-0.0433709,-6.17503
260.1,-0.0433798,-6.1772
260.15,-0.0433797,-6.17937
260.2,-0.0433843,-6.18154
260.25,-0.0433906,-6.18371
260.3,-0.0433952,-6.18588
260.35,-0.0433981,-6.18805
260.4,-0.0434071,-6.19022
260.45,-0.0434233,-6.19239
260.5,-0.0434275,-6.19456
260.55,-0.0435335,-6.19674
260.6,-0.0435037,-6.19892
260.65,-0.0435001,-6.20109
260.7,-0.0435046,-6.20327
260.75,-0.0434926,-6.20544
260.8,-0.0435141,-6.20762
260.85,-0.0435268,-6.20979
260.9,-0.0435248,-6.21197
260.95,-0.0435263,-6.21414
261.0,-0.0435443,-6.21632
261.05,-0.0435316,-6.2185
261.1,-0.0435561,-6.22068
261.15,-0.0435555,-6.22285
261.2,-0.0435698,-6.22503
261.25,-0.0435695,-6.22721
261.3,-0.0435884,-6.22939
261.35,-0.0435947,-6.23157
261.4,-0.0436048,-6.23375
261.45,-0.0435998,-6.23593
261.5,-0.0436027,-6.23811
261.55,-0.0436125,-6.24029
261.6,-0.0436274,-6.24247
261.65,-0.0436417,-6.24465
261.7,-0.0436557,-6.24684
261.75,-0.0436655,-6.24902
261.8,-0.0436638,-6.2512
261.85,-0.0436843,-6.25339
261.9,-0.0436865,-6.25557
261.95,-0.0436961,-6.25776
262.0,-0.0437018,-6.25994
262.05,-0.0437129,-6.26213
262.1,-0.0437245,-6.26431
262.15,-0.0437326,-6.2665
262.2,-0.0437264,-6.26869
262.25,-0.0437303,-6.27087
262.3,-0.0437405,-6.27306
262.35,-0.0437437,-6.27525
262.4,-0.0437499,-6.27744
262.45,-0.0437551,-6.27962
262.5,-0.0437646,-6.28181
262.55,-0.0437811,-6.284
262.6,-0.0438023,-6.28619
262.65,-0.0438055,-6.28838
262.7,-0.0438062,-6.29057
262.75,-0.0438144,-6.29276
262.8,-0.0438219,-6.29495
262.85,-0.0438166,-6.29714
262.9,-0.0438148,-6.29933
262.95,-0.0438347,-6.30153
263.0,-0.0438389,-6.30372
263.05,-0.0438542,-6.30591
263.1,-0.043856,-6.3081
263.15,-0.0438606,-6.3103
263.2,-0.0438641,-6.31249
263.25,-0.0438687,-6.31468
263.3,-0.043872,-6.31688
263.35,-0.0439016,-6.31907
263.4,-0.0439117,-6.32127
263.45,-0.0439265,-6.32346
263.5,-0.0439331,-6.32566
263.55,-0.0439255,-6.32786
263.6,-0.0439269,-6.33005
263.65,-0.0439209,-6.33225
263.7,-0.0439165,-6.33444
263.75,-0.0439265,-6.33664
263.8,-0.0439418,-6.33884
263.85,-0.0439604,-6.34104
263.9,-0.0439553,-6.34323
263.95,-0.0439625,-6.34543
264.0,-0.0439782,-6.34763
264.05,-0.0439743,-6.34983
264.1,-0.0439745,-6.35203
264.15,-0.0439702,-6.35423
264.2,-0.0439733,-6.35643
264.25,-0.0439823,-6.35862
264.3,-0.0439726,-6.36082
264.35,-0.0439719,-6.36302
264.4,-0.0439955,-6.36522
264.45,-0.0439962,-6.36742
264.5,-0.0440149,-6.36962
264.55,-0.0440114,-6.37182
264.6,-0.0440317,-6.37402
264.65,-0.0440351,-6.37623
264.7,-0.0440386,-6.37843
264.75,-0.0440399,-6.38063
264.8,-0.0440376,-6.38283
264.85,-0.044048,-6.38503
264.9,-0.0440536,-6.38724
264.95,-0.0440732,-6.38944
265.0,-0.044068,-6.39164
265.05,-0.0440658,-6.39385
265.1,-0.0440824,-6.39605
265.15,-0.0440882,-6.39826
265.2,-0.044087,-6.40046
265.25,-0.0440928,-6.40267
265.3,-0.044094,-6.40487
265.35,-0.0440977,-6.40707
265.4,-0.0441022,-6.40928
265.45,-0.0441222,-6.41149
265.5,-0.0441333,-6.41369
265.55,-0.0441259,-6.4159
265.6,-0.0441444,-6.41811
265.65,-0.0441501,-6.42031
265.7,-0.0441677,-6.42252
265.75,-0.0441778,-6.42473
265.8,-0.0441852,-6.42694
265.85,-0.0441829,-6.42915
265.9,-0.0441713,-6.43136
265.95,-0.0441735,-6.43357
266.0,-0.0441795,-6.43578
266.05,-0.0441859,-6.43798
266.1,-0.0441853,-6.44019
266.15,-0.0441933,-6.4424
266.2,-0.0442257,-6.44462
266.25,-0.0442232,-6.44683
266.3,-0.0442262,-6.44904
266.35,-0.0442207,-6.45125
266.4,-0.0442242,-6.45346
266.45,-0.0442291,-6.45567
266.5,-0.0442389,-6.45788
266.55,-0.0442388,-6.4601
266.6,-0.0442756,-6.46231
266.65,-0.0442632,-6.46452
266.7,-0.0442741,-6.46674
266.75,-0.0442596,-6.46895
266.8,-0.0442901,-6.47116
266.85,-0.0442882,-6.47338
266.9,-0.0442933,-6.47559
266.95,-0.0442986,-6.47781
267.0,-0.044286,-6.48002
267.05,-0.0442871,-6.48224
267.1,-0.0442952,-6.48445
267.15,-0.044305,-6.48667
267.2,-0.044316,-6.48888
267.25,-0.0443256,-6.4911
267.3,-0.0443302,-6.49331
267.35,-0.0443379,-6.49553
267.4,-0.0443603,-6.49775
267.45,-0.0443563,-6.49997
267.5,-0.044369,-6.50219
267.55,-0.0443784,-6.5044
267.6,-0.0443894,-6.50662
267.65,-0.044378,-6.50884
267.7,-0.0443872,-6.51106
267.75,-0.0443979,-6.51328
267.8,-0.0444032,-6.5155
267.85,-0.0443953,-6.51772
267.9,-0.0443973,-6.51994
267.95,-0.0444026,-6.52216
268.0,-0.0444108,-6.52438
268.05,-0.0444279,-6.5266
268.1,-0.044439,-6.52883
268.15,-0.0444477,-6.53105
268.2,-0.0444606,-6.53327
268.25,-0.0444975,-6.5355
268.3,-0.0445079,-6.53772
268.35,-0.0445323,-6.53995
268.4,-0.0445204,-6.54217
268.45,-0.0445318,-6.5444
268.5,-0.0445232,-6.54663
268.55,-0.0445206,-6.54885
268.6,-0.0445212,-6.55108
268.65,-0.0445305,-6.55331
268.7,-0.0445134,-6.55553
268.75,-0.0445392,-6.55776
268.8,-0.0445301,-6.55998
268.85,-0.0445457,-6.56221
268.9,-0.0445403,-6.56444
268.95,-0.0445442,-6.56667
269.0,-0.0445555,-6.56889
269.05,-0.0445613,-6.57112
269.1,-0.0445805,-6.57335
269.15,-0.0445815,-6.57558
269.2,-0.0446148,-6.57781
269.25,-0.0446094,-6.58004
269.3,-0.0446336,-6.58227
269.35,-0.0446184,-6.5845
269.4,-0.0446449,-6.58674
269.45,-0.0446338,-6.58897
269.5,-0.0446226,-6.5912
269.55,-0.0446227,-6.59343
269.6,-0.0446319,-6.59566
269.65,-0.0446262,-6.59789
269.7,-0.0446495,-6.60013
269.75,-0.0446688,-6.60236
269.8,-0.044686,-6.60459
269.85,-0.0446887,-6.60683
269.9,-0.0446868,-6.60906
269.95,-0.0446947,-6.6113
270.0,-0.044669,-6.61353
270.05,-0.0446687,-6.61576
270.1,-0.0446782,-6.618
270.15,-0.0447045,-6.62023
270.2,-0.0447138,-6.62247
270.25,-0.0447373,-6.62471
270.3,-0.0447265,-6.62694
270.35,-0.0447511,-6.62918
270.4,-0.0447417,-6.63142
270.45,-0.044764,-6.63365
270.5,-0.0447599,-6.63589
270.55,-0.0447727,-6.63813
270.6,-0.044767,-6.64037
270.65,-0.0447737,-6.64261
270.7,-0.0447893,-6.64485
270.75,-0.0447983,-6.64709
270.8,-0.0448099,-6.64933
270.85,-0.0448033,-6.65157
270.9,-0.0448059,-6.65381
270.95,-0.0448142,-6.65605
271.0,-0.0448257,-6.65829
271.05,-0.0448314,-6.66053
271.1,-0.0448307,-6.66277
271.15,-0.0448353,-6.66502
271.2,-0.0448355,-6.66726
271.25,-0.0448488,-6.6695
271.3,-0.0448585,-6.67174
271.35,-0.0448773,-6.67399
271.4,-0.044892,-6.67623
271.45,-0.044893,-6.67848
271.5,-0.0448887,-6.68072
271.55,-0.0449033,-6.68297
271.6,-0.0449045,-6.68521
271.65,-0.0449163,-6.68746
271.7,-0.044918,-6.6897
271.75,-0.044919,-6.69195
271.8,-0.0449301,-6.69419
271.85,-0.0449456,-6.69644
271.9,-0.044962,-6.69869
271.95,-0.0449743,-6.70094
272.0,-0.0449671,-6.70319
272.05,-0.0449769,-6.70544
272.1,-0.0449731,-6.70768
272.15,-0.0449878,-6.70993
272.2,-0.0449921,-6.71218
272.25,-0.0449889,-6.71443
272.3,-0.0449957,-6.71668
272.35,-0.04499,-6.71893
272.4,-0.0449966,-6.72118
272.45,-0.0450165,-6.72343
272.5,-0.0450282,-6.72568
272.55,-0.0450465,-6.72794
272.6,-0.0450508,-6.73019
272.65,-0.045037,-6.73244
272.7,-0.0450429,-6.73469
272.75,-0.0450333,-6.73695
272.8,-0.0450379,-6.7392
272.85,-0.0450614,-6.74145
272.9,-0.0450696,-6.7437
272.95,-0.0450868,-6.74596
273.0,-0.0450919,-6.74821
273.05,-0.0450941,-6.75047
273.1,-0.0450864,-6.75272
273.15,-0.0450943,-6.75498
273.2,-0.0451077,-6.75723
273.25,-0.0451233,-6.75949
273.3,-0.0451437,-6.76174
273.35,-0.0451531,-6.764
273.4,-0.0451754,-6.76626
273.45,-0.0451837,-6.76852
273.5,-0.0452127,-6.77078
273.55,-0.0452083,-6.77304
273.6,-0.0452143,-6.7753
273.65,-0.045217,-6.77756
273.7,-0.0452252,-6.77982
273.75,-0.0452209,-6.78209
273.8,-0.045248,-6.78435
273.85,-0.0452617,-6.78661
273.9,-0.0452766,-6.78887
273.95,-0.0452818,-6.79114
274.0,-0.04529,-6.7934
274.05,-0.0452928,-6.79567
274.1,-0.0453093,-6.79793
274.15,-0.045315,-6.8002
274.2,-0.0453259,-6.80247
274.25,-0.0453334,-6.80473
274.3,-0.0453466,-6.807
274.35,-0.0453548,-6.80927
274.4,-0.0453718,-6.81154
274.45,-0.0453786,-6.8138
274.5,-0.0453794,-6.81607
274.55,-0.0453948,-6.81834
274.6,-0.0454102,-6.82061
274.65,-0.045433,-6.82289
274.7,-0.0454335,-6.82516
274.75,-0.0454363,-6.82743
274.8,-0.0454278,-6.8297
274.85,-0.045445,-6.83197
274.9,-0.0454398,-6.83424
274.95,-0.0454611,-6.83652
275.0,-0.0454769,-6.83879
275.05,-0.0454894,-6.84107
275.1,-0.0455093,-6.84334
275.15,-0.0455089,-6.84562
275.2,-0.045507,-6.84789
275.25,-0.0455249,-6.85017
275.3,-0.0455439,-6.85245
275.35,-0.0455561,-6.85472
275.4,-0.0455679,-6.857
275.45,-0.0455531,-6.85928
275.5,-0.0455465,-6.86156
275.55,-0.0455595,-6.86383
275.6,-0.0455715,-6.86611
275.65,-0.0455879,-6.86839
275.7,-0.0456007,-6.87067
275.75,-0.0455974,-6.87295
275.8,-0.04561,-6.87523
275.85,-0.0456259,-6.87751
275.9,-0.0456638,-6.8798
275.95,-0.0456574,-6.88208
276.0,-0.0456879,-6.88437
276.05,-0.0456955,-6.88665
276.1,-0.0456963,-6.88893
276.15,-0.0456919,-6.89122
276.2,-0.0457169,-6.89351
276.25,-0.0457362,-6.89579
276.3,-0.0457613,-6.89808
276.35,-0.045754,-6.90037
276.4,-0.0457622,-6.90266
276.45,-0.0457783,-6.90494
276.5,-0.0457718,-6.90723
276.55,-0.0457819,-6.90952
276.6,-0.0457869,-6.91181
276.65,-0.0458004,-6.9141
276.7,-0.045822,-6.91639
276.75,-0.0458329,-6.91868
276.8,-0.0458477,-6.92098
276.85,-0.045874,-6.92327
276.9,-0.0458714,-6.92556
276.95,-0.0458921,-6.92786
277.0,-0.0459133,-6.93015
277.05,-0.0459355,-6.93245
277.1,-0.0459401,-6.93475
277.15,-0.0459547,-6.93705
277.2,-0.0459382,-6.93934
277.25,-0.0459658,-6.94164
277.3,-0.0459526,-6.94394
277.35,-0.0459703,-6.94624
277.4,-0.0459748,-6.94854
277.45,-0.045987,-6.95084
277.5,-0.0459892,-6.95314
277.55,-0.0460151,-6.95544
277.6,-0.0460182,-6.95774
277.65,-0.0460266,-6.96004
277.7,-0.0460473,-6.96234
277.75,-0.0460614,-6.96464
277.8,-0.0460923,-6.96695
277.85,-0.0461081,-6.96925
277.9,-0.0461209,-6.97156
277.95,-0.046131,-6.97387
278.0,-0.046127,-6.97617
278.05,-0.0461149,-6.97848
278.1,-0.0461398,-6.98078
278.15,-0.046151,-6.98309
278.2,-0.0461714,-6.9854
278.25,-0.0461689,-6.98771
278.3,-0.0461857,-6.99002
278.35,-0.0461898,-6.99233
278.4,-0.0461953,-6.99464
278.45,-0.0462061,-6.99695
278.5,-0.0462212,-6.99926
278.55,-0.0462231,-7.00157
278.6,-0.0462368,-7.00388
278.65,-0.0462384,-7.00619
278.7,-0.0462411,-7.00851
278.75,-0.0462456,-7.01082
278.8,-0.0462676,-7.01313
278.85,-0.046285,-7.01545
278.9,-0.0462965,-7.01776
278.95,-0.046299,-7.02008
279.0,-0.0463135,-7.02239
279.05,-0.0463253,-7.02471
279.1,-0.0463469,-7.02703
279.15,-0.0463651,-7.02934
279.2,-0.0463823,-7.03166
279.25,-0.0463941,-7.03398
279.3,-0.0464303,-7.0363
279.35,-0.0464242,-7.03863
279.4,-0.0464036,-7.04095
279.45,-0.0464188,-7.04327
279.5,-0.0464242,-7.04559
279.55,-0.0464179,-7.04791
279.6,-0.0464474,-7.05023
279.65,-0.0464601,-7.05255
279.7,-0.0464742,-7.05488
279.75,-0.0465032,-7.0572
279.8,-0.0464931,-7.05953
279.85,-0.0464907,-7.06185
279.9,-0.0464757,-7.06418
279.95,-0.0464795,-7.0665
280.0,-0.0464891,-7.06882
280.05,-0.0464984,-7.07115
280.1,-0.0465031,-7.07347
280.15,-0.0465112,-7.0758
280.2,-0.0465182,-7.07813
280.25,-0.0465208,-7.08045
280.3,-0.0465147,-7.08278
280.35,-0.0465302,-7.0851
280.4,-0.0465503,-7.08743
280.45,-0.0465556,-7.08976
280.5,-0.0465589,-7.09209
280.55,-0.0465583,-7.09442
280.6,-0.0465769,-7.09674
280.65,-0.0465776,-7.09907
280.7,-0.0465792,-7.1014
280.75,-0.0465833,-7.10373
280.8,-0.0465901,-7.10606
280.85,-0.046589,-7.10839
280.9,-0.046602,-7.11072
280.95,-0.0466,-7.11305
281.0,-0.0466136,-7.11538
281.05,-0.0466216,-7.11771
281.1,-0.0466181,-7.12004
281.15,-0.046631,-7.12237
281.2,-0.0466332,-7.12471
281.25,-0.0466297,-7.12704
281.3,-0.046656,-7.12937
281.35,-0.0466676,-7.1317
281.4,-0.0466749,-7.13404
281.45,-0.0466755,-7.13637
281.5,-0.0466674,-7.1387
281.55,-0.0466629,-7.14104
281.6,-0.0466608,-7.14337
281.65,-0.046669,-7.1457
281.7,-0.0466776,-7.14804
281.75,-0.0466767,-7.15037
281.8,-0.0466968,-7.15271
281.85,-0.0466873,-7.15504
281.9,-0.0466879,-7.15738
281.95,-0.0467026,-7.15971
282.0,-0.0467131,-7.16205
282.05,-0.0467038,-7.16438
282.1,-0.0467186,-7.16672
282.15,-0.0467126,-7.16905
282.2,-0.0466992,-7.17139
282.25,-0.0467009,-7.17372
282.3,-0.0467156,-7.17606
282.35,-0.0467235,-7.17839
282.4,-0.0467214,-7.18073
282.45,-0.0467279,-7.18307
282.5,-0.0467092,-7.1854
282.55,-0.0467103,-7.18774
282.6,-0.0467281,-7.19007
282.65,-0.0467311,-7.19241
282.7,-0.0467409,-7.19475
282.75,-0.0467413,-7.19709
282.8,-0.0467372,-7.19942
282.85,-0.0467543,-7.20176
282.9,-0.0467687,-7.2041
282.95,-0.0467741,-7.20644
283.0,-0.0467894,-7.20878
283.05,-0.0467927,-7.21112
283.1,-0.0467867,-7.21346
283.15,-0.0467941,-7.2158
283.2,-0.0468045,-7.21814
283.25,-0.0467982,-7.22048
283.3,-0.0468007,-7.22282
283.35,-0.0467863,-7.22515
283.4,-0.0468083,-7.2275
283.45,-0.0468096,-7.22984
283.5,-0.0468097,-7.23218
283.55,-0.0467791,-7.23452
283.6,-0.0467918,-7.23685
283.65,-0.0467928,-7.23919
283.7,-0.0467902,-7.24153
283.75,-0.0468132,-7.24387
283.8,-0.0468253,-7.24622
283.85,-0.0468438,-7.24856
283.9,-0.0468207,-7.2509
283.95,-0.0468014,-7.25324
284.0,-0.0468049,-7.25558
284.05,-0.0468366,-7.25792
284.1,-0.0468467,-7.26026
284.15,-0.0468687,-7.26261
284.2,-0.0468666,-7.26495
284.25,-0.0468977,-7.2673
284.3,-0.0468697,-7.26964
284.35,-0.0468385,-7.27198
284.4,-0.0468367,-7.27432
284.45,-0.0468435,-7.27666
284.5,-0.0468441,-7.27901
284.55,-0.046854,-7.28135
284.6,-0.0468508,-7.28369
284.65,-0.0468608,-7.28604
284.7,-0.0468906,-7.28838
284.75,-0.0469094,-7.29073
284.8,-0.0469218,-7.29307
284.85,-0.0469013,-7.29542
284.9,-0.0469199,-7.29776
284.95,-0.0468949,-7.30011
285.0,-0.0469045,-7.30245
285.05,-0.0469033,-7.3048
285.1,-0.0469021,-7.30714
285.15,-0.0469154,-7.30949
285.2,-0.0469405,-7.31184
285.25,-0.0469228,-7.31418
285.3,-0.0469213,-7.31653
285.35,-0.0469252,-7.31887
285.4,-0.0469437,-7.32122
285.45,-0.0469518,-7.32357
285.5,-0.0469623,-7.32592
285.55,-0.0469739,-7.32827
285.6,-0.0469834,-7.33061
285.65,-0.0470005,-7.33296
285.7,-0.0470052,-7.33531
285.75,-0.0470111,-7.33767
285.8,-0.0470213,-7.34002
285.85,-0.0470208,-7.34237
285.9,-0.0470283,-7.34472
285.95,-0.0470283,-7.34707
286.0,-0.0470215,-7.34942
286.05,-0.0470269,-7.35177
286.1,-0.0470384,-7.35412
286.15,-0.0470464,-7.35648
286.2,-0.0470461,-7.35883
286.25,-0.0470437,-7.36118
286.3,-0.0470404,-7.36353
286.35,-0.0470489,-7.36589
286.4,-0.0470521,-7.36824
286.45,-0.0470445,-7.37059
286.5,-0.0470511,-7.37294
286.55,-0.0470671,-7.3753
286.6,-0.0470696,-7.37765
286.65,-0.0470697,-7.38
286.7,-0.0470775,-7.38236
286.75,-0.0470987,-7.38471
286.8,-0.0470976,-7.38707
286.85,-0.04711,-7.38942
286.9,-0.047102,-7.39178
286.95,-0.0470916,-7.39413
287.0,-0.0471098,-7.39649
287.05,-0.0471132,-7.39884
287.1,-0.0471183,-7.4012
287.15,-0.0471379,-7.40356
287.2,-0.0471586,-7.40591
287.25,-0.0471633,-7.40827
287.3,-0.0471717,-7.41063
287.35,-0.0471633,-7.41299
287.4,-0.0471637,-7.41535
287.45,-0.047163,-7.41771
287.5,-0.04715,-7.42006
287.55,-0.0471505,-7.42242
287.6,-0.0471552,-7.42478
287.65,-0.0471671,-7.42714
287.7,-0.0471833,-7.4295
287.75,-0.0471943,-7.43186
287.8,-0.0472068,-7.43422
287.85,-0.0471935,-7.43658
287.9,-0.0472035,-7.43894
287.95,-0.0472125,-7.4413
288.0,-0.0471988,-7.44366
288.05,-0.0471956,-7.44602
288.1,-0.0472021,-7.44838
288.15,-0.0472143,-7.45074
288.2,-0.0472131,-7.4531
288.25,-0.0472211,-7.45546
288.3,-0.0472319,-7.45782
288.35,-0.04724,-7.46018
288.4,-0.0472243,-7.46254
288.45,-0.0472165,-7.4649
288.5,-0.0472272,-7.46727
288.55,-0.0472498,-7.46963
288.6,-0.0472464,-7.47199
288.65,-0.0472449,-7.47435
288.7,-0.0472393,-7.47671
288.75,-0.0472492,-7.47908
288.8,-0.047258,-7.48144
288.85,-0.0472483,-7.4838
288.9,-0.0472569,-7.48617
288.95,-0.0472582,-7.48853
289.0,-0.0472731,-7.49089
289.05,-0.0472665,-7.49326
289.1,-0.04727,-7.49562
289.15,-0.0472884,-7.49798
289.2,-0.0472998,-7.50035
289.25,-0.0473217,-7.50271
289.3,-0.0473194,-7.50508
289.35,-0.0473031,-7.50745
289.4,-0.0472815,-7.50981
289.45,-0.04729,-7.51217
289.5,-0.0473029,-7.51454
289.55,-0.0473025,-7.5169
289.6,-0.0473069,-7.51927
289.65,-0.0473232,-7.52164
289.7,-0.0473221,-7.524
289.75,-0.0473205,-7.52637
289.8,-0.0473311,-7.52873
289.85,-0.0473232,-7.5311
289.9,-0.0473378,-7.53347
289.95,-0.0473354,-7.53583
290.0,-0.0473369,-7.5382
290.05,-0.0473457,-7.54057
290.1,-0.0473438,-7.54294
290.15,-0.0473476,-7.5453
290.2,-0.0473623,-7.54767
290.25,-0.0473501,-7.55004
290.3,-0.0473657,-7.55241
290.35,-0.0473712,-7.55478
290.4,-0.0473852,-7.55714
290.45,-0.0473915,-7.55951
290.5,-0.0474017,-7.56188
290.55,-0.0473919,-7.56425
290.6,-0.0474044,-7.56662
290.65,-0.0474124,-7.56899
290.7,-0.0474054,-7.57136
290.75,-0.0474106,-7.57374
290.8,-0.0474194,-7.57611
290.85,-0.0474293,-7.57848
290.9,-0.0474372,-7.58085
290.95,-0.0474364,-7.58322
291.0,-0.0474557,-7.58559
291.05,-0.0474532,-7.58797
291.1,-0.0474583,-7.59034
291.15,-0.0474681,-7.59271
291.2,-0.0474657,-7.59509
291.25,-0.0474693,-7.59746
291.3,-0.0474677,-7.59983
291.35,-0.0474804,-7.60221
291.4,-0.0474947,-7.60458
291.45,-0.0474902,-7.60696
291.5,-0.0475154,-7.60933
291.55,-0.047522,-7.61171
291.6,-0.0475358,-7.61409
291.65,-0.0475329,-7.61646
291.7,-0.0475233,-7.61884
291.75,-0.0475239,-7.62121
291.8,-0.0475376,-7.62359
291.85,-0.0475355,-7.62597
291.9,-0.0475416,-7.62835
291.95,-0.0475585,-7.63072
292.0,-0.0475438,-7.6331
292.05,-0.0475583,-7.63548
292.1,-0.0475786,-7.63786
292.15,-0.0475885,-7.64024
292.2,-0.0476046,-7.64262
292.25,-0.0475908,-7.645
292.3,-0.0475742,-7.64738
292.35,-0.0476204,-7.64976
292.4,-0.0476419,-7.65214
292.45,-0.0476275,-7.65452
292.5,-0.0476327,-7.6569
292.55,-0.047637,-7.65928
292.6,-0.0476362,-7.66166
292.65,-0.0476399,-7.66405
292.7,-0.0476541,-7.66643
292.75,-0.0476786,-7.66881
292.8,-0.0477088,-7.6712
292.85,-0.0477145,-7.67358
292.9,-0.0476865,-7.67597
292.95,-0.0476697,-7.67835
293.0,-0.0476683,-7.68074
293.05,-0.0476705,-7.68312
293.1,-0.0476863,-7.6855
293.15,-0.047703,-7.68789
293.2,-0.0477103,-7.69027
293.25,-0.047737,-7.69266
293.3,-0.0477328,-7.69505
293.35,-0.0477469,-7.69744
293.4,-0.0477384,-7.69982
293.45,-0.0477365,-7.70221
293.5,-0.0477322,-7.7046
293.55,-0.0477517,-7.70698
293.6,-0.0477475,-7.70937
293.65,-0.047755,-7.71176
293.7,-0.0477725,-7.71415
293.75,-0.0478025,-7.71654
293.8,-0.0478172,-7.71893
293.85,-0.0478047,-7.72132
293.9,-0.0477845,-7.72371
293.95,-0.0477617,-7.7261
294.0,-0.0477663,-7.72848
294.05,-0.0477687,-7.73087
294.1,-0.0477822,-7.73326
294.15,-0.0477944,-7.73565
294.2,-0.0478124,-7.73804
294.25,-0.0478069,-7.74043
294.3,-0.0478252,-7.74282
294.35,-0.0478184,-7.74521
294.4,-0.0478109,-7.7476
294.45,-0.0477961,-7.74999
294.5,-0.0477984,-7.75238
294.55,-0.0478341,-7.75478
294.6,-0.0478594,-7.75717
294.65,-0.0478603,-7.75956
294.7,-0.0478733,-7.76196
294.75,-0.0478496,-7.76435
294.8,-0.0478423,-7.76674
294.85,-0.0478401,-7.76913
294.9,-0.047843,-7.77152
294.95,-0.0478614,-7.77392
295.0,-0.0478705,-7.77631
295.05,-0.0478727,-7.7787
295.1,-0.0478799,-7.7811
295.15,-0.0478928,-7.78349
295.2,-0.0478983,-7.78589
295.25,-0.0479279,-7.78828
295.3,-0.0479355,-7.79068
295.35,-0.0479445,-7.79308
295.4,-0.0479073,-7.79547
295.45,-0.0479116,-7.79787
295.5,-0.047918,-7.80027
295.55,-0.0479211,-7.80266
295.6,-0.047958,-7.80506
295.65,-0.0479717,-7.80746
295.7,-0.0479721,-7.80986
295.75,-0.0479828,-7.81226
295.8,-0.0479652,-7.81465
295.85,-0.047966,-7.81705
295.9,-0.0479789,-7.81945
295.95,-0.0479853,-7.82185
296.0,-0.0480152,-7.82425
296.05,-0.0479958,-7.82665
296.1,-0.0479999,-7.82905
296.15,-0.0480168,-7.83145
296.2,-0.0480134,-7.83385
296.25,-0.0480426,-7.83625
296.3,-0.0480354,-7.83866
296.35,-0.0480254,-7.84106
296.4,-0.048019,-7.84346
296.45,-0.0480219,-7.84586
296.5,-0.0480253,-7.84826
296.55,-0.0480619,-7.85066
296.6,-0.0480776,-7.85307
296.65,-0.0480898,-7.85547
296.7,-0.0480789,-7.85788
296.75,-0.0480739,-7.86028
296.8,-0.0480578,-7.86268
296.85,-0.0480583,-7.86509
296.9,-0.0480596,-7.86749
296.95,-0.0480963,-7.86989
297.0,-0.048106,-7.8723
297.05,-0.0481173,-7.8747
297.1,-0.0481198,-7.87711
297.15,-0.0481067,-7.87952
297.2,-0.0481188,-7.88192
297.25,-0.0481081,-7.88433
297.3,-0.0481264,-7.88673
297.35,-0.0481231,-7.88914
297.4,-0.0481311,-7.89155
297.45,-0.0481178,-7.89395
297.5,-0.048133,-7.89636
297.55,-0.0481244,-7.89877
297.6,-0.0481575,-7.90117
297.65,-0.0481592,-7.90358
297.7,-0.0481531,-7.90599
297.75,-0.0481449,-7.9084
297.8,-0.0481449,-7.9108
297.85,-0.0481585,-7.91321
297.9,-0.0481553,-7.91562
297.95,-0.0481655,-7.91803
298.0,-0.0481716,-7.92044
298.05,-0.0481745,-7.92284
298.1,-0.0481801,-7.92525
298.15,-0.0481813,-7.92766
298.2,-0.0481797,-7.93007
298.25,-0.0481924,-7.93248
298.3,-0.0481912,-7.93489
298.35,-0.048195,-7.9373
298.4,-0.0481902,-7.93971
298.45,-0.0481948,-7.94212
298.5,-0.0482028,-7.94453
298.55,-0.0482122,-7.94694
298.6,-0.0482198,-7.94935
298.65,-0.0482068,-7.95176
298.7,-0.0482179,-7.95417
298.75,-0.0482258,-7.95658
298.8,-0.0482341,-7.959
298.85,-0.0482337,-7.96141
298.9,-0.0482446,-7.96382
298.95,-0.0482452,-7.96623
299.0,-0.0482485,-7.96864
299.05,-0.0482614,-7.97106
299.1,-0.0482805,-7.97347
299.15,-0.04829,-7.97589
299.2,-0.0482937,-7.9783
299.25,-0.0482875,-7.98072
299.3,-0.0483058,-7.98313
299.35,-0.0483129,-7.98555
299.4,-0.0483199,-7.98796
299.45,-0.048298,-7.99038
299.5,-0.0482831,-7.99279
299.55,-0.0482832,-7.99521
299.6,-0.0482788,-7.99762
299.65,-0.0483003,-8.00003
299.7,-0.0483247,-8.00245
299.75,-0.0483251,-8.00487
299.8,-0.0483508,-8.00728
299.85,-0.0483619,-8.0097
299.9,-0.0483332,-8.01212
299.95,-0.0483287,-8.01454
300.0,-0.0483363,-8.01695
300.05,-0.0483368,-8.01937
300.1,-0.0483322,-8.02179
300.15,-0.0483393,-8.0242
300.2,-0.0483449,-8.02662
300.25,-0.0483659,-8.02904
300.3,-0.0483541,-8.03146
300.35,-0.0483647,-8.03387
300.4,-0.0483708,-8.03629
300.45,-0.0483683,-8.03871
300.5,-0.0483811,-8.04113
300.55,-0.0484025,-8.04355
300.6,-0.0484176,-8.04597
300.65,-0.0484225,-8.04839
300.7,-0.0484195,-8.05081
300.75,-0.0484241,-8.05323
300.8,-0.0484227,-8.05566
300.85,-0.0484235,-8.05808
300.9,-0.0484273,-8.0605
300.95,-0.0484401,-8.06292
301.0,-0.04845,-8.06534
301.05,-0.0484447,-8.06777
301.1,-0.0484511,-8.07019
301.15,-0.0484568,-8.07261
301.2,-0.0484593,-8.07503
301.25,-0.048475,-8.07746
301.3,-0.0484873,-8.07988
301.35,-0.0484846,-8.08231
301.4,-0.048494,-8.08473
301.45,-0.0485101,-8.08716
301.5,-0.0484994,-8.08958
301.55,-0.0484985,-8.09201
301.6,-0.0485084,-8.09443
301.65,-0.0485154,-8.09686
301.7,-0.0485214,-8.09928
301.75,-0.0485229,-8.10171
301.8,-0.0485212,-8.10414
301.85,-0.0485308,-8.10656
301.9,-0.0485404,-8.10899
301.95,-0.0485479,-8.11142
302.0,-0.0485582,-8.11384
302.05,-0.0485729,-8.11627
302.1,-0.0485773,-8.1187
302.15,-0.0485727,-8.12113
302.2,-0.0485776,-8.12356
302.25,-0.048582,-8.12599
302.3,-0.04858,-8.12842
302.35,-0.0485834,-8.13085
302.4,-0.04858,-8.13328
302.45,-0.0485774,-8.1357
302.5,-0.0485942,-8.13813
302.55,-0.0485996,-8.14056
302.6,-0.0486147,-8.14299
302.65,-0.0486256,-8.14543
302.7,-0.0486291,-8.14786
302.75,-0.0486313,-8.15029
302.8,-0.0486412,-8.15272
302.85,-0.0486524,-8.15515
302.9,-0.0486498,-8.15759
302.95,-0.0486504,-8.16002
303.0,-0.0486704,-8.16245
303.05,-0.0486621,-8.16489
303.1,-0.0486458,-8.16732
303.15,-0.0486561,-8.16975
303.2,-0.0486768,-8.17218
303.25,-0.0486813,-8.17462
303.3,-0.048678,-8.17705
303.35,-0.048686,-8.17949
303.4,-0.0486824,-8.18192
303.45,-0.0486868,-8.18435
303.5,-0.0486879,-8.18679
303.55,-0.0487166,-8.18923
303.6,-0.0487246,-8.19166
303.65,-0.0487384,-8.1941
303.7,-0.0487463,-8.19654
303.75,-0.0487609,-8.19897
303.8,-0.0488052,-8.20141
303.85,-0.0487933,-8.20385
303.9,-0.0487863,-8.20629
303.95,-0.0487727,-8.20873
304.0,-0.0487709,-8.21117
304.05,-0.0487772,-8.21361
304.1,-0.0487982,-8.21605
304.15,-0.0488039,-8.21849
304.2,-0.0488351,-8.22093
304.25,-0.0488224,-8.22337
304.3,-0.0488363,-8.22581
304.35,-0.0488357,-8.22826
304.4,-0.048826,-8.2307
304.45,-0.0488196,-8.23314
304.5,-0.0488307,-8.23558
304.55,-0.0488535,-8.23802
304.6,-0.0488543,-8.24047
304.65,-0.0488686,-8.24291
304.7,-0.0488892,-8.24535
304.75,-0.0489209,-8.2478
304.8,-0.0489229,-8.25025
304.85,-0.0489445,-8.25269
304.9,-0.0489173,-8.25514
304.95,-0.0489162,-8.25758
305.0,-0.0488975,-8.26003
305.05,-0.0489148,-8.26247
305.1,-0.0489202,-8.26492
305.15,-0.0489519,-8.26737
305.2,-0.0489642,-8.26982
305.25,-0.048963,-8.27226
305.3,-0.048969,-8.27471
305.35,-0.0489517,-8.27716
305.4,-0.0489496,-8.27961
305.45,-0.0489634,-8.28206
305.5,-0.0489822,-8.2845
305.55,-0.0490003,-8.28695
305.6,-0.048998,-8.2894
305.65,-0.0490152,-8.29186
305.7,-0.0490183,-8.29431
305.75,-0.0490319,-8.29676
305.8,-0.0490447,-8.29921
305.85,-0.0490482,-8.30166
305.9,-0.0490469,-8.30412
305.95,-0.04903,-8.30657
306.0,-0.0490453,-8.30902
306.05,-0.0490615,-8.31147
306.1,-0.049089,-8.31393
306.15,-0.0490887,-8.31638
306.2,-0.0490997,-8.31884
306.25,-0.0490828,-8.32129
306.3,-0.0490922,-8.32374
306.35,-0.0490956,-8.3262
306.4,-0.0491028,-8.32865
306.45,-0.0491213,-8.33111
306.5,-0.049137,-8.33357
306.55,-0.0491481,-8.33603
306.6,-0.0491594,-8.33848
306.65,-0.0491634,-8.34094
306.7,-0.0491845,-8.3434
306.75,-0.0491836,-8.34586
306.8,-0.0491931,-8.34832
306.85,-0.0492088,-8.35078
306.9,-0.0492153,-8.35324
306.95,-0.049226,-8.3557
307.0,-0.0492393,-8.35816
307.05,-0.0492378,-8.36063
307.1,-0.0492661,-8.36309
307.15,-0.0492719,-8.36555
307.2,-0.0492824,-8.36802
307.25,-0.0492705,-8.37048
307.3,-0.0492779,-8.37294
307.35,-0.0492895,-8.37541
307.4,-0.0492972,-8.37787
307.45,-0.0493253,-8.38034
307.5,-0.049335,-8.38281
307.55,-0.0493325,-8.38527
307.6,-0.0493386,-8.38774
307.65,-0.0493544,-8.39021
307.7,-0.0493436,-8.39267
307.75,-0.0493392,-8.39514
307.8,-0.0493548,-8.39761
307.85,-0.049365,-8.40008
307.9,-0.0494005,-8.40255
307.95,-0.0493962,-8.40502
308.0,-0.0494046,-8.40749
308.05,-0.0494344,-8.40996
308.1,-0.0494229,-8.41243
308.15,-0.0494311,-8.4149
308.2,-0.0494249,-8.41737
308.25,-0.0494275,-8.41984
308.3,-0.0494461,-8.42232
308.35,-0.0494571,-8.42479
308.4,-0.0494618,-8.42726
308.45,-0.0494677,-8.42974
308.5,-0.0494648,-8.43221
308.55,-0.0494867,-8.43468
308.6,-0.0494879,-8.43716
308.65,-0.049525,-8.43963
308.7,-0.0495303,-8.44211
308.75,-0.049531,-8.44459
308.8,-0.049545,-8.44707
308.85,-0.049561,-8.44954
308.9,-0.0495521,-8.45202
308.95,-0.0495725,-8.4545
309.0,-0.0495806,-8.45698
309.05,-0.0495882,-8.45946
309.1,-0.0495881,-8.46194
309.15,-0.0495918,-8.46442
309.2,-0.0496255,-8.4669
309.25,-0.0496481,-8.46938
309.3,-0.049656,-8.47186
309.35,-0.0496824,-8.47435
309.4,-0.0497036,-8.47683
309.45,-0.0497039,-8.47932
309.5,-0.0497158,-8.4818
309.55,-0.0497279,-8.48429
309.6,-0.0497403,-8.48678
309.65,-0.0497431,-8.48926
309.7,-0.0497561,-8.49175
309.75,-0.0497664,-8.49424
309.8,-0.0497714,-8.49673
309.85,-0.0497786,-8.49922
309.9,-0.0497829,-8.50171
309.95,-0.0497963,-8.5042
310.0,-0.0498073,-8.50669
310.05,-0.0498059,-8.50918
310.1,-0.0498192,-8.51167
310.15,-0.0498445,-8.51416
310.2,-0.0498432,-8.51665
310.25,-0.0498544,-8.51915
310.3,-0.0498462,-8.52164
310.35,-0.0498572,-8.52413
310.4,-0.0498643,-8.52662
310.45,-0.0498651,-8.52912
310.5,-0.0498752,-8.53161
310.55,-0.0498758,-8.5341
310.6,-0.049893,-8.5366
310.65,-0.0499151,-8.53909
310.7,-0.0499581,-8.54159
310.75,-0.0499677,-8.54409
310.8,-0.0499862,-8.54659
310.85,-0.0499666,-8.54909
310.9,-0.0499677,-8.55159
310.95,-0.0499564,-8.55408
311.0,-0.0499566,-8.55658
311.05,-0.0499575,-8.55908
311.1,-0.0499926,-8.56158
311.15,-0.0499978,-8.56408
311.2,-0.0500111,-8.56658
311.25,-0.0500167,-8.56908
311.3,-0.0500502,-8.57158
311.35,-0.0500437,-8.57409
311.4,-0.0500279,-8.57659
311.45,-0.0500464,-8.57909
311.5,-0.0500448,-8.58159
311.55,-0.0500619,-8.5841
311.6,-0.0500741,-8.5866
311.65,-0.0500716,-8.5891
311.7,-0.0500927,-8.59161
311.75,-0.0501149,-8.59411
311.8,-0.0500918,-8.59662
311.85,-0.0501136,-8.59912
311.9,-0.0501112,-8.60163
311.95,-0.0501292,-8.60414
312.0,-0.0501352,-8.60664
312.05,-0.0501487,-8.60915
312.1,-0.0501529,-8.61166
312.15,-0.0501806,-8.61417
312.2,-0.0501848,-8.61668
312.25,-0.0502015,-8.61919
312.3,-0.0501911,-8.6217
312.35,-0.0501848,-8.6242
312.4,-0.0501837,-8.62671
312.45,-0.0501992,-8.62922
312.5,-0.0502067,-8.63173
312.55,-0.0502175,-8.63424
312.6,-0.0502136,-8.63675
312.65,-0.0502331,-8.63927
312.7,-0.0502386,-8.64178
312.75,-0.0502488,-8.64429
312.8,-0.0502758,-8.6468
312.85,-0.05028,-8.64932
312.9,-0.0502829,-8.65183
312.95,-0.0502944,-8.65435
313.0,-0.0502959,-8.65686
313.05,-0.0503181,-8.65938
313.1,-0.0503435,-8.6619
313.15,-0.0503616,-8.66441
313.2,-0.0503819,-8.66693
313.25,-0.050358,-8.66945
313.3,-0.0503515,-8.67197
313.35,-0.0503589,-8.67449
313.4,-0.0503606,-8.677
313.45,-0.050366,-8.67952
313.5,-0.0503634,-8.68204
313.55,-0.0503818,-8.68456
313.6,-0.0503996,-8.68708
313.65,-0.0504132,-8.6896
313.7,-0.0504405,-8.69212
313.75,-0.0504442,-8.69464
313.8,-0.0504528,-8.69717
313.85,-0.0504466,-8.69969
313.9,-0.0504376,-8.70221
313.95,-0.0504294,-8.70473
314.0,-0.0504283,-8.70725
314.05,-0.0504436,-8.70978
314.1,-0.0504589,-8.7123
314.15,-0.0504743,-8.71482
314.2,-0.0504872,-8.71735
314.25,-0.0505035,-8.71987
314.3,-0.0504824,-8.7224
314.35,-0.0504911,-8.72492
314.4,-0.0504915,-8.72745
314.45,-0.0505111,-8.72997
314.5,-0.050509,-8.7325
314.55,-0.0505357,-8.73502
314.6,-0.0505517,-8.73755
314.65,-0.050575,-8.74008
314.7,-0.0505669,-8.74261
314.75,-0.0505771,-8.74514
314.8,-0.0505776,-8.74767
314.85,-0.0505857,-8.7502
314.9,-0.0505747,-8.75272
314.95,-0.050575,-8.75525
315.0,-0.0505811,-8.75778
315.05,-0.0506049,-8.76031
315.1,-0.0505965,-8.76284
315.15,-0.050621,-8.76537
315.2,-0.0506358,-8.76791
315.25,-0.0506514,-8.77044
315.3,-0.0506636,-8.77297
315.35,-0.0506543,-8.7755
315.4,-0.0506627,-8.77804
315.45,-0.0506404,-8.78057
315.5,-0.0506316,-8.7831
315.55,-0.0506572,-8.78563
315.6,-0.0506662,-8.78817
315.65,-0.0506756,-8.7907
315.7,-0.0507072,-8.79324
315.75,-0.0507066,-8.79577
315.8,-0.0507098,-8.79831
315.85,-0.0506929,-8.80084
315.9,-0.05071,-8.80338
315.95,-0.050703,-8.80591
316.0,-0.0507059,-8.80845
316.05,-0.050714,-8.81098
316.1,-0.0507376,-8.81352
316.15,-0.0507604,-8.81606
316.2,-0.0507826,-8.8186
316.25,-0.0508063,-8.82114
316.3,-0.0507896,-8.82368
316.35,-0.0507779,-8.82622
316.4,-0.0507808,-8.82875
316.45,-0.0507839,-8.83129
316.5,-0.0507988,-8.83383
316.55,-0.0508225,-8.83638
316.6,-0.0508222,-8.83892
316.65,-0.0508281,-8.84146
316.7,-0.050816,-8.844
316.75,-0.050834,-8.84654
316.8,-0.0508261,-8.84908
316.85,-0.0508501,-8.85162
316.9,-0.050868,-8.85417
316.95,-0.0508815,-8.85671
317.0,-0.050892,-8.85926
317.05,-0.050903,-8.8618
317.1,-0.0509072,-8.86435
317.15,-0.0509332,-8.86689
317.2,-0.0509221,-8.86944
317.25,-0.050938,-8.87199
317.3,-0.0509318,-8.87453
317.35,-0.0509256,-8.87708
317.4,-0.0509216,-8.87963
317.45,-0.0509451,-8.88217
317.5,-0.0509538,-8.88472
317.55,-0.0509836,-8.88727
317.6,-0.0509724,-8.88982
317.65,-0.0509862,-8.89237
317.7,-0.0509727,-8.89492
317.75,-0.0509853,-8.89746
317.8,-0.0509778,-8.90001
317.85,-0.0509851,-8.90256
317.9,-0.0509944,-8.90511
317.95,-0.0510089,-8.90766
318.0,-0.0510206,-8.91021
318.05,-0.0510355,-8.91277
318.1,-0.0510375,-8.91532
318.15,-0.0510456,-8.91787
318.2,-0.0510584,-8.92042
318.25,-0.0510556,-8.92298
318.3,-0.0510501,-8.92553
318.35,-0.0510753,-8.92808
318.4,-0.0510811,-8.93064
318.45,-0.0511043,-8.93319
318.5,-0.0511038,-8.93575
318.55,-0.0511202,-8.9383
318.6,-0.0511514,-8.94086
318.65,-0.0511597,-8.94342
318.7,-0.0511658,-8.94598
318.75,-0.051155,-8.94853
318.8,-0.0511598,-8.95109
318.85,-0.0511957,-8.95365
318.9,-0.0512683,-8.95622
318.95,-0.0512927,-8.95878
319.0,-0.0513414,-8.96135
319.05,-0.0514018,-8.96392
319.1,-0.0513802,-8.96649
319.15,-0.0513522,-8.96905
319.2,-0.0513497,-8.97162
319.25,-0.0513517,-8.97419
319.3,-0.0513412,-8.97676
319.35,-0.0513344,-8.97932
319.4,-0.0513396,-8.98189
319.45,-0.0513313,-8.98446
319.5,-0.0513311,-8.98702
319.55,-0.0513342,-8.98959
319.6,-0.0513328,-8.99216
319.65,-0.051353,-8.99472
319.7,-0.0513437,-8.99729
319.75,-0.0513456,-8.99986
319.8,-0.051363,-9.00243
319.85,-0.0513602,-9.00499
319.9,-0.0513586,-9.00756
319.95,-0.0513597,-9.01013
320.0,-0.0513619,-9.0127
320.05,-0.0513717,-9.01527
320.1,-0.0513863,-9.01784
320.15,-0.0513817,-9.02041
320.2,-0.0514031,-9.02298
320.25,-0.0513848,-9.02555
320.3,-0.0513821,-9.02811
320.35,-0.0513785,-9.03068
320.4,-0.0513917,-9.03325
320.45,-0.0513834,-9.03582
320.5,-0.051389,-9.03839
320.55,-0.0514011,-9.04096
320.6,-0.051405,-9.04353
320.65,-0.0514116,-9.0461
320.7,-0.0514242,-9.04867
320.75,-0.0514247,-9.05124
320.8,-0.0514374,-9.05382
320.85,-0.0514456,-9.05639
320.9,-0.0514382,-9.05896
320.95,-0.0514423,-9.06153
321.0,-0.0514405,-9.06411
321.05,-0.0514475,-9.06668
321.1,-0.0514751,-9.06925
321.15,-0.0514783,-9.07183
321.2,-0.0514993,-9.0744
321.25,-0.0515399,-9.07698
321.3,-0.0515235,-9.07955
321.35,-0.0515319,-9.08213
321.4,-0.0515231,-9.08471
321.45,-0.0515145,-9.08728
321.5,-0.0515193,-9.08986
321.55,-0.051532,-9.09243
321.6,-0.0515438,-9.09501
321.65,-0.0515743,-9.09759
321.7,-0.051562,-9.10017
321.75,-0.0515599,-9.10275
321.8,-0.0515607,-9.10532
321.85,-0.0515887,-9.1079
321.9,-0.0515764,-9.11048
321.95,-0.051567,-9.11306
322.0,-0.0515701,-9.11564
322.05,-0.0516076,-9.11822
322.1,-0.0516438,-9.1208
322.15,-0.0516518,-9.12338
322.2,-0.0516641,-9.12597
322.25,-0.0516665,-9.12855
322.3,-0.0516513,-9.13113
322.35,-0.0516246,-9.13371
322.4,-0.0516276,-9.1363
322.45,-0.0516273,-9.13888
322.5,-0.0516392,-9.14146
322.55,-0.0516471,-9.14404
322.6,-0.0516977,-9.14663
322.65,-0.0517751,-9.14921
322.7,-0.0517482,-9.1518
322.75,-0.051721,-9.15439
322.8,-0.0517336,-9.15698
322.85,-0.0517291,-9.15956
322.9,-0.0517313,-9.16215
322.95,-0.0517321,-9.16473
323.0,-0.051745,-9.16732
323.05,-0.0517397,-9.16991
323.1,-0.0517392,-9.1725
323.15,-0.0517313,-9.17508
323.2,-0.0517604,-9.17767
323.25,-0.0517708,-9.18026
323.3,-0.0517381,-9.18285
323.35,-0.0517366,-9.18543
323.4,-0.0517411,-9.18802
323.45,-0.051747,-9.19061
323.5,-0.0517566,-9.1932
323.55,-0.0517552,-9.19578
323.6,-0.0517949,-9.19837
323.65,-0.0518013,-9.20096
323.7,-0.051812,-9.20355
323.75,-0.0517894,-9.20614
323.8,-0.0517826,-9.20873
323.85,-0.0517797,-9.21132
323.9,-0.0517787,-9.21391
323.95,-0.0517822,-9.2165
324.0,-0.0517887,-9.21909
324.05,-0.0517939,-9.22168
324.1,-0.0517942,-9.22427
324.15,-0.0518173,-9.22686
324.2,-0.0518197,-9.22945
324.25,-0.0518362,-9.23204
324.3,-0.0518285,-9.23463
324.35,-0.051842,-9.23723
324.4,-0.0518463,-9.23982
324.45,-0.0518485,-9.24241
324.5,-0.0518594,-9.245
324.55,-0.0518764,-9.2476
324.6,-0.0518743,-9.25019
324.65,-0.0518903,-9.25278
324.7,-0.0518924,-9.25538
324.75,-0.0519013,-9.25797
324.8,-0.0518828,-9.26057
324.85,-0.0518941,-9.26316
324.9,-0.051898,-9.26576
324.95,-0.0519163,-9.26835
325.0,-0.0519209,-9.27095
325.05,-0.051925,-9.27355
325.1,-0.0519356,-9.27614
325.15,-0.0519352,-9.27874
325.2,-0.0519445,-9.28134
325.25,-0.051937,-9.28393
325.3,-0.0519526,-9.28653
325.35,-0.0519587,-9.28913
325.4,-0.0519739,-9.29173
325.45,-0.0519714,-9.29433
325.5,-0.0519829,-9.29693
325.55,-0.051988,-9.29953
325.6,-0.0519961,-9.30212
325.65,-0.0520134,-9.30473
325.7,-0.0520028,-9.30733
325.75,-0.0519983,-9.30993
325.8,-0.051999,-9.31253
325.85,-0.0520155,-9.31513
325.9,-0.0520083,-9.31773
325.95,-0.0520204,-9.32033
326.0,-0.0520309,-9.32293
326.05,-0.0520438,-9.32553
326.1,-0.0520579,-9.32813
326.15,-0.0521099,-9.33074
326.2,-0.0521084,-9.33335
326.25,-0.052096,-9.33595
326.3,-0.0521213,-9.33856
326.35,-0.0521248,-9.34116
326.4,-0.0521302,-9.34377
326.45,-0.0521106,-9.34637
326.5,-0.0521074,-9.34898
326.55,-0.0521201,-9.35159
326.6,-0.052108,-9.35419
326.65,-0.0521114,-9.3568
326.7,-0.0521283,-9.3594
326.75,-0.0521257,-9.36201
326.8,-0.0521175,-9.36462
326.85,-0.0521276,-9.36722
326.9,-0.0521354,-9.36983
326.95,-0.0521519,-9.37244
327.0,-0.0521573,-9.37504
327.05,-0.0521575,-9.37765
327.1,-0.0521532,-9.38026
327.15,-0.0521585,-9.38287
327.2,-0.0521583,-9.38548
327.25,-0.0521622,-9.38808
327.3,-0.0521629,-9.39069
327.35,-0.0521795,-9.3933
327.4,-0.0521935,-9.39591
327.45,-0.052189,-9.39852
327.5,-0.0521867,-9.40113
327.55,-0.0521952,-9.40374
327.6,-0.0521928,-9.40635
327.65,-0.0522011,-9.40896
327.7,-0.0522124,-9.41157
327.75,-0.052226,-9.41418
327.8,-0.0522233,-9.41679
327.85,-0.0522128,-9.4194
327.9,-0.0522145,-9.42201
327.95,-0.0522028,-9.42462
328.0,-0.0522156,-9.42723
328.05,-0.0522064,-9.42984
328.1,-0.0522199,-9.43246
328.15,-0.0522228,-9.43507
328.2,-0.0522358,-9.43768
328.25,-0.0522493,-9.44029
328.3,-0.0522367,-9.4429
328.35,-0.0522306,-9.44551
328.4,-0.0522359,-9.44813
328.45,-0.0522464,-9.45074
328.5,-0.0522654,-9.45335
328.55,-0.0522546,-9.45596
328.6,-0.0522818,-9.45858
328.65,-0.0522846,-9.46119
328.7,-0.0522853,-9.46381
328.75,-0.0522977,-9.46642
328.8,-0.0522967,-9.46904
328.85,-0.0523084,-9.47165
328.9,-0.0522949,-9.47427
328.95,-0.0522925,-9.47688
329.0,-0.0523067,-9.4795
329.05,-0.0523076,-9.48211
329.1,-0.0523161,-9.48473
329.15,-0.0523337,-9.48734
329.2,-0.0523241,-9.48996
329.25,-0.0523133,-9.49258
329.3,-0.0523186,-9.49519
329.35,-0.0523112,-9.49781
329.4,-0.0523133,-9.50042
329.45,-0.0523271,-9.50304
329.5,-0.0523422,-9.50566
329.55,-0.0523436,-9.50827
329.6,-0.0523476,-9.51089
329.65,-0.0523381,-9.51351
329.7,-0.0523423,-9.51613
329.75,-0.0523412,-9.51874
329.8,-0.0523549,-9.52136
329.85,-0.0523454,-9.52398
329.9,-0.0523647,-9.5266
329.95,-0.0523564,-9.52921
330.0,-0.0523523,-9.53183
330.05,-0.0523507,-9.53445
330.1,-0.0523674,-9.53707
330.15,-0.0523824,-9.53969
330.2,-0.0523857,-9.54231
330.25,-0.0524122,-9.54493
330.3,-0.0524073,-9.54755
330.35,-0.0523949,-9.55017
330.4,-0.0523987,-9.55279
330.45,-0.0524113,-9.55541
330.5,-0.0524117,-9.55803
330.55,-0.0524135,-9.56065
330.6,-0.0524231,-9.56327
330.65,-0.0524407,-9.56589
330.7,-0.0524502,-9.56851
330.75,-0.0524491,-9.57114
330.8,-0.0524387,-9.57376
330.85,-0.0524538,-9.57638
330.9,-0.052467,-9.579
330.95,-0.0524677,-9.58163
331.0,-0.0524808,-9.58425
331.05,-0.0524904,-9.58688
331.1,-0.0524909,-9.5895
331.15,-0.0525025,-9.59213
331.2,-0.0525194,-9.59475
331.25,-0.0525198,-9.59738
331.3,-0.0525226,-9.6
331.35,-0.0525276,-9.60263
331.4,-0.052538,-9.60526
331.45,-0.0525374,-9.60788
331.5,-0.0525368,-9.61051
331.55,-0.0525403,-9.61314
331.6,-0.0525443,-9.61577
331.65,-0.0525473,-9.61839
331.7,-0.0525436,-9.62102
331.75,-0.0525571,-9.62365
331.8,-0.0525649,-9.62628
331.85,-0.0525614,-9.6289
331.9,-0.052567,-9.63153
331.95,-0.0525782,-9.63416
332.0,-0.0525821,-9.63679
332.05,-0.0525867,-9.63942
332.1,-0.0526139,-9.64205
332.15,-0.0526143,-9.64468
332.2,-0.0526598,-9.64731
332.25,-0.0526395,-9.64995
332.3,-0.0526479,-9.65258
332.35,-0.0526336,-9.65521
332.4,-0.0526467,-9.65784
332.45,-0.0526471,-9.66047
332.5,-0.052657,-9.66311
332.55,-0.0526372,-9.66574
332.6,-0.0526695,-9.66837
332.65,-0.0526641,-9.67101
332.7,-0.0526865,-9.67364
332.75,-0.0526961,-9.67628
332.8,-0.0527105,-9.67891
332.85,-0.0526964,-9.68155
332.9,-0.0526881,-9.68418
332.95,-0.0526948,-9.68682
333.0,-0.0527231,-9.68945
333.05,-0.0527535,-9.69209
333.1,-0.0527853,-9.69473
333.15,-0.0528123,-9.69737
333.2,-0.052795,-9.70001
333.25,-0.0527865,-9.70265
333.3,-0.0527936,-9.70529
333.35,-0.0528007,-9.70793
333.4,-0.0527988,-9.71057
333.45,-0.0528027,-9.71321
333.5,-0.0528183,-9.71585
333.55,-0.0528345,-9.71849
333.6,-0.0528426,-9.72113
333.65,-0.0528793,-9.72378
333.7,-0.0528737,-9.72642
333.75,-0.0529001,-9.72906
333.8,-0.0528793,-9.73171
333.85,-0.0528928,-9.73435
333.9,-0.0528803,-9.737
333.95,-0.052901,-9.73964
334.0,-0.0528928,-9.74229
334.05,-0.0529156,-9.74493
334.1,-0.0529221,-9.74758
334.15,-0.0529479,-9.75023
334.2,-0.052945,-9.75287
334.25,-0.0529466,-9.75552
334.3,-0.0529411,-9.75817
334.35,-0.0529602,-9.76082
334.4,-0.0529624,-9.76346
334.45,-0.0529794,-9.76611
334.5,-0.0529826,-9.76876
334.55,-0.0529911,-9.77141
334.6,-0.0529941,-9.77406
334.65,-0.0530023,-9.77671
334.7,-0.0530236,-9.77936
334.75,-0.0530312,-9.78201
334.8,-0.0530238,-9.78467
334.85,-0.0530269,-9.78732
334.9,-0.053043,-9.78997
334.95,-0.0530524,-9.79262
335.0,-0.0530743,-9.79528
335.05,-0.0530828,-9.79793
335.1,-0.053084,-9.80058
335.15,-0.0530847,-9.80324
335.2,-0.0531023,-9.80589
335.25,-0.0531087,-9.80855
335.3,-0.0531129,-9.8112
335.35,-0.0531233,-9.81386
335.4,-0.0531269,-9.81652
335.45,-0.0531341,-9.81917
335.5,-0.053144,-9.82183
335.55,-0.053155,-9.82449
335.6,-0.0531624,-9.82715
335.65,-0.0531742,-9.82981
335.7,-0.0532,-9.83247
335.75,-0.0532141,-9.83513
335.8,-0.0532203,-9.83779
335.85,-0.0532257,-9.84045
335.9,-0.0532351,-9.84311
335.95,-0.0532282,-9.84577
336.0,-0.0532309,-9.84843
336.05,-0.0532426,-9.8511
336.1,-0.053275,-9.85376
336.15,-0.0532952,-9.85642
336.2,-0.0533262,-9.85909
336.25,-0.0533135,-9.86176
336.3,-0.0533327,-9.86442
336.35,-0.0533094,-9.86709
336.4,-0.0533054,-9.86975
336.45,-0.0533179,-9.87242
336.5,-0.0533143,-9.87508
336.55,-0.0533169,-9.87775
336.6,-0.0533255,-9.88042
336.65,-0.0533384,-9.88308
336.7,-0.0533317,-9.88575
336.75,-0.053344,-9.88842
336.8,-0.0533594,-9.89109
336.85,-0.0533907,-9.89375
336.9,-0.0533921,-9.89642
336.95,-0.0534503,-9.8991
337.0,-0.0534183,-9.90177
337.05,-0.05342,-9.90444
337.1,-0.0534297,-9.90711
337.15,-0.0534301,-9.90978
337.2,-0.0534463,-9.91245
337.25,-0.0534515,-9.91513
337.3,-0.0534468,-9.9178
337.35,-0.0534649,-9.92047
337.4,-0.0534507,-9.92315
337.45,-0.0534511,-9.92582
337.5,-0.0534689,-9.92849
337.55,-0.0534873,-9.93117
337.6,-0.0535029,-9.93384
337.65,-0.0535046,-9.93652
337.7,-0.0534882,-9.93919
337.75,-0.0534783,-9.94186
337.8,-0.0534719,-9.94454
337.85,-0.0534761,-9.94721
337.9,-0.053476,-9.94989
337.95,-0.0534779,-9.95256
338.0,-0.0534942,-9.95523
338.05,-0.0535027,-9.95791
338.1,-0.0534999,-9.96058
338.15,-0.0535083,-9.96326
338.2,-0.053521,-9.96594
338.25,-0.0535371,-9.96861
338.3,-0.0535317,-9.97129
338.35,-0.0535356,-9.97397
338.4,-0.0535413,-9.97664
338.45,-0.0535633,-9.97932
338.5,-0.0535568,-9.982
338.55,-0.053539,-9.98468
338.6,-0.0535152,-9.98735
338.65,-0.0534966,-9.99003
338.7,-0.0534889,-9.9927
338.75,-0.0534937,-9.99538
338.8,-0.0534964,-9.99805
338.85,-0.0534897,-10.0007
338.9,-0.0534776,-10.0034
338.95,-0.0535099,-10.0061
339.0,-0.0535196,-10.0087
339.05,-0.0535282,-10.0114
339.1,-0.0535524,-10.0141
339.15,-0.0535261,-10.0168
339.2,-0.0535197,-10.0195
339.25,-0.0534892,-10.0221
339.3,-0.0535116,-10.0248
339.35,-0.0535033,-10.0275
339.4,-0.0534922,-10.0302
339.45,-0.0534843,-10.0328
339.5,-0.0534954,-10.0355
339.55,-0.0534852,-10.0382
339.6,-0.0534974,-10.0409
339.65,-0.0534903,-10.0435
339.7,-0.0534746,-10.0462
339.75,-0.0534664,-10.0489
339.8,-0.0534628,-10.0515
339.85,-0.053458,-10.0542
339.9,-0.0534723,-10.0569
339.95,-0.0534709,-10.0596
340.0,-0.0534988,-10.0622
340.05,-0.0534869,-10.0649
340.1,-0.0534859,-10.0676
340.15,-0.053477,-10.0703
340.2,-0.0534657,-10.0729
340.25,-0.0534698,-10.0756
340.3,-0.0534568,-10.0783
340.35,-0.0534545,-10.081
340.4,-0.0534441,-10.0836
340.45,-0.0534488,-10.0863
340.5,-0.0534544,-10.089
340.55,-0.0534629,-10.0916
340.6,-0.0534536,-10.0943
340.65,-0.053461,-10.097
340.7,-0.0534561,-10.0997
340.75,-0.0534612,-10.1023
340.8,-0.0534552,-10.105
340.85,-0.0534485,-10.1077
340.9,-0.0534503,-10.1104
340.95,-0.0534529,-10.113
341.0,-0.0534529,-10.1157
341.05,-0.0534778,-10.1184
341.1,-0.0534661,-10.1211
341.15,-0.0534904,-10.1237
341.2,-0.0535005,-10.1264
341.25,-0.0535008,-10.1291
341.3,-0.0534813,-10.1318
341.35,-0.0534786,-10.1344
341.4,-0.0534788,-10.1371
341.45,-0.053497,-10.1398
341.5,-0.0535034,-10.1424
341.55,-0.0535,-10.1451
341.6,-0.0534834,-10.1478
341.65,-0.0534824,-10.1505
341.7,-0.0535005,-10.1531
341.75,-0.0535064,-10.1558
341.8,-0.0535214,-10.1585
341.85,-0.053528,-10.1612
341.9,-0.0535293,-10.1638
341.95,-0.0535429,-10.1665
342.0,-0.0535304,-10.1692
342.05,-0.0535368,-10.1719
342.1,-0.0535491,-10.1746
342.15,-0.0535384,-10.1772
342.2,-0.0535382,-10.1799
342.25,-0.0535247,-10.1826
342.3,-0.0535342,-10.1853
342.35,-0.0535401,-10.1879
342.4,-0.0535308,-10.1906
342.45,-0.0535369,-10.1933
342.5,-0.0535515,-10.196
342.55,-0.0535605,-10.1987
342.6,-0.0535706,-10.2013
342.65,-0.0535856,-10.204
342.7,-0.0535779,-10.2067
342.75,-0.0535825,-10.2094
342.8,-0.0535677,-10.212
342.85,-0.0535631,-10.2147
342.9,-0.0535546,-10.2174
342.95,-0.0535669,-10.2201
343.0,-0.0535741,-10.2228
343.05,-0.0535796,-10.2254
343.1,-0.0535622,-10.2281
343.15,-0.0535689,-10.2308
343.2,-0.0535759,-10.2335
343.25,-0.0535825,-10.2362
343.3,-0.0535888,-10.2388
343.35,-0.0535982,-10.2415
343.4,-0.0536042,-10.2442
343.45,-0.0536169,-10.2469
343.5,-0.0536162,-10.2496
343.55,-0.0536177,-10.2522
343.6,-0.0536171,-10.2549
343.65,-0.0536163,-10.2576
343.7,-0.0536124,-10.2603
343.75,-0.0536152,-10.263
343.8,-0.0536276,-10.2656
343.85,-0.0536437,-10.2683
343.9,-0.0536701,-10.271
343.95,-0.0536596,-10.2737
344.0,-0.0536459,-10.2764
344.05,-0.0536339,-10.2791
344.1,-0.0536387,-10.2817
344.15,-0.0536391,-10.2844
344.2,-0.053667,-10.2871
344.25,-0.0536782,-10.2898
344.3,-0.0537017,-10.2925
344.35,-0.0536945,-10.2952
344.4,-0.0537171,-10.2978
344.45,-0.0537089,-10.3005
344.5,-0.0537042,-10.3032
344.55,-0.0537022,-10.3059
344.6,-0.0537109,-10.3086
344.65,-0.0537142,-10.3113
344.7,-0.0537078,-10.3139
344.75,-0.053705,-10.3166
344.8,-0.0537325,-10.3193
344.85,-0.0537524,-10.322
344.9,-0.0537528,-10.3247
344.95,-0.0537588,-10.3274
345.0,-0.0537511,-10.3301
345.05,-0.0537535,-10.3328
345.1,-0.0537489,-10.3354
345.15,-0.0537497,-10.3381
345.2,-0.0537647,-10.3408
345.25,-0.0537855,-10.3435
345.3,-0.0537907,-10.3462
345.35,-0.0538026,-10.3489
345.4,-0.0538103,-10.3516
345.45,-0.0538265,-10.3543
345.5,-0.0538218,-10.357
345.55,-0.0538244,-10.3597
345.6,-0.0538268,-10.3623
345.65,-0.0538316,-10.365
345.7,-0.0538465,-10.3677
345.75,-0.0538623,-10.3704
345.8,-0.0538566,-10.3731
345.85,-0.0538774,-10.3758
345.9,-0.0538601,-10.3785
345.95,-0.0538673,-10.3812
346.0,-0.0538892,-10.3839
346.05,-0.0538921,-10.3866
346.1,-0.0538952,-10.3893
346.15,-0.0538936,-10.392
346.2,-0.0539109,-10.3947
346.25,-0.0539134,-10.3974
346.3,-0.0538974,-10.4001
346.35,-0.0539171,-10.4028
346.4,-0.0539349,-10.4055
346.45,-0.053942,-10.4082
346.5,-0.0539436,-10.4108
346.55,-0.0539453,-10.4135
346.6,-0.0539503,-10.4162
346.65,-0.0539607,-10.4189
346.7,-0.0539693,-10.4216
346.75,-0.053978,-10.4243
346.8,-0.0539907,-10.427
346.85,-0.0539989,-10.4297
346.9,-0.0539939,-10.4324
346.95,-0.0540056,-10.4351
347.0,-0.0540246,-10.4378
347.05,-0.0540328,-10.4405
347.1,-0.0540298,-10.4432
347.15,-0.0540454,-10.4459
347.2,-0.0540342,-10.4486
347.25,-0.0540407,-10.4513
347.3,-0.054051,-10.4541
347.35,-0.0540462,-10.4568
347.4,-0.0540546,-10.4595
347.45,-0.0540584,-10.4622
347.5,-0.0540672,-10.4649
347.55,-0.0540818,-10.4676
347.6,-0.0540796,-10.4703
347.65,-0.054099,-10.473
347.7,-0.0541235,-10.4757
347.75,-0.0541127,-10.4784
347.8,-0.0541309,-10.4811
347.85,-0.0541256,-10.4838
347.9,-0.0541375,-10.4865
347.95,-0.0541367,-10.4892
348.0,-0.0541348,-10.4919
348.05,-0.0541472,-10.4946
348.1,-0.0541707,-10.4973
348.15,-0.0541735,-10.5
348.2,-0.0541703,-10.5028
348.25,-0.0541716,-10.5055
348.3,-0.0541713,-10.5082
348.35,-0.0541923,-10.5109
348.4,-0.0542085,-10.5136
348.45,-0.0542342,-10.5163
348.5,-0.0542402,-10.519
348.55,-0.0542371,-10.5217
348.6,-0.0542429,-10.5244
348.65,-0.0542375,-10.5272
348.7,-0.054246,-10.5299
348.75,-0.0542587,-10.5326
348.8,-0.0542707,-10.5353
348.85,-0.0542708,-10.538
348.9,-0.0542958,-10.5407
348.95,-0.0543011,-10.5434
349.0,-0.0543124,-10.5461
349.05,-0.0543049,-10.5489
349.1,-0.0543266,-10.5516
349.15,-0.0543298,-10.5543
349.2,-0.0543232,-10.557
349.25,-0.0543183,-10.5597
349.3,-0.0543161,-10.5624
349.35,-0.0543226,-10.5652
349.4,-0.0543607,-10.5679
349.45,-0.0543709,-10.5706
349.5,-0.0544106,-10.5733
349.55,-0.0544194,-10.576
349.6,-0.0544144,-10.5788
349.65,-0.0544158,-10.5815
349.7,-0.0544115,-10.5842
349.75,-0.0544239,-10.5869
349.8,-0.0544332,-10.5896
349.85,-0.0544516,-10.5924
349.9,-0.0544641,-10.5951
349.95,-0.0544725,-10.5978
350.0,-0.0544738,-10.6005
350.05,-0.0544991,-10.6033
350.1,-0.0544866,-10.606
350.15,-0.0545187,-10.6087
350.2,-0.0545119,-10.6114
350.25,-0.054532,-10.6142
350.3,-0.0545238,-10.6169
350.35,-0.0545424,-10.6196
350.4,-0.0545548,-10.6223
350.45,-0.0545781,-10.6251
350.5,-0.0545924,-10.6278
350.55,-0.0546031,-10.6305
350.6,-0.0546105,-10.6333
350.65,-0.0546184,-10.636
350.7,-0.0546313,-10.6387
350.75,-0.054642,-10.6415
350.8,-0.0546719,-10.6442
350.85,-0.0546983,-10.6469
350.9,-0.0546919,-10.6497
350.95,-0.0546975,-10.6524
351.0,-0.0546919,-10.6551
351.05,-0.054694,-10.6579
351.1,-0.05471,-10.6606
351.15,-0.0547134,-10.6633
351.2,-0.054737,-10.6661
351.25,-0.0547465,-10.6688
351.3,-0.0547795,-10.6716
351.35,-0.054789,-10.6743
351.4,-0.0548184,-10.677
351.45,-0.0548199,-10.6798
351.5,-0.0548369,-10.6825
351.55,-0.0548211,-10.6853
351.6,-0.0548188,-10.688
351.65,-0.0548201,-10.6907
351.7,-0.0548299,-10.6935
351.75,-0.0548575,-10.6962
351.8,-0.0548668,-10.699
351.85,-0.0548585,-10.7017
351.9,-0.05487,-10.7045
351.95,-0.0548709,-10.7072
352.0,-0.0548809,-10.7099
352.05,-0.0548914,-10.7127
352.1,-0.0549055,-10.7154
352.15,-0.0549261,-10.7182
352.2,-0.0549315,-10.7209
352.25,-0.0549395,-10.7237
352.3,-0.0549549,-10.7264
352.35,-0.0549735,-10.7292
352.4,-0.0549794,-10.7319
352.45,-0.0549956,-10.7347
352.5,-0.0550106,-10.7374
352.55,-0.0550075,-10.7402
352.6,-0.0550034,-10.7429
352.65,-0.0550095,-10.7457
352.7,-0.0550377,-10.7484
352.75,-0.0550702,-10.7512
352.8,-0.0550643,-10.7539
352.85,-0.0550803,-10.7567
352.9,-0.0550687,-10.7594
352.95,-0.05506,-10.7622
353.0,-0.0550667,-10.7649
353.05,-0.0550876,-10.7677
353.1,-0.055088,-10.7704
353.15,-0.0551018,-10.7732
353.2,-0.0551058,-10.776
353.25,-0.0551264,-10.7787
353.3,-0.0551304,-10.7815
353.35,-0.0551518,-10.7842
353.4,-0.0551756,-10.787
353.45,-0.0551794,-10.7897
353.5,-0.055195,-10.7925
353.55,-0.0551827,-10.7953
353.6,-0.0551908,-10.798
353.65,-0.055219,-10.8008
353.7,-0.0552238,-10.8035
353.75,-0.0552221,-10.8063
353.8,-0.0552318,-10.8091
353.85,-0.0552362,-10.8118
353.9,-0.0552463,-10.8146
353.95,-0.0552474,-10.8174
354.0,-0.055253,-10.8201
354.05,-0.0552621,-10.8229
354.1,-0.0552677,-10.8256
354.15,-0.0552812,-10.8284
354.2,-0.0552981,-10.8312
354.25,-0.0553152,-10.8339
354.3,-0.0553275,-10.8367
354.35,-0.055353,-10.8395
354.4,-0.0553804,-10.8422
354.45,-0.055387,-10.845
354.5,-0.0553582,-10.8478
354.55,-0.055368,-10.8505
354.6,-0.0553482,-10.8533
354.65,-0.0553587,-10.8561
354.7,-0.0553893,-10.8589
354.75,-0.0554041,-10.8616
354.8,-0.0554148,-10.8644
354.85,-0.055423,-10.8672
354.9,-0.0554112,-10.8699
354.95,-0.0554435,-10.8727
355.0,-0.0554415,-10.8755
355.05,-0.055458,-10.8783
355.1,-0.0554529,-10.881
355.15,-0.0554617,-10.8838
355.2,-0.0554518,-10.8866
355.25,-0.0554573,-10.8893
355.3,-0.0554732,-10.8921
355.35,-0.0554965,-10.8949
355.4,-0.0555163,-10.8977
355.45,-0.0555159,-10.9004
355.5,-0.0555132,-10.9032
355.55,-0.0555239,-10.906
355.6,-0.0555301,-10.9088
355.65,-0.0555313,-10.9115
355.7,-0.055539,-10.9143
355.75,-0.0555506,-10.9171
355.8,-0.0555363,-10.9199
355.85,-0.0555512,-10.9227
355.9,-0.055575,-10.9254
355.95,-0.0555842,-10.9282
356.0,-0.0556082,-10.931
356.05,-0.0556064,-10.9338
356.1,-0.0556109,-10.9366
356.15,-0.0556231,-10.9393
356.2,-0.055618,-10.9421
356.25,-0.0556336,-10.9449
356.3,-0.0556545,-10.9477
356.35,-0.0556577,-10.9505
356.4,-0.0556604,-10.9532
356.45,-0.0556689,-10.956
356.5,-0.0556712,-10.9588
356.55,-0.0556692,-10.9616
356.6,-0.0556742,-10.9644
356.65,-0.0556931,-10.9672
356.7,-0.0557068,-10.97
356.75,-0.0557159,-10.9727
356.8,-0.0557787,-10.9755
356.85,-0.0557824,-10.9783
356.9,-0.0557921,-10.9811
356.95,-0.0557991,-10.9839
357.0,-0.0558087,-10.9867
357.05,-0.0558124,-10.9895
357.1,-0.0557989,-10.9923
357.15,-0.0558037,-10.9951
357.2,-0.0558151,-10.9978
357.25,-0.0558213,-11.0006
357.3,-0.0558372,-11.0034
357.35,-0.0558458,-11.0062
357.4,-0.0558626,-11.009
357.45,-0.0558834,-11.0118
357.5,-0.055894,-11.0146
357.55,-0.0558817,-11.0174
357.6,-0.0558705,-11.0202
357.65,-0.0558622,-11.023
357.7,-0.0558642,-11.0258
357.75,-0.0558675,-11.0286
357.8,-0.0558843,-11.0314
357.85,-0.0559008,-11.0342
357.9,-0.0558959,-11.037
357.95,-0.0559081,-11.0398
358.0,-0.0559239,-11.0425
358.05,-0.0559301,-11.0453
358.1,-0.0559615,-11.0481
358.15,-0.0559785,-11.0509
358.2,-0.0559847,-11.0537
358.25,-0.0559882,-11.0565
358.3,-0.0559696,-11.0593
358.35,-0.055987,-11.0621
358.4,-0.0560155,-11.0649
358.45,-0.0560335,-11.0677
358.5,-0.0560478,-11.0705
358.55,-0.0560398,-11.0733
358.6,-0.056022,-11.0761
358.65,-0.0560033,-11.0789
358.7,-0.0560096,-11.0817
358.75,-0.0560297,-11.0845
358.8,-0.0560446,-11.0874
358.85,-0.0560484,-11.0902
358.9,-0.0560537,-11.093
358.95,-0.05606,-11.0958
359.0,-0.0560538,-11.0986
359.05,-0.056075,-11.1014
359.1,-0.056085,-11.1042
359.15,-0.0560904,-11.107
359.2,-0.0560902,-11.1098
359.25,-0.0561023,-11.1126
359.3,-0.0561021,-11.1154
359.35,-0.0561395,-11.1182
359.4,-0.05614,-11.121
359.45,-0.0561497,-11.1238
359.5,-0.0561609,-11.1266
359.55,-0.056153,-11.1294
359.6,-0.0561425,-11.1322
359.65,-0.0561452,-11.135
359.7,-0.0561627,-11.1378
359.75,-0.0561793,-11.1407
359.8,-0.0561738,-11.1435
359.85,-0.0561945,-11.1463
359.9,-0.0561915,-11.1491
359.95,-0.0562089,-11.1519
360.0,-0.0562124,-11.1547
360.05,-0.0562152,-11.1575
360.1,-0.0562362,-11.1603
360.15,-0.0562149,-11.1631
360.2,-0.056212,-11.166
360.25,-0.0562164,-11.1688
360.3,-0.0562332,-11.1716
360.35,-0.0562511,-11.1744
360.4,-0.0562642,-11.1772
360.45,-0.0562616,-11.18
360.5,-0.0562688,-11.1828
360.55,-0.0562354,-11.1856
360.6,-0.0562318,-11.1884
360.65,-0.0562353,-11.1913
360.7,-0.0562589,-11.1941
360.75,-0.0562747,-11.1969
360.8,-0.0562861,-11.1997
360.85,-0.0562799,-11.2025
360.9,-0.0562869,-11.2053
360.95,-0.0563062,-11.2081
361.0,-0.0563173,-11.211
361.05,-0.0563092,-11.2138
361.1,-0.0563092,-11.2166
361.15,-0.0563068,-11.2194
361.2,-0.0563151,-11.2222
361.25,-0.0563415,-11.225
361.3,-0.0563688,-11.2279
361.35,-0.056377,-11.2307
361.4,-0.0564173,-11.2335
361.45,-0.0564222,-11.2363
361.5,-0.0563955,-11.2391
361.55,-0.0563622,-11.242
361.6,-0.0563551,-11.2448
361.65,-0.0563611,-11.2476
361.7,-0.0563667,-11.2504
361.75,-0.0563776,-11.2532
361.8,-0.0564112,-11.2561
361.85,-0.056426,-11.2589
361.9,-0.0564263,-11.2617
361.95,-0.0564358,-11.2645
362.0,-0.0564188,-11.2673
362.05,-0.0564195,-11.2702
362.1,-0.0564065,-11.273
362.15,-0.0564168,-11.2758
362.2,-0.056427,-11.2786
362.25,-0.0564581,-11.2814
362.3,-0.0564689,-11.2843
362.35,-0.0564794,-11.2871
362.4,-0.0564596,-11.2899
362.45,-0.0564473,-11.2927
362.5,-0.0564538,-11.2956
362.55,-0.0564505,-11.2984
362.6,-0.0564625,-11.3012
362.65,-0.0564725,-11.304
362.7,-0.0564757,-11.3069
362.75,-0.0564934,-11.3097
362.8,-0.0565024,-11.3125
362.85,-0.0565108,-11.3153
362.9,-0.0565167,-11.3182
362.95,-0.0565266,-11.321
363.0,-0.0565452,-11.3238
363.05,-0.0565561,-11.3266
363.1,-0.0565498,-11.3295
363.15,-0.0565456,-11.3323
363.2,-0.0565446,-11.3351
363.25,-0.0565722,-11.3379
363.3,-0.0565836,-11.3408
363.35,-0.0565853,-11.3436
363.4,-0.05659,-11.3464
363.45,-0.0565895,-11.3493
363.5,-0.0566021,-11.3521
363.55,-0.0565885,-11.3549
363.6,-0.0565745,-11.3577
363.65,-0.0565738,-11.3606
363.7,-0.0565807,-11.3634
363.75,-0.0565933,-11.3662
363.8,-0.0566065,-11.3691
363.85,-0.0566151,-11.3719
363.9,-0.0566295,-11.3747
363.95,-0.056648,-11.3776
364.0,-0.0566506,-11.3804
364.05,-0.0566413,-11.3832
364.1,-0.0566333,-11.3861
364.15,-0.0566326,-11.3889
364.2,-0.0566557,-11.3917
364.25,-0.056657,-11.3946
364.3,-0.0566619,-11.3974
364.35,-0.0566704,-11.4002
364.4,-0.0566807,-11.4031
364.45,-0.0566851,-11.4059
364.5,-0.0567031,-11.4087
364.55,-0.056696,-11.4116
364.6,-0.056708,-11.4144
364.65,-0.0566874,-11.4172
364.7,-0.0566904,-11.4201
364.75,-0.0567025,-11.4229
364.8,-0.0567017,-11.4257
364.85,-0.0567187,-11.4286
364.9,-0.0567343,-11.4314
364.95,-0.0567448,-11.4342
365.0,-0.0567624,-11.4371
365.05,-0.0567648,-11.4399
365.1,-0.0567814,-11.4428
365.15,-0.0567781,-11.4456
365.2,-0.05677,-11.4484
365.25,-0.056767,-11.4513
365.3,-0.0567618,-11.4541
365.35,-0.0567657,-11.457
365.4,-0.0567714,-11.4598
365.45,-0.0567828,-11.4626
365.5,-0.0567865,-11.4655
365.55,-0.0568017,-11.4683
365.6,-0.0567904,-11.4711
365.65,-0.0567982,-11.474
365.7,-0.0567988,-11.4768
365.75,-0.0568127,-11.4797
365.8,-0.056835,-11.4825
365.85,-0.0568425,-11.4854
365.9,-0.0568482,-11.4882
365.95,-0.0568504,-11.491
366.0,-0.0568545,-11.4939
366.05,-0.0568508,-11.4967
366.1,-0.0568656,-11.4996
366.15,-0.0568786,-11.5024
366.2,-0.0568806,-11.5053
366.25,-0.0568851,-11.5081
366.3,-0.0568875,-11.5109
366.35,-0.0568863,-11.5138
366.4,-0.0569013,-11.5166
366.45,-0.0569146,-11.5195
366.5,-0.0569284,-11.5223
366.55,-0.0569474,-11.5252
366.6,-0.0569541,-11.528
366.65,-0.056964,-11.5309
366.7,-0.0569677,-11.5337
366.75,-0.0569937,-11.5366
366.8,-0.0569832,-11.5394
366.85,-0.0570022,-11.5423
366.9,-0.0570048,-11.5451
366.95,-0.0570131,-11.548
367.0,-0.0570122,-11.5508
367.05,-0.0570229,-11.5537
367.1,-0.0570407,-11.5565
367.15,-0.057045,-11.5594
367.2,-0.0570406,-11.5622
367.25,-0.0570416,-11.5651
367.3,-0.0570741,-11.5679
367.35,-0.0570795,-11.5708
367.4,-0.0570806,-11.5736
367.45,-0.0570545,-11.5765
367.5,-0.0570579,-11.5793
367.55,-0.057062,-11.5822
367.6,-0.0570701,-11.5851
367.65,-0.0570745,-11.5879
367.7,-0.0570874,-11.5908
367.75,-0.0571065,-11.5936
367.8,-0.0571156,-11.5965
367.85,-0.0571197,-11.5993
367.9,-0.0571228,-11.6022
367.95,-0.0571353,-11.605
368.0,-0.0571414,-11.6079
368.05,-0.0571592,-11.6108
368.1,-0.0571652,-11.6136
368.15,-0.0571686,-11.6165
368.2,-0.0571793,-11.6193
368.25,-0.0571917,-11.6222
368.3,-0.0572218,-11.625
368.35,-0.0572406,-11.6279
368.4,-0.0572386,-11.6308
368.45,-0.0572545,-11.6336
368.5,-0.0572455,-11.6365
368.55,-0.0572596,-11.6394
368.6,-0.0572648,-11.6422
368.65,-0.0572751,-11.6451
368.7,-0.0572812,-11.648
368.75,-0.0572903,-11.6508
368.8,-0.0572964,-11.6537
368.85,-0.057317,-11.6565
368.9,-0.0573246,-11.6594
368.95,-0.05736,-11.6623
369.0,-0.057374,-11.6652
369.05,-0.0573638,-11.668
369.1,-0.0573474,-11.6709
369.15,-0.0573252,-11.6738
369.2,-0.0573318,-11.6766
369.25,-0.057341,-11.6795
369.3,-0.0573412,-11.6824
369.35,-0.05738,-11.6852
369.4,-0.0573949,-11.6881
369.45,-0.0573893,-11.691
369.5,-0.0573923,-11.6938
369.55,-0.0573839,-11.6967
369.6,-0.057383,-11.6996
369.65,-0.0573896,-11.7024
369.7,-0.0574011,-11.7053
369.75,-0.057421,-11.7082
369.8,-0.0574478,-11.7111
369.85,-0.0574512,-11.7139
369.9,-0.0574529,-11.7168
369.95,-0.0574571,-11.7197
370.0,-0.057477,-11.7225
370.05,-0.0574558,-11.7254
370.1,-0.0574472,-11.7283
370.15,-0.0574502,-11.7312
370.2,-0.0574794,-11.734
370.25,-0.0574866,-11.7369
370.3,-0.0575112,-11.7398
370.35,-0.0575169,-11.7427
370.4,-0.0575481,-11.7455
370.45,-0.0575367,-11.7484
370.5,-0.0575431,-11.7513
370.55,-0.0575488,-11.7542
370.6,-0.0575394,-11.757
370.65,-0.0575395,-11.7599
370.7,-0.0575347,-11.7628
370.75,-0.0575426,-11.7657
370.8,-0.0575861,-11.7686
370.85,-0.0576072,-11.7714
370.9,-0.0576003,-11.7743
370.95,-0.0575961,-11.7772
371.0,-0.0575937,-11.7801
371.05,-0.0575984,-11.783
371.1,-0.0575968,-11.7858
371.15,-0.0575913,-11.7887
371.2,-0.0576045,-11.7916
371.25,-0.0576205,-11.7945
371.3,-0.057618,-11.7974
371.35,-0.0576406,-11.8002
371.4,-0.0576603,-11.8031
371.45,-0.057675,-11.806
371.5,-0.0576772,-11.8089
371.55,-0.0576803,-11.8118
371.6,-0.0576976,-11.8147
371.65,-0.0576954,-11.8175
371.7,-0.0577098,-11.8204
371.75,-0.0577377,-11.8233
371.8,-0.0577424,-11.8262
371.85,-0.0577591,-11.8291
371.9,-0.0577336,-11.832
371.95,-0.05773,-11.8349
372.0,-0.0577305,-11.8378
372.05,-0.0577344,-11.8406
372.1,-0.0577404,-11.8435
372.15,-0.0577646,-11.8464
372.2,-0.0578272,-11.8493
372.25,-0.0578365,-11.8522
372.3,-0.0578202,-11.8551
372.35,-0.0578009,-11.858
372.4,-0.0578123,-11.8609
372.45,-0.0578193,-11.8638
372.5,-0.0578358,-11.8667
372.55,-0.0578304,-11.8695
372.6,-0.0578177,-11.8724
372.65,-0.0578276,-11.8753
372.7,-0.0578346,-11.8782
372.75,-0.0578467,-11.8811
372.8,-0.0578531,-11.884
372.85,-0.0578731,-11.8869
372.9,-0.0578832,-11.8898
372.95,-0.057876,-11.8927
373.0,-0.0578639,-11.8956
373.05,-0.057857,-11.8985
373.1,-0.0578536,-11.9014
373.15,-0.0578544,-11.9043
373.2,-0.0578736,-11.9071
373.25,-0.0578773,-11.91
373.3,-0.0578847,-11.9129
373.35,-0.0578866,-11.9158
373.4,-0.0578877,-11.9187
373.45,-0.0579028,-11.9216
373.5,-0.0579156,-11.9245
373.55,-0.0579149,-11.9274
373.6,-0.0579041,-11.9303
373.65,-0.0578923,-11.9332
373.7,-0.0578944,-11.9361
373.75,-0.0579001,-11.939
373.8,-0.0579025,-11.9419
373.85,-0.0579022,-11.9448
373.9,-0.0579027,-11.9477
373.95,-0.0578932,-11.9506
374.0,-0.0579052,-11.9535
374.05,-0.0579132,-11.9564
374.1,-0.05792,-11.9593
374.15,-0.0579247,-11.9622
374.2,-0.0579338,-11.9651
374.25,-0.0579409,-11.9679
374.3,-0.0579553,-11.9708
374.35,-0.0579558,-11.9737
374.4,-0.0579728,-11.9766
374.45,-0.057954,-11.9795
374.5,-0.0579726,-11.9824
374.55,-0.0579674,-11.9853
374.6,-0.0579661,-11.9882
374.65,-0.0579606,-11.9911
374.7,-0.0579462,-11.994
374.75,-0.0579754,-11.9969
374.8,-0.0579972,-11.9998
374.85,-0.0580008,-12.0027
374.9,-0.0580169,-12.0056
374.95,-0.0580377,-12.0085
375.0,-0.0580281,-12.0114
375.05,-0.0580306,-12.0143
375.1,-0.0580224,-12.0172
375.15,-0.0579329,-12.0201
375.2,-0.0578707,-12.023
375.25,-0.0578868,-12.0259
375.3,-0.0579072,-12.0288
375.35,-0.0579103,-12.0317
375.4,-0.0579048,-12.0346
375.45,-0.0579199,-12.0375
375.5,-0.0579194,-12.0404
375.55,-0.0579294,-12.0433
375.6,-0.0579319,-12.0462
375.65,-0.0579289,-12.0491
375.7,-0.0579415,-12.052
375.75,-0.0579478,-12.0549
375.8,-0.0579511,-12.0578
375.85,-0.0579808,-12.0607
375.9,-0.0579828,-12.0636
375.95,-0.0579822,-12.0665
376.0,-0.0579841,-12.0694
376.05,-0.0579896,-12.0723
376.1,-0.057977,-12.0752
376.15,-0.0579804,-12.0781
376.2,-0.0579922,-12.081
376.25,-0.0580214,-12.0839
376.3,-0.0580151,-12.0868
376.35,-0.0580365,-12.0897
376.4,-0.0580255,-12.0926
376.45,-0.0580331,-12.0955
376.5,-0.058023,-12.0984
376.55,-0.058,-12.1013
376.6,-0.0580054,-12.1042
376.65,-0.0580206,-12.1071
376.7,-0.0580087,-12.11
376.75,-0.0580204,-12.1129
376.8,-0.0580265,-12.1158
376.85,-0.0580296,-12.1187
376.9,-0.0580215,-12.1216
376.95,-0.0580119,-12.1245
377.0,-0.058021,-12.1274
377.05,-0.0580152,-12.1303
377.1,-0.0580014,-12.1332
377.15,-0.0580067,-12.1361
377.2,-0.0580241,-12.139
377.25,-0.0580284,-12.1419
377.3,-0.0580365,-12.1448
377.35,-0.0580331,-12.1477
377.4,-0.0580377,-12.1506
377.45,-0.058036,-12.1535
377.5,-0.0580454,-12.1564
377.55,-0.0580343,-12.1593
377.6,-0.0580358,-12.1622
377.65,-0.0580283,-12.1651
377.7,-0.0580343,-12.168
377.75,-0.0580588,-12.1709
377.8,-0.058073,-12.1738
377.85,-0.0580876,-12.1767
377.9,-0.0580799,-12.1796
377.95,-0.0580755,-12.1825
378.0,-0.0580594,-12.1854
378.05,-0.0580508,-12.1883
378.1,-0.0580418,-12.1912
378.15,-0.0580445,-12.1941
378.2,-0.0580512,-12.197
378.25,-0.0580713,-12.1999
378.3,-0.0580845,-12.2029
378.35,-0.0580937,-12.2058
378.4,-0.0581203,-12.2087
378.45,-0.0581371,-12.2116
378.5,-0.0581141,-12.2145
378.55,-0.0580769,-12.2174
378.6,-0.0580724,-12.2203
378.65,-0.0580713,-12.2232
378.7,-0.0580676,-12.2261
378.75,-0.0580865,-12.229
378.8,-0.0580964,-12.2319
378.85,-0.0581111,-12.2348
378.9,-0.0581073,-12.2377
378.95,-0.0580864,-12.2406
379.0,-0.0580827,-12.2435
379.05,-0.0580792,-12.2464
379.1,-0.0580866,-12.2493
379.15,-0.0580853,-12.2522
379.2,-0.0580867,-12.2551
379.25,-0.0580818,-12.258
379.3,-0.0580894,-12.2609
379.35,-0.0580998,-12.2638
379.4,-0.0581228,-12.2668
379.45,-0.0581313,-12.2697
379.5,-0.0581228,-12.2726
379.55,-0.0581117,-12.2755
379.6,-0.0580968,-12.2784
379.65,-0.0581009,-12.2813
379.7,-0.058101,-12.2842
379.75,-0.0580998,-12.2871
379.8,-0.058118,-12.29
379.85,-0.0581178,-12.2929
379.9,-0.0581316,-12.2958
379.95,-0.0581232,-12.2987
380.0,-0.0581177,-12.3016
380.05,-0.0581115,-12.3045
380.1,-0.058112,-12.3074
380.15,-0.0581023,-12.3103
380.2,-0.0581119,-12.3132
380.25,-0.058113,-12.3161
380.3,-0.058121,-12.3191
380.35,-0.058143,-12.322
380.4,-0.058161,-12.3249
380.45,-0.0581755,-12.3278
380.5,-0.0581513,-12.3307
380.55,-0.0581528,-12.3336
380.6,-0.0581306,-12.3365
380.65,-0.0581322,-12.3394
380.7,-0.0581462,-12.3423
380.75,-0.0581593,-12.3452
380.8,-0.0581579,-12.3481
380.85,-0.0581684,-12.351
380.9,-0.0581531,-12.3539
380.95,-0.058154,-12.3569
381.0,-0.0581542,-12.3598
381.05,-0.058153,-12.3627
381.1,-0.0581634,-12.3656
381.15,-0.0581777,-12.3685
381.2,-0.0582469,-12.3714
381.25,-0.0582282,-12.3743
381.3,-0.0582204,-12.3772
381.35,-0.0582255,-12.3801
381.4,-0.0582208,-12.383
381.45,-0.0582143,-12.386
381.5,-0.0582208,-12.3889
381.55,-0.0582211,-12.3918
381.6,-0.0582186,-12.3947
381.65,-0.0582202,-12.3976
381.7,-0.0582181,-12.4005
381.75,-0.0582254,-12.4034
381.8,-0.0582223,-12.4063
381.85,-0.0582233,-12.4092
381.9,-0.058221,-12.4122
381.95,-0.0582228,-12.4151
382.0,-0.0582249,-12.418
382.05,-0.0582409,-12.4209
382.1,-0.0582687,-12.4238
382.15,-0.0582848,-12.4267
382.2,-0.0582551,-12.4296
382.25,-0.0582644,-12.4325
382.3,-0.0582694,-12.4355
382.35,-0.0582691,-12.4384
382.4,-0.0582746,-12.4413
382.45,-0.058266,-12.4442
382.5,-0.0582862,-12.4471
382.55,-0.0582758,-12.45
382.6,-0.0582691,-12.4529
382.65,-0.0582784,-12.4559
382.7,-0.058285,-12.4588
382.75,-0.0582861,-12.4617
382.8,-0.0582837,-12.4646
382.85,-0.0582778,-12.4675
382.9,-0.0582769,-12.4704
382.95,-0.058277,-12.4733
383.0,-0.0582904,-12.4763
383.05,-0.058302,-12.4792
383.1,-0.058297,-12.4821
383.15,-0.0582933,-12.485
383.2,-0.0583003,-12.4879
383.25,-0.0583077,-12.4908
383.3,-0.0583201,-12.4937
383.35,-0.0583157,-12.4967
383.4,-0.0583093,-12.4996
383.45,-0.0583047,-12.5025
383.5,-0.0583139,-12.5054
383.55,-0.0583035,-12.5083
383.6,-0.058315,-12.5112
383.65,-0.0583268,-12.5142
383.7,-0.0583262,-12.5171
383.75,-0.0583359,-12.52
383.8,-0.0583381,-12.5229
383.85,-0.0583419,-12.5258
383.9,-0.0583421,-12.5287
383.95,-0.0583503,-12.5317
384.0,-0.0583571,-12.5346
384.05,-0.058369,-12.5375
384.1,-0.0583659,-12.5404
384.15,-0.0583832,-12.5433
384.2,-0.0583763,-12.5462
384.25,-0.0583651,-12.5492
384.3,-0.058369,-12.5521
384.35,-0.0583688,-12.555
384.4,-0.0584134,-12.5579
384.45,-0.0584198,-12.5608
384.5,-0.0584123,-12.5638
384.55,-0.0584159,-12.5667
384.6,-0.0583983,-12.5696
384.65,-0.0583903,-12.5725
384.7,-0.0583946,-12.5754
384.75,-0.0584065,-12.5784
384.8,-0.0584174,-12.5813
384.85,-0.0584152,-12.5842
384.9,-0.0584086,-12.5871
384.95,-0.0584037,-12.59
385.0,-0.05841,-12.593
385.05,-0.0584137,-12.5959
385.1,-0.0584176,-12.5988
385.15,-0.0584221,-12.6017
385.2,-0.0584134,-12.6046
385.25,-0.0584253,-12.6076
385.3,-0.05843,-12.6105
385.35,-0.0584304,-12.6134
385.4,-0.0584253,-12.6163
385.45,-0.058464,-12.6193
385.5,-0.0585464,-12.6222
385.55,-0.058524,-12.6251
385.6,-0.0585162,-12.628
385.65,-0.0584978,-12.631
385.7,-0.0585041,-12.6339
385.75,-0.058535,-12.6368
385.8,-0.0585509,-12.6397
385.85,-0.0585673,-12.6427
385.9,-0.0585516,-12.6456
385.95,-0.05853,-12.6485
386.0,-0.058529,-12.6515
386.05,-0.0585137,-12.6544
386.1,-0.0585231,-12.6573
386.15,-0.0585513,-12.6602
386.2,-0.0585536,-12.6632
386.25,-0.0585358,-12.6661
386.3,-0.0585431,-12.669
386.35,-0.0585556,-12.6719
386.4,-0.0585663,-12.6749
386.45,-0.0585996,-12.6778
386.5,-0.0586186,-12.6807
386.55,-0.058582,-12.6837
386.6,-0.0585594,-12.6866
386.65,-0.0585636,-12.6895
386.7,-0.0585749,-12.6924
386.75,-0.0585841,-12.6954
386.8,-0.0585985,-12.6983
386.85,-0.0585978,-12.7012
386.9,-0.0586166,-12.7042
386.95,-0.0586051,-12.7071
387.0,-0.0585945,-12.71
387.05,-0.0586085,-12.713
387.1,-0.0586086,-12.7159
387.15,-0.0586132,-12.7188
387.2,-0.0586214,-12.7217
387.25,-0.0586236,-12.7247
387.3,-0.0586326,-12.7276
387.35,-0.0586383,-12.7305
387.4,-0.0586526,-12.7335
387.45,-0.0586569,-12.7364
387.5,-0.0586442,-12.7393
387.55,-0.0586425,-12.7423
387.6,-0.0586348,-12.7452
387.65,-0.0586382,-12.7481
387.7,-0.0586517,-12.7511
387.75,-0.0586606,-12.754
387.8,-0.0586728,-12.7569
387.85,-0.0586687,-12.7599
387.9,-0.0586721,-12.7628
387.95,-0.0586645,-12.7657
388.0,-0.058682,-12.7687
388.05,-0.0586927,-12.7716
388.1,-0.0586994,-12.7745
388.15,-0.0587035,-12.7775
388.2,-0.0587233,-12.7804
388.25,-0.0587223,-12.7833
388.3,-0.0587667,-12.7863
388.35,-0.058777,-12.7892
388.4,-0.0587738,-12.7922
388.45,-0.0587705,-12.7951
388.5,-0.0587907,-12.798
388.55,-0.0587958,-12.801
388.6,-0.0588054,-12.8039
388.65,-0.0588226,-12.8069
388.7,-0.0588063,-12.8098
388.75,-0.0588089,-12.8127
388.8,-0.0588046,-12.8157
388.85,-0.0588082,-12.8186
388.9,-0.0588249,-12.8216
388.95,-0.0588311,-12.8245
389.0,-0.0588354,-12.8274
389.05,-0.0588308,-12.8304
389.1,-0.0588356,-12.8333
389.15,-0.0588368,-12.8363
389.2,-0.0588448,-12.8392
389.25,-0.0588563,-12.8422
389.3,-0.0588527,-12.8451
389.35,-0.0588498,-12.848
389.4,-0.0588707,-12.851
389.45,-0.0588563,-12.8539
389.5,-0.0588548,-12.8569
389.55,-0.0588522,-12.8598
389.6,-0.0588622,-12.8628
389.65,-0.0588715,-12.8657
389.7,-0.0588674,-12.8686
389.75,-0.0588754,-12.8716
389.8,-0.0588871,-12.8745
389.85,-0.0588977,-12.8775
389.9,-0.0588929,-12.8804
389.95,-0.0588966,-12.8834
390.0,-0.0589257,-12.8863
390.05,-0.0589316,-12.8893
390.1,-0.0589296,-12.8922
390.15,-0.0589207,-12.8951
390.2,-0.0589291,-12.8981
390.25,-0.0589347,-12.901
390.3,-0.0589299,-12.904
390.35,-0.0589261,-12.9069
390.4,-0.0589401,-12.9099
390.45,-0.0589397,-12.9128
390.5,-0.0589334,-12.9158
390.55,-0.0589424,-12.9187
390.6,-0.0589521,-12.9217
390.65,-0.0589586,-12.9246
390.7,-0.0589704,-12.9276
390.75,-0.0589788,-12.9305
390.8,-0.0589846,-12.9335
390.85,-0.0589693,-12.9364
390.9,-0.0589698,-12.9394
390.95,-0.0589782,-12.9423
391.0,-0.0589906,-12.9453
391.05,-0.0589866,-12.9482
391.1,-0.0589979,-12.9512
391.15,-0.0589962,-12.9541
391.2,-0.0589945,-12.9571
391.25,-0.0589994,-12.96
391.3,-0.0590108,-12.963
391.35,-0.0590104,-12.9659
391.4,-0.0590082,-12.9689
391.45,-0.0590137,-12.9718
391.5,-0.0590199,-12.9748
391.55,-0.0590231,-12.9777
391.6,-0.059035,-12.9807
391.65,-0.0590434,-12.9836
391.7,-0.0590527,-12.9866
391.75,-0.0590344,-12.9895
391.8,-0.0590381,-12.9925
391.85,-0.0590548,-12.9954
391.9,-0.0590558,-12.9984
391.95,-0.0590734,-13.0013
392.0,-0.0590911,-13.0043
392.05,-0.0590932,-13.0072
392.1,-0.0591009,-13.0102
392.15,-0.0590958,-13.0132
392.2,-0.0591046,-13.0161
392.25,-0.0591181,-13.0191
392.3,-0.0591157,-13.022
392.35,-0.0591196,-13.025
392.4,-0.0591084,-13.0279
392.45,-0.0591141,-13.0309
392.5,-0.059131,-13.0338
392.55,-0.0591354,-13.0368
392.6,-0.0591539,-13.0398
392.65,-0.0591957,-13.0427
392.7,-0.0592022,-13.0457
392.75,-0.0592185,-13.0486
392.8,-0.0592058,-13.0516
392.85,-0.0592242,-13.0546
392.9,-0.0592122,-13.0575
392.95,-0.0592029,-13.0605
393.0,-0.059206,-13.0634
393.05,-0.0592035,-13.0664
393.1,-0.0592255,-13.0694
393.15,-0.0592583,-13.0723
393.2,-0.0592507,-13.0753
393.25,-0.0592681,-13.0783
393.3,-0.0592597,-13.0812
393.35,-0.0592669,-13.0842
393.4,-0.0592757,-13.0871
393.45,-0.0592838,-13.0901
393.5,-0.0592901,-13.0931
393.55,-0.0592905,-13.096
393.6,-0.0593009,-13.099
393.65,-0.0592888,-13.102
393.7,-0.0593082,-13.1049
393.75,-0.0593187,-13.1079
393.8,-0.0593163,-13.1109
393.85,-0.0593312,-13.1138
393.9,-0.0593479,-13.1168
393.95,-0.059339,-13.1198
394.0,-0.0593569,-13.1227
394.05,-0.0593488,-13.1257
394.1,-0.0593622,-13.1287
394.15,-0.0593682,-13.1316
394.2,-0.0593735,-13.1346
394.25,-0.0593794,-13.1376
394.3,-0.0593861,-13.1405
394.35,-0.0593919,-13.1435
394.4,-0.0594098,-13.1465
394.45,-0.0594284,-13.1495
394.5,-0.0594194,-13.1524
394.55,-0.0594068,-13.1554
394.6,-0.0594192,-13.1584
394.65,-0.0594323,-13.1613
394.7,-0.0594408,-13.1643
394.75,-0.0594638,-13.1673
394.8,-0.0594594,-13.1703
394.85,-0.0594611,-13.1732
394.9,-0.0594687,-13.1762
394.95,-0.059466,-13.1792
395.0,-0.0594756,-13.1821
395.05,-0.05946,-13.1851
395.1,-0.0594794,-13.1881
395.15,-0.0594837,-13.1911
395.2,-0.0594937,-13.194
395.25,-0.0595105,-13.197
395.3,-0.0595065,-13.2
395.35,-0.059526,-13.203
395.4,-0.0595371,-13.2059
395.45,-0.0595331,-13.2089
395.5,-0.0595314,-13.2119
395.55,-0.0595118,-13.2149
395.6,-0.0595229,-13.2179
395.65,-0.0595373,-13.2208
395.7,-0.0595493,-13.2238
395.75,-0.0595655,-13.2268
395.8,-0.0595456,-13.2298
395.85,-0.0595602,-13.2327
395.9,-0.059581,-13.2357
395.95,-0.0595928,-13.2387
396.0,-0.0595867,-13.2417
396.05,-0.0595827,-13.2447
396.1,-0.0595798,-13.2476
396.15,-0.0595859,-13.2506
396.2,-0.0595916,-13.2536
396.25,-0.0595895,-13.2566
396.3,-0.0596204,-13.2596
396.35,-0.0596307,-13.2625
396.4,-0.0596497,-13.2655
396.45,-0.0596498,-13.2685
396.5,-0.059657,-13.2715
396.55,-0.0596581,-13.2745
396.6,-0.0596984,-13.2775
396.65,-0.0597194,-13.2804
396.7,-0.0597241,-13.2834
396.75,-0.0597289,-13.2864
396.8,-0.0597341,-13.2894
396.85,-0.0597304,-13.2924
396.9,-0.0597339,-13.2954
396.95,-0.0597404,-13.2984
397.0,-0.0597452,-13.3013
397.05,-0.0597734,-13.3043
397.1,-0.0597685,-13.3073
397.15,-0.0597591,-13.3103
397.2,-0.0597823,-13.3133
397.25,-0.0597901,-13.3163
397.3,-0.0598045,-13.3193
397.35,-0.059822,-13.3223
397.4,-0.0598114,-13.3253
397.45,-0.059837,-13.3283
397.5,-0.0599065,-13.3312
397.55,-0.0599512,-13.3342
397.6,-0.0599414,-13.3372
397.65,-0.0599534,-13.3402
397.7,-0.0599375,-13.3432
397.75,-0.0599543,-13.3462
397.8,-0.059945,-13.3492
397.85,-0.0599583,-13.3522
397.9,-0.0599627,-13.3552
397.95,-0.0599947,-13.3582
398.0,-0.0599904,-13.3612
398.05,-0.0599827,-13.3642
398.1,-0.0599822,-13.3672
398.15,-0.0599901,-13.3702
398.2,-0.0599909,-13.3732
398.25,-0.0599943,-13.3762
398.3,-0.06001,-13.3792
398.35,-0.0600135,-13.3822
398.4,-0.0600297,-13.3852
398.45,-0.0600513,-13.3882
398.5,-0.0600549,-13.3912
398.55,-0.0600556,-13.3942
398.6,-0.0600629,-13.3972
398.65,-0.0600617,-13.4002
398.7,-0.06006,-13.4032
398.75,-0.0600601,-13.4062
398.8,-0.0600768,-13.4093
398.85,-0.0600819,-13.4123
398.9,-0.0600944,-13.4153
398.95,-0.0601005,-13.4183
399.0,-0.0601333,-13.4213
399.05,-0.0601215,-13.4243
399.1,-0.0601509,-13.4273
399.15,-0.0601379,-13.4303
399.2,-0.0601454,-13.4333
399.25,-0.060146,-13.4363
399.3,-0.0601464,-13.4393
399.35,-0.0601515,-13.4423
399.4,-0.0601704,-13.4453
399.45,-0.0601853,-13.4483
399.5,-0.0602132,-13.4514
399.55,-0.0602145,-13.4544
399.6,-0.0602197,-13.4574
399.65,-0.0602269,-13.4604
399.7,-0.0602241,-13.4634
399.75,-0.0602377,-13.4664
399.8,-0.0602372,-13.4694
399.85,-0.0602474,-13.4724
399.9,-0.0602638,-13.4754
399.95,-0.0602604,-13.4785
400.0,-0.0602769,-13.4815
400.05,-0.0602704,-13.4845
400.1,-0.060292,-13.4875
400.15,-0.0603035,-13.4905
400.2,-0.0603063,-13.4935
400.25,-0.0603138,-13.4965
400.3,-0.060318,-13.4996
400.35,-0.0603294,-13.5026
400.4,-0.0603304,-13.5056
400.45,-0.0603287,-13.5086
400.5,-0.0603335,-13.5116
400.55,-0.0603444,-13.5146
400.6,-0.0603516,-13.5177
400.65,-0.060366,-13.5207
400.7,-0.0603529,-13.5237
400.75,-0.0603624,-13.5267
400.8,-0.0603784,-13.5297
400.85,-0.0603904,-13.5328
400.9,-0.0603977,-13.5358
400.95,-0.0604162,-13.5388
401.0,-0.0604203,-13.5418
401.05,-0.0604359,-13.5448
401.1,-0.0604245,-13.5479
401.15,-0.0604163,-13.5509
401.2,-0.0604129,-13.5539
401.25,-0.0603982,-13.5569
401.3,-0.0604197,-13.5599
401.35,-0.060441,-13.563
401.4,-0.0604507,-13.566
401.45,-0.0604614,-13.569
401.5,-0.060457,-13.572
401.55,-0.0604697,-13.5751
401.6,-0.0604715,-13.5781
401.65,-0.0604686,-13.5811
401.7,-0.0604606,-13.5841
401.75,-0.0604703,-13.5871
401.8,-0.0604675,-13.5902
401.85,-0.060457,-13.5932
401.9,-0.0604735,-13.5962
401.95,-0.0604827,-13.5992
402.0,-0.0604908,-13.6023
402.05,-0.0604778,-13.6053
402.1,-0.0604934,-13.6083
402.15,-0.0605077,-13.6113
402.2,-0.0605029,-13.6144
402.25,-0.0605056,-13.6174
402.3,-0.0605159,-13.6204
402.35,-0.0605247,-13.6234
402.4,-0.0605255,-13.6265
402.45,-0.0605392,-13.6295
402.5,-0.0605374,-13.6325
402.55,-0.0605488,-13.6356
402.6,-0.0605498,-13.6386
402.65,-0.0605717,-13.6416
402.7,-0.0605767,-13.6446
402.75,-0.0605701,-13.6477
402.8,-0.0605483,-13.6507
402.85,-0.060539,-13.6537
402.9,-0.0605633,-13.6567
402.95,-0.0605736,-13.6598
403.0,-0.0605673,-13.6628
403.05,-0.0605923,-13.6658
403.1,-0.0605902,-13.6689
403.15,-0.0606042,-13.6719
403.2,-0.0606287,-13.6749
403.25,-0.060618,-13.678
403.3,-0.0606556,-13.681
403.35,-0.0606585,-13.684
403.4,-0.0606634,-13.6871
403.45,-0.0606747,-13.6901
403.5,-0.0606729,-13.6931
403.55,-0.0606689,-13.6962
403.6,-0.0606796,-13.6992
403.65,-0.0606884,-13.7022
403.7,-0.0606994,-13.7053
403.75,-0.0606865,-13.7083
403.8,-0.0606928,-13.7113
403.85,-0.0606874,-13.7144
403.9,-0.0606879,-13.7174
403.95,-0.060702,-13.7204
404.0,-0.0607063,-13.7235
404.05,-0.0607221,-13.7265
404.1,-0.0607399,-13.7295
404.15,-0.0607356,-13.7326
404.2,-0.0607588,-13.7356
404.25,-0.060774,-13.7387
404.3,-0.0607686,-13.7417
404.35,-0.0607805,-13.7447
404.4,-0.0607744,-13.7478
404.45,-0.0607849,-13.7508
404.5,-0.0607805,-13.7538
404.55,-0.0607837,-13.7569
404.6,-0.0607993,-13.7599
404.65,-0.0608102,-13.763
404.7,-0.0608279,-13.766
404.75,-0.0608377,-13.7691
404.8,-0.0608389,-13.7721
404.85,-0.060857,-13.7751
404.9,-0.0608606,-13.7782
404.95,-0.060868,-13.7812
405.0,-0.0608801,-13.7843
405.05,-0.0608714,-13.7873
405.1,-0.0608801,-13.7904
405.15,-0.0608907,-13.7934
405.2,-0.0608935,-13.7964
405.25,-0.0609027,-13.7995
405.3,-0.0609081,-13.8025
405.35,-0.0609108,-13.8056
405.4,-0.0609265,-13.8086
405.45,-0.060934,-13.8117
405.5,-0.0609362,-13.8147
405.55,-0.0609411,-13.8178
405.6,-0.0609416,-13.8208
405.65,-0.0609614,-13.8239
405.7,-0.0609712,-13.8269
405.75,-0.0609693,-13.83
405.8,-0.0609752,-13.833
405.85,-0.0609801,-13.8361
405.9,-0.0609932,-13.8391
405.95,-0.0609895,-13.8422
406.0,-0.0610088,-13.8452
406.05,-0.0610102,-13.8483
406.1,-0.0610182,-13.8513
406.15,-0.0610294,-13.8544
406.2,-0.0610155,-13.8574
406.25,-0.0610153,-13.8605
406.3,-0.0610279,-13.8635
406.35,-0.0610369,-13.8666
406.4,-0.0610509,-13.8696
406.45,-0.0610434,-13.8727
406.5,-0.0610452,-13.8757
406.55,-0.0610509,-13.8788
406.6,-0.0610611,-13.8818
406.65,-0.0610671,-13.8849
406.7,-0.0610723,-13.8879
406.75,-0.0610936,-13.891
406.8,-0.061096,-13.894
406.85,-0.0610974,-13.8971
406.9,-0.0611101,-13.9002
406.95,-0.0611054,-13.9032
407.0,-0.0611161,-13.9063
407.05,-0.061143,-13.9093
407.1,-0.0611549,-13.9124
407.15,-0.061161,-13.9154
407.2,-0.0611549,-13.9185
407.25,-0.0611568,-13.9216
407.3,-0.0611667,-13.9246
407.35,-0.0611907,-13.9277
407.4,-0.0611969,-13.9307
407.45,-0.0612064,-13.9338
407.5,-0.0611975,-13.9369
407.55,-0.061207,-13.9399
407.6,-0.0612141,-13.943
407.65,-0.0612283,-13.946
407.7,-0.0612377,-13.9491
407.75,-0.0612444,-13.9522
407.8,-0.0612661,-13.9552
407.85,-0.0612592,-13.9583
407.9,-0.061252,-13.9613
407.95,-0.0612753,-13.9644
408.0,-0.0612888,-13.9675
408.05,-0.0613113,-13.9705
408.1,-0.0613125,-13.9736
408.15,-0.0613072,-13.9767
408.2,-0.0613162,-13.9797
408.25,-0.0613052,-13.9828
408.3,-0.0613118,-13.9859
408.35,-0.0613173,-13.9889
408.4,-0.0613238,-13.992
408.45,-0.0613318,-13.9951
408.5,-0.0613639,-13.9981
408.55,-0.0613554,-14.0012
408.6,-0.0613842,-14.0043
408.65,-0.0613914,-14.0073
408.7,-0.061405,-14.0104
408.75,-0.0613929,-14.0135
408.8,-0.0614296,-14.0166
408.85,-0.0614582,-14.0196
408.9,-0.0614619,-14.0227
408.95,-0.0614588,-14.0258
409.0,-0.0614659,-14.0288
409.05,-0.0614754,-14.0319
409.1,-0.0614977,-14.035
409.15,-0.0614988,-14.0381
409.2,-0.0615073,-14.0411
409.25,-0.0614975,-14.0442
409.3,-0.0614987,-14.0473
409.35,-0.0614931,-14.0504
409.4,-0.0614883,-14.0534
409.45,-0.0614945,-14.0565
409.5,-0.0615103,-14.0596
409.55,-0.061523,-14.0627
409.6,-0.0615392,-14.0657
409.65,-0.0615645,-14.0688
409.7,-0.0615532,-14.0719
409.75,-0.0615641,-14.075
409.8,-0.0615739,-14.0781
409.85,-0.0615646,-14.0811
409.9,-0.0615713,-14.0842
409.95,-0.0615943,-14.0873
410.0,-0.0616014,-14.0904
410.05,-0.0616185,-14.0935
410.1,-0.0615923,-14.0965
410.15,-0.0616017,-14.0996
410.2,-0.0616058,-14.1027
410.25,-0.0616162,-14.1058
410.3,-0.061618,-14.1089
410.35,-0.0616348,-14.1119
410.4,-0.0616482,-14.115
410.45,-0.061658,-14.1181
410.5,-0.061673,-14.1212
410.55,-0.0616867,-14.1243
410.6,-0.0616915,-14.1274
410.65,-0.0617011,-14.1304
410.7,-0.061707,-14.1335
410.75,-0.0617047,-14.1366
410.8,-0.0617032,-14.1397
410.85,-0.061711,-14.1428
410.9,-0.0617232,-14.1459
410.95,-0.0617442,-14.149
411.0,-0.0617501,-14.152
411.05,-0.0617617,-14.1551
411.1,-0.0617559,-14.1582
411.15,-0.0617492,-14.1613
411.2,-0.061756,-14.1644
411.25,-0.0617541,-14.1675
411.3,-0.0617474,-14.1706
411.35,-0.061767,-14.1737
411.4,-0.0617912,-14.1767
411.45,-0.0618034,-14.1798
411.5,-0.0618086,-14.1829
411.55,-0.061822,-14.186
411.6,-0.0618277,-14.1891
411.65,-0.0618407,-14.1922
411.7,-0.0618308,-14.1953
411.75,-0.0618234,-14.1984
411.8,-0.0618171,-14.2015
411.85,-0.0618213,-14.2046
411.9,-0.0618417,-14.2077
411.95,-0.0618438,-14.2108
412.0,-0.0618666,-14.2138
412.05,-0.0618654,-14.2169
412.1,-0.0618591,-14.22
412.15,-0.0618628,-14.2231
412.2,-0.0618694,-14.2262
412.25,-0.0618668,-14.2293
412.3,-0.0618804,-14.2324
412.35,-0.0618892,-14.2355
412.4,-0.0618978,-14.2386
412.45,-0.0618835,-14.2417
412.5,-0.0618897,-14.2448
412.55,-0.0619013,-14.2479
412.6,-0.0618989,-14.251
412.65,-0.0618992,-14.2541
412.7,-0.061917,-14.2572
412.75,-0.0619144,-14.2603
412.8,-0.0619283,-14.2634
412.85,-0.0619271,-14.2665
412.9,-0.0619188,-14.2696
412.95,-0.0619164,-14.2726
413.0,-0.061915,-14.2757
413.05,-0.0619308,-14.2788
413.1,-0.0619305,-14.2819
413.15,-0.0619502,-14.285
413.2,-0.0619471,-14.2881
413.25,-0.0619341,-14.2912
413.3,-0.0619536,-14.2943
413.35,-0.0619532,-14.2974
413.4,-0.0619595,-14.3005
413.45,-0.0619714,-14.3036
413.5,-0.0619883,-14.3067
413.55,-0.0619949,-14.3098
413.6,-0.0619929,-14.3129
413.65,-0.0620216,-14.316
413.7,-0.0620269,-14.3191
413.75,-0.0620554,-14.3222
413.8,-0.0620551,-14.3253
413.85,-0.0620541,-14.3284
413.9,-0.0620679,-14.3315
413.95,-0.0620707,-14.3346
414.0,-0.0620818,-14.3377
414.05,-0.062107,-14.3408
414.1,-0.0621205,-14.344
414.15,-0.062132,-14.3471
414.2,-0.0621144,-14.3502
414.25,-0.062124,-14.3533
414.3,-0.0621227,-14.3564
414.35,-0.0621363,-14.3595
414.4,-0.0621374,-14.3626
414.45,-0.0621563,-14.3657
414.5,-0.0621624,-14.3688
414.55,-0.0621677,-14.3719
414.6,-0.0621735,-14.375
414.65,-0.0621981,-14.3781
414.7,-0.0622021,-14.3812
414.75,-0.0622107,-14.3844
414.8,-0.0622162,-14.3875
414.85,-0.0622168,-14.3906
414.9,-0.0622145,-14.3937
414.95,-0.0622318,-14.3968
415.0,-0.0622429,-14.3999
415.05,-0.0622708,-14.403
415.1,-0.0622813,-14.4061
415.15,-0.0622483,-14.4092
415.2,-0.0622471,-14.4124
415.25,-0.062253,-14.4155
415.3,-0.062253,-14.4186
415.35,-0.0622551,-14.4217
415.4,-0.0622707,-14.4248
415.45,-0.0622853,-14.4279
415.5,-0.0623077,-14.431
415.55,-0.0623057,-14.4342
415.6,-0.0623229,-14.4373
415.65,-0.0623289,-14.4404
415.7,-0.0623519,-14.4435
415.75,-0.062345,-14.4466
415.8,-0.0623466,-14.4497
415.85,-0.0623531,-14.4529
415.9,-0.0623552,-14.456
415.95,-0.0623605,-14.4591
416.0,-0.0623685,-14.4622
416.05,-0.0623725,-14.4653
416.1,-0.0623961,-14.4685
416.15,-0.0623812,-14.4716
416.2,-0.0623858,-14.4747
416.25,-0.0624078,-14.4778
416.3,-0.0624166,-14.4809
416.35,-0.0624196,-14.4841
416.4,-0.0624272,-14.4872
416.45,-0.0624474,-14.4903
416.5,-0.0624644,-14.4934
416.55,-0.062465,-14.4965
416.6,-0.0624768,-14.4997
416.65,-0.0624858,-14.5028
416.7,-0.062497,-14.5059
416.75,-0.0624838,-14.509
416.8,-0.0625071,-14.5122
416.85,-0.0625268,-14.5153
416.9,-0.062533,-14.5184
416.95,-0.0625469,-14.5215
417.0,-0.0625485,-14.5247
417.05,-0.0625604,-14.5278
417.1,-0.0625509,-14.5309
417.15,-0.0625654,-14.5341
417.2,-0.0625655,-14.5372
417.25,-0.0625732,-14.5403
417.3,-0.0625905,-14.5434
417.35,-0.062583,-14.5466
417.4,-0.0625863,-14.5497
417.45,-0.0625943,-14.5528
417.5,-0.0626083,-14.556
417.55,-0.062638,-14.5591
417.6,-0.0627283,-14.5622
417.65,-0.0627078,-14.5654
417.7,-0.06272,-14.5685
417.75,-0.0627148,-14.5716
417.8,-0.0627135,-14.5748
417.85,-0.0627308,-14.5779
417.9,-0.062735,-14.581
417.95,-0.0627606,-14.5842
418.0,-0.062772,-14.5873
418.05,-0.0627786,-14.5905
418.1,-0.0627848,-14.5936
418.15,-0.0627906,-14.5967
418.2,-0.0628041,-14.5999
418.25,-0.0628144,-14.603
418.3,-0.0628157,-14.6062
418.35,-0.0628123,-14.6093
418.4,-0.0628323,-14.6124
418.45,-0.0628554,-14.6156
418.5,-0.0628606,-14.6187
418.55,-0.0628743,-14.6219
418.6,-0.0629044,-14.625
418.65,-0.0629151,-14.6282
418.7,-0.062887,-14.6313
418.75,-0.0628937,-14.6345
418.8,-0.0628824,-14.6376
418.85,-0.0628811,-14.6407
418.9,-0.0629032,-14.6439
418.95,-0.0629127,-14.647
419.0,-0.0629323,-14.6502
419.05,-0.0629471,-14.6533
419.1,-0.0629539,-14.6565
419.15,-0.0629694,-14.6596
419.2,-0.0629767,-14.6628
419.25,-0.062966,-14.6659
419.3,-0.0629681,-14.6691
419.35,-0.0629751,-14.6722
419.4,-0.0629821,-14.6754
419.45,-0.0629894,-14.6785
419.5,-0.0629924,-14.6817
419.55,-0.063026,-14.6848
419.6,-0.063031,-14.688
419.65,-0.0630437,-14.6911
419.7,-0.0630394,-14.6943
419.75,-0.063043,-14.6974
419.8,-0.06306,-14.7006
419.85,-0.0630753,-14.7037
419.9,-0.0630746,-14.7069
419.95,-0.0630971,-14.71
420.0,-0.0631061,-14.7132
420.05,-0.0631094,-14.7164
420.1,-0.0631236,-14.7195
420.15,-0.0631255,-14.7227
420.2,-0.0631563,-14.7258
420.25,-0.0631484,-14.729
420.3,-0.0631624,-14.7321
420.35,-0.0631636,-14.7353
420.4,-0.0631706,-14.7385
420.45,-0.0631844,-14.7416
420.5,-0.0632067,-14.7448
420.55,-0.0632248,-14.7479
420.6,-0.0632465,-14.7511
420.65,-0.0632439,-14.7543
420.7,-0.063236,-14.7574
420.75,-0.0632537,-14.7606
420.8,-0.0632485,-14.7637
420.85,-0.0632612,-14.7669
420.9,-0.0632818,-14.7701
420.95,-0.0632869,-14.7732
421.0,-0.0633064,-14.7764
421.05,-0.0633077,-14.7796
421.1,-0.0633274,-14.7827
421.15,-0.0633515,-14.7859
421.2,-0.0633423,-14.7891
421.25,-0.0633652,-14.7922
421.3,-0.0633702,-14.7954
421.35,-0.0633731,-14.7986
421.4,-0.0634018,-14.8017
421.45,-0.063421,-14.8049
421.5,-0.0634347,-14.8081
421.55,-0.063449,-14.8113
421.6,-0.0634467,-14.8144
421.65,-0.0634579,-14.8176
421.7,-0.0634673,-14.8208
421.75,-0.0634725,-14.824
421.8,-0.0634819,-14.8271
421.85,-0.0635019,-14.8303
421.9,-0.0635178,-14.8335
421.95,-0.0635237,-14.8367
422.0,-0.0635314,-14.8398
422.05,-0.0635559,-14.843
422.1,-0.0635499,-14.8462
422.15,-0.0635653,-14.8494
422.2,-0.0636011,-14.8525
422.25,-0.0636013,-14.8557
422.3,-0.0636067,-14.8589
422.35,-0.0636257,-14.8621
422.4,-0.0636292,-14.8653
422.45,-0.0636391,-14.8684
422.5,-0.0636537,-14.8716
422.55,-0.06367,-14.8748
422.6,-0.0636644,-14.878
422.65,-0.0636744,-14.8812
422.7,-0.0636987,-14.8844
422.75,-0.0637066,-14.8876
422.8,-0.0637166,-14.8907
422.85,-0.0637337,-14.8939
422.9,-0.0637254,-14.8971
422.95,-0.0637308,-14.9003
423.0,-0.0637402,-14.9035
423.05,-0.0637519,-14.9067
423.1,-0.0637655,-14.9099
423.15,-0.0637706,-14.913
423.2,-0.0637715,-14.9162
423.25,-0.0638047,-14.9194
423.3,-0.0638093,-14.9226
423.35,-0.0638186,-14.9258
423.4,-0.0638145,-14.929
423.45,-0.0638152,-14.9322
423.5,-0.0638312,-14.9354
423.55,-0.0638601,-14.9386
423.6,-0.0638811,-14.9418
423.65,-0.0638912,-14.945
423.7,-0.0638785,-14.9482
423.75,-0.0638969,-14.9514
423.8,-0.063895,-14.9545
423.85,-0.0638905,-14.9577
423.9,-0.0639183,-14.9609
423.95,-0.0639452,-14.9641
424.0,-0.063965,-14.9673
424.05,-0.0639832,-14.9705
424.1,-0.0639675,-14.9737
424.15,-0.0639621,-14.9769
424.2,-0.0639592,-14.9801
424.25,-0.0639797,-14.9833
424.3,-0.0639913,-14.9865
424.35,-0.0640124,-14.9897
424.4,-0.0640141,-14.9929
424.45,-0.0640366,-14.9961
424.5,-0.064146,-14.9993
424.55,-0.0641731,-15.0025
424.6,-0.064205,-15.0058
424.65,-0.0641893,-15.009
424.7,-0.0641914,-15.0122
424.75,-0.0641666,-15.0154
424.8,-0.0641638,-15.0186
424.85,-0.0641407,-15.0218
424.9,-0.0641654,-15.025
424.95,-0.0641779,-15.0282
425.0,-0.0642014,-15.0314
425.05,-0.0642209,-15.0346
425.1,-0.0642378,-15.0378
425.15,-0.0642236,-15.0411
425.2,-0.0642421,-15.0443
425.25,-0.064231,-15.0475
425.3,-0.0642278,-15.0507
425.35,-0.0642357,-15.0539
425.4,-0.0642463,-15.0571
425.45,-0.0642575,-15.0603
425.5,-0.0642716,-15.0635
425.55,-0.0642881,-15.0668
425.6,-0.0643135,-15.07
425.65,-0.0643236,-15.0732
425.7,-0.0643069,-15.0764
425.75,-0.064296,-15.0796
425.8,-0.0643042,-15.0828
425.85,-0.064296,-15.0861
425.9,-0.0643142,-15.0893
425.95,-0.0643251,-15.0925
426.0,-0.0643464,-15.0957
426.05,-0.0643576,-15.0989
426.1,-0.0643672,-15.1021
426.15,-0.0643517,-15.1054
426.2,-0.0643428,-15.1086
426.25,-0.064357,-15.1118
426.3,-0.0643703,-15.115
426.35,-0.0643727,-15.1182
426.4,-0.0643946,-15.1214
426.45,-0.064427,-15.1247
426.5,-0.0644353,-15.1279
426.55,-0.0644409,-15.1311
426.6,-0.0644508,-15.1343
426.65,-0.0644675,-15.1376
426.7,-0.0644529,-15.1408
426.75,-0.0644632,-15.144
426.8,-0.0644645,-15.1472
426.85,-0.0644784,-15.1504
426.9,-0.0644951,-15.1537
426.95,-0.0645207,-15.1569
427.0,-0.0645234,-15.1601
427.05,-0.0645454,-15.1634
427.1,-0.0645493,-15.1666
427.15,-0.0645575,-15.1698
427.2,-0.0645605,-15.173
427.25,-0.0645502,-15.1763
427.3,-0.0645443,-15.1795
427.35,-0.0645454,-15.1827
427.4,-0.0645817,-15.1859
427.45,-0.0645918,-15.1892
427.5,-0.0645945,-15.1924
427.55,-0.064595,-15.1956
427.6,-0.064607,-15.1989
427.65,-0.0646058,-15.2021
427.7,-0.0645935,-15.2053
427.75,-0.0646028,-15.2086
427.8,-0.0646209,-15.2118
427.85,-0.0646262,-15.215
427.9,-0.0646278,-15.2183
427.95,-0.0646349,-15.2215
428.0,-0.0646469,-15.2247
428.05,-0.0646639,-15.2279
428.1,-0.0646775,-15.2312
428.15,-0.0646771,-15.2344
428.2,-0.0646684,-15.2376
428.25,-0.0646675,-15.2409
428.3,-0.0646698,-15.2441
428.35,-0.0646834,-15.2474
428.4,-0.0646952,-15.2506
428.45,-0.0647063,-15.2538
428.5,-0.0647163,-15.2571
428.55,-0.0647184,-15.2603
428.6,-0.0647068,-15.2635
428.65,-0.0647127,-15.2668
428.7,-0.0647144,-15.27
428.75,-0.0647185,-15.2732
428.8,-0.0647418,-15.2765
428.85,-0.0647375,-15.2797
428.9,-0.0647355,-15.2829
428.95,-0.0647578,-15.2862
429.0,-0.0647624,-15.2894
429.05,-0.0647689,-15.2927
429.1,-0.0647676,-15.2959
429.15,-0.0647765,-15.2991
429.2,-0.0647855,-15.3024
429.25,-0.0647777,-15.3056
429.3,-0.0647754,-15.3089
429.35,-0.064789,-15.3121
429.4,-0.0647925,-15.3153
429.45,-0.0648109,-15.3186
429.5,-0.0648115,-15.3218
429.55,-0.0648089,-15.3251
429.6,-0.0648158,-15.3283
429.65,-0.0648198,-15.3315
429.7,-0.0648304,-15.3348
429.75,-0.0648447,-15.338
429.8,-0.0648291,-15.3413
429.85,-0.0648326,-15.3445
429.9,-0.064837,-15.3477
429.95,-0.0648395,-15.351
430.0,-0.0648633,-15.3542
430.05,-0.0648476,-15.3575
430.1,-0.0648803,-15.3607
430.15,-0.0648829,-15.364
430.2,-0.0648872,-15.3672
430.25,-0.0649015,-15.3705
430.3,-0.0649249,-15.3737
430.35,-0.0649285,-15.3769
430.4,-0.0649518,-15.3802
430.45,-0.064961,-15.3834
430.5,-0.0649756,-15.3867
430.55,-0.0649867,-15.3899
430.6,-0.0649909,-15.3932
430.65,-0.0649908,-15.3964
430.7,-0.0649896,-15.3997
430.75,-0.0649927,-15.4029
430.8,-0.0649972,-15.4062
430.85,-0.065015,-15.4094
430.9,-0.0650468,-15.4127
430.95,-0.0650698,-15.4159
431.0,-0.0650832,-15.4192
431.05,-0.0650818,-15.4225
431.1,-0.0650608,-15.4257
431.15,-0.0650507,-15.429
431.2,-0.0650646,-15.4322
431.25,-0.0650806,-15.4355
431.3,-0.0650976,-15.4387
431.35,-0.0651044,-15.442
431.4,-0.0651086,-15.4452
431.45,-0.0651328,-15.4485
431.5,-0.0651296,-15.4517
431.55,-0.0651228,-15.455
431.6,-0.0651545,-15.4583
431.65,-0.065163,-15.4615
431.7,-0.0651772,-15.4648
431.75,-0.0651858,-15.468
431.8,-0.0651843,-15.4713
431.85,-0.0651977,-15.4746
431.9,-0.0652031,-15.4778
431.95,-0.0652242,-15.4811
432.0,-0.0652273,-15.4843
432.05,-0.0652434,-15.4876
432.1,-0.0652497,-15.4909
432.15,-0.0652523,-15.4941
432.2,-0.0652615,-15.4974
432.25,-0.0652714,-15.5006
432.3,-0.0652854,-15.5039
432.35,-0.0652992,-15.5072
432.4,-0.065302,-15.5104
432.45,-0.0653025,-15.5137
432.5,-0.0653296,-15.517
432.55,-0.0653404,-15.5202
432.6,-0.0653485,-15.5235
432.65,-0.0653513,-15.5268
432.7,-0.0653537,-15.53
432.75,-0.0653655,-15.5333
432.8,-0.0653806,-15.5366
432.85,-0.0653855,-15.5398
432.9,-0.0653976,-15.5431
432.95,-0.0654069,-15.5464
433.0,-0.0654227,-15.5497
433.05,-0.0654197,-15.5529
433.1,-0.0654382,-15.5562
433.15,-0.0654584,-15.5595
433.2,-0.065473,-15.5628
433.25,-0.0654638,-15.566
433.3,-0.0654728,-15.5693
433.35,-0.0654892,-15.5726
433.4,-0.0654969,-15.5758
433.45,-0.0655218,-15.5791
433.5,-0.0655027,-15.5824
433.55,-0.0655307,-15.5857
433.6,-0.065538,-15.589
433.65,-0.0655499,-15.5922
433.7,-0.0655587,-15.5955
433.75,-0.0655654,-15.5988
433.8,-0.0655785,-15.6021
433.85,-0.0655919,-15.6053
433.9,-0.0655927,-15.6086
433.95,-0.0656217,-15.6119
434.0,-0.0656246,-15.6152
434.05,-0.0656544,-15.6185
434.1,-0.0656979,-15.6218
434.15,-0.0656946,-15.625
434.2,-0.0657103,-15.6283
434.25,-0.0657019,-15.6316
434.3,-0.0657058,-15.6349
434.35,-0.0657169,-15.6382
434.4,-0.0657224,-15.6415
434.45,-0.0657285,-15.6448
434.5,-0.065741,-15.648
434.55,-0.0657438,-15.6513
434.6,-0.0657499,-15.6546
434.65,-0.0657555,-15.6579
434.7,-0.0657652,-15.6612
434.75,-0.0657826,-15.6645
434.8,-0.0657858,-15.6678
434.85,-0.0657877,-15.6711
434.9,-0.0657803,-15.6743
434.95,-0.0657857,-15.6776
435.0,-0.0658111,-15.6809
435.05,-0.0658313,-15.6842
435.1,-0.0658552,-15.6875
435.15,-0.0658545,-15.6908
435.2,-0.0658434,-15.6941
435.25,-0.0658384,-15.6974
435.3,-0.0658389,-15.7007
435.35,-0.0658565,-15.704
435.4,-0.0658838,-15.7073
435.45,-0.0659189,-15.7106
435.5,-0.0659154,-15.7139
435.55,-0.065935,-15.7172
435.6,-0.0659272,-15.7205
435.65,-0.0659357,-15.7237
435.7,-0.0659502,-15.727
435.75,-0.0659414,-15.7303
435.8,-0.0659427,-15.7336
435.85,-0.0659527,-15.7369
435.9,-0.0659567,-15.7402
435.95,-0.0659835,-15.7435
436.0,-0.0660079,-15.7468
436.05,-0.0660336,-15.7501
436.1,-0.0660386,-15.7534
436.15,-0.0660406,-15.7567
436.2,-0.0660357,-15.76
436.25,-0.0660483,-15.7633
436.3,-0.0660629,-15.7666
436.35,-0.0660799,-15.77
436.4,-0.0660904,-15.7733
436.45,-0.0661161,-15.7766
436.5,-0.0661311,-15.7799
436.55,-0.0661323,-15.7832
436.6,-0.0661322,-15.7865
436.65,-0.066138,-15.7898
436.7,-0.0661569,-15.7931
436.75,-0.0661514,-15.7964
436.8,-0.0661694,-15.7997
436.85,-0.0661789,-15.803
436.9,-0.0661785,-15.8063
436.95,-0.0661881,-15.8096
437.0,-0.0662108,-15.813
437.05,-0.0663355,-15.8163
437.1,-0.0663563,-15.8196
437.15,-0.0663273,-15.8229
437.2,-0.066308,-15.8262
437.25,-0.0662873,-15.8295
437.3,-0.066301,-15.8328
437.35,-0.066302,-15.8362
437.4,-0.0663169,-15.8395
437.45,-0.0663231,-15.8428
437.5,-0.0663513,-15.8461
437.55,-0.0663573,-15.8494
437.6,-0.0663398,-15.8527
437.65,-0.0663424,-15.8561
437.7,-0.0663458,-15.8594
437.75,-0.0663635,-15.8627
437.8,-0.0663642,-15.866
437.85,-0.0663731,-15.8693
437.9,-0.0663935,-15.8727
437.95,-0.0663999,-15.876
438.0,-0.0664117,-15.8793
438.05,-0.0664103,-15.8826
438.1,-0.0664079,-15.8859
438.15,-0.0664063,-15.8893
438.2,-0.0664086,-15.8926
438.25,-0.0664108,-15.8959
438.3,-0.0664219,-15.8992
438.35,-0.0664373,-15.9025
438.4,-0.0664584,-15.9059
438.45,-0.0664613,-15.9092
438.5,-0.0664682,-15.9125
438.55,-0.0664622,-15.9158
438.6,-0.0664867,-15.9192
438.65,-0.0665021,-15.9225
438.7,-0.066523,-15.9258
438.75,-0.066537,-15.9291
438.8,-0.0665294,-15.9325
438.85,-0.0665453,-15.9358
438.9,-0.0665484,-15.9391
438.95,-0.0665664,-15.9424
439.0,-0.0665546,-15.9458
439.05,-0.0665542,-15.9491
439.1,-0.0665825,-15.9524
439.15,-0.0665912,-15.9558
439.2,-0.0665969,-15.9591
439.25,-0.0666068,-15.9624
439.3,-0.066615,-15.9658
439.35,-0.0666254,-15.9691
439.4,-0.0666278,-15.9724
439.45,-0.0666368,-15.9757
439.5,-0.0666416,-15.9791
439.55,-0.0666499,-15.9824
439.6,-0.0666574,-15.9857
439.65,-0.0666757,-15.9891
439.7,-0.066678,-15.9924
439.75,-0.0666956,-15.9957
439.8,-0.0667074,-15.9991
439.85,-0.0667127,-16.0024
439.9,-0.0667242,-16.0058
439.95,-0.0667246,-16.0091
440.0,-0.0667327,-16.0124
440.05,-0.066746,-16.0158
440.1,-0.0667474,-16.0191
440.15,-0.0667641,-16.0224
440.2,-0.0667726,-16.0258
440.25,-0.0667799,-16.0291
440.3,-0.0667869,-16.0325
440.35,-0.0667901,-16.0358
440.4,-0.0668106,-16.0391
440.45,-0.0668357,-16.0425
440.5,-0.066843,-16.0458
440.55,-0.066838,-16.0492
440.6,-0.066867,-16.0525
440.65,-0.0668721,-16.0558
440.7,-0.066888,-16.0592
440.75,-0.0668892,-16.0625
440.8,-0.0668934,-16.0659
440.85,-0.0669106,-16.0692
440.9,-0.0669143,-16.0726
440.95,-0.0669245,-16.0759
441.0,-0.0669254,-16.0793
441.05,-0.0669382,-16.0826
441.1,-0.0669768,-16.086
441.15,-0.0669665,-16.0893
441.2,-0.0669723,-16.0927
441.25,-0.0669719,-16.096
441.3,-0.0669727,-16.0994
441.35,-0.0669801,-16.1027
441.4,-0.0669836,-16.1061
441.45,-0.0670083,-16.1094
441.5,-0.0670138,-16.1128
441.55,-0.0670013,-16.1161
441.6,-0.0670076,-16.1195
441.65,-0.0670201,-16.1228
441.7,-0.0670331,-16.1262
441.75,-0.0670405,-16.1295
441.8,-0.0670517,-16.1329
441.85,-0.06707,-16.1362
441.9,-0.0670672,-16.1396
441.95,-0.0670669,-16.1429
442.0,-0.0670992,-16.1463
442.05,-0.0671257,-16.1496
442.1,-0.0671377,-16.153
442.15,-0.067145,-16.1563
442.2,-0.0671474,-16.1597
442.25,-0.067142,-16.1631
442.3,-0.0671393,-16.1664
442.35,-0.0671431,-16.1698
442.4,-0.0671768,-16.1731
442.45,-0.0671921,-16.1765
442.5,-0.0672134,-16.1799
442.55,-0.0672102,-16.1832
442.6,-0.0672204,-16.1866
442.65,-0.067234,-16.1899
442.7,-0.0672515,-16.1933
442.75,-0.0672665,-16.1967
442.8,-0.0672641,-16.2
442.85,-0.0672605,-16.2034
442.9,-0.0672692,-16.2068
442.95,-0.067292,-16.2101
443.0,-0.0672925,-16.2135
443.05,-0.0673035,-16.2168
443.1,-0.0673057,-16.2202
443.15,-0.0672975,-16.2236
443.2,-0.0673026,-16.2269
443.25,-0.0673083,-16.2303
443.3,-0.0673166,-16.2337
443.35,-0.0673241,-16.237
443.4,-0.0673305,-16.2404
443.45,-0.0673418,-16.2438
443.5,-0.0673429,-16.2471
443.55,-0.0673563,-16.2505
443.6,-0.0673664,-16.2539
443.65,-0.0673691,-16.2572
443.7,-0.0673771,-16.2606
443.75,-0.0673809,-16.264
443.8,-0.0673752,-16.2674
443.85,-0.0673879,-16.2707
443.9,-0.0673909,-16.2741
443.95,-0.0673912,-16.2775
444.0,-0.067407,-16.2808
444.05,-0.0674113,-16.2842
444.1,-0.067407,-16.2876
444.15,-0.0674075,-16.2909
444.2,-0.0674174,-16.2943
444.25,-0.0674047,-16.2977
444.3,-0.0674103,-16.3011
444.35,-0.0674073,-16.3044
444.4,-0.0674234,-16.3078
444.45,-0.0674305,-16.3112
444.5,-0.0674401,-16.3145
444.55,-0.067451,-16.3179
444.6,-0.0674602,-16.3213
444.65,-0.0674728,-16.3247
444.7,-0.0674673,-16.328
444.75,-0.0674703,-16.3314
444.8,-0.067476,-16.3348
444.85,-0.0674711,-16.3382
444.9,-0.0674877,-16.3415
444.95,-0.0675073,-16.3449
445.0,-0.0674905,-16.3483
445.05,-0.0674975,-16.3517
445.1,-0.0674999,-16.355
445.15,-0.0675046,-16.3584
445.2,-0.0675102,-16.3618
445.25,-0.0675186,-16.3652
445.3,-0.0675317,-16.3685
445.35,-0.0675412,-16.3719
445.4,-0.0675409,-16.3753
445.45,-0.0675576,-16.3787
445.5,-0.0675503,-16.382
445.55,-0.0675649,-16.3854
445.6,-0.067583,-16.3888
445.65,-0.0675774,-16.3922
445.7,-0.0675906,-16.3956
445.75,-0.0675766,-16.3989
445.8,-0.0675914,-16.4023
445.85,-0.0676078,-16.4057
445.9,-0.0676041,-16.4091
445.95,-0.0676129,-16.4125
446.0,-0.0676117,-16.4158
446.05,-0.067613,-16.4192
446.1,-0.0676206,-16.4226
446.15,-0.067621,-16.426
446.2,-0.0676098,-16.4294
446.25,-0.0676398,-16.4327
446.3,-0.0676436,-16.4361
446.35,-0.0676424,-16.4395
446.4,-0.0676641,-16.4429
446.45,-0.0676681,-16.4463
446.5,-0.0676852,-16.4497
446.55,-0.0676673,-16.453
446.6,-0.0676703,-16.4564
446.65,-0.067673,-16.4598
446.7,-0.0676815,-16.4632
446.75,-0.0676819,-16.4666
446.8,-0.0677032,-16.47
446.85,-0.0676991,-16.4733
446.9,-0.0677134,-16.4767
446.95,-0.0677216,-16.4801
447.0,-0.0677345,-16.4835
447.05,-0.0677361,-16.4869
447.1,-0.0677362,-16.4903
447.15,-0.0677244,-16.4937
447.2,-0.0677297,-16.497
447.25,-0.0677263,-16.5004
447.3,-0.0677524,-16.5038
447.35,-0.0677722,-16.5072
447.4,-0.0677759,-16.5106
447.45,-0.0677818,-16.514
447.5,-0.0677741,-16.5174
447.55,-0.0677793,-16.5208
447.6,-0.0677772,-16.5242
447.65,-0.0677773,-16.5275
447.7,-0.0677725,-16.5309
447.75,-0.0677903,-16.5343
447.8,-0.0677958,-16.5377
447.85,-0.0677993,-16.5411
447.9,-0.0678102,-16.5445
447.95,-0.067832,-16.5479
448.0,-0.0678428,-16.5513
448.05,-0.0678594,-16.5547
448.1,-0.0678558,-16.5581
448.15,-0.0678539,-16.5615
448.2,-0.0678408,-16.5648
448.25,-0.067852,-16.5682
448.3,-0.0678815,-16.5716
448.35,-0.0679042,-16.575
448.4,-0.0678939,-16.5784
448.45,-0.0678994,-16.5818
448.5,-0.0679045,-16.5852
448.55,-0.0678874,-16.5886
448.6,-0.0678817,-16.592
448.65,-0.067876,-16.5954
448.7,-0.0678865,-16.5988
448.75,-0.0678905,-16.6022
448.8,-0.067913,-16.6056
448.85,-0.0679184,-16.609
448.9,-0.0679253,-16.6124
448.95,-0.0679354,-16.6158
449.0,-0.0679364,-16.6192
449.05,-0.0679469,-16.6226
449.1,-0.0679387,-16.626
449.15,-0.0679452,-16.6294
449.2,-0.0679497,-16.6328
449.25,-0.0679556,-16.6362
449.3,-0.0679791,-16.6396
449.35,-0.067965,-16.643
449.4,-0.0679897,-16.6464
449.45,-0.0680063,-16.6498
449.5,-0.0680239,-16.6532
449.55,-0.0680199,-16.6566
449.6,-0.0680131,-16.66
449.65,-0.068011,-16.6634
449.7,-0.0680255,-16.6668
449.75,-0.0680359,-16.6702
449.8,-0.0680326,-16.6736
449.85,-0.0680571,-16.677
449.9,-0.0680538,-16.6804
449.95,-0.0680623,-16.6838
450.0,-0.0680571,-16.6872
450.05,-0.0680661,-16.6906
450.1,-0.0680718,-16.694
450.15,-0.0680776,-16.6974
450.2,-0.0680883,-16.7008
450.25,-0.0681023,-16.7042
450.3,-0.068109,-16.7076
450.35,-0.0681199,-16.711
450.4,-0.06811,-16.7144
450.45,-0.0681224,-16.7178
450.5,-0.068114,-16.7212
450.55,-0.0681214,-16.7246
450.6,-0.0681386,-16.728
450.65,-0.0681436,-16.7314
450.7,-0.0681343,-16.7348
450.75,-0.0681333,-16.7383
450.8,-0.0681537,-16.7417
450.85,-0.0681457,-16.7451
450.9,-0.0681548,-16.7485
450.95,-0.0681733,-16.7519
451.0,-0.0681777,-16.7553
451.05,-0.0681823,-16.7587
451.1,-0.0681851,-16.7621
451.15,-0.0681846,-16.7655
451.2,-0.0681995,-16.7689
451.25,-0.0682158,-16.7723
451.3,-0.0681991,-16.7758
451.35,-0.0682079,-16.7792
451.4,-0.0682022,-16.7826
451.45,-0.068205,-16.786
451.5,-0.0682122,-16.7894
451.55,-0.0682291,-16.7928
451.6,-0.0682473,-16.7962
451.65,-0.0682538,-16.7996
451.7,-0.0682437,-16.803
451.75,-0.0682405,-16.8065
451.8,-0.0682379,-16.8099
451.85,-0.0682422,-16.8133
451.9,-0.0682565,-16.8167
451.95,-0.0682764,-16.8201
452.0,-0.068308,-16.8235
452.05,-0.0683104,-16.8269
452.1,-0.0683107,-16.8304
452.15,-0.0683173,-16.8338
452.2,-0.0683178,-16.8372
452.25,-0.0683344,-16.8406
452.3,-0.0683311,-16.844
452.35,-0.0683338,-16.8474
452.4,-0.0683502,-16.8509
452.45,-0.0683463,-16.8543
452.5,-0.0683703,-16.8577
452.55,-0.068408,-16.8611
452.6,-0.0684061,-16.8645
452.65,-0.0683977,-16.8679
452.7,-0.0683986,-16.8714
452.75,-0.0683997,-16.8748
452.8,-0.0684,-16.8782
452.85,-0.0684208,-16.8816
452.9,-0.0684531,-16.8851
452.95,-0.0684673,-16.8885
453.0,-0.0684749,-16.8919
453.05,-0.0684588,-16.8953
453.1,-0.068451,-16.8987
453.15,-0.0684601,-16.9022
453.2,-0.0684673,-16.9056
453.25,-0.0684641,-16.909
453.3,-0.0684762,-16.9124
453.35,-0.0684736,-16.9159
453.4,-0.0684837,-16.9193
453.45,-0.0684909,-16.9227
453.5,-0.0685241,-16.9261
453.55,-0.0685403,-16.9296
453.6,-0.0685364,-16.933
453.65,-0.0685242,-16.9364
453.7,-0.0685154,-16.9398
453.75,-0.0685001,-16.9433
453.8,-0.0684985,-16.9467
453.85,-0.06852,-16.9501
453.9,-0.0685312,-16.9535
453.95,-0.0685413,-16.957
454.0,-0.0685311,-16.9604
454.05,-0.0685333,-16.9638
454.1,-0.0685331,-16.9673
454.15,-0.0685506,-16.9707
454.2,-0.068533,-16.9741
454.25,-0.0685376,-16.9775
454.3,-0.068549,-16.981
454.35,-0.0685623,-16.9844
454.4,-0.0685704,-16.9878
454.45,-0.0685765,-16.9912
454.5,-0.0685809,-16.9947
454.55,-0.0685817,-16.9981
454.6,-0.0685709,-17.0015
454.65,-0.0685846,-17.005
454.7,-0.0685923,-17.0084
454.75,-0.0685986,-17.0118
454.8,-0.06859,-17.0152
454.85,-0.0685977,-17.0187
454.9,-0.0686032,-17.0221
454.95,-0.0686196,-17.0255
455.0,-0.0686485,-17.029
455.05,-0.0686479,-17.0324
455.1,-0.0686674,-17.0358
455.15,-0.068654,-17.0393
455.2,-0.0686508,-17.0427
455.25,-0.0686746,-17.0461
455.3,-0.068709,-17.0496
455.35,-0.0687132,-17.053
455.4,-0.0687108,-17.0564
455.45,-0.0687059,-17.0599
455.5,-0.0687097,-17.0633
455.55,-0.0687058,-17.0668
455.6,-0.0687132,-17.0702
455.65,-0.0687637,-17.0736
455.7,-0.06876,-17.0771
455.75,-0.0687666,-17.0805
455.8,-0.0687751,-17.0839
455.85,-0.0687763,-17.0874
455.9,-0.0687973,-17.0908
455.95,-0.0687903,-17.0943
456.0,-0.0687995,-17.0977
456.05,-0.0688074,-17.1011
456.1,-0.0688141,-17.1046
456.15,-0.0688049,-17.108
456.2,-0.0687975,-17.1115
456.25,-0.0688136,-17.1149
456.3,-0.0688383,-17.1183
456.35,-0.0688443,-17.1218
456.4,-0.0688744,-17.1252
456.45,-0.0688701,-17.1287
456.5,-0.0688671,-17.1321
456.55,-0.0688726,-17.1356
456.6,-0.0688769,-17.139
456.65,-0.0688835,-17.1424
456.7,-0.0688985,-17.1459
456.75,-0.0689017,-17.1493
456.8,-0.0689106,-17.1528
456.85,-0.0689094,-17.1562
456.9,-0.0689197,-17.1597
456.95,-0.0689405,-17.1631
457.0,-0.0689359,-17.1666
457.05,-0.0689341,-17.17
457.1,-0.0689452,-17.1735
457.15,-0.0689465,-17.1769
457.2,-0.0689418,-17.1804
457.25,-0.068952,-17.1838
457.3,-0.0689538,-17.1873
457.35,-0.0689559,-17.1907
457.4,-0.0689604,-17.1941
457.45,-0.0689623,-17.1976
457.5,-0.0689619,-17.201
457.55,-0.0689706,-17.2045
457.6,-0.0689798,-17.2079
457.65,-0.0689859,-17.2114
457.7,-0.068983,-17.2148
457.75,-0.0689924,-17.2183
457.8,-0.0690077,-17.2217
457.85,-0.0690178,-17.2252
457.9,-0.0690295,-17.2286
457.95,-0.069035,-17.2321
458.0,-0.0690396,-17.2355
458.05,-0.0690474,-17.239
458.1,-0.0690395,-17.2424
458.15,-0.0690465,-17.2459
458.2,-0.0690428,-17.2494
458.25,-0.0690428,-17.2528
458.3,-0.0690482,-17.2563
458.35,-0.0690614,-17.2597
458.4,-0.0690801,-17.2632
458.45,-0.0690749,-17.2666
458.5,-0.069097,-17.2701
458.55,-0.0691168,-17.2735
458.6,-0.0690973,-17.277
458.65,-0.0691025,-17.2804
458.7,-0.0691171,-17.2839
458.75,-0.0691108,-17.2874
458.8,-0.069122,-17.2908
458.85,-0.069115,-17.2943
458.9,-0.0691044,-17.2977
458.95,-0.0691363,-17.3012
459.0,-0.0691278,-17.3046
459.05,-0.0691242,-17.3081
459.1,-0.0691356,-17.3115
459.15,-0.0691495,-17.315
459.2,-0.0691556,-17.3185
459.25,-0.0691712,-17.3219
459.3,-0.0691754,-17.3254
459.35,-0.0691773,-17.3288
459.4,-0.0691869,-17.3323
459.45,-0.0691958,-17.3358
459.5,-0.0692043,-17.3392
459.55,-0.069208,-17.3427
459.6,-0.0692038,-17.3461
459.65,-0.0692005,-17.3496
459.7,-0.0692108,-17.3531
459.75,-0.0692238,-17.3565
459.8,-0.0692154,-17.36
459.85,-0.069232,-17.3634
459.9,-0.0692362,-17.3669
459.95,-0.0692424,-17.3704
460.0,-0.0692566,-17.3738
460.05,-0.0692477,-17.3773
460.1,-0.0692577,-17.3808
460.15,-0.0692654,-17.3842
460.2,-0.0692536,-17.3877
460.25,-0.0692654,-17.3911
460.3,-0.069287,-17.3946
460.35,-0.0692869,-17.3981
460.4,-0.0693038,-17.4015
460.45,-0.069304,-17.405
460.5,-0.0693117,-17.4085
460.55,-0.0693254,-17.4119
460.6,-0.0693227,-17.4154
460.65,-0.0693144,-17.4189
460.7,-0.0693111,-17.4223
460.75,-0.0693169,-17.4258
460.8,-0.0693228,-17.4293
460.85,-0.0693195,-17.4327
460.9,-0.0693211,-17.4362
460.95,-0.0693054,-17.4397
461.0,-0.0693229,-17.4431
461.05,-0.069341,-17.4466
461.1,-0.069339,-17.4501
461.15,-0.0693451,-17.4535
461.2,-0.0693445,-17.457
461.25,-0.06935,-17.4605
461.3,-0.0693565,-17.4639
461.35,-0.0693461,-17.4674
461.4,-0.0693541,-17.4709
461.45,-0.06936,-17.4743
461.5,-0.0693558,-17.4778
461.55,-0.0693561,-17.4813
461.6,-0.0693715,-17.4847
461.65,-0.0693791,-17.4882
461.7,-0.0693832,-17.4917
461.75,-0.0693696,-17.4951
461.8,-0.0693773,-17.4986
461.85,-0.0693744,-17.5021
461.9,-0.0693919,-17.5056
461.95,-0.0693952,-17.509
462.0,-0.0693928,-17.5125
462.05,-0.0693959,-17.516
462.1,-0.069397,-17.5194
462.15,-0.0693905,-17.5229
462.2,-0.0693924,-17.5264
462.25,-0.0693939,-17.5298
462.3,-0.0693839,-17.5333
462.35,-0.0693858,-17.5368
462.4,-0.0693933,-17.5402
462.45,-0.0694013,-17.5437
462.5,-0.0693958,-17.5472
462.55,-0.0694023,-17.5507
462.6,-0.0694056,-17.5541
462.65,-0.069419,-17.5576
462.7,-0.069427,-17.5611
462.75,-0.069428,-17.5645
462.8,-0.069439,-17.568
462.85,-0.0694353,-17.5715
462.9,-0.0694397,-17.575
462.95,-0.0694362,-17.5784
463.0,-0.0694342,-17.5819
463.05,-0.0694365,-17.5854
463.1,-0.0694326,-17.5888
463.15,-0.0694395,-17.5923
463.2,-0.0694545,-17.5958
463.25,-0.069471,-17.5993
463.3,-0.069461,-17.6027
463.35,-0.0694781,-17.6062
463.4,-0.0694826,-17.6097
463.45,-0.0694946,-17.6132
463.5,-0.069488,-17.6166
463.55,-0.0694821,-17.6201
463.6,-0.0694858,-17.6236
463.65,-0.0694897,-17.6271
463.7,-0.069491,-17.6305
463.75,-0.0695164,-17.634
463.8,-0.0695219,-17.6375
463.85,-0.069513,-17.641
463.9,-0.0695558,-17.6444
463.95,-0.0695509,-17.6479
464.0,-0.0695504,-17.6514
464.05,-0.0695436,-17.6549
464.1,-0.0695391,-17.6583
464.15,-0.0695437,-17.6618
464.2,-0.0695525,-17.6653
464.25,-0.0695481,-17.6688
464.3,-0.0695765,-17.6723
464.35,-0.0695778,-17.6757
464.4,-0.0695904,-17.6792
464.45,-0.0695807,-17.6827
464.5,-0.0695794,-17.6862
464.55,-0.0695758,-17.6896
464.6,-0.0695798,-17.6931
464.65,-0.0695668,-17.6966
464.7,-0.06958,-17.7001
464.75,-0.0695884,-17.7036
464.8,-0.0696067,-17.707
464.85,-0.0696265,-17.7105
464.9,-0.0696369,-17.714
464.95,-0.069637,-17.7175
465.0,-0.0696391,-17.721
465.05,-0.069635,-17.7245
465.1,-0.0696239,-17.7279
465.15,-0.0696325,-17.7314
465.2,-0.0696342,-17.7349
465.25,-0.0696426,-17.7384
465.3,-0.069655,-17.7419
465.35,-0.0696617,-17.7453
465.4,-0.0696732,-17.7488
465.45,-0.0696775,-17.7523
465.5,-0.0696945,-17.7558
465.55,-0.0696902,-17.7593
465.6,-0.0696825,-17.7628
465.65,-0.0696819,-17.7663
465.7,-0.0696987,-17.7697
465.75,-0.0697097,-17.7732
465.8,-0.0697206,-17.7767
465.85,-0.069745,-17.7802
465.9,-0.0697443,-17.7837
465.95,-0.0697383,-17.7872
466.0,-0.0697412,-17.7907
466.05,-0.0697535,-17.7941
466.1,-0.0697602,-17.7976
466.15,-0.0697535,-17.8011
466.2,-0.0697532,-17.8046
466.25,-0.0697783,-17.8081
466.3,-0.069774,-17.8116
466.35,-0.0697875,-17.8151
466.4,-0.0698014,-17.8186
466.45,-0.0698127,-17.8221
466.5,-0.0698145,-17.8255
466.55,-0.0698164,-17.829
466.6,-0.0698112,-17.8325
466.65,-0.0698251,-17.836
466.7,-0.0698227,-17.8395
466.75,-0.069833,-17.843
466.8,-0.0698559,-17.8465
466.85,-0.0698578,-17.85
466.9,-0.069867,-17.8535
466.95,-0.0698632,-17.857
467.0,-0.0698722,-17.8605
467.05,-0.0698895,-17.864
467.1,-0.0699042,-17.8675
467.15,-0.0699175,-17.871
467.2,-0.069921,-17.8744
467.25,-0.0699213,-17.8779
467.3,-0.0699295,-17.8814
467.35,-0.0699371,-17.8849
467.4,-0.0699499,-17.8884
467.45,-0.0699649,-17.8919
467.5,-0.0699568,-17.8954
467.55,-0.0699555,-17.8989
467.6,-0.0699648,-17.9024
467.65,-0.0699671,-17.9059
467.7,-0.0699721,-17.9094
467.75,-0.0699814,-17.9129
467.8,-0.0699902,-17.9164
467.85,-0.0700115,-17.9199
467.9,-0.0700185,-17.9234
467.95,-0.0700383,-17.9269
468.0,-0.0700493,-17.9304
468.05,-0.0700674,-17.9339
468.1,-0.0701018,-17.9374
468.15,-0.0701011,-17.9409
468.2,-0.0700948,-17.9444
468.25,-0.0701094,-17.948
468.3,-0.0701001,-17.9515
468.35,-0.0701114,-17.955
468.4,-0.0701256,-17.9585
468.45,-0.0701218,-17.962
468.5,-0.0701289,-17.9655
468.55,-0.0701326,-17.969
468.6,-0.0701335,-17.9725
468.65,-0.0701411,-17.976
468.7,-0.0701396,-17.9795
468.75,-0.0701529,-17.983
468.8,-0.0701519,-17.9865
468.85,-0.0701556,-17.99
468.9,-0.0701657,-17.9935
468.95,-0.0701614,-17.997
469.0,-0.0701695,-18.0006
469.05,-0.0701886,-18.0041
469.1,-0.0702064,-18.0076
469.15,-0.0701927,-18.0111
469.2,-0.0702056,-18.0146
469.25,-0.070197,-18.0181
469.3,-0.070219,-18.0216
469.35,-0.0702243,-18.0251
469.4,-0.0702281,-18.0286
469.45,-0.0702377,-18.0322
469.5,-0.0702567,-18.0357
469.55,-0.0702487,-18.0392
469.6,-0.0702754,-18.0427
469.65,-0.0702798,-18.0462
469.7,-0.0702791,-18.0497
469.75,-0.0702938,-18.0532
469.8,-0.0703102,-18.0567
469.85,-0.0703141,-18.0603
469.9,-0.07032,-18.0638
469.95,-0.0703606,-18.0673
470.0,-0.0703607,-18.0708
470.05,-0.0703731,-18.0743
470.1,-0.070382,-18.0779
470.15,-0.0704129,-18.0814
470.2,-0.0704247,-18.0849
470.25,-0.0704323,-18.0884
470.3,-0.0704347,-18.0919
470.35,-0.0704714,-18.0955
470.4,-0.0704752,-18.099
470.45,-0.0704857,-18.1025
470.5,-0.0704931,-18.106
470.55,-0.0705034,-18.1096
470.6,-0.0704966,-18.1131
470.65,-0.0705206,-18.1166
470.7,-0.0705318,-18.1201
470.75,-0.0705499,-18.1237
470.8,-0.0705508,-18.1272
470.85,-0.070565,-18.1307
470.9,-0.0705639,-18.1343
470.95,-0.0705815,-18.1378
471.0,-0.0705784,-18.1413
471.05,-0.0705843,-18.1448
471.1,-0.0705982,-18.1484
471.15,-0.0706148,-18.1519
471.2,-0.0706119,-18.1554
471.25,-0.0706177,-18.159
471.3,-0.0706428,-18.1625
471.35,-0.0706526,-18.166
471.4,-0.0706678,-18.1696
471.45,-0.0706608,-18.1731
471.5,-0.0706791,-18.1766
471.55,-0.0706946,-18.1802
471.6,-0.0706976,-18.1837
471.65,-0.0707062,-18.1872
471.7,-0.0707264,-18.1908
471.75,-0.0707331,-18.1943
471.8,-0.0707253,-18.1978
471.85,-0.0707364,-18.2014
471.9,-0.0707423,-18.2049
471.95,-0.0707452,-18.2085
472.0,-0.0707527,-18.212
472.05,-0.0707774,-18.2155
472.1,-0.0707834,-18.2191
472.15,-0.0707949,-18.2226
472.2,-0.0708039,-18.2261
472.25,-0.0708098,-18.2297
472.3,-0.0708301,-18.2332
472.35,-0.0708497,-18.2368
472.4,-0.0708516,-18.2403
472.45,-0.0708593,-18.2439
472.5,-0.070869,-18.2474
472.55,-0.0708728,-18.2509
472.6,-0.0708738,-18.2545
472.65,-0.0708942,-18.258
472.7,-0.0708938,-18.2616
472.75,-0.0709051,-18.2651
472.8,-0.0709022,-18.2687
472.85,-0.0709364,-18.2722
472.9,-0.0709511,-18.2758
472.95,-0.0709583,-18.2793
473.0,-0.0709468,-18.2829
473.05,-0.0709528,-18.2864
473.1,-0.0709485,-18.29
473.15,-0.070959,-18.2935
473.2,-0.0709757,-18.297
473.25,-0.0710042,-18.3006
473.3,-0.0710273,-18.3041
473.35,-0.07103,-18.3077
473.4,-0.0710319,-18.3113
473.45,-0.0710145,-18.3148
473.5,-0.0710341,-18.3184
473.55,-0.0710415,-18.3219
473.6,-0.0710574,-18.3255
473.65,-0.071063,-18.329
473.7,-0.0710612,-18.3326
473.75,-0.071056,-18.3361
473.8,-0.0710689,-18.3397
473.85,-0.0710808,-18.3432
473.9,-0.0710865,-18.3468
473.95,-0.0710862,-18.3503
474.0,-0.0711035,-18.3539
474.05,-0.0710938,-18.3574
474.1,-0.0710974,-18.361
474.15,-0.0711051,-18.3646
474.2,-0.0711066,-18.3681
474.25,-0.0711282,-18.3717
474.3,-0.0711444,-18.3752
474.35,-0.0711766,-18.3788
474.4,-0.0711616,-18.3823
474.45,-0.0711659,-18.3859
474.5,-0.0711628,-18.3895
474.55,-0.0711584,-18.393
474.6,-0.0711801,-18.3966
474.65,-0.0711871,-18.4001
474.7,-0.0711914,-18.4037
474.75,-0.0711887,-18.4073
474.8,-0.0712161,-18.4108
474.85,-0.0712303,-18.4144
474.9,-0.0712292,-18.4179
474.95,-0.0712505,-18.4215
475.0,-0.0712581,-18.4251
475.05,-0.0712545,-18.4286
475.1,-0.0712629,-18.4322
475.15,-0.0712649,-18.4358
475.2,-0.0712704,-18.4393
475.25,-0.071299,-18.4429
475.3,-0.0713079,-18.4464
475.35,-0.0713219,-18.45
475.4,-0.0713183,-18.4536
475.45,-0.0713204,-18.4571
475.5,-0.0713363,-18.4607
475.55,-0.0713563,-18.4643
475.6,-0.0713698,-18.4678
475.65,-0.0713754,-18.4714
475.7,-0.071369,-18.475
475.75,-0.0713864,-18.4786
475.8,-0.0714029,-18.4821
475.85,-0.071405,-18.4857
475.9,-0.0714124,-18.4893
475.95,-0.0714156,-18.4928
476.0,-0.0714235,-18.4964
476.05,-0.0714407,-18.5
476.1,-0.0714513,-18.5035
476.15,-0.0714517,-18.5071
476.2,-0.0714791,-18.5107
476.25,-0.071496,-18.5143
476.3,-0.0714918,-18.5178
476.35,-0.0714903,-18.5214
476.4,-0.0714919,-18.525
476.45,-0.0714988,-18.5286
476.5,-0.0714919,-18.5321
476.55,-0.0715074,-18.5357
476.6,-0.0715015,-18.5393
476.65,-0.0715181,-18.5429
476.7,-0.0715369,-18.5464
476.75,-0.0715294,-18.55
476.8,-0.0715496,-18.5536
476.85,-0.0715578,-18.5572
476.9,-0.0715671,-18.5608
476.95,-0.0715934,-18.5643
477.0,-0.0716064,-18.5679
477.05,-0.0715954,-18.5715
477.1,-0.0716146,-18.5751
477.15,-0.071616,-18.5787
477.2,-0.0716249,-18.5822
477.25,-0.0716236,-18.5858
477.3,-0.0716273,-18.5894
477.35,-0.0716486,-18.593
477.4,-0.0716675,-18.5966
477.45,-0.0716757,-18.6002
477.5,-0.0716861,-18.6037
477.55,-0.0716714,-18.6073
477.6,-0.0716652,-18.6109
477.65,-0.0716862,-18.6145
477.7,-0.0716982,-18.6181
477.75,-0.0717253,-18.6217
477.8,-0.0717239,-18.6252
477.85,-0.0717176,-18.6288
477.9,-0.0717282,-18.6324
477.95,-0.0717513,-18.636
478.0,-0.0717425,-18.6396
478.05,-0.0717445,-18.6432
478.1,-0.0717607,-18.6468
478.15,-0.0717702,-18.6504
478.2,-0.071767,-18.6539
478.25,-0.0717828,-18.6575
478.3,-0.0717971,-18.6611
478.35,-0.0717922,-18.6647
478.4,-0.0718006,-18.6683
478.45,-0.071805,-18.6719
478.5,-0.0718098,-18.6755
478.55,-0.0718243,-18.6791
478.6,-0.0718417,-18.6827
478.65,-0.0718386,-18.6863
478.7,-0.0718509,-18.6899
478.75,-0.0718607,-18.6934
478.8,-0.0718661,-18.697
478.85,-0.0718832,-18.7006
478.9,-0.0718957,-18.7042
478.95,-0.0719009,-18.7078
479.0,-0.0719257,-18.7114
479.05,-0.0719183,-18.715
479.1,-0.071921,-18.7186
479.15,-0.0719379,-18.7222
479.2,-0.0719431,-18.7258
479.25,-0.0719463,-18.7294
479.3,-0.071967,-18.733
479.35,-0.0720027,-18.7366
479.4,-0.0719979,-18.7402
479.45,-0.0720058,-18.7438
479.5,-0.0720061,-18.7474
479.55,-0.0720046,-18.751
479.6,-0.0720025,-18.7546
479.65,-0.0720077,-18.7582
479.7,-0.0720251,-18.7618
479.75,-0.0720264,-18.7654
479.8,-0.0720416,-18.769
479.85,-0.0720573,-18.7726
479.9,-0.0720646,-18.7762
479.95,-0.0720723,-18.7798
480.0,-0.072081,-18.7834
480.05,-0.0720837,-18.787
480.1,-0.0720614,-18.7906
480.15,-0.0720734,-18.7942
480.2,-0.0721015,-18.7978
480.25,-0.0720979,-18.8014
480.3,-0.0721198,-18.805
480.35,-0.0721284,-18.8087
480.4,-0.0721319,-18.8123
480.45,-0.0721239,-18.8159
480.5,-0.0721344,-18.8195
480.55,-0.0721187,-18.8231
480.6,-0.0721322,-18.8267
480.65,-0.0721361,-18.8303
480.7,-0.0721493,-18.8339
480.75,-0.0721591,-18.8375
480.8,-0.0721662,-18.8411
480.85,-0.0721701,-18.8447
480.9,-0.0721897,-18.8483
480.95,-0.0721795,-18.8519
481.0,-0.0721799,-18.8556
481.05,-0.0721858,-18.8592
481.1,-0.0721965,-18.8628
481.15,-0.0721902,-18.8664
481.2,-0.0722057,-18.87
481.25,-0.0722091,-18.8736
481.3,-0.0722144,-18.8772
481.35,-0.0722153,-18.8808
481.4,-0.0722128,-18.8844
481.45,-0.0722193,-18.888
481.5,-0.0722339,-18.8917
481.55,-0.0722293,-18.8953
481.6,-0.0722488,-18.8989
481.65,-0.0722538,-18.9025
481.7,-0.072256,-18.9061
481.75,-0.0722633,-18.9097
481.8,-0.0722613,-18.9133
481.85,-0.0722609,-18.9169
481.9,-0.0722657,-18.9206
481.95,-0.0722725,-18.9242
482.0,-0.072272,-18.9278
482.05,-0.0722823,-18.9314
482.1,-0.0722831,-18.935
482.15,-0.072287,-18.9386
482.2,-0.0723047,-18.9422
482.25,-0.072313,-18.9459
482.3,-0.072307,-18.9495
482.35,-0.0723047,-18.9531
482.4,-0.0723038,-18.9567
482.45,-0.0723017,-18.9603
482.5,-0.0723189,-18.9639
482.55,-0.0723192,-18.9676
482.6,-0.0723208,-18.9712
482.65,-0.0723333,-18.9748
482.7,-0.0723403,-18.9784
482.75,-0.0723491,-18.982
482.8,-0.0723567,-18.9856
482.85,-0.0723831,-18.9893
482.9,-0.072412,-18.9929
482.95,-0.0724021,-18.9965
483.0,-0.0723841,-19.0001
483.05,-0.0723757,-19.0037
483.1,-0.0723898,-19.0074
483.15,-0.0723807,-19.011
483.2,-0.0723957,-19.0146
483.25,-0.0724063,-19.0182
483.3,-0.0724168,-19.0218
483.35,-0.0724262,-19.0255
483.4,-0.0724259,-19.0291
483.45,-0.0724219,-19.0327
483.5,-0.0724276,-19.0363
483.55,-0.0724206,-19.0399
483.6,-0.0724201,-19.0436
483.65,-0.0724325,-19.0472
483.7,-0.0724685,-19.0508
483.75,-0.0724674,-19.0544
483.8,-0.0724581,-19.0581
483.85,-0.0724499,-19.0617
483.9,-0.0724474,-19.0653
483.95,-0.072452,-19.0689
484.0,-0.0724675,-19.0725
484.05,-0.0724775,-19.0762
484.1,-0.0724889,-19.0798
484.15,-0.0724985,-19.0834
484.2,-0.0724967,-19.087
484.25,-0.0725039,-19.0907
484.3,-0.0725071,-19.0943
484.35,-0.0725206,-19.0979
484.4,-0.0725364,-19.1015
484.45,-0.0725405,-19.1052
484.5,-0.0725199,-19.1088
484.55,-0.072529,-19.1124
484.6,-0.0725329,-19.1161
484.65,-0.0725373,-19.1197
484.7,-0.0725501,-19.1233
484.75,-0.0725585,-19.1269
484.8,-0.0725583,-19.1306
484.85,-0.0725628,-19.1342
484.9,-0.0725546,-19.1378
484.95,-0.0725628,-19.1414
485.0,-0.0725621,-19.1451
485.05,-0.0725633,-19.1487
485.1,-0.0725714,-19.1523
485.15,-0.0725829,-19.156
485.2,-0.0725883,-19.1596
485.25,-0.0725913,-19.1632
485.3,-0.0726052,-19.1668
485.35,-0.0726172,-19.1705
485.4,-0.0726162,-19.1741
485.45,-0.0726194,-19.1777
485.5,-0.0726178,-19.1814
485.55,-0.0726195,-19.185
485.6,-0.0726214,-19.1886
485.65,-0.0726236,-19.1923
485.7,-0.0726312,-19.1959
485.75,-0.0726301,-19.1995
485.8,-0.0726312,-19.2032
485.85,-0.0726334,-19.2068
485.9,-0.0726235,-19.2104
485.95,-0.0726255,-19.2141
486.0,-0.0726332,-19.2177
486.05,-0.0726341,-19.2213
486.1,-0.0726509,-19.2249
486.15,-0.0726571,-19.2286
486.2,-0.0726591,-19.2322
486.25,-0.0726594,-19.2358
486.3,-0.0726557,-19.2395
486.35,-0.0726462,-19.2431
486.4,-0.0726496,-19.2467
486.45,-0.0726555,-19.2504
486.5,-0.0726675,-19.254
486.55,-0.072672,-19.2576
486.6,-0.0726695,-19.2613
486.65,-0.0726677,-19.2649
486.7,-0.0726684,-19.2685
486.75,-0.0726747,-19.2722
486.8,-0.0726847,-19.2758
486.85,-0.0726838,-19.2794
486.9,-0.0726801,-19.2831
486.95,-0.0726951,-19.2867
487.0,-0.0726947,-19.2904
487.05,-0.0726922,-19.294
487.1,-0.0726782,-19.2976
487.15,-0.0726875,-19.3013
487.2,-0.0726813,-19.3049
487.25,-0.0726943,-19.3085
487.3,-0.0726843,-19.3122
487.35,-0.0726934,-19.3158
487.4,-0.0727028,-19.3194
487.45,-0.0727092,-19.3231
487.5,-0.0727131,-19.3267
487.55,-0.0727059,-19.3303
487.6,-0.0727146,-19.334
487.65,-0.0727265,-19.3376
487.7,-0.0727301,-19.3412
487.75,-0.0727245,-19.3449
487.8,-0.0727375,-19.3485
487.85,-0.0727416,-19.3522
487.9,-0.0727393,-19.3558
487.95,-0.0727376,-19.3594
488.0,-0.0727477,-19.3631
488.05,-0.0727391,-19.3667
488.1,-0.0727524,-19.3703
488.15,-0.0727733,-19.374
488.2,-0.0727934,-19.3776
488.25,-0.0727874,-19.3813
488.3,-0.0727852,-19.3849
488.35,-0.0727949,-19.3885
488.4,-0.0727984,-19.3922
488.45,-0.0728023,-19.3958
488.5,-0.0727992,-19.3995
488.55,-0.0728176,-19.4031
488.6,-0.0728221,-19.4067
488.65,-0.0728385,-19.4104
488.7,-0.0728294,-19.414
488.75,-0.0728478,-19.4177
488.8,-0.0728636,-19.4213
488.85,-0.0728725,-19.4249
488.9,-0.0728733,-19.4286
488.95,-0.0728789,-19.4322
489.0,-0.0728763,-19.4359
489.05,-0.0728848,-19.4395
489.1,-0.0728766,-19.4432
489.15,-0.0728943,-19.4468
489.2,-0.0729149,-19.4505
489.25,-0.072928,-19.4541
489.3,-0.07294,-19.4578
489.35,-0.072942,-19.4614
489.4,-0.0729556,-19.465
489.45,-0.0729536,-19.4687
489.5,-0.0729591,-19.4723
489.55,-0.0729757,-19.476
489.6,-0.072993,-19.4796
489.65,-0.0729968,-19.4833
489.7,-0.0730062,-19.4869
489.75,-0.0730167,-19.4906
489.8,-0.0730183,-19.4942
489.85,-0.0730207,-19.4979
489.9,-0.0730369,-19.5015
489.95,-0.0730252,-19.5052
490.0,-0.0730375,-19.5089
490.05,-0.0730411,-19.5125
490.1,-0.0730592,-19.5162
490.15,-0.0730721,-19.5198
490.2,-0.0730733,-19.5235
490.25,-0.0730895,-19.5271
490.3,-0.0730988,-19.5308
490.35,-0.0731146,-19.5344
490.4,-0.0731237,-19.5381
490.45,-0.0731341,-19.5417
490.5,-0.0731253,-19.5454
490.55,-0.0731502,-19.5491
490.6,-0.0731397,-19.5527
490.65,-0.0731712,-19.5564
490.7,-0.07319,-19.56
490.75,-0.073214,-19.5637
490.8,-0.0732124,-19.5674
490.85,-0.0732189,-19.571
490.9,-0.0732068,-19.5747
490.95,-0.0732194,-19.5783
491.0,-0.0732295,-19.582
491.05,-0.0732412,-19.5857
491.1,-0.0732394,-19.5893
491.15,-0.0732666,-19.593
491.2,-0.073278,-19.5966
491.25,-0.073284,-19.6003
491.3,-0.0732891,-19.604
491.35,-0.0733062,-19.6076
491.4,-0.0733217,-19.6113
491.45,-0.0733264,-19.615
491.5,-0.0733368,-19.6186
491.55,-0.0733372,-19.6223
491.6,-0.0733404,-19.626
491.65,-0.0733614,-19.6296
491.7,-0.073374,-19.6333
491.75,-0.0733788,-19.637
491.8,-0.073381,-19.6406
491.85,-0.0733823,-19.6443
491.9,-0.0733887,-19.648
491.95,-0.0734001,-19.6517
492.0,-0.0734019,-19.6553
492.05,-0.0734233,-19.659
492.1,-0.0734402,-19.6627
492.15,-0.0734431,-19.6663
492.2,-0.0734429,-19.67
492.25,-0.0734549,-19.6737
492.3,-0.0734715,-19.6774
492.35,-0.0734778,-19.681
492.4,-0.0734749,-19.6847
492.45,-0.073492,-19.6884
492.5,-0.0735036,-19.6921
492.55,-0.073508,-19.6957
492.6,-0.0735239,-19.6994
492.65,-0.0735575,-19.7031
492.7,-0.0735641,-19.7068
492.75,-0.0735847,-19.7104
492.8,-0.0735783,-19.7141
492.85,-0.0735755,-19.7178
492.9,-0.0735658,-19.7215
492.95,-0.0735803,-19.7252
493.0,-0.0735935,-19.7288
493.05,-0.0736008,-19.7325
493.1,-0.0736309,-19.7362
493.15,-0.0736394,-19.7399
493.2,-0.0736632,-19.7436
493.25,-0.0736717,-19.7472
493.3,-0.0736624,-19.7509
493.35,-0.0736437,-19.7546
493.4,-0.0736536,-19.7583
493.45,-0.0736809,-19.762
493.5,-0.0736832,-19.7657
493.55,-0.0736872,-19.7693
493.6,-0.073696,-19.773
493.65,-0.0737082,-19.7767
493.7,-0.0737098,-19.7804
493.75,-0.0737079,-19.7841
493.8,-0.0737288,-19.7878
493.85,-0.0737327,-19.7915
493.9,-0.0737306,-19.7951
493.95,-0.073745,-19.7988
494.0,-0.0737389,-19.8025
494.05,-0.0737554,-19.8062
494.1,-0.0737578,-19.8099
494.15,-0.0737626,-19.8136
494.2,-0.073795,-19.8173
494.25,-0.0738115,-19.821
494.3,-0.0738062,-19.8247
494.35,-0.0738042,-19.8283
494.4,-0.0738152,-19.832
494.45,-0.0738145,-19.8357
494.5,-0.0738229,-19.8394
494.55,-0.0738356,-19.8431
494.6,-0.0738411,-19.8468
494.65,-0.0738479,-19.8505
494.7,-0.0738481,-19.8542
494.75,-0.0738462,-19.8579
494.8,-0.0738509,-19.8616
494.85,-0.0738727,-19.8653
494.9,-0.0738629,-19.869
494.95,-0.0738723,-19.8727
495.0,-0.0738771,-19.8763
495.05,-0.0738883,-19.88
495.1,-0.0739041,-19.8837
495.15,-0.0739248,-19.8874
495.2,-0.0739297,-19.8911
495.25,-0.0739406,-19.8948
495.3,-0.0739363,-19.8985
495.35,-0.0739391,-19.9022
495.4,-0.0739331,-19.9059
495.45,-0.0739406,-19.9096
495.5,-0.0739327,-19.9133
495.55,-0.0739474,-19.917
495.6,-0.0739538,-19.9207
495.65,-0.0739753,-19.9244
495.7,-0.0739952,-19.9281
495.75,-0.0739932,-19.9318
495.8,-0.0739948,-19.9355
495.85,-0.0740014,-19.9392
495.9,-0.0740072,-19.9429
495.95,-0.0740113,-19.9466
496.0,-0.0740181,-19.9503
496.05,-0.0740308,-19.954
496.1,-0.07404,-19.9577
496.15,-0.0740526,-19.9614
496.2,-0.0740541,-19.9651
496.25,-0.0740719,-19.9688
496.3,-0.074084,-19.9725
496.35,-0.0740854,-19.9762
496.4,-0.0740856,-19.9799
496.45,-0.0741014,-19.9836
496.5,-0.0740895,-19.9873
496.55,-0.0741082,-19.991
496.6,-0.074114,-19.9948
496.65,-0.0741244,-19.9985
496.7,-0.0741499,-20.0022
496.75,-0.0741449,-20.0059
496.8,-0.0741635,-20.0096
496.85,-0.0741645,-20.0133
496.9,-0.0741624,-20.017
496.95,-0.0741643,-20.0207
497.0,-0.0741605,-20.0244
497.05,-0.0741792,-20.0281
497.1,-0.0741925,-20.0318
497.15,-0.0741926,-20.0355
497.2,-0.0741997,-20.0393
497.25,-0.0742254,-20.043
497.3,-0.0742197,-20.0467
497.35,-0.074203,-20.0504
497.4,-0.0742208,-20.0541
497.45,-0.0742343,-20.0578
497.5,-0.0742395,-20.0615
497.55,-0.0742258,-20.0652
497.6,-0.0742415,-20.0689
497.65,-0.0742655,-20.0727
497.7,-0.0742803,-20.0764
497.75,-0.074279,-20.0801
497.8,-0.0742806,-20.0838
497.85,-0.074279,-20.0875
497.9,-0.0742868,-20.0912
497.95,-0.0742922,-20.0949
498.0,-0.0742958,-20.0987
498.05,-0.0743064,-20.1024
498.1,-0.0743043,-20.1061
498.15,-0.074305,-20.1098
498.2,-0.0743181,-20.1135
498.25,-0.0743348,-20.1172
498.3,-0.0743513,-20.121
498.35,-0.0743456,-20.1247
498.4,-0.0743529,-20.1284
498.45,-0.0743581,-20.1321
498.5,-0.0743678,-20.1358
498.55,-0.0743613,-20.1395
498.6,-0.0743714,-20.1433
498.65,-0.0743827,-20.147
498.7,-0.0743906,-20.1507
498.75,-0.0743882,-20.1544
498.8,-0.0743942,-20.1581
498.85,-0.0743914,-20.1619
498.9,-0.0744011,-20.1656
498.95,-0.0744041,-20.1693
499.0,-0.0744264,-20.173
499.05,-0.0744099,-20.1767
499.1,-0.074412,-20.1805
499.15,-0.0744196,-20.1842
499.2,-0.0744332,-20.1879
499.25,-0.0744463,-20.1916
499.3,-0.0744486,-20.1953
499.35,-0.0744548,-20.1991
499.4,-0.0744573,-20.2028
499.45,-0.0744518,-20.2065
499.5,-0.0744658,-20.2102
499.55,-0.0744576,-20.214
499.6,-0.0744761,-20.2177
499.65,-0.074484,-20.2214
499.7,-0.0744927,-20.2251
499.75,-0.0745129,-20.2289
499.8,-0.0745146,-20.2326
499.85,-0.0745176,-20.2363
499.9,-0.0745133,-20.24
499.95,-0.0745084,-20.2438
500.0,-0.0745107,-20.2475
500.05,-0.0745166,-20.2512
500.1,-0.0745297,-20.2549
500.15,-0.0745447,-20.2587
500.2,-0.074563,-20.2624
500.25,-0.0745721,-20.2661
500.3,-0.074585,-20.2699
500.35,-0.0746004,-20.2736
500.4,-0.0745963,-20.2773
500.45,-0.0745855,-20.281
500.5,-0.0745758,-20.2848
500.55,-0.0745839,-20.2885
500.6,-0.0745925,-20.2922
500.65,-0.0746055,-20.296
500.7,-0.0746253,-20.2997
500.75,-0.0746938,-20.3034
500.8,-0.0746975,-20.3072
500.85,-0.074694,-20.3109
500.9,-0.074691,-20.3146
500.95,-0.0746946,-20.3184
501.0,-0.0747007,-20.3221
501.05,-0.0747031,-20.3258
501.1,-0.0747087,-20.3296
501.15,-0.0747128,-20.3333
501.2,-0.0747143,-20.337
501.25,-0.0747214,-20.3408
501.3,-0.0747339,-20.3445
501.35,-0.0747365,-20.3483
501.4,-0.0747219,-20.352
501.45,-0.0747258,-20.3557
501.5,-0.0747389,-20.3595
501.55,-0.074742,-20.3632
501.6,-0.0747613,-20.3669
501.65,-0.0747501,-20.3707
501.7,-0.0747619,-20.3744
501.75,-0.0747698,-20.3782
501.8,-0.0747803,-20.3819
501.85,-0.0747842,-20.3856
501.9,-0.0747906,-20.3894
501.95,-0.0747991,-20.3931
502.0,-0.0748019,-20.3968
502.05,-0.07481,-20.4006
502.1,-0.0748139,-20.4043
502.15,-0.0748224,-20.4081
502.2,-0.0748382,-20.4118
502.25,-0.0748459,-20.4156
502.3,-0.074847,-20.4193
502.35,-0.0748529,-20.423
502.4,-0.0748496,-20.4268
502.45,-0.0748539,-20.4305
502.5,-0.074852,-20.4343
502.55,-0.0748694,-20.438
502.6,-0.0748856,-20.4418
502.65,-0.0748914,-20.4455
502.7,-0.0749055,-20.4492
502.75,-0.0749178,-20.453
502.8,-0.07492,-20.4567
502.85,-0.0749352,-20.4605
502.9,-0.0749418,-20.4642
502.95,-0.074929,-20.468
503.0,-0.0749293,-20.4717
503.05,-0.0749372,-20.4755
503.1,-0.0749407,-20.4792
503.15,-0.0749488,-20.483
503.2,-0.0749402,-20.4867
503.25,-0.0749513,-20.4905
503.3,-0.074968,-20.4942
503.35,-0.0749662,-20.498
503.4,-0.0749735,-20.5017
503.45,-0.0749833,-20.5055
503.5,-0.0749749,-20.5092
503.55,-0.0749922,-20.513
503.6,-0.0749935,-20.5167
503.65,-0.074997,-20.5205
503.7,-0.0750056,-20.5242
503.75,-0.0750104,-20.528
503.8,-0.0750155,-20.5317
503.85,-0.0750233,-20.5355
503.9,-0.0750372,-20.5392
503.95,-0.0750407,-20.543
504.0,-0.0750453,-20.5467
504.05,-0.0750662,-20.5505
504.1,-0.075063,-20.5542
504.15,-0.0750541,-20.558
504.2,-0.0750638,-20.5617
504.25,-0.0750636,-20.5655
504.3,-0.0750962,-20.5692
504.35,-0.0751075,-20.573
504.4,-0.0751164,-20.5767
504.45,-0.0751218,-20.5805
504.5,-0.0751164,-20.5843
504.55,-0.0751153,-20.588
504.6,-0.0751297,-20.5918
504.65,-0.0751337,-20.5955
504.7,-0.0751379,-20.5993
504.75,-0.075159,-20.603
504.8,-0.0751585,-20.6068
504.85,-0.0751616,-20.6106
504.9,-0.0751658,-20.6143
504.95,-0.0751838,-20.6181
505.0,-0.0751989,-20.6218
505.05,-0.075205,-20.6256
505.1,-0.0752014,-20.6294
505.15,-0.0752174,-20.6331
505.2,-0.075231,-20.6369
505.25,-0.0752525,-20.6406
505.3,-0.0752556,-20.6444
505.35,-0.0752798,-20.6482
505.4,-0.0752912,-20.6519
505.45,-0.0753073,-20.6557
505.5,-0.0753048,-20.6595
505.55,-0.0753099,-20.6632
505.6,-0.0753266,-20.667
505.65,-0.0753379,-20.6708
505.7,-0.0753575,-20.6745
505.75,-0.0753553,-20.6783
505.8,-0.0753629,-20.6821
505.85,-0.0753744,-20.6858
505.9,-0.0753809,-20.6896
505.95,-0.0753898,-20.6934
506.0,-0.0753992,-20.6971
506.05,-0.0754093,-20.7009
506.1,-0.0754052,-20.7047
506.15,-0.0754146,-20.7085
506.2,-0.0754289,-20.7122
506.25,-0.0754415,-20.716
506.3,-0.0754423,-20.7198
506.35,-0.0754562,-20.7235
506.4,-0.0754561,-20.7273
506.45,-0.0754665,-20.7311
506.5,-0.0754609,-20.7349
506.55,-0.0754805,-20.7386
506.6,-0.0754947,-20.7424
506.65,-0.0755067,-20.7462
506.7,-0.0755181,-20.75
506.75,-0.0755391,-20.7537
506.8,-0.0755373,-20.7575
506.85,-0.0755446,-20.7613
506.9,-0.0755571,-20.7651
506.95,-0.0755674,-20.7688
507.0,-0.0755643,-20.7726
507.05,-0.0755635,-20.7764
507.1,-0.0755917,-20.7802
507.15,-0.0756038,-20.784
507.2,-0.0756021,-20.7877
507.25,-0.0756141,-20.7915
507.3,-0.0756382,-20.7953
507.35,-0.0756511,-20.7991
507.4,-0.0756669,-20.8029
507.45,-0.0756789,-20.8067
507.5,-0.0756859,-20.8104
507.55,-0.0756954,-20.8142
507.6,-0.0756994,-20.818
507.65,-0.0756998,-20.8218
507.7,-0.0757225,-20.8256
507.75,-0.0757403,-20.8294
507.8,-0.0757526,-20.8332
507.85,-0.075753,-20.8369
507.9,-0.0757537,-20.8407
507.95,-0.0757625,-20.8445
508.0,-0.0757751,-20.8483
508.05,-0.0757873,-20.8521
508.1,-0.0757908,-20.8559
508.15,-0.0758143,-20.8597
508.2,-0.0758257,-20.8635
508.25,-0.075825,-20.8673
508.3,-0.0758371,-20.871
508.35,-0.0758384,-20.8748
508.4,-0.0758447,-20.8786
508.45,-0.0758523,-20.8824
508.5,-0.0758786,-20.8862
508.55,-0.0758974,-20.89
508.6,-0.075922,-20.8938
508.65,-0.0759203,-20.8976
508.7,-0.0759396,-20.9014
508.75,-0.0759439,-20.9052
508.8,-0.0759626,-20.909
508.85,-0.075979,-20.9128
508.9,-0.0759952,-20.9166
508.95,-0.075994,-20.9204
509.0,-0.0759965,-20.9242
509.05,-0.0759995,-20.928
509.1,-0.0760122,-20.9318
509.15,-0.076031,-20.9356
509.2,-0.076033,-20.9394
509.25,-0.0760459,-20.9432
509.3,-0.0760731,-20.947
509.35,-0.0760745,-20.9508
509.4,-0.0760888,-20.9546
509.45,-0.0760892,-20.9584
509.5,-0.0761015,-20.9622
509.55,-0.0760961,-20.966
509.6,-0.0761124,-20.9698
509.65,-0.0761253,-20.9736
509.7,-0.0761213,-20.9774
509.75,-0.0761397,-20.9813
509.8,-0.076147,-20.9851
509.85,-0.0761633,-20.9889
509.9,-0.0761817,-20.9927
509.95,-0.0761828,-20.9965
510.0,-0.0761925,-21.0003
510.05,-0.0762146,-21.0041
510.1,-0.0762195,-21.0079
510.15,-0.0762317,-21.0117
510.2,-0.0762438,-21.0155
510.25,-0.0762561,-21.0194
510.3,-0.0762673,-21.0232
510.35,-0.0762759,-21.027
510.4,-0.0762822,-21.0308
510.45,-0.0762973,-21.0346
510.5,-0.0763169,-21.0384
510.55,-0.0763171,-21.0422
510.6,-0.0763408,-21.0461
510.65,-0.0763482,-21.0499
510.7,-0.0763684,-21.0537
510.75,-0.0763772,-21.0575
510.8,-0.0763773,-21.0613
510.85,-0.0763738,-21.0652
510.9,-0.0763981,-21.069
510.95,-0.0764013,-21.0728
511.0,-0.0764145,-21.0766
511.05,-0.0764331,-21.0804
511.1,-0.0764474,-21.0843
511.15,-0.076453,-21.0881
511.2,-0.0764549,-21.0919
511.25,-0.0764619,-21.0957
511.3,-0.076468,-21.0996
511.35,-0.0764817,-21.1034
511.4,-0.0764865,-21.1072
511.45,-0.0764985,-21.111
511.5,-0.0764999,-21.1148
511.55,-0.0765165,-21.1187
511.6,-0.0765345,-21.1225
511.65,-0.0765574,-21.1263
511.7,-0.076557,-21.1302
511.75,-0.0765744,-21.134
511.8,-0.0765785,-21.1378
511.85,-0.0765821,-21.1416
511.9,-0.0765846,-21.1455
511.95,-0.0766059,-21.1493
512.0,-0.0766082,-21.1531
512.05,-0.076619,-21.157
512.1,-0.0766251,-21.1608
512.15,-0.0766318,-21.1646
512.2,-0.0766313,-21.1685
512.25,-0.076651,-21.1723
512.3,-0.0766598,-21.1761
512.35,-0.076669,-21.18
512.4,-0.076681,-21.1838
512.45,-0.0766939,-21.1876
512.5,-0.0766946,-21.1915
512.55,-0.0767022,-21.1953
512.6,-0.0767212,-21.1991
512.65,-0.0767297,-21.203
512.7,-0.0767465,-21.2068
512.75,-0.076745,-21.2106
512.8,-0.0767461,-21.2145
512.85,-0.0767478,-21.2183
512.9,-0.0767479,-21.2222
512.95,-0.0767666,-21.226
513.0,-0.0767748,-21.2298
513.05,-0.0767806,-21.2337
513.1,-0.0768059,-21.2375
513.15,-0.0768049,-21.2414
513.2,-0.0768231,-21.2452
513.25,-0.0768382,-21.249
513.3,-0.0768403,-21.2529
513.35,-0.0768685,-21.2567
513.4,-0.0768711,-21.2606
513.45,-0.0768788,-21.2644
513.5,-0.0768883,-21.2683
513.55,-0.0768925,-21.2721
513.6,-0.0768976,-21.2759
513.65,-0.076904,-21.2798
513.7,-0.0769186,-21.2836
513.75,-0.0769366,-21.2875
513.8,-0.076946,-21.2913
513.85,-0.07695,-21.2952
513.9,-0.0769575,-21.299
513.95,-0.076979,-21.3029
514.0,-0.0769758,-21.3067
514.05,-0.0769894,-21.3106
514.1,-0.0769932,-21.3144
514.15,-0.0770022,-21.3183
514.2,-0.0770186,-21.3221
514.25,-0.0770115,-21.326
514.3,-0.0770261,-21.3298
514.35,-0.0770423,-21.3337
514.4,-0.0770394,-21.3375
514.45,-0.0770396,-21.3414
514.5,-0.0770481,-21.3452
514.55,-0.0770562,-21.3491
514.6,-0.0770613,-21.3529
514.65,-0.077071,-21.3568
514.7,-0.077082,-21.3606
514.75,-0.0770902,-21.3645
514.8,-0.0771002,-21.3684
514.85,-0.0771031,-21.3722
514.9,-0.0771072,-21.3761
514.95,-0.0771295,-21.3799
515.0,-0.077133,-21.3838
515.05,-0.0771269,-21.3876
515.1,-0.0771472,-21.3915
515.15,-0.0771704,-21.3954
515.2,-0.0771748,-21.3992
515.25,-0.0771764,-21.4031
515.3,-0.0771833,-21.4069
515.35,-0.0771789,-21.4108
515.4,-0.0771668,-21.4146
515.45,-0.0771827,-21.4185
515.5,-0.0771877,-21.4224
515.55,-0.0772065,-21.4262
515.6,-0.0772094,-21.4301
515.65,-0.0772042,-21.4339
515.7,-0.0771975,-21.4378
515.75,-0.0772203,-21.4417
515.8,-0.0772396,-21.4455
515.85,-0.0772402,-21.4494
515.9,-0.0772532,-21.4533
515.95,-0.0772515,-21.4571
516.0,-0.0772525,-21.461
516.05,-0.077257,-21.4648
516.1,-0.0772705,-21.4687
516.15,-0.0772672,-21.4726
516.2,-0.0772854,-21.4764
516.25,-0.0772895,-21.4803
516.3,-0.0773094,-21.4842
516.35,-0.077319,-21.488
516.4,-0.0773418,-21.4919
516.45,-0.0773486,-21.4958
516.5,-0.0773581,-21.4996
516.55,-0.0773748,-21.5035
516.6,-0.0773582,-21.5074
516.65,-0.0773714,-21.5112
516.7,-0.0773822,-21.5151
516.75,-0.0774067,-21.519
516.8,-0.0774198,-21.5228
516.85,-0.0774241,-21.5267
516.9,-0.0774258,-21.5306
516.95,-0.0774319,-21.5345
517.0,-0.0774266,-21.5383
517.05,-0.0774404,-21.5422
517.1,-0.0774481,-21.5461
517.15,-0.0774566,-21.5499
517.2,-0.0774631,-21.5538
517.25,-0.0774742,-21.5577
517.3,-0.0774779,-21.5616
517.35,-0.0774881,-21.5654
517.4,-0.0774829,-21.5693
517.45,-0.0774829,-21.5732
517.5,-0.0775039,-21.5771
517.55,-0.0775078,-21.5809
517.6,-0.0775201,-21.5848
517.65,-0.0775278,-21.5887
517.7,-0.0775398,-21.5926
517.75,-0.0775273,-21.5964
517.8,-0.0775314,-21.6003
517.85,-0.077538,-21.6042
517.9,-0.0775523,-21.6081
517.95,-0.0775549,-21.612
518.0,-0.0775522,-21.6158
518.05,-0.0775631,-21.6197
518.1,-0.0775827,-21.6236
518.15,-0.077586,-21.6275
518.2,-0.0776038,-21.6314
518.25,-0.0776152,-21.6352
518.3,-0.077609,-21.6391
518.35,-0.0776163,-21.643
518.4,-0.0776198,-21.6469
518.45,-0.0776337,-21.6508
518.5,-0.0776428,-21.6546
518.55,-0.0776461,-21.6585
518.6,-0.0776402,-21.6624
518.65,-0.0776494,-21.6663
518.7,-0.077664,-21.6702
518.75,-0.0776676,-21.6741
518.8,-0.0776757,-21.6779
518.85,-0.0776802,-21.6818
518.9,-0.0776671,-21.6857
518.95,-0.0776714,-21.6896
519.0,-0.0776881,-21.6935
519.05,-0.0776968,-21.6974
519.1,-0.0777123,-21.7012
519.15,-0.0777097,-21.7051
519.2,-0.0777255,-21.709
519.25,-0.0777351,-21.7129
519.3,-0.0777551,-21.7168
519.35,-0.0777581,-21.7207
519.4,-0.0777633,-21.7246
519.45,-0.0777664,-21.7285
519.5,-0.0777721,-21.7323
519.55,-0.0777599,-21.7362
519.6,-0.0777741,-21.7401
519.65,-0.0777868,-21.744
519.7,-0.0778017,-21.7479
519.75,-0.077802,-21.7518
519.8,-0.0778089,-21.7557
519.85,-0.0778119,-21.7596
519.9,-0.0778219,-21.7635
519.95,-0.0778372,-21.7674
520.0,-0.0778425,-21.7712
520.05,-0.0778541,-21.7751
520.1,-0.0778775,-21.779
520.15,-0.0778933,-21.7829
520.2,-0.0778819,-21.7868
520.25,-0.0778856,-21.7907
520.3,-0.0778968,-21.7946
520.35,-0.0778964,-21.7985
520.4,-0.077903,-21.8024
520.45,-0.0779057,-21.8063
520.5,-0.0779104,-21.8102
520.55,-0.0779157,-21.8141
520.6,-0.0779256,-21.818
520.65,-0.0779319,-21.8219
520.7,-0.0779305,-21.8258
520.75,-0.0779484,-21.8297
520.8,-0.0779608,-21.8336
520.85,-0.0779654,-21.8375
520.9,-0.077967,-21.8414
520.95,-0.0779944,-21.8453
521.0,-0.0779914,-21.8492
521.05,-0.0779954,-21.8531
521.1,-0.0780469,-21.857
521.15,-0.0780501,-21.8609
521.2,-0.0780466,-21.8648
521.25,-0.0780581,-21.8687
521.3,-0.0780715,-21.8726
521.35,-0.0780823,-21.8765
521.4,-0.0780848,-21.8804
521.45,-0.0781036,-21.8843
521.5,-0.0781067,-21.8882
521.55,-0.0781178,-21.8921
521.6,-0.0781142,-21.896
521.65,-0.0781252,-21.8999
521.7,-0.0781368,-21.9038
521.75,-0.0781429,-21.9077
521.8,-0.0781377,-21.9116
521.85,-0.0781542,-21.9155
521.9,-0.0781477,-21.9195
521.95,-0.078146,-21.9234
522.0,-0.0781681,-21.9273
522.05,-0.0781672,-21.9312
522.1,-0.0781937,-21.9351
522.15,-0.0781879,-21.939
522.2,-0.0782074,-21.9429
522.25,-0.0781964,-21.9468
522.3,-0.0781971,-21.9507
522.35,-0.0781971,-21.9546
522.4,-0.0781958,-21.9585
522.45,-0.0782157,-21.9625
522.5,-0.078214,-21.9664
522.55,-0.0782275,-21.9703
522.6,-0.0782368,-21.9742
522.65,-0.078233,-21.9781
522.7,-0.0782446,-21.982
522.75,-0.0782496,-21.9859
522.8,-0.0782443,-21.9898
522.85,-0.0782508,-21.9937
522.9,-0.078257,-21.9977
522.95,-0.0782665,-22.0016
523.0,-0.0782705,-22.0055
523.05,-0.078282,-22.0094
523.1,-0.0782841,-22.0133
523.15,-0.0783008,-22.0172
523.2,-0.0783025,-22.0211
523.25,-0.0783017,-22.0251
523.3,-0.0783157,-22.029
523.35,-0.0783104,-22.0329
523.4,-0.0783115,-22.0368
523.45,-0.0783256,-22.0407
523.5,-0.0783077,-22.0446
523.55,-0.0783102,-22.0486
523.6,-0.0783349,-22.0525
523.65,-0.0783453,-22.0564
523.7,-0.0783391,-22.0603
523.75,-0.0783519,-22.0642
523.8,-0.07837,-22.0681
523.85,-0.0783766,-22.0721
523.9,-0.0783887,-22.076
523.95,-0.0783957,-22.0799
524.0,-0.0784049,-22.0838
524.05,-0.0784185,-22.0877
524.1,-0.0784108,-22.0917
524.15,-0.0784013,-22.0956
524.2,-0.0784209,-22.0995
524.25,-0.0784189,-22.1034
524.3,-0.0784246,-22.1073
524.35,-0.0784362,-22.1113
524.4,-0.0784409,-22.1152
524.45,-0.0784519,-22.1191
524.5,-0.0784479,-22.123
524.55,-0.0784565,-22.127
524.6,-0.0784834,-22.1309
524.65,-0.0784856,-22.1348
524.7,-0.0784789,-22.1387
524.75,-0.0784903,-22.1427
524.8,-0.078491,-22.1466
524.85,-0.0784957,-22.1505
524.9,-0.0784999,-22.1544
524.95,-0.0784916,-22.1584
525.0,-0.0785153,-22.1623
525.05,-0.0785158,-22.1662
525.1,-0.0785206,-22.1701
525.15,-0.0785209,-22.1741
525.2,-0.0785447,-22.178
525.25,-0.0785497,-22.1819
525.3,-0.0785427,-22.1858
525.35,-0.0785537,-22.1898
525.4,-0.0785527,-22.1937
525.45,-0.0785674,-22.1976
525.5,-0.0785603,-22.2016
525.55,-0.0785697,-22.2055
525.6,-0.0785862,-22.2094
525.65,-0.0785943,-22.2133
525.7,-0.0785868,-22.2173
525.75,-0.0786059,-22.2212
525.8,-0.0786036,-22.2251
525.85,-0.0786104,-22.2291
525.9,-0.0786189,-22.233
525.95,-0.0786313,-22.2369
526.0,-0.0786311,-22.2409
526.05,-0.0786364,-22.2448
526.1,-0.0786363,-22.2487
526.15,-0.078643,-22.2526
526.2,-0.0786463,-22.2566
526.25,-0.0786349,-22.2605
526.3,-0.07866,-22.2644
526.35,-0.0786659,-22.2684
526.4,-0.0786642,-22.2723
526.45,-0.0786663,-22.2762
526.5,-0.0786684,-22.2802
526.55,-0.078669,-22.2841
526.6,-0.0786802,-22.288
526.65,-0.0786832,-22.292
526.7,-0.0786934,-22.2959
526.75,-0.0787002,-22.2999
526.8,-0.0787043,-22.3038
526.85,-0.0787068,-22.3077
526.9,-0.0787009,-22.3117
526.95,-0.0787079,-22.3156
527.0,-0.0787067,-22.3195
527.05,-0.0787258,-22.3235
527.1,-0.0787284,-22.3274
527.15,-0.0787352,-22.3313
527.2,-0.078737,-22.3353
527.25,-0.0787453,-22.3392
527.3,-0.0787469,-22.3431
527.35,-0.0787619,-22.3471
527.4,-0.0787552,-22.351
527.45,-0.0787682,-22.355
527.5,-0.0787666,-22.3589
527.55,-0.0787808,-22.3628
527.6,-0.0787798,-22.3668
527.65,-0.0787913,-22.3707
527.7,-0.0787906,-22.3747
527.75,-0.0788008,-22.3786
527.8,-0.0788157,-22.3825
527.85,-0.0788188,-22.3865
527.9,-0.0788168,-22.3904
527.95,-0.0788214,-22.3944
528.0,-0.0788298,-22.3983
528.05,-0.0788441,-22.4022
528.1,-0.0788467,-22.4062
528.15,-0.0788514,-22.4101
528.2,-0.0788587,-22.4141
528.25,-0.0788591,-22.418
528.3,-0.0788602,-22.422
528.35,-0.0788802,-22.4259
528.4,-0.078883,-22.4298
528.45,-0.0788846,-22.4338
528.5,-0.0789032,-22.4377
528.55,-0.0788976,-22.4417
528.6,-0.0788907,-22.4456
528.65,-0.078891,-22.4496
528.7,-0.0789306,-22.4535
528.75,-0.0789639,-22.4575
528.8,-0.0789748,-22.4614
528.85,-0.0789734,-22.4654
528.9,-0.0789798,-22.4693
528.95,-0.0789727,-22.4733
529.0,-0.0789752,-22.4772
529.05,-0.0789863,-22.4812
529.1,-0.0789849,-22.4851
529.15,-0.0789895,-22.4891
529.2,-0.0790006,-22.493
529.25,-0.0790065,-22.497
529.3,-0.0790239,-22.5009
529.35,-0.079038,-22.5049
529.4,-0.0790527,-22.5088
529.45,-0.0790678,-22.5128
529.5,-0.0790783,-22.5167
529.55,-0.0790827,-22.5207
529.6,-0.0790946,-22.5246
529.65,-0.0791192,-22.5286
529.7,-0.0791242,-22.5325
529.75,-0.079126,-22.5365
529.8,-0.0791379,-22.5405
529.85,-0.079153,-22.5444
529.9,-0.0791464,-22.5484
529.95,-0.079162,-22.5523
530.0,-0.0791491,-22.5563
530.05,-0.0791726,-22.5602
530.1,-0.079164,-22.5642
530.15,-0.0791811,-22.5682
530.2,-0.0791833,-22.5721
530.25,-0.0791816,-22.5761
530.3,-0.0791743,-22.58
530.35,-0.0791862,-22.584
530.4,-0.0791958,-22.588
530.45,-0.0792091,-22.5919
530.5,-0.0792106,-22.5959
530.55,-0.0792161,-22.5998
530.6,-0.0792278,-22.6038
530.65,-0.0792295,-22.6078
530.7,-0.0792402,-22.6117
530.75,-0.0792331,-22.6157
530.8,-0.0792332,-22.6196
530.85,-0.0792611,-22.6236
530.9,-0.0792718,-22.6276
530.95,-0.0792873,-22.6315
531.0,-0.0792892,-22.6355
531.05,-0.0792815,-22.6395
531.1,-0.0792758,-22.6434
531.15,-0.0792862,-22.6474
531.2,-0.0793073,-22.6514
531.25,-0.0793124,-22.6553
531.3,-0.0793129,-22.6593
531.35,-0.0793158,-22.6633
531.4,-0.0793126,-22.6672
531.45,-0.07933,-22.6712
531.5,-0.0793305,-22.6752
531.55,-0.0793411,-22.6791
531.6,-0.0793476,-22.6831
531.65,-0.0793472,-22.6871
531.7,-0.0793524,-22.691
531.75,-0.0793414,-22.695
531.8,-0.0793631,-22.699
531.85,-0.079365,-22.7029
531.9,-0.0793705,-22.7069
531.95,-0.0793799,-22.7109
532.0,-0.0793843,-22.7148
532.05,-0.0793685,-22.7188
532.1,-0.0793719,-22.7228
532.15,-0.0793785,-22.7267
532.2,-0.0793884,-22.7307
532.25,-0.0793944,-22.7347
532.3,-0.0794044,-22.7387
532.35,-0.0793946,-22.7426
532.4,-0.0793989,-22.7466
532.45,-0.079409,-22.7506
532.5,-0.0794239,-22.7545
532.55,-0.0794393,-22.7585
532.6,-0.0794366,-22.7625
532.65,-0.0794357,-22.7664
532.7,-0.0794385,-22.7704
532.75,-0.0794529,-22.7744
532.8,-0.0794501,-22.7784
532.85,-0.0794575,-22.7823
532.9,-0.0794594,-22.7863
532.95,-0.0794643,-22.7903
533.0,-0.0794682,-22.7943
533.05,-0.0794739,-22.7982
533.1,-0.0794804,-22.8022
533.15,-0.079482,-22.8062
533.2,-0.0794876,-22.8102
533.25,-0.0794999,-22.8141
533.3,-0.0795263,-22.8181
533.35,-0.079533,-22.8221
533.4,-0.0795238,-22.8261
533.45,-0.0795379,-22.83
533.5,-0.0795398,-22.834
533.55,-0.0795422,-22.838
533.6,-0.0795514,-22.842
533.65,-0.0795666,-22.8459
533.7,-0.0795732,-22.8499
533.75,-0.0795644,-22.8539
533.8,-0.0795661,-22.8579
533.85,-0.0795783,-22.8619
533.9,-0.0795944,-22.8658
533.95,-0.0795824,-22.8698
534.0,-0.079595,-22.8738
534.05,-0.0796037,-22.8778
534.1,-0.0796145,-22.8818
534.15,-0.079611,-22.8857
534.2,-0.0796119,-22.8897
534.25,-0.0796262,-22.8937
534.3,-0.0796423,-22.8977
534.35,-0.0796449,-22.9017
534.4,-0.0796542,-22.9056
534.45,-0.0796503,-22.9096
534.5,-0.0796694,-22.9136
534.55,-0.079665,-22.9176
534.6,-0.0796655,-22.9216
534.65,-0.0796629,-22.9256
534.7,-0.0796662,-22.9295
534.75,-0.0796678,-22.9335
534.8,-0.0796774,-22.9375
534.85,-0.0796858,-22.9415
534.9,-0.0796944,-22.9455
534.95,-0.0796952,-22.9495
535.0,-0.0797124,-22.9535
535.05,-0.0797186,-22.9574
535.1,-0.079732,-22.9614
535.15,-0.0797382,-22.9654
535.2,-0.0797426,-22.9694
535.25,-0.0797377,-22.9734
535.3,-0.0797372,-22.9774
535.35,-0.0797402,-22.9814
535.4,-0.07975,-22.9853
535.45,-0.0797459,-22.9893
535.5,-0.079752,-22.9933
535.55,-0.0797656,-22.9973
535.6,-0.0797773,-23.0013
535.65,-0.0797715,-23.0053
535.7,-0.0797755,-23.0093
535.75,-0.0797936,-23.0133
535.8,-0.0797929,-23.0173
535.85,-0.0798032,-23.0212
535.9,-0.0798121,-23.0252
535.95,-0.0798165,-23.0292
536.0,-0.0798141,-23.0332
536.05,-0.0798252,-23.0372
536.1,-0.0798255,-23.0412
536.15,-0.079833,-23.0452
536.2,-0.0798286,-23.0492
536.25,-0.0798412,-23.0532
536.3,-0.0798416,-23.0572
536.35,-0.0798484,-23.0612
536.4,-0.0798629,-23.0652
536.45,-0.0798784,-23.0691
536.5,-0.0798909,-23.0731
536.55,-0.0798966,-23.0771
536.6,-0.0799159,-23.0811
536.65,-0.079924,-23.0851
536.7,-0.0799398,-23.0891
536.75,-0.0799583,-23.0931
536.8,-0.0799602,-23.0971
536.85,-0.0799829,-23.1011
536.9,-0.0799919,-23.1051
536.95,-0.0799973,-23.1091
537.0,-0.0799903,-23.1131
537.05,-0.0799926,-23.1171
537.1,-0.0800033,-23.1211
537.15,-0.0800178,-23.1251
537.2,-0.0800257,-23.1291
537.25,-0.0800143,-23.1331
537.3,-0.0800183,-23.1371
537.35,-0.0800124,-23.1411
537.4,-0.0800111,-23.1451
537.45,-0.0800319,-23.1491
537.5,-0.0800341,-23.1531
537.55,-0.0800322,-23.1571
537.6,-0.0800296,-23.1611
537.65,-0.0800415,-23.1651
537.7,-0.0800496,-23.1691
537.75,-0.0800444,-23.1731
537.8,-0.0800524,-23.1771
537.85,-0.0800693,-23.1811
537.9,-0.0800788,-23.1851
537.95,-0.0800868,-23.1892
538.0,-0.0800955,-23.1932
538.05,-0.0801054,-23.1972
538.1,-0.0800896,-23.2012
538.15,-0.0800971,-23.2052
538.2,-0.080103,-23.2092
538.25,-0.0801052,-23.2132
538.3,-0.0801008,-23.2172
538.35,-0.0801103,-23.2212
538.4,-0.0801098,-23.2252
538.45,-0.0801202,-23.2292
538.5,-0.0801286,-23.2332
538.55,-0.0801308,-23.2372
538.6,-0.0801254,-23.2412
538.65,-0.0801312,-23.2452
538.7,-0.0801231,-23.2492
538.75,-0.0801262,-23.2532
538.8,-0.0801337,-23.2572
538.85,-0.0801477,-23.2613
538.9,-0.0801453,-23.2653
538.95,-0.0801625,-23.2693
539.0,-0.0801603,-23.2733
539.05,-0.080153,-23.2773
539.1,-0.0801498,-23.2813
539.15,-0.080164,-23.2853
539.2,-0.0801621,-23.2893
539.25,-0.0801703,-23.2933
539.3,-0.0801746,-23.2973
539.35,-0.0801849,-23.3013
539.4,-0.0801906,-23.3053
539.45,-0.0801835,-23.3094
539.5,-0.080206,-23.3134
539.55,-0.0802079,-23.3174
539.6,-0.0802195,-23.3214
539.65,-0.0801988,-23.3254
539.7,-0.0802072,-23.3294
539.75,-0.0802091,-23.3334
539.8,-0.0802162,-23.3374
539.85,-0.0802321,-23.3414
539.9,-0.0802323,-23.3455
539.95,-0.0802447,-23.3495
540.0,-0.0802623,-23.3535
540.05,-0.0802624,-23.3575
540.1,-0.0802617,-23.3615
540.15,-0.0802756,-23.3655
540.2,-0.0802626,-23.3695
540.25,-0.0802733,-23.3735
540.3,-0.0802867,-23.3776
540.35,-0.0802728,-23.3816
540.4,-0.0802903,-23.3856
540.45,-0.0802896,-23.3896
540.5,-0.0802996,-23.3936
540.55,-0.0803128,-23.3976
540.6,-0.080308,-23.4016
540.65,-0.0803074,-23.4057
540.7,-0.0803061,-23.4097
540.75,-0.0803108,-23.4137
540.8,-0.0803118,-23.4177
540.85,-0.0803095,-23.4217
540.9,-0.0803291,-23.4257
540.95,-0.0803368,-23.4298
541.0,-0.0803489,-23.4338
541.05,-0.0803501,-23.4378
541.1,-0.0803587,-23.4418
541.15,-0.0803506,-23.4458
541.2,-0.0803477,-23.4498
541.25,-0.0803609,-23.4539
541.3,-0.0803764,-23.4579
541.35,-0.0803955,-23.4619
541.4,-0.0803894,-23.4659
541.45,-0.0803989,-23.4699
541.5,-0.0804032,-23.474
541.55,-0.0804,-23.478
541.6,-0.0804026,-23.482
541.65,-0.0804225,-23.486
541.7,-0.0804217,-23.49
541.75,-0.0804221,-23.4941
541.8,-0.0804185,-23.4981
541.85,-0.0804301,-23.5021
541.9,-0.0804247,-23.5061
541.95,-0.0804359,-23.5102
542.0,-0.0804521,-23.5142
542.05,-0.0804651,-23.5182
542.1,-0.0804737,-23.5222
542.15,-0.0804836,-23.5262
542.2,-0.0804824,-23.5303
542.25,-0.0804894,-23.5343
542.3,-0.0805023,-23.5383
542.35,-0.0805094,-23.5423
542.4,-0.0805139,-23.5464
542.45,-0.080525,-23.5504
542.5,-0.0805347,-23.5544
542.55,-0.0805416,-23.5585
542.6,-0.0805406,-23.5625
542.65,-0.0805513,-23.5665
542.7,-0.0805615,-23.5705
542.75,-0.0805679,-23.5746
542.8,-0.0805675,-23.5786
542.85,-0.0805623,-23.5826
542.9,-0.0805708,-23.5866
542.95,-0.0805764,-23.5907
543.0,-0.0805907,-23.5947
543.05,-0.0806022,-23.5987
543.1,-0.0806068,-23.6028
543.15,-0.0806166,-23.6068
543.2,-0.0806026,-23.6108
543.25,-0.0806224,-23.6149
543.3,-0.0806319,-23.6189
543.35,-0.0806252,-23.6229
543.4,-0.080634,-23.627
543.45,-0.080655,-23.631
543.5,-0.0806615,-23.635
543.55,-0.0806628,-23.6391
543.6,-0.0806694,-23.6431
543.65,-0.0806689,-23.6471
543.7,-0.0806806,-23.6512
543.75,-0.0806858,-23.6552
543.8,-0.0806988,-23.6592
543.85,-0.0807131,-23.6633
543.9,-0.0807112,-23.6673
543.95,-0.0807077,-23.6713
544.0,-0.0807231,-23.6754
544.05,-0.0807359,-23.6794
544.1,-0.0807417,-23.6834
544.15,-0.0807549,-23.6875
544.2,-0.0807725,-23.6915
544.25,-0.0807798,-23.6956
544.3,-0.0807846,-23.6996
544.35,-0.0807773,-23.7036
544.4,-0.0807938,-23.7077
544.45,-0.080813,-23.7117
544.5,-0.0808299,-23.7158
544.55,-0.0808471,-23.7198
544.6,-0.0808435,-23.7238
544.65,-0.0808227,-23.7279
544.7,-0.0808527,-23.7319
544.75,-0.0808528,-23.736
544.8,-0.0808583,-23.74
544.85,-0.0808804,-23.7441
544.9,-0.0808796,-23.7481
544.95,-0.0808878,-23.7521
545.0,-0.0809062,-23.7562
545.05,-0.0809106,-23.7602
545.1,-0.0809076,-23.7643
545.15,-0.0809304,-23.7683
545.2,-0.0809323,-23.7724
545.25,-0.0809458,-23.7764
545.3,-0.0809456,-23.7805
545.35,-0.0809584,-23.7845
545.4,-0.0809621,-23.7886
545.45,-0.0809732,-23.7926
545.5,-0.0809932,-23.7967
545.55,-0.0809932,-23.8007
545.6,-0.0810061,-23.8048
545.65,-0.0810117,-23.8088
545.7,-0.0810131,-23.8129
545.75,-0.081021,-23.8169
545.8,-0.0810465,-23.821
545.85,-0.0810614,-23.825
545.9,-0.0810827,-23.8291
545.95,-0.081108,-23.8331
546.0,-0.0811143,-23.8372
546.05,-0.0811219,-23.8412
546.1,-0.0811394,-23.8453
546.15,-0.0811252,-23.8493
546.2,-0.0811239,-23.8534
546.25,-0.0811428,-23.8575
546.3,-0.0811471,-23.8615
546.35,-0.0811594,-23.8656
546.4,-0.0811562,-23.8696
546.45,-0.0811621,-23.8737
546.5,-0.0811718,-23.8778
546.55,-0.0811605,-23.8818
546.6,-0.0811629,-23.8859
546.65,-0.0811829,-23.8899
546.7,-0.0811833,-23.894
546.75,-0.0811863,-23.898
546.8,-0.081192,-23.9021
546.85,-0.0812054,-23.9062
546.9,-0.0812212,-23.9102
546.95,-0.0812265,-23.9143
547.0,-0.081225,-23.9184
547.05,-0.0812347,-23.9224
547.1,-0.0812284,-23.9265
547.15,-0.0812247,-23.9305
547.2,-0.0812203,-23.9346
547.25,-0.0812305,-23.9387
547.3,-0.0812384,-23.9427
547.35,-0.081235,-23.9468
547.4,-0.0812598,-23.9508
547.45,-0.0812674,-23.9549
547.5,-0.0812619,-23.959
547.55,-0.081265,-23.963
547.6,-0.0812711,-23.9671
547.65,-0.0812806,-23.9712
547.7,-0.0812781,-23.9752
547.75,-0.0812693,-23.9793
547.8,-0.0812929,-23.9834
547.85,-0.0813113,-23.9874
547.9,-0.0813085,-23.9915
547.95,-0.0813111,-23.9956
548.0,-0.0813342,-23.9996
548.05,-0.0813361,-24.0037
548.1,-0.0813386,-24.0077
548.15,-0.0813315,-24.0118
548.2,-0.0813296,-24.0159
548.25,-0.0813298,-24.0199
548.3,-0.0813346,-24.024
548.35,-0.081349,-24.0281
548.4,-0.0813577,-24.0322
548.45,-0.081367,-24.0362
548.5,-0.0813526,-24.0403
548.55,-0.0813615,-24.0444
548.6,-0.0813661,-24.0484
548.65,-0.0813684,-24.0525
548.7,-0.081364,-24.0566
548.75,-0.0813734,-24.0606
548.8,-0.0813817,-24.0647
548.85,-0.0813774,-24.0688
548.9,-0.081397,-24.0728
548.95,-0.0813999,-24.0769
549.0,-0.0813969,-24.081
549.05,-0.0814078,-24.085
549.1,-0.0814086,-24.0891
549.15,-0.0814025,-24.0932
549.2,-0.081401,-24.0973
549.25,-0.0814087,-24.1013
549.3,-0.0814098,-24.1054
549.35,-0.0814118,-24.1095
549.4,-0.0814244,-24.1135
549.45,-0.0814168,-24.1176
549.5,-0.0814218,-24.1217
549.55,-0.081428,-24.1258
549.6,-0.0814379,-24.1298
549.65,-0.0814431,-24.1339
549.7,-0.0814546,-24.138
549.75,-0.0814615,-24.142
549.8,-0.0814632,-24.1461
549.85,-0.081465,-24.1502
549.9,-0.0814752,-24.1543
549.95,-0.0814677,-24.1583
550.0,-0.0814717,-24.1624
550.05,-0.0814836,-24.1665
550.1,-0.081474,-24.1706
550.15,-0.0814826,-24.1746
550.2,-0.0814849,-24.1787
550.25,-0.0814866,-24.1828
550.3,-0.081488,-24.1869
550.35,-0.0814879,-24.1909
550.4,-0.0814881,-24.195
550.45,-0.0814928,-24.1991
550.5,-0.0814867,-24.2032
550.55,-0.0814906,-24.2072
550.6,-0.0814969,-24.2113
550.65,-0.0814998,-24.2154
550.7,-0.0815103,-24.2195
550.75,-0.0815118,-24.2235
550.8,-0.0815188,-24.2276
550.85,-0.0815317,-24.2317
550.9,-0.0815403,-24.2358
550.95,-0.081519,-24.2398
551.0,-0.0815319,-24.2439
551.05,-0.0815179,-24.248
551.1,-0.081526,-24.2521
551.15,-0.0815126,-24.2561
551.2,-0.0815171,-24.2602
551.25,-0.0815108,-24.2643
551.3,-0.0815147,-24.2684
551.35,-0.0815374,-24.2724
551.4,-0.0815307,-24.2765
551.45,-0.0815463,-24.2806
551.5,-0.0815508,-24.2847
551.55,-0.0815599,-24.2888
551.6,-0.0815699,-24.2928
551.65,-0.0815664,-24.2969
551.7,-0.0815785,-24.301
551.75,-0.0815913,-24.3051
551.8,-0.0815883,-24.3091
551.85,-0.0815814,-24.3132
551.9,-0.081566,-24.3173
551.95,-0.0815721,-24.3214
552.0,-0.081566,-24.3255
552.05,-0.0815642,-24.3295
552.1,-0.0815628,-24.3336
552.15,-0.0815685,-24.3377
552.2,-0.0815823,-24.3418
552.25,-0.0815853,-24.3459
552.3,-0.0816001,-24.3499
552.35,-0.0816065,-24.354
552.4,-0.0816091,-24.3581
552.45,-0.0815957,-24.3622
552.5,-0.0816048,-24.3663
552.55,-0.0815952,-24.3703
552.6,-0.0816107,-24.3744
552.65,-0.0816226,-24.3785
552.7,-0.0816175,-24.3826
552.75,-0.081627,-24.3867
552.8,-0.0816378,-24.3907
552.85,-0.0816496,-24.3948
552.9,-0.0816551,-24.3989
552.95,-0.0816585,-24.403
553.0,-0.0816668,-24.4071
553.05,-0.0816642,-24.4112
553.1,-0.0816925,-24.4152
553.15,-0.0816826,-24.4193
553.2,-0.0816848,-24.4234
553.25,-0.0816995,-24.4275
553.3,-0.0817135,-24.4316
553.35,-0.0817222,-24.4357
553.4,-0.0817321,-24.4398
553.45,-0.0817332,-24.4438
553.5,-0.081743,-24.4479
553.55,-0.0817498,-24.452
553.6,-0.0817648,-24.4561
553.65,-0.0817719,-24.4602
553.7,-0.0817797,-24.4643
553.75,-0.0817688,-24.4684
553.8,-0.0817828,-24.4725
553.85,-0.0817795,-24.4765
553.9,-0.0817954,-24.4806
553.95,-0.0818052,-24.4847
554.0,-0.0818245,-24.4888
554.05,-0.0818281,-24.4929
554.1,-0.081834,-24.497
554.15,-0.0818463,-24.5011
554.2,-0.0818608,-24.5052
554.25,-0.0818716,-24.5093
554.3,-0.081891,-24.5134
554.35,-0.0819099,-24.5175
554.4,-0.0819195,-24.5216
554.45,-0.0819101,-24.5257
554.5,-0.0819219,-24.5298
554.55,-0.0819325,-24.5339
554.6,-0.0819344,-24.538
554.65,-0.0819327,-24.542
554.7,-0.0819494,-24.5461
554.75,-0.0819448,-24.5502
554.8,-0.0819486,-24.5543
554.85,-0.0819393,-24.5584
554.9,-0.0819607,-24.5625
554.95,-0.0819804,-24.5666
555.0,-0.0819947,-24.5707
555.05,-0.0819973,-24.5748
555.1,-0.0820114,-24.5789
555.15,-0.0820034,-24.583
555.2,-0.08201,-24.5871
555.25,-0.0820141,-24.5912
555.3,-0.082015,-24.5953
555.35,-0.082039,-24.5994
555.4,-0.0820474,-24.6035
555.45,-0.0820523,-24.6076
555.5,-0.0820546,-24.6117
555.55,-0.0820618,-24.6158
555.6,-0.0820654,-24.62
555.65,-0.0820814,-24.6241
555.7,-0.0820894,-24.6282
555.75,-0.0821026,-24.6323
555.8,-0.0820974,-24.6364
555.85,-0.0821061,-24.6405
555.9,-0.0821324,-24.6446
555.95,-0.0821357,-24.6487
556.0,-0.0821483,-24.6528
556.05,-0.0821541,-24.6569
556.1,-0.0821468,-24.661
556.15,-0.0821522,-24.6651
556.2,-0.0821663,-24.6692
556.25,-0.0821799,-24.6733
556.3,-0.0821868,-24.6774
556.35,-0.082199,-24.6816
556.4,-0.0822092,-24.6857
556.45,-0.0822027,-24.6898
556.5,-0.0822222,-24.6939
556.55,-0.0822249,-24.698
556.6,-0.0822285,-24.7021
556.65,-0.0822402,-24.7062
556.7,-0.0822514,-24.7103
556.75,-0.0822548,-24.7144
556.8,-0.0822654,-24.7186
556.85,-0.0822737,-24.7227
556.9,-0.0822865,-24.7268
556.95,-0.0822896,-24.7309
557.0,-0.0822989,-24.735
557.05,-0.0823006,-24.7391
557.1,-0.0822942,-24.7432
557.15,-0.0823057,-24.7474
557.2,-0.082309,-24.7515
557.25,-0.0823154,-24.7556
557.3,-0.0823294,-24.7597
557.35,-0.0823577,-24.7638
557.4,-0.0823591,-24.7679
557.45,-0.0823532,-24.7721
557.5,-0.0823631,-24.7762
557.55,-0.0823674,-24.7803
557.6,-0.0823733,-24.7844
557.65,-0.0823789,-24.7885
557.7,-0.0823819,-24.7927
557.75,-0.082408,-24.7968
557.8,-0.0824134,-24.8009
557.85,-0.0824224,-24.805
557.9,-0.0824228,-24.8091
557.95,-0.0824345,-24.8133
558.0,-0.0824341,-24.8174
558.05,-0.0824562,-24.8215
558.1,-0.0824588,-24.8256
558.15,-0.0824503,-24.8298
558.2,-0.0824667,-24.8339
558.25,-0.0824684,-24.838
558.3,-0.0824836,-24.8421
558.35,-0.0824982,-24.8462
558.4,-0.0825016,-24.8504
558.45,-0.0825085,-24.8545
558.5,-0.0825207,-24.8586
558.55,-0.0825246,-24.8628
558.6,-0.0825295,-24.8669
558.65,-0.0825464,-24.871
558.7,-0.0825378,-24.8751
558.75,-0.0825624,-24.8793
558.8,-0.0825681,-24.8834
558.85,-0.0825845,-24.8875
558.9,-0.0825837,-24.8916
558.95,-0.0825844,-24.8958
559.0,-0.0825879,-24.8999
559.05,-0.0825952,-24.904
559.1,-0.0825929,-24.9082
559.15,-0.0825936,-24.9123
559.2,-0.0826143,-24.9164
559.25,-0.0826288,-24.9206
559.3,-0.08264,-24.9247
559.35,-0.0826415,-24.9288
559.4,-0.0826487,-24.933
559.45,-0.0826484,-24.9371
559.5,-0.0826572,-24.9412
559.55,-0.0826633,-24.9454
559.6,-0.0826681,-24.9495
559.65,-0.0826811,-24.9536
559.7,-0.0826733,-24.9578
559.75,-0.0826933,-24.9619
559.8,-0.082699,-24.966
559.85,-0.0826891,-24.9702
559.9,-0.0827075,-24.9743
559.95,-0.082724,-24.9784
560.0,-0.0827382,-24.9826
560.05,-0.0827427,-24.9867
560.1,-0.082742,-24.9908
560.15,-0.0827492,-24.995
560.2,-0.0827651,-24.9991
560.25,-0.0827789,-25.0033
560.3,-0.0827735,-25.0074
560.35,-0.0827739,-25.0115
560.4,-0.0827891,-25.0157
560.45,-0.0827944,-25.0198
560.5,-0.0827963,-25.024
560.55,-0.0828079,-25.0281
560.6,-0.0827983,-25.0322
560.65,-0.0827989,-25.0364
560.7,-0.0828104,-25.0405
560.75,-0.0828093,-25.0447
560.8,-0.0828163,-25.0488
560.85,-0.0828241,-25.0529
560.9,-0.0828289,-25.0571
560.95,-0.0828316,-25.0612
561.0,-0.0828385,-25.0654
561.05,-0.0828392,-25.0695
561.1,-0.0828547,-25.0736
561.15,-0.0828543,-25.0778
561.2,-0.0828503,-25.0819
561.25,-0.0828543,-25.0861
561.3,-0.0828611,-25.0902
561.35,-0.0828665,-25.0944
561.4,-0.0828808,-25.0985
561.45,-0.0828725,-25.1026
561.5,-0.0828951,-25.1068
561.55,-0.0829027,-25.1109
561.6,-0.0828997,-25.1151
561.65,-0.0829125,-25.1192
561.7,-0.0829174,-25.1234
561.75,-0.0829199,-25.1275
561.8,-0.0829308,-25.1317
561.85,-0.0829394,-25.1358
561.9,-0.0829376,-25.14
561.95,-0.0829481,-25.1441
562.0,-0.0829565,-25.1483
562.05,-0.0829539,-25.1524
562.1,-0.0829593,-25.1565
562.15,-0.0829648,-25.1607
562.2,-0.0829859,-25.1648
562.25,-0.0829819,-25.169
562.3,-0.0829958,-25.1731
562.35,-0.0830031,-25.1773
562.4,-0.0829986,-25.1814
562.45,-0.0829956,-25.1856
562.5,-0.0829914,-25.1897
562.55,-0.0829894,-25.1939
562.6,-0.0830109,-25.198
562.65,-0.0830025,-25.2022
562.7,-0.0830146,-25.2063
562.75,-0.083012,-25.2105
562.8,-0.0830199,-25.2146
562.85,-0.0830189,-25.2188
562.9,-0.0830312,-25.2229
562.95,-0.0830428,-25.2271
563.0,-0.0830474,-25.2313
563.05,-0.083045,-25.2354
563.1,-0.083043,-25.2396
563.15,-0.0830584,-25.2437
563.2,-0.0830538,-25.2479
563.25,-0.0830567,-25.252
563.3,-0.0830781,-25.2562
563.35,-0.0830717,-25.2603
563.4,-0.0830741,-25.2645
563.45,-0.0830941,-25.2686
563.5,-0.0830972,-25.2728
563.55,-0.0830935,-25.2769
563.6,-0.0831011,-25.2811
563.65,-0.0830966,-25.2853
563.7,-0.0831142,-25.2894
563.75,-0.083124,-25.2936
563.8,-0.083145,-25.2977
563.85,-0.0831592,-25.3019
563.9,-0.0831617,-25.306
563.95,-0.0831732,-25.3102
564.0,-0.083172,-25.3144
564.05,-0.0831829,-25.3185
564.1,-0.0831816,-25.3227
564.15,-0.0831979,-25.3268
564.2,-0.0832139,-25.331
564.25,-0.0832018,-25.3352
564.3,-0.0832085,-25.3393
564.35,-0.083237,-25.3435
564.4,-0.0832392,-25.3476
564.45,-0.0832587,-25.3518
564.5,-0.0832635,-25.356
564.55,-0.0832689,-25.3601
564.6,-0.0832868,-25.3643
564.65,-0.0832851,-25.3685
564.7,-0.0832854,-25.3726
564.75,-0.0832894,-25.3768
564.8,-0.0832951,-25.3809
564.85,-0.0833138,-25.3851
564.9,-0.0833193,-25.3893
564.95,-0.0833217,-25.3934
565.0,-0.0833378,-25.3976
565.05,-0.0833439,-25.4018
565.1,-0.0833452,-25.4059
565.15,-0.0833514,-25.4101
565.2,-0.0833472,-25.4143
565.25,-0.0833493,-25.4185
565.3,-0.0833472,-25.4226
565.35,-0.0833649,-25.4268
565.4,-0.0833812,-25.431
565.45,-0.0833876,-25.4351
565.5,-0.0833923,-25.4393
565.55,-0.0833942,-25.4435
565.6,-0.0833903,-25.4476
565.65,-0.0833979,-25.4518
565.7,-0.0834052,-25.456
565.75,-0.0834119,-25.4601
565.8,-0.0834218,-25.4643
565.85,-0.0834312,-25.4685
565.9,-0.0834404,-25.4727
565.95,-0.0834387,-25.4768
566.0,-0.0834351,-25.481
566.05,-0.0834351,-25.4852
566.1,-0.0834519,-25.4893
566.15,-0.0834548,-25.4935
566.2,-0.0834603,-25.4977
566.25,-0.0834648,-25.5019
566.3,-0.0834768,-25.506
566.35,-0.0834674,-25.5102
566.4,-0.0834723,-25.5144
566.45,-0.0834736,-25.5186
566.5,-0.0834842,-25.5227
566.55,-0.0834979,-25.5269
566.6,-0.0834886,-25.5311
566.65,-0.0834994,-25.5353
566.7,-0.083511,-25.5394
566.75,-0.0835122,-25.5436
566.8,-0.0835184,-25.5478
566.85,-0.0835388,-25.552
566.9,-0.0835482,-25.5561
566.95,-0.0835487,-25.5603
567.0,-0.0835674,-25.5645
567.05,-0.0835523,-25.5687
567.1,-0.0835505,-25.5729
567.15,-0.0835677,-25.577
567.2,-0.083577,-25.5812
567.25,-0.0835843,-25.5854
567.3,-0.0835928,-25.5896
567.35,-0.0836019,-25.5937
567.4,-0.0836145,-25.5979
567.45,-0.0836213,-25.6021
567.5,-0.0836106,-25.6063
567.55,-0.0836309,-25.6105
567.6,-0.0836241,-25.6147
567.65,-0.0836314,-25.6188
567.7,-0.0836418,-25.623
567.75,-0.0836423,-25.6272
567.8,-0.0836486,-25.6314
567.85,-0.0836689,-25.6356
567.9,-0.0836808,-25.6397
567.95,-0.0836927,-25.6439
568.0,-0.0836895,-25.6481
568.05,-0.0836924,-25.6523
568.1,-0.0836834,-25.6565
568.15,-0.08371,-25.6607
568.2,-0.083708,-25.6649
568.25,-0.0837111,-25.669
568.3,-0.0837332,-25.6732
568.35,-0.0837363,-25.6774
568.4,-0.08373,-25.6816
568.45,-0.0837363,-25.6858
568.5,-0.0837368,-25.69
568.55,-0.0837429,-25.6942
568.6,-0.0837484,-25.6984
568.65,-0.0837593,-25.7025
568.7,-0.0837645,-25.7067
568.75,-0.0837699,-25.7109
568.8,-0.0837669,-25.7151
568.85,-0.0837728,-25.7193
568.9,-0.0837749,-25.7235
568.95,-0.0837892,-25.7277
569.0,-0.0837902,-25.7319
569.05,-0.0837897,-25.736
569.1,-0.0837834,-25.7402
569.15,-0.0837984,-25.7444
569.2,-0.0838076,-25.7486
569.25,-0.0838168,-25.7528
569.3,-0.083813,-25.757
569.35,-0.083809,-25.7612
569.4,-0.0838003,-25.7654
569.45,-0.0837974,-25.7696
569.5,-0.0838043,-25.7738
569.55,-0.0838098,-25.778
569.6,-0.0838147,-25.7821
569.65,-0.0838194,-25.7863
569.7,-0.0838265,-25.7905
569.75,-0.0838321,-25.7947
569.8,-0.0838435,-25.7989
569.85,-0.083855,-25.8031
569.9,-0.0838569,-25.8073
569.95,-0.083866,-25.8115
570.0,-0.0838698,-25.8157
570.05,-0.0838688,-25.8199
570.1,-0.0838733,-25.8241
570.15,-0.0838739,-25.8283
570.2,-0.0838849,-25.8325
570.25,-0.0838731,-25.8367
570.3,-0.0838823,-25.8408
570.35,-0.0838862,-25.845
570.4,-0.0838953,-25.8492
570.45,-0.0838881,-25.8534
570.5,-0.0838885,-25.8576
570.55,-0.083877,-25.8618
570.6,-0.083888,-25.866
570.65,-0.0838824,-25.8702
570.7,-0.0839058,-25.8744
570.75,-0.0839167,-25.8786
570.8,-0.0839304,-25.8828
570.85,-0.0839375,-25.887
570.9,-0.0839297,-25.8912
570.95,-0.0839314,-25.8954
571.0,-0.0839199,-25.8996
571.05,-0.0839312,-25.9038
571.1,-0.083928,-25.908
571.15,-0.0839423,-25.9122
571.2,-0.0839355,-25.9164
571.25,-0.0839309,-25.9206
571.3,-0.0839288,-25.9248
571.35,-0.0839444,-25.929
571.4,-0.083954,-25.9332
571.45,-0.0839652,-25.9374
571.5,-0.083949,-25.9415
571.55,-0.0839631,-25.9457
571.6,-0.0839741,-25.9499
571.65,-0.0839781,-25.9541
571.7,-0.083996,-25.9583
571.75,-0.0839927,-25.9625
571.8,-0.0839907,-25.9667
571.85,-0.0840098,-25.9709
571.9,-0.084,-25.9751
571.95,-0.0840082,-25.9793
572.0,-0.0840198,-25.9835
572.05,-0.0840436,-25.9877
572.1,-0.084043,-25.9919
572.15,-0.0840482,-25.9962
572.2,-0.0840479,-26.0004
572.25,-0.0840517,-26.0046
572.3,-0.0840591,-26.0088
572.35,-0.0840584,-26.013
572.4,-0.0840651,-26.0172
572.45,-0.0840595,-26.0214
572.5,-0.0840569,-26.0256
572.55,-0.0840591,-26.0298
572.6,-0.084039,-26.034
572.65,-0.0840472,-26.0382
572.7,-0.0840628,-26.0424
572.75,-0.0840717,-26.0466
572.8,-0.0840909,-26.0508
572.85,-0.0840704,-26.055
572.9,-0.0840795,-26.0592
572.95,-0.0840831,-26.0634
573.0,-0.0840902,-26.0676
573.05,-0.0840728,-26.0718
573.1,-0.0840652,-26.076
573.15,-0.0840687,-26.0802
573.2,-0.0840731,-26.0844
573.25,-0.0840806,-26.0886
573.3,-0.0840811,-26.0928
573.35,-0.0840811,-26.097
573.4,-0.0840857,-26.1012
573.45,-0.0840884,-26.1054
573.5,-0.0840946,-26.1096
573.55,-0.0840858,-26.1138
573.6,-0.0840846,-26.1181
573.65,-0.084075,-26.1223
573.7,-0.084093,-26.1265
573.75,-0.0840909,-26.1307
573.8,-0.0840979,-26.1349
573.85,-0.0840967,-26.1391
573.9,-0.0841084,-26.1433
573.95,-0.0841199,-26.1475
574.0,-0.0841169,-26.1517
574.05,-0.0841122,-26.1559
574.1,-0.0841144,-26.1601
574.15,-0.0841119,-26.1643
574.2,-0.08411,-26.1685
574.25,-0.0841017,-26.1727
574.3,-0.0841055,-26.1769
574.35,-0.0841175,-26.1811
574.4,-0.0841087,-26.1853
574.45,-0.0841238,-26.1895
574.5,-0.0841245,-26.1938
574.55,-0.084131,-26.198
574.6,-0.0841233,-26.2022
574.65,-0.0841326,-26.2064
574.7,-0.0841325,-26.2106
574.75,-0.0841214,-26.2148
574.8,-0.0841232,-26.219
574.85,-0.0841258,-26.2232
574.9,-0.0841414,-26.2274
574.95,-0.0841458,-26.2316
575.0,-0.0841597,-26.2358
575.05,-0.0841549,-26.24
575.1,-0.0841595,-26.2442
575.15,-0.0841564,-26.2484
575.2,-0.0841522,-26.2526
575.25,-0.0841743,-26.2569
575.3,-0.0841713,-26.2611
575.35,-0.0841637,-26.2653
575.4,-0.0841784,-26.2695
575.45,-0.0841893,-26.2737
575.5,-0.0841914,-26.2779
575.55,-0.0841914,-26.2821
575.6,-0.0842113,-26.2863
575.65,-0.0842047,-26.2905
575.7,-0.0842169,-26.2947
575.75,-0.084218,-26.299
575.8,-0.08422,-26.3032
575.85,-0.0842294,-26.3074
575.9,-0.0842314,-26.3116
575.95,-0.0842239,-26.3158
576.0,-0.0842264,-26.32
576.05,-0.0842328,-26.3242
576.1,-0.0842259,-26.3284
576.15,-0.0842471,-26.3326
576.2,-0.0842477,-26.3369
576.25,-0.0842424,-26.3411
576.3,-0.0842511,-26.3453
576.35,-0.0842653,-26.3495
576.4,-0.0842749,-26.3537
576.45,-0.0842805,-26.3579
576.5,-0.0842811,-26.3621
576.55,-0.0842838,-26.3664
576.6,-0.0842768,-26.3706
576.65,-0.0842854,-26.3748
576.7,-0.08429,-26.379
576.75,-0.0842876,-26.3832
576.8,-0.084297,-26.3874
576.85,-0.0843042,-26.3916
576.9,-0.0843014,-26.3959
576.95,-0.0843041,-26.4001
577.0,-0.0842987,-26.4043
577.05,-0.0842925,-26.4085
577.1,-0.084304,-26.4127
577.15,-0.084309,-26.4169
577.2,-0.0843211,-26.4211
577.25,-0.0843126,-26.4254
577.3,-0.084322,-26.4296
577.35,-0.0843351,-26.4338
577.4,-0.084339,-26.438
577.45,-0.0843412,-26.4422
577.5,-0.0843406,-26.4464
577.55,-0.0843445,-26.4507
577.6,-0.0843545,-26.4549
577.65,-0.0843553,-26.4591
577.7,-0.0843712,-26.4633
577.75,-0.0843845,-26.4675
577.8,-0.0843868,-26.4718
577.85,-0.0843818,-26.476
577.9,-0.0843888,-26.4802
577.95,-0.0843955,-26.4844
578.0,-0.0843978,-26.4886
578.05,-0.0844136,-26.4929
578.1,-0.0844263,-26.4971
578.15,-0.0844343,-26.5013
578.2,-0.0844475,-26.5055
578.25,-0.084447,-26.5097
578.3,-0.0844458,-26.514
578.35,-0.0844624,-26.5182
578.4,-0.0844843,-26.5224
578.45,-0.0844593,-26.5266
578.5,-0.0844687,-26.5309
578.55,-0.0844816,-26.5351
578.6,-0.084474,-26.5393
578.65,-0.0844986,-26.5435
578.7,-0.0845033,-26.5478
578.75,-0.0845189,-26.552
578.8,-0.0845246,-26.5562
578.85,-0.0845166,-26.5604
578.9,-0.0845198,-26.5647
578.95,-0.0845397,-26.5689
579.0,-0.0845285,-26.5731
579.05,-0.0845455,-26.5773
579.1,-0.0845587,-26.5816
579.15,-0.0845497,-26.5858
579.2,-0.0845494,-26.59
579.25,-0.0845514,-26.5943
579.3,-0.0845694,-26.5985
579.35,-0.0845775,-26.6027
579.4,-0.0845819,-26.6069
579.45,-0.0845902,-26.6112
579.5,-0.0845926,-26.6154
579.55,-0.0846048,-26.6196
579.6,-0.0845953,-26.6239
579.65,-0.084608,-26.6281
579.7,-0.0846132,-26.6323
579.75,-0.0846204,-26.6365
579.8,-0.0846378,-26.6408
579.85,-0.0846435,-26.645
579.9,-0.0846426,-26.6492
579.95,-0.0846357,-26.6535
580.0,-0.0846443,-26.6577
580.05,-0.0846526,-26.6619
580.1,-0.0846583,-26.6662
580.15,-0.084663,-26.6704
580.2,-0.0846657,-26.6746
580.25,-0.0846771,-26.6789
580.3,-0.0846806,-26.6831
580.35,-0.0846814,-26.6873
580.4,-0.0846938,-26.6916
580.45,-0.0847038,-26.6958
580.5,-0.0847039,-26.7
580.55,-0.0847233,-26.7043
580.6,-0.0847255,-26.7085
580.65,-0.0847394,-26.7128
580.7,-0.0847599,-26.717
580.75,-0.0847616,-26.7212
580.8,-0.0847641,-26.7255
580.85,-0.0847814,-26.7297
580.9,-0.0847843,-26.7339
580.95,-0.0847852,-26.7382
581.0,-0.0847939,-26.7424
581.05,-0.0847924,-26.7467
581.1,-0.0848133,-26.7509
581.15,-0.0848298,-26.7552
581.2,-0.0848363,-26.7594
581.25,-0.0848529,-26.7636
581.3,-0.0848637,-26.7679
581.35,-0.0848751,-26.7721
581.4,-0.0848812,-26.7764
581.45,-0.0848764,-26.7806
581.5,-0.0848875,-26.7849
581.55,-0.0848989,-26.7891
581.6,-0.0848968,-26.7933
581.65,-0.0848975,-26.7976
581.7,-0.0849012,-26.8018
581.75,-0.0849078,-26.8061
581.8,-0.0849205,-26.8103
581.85,-0.0849261,-26.8146
581.9,-0.0849589,-26.8188
581.95,-0.0849598,-26.8231
582.0,-0.0849609,-26.8273
582.05,-0.0849665,-26.8316
582.1,-0.0849673,-26.8358
582.15,-0.0849709,-26.8401
582.2,-0.0849868,-26.8443
582.25,-0.085004,-26.8486
582.3,-0.0850087,-26.8528
582.35,-0.085006,-26.8571
582.4,-0.0850113,-26.8613
582.45,-0.0850271,-26.8656
582.5,-0.0850324,-26.8698
582.55,-0.0850424,-26.8741
582.6,-0.0850555,-26.8783
582.65,-0.0850628,-26.8826
582.7,-0.0850625,-26.8868
582.75,-0.0850664,-26.8911
582.8,-0.0850826,-26.8953
582.85,-0.0851051,-26.8996
582.9,-0.0851186,-26.9038
582.95,-0.0851485,-26.9081
583.0,-0.085152,-26.9124
583.05,-0.0851528,-26.9166
583.1,-0.0851504,-26.9209
583.15,-0.0851693,-26.9251
583.2,-0.085177,-26.9294
583.25,-0.0851939,-26.9337
583.3,-0.085215,-26.9379
583.35,-0.0852215,-26.9422
583.4,-0.0852288,-26.9464
583.45,-0.0852353,-26.9507
583.5,-0.0852454,-26.955
583.55,-0.0852544,-26.9592
583.6,-0.0852566,-26.9635
583.65,-0.0852734,-26.9677
583.7,-0.0852876,-26.972
583.75,-0.0852888,-26.9763
583.8,-0.0852991,-26.9805
583.85,-0.0853038,-26.9848
583.9,-0.08532,-26.9891
583.95,-0.0853372,-26.9933
584.0,-0.0853506,-26.9976
584.05,-0.0853525,-27.0019
584.1,-0.0853747,-27.0061
584.15,-0.0853779,-27.0104
584.2,-0.0853918,-27.0147
584.25,-0.0853934,-27.019
584.3,-0.0854009,-27.0232
584.35,-0.0854053,-27.0275
584.4,-0.085425,-27.0318
584.45,-0.0854362,-27.036
584.5,-0.0854511,-27.0403
584.55,-0.0854658,-27.0446
584.6,-0.085473,-27.0489
584.65,-0.0854829,-27.0531
584.7,-0.0855017,-27.0574
584.75,-0.0855148,-27.0617
584.8,-0.0855244,-27.066
584.85,-0.0855195,-27.0702
584.9,-0.0855379,-27.0745
584.95,-0.0855541,-27.0788
585.0,-0.0855516,-27.0831
585.05,-0.0855525,-27.0873
585.1,-0.0855561,-27.0916
585.15,-0.0855924,-27.0959
585.2,-0.0855986,-27.1002
585.25,-0.0856168,-27.1045
585.3,-0.0856277,-27.1087
585.35,-0.0856459,-27.113
585.4,-0.0856694,-27.1173
585.45,-0.085686,-27.1216
585.5,-0.0856999,-27.1259
585.55,-0.0857015,-27.1302
585.6,-0.0857053,-27.1344
585.65,-0.085708,-27.1387
585.7,-0.0857192,-27.143
585.75,-0.085735,-27.1473
585.8,-0.0857437,-27.1516
585.85,-0.0857486,-27.1559
585.9,-0.0857433,-27.1602
585.95,-0.0857689,-27.1645
586.0,-0.0857801,-27.1687
586.05,-0.0857887,-27.173
586.1,-0.0858037,-27.1773
586.15,-0.0858168,-27.1816
586.2,-0.0858313,-27.1859
586.25,-0.0858328,-27.1902
586.3,-0.0858459,-27.1945
586.35,-0.0858568,-27.1988
586.4,-0.0858606,-27.2031
586.45,-0.0858725,-27.2074
586.5,-0.0858813,-27.2117
586.55,-0.0858977,-27.216
586.6,-0.0859015,-27.2203
586.65,-0.0859101,-27.2246
586.7,-0.0859134,-27.2288
586.75,-0.0859344,-27.2331
586.8,-0.0859583,-27.2374
586.85,-0.0859667,-27.2417
586.9,-0.0859784,-27.246
586.95,-0.0859696,-27.2503
587.0,-0.085967,-27.2546
587.05,-0.0859673,-27.2589
587.1,-0.0859898,-27.2632
587.15,-0.0859989,-27.2675
587.2,-0.0860146,-27.2718
587.25,-0.0860411,-27.2761
587.3,-0.0860402,-27.2804
587.35,-0.0860463,-27.2847
587.4,-0.0860517,-27.289
587.45,-0.0860559,-27.2933
587.5,-0.0860561,-27.2976
587.55,-0.086068,-27.302
587.6,-0.0860824,-27.3063
587.65,-0.0860834,-27.3106
587.7,-0.0861013,-27.3149
587.75,-0.0861024,-27.3192
587.8,-0.0861118,-27.3235
587.85,-0.0861339,-27.3278
587.9,-0.0861392,-27.3321
587.95,-0.086144,-27.3364
588.0,-0.0861612,-27.3407
588.05,-0.086166,-27.345
588.1,-0.0861555,-27.3493
588.15,-0.0861814,-27.3536
588.2,-0.0861945,-27.3579
588.25,-0.0862005,-27.3622
588.3,-0.0862065,-27.3666
588.35,-0.0862024,-27.3709
588.4,-0.0862197,-27.3752
588.45,-0.0862211,-27.3795
588.5,-0.086217,-27.3838
588.55,-0.0862298,-27.3881
588.6,-0.086248,-27.3924
588.65,-0.086242,-27.3967
588.7,-0.0862559,-27.4011
588.75,-0.0862723,-27.4054
588.8,-0.0862846,-27.4097
588.85,-0.0862858,-27.414
588.9,-0.086296,-27.4183
588.95,-0.0863074,-27.4226
589.0,-0.0863341,-27.4269
589.05,-0.0863196,-27.4313
589.1,-0.0863103,-27.4356
589.15,-0.0863127,-27.4399
589.2,-0.086335,-27.4442
589.25,-0.086328,-27.4485
589.3,-0.0863616,-27.4528
589.35,-0.0863429,-27.4572
589.4,-0.0863563,-27.4615
589.45,-0.086356,-27.4658
589.5,-0.08637,-27.4701
589.55,-0.0863878,-27.4744
589.6,-0.0864003,-27.4787
589.65,-0.0864072,-27.4831
589.7,-0.0864183,-27.4874
589.75,-0.086424,-27.4917
589.8,-0.0864228,-27.496
589.85,-0.0864281,-27.5004
589.9,-0.0864401,-27.5047
589.95,-0.0864453,-27.509
590.0,-0.0864545,-27.5133
590.05,-0.0864639,-27.5176
590.1,-0.086482,-27.522
590.15,-0.0864829,-27.5263
590.2,-0.0864855,-27.5306
590.25,-0.0865004,-27.5349
590.3,-0.0864999,-27.5393
590.35,-0.0865002,-27.5436
590.4,-0.0865059,-27.5479
590.45,-0.0865169,-27.5522
590.5,-0.0865256,-27.5566
590.55,-0.0865341,-27.5609
590.6,-0.0865443,-27.5652
590.65,-0.0865517,-27.5695
590.7,-0.0865524,-27.5739
590.75,-0.0865566,-27.5782
590.8,-0.0865647,-27.5825
590.85,-0.0865637,-27.5869
590.9,-0.0865684,-27.5912
590.95,-0.0865801,-27.5955
591.0,-0.0865877,-27.5998
591.05,-0.0865939,-27.6042
591.1,-0.08661,-27.6085
591.15,-0.0866234,-27.6128
591.2,-0.0866321,-27.6172
591.25,-0.0866695,-27.6215
591.3,-0.0866675,-27.6258
591.35,-0.0866691,-27.6302
591.4,-0.0866726,-27.6345
591.45,-0.0866825,-27.6388
591.5,-0.0866956,-27.6432
591.55,-0.0866921,-27.6475
591.6,-0.0866866,-27.6518
591.65,-0.086702,-27.6562
591.7,-0.086692,-27.6605
591.75,-0.0867077,-27.6648
591.8,-0.0867159,-27.6692
591.85,-0.0867218,-27.6735
591.9,-0.0867406,-27.6779
591.95,-0.0867537,-27.6822
592.0,-0.0868909,-27.6865
592.05,-0.0868857,-27.6909
592.1,-0.0869007,-27.6952
592.15,-0.0868979,-27.6996
592.2,-0.0868981,-27.7039
592.25,-0.0868977,-27.7083
592.3,-0.0869054,-27.7126
592.35,-0.0869193,-27.717
592.4,-0.0869347,-27.7213
592.45,-0.0869352,-27.7256
592.5,-0.0869478,-27.73
592.55,-0.0869462,-27.7343
592.6,-0.0869563,-27.7387
592.65,-0.0869642,-27.743
592.7,-0.0869641,-27.7474
592.75,-0.0869775,-27.7517
592.8,-0.0869776,-27.7561
592.85,-0.0869812,-27.7604
592.9,-0.0869934,-27.7648
592.95,-0.0869855,-27.7691
593.0,-0.0870035,-27.7735
593.05,-0.087014,-27.7778
593.1,-0.0870282,-27.7822
593.15,-0.0870253,-27.7865
593.2,-0.0870266,-27.7909
593.25,-0.0870198,-27.7952
593.3,-0.087034,-27.7996
593.35,-0.0870297,-27.8039
593.4,-0.0870414,-27.8083
593.45,-0.0870331,-27.8126
593.5,-0.0870595,-27.817
593.55,-0.0870627,-27.8214
593.6,-0.0870535,-27.8257
593.65,-0.0870717,-27.8301
593.7,-0.0870629,-27.8344
593.75,-0.0870731,-27.8388
593.8,-0.0870848,-27.8431
593.85,-0.0870933,-27.8475
593.9,-0.0871001,-27.8518
593.95,-0.087106,-27.8562
594.0,-0.0871109,-27.8605
594.05,-0.0871099,-27.8649
594.1,-0.0871254,-27.8693
594.15,-0.0871368,-27.8736
594.2,-0.0871251,-27.878
594.25,-0.0871411,-27.8823
594.3,-0.0871422,-27.8867
594.35,-0.0871465,-27.891
594.4,-0.0871636,-27.8954
594.45,-0.0871686,-27.8998
594.5,-0.0871787,-27.9041
594.55,-0.0871822,-27.9085
594.6,-0.0871895,-27.9128
594.65,-0.0872121,-27.9172
594.7,-0.0872105,-27.9216
594.75,-0.0872207,-27.9259
594.8,-0.0872391,-27.9303
594.85,-0.0872416,-27.9346
594.9,-0.0872646,-27.939
594.95,-0.0872663,-27.9434
595.0,-0.0872717,-27.9477
595.05,-0.0872728,-27.9521
595.1,-0.0872935,-27.9565
595.15,-0.08731,-27.9608
595.2,-0.0873232,-27.9652
595.25,-0.0873206,-27.9696
595.3,-0.0873268,-27.9739
595.35,-0.0873311,-27.9783
595.4,-0.0873324,-27.9827
595.45,-0.087348,-27.987
595.5,-0.0873557,-27.9914
595.55,-0.0873639,-27.9958
595.6,-0.0873746,-28.0001
595.65,-0.0873859,-28.0045
595.7,-0.0873812,-28.0089
595.75,-0.0873841,-28.0132
595.8,-0.0874038,-28.0176
595.85,-0.0874051,-28.022
595.9,-0.0874071,-28.0263
595.95,-0.0874281,-28.0307
596.0,-0.0874335,-28.0351
596.05,-0.0874429,-28.0395
596.1,-0.0874458,-28.0438
596.15,-0.0874497,-28.0482
596.2,-0.0874734,-28.0526
596.25,-0.0874726,-28.0569
596.3,-0.0874756,-28.0613
596.35,-0.0874857,-28.0657
596.4,-0.0874703,-28.0701
596.45,-0.0874823,-28.0744
596.5,-0.0874983,-28.0788
596.55,-0.0874972,-28.0832
596.6,-0.0875139,-28.0876
596.65,-0.0875072,-28.0919
596.7,-0.0875086,-28.0963
596.75,-0.0875113,-28.1007
596.8,-0.0875219,-28.1051
596.85,-0.0875467,-28.1095
596.9,-0.0875389,-28.1138
596.95,-0.0875584,-28.1182
597.0,-0.087574,-28.1226
597.05,-0.0875844,-28.127
597.1,-0.0875872,-28.1313
597.15,-0.0875918,-28.1357
597.2,-0.0875991,-28.1401
597.25,-0.0876102,-28.1445
597.3,-0.0876097,-28.1489
597.35,-0.0876014,-28.1532
597.4,-0.0876082,-28.1576
597.45,-0.0876138,-28.162
597.5,-0.0876275,-28.1664
597.55,-0.0876379,-28.1708
597.6,-0.087655,-28.1751
597.65,-0.0876753,-28.1795
597.7,-0.0876651,-28.1839
597.75,-0.0876788,-28.1883
597.8,-0.0876911,-28.1927
597.85,-0.0876907,-28.1971
597.9,-0.0877107,-28.2015
597.95,-0.0877057,-28.2058
598.0,-0.0877209,-28.2102
598.05,-0.0877113,-28.2146
598.1,-0.0877251,-28.219
598.15,-0.0877261,-28.2234
598.2,-0.0877332,-28.2278
598.25,-0.0877462,-28.2322
598.3,-0.0877411,-28.2365
598.35,-0.0877443,-28.2409
598.4,-0.087757,-28.2453
598.45,-0.0877705,-28.2497
598.5,-0.0877653,-28.2541
598.55,-0.0877784,-28.2585
598.6,-0.0877859,-28.2629
598.65,-0.0877965,-28.2673
598.7,-0.0877998,-28.2717
598.75,-0.0878185,-28.276
598.8,-0.0878352,-28.2804
598.85,-0.0878408,-28.2848
598.9,-0.0878471,-28.2892
598.95,-0.0878522,-28.2936
599.0,-0.0878607,-28.298
599.05,-0.0878627,-28.3024
599.1,-0.0878645,-28.3068
599.15,-0.0878575,-28.3112
599.2,-0.0878759,-28.3156
599.25,-0.0878883,-28.32
599.3,-0.0879061,-28.3244
599.35,-0.0879121,-28.3288
599.4,-0.0879149,-28.3332
599.45,-0.0879197,-28.3376
599.5,-0.087927,-28.342
599.55,-0.0879327,-28.3464
599.6,-0.0879423,-28.3507
599.65,-0.0879552,-28.3551
599.7,-0.0879611,-28.3595
599.75,-0.087974,-28.3639
599.8,-0.0879764,-28.3683
599.85,-0.0879805,-28.3727
599.9,-0.0879978,-28.3771
599.95,-0.0880127,-28.3815
600.0,-0.0880228,-28.3859
600.05,-0.0880266,-28.3903
600.1,-0.0880508,-28.3947
600.15,-0.0880504,-28.3992
600.2,-0.088066,-28.4036
600.25,-0.0880591,-28.408
600.3,-0.0880547,-28.4124
600.35,-0.0880595,-28.4168
600.4,-0.0880799,-28.4212
600.45,-0.0880851,-28.4256
600.5,-0.088102,-28.43
600.55,-0.0881003,-28.4344
600.6,-0.0881048,-28.4388
600.65,-0.0881104,-28.4432
600.7,-0.0881109,-28.4476
600.75,-0.0881213,-28.452
600.8,-0.0881376,-28.4564
600.85,-0.0881377,-28.4608
600.9,-0.0881523,-28.4652
600.95,-0.0881655,-28.4696
601.0,-0.0881579,-28.474
601.05,-0.088167,-28.4784
601.1,-0.0881767,-28.4829
601.15,-0.0881752,-28.4873
601.2,-0.0881835,-28.4917
601.25,-0.0881896,-28.4961
601.3,-0.0881916,-28.5005
601.35,-0.0882024,-28.5049
601.4,-0.0882177,-28.5093
601.45,-0.088211,-28.5137
601.5,-0.0882336,-28.5181
601.55,-0.0882393,-28.5226
601.6,-0.08825,-28.527
601.65,-0.0882481,-28.5314
601.7,-0.0882526,-28.5358
601.75,-0.0882544,-28.5402
601.8,-0.0882699,-28.5446
601.85,-0.0882841,-28.549
601.9,-0.0882832,-28.5534
601.95,-0.0882964,-28.5579
602.0,-0.0882859,-28.5623
602.05,-0.0882945,-28.5667
602.1,-0.088315,-28.5711
602.15,-0.0883273,-28.5755
602.2,-0.0883179,-28.5799
602.25,-0.088341,-28.5844
602.3,-0.0883347,-28.5888
602.35,-0.088347,-28.5932
602.4,-0.088338,-28.5976
602.45,-0.0883506,-28.602
602.5,-0.0883558,-28.6064
602.55,-0.0883783,-28.6109
602.6,-0.0883887,-28.6153
602.65,-0.0883894,-28.6197
602.7,-0.0884047,-28.6241
602.75,-0.0884034,-28.6285
602.8,-0.0884116,-28.633
602.85,-0.0884267,-28.6374
602.9,-0.0884311,-28.6418
602.95,-0.0884383,-28.6462
603.0,-0.0884515,-28.6506
603.05,-0.0884471,-28.6551
603.1,-0.088485,-28.6595
603.15,-0.0884767,-28.6639
603.2,-0.0884741,-28.6683
603.25,-0.0884947,-28.6728
603.3,-0.0885076,-28.6772
603.35,-0.0885191,-28.6816
603.4,-0.088519,-28.686
603.45,-0.0885285,-28.6905
603.5,-0.0885319,-28.6949
603.55,-0.0885456,-28.6993
603.6,-0.0885556,-28.7037
603.65,-0.0885496,-28.7082
603.7,-0.0885518,-28.7126
603.75,-0.0885672,-28.717
603.8,-0.0885734,-28.7215
603.85,-0.0886287,-28.7259
603.9,-0.0886593,-28.7303
603.95,-0.0886524,-28.7348
604.0,-0.0886475,-28.7392
604.05,-0.0886567,-28.7436
604.1,-0.088659,-28.7481
604.15,-0.0886723,-28.7525
604.2,-0.0886715,-28.7569
604.25,-0.0886923,-28.7614
604.3,-0.0886906,-28.7658
604.35,-0.088693,-28.7702
604.4,-0.0887162,-28.7747
604.45,-0.0887136,-28.7791
604.5,-0.0887253,-28.7835
604.55,-0.0887272,-28.788
604.6,-0.0887374,-28.7924
604.65,-0.0887469,-28.7968
604.7,-0.0887578,-28.8013
604.75,-0.0887574,-28.8057
604.8,-0.0887612,-28.8102
604.85,-0.0887655,-28.8146
604.9,-0.0887631,-28.819
604.95,-0.0887591,-28.8235
605.0,-0.0887774,-28.8279
605.05,-0.088789,-28.8323
605.1,-0.088793,-28.8368
605.15,-0.0887861,-28.8412
605.2,-0.0888028,-28.8457
605.25,-0.0888147,-28.8501
605.3,-0.0888058,-28.8546
605.35,-0.088826,-28.859
605.4,-0.088838,-28.8634
605.45,-0.0888477,-28.8679
605.5,-0.0888359,-28.8723
605.55,-0.0888613,-28.8768
605.6,-0.0888761,-28.8812
605.65,-0.0888826,-28.8856
605.7,-0.0888859,-28.8901
605.75,-0.0888786,-28.8945
605.8,-0.0888945,-28.899
605.85,-0.0888943,-28.9034
605.9,-0.0888905,-28.9079
605.95,-0.0888996,-28.9123
606.0,-0.0889193,-28.9168
606.05,-0.0889141,-28.9212
606.1,-0.0889228,-28.9257
606.15,-0.0889299,-28.9301
606.2,-0.0889237,-28.9345
606.25,-0.0889244,-28.939
606.3,-0.0889358,-28.9434
606.35,-0.0889584,-28.9479
606.4,-0.0889713,-28.9523
606.45,-0.0889817,-28.9568
606.5,-0.088968,-28.9612
606.55,-0.088978,-28.9657
606.6,-0.0890033,-28.9701
606.65,-0.0889968,-28.9746
606.7,-0.0890142,-28.979
606.75,-0.0890148,-28.9835
606.8,-0.0890178,-28.9879
606.85,-0.0890218,-28.9924
606.9,-0.089023,-28.9968
606.95,-0.0890223,-29.0013
607.0,-0.08904,-29.0057
607.05,-0.0890449,-29.0102
607.1,-0.0890591,-29.0146
607.15,-0.0890611,-29.0191
607.2,-0.0890798,-29.0236
607.25,-0.0890931,-29.028
607.3,-0.0891004,-29.0325
607.35,-0.0890986,-29.0369
607.4,-0.0891025,-29.0414
607.45,-0.0891328,-29.0458
607.5,-0.0891358,-29.0503
607.55,-0.0891294,-29.0547
607.6,-0.0891217,-29.0592
607.65,-0.0891386,-29.0637
607.7,-0.0891458,-29.0681
607.75,-0.0891482,-29.0726
607.8,-0.0891592,-29.077
607.85,-0.089175,-29.0815
607.9,-0.0891821,-29.0859
607.95,-0.0891772,-29.0904
608.0,-0.0891833,-29.0949
608.05,-0.0891947,-29.0993
608.1,-0.0892055,-29.1038
608.15,-0.0892219,-29.1082
608.2,-0.0892319,-29.1127
608.25,-0.0892319,-29.1172
608.3,-0.0892505,-29.1216
608.35,-0.0892465,-29.1261
608.4,-0.0892629,-29.1306
608.45,-0.0892768,-29.135
608.5,-0.0892893,-29.1395
608.55,-0.0892931,-29.1439
608.6,-0.0893103,-29.1484
608.65,-0.0893158,-29.1529
608.7,-0.0893154,-29.1573
608.75,-0.0893242,-29.1618
608.8,-0.0893298,-29.1663
608.85,-0.0893619,-29.1707
608.9,-0.0893555,-29.1752
608.95,-0.0893625,-29.1797
609.0,-0.0893584,-29.1842
609.05,-0.0893734,-29.1886
609.1,-0.0893906,-29.1931
609.15,-0.0894066,-29.1976
609.2,-0.0894132,-29.202
609.25,-0.089424,-29.2065
609.3,-0.0894161,-29.211
609.35,-0.089436,-29.2154
609.4,-0.0894434,-29.2199
609.45,-0.0894482,-29.2244
609.5,-0.0894686,-29.2289
609.55,-0.0894815,-29.2333
609.6,-0.0894946,-29.2378
609.65,-0.0895077,-29.2423
609.7,-0.0895103,-29.2468
609.75,-0.0895191,-29.2512
609.8,-0.089556,-29.2557
609.85,-0.089555,-29.2602
609.9,-0.0895329,-29.2647
609.95,-0.0895452,-29.2691
610.0,-0.0895697,-29.2736
610.05,-0.0895613,-29.2781
610.1,-0.0895754,-29.2826
610.15,-0.0895964,-29.2871
610.2,-0.0896094,-29.2915
610.25,-0.0896269,-29.296
610.3,-0.0896158,-29.3005
610.35,-0.0896272,-29.305
610.4,-0.0896304,-29.3095
610.45,-0.0896306,-29.3139
610.5,-0.0896387,-29.3184
610.55,-0.089657,-29.3229
610.6,-0.0896648,-29.3274
610.65,-0.0896776,-29.3319
610.7,-0.0896768,-29.3364
610.75,-0.0896828,-29.3408
610.8,-0.0896864,-29.3453
610.85,-0.0896785,-29.3498
610.9,-0.0896941,-29.3543
610.95,-0.0897199,-29.3588
611.0,-0.0897249,-29.3633
611.05,-0.0897339,-29.3678
611.1,-0.0897367,-29.3722
611.15,-0.0897406,-29.3767
611.2,-0.0897425,-29.3812
611.25,-0.0897496,-29.3857
611.3,-0.0897598,-29.3902
611.35,-0.0897749,-29.3947
611.4,-0.0897751,-29.3992
611.45,-0.0897742,-29.4037
611.5,-0.089784,-29.4082
611.55,-0.0897996,-29.4126
611.6,-0.0898147,-29.4171
611.65,-0.0898139,-29.4216
611.7,-0.0898289,-29.4261
611.75,-0.0898403,-29.4306
611.8,-0.0898369,-29.4351
611.85,-0.0898585,-29.4396
611.9,-0.0898647,-29.4441
611.95,-0.0898792,-29.4486
612.0,-0.0898839,-29.4531
612.05,-0.0898975,-29.4576
612.1,-0.0899078,-29.4621
612.15,-0.0899288,-29.4666
612.2,-0.0899314,-29.4711
612.25,-0.089943,-29.4756
612.3,-0.0899626,-29.4801
612.35,-0.0899674,-29.4846
612.4,-0.0899881,-29.489
612.45,-0.0900051,-29.4935
612.5,-0.0900018,-29.4981
612.55,-0.0900186,-29.5026
612.6,-0.090034,-29.5071
612.65,-0.0900428,-29.5116
612.7,-0.0900604,-29.5161
612.75,-0.0900776,-29.5206
612.8,-0.0900979,-29.5251
612.85,-0.0900953,-29.5296
612.9,-0.0900956,-29.5341
612.95,-0.0900991,-29.5386
613.0,-0.0901307,-29.5431
613.05,-0.0901182,-29.5476
613.1,-0.0901225,-29.5521
613.15,-0.090136,-29.5566
613.2,-0.0901408,-29.5611
613.25,-0.090161,-29.5656
613.3,-0.0901481,-29.5701
613.35,-0.0901513,-29.5746
613.4,-0.09017,-29.5791
613.45,-0.0901756,-29.5837
613.5,-0.0901666,-29.5882
613.55,-0.0901801,-29.5927
613.6,-0.0901926,-29.5972
613.65,-0.0901947,-29.6017
613.7,-0.0901947,-29.6062
613.75,-0.0901963,-29.6107
613.8,-0.0902004,-29.6152
613.85,-0.090206,-29.6197
613.9,-0.0902145,-29.6242
613.95,-0.0902177,-29.6288
614.0,-0.090224,-29.6333
614.05,-0.0902195,-29.6378
614.1,-0.090224,-29.6423
614.15,-0.0902395,-29.6468
614.2,-0.0902419,-29.6513
614.25,-0.0902435,-29.6558
614.3,-0.0902462,-29.6603
614.35,-0.0902473,-29.6648
614.4,-0.0902572,-29.6694
614.45,-0.0902647,-29.6739
614.5,-0.0902636,-29.6784
614.55,-0.0902671,-29.6829
614.6,-0.0902681,-29.6874
614.65,-0.0902774,-29.6919
614.7,-0.0902724,-29.6964
614.75,-0.0902839,-29.701
614.8,-0.0902984,-29.7055
614.85,-0.0902892,-29.71
614.9,-0.0902897,-29.7145
614.95,-0.0902987,-29.719
615.0,-0.0903058,-29.7235
615.05,-0.0903043,-29.728
615.1,-0.0903188,-29.7326
615.15,-0.0903315,-29.7371
615.2,-0.0903342,-29.7416
615.25,-0.090329,-29.7461
615.3,-0.0903313,-29.7506
615.35,-0.0903287,-29.7551
615.4,-0.0903388,-29.7597
615.45,-0.0903454,-29.7642
615.5,-0.090341,-29.7687
615.55,-0.0903484,-29.7732
615.6,-0.0903522,-29.7777
615.65,-0.090345,-29.7822
615.7,-0.0903472,-29.7868
615.75,-0.0903516,-29.7913
615.8,-0.0903628,-29.7958
615.85,-0.0903798,-29.8003
615.9,-0.0903703,-29.8048
615.95,-0.0903647,-29.8094
616.0,-0.0903715,-29.8139
616.05,-0.090388,-29.8184
616.1,-0.0904022,-29.8229
616.15,-0.0904055,-29.8274
616.2,-0.0904106,-29.832
616.25,-0.0904215,-29.8365
616.3,-0.0904101,-29.841
616.35,-0.0904083,-29.8455
616.4,-0.0904177,-29.85
616.45,-0.0904195,-29.8546
616.5,-0.090425,-29.8591
616.55,-0.090426,-29.8636
616.6,-0.0904167,-29.8681
616.65,-0.0904198,-29.8726
616.7,-0.090428,-29.8772
616.75,-0.0904334,-29.8817
616.8,-0.0904463,-29.8862
616.85,-0.0904415,-29.8907
616.9,-0.0904468,-29.8953
616.95,-0.0904698,-29.8998
617.0,-0.0904641,-29.9043
617.05,-0.0904682,-29.9088
617.1,-0.0904564,-29.9133
617.15,-0.0904621,-29.9179
617.2,-0.090473,-29.9224
617.25,-0.0904656,-29.9269
617.3,-0.0904663,-29.9314
617.35,-0.0904593,-29.936
617.4,-0.0904809,-29.9405
617.45,-0.09048,-29.945
617.5,-0.090483,-29.9495
617.55,-0.0905024,-29.9541
617.6,-0.0905077,-29.9586
617.65,-0.0905028,-29.9631
617.7,-0.0905,-29.9676
617.75,-0.0905019,-29.9722
617.8,-0.0905189,-29.9767
617.85,-0.0905075,-29.9812
617.9,-0.0905073,-29.9857
617.95,-0.0905099,-29.9903
618.0,-0.0905248,-29.9948
618.05,-0.0905208,-29.9993
618.1,-0.0905408,-30.0038
618.15,-0.0905624,-30.0084
618.2,-0.090544,-30.0129
618.25,-0.0905539,-30.0174
618.3,-0.0905596,-30.022
618.35,-0.090561,-30.0265
618.4,-0.0905627,-30.031
618.45,-0.0905657,-30.0355
618.5,-0.0905632,-30.0401
618.55,-0.0905628,-30.0446
618.6,-0.090593,-30.0491
618.65,-0.0905912,-30.0537
618.7,-0.0905918,-30.0582
618.75,-0.0905813,-30.0627
618.8,-0.0905771,-30.0672
618.85,-0.090571,-30.0718
618.9,-0.0905828,-30.0763
618.95,-0.0905765,-30.0808
619.0,-0.0905845,-30.0854
619.05,-0.0905913,-30.0899
619.1,-0.0905835,-30.0944
619.15,-0.0905756,-30.0989
619.2,-0.0905758,-30.1035
619.25,-0.0905949,-30.108
619.3,-0.0905951,-30.1125
619.35,-0.0906029,-30.1171
619.4,-0.0906077,-30.1216
619.45,-0.090591,-30.1261
619.5,-0.0905954,-30.1306
619.55,-0.0905906,-30.1352
619.6,-0.0906045,-30.1397
619.65,-0.0906213,-30.1442
619.7,-0.0906287,-30.1488
619.75,-0.090627,-30.1533
619.8,-0.0906288,-30.1578
619.85,-0.0906281,-30.1624
619.9,-0.0906347,-30.1669
619.95,-0.0906358,-30.1714
620.0,-0.0906406,-30.176
620.05,-0.0906553,-30.1805
620.1,-0.0906498,-30.185
620.15,-0.09065,-30.1896
620.2,-0.0906562,-30.1941
620.25,-0.090654,-30.1986
620.3,-0.0906562,-30.2032
620.35,-0.0906572,-30.2077
620.4,-0.0906644,-30.2122
620.45,-0.090662,-30.2168
620.5,-0.0906764,-30.2213
620.55,-0.0906732,-30.2258
620.6,-0.0906787,-30.2304
620.65,-0.0906723,-30.2349
620.7,-0.0906745,-30.2394
620.75,-0.0906986,-30.244
620.8,-0.0907002,-30.2485
620.85,-0.0907021,-30.253
620.9,-0.0907015,-30.2576
620.95,-0.0907123,-30.2621
621.0,-0.0907213,-30.2666
621.05,-0.0907203,-30.2712
621.1,-0.0907253,-30.2757
621.15,-0.090728,-30.2802
621.2,-0.0907324,-30.2848
621.25,-0.0907326,-30.2893
621.3,-0.0907278,-30.2939
621.35,-0.090733,-30.2984
621.4,-0.0907296,-30.3029
621.45,-0.090734,-30.3075
621.5,-0.0907501,-30.312
621.55,-0.0907534,-30.3165
621.6,-0.0907364,-30.3211
621.65,-0.0907446,-30.3256
621.7,-0.0907577,-30.3302
621.75,-0.0907696,-30.3347
621.8,-0.0907746,-30.3392
621.85,-0.0907703,-30.3438
621.9,-0.0907953,-30.3483
621.95,-0.0907975,-30.3528
622.0,-0.090806,-30.3574
622.05,-0.0907978,-30.3619
622.1,-0.0908053,-30.3665
622.15,-0.0908079,-30.371
622.2,-0.0908075,-30.3755
622.25,-0.0907966,-30.3801
622.3,-0.0908091,-30.3846
622.35,-0.0908135,-30.3892
622.4,-0.0908202,-30.3937
622.45,-0.0908348,-30.3983
622.5,-0.0908372,-30.4028
622.55,-0.0908409,-30.4073
622.6,-0.0908438,-30.4119
622.65,-0.0908455,-30.4164
622.7,-0.0908499,-30.421
622.75,-0.0908578,-30.4255
622.8,-0.0908607,-30.43
622.85,-0.0908665,-30.4346
622.9,-0.0908707,-30.4391
622.95,-0.0908772,-30.4437
623.0,-0.0908784,-30.4482
623.05,-0.090893,-30.4528
623.1,-0.090905,-30.4573
623.15,-0.090904,-30.4619
623.2,-0.0909221,-30.4664
623.25,-0.0909151,-30.471
623.3,-0.0909184,-30.4755
623.35,-0.0909129,-30.48
623.4,-0.090925,-30.4846
623.45,-0.09092,-30.4891
623.5,-0.0909369,-30.4937
623.55,-0.0909456,-30.4982
623.6,-0.0909498,-30.5028
623.65,-0.0909567,-30.5073
623.7,-0.0909713,-30.5119
623.75,-0.0909697,-30.5164
623.8,-0.0909752,-30.521
623.85,-0.0909929,-30.5255
623.9,-0.0909936,-30.5301
623.95,-0.0909953,-30.5346
624.0,-0.0910004,-30.5392
624.05,-0.0910069,-30.5437
624.1,-0.0910068,-30.5483
624.15,-0.0910019,-30.5528
624.2,-0.0910135,-30.5574
624.25,-0.0910253,-30.5619
624.3,-0.0910317,-30.5665
624.35,-0.0910271,-30.571
624.4,-0.0910445,-30.5756
624.45,-0.09105,-30.5801
624.5,-0.0910599,-30.5847
624.55,-0.0910655,-30.5892
624.6,-0.0910637,-30.5938
624.65,-0.0910933,-30.5983
624.7,-0.0911004,-30.6029
624.75,-0.0910992,-30.6075
624.8,-0.0910978,-30.612
624.85,-0.0911005,-30.6166
624.9,-0.0911101,-30.6211
624.95,-0.0911497,-30.6257
625.0,-0.0911759,-30.6302
625.05,-0.0911954,-30.6348
625.1,-0.0912042,-30.6394
625.15,-0.091232,-30.6439
625.2,-0.0912423,-30.6485
625.25,-0.0912417,-30.653
625.3,-0.091263,-30.6576
625.35,-0.0912893,-30.6622
625.4,-0.0912864,-30.6667
625.45,-0.0912935,-30.6713
625.5,-0.0913077,-30.6759
625.55,-0.0913154,-30.6804
625.6,-0.0913132,-30.685
625.65,-0.0913079,-30.6896
625.7,-0.0913201,-30.6941
625.75,-0.0913261,-30.6987
625.8,-0.0913322,-30.7033
625.85,-0.0913373,-30.7078
625.9,-0.0913538,-30.7124
625.95,-0.0913603,-30.717
626.0,-0.0913712,-30.7215
626.05,-0.0913658,-30.7261
626.1,-0.0913725,-30.7307
626.15,-0.0913706,-30.7352
626.2,-0.0913679,-30.7398
626.25,-0.0913834,-30.7444
626.3,-0.0914021,-30.7489
626.35,-0.0914092,-30.7535
626.4,-0.0914222,-30.7581
626.45,-0.0914274,-30.7627
626.5,-0.0914372,-30.7672
626.55,-0.0914339,-30.7718
626.6,-0.0914478,-30.7764
626.65,-0.0914399,-30.7809
626.7,-0.0914478,-30.7855
626.75,-0.0914394,-30.7901
626.8,-0.0914437,-30.7947
626.85,-0.0914582,-30.7992
626.9,-0.091459,-30.8038
626.95,-0.0914661,-30.8084
627.0,-0.0914737,-30.813
627.05,-0.0914814,-30.8175
627.1,-0.0914971,-30.8221
627.15,-0.0915148,-30.8267
627.2,-0.0915091,-30.8313
627.25,-0.0915057,-30.8358
627.3,-0.091518,-30.8404
627.35,-0.0915246,-30.845
627.4,-0.0915188,-30.8496
627.45,-0.0915361,-30.8541
627.5,-0.0915371,-30.8587
627.55,-0.0915389,-30.8633
627.6,-0.0915431,-30.8679
627.65,-0.0915429,-30.8724
627.7,-0.0915579,-30.877
627.75,-0.0915668,-30.8816
627.8,-0.0915649,-30.8862
627.85,-0.0915815,-30.8908
627.9,-0.0915837,-30.8953
627.95,-0.0915606,-30.8999
628.0,-0.0915738,-30.9045
628.05,-0.0915948,-30.9091
628.1,-0.0915966,-30.9137
628.15,-0.0915929,-30.9182
628.2,-0.0916008,-30.9228
628.25,-0.0916,-30.9274
628.3,-0.091614,-30.932
628.35,-0.0916223,-30.9366
628.4,-0.0916394,-30.9411
628.45,-0.0916547,-30.9457
628.5,-0.0916729,-30.9503
628.55,-0.0916607,-30.9549
628.6,-0.0916763,-30.9595
628.65,-0.0916862,-30.9641
628.7,-0.0916776,-30.9686
628.75,-0.0916874,-30.9732
628.8,-0.0916981,-30.9778
628.85,-0.0917068,-30.9824
628.9,-0.0917079,-30.987
628.95,-0.0917174,-30.9916
629.0,-0.0917268,-30.9961
629.05,-0.091727,-31.0007
629.1,-0.0917525,-31.0053
629.15,-0.0917543,-31.0099
629.2,-0.0917601,-31.0145
629.25,-0.0917647,-31.0191
629.3,-0.0917698,-31.0237
629.35,-0.0917788,-31.0283
629.4,-0.0917949,-31.0329
629.45,-0.0917946,-31.0374
629.5,-0.0918016,-31.042
629.55,-0.091812,-31.0466
629.6,-0.0918034,-31.0512
629.65,-0.0918067,-31.0558
629.7,-0.0918194,-31.0604
629.75,-0.0918273,-31.065
629.8,-0.0918314,-31.0696
629.85,-0.0918237,-31.0742
629.9,-0.0918345,-31.0788
629.95,-0.091834,-31.0834
630.0,-0.0918508,-31.0879
630.05,-0.0918509,-31.0925
630.1,-0.0918637,-31.0971
630.15,-0.0918754,-31.1017
630.2,-0.0918793,-31.1063
630.25,-0.0918753,-31.1109
630.3,-0.0918704,-31.1155
630.35,-0.0918927,-31.1201
630.4,-0.0919096,-31.1247
630.45,-0.0919175,-31.1293
630.5,-0.0919187,-31.1339
630.55,-0.0919235,-31.1385
630.6,-0.0919116,-31.1431
630.65,-0.0919367,-31.1477
630.7,-0.0919302,-31.1523
630.75,-0.091936,-31.1569
630.8,-0.0919476,-31.1615
630.85,-0.0919519,-31.1661
630.9,-0.0919569,-31.1707
630.95,-0.0919665,-31.1753
631.0,-0.0919787,-31.1799
631.05,-0.0919974,-31.1845
631.1,-0.0920095,-31.1891
631.15,-0.0920121,-31.1937
631.2,-0.0920291,-31.1983
631.25,-0.0920252,-31.2029
631.3,-0.0920256,-31.2075
631.35,-0.0920328,-31.2121
631.4,-0.0920364,-31.2167
631.45,-0.0920381,-31.2213
631.5,-0.0920362,-31.2259
631.55,-0.0920353,-31.2305
631.6,-0.0920417,-31.2351
631.65,-0.0920658,-31.2397
631.7,-0.0920707,-31.2443
631.75,-0.0920686,-31.2489
631.8,-0.0920707,-31.2535
631.85,-0.0920645,-31.2581
631.9,-0.0920684,-31.2627
631.95,-0.0920635,-31.2673
632.0,-0.0920732,-31.2719
632.05,-0.0920995,-31.2765
632.1,-0.0920902,-31.2811
632.15,-0.0921129,-31.2857
632.2,-0.0921128,-31.2903
632.25,-0.0921215,-31.2949
632.3,-0.0921069,-31.2995
632.35,-0.0921192,-31.3041
632.4,-0.0921146,-31.3087
632.45,-0.0921372,-31.3134
632.5,-0.0921537,-31.318
632.55,-0.0921518,-31.3226
632.6,-0.0921425,-31.3272
632.65,-0.0921502,-31.3318
632.7,-0.0921573,-31.3364
632.75,-0.0921477,-31.341
632.8,-0.092167,-31.3456
632.85,-0.0921819,-31.3502
632.9,-0.0921901,-31.3548
632.95,-0.0921994,-31.3594
633.0,-0.092199,-31.364
633.05,-0.0921965,-31.3687
633.1,-0.0921893,-31.3733
633.15,-0.0921848,-31.3779
633.2,-0.0921951,-31.3825
633.25,-0.0922129,-31.3871
633.3,-0.0922137,-31.3917
633.35,-0.0922195,-31.3963
633.4,-0.0922462,-31.4009
633.45,-0.0922608,-31.4055
633.5,-0.0922762,-31.4102
633.55,-0.0922828,-31.4148
633.6,-0.0922986,-31.4194
633.65,-0.0922999,-31.424
633.7,-0.0923146,-31.4286
633.75,-0.0923082,-31.4332
633.8,-0.0923213,-31.4378
633.85,-0.0923251,-31.4425
633.9,-0.0923269,-31.4471
633.95,-0.0923402,-31.4517
634.0,-0.0923515,-31.4563
634.05,-0.0923568,-31.4609
634.1,-0.0923686,-31.4656
634.15,-0.0923622,-31.4702
634.2,-0.0923557,-31.4748
634.25,-0.0923628,-31.4794
634.3,-0.0923797,-31.484
634.35,-0.0923849,-31.4886
634.4,-0.0923904,-31.4933
634.45,-0.0923982,-31.4979
634.5,-0.0923941,-31.5025
634.55,-0.0923895,-31.5071
634.6,-0.0924041,-31.5117
634.65,-0.0923986,-31.5164
634.7,-0.0924255,-31.521
634.75,-0.0924399,-31.5256
634.8,-0.0924386,-31.5302
634.85,-0.0924417,-31.5348
634.9,-0.0924424,-31.5395
634.95,-0.0924492,-31.5441
635.0,-0.0924421,-31.5487
635.05,-0.0924501,-31.5533
635.1,-0.0924636,-31.558
635.15,-0.0924699,-31.5626
635.2,-0.0924591,-31.5672
635.25,-0.0924574,-31.5718
635.3,-0.0924743,-31.5765
635.35,-0.0924846,-31.5811
635.4,-0.0924796,-31.5857
635.45,-0.0924886,-31.5903
635.5,-0.0924943,-31.595
635.55,-0.0924779,-31.5996
635.6,-0.0924811,-31.6042
635.65,-0.0924869,-31.6088
635.7,-0.0924891,-31.6134
635.75,-0.0925016,-31.6181
635.8,-0.0925114,-31.6227
635.85,-0.0924977,-31.6273
635.9,-0.0925047,-31.632
635.95,-0.0925145,-31.6366
636.0,-0.0925137,-31.6412
636.05,-0.092527,-31.6458
636.1,-0.0925341,-31.6505
636.15,-0.0925337,-31.6551
636.2,-0.0925488,-31.6597
636.25,-0.0925438,-31.6643
636.3,-0.0925512,-31.669
636.35,-0.0925518,-31.6736
636.4,-0.092549,-31.6782
636.45,-0.0925475,-31.6828
636.5,-0.0925405,-31.6875
636.55,-0.0925414,-31.6921
636.6,-0.0925456,-31.6967
636.65,-0.0925612,-31.7014
636.7,-0.092562,-31.706
636.75,-0.0925733,-31.7106
636.8,-0.092585,-31.7152
636.85,-0.0925809,-31.7199
636.9,-0.0925787,-31.7245
636.95,-0.0925773,-31.7291
637.0,-0.0925822,-31.7338
637.05,-0.0925913,-31.7384
637.1,-0.0926011,-31.743
637.15,-0.0925949,-31.7476
637.2,-0.0926102,-31.7523
637.25,-0.0926174,-31.7569
637.3,-0.0926192,-31.7615
637.35,-0.0926425,-31.7662
637.4,-0.0926535,-31.7708
637.45,-0.0926514,-31.7754
637.5,-0.0926596,-31.7801
637.55,-0.0926669,-31.7847
637.6,-0.0926625,-31.7893
637.65,-0.0926694,-31.794
637.7,-0.0926824,-31.7986
637.75,-0.0926876,-31.8032
637.8,-0.0927146,-31.8079
637.85,-0.0927197,-31.8125
637.9,-0.0927245,-31.8171
637.95,-0.0927524,-31.8218
638.0,-0.0927592,-31.8264
638.05,-0.0927581,-31.8311
638.1,-0.0927733,-31.8357
638.15,-0.0927757,-31.8403
638.2,-0.09277,-31.845
638.25,-0.0927867,-31.8496
638.3,-0.0927903,-31.8543
638.35,-0.0927904,-31.8589
638.4,-0.0928209,-31.8635
638.45,-0.0928279,-31.8682
638.5,-0.0928355,-31.8728
638.55,-0.0928475,-31.8775
638.6,-0.0928634,-31.8821
638.65,-0.092862,-31.8867
638.7,-0.0928566,-31.8914
638.75,-0.0928664,-31.896
638.8,-0.0928736,-31.9007
638.85,-0.0928693,-31.9053
638.9,-0.0928792,-31.91
638.95,-0.0928844,-31.9146
639.0,-0.0928891,-31.9193
639.05,-0.0928921,-31.9239
639.1,-0.0929034,-31.9285
639.15,-0.0929091,-31.9332
639.2,-0.0929129,-31.9378
639.25,-0.0929205,-31.9425
639.3,-0.0929439,-31.9471
639.35,-0.0929387,-31.9518
639.4,-0.0929582,-31.9564
639.45,-0.0929686,-31.9611
639.5,-0.0929626,-31.9657
639.55,-0.0929708,-31.9704
639.6,-0.0929798,-31.975
639.65,-0.0929809,-31.9797
639.7,-0.0929944,-31.9843
639.75,-0.0929896,-31.989
639.8,-0.0929949,-31.9936
639.85,-0.0930014,-31.9983
639.9,-0.0930188,-32.0029
639.95,-0.0930283,-32.0076
640.0,-0.0930272,-32.0122
640.05,-0.0930244,-32.0169
640.1,-0.0930327,-32.0215
640.15,-0.0930454,-32.0262
640.2,-0.0930418,-32.0308
640.25,-0.0930607,-32.0355
640.3,-0.093068,-32.0401
640.35,-0.0930685,-32.0448
640.4,-0.093073,-32.0494
640.45,-0.093078,-32.0541
640.5,-0.0930846,-32.0587
640.55,-0.0930866,-32.0634
640.6,-0.0930913,-32.0681
640.65,-0.0930859,-32.0727
640.7,-0.0931033,-32.0774
640.75,-0.0931046,-32.082
640.8,-0.0931045,-32.0867
640.85,-0.0931256,-32.0913
640.9,-0.093136,-32.096
640.95,-0.0931429,-32.1006
641.0,-0.0931453,-32.1053
641.05,-0.0931543,-32.11
641.1,-0.0931552,-32.1146
641.15,-0.0931702,-32.1193
641.2,-0.0931778,-32.1239
641.25,-0.0931826,-32.1286
641.3,-0.0932079,-32.1333
641.35,-0.0931995,-32.1379
641.4,-0.0932071,-32.1426
641.45,-0.0932189,-32.1472
641.5,-0.0932217,-32.1519
641.55,-0.0932114,-32.1566
641.6,-0.0932411,-32.1612
641.65,-0.0932566,-32.1659
641.7,-0.0932614,-32.1705
641.75,-0.0932765,-32.1752
641.8,-0.0932724,-32.1799
641.85,-0.0932801,-32.1845
641.9,-0.0932987,-32.1892
641.95,-0.0933019,-32.1939
642.0,-0.0933126,-32.1985
642.05,-0.0933301,-32.2032
642.1,-0.0933125,-32.2079
642.15,-0.0933225,-32.2125
642.2,-0.0933371,-32.2172
642.25,-0.093339,-32.2219
642.3,-0.0933398,-32.2265
642.35,-0.0933641,-32.2312
642.4,-0.0933623,-32.2359
642.45,-0.0933776,-32.2405
642.5,-0.0933843,-32.2452
642.55,-0.0933842,-32.2499
642.6,-0.0933951,-32.2545
642.65,-0.0934026,-32.2592
642.7,-0.0934166,-32.2639
642.75,-0.093402,-32.2686
642.8,-0.0934175,-32.2732
642.85,-0.0934204,-32.2779
642.9,-0.0934297,-32.2826
642.95,-0.0934335,-32.2872
643.0,-0.0934369,-32.2919
643.05,-0.0934453,-32.2966
643.1,-0.0934522,-32.3013
643.15,-0.0934465,-32.3059
643.2,-0.0934481,-32.3106
643.25,-0.0934613,-32.3153
643.3,-0.0934673,-32.32
643.35,-0.0934704,-32.3246
643.4,-0.0934823,-32.3293
643.45,-0.0934887,-32.334
643.5,-0.0935026,-32.3386
643.55,-0.093504,-32.3433
643.6,-0.0934889,-32.348
643.65,-0.0934988,-32.3527
643.7,-0.093522,-32.3573
643.75,-0.0935135,-32.362
643.8,-0.0935403,-32.3667
643.85,-0.093561,-32.3714
643.9,-0.0935554,-32.3761
643.95,-0.0935712,-32.3807
644.0,-0.0935674,-32.3854
644.05,-0.0935655,-32.3901
644.1,-0.0935933,-32.3948
644.15,-0.0935989,-32.3994
644.2,-0.0936016,-32.4041
644.25,-0.0936162,-32.4088
644.3,-0.0936083,-32.4135
644.35,-0.0936274,-32.4182
644.4,-0.093634,-32.4229
644.45,-0.0936504,-32.4275
644.5,-0.0936401,-32.4322
644.55,-0.0936471,-32.4369
644.6,-0.0936448,-32.4416
644.65,-0.0936419,-32.4463
644.7,-0.0936504,-32.4509
644.75,-0.0936599,-32.4556
644.8,-0.0936635,-32.4603
644.85,-0.0936876,-32.465
644.9,-0.0936806,-32.4697
644.95,-0.0936884,-32.4744
645.0,-0.0936976,-32.4791
645.05,-0.093688,-32.4837
645.1,-0.0936906,-32.4884
645.15,-0.093725,-32.4931
645.2,-0.0937186,-32.4978
645.25,-0.0937324,-32.5025
645.3,-0.0937433,-32.5072
645.35,-0.0937329,-32.5119
645.4,-0.0937452,-32.5165
645.45,-0.0937495,-32.5212
645.5,-0.0937591,-32.5259
645.55,-0.0937748,-32.5306
645.6,-0.0937858,-32.5353
645.65,-0.0937753,-32.54
645.7,-0.0937929,-32.5447
645.75,-0.0937993,-32.5494
645.8,-0.0938003,-32.5541
645.85,-0.09382,-32.5587
645.9,-0.0938227,-32.5634
645.95,-0.0938248,-32.5681
646.0,-0.0938457,-32.5728
646.05,-0.0938376,-32.5775
646.1,-0.0938577,-32.5822
646.15,-0.0938683,-32.5869
646.2,-0.0938781,-32.5916
646.25,-0.0938822,-32.5963
646.3,-0.093896,-32.601
646.35,-0.0939049,-32.6057
646.4,-0.0938948,-32.6104
646.45,-0.0939073,-32.6151
646.5,-0.0939054,-32.6198
646.55,-0.093924,-32.6245
646.6,-0.093941,-32.6292
646.65,-0.0939298,-32.6339
646.7,-0.093945,-32.6385
646.75,-0.0939632,-32.6432
646.8,-0.0939454,-32.6479
646.85,-0.0939618,-32.6526
646.9,-0.0939702,-32.6573
646.95,-0.0939656,-32.662
647.0,-0.093989,-32.6667
647.05,-0.0939958,-32.6714
647.1,-0.0939863,-32.6761
647.15,-0.0939939,-32.6808
647.2,-0.0940049,-32.6855
647.25,-0.0940114,-32.6902
647.3,-0.0940299,-32.6949
647.35,-0.0940363,-32.6996
647.4,-0.0940358,-32.7043
647.45,-0.0940541,-32.709
647.5,-0.094071,-32.7137
647.55,-0.0940708,-32.7185
647.6,-0.0940779,-32.7232
647.65,-0.0940889,-32.7279
647.7,-0.0940885,-32.7326
647.75,-0.0941011,-32.7373
647.8,-0.0940948,-32.742
647.85,-0.0940819,-32.7467
647.9,-0.0941025,-32.7514
647.95,-0.0941165,-32.7561
648.0,-0.0941395,-32.7608
648.05,-0.0941325,-32.7655
648.1,-0.0941408,-32.7702
648.15,-0.0941386,-32.7749
648.2,-0.0941478,-32.7796
648.25,-0.0941499,-32.7843
648.3,-0.0941508,-32.789
648.35,-0.0941506,-32.7937
648.4,-0.0941494,-32.7985
648.45,-0.0941627,-32.8032
648.5,-0.0941513,-32.8079
648.55,-0.0941612,-32.8126
648.6,-0.0941735,-32.8173
648.65,-0.0941716,-32.822
648.7,-0.0941689,-32.8267
648.75,-0.0941638,-32.8314
648.8,-0.0941731,-32.8361
648.85,-0.0941628,-32.8408
648.9,-0.094172,-32.8455
648.95,-0.0941859,-32.8502
649.0,-0.0941854,-32.855
649.05,-0.0941939,-32.8597
649.1,-0.0941914,-32.8644
649.15,-0.094179,-32.8691
649.2,-0.0941872,-32.8738
649.25,-0.0941889,-32.8785
649.3,-0.0941833,-32.8832
649.35,-0.0942037,-32.8879
649.4,-0.0942073,-32.8926
649.45,-0.0942127,-32.8973
649.5,-0.0942022,-32.9021
649.55,-0.0942052,-32.9068
649.6,-0.0942072,-32.9115
649.65,-0.0942062,-32.9162
649.7,-0.0942041,-32.9209
649.75,-0.0942077,-32.9256
649.8,-0.094209,-32.9303
649.85,-0.0942155,-32.935
649.9,-0.0942214,-32.9397
649.95,-0.0942182,-32.9444
650.0,-0.094235,-32.9492
650.05,-0.0942306,-32.9539
650.1,-0.0942328,-32.9586
650.15,-0.0942408,-32.9633
650.2,-0.094233,-32.968
650.25,-0.0942574,-32.9727
650.3,-0.0942658,-32.9774
650.35,-0.0942677,-32.9821
650.4,-0.0942784,-32.9869
650.45,-0.0942849,-32.9916
650.5,-0.0942754,-32.9963
650.55,-0.0942753,-33.001
650.6,-0.094275,-33.0057
650.65,-0.0942837,-33.0104
650.7,-0.094286,-33.0151
650.75,-0.0942886,-33.0199
650.8,-0.0942994,-33.0246
650.85,-0.0943017,-33.0293
650.9,-0.0943057,-33.034
650.95,-0.0943119,-33.0387
651.0,-0.094319,-33.0434
651.05,-0.0943233,-33.0482
651.1,-0.0943209,-33.0529
651.15,-0.0943177,-33.0576
651.2,-0.0943219,-33.0623
651.25,-0.0943198,-33.067
651.3,-0.0943185,-33.0717
651.35,-0.094335,-33.0764
651.4,-0.0943341,-33.0812
651.45,-0.0943351,-33.0859
651.5,-0.0943332,-33.0906
651.55,-0.0943491,-33.0953
651.6,-0.0943547,-33.1
651.65,-0.0943592,-33.1048
651.7,-0.0943569,-33.1095
651.75,-0.0943663,-33.1142
651.8,-0.0943716,-33.1189
651.85,-0.0943757,-33.1236
651.9,-0.0943874,-33.1283
651.95,-0.0943921,-33.1331
652.0,-0.0944012,-33.1378
652.05,-0.0943852,-33.1425
652.1,-0.0944132,-33.1472
652.15,-0.0944072,-33.1519
652.2,-0.0944173,-33.1567
652.25,-0.0944305,-33.1614
652.3,-0.094438,-33.1661
652.35,-0.0944337,-33.1708
652.4,-0.0944651,-33.1756
652.45,-0.0944616,-33.1803
652.5,-0.0944759,-33.185
652.55,-0.094461,-33.1897
652.6,-0.0944685,-33.1944
652.65,-0.0944789,-33.1992
652.7,-0.0944823,-33.2039
652.75,-0.0944923,-33.2086
652.8,-0.0945055,-33.2133
652.85,-0.0945038,-33.2181
652.9,-0.0945094,-33.2228
652.95,-0.0945139,-33.2275
653.0,-0.094512,-33.2322
653.05,-0.0945348,-33.237
653.1,-0.0945357,-33.2417
653.15,-0.0945257,-33.2464
653.2,-0.0945455,-33.2512
653.25,-0.0945595,-33.2559
653.3,-0.0945633,-33.2606
653.35,-0.0945637,-33.2653
653.4,-0.0945658,-33.2701
653.45,-0.0945326,-33.2748
653.5,-0.0945451,-33.2795
653.55,-0.0945721,-33.2842
653.6,-0.0945952,-33.289
653.65,-0.0946067,-33.2937
653.7,-0.0946017,-33.2984
653.75,-0.094592,-33.3032
653.8,-0.0946082,-33.3079
653.85,-0.0946195,-33.3126
653.9,-0.0946167,-33.3174
653.95,-0.0946341,-33.3221
654.0,-0.0946411,-33.3268
654.05,-0.0946414,-33.3316
654.1,-0.0946516,-33.3363
654.15,-0.0946527,-33.341
654.2,-0.0946615,-33.3458
654.25,-0.0946651,-33.3505
654.3,-0.0946661,-33.3552
654.35,-0.0946571,-33.36
654.4,-0.0946703,-33.3647
654.45,-0.0946817,-33.3694
654.5,-0.0946847,-33.3742
654.55,-0.0946914,-33.3789
654.6,-0.0947055,-33.3836
654.65,-0.0947027,-33.3884
654.7,-0.0947156,-33.3931
654.75,-0.0947172,-33.3978
654.8,-0.0947336,-33.4026
654.85,-0.0947455,-33.4073
654.9,-0.0947499,-33.412
654.95,-0.0947676,-33.4168
655.0,-0.0947619,-33.4215
655.05,-0.0947526,-33.4263
655.1,-0.0947707,-33.431
655.15,-0.0947745,-33.4357
655.2,-0.0947814,-33.4405
655.25,-0.0948066,-33.4452
655.3,-0.0948132,-33.45
655.35,-0.0948309,-33.4547
655.4,-0.0948347,-33.4594
655.45,-0.0948365,-33.4642
655.5,-0.0948433,-33.4689
655.55,-0.0948547,-33.4737
655.6,-0.0948578,-33.4784
655.65,-0.0948585,-33.4832
655.7,-0.0948949,-33.4879
655.75,-0.0949023,-33.4926
655.8,-0.0949137,-33.4974
655.85,-0.0949378,-33.5021
655.9,-0.0949547,-33.5069
655.95,-0.0949424,-33.5116
656.0,-0.0949562,-33.5164
656.05,-0.094966,-33.5211
656.1,-0.0949824,-33.5259
656.15,-0.0949896,-33.5306
656.2,-0.094998,-33.5354
656.25,-0.0949949,-33.5401
656.3,-0.0950044,-33.5449
656.35,-0.095018,-33.5496
656.4,-0.0950232,-33.5544
656.45,-0.0950221,-33.5591
656.5,-0.0950202,-33.5639
656.55,-0.0950236,-33.5686
656.6,-0.0950243,-33.5734
656.65,-0.0950479,-33.5781
656.7,-0.0950634,-33.5829
656.75,-0.095076,-33.5876
656.8,-0.0950859,-33.5924
656.85,-0.09509,-33.5971
656.9,-0.0950961,-33.6019
656.95,-0.0950984,-33.6067
657.0,-0.0951085,-33.6114
657.05,-0.0951058,-33.6162
657.1,-0.0951258,-33.6209
657.15,-0.0951268,-33.6257
657.2,-0.0951454,-33.6304
657.25,-0.0951561,-33.6352
657.3,-0.0951654,-33.64
657.35,-0.0951867,-33.6447
657.4,-0.0951932,-33.6495
657.45,-0.0952143,-33.6542
657.5,-0.0952254,-33.659
657.55,-0.0952316,-33.6638
657.6,-0.0952348,-33.6685
657.65,-0.0952531,-33.6733
657.7,-0.0952649,-33.678
657.75,-0.0952767,-33.6828
657.8,-0.0952923,-33.6876
657.85,-0.0953112,-33.6923
657.9,-0.0953122,-33.6971
657.95,-0.0953258,-33.7019
658.0,-0.0953496,-33.7066
658.05,-0.0953538,-33.7114
658.1,-0.0953625,-33.7162
658.15,-0.0953652,-33.7209
658.2,-0.0954007,-33.7257
658.25,-0.0954213,-33.7305
658.3,-0.0954013,-33.7353
658.35,-0.0954215,-33.74
658.4,-0.0954426,-33.7448
658.45,-0.0954606,-33.7496
658.5,-0.0954738,-33.7543
658.55,-0.0954848,-33.7591
658.6,-0.0955163,-33.7639
658.65,-0.0955166,-33.7687
658.7,-0.0955292,-33.7734
658.75,-0.0955565,-33.7782
658.8,-0.0955503,-33.783
658.85,-0.0955656,-33.7878
658.9,-0.0955772,-33.7926
658.95,-0.0955793,-33.7973
659.0,-0.0955909,-33.8021
659.05,-0.0956105,-33.8069
659.1,-0.0956178,-33.8117
659.15,-0.0956421,-33.8165
659.2,-0.0956513,-33.8212
659.25,-0.0956617,-33.826
659.3,-0.0956627,-33.8308
659.35,-0.0956916,-33.8356
659.4,-0.0957015,-33.8404
659.45,-0.0957145,-33.8452
659.5,-0.0957347,-33.8499
659.55,-0.0957552,-33.8547
659.6,-0.0957459,-33.8595
659.65,-0.0957528,-33.8643
659.7,-0.0957686,-33.8691
659.75,-0.0957815,-33.8739
659.8,-0.0958009,-33.8787
659.85,-0.0958058,-33.8835
659.9,-0.0958281,-33.8883
659.95,-0.0958559,-33.8931
660.0,-0.0958704,-33.8979
660.05,-0.0958895,-33.9026
660.1,-0.0958914,-33.9074
660.15,-0.0958965,-33.9122
660.2,-0.0959192,-33.917
660.25,-0.0959074,-33.9218
660.3,-0.0959141,-33.9266
660.35,-0.0959374,-33.9314
660.4,-0.0959378,-33.9362
660.45,-0.0959581,-33.941
660.5,-0.0959609,-33.9458
660.55,-0.0959814,-33.9506
660.6,-0.0959778,-33.9554
660.65,-0.0959933,-33.9602
660.7,-0.096001,-33.965
660.75,-0.0960226,-33.9698
660.8,-0.096036,-33.9746
660.85,-0.0960368,-33.9794
660.9,-0.0960527,-33.9842
660.95,-0.0960572,-33.989
661.0,-0.0960514,-33.9938
661.05,-0.0960677,-33.9986
661.1,-0.0960734,-34.0034
661.15,-0.0960825,-34.0082
661.2,-0.0960875,-34.013
661.25,-0.0961075,-34.0178
661.3,-0.0960948,-34.0226
661.35,-0.0961057,-34.0275
661.4,-0.09611,-34.0323
661.45,-0.0961198,-34.0371
661.5,-0.0961404,-34.0419
661.55,-0.0961373,-34.0467
661.6,-0.0961486,-34.0515
661.65,-0.0961566,-34.0563
661.7,-0.0961626,-34.0611
661.75,-0.0961597,-34.0659
661.8,-0.0961696,-34.0707
661.85,-0.0961722,-34.0755
661.9,-0.0961741,-34.0803
661.95,-0.0961766,-34.0851
662.0,-0.0961835,-34.09
662.05,-0.0961995,-34.0948
662.1,-0.0962011,-34.0996
662.15,-0.0961928,-34.1044
662.2,-0.0961939,-34.1092
662.25,-0.0962057,-34.114
662.3,-0.0962135,-34.1188
662.35,-0.0962231,-34.1236
662.4,-0.0962297,-34.1284
662.45,-0.0962385,-34.1332
662.5,-0.0962456,-34.1381
662.55,-0.0962437,-34.1429
662.6,-0.0962493,-34.1477
662.65,-0.0962553,-34.1525
662.7,-0.096243,-34.1573
662.75,-0.0962414,-34.1621
662.8,-0.0962447,-34.1669
662.85,-0.0962441,-34.1717
662.9,-0.0962518,-34.1766
662.95,-0.0962588,-34.1814
663.0,-0.0962779,-34.1862
663.05,-0.0962887,-34.191
663.1,-0.0962944,-34.1958
663.15,-0.096293,-34.2006
663.2,-0.0962974,-34.2054
663.25,-0.0963105,-34.2103
663.3,-0.0963139,-34.2151
663.35,-0.0963207,-34.2199
663.4,-0.0963341,-34.2247
663.45,-0.096334,-34.2295
663.5,-0.0963374,-34.2343
663.55,-0.0963506,-34.2392
663.6,-0.0963572,-34.244
663.65,-0.0963555,-34.2488
663.7,-0.0963542,-34.2536
663.75,-0.0963581,-34.2584
663.8,-0.0963782,-34.2632
663.85,-0.0964656,-34.2681
663.9,-0.0964963,-34.2729
663.95,-0.0964839,-34.2777
664.0,-0.096496,-34.2825
664.05,-0.0964999,-34.2874
664.1,-0.0964964,-34.2922
664.15,-0.0965048,-34.297
664.2,-0.0964917,-34.3018
664.25,-0.0964991,-34.3067
664.3,-0.0965026,-34.3115
664.35,-0.0965073,-34.3163
664.4,-0.0965243,-34.3211
664.45,-0.0965228,-34.326
664.5,-0.096513,-34.3308
664.55,-0.0965422,-34.3356
664.6,-0.0965878,-34.3405
664.65,-0.0966047,-34.3453
664.7,-0.0966026,-34.3501
664.75,-0.096608,-34.3549
664.8,-0.096615,-34.3598
664.85,-0.0966299,-34.3646
664.9,-0.0966406,-34.3694
664.95,-0.0966418,-34.3743
665.0,-0.0966494,-34.3791
665.05,-0.0966615,-34.3839
665.1,-0.0966715,-34.3888
665.15,-0.0966753,-34.3936
665.2,-0.0966756,-34.3984
665.25,-0.0966759,-34.4033
665.3,-0.0966892,-34.4081
665.35,-0.0966954,-34.4129
665.4,-0.0967057,-34.4178
665.45,-0.0967166,-34.4226
665.5,-0.0967196,-34.4274
665.55,-0.0967299,-34.4323
665.6,-0.0967356,-34.4371
665.65,-0.0967383,-34.442
665.7,-0.0967305,-34.4468
665.75,-0.096756,-34.4516
665.8,-0.0967506,-34.4565
665.85,-0.096768,-34.4613
665.9,-0.0967687,-34.4661
665.95,-0.096768,-34.471
666.0,-0.0967671,-34.4758
666.05,-0.0967737,-34.4807
666.1,-0.096774,-34.4855
666.15,-0.0967874,-34.4903
666.2,-0.0967866,-34.4952
666.25,-0.0967848,-34.5
666.3,-0.0967986,-34.5049
666.35,-0.0968019,-34.5097
666.4,-0.0967933,-34.5145
666.45,-0.0967949,-34.5194
666.5,-0.0968167,-34.5242
666.55,-0.0968169,-34.5291
666.6,-0.0968195,-34.5339
666.65,-0.096828,-34.5387
666.7,-0.0968508,-34.5436
666.75,-0.0968623,-34.5484
666.8,-0.0968669,-34.5533
666.85,-0.0968666,-34.5581
666.9,-0.0968794,-34.563
666.95,-0.096888,-34.5678
667.0,-0.0968694,-34.5726
667.05,-0.0968798,-34.5775
667.1,-0.0968811,-34.5823
667.15,-0.0968828,-34.5872
667.2,-0.0968909,-34.592
667.25,-0.0968912,-34.5969
667.3,-0.0968988,-34.6017
667.35,-0.0969035,-34.6066
667.4,-0.0969053,-34.6114
667.45,-0.0969099,-34.6162
667.5,-0.0969255,-34.6211
667.55,-0.0969311,-34.6259
667.6,-0.0969353,-34.6308
667.65,-0.0969304,-34.6356
667.7,-0.0969342,-34.6405
667.75,-0.0969494,-34.6453
667.8,-0.0969546,-34.6502
667.85,-0.0969522,-34.655
667.9,-0.0969604,-34.6599
667.95,-0.0969619,-34.6647
668.0,-0.0969589,-34.6696
668.05,-0.0969498,-34.6744
668.1,-0.0969491,-34.6793
668.15,-0.096951,-34.6841
668.2,-0.0969696,-34.689
668.25,-0.0969664,-34.6938
668.3,-0.0969757,-34.6987
668.35,-0.0969854,-34.7035
668.4,-0.0969833,-34.7084
668.45,-0.0969828,-34.7132
668.5,-0.0969934,-34.7181
668.55,-0.0969951,-34.7229
668.6,-0.0970019,-34.7278
668.65,-0.0970112,-34.7326
668.7,-0.0970098,-34.7375
668.75,-0.0970023,-34.7423
668.8,-0.0970193,-34.7472
668.85,-0.0970289,-34.752
668.9,-0.0970439,-34.7569
668.95,-0.097055,-34.7617
669.0,-0.0970706,-34.7666
669.05,-0.0970686,-34.7714
669.1,-0.0970656,-34.7763
669.15,-0.0970816,-34.7811
669.2,-0.0970879,-34.786
669.25,-0.0970934,-34.7908
669.3,-0.0971125,-34.7957
669.35,-0.0971247,-34.8005
669.4,-0.0971334,-34.8054
669.45,-0.0971198,-34.8103
669.5,-0.0971273,-34.8151
669.55,-0.097135,-34.82
669.6,-0.0971466,-34.8248
669.65,-0.0971532,-34.8297
669.7,-0.0971664,-34.8345
669.75,-0.0971621,-34.8394
669.8,-0.0971486,-34.8443
669.85,-0.0971455,-34.8491
669.9,-0.097172,-34.854
669.95,-0.0971907,-34.8588
670.0,-0.0971938,-34.8637
670.05,-0.0971908,-34.8686
670.1,-0.0971989,-34.8734
670.15,-0.0971943,-34.8783
670.2,-0.0971923,-34.8831
670.25,-0.0972,-34.888
670.3,-0.0972092,-34.8929
670.35,-0.0972214,-34.8977
670.4,-0.0972294,-34.9026
670.45,-0.0972164,-34.9074
670.5,-0.0972116,-34.9123
670.55,-0.0972253,-34.9172
670.6,-0.0972221,-34.922
670.65,-0.0972263,-34.9269
670.7,-0.097223,-34.9317
670.75,-0.0972381,-34.9366
670.8,-0.0972358,-34.9415
670.85,-0.0972366,-34.9463
670.9,-0.0972455,-34.9512
670.95,-0.0972484,-34.9561
671.0,-0.0972714,-34.9609
671.05,-0.0972652,-34.9658
671.1,-0.0972621,-34.9706
671.15,-0.0972599,-34.9755
671.2,-0.0972526,-34.9804
671.25,-0.097261,-34.9852
671.3,-0.0972594,-34.9901
671.35,-0.0972673,-34.995
671.4,-0.0972594,-34.9998
671.45,-0.0972594,-35.0047
671.5,-0.0972775,-35.0096
671.55,-0.0972828,-35.0144
671.6,-0.0972838,-35.0193
671.65,-0.0972693,-35.0241
671.7,-0.097276,-35.029
671.75,-0.0972854,-35.0339
671.8,-0.0972892,-35.0387
671.85,-0.0972765,-35.0436
671.9,-0.0973009,-35.0485
671.95,-0.0973006,-35.0533
672.0,-0.0973045,-35.0582
672.05,-0.0973074,-35.0631
672.1,-0.0973159,-35.0679
672.15,-0.0973037,-35.0728
672.2,-0.0973105,-35.0777
672.25,-0.0973293,-35.0825
672.3,-0.0973256,-35.0874
672.35,-0.0973465,-35.0923
672.4,-0.0973387,-35.0971
672.45,-0.0973323,-35.102
672.5,-0.0973407,-35.1069
672.55,-0.0973424,-35.1117
672.6,-0.0973389,-35.1166
672.65,-0.0973429,-35.1215
672.7,-0.0973532,-35.1263
672.75,-0.0973556,-35.1312
672.8,-0.0973702,-35.1361
672.85,-0.097382,-35.1409
672.9,-0.0973843,-35.1458
672.95,-0.0973904,-35.1507
673.0,-0.0973906,-35.1555
673.05,-0.0973984,-35.1604
673.1,-0.0974111,-35.1653
673.15,-0.0974164,-35.1702
673.2,-0.097425,-35.175
673.25,-0.0974299,-35.1799
673.3,-0.0974227,-35.1848
673.35,-0.0974247,-35.1896
673.4,-0.097437,-35.1945
673.45,-0.097442,-35.1994
673.5,-0.0974517,-35.2043
673.55,-0.097453,-35.2091
673.6,-0.0974584,-35.214
673.65,-0.0974681,-35.2189
673.7,-0.0974693,-35.2237
673.75,-0.0974689,-35.2286
673.8,-0.0974815,-35.2335
673.85,-0.0974794,-35.2384
673.9,-0.0975067,-35.2432
673.95,-0.0975175,-35.2481
674.0,-0.0975074,-35.253
674.05,-0.0975155,-35.2579
674.1,-0.0975279,-35.2627
674.15,-0.0975363,-35.2676
674.2,-0.0975411,-35.2725
674.25,-0.0975665,-35.2774
674.3,-0.0975706,-35.2823
674.35,-0.0975827,-35.2871
674.4,-0.0975861,-35.292
674.45,-0.0975927,-35.2969
674.5,-0.0976055,-35.3018
674.55,-0.0975991,-35.3067
674.6,-0.0975973,-35.3115
674.65,-0.0976065,-35.3164
674.7,-0.0976372,-35.3213
674.75,-0.0976372,-35.3262
674.8,-0.0976461,-35.3311
674.85,-0.0976718,-35.3359
674.9,-0.0976803,-35.3408
674.95,-0.097692,-35.3457
675.0,-0.0976884,-35.3506
675.05,-0.0976931,-35.3555
675.1,-0.0977113,-35.3604
675.15,-0.0976996,-35.3653
675.2,-0.0977081,-35.3701
675.25,-0.0977168,-35.375
675.3,-0.0977331,-35.3799
675.35,-0.0977342,-35.3848
675.4,-0.0977359,-35.3897
675.45,-0.0977422,-35.3946
675.5,-0.0977416,-35.3995
675.55,-0.0977607,-35.4043
675.6,-0.0977748,-35.4092
675.65,-0.0977819,-35.4141
675.7,-0.097779,-35.419
675.75,-0.0977799,-35.4239
675.8,-0.0977827,-35.4288
675.85,-0.0977868,-35.4337
675.9,-0.0978057,-35.4386
675.95,-0.0978173,-35.4435
676.0,-0.0978238,-35.4484
676.05,-0.0978146,-35.4532
676.1,-0.0978191,-35.4581
676.15,-0.0978271,-35.463
676.2,-0.097834,-35.4679
676.25,-0.0978483,-35.4728
676.3,-0.0978524,-35.4777
676.35,-0.0978553,-35.4826
676.4,-0.0978554,-35.4875
676.45,-0.0978448,-35.4924
676.5,-0.0979017,-35.4973
676.55,-0.0979098,-35.5022
676.6,-0.0979189,-35.5071
676.65,-0.0979182,-35.512
676.7,-0.0979097,-35.5169
676.75,-0.097901,-35.5218
676.8,-0.0979288,-35.5266
676.85,-0.0979298,-35.5315
676.9,-0.0979327,-35.5364
676.95,-0.0979456,-35.5413
677.0,-0.0979487,-35.5462
677.05,-0.097941,-35.5511
677.1,-0.0979505,-35.556
677.15,-0.0979666,-35.5609
677.2,-0.0979708,-35.5658
677.25,-0.0979728,-35.5707
677.3,-0.097991,-35.5756
677.35,-0.098002,-35.5805
677.4,-0.0980119,-35.5854
677.45,-0.0980049,-35.5903
677.5,-0.0980088,-35.5952
677.55,-0.098013,-35.6001
677.6,-0.0980276,-35.605
677.65,-0.0980304,-35.6099
677.7,-0.0980472,-35.6148
677.75,-0.0980691,-35.6197
677.8,-0.0980614,-35.6246
677.85,-0.0980822,-35.6295
677.9,-0.0980741,-35.6344
677.95,-0.0980846,-35.6394
678.0,-0.0980965,-35.6443
678.05,-0.0981029,-35.6492
678.1,-0.0981138,-35.6541
678.15,-0.0981256,-35.659
678.2,-0.098111,-35.6639
678.25,-0.098116,-35.6688
678.3,-0.0981262,-35.6737
678.35,-0.0981335,-35.6786
678.4,-0.0981509,-35.6835
678.45,-0.098152,-35.6884
678.5,-0.0981573,-35.6933
678.55,-0.098149,-35.6982
678.6,-0.0981533,-35.7031
678.65,-0.0981603,-35.708
678.7,-0.0981677,-35.713
678.75,-0.0981735,-35.7179
678.8,-0.0981604,-35.7228
678.85,-0.0981752,-35.7277
678.9,-0.0981861,-35.7326
678.95,-0.0981805,-35.7375
679.0,-0.0981606,-35.7424
679.05,-0.0981684,-35.7473
679.1,-0.0981665,-35.7522
679.15,-0.0981721,-35.7571
679.2,-0.0981759,-35.762
679.25,-0.0981715,-35.7669
679.3,-0.0981796,-35.7719
679.35,-0.0981712,-35.7768
679.4,-0.0981666,-35.7817
679.45,-0.0981625,-35.7866
679.5,-0.0981628,-35.7915
679.55,-0.0981613,-35.7964
679.6,-0.098163,-35.8013
679.65,-0.098156,-35.8062
679.7,-0.0981697,-35.8111
679.75,-0.0981841,-35.816
679.8,-0.0981839,-35.8209
679.85,-0.0981845,-35.8259
679.9,-0.0981904,-35.8308
679.95,-0.0981786,-35.8357
680.0,-0.0981748,-35.8406
680.05,-0.0981762,-35.8455
680.1,-0.0981838,-35.8504
680.15,-0.0981728,-35.8553
680.2,-0.0981808,-35.8602
680.25,-0.0981811,-35.8651
680.3,-0.0981753,-35.87
680.35,-0.0981734,-35.8749
680.4,-0.0981671,-35.8798
680.45,-0.0981716,-35.8848
680.5,-0.0981631,-35.8897
680.55,-0.0981763,-35.8946
680.6,-0.0981752,-35.8995
680.65,-0.0981756,-35.9044
680.7,-0.0981681,-35.9093
680.75,-0.0981802,-35.9142
680.8,-0.0981792,-35.9191
680.85,-0.0981885,-35.924
680.9,-0.0981869,-35.9289
680.95,-0.0981744,-35.9338
681.0,-0.0981811,-35.9388
681.05,-0.0981762,-35.9437
681.1,-0.09818,-35.9486
681.15,-0.0981705,-35.9535
681.2,-0.0981801,-35.9584
681.25,-0.0981675,-35.9633
681.3,-0.098175,-35.9682
681.35,-0.0981668,-35.9731
681.4,-0.0981741,-35.978
681.45,-0.0981798,-35.9829
681.5,-0.0981753,-35.9878
681.55,-0.0981809,-35.9928
681.6,-0.0981764,-35.9977
681.65,-0.0981746,-36.0026
681.7,-0.0981582,-36.0075
681.75,-0.098164,-36.0124
681.8,-0.098173,-36.0173
681.85,-0.0981888,-36.0222
681.9,-0.0981862,-36.0271
681.95,-0.0981864,-36.032
682.0,-0.0981778,-36.0369
682.05,-0.0981914,-36.0418
682.1,-0.0981885,-36.0467
682.15,-0.0981885,-36.0517
682.2,-0.0981984,-36.0566
682.25,-0.0982056,-36.0615
682.3,-0.0982195,-36.0664
682.35,-0.0982265,-36.0713
682.4,-0.0982392,-36.0762
682.45,-0.0982509,-36.0811
682.5,-0.0982492,-36.086
682.55,-0.0982511,-36.091
682.6,-0.0982553,-36.0959
682.65,-0.0982428,-36.1008
682.7,-0.0982493,-36.1057
682.75,-0.098258,-36.1106
682.8,-0.0982578,-36.1155
682.85,-0.0982638,-36.1204
682.9,-0.0982823,-36.1253
682.95,-0.0982816,-36.1303
683.0,-0.098292,-36.1352
683.05,-0.0982909,-36.1401
683.1,-0.0983083,-36.145
683.15,-0.0983304,-36.1499
683.2,-0.0983421,-36.1548
683.25,-0.0983337,-36.1597
683.3,-0.0983358,-36.1647
683.35,-0.0983231,-36.1696
683.4,-0.0983336,-36.1745
683.45,-0.0983373,-36.1794
683.5,-0.0983355,-36.1843
683.55,-0.0983458,-36.1893
683.6,-0.0983609,-36.1942
683.65,-0.0983667,-36.1991
683.7,-0.0983556,-36.204
683.75,-0.0983646,-36.2089
683.8,-0.0983675,-36.2138
683.85,-0.098381,-36.2188
683.9,-0.0983967,-36.2237
683.95,-0.0983916,-36.2286
684.0,-0.0983874,-36.2335
684.05,-0.0983988,-36.2384
684.1,-0.0984055,-36.2434
684.15,-0.0984134,-36.2483
684.2,-0.0984035,-36.2532
684.25,-0.0983962,-36.2581
684.3,-0.098411,-36.263
684.35,-0.0984176,-36.268
684.4,-0.0984115,-36.2729
684.45,-0.0984207,-36.2778
684.5,-0.0984274,-36.2827
684.55,-0.0984504,-36.2876
684.6,-0.0984534,-36.2926
684.65,-0.0984591,-36.2975
684.7,-0.0984723,-36.3024
684.75,-0.0984827,-36.3073
684.8,-0.098473,-36.3123
684.85,-0.0984835,-36.3172
684.9,-0.0984848,-36.3221
684.95,-0.0984822,-36.327
685.0,-0.0984974,-36.332
685.05,-0.0985034,-36.3369
685.1,-0.0985123,-36.3418
685.15,-0.0985223,-36.3467
685.2,-0.098513,-36.3517
685.25,-0.0985106,-36.3566
685.3,-0.0985211,-36.3615
685.35,-0.0985209,-36.3664
685.4,-0.0985141,-36.3714
685.45,-0.0985228,-36.3763
685.5,-0.0985186,-36.3812
685.55,-0.0985167,-36.3861
685.6,-0.0984917,-36.3911
685.65,-0.0984914,-36.396
685.7,-0.0985211,-36.4009
685.75,-0.0985198,-36.4058
685.8,-0.0985181,-36.4108
685.85,-0.0985198,-36.4157
685.9,-0.0985271,-36.4206
685.95,-0.0985335,-36.4256
686.0,-0.0985198,-36.4305
686.05,-0.0985287,-36.4354
686.1,-0.0985309,-36.4403
686.15,-0.0985466,-36.4453
686.2,-0.0985457,-36.4502
686.25,-0.0985422,-36.4551
686.3,-0.0985544,-36.46
686.35,-0.0985606,-36.465
686.4,-0.0985602,-36.4699
686.45,-0.098578,-36.4748
686.5,-0.0985772,-36.4798
686.55,-0.0985818,-36.4847
686.6,-0.0985717,-36.4896
686.65,-0.0985679,-36.4945
686.7,-0.0985602,-36.4995
686.75,-0.0985724,-36.5044
686.8,-0.0985907,-36.5093
686.85,-0.0985834,-36.5143
686.9,-0.0985778,-36.5192
686.95,-0.098591,-36.5241
687.0,-0.0985857,-36.529
687.05,-0.0985942,-36.534
687.1,-0.0986079,-36.5389
687.15,-0.0986139,-36.5438
687.2,-0.0986118,-36.5488
687.25,-0.0986174,-36.5537
687.3,-0.098618,-36.5586
687.35,-0.0986267,-36.5636
687.4,-0.0986382,-36.5685
687.45,-0.0986466,-36.5734
687.5,-0.0986571,-36.5784
687.55,-0.0986622,-36.5833
687.6,-0.0986656,-36.5882
687.65,-0.0986797,-36.5932
687.7,-0.0986914,-36.5981
687.75,-0.098702,-36.603
687.8,-0.0987126,-36.608
687.85,-0.0987076,-36.6129
687.9,-0.0987272,-36.6178
687.95,-0.0987307,-36.6228
688.0,-0.0987246,-36.6277
688.05,-0.0987276,-36.6326
688.1,-0.0987297,-36.6376
688.15,-0.0987361,-36.6425
688.2,-0.0987462,-36.6474
688.25,-0.0987486,-36.6524
688.3,-0.098743,-36.6573
688.35,-0.0987583,-36.6623
688.4,-0.0987516,-36.6672
688.45,-0.0987612,-36.6721
688.5,-0.0987779,-36.6771
688.55,-0.0987814,-36.682
688.6,-0.0987767,-36.687
688.65,-0.0987828,-36.6919
688.7,-0.0987847,-36.6968
688.75,-0.0987848,-36.7018
688.8,-0.0987854,-36.7067
688.85,-0.0987949,-36.7117
688.9,-0.0987963,-36.7166
688.95,-0.0988102,-36.7215
689.0,-0.0988115,-36.7265
689.05,-0.0988073,-36.7314
689.1,-0.0988174,-36.7364
689.15,-0.0988292,-36.7413
689.2,-0.0988389,-36.7462
689.25,-0.0988335,-36.7512
689.3,-0.0988439,-36.7561
689.35,-0.0988388,-36.7611
689.4,-0.0988648,-36.766
689.45,-0.0988841,-36.771
689.5,-0.098895,-36.7759
689.55,-0.0989042,-36.7808
689.6,-0.0989003,-36.7858
689.65,-0.0989012,-36.7907
689.7,-0.0989147,-36.7957
689.75,-0.0989216,-36.8006
689.8,-0.0989213,-36.8056
689.85,-0.0989227,-36.8105
689.9,-0.0989257,-36.8155
689.95,-0.0989343,-36.8204
690.0,-0.0989384,-36.8254
690.05,-0.0989287,-36.8303
690.1,-0.0989311,-36.8352
690.15,-0.098934,-36.8402
690.2,-0.0989428,-36.8451
690.25,-0.0989522,-36.8501
690.3,-0.0989643,-36.855
690.35,-0.0989529,-36.86
690.4,-0.0989567,-36.8649
690.45,-0.0989541,-36.8699
690.5,-0.0989533,-36.8748
690.55,-0.0989695,-36.8798
690.6,-0.0989712,-36.8847
690.65,-0.0989765,-36.8897
690.7,-0.0989748,-36.8946
690.75,-0.0989745,-36.8996
690.8,-0.0989849,-36.9045
690.85,-0.0989716,-36.9095
690.9,-0.0989716,-36.9144
690.95,-0.0989821,-36.9194
691.0,-0.0989818,-36.9243
691.05,-0.0989948,-36.9293
691.1,-0.0989943,-36.9342
691.15,-0.0989919,-36.9392
691.2,-0.09899,-36.9441
691.25,-0.0989904,-36.9491
691.3,-0.098987,-36.954
691.35,-0.0989935,-36.959
691.4,-0.0989968,-36.9639
691.45,-0.0990111,-36.9689
691.5,-0.0990098,-36.9738
691.55,-0.0990098,-36.9788
691.6,-0.0990146,-36.9837
691.65,-0.0990182,-36.9887
691.7,-0.0990211,-36.9936
691.75,-0.0990234,-36.9986
691.8,-0.0990114,-37.0035
691.85,-0.0990064,-37.0085
691.9,-0.0990008,-37.0134
691.95,-0.099007,-37.0184
692.0,-0.0990137,-37.0233
692.05,-0.0990098,-37.0283
692.1,-0.0990167,-37.0332
692.15,-0.0990119,-37.0382
692.2,-0.0990166,-37.0431
692.25,-0.0990175,-37.0481
692.3,-0.0990224,-37.053
692.35,-0.0990236,-37.058
692.4,-0.099017,-37.0629
692.45,-0.099011,-37.0679
692.5,-0.0990169,-37.0728
692.55,-0.0990104,-37.0778
692.6,-0.0990079,-37.0827
692.65,-0.0990149,-37.0877
692.7,-0.0990178,-37.0926
692.75,-0.0989996,-37.0976
692.8,-0.099019,-37.1025
692.85,-0.0990112,-37.1075
692.9,-0.0990017,-37.1124
692.95,-0.0990079,-37.1174
693.0,-0.099018,-37.1223
693.05,-0.0990161,-37.1273
693.1,-0.0990274,-37.1322
693.15,-0.0990288,-37.1372
693.2,-0.0990229,-37.1421
693.25,-0.0990189,-37.1471
693.3,-0.0990168,-37.152
693.35,-0.0990219,-37.157
693.4,-0.0990203,-37.1619
693.45,-0.0990197,-37.1669
693.5,-0.0990238,-37.1718
693.55,-0.0990413,-37.1768
693.6,-0.0990399,-37.1818
693.65,-0.0990498,-37.1867
693.7,-0.0990564,-37.1917
693.75,-0.0990482,-37.1966
693.8,-0.0990494,-37.2016
693.85,-0.0990496,-37.2065
693.9,-0.0990429,-37.2115
693.95,-0.0990423,-37.2164
694.0,-0.0990542,-37.2214
694.05,-0.0990563,-37.2263
694.1,-0.0990636,-37.2313
694.15,-0.099068,-37.2362
694.2,-0.0990794,-37.2412
694.25,-0.0990633,-37.2461
694.3,-0.0990733,-37.2511
694.35,-0.0990786,-37.256
694.4,-0.0990722,-37.261
694.45,-0.0990778,-37.2659
694.5,-0.099078,-37.2709
694.55,-0.0990842,-37.2759
694.6,-0.0990891,-37.2808
694.65,-0.0990812,-37.2858
694.7,-0.0991032,-37.2907
694.75,-0.0991012,-37.2957
694.8,-0.0990912,-37.3006
694.85,-0.0990929,-37.3056
694.9,-0.0990893,-37.3105
694.95,-0.0990838,-37.3155
695.0,-0.0990906,-37.3204
695.05,-0.0991062,-37.3254
695.1,-0.0990947,-37.3304
695.15,-0.099099,-37.3353
695.2,-0.0990873,-37.3403
695.25,-0.0990964,-37.3452
695.3,-0.0990977,-37.3502
695.35,-0.0990936,-37.3551
695.4,-0.0991008,-37.3601
695.45,-0.0990889,-37.365
695.5,-0.0990903,-37.37
695.55,-0.0990899,-37.375
695.6,-0.0990883,-37.3799
695.65,-0.0990878,-37.3849
695.7,-0.0990836,-37.3898
695.75,-0.0990711,-37.3948
695.8,-0.0990655,-37.3997
695.85,-0.0990736,-37.4047
695.9,-0.0990757,-37.4096
695.95,-0.0990737,-37.4146
696.0,-0.0990705,-37.4195
696.05,-0.099064,-37.4245
696.1,-0.0990631,-37.4294
696.15,-0.0990502,-37.4344
696.2,-0.0990695,-37.4394
696.25,-0.0990778,-37.4443
696.3,-0.0990708,-37.4493
696.35,-0.0990649,-37.4542
696.4,-0.0990633,-37.4592
696.45,-0.0990484,-37.4641
696.5,-0.0990608,-37.4691
696.55,-0.099054,-37.474
696.6,-0.0990577,-37.479
696.65,-0.0990558,-37.4839
696.7,-0.0990499,-37.4889
696.75,-0.0990431,-37.4938
696.8,-0.0990445,-37.4988
696.85,-0.0990339,-37.5037
696.9,-0.0990368,-37.5087
696.95,-0.0990288,-37.5136
697.0,-0.0990212,-37.5186
697.05,-0.0990312,-37.5235
697.1,-0.0990134,-37.5285
697.15,-0.0991614,-37.5335
697.2,-0.0991834,-37.5384
697.25,-0.0991743,-37.5434
697.3,-0.0991634,-37.5483
697.35,-0.0991768,-37.5533
697.4,-0.0992184,-37.5582
697.45,-0.0991928,-37.5632
697.5,-0.099179,-37.5682
697.55,-0.0991578,-37.5731
697.6,-0.0991605,-37.5781
697.65,-0.0991502,-37.583
697.7,-0.0991559,-37.588
697.75,-0.0991523,-37.593
697.8,-0.099152,-37.5979
697.85,-0.0991544,-37.6029
697.9,-0.099181,-37.6078
697.95,-0.0991664,-37.6128
698.0,-0.0991655,-37.6177
698.05,-0.0991783,-37.6227
698.1,-0.0991781,-37.6277
698.15,-0.0991947,-37.6326
698.2,-0.0991953,-37.6376
698.25,-0.0991988,-37.6425
698.3,-0.0992082,-37.6475
698.35,-0.0992159,-37.6525
698.4,-0.099223,-37.6574
698.45,-0.0992418,-37.6624
698.5,-0.09924,-37.6673
698.55,-0.0992532,-37.6723
698.6,-0.0992564,-37.6773
698.65,-0.0992781,-37.6822
698.7,-0.0992942,-37.6872
698.75,-0.0992964,-37.6922
698.8,-0.099298,-37.6971
698.85,-0.0993053,-37.7021
698.9,-0.0993017,-37.7071
698.95,-0.0993092,-37.712
699.0,-0.0993163,-37.717
699.05,-0.0993273,-37.722
699.1,-0.0993311,-37.7269
699.15,-0.0993247,-37.7319
699.2,-0.0993203,-37.7369
699.25,-0.0993232,-37.7418
699.3,-0.0993275,-37.7468
699.35,-0.0993394,-37.7518
699.4,-0.0993439,-37.7567
699.45,-0.0993511,-37.7617
699.5,-0.099347,-37.7667
699.55,-0.0993501,-37.7716
699.6,-0.0993564,-37.7766
699.65,-0.099365,-37.7816
699.7,-0.0993729,-37.7865
699.75,-0.0993881,-37.7915
699.8,-0.0993939,-37.7965
699.85,-0.099385,-37.8014
699.9,-0.099384,-37.8064
699.95,-0.0993956,-37.8114
700.0,-0.0994209,-37.8163
700.05,-0.0994195,-37.8213
700.1,-0.0994277,-37.8263
700.15,-0.0994354,-37.8313
700.2,-0.099423,-37.8362
700.25,-0.0994271,-37.8412
700.3,-0.0994391,-37.8462
700.35,-0.0994543,-37.8512
700.4,-0.0994509,-37.8561
700.45,-0.0994669,-37.8611
700.5,-0.099467,-37.8661
700.55,-0.0994769,-37.871
700.6,-0.099488,-37.876
700.65,-0.0994973,-37.881
700.7,-0.0995021,-37.886
700.75,-0.0995137,-37.8909
700.8,-0.0995149,-37.8959
700.85,-0.0995093,-37.9009
700.9,-0.0995204,-37.9059
700.95,-0.0995263,-37.9108
701.0,-0.0995342,-37.9158
701.05,-0.0995457,-37.9208
701.1,-0.0995567,-37.9258
701.15,-0.0995846,-37.9308
701.2,-0.0995853,-37.9357
701.25,-0.0995723,-37.9407
701.3,-0.0995695,-37.9457
701.35,-0.0995874,-37.9507
701.4,-0.0995979,-37.9557
701.45,-0.0996031,-37.9606
701.5,-0.0996208,-37.9656
701.55,-0.0996322,-37.9706
701.6,-0.0996325,-37.9756
701.65,-0.0996277,-37.9806
701.7,-0.0996382,-37.9855
701.75,-0.0996357,-37.9905
701.8,-0.0996556,-37.9955
701.85,-0.0996476,-38.0005
701.9,-0.0996656,-38.0055
701.95,-0.0996667,-38.0105
702.0,-0.0996809,-38.0154
702.05,-0.0996982,-38.0204
702.1,-0.0997115,-38.0254
702.15,-0.0997184,-38.0304
702.2,-0.0997134,-38.0354
702.25,-0.0997365,-38.0404
702.3,-0.0997385,-38.0454
702.35,-0.0997501,-38.0503
702.4,-0.0997728,-38.0553
702.45,-0.0997798,-38.0603
702.5,-0.0997882,-38.0653
702.55,-0.0997857,-38.0703
702.6,-0.099798,-38.0753
702.65,-0.0998075,-38.0803
702.7,-0.0998104,-38.0853
702.75,-0.0998241,-38.0903
702.8,-0.0998301,-38.0953
702.85,-0.0998401,-38.1002
702.9,-0.0998498,-38.1052
702.95,-0.0998721,-38.1102
703.0,-0.0998835,-38.1152
703.05,-0.0998919,-38.1202
703.1,-0.0998895,-38.1252
703.15,-0.0999145,-38.1302
703.2,-0.0999322,-38.1352
703.25,-0.099932,-38.1402
703.3,-0.0999317,-38.1452
703.35,-0.099923,-38.1502
703.4,-0.0999309,-38.1552
703.45,-0.0999311,-38.1602
703.5,-0.0999447,-38.1652
703.55,-0.099959,-38.1702
703.6,-0.099975,-38.1752
703.65,-0.0999984,-38.1802
703.7,-0.0999798,-38.1852
703.75,-0.0999846,-38.1902
703.8,-0.100001,-38.1952
703.85,-0.100017,-38.2002
703.9,-0.100015,-38.2052
703.95,-0.100022,-38.2102
704.0,-0.100029,-38.2152
704.05,-0.100042,-38.2202
704.1,-0.100047,-38.2252
704.15,-0.100057,-38.2302
704.2,-0.100046,-38.2352
704.25,-0.100064,-38.2402
704.3,-0.100066,-38.2452
704.35,-0.100053,-38.2502
704.4,-0.100055,-38.2552
704.45,-0.100066,-38.2602
704.5,-0.100074,-38.2652
704.55,-0.100084,-38.2702
704.6,-0.100083,-38.2752
704.65,-0.100098,-38.2802
704.7,-0.100121,-38.2852
704.75,-0.10012,-38.2902
704.8,-0.100129,-38.2952
704.85,-0.100142,-38.3003
704.9,-0.100144,-38.3053
704.95,-0.100151,-38.3103
705.0,-0.10015,-38.3153
705.05,-0.10017,-38.3203
705.1,-0.100169,-38.3253
705.15,-0.100186,-38.3303
705.2,-0.100189,-38.3353
705.25,-0.100193,-38.3403
705.3,-0.1002,-38.3453
705.35,-0.100188,-38.3503
705.4,-0.100202,-38.3554
705.45,-0.100207,-38.3604
705.5,-0.100218,-38.3654
705.55,-0.100238,-38.3704
705.6,-0.100237,-38.3754
705.65,-0.100241,-38.3804
705.7,-0.10025,-38.3854
705.75,-0.100265,-38.3904
705.8,-0.100263,-38.3954
705.85,-0.100262,-38.4005
705.9,-0.100289,-38.4055
705.95,-0.100291,-38.4105
706.0,-0.100292,-38.4155
706.05,-0.1003,-38.4205
706.1,-0.100312,-38.4255
706.15,-0.100304,-38.4305
706.2,-0.100325,-38.4356
706.25,-0.100321,-38.4406
706.3,-0.100331,-38.4456
706.35,-0.100329,-38.4506
706.4,-0.100353,-38.4556
706.45,-0.100372,-38.4607
706.5,-0.100386,-38.4657
706.55,-0.100389,-38.4707
706.6,-0.100407,-38.4757
706.65,-0.100401,-38.4807
706.7,-0.100404,-38.4857
706.75,-0.100289,-38.4908
706.8,-0.100277,-38.4958
706.85,-0.100285,-38.5008
706.9,-0.100295,-38.5058
706.95,-0.100301,-38.5108
707.0,-0.10032,-38.5158
707.05,-0.100334,-38.5209
707.1,-0.10034,-38.5259
707.15,-0.100348,-38.5309
707.2,-0.100355,-38.5359
707.25,-0.100355,-38.5409
707.3,-0.100368,-38.5459
707.35,-0.100384,-38.551
707.4,-0.100395,-38.556
707.45,-0.100414,-38.561
707.5,-0.100438,-38.566
707.55,-0.100448,-38.571
707.6,-0.100464,-38.5761
707.65,-0.10048,-38.5811
707.7,-0.100478,-38.5861
707.75,-0.100487,-38.5911
707.8,-0.100484,-38.5962
707.85,-0.100488,-38.6012
707.9,-0.100506,-38.6062
707.95,-0.10051,-38.6112
708.0,-0.100508,-38.6163
708.05,-0.100533,-38.6213
708.1,-0.100559,-38.6263
708.15,-0.100552,-38.6314
708.2,-0.10057,-38.6364
708.25,-0.100572,-38.6414
708.3,-0.100571,-38.6464
708.35,-0.100567,-38.6515
708.4,-0.100588,-38.6565
708.45,-0.100591,-38.6615
708.5,-0.100601,-38.6666
708.55,-0.100622,-38.6716
708.6,-0.100609,-38.6766
708.65,-0.100623,-38.6816
708.7,-0.100621,-38.6867
708.75,-0.100615,-38.6917
708.8,-0.100634,-38.6967
708.85,-0.100645,-38.7018
708.9,-0.100642,-38.7068
708.95,-0.100646,-38.7118
709.0,-0.100643,-38.7169
709.05,-0.100646,-38.7219
709.1,-0.100663,-38.7269
709.15,-0.100662,-38.732
709.2,-0.100672,-38.737
709.25,-0.100675,-38.742
709.3,-0.100697,-38.7471
709.35,-0.100695,-38.7521
709.4,-0.100683,-38.7571
709.45,-0.100711,-38.7622
709.5,-0.100712,-38.7672
709.55,-0.100725,-38.7722
709.6,-0.100733,-38.7773
709.65,-0.100729,-38.7823
709.7,-0.100736,-38.7874
709.75,-0.100734,-38.7924
709.8,-0.100728,-38.7974
709.85,-0.100734,-38.8025
709.9,-0.100739,-38.8075
709.95,-0.100743,-38.8125
710.0,-0.100768,-38.8176
710.05,-0.100777,-38.8226
710.1,-0.100781,-38.8277
710.15,-0.100811,-38.8327
710.2,-0.100833,-38.8377
710.25,-0.100849,-38.8428
710.3,-0.100853,-38.8478
710.35,-0.100865,-38.8529
710.4,-0.100881,-38.8579
710.45,-0.100901,-38.863
710.5,-0.100922,-38.868
710.55,-0.100925,-38.873
710.6,-0.100941,-38.8781
710.65,-0.100954,-38.8831
710.7,-0.100965,-38.8882
710.75,-0.100979,-38.8932
710.8,-0.100993,-38.8983
710.85,-0.100994,-38.9033
710.9,-0.101002,-38.9084
710.95,-0.101015,-38.9134
711.0,-0.10101,-38.9185
711.05,-0.101011,-38.9235
711.1,-0.101019,-38.9286
711.15,-0.101011,-38.9336
711.2,-0.101022,-38.9387
711.25,-0.101041,-38.9437
711.3,-0.101046,-38.9488
711.35,-0.101049,-38.9538
711.4,-0.101057,-38.9589
711.45,-0.101059,-38.964
711.5,-0.101063,-38.969
711.55,-0.101071,-38.9741
711.6,-0.101081,-38.9791
711.65,-0.101083,-38.9842
711.7,-0.101094,-38.9892
711.75,-0.101087,-38.9943
711.8,-0.101093,-38.9993
711.85,-0.1011,-39.0044
711.9,-0.101113,-39.0094
711.95,-0.101115,-39.0145
712.0,-0.101115,-39.0196
712.05,-0.101123,-39.0246
712.1,-0.101136,-39.0297
712.15,-0.101141,-39.0347
712.2,-0.101139,-39.0398
712.25,-0.101141,-39.0448
712.3,-0.101144,-39.0499
712.35,-0.101142,-39.055
712.4,-0.101159,-39.06
712.45,-0.101158,-39.0651
712.5,-0.101151,-39.0701
712.55,-0.10117,-39.0752
712.6,-0.101172,-39.0802
712.65,-0.101185,-39.0853
712.7,-0.101173,-39.0904
712.75,-0.101192,-39.0954
712.8,-0.101183,-39.1005
712.85,-0.101188,-39.1055
712.9,-0.101181,-39.1106
712.95,-0.101194,-39.1157
713.0,-0.101205,-39.1207
713.05,-0.10119,-39.1258
713.1,-0.101191,-39.1308
713.15,-0.101221,-39.1359
713.2,-0.101221,-39.141
713.25,-0.101218,-39.146
713.3,-0.101225,-39.1511
713.35,-0.101231,-39.1561
713.4,-0.10124,-39.1612
713.45,-0.101245,-39.1663
713.5,-0.10125,-39.1713
713.55,-0.101255,-39.1764
713.6,-0.101256,-39.1815
713.65,-0.101256,-39.1865
713.7,-0.101267,-39.1916
713.75,-0.101278,-39.1966
713.8,-0.101281,-39.2017
713.85,-0.101272,-39.2068
713.9,-0.101286,-39.2118
713.95,-0.10128,-39.2169
714.0,-0.101287,-39.222
714.05,-0.10128,-39.227
714.1,-0.101283,-39.2321
714.15,-0.101293,-39.2372
714.2,-0.101297,-39.2422
714.25,-0.101303,-39.2473
714.3,-0.101298,-39.2524
714.35,-0.101298,-39.2574
714.4,-0.101301,-39.2625
714.45,-0.101315,-39.2676
714.5,-0.101297,-39.2726
714.55,-0.101312,-39.2777
714.6,-0.101318,-39.2827
714.65,-0.101319,-39.2878
714.7,-0.101322,-39.2929
714.75,-0.101344,-39.2979
714.8,-0.10132,-39.303
714.85,-0.101329,-39.3081
714.9,-0.101346,-39.3131
714.95,-0.101336,-39.3182
715.0,-0.101335,-39.3233
715.05,-0.101332,-39.3283
715.1,-0.101336,-39.3334
715.15,-0.101347,-39.3385
715.2,-0.101344,-39.3435
715.25,-0.101343,-39.3486
715.3,-0.10135,-39.3537
715.35,-0.101343,-39.3587
715.4,-0.101329,-39.3638
715.45,-0.101346,-39.3689
715.5,-0.101349,-39.374
715.55,-0.10135,-39.379
715.6,-0.101341,-39.3841
715.65,-0.101351,-39.3892
715.7,-0.101348,-39.3942
715.75,-0.101355,-39.3993
715.8,-0.10135,-39.4044
715.85,-0.101346,-39.4094
715.9,-0.101356,-39.4145
715.95,-0.101355,-39.4196
716.0,-0.101367,-39.4246
716.05,-0.101374,-39.4297
716.1,-0.101368,-39.4348
716.15,-0.101375,-39.4398
716.2,-0.101363,-39.4449
716.25,-0.101366,-39.45
716.3,-0.101359,-39.455
716.35,-0.101365,-39.4601
716.4,-0.101368,-39.4652
716.45,-0.101373,-39.4702
716.5,-0.101411,-39.4753
716.55,-0.10141,-39.4804
716.6,-0.101418,-39.4855
716.65,-0.101415,-39.4905
716.7,-0.10141,-39.4956
716.75,-0.101399,-39.5007
716.8,-0.10141,-39.5057
716.85,-0.101404,-39.5108
716.9,-0.101414,-39.5159
716.95,-0.101402,-39.5209
717.0,-0.101387,-39.526
717.05,-0.101391,-39.5311
717.1,-0.1014,-39.5362
717.15,-0.101416,-39.5412
717.2,-0.10142,-39.5463
717.25,-0.101422,-39.5514
717.3,-0.101412,-39.5564
717.35,-0.101416,-39.5615
717.4,-0.101421,-39.5666
717.45,-0.101423,-39.5717
717.5,-0.101425,-39.5767
717.55,-0.101441,-39.5818
717.6,-0.101435,-39.5869
717.65,-0.101434,-39.5919
717.7,-0.101429,-39.597
717.75,-0.101427,-39.6021
717.8,-0.101437,-39.6072
717.85,-0.101431,-39.6122
717.9,-0.101434,-39.6173
717.95,-0.101448,-39.6224
718.0,-0.101444,-39.6274
718.05,-0.101445,-39.6325
718.1,-0.101442,-39.6376
718.15,-0.101458,-39.6427
718.2,-0.101462,-39.6477
718.25,-0.101454,-39.6528
718.3,-0.101458,-39.6579
718.35,-0.101454,-39.6629
718.4,-0.101465,-39.668
718.45,-0.10148,-39.6731
718.5,-0.101475,-39.6782
718.55,-0.101488,-39.6832
718.6,-0.101486,-39.6883
718.65,-0.101487,-39.6934
718.7,-0.101494,-39.6985
718.75,-0.1015,-39.7035
718.8,-0.101504,-39.7086
718.85,-0.101497,-39.7137
718.9,-0.101511,-39.7188
718.95,-0.101511,-39.7238
719.0,-0.101508,-39.7289
719.05,-0.10151,-39.734
719.1,-0.10152,-39.7391
719.15,-0.101524,-39.7441
719.2,-0.101513,-39.7492
719.25,-0.101514,-39.7543
719.3,-0.101519,-39.7594
719.35,-0.101522,-39.7645
719.4,-0.101521,-39.7695
719.45,-0.101517,-39.7746
719.5,-0.101531,-39.7797
719.55,-0.101525,-39.7848
719.6,-0.101542,-39.7898
719.65,-0.101561,-39.7949
719.7,-0.101558,-39.8
719.75,-0.101566,-39.8051
719.8,-0.101565,-39.8101
719.85,-0.101556,-39.8152
719.9,-0.101566,-39.8203
719.95,-0.101572,-39.8254
720.0,-0.101565,-39.8305
720.05,-0.10157,-39.8355
720.1,-0.101559,-39.8406
720.15,-0.101558,-39.8457
720.2,-0.101558,-39.8508
720.25,-0.101568,-39.8559
720.3,-0.101576,-39.8609
720.35,-0.101586,-39.866
720.4,-0.10158,-39.8711
720.45,-0.10158,-39.8762
720.5,-0.101585,-39.8812
720.55,-0.101596,-39.8863
720.6,-0.101596,-39.8914
720.65,-0.101603,-39.8965
720.7,-0.101611,-39.9016
720.75,-0.101618,-39.9066
720.8,-0.10161,-39.9117
720.85,-0.101609,-39.9168
720.9,-0.101621,-39.9219
720.95,-0.101624,-39.927
721.0,-0.101633,-39.9321
721.05,-0.101638,-39.9371
721.1,-0.101642,-39.9422
721.15,-0.101646,-39.9473
721.2,-0.101656,-39.9524
721.25,-0.101663,-39.9575
721.3,-0.101665,-39.9625
721.35,-0.101677,-39.9676
721.4,-0.101668,-39.9727
721.45,-0.101671,-39.9778
721.5,-0.101681,-39.9829
721.55,-0.101678,-39.988
721.6,-0.101683,-39.993
721.65,-0.101691,-39.9981
721.7,-0.101705,-40.0032
721.75,-0.101708,-40.0083
721.8,-0.101716,-40.0134
721.85,-0.101719,-40.0185
721.9,-0.101712,-40.0236
721.95,-0.101716,-40.0286
722.0,-0.101731,-40.0337
722.05,-0.101742,-40.0388
722.1,-0.101759,-40.0439
722.15,-0.101763,-40.049
722.2,-0.101773,-40.0541
722.25,-0.101783,-40.0592
722.3,-0.101782,-40.0643
722.35,-0.101781,-40.0694
722.4,-0.101792,-40.0744
722.45,-0.101797,-40.0795
722.5,-0.101792,-40.0846
722.55,-0.101799,-40.0897
722.6,-0.101787,-40.0948
722.65,-0.101788,-40.0999
722.7,-0.101797,-40.105
722.75,-0.101802,-40.1101
722.8,-0.101817,-40.1152
722.85,-0.101813,-40.1203
722.9,-0.101825,-40.1253
722.95,-0.10182,-40.1304
723.0,-0.101833,-40.1355
723.05,-0.101843,-40.1406
723.1,-0.101846,-40.1457
723.15,-0.10186,-40.1508
723.2,-0.101869,-40.1559
723.25,-0.101858,-40.161
723.3,-0.101855,-40.1661
723.35,-0.101859,-40.1712
723.4,-0.101871,-40.1763
723.45,-0.101894,-40.1814
723.5,-0.101898,-40.1865
723.55,-0.101907,-40.1916
723.6,-0.101899,-40.1967
723.65,-0.101901,-40.2017
723.7,-0.101929,-40.2068
723.75,-0.101952,-40.2119
723.8,-0.101957,-40.217
723.85,-0.101953,-40.2221
723.9,-0.101947,-40.2272
723.95,-0.101957,-40.2323
724.0,-0.101975,-40.2374
724.05,-0.101983,-40.2425
724.1,-0.101978,-40.2476
724.15,-0.101986,-40.2527
724.2,-0.101991,-40.2578
724.25,-0.101993,-40.2629
724.3,-0.101999,-40.268
724.35,-0.102001,-40.2731
724.4,-0.102001,-40.2782
724.45,-0.102,-40.2833
724.5,-0.102029,-40.2884
724.55,-0.102026,-40.2935
724.6,-0.102033,-40.2986
724.65,-0.102035,-40.3037
724.7,-0.102051,-40.3088
724.75,-0.10206,-40.3139
724.8,-0.102054,-40.319
724.85,-0.102059,-40.3241
724.9,-0.102058,-40.3292
724.95,-0.102075,-40.3344
725.0,-0.102069,-40.3395
725.05,-0.102091,-40.3446
725.1,-0.102102,-40.3497
725.15,-0.102109,-40.3548
725.2,-0.102113,-40.3599
725.25,-0.102111,-40.365
725.3,-0.102123,-40.3701
725.35,-0.102122,-40.3752
725.4,-0.102122,-40.3803
725.45,-0.102126,-40.3854
725.5,-0.102144,-40.3905
725.55,-0.102147,-40.3956
725.6,-0.102164,-40.4007
725.65,-0.102161,-40.4058
725.7,-0.102152,-40.4109
725.75,-0.102155,-40.416
725.8,-0.102162,-40.4212
725.85,-0.102176,-40.4263
725.9,-0.102178,-40.4314
725.95,-0.10218,-40.4365
726.0,-0.102186,-40.4416
726.05,-0.102179,-40.4467
726.1,-0.102193,-40.4518
726.15,-0.102212,-40.4569
726.2,-0.102202,-40.462
726.25,-0.102214,-40.4671
726.3,-0.102212,-40.4723
726.35,-0.102218,-40.4774
726.4,-0.102215,-40.4825
726.45,-0.10223,-40.4876
726.5,-0.102234,-40.4927
726.55,-0.102234,-40.4978
726.6,-0.102251,-40.5029
726.65,-0.102259,-40.508
726.7,-0.102273,-40.5131
726.75,-0.102271,-40.5183
726.8,-0.102256,-40.5234
726.85,-0.102256,-40.5285
726.9,-0.102272,-40.5336
726.95,-0.102286,-40.5387
727.0,-0.10228,-40.5438
727.05,-0.102305,-40.5489
727.1,-0.102296,-40.5541
727.15,-0.102309,-40.5592
727.2,-0.102315,-40.5643
727.25,-0.102333,-40.5694
727.3,-0.102332,-40.5745
727.35,-0.102339,-40.5796
727.4,-0.102361,-40.5848
727.45,-0.10236,-40.5899
727.5,-0.102345,-40.595
727.55,-0.102369,-40.6001
727.6,-0.102394,-40.6052
727.65,-0.102395,-40.6104
727.7,-0.102407,-40.6155
727.75,-0.102401,-40.6206
727.8,-0.102404,-40.6257
727.85,-0.102409,-40.6308
727.9,-0.102412,-40.636
727.95,-0.102413,-40.6411
728.0,-0.102433,-40.6462
728.05,-0.102434,-40.6513
728.1,-0.102446,-40.6564
728.15,-0.102451,-40.6616
728.2,-0.102468,-40.6667
728.25,-0.102476,-40.6718
728.3,-0.102483,-40.6769
728.35,-0.102484,-40.6821
728.4,-0.10249,-40.6872
728.45,-0.102487,-40.6923
728.5,-0.102504,-40.6974
728.55,-0.102501,-40.7026
728.6,-0.102513,-40.7077
728.65,-0.102519,-40.7128
728.7,-0.102523,-40.7179
728.75,-0.102536,-40.7231
728.8,-0.10254,-40.7282
728.85,-0.102545,-40.7333
728.9,-0.102547,-40.7384
728.95,-0.102557,-40.7436
729.0,-0.102567,-40.7487
729.05,-0.102572,-40.7538
729.1,-0.102576,-40.759
729.15,-0.102585,-40.7641
729.2,-0.10258,-40.7692
729.25,-0.102587,-40.7743
729.3,-0.10259,-40.7795
729.35,-0.102597,-40.7846
729.4,-0.102614,-40.7897
729.45,-0.102613,-40.7949
729.5,-0.10261,-40.8
729.55,-0.102631,-40.8051
729.6,-0.102626,-40.8103
729.65,-0.102633,-40.8154
729.7,-0.102633,-40.8205
729.75,-0.102648,-40.8257
729.8,-0.102645,-40.8308
729.85,-0.10265,-40.8359
729.9,-0.102665,-40.8411
729.95,-0.102669,-40.8462
730.0,-0.102664,-40.8513
730.05,-0.102677,-40.8565
730.1,-0.10269,-40.8616
730.15,-0.102693,-40.8667
730.2,-0.102694,-40.8719
730.25,-0.102701,-40.877
730.3,-0.102711,-40.8821
730.35,-0.102714,-40.8873
730.4,-0.102721,-40.8924
730.45,-0.102732,-40.8975
730.5,-0.10275,-40.9027
730.55,-0.102754,-40.9078
730.6,-0.102757,-40.9129
730.65,-0.102755,-40.9181
730.7,-0.102757,-40.9232
730.75,-0.102762,-40.9284
730.8,-0.102769,-40.9335
730.85,-0.102786,-40.9386
730.9,-0.102791,-40.9438
730.95,-0.102787,-40.9489
731.0,-0.102803,-40.9541
731.05,-0.102802,-40.9592
731.1,-0.102817,-40.9643
731.15,-0.102823,-40.9695
731.2,-0.102828,-40.9746
731.25,-0.102823,-40.9798
731.3,-0.102831,-40.9849
731.35,-0.102832,-40.99
731.4,-0.102838,-40.9952
731.45,-0.102848,-41.0003
731.5,-0.102865,-41.0055
731.55,-0.102868,-41.0106
731.6,-0.102863,-41.0158
731.65,-0.102876,-41.0209
731.7,-0.10288,-41.0261
731.75,-0.102899,-41.0312
731.8,-0.102907,-41.0363
731.85,-0.10291,-41.0415
731.9,-0.102899,-41.0466
731.95,-0.102904,-41.0518
732.0,-0.102898,-41.0569
732.05,-0.102914,-41.0621
732.1,-0.10291,-41.0672
732.15,-0.102906,-41.0724
732.2,-0.102907,-41.0775
732.25,-0.102898,-41.0826
732.3,-0.1029,-41.0878
732.35,-0.102897,-41.0929
732.4,-0.102896,-41.0981
732.45,-0.102904,-41.1032
732.5,-0.102912,-41.1084
732.55,-0.102909,-41.1135
732.6,-0.102921,-41.1187
732.65,-0.102913,-41.1238
732.7,-0.102912,-41.129
732.75,-0.102923,-41.1341
732.8,-0.102911,-41.1392
732.85,-0.102919,-41.1444
732.9,-0.102919,-41.1495
732.95,-0.10291,-41.1547
733.0,-0.102917,-41.1598
733.05,-0.102914,-41.165
733.1,-0.102928,-41.1701
733.15,-0.102917,-41.1753
733.2,-0.102926,-41.1804
733.25,-0.102915,-41.1856
733.3,-0.10292,-41.1907
733.35,-0.102926,-41.1959
733.4,-0.10291,-41.201
733.45,-0.102914,-41.2061
733.5,-0.102914,-41.2113
733.55,-0.102911,-41.2164
733.6,-0.102914,-41.2216
733.65,-0.102912,-41.2267
733.7,-0.102901,-41.2319
733.75,-0.10291,-41.237
733.8,-0.102902,-41.2422
733.85,-0.102895,-41.2473
733.9,-0.102888,-41.2525
733.95,-0.102895,-41.2576
734.0,-0.102888,-41.2627
734.05,-0.102896,-41.2679
734.1,-0.102902,-41.273
734.15,-0.102905,-41.2782
734.2,-0.102904,-41.2833
734.25,-0.102904,-41.2885
734.3,-0.102914,-41.2936
734.35,-0.102918,-41.2988
734.4,-0.102906,-41.3039
734.45,-0.102901,-41.309
734.5,-0.1029,-41.3142
734.55,-0.102904,-41.3193
734.6,-0.102914,-41.3245
734.65,-0.102916,-41.3296
734.7,-0.102908,-41.3348
734.75,-0.102921,-41.3399
734.8,-0.102912,-41.3451
734.85,-0.10292,-41.3502
734.9,-0.102922,-41.3554
734.95,-0.102928,-41.3605
735.0,-0.102936,-41.3657
735.05,-0.102938,-41.3708
735.1,-0.102947,-41.3759
735.15,-0.102949,-41.3811
735.2,-0.102958,-41.3862
735.25,-0.10296,-41.3914
735.3,-0.102961,-41.3965
735.35,-0.102962,-41.4017
735.4,-0.102972,-41.4068
735.45,-0.102972,-41.412
735.5,-0.102966,-41.4171
735.55,-0.102975,-41.4223
735.6,-0.10298,-41.4274
735.65,-0.102989,-41.4326
735.7,-0.102984,-41.4377
735.75,-0.102997,-41.4429
735.8,-0.103007,-41.448
735.85,-0.103013,-41.4532
735.9,-0.103007,-41.4583
735.95,-0.103009,-41.4635
736.0,-0.10301,-41.4686
736.05,-0.10301,-41.4738
736.1,-0.103019,-41.4789
736.15,-0.103018,-41.4841
736.2,-0.103022,-41.4892
736.25,-0.10303,-41.4944
736.3,-0.103031,-41.4995
736.35,-0.103044,-41.5047
736.4,-0.103046,-41.5098
736.45,-0.103054,-41.515
736.5,-0.10305,-41.5201
736.55,-0.103047,-41.5253
736.6,-0.103041,-41.5305
736.65,-0.103047,-41.5356
736.7,-0.103044,-41.5408
736.75,-0.103049,-41.5459
736.8,-0.103065,-41.5511
736.85,-0.103061,-41.5562
736.9,-0.103061,-41.5614
736.95,-0.103074,-41.5665
737.0,-0.103074,-41.5717
737.05,-0.103075,-41.5768
737.1,-0.103087,-41.582
737.15,-0.103094,-41.5871
737.2,-0.103104,-41.5923
737.25,-0.103096,-41.5974
737.3,-0.103092,-41.6026
737.35,-0.10309,-41.6078
737.4,-0.103088,-41.6129
737.45,-0.103092,-41.6181
737.5,-0.103099,-41.6232
737.55,-0.103103,-41.6284
737.6,-0.103101,-41.6335
737.65,-0.1031,-41.6387
737.7,-0.103104,-41.6438
737.75,-0.103104,-41.649
737.8,-0.103151,-41.6542
737.85,-0.103153,-41.6593
737.9,-0.103163,-41.6645
737.95,-0.103161,-41.6696
738.0,-0.103161,-41.6748
738.05,-0.103159,-41.6799
738.1,-0.103173,-41.6851
738.15,-0.103172,-41.6903
738.2,-0.103179,-41.6954
738.25,-0.103195,-41.7006
738.3,-0.10319,-41.7057
738.35,-0.103188,-41.7109
738.4,-0.103178,-41.7161
738.45,-0.103188,-41.7212
738.5,-0.103195,-41.7264
738.55,-0.103199,-41.7315
738.6,-0.103178,-41.7367
738.65,-0.103194,-41.7419
738.7,-0.103201,-41.747
738.75,-0.103204,-41.7522
738.8,-0.103219,-41.7573
738.85,-0.103225,-41.7625
738.9,-0.103229,-41.7677
738.95,-0.103221,-41.7728
739.0,-0.103218,-41.778
739.05,-0.10321,-41.7831
739.1,-0.103206,-41.7883
739.15,-0.103216,-41.7935
739.2,-0.103224,-41.7986
739.25,-0.103228,-41.8038
739.3,-0.103231,-41.8089
739.35,-0.10322,-41.8141
739.4,-0.103228,-41.8193
739.45,-0.103226,-41.8244
739.5,-0.103228,-41.8296
739.55,-0.103237,-41.8348
739.6,-0.103245,-41.8399
739.65,-0.10325,-41.8451
739.7,-0.103254,-41.8502
739.75,-0.103254,-41.8554
739.8,-0.103257,-41.8606
739.85,-0.103259,-41.8657
739.9,-0.103261,-41.8709
739.95,-0.10326,-41.8761
740.0,-0.103267,-41.8812
740.05,-0.103258,-41.8864
740.1,-0.103258,-41.8915
740.15,-0.103279,-41.8967
740.2,-0.10329,-41.9019
740.25,-0.1033,-41.907
740.3,-0.103295,-41.9122
740.35,-0.103298,-41.9174
740.4,-0.103294,-41.9225
740.45,-0.103297,-41.9277
740.5,-0.103313,-41.9329
740.55,-0.103306,-41.938
740.6,-0.103321,-41.9432
740.65,-0.103333,-41.9484
740.7,-0.103323,-41.9535
740.75,-0.103328,-41.9587
740.8,-0.103347,-41.9639
740.85,-0.103346,-41.969
740.9,-0.103342,-41.9742
740.95,-0.103363,-41.9794
741.0,-0.103364,-41.9845
741.05,-0.103388,-41.9897
741.1,-0.103391,-41.9949
741.15,-0.103402,-42.0
741.2,-0.1034,-42.0052
741.25,-0.103409,-42.0104
741.3,-0.103403,-42.0156
741.35,-0.10341,-42.0207
741.4,-0.103417,-42.0259
741.45,-0.103422,-42.0311
741.5,-0.103429,-42.0362
741.55,-0.103429,-42.0414
741.6,-0.103426,-42.0466
741.65,-0.103433,-42.0518
741.7,-0.103437,-42.0569
741.75,-0.103447,-42.0621
741.8,-0.103448,-42.0673
741.85,-0.10345,-42.0724
741.9,-0.103459,-42.0776
741.95,-0.103475,-42.0828
742.0,-0.103491,-42.088
742.05,-0.103502,-42.0931
742.1,-0.103501,-42.0983
742.15,-0.103505,-42.1035
742.2,-0.103502,-42.1087
742.25,-0.103497,-42.1138
742.3,-0.103506,-42.119
742.35,-0.103522,-42.1242
742.4,-0.103534,-42.1294
742.45,-0.103536,-42.1345
742.5,-0.10354,-42.1397
742.55,-0.103542,-42.1449
742.6,-0.103553,-42.1501
742.65,-0.103568,-42.1553
742.7,-0.103569,-42.1604
742.75,-0.103589,-42.1656
742.8,-0.103683,-42.1708
742.85,-0.103772,-42.176
742.9,-0.103782,-42.1812
742.95,-0.10379,-42.1864
743.0,-0.1038,-42.1915
743.05,-0.103802,-42.1967
743.1,-0.103807,-42.2019
743.15,-0.103813,-42.2071
743.2,-0.103801,-42.2123
743.25,-0.103811,-42.2175
743.3,-0.103808,-42.2227
743.35,-0.103829,-42.2279
743.4,-0.103831,-42.2331
743.45,-0.103839,-42.2383
743.5,-0.103827,-42.2435
743.55,-0.103842,-42.2486
743.6,-0.103843,-42.2538
743.65,-0.103839,-42.259
743.7,-0.103858,-42.2642
743.75,-0.103856,-42.2694
743.8,-0.103869,-42.2746
743.85,-0.103878,-42.2798
743.9,-0.103892,-42.285
743.95,-0.103911,-42.2902
744.0,-0.103921,-42.2954
744.05,-0.103934,-42.3006
744.1,-0.103955,-42.3058
744.15,-0.10395,-42.311
744.2,-0.103973,-42.3162
744.25,-0.103958,-42.3214
744.3,-0.103955,-42.3266
744.35,-0.103957,-42.3318
744.4,-0.103971,-42.337
744.45,-0.103979,-42.3422
744.5,-0.103999,-42.3474
744.55,-0.104,-42.3526
744.6,-0.104021,-42.3578
744.65,-0.104044,-42.363
744.7,-0.10404,-42.3682
744.75,-0.104043,-42.3734
744.8,-0.104062,-42.3786
744.85,-0.104071,-42.3838
744.9,-0.104068,-42.389
744.95,-0.10408,-42.3942
745.0,-0.104097,-42.3994
745.05,-0.104116,-42.4046
745.1,-0.104112,-42.4098
745.15,-0.104116,-42.415
745.2,-0.104129,-42.4202
745.25,-0.104133,-42.4254
745.3,-0.10414,-42.4306
745.35,-0.104145,-42.4358
745.4,-0.104146,-42.4411
745.45,-0.104154,-42.4463
745.5,-0.104165,-42.4515
745.55,-0.104167,-42.4567
745.6,-0.104167,-42.4619
745.65,-0.104151,-42.4671
745.7,-0.104161,-42.4723
745.75,-0.104169,-42.4775
745.8,-0.104181,-42.4827
745.85,-0.104178,-42.4879
745.9,-0.104195,-42.4931
745.95,-0.10419,-42.4983
746.0,-0.104189,-42.5036
746.05,-0.104199,-42.5088
746.1,-0.10421,-42.514
746.15,-0.104236,-42.5192
746.2,-0.104243,-42.5244
746.25,-0.104248,-42.5296
746.3,-0.10426,-42.5348
746.35,-0.104265,-42.54
746.4,-0.104277,-42.5453
746.45,-0.104281,-42.5505
746.5,-0.104288,-42.5557
746.55,-0.104292,-42.5609
746.6,-0.104303,-42.5661
746.65,-0.104303,-42.5713
746.7,-0.104315,-42.5765
746.75,-0.10432,-42.5818
746.8,-0.104329,-42.587
746.85,-0.104333,-42.5922
746.9,-0.104347,-42.5974
746.95,-0.104339,-42.6026
747.0,-0.104342,-42.6078
747.05,-0.104344,-42.6131
747.1,-0.104357,-42.6183
747.15,-0.104358,-42.6235
747.2,-0.104371,-42.6287
747.25,-0.10437,-42.6339
747.3,-0.10439,-42.6392
747.35,-0.104395,-42.6444
747.4,-0.104394,-42.6496
747.45,-0.104438,-42.6548
747.5,-0.10448,-42.66
747.55,-0.104503,-42.6653
747.6,-0.104504,-42.6705
747.65,-0.104505,-42.6757
747.7,-0.104523,-42.6809
747.75,-0.104525,-42.6862
747.8,-0.104537,-42.6914
747.85,-0.10454,-42.6966
747.9,-0.104542,-42.7018
747.95,-0.104544,-42.7071
748.0,-0.104541,-42.7123
748.05,-0.104547,-42.7175
748.1,-0.104551,-42.7228
748.15,-0.104563,-42.728
748.2,-0.104555,-42.7332
748.25,-0.104567,-42.7384
748.3,-0.10457,-42.7437
748.35,-0.104561,-42.7489
748.4,-0.104565,-42.7541
748.45,-0.104576,-42.7594
748.5,-0.10457,-42.7646
748.55,-0.104573,-42.7698
748.6,-0.10459,-42.775
748.65,-0.104598,-42.7803
748.7,-0.104601,-42.7855
748.75,-0.104609,-42.7907
748.8,-0.104602,-42.796
748.85,-0.1046,-42.8012
748.9,-0.104612,-42.8064
748.95,-0.10462,-42.8117
749.0,-0.104623,-42.8169
749.05,-0.104626,-42.8221
749.1,-0.104623,-42.8273
749.15,-0.104635,-42.8326
749.2,-0.104641,-42.8378
749.25,-0.10463,-42.843
749.3,-0.104638,-42.8483
749.35,-0.104649,-42.8535
749.4,-0.104655,-42.8587
749.45,-0.104644,-42.864
749.5,-0.104643,-42.8692
749.55,-0.104642,-42.8744
749.6,-0.104649,-42.8797
749.65,-0.104648,-42.8849
749.7,-0.104653,-42.8901
749.75,-0.104644,-42.8954
749.8,-0.104647,-42.9006
749.85,-0.104645,-42.9058
749.9,-0.104629,-42.9111
749.95,-0.10464,-42.9163
750.0,-0.104651,-42.9215
750.05,-0.104661,-42.9268
750.1,-0.104657,-42.932
750.15,-0.104662,-42.9372
750.2,-0.104651,-42.9425
750.25,-0.104659,-42.9477
750.3,-0.104665,-42.9529
750.35,-0.104665,-42.9582
750.4,-0.104663,-42.9634
750.45,-0.104662,-42.9686
750.5,-0.104669,-42.9739
750.55,-0.104664,-42.9791
750.6,-0.10466,-42.9843
750.65,-0.104668,-42.9896
750.7,-0.104662,-42.9948
750.75,-0.104657,-43.0
750.8,-0.104661,-43.0053
750.85,-0.104672,-43.0105
750.9,-0.104665,-43.0157
750.95,-0.104665,-43.021
751.0,-0.104675,-43.0262
751.05,-0.104668,-43.0314
751.1,-0.104669,-43.0367
751.15,-0.104677,-43.0419
751.2,-0.104674,-43.0471
751.25,-0.104666,-43.0524
751.3,-0.104677,-43.0576
751.35,-0.104683,-43.0628
751.4,-0.104684,-43.0681
751.45,-0.104705,-43.0733
751.5,-0.10472,-43.0785
751.55,-0.104729,-43.0838
751.6,-0.104721,-43.089
751.65,-0.104722,-43.0942
751.7,-0.104719,-43.0995
751.75,-0.104734,-43.1047
751.8,-0.104732,-43.1099
751.85,-0.104743,-43.1152
751.9,-0.104741,-43.1204
751.95,-0.104724,-43.1257
752.0,-0.104726,-43.1309
752.05,-0.104733,-43.1361
752.1,-0.104758,-43.1414
752.15,-0.10476,-43.1466
752.2,-0.104763,-43.1518
752.25,-0.104755,-43.1571
752.3,-0.104742,-43.1623
752.35,-0.104754,-43.1676
752.4,-0.104758,-43.1728
752.45,-0.104745,-43.178
752.5,-0.104738,-43.1833
752.55,-0.104742,-43.1885
752.6,-0.104727,-43.1937
752.65,-0.104742,-43.199
752.7,-0.104742,-43.2042
752.75,-0.10474,-43.2095
752.8,-0.104752,-43.2147
752.85,-0.104765,-43.2199
752.9,-0.104771,-43.2252
752.95,-0.104777,-43.2304
753.0,-0.104769,-43.2356
753.05,-0.104765,-43.2409
753.1,-0.104775,-43.2461
753.15,-0.104784,-43.2514
753.2,-0.104775,-43.2566
753.25,-0.104785,-43.2618
753.3,-0.104774,-43.2671
753.35,-0.104776,-43.2723
753.4,-0.104784,-43.2776
753.45,-0.1048,-43.2828
753.5,-0.104798,-43.288
753.55,-0.104786,-43.2933
753.6,-0.104791,-43.2985
753.65,-0.10479,-43.3038
753.7,-0.104796,-43.309
753.75,-0.104795,-43.3142
753.8,-0.104816,-43.3195
753.85,-0.104833,-43.3247
753.9,-0.104831,-43.33
753.95,-0.104821,-43.3352
754.0,-0.104813,-43.3404
754.05,-0.104814,-43.3457
754.1,-0.104817,-43.3509
754.15,-0.104819,-43.3562
754.2,-0.104832,-43.3614
754.25,-0.104832,-43.3666
754.3,-0.104847,-43.3719
754.35,-0.104854,-43.3771
754.4,-0.104848,-43.3824
754.45,-0.104854,-43.3876
754.5,-0.104861,-43.3929
754.55,-0.104868,-43.3981
754.6,-0.104867,-43.4033
754.65,-0.104873,-43.4086
754.7,-0.104863,-43.4138
754.75,-0.104875,-43.4191
754.8,-0.104872,-43.4243
754.85,-0.104877,-43.4296
754.9,-0.104874,-43.4348
754.95,-0.104879,-43.4401
755.0,-0.10488,-43.4453
755.05,-0.104901,-43.4505
755.1,-0.104891,-43.4558
755.15,-0.104892,-43.461
755.2,-0.104888,-43.4663
755.25,-0.104904,-43.4715
755.3,-0.10491,-43.4768
755.35,-0.104905,-43.482
755.4,-0.104898,-43.4873
755.45,-0.104908,-43.4925
755.5,-0.104909,-43.4977
755.55,-0.104917,-43.503
755.6,-0.104926,-43.5082
755.65,-0.104919,-43.5135
755.7,-0.104924,-43.5187
755.75,-0.104912,-43.524
755.8,-0.104914,-43.5292
755.85,-0.10492,-43.5345
755.9,-0.104929,-43.5397
755.95,-0.104924,-43.545
756.0,-0.104931,-43.5502
756.05,-0.104938,-43.5555
756.1,-0.104935,-43.5607
756.15,-0.104936,-43.5659
756.2,-0.104937,-43.5712
756.25,-0.104943,-43.5764
756.3,-0.104953,-43.5817
756.35,-0.104948,-43.5869
756.4,-0.104966,-43.5922
756.45,-0.104969,-43.5974
756.5,-0.104949,-43.6027
756.55,-0.104944,-43.6079
756.6,-0.104943,-43.6132
756.65,-0.104945,-43.6184
756.7,-0.104944,-43.6237
756.75,-0.104947,-43.6289
756.8,-0.104958,-43.6342
756.85,-0.104963,-43.6394
756.9,-0.104956,-43.6447
756.95,-0.104973,-43.6499
757.0,-0.104959,-43.6552
757.05,-0.104954,-43.6604
757.1,-0.104947,-43.6657
757.15,-0.104939,-43.6709
757.2,-0.104938,-43.6761
757.25,-0.104937,-43.6814
757.3,-0.104935,-43.6866
757.35,-0.104939,-43.6919
757.4,-0.104943,-43.6971
757.45,-0.104942,-43.7024
757.5,-0.104944,-43.7076
757.55,-0.104938,-43.7129
757.6,-0.104943,-43.7181
757.65,-0.104942,-43.7234
757.7,-0.104949,-43.7286
757.75,-0.104958,-43.7339
757.8,-0.104949,-43.7391
757.85,-0.104939,-43.7444
757.9,-0.104962,-43.7496
757.95,-0.104957,-43.7549
758.0,-0.104965,-43.7601
758.05,-0.104964,-43.7654
758.1,-0.104941,-43.7706
758.15,-0.104948,-43.7758
758.2,-0.104947,-43.7811
758.25,-0.104943,-43.7863
758.3,-0.104962,-43.7916
758.35,-0.104959,-43.7968
758.4,-0.104979,-43.8021
758.45,-0.10499,-43.8073
758.5,-0.104981,-43.8126
758.55,-0.104984,-43.8178
758.6,-0.104987,-43.8231
758.65,-0.10501,-43.8283
758.7,-0.10499,-43.8336
758.75,-0.104999,-43.8388
758.8,-0.104993,-43.8441
758.85,-0.105002,-43.8493
758.9,-0.10502,-43.8546
758.95,-0.105009,-43.8598
759.0,-0.105013,-43.8651
759.05,-0.105013,-43.8703
759.1,-0.105019,-43.8756
759.15,-0.105026,-43.8808
759.2,-0.105028,-43.8861
759.25,-0.105027,-43.8913
759.3,-0.105022,-43.8966
759.35,-0.105031,-43.9018
759.4,-0.10504,-43.9071
759.45,-0.105067,-43.9123
759.5,-0.105064,-43.9176
759.55,-0.105062,-43.9229
759.6,-0.105067,-43.9281
759.65,-0.105071,-43.9334
759.7,-0.105068,-43.9386
759.75,-0.105082,-43.9439
759.8,-0.105096,-43.9491
759.85,-0.105104,-43.9544
759.9,-0.1051,-43.9596
759.95,-0.105105,-43.9649
760.0,-0.105106,-43.9701
760.05,-0.105104,-43.9754
760.1,-0.105104,-43.9807
760.15,-0.105114,-43.9859
760.2,-0.105136,-43.9912
760.25,-0.10515,-43.9964
760.3,-0.105144,-44.0017
760.35,-0.105155,-44.0069
760.4,-0.105174,-44.0122
760.45,-0.105172,-44.0175
760.5,-0.105164,-44.0227
760.55,-0.105176,-44.028
760.6,-0.105174,-44.0332
760.65,-0.10518,-44.0385
760.7,-0.105169,-44.0438
760.75,-0.105192,-44.049
760.8,-0.105203,-44.0543
760.85,-0.105195,-44.0595
760.9,-0.105212,-44.0648
760.95,-0.105224,-44.07
761.0,-0.105217,-44.0753
761.05,-0.105225,-44.0806
761.1,-0.105224,-44.0858
761.15,-0.105239,-44.0911
761.2,-0.105255,-44.0964
761.25,-0.105259,-44.1016
761.3,-0.105267,-44.1069
761.35,-0.10528,-44.1121
761.4,-0.105279,-44.1174
761.45,-0.105281,-44.1227
761.5,-0.105291,-44.1279
761.55,-0.105295,-44.1332
761.6,-0.105306,-44.1385
761.65,-0.105305,-44.1437
761.7,-0.105304,-44.149
761.75,-0.105301,-44.1543
761.8,-0.105313,-44.1595
761.85,-0.105329,-44.1648
761.9,-0.10534,-44.1701
761.95,-0.105343,-44.1753
762.0,-0.105355,-44.1806
762.05,-0.105355,-44.1859
762.1,-0.105365,-44.1911
762.15,-0.105373,-44.1964
762.2,-0.105372,-44.2017
762.25,-0.105381,-44.2069
762.3,-0.105388,-44.2122
762.35,-0.105394,-44.2175
762.4,-0.105399,-44.2228
762.45,-0.105395,-44.228
762.5,-0.105412,-44.2333
762.55,-0.105418,-44.2386
762.6,-0.10544,-44.2438
762.65,-0.105449,-44.2491
762.7,-0.105457,-44.2544
762.75,-0.105467,-44.2597
762.8,-0.105489,-44.2649
762.85,-0.105488,-44.2702
762.9,-0.105511,-44.2755
762.95,-0.105526,-44.2808
763.0,-0.105533,-44.286
763.05,-0.105534,-44.2913
763.1,-0.105541,-44.2966
763.15,-0.105523,-44.3019
763.2,-0.105542,-44.3071
763.25,-0.105548,-44.3124
763.3,-0.105552,-44.3177
763.35,-0.105567,-44.323
763.4,-0.105576,-44.3283
763.45,-0.10558,-44.3335
763.5,-0.105577,-44.3388
763.55,-0.105574,-44.3441
763.6,-0.105583,-44.3494
763.65,-0.105595,-44.3546
763.7,-0.1056,-44.3599
763.75,-0.10561,-44.3652
763.8,-0.105634,-44.3705
763.85,-0.105648,-44.3758
763.9,-0.105726,-44.3811
763.95,-0.105743,-44.3863
764.0,-0.105742,-44.3916
764.05,-0.105741,-44.3969
764.1,-0.105736,-44.4022
764.15,-0.105745,-44.4075
764.2,-0.105744,-44.4128
764.25,-0.105765,-44.4181
764.3,-0.105755,-44.4234
764.35,-0.105774,-44.4286
764.4,-0.105783,-44.4339
764.45,-0.105792,-44.4392
764.5,-0.105792,-44.4445
764.55,-0.105801,-44.4498
764.6,-0.105801,-44.4551
764.65,-0.105814,-44.4604
764.7,-0.105818,-44.4657
764.75,-0.105817,-44.471
764.8,-0.105817,-44.4763
764.85,-0.10583,-44.4815
764.9,-0.105828,-44.4868
764.95,-0.105837,-44.4921
765.0,-0.105847,-44.4974
765.05,-0.105862,-44.5027
765.1,-0.10587,-44.508
765.15,-0.105885,-44.5133
765.2,-0.105886,-44.5186
765.25,-0.105885,-44.5239
765.3,-0.105904,-44.5292
765.35,-0.105908,-44.5345
765.4,-0.105918,-44.5398
765.45,-0.10591,-44.5451
765.5,-0.105914,-44.5504
765.55,-0.105921,-44.5557
765.6,-0.105922,-44.561
765.65,-0.105923,-44.5663
765.7,-0.105944,-44.5716
765.75,-0.105951,-44.5769
765.8,-0.105972,-44.5822
765.85,-0.105976,-44.5875
765.9,-0.105982,-44.5928
765.95,-0.105979,-44.598
766.0,-0.105972,-44.6033
766.05,-0.105973,-44.6086
766.1,-0.105993,-44.6139
766.15,-0.105999,-44.6192
766.2,-0.106009,-44.6245
766.25,-0.10602,-44.6298
766.3,-0.106014,-44.6351
766.35,-0.106026,-44.6404
766.4,-0.106029,-44.6458
766.45,-0.106048,-44.6511
766.5,-0.106053,-44.6564
766.55,-0.106047,-44.6617
766.6,-0.106051,-44.667
766.65,-0.106043,-44.6723
766.7,-0.106051,-44.6776
766.75,-0.106052,-44.6829
766.8,-0.106058,-44.6882
766.85,-0.106084,-44.6935
766.9,-0.106086,-44.6988
766.95,-0.10608,-44.7041
767.0,-0.106083,-44.7094
767.05,-0.106094,-44.7147
767.1,-0.106085,-44.72
767.15,-0.106085,-44.7253
767.2,-0.106096,-44.7306
767.25,-0.106106,-44.7359
767.3,-0.106103,-44.7412
767.35,-0.106099,-44.7465
767.4,-0.106119,-44.7518
767.45,-0.106128,-44.7571
767.5,-0.106137,-44.7624
767.55,-0.106157,-44.7677
767.6,-0.106159,-44.7731
767.65,-0.106146,-44.7784
767.7,-0.106139,-44.7837
767.75,-0.106156,-44.789
767.8,-0.106168,-44.7943
767.85,-0.106174,-44.7996
767.9,-0.10618,-44.8049
767.95,-0.106185,-44.8102
768.0,-0.106176,-44.8155
768.05,-0.106189,-44.8208
768.1,-0.10618,-44.8261
768.15,-0.106205,-44.8315
768.2,-0.106205,-44.8368
768.25,-0.10621,-44.8421
768.3,-0.106223,-44.8474
768.35,-0.106228,-44.8527
768.4,-0.106221,-44.858
768.45,-0.106232,-44.8633
768.5,-0.106236,-44.8686
768.55,-0.106228,-44.8739
768.6,-0.106236,-44.8793
768.65,-0.106246,-44.8846
768.7,-0.106245,-44.8899
768.75,-0.106242,-44.8952
768.8,-0.106236,-44.9005
768.85,-0.106247,-44.9058
768.9,-0.106255,-44.9111
768.95,-0.106257,-44.9164
769.0,-0.106256,-44.9218
769.05,-0.106266,-44.9271
769.1,-0.106259,-44.9324
769.15,-0.106255,-44.9377
769.2,-0.106257,-44.943
769.25,-0.106267,-44.9483
769.3,-0.10627,-44.9536
769.35,-0.106288,-44.9589
769.4,-0.106282,-44.9643
769.45,-0.106281,-44.9696
769.5,-0.106288,-44.9749
769.55,-0.106284,-44.9802
769.6,-0.106283,-44.9855
769.65,-0.106293,-44.9908
769.7,-0.106293,-44.9961
769.75,-0.106308,-45.0015
769.8,-0.106304,-45.0068
769.85,-0.10631,-45.0121
769.9,-0.106308,-45.0174
769.95,-0.106308,-45.0227
770.0,-0.106308,-45.028
770.05,-0.106308,-45.0334
770.1,-0.106293,-45.0387
770.15,-0.106306,-45.044
770.2,-0.106305,-45.0493
770.25,-0.10631,-45.0546
770.3,-0.106309,-45.0599
770.35,-0.106315,-45.0652
770.4,-0.10631,-45.0706
770.45,-0.106317,-45.0759
770.5,-0.106313,-45.0812
770.55,-0.106315,-45.0865
770.6,-0.106308,-45.0918
770.65,-0.106292,-45.0971
770.7,-0.106309,-45.1025
770.75,-0.1063,-45.1078
770.8,-0.106299,-45.1131
770.85,-0.106305,-45.1184
770.9,-0.106307,-45.1237
770.95,-0.106297,-45.129
771.0,-0.106312,-45.1343
771.05,-0.106317,-45.1397
771.1,-0.106304,-45.145
771.15,-0.106304,-45.1503
771.2,-0.106304,-45.1556
771.25,-0.106316,-45.1609
771.3,-0.106315,-45.1662
771.35,-0.10631,-45.1716
771.4,-0.106303,-45.1769
771.45,-0.106311,-45.1822
771.5,-0.10631,-45.1875
771.55,-0.106305,-45.1928
771.6,-0.106305,-45.1981
771.65,-0.106291,-45.2034
771.7,-0.106301,-45.2088
771.75,-0.106299,-45.2141
771.8,-0.106303,-45.2194
771.85,-0.106302,-45.2247
771.9,-0.106301,-45.23
771.95,-0.106293,-45.2353
772.0,-0.106299,-45.2406
772.05,-0.106312,-45.246
772.1,-0.106308,-45.2513
772.15,-0.106328,-45.2566
772.2,-0.106326,-45.2619
772.25,-0.106332,-45.2672
772.3,-0.106351,-45.2725
772.35,-0.106347,-45.2779
772.4,-0.106369,-45.2832
772.45,-0.106391,-45.2885
772.5,-0.106397,-45.2938
772.55,-0.106396,-45.2991
772.6,-0.106393,-45.3045
772.65,-0.106383,-45.3098
772.7,-0.106417,-45.3151
772.75,-0.106432,-45.3204
772.8,-0.106436,-45.3257
772.85,-0.106438,-45.3311
772.9,-0.106429,-45.3364
772.95,-0.106434,-45.3417
773.0,-0.106439,-45.347
773.05,-0.10643,-45.3524
773.1,-0.106433,-45.3577
773.15,-0.106447,-45.363
773.2,-0.106457,-45.3683
773.25,-0.106473,-45.3736
773.3,-0.106479,-45.379
773.35,-0.106486,-45.3843
773.4,-0.106484,-45.3896
773.45,-0.10649,-45.3949
773.5,-0.106496,-45.4003
773.55,-0.106504,-45.4056
773.6,-0.10649,-45.4109
773.65,-0.106493,-45.4162
773.7,-0.106504,-45.4216
773.75,-0.106507,-45.4269
773.8,-0.106517,-45.4322
773.85,-0.106531,-45.4375
773.9,-0.106532,-45.4429
773.95,-0.106524,-45.4482
774.0,-0.106523,-45.4535
774.05,-0.106525,-45.4588
774.1,-0.106534,-45.4642
774.15,-0.106543,-45.4695
774.2,-0.106553,-45.4748
774.25,-0.10655,-45.4802
774.3,-0.10656,-45.4855
774.35,-0.106563,-45.4908
774.4,-0.10657,-45.4961
774.45,-0.106572,-45.5015
774.5,-0.106575,-45.5068
774.55,-0.106569,-45.5121
774.6,-0.106563,-45.5175
774.65,-0.106559,-45.5228
774.7,-0.106565,-45.5281
774.75,-0.10656,-45.5334
774.8,-0.106573,-45.5388
774.85,-0.106573,-45.5441
774.9,-0.106567,-45.5494
774.95,-0.106581,-45.5548
775.0,-0.106584,-45.5601
775.05,-0.1066,-45.5654
775.1,-0.106595,-45.5707
775.15,-0.106606,-45.5761
775.2,-0.106606,-45.5814
775.25,-0.10662,-45.5867
775.3,-0.10662,-45.5921
775.35,-0.106627,-45.5974
775.4,-0.10662,-45.6027
775.45,-0.106618,-45.6081
775.5,-0.106619,-45.6134
775.55,-0.106623,-45.6187
775.6,-0.106626,-45.6241
775.65,-0.106646,-45.6294
775.7,-0.106637,-45.6347
775.75,-0.106636,-45.64
775.8,-0.106646,-45.6454
775.85,-0.106646,-45.6507
775.9,-0.106667,-45.656
775.95,-0.106669,-45.6614
776.0,-0.106666,-45.6667
776.05,-0.106668,-45.672
776.1,-0.106671,-45.6774
776.15,-0.106677,-45.6827
776.2,-0.106692,-45.688
776.25,-0.106698,-45.6934
776.3,-0.106697,-45.6987
776.35,-0.10669,-45.7041
776.4,-0.106695,-45.7094
776.45,-0.106688,-45.7147
776.5,-0.106699,-45.7201
776.55,-0.106708,-45.7254
776.6,-0.106709,-45.7307
776.65,-0.106709,-45.7361
776.7,-0.106725,-45.7414
776.75,-0.106725,-45.7467
776.8,-0.106737,-45.7521
776.85,-0.106755,-45.7574
776.9,-0.106752,-45.7627
776.95,-0.106768,-45.7681
777.0,-0.10678,-45.7734
777.05,-0.106786,-45.7788
777.1,-0.106799,-45.7841
777.15,-0.106813,-45.7894
777.2,-0.106815,-45.7948
777.25,-0.106815,-45.8001
777.3,-0.106839,-45.8055
777.35,-0.106853,-45.8108
777.4,-0.106855,-45.8162
777.45,-0.106854,-45.8215
777.5,-0.106858,-45.8268
777.55,-0.106867,-45.8322
777.6,-0.106875,-45.8375
777.65,-0.10687,-45.8429
777.7,-0.106877,-45.8482
777.75,-0.106885,-45.8536
777.8,-0.106896,-45.8589
777.85,-0.106898,-45.8642
777.9,-0.106899,-45.8696
777.95,-0.106917,-45.8749
778.0,-0.106927,-45.8803
778.05,-0.106933,-45.8856
778.1,-0.106938,-45.891
778.15,-0.106944,-45.8963
778.2,-0.10696,-45.9017
778.25,-0.106973,-45.907
778.3,-0.106983,-45.9124
778.35,-0.106983,-45.9177
778.4,-0.106984,-45.9231
778.45,-0.107006,-45.9284
778.5,-0.106997,-45.9338
778.55,-0.107011,-45.9391
778.6,-0.107019,-45.9445
778.65,-0.107027,-45.9498
778.7,-0.107037,-45.9552
778.75,-0.107029,-45.9605
778.8,-0.107041,-45.9659
778.85,-0.10705,-45.9712
778.9,-0.10706,-45.9766
778.95,-0.107066,-45.9819
779.0,-0.107061,-45.9873
779.05,-0.107076,-45.9926
779.1,-0.107085,-45.998
779.15,-0.107088,-46.0034
779.2,-0.107077,-46.0087
779.25,-0.107094,-46.0141
779.3,-0.107106,-46.0194
779.35,-0.107116,-46.0248
779.4,-0.107123,-46.0301
779.45,-0.107143,-46.0355
779.5,-0.107139,-46.0408
779.55,-0.107123,-46.0462
779.6,-0.107117,-46.0516
779.65,-0.107135,-46.0569
779.7,-0.107139,-46.0623
779.75,-0.107154,-46.0676
779.8,-0.107168,-46.073
779.85,-0.107168,-46.0783
779.9,-0.107181,-46.0837
779.95,-0.107182,-46.0891
780.0,-0.107186,-46.0944
780.05,-0.107191,-46.0998
780.1,-0.107195,-46.1051
780.15,-0.107198,-46.1105
780.2,-0.107196,-46.1159
780.25,-0.107206,-46.1212
780.3,-0.10721,-46.1266
780.35,-0.107227,-46.1319
780.4,-0.107252,-46.1373
780.45,-0.107252,-46.1427
780.5,-0.107245,-46.148
780.55,-0.107248,-46.1534
780.6,-0.107247,-46.1588
780.65,-0.107261,-46.1641
780.7,-0.107254,-46.1695
780.75,-0.10728,-46.1748
780.8,-0.107279,-46.1802
780.85,-0.107276,-46.1856
780.9,-0.107268,-46.1909
780.95,-0.107279,-46.1963
781.0,-0.107283,-46.2017
781.05,-0.107284,-46.207
781.1,-0.107298,-46.2124
781.15,-0.107301,-46.2178
781.2,-0.10731,-46.2231
781.25,-0.107311,-46.2285
781.3,-0.107312,-46.2339
781.35,-0.10733,-46.2392
781.4,-0.10733,-46.2446
781.45,-0.107331,-46.25
781.5,-0.107336,-46.2553
781.55,-0.107338,-46.2607
781.6,-0.10735,-46.2661
781.65,-0.107345,-46.2714
781.7,-0.107347,-46.2768
781.75,-0.107355,-46.2822
781.8,-0.107358,-46.2875
781.85,-0.107369,-46.2929
781.9,-0.107374,-46.2983
781.95,-0.107386,-46.3036
782.0,-0.107383,-46.309
782.05,-0.107391,-46.3144
782.1,-0.107398,-46.3197
782.15,-0.107392,-46.3251
782.2,-0.107401,-46.3305
782.25,-0.107422,-46.3358
782.3,-0.107412,-46.3412
782.35,-0.107429,-46.3466
782.4,-0.107428,-46.352
782.45,-0.107428,-46.3573
782.5,-0.107446,-46.3627
782.55,-0.107452,-46.3681
782.6,-0.107448,-46.3735
782.65,-0.107465,-46.3788
782.7,-0.107466,-46.3842
782.75,-0.107468,-46.3896
782.8,-0.107471,-46.3949
782.85,-0.107472,-46.4003
782.9,-0.107477,-46.4057
782.95,-0.107494,-46.4111
783.0,-0.107488,-46.4164
783.05,-0.107497,-46.4218
783.1,-0.107503,-46.4272
783.15,-0.107512,-46.4326
783.2,-0.107511,-46.4379
783.25,-0.107532,-46.4433
783.3,-0.10754,-46.4487
783.35,-0.107546,-46.4541
783.4,-0.107554,-46.4594
783.45,-0.107551,-46.4648
783.5,-0.107548,-46.4702
783.55,-0.107545,-46.4756
783.6,-0.107559,-46.481
783.65,-0.107555,-46.4863
783.7,-0.107558,-46.4917
783.75,-0.107558,-46.4971
783.8,-0.107565,-46.5025
783.85,-0.107573,-46.5079
783.9,-0.107579,-46.5132
783.95,-0.107591,-46.5186
784.0,-0.107589,-46.524
784.05,-0.107578,-46.5294
784.1,-0.107577,-46.5347
784.15,-0.107582,-46.5401
784.2,-0.10757,-46.5455
784.25,-0.107593,-46.5509
784.3,-0.107595,-46.5563
784.35,-0.107597,-46.5616
784.4,-0.107609,-46.567
784.45,-0.107608,-46.5724
784.5,-0.107611,-46.5778
784.55,-0.107621,-46.5832
784.6,-0.107614,-46.5885
784.65,-0.107605,-46.5939
784.7,-0.107619,-46.5993
784.75,-0.107631,-46.6047
784.8,-0.107633,-46.6101
784.85,-0.107624,-46.6155
784.9,-0.107627,-46.6208
784.95,-0.10763,-46.6262
785.0,-0.107642,-46.6316
785.05,-0.10764,-46.637
785.1,-0.107654,-46.6424
785.15,-0.107655,-46.6477
785.2,-0.107669,-46.6531
785.25,-0.10766,-46.6585
785.3,-0.107661,-46.6639
785.35,-0.107665,-46.6693
785.4,-0.107675,-46.6747
785.45,-0.107682,-46.68
785.5,-0.107671,-46.6854
785.55,-0.107672,-46.6908
785.6,-0.10768,-46.6962
785.65,-0.107682,-46.7016
785.7,-0.107696,-46.707
785.75,-0.107696,-46.7123
785.8,-0.107703,-46.7177
785.85,-0.107701,-46.7231
785.9,-0.107711,-46.7285
785.95,-0.1077,-46.7339
786.0,-0.107712,-46.7393
786.05,-0.107719,-46.7447
786.1,-0.107721,-46.75
786.15,-0.107727,-46.7554
786.2,-0.107724,-46.7608
786.25,-0.107736,-46.7662
786.3,-0.107738,-46.7716
786.35,-0.107754,-46.777
786.4,-0.10776,-46.7824
786.45,-0.107767,-46.7878
786.5,-0.10778,-46.7931
786.55,-0.107791,-46.7985
786.6,-0.10779,-46.8039
786.65,-0.107802,-46.8093
786.7,-0.107815,-46.8147
786.75,-0.107823,-46.8201
786.8,-0.107833,-46.8255
786.85,-0.107836,-46.8309
786.9,-0.10785,-46.8363
786.95,-0.107856,-46.8417
787.0,-0.107866,-46.8471
787.05,-0.107878,-46.8525
787.1,-0.107891,-46.8578
787.15,-0.107898,-46.8632
787.2,-0.107895,-46.8686
787.25,-0.107893,-46.874
787.3,-0.107912,-46.8794
787.35,-0.107914,-46.8848
787.4,-0.107915,-46.8902
787.45,-0.10793,-46.8956
787.5,-0.107946,-46.901
787.55,-0.10807,-46.9064
787.6,-0.108111,-46.9118
787.65,-0.108113,-46.9172
787.7,-0.108174,-46.9226
787.75,-0.108212,-46.9281
787.8,-0.108211,-46.9335
787.85,-0.108204,-46.9389
787.9,-0.108216,-46.9443
787.95,-0.108204,-46.9497
788.0,-0.108201,-46.9551
788.05,-0.108205,-46.9605
788.1,-0.108231,-46.9659
788.15,-0.108218,-46.9713
788.2,-0.108226,-46.9767
788.25,-0.108231,-46.9822
788.3,-0.108236,-46.9876
788.35,-0.108234,-46.993
788.4,-0.108251,-46.9984
788.45,-0.108261,-47.0038
788.5,-0.108258,-47.0092
788.55,-0.108274,-47.0146
788.6,-0.108278,-47.02
788.65,-0.108275,-47.0255
788.7,-0.108274,-47.0309
788.75,-0.108271,-47.0363
788.8,-0.108286,-47.0417
788.85,-0.108297,-47.0471
788.9,-0.108304,-47.0525
788.95,-0.108306,-47.0579
789.0,-0.1083,-47.0634
789.05,-0.108322,-47.0688
789.1,-0.108315,-47.0742
789.15,-0.108324,-47.0796
789.2,-0.108331,-47.085
789.25,-0.108344,-47.0904
789.3,-0.108344,-47.0959
789.35,-0.108347,-47.1013
789.4,-0.108348,-47.1067
789.45,-0.108351,-47.1121
789.5,-0.108371,-47.1175
789.55,-0.108376,-47.123
789.6,-0.10838,-47.1284
789.65,-0.108369,-47.1338
789.7,-0.108381,-47.1392
789.75,-0.108388,-47.1446
789.8,-0.108395,-47.15
789.85,-0.108392,-47.1555
789.9,-0.108406,-47.1609
789.95,-0.108411,-47.1663
790.0,-0.108401,-47.1717
790.05,-0.108392,-47.1771
790.1,-0.108397,-47.1826
790.15,-0.108402,-47.188
790.2,-0.108417,-47.1934
790.25,-0.108423,-47.1988
790.3,-0.108426,-47.2043
790.35,-0.10841,-47.2097
790.4,-0.108429,-47.2151
790.45,-0.108434,-47.2205
790.5,-0.10843,-47.2259
790.55,-0.108444,-47.2314
790.6,-0.108448,-47.2368
790.65,-0.108445,-47.2422
790.7,-0.108449,-47.2476
790.75,-0.108448,-47.253
790.8,-0.10845,-47.2585
790.85,-0.108469,-47.2639
790.9,-0.108479,-47.2693
790.95,-0.108481,-47.2747
791.0,-0.108489,-47.2802
791.05,-0.108483,-47.2856
791.1,-0.108476,-47.291
791.15,-0.108497,-47.2964
791.2,-0.108492,-47.3019
791.25,-0.108498,-47.3073
791.3,-0.108503,-47.3127
791.35,-0.108512,-47.3181
791.4,-0.108508,-47.3236
791.45,-0.108504,-47.329
791.5,-0.108522,-47.3344
791.55,-0.108535,-47.3398
791.6,-0.108554,-47.3453
791.65,-0.108545,-47.3507
791.7,-0.108544,-47.3561
791.75,-0.10855,-47.3615
791.8,-0.108548,-47.367
791.85,-0.108554,-47.3724
791.9,-0.108559,-47.3778
791.95,-0.108571,-47.3833
792.0,-0.10857,-47.3887
792.05,-0.108581,-47.3941
792.1,-0.108572,-47.3995
792.15,-0.108568,-47.405
792.2,-0.108573,-47.4104
792.25,-0.108574,-47.4158
792.3,-0.108582,-47.4213
792.35,-0.108589,-47.4267
792.4,-0.108601,-47.4321
792.45,-0.108601,-47.4376
792.5,-0.1086,-47.443
792.55,-0.108589,-47.4484
792.6,-0.108603,-47.4538
792.65,-0.108612,-47.4593
792.7,-0.108608,-47.4647
792.75,-0.10861,-47.4701
792.8,-0.108623,-47.4756
792.85,-0.108618,-47.481
792.9,-0.10863,-47.4864
792.95,-0.108623,-47.4919
793.0,-0.108635,-47.4973
793.05,-0.108653,-47.5027
793.1,-0.108641,-47.5082
793.15,-0.108637,-47.5136
793.2,-0.108634,-47.519
793.25,-0.108637,-47.5245
793.3,-0.108643,-47.5299
793.35,-0.108645,-47.5353
793.4,-0.108651,-47.5407
793.45,-0.108649,-47.5462
793.5,-0.108665,-47.5516
793.55,-0.108655,-47.557
793.6,-0.108638,-47.5625
793.65,-0.108643,-47.5679
793.7,-0.108641,-47.5733
793.75,-0.108652,-47.5788
793.8,-0.108648,-47.5842
793.85,-0.108647,-47.5896
793.9,-0.108655,-47.5951
793.95,-0.108657,-47.6005
794.0,-0.108667,-47.6059
794.05,-0.108668,-47.6114
794.1,-0.108675,-47.6168
794.15,-0.108677,-47.6222
794.2,-0.108665,-47.6277
794.25,-0.108661,-47.6331
794.3,-0.108665,-47.6385
794.35,-0.108677,-47.644
794.4,-0.108687,-47.6494
794.45,-0.10869,-47.6548
794.5,-0.10869,-47.6603
794.55,-0.108697,-47.6657
794.6,-0.108699,-47.6711
794.65,-0.108699,-47.6766
794.7,-0.108699,-47.682
794.75,-0.108701,-47.6875
794.8,-0.108695,-47.6929
794.85,-0.108705,-47.6983
794.9,-0.108696,-47.7038
794.95,-0.108695,-47.7092
795.0,-0.108697,-47.7146
795.05,-0.108699,-47.7201
795.1,-0.108709,-47.7255
795.15,-0.10872,-47.7309
795.2,-0.108734,-47.7364
795.25,-0.10876,-47.7418
795.3,-0.108793,-47.7472
795.35,-0.10878,-47.7527
795.4,-0.10879,-47.7581
795.45,-0.108792,-47.7636
795.5,-0.108806,-47.769
795.55,-0.1088,-47.7744
795.6,-0.108799,-47.7799
795.65,-0.108805,-47.7853
795.7,-0.108811,-47.7908
795.75,-0.10882,-47.7962
795.8,-0.108824,-47.8016
795.85,-0.108824,-47.8071
795.9,-0.10883,-47.8125
795.95,-0.108816,-47.818
796.0,-0.108818,-47.8234
796.05,-0.108816,-47.8289
796.1,-0.10884,-47.8343
796.15,-0.108864,-47.8397
796.2,-0.108877,-47.8452
796.25,-0.108874,-47.8506
796.3,-0.108877,-47.8561
796.35,-0.10888,-47.8615
796.4,-0.10888,-47.867
796.45,-0.108879,-47.8724
796.5,-0.108888,-47.8778
796.55,-0.10888,-47.8833
796.6,-0.108885,-47.8887
796.65,-0.108884,-47.8942
796.7,-0.108873,-47.8996
796.75,-0.108884,-47.9051
796.8,-0.108895,-47.9105
796.85,-0.108901,-47.916
796.9,-0.108897,-47.9214
796.95,-0.1089,-47.9268
797.0,-0.108893,-47.9323
797.05,-0.10888,-47.9377
797.1,-0.108892,-47.9432
797.15,-0.108903,-47.9486
797.2,-0.108909,-47.9541
797.25,-0.108904,-47.9595
797.3,-0.108901,-47.965
797.35,-0.108914,-47.9704
797.4,-0.108916,-47.9759
797.45,-0.108919,-47.9813
797.5,-0.108914,-47.9867
797.55,-0.108919,-47.9922
797.6,-0.108924,-47.9976
797.65,-0.108925,-48.0031
797.7,-0.108921,-48.0085
797.75,-0.108932,-48.014
797.8,-0.108929,-48.0194
797.85,-0.108939,-48.0249
797.9,-0.108944,-48.0303
797.95,-0.108932,-48.0358
798.0,-0.108937,-48.0412
798.05,-0.108938,-48.0467
798.1,-0.10894,-48.0521
798.15,-0.10894,-48.0575
798.2,-0.108954,-48.063
798.25,-0.108956,-48.0684
798.3,-0.108962,-48.0739
798.35,-0.108964,-48.0793
798.4,-0.108964,-48.0848
798.45,-0.10897,-48.0902
798.5,-0.108981,-48.0957
798.55,-0.108986,-48.1011
798.6,-0.108985,-48.1066
798.65,-0.108979,-48.112
798.7,-0.108997,-48.1175
798.75,-0.109006,-48.1229
798.8,-0.109014,-48.1284
798.85,-0.109003,-48.1338
798.9,-0.108999,-48.1393
798.95,-0.109005,-48.1447
799.0,-0.109011,-48.1502
799.05,-0.10901,-48.1556
799.1,-0.109011,-48.1611
799.15,-0.109027,-48.1665
799.2,-0.109025,-48.172
799.25,-0.10902,-48.1774
799.3,-0.109026,-48.1829
799.35,-0.109034,-48.1883
799.4,-0.109054,-48.1938
799.45,-0.109058,-48.1992
799.5,-0.109047,-48.2047
799.55,-0.109045,-48.2102
799.6,-0.109048,-48.2156
799.65,-0.109054,-48.2211
799.7,-0.109054,-48.2265
799.75,-0.109047,-48.232
799.8,-0.109069,-48.2374
799.85,-0.109065,-48.2429
799.9,-0.109083,-48.2483
799.95,-0.109075,-48.2538
800.0,-0.109087,-48.2592
800.05,-0.109078,-48.2647
800.1,-0.109091,-48.2701
800.15,-0.109094,-48.2756
800.2,-0.109093,-48.2811
800.25,-0.109095,-48.2865
800.3,-0.109103,-48.292
800.35,-0.109114,-48.2974
800.4,-0.109105,-48.3029
800.45,-0.109105,-48.3083
800.5,-0.109111,-48.3138
800.55,-0.109115,-48.3192
800.6,-0.109119,-48.3247
800.65,-0.109126,-48.3302
800.7,-0.109124,-48.3356
800.75,-0.109132,-48.3411
800.8,-0.109144,-48.3465
800.85,-0.109148,-48.352
800.9,-0.109146,-48.3574
800.95,-0.109156,-48.3629
801.0,-0.109163,-48.3684
801.05,-0.109169,-48.3738
801.1,-0.109176,-48.3793
801.15,-0.109181,-48.3847
801.2,-0.109179,-48.3902
801.25,-0.10919,-48.3956
801.3,-0.109198,-48.4011
801.35,-0.109205,-48.4066
801.4,-0.109229,-48.412
801.45,-0.109223,-48.4175
801.5,-0.109208,-48.4229
801.55,-0.109221,-48.4284
801.6,-0.109226,-48.4339
801.65,-0.109233,-48.4393
801.7,-0.10924,-48.4448
801.75,-0.109248,-48.4503
801.8,-0.109259,-48.4557
801.85,-0.109272,-48.4612
801.9,-0.109277,-48.4666
801.95,-0.109269,-48.4721
802.0,-0.109276,-48.4776
802.05,-0.109294,-48.483
802.1,-0.109294,-48.4885
802.15,-0.1093,-48.494
802.2,-0.109311,-48.4994
802.25,-0.109306,-48.5049
802.3,-0.109315,-48.5104
802.35,-0.109302,-48.5158
802.4,-0.109311,-48.5213
802.45,-0.10931,-48.5268
802.5,-0.109325,-48.5322
802.55,-0.10933,-48.5377
802.6,-0.109329,-48.5432
802.65,-0.10933,-48.5486
802.7,-0.109332,-48.5541
802.75,-0.109348,-48.5596
802.8,-0.109364,-48.565
802.85,-0.109361,-48.5705
802.9,-0.109377,-48.576
802.95,-0.109377,-48.5814
803.0,-0.109376,-48.5869
803.05,-0.109377,-48.5924
803.1,-0.109384,-48.5978
803.15,-0.109396,-48.6033
803.2,-0.1094,-48.6088
803.25,-0.109399,-48.6143
803.3,-0.109409,-48.6197
803.35,-0.109426,-48.6252
803.4,-0.109435,-48.6307
803.45,-0.109429,-48.6361
803.5,-0.109452,-48.6416
803.55,-0.109455,-48.6471
803.6,-0.109456,-48.6526
803.65,-0.109459,-48.658
803.7,-0.10946,-48.6635
803.75,-0.109465,-48.669
803.8,-0.109483,-48.6744
803.85,-0.109497,-48.6799
803.9,-0.109511,-48.6854
803.95,-0.109504,-48.6909
804.0,-0.109506,-48.6964
804.05,-0.109522,-48.7018
804.1,-0.109534,-48.7073
804.15,-0.109532,-48.7128
804.2,-0.109536,-48.7183
804.25,-0.10955,-48.7237
804.3,-0.109571,-48.7292
804.35,-0.109559,-48.7347
804.4,-0.109564,-48.7402
804.45,-0.109574,-48.7456
804.5,-0.109584,-48.7511
804.55,-0.10959,-48.7566
804.6,-0.109611,-48.7621
804.65,-0.109603,-48.7676
804.7,-0.109607,-48.773
804.75,-0.109621,-48.7785
804.8,-0.109633,-48.784
804.85,-0.109638,-48.7895
804.9,-0.109636,-48.795
804.95,-0.109647,-48.8005
805.0,-0.109655,-48.8059
805.05,-0.109659,-48.8114
805.1,-0.109666,-48.8169
805.15,-0.109683,-48.8224
805.2,-0.109702,-48.8279
805.25,-0.109715,-48.8334
805.3,-0.109719,-48.8388
805.35,-0.109741,-48.8443
805.4,-0.109733,-48.8498
805.45,-0.10974,-48.8553
805.5,-0.109744,-48.8608
805.55,-0.109752,-48.8663
805.6,-0.109757,-48.8718
805.65,-0.109762,-48.8773
805.7,-0.109768,-48.8827
805.75,-0.109768,-48.8882
805.8,-0.10977,-48.8937
805.85,-0.109784,-48.8992
805.9,-0.109807,-48.9047
805.95,-0.10983,-48.9102
806.0,-0.109826,-48.9157
806.05,-0.109841,-48.9212
806.1,-0.109841,-48.9267
806.15,-0.109836,-48.9322
806.2,-0.109847,-48.9377
806.25,-0.109859,-48.9431
806.3,-0.109868,-48.9486
806.35,-0.10987,-48.9541
806.4,-0.109899,-48.9596
806.45,-0.109896,-48.9651
806.5,-0.109906,-48.9706
806.55,-0.109915,-48.9761
806.6,-0.109919,-48.9816
806.65,-0.109936,-48.9871
806.7,-0.109937,-48.9926
806.75,-0.109935,-48.9981
806.8,-0.109957,-49.0036
806.85,-0.109964,-49.0091
806.9,-0.109969,-49.0146
806.95,-0.109968,-49.0201
807.0,-0.109981,-49.0256
807.05,-0.109978,-49.0311
807.1,-0.109977,-49.0366
807.15,-0.109986,-49.0421
807.2,-0.10999,-49.0476
807.25,-0.109996,-49.0531
807.3,-0.110004,-49.0586
807.35,-0.110008,-49.0641
807.4,-0.110005,-49.0696
807.45,-0.110024,-49.0751
807.5,-0.110022,-49.0806
807.55,-0.110033,-49.0861
807.6,-0.110038,-49.0916
807.65,-0.11006,-49.0971
807.7,-0.110066,-49.1026
807.75,-0.110072,-49.1081
807.8,-0.110064,-49.1136
807.85,-0.110062,-49.1191
807.9,-0.110062,-49.1246
807.95,-0.110057,-49.1301
808.0,-0.110066,-49.1356
808.05,-0.110079,-49.1411
808.1,-0.110071,-49.1466
808.15,-0.110086,-49.1521
808.2,-0.110089,-49.1576
808.25,-0.110083,-49.1631
808.3,-0.110084,-49.1686
808.35,-0.110092,-49.1741
808.4,-0.110094,-49.1797
808.45,-0.110107,-49.1852
808.5,-0.110089,-49.1907
808.55,-0.110099,-49.1962
808.6,-0.110099,-49.2017
808.65,-0.110104,-49.2072
808.7,-0.110109,-49.2127
808.75,-0.110102,-49.2182
808.8,-0.110098,-49.2237
808.85,-0.110098,-49.2292
808.9,-0.110096,-49.2347
808.95,-0.110093,-49.2402
809.0,-0.110145,-49.2457
809.05,-0.110278,-49.2512
809.1,-0.110262,-49.2567
809.15,-0.110265,-49.2623
809.2,-0.110264,-49.2678
809.25,-0.110254,-49.2733
809.3,-0.110247,-49.2788
809.35,-0.110251,-49.2843
809.4,-0.110252,-49.2898
809.45,-0.110273,-49.2953
809.5,-0.110267,-49.3008
809.55,-0.110267,-49.3064
809.6,-0.110273,-49.3119
809.65,-0.110273,-49.3174
809.7,-0.110271,-49.3229
809.75,-0.110281,-49.3284
809.8,-0.110284,-49.3339
809.85,-0.11028,-49.3394
809.9,-0.110272,-49.345
809.95,-0.11028,-49.3505
810.0,-0.110268,-49.356
810.05,-0.110274,-49.3615
810.1,-0.110273,-49.367
810.15,-0.110275,-49.3725
810.2,-0.110265,-49.378
810.25,-0.110259,-49.3836
810.3,-0.110264,-49.3891
810.35,-0.110272,-49.3946
810.4,-0.110278,-49.4001
810.45,-0.110297,-49.4056
810.5,-0.110295,-49.4111
810.55,-0.110304,-49.4166
810.6,-0.110296,-49.4221
810.65,-0.110297,-49.4277
810.7,-0.110302,-49.4332
810.75,-0.110312,-49.4387
810.8,-0.11032,-49.4442
810.85,-0.110322,-49.4497
810.9,-0.110323,-49.4552
810.95,-0.110311,-49.4608
811.0,-0.110324,-49.4663
811.05,-0.110303,-49.4718
811.1,-0.110319,-49.4773
811.15,-0.110329,-49.4828
811.2,-0.110321,-49.4883
811.25,-0.110316,-49.4939
811.3,-0.110322,-49.4994
811.35,-0.110318,-49.5049
811.4,-0.110326,-49.5104
811.45,-0.110323,-49.5159
811.5,-0.110322,-49.5214
811.55,-0.110319,-49.527
811.6,-0.11033,-49.5325
811.65,-0.110425,-49.538
811.7,-0.110405,-49.5435
811.75,-0.110401,-49.549
811.8,-0.1104,-49.5546
811.85,-0.110405,-49.5601
811.9,-0.110395,-49.5656
811.95,-0.110401,-49.5711
812.0,-0.1104,-49.5766
812.05,-0.110386,-49.5821
812.1,-0.110385,-49.5877
812.15,-0.110396,-49.5932
812.2,-0.110389,-49.5987
812.25,-0.110395,-49.6042
812.3,-0.110402,-49.6097
812.35,-0.110403,-49.6153
812.4,-0.110391,-49.6208
812.45,-0.110394,-49.6263
812.5,-0.110378,-49.6318
812.55,-0.110372,-49.6373
812.6,-0.110379,-49.6429
812.65,-0.110369,-49.6484
812.7,-0.110388,-49.6539
812.75,-0.110358,-49.6594
812.8,-0.110352,-49.6649
812.85,-0.110351,-49.6705
812.9,-0.110403,-49.676
812.95,-0.110389,-49.6815
813.0,-0.110385,-49.687
813.05,-0.110373,-49.6925
813.1,-0.110354,-49.6981
813.15,-0.110357,-49.7036
813.2,-0.110371,-49.7091
813.25,-0.110362,-49.7146
813.3,-0.110372,-49.7201
813.35,-0.110375,-49.7256
813.4,-0.110374,-49.7312
813.45,-0.110384,-49.7367
813.5,-0.11038,-49.7422
813.55,-0.110397,-49.7477
813.6,-0.110411,-49.7532
813.65,-0.110417,-49.7588
813.7,-0.11039,-49.7643
813.75,-0.110391,-49.7698
813.8,-0.110371,-49.7753
813.85,-0.110381,-49.7808
813.9,-0.110407,-49.7864
813.95,-0.110413,-49.7919
814.0,-0.110392,-49.7974
814.05,-0.110398,-49.8029
814.1,-0.110399,-49.8084
814.15,-0.110402,-49.814
814.2,-0.110414,-49.8195
814.25,-0.110401,-49.825
814.3,-0.110424,-49.8305
814.35,-0.110405,-49.836
814.4,-0.110399,-49.8416
814.45,-0.110418,-49.8471
814.5,-0.110422,-49.8526
814.55,-0.110427,-49.8581
814.6,-0.110432,-49.8636
814.65,-0.110434,-49.8692
814.7,-0.110458,-49.8747
814.75,-0.110475,-49.8802
814.8,-0.110475,-49.8857
814.85,-0.11047,-49.8913
814.9,-0.110469,-49.8968
814.95,-0.110478,-49.9023
815.0,-0.110489,-49.9078
815.05,-0.110497,-49.9134
815.1,-0.110503,-49.9189
815.15,-0.110513,-49.9244
815.2,-0.110523,-49.9299
815.25,-0.110536,-49.9355
815.3,-0.11054,-49.941
815.35,-0.110544,-49.9465
815.4,-0.110551,-49.952
815.45,-0.110551,-49.9576
815.5,-0.110567,-49.9631
815.55,-0.11055,-49.9686
815.6,-0.110559,-49.9742
815.65,-0.110568,-49.9797
815.7,-0.110575,-49.9852
815.75,-0.110576,-49.9907
815.8,-0.110579,-49.9963
815.85,-0.110584,-50.0018
815.9,-0.110581,-50.0073
815.95,-0.110588,-50.0129
816.0,-0.110587,-50.0184
816.05,-0.110591,-50.0239
816.1,-0.110605,-50.0294
816.15,-0.110613,-50.035
816.2,-0.110626,-50.0405
816.25,-0.110609,-50.046
816.3,-0.110601,-50.0516
816.35,-0.1106,-50.0571
816.4,-0.110613,-50.0626
816.45,-0.11061,-50.0682
816.5,-0.110612,-50.0737
816.55,-0.110627,-50.0792
816.6,-0.11062,-50.0848
816.65,-0.110622,-50.0903
816.7,-0.110631,-50.0958
816.75,-0.110633,-50.1013
816.8,-0.11064,-50.1069
816.85,-0.110642,-50.1124
816.9,-0.110638,-50.1179
816.95,-0.110637,-50.1235
817.0,-0.110646,-50.129
817.05,-0.110647,-50.1345
817.1,-0.110648,-50.1401
817.15,-0.110663,-50.1456
817.2,-0.110662,-50.1511
817.25,-0.110659,-50.1567
817.3,-0.110658,-50.1622
817.35,-0.110668,-50.1677
817.4,-0.11067,-50.1733
817.45,-0.11068,-50.1788
817.5,-0.110684,-50.1843
817.55,-0.110681,-50.1899
817.6,-0.110688,-50.1954
817.65,-0.11069,-50.2009
817.7,-0.110692,-50.2065
817.75,-0.110688,-50.212
817.8,-0.110688,-50.2175
817.85,-0.110698,-50.2231
817.9,-0.110709,-50.2286
817.95,-0.110697,-50.2341
818.0,-0.110704,-50.2397
818.05,-0.110714,-50.2452
818.1,-0.110745,-50.2508
818.15,-0.110747,-50.2563
818.2,-0.110747,-50.2618
818.25,-0.110741,-50.2674
818.3,-0.110743,-50.2729
818.35,-0.110755,-50.2784
818.4,-0.110747,-50.284
818.45,-0.110762,-50.2895
818.5,-0.110771,-50.2951
818.55,-0.110779,-50.3006
818.6,-0.110787,-50.3061
818.65,-0.110791,-50.3117
818.7,-0.110789,-50.3172
818.75,-0.110799,-50.3228
818.8,-0.110799,-50.3283
818.85,-0.110802,-50.3338
818.9,-0.110809,-50.3394
818.95,-0.110813,-50.3449
819.0,-0.110812,-50.3505
819.05,-0.110809,-50.356
819.1,-0.11081,-50.3615
819.15,-0.110808,-50.3671
819.2,-0.110825,-50.3726
819.25,-0.110828,-50.3782
819.3,-0.110825,-50.3837
819.35,-0.110829,-50.3892
819.4,-0.110831,-50.3948
819.45,-0.110832,-50.4003
819.5,-0.110835,-50.4059
819.55,-0.110847,-50.4114
819.6,-0.110843,-50.417
819.65,-0.110847,-50.4225
819.7,-0.110864,-50.428
819.75,-0.110856,-50.4336
819.8,-0.110867,-50.4391
819.85,-0.11087,-50.4447
819.9,-0.110868,-50.4502
819.95,-0.110887,-50.4558
820.0,-0.110884,-50.4613
820.05,-0.110884,-50.4668
820.1,-0.110871,-50.4724
820.15,-0.110885,-50.4779
820.2,-0.110882,-50.4835
820.25,-0.110896,-50.489
820.3,-0.110887,-50.4946
820.35,-0.110879,-50.5001
820.4,-0.110893,-50.5057
820.45,-0.110891,-50.5112
820.5,-0.110898,-50.5167
820.55,-0.110895,-50.5223
820.6,-0.110916,-50.5278
820.65,-0.110915,-50.5334
820.7,-0.110912,-50.5389
820.75,-0.110914,-50.5445
820.8,-0.110925,-50.55
820.85,-0.110941,-50.5556
820.9,-0.110939,-50.5611
820.95,-0.110946,-50.5667
821.0,-0.110943,-50.5722
821.05,-0.11094,-50.5778
821.1,-0.110946,-50.5833
821.15,-0.110943,-50.5888
821.2,-0.110957,-50.5944
821.25,-0.11095,-50.5999
821.3,-0.110966,-50.6055
821.35,-0.110955,-50.611
821.4,-0.110954,-50.6166
821.45,-0.110968,-50.6221
821.5,-0.110981,-50.6277
821.55,-0.110971,-50.6332
821.6,-0.110969,-50.6388
821.65,-0.110989,-50.6443
821.7,-0.110992,-50.6499
821.75,-0.110997,-50.6554
821.8,-0.11101,-50.661
821.85,-0.110992,-50.6665
821.9,-0.111017,-50.6721
821.95,-0.111017,-50.6776
822.0,-0.11103,-50.6832
822.05,-0.111032,-50.6887
822.1,-0.111038,-50.6943
822.15,-0.111034,-50.6998
822.2,-0.111038,-50.7054
822.25,-0.111044,-50.7109
822.3,-0.111036,-50.7165
822.35,-0.111051,-50.722
822.4,-0.11105,-50.7276
822.45,-0.111061,-50.7332
822.5,-0.11108,-50.7387
822.55,-0.11109,-50.7443
822.6,-0.111096,-50.7498
822.65,-0.111105,-50.7554
822.7,-0.111121,-50.7609
822.75,-0.111124,-50.7665
822.8,-0.111128,-50.772
822.85,-0.111132,-50.7776
822.9,-0.111134,-50.7832
822.95,-0.111147,-50.7887
823.0,-0.111151,-50.7943
823.05,-0.111156,-50.7998
823.1,-0.111158,-50.8054
823.15,-0.111162,-50.8109
823.2,-0.111168,-50.8165
823.25,-0.111169,-50.8221
823.3,-0.11117,-50.8276
823.35,-0.111167,-50.8332
823.4,-0.111182,-50.8387
823.45,-0.111175,-50.8443
823.5,-0.111189,-50.8499
823.55,-0.111195,-50.8554
823.6,-0.111198,-50.861
823.65,-0.111201,-50.8665
823.7,-0.111199,-50.8721
823.75,-0.111209,-50.8777
823.8,-0.111224,-50.8832
823.85,-0.111225,-50.8888
823.9,-0.111227,-50.8943
823.95,-0.111227,-50.8999
824.0,-0.111239,-50.9055
824.05,-0.111244,-50.911
824.1,-0.111259,-50.9166
824.15,-0.111229,-50.9221
824.2,-0.111226,-50.9277
824.25,-0.111229,-50.9333
824.3,-0.111235,-50.9388
824.35,-0.111247,-50.9444
824.4,-0.111259,-50.95
824.45,-0.111258,-50.9555
824.5,-0.111271,-50.9611
824.55,-0.111276,-50.9666
824.6,-0.111271,-50.9722
824.65,-0.111269,-50.9778
824.7,-0.111277,-50.9833
824.75,-0.111284,-50.9889
824.8,-0.111293,-50.9945
824.85,-0.111302,-51.0
824.9,-0.111314,-51.0056
824.95,-0.111318,-51.0112
825.0,-0.111308,-51.0167
825.05,-0.111313,-51.0223
825.1,-0.111318,-51.0279
825.15,-0.111321,-51.0334
825.2,-0.111334,-51.039
825.25,-0.111334,-51.0446
825.3,-0.111343,-51.0501
825.35,-0.111342,-51.0557
825.4,-0.111349,-51.0613
825.45,-0.111346,-51.0668
825.5,-0.111358,-51.0724
825.55,-0.111373,-51.078
825.6,-0.111394,-51.0835
825.65,-0.11139,-51.0891
825.7,-0.111389,-51.0947
825.75,-0.111389,-51.1002
825.8,-0.111386,-51.1058
825.85,-0.111393,-51.1114
825.9,-0.111394,-51.117
825.95,-0.11139,-51.1225
826.0,-0.111389,-51.1281
826.05,-0.11138,-51.1337
826.1,-0.111387,-51.1392
826.15,-0.111396,-51.1448
826.2,-0.111414,-51.1504
826.25,-0.111415,-51.1559
826.3,-0.111413,-51.1615
826.35,-0.111415,-51.1671
826.4,-0.111411,-51.1727
826.45,-0.111406,-51.1782
826.5,-0.111424,-51.1838
826.55,-0.111438,-51.1894
826.6,-0.111439,-51.1949
826.65,-0.111453,-51.2005
826.7,-0.111461,-51.2061
826.75,-0.111449,-51.2117
826.8,-0.111453,-51.2172
826.85,-0.111466,-51.2228
826.9,-0.111459,-51.2284
826.95,-0.111463,-51.2339
827.0,-0.111465,-51.2395
827.05,-0.111466,-51.2451
827.1,-0.111464,-51.2507
827.15,-0.111468,-51.2562
827.2,-0.111463,-51.2618
827.25,-0.111466,-51.2674
827.3,-0.111461,-51.273
827.35,-0.111465,-51.2785
827.4,-0.111458,-51.2841
827.45,-0.111472,-51.2897
827.5,-0.111473,-51.2953
827.55,-0.111484,-51.3008
827.6,-0.111475,-51.3064
827.65,-0.111476,-51.312
827.7,-0.111482,-51.3176
827.75,-0.111481,-51.3231
827.8,-0.111493,-51.3287
827.85,-0.111491,-51.3343
827.9,-0.111497,-51.3398
827.95,-0.111497,-51.3454
828.0,-0.1115,-51.351
828.05,-0.111515,-51.3566
828.1,-0.111505,-51.3621
828.15,-0.111498,-51.3677
828.2,-0.111514,-51.3733
828.25,-0.111519,-51.3789
828.3,-0.111516,-51.3845
828.35,-0.111526,-51.39
828.4,-0.111524,-51.3956
828.45,-0.111521,-51.4012
828.5,-0.111543,-51.4068
828.55,-0.111544,-51.4123
828.6,-0.111545,-51.4179
828.65,-0.111561,-51.4235
828.7,-0.111553,-51.4291
828.75,-0.111557,-51.4346
828.8,-0.111561,-51.4402
828.85,-0.111555,-51.4458
828.9,-0.111567,-51.4514
828.95,-0.111559,-51.457
829.0,-0.11157,-51.4625
829.05,-0.111575,-51.4681
829.1,-0.11157,-51.4737
829.15,-0.11156,-51.4793
829.2,-0.111552,-51.4848
829.25,-0.111549,-51.4904
829.3,-0.111555,-51.496
829.35,-0.111574,-51.5016
829.4,-0.111567,-51.5072
829.45,-0.111555,-51.5127
829.5,-0.11156,-51.5183
829.55,-0.111572,-51.5239
829.6,-0.111569,-51.5295
829.65,-0.111561,-51.5351
829.7,-0.111565,-51.5406
829.75,-0.111561,-51.5462
829.8,-0.11156,-51.5518
829.85,-0.111571,-51.5574
829.9,-0.111569,-51.5629
829.95,-0.111584,-51.5685
830.0,-0.111581,-51.5741
830.05,-0.111582,-51.5797
830.1,-0.111578,-51.5853
830.15,-0.111579,-51.5908
830.2,-0.111579,-51.5964
830.25,-0.111582,-51.602
830.3,-0.111588,-51.6076
830.35,-0.111584,-51.6132
830.4,-0.111586,-51.6187
830.45,-0.111598,-51.6243
830.5,-0.111591,-51.6299
830.55,-0.111589,-51.6355
830.6,-0.111596,-51.6411
830.65,-0.1116,-51.6466
830.7,-0.111609,-51.6522
830.75,-0.111615,-51.6578
830.8,-0.111613,-51.6634
830.85,-0.111615,-51.669
830.9,-0.111623,-51.6745
830.95,-0.111619,-51.6801
831.0,-0.111626,-51.6857
831.05,-0.111636,-51.6913
831.1,-0.111633,-51.6969
831.15,-0.111629,-51.7024
831.2,-0.111625,-51.708
831.25,-0.111641,-51.7136
831.3,-0.111633,-51.7192
831.35,-0.111654,-51.7248
831.4,-0.111662,-51.7304
831.45,-0.111676,-51.7359
831.5,-0.111668,-51.7415
831.55,-0.111668,-51.7471
831.6,-0.11165,-51.7527
831.65,-0.111667,-51.7583
831.7,-0.11167,-51.7639
831.75,-0.111677,-51.7694
831.8,-0.111686,-51.775
831.85,-0.111688,-51.7806
831.9,-0.111701,-51.7862
831.95,-0.111701,-51.7918
832.0,-0.111722,-51.7974
832.05,-0.11172,-51.8029
832.1,-0.111729,-51.8085
832.15,-0.111734,-51.8141
832.2,-0.111741,-51.8197
832.25,-0.111748,-51.8253
832.3,-0.111757,-51.8309
832.35,-0.111767,-51.8365
832.4,-0.111769,-51.8421
832.45,-0.111775,-51.8476
832.5,-0.111779,-51.8532
832.55,-0.11179,-51.8588
832.6,-0.111799,-51.8644
832.65,-0.111807,-51.87
832.7,-0.111803,-51.8756
832.75,-0.111807,-51.8812
832.8,-0.111823,-51.8868
832.85,-0.111838,-51.8924
832.9,-0.111837,-51.898
832.95,-0.111844,-51.9036
833.0,-0.111856,-51.9091
833.05,-0.111856,-51.9147
833.1,-0.111877,-51.9203
833.15,-0.111884,-51.9259
833.2,-0.111895,-51.9315
833.25,-0.111883,-51.9371
833.3,-0.111899,-51.9427
833.35,-0.111881,-51.9483
833.4,-0.1119,-51.9539
833.45,-0.111907,-51.9595
833.5,-0.111909,-51.9651
833.55,-0.111914,-51.9707
833.6,-0.111925,-51.9763
833.65,-0.111936,-51.9819
833.7,-0.111939,-51.9875
833.75,-0.111947,-51.9931
833.8,-0.111971,-51.9987
833.85,-0.111976,-52.0043
833.9,-0.112006,-52.0099
833.95,-0.112023,-52.0155
834.0,-0.112036,-52.0211
834.05,-0.112045,-52.0267
834.1,-0.112056,-52.0323
834.15,-0.112064,-52.0379
834.2,-0.112074,-52.0435
834.25,-0.112086,-52.0491
834.3,-0.112089,-52.0547
834.35,-0.112091,-52.0603
834.4,-0.112103,-52.0659
834.45,-0.112115,-52.0715
834.5,-0.112129,-52.0771
834.55,-0.112127,-52.0827
834.6,-0.112147,-52.0883
834.65,-0.112148,-52.0939
834.7,-0.112148,-52.0995
834.75,-0.112152,-52.1052
834.8,-0.112156,-52.1108
834.85,-0.112159,-52.1164
834.9,-0.112168,-52.122
834.95,-0.112169,-52.1276
835.0,-0.112177,-52.1332
835.05,-0.112176,-52.1388
835.1,-0.112185,-52.1444
835.15,-0.112181,-52.15
835.2,-0.112176,-52.1556
835.25,-0.112193,-52.1612
835.3,-0.112204,-52.1669
835.35,-0.112202,-52.1725
835.4,-0.112215,-52.1781
835.45,-0.112218,-52.1837
835.5,-0.112219,-52.1893
835.55,-0.112216,-52.1949
835.6,-0.112229,-52.2005
835.65,-0.112233,-52.2061
835.7,-0.112235,-52.2117
835.75,-0.112237,-52.2174
835.8,-0.11225,-52.223
835.85,-0.112242,-52.2286
835.9,-0.112249,-52.2342
835.95,-0.112257,-52.2398
836.0,-0.112255,-52.2454
836.05,-0.112251,-52.251
836.1,-0.112256,-52.2566
836.15,-0.112253,-52.2623
836.2,-0.112253,-52.2679
836.25,-0.112257,-52.2735
836.3,-0.112251,-52.2791
836.35,-0.112259,-52.2847
836.4,-0.112261,-52.2903
836.45,-0.112273,-52.2959
836.5,-0.112279,-52.3015
836.55,-0.112282,-52.3072
836.6,-0.112278,-52.3128
836.65,-0.112283,-52.3184
836.7,-0.112294,-52.324
836.75,-0.112297,-52.3296
836.8,-0.112312,-52.3352
836.85,-0.112294,-52.3408
836.9,-0.112302,-52.3465
836.95,-0.112297,-52.3521
837.0,-0.112311,-52.3577
837.05,-0.112314,-52.3633
837.1,-0.112322,-52.3689
837.15,-0.112312,-52.3745
837.2,-0.112302,-52.3802
837.25,-0.112312,-52.3858
837.3,-0.112313,-52.3914
837.35,-0.112308,-52.397
837.4,-0.112334,-52.4026
837.45,-0.11234,-52.4082
837.5,-0.112331,-52.4139
837.55,-0.112337,-52.4195
837.6,-0.112326,-52.4251
837.65,-0.112333,-52.4307
837.7,-0.11234,-52.4363
837.75,-0.112352,-52.4419
837.8,-0.112345,-52.4476
837.85,-0.11235,-52.4532
837.9,-0.112356,-52.4588
837.95,-0.112373,-52.4644
838.0,-0.112372,-52.47
838.05,-0.112401,-52.4756
838.1,-0.112398,-52.4813
838.15,-0.112392,-52.4869
838.2,-0.112389,-52.4925
838.25,-0.112395,-52.4981
838.3,-0.112414,-52.5037
838.35,-0.112421,-52.5094
838.4,-0.112429,-52.515
838.45,-0.112449,-52.5206
838.5,-0.112463,-52.5262
838.55,-0.112468,-52.5319
838.6,-0.112478,-52.5375
838.65,-0.112481,-52.5431
838.7,-0.112475,-52.5487
838.75,-0.112483,-52.5544
838.8,-0.112495,-52.56
838.85,-0.112498,-52.5656
838.9,-0.112507,-52.5712
838.95,-0.112516,-52.5769
839.0,-0.112542,-52.5825
839.05,-0.112545,-52.5881
839.1,-0.11255,-52.5937
839.15,-0.112551,-52.5994
839.2,-0.112554,-52.605
839.25,-0.112557,-52.6106
839.3,-0.112548,-52.6162
839.35,-0.11255,-52.6219
839.4,-0.112558,-52.6275
839.45,-0.112564,-52.6331
839.5,-0.112572,-52.6388
839.55,-0.112568,-52.6444
839.6,-0.112579,-52.65
839.65,-0.112587,-52.6556
839.7,-0.112584,-52.6613
839.75,-0.112591,-52.6669
839.8,-0.11264,-52.6725
839.85,-0.112641,-52.6782
839.9,-0.112639,-52.6838
839.95,-0.112643,-52.6894
840.0,-0.11264,-52.6951
840.05,-0.112641,-52.7007
840.1,-0.112652,-52.7063
840.15,-0.112655,-52.712
840.2,-0.112664,-52.7176
840.25,-0.112671,-52.7232
840.3,-0.112676,-52.7289
840.35,-0.112677,-52.7345
840.4,-0.112679,-52.7401
840.45,-0.112684,-52.7458
840.5,-0.11268,-52.7514
840.55,-0.112694,-52.757
840.6,-0.112692,-52.7627
840.65,-0.112699,-52.7683
840.7,-0.112682,-52.7739
840.75,-0.1127,-52.7796
840.8,-0.112708,-52.7852
840.85,-0.112712,-52.7908
840.9,-0.112725,-52.7965
840.95,-0.112743,-52.8021
841.0,-0.11275,-52.8078
841.05,-0.112734,-52.8134
841.1,-0.112732,-52.819
841.15,-0.112737,-52.8247
841.2,-0.112732,-52.8303
841.25,-0.112737,-52.8359
841.3,-0.112742,-52.8416
841.35,-0.112758,-52.8472
841.4,-0.11275,-52.8529
841.45,-0.11274,-52.8585
841.5,-0.112749,-52.8641
841.55,-0.112749,-52.8698
841.6,-0.112761,-52.8754
841.65,-0.112752,-52.881
841.7,-0.112754,-52.8867
841.75,-0.112748,-52.8923
841.8,-0.112605,-52.8979
841.85,-0.112564,-52.9036
841.9,-0.112559,-52.9092
841.95,-0.11257,-52.9148
842.0,-0.112579,-52.9205
842.05,-0.112578,-52.9261
842.1,-0.112586,-52.9317
842.15,-0.112594,-52.9373
842.2,-0.112591,-52.943
842.25,-0.112607,-52.9486
842.3,-0.112611,-52.9542
842.35,-0.112614,-52.9599
842.4,-0.112622,-52.9655
842.45,-0.11262,-52.9711
842.5,-0.112631,-52.9768
842.55,-0.112637,-52.9824
842.6,-0.112639,-52.988
842.65,-0.112643,-52.9937
842.7,-0.112658,-52.9993
842.75,-0.112647,-53.0049
842.8,-0.112656,-53.0106
842.85,-0.11266,-53.0162
842.9,-0.112673,-53.0218
842.95,-0.112663,-53.0275
843.0,-0.112672,-53.0331
843.05,-0.112695,-53.0387
843.1,-0.112696,-53.0444
843.15,-0.11269,-53.05
843.2,-0.112685,-53.0556
843.25,-0.112688,-53.0613
843.3,-0.112702,-53.0669
843.35,-0.112704,-53.0725
843.4,-0.112717,-53.0782
843.45,-0.112728,-53.0838
843.5,-0.112724,-53.0894
843.55,-0.112732,-53.0951
843.6,-0.112733,-53.1007
843.65,-0.112748,-53.1063
843.7,-0.112761,-53.112
843.75,-0.112766,-53.1176
843.8,-0.11276,-53.1233
843.85,-0.112775,-53.1289
843.9,-0.112777,-53.1345
843.95,-0.11279,-53.1402
844.0,-0.112805,-53.1458
844.05,-0.112814,-53.1515
844.1,-0.112831,-53.1571
844.15,-0.112819,-53.1627
844.2,-0.112827,-53.1684
844.25,-0.112829,-53.174
844.3,-0.112841,-53.1797
844.35,-0.112848,-53.1853
844.4,-0.112852,-53.191
844.45,-0.112859,-53.1966
844.5,-0.112868,-53.2022
844.55,-0.112871,-53.2079
844.6,-0.112874,-53.2135
844.65,-0.112921,-53.2192
844.7,-0.112937,-53.2248
844.75,-0.112941,-53.2305
844.8,-0.11296,-53.2361
844.85,-0.112956,-53.2418
844.9,-0.112967,-53.2474
844.95,-0.113016,-53.2531
845.0,-0.113221,-53.2587
845.05,-0.113203,-53.2644
845.1,-0.113209,-53.27
845.15,-0.113204,-53.2757
845.2,-0.113193,-53.2814
845.25,-0.113188,-53.287
845.3,-0.113184,-53.2927
845.35,-0.113178,-53.2983
845.4,-0.113188,-53.304
845.45,-0.11319,-53.3097
845.5,-0.113206,-53.3153
845.55,-0.113219,-53.321
845.6,-0.113213,-53.3266
845.65,-0.113223,-53.3323
845.7,-0.113221,-53.338
845.75,-0.113232,-53.3436
845.8,-0.113224,-53.3493
845.85,-0.113228,-53.3549
845.9,-0.113242,-53.3606
845.95,-0.11326,-53.3663
846.0,-0.113253,-53.3719
846.05,-0.113263,-53.3776
846.1,-0.113268,-53.3833
846.15,-0.113269,-53.3889
846.2,-0.113282,-53.3946
846.25,-0.113289,-53.4003
846.3,-0.113292,-53.4059
846.35,-0.113292,-53.4116
846.4,-0.113305,-53.4172
846.45,-0.113318,-53.4229
846.5,-0.113322,-53.4286
846.55,-0.113328,-53.4342
846.6,-0.113341,-53.4399
846.65,-0.113321,-53.4456
846.7,-0.113337,-53.4512
846.75,-0.113354,-53.4569
846.8,-0.113361,-53.4626
846.85,-0.11336,-53.4683
846.9,-0.113365,-53.4739
846.95,-0.11337,-53.4796
847.0,-0.113375,-53.4853
847.05,-0.113386,-53.4909
847.1,-0.11339,-53.4966
847.15,-0.11341,-53.5023
847.2,-0.11342,-53.5079
847.25,-0.113427,-53.5136
847.3,-0.113429,-53.5193
847.35,-0.113445,-53.525
847.4,-0.113463,-53.5306
847.45,-0.113466,-53.5363
847.5,-0.113475,-53.542
847.55,-0.113472,-53.5476
847.6,-0.11348,-53.5533
847.65,-0.113483,-53.559
847.7,-0.113469,-53.5647
847.75,-0.11348,-53.5703
847.8,-0.1135,-53.576
847.85,-0.113512,-53.5817
847.9,-0.11352,-53.5874
847.95,-0.113542,-53.593
848.0,-0.113541,-53.5987
848.05,-0.113534,-53.6044
848.1,-0.113534,-53.6101
848.15,-0.113537,-53.6158
848.2,-0.113549,-53.6214
848.25,-0.113559,-53.6271
848.3,-0.113584,-53.6328
848.35,-0.113577,-53.6385
848.4,-0.113582,-53.6441
848.45,-0.113582,-53.6498
848.5,-0.113584,-53.6555
848.55,-0.113612,-53.6612
848.6,-0.113625,-53.6669
848.65,-0.11361,-53.6725
848.7,-0.113616,-53.6782
848.75,-0.11364,-53.6839
848.8,-0.113632,-53.6896
848.85,-0.113657,-53.6953
848.9,-0.11365,-53.701
848.95,-0.11366,-53.7066
849.0,-0.113687,-53.7123
849.05,-0.113681,-53.718
849.1,-0.113705,-53.7237
849.15,-0.113722,-53.7294
849.2,-0.113717,-53.7351
849.25,-0.113725,-53.7407
849.3,-0.113731,-53.7464
849.35,-0.113722,-53.7521
849.4,-0.113723,-53.7578
849.45,-0.113736,-53.7635
849.5,-0.113743,-53.7692
849.55,-0.113759,-53.7749
849.6,-0.113752,-53.7806
849.65,-0.11376,-53.7862
849.7,-0.11376,-53.7919
849.75,-0.113769,-53.7976
849.8,-0.113783,-53.8033
849.85,-0.113781,-53.809
849.9,-0.11378,-53.8147
849.95,-0.113798,-53.8204
850.0,-0.113802,-53.8261
850.05,-0.113809,-53.8318
850.1,-0.113813,-53.8375
850.15,-0.113816,-53.8431
850.2,-0.113808,-53.8488
850.25,-0.113813,-53.8545
850.3,-0.113814,-53.8602
850.35,-0.113809,-53.8659
850.4,-0.113822,-53.8716
850.45,-0.113841,-53.8773
850.5,-0.113833,-53.883
850.55,-0.113843,-53.8887
850.6,-0.113846,-53.8944
850.65,-0.113851,-53.9001
850.7,-0.113848,-53.9058
850.75,-0.113853,-53.9114
850.8,-0.113867,-53.9171
850.85,-0.113856,-53.9228
850.9,-0.113862,-53.9285
850.95,-0.113865,-53.9342
851.0,-0.113883,-53.9399
851.05,-0.11389,-53.9456
851.1,-0.113895,-53.9513
851.15,-0.113894,-53.957
851.2,-0.113894,-53.9627
851.25,-0.1139,-53.9684
851.3,-0.113917,-53.9741
851.35,-0.113926,-53.9798
851.4,-0.113916,-53.9855
851.45,-0.113929,-53.9912
851.5,-0.113935,-53.9969
851.55,-0.113928,-54.0026
851.6,-0.113938,-54.0083
851.65,-0.113936,-54.014
851.7,-0.113937,-54.0196
851.75,-0.113932,-54.0253
851.8,-0.113945,-54.031
851.85,-0.113949,-54.0367
851.9,-0.113945,-54.0424
851.95,-0.113956,-54.0481
852.0,-0.113958,-54.0538
852.05,-0.113972,-54.0595
852.1,-0.113964,-54.0652
852.15,-0.113961,-54.0709
852.2,-0.113964,-54.0766
852.25,-0.113962,-54.0823
852.3,-0.113965,-54.088
852.35,-0.113969,-54.0937
852.4,-0.113972,-54.0994
852.45,-0.113979,-54.1051
852.5,-0.113982,-54.1108
852.55,-0.113975,-54.1165
852.6,-0.113974,-54.1222
852.65,-0.113975,-54.1279
852.7,-0.113971,-54.1336
852.75,-0.113981,-54.1393
852.8,-0.113979,-54.145
852.85,-0.113993,-54.1507
852.9,-0.113981,-54.1564
852.95,-0.113995,-54.1621
853.0,-0.113989,-54.1678
853.05,-0.114003,-54.1735
853.1,-0.113999,-54.1792
853.15,-0.114016,-54.1849
853.2,-0.114063,-54.1906
853.25,-0.114064,-54.1963
853.3,-0.114075,-54.202
853.35,-0.114072,-54.2077
853.4,-0.114062,-54.2134
853.45,-0.114062,-54.2191
853.5,-0.11407,-54.2248
853.55,-0.114072,-54.2305
853.6,-0.114086,-54.2362
853.65,-0.11409,-54.2419
853.7,-0.114098,-54.2477
853.75,-0.114111,-54.2534
853.8,-0.114111,-54.2591
853.85,-0.114112,-54.2648
853.9,-0.114119,-54.2705
853.95,-0.11413,-54.2762
854.0,-0.114127,-54.2819
854.05,-0.114132,-54.2876
854.1,-0.114136,-54.2933
854.15,-0.11415,-54.299
854.2,-0.114143,-54.3047
854.25,-0.114156,-54.3104
854.3,-0.114166,-54.3161
854.35,-0.114174,-54.3218
854.4,-0.114179,-54.3275
854.45,-0.114173,-54.3333
854.5,-0.114176,-54.339
854.55,-0.114186,-54.3447
854.6,-0.11419,-54.3504
854.65,-0.114196,-54.3561
854.7,-0.11418,-54.3618
854.75,-0.114192,-54.3675
854.8,-0.114192,-54.3732
854.85,-0.114198,-54.3789
854.9,-0.114207,-54.3846
854.95,-0.114207,-54.3904
855.0,-0.114212,-54.3961
855.05,-0.114222,-54.4018
855.1,-0.114224,-54.4075
855.15,-0.114226,-54.4132
855.2,-0.114222,-54.4189
855.25,-0.114234,-54.4246
855.3,-0.114237,-54.4303
855.35,-0.114228,-54.436
855.4,-0.114248,-54.4418
855.45,-0.114246,-54.4475
855.5,-0.114254,-54.4532
855.55,-0.114249,-54.4589
855.6,-0.114253,-54.4646
855.65,-0.114253,-54.4703
855.7,-0.114259,-54.476
855.75,-0.114243,-54.4817
855.8,-0.114253,-54.4875
855.85,-0.114259,-54.4932
855.9,-0.11427,-54.4989
855.95,-0.114265,-54.5046
856.0,-0.114259,-54.5103
856.05,-0.11426,-54.516
856.1,-0.114263,-54.5217
856.15,-0.114264,-54.5274
856.2,-0.114256,-54.5332
856.25,-0.11427,-54.5389
856.3,-0.114284,-54.5446
856.35,-0.114287,-54.5503
856.4,-0.1143,-54.556
856.45,-0.114301,-54.5617
856.5,-0.114305,-54.5674
856.55,-0.114279,-54.5732
856.6,-0.114281,-54.5789
856.65,-0.114286,-54.5846
856.7,-0.114292,-54.5903
856.75,-0.114282,-54.596
856.8,-0.114288,-54.6017
856.85,-0.114281,-54.6074
856.9,-0.114298,-54.6132
856.95,-0.1143,-54.6189
857.0,-0.114315,-54.6246
857.05,-0.11432,-54.6303
857.1,-0.114323,-54.636
857.15,-0.114314,-54.6417
857.2,-0.114319,-54.6475
857.25,-0.114323,-54.6532
857.3,-0.114328,-54.6589
857.35,-0.114338,-54.6646
857.4,-0.114342,-54.6703
857.45,-0.11434,-54.676
857.5,-0.114329,-54.6818
857.55,-0.114327,-54.6875
857.6,-0.114333,-54.6932
857.65,-0.114337,-54.6989
857.7,-0.114342,-54.7046
857.75,-0.11435,-54.7103
857.8,-0.114358,-54.7161
857.85,-0.114364,-54.7218
857.9,-0.114367,-54.7275
857.95,-0.114376,-54.7332
858.0,-0.114371,-54.7389
858.05,-0.114371,-54.7447
858.1,-0.114376,-54.7504
858.15,-0.114379,-54.7561
858.2,-0.114384,-54.7618
858.25,-0.114379,-54.7675
858.3,-0.114383,-54.7732
858.35,-0.114407,-54.779
858.4,-0.114406,-54.7847
858.45,-0.114426,-54.7904
858.5,-0.114427,-54.7961
858.55,-0.114414,-54.8018
858.6,-0.114415,-54.8076
858.65,-0.11443,-54.8133
858.7,-0.114424,-54.819
858.75,-0.114427,-54.8247
858.8,-0.114415,-54.8305
858.85,-0.114429,-54.8362
858.9,-0.114426,-54.8419
858.95,-0.11442,-54.8476
859.0,-0.114419,-54.8533
859.05,-0.114441,-54.8591
859.1,-0.114443,-54.8648
859.15,-0.114438,-54.8705
859.2,-0.114435,-54.8762
859.25,-0.114441,-54.882
859.3,-0.114441,-54.8877
859.35,-0.11445,-54.8934
859.4,-0.114448,-54.8991
859.45,-0.114455,-54.9048
859.5,-0.114454,-54.9106
859.55,-0.114454,-54.9163
859.6,-0.114461,-54.922
859.65,-0.114467,-54.9277
859.7,-0.114461,-54.9335
859.75,-0.114471,-54.9392
859.8,-0.114484,-54.9449
859.85,-0.114482,-54.9506
859.9,-0.114473,-54.9564
859.95,-0.114481,-54.9621
860.0,-0.114472,-54.9678
860.05,-0.114481,-54.9735
860.1,-0.114488,-54.9792
860.15,-0.114474,-54.985
860.2,-0.114482,-54.9907
860.25,-0.114483,-54.9964
860.3,-0.114478,-55.0021
860.35,-0.114465,-55.0079
860.4,-0.114473,-55.0136
860.45,-0.114481,-55.0193
860.5,-0.114487,-55.025
860.55,-0.114487,-55.0308
860.6,-0.114488,-55.0365
860.65,-0.114488,-55.0422
860.7,-0.114503,-55.0479
860.75,-0.114501,-55.0537
860.8,-0.114518,-55.0594
860.85,-0.114527,-55.0651
860.9,-0.114533,-55.0708
860.95,-0.114532,-55.0766
861.0,-0.114532,-55.0823
861.05,-0.114539,-55.088
861.1,-0.114549,-55.0937
861.15,-0.11457,-55.0995
861.2,-0.114598,-55.1052
861.25,-0.114603,-55.1109
861.3,-0.114614,-55.1167
861.35,-0.114599,-55.1224
861.4,-0.114616,-55.1281
861.45,-0.114634,-55.1339
861.5,-0.114636,-55.1396
861.55,-0.114633,-55.1453
861.6,-0.114643,-55.1511
861.65,-0.114646,-55.1568
861.7,-0.114644,-55.1625
861.75,-0.114642,-55.1683
861.8,-0.114634,-55.174
861.85,-0.114644,-55.1797
861.9,-0.114662,-55.1854
861.95,-0.114657,-55.1912
862.0,-0.114682,-55.1969
862.05,-0.114686,-55.2027
862.1,-0.114693,-55.2084
862.15,-0.114685,-55.2141
862.2,-0.114693,-55.2199
862.25,-0.114707,-55.2256
862.3,-0.114719,-55.2313
862.35,-0.114721,-55.2371
862.4,-0.114739,-55.2428
862.45,-0.114734,-55.2485
862.5,-0.114738,-55.2543
862.55,-0.114737,-55.26
862.6,-0.114756,-55.2657
862.65,-0.114766,-55.2715
862.7,-0.114769,-55.2772
862.75,-0.114779,-55.283
862.8,-0.114796,-55.2887
862.85,-0.114795,-55.2944
862.9,-0.114824,-55.3002
862.95,-0.114836,-55.3059
863.0,-0.114848,-55.3117
863.05,-0.114851,-55.3174
863.1,-0.114844,-55.3232
863.15,-0.114867,-55.3289
863.2,-0.114868,-55.3346
863.25,-0.114858,-55.3404
863.3,-0.11488,-55.3461
863.35,-0.11488,-55.3519
863.4,-0.114876,-55.3576
863.45,-0.114878,-55.3634
863.5,-0.114869,-55.3691
863.55,-0.11488,-55.3748
863.6,-0.1149,-55.3806
863.65,-0.114902,-55.3863
863.7,-0.114907,-55.3921
863.75,-0.114913,-55.3978
863.8,-0.114915,-55.4036
863.85,-0.114914,-55.4093
863.9,-0.114924,-55.4151
863.95,-0.114944,-55.4208
864.0,-0.114923,-55.4266
864.05,-0.114948,-55.4323
864.1,-0.114931,-55.438
864.15,-0.114941,-55.4438
864.2,-0.114946,-55.4495
864.25,-0.114949,-55.4553
864.3,-0.114952,-55.461
864.35,-0.114975,-55.4668
864.4,-0.114981,-55.4725
864.45,-0.114983,-55.4783
864.5,-0.114971,-55.484
864.55,-0.114982,-55.4898
864.6,-0.114976,-55.4955
864.65,-0.114988,-55.5013
864.7,-0.114996,-55.507
864.75,-0.114994,-55.5128
864.8,-0.115003,-55.5185
864.85,-0.115001,-55.5243
864.9,-0.115013,-55.53
864.95,-0.115028,-55.5358
865.0,-0.115036,-55.5415
865.05,-0.115053,-55.5473
865.1,-0.115056,-55.553
865.15,-0.115039,-55.5588
865.2,-0.115043,-55.5645
865.25,-0.115043,-55.5703
865.3,-0.115063,-55.576
865.35,-0.115067,-55.5818
865.4,-0.115072,-55.5876
865.45,-0.115078,-55.5933
865.5,-0.115073,-55.5991
865.55,-0.115079,-55.6048
865.6,-0.115081,-55.6106
865.65,-0.115093,-55.6163
865.7,-0.115085,-55.6221
865.75,-0.115086,-55.6278
865.8,-0.115099,-55.6336
865.85,-0.115108,-55.6393
865.9,-0.115114,-55.6451
865.95,-0.115136,-55.6509
866.0,-0.115155,-55.6566
866.05,-0.115194,-55.6624
866.1,-0.115181,-55.6681
866.15,-0.115189,-55.6739
866.2,-0.115199,-55.6797
866.25,-0.115198,-55.6854
866.3,-0.115198,-55.6912
866.35,-0.1152,-55.6969
866.4,-0.115214,-55.7027
866.45,-0.115222,-55.7085
866.5,-0.115233,-55.7142
866.55,-0.115243,-55.72
866.6,-0.115227,-55.7257
866.65,-0.115238,-55.7315
866.7,-0.115243,-55.7373
866.75,-0.115252,-55.743
866.8,-0.115246,-55.7488
866.85,-0.115246,-55.7546
866.9,-0.115253,-55.7603
866.95,-0.115264,-55.7661
867.0,-0.115265,-55.7718
867.05,-0.115278,-55.7776
867.1,-0.115278,-55.7834
867.15,-0.115286,-55.7891
867.2,-0.115288,-55.7949
867.25,-0.115302,-55.8007
867.3,-0.115291,-55.8064
867.35,-0.115295,-55.8122
867.4,-0.115293,-55.818
867.45,-0.115297,-55.8237
867.5,-0.115298,-55.8295
867.55,-0.115288,-55.8353
867.6,-0.115299,-55.841
867.65,-0.11529,-55.8468
867.7,-0.115283,-55.8525
867.75,-0.115283,-55.8583
867.8,-0.115277,-55.8641
867.85,-0.115299,-55.8698
867.9,-0.115303,-55.8756
867.95,-0.115298,-55.8814
868.0,-0.11529,-55.8871
868.05,-0.115298,-55.8929
868.1,-0.115302,-55.8987
868.15,-0.115298,-55.9044
868.2,-0.115314,-55.9102
868.25,-0.115302,-55.916
868.3,-0.115294,-55.9217
868.35,-0.115307,-55.9275
868.4,-0.115304,-55.9333
868.45,-0.115309,-55.939
868.5,-0.115316,-55.9448
868.55,-0.115307,-55.9506
868.6,-0.115325,-55.9563
868.65,-0.115324,-55.9621
868.7,-0.115313,-55.9678
868.75,-0.115314,-55.9736
868.8,-0.115311,-55.9794
868.85,-0.11532,-55.9851
868.9,-0.115332,-55.9909
868.95,-0.115323,-55.9967
869.0,-0.115339,-56.0024
869.05,-0.115335,-56.0082
869.1,-0.115344,-56.014
869.15,-0.115337,-56.0197
869.2,-0.115342,-56.0255
869.25,-0.115357,-56.0313
869.3,-0.115364,-56.037
869.35,-0.115371,-56.0428
869.4,-0.115362,-56.0486
869.45,-0.115369,-56.0544
869.5,-0.115377,-56.0601
869.55,-0.115392,-56.0659
869.6,-0.115393,-56.0717
869.65,-0.115403,-56.0774
869.7,-0.115404,-56.0832
869.75,-0.115419,-56.089
869.8,-0.115415,-56.0947
869.85,-0.115423,-56.1005
869.9,-0.115435,-56.1063
869.95,-0.115445,-56.1121
870.0,-0.115456,-56.1178
870.05,-0.115456,-56.1236
870.1,-0.115456,-56.1294
870.15,-0.115459,-56.1352
870.2,-0.115471,-56.1409
870.25,-0.115475,-56.1467
870.3,-0.115468,-56.1525
870.35,-0.115472,-56.1582
870.4,-0.11548,-56.164
870.45,-0.11549,-56.1698
870.5,-0.11549,-56.1756
870.55,-0.115496,-56.1813
870.6,-0.115498,-56.1871
870.65,-0.115497,-56.1929
870.7,-0.115502,-56.1987
870.75,-0.115512,-56.2044
870.8,-0.115502,-56.2102
870.85,-0.115508,-56.216
870.9,-0.115513,-56.2218
870.95,-0.115508,-56.2275
871.0,-0.115529,-56.2333
871.05,-0.115523,-56.2391
871.1,-0.115515,-56.2449
871.15,-0.115524,-56.2507
871.2,-0.11553,-56.2564
871.25,-0.115525,-56.2622
871.3,-0.115523,-56.268
871.35,-0.115521,-56.2738
871.4,-0.115537,-56.2795
871.45,-0.115541,-56.2853
871.5,-0.115541,-56.2911
871.55,-0.11554,-56.2969
871.6,-0.115537,-56.3026
871.65,-0.115541,-56.3084
871.7,-0.115546,-56.3142
871.75,-0.115546,-56.32
871.8,-0.115547,-56.3257
871.85,-0.115539,-56.3315
871.9,-0.11554,-56.3373
871.95,-0.115536,-56.3431
872.0,-0.11555,-56.3489
872.05,-0.115538,-56.3546
872.1,-0.115551,-56.3604
872.15,-0.115544,-56.3662
872.2,-0.115535,-56.372
872.25,-0.115531,-56.3777
872.3,-0.115542,-56.3835
872.35,-0.115548,-56.3893
872.4,-0.115539,-56.3951
872.45,-0.115549,-56.4009
872.5,-0.115542,-56.4066
872.55,-0.115543,-56.4124
872.6,-0.115535,-56.4182
872.65,-0.11553,-56.424
872.7,-0.115548,-56.4297
872.75,-0.115554,-56.4355
872.8,-0.115563,-56.4413
872.85,-0.115562,-56.4471
872.9,-0.11561,-56.4529
872.95,-0.115613,-56.4586
873.0,-0.115619,-56.4644
873.05,-0.115624,-56.4702
873.1,-0.115621,-56.476
873.15,-0.115608,-56.4818
873.2,-0.115602,-56.4875
873.25,-0.115604,-56.4933
873.3,-0.115599,-56.4991
873.35,-0.115591,-56.5049
873.4,-0.115611,-56.5107
873.45,-0.115607,-56.5164
873.5,-0.115602,-56.5222
873.55,-0.115602,-56.528
873.6,-0.11561,-56.5338
873.65,-0.115623,-56.5396
873.7,-0.115625,-56.5453
873.75,-0.115632,-56.5511
873.8,-0.115633,-56.5569
873.85,-0.115631,-56.5627
873.9,-0.11562,-56.5685
873.95,-0.115624,-56.5742
874.0,-0.115628,-56.58
874.05,-0.115633,-56.5858
874.1,-0.11562,-56.5916
874.15,-0.115626,-56.5974
874.2,-0.115623,-56.6032
874.25,-0.115621,-56.6089
874.3,-0.115623,-56.6147
874.35,-0.115624,-56.6205
874.4,-0.115629,-56.6263
874.45,-0.115641,-56.6321
874.5,-0.11566,-56.6378
874.55,-0.115648,-56.6436
874.6,-0.115634,-56.6494
874.65,-0.115647,-56.6552
874.7,-0.115654,-56.661
874.75,-0.115658,-56.6668
874.8,-0.115664,-56.6725
874.85,-0.115673,-56.6783
874.9,-0.115668,-56.6841
874.95,-0.115677,-56.6899
875.0,-0.115677,-56.6957
875.05,-0.11569,-56.7015
875.1,-0.115681,-56.7072
875.15,-0.115685,-56.713
875.2,-0.115693,-56.7188
875.25,-0.115705,-56.7246
875.3,-0.115707,-56.7304
875.35,-0.115702,-56.7362
875.4,-0.115709,-56.742
875.45,-0.115699,-56.7477
875.5,-0.115724,-56.7535
875.55,-0.115719,-56.7593
875.6,-0.115725,-56.7651
875.65,-0.115744,-56.7709
875.7,-0.115738,-56.7767
875.75,-0.115739,-56.7825
875.8,-0.115756,-56.7882
875.85,-0.115759,-56.794
875.9,-0.115751,-56.7998
875.95,-0.115762,-56.8056
876.0,-0.115767,-56.8114
876.05,-0.115765,-56.8172
876.1,-0.115764,-56.823
876.15,-0.115781,-56.8288
876.2,-0.11579,-56.8345
876.25,-0.115785,-56.8403
876.3,-0.11578,-56.8461
876.35,-0.115775,-56.8519
876.4,-0.115785,-56.8577
876.45,-0.115798,-56.8635
876.5,-0.115792,-56.8693
876.55,-0.115807,-56.8751
876.6,-0.115799,-56.8809
876.65,-0.115806,-56.8867
876.7,-0.115803,-56.8924
876.75,-0.115807,-56.8982
876.8,-0.11581,-56.904
876.85,-0.115813,-56.9098
876.9,-0.115813,-56.9156
876.95,-0.115814,-56.9214
877.0,-0.115812,-56.9272
877.05,-0.115811,-56.933
877.1,-0.115812,-56.9388
877.15,-0.115799,-56.9446
877.2,-0.115814,-56.9504
877.25,-0.115818,-56.9561
877.3,-0.115833,-56.9619
877.35,-0.115815,-56.9677
877.4,-0.115828,-56.9735
877.45,-0.115826,-56.9793
877.5,-0.115842,-56.9851
877.55,-0.115841,-56.9909
877.6,-0.115848,-56.9967
877.65,-0.115859,-57.0025
877.7,-0.115866,-57.0083
877.75,-0.11585,-57.0141
877.8,-0.115852,-57.0199
877.85,-0.115849,-57.0257
877.9,-0.115857,-57.0314
877.95,-0.11587,-57.0372
878.0,-0.115877,-57.043
878.05,-0.115886,-57.0488
878.1,-0.115891,-57.0546
878.15,-0.115886,-57.0604
878.2,-0.115886,-57.0662
878.25,-0.115891,-57.072
878.3,-0.115888,-57.0778
878.35,-0.115894,-57.0836
878.4,-0.115891,-57.0894
878.45,-0.11589,-57.0952
878.5,-0.115905,-57.101
878.55,-0.115905,-57.1068
878.6,-0.115915,-57.1126
878.65,-0.115928,-57.1184
878.7,-0.115922,-57.1242
878.75,-0.115912,-57.13
878.8,-0.115932,-57.1357
878.85,-0.115936,-57.1415
878.9,-0.115933,-57.1473
878.95,-0.115935,-57.1531
879.0,-0.115946,-57.1589
879.05,-0.115946,-57.1647
879.1,-0.115942,-57.1705
879.15,-0.115954,-57.1763
879.2,-0.115942,-57.1821
879.25,-0.115954,-57.1879
879.3,-0.115961,-57.1937
879.35,-0.115956,-57.1995
879.4,-0.115956,-57.2053
879.45,-0.115953,-57.2111
879.5,-0.11597,-57.2169
879.55,-0.115968,-57.2227
879.6,-0.115964,-57.2285
879.65,-0.115963,-57.2343
879.7,-0.115982,-57.2401
879.75,-0.115978,-57.2459
879.8,-0.115977,-57.2517
879.85,-0.115972,-57.2575
879.9,-0.115977,-57.2633
879.95,-0.115976,-57.2691
880.0,-0.11599,-57.2749
880.05,-0.115985,-57.2807
880.1,-0.115981,-57.2865
880.15,-0.115993,-57.2923
880.2,-0.115986,-57.2981
880.25,-0.115993,-57.3039
880.3,-0.115994,-57.3097
880.35,-0.115999,-57.3155
880.4,-0.116,-57.3213
880.45,-0.116,-57.3271
880.5,-0.116011,-57.3329
880.55,-0.11601,-57.3387
880.6,-0.116023,-57.3445
880.65,-0.116022,-57.3503
880.7,-0.116021,-57.3561
880.75,-0.116029,-57.3619
880.8,-0.116025,-57.3677
880.85,-0.116028,-57.3735
880.9,-0.116022,-57.3793
880.95,-0.116037,-57.3851
881.0,-0.116044,-57.3909
881.05,-0.116053,-57.3967
881.1,-0.116044,-57.4025
881.15,-0.116056,-57.4083
881.2,-0.116058,-57.4141
881.25,-0.116054,-57.4199
881.3,-0.11604,-57.4257
881.35,-0.116048,-57.4315
881.4,-0.116063,-57.4373
881.45,-0.116056,-57.4431
881.5,-0.116062,-57.4489
881.55,-0.116082,-57.4547
881.6,-0.116081,-57.4605
881.65,-0.116076,-57.4664
881.7,-0.116088,-57.4722
881.75,-0.116086,-57.478
881.8,-0.116095,-57.4838
881.85,-0.116084,-57.4896
881.9,-0.116104,-57.4954
881.95,-0.116102,-57.5012
882.0,-0.116107,-57.507
882.05,-0.116104,-57.5128
882.1,-0.116129,-57.5186
882.15,-0.116129,-57.5244
882.2,-0.116119,-57.5302
882.25,-0.116134,-57.536
882.3,-0.116123,-57.5418
882.35,-0.116149,-57.5476
882.4,-0.116156,-57.5534
882.45,-0.116153,-57.5592
882.5,-0.116154,-57.5651
882.55,-0.116155,-57.5709
882.6,-0.116155,-57.5767
882.65,-0.116137,-57.5825
882.7,-0.116176,-57.5883
882.75,-0.116174,-57.5941
882.8,-0.116172,-57.5999
882.85,-0.116172,-57.6057
882.9,-0.116175,-57.6115
882.95,-0.116171,-57.6173
883.0,-0.116186,-57.6231
883.05,-0.116188,-57.6289
883.1,-0.116201,-57.6348
883.15,-0.116197,-57.6406
883.2,-0.116224,-57.6464
883.25,-0.116216,-57.6522
883.3,-0.116226,-57.658
883.35,-0.116226,-57.6638
883.4,-0.116234,-57.6696
883.45,-0.116228,-57.6754
883.5,-0.116257,-57.6812
883.55,-0.116328,-57.6871
883.6,-0.116339,-57.6929
883.65,-0.11634,-57.6987
883.7,-0.116329,-57.7045
883.75,-0.116331,-57.7103
883.8,-0.116354,-57.7161
883.85,-0.116345,-57.722
883.9,-0.116348,-57.7278
883.95,-0.116347,-57.7336
884.0,-0.116367,-57.7394
884.05,-0.116354,-57.7452
884.1,-0.116352,-57.751
884.15,-0.116366,-57.7569
884.2,-0.116366,-57.7627
884.25,-0.116362,-57.7685
884.3,-0.116382,-57.7743
884.35,-0.116382,-57.7801
884.4,-0.116375,-57.786
884.45,-0.116381,-57.7918
884.5,-0.116401,-57.7976
884.55,-0.116393,-57.8034
884.6,-0.116395,-57.8092
884.65,-0.116409,-57.8151
884.7,-0.11641,-57.8209
884.75,-0.116403,-57.8267
884.8,-0.116408,-57.8325
884.85,-0.116409,-57.8383
884.9,-0.116422,-57.8442
884.95,-0.116411,-57.85
885.0,-0.116405,-57.8558
885.05,-0.116412,-57.8616
885.1,-0.116416,-57.8674
885.15,-0.116413,-57.8733
885.2,-0.116424,-57.8791
885.25,-0.116429,-57.8849
885.3,-0.116438,-57.8907
885.35,-0.116421,-57.8966
885.4,-0.116436,-57.9024
885.45,-0.116413,-57.9082
885.5,-0.116427,-57.914
885.55,-0.116421,-57.9198
885.6,-0.116422,-57.9257
885.65,-0.116455,-57.9315
885.7,-0.116435,-57.9373
885.75,-0.116447,-57.9431
885.8,-0.116427,-57.9489
885.85,-0.116433,-57.9548
885.9,-0.11644,-57.9606
885.95,-0.116439,-57.9664
886.0,-0.116441,-57.9722
886.05,-0.116453,-57.9781
886.1,-0.116454,-57.9839
886.15,-0.116467,-57.9897
886.2,-0.116464,-57.9955
886.25,-0.116466,-58.0014
886.3,-0.116464,-58.0072
886.35,-0.116484,-58.013
886.4,-0.116471,-58.0188
886.45,-0.116472,-58.0246
886.5,-0.116468,-58.0305
886.55,-0.116479,-58.0363
886.6,-0.116486,-58.0421
886.65,-0.116501,-58.0479
886.7,-0.116507,-58.0538
886.75,-0.116523,-58.0596
886.8,-0.116546,-58.0654
886.85,-0.116545,-58.0712
886.9,-0.116558,-58.0771
886.95,-0.116567,-58.0829
887.0,-0.116568,-58.0887
887.05,-0.116577,-58.0946
887.1,-0.116582,-58.1004
887.15,-0.116592,-58.1062
887.2,-0.116585,-58.112
887.25,-0.116596,-58.1179
887.3,-0.1166,-58.1237
887.35,-0.116614,-58.1295
887.4,-0.116606,-58.1354
887.45,-0.116593,-58.1412
887.5,-0.116609,-58.147
887.55,-0.116608,-58.1529
887.6,-0.116609,-58.1587
887.65,-0.116604,-58.1645
887.7,-0.116606,-58.1703
887.75,-0.116619,-58.1762
887.8,-0.116629,-58.182
887.85,-0.116626,-58.1878
887.9,-0.116613,-58.1937
887.95,-0.116625,-58.1995
888.0,-0.116616,-58.2053
888.05,-0.116612,-58.2112
888.1,-0.116628,-58.217
888.15,-0.116638,-58.2228
888.2,-0.116633,-58.2287
888.25,-0.116632,-58.2345
888.3,-0.116627,-58.2403
888.35,-0.116621,-58.2462
888.4,-0.116622,-58.252
888.45,-0.116625,-58.2578
888.5,-0.116628,-58.2636
888.55,-0.116632,-58.2695
888.6,-0.116632,-58.2753
888.65,-0.116622,-58.2811
888.7,-0.116633,-58.287
888.75,-0.116652,-58.2928
888.8,-0.116642,-58.2986
888.85,-0.11665,-58.3045
888.9,-0.116641,-58.3103
888.95,-0.116638,-58.3161
889.0,-0.116651,-58.322
889.05,-0.116658,-58.3278
889.1,-0.116654,-58.3336
889.15,-0.116654,-58.3395
889.2,-0.116663,-58.3453
889.25,-0.116665,-58.3511
889.3,-0.116661,-58.357
889.35,-0.116662,-58.3628
889.4,-0.116657,-58.3686
889.45,-0.116659,-58.3745
889.5,-0.116669,-58.3803
889.55,-0.116664,-58.3861
889.6,-0.116658,-58.392
889.65,-0.116656,-58.3978
889.7,-0.116666,-58.4036
889.75,-0.116702,-58.4095
889.8,-0.116718,-58.4153
889.85,-0.116715,-58.4211
889.9,-0.116718,-58.427
889.95,-0.116721,-58.4328
890.0,-0.116719,-58.4386
890.05,-0.116715,-58.4445
890.1,-0.116716,-58.4503
890.15,-0.116721,-58.4562
890.2,-0.116736,-58.462
890.25,-0.116736,-58.4678
890.3,-0.116731,-58.4737
890.35,-0.116728,-58.4795
890.4,-0.116725,-58.4853
890.45,-0.116727,-58.4912
890.5,-0.116715,-58.497
890.55,-0.116724,-58.5028
890.6,-0.116741,-58.5087
890.65,-0.116755,-58.5145
890.7,-0.116747,-58.5204
890.75,-0.116743,-58.5262
890.8,-0.116736,-58.532
890.85,-0.116746,-58.5379
890.9,-0.116741,-58.5437
890.95,-0.116738,-58.5495
891.0,-0.116751,-58.5554
891.05,-0.116742,-58.5612
891.1,-0.116745,-58.5671
891.15,-0.116753,-58.5729
891.2,-0.116758,-58.5787
891.25,-0.11677,-58.5846
891.3,-0.116779,-58.5904
891.35,-0.116763,-58.5962
891.4,-0.116754,-58.6021
891.45,-0.116761,-58.6079
891.5,-0.116755,-58.6138
891.55,-0.116756,-58.6196
891.6,-0.116769,-58.6254
891.65,-0.11676,-58.6313
891.7,-0.116754,-58.6371
891.75,-0.116748,-58.6429
891.8,-0.116766,-58.6488
891.85,-0.116786,-58.6546
891.9,-0.116791,-58.6605
891.95,-0.116803,-58.6663
892.0,-0.116793,-58.6721
892.05,-0.116796,-58.678
892.1,-0.1168,-58.6838
892.15,-0.116807,-58.6897
892.2,-0.1168,-58.6955
892.25,-0.116821,-58.7013
892.3,-0.116828,-58.7072
892.35,-0.116824,-58.713
892.4,-0.116833,-58.7189
892.45,-0.116833,-58.7247
892.5,-0.116827,-58.7306
892.55,-0.116845,-58.7364
892.6,-0.116845,-58.7422
892.65,-0.116859,-58.7481
892.7,-0.116853,-58.7539
892.75,-0.116858,-58.7598
892.8,-0.116859,-58.7656
892.85,-0.116869,-58.7715
892.9,-0.116865,-58.7773
892.95,-0.116877,-58.7831
893.0,-0.116871,-58.789
893.05,-0.116874,-58.7948
893.1,-0.116871,-58.8007
893.15,-0.116895,-58.8065
893.2,-0.116899,-58.8124
893.25,-0.116893,-58.8182
893.3,-0.1169,-58.8241
893.35,-0.116902,-58.8299
893.4,-0.116898,-58.8357
893.45,-0.116892,-58.8416
893.5,-0.11689,-58.8474
893.55,-0.116912,-58.8533
893.6,-0.116913,-58.8591
893.65,-0.11691,-58.865
893.7,-0.116921,-58.8708
893.75,-0.116927,-58.8767
893.8,-0.11692,-58.8825
893.85,-0.116921,-58.8884
893.9,-0.116927,-58.8942
893.95,-0.116925,-58.9
894.0,-0.116935,-58.9059
894.05,-0.116931,-58.9117
894.1,-0.116935,-58.9176
894.15,-0.116944,-58.9234
894.2,-0.116942,-58.9293
894.25,-0.11694,-58.9351
894.3,-0.116941,-58.941
894.35,-0.116948,-58.9468
894.4,-0.116949,-58.9527
894.45,-0.116943,-58.9585
894.5,-0.116949,-58.9644
894.55,-0.116946,-58.9702
894.6,-0.116942,-58.9761
894.65,-0.116938,-58.9819
894.7,-0.116942,-58.9878
894.75,-0.116945,-58.9936
894.8,-0.116948,-58.9994
894.85,-0.116946,-59.0053
894.9,-0.116942,-59.0111
894.95,-0.116933,-59.017
895.0,-0.116937,-59.0228
895.05,-0.116948,-59.0287
895.1,-0.11695,-59.0345
895.15,-0.116991,-59.0404
895.2,-0.116993,-59.0462
895.25,-0.116993,-59.0521
895.3,-0.116996,-59.0579
895.35,-0.117003,-59.0638
895.4,-0.117003,-59.0696
895.45,-0.116998,-59.0755
895.5,-0.117002,-59.0813
895.55,-0.117009,-59.0872
895.6,-0.117002,-59.093
895.65,-0.117009,-59.0989
895.7,-0.117019,-59.1047
895.75,-0.117024,-59.1106
895.8,-0.11702,-59.1164
895.85,-0.117013,-59.1223
895.9,-0.117012,-59.1281
895.95,-0.117019,-59.134
896.0,-0.117017,-59.1398
896.05,-0.117018,-59.1457
896.1,-0.117053,-59.1515
896.15,-0.117103,-59.1574
896.2,-0.11711,-59.1632
896.25,-0.117107,-59.1691
896.3,-0.117102,-59.175
896.35,-0.117106,-59.1808
896.4,-0.117116,-59.1867
896.45,-0.117108,-59.1925
896.5,-0.117122,-59.1984
896.55,-0.117132,-59.2042
896.6,-0.117147,-59.2101
896.65,-0.117146,-59.216
896.7,-0.11716,-59.2218
896.75,-0.117158,-59.2277
896.8,-0.117161,-59.2335
896.85,-0.117174,-59.2394
896.9,-0.117185,-59.2452
896.95,-0.117186,-59.2511
897.0,-0.117178,-59.257
897.05,-0.117163,-59.2628
897.1,-0.117183,-59.2687
897.15,-0.117183,-59.2745
897.2,-0.117171,-59.2804
897.25,-0.11718,-59.2863
897.3,-0.117187,-59.2921
897.35,-0.117188,-59.298
897.4,-0.117199,-59.3038
897.45,-0.117207,-59.3097
897.5,-0.117209,-59.3156
897.55,-0.117209,-59.3214
897.6,-0.117199,-59.3273
897.65,-0.117213,-59.3331
897.7,-0.117207,-59.339
897.75,-0.117224,-59.3449
897.8,-0.11723,-59.3507
897.85,-0.117244,-59.3566
897.9,-0.117249,-59.3624
897.95,-0.117274,-59.3683
898.0,-0.117278,-59.3742
898.05,-0.117286,-59.38
898.1,-0.117288,-59.3859
898.15,-0.117278,-59.3918
898.2,-0.117286,-59.3976
898.25,-0.117298,-59.4035
898.3,-0.11729,-59.4094
898.35,-0.1173,-59.4152
898.4,-0.117316,-59.4211
898.45,-0.117312,-59.427
898.5,-0.11731,-59.4328
898.55,-0.117331,-59.4387
898.6,-0.117337,-59.4446
898.65,-0.117345,-59.4504
898.7,-0.117352,-59.4563
898.75,-0.117356,-59.4622
898.8,-0.117348,-59.468
898.85,-0.117341,-59.4739
898.9,-0.117363,-59.4798
898.95,-0.117365,-59.4856
899.0,-0.117366,-59.4915
899.05,-0.117369,-59.4974
899.1,-0.11738,-59.5032
899.15,-0.11739,-59.5091
899.2,-0.117392,-59.515
899.25,-0.117397,-59.5208
899.3,-0.117414,-59.5267
899.35,-0.117419,-59.5326
899.4,-0.117428,-59.5385
899.45,-0.117429,-59.5443
899.5,-0.117421,-59.5502
899.55,-0.117425,-59.5561
899.6,-0.117438,-59.5619
899.65,-0.117441,-59.5678
899.7,-0.117441,-59.5737
899.75,-0.117452,-59.5796
899.8,-0.117447,-59.5854
899.85,-0.117452,-59.5913
899.9,-0.117468,-59.5972
899.95,-0.117468,-59.6031
900.0,-0.117474,-59.6089
900.05,-0.117497,-59.6148
900.1,-0.117496,-59.6207
900.15,-0.117489,-59.6265
900.2,-0.117499,-59.6324
900.25,-0.117501,-59.6383
900.3,-0.117517,-59.6442
900.35,-0.117538,-59.6501
900.4,-0.117524,-59.6559
900.45,-0.117529,-59.6618
900.5,-0.117538,-59.6677
900.55,-0.11755,-59.6736
900.6,-0.117548,-59.6794
900.65,-0.117553,-59.6853
900.7,-0.117575,-59.6912
900.75,-0.117573,-59.6971
900.8,-0.117564,-59.7029
900.85,-0.117571,-59.7088
900.9,-0.11757,-59.7147
900.95,-0.117577,-59.7206
901.0,-0.11759,-59.7265
901.05,-0.117596,-59.7323
901.1,-0.117598,-59.7382
901.15,-0.117598,-59.7441
901.2,-0.117615,-59.75
901.25,-0.117609,-59.7559
901.3,-0.117618,-59.7617
901.35,-0.117633,-59.7676
901.4,-0.117643,-59.7735
901.45,-0.117632,-59.7794
901.5,-0.117656,-59.7853
901.55,-0.11769,-59.7912
901.6,-0.117692,-59.797
901.65,-0.117698,-59.8029
901.7,-0.117705,-59.8088
901.75,-0.117713,-59.8147
901.8,-0.117721,-59.8206
901.85,-0.117713,-59.8265
901.9,-0.117715,-59.8324
901.95,-0.117724,-59.8382
902.0,-0.117739,-59.8441
902.05,-0.117739,-59.85
902.1,-0.117745,-59.8559
902.15,-0.117759,-59.8618
902.2,-0.117775,-59.8677
902.25,-0.11777,-59.8736
902.3,-0.11776,-59.8795
902.35,-0.117761,-59.8853
902.4,-0.117771,-59.8912
902.45,-0.117789,-59.8971
902.5,-0.117794,-59.903
902.55,-0.117808,-59.9089
902.6,-0.11781,-59.9148
902.65,-0.117821,-59.9207
902.7,-0.11781,-59.9266
902.75,-0.11781,-59.9325
902.8,-0.117814,-59.9384
902.85,-0.117816,-59.9442
902.9,-0.117827,-59.9501
902.95,-0.117824,-59.956
903.0,-0.117831,-59.9619
903.05,-0.117835,-59.9678
903.1,-0.117839,-59.9737
903.15,-0.117844,-59.9796
903.2,-0.11785,-59.9855
903.25,-0.117846,-59.9914
903.3,-0.117846,-59.9973
903.35,-0.117838,-60.0032
903.4,-0.117846,-60.0091
903.45,-0.117845,-60.0149
