CCStrip-at Ep-180C,VSTEP1,-1.395,TSTEP1,600.0,QLIMIT,180000.0
T,Im,Q
0.0,3.2782,0.16391
0.05,0.445765,0.186198
0.1,0.481162,0.210256
0.15,0.500442,0.235279
0.2,0.508555,0.260706
0.25,0.512172,0.286315
0.3,0.51318,0.311974
0.35,0.512982,0.337623
0.4,0.512283,0.363237
0.45,0.511386,0.388806
0.5,0.510282,0.414321
0.55,0.509134,0.439777
0.6,0.507964,0.465175
0.65,0.506797,0.490515
0.7,0.505635,0.515797
0.75,0.504514,0.541023
0.8,0.503423,0.566194
0.85,0.502353,0.591312
0.9,0.501292,0.616376
0.95,0.500278,0.64139
1.0,0.499277,0.666354
1.05,0.498307,0.691269
1.1,0.497368,0.716138
1.15,0.496425,0.740959
1.2,0.495567,0.765737
1.25,0.49469,0.790472
1.3,0.493864,0.815165
1.35,0.493054,0.839818
1.4,0.49229,0.864432
1.45,0.491476,0.889006
1.5,0.490739,0.913543
1.55,0.490015,0.938044
1.6,0.489307,0.962509
1.65,0.488608,0.986939
1.7,0.487921,1.01134
1.75,0.487254,1.0357
1.8,0.486624,1.06003
1.85,0.486019,1.08433
1.9,0.485402,1.1086
1.95,0.484788,1.13284
2.0,0.484217,1.15705
2.05,0.483616,1.18123
2.1,0.483048,1.20538
2.15,0.482505,1.22951
2.2,0.481938,1.25361
2.25,0.481403,1.27768
2.3,0.480868,1.30172
2.35,0.480353,1.32574
2.4,0.479857,1.34973
2.45,0.479323,1.3737
2.5,0.47885,1.39764
2.55,0.478355,1.42156
2.6,0.477885,1.44545
2.65,0.477419,1.46932
2.7,0.476963,1.49317
2.75,0.476524,1.517
2.8,0.476061,1.5408
2.85,0.475642,1.56458
2.9,0.475202,1.58834
2.95,0.474755,1.61208
3.0,0.474347,1.6358
3.05,0.473932,1.65949
3.1,0.473541,1.68317
3.15,0.473167,1.70683
3.2,0.472757,1.73047
3.25,0.472358,1.75408
3.3,0.472,1.77768
3.35,0.471619,1.80127
3.4,0.471258,1.82483
3.45,0.470861,1.84837
3.5,0.470477,1.87189
3.55,0.470129,1.8954
3.6,0.469723,1.91889
3.65,0.469419,1.94236
3.7,0.469014,1.96581
3.75,0.46866,1.98924
3.8,0.468381,2.01266
3.85,0.467999,2.03606
3.9,0.467696,2.05945
3.95,0.467383,2.08282
4.0,0.467074,2.10617
4.05,0.466758,2.12951
4.1,0.466428,2.15283
4.15,0.46612,2.17613
4.2,0.465805,2.19942
4.25,0.465485,2.2227
4.3,0.465173,2.24596
4.35,0.46483,2.2692
4.4,0.464552,2.29243
4.45,0.464208,2.31564
4.5,0.463944,2.33883
4.55,0.463695,2.36202
4.6,0.463349,2.38519
4.65,0.463119,2.40834
4.7,0.462858,2.43149
4.75,0.462596,2.45461
4.8,0.462353,2.47773
4.85,0.462081,2.50084
4.9,0.461813,2.52393
4.95,0.461566,2.54701
5.0,0.461316,2.57007
5.05,0.461047,2.59312
5.1,0.460828,2.61617
5.15,0.460614,2.6392
5.2,0.460363,2.66221
5.25,0.460132,2.68522
5.3,0.459876,2.70821
5.35,0.459635,2.7312
5.4,0.459407,2.75417
5.45,0.459163,2.77712
5.5,0.45897,2.80007
5.55,0.458752,2.82301
5.6,0.458528,2.84594
5.65,0.458322,2.86885
5.7,0.45812,2.89176
5.75,0.457889,2.91465
5.8,0.457679,2.93754
5.85,0.457485,2.96041
5.9,0.457274,2.98328
5.95,0.457069,3.00613
6.0,0.456874,3.02897
6.05,0.456678,3.05181
6.1,0.456471,3.07463
6.15,0.456284,3.09744
6.2,0.456098,3.12025
6.25,0.455934,3.14305
6.3,0.455747,3.16583
6.35,0.455589,3.18861
6.4,0.455389,3.21138
6.45,0.455226,3.23414
6.5,0.455054,3.2569
6.55,0.45489,3.27964
6.6,0.454727,3.30238
6.65,0.454559,3.32511
6.7,0.454411,3.34783
6.75,0.454262,3.37054
6.8,0.454094,3.39324
6.85,0.453955,3.41594
6.9,0.453798,3.43863
6.95,0.453646,3.46131
7.0,0.453497,3.48399
7.05,0.453354,3.50666
7.1,0.453213,3.52932
7.15,0.453061,3.55197
7.2,0.452936,3.57462
7.25,0.452798,3.59726
7.3,0.452673,3.61989
7.35,0.452552,3.64252
7.4,0.452419,3.66514
7.45,0.452288,3.68775
7.5,0.452167,3.71036
7.55,0.452061,3.73296
7.6,0.451952,3.75556
7.65,0.451833,3.77815
7.7,0.45172,3.80074
7.75,0.451593,3.82332
7.8,0.451478,3.84589
7.85,0.451368,3.86846
7.9,0.451267,3.89102
7.95,0.451182,3.91358
8.0,0.451072,3.93614
8.05,0.450956,3.95869
8.1,0.450851,3.98123
8.15,0.450771,4.00377
8.2,0.450673,4.0263
8.25,0.450572,4.04883
8.3,0.450473,4.07135
8.35,0.450395,4.09387
8.4,0.450333,4.11639
8.45,0.450255,4.1389
8.5,0.450165,4.16141
8.55,0.450093,4.18391
8.6,0.450024,4.20642
8.65,0.449935,4.22891
8.7,0.449851,4.25141
8.75,0.449767,4.27389
8.8,0.449692,4.29638
8.85,0.44963,4.31886
8.9,0.449564,4.34134
8.95,0.449503,4.36381
9.0,0.449423,4.38628
9.05,0.449358,4.40875
9.1,0.449281,4.43122
9.15,0.449201,4.45368
9.2,0.449147,4.47613
9.25,0.449101,4.49859
9.3,0.449463,4.52106
9.35,0.449502,4.54354
9.4,0.449448,4.56601
9.45,0.449388,4.58848
9.5,0.449331,4.61094
9.55,0.449285,4.63341
9.6,0.449235,4.65587
9.65,0.449178,4.67833
9.7,0.449133,4.70079
9.75,0.449062,4.72324
9.8,0.448987,4.74569
9.85,0.448932,4.76814
9.9,0.448863,4.79058
9.95,0.448817,4.81302
10.0,0.448762,4.83546
10.05,0.448696,4.85789
10.1,0.448637,4.88032
10.15,0.448576,4.90275
10.2,0.448529,4.92518
10.25,0.448478,4.9476
10.3,0.448434,4.97003
10.35,0.448407,4.99245
10.4,0.448378,5.01486
10.45,0.448357,5.03728
10.5,0.448311,5.0597
10.55,0.448299,5.08211
10.6,0.448262,5.10453
10.65,0.448245,5.12694
10.7,0.448238,5.14935
10.75,0.448245,5.17176
10.8,0.448224,5.19417
10.85,0.448243,5.21659
10.9,0.448245,5.239
10.95,0.448231,5.26141
11.0,0.448222,5.28382
11.05,0.44821,5.30623
11.1,0.448216,5.32864
11.15,0.448241,5.35105
11.2,0.44826,5.37347
11.25,0.448266,5.39588
11.3,0.448301,5.41829
11.35,0.448317,5.44071
11.4,0.44832,5.46313
11.45,0.448349,5.48554
11.5,0.44836,5.50796
11.55,0.448386,5.53038
11.6,0.448399,5.5528
11.65,0.448411,5.57522
11.7,0.448426,5.59764
11.75,0.448431,5.62007
11.8,0.448446,5.64249
11.85,0.448464,5.66491
11.9,0.448469,5.68733
11.95,0.448478,5.70976
12.0,0.448515,5.73218
12.05,0.448505,5.75461
12.1,0.448526,5.77704
12.15,0.448548,5.79946
12.2,0.448567,5.82189
12.25,0.448597,5.84432
12.3,0.448611,5.86675
12.35,0.448614,5.88918
12.4,0.44861,5.91161
12.45,0.448638,5.93404
12.5,0.448661,5.95648
12.55,0.448688,5.97891
12.6,0.448702,6.00135
12.65,0.448722,6.02378
12.7,0.448723,6.04622
12.75,0.448728,6.06866
12.8,0.448743,6.09109
12.85,0.448769,6.11353
12.9,0.448781,6.13597
12.95,0.448786,6.15841
13.0,0.448794,6.18085
13.05,0.448805,6.20329
13.1,0.448809,6.22573
13.15,0.448825,6.24817
13.2,0.448835,6.27061
13.25,0.448853,6.29306
13.3,0.448859,6.3155
13.35,0.448869,6.33794
13.4,0.448895,6.36039
13.45,0.448906,6.38283
13.5,0.448922,6.40528
13.55,0.448958,6.42773
13.6,0.448992,6.45018
13.65,0.449001,6.47263
13.7,0.449008,6.49508
13.75,0.449051,6.51753
13.8,0.449079,6.53998
13.85,0.449086,6.56244
13.9,0.449122,6.58489
13.95,0.449135,6.60735
14.0,0.449168,6.62981
14.05,0.449182,6.65227
14.1,0.449214,6.67473
14.15,0.449229,6.69719
14.2,0.449267,6.71965
14.25,0.449296,6.74212
14.3,0.449319,6.76458
14.35,0.449321,6.78705
14.4,0.449353,6.80952
14.45,0.449371,6.83199
14.5,0.449402,6.85446
14.55,0.449416,6.87693
14.6,0.449443,6.8994
14.65,0.449466,6.92187
14.7,0.44949,6.94435
14.75,0.449497,6.96682
14.8,0.449538,6.9893
14.85,0.449552,7.01178
14.9,0.449564,7.03425
14.95,0.449601,7.05673
15.0,0.449606,7.07921
15.05,0.449605,7.10169
15.1,0.449631,7.12418
15.15,0.449626,7.14666
15.2,0.449677,7.16914
15.25,0.449697,7.19163
15.3,0.449726,7.21411
15.35,0.449765,7.2366
15.4,0.449795,7.25909
15.45,0.449803,7.28158
15.5,0.449832,7.30407
15.55,0.44986,7.32657
15.6,0.449879,7.34906
15.65,0.449904,7.37155
15.7,0.449924,7.39405
15.75,0.449937,7.41655
15.8,0.44994,7.43904
15.85,0.449953,7.46154
15.9,0.449959,7.48404
15.95,0.449983,7.50654
16.0,0.450001,7.52904
16.05,0.450005,7.55154
16.1,0.450013,7.57404
16.15,0.450034,7.59654
16.2,0.45004,7.61904
16.25,0.45005,7.64155
16.3,0.450058,7.66405
16.35,0.450065,7.68655
16.4,0.450092,7.70906
16.45,0.450112,7.73156
16.5,0.450127,7.75407
16.55,0.450128,7.77658
16.6,0.450146,7.79908
16.65,0.450173,7.82159
16.7,0.450198,7.8441
16.75,0.450214,7.86661
16.8,0.450227,7.88912
16.85,0.450215,7.91163
16.9,0.450221,7.93414
16.95,0.45024,7.95666
17.0,0.450258,7.97917
17.05,0.450265,8.00168
17.1,0.450275,8.0242
17.15,0.450285,8.04671
17.2,0.450304,8.06923
17.25,0.450312,8.09174
17.3,0.450345,8.11426
17.35,0.450387,8.13678
17.4,0.450405,8.1593
17.45,0.450413,8.18182
17.5,0.450436,8.20434
17.55,0.450439,8.22686
17.6,0.450454,8.24939
17.65,0.450466,8.27191
17.7,0.450479,8.29443
17.75,0.450487,8.31696
17.8,0.450494,8.33948
17.85,0.450493,8.36201
17.9,0.450506,8.38453
17.95,0.450503,8.40706
18.0,0.45051,8.42958
18.05,0.450516,8.45211
18.1,0.45054,8.47464
18.15,0.450546,8.49716
18.2,0.450544,8.51969
18.25,0.450553,8.54222
18.3,0.450539,8.56474
18.35,0.450543,8.58727
18.4,0.450549,8.6098
18.45,0.450565,8.63233
18.5,0.450575,8.65486
18.55,0.450567,8.67738
18.6,0.45057,8.69991
18.65,0.450582,8.72244
18.7,0.450583,8.74497
18.75,0.450586,8.7675
18.8,0.450595,8.79003
18.85,0.450618,8.81256
18.9,0.450601,8.83509
18.95,0.450593,8.85762
19.0,0.450612,8.88015
19.05,0.450597,8.90268
19.1,0.4506,8.92521
19.15,0.450602,8.94774
19.2,0.450591,8.97027
19.25,0.450594,8.9928
19.3,0.450583,9.01533
19.35,0.45059,9.03786
19.4,0.450584,9.06039
19.45,0.450585,9.08292
19.5,0.450587,9.10545
19.55,0.450574,9.12798
19.6,0.450574,9.15051
19.65,0.450548,9.17303
19.7,0.45055,9.19556
19.75,0.45054,9.21809
19.8,0.450536,9.24061
19.85,0.450539,9.26314
19.9,0.450536,9.28567
19.95,0.450519,9.30819
20.0,0.450519,9.33072
20.05,0.450517,9.35324
20.1,0.450519,9.37577
20.15,0.450506,9.3983
20.2,0.450497,9.42082
20.25,0.450487,9.44335
20.3,0.450477,9.46587
20.35,0.450476,9.48839
20.4,0.450462,9.51092
20.45,0.450463,9.53344
20.5,0.450459,9.55596
20.55,0.450458,9.57849
20.6,0.450455,9.60101
20.65,0.450432,9.62353
20.7,0.450416,9.64605
20.75,0.450403,9.66857
20.8,0.450402,9.69109
20.85,0.450387,9.71361
20.9,0.45044,9.73613
20.95,0.450478,9.75866
21.0,0.450477,9.78118
21.05,0.450465,9.8037
21.1,0.450452,9.82623
21.15,0.450446,9.84875
21.2,0.450441,9.87127
21.25,0.450438,9.89379
21.3,0.45041,9.91631
21.35,0.450399,9.93883
21.4,0.450376,9.96135
21.45,0.450355,9.98387
21.5,0.450335,10.0064
21.55,0.450317,10.0289
21.6,0.450311,10.0514
21.65,0.450304,10.0739
21.7,0.450587,10.0965
21.75,0.450631,10.119
21.8,0.45064,10.1415
21.85,0.450633,10.1641
21.9,0.450629,10.1866
21.95,0.450631,10.2091
22.0,0.450635,10.2317
22.05,0.450612,10.2542
22.1,0.450609,10.2767
22.15,0.450595,10.2992
22.2,0.450578,10.3218
22.25,0.450564,10.3443
22.3,0.450552,10.3668
22.35,0.45054,10.3894
22.4,0.450538,10.4119
22.45,0.450517,10.4344
22.5,0.450486,10.4569
22.55,0.450479,10.4795
22.6,0.450466,10.502
22.65,0.450447,10.5245
22.7,0.450429,10.547
22.75,0.450408,10.5695
22.8,0.450403,10.5921
22.85,0.450393,10.6146
22.9,0.450356,10.6371
22.95,0.450346,10.6596
23.0,0.45035,10.6821
23.05,0.450328,10.7047
23.1,0.450304,10.7272
23.15,0.450285,10.7497
23.2,0.450291,10.7722
23.25,0.450272,10.7947
23.3,0.450244,10.8172
23.35,0.450221,10.8397
23.4,0.450199,10.8622
23.45,0.450182,10.8848
23.5,0.450175,10.9073
23.55,0.450129,10.9298
23.6,0.450102,10.9523
23.65,0.450077,10.9748
23.7,0.450048,10.9973
23.75,0.450028,11.0198
23.8,0.450002,11.0423
23.85,0.44996,11.0648
23.9,0.449938,11.0873
23.95,0.44975,11.1098
24.0,0.449576,11.1322
24.05,0.449539,11.1547
24.1,0.449508,11.1772
24.15,0.449467,11.1997
24.2,0.449428,11.2221
24.25,0.449392,11.2446
24.3,0.449353,11.2671
24.35,0.449309,11.2895
24.4,0.449268,11.312
24.45,0.449242,11.3345
24.5,0.449218,11.3569
24.55,0.449181,11.3794
24.6,0.449155,11.4018
24.65,0.449264,11.4243
24.7,0.449407,11.4468
24.75,0.449405,11.4692
24.8,0.449391,11.4917
24.85,0.449352,11.5142
24.9,0.449318,11.5366
24.95,0.449242,11.5591
25.0,0.449158,11.5816
25.05,0.449143,11.604
25.1,0.44912,11.6265
25.15,0.449083,11.6489
25.2,0.449063,11.6714
25.25,0.449043,11.6938
25.3,0.449012,11.7163
25.35,0.448987,11.7387
25.4,0.44895,11.7612
25.45,0.448934,11.7836
25.5,0.448916,11.8061
25.55,0.448911,11.8285
25.6,0.448891,11.851
25.65,0.448877,11.8734
25.7,0.448864,11.8959
25.75,0.448836,11.9183
25.8,0.448827,11.9407
25.85,0.448809,11.9632
25.9,0.4488,11.9856
25.95,0.44877,12.0081
26.0,0.448773,12.0305
26.05,0.448753,12.0529
26.1,0.448737,12.0754
26.15,0.448715,12.0978
26.2,0.448726,12.1202
26.25,0.448713,12.1427
26.3,0.448679,12.1651
26.35,0.448647,12.1875
26.4,0.448651,12.21
26.45,0.448633,12.2324
26.5,0.448619,12.2548
26.55,0.448601,12.2773
26.6,0.448601,12.2997
26.65,0.448583,12.3221
26.7,0.448542,12.3446
26.75,0.448525,12.367
26.8,0.44852,12.3894
26.85,0.448503,12.4118
26.9,0.448471,12.4343
26.95,0.448451,12.4567
27.0,0.448421,12.4791
27.05,0.4484,12.5015
27.1,0.448377,12.5239
27.15,0.44836,12.5464
27.2,0.448343,12.5688
27.25,0.448331,12.5912
27.3,0.448314,12.6136
27.35,0.448317,12.636
27.4,0.448313,12.6584
27.45,0.448301,12.6809
27.5,0.448263,12.7033
27.55,0.448245,12.7257
27.6,0.448204,12.7481
27.65,0.448171,12.7705
27.7,0.448143,12.7929
27.75,0.448126,12.8153
27.8,0.448105,12.8377
27.85,0.448087,12.8601
27.9,0.448077,12.8825
27.95,0.448052,12.9049
28.0,0.448029,12.9273
28.05,0.448006,12.9497
28.1,0.447982,12.9721
28.15,0.447941,12.9945
28.2,0.447937,13.0169
28.25,0.447892,13.0393
28.3,0.447756,13.0617
28.35,0.447714,13.0841
28.4,0.447671,13.1065
28.45,0.447646,13.1289
28.5,0.44762,13.1512
28.55,0.447635,13.1736
28.6,0.447642,13.196
28.65,0.447617,13.2184
28.7,0.447597,13.2408
28.75,0.447568,13.2631
28.8,0.447554,13.2855
28.85,0.447525,13.3079
28.9,0.447506,13.3303
28.95,0.447483,13.3526
29.0,0.447461,13.375
29.05,0.44742,13.3974
29.1,0.447382,13.4198
29.15,0.447352,13.4421
29.2,0.44731,13.4645
29.25,0.447277,13.4869
29.3,0.447276,13.5092
29.35,0.447232,13.5316
29.4,0.447212,13.5539
29.45,0.447184,13.5763
29.5,0.447147,13.5987
29.55,0.447121,13.621
29.6,0.447101,13.6434
29.65,0.447097,13.6657
29.7,0.447087,13.6881
29.75,0.447064,13.7104
29.8,0.447039,13.7328
29.85,0.447016,13.7551
29.9,0.446959,13.7775
29.95,0.446946,13.7998
30.0,0.446963,13.8222
30.05,0.446955,13.8445
30.1,0.446943,13.8669
30.15,0.446925,13.8892
30.2,0.446916,13.9116
30.25,0.44685,13.9339
30.3,0.446813,13.9563
30.35,0.446778,13.9786
30.4,0.446787,14.0009
30.45,0.446768,14.0233
30.5,0.44674,14.0456
30.55,0.446723,14.0679
30.6,0.446684,14.0903
30.65,0.446675,14.1126
30.7,0.446667,14.1349
30.75,0.446635,14.1573
30.8,0.446622,14.1796
30.85,0.446593,14.2019
30.9,0.446581,14.2243
30.95,0.446552,14.2466
31.0,0.446518,14.2689
31.05,0.446515,14.2912
31.1,0.446485,14.3136
31.15,0.446476,14.3359
31.2,0.446459,14.3582
31.25,0.446443,14.3805
31.3,0.446423,14.4029
31.35,0.446403,14.4252
31.4,0.44639,14.4475
31.45,0.446336,14.4698
31.5,0.446318,14.4921
31.55,0.446294,14.5144
31.6,0.446265,14.5368
31.65,0.446287,14.5591
31.7,0.446295,14.5814
31.75,0.446294,14.6037
31.8,0.446264,14.626
31.85,0.446243,14.6483
31.9,0.446206,14.6706
31.95,0.44618,14.6929
32.0,0.446142,14.7153
32.05,0.446112,14.7376
32.1,0.4461,14.7599
32.15,0.446097,14.7822
32.2,0.446048,14.8045
32.25,0.446027,14.8268
32.3,0.44602,14.8491
32.35,0.446001,14.8714
32.4,0.44597,14.8937
32.45,0.445961,14.916
32.5,0.445933,14.9383
32.55,0.445906,14.9606
32.6,0.445901,14.9829
32.65,0.44588,15.0051
32.7,0.445848,15.0274
32.75,0.445855,15.0497
32.8,0.44584,15.072
32.85,0.445816,15.0943
32.9,0.445775,15.1166
32.95,0.445754,15.1389
33.0,0.44574,15.1612
33.05,0.445717,15.1835
33.1,0.445697,15.2058
33.15,0.445685,15.228
33.2,0.445688,15.2503
33.25,0.445672,15.2726
33.3,0.445645,15.2949
33.35,0.445617,15.3172
33.4,0.445602,15.3394
33.45,0.445565,15.3617
33.5,0.445579,15.384
33.55,0.445574,15.4063
33.6,0.445588,15.4286
33.65,0.445575,15.4508
33.7,0.445586,15.4731
33.75,0.445583,15.4954
33.8,0.445588,15.5177
33.85,0.445574,15.54
33.9,0.445567,15.5622
33.95,0.445548,15.5845
34.0,0.445567,15.6068
34.05,0.445546,15.6291
34.1,0.445513,15.6513
34.15,0.445498,15.6736
34.2,0.44546,15.6959
34.25,0.445445,15.7182
34.3,0.445532,15.7404
34.35,0.445496,15.7627
34.4,0.445487,15.785
34.45,0.445466,15.8073
34.5,0.445452,15.8295
34.55,0.445365,15.8518
34.6,0.445338,15.8741
34.65,0.445293,15.8963
34.7,0.445204,15.9186
34.75,0.445166,15.9409
34.8,0.445159,15.9631
34.85,0.445125,15.9854
34.9,0.445102,16.0076
34.95,0.445035,16.0299
35.0,0.445021,16.0521
35.05,0.445015,16.0744
35.1,0.444928,16.0966
35.15,0.444894,16.1189
35.2,0.444895,16.1411
35.25,0.444877,16.1634
35.3,0.444872,16.1856
35.35,0.444848,16.2078
35.4,0.444853,16.2301
35.45,0.444799,16.2523
35.5,0.444775,16.2746
35.55,0.44475,16.2968
35.6,0.444729,16.319
35.65,0.444705,16.3413
35.7,0.444694,16.3635
35.75,0.444735,16.3857
35.8,0.444707,16.408
35.85,0.444701,16.4302
35.9,0.444646,16.4524
35.95,0.444593,16.4747
36.0,0.44457,16.4969
36.05,0.44452,16.5191
36.1,0.444499,16.5414
36.15,0.444487,16.5636
36.2,0.444461,16.5858
36.25,0.44443,16.608
36.3,0.444395,16.6302
36.35,0.444339,16.6525
36.4,0.444332,16.6747
36.45,0.444302,16.6969
36.5,0.444285,16.7191
36.55,0.444262,16.7413
36.6,0.444265,16.7635
36.65,0.44422,16.7857
36.7,0.444196,16.808
36.75,0.444169,16.8302
36.8,0.444131,16.8524
36.85,0.444126,16.8746
36.9,0.444097,16.8968
36.95,0.444095,16.919
37.0,0.444061,16.9412
37.05,0.444035,16.9634
37.1,0.444006,16.9856
37.15,0.443979,17.0078
37.2,0.443938,17.03
37.25,0.443914,17.0522
37.3,0.443901,17.0744
37.35,0.443865,17.0966
37.4,0.443828,17.1188
37.45,0.443813,17.141
37.5,0.443796,17.1631
37.55,0.443749,17.1853
37.6,0.443725,17.2075
37.65,0.443694,17.2297
37.7,0.443664,17.2519
37.75,0.44364,17.2741
37.8,0.443609,17.2962
37.85,0.443587,17.3184
37.9,0.44359,17.3406
37.95,0.443588,17.3628
38.0,0.443581,17.385
38.05,0.443557,17.4071
38.1,0.443537,17.4293
38.15,0.443488,17.4515
38.2,0.443432,17.4737
38.25,0.443396,17.4958
38.3,0.443378,17.518
38.35,0.443367,17.5402
38.4,0.443331,17.5623
38.45,0.443329,17.5845
38.5,0.443312,17.6067
38.55,0.443283,17.6288
38.6,0.443263,17.651
38.65,0.44323,17.6732
38.7,0.443209,17.6953
38.75,0.443175,17.7175
38.8,0.44315,17.7396
38.85,0.443132,17.7618
38.9,0.443097,17.7839
38.95,0.443077,17.8061
39.0,0.443057,17.8283
39.05,0.443021,17.8504
39.1,0.442984,17.8726
39.15,0.442996,17.8947
39.2,0.442963,17.9169
39.25,0.442929,17.939
39.3,0.442917,17.9611
39.35,0.442904,17.9833
39.4,0.442895,18.0054
39.45,0.442874,18.0276
39.5,0.442835,18.0497
39.55,0.4428,18.0719
39.6,0.44279,18.094
39.65,0.442735,18.1161
39.7,0.44271,18.1383
39.75,0.442663,18.1604
39.8,0.442632,18.1825
39.85,0.442603,18.2047
39.9,0.442606,18.2268
39.95,0.442591,18.2489
40.0,0.442544,18.2711
40.05,0.442519,18.2932
40.1,0.442503,18.3153
40.15,0.442485,18.3374
40.2,0.442457,18.3596
40.25,0.442416,18.3817
40.3,0.442383,18.4038
40.35,0.442324,18.4259
40.4,0.442265,18.448
40.45,0.44225,18.4701
40.5,0.442203,18.4922
40.55,0.44219,18.5144
40.6,0.442173,18.5365
40.65,0.442111,18.5586
40.7,0.442034,18.5807
40.75,0.441955,18.6028
40.8,0.441819,18.6249
40.85,0.441749,18.6469
40.9,0.441688,18.669
40.95,0.44158,18.6911
41.0,0.441553,18.7132
41.05,0.441535,18.7353
41.1,0.441507,18.7573
41.15,0.441469,18.7794
41.2,0.441404,18.8015
41.25,0.441387,18.8236
41.3,0.441336,18.8456
41.35,0.441298,18.8677
41.4,0.441284,18.8897
41.45,0.441244,18.9118
41.5,0.441237,18.9339
41.55,0.441218,18.9559
41.6,0.441269,18.978
41.65,0.441235,19.0001
41.7,0.441188,19.0221
41.75,0.44116,19.0442
41.8,0.441123,19.0662
41.85,0.441066,19.0883
41.9,0.441021,19.1103
41.95,0.440966,19.1324
42.0,0.440933,19.1544
42.05,0.440901,19.1765
42.1,0.440864,19.1985
42.15,0.44082,19.2206
42.2,0.440775,19.2426
42.25,0.440701,19.2646
42.3,0.440718,19.2867
42.35,0.440712,19.3087
42.4,0.440663,19.3307
42.45,0.440645,19.3528
42.5,0.440583,19.3748
42.55,0.440521,19.3968
42.6,0.440469,19.4188
42.65,0.440363,19.4409
42.7,0.440175,19.4629
42.75,0.440143,19.4849
42.8,0.440119,19.5069
42.85,0.440067,19.5289
42.9,0.440049,19.5509
42.95,0.440014,19.5729
43.0,0.440013,19.5949
43.05,0.43999,19.6169
43.1,0.439953,19.6389
43.15,0.439916,19.6609
43.2,0.439868,19.6829
43.25,0.439866,19.7049
43.3,0.439845,19.7269
43.35,0.439819,19.7489
43.4,0.439784,19.7708
43.45,0.439718,19.7928
43.5,0.439676,19.8148
43.55,0.439641,19.8368
43.6,0.439629,19.8588
43.65,0.43958,19.8808
43.7,0.439582,19.9027
43.75,0.439578,19.9247
43.8,0.439532,19.9467
43.85,0.439461,19.9687
43.9,0.439472,19.9906
43.95,0.439457,20.0126
44.0,0.439355,20.0346
44.05,0.439322,20.0565
44.1,0.439309,20.0785
44.15,0.439279,20.1005
44.2,0.439272,20.1224
44.25,0.439235,20.1444
44.3,0.439215,20.1664
44.35,0.439192,20.1883
44.4,0.439185,20.2103
44.45,0.439153,20.2322
44.5,0.439122,20.2542
44.55,0.439064,20.2762
44.6,0.439043,20.2981
44.65,0.439046,20.3201
44.7,0.439087,20.342
44.75,0.439055,20.364
44.8,0.438976,20.3859
44.85,0.438935,20.4079
44.9,0.438924,20.4298
44.95,0.438909,20.4517
45.0,0.438877,20.4737
45.05,0.43886,20.4956
45.1,0.438833,20.5176
45.15,0.438802,20.5395
45.2,0.43877,20.5615
45.25,0.438717,20.5834
45.3,0.438713,20.6053
45.35,0.438665,20.6273
45.4,0.438648,20.6492
45.45,0.438605,20.6711
45.5,0.4386,20.6931
45.55,0.438659,20.715
45.6,0.438652,20.7369
45.65,0.438624,20.7589
45.7,0.438592,20.7808
45.75,0.438548,20.8027
45.8,0.43851,20.8246
45.85,0.438523,20.8466
45.9,0.438551,20.8685
45.95,0.438522,20.8904
46.0,0.438514,20.9123
46.05,0.438484,20.9343
46.1,0.43847,20.9562
46.15,0.438452,20.9781
46.2,0.438435,21.0
46.25,0.4384,21.022
46.3,0.43837,21.0439
46.35,0.438289,21.0658
46.4,0.438252,21.0877
46.45,0.438209,21.1096
46.5,0.438209,21.1315
46.55,0.438175,21.1534
46.6,0.438167,21.1753
46.65,0.438156,21.1972
46.7,0.438169,21.2192
46.75,0.438136,21.2411
46.8,0.438092,21.263
46.85,0.438105,21.2849
46.9,0.438087,21.3068
46.95,0.43806,21.3287
47.0,0.438038,21.3506
47.05,0.437986,21.3725
47.1,0.437954,21.3944
47.15,0.437916,21.4163
47.2,0.437906,21.4382
47.25,0.437863,21.4601
47.3,0.437816,21.4819
47.35,0.437828,21.5038
47.4,0.43773,21.5257
47.45,0.437696,21.5476
47.5,0.437679,21.5695
47.55,0.437657,21.5914
47.6,0.437628,21.6133
47.65,0.437561,21.6351
47.7,0.437545,21.657
47.75,0.437526,21.6789
47.8,0.43751,21.7008
47.85,0.437508,21.7226
47.9,0.437446,21.7445
47.95,0.437424,21.7664
48.0,0.437379,21.7883
48.05,0.437346,21.8101
48.1,0.437303,21.832
48.15,0.437276,21.8539
48.2,0.437237,21.8757
48.25,0.437193,21.8976
48.3,0.43716,21.9194
48.35,0.437133,21.9413
48.4,0.437088,21.9631
48.45,0.437139,21.985
48.5,0.437205,22.0069
48.55,0.437208,22.0287
48.6,0.437166,22.0506
48.65,0.437149,22.0724
48.7,0.437131,22.0943
48.75,0.437083,22.1161
48.8,0.437003,22.138
48.85,0.436949,22.1598
48.9,0.436914,22.1817
48.95,0.436891,22.2035
49.0,0.436862,22.2254
49.05,0.436864,22.2472
49.1,0.43685,22.2691
49.15,0.436807,22.2909
49.2,0.43678,22.3127
49.25,0.436737,22.3346
49.3,0.436729,22.3564
49.35,0.436689,22.3783
49.4,0.436631,22.4001
49.45,0.436534,22.4219
49.5,0.436507,22.4437
49.55,0.4365,22.4656
49.6,0.436458,22.4874
49.65,0.436473,22.5092
49.7,0.436415,22.531
49.75,0.436215,22.5528
49.8,0.436047,22.5746
49.85,0.435996,22.5964
49.9,0.435975,22.6182
49.95,0.435943,22.64
50.0,0.435866,22.6618
50.05,0.435851,22.6836
50.1,0.435764,22.7054
50.15,0.435646,22.7272
50.2,0.435603,22.749
50.25,0.435613,22.7708
50.3,0.435592,22.7925
50.35,0.435561,22.8143
50.4,0.435529,22.8361
50.45,0.435508,22.8579
50.5,0.435557,22.8796
50.55,0.435551,22.9014
50.6,0.43553,22.9232
50.65,0.435485,22.945
50.7,0.435446,22.9667
50.75,0.435424,22.9885
50.8,0.435378,23.0103
50.85,0.435318,23.032
50.9,0.435272,23.0538
50.95,0.435245,23.0756
51.0,0.435167,23.0973
51.05,0.435048,23.1191
51.1,0.434443,23.1408
51.15,0.43416,23.1625
51.2,0.434036,23.1842
51.25,0.433921,23.2059
51.3,0.433848,23.2276
51.35,0.433765,23.2493
51.4,0.433708,23.271
51.45,0.433652,23.2927
51.5,0.43361,23.3143
51.55,0.433551,23.336
51.6,0.433499,23.3577
51.65,0.43348,23.3794
51.7,0.433397,23.401
51.75,0.433374,23.4227
51.8,0.433331,23.4444
51.85,0.433294,23.466
51.9,0.433251,23.4877
51.95,0.433221,23.5094
52.0,0.433206,23.531
52.05,0.433177,23.5527
52.1,0.433139,23.5743
52.15,0.433109,23.596
52.2,0.433065,23.6176
52.25,0.433008,23.6393
52.3,0.432961,23.6609
52.35,0.432908,23.6826
52.4,0.432847,23.7042
52.45,0.432801,23.7259
52.5,0.432726,23.7475
52.55,0.43267,23.7691
52.6,0.432645,23.7908
52.65,0.432586,23.8124
52.7,0.432547,23.834
52.75,0.432497,23.8557
52.8,0.432451,23.8773
52.85,0.432417,23.8989
52.9,0.43236,23.9205
52.95,0.432307,23.9421
53.0,0.432235,23.9637
53.05,0.432188,23.9854
53.1,0.432142,24.007
53.15,0.432053,24.0286
53.2,0.431937,24.0502
53.25,0.431666,24.0717
53.3,0.431557,24.0933
53.35,0.431468,24.1149
53.4,0.431455,24.1365
53.45,0.431382,24.158
53.5,0.431308,24.1796
53.55,0.431217,24.2012
53.6,0.431093,24.2227
53.65,0.431037,24.2443
53.7,0.430951,24.2658
53.75,0.430837,24.2874
53.8,0.43072,24.3089
53.85,0.43064,24.3304
53.9,0.430543,24.352
53.95,0.430474,24.3735
54.0,0.430433,24.395
54.05,0.430359,24.4165
54.1,0.430304,24.438
54.15,0.43024,24.4595
54.2,0.430187,24.4811
54.25,0.430129,24.5026
54.3,0.430089,24.5241
54.35,0.430101,24.5456
54.4,0.43015,24.5671
54.45,0.430116,24.5886
54.5,0.430315,24.6101
54.55,0.430328,24.6316
54.6,0.430301,24.6531
54.65,0.430276,24.6746
54.7,0.430241,24.6962
54.75,0.43019,24.7177
54.8,0.43014,24.7392
54.85,0.430089,24.7607
54.9,0.430023,24.7822
54.95,0.429956,24.8037
55.0,0.429895,24.8252
55.05,0.429828,24.8467
55.1,0.429802,24.8682
55.15,0.429775,24.8896
55.2,0.429702,24.9111
55.25,0.429608,24.9326
55.3,0.429513,24.9541
55.35,0.429419,24.9756
55.4,0.429355,24.997
55.45,0.429301,25.0185
55.5,0.429258,25.0399
55.55,0.429191,25.0614
55.6,0.429153,25.0829
55.65,0.429073,25.1043
55.7,0.429002,25.1258
55.75,0.428911,25.1472
55.8,0.428814,25.1687
55.85,0.428684,25.1901
55.9,0.428436,25.2115
55.95,0.428258,25.2329
56.0,0.428198,25.2543
56.05,0.428164,25.2757
56.1,0.428138,25.2971
56.15,0.428035,25.3186
56.2,0.428021,25.34
56.25,0.427989,25.3613
56.3,0.427953,25.3827
56.35,0.427955,25.4041
56.4,0.427919,25.4255
56.45,0.427838,25.4469
56.5,0.427768,25.4683
56.55,0.427681,25.4897
56.6,0.427637,25.5111
56.65,0.427616,25.5325
56.7,0.427678,25.5539
56.75,0.427831,25.5752
56.8,0.428033,25.5966
56.85,0.428061,25.618
56.9,0.42806,25.6395
56.95,0.428077,25.6609
57.0,0.428048,25.6823
57.05,0.42802,25.7037
57.1,0.427986,25.7251
57.15,0.42795,25.7465
57.2,0.427935,25.7679
57.25,0.42787,25.7892
57.3,0.427837,25.8106
57.35,0.427792,25.832
57.4,0.427714,25.8534
57.45,0.427671,25.8748
57.5,0.427617,25.8962
57.55,0.427544,25.9176
57.6,0.427429,25.9389
57.65,0.427343,25.9603
57.7,0.427322,25.9817
57.75,0.427254,26.003
57.8,0.427177,26.0244
57.85,0.427065,26.0457
57.9,0.426995,26.0671
57.95,0.426909,26.0884
58.0,0.426817,26.1098
58.05,0.426808,26.1311
58.1,0.426783,26.1524
58.15,0.426744,26.1738
58.2,0.426685,26.1951
58.25,0.426626,26.2165
58.3,0.426569,26.2378
58.35,0.426609,26.2591
58.4,0.426562,26.2804
58.45,0.426469,26.3018
58.5,0.426481,26.3231
58.55,0.426456,26.3444
58.6,0.426394,26.3657
58.65,0.426346,26.387
58.7,0.426283,26.4084
58.75,0.426158,26.4297
58.8,0.426064,26.451
58.85,0.426014,26.4723
58.9,0.425987,26.4936
58.95,0.425906,26.5149
59.0,0.425856,26.5362
59.05,0.425792,26.5574
59.1,0.425846,26.5787
59.15,0.42575,26.6
59.2,0.425689,26.6213
59.25,0.425677,26.6426
59.3,0.425627,26.6639
59.35,0.425682,26.6852
59.4,0.425701,26.7064
59.45,0.425734,26.7277
59.5,0.425701,26.749
59.55,0.425666,26.7703
59.6,0.425628,26.7916
59.65,0.425604,26.8129
59.7,0.42555,26.8341
59.75,0.425508,26.8554
59.8,0.425456,26.8767
59.85,0.425389,26.898
59.9,0.425309,26.9192
59.95,0.425276,26.9405
60.0,0.425253,26.9618
60.05,0.425241,26.983
60.1,0.425227,27.0043
60.15,0.425188,27.0255
60.2,0.42515,27.0468
60.25,0.425022,27.068
60.3,0.424834,27.0893
60.35,0.424854,27.1105
60.4,0.424818,27.1318
60.45,0.424779,27.153
60.5,0.424735,27.1742
60.55,0.424661,27.1955
60.6,0.424625,27.2167
60.65,0.424594,27.2379
60.7,0.424555,27.2592
60.75,0.424444,27.2804
60.8,0.4244,27.3016
60.85,0.424339,27.3228
60.9,0.424065,27.344
60.95,0.42394,27.3652
61.0,0.423801,27.3864
61.05,0.42367,27.4076
61.1,0.423692,27.4288
61.15,0.42362,27.45
61.2,0.423381,27.4711
61.25,0.423148,27.4923
61.3,0.423106,27.5134
61.35,0.423068,27.5346
61.4,0.423002,27.5557
61.45,0.422938,27.5769
61.5,0.422862,27.598
61.55,0.422779,27.6192
61.6,0.422635,27.6403
61.65,0.422566,27.6614
61.7,0.422512,27.6826
61.75,0.421804,27.7037
61.8,0.421084,27.7247
61.85,0.421239,27.7458
61.9,0.42134,27.7668
61.95,0.42146,27.7879
62.0,0.42148,27.809
62.05,0.421451,27.8301
62.1,0.421557,27.8511
62.15,0.421666,27.8722
62.2,0.421718,27.8933
62.25,0.421778,27.9144
62.3,0.421787,27.9355
62.35,0.421763,27.9566
62.4,0.421733,27.9777
62.45,0.421703,27.9987
62.5,0.421554,28.0198
62.55,0.421526,28.0409
62.6,0.421511,28.062
62.65,0.4215,28.083
62.7,0.421504,28.1041
62.75,0.421493,28.1252
62.8,0.421516,28.1463
62.85,0.42151,28.1673
62.9,0.421513,28.1884
62.95,0.42151,28.2095
63.0,0.421508,28.2306
63.05,0.421514,28.2516
63.1,0.421506,28.2727
63.15,0.421501,28.2938
63.2,0.42158,28.3149
63.25,0.421688,28.336
63.3,0.421696,28.357
63.35,0.421693,28.3781
63.4,0.421685,28.3992
63.45,0.421651,28.4203
63.5,0.421614,28.4414
63.55,0.42159,28.4625
63.6,0.421547,28.4835
63.65,0.421506,28.5046
63.7,0.421483,28.5257
63.75,0.421459,28.5468
63.8,0.421418,28.5678
63.85,0.421422,28.5889
63.9,0.421428,28.61
63.95,0.42144,28.631
64.0,0.421423,28.6521
64.05,0.421439,28.6732
64.1,0.421432,28.6943
64.15,0.421422,28.7153
64.2,0.421418,28.7364
64.25,0.4214,28.7575
64.3,0.421385,28.7785
64.35,0.421368,28.7996
64.4,0.421349,28.8207
64.45,0.421321,28.8417
64.5,0.421288,28.8628
64.55,0.421279,28.8839
64.6,0.421255,28.9049
64.65,0.421224,28.926
64.7,0.421209,28.9471
64.75,0.421205,28.9681
64.8,0.421162,28.9892
64.85,0.421151,29.0102
64.9,0.421113,29.0313
64.95,0.421078,29.0523
65.0,0.421037,29.0734
65.05,0.420991,29.0944
65.1,0.420929,29.1155
65.15,0.420875,29.1365
65.2,0.420838,29.1576
65.25,0.420762,29.1786
65.3,0.420695,29.1996
65.35,0.420599,29.2207
65.4,0.420639,29.2417
65.45,0.420586,29.2627
65.5,0.420563,29.2838
65.55,0.42052,29.3048
65.6,0.420385,29.3258
65.65,0.420306,29.3468
65.7,0.420256,29.3678
65.75,0.420199,29.3889
65.8,0.42015,29.4099
65.85,0.420143,29.4309
65.9,0.420164,29.4519
65.95,0.42016,29.4729
66.0,0.420126,29.4939
66.05,0.420059,29.5149
66.1,0.419982,29.5359
66.15,0.419838,29.5569
66.2,0.419754,29.5779
66.25,0.419371,29.5988
66.3,0.419285,29.6198
66.35,0.419228,29.6408
66.4,0.41919,29.6617
66.45,0.419149,29.6827
66.5,0.419107,29.7036
66.55,0.41904,29.7246
66.6,0.41898,29.7455
66.65,0.418911,29.7665
66.7,0.418884,29.7874
66.75,0.418841,29.8084
66.8,0.418793,29.8293
66.85,0.418711,29.8502
66.9,0.418643,29.8712
66.95,0.418586,29.8921
67.0,0.418519,29.913
67.05,0.418503,29.934
67.1,0.418481,29.9549
67.15,0.41844,29.9758
67.2,0.418409,29.9967
67.25,0.418361,30.0176
67.3,0.41834,30.0386
67.35,0.418294,30.0595
67.4,0.41825,30.0804
67.45,0.418196,30.1013
67.5,0.418156,30.1222
67.55,0.418137,30.1431
67.6,0.41813,30.164
67.65,0.418111,30.1849
67.7,0.418091,30.2058
67.75,0.418013,30.2267
67.8,0.417971,30.2476
67.85,0.41788,30.2685
67.9,0.417781,30.2894
67.95,0.417761,30.3103
68.0,0.417897,30.3312
68.05,0.418336,30.3521
68.1,0.418302,30.373
68.15,0.418253,30.3939
68.2,0.418203,30.4148
68.25,0.418156,30.4358
68.3,0.417893,30.4566
68.35,0.417583,30.4775
68.4,0.417435,30.4984
68.45,0.417338,30.5193
68.5,0.417297,30.5401
68.55,0.41724,30.561
68.6,0.417179,30.5819
68.65,0.417112,30.6027
68.7,0.41704,30.6236
68.75,0.416966,30.6444
68.8,0.417113,30.6653
68.85,0.416913,30.6861
68.9,0.416984,30.707
68.95,0.417281,30.7278
69.0,0.417211,30.7487
69.05,0.416869,30.7695
69.1,0.416595,30.7904
69.15,0.41651,30.8112
69.2,0.416455,30.832
69.25,0.416327,30.8528
69.3,0.416212,30.8736
69.35,0.416194,30.8944
69.4,0.416094,30.9152
69.45,0.416205,30.9361
69.5,0.416423,30.9569
69.55,0.416347,30.9777
69.6,0.416037,30.9985
69.65,0.416181,31.0193
69.7,0.415888,31.0401
69.75,0.415893,31.0609
69.8,0.416083,31.0817
69.85,0.415777,31.1025
69.9,0.415908,31.1233
69.95,0.41596,31.1441
70.0,0.41593,31.1649
70.05,0.41552,31.1857
70.1,0.414805,31.2064
70.15,0.414576,31.2271
70.2,0.414645,31.2479
70.25,0.414716,31.2686
70.3,0.414443,31.2893
70.35,0.414325,31.31
70.4,0.414131,31.3307
70.45,0.414477,31.3515
70.5,0.414447,31.3722
70.55,0.414392,31.3929
70.6,0.414365,31.4136
70.65,0.414212,31.4343
70.7,0.41424,31.455
70.75,0.414157,31.4757
70.8,0.41356,31.4964
70.85,0.413381,31.5171
70.9,0.413421,31.5378
70.95,0.41349,31.5584
71.0,0.413708,31.5791
71.05,0.413404,31.5998
71.1,0.413651,31.6205
71.15,0.413714,31.6412
71.2,0.413651,31.6618
71.25,0.413599,31.6825
71.3,0.413555,31.7032
71.35,0.41329,31.7239
71.4,0.413341,31.7445
71.45,0.41339,31.7652
71.5,0.413291,31.7859
71.55,0.413178,31.8065
71.6,0.41325,31.8272
71.65,0.413362,31.8479
71.7,0.413385,31.8685
71.75,0.413323,31.8892
71.8,0.413279,31.9099
71.85,0.41322,31.9305
71.9,0.413142,31.9512
71.95,0.413081,31.9718
72.0,0.413008,31.9925
72.05,0.41295,32.0131
72.1,0.412892,32.0338
72.15,0.412841,32.0544
72.2,0.41279,32.0751
72.25,0.412767,32.0957
72.3,0.41274,32.1163
72.35,0.412671,32.137
72.4,0.412611,32.1576
72.45,0.412493,32.1782
72.5,0.412391,32.1988
72.55,0.412178,32.2195
72.6,0.412174,32.2401
72.65,0.412065,32.2607
72.7,0.412127,32.2813
72.75,0.411245,32.3018
72.8,0.411217,32.3224
72.85,0.411011,32.3429
72.9,0.410926,32.3635
72.95,0.410812,32.384
73.0,0.410876,32.4046
73.05,0.410735,32.4251
73.1,0.410798,32.4456
73.15,0.410523,32.4662
73.2,0.410351,32.4867
73.25,0.410428,32.5072
73.3,0.41081,32.5278
73.35,0.411093,32.5483
73.4,0.411003,32.5689
73.45,0.410488,32.5894
73.5,0.41074,32.6099
73.55,0.410842,32.6305
73.6,0.41069,32.651
73.65,0.410629,32.6715
73.7,0.409677,32.692
73.75,0.409618,32.7125
73.8,0.408837,32.7329
73.85,0.408236,32.7533
73.9,0.407727,32.7737
73.95,0.407752,32.7941
74.0,0.406478,32.8144
74.05,0.406811,32.8348
74.1,0.406625,32.8551
74.15,0.4062,32.8754
74.2,0.406353,32.8957
74.25,0.406339,32.9161
74.3,0.406295,32.9364
74.35,0.406688,32.9567
74.4,0.406205,32.977
74.45,0.405939,32.9973
74.5,0.405683,33.0176
74.55,0.405671,33.0379
74.6,0.405587,33.0582
74.65,0.405526,33.0784
74.7,0.40542,33.0987
74.75,0.405323,33.119
74.8,0.405246,33.1392
74.85,0.405125,33.1595
74.9,0.404978,33.1797
74.95,0.404557,33.2
75.0,0.404532,33.2202
75.05,0.404513,33.2404
75.1,0.404827,33.2607
75.15,0.40477,33.2809
75.2,0.404683,33.3011
75.25,0.404602,33.3214
75.3,0.404504,33.3416
75.35,0.404439,33.3618
75.4,0.404363,33.382
75.45,0.404233,33.4022
75.5,0.404134,33.4225
75.55,0.404013,33.4427
75.6,0.403921,33.4629
75.65,0.403817,33.483
75.7,0.403724,33.5032
75.75,0.403564,33.5234
75.8,0.403426,33.5436
75.85,0.403215,33.5637
75.9,0.401616,33.5838
75.95,0.400718,33.6039
76.0,0.400559,33.6239
76.05,0.400517,33.6439
76.1,0.400719,33.6639
76.15,0.400625,33.684
76.2,0.400753,33.704
76.25,0.400588,33.724
76.3,0.400521,33.7441
76.35,0.400488,33.7641
76.4,0.399977,33.7841
76.45,0.399682,33.8041
76.5,0.399585,33.8241
76.55,0.399238,33.844
76.6,0.399124,33.864
76.65,0.399075,33.8839
76.7,0.39867,33.9039
76.75,0.398681,33.9238
76.8,0.398704,33.9437
76.85,0.39887,33.9637
76.9,0.399064,33.9836
76.95,0.398989,34.0036
77.0,0.398753,34.0235
77.05,0.398133,34.0434
77.1,0.398089,34.0633
77.15,0.398023,34.0832
77.2,0.398131,34.1031
77.25,0.39811,34.123
77.3,0.398169,34.1429
77.35,0.398147,34.1629
77.4,0.398058,34.1828
77.45,0.397879,34.2027
77.5,0.397833,34.2225
77.55,0.397678,34.2424
77.6,0.397517,34.2623
77.65,0.396529,34.2821
77.7,0.395564,34.3019
77.75,0.395377,34.3217
77.8,0.395248,34.3414
77.85,0.395185,34.3612
77.9,0.395829,34.381
77.95,0.395822,34.4008
78.0,0.39577,34.4206
78.05,0.395716,34.4404
78.1,0.395658,34.4601
78.15,0.39561,34.4799
78.2,0.395535,34.4997
78.25,0.395377,34.5195
78.3,0.395023,34.5392
78.35,0.394479,34.5589
78.4,0.393838,34.5786
78.45,0.393707,34.5983
78.5,0.393618,34.618
78.55,0.393542,34.6377
78.6,0.393504,34.6573
78.65,0.393444,34.677
78.7,0.393387,34.6967
78.75,0.393308,34.7164
78.8,0.393241,34.736
78.85,0.393175,34.7557
78.9,0.393147,34.7753
78.95,0.393103,34.795
79.0,0.393038,34.8146
79.05,0.392954,34.8343
79.1,0.392842,34.8539
79.15,0.392747,34.8736
79.2,0.392652,34.8932
79.25,0.392596,34.9128
79.3,0.39089,34.9324
79.35,0.390239,34.9519
79.4,0.390169,34.9714
79.45,0.390085,34.9909
79.5,0.389989,35.0104
79.55,0.389872,35.0299
79.6,0.389823,35.0494
79.65,0.389749,35.0689
79.7,0.389661,35.0884
79.75,0.389579,35.1078
79.8,0.389495,35.1273
79.85,0.389421,35.1468
79.9,0.389354,35.1662
79.95,0.389283,35.1857
80.0,0.389217,35.2052
80.05,0.38921,35.2246
80.1,0.389165,35.2441
80.15,0.38909,35.2635
80.2,0.388951,35.283
80.25,0.388926,35.3024
80.3,0.388932,35.3219
80.35,0.388944,35.3413
80.4,0.388894,35.3608
80.45,0.388866,35.3802
80.5,0.38883,35.3997
80.55,0.388828,35.4191
80.6,0.388783,35.4385
80.65,0.388705,35.458
80.7,0.388649,35.4774
80.75,0.388631,35.4968
80.8,0.388609,35.5163
80.85,0.388549,35.5357
80.9,0.388493,35.5551
80.95,0.388434,35.5745
81.0,0.388054,35.5939
81.05,0.388119,35.6134
81.1,0.387581,35.6327
81.15,0.387252,35.6521
81.2,0.387079,35.6715
81.25,0.387008,35.6908
81.3,0.386923,35.7101
81.35,0.386773,35.7295
81.4,0.386699,35.7488
81.45,0.386618,35.7682
81.5,0.386593,35.7875
81.55,0.386547,35.8068
81.6,0.385925,35.8261
81.65,0.38572,35.8454
81.7,0.385572,35.8647
81.75,0.385439,35.8839
81.8,0.385357,35.9032
81.85,0.385337,35.9225
81.9,0.385269,35.9417
81.95,0.385209,35.961
82.0,0.385118,35.9803
82.05,0.385063,35.9995
82.1,0.38497,36.0188
82.15,0.384875,36.038
82.2,0.384757,36.0572
82.25,0.384614,36.0765
82.3,0.384456,36.0957
82.35,0.384363,36.1149
82.4,0.384353,36.1341
82.45,0.384294,36.1533
82.5,0.384227,36.1726
82.55,0.384123,36.1918
82.6,0.384044,36.211
82.65,0.383966,36.2302
82.7,0.383852,36.2494
82.75,0.383766,36.2685
82.8,0.383833,36.2877
82.85,0.383834,36.3069
82.9,0.383771,36.3261
82.95,0.383677,36.3453
83.0,0.383585,36.3645
83.05,0.383494,36.3837
83.1,0.383432,36.4028
83.15,0.383348,36.422
83.2,0.383255,36.4412
83.25,0.38314,36.4603
83.3,0.383022,36.4795
83.35,0.382913,36.4986
83.4,0.382814,36.5177
83.45,0.382694,36.5369
83.5,0.382544,36.556
83.55,0.382429,36.5751
83.6,0.382325,36.5942
83.65,0.382186,36.6134
83.7,0.38206,36.6325
83.75,0.381904,36.6516
83.8,0.381861,36.6706
83.85,0.381777,36.6897
83.9,0.381688,36.7088
83.95,0.381599,36.7279
84.0,0.381507,36.747
84.05,0.3814,36.766
84.1,0.38132,36.7851
84.15,0.381189,36.8042
84.2,0.381026,36.8232
84.25,0.380955,36.8423
84.3,0.380916,36.8613
84.35,0.380699,36.8804
84.4,0.38069,36.8994
84.45,0.3807,36.9184
84.5,0.3806,36.9375
84.55,0.380465,36.9565
84.6,0.380348,36.9755
84.65,0.380253,36.9945
84.7,0.380152,37.0135
84.75,0.380034,37.0325
84.8,0.380155,37.0515
84.85,0.380125,37.0705
84.9,0.380129,37.0895
84.95,0.380219,37.1085
85.0,0.380195,37.1276
85.05,0.380133,37.1466
85.1,0.380041,37.1656
85.15,0.379951,37.1846
85.2,0.379847,37.2036
85.25,0.37979,37.2225
85.3,0.379766,37.2415
85.35,0.379705,37.2605
85.4,0.379614,37.2795
85.45,0.379527,37.2985
85.5,0.379441,37.3174
85.55,0.379358,37.3364
85.6,0.379259,37.3554
85.65,0.379162,37.3743
85.7,0.37914,37.3933
85.75,0.379274,37.4123
85.8,0.379335,37.4312
85.85,0.379304,37.4502
85.9,0.379285,37.4692
85.95,0.379306,37.4881
86.0,0.379308,37.5071
86.05,0.379277,37.526
86.1,0.37939,37.545
86.15,0.379444,37.564
86.2,0.379403,37.583
86.25,0.379329,37.6019
86.3,0.379247,37.6209
86.35,0.379168,37.6398
86.4,0.378956,37.6588
86.45,0.37884,37.6777
86.5,0.378775,37.6967
86.55,0.378673,37.7156
86.6,0.378588,37.7345
86.65,0.378487,37.7535
86.7,0.37841,37.7724
86.75,0.378306,37.7913
86.8,0.378204,37.8102
86.85,0.378111,37.8291
86.9,0.378018,37.848
86.95,0.377906,37.8669
87.0,0.377795,37.8858
87.05,0.377677,37.9047
87.1,0.377573,37.9236
87.15,0.377439,37.9424
87.2,0.377349,37.9613
87.25,0.377474,37.9802
87.3,0.377458,37.999
87.35,0.377296,38.0179
87.4,0.376839,38.0368
87.45,0.376497,38.0556
87.5,0.376316,38.0744
87.55,0.376544,38.0932
87.6,0.37649,38.112
87.65,0.376385,38.1309
87.7,0.376204,38.1497
87.75,0.375858,38.1685
87.8,0.375678,38.1873
87.85,0.375519,38.206
87.9,0.375404,38.2248
87.95,0.375377,38.2436
88.0,0.375213,38.2623
88.05,0.375104,38.2811
88.1,0.375077,38.2998
88.15,0.374965,38.3186
88.2,0.374651,38.3373
88.25,0.374498,38.356
88.3,0.374388,38.3748
88.35,0.374305,38.3935
88.4,0.374207,38.4122
88.45,0.374084,38.4309
88.5,0.373949,38.4496
88.55,0.373805,38.4683
88.6,0.373768,38.487
88.65,0.373948,38.5057
88.7,0.373908,38.5244
88.75,0.373795,38.5431
88.8,0.373674,38.5617
88.85,0.373583,38.5804
88.9,0.373497,38.5991
88.95,0.373415,38.6178
89.0,0.373324,38.6364
89.05,0.373059,38.6551
89.1,0.372803,38.6737
89.15,0.372673,38.6924
89.2,0.372546,38.711
89.25,0.37238,38.7296
89.3,0.37233,38.7482
89.35,0.372217,38.7668
89.4,0.372137,38.7854
89.45,0.37208,38.804
89.5,0.371987,38.8226
89.55,0.371871,38.8412
89.6,0.371737,38.8598
89.65,0.371626,38.8784
89.7,0.371499,38.897
89.75,0.371403,38.9155
89.8,0.371377,38.9341
89.85,0.37128,38.9527
89.9,0.371194,38.9712
89.95,0.371138,38.9898
90.0,0.371032,39.0083
90.05,0.370962,39.0269
90.1,0.370898,39.0454
90.15,0.370811,39.064
90.2,0.370726,39.0825
90.25,0.370626,39.101
90.3,0.370502,39.1196
90.35,0.370375,39.1381
90.4,0.370255,39.1566
90.45,0.370108,39.1751
90.5,0.370009,39.1936
90.55,0.369897,39.2121
90.6,0.36976,39.2306
90.65,0.369641,39.2491
90.7,0.369555,39.2676
90.75,0.369506,39.286
90.8,0.369495,39.3045
90.85,0.369376,39.323
90.9,0.369164,39.3414
90.95,0.369104,39.3599
91.0,0.368947,39.3783
91.05,0.36879,39.3968
91.1,0.368615,39.4152
91.15,0.368472,39.4336
91.2,0.368381,39.452
91.25,0.368247,39.4705
91.3,0.368123,39.4889
91.35,0.368061,39.5073
91.4,0.367998,39.5257
91.45,0.367914,39.5441
91.5,0.367831,39.5625
91.55,0.367673,39.5808
91.6,0.367539,39.5992
91.65,0.367424,39.6176
91.7,0.367276,39.6359
91.75,0.367144,39.6543
91.8,0.367066,39.6727
91.85,0.366954,39.691
91.9,0.366816,39.7093
91.95,0.366578,39.7277
92.0,0.366409,39.746
92.05,0.366264,39.7643
92.1,0.366095,39.7826
92.15,0.365916,39.8009
92.2,0.365807,39.8192
92.25,0.365639,39.8375
92.3,0.365464,39.8558
92.35,0.365328,39.874
92.4,0.365199,39.8923
92.45,0.36496,39.9105
92.5,0.364738,39.9288
92.55,0.364445,39.947
92.6,0.364197,39.9652
92.65,0.363963,39.9834
92.7,0.363307,40.0016
92.75,0.359025,40.0195
92.8,0.358444,40.0374
92.85,0.358394,40.0554
92.9,0.358311,40.0733
92.95,0.35811,40.0912
93.0,0.35798,40.1091
93.05,0.357842,40.127
93.1,0.35772,40.1449
93.15,0.357578,40.1627
93.2,0.357453,40.1806
93.25,0.357264,40.1985
93.3,0.357067,40.2163
93.35,0.356863,40.2342
93.4,0.356624,40.252
93.45,0.356396,40.2698
93.5,0.356197,40.2876
93.55,0.35604,40.3054
93.6,0.355893,40.3232
93.65,0.355665,40.341
93.7,0.355487,40.3588
93.75,0.355273,40.3765
93.8,0.355249,40.3943
93.85,0.355189,40.4121
93.9,0.355071,40.4298
93.95,0.354919,40.4476
94.0,0.354797,40.4653
94.05,0.354596,40.483
94.1,0.354384,40.5008
94.15,0.354202,40.5185
94.2,0.354034,40.5362
94.25,0.353947,40.5539
94.3,0.353774,40.5716
94.35,0.353732,40.5892
94.4,0.353736,40.6069
94.45,0.353508,40.6246
94.5,0.353125,40.6423
94.55,0.353549,40.6599
94.6,0.353577,40.6776
94.65,0.353408,40.6953
94.7,0.353248,40.7129
94.75,0.353099,40.7306
94.8,0.353066,40.7483
94.85,0.35267,40.7659
94.9,0.352579,40.7835
94.95,0.352219,40.8011
95.0,0.351963,40.8187
95.05,0.352085,40.8363
95.1,0.351916,40.8539
95.15,0.35165,40.8715
95.2,0.351248,40.8891
95.25,0.350975,40.9066
95.3,0.350947,40.9242
95.35,0.350786,40.9417
95.4,0.350562,40.9592
95.45,0.350122,40.9767
95.5,0.349834,40.9942
95.55,0.349658,41.0117
95.6,0.349471,41.0292
95.65,0.349452,41.0467
95.7,0.349124,41.0641
95.75,0.349045,41.0816
95.8,0.348836,41.099
95.85,0.348745,41.1164
95.9,0.348178,41.1339
95.95,0.347897,41.1513
96.0,0.347545,41.1686
96.05,0.347095,41.186
96.1,0.346909,41.2033
96.15,0.346769,41.2207
96.2,0.346553,41.238
96.25,0.346194,41.2553
96.3,0.346045,41.2726
96.35,0.346095,41.2899
96.4,0.345513,41.3072
96.45,0.344014,41.3244
96.5,0.343562,41.3416
96.55,0.343169,41.3587
96.6,0.342798,41.3759
96.65,0.342963,41.393
96.7,0.34374,41.4102
96.75,0.349106,41.4277
96.8,0.34899,41.4451
96.85,0.347271,41.4625
96.9,0.346183,41.4798
96.95,0.348412,41.4972
97.0,0.348031,41.5146
97.05,0.348659,41.532
97.1,0.348877,41.5495
97.15,0.34887,41.5669
97.2,0.348809,41.5844
97.25,0.346669,41.6017
97.3,0.348243,41.6191
97.35,0.346177,41.6364
97.4,0.345992,41.6537
97.45,0.346654,41.671
97.5,0.348193,41.6885
97.55,0.349017,41.7059
97.6,0.348745,41.7233
97.65,0.348463,41.7408
97.7,0.347305,41.7581
97.75,0.346482,41.7755
97.8,0.346997,41.7928
97.85,0.347641,41.8102
97.9,0.346575,41.8275
97.95,0.347205,41.8449
98.0,0.348258,41.8623
98.05,0.347435,41.8797
98.1,0.347554,41.897
98.15,0.344585,41.9143
98.2,0.34579,41.9316
98.25,0.348216,41.949
98.3,0.34907,41.9664
98.35,0.348184,41.9838
98.4,0.347713,42.0012
98.45,0.34579,42.0185
98.5,0.345724,42.0358
98.55,0.346502,42.0531
98.6,0.34561,42.0704
98.65,0.345855,42.0877
98.7,0.34571,42.105
98.75,0.345146,42.1222
98.8,0.345055,42.1395
98.85,0.343679,42.1567
98.9,0.343366,42.1738
98.95,0.345374,42.1911
99.0,0.344923,42.2084
99.05,0.342487,42.2255
99.1,0.342849,42.2426
99.15,0.343262,42.2598
99.2,0.342774,42.2769
99.25,0.342936,42.2941
99.3,0.3425,42.3112
99.35,0.344044,42.3284
99.4,0.344388,42.3456
99.45,0.344915,42.3629
99.5,0.345291,42.3801
99.55,0.345851,42.3974
99.6,0.346346,42.4147
99.65,0.346458,42.4321
99.7,0.346814,42.4494
99.75,0.345157,42.4667
99.8,0.342301,42.4838
99.85,0.341435,42.5008
99.9,0.340709,42.5179
99.95,0.340262,42.5349
100.0,0.339872,42.5519
100.05,0.339713,42.5689
100.1,0.33884,42.5858
100.15,0.340085,42.6028
100.2,0.339017,42.6198
100.25,0.33826,42.6367
100.3,0.338777,42.6536
100.35,0.338244,42.6705
100.4,0.339168,42.6875
100.45,0.342573,42.7046
100.5,0.343371,42.7218
100.55,0.343426,42.739
100.6,0.343832,42.7562
100.65,0.344101,42.7734
100.7,0.344239,42.7906
100.75,0.344318,42.8078
100.8,0.344217,42.825
100.85,0.344339,42.8422
100.9,0.344464,42.8594
100.95,0.344499,42.8767
101.0,0.344632,42.8939
101.05,0.344554,42.9111
101.1,0.344415,42.9283
101.15,0.344294,42.9456
101.2,0.344118,42.9628
101.25,0.343907,42.98
101.3,0.343753,42.9971
101.35,0.343707,43.0143
101.4,0.343598,43.0315
101.45,0.343662,43.0487
101.5,0.343588,43.0659
101.55,0.343495,43.083
101.6,0.341928,43.1001
101.65,0.341587,43.1172
101.7,0.342355,43.1343
101.75,0.343673,43.1515
101.8,0.3438,43.1687
101.85,0.343721,43.1859
101.9,0.343654,43.2031
101.95,0.343607,43.2203
102.0,0.343668,43.2374
102.05,0.34361,43.2546
102.1,0.343544,43.2718
102.15,0.343444,43.289
102.2,0.34326,43.3061
102.25,0.343236,43.3233
102.3,0.343316,43.3405
102.35,0.343619,43.3577
102.4,0.343529,43.3748
102.45,0.343554,43.392
102.5,0.34347,43.4092
102.55,0.34334,43.4263
102.6,0.343069,43.4435
102.65,0.342533,43.4606
102.7,0.342242,43.4777
102.75,0.341875,43.4948
102.8,0.34141,43.5119
102.85,0.341488,43.529
102.9,0.341624,43.5461
102.95,0.341694,43.5631
103.0,0.341554,43.5802
103.05,0.340363,43.5972
103.1,0.338806,43.6142
103.15,0.338308,43.6311
103.2,0.338186,43.648
103.25,0.338812,43.6649
103.3,0.337983,43.6818
103.35,0.338488,43.6988
103.4,0.338948,43.7157
103.45,0.340514,43.7327
103.5,0.340928,43.7498
103.55,0.340627,43.7668
103.6,0.340756,43.7839
103.65,0.340555,43.8009
103.7,0.339833,43.8179
103.75,0.339255,43.8348
103.8,0.33893,43.8518
103.85,0.338753,43.8687
103.9,0.338714,43.8857
103.95,0.339086,43.9026
104.0,0.33885,43.9196
104.05,0.337812,43.9364
104.1,0.337206,43.9533
104.15,0.336958,43.9701
104.2,0.336465,43.987
104.25,0.337153,44.0038
104.3,0.337376,44.0207
104.35,0.338685,44.0376
104.4,0.339097,44.0546
104.45,0.336874,44.0714
104.5,0.334813,44.0882
104.55,0.334417,44.1049
104.6,0.334577,44.1216
104.65,0.333938,44.1383
104.7,0.333917,44.155
104.75,0.333887,44.1717
104.8,0.334263,44.1884
104.85,0.333577,44.2051
104.9,0.333944,44.2218
104.95,0.332423,44.2384
105.0,0.33286,44.2551
105.05,0.334476,44.2718
105.1,0.334437,44.2885
105.15,0.334667,44.3052
105.2,0.33521,44.322
105.25,0.33387,44.3387
105.3,0.334381,44.3554
105.35,0.333478,44.3721
105.4,0.331546,44.3887
105.45,0.331481,44.4052
105.5,0.331206,44.4218
105.55,0.330638,44.4383
105.6,0.330444,44.4549
105.65,0.331051,44.4714
105.7,0.331369,44.488
105.75,0.330697,44.5045
105.8,0.331783,44.5211
105.85,0.331706,44.5377
105.9,0.331753,44.5543
105.95,0.331859,44.5709
106.0,0.332206,44.5875
106.05,0.332456,44.6041
106.1,0.331521,44.6207
106.15,0.331491,44.6373
106.2,0.331284,44.6538
106.25,0.331475,44.6704
106.3,0.332296,44.687
106.35,0.333019,44.7037
106.4,0.332922,44.7203
106.45,0.333025,44.737
106.5,0.333331,44.7536
106.55,0.333264,44.7703
106.6,0.33315,44.7869
106.65,0.333048,44.8036
106.7,0.333049,44.8202
106.75,0.332274,44.8369
106.8,0.332181,44.8535
106.85,0.332146,44.8701
106.9,0.331906,44.8867
106.95,0.331554,44.9032
107.0,0.330433,44.9198
107.05,0.330006,44.9363
107.1,0.329526,44.9527
107.15,0.329127,44.9692
107.2,0.328812,44.9856
107.25,0.329239,45.0021
107.3,0.328885,45.0185
107.35,0.328189,45.035
107.4,0.328067,45.0514
107.45,0.328213,45.0678
107.5,0.328184,45.0842
107.55,0.327965,45.1006
107.6,0.328061,45.117
107.65,0.327323,45.1334
107.7,0.327401,45.1497
107.75,0.326895,45.1661
107.8,0.326601,45.1824
107.85,0.326366,45.1987
107.9,0.327561,45.2151
107.95,0.327097,45.2314
108.0,0.327059,45.2478
108.05,0.326528,45.2641
108.1,0.326048,45.2804
108.15,0.325977,45.2967
108.2,0.326089,45.313
108.25,0.325662,45.3293
108.3,0.325488,45.3456
108.35,0.325041,45.3618
108.4,0.324962,45.3781
108.45,0.323669,45.3943
108.5,0.323111,45.4104
108.55,0.32315,45.4266
108.6,0.323028,45.4427
108.65,0.322827,45.4589
108.7,0.322832,45.475
108.75,0.322912,45.4912
108.8,0.323408,45.5073
108.85,0.324753,45.5236
108.9,0.324696,45.5398
108.95,0.325481,45.5561
109.0,0.32442,45.5723
109.05,0.325044,45.5886
109.1,0.325299,45.6048
109.15,0.32515,45.6211
109.2,0.325003,45.6373
109.25,0.325113,45.6536
109.3,0.32545,45.6699
109.35,0.325263,45.6861
109.4,0.32511,45.7024
109.45,0.324718,45.7186
109.5,0.323401,45.7348
109.55,0.324492,45.751
109.6,0.325347,45.7673
109.65,0.325646,45.7836
109.7,0.325395,45.7998
109.75,0.32421,45.816
109.8,0.326174,45.8323
109.85,0.327724,45.8487
109.9,0.326802,45.8651
109.95,0.326909,45.8814
110.0,0.327116,45.8978
110.05,0.327902,45.9142
110.1,0.327795,45.9306
110.15,0.327191,45.9469
110.2,0.326987,45.9633
110.25,0.326391,45.9796
110.3,0.32602,45.9959
110.35,0.325974,46.0122
110.4,0.325292,46.0284
110.45,0.327559,46.0448
110.5,0.331903,46.0614
110.55,0.332859,46.0781
110.6,0.331974,46.0947
110.65,0.33237,46.1113
110.7,0.332581,46.1279
110.75,0.33229,46.1445
110.8,0.332471,46.1611
110.85,0.331583,46.1777
110.9,0.331376,46.1943
110.95,0.331246,46.2109
111.0,0.33399,46.2276
111.05,0.333558,46.2442
111.1,0.333861,46.2609
111.15,0.333702,46.2776
111.2,0.333304,46.2943
111.25,0.333463,46.311
111.3,0.335102,46.3277
111.35,0.336047,46.3445
111.4,0.333703,46.3612
111.45,0.331917,46.3778
111.5,0.331846,46.3944
111.55,0.334276,46.4111
111.6,0.334036,46.4278
111.65,0.332638,46.4444
111.7,0.33309,46.4611
111.75,0.332716,46.4777
111.8,0.332603,46.4944
111.85,0.332748,46.511
111.9,0.333307,46.5277
111.95,0.3329,46.5443
112.0,0.333172,46.561
112.05,0.331999,46.5776
112.1,0.330986,46.5941
112.15,0.331145,46.6107
112.2,0.331795,46.6273
112.25,0.330462,46.6438
112.3,0.33114,46.6603
112.35,0.330639,46.6769
112.4,0.330721,46.6934
112.45,0.330667,46.7099
112.5,0.329787,46.7264
112.55,0.329256,46.7429
112.6,0.330111,46.7594
112.65,0.330463,46.7759
112.7,0.329452,46.7924
112.75,0.328944,46.8088
112.8,0.329804,46.8253
112.85,0.329735,46.8418
112.9,0.329292,46.8583
112.95,0.32828,46.8747
113.0,0.328264,46.8911
113.05,0.327913,46.9075
113.1,0.328736,46.9239
113.15,0.329897,46.9404
113.2,0.328657,46.9569
113.25,0.32671,46.9732
113.3,0.326284,46.9895
113.35,0.327257,47.0059
113.4,0.327431,47.0222
113.45,0.327818,47.0386
113.5,0.327683,47.055
113.55,0.329531,47.0715
113.6,0.330321,47.088
113.65,0.330843,47.1046
113.7,0.33129,47.1211
113.75,0.330232,47.1376
113.8,0.329177,47.1541
113.85,0.330184,47.1706
113.9,0.328802,47.187
113.95,0.327231,47.2034
114.0,0.329985,47.2199
114.05,0.331124,47.2365
114.1,0.330992,47.253
114.15,0.330813,47.2696
114.2,0.330006,47.286
114.25,0.329661,47.3025
114.3,0.331278,47.3191
114.35,0.332159,47.3357
114.4,0.330677,47.3522
114.45,0.329088,47.3687
114.5,0.328806,47.3851
114.55,0.32821,47.4015
114.6,0.330126,47.4181
114.65,0.32814,47.4345
114.7,0.326928,47.4508
114.75,0.325378,47.4671
114.8,0.323848,47.4833
114.85,0.324441,47.4995
114.9,0.325276,47.5158
114.95,0.325682,47.532
115.0,0.327195,47.5484
115.05,0.325689,47.5647
115.1,0.326126,47.581
115.15,0.325717,47.5973
115.2,0.326609,47.6136
115.25,0.327686,47.63
115.3,0.327612,47.6464
115.35,0.327175,47.6627
115.4,0.327007,47.6791
115.45,0.325546,47.6954
115.5,0.323892,47.7115
115.55,0.325371,47.7278
115.6,0.326956,47.7442
115.65,0.328739,47.7606
115.7,0.328174,47.777
115.75,0.327891,47.7934
115.8,0.327491,47.8098
115.85,0.324876,47.826
115.9,0.324649,47.8423
115.95,0.324671,47.8585
116.0,0.324856,47.8747
116.05,0.325176,47.891
116.1,0.325002,47.9072
116.15,0.324636,47.9235
116.2,0.324808,47.9397
116.25,0.324502,47.9559
116.3,0.323423,47.9721
116.35,0.32606,47.9884
116.4,0.326949,48.0048
116.45,0.326375,48.0211
116.5,0.325244,48.0373
116.55,0.325958,48.0536
116.6,0.326378,48.07
116.65,0.325308,48.0862
116.7,0.324928,48.1025
116.75,0.325134,48.1187
116.8,0.324865,48.135
116.85,0.324904,48.1512
116.9,0.325774,48.1675
116.95,0.326167,48.1838
117.0,0.325331,48.2001
117.05,0.325633,48.2164
117.1,0.323942,48.2326
117.15,0.322345,48.2487
117.2,0.322509,48.2648
117.25,0.323249,48.281
117.3,0.323221,48.2971
117.35,0.323057,48.3133
117.4,0.322901,48.3294
117.45,0.322955,48.3456
117.5,0.32142,48.3616
117.55,0.32145,48.3777
117.6,0.321798,48.3938
117.65,0.3209,48.4098
117.7,0.31996,48.4258
117.75,0.319172,48.4418
117.8,0.319136,48.4578
117.85,0.318991,48.4737
117.9,0.318748,48.4896
117.95,0.318443,48.5056
118.0,0.318254,48.5215
118.05,0.318091,48.5374
118.1,0.318201,48.5533
118.15,0.317927,48.5692
118.2,0.317953,48.5851
118.25,0.318483,48.601
118.3,0.31815,48.6169
118.35,0.318212,48.6328
118.4,0.317966,48.6487
118.45,0.31784,48.6646
118.5,0.317599,48.6805
118.55,0.317361,48.6964
118.6,0.317397,48.7122
118.65,0.317237,48.7281
118.7,0.318149,48.744
118.75,0.317756,48.7599
118.8,0.317871,48.7758
118.85,0.317014,48.7916
118.9,0.317101,48.8075
118.95,0.317284,48.8234
119.0,0.316838,48.8392
119.05,0.317307,48.8551
119.1,0.317523,48.8709
119.15,0.317999,48.8868
119.2,0.317347,48.9027
119.25,0.317188,48.9186
119.3,0.316237,48.9344
119.35,0.318624,48.9503
119.4,0.319592,48.9663
119.45,0.321225,48.9824
119.5,0.319746,48.9983
119.55,0.31749,49.0142
119.6,0.317801,49.0301
119.65,0.314506,49.0458
119.7,0.315008,49.0616
119.75,0.311915,49.0772
119.8,0.308918,49.0926
119.85,0.312444,49.1082
119.9,0.312979,49.1239
119.95,0.314011,49.1396
120.0,0.313779,49.1553
120.05,0.312453,49.1709
120.1,0.313697,49.1866
120.15,0.313966,49.2023
120.2,0.309918,49.2178
120.25,0.310792,49.2333
120.3,0.310258,49.2488
120.35,0.313002,49.2645
120.4,0.312953,49.2801
120.45,0.313136,49.2958
120.5,0.311598,49.3114
120.55,0.311697,49.327
120.6,0.311355,49.3425
120.65,0.310399,49.358
120.7,0.312169,49.3737
120.75,0.312651,49.3893
120.8,0.312119,49.4049
120.85,0.31131,49.4205
120.9,0.310843,49.436
120.95,0.312519,49.4516
121.0,0.312973,49.4673
121.05,0.312364,49.4829
121.1,0.311186,49.4985
121.15,0.311333,49.514
121.2,0.312624,49.5297
121.25,0.31371,49.5453
121.3,0.315407,49.5611
121.35,0.313942,49.5768
121.4,0.310838,49.5923
121.45,0.309419,49.6078
121.5,0.310199,49.6233
121.55,0.309383,49.6388
121.6,0.309299,49.6543
121.65,0.308692,49.6697
121.7,0.309713,49.6852
121.75,0.307261,49.7005
121.8,0.307462,49.7159
121.85,0.306018,49.7312
121.9,0.303674,49.7464
121.95,0.305861,49.7617
122.0,0.306769,49.777
122.05,0.30722,49.7924
122.1,0.308291,49.8078
122.15,0.306796,49.8232
122.2,0.307868,49.8385
122.25,0.30496,49.8538
122.3,0.302573,49.8689
122.35,0.302115,49.884
122.4,0.301228,49.8991
122.45,0.29924,49.914
122.5,0.297639,49.9289
122.55,0.297456,49.9438
122.6,0.296825,49.9586
122.65,0.298035,49.9735
122.7,0.297666,49.9884
122.75,0.301156,50.0035
122.8,0.302422,50.0186
122.85,0.30255,50.0337
122.9,0.303021,50.0489
122.95,0.301436,50.064
123.0,0.299289,50.0789
123.05,0.301595,50.094
123.1,0.298927,50.1089
123.15,0.299251,50.1239
123.2,0.299018,50.1389
123.25,0.299453,50.1538
123.3,0.299501,50.1688
123.35,0.298112,50.1837
123.4,0.295819,50.1985
123.45,0.296306,50.2133
123.5,0.297497,50.2282
123.55,0.29752,50.2431
123.6,0.299322,50.258
123.65,0.30126,50.2731
123.7,0.301915,50.2882
123.75,0.301069,50.3033
123.8,0.299076,50.3182
123.85,0.29701,50.3331
123.9,0.296879,50.3479
123.95,0.29752,50.3628
124.0,0.298663,50.3777
124.05,0.299013,50.3927
124.1,0.298757,50.4076
124.15,0.29955,50.4226
124.2,0.297323,50.4374
124.25,0.297551,50.4523
124.3,0.296151,50.4671
124.35,0.296667,50.482
124.4,0.29443,50.4967
124.45,0.297975,50.5116
124.5,0.299412,50.5266
124.55,0.300221,50.5416
124.6,0.299875,50.5566
124.65,0.296086,50.5714
124.7,0.294964,50.5861
124.75,0.296426,50.6009
124.8,0.296799,50.6158
124.85,0.298881,50.6307
124.9,0.298918,50.6457
124.95,0.298271,50.6606
125.0,0.2991,50.6755
125.05,0.295732,50.6903
125.1,0.29413,50.705
125.15,0.291668,50.7196
125.2,0.292556,50.7342
125.25,0.293022,50.7489
125.3,0.294952,50.7636
125.35,0.294735,50.7784
125.4,0.293884,50.7931
125.45,0.29617,50.8079
125.5,0.296678,50.8227
125.55,0.294935,50.8375
125.6,0.295863,50.8522
125.65,0.294888,50.867
125.7,0.295141,50.8817
125.75,0.291911,50.8963
125.8,0.292157,50.9109
125.85,0.290939,50.9255
125.9,0.291831,50.9401
125.95,0.289575,50.9546
126.0,0.287729,50.969
126.05,0.287471,50.9833
126.1,0.288962,50.9978
126.15,0.290356,51.0123
126.2,0.287906,51.0267
126.25,0.289276,51.0411
126.3,0.288893,51.0556
126.35,0.28765,51.07
126.4,0.290541,51.0845
126.45,0.290627,51.099
126.5,0.291198,51.1136
126.55,0.292426,51.1282
126.6,0.291979,51.1428
126.65,0.288886,51.1573
126.7,0.288569,51.1717
126.75,0.288207,51.1861
126.8,0.287003,51.2005
126.85,0.287983,51.2148
126.9,0.287883,51.2292
126.95,0.287591,51.2436
127.0,0.28592,51.2579
127.05,0.28651,51.2722
127.1,0.287206,51.2866
127.15,0.287244,51.301
127.2,0.28883,51.3154
127.25,0.289378,51.3299
127.3,0.28877,51.3443
127.35,0.287806,51.3587
127.4,0.288649,51.3731
127.45,0.28867,51.3876
127.5,0.288757,51.402
127.55,0.287212,51.4164
127.6,0.286712,51.4307
127.65,0.286208,51.445
127.7,0.28627,51.4593
127.75,0.286886,51.4737
127.8,0.288135,51.4881
127.85,0.287277,51.5024
127.9,0.287555,51.5168
127.95,0.289046,51.5313
128.0,0.288908,51.5457
128.05,0.288917,51.5602
128.1,0.288144,51.5746
128.15,0.288957,51.589
128.2,0.28864,51.6035
128.25,0.286721,51.6178
128.3,0.284237,51.632
128.35,0.282234,51.6461
128.4,0.284195,51.6603
128.45,0.286221,51.6746
128.5,0.28452,51.6889
128.55,0.285775,51.7031
128.6,0.284764,51.7174
128.65,0.284141,51.7316
128.7,0.283877,51.7458
128.75,0.28347,51.76
128.8,0.282108,51.7741
128.85,0.282167,51.7882
128.9,0.280787,51.8022
128.95,0.280338,51.8162
129.0,0.280174,51.8302
129.05,0.279807,51.8442
129.1,0.27851,51.8582
129.15,0.276118,51.872
129.2,0.277985,51.8859
129.25,0.277575,51.8997
129.3,0.275612,51.9135
129.35,0.274877,51.9273
129.4,0.275857,51.9411
129.45,0.275564,51.9548
129.5,0.274986,51.9686
129.55,0.274881,51.9823
129.6,0.274782,51.9961
129.65,0.273949,52.0098
129.7,0.273441,52.0234
129.75,0.274526,52.0372
129.8,0.274742,52.0509
129.85,0.272646,52.0645
129.9,0.272426,52.0782
129.95,0.271532,52.0917
130.0,0.26964,52.1052
130.05,0.269072,52.1187
130.1,0.266926,52.132
130.15,0.26738,52.1454
130.2,0.269678,52.1589
130.25,0.26971,52.1724
130.3,0.269153,52.1858
130.35,0.268945,52.1993
130.4,0.267927,52.2127
130.45,0.268345,52.2261
130.5,0.270038,52.2396
130.55,0.266905,52.2529
130.6,0.264444,52.2661
130.65,0.26671,52.2795
130.7,0.269482,52.2929
130.75,0.26852,52.3064
130.8,0.260883,52.3194
130.85,0.252886,52.3321
130.9,0.259824,52.3451
130.95,0.257142,52.3579
131.0,0.252856,52.3706
131.05,0.250112,52.3831
131.1,0.239207,52.395
131.15,0.233033,52.4067
131.2,0.198287,52.4166
131.25,0.172475,52.4252
131.3,0.183842,52.4344
131.35,0.18401,52.4436
131.4,0.183381,52.4528
131.45,0.182174,52.4619
131.5,0.180835,52.4709
131.55,0.179987,52.4799
131.6,0.179278,52.4889
131.65,0.178941,52.4978
131.7,0.180847,52.5069
131.75,0.18243,52.516
131.8,0.182052,52.5251
131.85,0.17832,52.534
131.9,0.176411,52.5428
131.95,0.17543,52.5516
132.0,0.17439,52.5603
132.05,0.17331,52.569
132.1,0.172598,52.5776
132.15,0.171039,52.5862
132.2,0.169437,52.5946
132.25,0.168657,52.6031
132.3,0.167561,52.6115
132.35,0.165451,52.6197
132.4,0.164464,52.628
132.45,0.163448,52.6361
132.5,0.161703,52.6442
132.55,0.161043,52.6523
132.6,0.159452,52.6602
132.65,0.158006,52.6681
132.7,0.157217,52.676
132.75,0.156489,52.6838
132.8,0.155301,52.6916
132.85,0.155109,52.6993
132.9,0.153608,52.707
132.95,0.153179,52.7147
133.0,0.152527,52.7223
133.05,0.150742,52.7298
133.1,0.149997,52.7373
133.15,0.148748,52.7448
133.2,0.148439,52.7522
133.25,0.14794,52.7596
133.3,0.147023,52.7669
133.35,0.146257,52.7743
133.4,0.145681,52.7815
133.45,0.144638,52.7888
133.5,0.145397,52.796
133.55,0.143324,52.8032
133.6,0.141911,52.8103
133.65,0.141316,52.8174
133.7,0.140131,52.8244
133.75,0.138656,52.8313
133.8,0.137963,52.8382
133.85,0.137137,52.8451
133.9,0.136125,52.8519
133.95,0.135553,52.8587
134.0,0.1346,52.8654
134.05,0.133429,52.8721
134.1,0.132386,52.8787
134.15,0.131495,52.8853
134.2,0.130879,52.8918
134.25,0.130402,52.8983
134.3,0.129634,52.9048
134.35,0.129825,52.9113
134.4,0.126004,52.9176
134.45,0.124575,52.9238
134.5,0.122491,52.9299
134.55,0.121581,52.936
134.6,0.120331,52.942
134.65,0.119956,52.948
134.7,0.119528,52.954
134.75,0.117771,52.9599
134.8,0.117079,52.9658
134.85,0.11695,52.9716
134.9,0.115581,52.9774
134.95,0.114433,52.9831
135.0,0.113567,52.9888
135.05,0.108397,52.9942
135.1,0.105746,52.9995
135.15,0.10408,53.0047
135.2,0.102658,53.0098
135.25,0.100384,53.0148
135.3,0.0992629,53.0198
135.35,0.0998117,53.0248
135.4,0.0984922,53.0297
135.45,0.103098,53.0349
135.5,0.104346,53.0401
135.55,0.102567,53.0452
135.6,0.114516,53.0509
135.65,0.108869,53.0564
135.7,0.112367,53.062
135.75,0.108758,53.0674
135.8,0.108895,53.0729
135.85,0.107653,53.0783
135.9,0.106121,53.0836
135.95,0.106436,53.0889
136.0,0.106419,53.0942
136.05,0.104706,53.0995
136.1,0.104739,53.1047
136.15,0.102982,53.1098
136.2,0.103091,53.115
136.25,0.105081,53.1203
136.3,0.102516,53.1254
136.35,0.101567,53.1305
136.4,0.100664,53.1355
136.45,0.10188,53.1406
136.5,0.104886,53.1458
136.55,0.101804,53.1509
136.6,0.105754,53.1562
136.65,0.106421,53.1615
136.7,0.105507,53.1668
136.75,0.104754,53.172
136.8,0.104927,53.1773
136.85,0.103995,53.1825
136.9,0.102725,53.1876
136.95,0.10512,53.1929
137.0,0.103649,53.1981
137.05,0.104106,53.2033
137.1,0.105943,53.2086
137.15,0.10947,53.214
137.2,0.109356,53.2195
137.25,0.108521,53.2249
137.3,0.10782,53.2303
137.35,0.107277,53.2357
137.4,0.106549,53.241
137.45,0.105924,53.2463
137.5,0.103098,53.2515
137.55,0.101035,53.2565
137.6,0.100378,53.2615
137.65,0.0996511,53.2665
137.7,0.0992626,53.2715
137.75,0.0985352,53.2764
137.8,0.0981379,53.2813
137.85,0.0978555,53.2862
137.9,0.0972472,53.2911
137.95,0.0967452,53.2959
138.0,0.0964129,53.3007
138.05,0.0957034,53.3055
138.1,0.0952991,53.3103
138.15,0.0945696,53.315
138.2,0.0932317,53.3197
138.25,0.0912723,53.3242
138.3,0.0904607,53.3288
138.35,0.089614,53.3332
138.4,0.0888155,53.3377
138.45,0.0877229,53.3421
138.5,0.0872799,53.3464
138.55,0.0850169,53.3507
138.6,0.0837159,53.3549
138.65,0.0828345,53.359
138.7,0.082149,53.3631
138.75,0.0815224,53.3672
138.8,0.0813135,53.3713
138.85,0.0805628,53.3753
138.9,0.0799719,53.3793
138.95,0.0793905,53.3833
139.0,0.0788309,53.3872
139.05,0.0784237,53.3911
139.1,0.0824583,53.3952
139.15,0.0811774,53.3993
139.2,0.0800442,53.4033
139.25,0.0796751,53.4073
139.3,0.078511,53.4112
139.35,0.0773256,53.4151
139.4,0.0632722,53.4182
139.45,0.0351332,53.42
139.5,0.0339728,53.4217
139.55,0.0321431,53.4233
139.6,0.0319363,53.4249
139.65,0.0305625,53.4264
139.7,0.0303043,53.4279
139.75,0.0302545,53.4295
139.8,0.0294979,53.4309
139.85,0.0292965,53.4324
139.9,0.0300036,53.4339
139.95,0.0292345,53.4354
140.0,0.0287493,53.4368
140.05,0.0289344,53.4382
140.1,0.0300115,53.4397
140.15,0.0281721,53.4411
140.2,0.0264124,53.4425
140.25,0.0259385,53.4438
140.3,0.0256158,53.445
140.35,0.0249684,53.4463
140.4,0.0240102,53.4475
140.45,0.0248532,53.4487
140.5,0.0278535,53.4501
140.55,0.0245045,53.4514
140.6,0.0233693,53.4525
140.65,0.0225016,53.4536
140.7,0.0215532,53.4547
140.75,0.0212119,53.4558
140.8,0.0205755,53.4568
140.85,0.0210904,53.4579
140.9,0.0198674,53.4589
140.95,0.0198989,53.4599
141.0,0.0194765,53.4608
141.05,0.0186855,53.4618
141.1,0.0181998,53.4627
141.15,0.0178136,53.4636
141.2,0.0172311,53.4644
141.25,0.0166866,53.4653
141.3,0.0160316,53.4661
141.35,0.0157315,53.4669
141.4,0.0147633,53.4676
141.45,0.0139224,53.4683
141.5,0.0135989,53.469
141.55,0.0132976,53.4696
141.6,0.0138648,53.4703
141.65,0.0138164,53.471
141.7,0.0134879,53.4717
141.75,0.0125791,53.4723
141.8,0.0118127,53.4729
141.85,0.0104928,53.4734
141.9,0.00973687,53.4739
141.95,0.00965489,53.4744
142.0,0.010761,53.4749
142.05,0.0103618,53.4755
142.1,0.00917326,53.4759
142.15,0.00880503,53.4764
142.2,0.00925274,53.4768
142.25,0.00966681,53.4773
142.3,0.00923507,53.4778
142.35,0.00844202,53.4782
142.4,0.00801412,53.4786
142.45,0.00922542,53.479
142.5,0.00886414,53.4795
142.55,0.00855171,53.4799
142.6,0.00819514,53.4803
142.65,0.00792158,53.4807
142.7,0.00799432,53.4811
142.75,0.00805462,53.4815
142.8,0.00762973,53.4819
142.85,0.00715792,53.4823
142.9,0.00680899,53.4826
142.95,0.00657641,53.4829
143.0,0.00626789,53.4832
143.05,0.00576302,53.4835
143.1,0.00669318,53.4839
143.15,0.00904062,53.4843
143.2,0.00855512,53.4848
143.25,0.00798907,53.4852
143.3,0.00772002,53.4855
143.35,0.00662029,53.4859
143.4,0.00597957,53.4862
143.45,0.0051561,53.4864
143.5,0.0046175,53.4867
143.55,0.00432615,53.4869
143.6,0.00935395,53.4873
143.65,0.00492385,53.4876
143.7,0.00512788,53.4878
143.75,0.00329106,53.488
143.8,0.00466449,53.4882
143.85,0.0096443,53.4887
143.9,0.00980987,53.4892
143.95,0.00947587,53.4897
144.0,0.0117646,53.4903
144.05,0.0121924,53.4909
144.1,0.0124323,53.4915
144.15,0.0127949,53.4921
144.2,0.0127189,53.4928
144.25,0.0109647,53.4933
144.3,0.0110674,53.4939
144.35,0.0103308,53.4944
144.4,0.010259,53.4949
144.45,0.0108512,53.4955
144.5,0.0107235,53.496
144.55,0.0108948,53.4965
144.6,0.0108075,53.4971
144.65,0.0107469,53.4976
144.7,0.010736,53.4981
144.75,0.00849631,53.4986
144.8,0.0058996,53.4989
144.85,0.00593149,53.4992
144.9,0.00609428,53.4995
144.95,0.00556747,53.4998
145.0,0.00537509,53.5
145.05,0.00513002,53.5003
145.1,0.00477265,53.5005
145.15,0.00629875,53.5008
145.2,0.00471888,53.5011
145.25,0.00576876,53.5014
145.3,0.00622972,53.5017
145.35,0.00557094,53.5019
145.4,0.00482407,53.5022
145.45,0.00812789,53.5026
145.5,0.00810161,53.503
145.55,0.00749813,53.5034
145.6,0.00796596,53.5038
145.65,0.00961612,53.5042
145.7,0.00959481,53.5047
145.75,0.00849842,53.5052
145.8,0.00728902,53.5055
145.85,0.00712002,53.5059
145.9,0.00686937,53.5062
145.95,0.00643272,53.5065
146.0,0.00586507,53.5068
146.05,0.005323,53.5071
146.1,0.00508828,53.5074
146.15,0.00489633,53.5076
146.2,0.00469444,53.5078
146.25,0.00455963,53.5081
146.3,0.00409737,53.5083
146.35,0.00354855,53.5084
146.4,0.00231161,53.5086
146.45,8.63212e-05,53.5086
146.5,0.000259632,53.5086
146.55,0.000160888,53.5086
146.6,9.21984e-05,53.5086
146.65,-1.07192e-05,53.5086
146.7,-3.9671e-05,53.5086
146.75,-4.90879e-05,53.5086
146.8,-3.06549e-05,53.5086
146.85,-7.66706e-05,53.5086
146.9,-4.05727e-05,53.5086
146.95,-1.23555e-06,53.5086
147.0,-9.98455e-06,53.5086
147.05,-1.58951e-05,53.5086
147.1,-5.39967e-05,53.5086
147.15,-9.65061e-06,53.5086
147.2,-3.17235e-05,53.5086
147.25,-1.08194e-05,53.5086
147.3,0.000138648,53.5086
147.35,4.70509e-05,53.5086
147.4,3.35601e-05,53.5086
147.45,2.76161e-05,53.5086
147.5,-3.6866e-05,53.5086
147.55,-5.36628e-05,53.5086
147.6,-1.14872e-05,53.5086
147.65,-4.63163e-05,53.5086
147.7,-7.63033e-05,53.5086
147.75,-2.10043e-05,53.5086
147.8,0.000305447,53.5086
147.85,5.46646e-05,53.5086
147.9,0.000217489,53.5086
147.95,0.000463129,53.5086
148.0,0.000392436,53.5086
148.05,0.000391802,53.5087
148.1,0.000619743,53.5087
148.15,0.000402421,53.5087
148.2,0.000297466,53.5087
148.25,0.000225504,53.5087
148.3,0.00199113,53.5088
148.35,0.00194782,53.5089
148.4,0.00105993,53.509
148.45,-0.000171574,53.509
148.5,-0.00016583,53.509
148.55,-0.000139249,53.509
148.6,-0.000155412,53.509
148.65,-0.000150737,53.5089
148.7,0.00014339,53.509
148.75,0.000699286,53.509
148.8,0.000817931,53.509
148.85,0.000855632,53.5091
148.9,0.000514054,53.5091
148.95,0.000380181,53.5091
149.0,0.000401886,53.5091
149.05,0.000291489,53.5092
149.1,0.000164862,53.5092
149.15,2.77831e-05,53.5092
149.2,-2.67145e-05,53.5092
149.25,1.26226e-05,53.5092
149.3,8.89927e-05,53.5092
149.35,1.55946e-05,53.5092
149.4,-3.07217e-05,53.5092
149.45,-2.27741e-05,53.5092
149.5,-1.89339e-05,53.5092
149.55,-7.04261e-05,53.5092
149.6,-5.57999e-05,53.5092
149.65,-6.52168e-05,53.5092
149.7,-1.36244e-05,53.5092
149.75,1.48599e-05,53.5092
149.8,7.51345e-06,53.5092
149.85,5.27611e-06,53.5092
149.9,-5.71023e-06,53.5092
149.95,3.4061e-06,53.5092
150.0,8.91597e-06,53.5092
150.05,2.38427e-05,53.5092
150.1,2.49113e-05,53.5092
150.15,2.13382e-05,53.5092
150.2,0.000110565,53.5092
150.25,0.000193246,53.5092
150.3,0.000129432,53.5092
150.35,0.000100012,53.5092
150.4,0.000106023,53.5092
150.45,0.000163292,53.5092
150.5,0.000173177,53.5092
150.55,0.000117611,53.5092
150.6,0.000175748,53.5092
150.65,0.000146329,53.5092
150.7,0.000159552,53.5092
150.75,-8.51525e-06,53.5092
150.8,6.50164e-05,53.5092
150.85,-0.000212647,53.5092
150.9,0.00034061,53.5093
150.95,3.46287e-05,53.5093
151.0,8.188e-05,53.5093
151.05,-5.37629e-06,53.5093
151.1,-7.61029e-05,53.5093
151.15,-0.000131202,53.5092
151.2,-0.000105188,53.5092
151.25,-0.000256793,53.5092
151.3,-0.000239829,53.5092
151.35,0.00028304,53.5092
151.4,-0.00016593,53.5092
151.45,0.000739992,53.5093
151.5,-0.000311558,53.5092
151.55,-8.5787e-05,53.5092
151.6,-0.000178854,53.5092
151.65,7.42329e-05,53.5092
151.7,0.000148867,53.5092
151.75,-0.00016356,53.5092
151.8,0.000179455,53.5092
151.85,0.000182761,53.5093
151.9,0.000469875,53.5093
151.95,0.000669232,53.5093
152.0,0.00189443,53.5094
152.05,0.00144041,53.5095
152.1,0.00166248,53.5096
152.15,0.000956847,53.5096
152.2,-3.33931e-06,53.5096
152.25,-6.53504e-05,53.5096
152.3,0.000934139,53.5096
152.35,0.00144235,53.5097
152.4,0.000499762,53.5097
152.45,0.000518061,53.5098
152.5,0.000969102,53.5098
152.55,0.000751379,53.5099
152.6,-1.2823e-05,53.5099
152.65,-0.000119113,53.5098
152.7,-0.000206336,53.5098
152.75,-0.000201661,53.5098
152.8,-0.000190808,53.5098
152.85,-0.000158584,53.5098
152.9,-0.000162858,53.5098
152.95,-0.000149868,53.5098
153.0,-0.000100313,53.5098
153.05,-0.000159118,53.5098
153.1,-0.000250983,53.5098
153.15,-0.000265976,53.5098
153.2,-0.00028284,53.5097
153.25,-0.000290754,53.5097
153.3,-0.000344984,53.5097
153.35,-0.000327186,53.5097
153.4,-0.000329724,53.5097
153.45,-0.000323279,53.5097
153.5,-0.000295763,53.5096
153.55,-0.000273056,53.5096
153.6,-0.00032191,53.5096
153.65,-0.000329757,53.5096
153.7,-0.000325383,53.5096
153.75,-0.000292591,53.5096
153.8,-0.000198789,53.5096
153.85,-0.000251517,53.5095
153.9,-0.000236991,53.5095
153.95,-0.000276195,53.5095
154.0,-0.000283608,53.5095
154.05,-0.000318437,53.5095
154.1,-0.000326151,53.5095
154.15,-0.000321208,53.5095
154.2,-0.00026237,53.5094
154.25,-0.000297433,53.5094
154.3,-0.000324347,53.5094
154.35,-0.000337838,53.5094
154.4,-0.000339241,53.5094
154.45,-0.000339274,53.5094
154.5,-0.000326284,53.5093
154.55,-0.000330826,53.5093
154.6,-0.000349426,53.5093
154.65,-0.00034622,53.5093
154.7,-0.000374036,53.5093
154.75,-0.000372601,53.5093
154.8,-0.000372701,53.5092
154.85,-0.000374738,53.5092
154.9,-0.000374838,53.5092
154.95,-0.000383153,53.5092
155.0,-0.000380248,53.5092
155.05,-0.000391501,53.5091
155.1,-0.000396176,53.5091
155.15,-0.000393839,53.5091
155.2,-0.000330959,53.5091
155.25,-0.000310523,53.5091
155.3,-0.000363551,53.5091
155.35,-0.000369495,53.509
155.4,-0.000364453,53.509
155.45,-0.00036275,53.509
155.5,-0.000318103,53.509
155.55,-0.000357173,53.509
155.6,-0.000361915,53.5089
155.65,-0.00040182,53.5089
155.7,-0.000405326,53.5089
155.75,-0.000413006,53.5089
155.8,-0.000411837,53.5089
155.85,-0.000406595,53.5088
155.9,-0.000418549,53.5088
155.95,-0.000428968,53.5088
156.0,-0.000422757,53.5088
156.05,-0.000417214,53.5088
156.1,-0.000421855,53.5087
156.15,-0.000417214,53.5087
156.2,-0.000414809,53.5087
156.25,-0.000404691,53.5087
156.3,-0.000410569,53.5087
156.35,-0.000409634,53.5086
156.4,-0.000405292,53.5086
156.45,-0.000413941,53.5086
156.5,-0.000422189,53.5086
156.55,-0.000427799,53.5086
156.6,-0.000425662,53.5085
156.65,-0.000434177,53.5085
156.7,-0.000427098,53.5085
156.75,-0.000410936,53.5085
156.8,-0.000416112,53.5084
156.85,-0.000415744,53.5084
156.9,-0.000416679,53.5084
156.95,-0.000409333,53.5084
157.0,-0.000412806,53.5084
157.05,-0.000392603,53.5083
157.1,-0.000410702,53.5083
157.15,-0.000427866,53.5083
157.2,-0.000414509,53.5083
157.25,-0.000410702,53.5083
157.3,-0.000413774,53.5082
157.35,-0.000400718,53.5082
157.4,-0.000413207,53.5082
157.45,-0.000418716,53.5082
157.5,-0.000400684,53.5082
157.55,-0.000396777,53.5081
157.6,-0.000392837,53.5081
157.65,-0.000401185,53.5081
157.7,-0.000382886,53.5081
157.75,-0.000361414,53.5081
157.8,-0.000398413,53.508
157.85,-0.000418015,53.508
157.9,-0.000412472,53.508
157.95,-0.000413474,53.508
158.0,-0.000410268,53.508
158.05,-0.000412105,53.5079
158.1,-0.000421655,53.5079
158.15,-0.000422056,53.5079
158.2,-0.000420119,53.5079
158.25,-0.000391701,53.5079
158.3,-0.000404291,53.5078
158.35,-0.000410402,53.5078
158.4,-0.000412205,53.5078
158.45,-0.000424093,53.5078
158.5,0.00021031,53.5078
158.55,-0.000397545,53.5078
158.6,-0.000393505,53.5077
158.65,-0.000413474,53.5077
158.7,-0.000403289,53.5077
158.75,-0.000405493,53.5077
158.8,-0.00041334,53.5077
158.85,-0.000415744,53.5076
158.9,-0.000405292,53.5076
158.95,-0.000407196,53.5076
159.0,-0.000404691,53.5076
159.05,-0.000404758,53.5076
159.1,-0.000407964,53.5075
159.15,-0.000406628,53.5075
159.2,-0.000412806,53.5075
159.25,-0.000413541,53.5075
159.3,-0.000414041,53.5075
159.35,-0.000418883,53.5074
159.4,-0.000424761,53.5074
159.45,-0.000424894,53.5074
159.5,-0.000433076,53.5074
159.55,-0.000435012,53.5074
159.6,-0.000427031,53.5073
159.65,-0.00042633,53.5073
159.7,-0.000417615,53.5073
159.75,-0.000419818,53.5073
159.8,-0.000434311,53.5072
159.85,-0.000433844,53.5072
159.9,-0.000432975,53.5072
159.95,-0.000431339,53.5072
160.0,-0.000428267,53.5072
160.05,-0.000432942,53.5071
160.1,-0.000427733,53.5071
160.15,-0.000431272,53.5071
160.2,-0.000431706,53.5071
160.25,-0.000432875,53.5071
160.3,-0.000435012,53.507
160.35,-0.000436882,53.507
160.4,-0.000434411,53.507
160.45,-0.000430938,53.507
160.5,-0.000435747,53.5069
160.55,-0.000437684,53.5069
160.6,-0.00043912,53.5069
160.65,-0.000444897,53.5069
160.7,-0.000430337,53.5069
160.75,-0.000427632,53.5068
160.8,-0.000432975,53.5068
160.85,-0.000434111,53.5068
160.9,-0.000431005,53.5068
160.95,8.6388e-05,53.5068
161.0,0.000380548,53.5068
161.05,0.000352064,53.5068
161.1,0.000157716,53.5068
161.15,0.000108461,53.5068
161.2,7.06933e-05,53.5068
161.25,3.24247e-05,53.5068
161.3,4.34111e-07,53.5068
161.35,-3.83353e-05,53.5068
161.4,-5.66014e-05,53.5068
161.45,-6.7187e-05,53.5068
161.5,-7.93421e-05,53.5068
161.55,-9.09295e-05,53.5068
161.6,-0.000106624,53.5068
161.65,-0.000118579,53.5068
161.7,-0.000142756,53.5068
161.75,-0.000157749,53.5068
161.8,-0.000186534,53.5068
161.85,-0.000437884,53.5068
161.9,-0.00044276,53.5067
161.95,-0.000170639,53.5067
162.0,-0.000157649,53.5067
162.05,-0.000292791,53.5067
162.1,-0.000361714,53.5067
162.15,-0.000350561,53.5067
162.2,-0.000375739,53.5066
162.25,-0.000413874,53.5066
162.3,-0.000438485,53.5066
162.35,-0.000449138,53.5066
162.4,-0.000441958,53.5066
162.45,-0.00044139,53.5065
162.5,-0.000443995,53.5065
162.55,-0.000433443,53.5065
162.6,-0.000448637,53.5065
162.65,-0.000447969,53.5065
162.7,-0.000443494,53.5064
162.75,-0.000438986,53.5064
162.8,-0.000432842,53.5064
162.85,-0.000437417,53.5064
162.9,-0.000438051,53.5063
162.95,-0.000447601,53.5063
163.0,-0.000445097,53.5063
163.05,-0.000443962,53.5063
163.1,-0.00043735,53.5063
163.15,-0.000443127,53.5062
163.2,-0.000437149,53.5062
163.25,-0.000436047,53.5062
163.3,-0.000431306,53.5062
163.35,-0.000434612,53.5061
163.4,-0.000438251,53.5061
163.45,-0.000448704,53.5061
163.5,-0.000440622,53.5061
163.55,-0.00044857,53.5061
163.6,-0.000454213,53.506
163.65,-0.000444229,53.506
163.7,-0.000438619,53.506
163.75,-0.000445164,53.506
163.8,-0.000443962,53.5059
163.85,-0.00044286,53.5059
163.9,-0.000442726,53.5059
163.95,-0.000441824,53.5059
164.0,-0.000435213,53.5059
164.05,-0.000431406,53.5058
164.1,-0.000442926,53.5058
164.15,-0.00044473,53.5058
164.2,-0.00045231,53.5058
164.25,-0.000456017,53.5057
164.3,-0.00045044,53.5057
164.35,-0.000450206,53.5057
164.4,-0.000444129,53.5057
164.45,-0.000441925,53.5057
164.5,-0.000431974,53.5056
164.55,-0.000441424,53.5056
164.6,-0.000442659,53.5056
164.65,-0.000444496,53.5056
164.7,-0.000448971,53.5055
164.75,-0.000448269,53.5055
164.8,-0.000447134,53.5055
164.85,-0.000438652,53.5055
164.9,-0.000452243,53.5055
164.95,-0.000446333,53.5054
165.0,-0.000449739,53.5054
165.05,-0.000445331,53.5054
165.1,-0.000449004,53.5054
165.15,-0.000452377,53.5053
165.2,-0.000446466,53.5053
165.25,-0.000447368,53.5053
165.3,-0.000449037,53.5053
165.35,-0.000444129,53.5053
165.4,-0.000445064,53.5052
165.45,-0.000449472,53.5052
165.5,-0.000439821,53.5052
165.55,-0.000448036,53.5052
165.6,-0.000442325,53.5051
165.65,-0.000445464,53.5051
165.7,-0.000440823,53.5051
165.75,-0.000436515,53.5051
165.8,-0.000430504,53.5051
165.85,-0.000435213,53.505
165.9,-0.000439387,53.505
165.95,-0.000434177,53.505
166.0,-0.000429603,53.505
166.05,-0.000443361,53.5049
166.1,-0.000436114,53.5049
166.15,-0.000429736,53.5049
166.2,-0.000426197,53.5049
166.25,-0.000439053,53.5049
166.3,-0.000443194,53.5048
166.35,-0.00043932,53.5048
166.4,-0.000427733,53.5048
166.45,-0.000428801,53.5048
166.5,-0.000440656,53.5047
166.55,-0.000436749,53.5047
166.6,-0.000436181,53.5047
166.65,-0.000444429,53.5047
166.7,-0.000444362,53.5047
166.75,-0.000438819,53.5046
166.8,-0.00043568,53.5046
166.85,-0.000436281,53.5046
166.9,-0.000443427,53.5046
166.95,-0.000441123,53.5046
167.0,-0.000440055,53.5045
167.05,-0.000435046,53.5045
167.1,-0.00043578,53.5045
167.15,-0.00043548,53.5045
167.2,-0.000441891,53.5044
167.25,-0.000443394,53.5044
167.3,-0.00043164,53.5044
167.35,-0.000435346,53.5044
167.4,-0.000439387,53.5044
167.45,-0.000445164,53.5043
167.5,-0.000438519,53.5043
167.55,-0.000450507,53.5043
167.6,-0.000439053,53.5043
167.65,-0.000438084,53.5042
167.7,-0.000431473,53.5042
167.75,-0.000436715,53.5042
167.8,-0.000438118,53.5042
167.85,-0.000451141,53.5042
167.9,-0.000447468,53.5041
167.95,-0.000442192,53.5041
168.0,-0.000439554,53.5041
168.05,-0.000446934,53.5041
168.1,-0.000440789,53.504
168.15,-0.000443695,53.504
168.2,-0.000441925,53.504
168.25,-0.000447568,53.504
168.3,-0.000447368,53.504
168.35,-0.000445565,53.5039
168.4,-0.000447,53.5039
168.45,-0.000457152,53.5039
168.5,-0.000454414,53.5039
168.55,-0.000438285,53.5038
168.6,-0.000446834,53.5038
168.65,-0.000447368,53.5038
168.7,-0.000441624,53.5038
168.75,-0.000443761,53.5038
168.8,-0.000432909,53.5037
168.85,-0.000433009,53.5037
168.9,-0.000433242,53.5037
168.95,-0.000441324,53.5037
169.0,-0.000443995,53.5036
169.05,-0.000444262,53.5036
169.1,-0.000443494,53.5036
169.15,-0.000432875,53.5036
169.2,-0.000434378,53.5036
169.25,-0.000441925,53.5035
169.3,-0.000436782,53.5035
169.35,-0.000442693,53.5035
169.4,-0.000435847,53.5035
169.45,-0.000418149,53.5035
169.5,-0.00041698,53.5034
169.55,-0.000425228,53.5034
169.6,-0.000437751,53.5034
169.65,-0.000429703,53.5034
169.7,-0.000445431,53.5033
169.75,-0.00044286,53.5033
169.8,-0.000444229,53.5033
169.85,-0.000447735,53.5033
169.9,-0.000451108,53.5033
169.95,-0.000450173,53.5032
170.0,-0.000436281,53.5032
170.05,-0.000438485,53.5032
170.1,-0.000446633,53.5032
170.15,-0.000440255,53.5031
170.2,-0.000438585,53.5031
170.25,-0.000450707,53.5031
170.3,-0.000451241,53.5031
170.35,-0.000451509,53.5031
170.4,-0.000445464,53.503
170.45,-0.000443695,53.503
170.5,-0.000458354,53.503
170.55,-0.000453445,53.503
170.6,-0.00046146,53.5029
170.65,-0.000461193,53.5029
170.7,-0.00045231,53.5029
170.75,-0.000460658,53.5029
170.8,-0.000453646,53.5028
170.85,-0.000444963,53.5028
170.9,-0.00044276,53.5028
170.95,-0.000446967,53.5028
171.0,-0.000443761,53.5028
171.05,-0.000444797,53.5027
171.1,-0.00044306,53.5027
171.15,-0.000449138,53.5027
171.2,-0.000455048,53.5027
171.25,-0.000444262,53.5026
171.3,-0.00045024,53.5026
171.35,-0.000453445,53.5026
171.4,-0.000452477,53.5026
171.45,-0.000444329,53.5026
171.5,-0.000449071,53.5025
171.55,-0.000444997,53.5025
171.6,-0.000443361,53.5025
171.65,-0.00044463,53.5025
171.7,-0.000440956,53.5024
171.75,-0.000439019,53.5024
171.8,-0.000447368,53.5024
171.85,-0.000448503,53.5024
171.9,-0.000437918,53.5024
171.95,-0.000438018,53.5023
172.0,-0.000449605,53.5023
172.05,-0.00044887,53.5023
172.1,-0.000444229,53.5023
172.15,-0.00044119,53.5022
172.2,-0.000446967,53.5022
172.25,-0.000450206,53.5022
172.3,-0.000455749,53.5022
172.35,-0.000452844,53.5022
172.4,-0.000453111,53.5021
172.45,-0.000442426,53.5021
172.5,-0.00045241,53.5021
172.55,-0.000454647,53.5021
172.6,-0.000454614,53.502
172.65,-0.000449672,53.502
172.7,-0.000443695,53.502
172.75,-0.000443294,53.502
172.8,-0.000450807,53.502
172.85,-0.000448002,53.5019
172.9,-0.00045221,53.5019
172.95,-0.000449037,53.5019
173.0,-0.000449939,53.5019
173.05,-0.000449572,53.5018
173.1,-0.000445631,53.5018
173.15,-0.000446834,53.5018
173.2,-0.000442492,53.5018
173.25,-0.000451041,53.5018
173.3,-0.000442259,53.5017
173.35,-0.00044306,53.5017
173.4,-0.000441056,53.5017
173.45,-0.000446232,53.5017
173.5,-0.000444329,53.5016
173.55,-0.000435547,53.5016
173.6,-0.000438051,53.5016
173.65,-0.000444229,53.5016
173.7,-0.000446566,53.5016
173.75,-0.00043952,53.5015
173.8,-0.000449638,53.5015
173.85,-0.000440723,53.5015
173.9,-0.000437316,53.5015
173.95,-0.0004468,53.5014
174.0,-0.000444396,53.5014
174.05,-0.000446566,53.5014
174.1,-0.000442993,53.5014
174.15,-0.000443795,53.5014
174.2,-0.000431372,53.5013
174.25,-0.000446366,53.5013
174.3,-0.000439086,53.5013
174.35,-0.000443962,53.5013
174.4,-0.000446934,53.5012
174.45,-0.000444329,53.5012
174.5,-0.00043745,53.5012
174.55,-0.000439888,53.5012
174.6,-0.000438652,53.5012
174.65,-0.000439153,53.5011
174.7,-0.000443561,53.5011
174.75,-0.000439888,53.5011
174.8,-0.00043952,53.5011
174.85,-0.00044463,53.501
174.9,-0.000446967,53.501
174.95,-0.000432107,53.501
175.0,-0.000421021,53.501
175.05,-0.000437417,53.501
175.1,-0.000438986,53.5009
175.15,-0.000435947,53.5009
175.2,-0.000439019,53.5009
175.25,-0.000443594,53.5009
175.3,-0.000433076,53.5009
175.35,-0.000428467,53.5008
175.4,-0.000421288,53.5008
175.45,-0.000434077,53.5008
175.5,-0.000434478,53.5008
175.55,-0.000437016,53.5007
175.6,-0.000443928,53.5007
175.65,-0.00043952,53.5007
175.7,-0.00043922,53.5007
175.75,-0.000427966,53.5007
175.8,-0.000433944,53.5006
175.85,-0.000433443,53.5006
175.9,-0.000438385,53.5006
175.95,-0.00043922,53.5006
176.0,-0.000438986,53.5005
176.05,-0.000438118,53.5005
176.1,-0.000432975,53.5005
176.15,-0.000439687,53.5005
176.2,-0.000436649,53.5005
176.25,-0.000439687,53.5004
176.3,-0.00043381,53.5004
176.35,-0.000432307,53.5004
176.4,-0.000434678,53.5004
176.45,-0.000427399,53.5003
176.5,-0.00043351,53.5003
176.55,-0.000433844,53.5003
176.6,-0.000423859,53.5003
176.65,-0.000422957,53.5003
176.7,-0.000429536,53.5002
176.75,-0.000429035,53.5002
176.8,-0.000427432,53.5002
176.85,-0.000438251,53.5002
176.9,-0.00044286,53.5002
176.95,-0.000437316,53.5001
177.0,-0.000432241,53.5001
177.05,-0.000430638,53.5001
177.1,-0.000431873,53.5001
177.15,-0.000441223,53.5
177.2,-0.000437517,53.5
177.25,-0.000436515,53.5
177.3,-0.000430972,53.5
177.35,-0.000436649,53.5
177.4,-0.000436315,53.4999
177.45,-0.000433009,53.4999
177.5,-0.000430538,53.4999
177.55,-0.000431573,53.4999
177.6,-0.000442092,53.4999
177.65,-0.000440556,53.4998
177.7,-0.000440522,53.4998
177.75,-0.000443194,53.4998
177.8,-0.000433677,53.4998
177.85,-0.000440689,53.4997
177.9,-0.000450874,53.4997
177.95,-0.000451876,53.4997
178.0,-0.000446666,53.4997
178.05,-0.000438752,53.4997
178.1,-0.000439387,53.4996
178.15,-0.000444396,53.4996
178.2,-0.000457686,53.4996
178.25,-0.000451241,53.4996
178.3,-0.000440622,53.4995
178.35,-0.000436148,53.4995
178.4,-0.000436482,53.4995
178.45,-0.000439086,53.4995
178.5,-0.000435179,53.4995
178.55,-0.000441457,53.4994
178.6,-0.000445297,53.4994
178.65,-0.00044286,53.4994
178.7,-0.000448102,53.4994
178.75,-0.00044503,53.4993
178.8,-0.000441524,53.4993
178.85,-0.000451074,53.4993
178.9,-0.000450407,53.4993
178.95,-0.000450574,53.4993
179.0,-0.000446466,53.4992
179.05,-0.00044129,53.4992
179.1,-0.000402153,53.4992
179.15,-0.000420653,53.4992
179.2,-0.00042623,53.4991
179.25,-0.00043184,53.4991
179.3,-0.000432675,53.4991
179.35,-0.000437584,53.4991
179.4,-0.000443594,53.4991
179.45,-0.000445999,53.499
179.5,-0.000431372,53.499
179.55,-0.000437049,53.499
179.6,-0.000442793,53.499
179.65,-0.000447268,53.4989
179.7,-0.000440288,53.4989
179.75,-0.000442359,53.4989
179.8,-0.0004465,53.4989
179.85,-0.000445498,53.4989
179.9,-0.000438185,53.4988
179.95,-0.000440522,53.4988
180.0,-0.000438318,53.4988
180.05,-0.000447167,53.4988
180.1,-0.000446533,53.4987
180.15,-0.000442225,53.4987
180.2,-0.000444596,53.4987
180.25,-0.000444429,53.4987
180.3,-0.000439621,53.4987
180.35,-0.000439186,53.4986
180.4,-0.000441758,53.4986
180.45,-0.000447134,53.4986
180.5,-0.000453712,53.4986
180.55,-0.000446166,53.4985
180.6,-0.000442292,53.4985
180.65,-0.00043912,53.4985
180.7,-0.000443795,53.4985
180.75,-0.000438018,53.4985
180.8,-0.000440222,53.4984
180.85,-0.000449238,53.4984
180.9,-0.000445498,53.4984
180.95,-0.000440756,53.4984
181.0,-0.000449405,53.4983
181.05,-0.000438318,53.4983
181.1,-0.000442359,53.4983
181.15,-0.000443461,53.4983
181.2,-0.000439487,53.4983
181.25,-0.000440556,53.4982
181.3,-0.000443661,53.4982
181.35,-0.000439086,53.4982
181.4,-0.000427666,53.4982
181.45,-0.000432808,53.4981
181.5,-0.000432107,53.4981
181.55,-0.000428467,53.4981
181.6,-0.000428701,53.4981
181.65,-0.000430104,53.4981
181.7,-0.000440889,53.498
181.75,-0.000445331,53.498
181.8,-0.000438185,53.498
181.85,-0.000441557,53.498
181.9,-0.000427399,53.498
181.95,-0.000434177,53.4979
182.0,-0.000434511,53.4979
182.05,-0.000435647,53.4979
182.1,-0.000445464,53.4979
182.15,-0.000438151,53.4978
182.2,-0.000443761,53.4978
182.25,-0.000446032,53.4978
182.3,-0.000445765,53.4978
182.35,-0.000434244,53.4978
182.4,-0.000437016,53.4977
182.45,-0.000434111,53.4977
182.5,-0.000432508,53.4977
182.55,-0.000435146,53.4977
182.6,-0.000450306,53.4976
182.65,-0.000444396,53.4976
182.7,-0.000447134,53.4976
182.75,-0.00043912,53.4976
182.8,-0.000443027,53.4976
182.85,-0.000440923,53.4975
182.9,-0.000443895,53.4975
182.95,-0.00045211,53.4975
183.0,-0.000450273,53.4975
183.05,-0.000460959,53.4974
183.1,-0.000443528,53.4974
183.15,-0.000450607,53.4974
183.2,-0.000445231,53.4974
183.25,-0.000442392,53.4974
183.3,-0.000456083,53.4973
183.35,-0.000443761,53.4973
183.4,-0.000449305,53.4973
183.45,-0.00045211,53.4973
183.5,-0.000453078,53.4972
183.55,-0.000448036,53.4972
183.6,-0.000447635,53.4972
183.65,-0.000447601,53.4972
183.7,-0.000448503,53.4972
183.75,-0.000447735,53.4971
183.8,-0.000443962,53.4971
183.85,-0.000435747,53.4971
183.9,-0.000437316,53.4971
183.95,-0.000443895,53.497
184.0,-0.000440355,53.497
184.05,-0.000435914,53.497
184.1,-0.000436381,53.497
184.15,-0.000428501,53.497
184.2,-0.000425829,53.4969
184.25,-0.000429803,53.4969
184.3,-0.000424293,53.4969
184.35,-0.000427666,53.4969
184.4,-0.000429903,53.4969
184.45,-0.000429035,53.4968
184.5,-0.000434344,53.4968
184.55,-0.000435513,53.4968
184.6,-0.000439654,53.4968
184.65,-0.000444362,53.4967
184.7,-0.000448169,53.4967
184.75,-0.000446433,53.4967
184.8,-0.000443962,53.4967
184.85,-0.000446433,53.4967
184.9,-0.000440322,53.4966
184.95,-0.000382685,53.4966
185.0,-0.000359911,53.4966
185.05,-0.000399682,53.4966
185.1,-0.000395208,53.4966
185.15,-0.000391334,53.4965
185.2,-0.000403055,53.4965
185.25,-0.000402554,53.4965
185.3,-0.000392236,53.4965
185.35,-0.000391334,53.4965
185.4,-0.000390399,53.4964
185.45,-0.000391568,53.4964
185.5,-0.00039257,53.4964
185.55,-0.0003725,53.4964
185.6,-0.000378378,53.4964
185.65,-0.000375806,53.4963
185.7,-0.000382952,53.4963
185.75,-0.00038529,53.4963
185.8,-0.000386292,53.4963
185.85,-0.000384388,53.4963
185.9,-0.000387427,53.4962
185.95,-0.000383954,53.4962
186.0,-0.000385424,53.4962
186.05,-0.000392403,53.4962
186.1,-0.000395141,53.4962
186.15,-0.000391301,53.4961
186.2,-0.000386025,53.4961
186.25,-0.000375472,53.4961
186.3,-0.000383253,53.4961
186.35,-0.000389631,53.4961
186.4,-0.000383019,53.4961
186.45,-0.000384889,53.496
186.5,-0.000393505,53.496
186.55,-0.000393404,53.496
186.6,-0.000390867,53.496
186.65,-0.000395475,53.496
186.7,-0.000389598,53.4959
186.75,-0.000382752,53.4959
186.8,-0.000379313,53.4959
186.85,-0.000394941,53.4959
186.9,-0.000396477,53.4959
186.95,-0.000394306,53.4958
187.0,-0.000400684,53.4958
187.05,-0.000404157,53.4958
187.1,-0.000407296,53.4958
187.15,-0.000401753,53.4958
187.2,-0.000404157,53.4957
187.25,-0.000405025,53.4957
187.3,-0.00040753,53.4957
187.35,-0.00040192,53.4957
187.4,-0.000395809,53.4957
187.45,-0.000399716,53.4956
187.5,-0.000402755,53.4956
187.55,-0.000397078,53.4956
187.6,-0.000400951,53.4956
187.65,-0.000400985,53.4956
187.7,-0.000398079,53.4955
187.75,-0.000401586,53.4955
187.8,-0.000408031,53.4955
187.85,-0.000401385,53.4955
187.9,-0.000406995,53.4955
187.95,-0.000401886,53.4954
188.0,-0.000371565,53.4954
188.05,-0.000385457,53.4954
188.1,-0.000386826,53.4954
188.15,-0.000385323,53.4954
188.2,-0.000389431,53.4953
188.25,-0.000391468,53.4953
188.3,-0.000399482,53.4953
188.35,-0.000157348,53.4953
188.4,-0.000354034,53.4953
188.45,-0.000310423,53.4953
188.5,-0.000417681,53.4952
188.55,-0.00041698,53.4952
188.6,-0.000427866,53.4952
188.65,-0.000419318,53.4952
188.7,-0.000417781,53.4952
188.75,-0.000424193,53.4951
188.8,-0.000415344,53.4951
188.85,-0.000429269,53.4951
188.9,-0.000425228,53.4951
188.95,-0.000431539,53.495
189.0,-0.000358342,53.495
189.05,-0.000383153,53.495
189.1,-0.000397579,53.495
189.15,-0.000391601,53.495
189.2,-0.000386759,53.4949
189.25,-0.000395341,53.4949
189.3,-0.000395775,53.4949
189.35,-0.000387561,53.4949
189.4,-0.000376942,53.4949
189.45,-0.000305414,53.4949
189.5,-0.000312025,53.4948
189.55,-0.000362382,53.4948
189.6,-0.000367324,53.4948
189.65,-0.000381817,53.4948
189.7,-0.000388429,53.4948
189.75,-0.000380715,53.4947
189.8,-0.000379112,53.4947
189.85,-0.000420286,53.4947
189.9,-0.000425762,53.4947
189.95,-0.000414409,53.4947
190.0,-0.000420019,53.4946
190.05,-0.000421054,53.4946
190.1,-0.000431139,53.4946
190.15,-0.000423659,53.4946
190.2,-0.00042623,53.4946
190.25,-0.000425863,53.4945
190.3,-0.000430638,53.4945
190.35,-0.00044503,53.4945
190.4,-0.000443594,53.4945
190.45,-0.000440923,53.4944
190.5,-0.000439687,53.4944
190.55,-0.000438552,53.4944
190.6,-0.000439153,53.4944
190.65,-0.000440522,53.4944
190.7,-0.000440455,53.4943
190.75,-0.000441557,53.4943
190.8,-0.000436281,53.4943
190.85,-0.000441891,53.4943
190.9,-0.00043184,53.4943
190.95,-0.000439687,53.4942
191.0,-0.0004281,53.4942
191.05,-0.000434912,53.4942
191.1,-0.000438452,53.4942
191.15,-0.000434845,53.4941
191.2,-0.000431272,53.4941
191.25,-0.000428334,53.4941
191.3,-0.000438786,53.4941
191.35,-0.000426798,53.4941
191.4,-0.000428234,53.494
191.45,-0.000430304,53.494
191.5,-0.00042643,53.494
191.55,-0.000433343,53.494
191.6,-0.000437316,53.4939
191.65,-0.000431005,53.4939
191.7,-0.000431773,53.4939
191.75,-0.000437316,53.4939
191.8,-0.000425262,53.4939
191.85,-0.000436047,53.4938
191.9,-0.000433476,53.4938
191.95,-0.000430504,53.4938
192.0,-0.000433877,53.4938
192.05,-0.000426898,53.4938
192.1,-0.000429068,53.4937
192.15,-0.000423759,53.4937
192.2,-0.000425362,53.4937
192.25,-0.00042279,53.4937
192.3,-0.000423358,53.4936
192.35,-0.000438485,53.4936
192.4,-0.000433476,53.4936
192.45,-0.000438852,53.4936
192.5,-0.000441691,53.4936
192.55,-0.00044503,53.4935
192.6,-0.000439721,53.4935
192.65,-0.000447702,53.4935
192.7,-0.000443561,53.4935
192.75,-0.000449538,53.4935
192.8,-0.000436114,53.4934
192.85,-0.000442559,53.4934
192.9,-0.000444763,53.4934
192.95,-0.000437316,53.4934
193.0,-0.000438185,53.4933
193.05,-0.000432408,53.4933
193.1,-0.000436047,53.4933
193.15,-0.000434111,53.4933
193.2,-0.000433276,53.4933
193.25,-0.000427833,53.4932
193.3,-0.000436114,53.4932
193.35,-0.000427799,53.4932
193.4,-0.000428601,53.4932
193.45,-0.000430938,53.4931
193.5,-0.000433042,53.4931
193.55,-0.000428634,53.4931
193.6,-0.000432975,53.4931
193.65,-0.000430304,53.4931
193.7,-0.000435213,53.493
193.75,-0.000430972,53.493
193.8,-0.000427799,53.493
193.85,-0.000418549,53.493
193.9,-0.000425228,53.493
193.95,-0.000424059,53.4929
194.0,-0.00042239,53.4929
194.05,-0.000432909,53.4929
194.1,-0.000434311,53.4929
194.15,-0.000430271,53.4928
194.2,-0.000431473,53.4928
194.25,-0.000433176,53.4928
194.3,-0.000420653,53.4928
194.35,-0.00042446,53.4928
194.4,-0.000429703,53.4927
194.45,-0.000431072,53.4927
194.5,-0.000430972,53.4927
194.55,-0.000425562,53.4927
194.6,-0.000428968,53.4927
194.65,-0.000423926,53.4926
194.7,-0.000420453,53.4926
194.75,-0.000419017,53.4926
194.8,-0.000423325,53.4926
194.85,-0.000424493,53.4925
194.9,-0.000427833,53.4925
194.95,-0.000429669,53.4925
195.0,-0.000430938,53.4925
195.05,-0.000433042,53.4925
195.1,-0.000428701,53.4924
195.15,-0.000437149,53.4924
195.2,-0.000434712,53.4924
195.25,-0.000434812,53.4924
195.3,-0.000442158,53.4924
195.35,-0.000449672,53.4923
195.4,-0.000435914,53.4923
195.45,-0.000437183,53.4923
195.5,-0.000431773,53.4923
195.55,-0.000429068,53.4922
195.6,-0.000430638,53.4922
195.65,-0.000430404,53.4922
195.7,-0.000439621,53.4922
195.75,-0.000444797,53.4922
195.8,-0.000434745,53.4921
195.85,-0.000436482,53.4921
195.9,-0.000429302,53.4921
195.95,-0.000425095,53.4921
196.0,-0.000436849,53.492
196.05,-0.000442492,53.492
196.1,-0.000437984,53.492
196.15,-0.000439788,53.492
196.2,-0.000443828,53.492
196.25,-0.000440489,53.4919
196.3,-0.000444563,53.4919
196.35,-0.000443227,53.4919
196.4,-0.000444095,53.4919
196.45,-0.00044867,53.4918
196.5,-0.000441991,53.4918
196.55,-0.000441858,53.4918
196.6,-0.000443594,53.4918
196.65,-0.000441658,53.4918
196.7,-0.000438719,53.4917
196.75,-0.000440355,53.4917
196.8,-0.000441324,53.4917
196.85,-0.000442526,53.4917
196.9,-0.000443594,53.4916
196.95,-0.000432842,53.4916
197.0,-0.000431907,53.4916
197.05,-0.000435647,53.4916
197.1,-0.000428801,53.4916
197.15,-0.000436882,53.4915
197.2,-0.000437851,53.4915
197.25,-0.000435279,53.4915
197.3,-0.000431439,53.4915
197.35,-0.000434712,53.4915
197.4,-0.000429536,53.4914
197.45,-0.000425095,53.4914
197.5,-0.000414142,53.4914
197.55,-0.000411938,53.4914
197.6,-0.000414509,53.4913
197.65,-0.000416713,53.4913
197.7,-0.000424193,53.4913
197.75,-0.000418316,53.4913
197.8,-0.000410502,53.4913
197.85,-0.000414943,53.4912
197.9,-0.000421154,53.4912
197.95,-0.000416112,53.4912
198.0,-0.000425128,53.4912
198.05,-0.000431406,53.4912
198.1,-0.00042052,53.4911
198.15,-0.000425328,53.4911
198.2,-0.000434812,53.4911
198.25,-0.000433476,53.4911
198.3,-0.000443361,53.4911
198.35,-0.000441658,53.491
198.4,-0.000434645,53.491
198.45,-0.00043558,53.491
198.5,-0.000441324,53.491
198.55,-0.000440956,53.4909
198.6,-0.00044276,53.4909
198.65,-0.000436047,53.4909
198.7,-0.000434979,53.4909
198.75,-0.000440522,53.4909
198.8,-0.000429803,53.4908
198.85,-0.000434244,53.4908
198.9,-0.000433743,53.4908
198.95,-0.000432875,53.4908
199.0,-0.000428935,53.4907
199.05,-0.000436682,53.4907
199.1,-0.000437584,53.4907
199.15,-0.000435179,53.4907
199.2,-0.000437951,53.4907
199.25,-0.000424761,53.4906
199.3,-0.000427799,53.4906
199.35,-0.000427265,53.4906
199.4,-0.000425195,53.4906
199.45,-0.000422991,53.4906
199.5,-0.00042603,53.4905
199.55,-0.00043194,53.4905
199.6,-0.000428601,53.4905
199.65,-0.00043548,53.4905
199.7,-0.000434779,53.4904
199.75,-0.00043391,53.4904
199.8,-0.000432107,53.4904
199.85,-0.000436014,53.4904
199.9,-0.000434946,53.4904
199.95,-0.000436548,53.4903
200.0,-0.000442626,53.4903
200.05,-0.000439954,53.4903
200.1,-0.000428534,53.4903
200.15,-0.000433176,53.4902
200.2,-0.000423058,53.4902
200.25,-0.000425595,53.4902
200.3,-0.000428167,53.4902
200.35,-0.000435346,53.4902
200.4,-0.000430705,53.4901
200.45,-0.000417948,53.4901
200.5,-0.000427299,53.4901
200.55,-0.00042426,53.4901
200.6,-0.000421521,53.4901
200.65,-0.000432441,53.49
200.7,-0.000428267,53.49
200.75,-0.000431038,53.49
200.8,-0.000422657,53.49
200.85,-0.000422991,53.49
200.9,-0.000427733,53.4899
200.95,-0.0004282,53.4899
201.0,-0.000436315,53.4899
201.05,-0.000440522,53.4899
201.1,-0.000444997,53.4898
201.15,-0.000434578,53.4898
201.2,-0.000445565,53.4898
201.25,-0.000438385,53.4898
201.3,-0.000444028,53.4898
201.35,-0.000447835,53.4897
201.4,-0.000458521,53.4897
201.45,-0.000446433,53.4897
201.5,-0.000436982,53.4897
201.55,-0.000441724,53.4896
201.6,-0.000442359,53.4896
201.65,-0.000432441,53.4896
201.7,-0.00043538,53.4896
201.75,-0.00044513,53.4896
201.8,-0.000440188,53.4895
201.85,-0.000439153,53.4895
201.9,-0.000436047,53.4895
201.95,-0.000444162,53.4895
202.0,-0.000439554,53.4894
202.05,-0.000441357,53.4894
202.1,-0.000438686,53.4894
202.15,-0.000439954,53.4894
202.2,-0.000443828,53.4894
202.25,-0.000450106,53.4893
202.3,-0.000444195,53.4893
202.35,-0.000440422,53.4893
202.4,-0.000444362,53.4893
202.45,-0.000446266,53.4892
202.5,-0.000448303,53.4892
202.55,-0.000450807,53.4892
202.6,-0.000439053,53.4892
202.65,-0.000438619,53.4892
202.7,-0.000447201,53.4891
202.75,-0.000439988,53.4891
202.8,-0.000439353,53.4891
202.85,-0.000450974,53.4891
202.9,-0.000449104,53.489
202.95,-0.000457119,53.489
203.0,-0.000457252,53.489
203.05,-0.000449472,53.489
203.1,-0.000446967,53.489
203.15,-0.000440522,53.4889
203.2,-0.000444129,53.4889
203.25,-0.000439086,53.4889
203.3,-0.000451876,53.4889
203.35,-0.0004468,53.4888
203.4,-0.000449638,53.4888
203.45,-0.000441691,53.4888
203.5,-0.000438218,53.4888
203.55,-0.000436515,53.4888
203.6,-0.000429235,53.4887
203.65,-0.000436348,53.4887
203.7,-0.000429569,53.4887
203.75,-0.000440789,53.4887
203.8,-0.000435914,53.4886
203.85,-0.000430337,53.4886
203.9,-0.000430638,53.4886
203.95,-0.000435313,53.4886
204.0,-0.000427833,53.4886
204.05,-0.000430972,53.4885
204.1,-0.000434578,53.4885
204.15,-0.000428868,53.4885
204.2,-0.000420286,53.4885
204.25,-0.00041875,53.4885
204.3,-0.00042436,53.4884
204.35,-0.000420186,53.4884
204.4,-0.000433844,53.4884
204.45,-0.000428835,53.4884
204.5,-0.000443361,53.4883
204.55,-0.000437784,53.4883
204.6,-0.000443594,53.4883
204.65,-0.000436315,53.4883
204.7,-0.000435747,53.4883
204.75,-0.00043548,53.4882
204.8,-0.00044129,53.4882
204.85,-0.00043371,53.4882
204.9,-0.000440956,53.4882
204.95,-0.000441056,53.4881
205.0,-0.000444229,53.4881
205.05,-0.000451241,53.4881
205.1,-0.000436515,53.4881
205.15,-0.000445498,53.4881
205.2,-0.000446666,53.488
205.25,-0.000438418,53.488
205.3,-0.000433743,53.488
205.35,-0.000438686,53.488
205.4,-0.000445798,53.4879
205.45,-0.000446032,53.4879
205.5,-0.000447835,53.4879
205.55,-0.00045221,53.4879
205.6,-0.000449438,53.4879
205.65,-0.000453445,53.4878
205.7,-0.000450907,53.4878
205.75,-0.000446834,53.4878
205.8,-0.000452444,53.4878
205.85,-0.000448269,53.4877
205.9,-0.000453545,53.4877
205.95,-0.000454814,53.4877
206.0,-0.000460692,53.4877
206.05,-0.000451943,53.4877
206.1,-0.000450907,53.4876
206.15,-0.000456384,53.4876
206.2,-0.000456818,53.4876
206.25,-0.000454948,53.4876
206.3,-0.000457619,53.4875
206.35,-0.000451442,53.4875
206.4,-0.00045251,53.4875
206.45,-0.000443294,53.4875
206.5,-0.000448436,53.4875
206.55,-0.000445598,53.4874
206.6,-0.00044877,53.4874
206.65,-0.000453679,53.4874
206.7,-0.000451375,53.4874
206.75,-0.000438619,53.4873
206.8,-0.000450674,53.4873
206.85,-0.000445665,53.4873
206.9,-0.000452477,53.4873
206.95,-0.000444863,53.4873
207.0,-0.000444195,53.4872
207.05,-0.000451509,53.4872
207.1,-0.00045231,53.4872
207.15,-0.000452243,53.4872
207.2,-0.00045408,53.4871
207.25,-0.000450039,53.4871
207.3,-0.000442726,53.4871
207.35,-0.000445731,53.4871
207.4,-0.00045585,53.487
207.45,-0.000449739,53.487
207.5,-0.000457686,53.487
207.55,-0.000456384,53.487
207.6,-0.000449238,53.487
207.65,-0.000445264,53.4869
207.7,-0.000448837,53.4869
207.75,-0.000452009,53.4869
207.8,-0.000450006,53.4869
207.85,-0.000452844,53.4868
207.9,-0.000443761,53.4868
207.95,-0.000433677,53.4868
208.0,-0.000441691,53.4868
208.05,-0.000445364,53.4868
208.1,-0.000447635,53.4867
208.15,-0.000451308,53.4867
208.2,-0.000449271,53.4867
208.25,-0.000440222,53.4867
208.3,-0.000443194,53.4866
208.35,-0.000439788,53.4866
208.4,-0.000445531,53.4866
208.45,-0.000440222,53.4866
208.5,-0.000451141,53.4866
208.55,-0.000443828,53.4865
208.6,-0.000438686,53.4865
208.65,-0.000439387,53.4865
208.7,-0.000436682,53.4865
208.75,-0.000437951,53.4864
208.8,-0.000437483,53.4864
208.85,-0.000440121,53.4864
208.9,-0.000438519,53.4864
208.95,-0.000436682,53.4864
209.0,-0.000435213,53.4863
209.05,-0.000434678,53.4863
209.1,-0.000437116,53.4863
209.15,-0.000441958,53.4863
209.2,-0.000444396,53.4862
209.25,-0.000444262,53.4862
209.3,-0.000445965,53.4862
209.35,-0.000445965,53.4862
209.4,-0.000449872,53.4862
209.45,-0.000449305,53.4861
209.5,-0.000451275,53.4861
209.55,-0.000449638,53.4861
209.6,-0.000440021,53.4861
209.65,-0.000429469,53.486
209.7,-0.000439788,53.486
209.75,-0.000442025,53.486
209.8,-0.000438385,53.486
209.85,-0.000441424,53.486
209.9,-0.000435079,53.4859
209.95,-0.000442893,53.4859
210.0,-0.000449371,53.4859
210.05,-0.000450407,53.4859
210.1,-0.00045625,53.4859
210.15,-0.000452043,53.4858
210.2,-0.000453145,53.4858
210.25,-0.000452043,53.4858
210.3,-0.000450807,53.4858
210.35,-0.000449104,53.4857
210.4,-0.000441157,53.4857
210.45,-0.000450006,53.4857
210.5,-0.000445999,53.4857
210.55,-0.000444563,53.4856
210.6,-0.000438318,53.4856
210.65,-0.000440121,53.4856
210.7,-0.000440889,53.4856
210.75,-0.000441891,53.4856
210.8,-0.000438185,53.4855
210.85,-0.000447902,53.4855
210.9,-0.000438585,53.4855
210.95,-0.000440723,53.4855
211.0,-0.000450574,53.4854
211.05,-0.000446934,53.4854
211.1,-0.000443194,53.4854
211.15,-0.000441791,53.4854
211.2,-0.000449638,53.4854
211.25,-0.000440789,53.4853
211.3,-0.000437984,53.4853
211.35,-0.000442259,53.4853
211.4,-0.000444162,53.4853
211.45,-0.000438318,53.4852
211.5,-0.000437517,53.4852
211.55,-0.000442392,53.4852
211.6,-0.000438786,53.4852
211.65,-0.000434211,53.4852
211.7,-0.00043174,53.4851
211.75,-0.000430604,53.4851
211.8,-0.00043391,53.4851
211.85,-0.000436214,53.4851
211.9,-0.000436482,53.4851
211.95,-0.000437383,53.485
212.0,-0.000434812,53.485
212.05,-0.000433276,53.485
212.1,-0.000441691,53.485
212.15,-0.000445765,53.4849
212.2,-0.000435279,53.4849
212.25,-0.000445064,53.4849
212.3,-0.000442192,53.4849
212.35,-0.000444963,53.4849
212.4,-0.000437851,53.4848
212.45,-0.000430404,53.4848
212.5,-0.000437216,53.4848
212.55,-0.000438318,53.4848
212.6,-0.000434745,53.4847
212.65,-0.000430604,53.4847
212.7,-0.00043922,53.4847
212.75,-0.000437951,53.4847
212.8,-0.000436081,53.4847
212.85,-0.000444095,53.4846
212.9,-0.000437417,53.4846
212.95,-0.000438151,53.4846
213.0,-0.000432141,53.4846
213.05,-0.000442826,53.4846
213.1,-0.000443461,53.4845
213.15,-0.000449972,53.4845
213.2,-0.00044877,53.4845
213.25,-0.000442626,53.4845
213.3,-0.000444229,53.4844
213.35,-0.000444897,53.4844
213.4,-0.000442426,53.4844
213.45,-0.000444463,53.4844
213.5,-0.000443194,53.4843
213.55,-0.000442292,53.4843
213.6,-0.000446967,53.4843
213.65,-0.000443594,53.4843
213.7,-0.000444329,53.4843
213.75,-0.000450139,53.4842
213.8,-0.000450006,53.4842
213.85,-0.000441123,53.4842
213.9,-0.000449037,53.4842
213.95,-0.000456451,53.4841
214.0,-0.00045408,53.4841
214.05,-0.00045772,53.4841
214.1,-0.000448336,53.4841
214.15,-0.00043725,53.4841
214.2,-0.000453111,53.484
214.25,-0.000450841,53.484
214.3,-0.000454614,53.484
214.35,-0.000444296,53.484
214.4,-0.00044473,53.4839
214.45,-0.000447835,53.4839
214.5,-0.000439721,53.4839
214.55,-0.000437817,53.4839
214.6,-0.000436415,53.4839
214.65,-0.00043558,53.4838
214.7,-0.000435313,53.4838
214.75,-0.00043765,53.4838
214.8,-0.000442359,53.4838
214.85,-0.000441691,53.4837
214.9,-0.000440689,53.4837
214.95,-0.00043578,53.4837
215.0,-0.00044847,53.4837
215.05,-0.00043755,53.4837
215.1,-0.000438285,53.4836
215.15,-0.000441424,53.4836
215.2,-0.000440556,53.4836
215.25,-0.000445598,53.4836
215.3,-0.000432441,53.4836
215.35,-0.000440489,53.4835
215.4,-0.000435313,53.4835
215.45,-0.000430437,53.4835
215.5,-0.000432207,53.4835
215.55,-0.000441925,53.4834
215.6,-0.000444596,53.4834
215.65,-0.000441791,53.4834
215.7,-0.000438352,53.4834
215.75,-0.000431239,53.4834
215.8,-0.000436582,53.4833
215.85,-0.000437884,53.4833
215.9,-0.000446834,53.4833
215.95,-0.000442225,53.4833
216.0,-0.000450874,53.4832
216.05,-0.000449906,53.4832
216.1,-0.000446666,53.4832
216.15,-0.000444162,53.4832
216.2,-0.000443294,53.4832
216.25,-0.000449839,53.4831
216.3,-0.000448436,53.4831
216.35,-0.000446934,53.4831
216.4,-0.000463096,53.4831
216.45,-0.000464933,53.483
216.5,-0.000465534,53.483
216.55,-0.000457052,53.483
216.6,-0.000452878,53.483
216.65,-0.000464899,53.4829
216.7,-0.000456351,53.4829
216.75,-0.000457052,53.4829
216.8,-0.000458888,53.4829
216.85,-0.000454213,53.4829
216.9,-0.000454147,53.4828
216.95,-0.000468205,53.4828
217.0,-0.00045999,53.4828
217.05,-0.000462395,53.4828
217.1,-0.000464832,53.4827
217.15,-0.000456451,53.4827
217.2,-0.000458187,53.4827
217.25,-0.000447268,53.4827
217.3,-0.000447468,53.4827
217.35,-0.000449772,53.4826
217.4,-0.000446767,53.4826
217.45,-0.000444529,53.4826
217.5,-0.000449171,53.4826
217.55,-0.000450039,53.4825
217.6,-0.000461994,53.4825
217.65,-0.000459523,53.4825
217.7,-0.000455148,53.4825
217.75,-0.000442626,53.4824
217.8,-0.000451408,53.4824
217.85,-0.000456083,53.4824
217.9,-0.000457185,53.4824
217.95,-0.0004653,53.4824
218.0,-0.000454414,53.4823
218.05,-0.00045979,53.4823
218.1,-0.000458187,53.4823
218.15,-0.000459022,53.4823
218.2,-0.000444797,53.4822
218.25,-0.000446733,53.4822
218.3,-0.000454614,53.4822
218.35,-0.000450941,53.4822
218.4,-0.000452811,53.4822
218.45,-0.000452343,53.4821
218.5,-0.000455349,53.4821
218.55,-0.000455649,53.4821
218.6,-0.000454447,53.4821
218.65,-0.000464933,53.482
218.7,-0.00045959,53.482
218.75,-0.000452176,53.482
218.8,-0.000455549,53.482
218.85,-0.0004465,53.4819
218.9,-0.000450407,53.4819
218.95,-0.000455182,53.4819
219.0,-0.000456551,53.4819
219.05,-0.000456651,53.4819
219.1,-0.000457119,53.4818
219.15,-0.00045969,53.4818
219.2,-0.000459556,53.4818
219.25,-0.000464265,53.4818
219.3,-0.000456718,53.4817
219.35,-0.000451876,53.4817
219.4,-0.000454046,53.4817
219.45,-0.000455315,53.4817
219.5,-0.000457753,53.4817
219.55,-0.000448336,53.4816
219.6,-0.0004466,53.4816
219.65,-0.000455482,53.4816
219.7,-0.00045438,53.4816
219.75,-0.000456651,53.4815
219.8,-0.000462461,53.4815
219.85,-0.000459623,53.4815
219.9,-0.000454347,53.4815
219.95,-0.000454647,53.4814
220.0,-0.000460859,53.4814
220.05,-0.000452076,53.4814
220.1,-0.000444362,53.4814
220.15,-0.000452911,53.4814
220.2,-0.000458187,53.4813
220.25,-0.000446733,53.4813
220.3,-0.000452811,53.4813
220.35,-0.000450073,53.4813
220.4,-0.000449171,53.4812
220.45,-0.000446934,53.4812
220.5,-0.000449672,53.4812
220.55,-0.000454547,53.4812
220.6,-0.000447401,53.4812
220.65,-0.0004469,53.4811
220.7,-0.000451475,53.4811
220.75,-0.000452844,53.4811
220.8,-0.000460859,53.4811
220.85,-0.000453612,53.481
220.9,-0.00045034,53.481
220.95,-0.000457419,53.481
221.0,-0.000457653,53.481
221.05,-0.000462061,53.4809
221.1,-0.000459356,53.4809
221.15,-0.000456384,53.4809
221.2,-0.000452009,53.4809
221.25,-0.000448102,53.4809
221.3,-0.000455616,53.4808
221.35,-0.000453212,53.4808
221.4,-0.00045211,53.4808
221.45,-0.000450674,53.4808
221.5,-0.000455115,53.4807
221.55,-0.000458287,53.4807
221.6,-0.000458521,53.4807
221.65,-0.000458888,53.4807
221.7,-0.00045034,53.4807
221.75,-0.000455616,53.4806
221.8,-0.000463797,53.4806
221.85,-0.000460558,53.4806
221.9,-0.00045969,53.4806
221.95,-0.000460525,53.4805
222.0,-0.000454881,53.4805
222.05,-0.000457786,53.4805
222.1,-0.000456684,53.4805
222.15,-0.000454848,53.4804
222.2,-0.000456851,53.4804
222.25,-0.00045585,53.4804
222.3,-0.00044867,53.4804
222.35,-0.000454748,53.4804
222.4,-0.000455315,53.4803
222.45,-0.000462128,53.4803
222.5,-0.000466702,53.4803
222.55,-0.000460358,53.4803
222.6,-0.000454848,53.4802
222.65,-0.0004468,53.4802
222.7,-0.000439587,53.4802
222.75,-0.000450874,53.4802
222.8,-0.000443294,53.4802
222.85,-0.000441591,53.4801
222.9,-0.000449739,53.4801
222.95,-0.000451542,53.4801
223.0,-0.000451108,53.4801
223.05,-0.000450674,53.48
223.1,-0.000438118,53.48
223.15,-0.000449705,53.48
223.2,-0.000445231,53.48
223.25,-0.000449305,53.4799
223.3,-0.000445631,53.4799
223.35,-0.0004466,53.4799
223.4,-0.000441758,53.4799
223.45,-0.000449705,53.4799
223.5,-0.000439487,53.4798
223.55,-0.000442259,53.4798
223.6,-0.000438251,53.4798
223.65,-0.000446867,53.4798
223.7,-0.00045034,53.4798
223.75,-0.000449739,53.4797
223.8,-0.000442359,53.4797
223.85,-0.000446099,53.4797
223.9,-0.000443728,53.4797
223.95,-0.000447601,53.4796
224.0,-0.000441691,53.4796
224.05,-0.000450139,53.4796
224.1,-0.000443093,53.4796
224.15,-0.000435213,53.4795
224.2,-0.000437584,53.4795
224.25,-0.000436582,53.4795
224.3,-0.000434311,53.4795
224.35,-0.000433576,53.4795
224.4,-0.000440923,53.4794
224.45,-0.000435947,53.4794
224.5,-0.000435613,53.4794
224.55,-0.000438652,53.4794
224.6,-0.000437884,53.4794
224.65,-0.000439721,53.4793
224.7,-0.000444028,53.4793
224.75,-0.000441257,53.4793
224.8,-0.000453312,53.4793
224.85,-0.000445164,53.4792
224.9,-0.000439153,53.4792
224.95,-0.000454447,53.4792
225.0,-0.000448436,53.4792
225.05,-0.000458154,53.4792
225.1,-0.000455883,53.4791
225.15,-0.000464164,53.4791
225.2,-0.000459957,53.4791
225.25,-0.00045812,53.4791
225.3,-0.000457352,53.479
225.35,-0.000454447,53.479
225.4,-0.000445164,53.479
225.45,-0.000450874,53.479
225.5,-0.000460424,53.4789
225.55,-0.000463229,53.4789
225.6,-0.000463831,53.4789
225.65,-0.000460892,53.4789
225.7,-0.000460725,53.4789
225.75,-0.000459222,53.4788
225.8,-0.000448403,53.4788
225.85,-0.000457953,53.4788
225.9,-0.000454748,53.4788
225.95,-0.000449405,53.4787
226.0,-0.000444296,53.4787
226.05,-0.00044887,53.4787
226.1,-0.000451342,53.4787
226.15,-0.000448971,53.4787
226.2,-0.000444596,53.4786
226.25,-0.000449305,53.4786
226.3,-0.000446767,53.4786
226.35,-0.000442993,53.4786
226.4,-0.000441591,53.4785
226.45,-0.000445064,53.4785
226.5,-0.000443127,53.4785
226.55,-0.000441424,53.4785
226.6,-0.000445097,53.4785
226.65,-0.000446533,53.4784
226.7,-0.000445598,53.4784
226.75,-0.000447635,53.4784
226.8,-0.000436982,53.4784
226.85,-0.000442359,53.4783
226.9,-0.000452377,53.4783
226.95,-0.000455549,53.4783
227.0,-0.000453011,53.4783
227.05,-0.000446333,53.4782
227.1,-0.000446666,53.4782
227.15,-0.000439788,53.4782
227.2,-0.000443394,53.4782
227.25,-0.000420019,53.4782
227.3,-0.000430504,53.4781
227.35,-0.0004281,53.4781
227.4,-0.000429569,53.4781
227.45,-0.000377643,53.4781
227.5,-0.000354468,53.4781
227.55,-0.000361815,53.478
227.6,-0.000366957,53.478
227.65,-0.000364787,53.478
227.7,-0.000365788,53.478
227.75,-0.000377643,53.478
227.8,-0.000374838,53.478
227.85,-0.0003907,53.4779
227.9,-0.000400851,53.4779
227.95,-0.000407663,53.4779
228.0,-0.000395909,53.4779
228.05,-0.000399315,53.4779
228.1,-0.000378478,53.4778
228.15,-0.000383053,53.4778
228.2,-0.000397712,53.4778
228.25,-0.000398981,53.4778
228.3,-0.000399382,53.4778
228.35,-0.000401018,53.4777
228.4,-0.000403623,53.4777
228.45,-0.000409166,53.4777
228.5,-0.000414242,53.4777
228.55,-0.000427432,53.4776
228.6,-0.000422423,53.4776
228.65,-0.000422824,53.4776
228.7,-0.000434979,53.4776
228.75,-0.000418115,53.4776
228.8,-0.000429536,53.4775
228.85,-0.000432909,53.4775
228.9,-0.000434812,53.4775
228.95,-0.000438886,53.4775
229.0,-0.000446065,53.4775
229.05,-0.000442993,53.4774
229.1,-0.000438819,53.4774
229.15,-0.000439621,53.4774
229.2,-0.000434177,53.4774
229.25,-0.000428434,53.4773
229.3,-0.000436181,53.4773
229.35,-0.000436882,53.4773
229.4,-0.000440889,53.4773
229.45,-0.000436849,53.4773
229.5,-0.000430805,53.4772
229.55,-0.000428334,53.4772
229.6,-0.000434745,53.4772
229.65,-0.000433409,53.4772
229.7,-0.000440455,53.4771
229.75,-0.000447668,53.4771
229.8,-0.000439554,53.4771
229.85,-0.000436315,53.4771
229.9,-0.000437149,53.4771
229.95,-0.000431506,53.477
230.0,-0.000435814,53.477
230.05,-0.000441891,53.477
230.1,-0.000441056,53.477
230.15,-0.000438151,53.477
230.2,-0.000440856,53.4769
230.25,-0.000436348,53.4769
230.3,-0.000437884,53.4769
230.35,-0.000436014,53.4769
230.4,-0.000442826,53.4768
230.45,-0.000439053,53.4768
230.5,-0.000438886,53.4768
230.55,-0.000442693,53.4768
230.6,-0.000438552,53.4768
230.65,-0.000439487,53.4767
230.7,-0.000441123,53.4767
230.75,-0.000447034,53.4767
230.8,-0.00044326,53.4767
230.85,-0.000438352,53.4766
230.9,-0.000445364,53.4766
230.95,-0.000445531,53.4766
231.0,-0.000447435,53.4766
231.05,-0.000447,53.4766
231.1,-0.000446733,53.4765
231.15,-0.000448236,53.4765
231.2,-0.000452143,53.4765
231.25,-0.000451509,53.4765
231.3,-0.000439353,53.4764
231.35,-0.000427733,53.4764
231.4,-0.000440455,53.4764
231.45,-0.000445464,53.4764
231.5,-0.000437149,53.4764
231.55,-0.000437283,53.4763
231.6,-0.000438852,53.4763
231.65,-0.000440823,53.4763
231.7,-0.00043912,53.4763
231.75,-0.000439921,53.4762
231.8,-0.000439086,53.4762
231.85,-0.000432742,53.4762
231.9,-0.000441157,53.4762
231.95,-0.000439587,53.4762
232.0,-0.000449037,53.4761
232.05,-0.000443828,53.4761
232.1,-0.000447334,53.4761
232.15,-0.000440088,53.4761
232.2,-0.000431038,53.476
232.25,-0.000432675,53.476
232.3,-0.00043391,53.476
232.35,-0.000434311,53.476
232.4,-0.000439821,53.476
232.45,-0.000437383,53.4759
232.5,-0.0004467,53.4759
232.55,-0.000441056,53.4759
232.6,-0.000441758,53.4759
232.65,-0.000439554,53.4759
232.7,-0.000438352,53.4758
232.75,-0.000427733,53.4758
232.8,-0.000427833,53.4758
232.85,-0.00042623,53.4758
232.9,-0.000433376,53.4757
232.95,-0.000440589,53.4757
233.0,-0.000442292,53.4757
233.05,-0.000453612,53.4757
233.1,-0.000440689,53.4757
233.15,-0.000441557,53.4756
233.2,-0.000445331,53.4756
233.25,-0.000453646,53.4756
233.3,-0.000453846,53.4756
233.35,-0.000454481,53.4755
233.4,-0.000458955,53.4755
233.45,-0.000457452,53.4755
233.5,-0.000459823,53.4755
233.55,-0.000451074,53.4755
233.6,-0.000451909,53.4754
233.65,-0.000445765,53.4754
233.7,-0.000447802,53.4754
233.75,-0.000448737,53.4754
233.8,-0.000448203,53.4753
233.85,-0.000445798,53.4753
233.9,-0.000453245,53.4753
233.95,-0.000441991,53.4753
234.0,-0.000441123,53.4753
234.05,-0.000440889,53.4752
234.1,-0.00043164,53.4752
234.15,-0.000429235,53.4752
234.2,-0.000438986,53.4752
234.25,-0.000443361,53.4751
234.3,-0.00044483,53.4751
234.35,-0.000447034,53.4751
234.4,-0.000443561,53.4751
234.45,-0.000445832,53.4751
234.5,-0.00044857,53.475
234.55,-0.000436381,53.475
234.6,-0.000435079,53.475
234.65,-0.000441891,53.475
234.7,-0.00044473,53.4749
234.75,-0.000436148,53.4749
234.8,-0.000444463,53.4749
234.85,-0.000439153,53.4749
234.9,-0.000443227,53.4749
234.95,-0.000438786,53.4748
235.0,-0.000440021,53.4748
235.05,-0.000443928,53.4748
235.1,-0.0004468,53.4748
235.15,-0.000440088,53.4747
235.2,-0.000437684,53.4747
235.25,-0.000438719,53.4747
235.3,-0.000441791,53.4747
235.35,-0.00043371,53.4747
235.4,-0.000445164,53.4746
235.45,-0.000435714,53.4746
235.5,-0.000430037,53.4746
235.55,-0.000427265,53.4746
235.6,-0.000435246,53.4745
235.65,-0.000431038,53.4745
235.7,-0.000423391,53.4745
235.75,-0.00042633,53.4745
235.8,-0.000427766,53.4745
235.85,-0.000434044,53.4744
235.9,-0.000434612,53.4744
235.95,-0.000435647,53.4744
236.0,-0.000437517,53.4744
236.05,-0.000438886,53.4744
236.1,-0.000436949,53.4743
236.15,-0.000434745,53.4743
236.2,-0.000429536,53.4743
236.25,-0.000429502,53.4743
236.3,-0.000427132,53.4742
236.35,-0.00043578,53.4742
236.4,-0.000436715,53.4742
236.45,-0.000431272,53.4742
236.5,-0.000431372,53.4742
236.55,-0.000439821,53.4741
236.6,-0.000440455,53.4741
236.65,-0.000440288,53.4741
236.7,-0.000433877,53.4741
236.75,-0.000429903,53.474
236.8,-0.000429669,53.474
236.85,-0.000438686,53.474
236.9,-0.00043578,53.474
236.95,-0.000433643,53.474
237.0,-0.000435547,53.4739
237.05,-0.000436548,53.4739
237.1,-0.000433777,53.4739
237.15,-0.000444763,53.4739
237.2,-0.000436582,53.4739
237.25,-0.00043568,53.4738
237.3,-0.000428567,53.4738
237.35,-0.000432909,53.4738
237.4,-0.000442826,53.4738
237.45,-0.000430671,53.4737
237.5,-0.000428167,53.4737
237.55,-0.000426096,53.4737
237.6,-0.000427566,53.4737
237.65,-0.000431005,53.4737
237.7,-0.000434578,53.4736
237.75,-0.000433877,53.4736
237.8,-0.000432742,53.4736
237.85,-0.000431807,53.4736
237.9,-0.000434979,53.4735
237.95,-0.000425262,53.4735
238.0,-0.000424393,53.4735
238.05,-0.000426965,53.4735
238.1,-0.000426096,53.4735
238.15,-0.000429469,53.4734
238.2,-0.00043568,53.4734
238.25,-0.000434111,53.4734
238.3,-0.000437083,53.4734
238.35,-0.000433743,53.4734
238.4,-0.000438819,53.4733
238.45,-0.000438552,53.4733
238.5,-0.000432575,53.4733
238.55,-0.000432141,53.4733
238.6,-0.000430705,53.4732
238.65,-0.00043538,53.4732
238.7,-0.000438418,53.4732
238.75,-0.000431573,53.4732
238.8,-0.000432207,53.4732
238.85,-0.000430972,53.4731
238.9,-0.000429335,53.4731
238.95,-0.000431172,53.4731
239.0,-0.000422991,53.4731
239.05,-0.000429035,53.4731
239.1,-0.000417514,53.473
239.15,-0.000421221,53.473
239.2,-0.000422523,53.473
239.25,-0.000429202,53.473
239.3,-0.000421956,53.4729
239.35,-0.000416112,53.4729
239.4,-0.000431172,53.4729
239.45,-0.000424527,53.4729
239.5,-0.000435213,53.4729
239.55,-0.000427365,53.4728
239.6,-0.000432942,53.4728
239.65,-0.000436281,53.4728
239.7,-0.000443227,53.4728
239.75,-0.000440489,53.4728
239.8,-0.000435279,53.4727
239.85,-0.000433844,53.4727
239.9,-0.00043391,53.4727
239.95,-0.000436715,53.4727
240.0,-0.000429803,53.4726
240.05,-0.000431473,53.4726
240.1,-0.000431105,53.4726
240.15,-0.000440288,53.4726
240.2,-0.000449338,53.4726
240.25,-0.000442325,53.4725
240.3,-0.000440789,53.4725
240.35,-0.000434912,53.4725
240.4,-0.000431606,53.4725
240.45,-0.000441858,53.4724
240.5,-0.000434812,53.4724
240.55,-0.000437283,53.4724
240.6,-0.000440923,53.4724
240.65,-0.000438786,53.4724
240.7,-0.000445431,53.4723
240.75,-0.000438352,53.4723
240.8,-0.000435346,53.4723
240.85,-0.000431974,53.4723
240.9,-0.000431306,53.4723
240.95,-0.000437116,53.4722
241.0,-0.000438886,53.4722
241.05,-0.000433276,53.4722
241.1,-0.000443461,53.4722
241.15,-0.000432975,53.4721
241.2,-0.000439353,53.4721
241.25,-0.000432274,53.4721
241.3,-0.000437784,53.4721
241.35,-0.000431072,53.4721
241.4,-0.000429335,53.472
241.45,-0.000437216,53.472
241.5,-0.000436214,53.472
241.55,-0.000432675,53.472
241.6,-0.000435847,53.4719
241.65,-0.000445865,53.4719
241.7,-0.000438786,53.4719
241.75,-0.000445865,53.4719
241.8,-0.000442459,53.4719
241.85,-0.000443361,53.4718
241.9,-0.000440823,53.4718
241.95,-0.000442492,53.4718
242.0,-0.000442993,53.4718
242.05,-0.000441724,53.4717
242.1,-0.000447101,53.4717
242.15,-0.00043745,53.4717
242.2,-0.000434211,53.4717
242.25,-0.000429569,53.4717
242.3,-0.000438752,53.4716
242.35,-0.000432708,53.4716
242.4,-0.000432742,53.4716
242.45,-0.000439621,53.4716
242.5,-0.000449605,53.4715
242.55,-0.000440856,53.4715
242.6,-0.00043548,53.4715
242.65,-0.00043007,53.4715
242.7,-0.00043558,53.4715
242.75,-0.000443327,53.4714
242.8,-0.000433209,53.4714
242.85,-0.000434612,53.4714
242.9,-0.000430371,53.4714
242.95,-0.000432675,53.4714
243.0,-0.000433543,53.4713
243.05,-0.000445297,53.4713
243.1,-0.000440723,53.4713
243.15,-0.000442192,53.4713
243.2,-0.000443093,53.4712
243.25,-0.000444129,53.4712
243.3,-0.000435313,53.4712
243.35,-0.000435313,53.4712
243.4,-0.000440422,53.4712
243.45,-0.000440556,53.4711
243.5,-0.000439687,53.4711
243.55,-0.000432675,53.4711
243.6,-0.000441758,53.4711
243.65,-0.000444596,53.471
243.7,-0.000436548,53.471
243.75,-0.000442626,53.471
243.8,-0.000446834,53.471
243.85,-0.000444028,53.471
243.9,-0.000453312,53.4709
243.95,-0.000448503,53.4709
244.0,-0.000447034,53.4709
244.05,-0.000448837,53.4709
244.1,-0.000440656,53.4708
244.15,-0.000440823,53.4708
244.2,-0.000446666,53.4708
244.25,-0.000441991,53.4708
244.3,-0.000442626,53.4708
244.35,-0.000438619,53.4707
244.4,-0.000438084,53.4707
244.45,-0.000442025,53.4707
244.5,-0.000432307,53.4707
244.55,-0.000432141,53.4706
244.6,-0.00043351,53.4706
244.65,-0.000427666,53.4706
244.7,-0.000427833,53.4706
244.75,-0.000429235,53.4706
244.8,-0.000424627,53.4705
244.85,-0.000433409,53.4705
244.9,-0.000431907,53.4705
244.95,-0.000427499,53.4705
245.0,-0.00042269,53.4705
245.05,-0.000419084,53.4704
245.1,-0.000415043,53.4704
245.15,-0.00041865,53.4704
245.2,-0.00042446,53.4704
245.25,-0.000435012,53.4703
245.3,-0.000435146,53.4703
245.35,-0.000424293,53.4703
245.4,-0.000424794,53.4703
245.45,-0.000428434,53.4703
245.5,-0.000417514,53.4702
245.55,-0.000427198,53.4702
245.6,-0.000429469,53.4702
245.65,-0.000428234,53.4702
245.7,-0.000437984,53.4702
245.75,-0.000436982,53.4701
245.8,-0.000436047,53.4701
245.85,-0.000433443,53.4701
245.9,-0.000439454,53.4701
245.95,-0.00043558,53.47
246.0,-0.000434077,53.47
246.05,-0.000431005,53.47
246.1,-0.000423826,53.47
246.15,-0.000416646,53.47
246.2,-0.000412238,53.4699
246.25,-0.000386893,53.4699
246.3,-0.000394473,53.4699
246.35,-0.000376741,53.4699
246.4,-0.000357106,53.4699
246.45,-0.000365889,53.4698
246.5,-0.000402287,53.4698
246.55,-0.000392803,53.4698
246.6,-0.000398547,53.4698
246.65,-0.000391868,53.4698
246.7,-0.000388128,53.4697
246.75,-0.000397746,53.4697
246.8,-0.000398514,53.4697
246.85,-0.00039838,53.4697
246.9,-0.00039464,53.4697
246.95,-0.000386793,53.4697
247.0,-0.000404524,53.4696
247.05,-0.000395976,53.4696
247.1,-0.000410068,53.4696
247.15,-0.000402988,53.4696
247.2,-0.000410134,53.4695
247.25,-0.000412071,53.4695
247.3,-0.000410034,53.4695
247.35,-0.000400584,53.4695
247.4,-0.000397879,53.4695
247.45,-0.000415177,53.4694
247.5,-0.00040783,53.4694
247.55,-0.000397913,53.4694
247.6,-0.00039661,53.4694
247.65,-0.000399282,53.4694
247.7,-0.000412405,53.4693
247.75,-0.000408532,53.4693
247.8,-0.000405893,53.4693
247.85,-0.000406728,53.4693
247.9,-0.000406361,53.4693
247.95,-0.000417915,53.4692
248.0,-0.000416546,53.4692
248.05,-0.000417815,53.4692
248.1,-0.000419885,53.4692
248.15,-0.000423325,53.4692
248.2,-0.00042603,53.4691
248.25,-0.000427632,53.4691
248.3,-0.000426631,53.4691
248.35,-0.000421188,53.4691
248.4,-0.000421588,53.4691
248.45,-0.000421021,53.469
248.5,-0.000420019,53.469
248.55,-0.000431139,53.469
248.6,-0.000417013,53.469
248.65,-0.00041875,53.4689
248.7,-0.000409467,53.4689
248.75,-0.000407062,53.4689
248.8,-0.000406261,53.4689
248.85,-0.000416312,53.4689
248.9,-0.000415611,53.4688
248.95,-0.000420887,53.4688
249.0,-0.000427132,53.4688
249.05,-0.000432107,53.4688
249.1,-0.000423058,53.4688
249.15,-0.000413207,53.4687
249.2,-0.000413708,53.4687
249.25,-0.000418583,53.4687
249.3,-0.000418115,53.4687
249.35,-0.000424193,53.4687
249.4,-0.000422356,53.4686
249.45,-0.000416813,53.4686
249.5,-0.00041885,53.4686
249.55,-0.000423926,53.4686
249.6,-0.000431606,53.4686
249.65,-0.000434812,53.4685
249.7,-0.000431673,53.4685
249.75,-0.000439253,53.4685
249.8,-0.000428367,53.4685
249.85,-0.000423525,53.4684
249.9,-0.000418984,53.4684
249.95,-0.000411136,53.4684
250.0,-0.00041334,53.4684
250.05,-0.000412839,53.4684
250.1,-0.000412706,53.4683
250.15,-0.000418483,53.4683
250.2,-0.000411904,53.4683
250.25,-0.000417548,53.4683
250.3,-0.000413774,53.4683
250.35,-0.000412772,53.4682
250.4,-0.000406428,53.4682
250.45,-0.000404725,53.4682
250.5,-0.0004093,53.4682
250.55,-0.000409734,53.4682
250.6,-0.000419551,53.4681
250.65,-0.000418383,53.4681
250.7,-0.000411437,53.4681
250.75,-0.000408932,53.4681
250.8,-0.000416212,53.4681
250.85,-0.000418583,53.468
250.9,-0.0004093,53.468
250.95,-0.00040045,53.468
251.0,-0.000413975,53.468
251.05,-0.000401786,53.4679
251.1,-0.000412605,53.4679
251.15,-0.00041905,53.4679
251.2,-0.00042082,53.4679
251.25,-0.000418182,53.4679
251.3,-0.00042613,53.4678
251.35,-0.00042456,53.4678
251.4,-0.000425028,53.4678
251.45,-0.00042072,53.4678
251.5,-0.000425762,53.4678
251.55,-0.000424994,53.4677
251.6,-0.000423024,53.4677
251.65,-0.000425662,53.4677
251.7,-0.000421822,53.4677
251.75,-0.000422757,53.4677
251.8,-0.000424727,53.4676
251.85,-0.000425095,53.4676
251.9,-0.000420653,53.4676
251.95,-0.0004283,53.4676
252.0,-0.000430872,53.4675
252.05,-0.000430471,53.4675
252.1,-0.000434511,53.4675
252.15,-0.000430471,53.4675
252.2,-0.000432341,53.4675
252.25,-0.000434678,53.4674
252.3,-0.000440622,53.4674
252.35,-0.00043381,53.4674
252.4,-0.000426397,53.4674
252.45,-0.00043381,53.4674
252.5,-0.000428868,53.4673
252.55,-0.00042643,53.4673
252.6,-0.000429335,53.4673
252.65,-0.000426731,53.4673
252.7,-0.000430805,53.4672
252.75,-0.000423492,53.4672
252.8,-0.000427799,53.4672
252.85,-0.000429502,53.4672
252.9,-0.000432675,53.4672
252.95,-0.000429035,53.4671
253.0,-0.000429202,53.4671
253.05,-0.000436448,53.4671
253.1,-0.000433109,53.4671
253.15,-0.000422957,53.4671
253.2,-0.000423358,53.467
253.25,-0.000425996,53.467
253.3,-0.000416412,53.467
253.35,-0.000421421,53.467
253.4,-0.000411303,53.4669
253.45,-0.000417013,53.4669
253.5,-0.000425796,53.4669
253.55,-0.000426197,53.4669
253.6,-0.000425328,53.4669
253.65,-0.00042613,53.4668
253.7,-0.000428267,53.4668
253.75,-0.00042997,53.4668
253.8,-0.000430638,53.4668
253.85,-0.00042062,53.4668
253.9,-0.000427399,53.4667
253.95,-0.000428668,53.4667
254.0,-0.000433009,53.4667
254.05,-0.00042977,53.4667
254.1,-0.000440155,53.4666
254.15,-0.000437483,53.4666
254.2,-0.000428167,53.4666
254.25,-0.000417848,53.4666
254.3,-0.000429168,53.4666
254.35,-0.000425796,53.4665
254.4,-0.000433376,53.4665
254.45,-0.000428434,53.4665
254.5,-0.000428467,53.4665
254.55,-0.000435981,53.4665
254.6,-0.000428835,53.4664
254.65,-0.000432408,53.4664
254.7,-0.000438318,53.4664
254.75,-0.000436649,53.4664
254.8,-0.000445798,53.4663
254.85,-0.000444463,53.4663
254.9,-0.000436715,53.4663
254.95,-0.000428668,53.4663
255.0,-0.000435012,53.4663
255.05,-0.000449037,53.4662
255.1,-0.000434612,53.4662
255.15,-0.000438084,53.4662
255.2,-0.000446566,53.4662
255.25,-0.000445264,53.4661
255.3,-0.000432641,53.4661
255.35,-0.000430137,53.4661
255.4,-0.000428234,53.4661
255.45,-0.000428434,53.4661
255.5,-0.000432074,53.466
255.55,-0.000434211,53.466
255.6,-0.000429436,53.466
255.65,-0.000425629,53.466
255.7,-0.000439921,53.466
255.75,-0.00044326,53.4659
255.8,-0.000446666,53.4659
255.85,-0.000436415,53.4659
255.9,-0.000436682,53.4659
255.95,-0.000446333,53.4658
256.0,-0.000443728,53.4658
256.05,-0.000448069,53.4658
256.1,-0.000438051,53.4658
256.15,-0.000444329,53.4658
256.2,-0.000439086,53.4657
256.25,-0.000446867,53.4657
256.3,-0.000450106,53.4657
256.35,-0.000445598,53.4657
256.4,-0.000431439,53.4656
256.45,-0.000438886,53.4656
256.5,-0.000446433,53.4656
256.55,-0.000438953,53.4656
256.6,-0.000447101,53.4656
256.65,-0.000443461,53.4655
256.7,-0.000443461,53.4655
256.75,-0.000447401,53.4655
256.8,-0.0004469,53.4655
256.85,-0.000436815,53.4654
256.9,-0.00043538,53.4654
256.95,-0.000441023,53.4654
257.0,-0.000439954,53.4654
257.05,-0.000433677,53.4654
257.1,-0.000429469,53.4653
257.15,-0.000423826,53.4653
257.2,-0.000422523,53.4653
257.25,-0.000424326,53.4653
257.3,-0.000429068,53.4652
257.35,-0.000430538,53.4652
257.4,-0.000434712,53.4652
257.45,-0.000433009,53.4652
257.5,-0.000428668,53.4652
257.55,-0.000434946,53.4651
257.6,-0.00042987,53.4651
257.65,-0.000431272,53.4651
257.7,-0.000436582,53.4651
257.75,-0.00042997,53.4651
257.8,-0.000435647,53.465
257.85,-0.00044276,53.465
257.9,-0.00043725,53.465
257.95,-0.000441758,53.465
258.0,-0.000442659,53.4649
258.05,-0.000441324,53.4649
258.1,-0.000446666,53.4649
258.15,-0.000438185,53.4649
258.2,-0.000442526,53.4649
258.25,-0.000436749,53.4648
258.3,-0.000428901,53.4648
258.35,-0.000432341,53.4648
258.4,-0.000428868,53.4648
258.45,-0.000428835,53.4647
258.5,-0.000427799,53.4647
258.55,-0.000434144,53.4647
258.6,-0.00042436,53.4647
258.65,-0.000419785,53.4647
258.7,-0.000412405,53.4646
258.75,-0.000427666,53.4646
258.8,-0.000429168,53.4646
258.85,-0.000430638,53.4646
258.9,-0.000423993,53.4646
258.95,-0.000429135,53.4645
259.0,-0.000425128,53.4645
259.05,-0.000423058,53.4645
259.1,-0.000423225,53.4645
259.15,-0.000425562,53.4645
259.2,-0.000426397,53.4644
259.25,-0.000432307,53.4644
259.3,-0.000424761,53.4644
259.35,-0.000413708,53.4644
259.4,-0.000416279,53.4643
259.45,-0.000411904,53.4643
259.5,-0.00042259,53.4643
259.55,-0.000421956,53.4643
259.6,-0.000424694,53.4643
259.65,-0.000423826,53.4642
259.7,-0.000409333,53.4642
259.75,-0.000416913,53.4642
259.8,-0.000421121,53.4642
259.85,-0.000422957,53.4642
259.9,-0.00041895,53.4641
259.95,-0.000419585,53.4641
260.0,-0.00041491,53.4641
260.05,-0.000418817,53.4641
260.1,-0.000429135,53.4641
260.15,-0.000422557,53.464
260.2,-0.000421622,53.464
260.25,-0.000423959,53.464
260.3,-0.00042416,53.464
260.35,-0.000420453,53.4639
260.4,-0.000429168,53.4639
260.45,-0.000424794,53.4639
260.5,-0.000420486,53.4639
260.55,-0.000419084,53.4639
260.6,-0.000425796,53.4638
260.65,-0.000420787,53.4638
260.7,-0.000417781,53.4638
260.75,-0.000418149,53.4638
260.8,-0.00041895,53.4638
260.85,-0.00042279,53.4637
260.9,-0.000424326,53.4637
260.95,-0.000414542,53.4637
261.0,-0.000419618,53.4637
261.05,-0.000432141,53.4636
261.1,-0.000431105,53.4636
261.15,-0.000431205,53.4636
261.2,-0.000434278,53.4636
261.25,-0.000427198,53.4636
261.3,-0.00042072,53.4635
261.35,-0.000425462,53.4635
261.4,-0.0004284,53.4635
261.45,-0.000431339,53.4635
261.5,-0.00042623,53.4635
261.55,-0.000418416,53.4634
261.6,-0.000426864,53.4634
261.65,-0.000427833,53.4634
261.7,-0.000419084,53.4634
261.75,-0.00042249,53.4634
261.8,-0.000426931,53.4633
261.85,-0.000426497,53.4633
261.9,-0.000427866,53.4633
261.95,-0.000425428,53.4633
262.0,-0.000432975,53.4632
262.05,-0.000431974,53.4632
262.1,-0.000428835,53.4632
262.15,-0.00043361,53.4632
262.2,-0.00043952,53.4632
262.25,-0.000436682,53.4631
262.3,-0.000430504,53.4631
262.35,-0.000439921,53.4631
262.4,-0.000437951,53.4631
262.45,-0.000437851,53.463
262.5,-0.000432074,53.463
262.55,-0.000430471,53.463
262.6,-0.000431907,53.463
262.65,-0.000439788,53.463
262.7,-0.000439721,53.4629
262.75,-0.000443895,53.4629
262.8,-0.000437584,53.4629
262.85,-0.000438652,53.4629
262.9,-0.000439988,53.4629
262.95,-0.000447601,53.4628
263.0,-0.000445698,53.4628
263.05,-0.000447535,53.4628
263.1,-0.000452777,53.4628
263.15,-0.000444863,53.4627
263.2,-0.000447301,53.4627
263.25,-0.000443561,53.4627
263.3,-0.000449004,53.4627
263.35,-0.000451041,53.4627
263.4,-0.000440689,53.4626
263.45,-0.000442659,53.4626
263.5,-0.000446333,53.4626
263.55,-0.000441324,53.4626
263.6,-0.000436014,53.4625
263.65,-0.000435814,53.4625
263.7,-0.000444496,53.4625
263.75,-0.000450674,53.4625
263.8,-0.000447702,53.4625
263.85,-0.000438452,53.4624
263.9,-0.000442492,53.4624
263.95,-0.000447601,53.4624
264.0,-0.000449371,53.4624
264.05,-0.000446967,53.4623
264.1,-0.000442292,53.4623
264.15,-0.000447635,53.4623
264.2,-0.000453412,53.4623
264.25,-0.000455249,53.4622
264.3,-0.000446466,53.4622
264.35,-0.000449405,53.4622
264.4,-0.00044493,53.4622
264.45,-0.000445965,53.4622
264.5,-0.000448971,53.4621
264.55,-0.000442325,53.4621
264.6,-0.000434411,53.4621
264.65,-0.000432241,53.4621
264.7,-0.000439153,53.4621
264.75,-0.000431573,53.462
264.8,-0.000442826,53.462
264.85,-0.000443528,53.462
264.9,-0.000440956,53.462
264.95,-0.000438752,53.4619
265.0,-0.000439353,53.4619
265.05,-0.00043194,53.4619
265.1,-0.000432942,53.4619
265.15,-0.000437417,53.4619
265.2,-0.000435513,53.4618
265.25,-0.000429937,53.4618
265.3,-0.000430538,53.4618
265.35,-0.0004284,53.4618
265.4,-0.000423659,53.4617
265.45,-0.000428868,53.4617
265.5,-0.000427098,53.4617
265.55,-0.000438686,53.4617
265.6,-0.000438652,53.4617
265.65,-0.000431339,53.4616
265.7,-0.000423692,53.4616
265.75,-0.000427499,53.4616
265.8,-0.000425362,53.4616
265.85,-0.000422123,53.4616
265.9,-0.000423859,53.4615
265.95,-0.000425595,53.4615
266.0,-0.000430304,53.4615
266.05,-0.000426764,53.4615
266.1,-0.000429536,53.4614
266.15,-0.000440522,53.4614
266.2,-0.000430204,53.4614
266.25,-0.000432541,53.4614
266.3,-0.000436949,53.4614
266.35,-0.000433209,53.4613
266.4,-0.000428167,53.4613
266.45,-0.000431339,53.4613
266.5,-0.000439654,53.4613
266.55,-0.000425729,53.4613
266.6,-0.000436415,53.4612
266.65,-0.000442459,53.4612
266.7,-0.000442826,53.4612
266.75,-0.000445197,53.4612
266.8,-0.00043922,53.4611
266.85,-0.000445999,53.4611
266.9,-0.000448036,53.4611
266.95,-0.000438084,53.4611
267.0,-0.000445665,53.4611
267.05,-0.000445565,53.461
267.1,-0.000441691,53.461
267.15,-0.000445731,53.461
267.2,-0.000438552,53.461
267.25,-0.000439587,53.4609
267.3,-0.000446032,53.4609
267.35,-0.000447468,53.4609
267.4,-0.000439186,53.4609
267.45,-0.000429603,53.4609
267.5,-0.000423492,53.4608
267.55,-0.000420887,53.4608
267.6,-0.000417013,53.4608
267.65,-0.000426096,53.4608
267.7,-0.00042603,53.4607
267.75,-0.000441223,53.4607
267.8,-0.000443294,53.4607
267.85,-0.00043371,53.4607
267.9,-0.000439053,53.4607
267.95,-0.000433476,53.4606
268.0,-0.000438552,53.4606
268.05,-0.00043568,53.4606
268.1,-0.000437684,53.4606
268.15,-0.000433109,53.4606
268.2,-0.000428601,53.4605
268.25,-0.000428968,53.4605
268.3,-0.000429135,53.4605
268.35,-0.000424694,53.4605
268.4,-0.000430771,53.4604
268.45,-0.000423391,53.4604
268.5,-0.000428133,53.4604
268.55,-0.000417681,53.4604
268.6,-0.000435213,53.4604
268.65,-0.000430905,53.4603
268.7,-0.000430938,53.4603
268.75,-0.00043204,53.4603
268.8,-0.000439086,53.4603
268.85,-0.000437183,53.4603
268.9,-0.000427132,53.4602
268.95,-0.000418716,53.4602
269.0,-0.000415177,53.4602
269.05,-0.000415444,53.4602
269.1,-0.000416279,53.4601
269.15,-0.000424694,53.4601
269.2,-0.000419985,53.4601
269.25,-0.000424493,53.4601
269.3,-0.000425262,53.4601
269.35,-0.000428033,53.46
269.4,-0.000426664,53.46
269.45,-0.000427432,53.46
269.5,-0.00043371,53.46
269.55,-0.00043538,53.46
269.6,-0.000432708,53.4599
269.65,-0.000425228,53.4599
269.7,-0.000429502,53.4599
269.75,-0.000429335,53.4599
269.8,-0.00043184,53.4598
269.85,-0.00043204,53.4598
269.9,-0.000423625,53.4598
269.95,-0.000426764,53.4598
270.0,-0.000431974,53.4598
270.05,-0.000422924,53.4597
270.1,-0.000425095,53.4597
270.15,-0.000432374,53.4597
270.2,-0.000434044,53.4597
270.25,-0.000427031,53.4597
270.3,-0.000429569,53.4596
270.35,-0.000430738,53.4596
270.4,-0.000429269,53.4596
270.45,-0.000420286,53.4596
270.5,-0.000427332,53.4595
270.55,-0.000434745,53.4595
270.6,-0.000425362,53.4595
270.65,-0.000427299,53.4595
270.7,-0.000430271,53.4595
270.75,-0.000438652,53.4594
270.8,-0.000438218,53.4594
270.85,-0.000436982,53.4594
270.9,-0.000445865,53.4594
270.95,-0.000448937,53.4594
271.0,-0.000447668,53.4593
271.05,-0.000449004,53.4593
271.1,-0.0004469,53.4593
271.15,-0.000445999,53.4593
271.2,-0.000439287,53.4592
271.25,-0.000449171,53.4592
271.3,-0.000445865,53.4592
271.35,-0.000435547,53.4592
271.4,-0.000432508,53.4591
271.45,-0.000433343,53.4591
271.5,-0.000429102,53.4591
271.55,-0.000426697,53.4591
271.6,-0.000428634,53.4591
271.65,-0.000431807,53.459
271.7,-0.000432808,53.459
271.75,-0.000426831,53.459
271.8,-0.000422891,53.459
271.85,-0.0004283,53.459
271.9,-0.000431072,53.4589
271.95,-0.000429335,53.4589
272.0,-0.000427165,53.4589
272.05,-0.000427198,53.4589
272.1,-0.000425796,53.4589
272.15,-0.00042977,53.4588
272.2,-0.000414309,53.4588
272.25,-0.000424026,53.4588
272.3,-0.000426597,53.4588
272.35,-0.000423391,53.4587
272.4,-0.000421655,53.4587
272.45,-0.000416212,53.4587
272.5,-0.000417214,53.4587
272.55,-0.000421588,53.4587
272.6,-0.000417648,53.4586
272.65,-0.000422523,53.4586
272.7,-0.00043578,53.4586
272.75,-0.000433109,53.4586
272.8,-0.000426931,53.4586
272.85,-0.000425228,53.4585
272.9,-0.000428668,53.4585
272.95,-0.000434845,53.4585
273.0,-0.000433276,53.4585
273.05,-0.000434779,53.4584
273.1,-0.000439821,53.4584
273.15,-0.000435814,53.4584
273.2,-0.000434378,53.4584
273.25,-0.000433576,53.4584
273.3,-0.000436047,53.4583
273.35,-0.000426397,53.4583
273.4,-0.000428334,53.4583
273.45,-0.000435814,53.4583
273.5,-0.000433242,53.4583
273.55,-0.00041491,53.4582
273.6,-0.000426998,53.4582
273.65,-0.000433409,53.4582
273.7,-0.000431105,53.4582
273.75,-0.0004279,53.4581
273.8,-0.000439454,53.4581
273.85,-0.000424093,53.4581
273.9,-0.000425295,53.4581
273.95,-0.000438953,53.4581
274.0,-0.000434411,53.458
274.05,-0.000434612,53.458
274.1,-0.000438084,53.458
274.15,-0.000428567,53.458
274.2,-0.000427532,53.458
274.25,-0.000441223,53.4579
274.3,-0.000446065,53.4579
274.35,-0.00044493,53.4579
274.4,-0.000445498,53.4579
274.45,-0.000451008,53.4578
274.5,-0.00044306,53.4578
274.55,-0.000442626,53.4578
274.6,-0.000437851,53.4578
274.65,-0.000434745,53.4577
274.7,-0.000444897,53.4577
274.75,-0.000438585,53.4577
274.8,-0.000437751,53.4577
274.85,-0.000437383,53.4577
274.9,-0.000434411,53.4576
274.95,-0.000444195,53.4576
275.0,-0.00043361,53.4576
275.05,-0.000429803,53.4576
275.1,-0.000432241,53.4576
275.15,-0.000440455,53.4575
275.2,-0.00044099,53.4575
275.25,-0.000436381,53.4575
275.3,-0.000438719,53.4575
275.35,-0.000430003,53.4574
275.4,-0.000434578,53.4574
275.45,-0.000429937,53.4574
275.5,-0.000430538,53.4574
275.55,-0.000427799,53.4574
275.6,-0.000435146,53.4573
275.65,-0.000442058,53.4573
275.7,-0.000431105,53.4573
275.75,-0.000426764,53.4573
275.8,-0.000424193,53.4572
275.85,-0.000426197,53.4572
275.9,-0.000430204,53.4572
275.95,-0.000429937,53.4572
276.0,-0.000443093,53.4572
276.05,-0.000440556,53.4571
276.1,-0.000445798,53.4571
276.15,-0.00044276,53.4571
276.2,-0.000444863,53.4571
276.25,-0.000447034,53.4571
276.3,-0.000451308,53.457
276.35,-0.000449805,53.457
276.4,-0.000450306,53.457
276.45,-0.000445765,53.457
276.5,-0.000443628,53.4569
276.55,-0.000442459,53.4569
276.6,-0.000435714,53.4569
276.65,-0.000435981,53.4569
276.7,-0.000442693,53.4569
276.75,-0.00044139,53.4568
276.8,-0.000440055,53.4568
276.85,-0.000428634,53.4568
276.9,-0.000440088,53.4568
276.95,-0.000443594,53.4567
277.0,-0.000434211,53.4567
277.05,-0.000431506,53.4567
277.1,-0.000426931,53.4567
277.15,-0.000440121,53.4567
277.2,-0.000423291,53.4566
277.25,-0.00042643,53.4566
277.3,-0.000434211,53.4566
277.35,-0.000430671,53.4566
277.4,-0.000429536,53.4566
277.45,-0.000437784,53.4565
277.5,-0.000438986,53.4565
277.55,-0.000430371,53.4565
277.6,-0.000438919,53.4565
277.65,-0.000438051,53.4564
277.7,-0.000441056,53.4564
277.75,-0.000449138,53.4564
277.8,-0.000443695,53.4564
277.85,-0.000438752,53.4564
277.9,-0.000425095,53.4563
277.95,-0.000427866,53.4563
278.0,-0.000441491,53.4563
278.05,-0.000436047,53.4563
278.1,-0.000440789,53.4562
278.15,-0.000444863,53.4562
278.2,-0.000442192,53.4562
278.25,-0.000445932,53.4562
278.3,-0.000449371,53.4562
278.35,-0.000446533,53.4561
278.4,-0.000445264,53.4561
278.45,-0.000445364,53.4561
278.5,-0.000450039,53.4561
278.55,-0.000449572,53.456
278.6,-0.000455215,53.456
278.65,-0.000449371,53.456
278.7,-0.000435914,53.456
278.75,-0.000443027,53.456
278.8,-0.000433476,53.4559
278.85,-0.000447134,53.4559
278.9,-0.000458087,53.4559
278.95,-0.000455048,53.4559
279.0,-0.000454881,53.4558
279.05,-0.000444797,53.4558
279.1,-0.000437717,53.4558
279.15,-0.000438318,53.4558
279.2,-0.000455783,53.4557
279.25,-0.000450774,53.4557
279.3,-0.000453011,53.4557
279.35,-0.000455115,53.4557
279.4,-0.000449939,53.4557
279.45,-0.000436315,53.4556
279.5,-0.000443561,53.4556
279.55,-0.000441658,53.4556
279.6,-0.000445865,53.4556
279.65,-0.000446399,53.4556
279.7,-0.000444296,53.4555
279.75,-0.000453145,53.4555
279.8,-0.000448436,53.4555
279.85,-0.000453779,53.4555
279.9,-0.000454814,53.4554
279.95,-0.000456083,53.4554
280.0,-0.000447167,53.4554
280.05,-0.000438051,53.4554
280.1,-0.000440856,53.4553
280.15,-0.000438385,53.4553
280.2,-0.000435547,53.4553
280.25,-0.000446533,53.4553
280.3,-0.000440155,53.4553
280.35,-0.0004466,53.4552
280.4,-0.000446934,53.4552
280.45,-0.000440556,53.4552
280.5,-0.000442893,53.4552
280.55,-0.00044306,53.4552
280.6,-0.000445231,53.4551
280.65,-0.000446199,53.4551
280.7,-0.000446199,53.4551
280.75,-0.000443494,53.4551
280.8,-0.000444429,53.455
280.85,-0.000444563,53.455
280.9,-0.000450206,53.455
280.95,-0.000446934,53.455
281.0,-0.000443928,53.4549
281.05,-0.000444696,53.4549
281.1,-0.000452444,53.4549
281.15,-0.000450139,53.4549
281.2,-0.000447501,53.4549
281.25,-0.000447167,53.4548
281.3,-0.000444028,53.4548
281.35,-0.000443327,53.4548
281.4,-0.000432608,53.4548
281.45,-0.000446032,53.4548
281.5,-0.00044286,53.4547
281.55,-0.000426063,53.4547
281.6,-0.000433476,53.4547
281.65,-0.000431239,53.4547
281.7,-0.000428133,53.4546
281.75,-0.000429269,53.4546
281.8,-0.000421087,53.4546
281.85,-0.000424026,53.4546
281.9,-0.000427766,53.4546
281.95,-0.000433743,53.4545
282.0,-0.000435547,53.4545
282.05,-0.000443327,53.4545
282.1,-0.000443127,53.4545
282.15,-0.000436548,53.4544
282.2,-0.000442726,53.4544
282.25,-0.000438185,53.4544
282.3,-0.000435446,53.4544
282.35,-0.000432107,53.4544
282.4,-0.000434745,53.4543
282.45,-0.000430838,53.4543
282.5,-0.000426363,53.4543
282.55,-0.000440489,53.4543
282.6,-0.000437784,53.4543
282.65,-0.000438385,53.4542
282.7,-0.00041531,53.4542
282.75,-0.000417748,53.4542
282.8,-0.0004095,53.4542
282.85,-0.000412873,53.4541
282.9,-0.00040793,53.4541
282.95,-0.000415344,53.4541
283.0,-0.000417982,53.4541
283.05,-0.000409366,53.4541
283.1,-0.00041885,53.454
283.15,-0.000410134,53.454
283.2,-0.000421021,53.454
283.25,-0.000419718,53.454
283.3,-0.000419251,53.454
283.35,-0.000420319,53.4539
283.4,-0.000415511,53.4539
283.45,-0.000415711,53.4539
283.5,-0.000413307,53.4539
283.55,-0.000404958,53.4539
283.6,-0.000407897,53.4538
283.65,-0.000418216,53.4538
283.7,-0.000423458,53.4538
283.75,-0.000424126,53.4538
283.8,-0.000444563,53.4537
283.85,-0.000436749,53.4537
283.9,-0.000428868,53.4537
283.95,-0.000420653,53.4537
284.0,-0.00041157,53.4537
284.05,-0.000393905,53.4536
284.1,-0.000326051,53.4536
284.15,-0.000427165,53.4536
284.2,-0.000451141,53.4536
284.25,-0.000452744,53.4536
284.3,-0.000456517,53.4535
284.35,-0.000460625,53.4535
284.4,-0.000448336,53.4535
284.45,-0.000457452,53.4535
284.5,-0.000464164,53.4534
284.55,-0.000461159,53.4534
284.6,-0.00045615,53.4534
284.65,-0.000440923,53.4534
284.7,-0.000442192,53.4534
284.75,-0.000444229,53.4533
284.8,-0.000441958,53.4533
284.85,-0.000440489,53.4533
284.9,-0.000444463,53.4533
284.95,-0.000448537,53.4532
285.0,-0.00045615,53.4532
285.05,-0.000448904,53.4532
285.1,-0.000455783,53.4532
285.15,-0.000444028,53.4532
285.2,-0.000444028,53.4531
285.25,-0.000439754,53.4531
285.3,-0.000439921,53.4531
285.35,-0.000438318,53.4531
285.4,-0.000440789,53.453
285.45,-0.000437751,53.453
285.5,-0.000438719,53.453
285.55,-0.000437617,53.453
285.6,-0.000442993,53.453
285.65,-0.000450206,53.4529
285.7,-0.000443962,53.4529
285.75,-0.000439721,53.4529
285.8,-0.000437851,53.4529
285.85,-0.000438118,53.4528
285.9,-0.000427132,53.4528
285.95,-0.000427365,53.4528
286.0,-0.000422356,53.4528
286.05,-0.0004279,53.4528
286.1,-0.000429135,53.4527
286.15,-0.000426564,53.4527
286.2,-0.000427799,53.4527
286.25,-0.000423826,53.4527
286.3,-0.000414476,53.4527
286.35,-0.000416412,53.4526
286.4,-0.000425662,53.4526
286.45,-0.000422123,53.4526
286.5,-0.000412873,53.4526
286.55,-0.000419351,53.4525
286.6,-0.000421087,53.4525
286.65,-0.00038913,53.4525
286.7,-0.000366022,53.4525
286.75,-0.000360379,53.4525
286.8,-0.000365922,53.4525
286.85,-0.000362149,53.4524
286.9,-0.000375506,53.4524
286.95,-0.000369695,53.4524
287.0,-0.000407162,53.4524
287.05,-0.000419919,53.4524
287.1,-0.000424694,53.4523
287.15,-0.000433476,53.4523
287.2,-0.00044109,53.4523
287.25,-0.000428167,53.4523
287.3,-0.000401519,53.4523
287.35,-0.00041865,53.4522
287.4,-0.000421355,53.4522
287.45,-0.000418817,53.4522
287.5,-0.000419651,53.4522
287.55,-0.000414709,53.4521
287.6,-0.000414976,53.4521
287.65,-0.000420787,53.4521
287.7,-0.000417147,53.4521
287.75,-0.000423692,53.4521
287.8,-0.000422056,53.452
287.85,-0.00043381,53.452
287.9,-0.000428668,53.452
287.95,-0.00042426,53.452
288.0,-0.000430037,53.452
288.05,-0.000431306,53.4519
288.1,-0.000438986,53.4519
288.15,-0.000446433,53.4519
288.2,-0.000445631,53.4519
288.25,-0.000432641,53.4518
288.3,-0.000422924,53.4518
288.35,-0.000408365,53.4518
288.4,-0.00042249,53.4518
288.45,-0.000423124,53.4518
288.5,-0.0004283,53.4517
288.55,-0.000441691,53.4517
288.6,-0.000429703,53.4517
288.65,-0.000430705,53.4517
288.7,-0.000433877,53.4517
288.75,-0.000428434,53.4516
288.8,-0.000437083,53.4516
288.85,-0.000438218,53.4516
288.9,-0.000436448,53.4516
288.95,-0.000440589,53.4515
289.0,-0.000434578,53.4515
289.05,-0.000435012,53.4515
289.1,-0.000440255,53.4515
289.15,-0.000447835,53.4515
289.2,-0.0004284,53.4514
289.25,-0.000440589,53.4514
289.3,-0.000439153,53.4514
289.35,-0.000434879,53.4514
289.4,-0.000439921,53.4513
289.45,-0.000439487,53.4513
289.5,-0.000435914,53.4513
289.55,-0.000445498,53.4513
289.6,-0.000450139,53.4513
289.65,-0.000450707,53.4512
289.7,-0.00045044,53.4512
289.75,-0.000447835,53.4512
289.8,-0.000441557,53.4512
289.85,-0.000443928,53.4511
289.9,-0.000446132,53.4511
289.95,-0.000444963,53.4511
290.0,-0.000438953,53.4511
290.05,-0.000449305,53.4511
290.1,-0.000445932,53.451
290.15,-0.000445932,53.451
290.2,-0.000438084,53.451
290.25,-0.000432641,53.451
290.3,-0.000429836,53.451
290.35,-0.000433643,53.4509
290.4,-0.000432508,53.4509
290.45,-0.000438919,53.4509
290.5,-0.000448537,53.4509
290.55,-0.000449037,53.4508
290.6,-0.000445197,53.4508
290.65,-0.00043765,53.4508
290.7,-0.000443895,53.4508
290.75,-0.000434979,53.4508
290.8,-0.000436248,53.4507
290.85,-0.000433376,53.4507
290.9,-0.000433209,53.4507
290.95,-0.000431406,53.4507
291.0,-0.000431673,53.4506
291.05,-0.000432742,53.4506
291.1,-0.000429168,53.4506
291.15,-0.000439253,53.4506
291.2,-0.000439153,53.4506
291.25,-0.00044286,53.4505
291.3,-0.000437149,53.4505
291.35,-0.000445698,53.4505
291.4,-0.00044119,53.4505
291.45,-0.000437884,53.4504
291.5,-0.000437717,53.4504
291.55,-0.000443594,53.4504
291.6,-0.000427031,53.4504
291.65,-0.00043351,53.4504
291.7,-0.000423993,53.4503
291.75,-0.000425629,53.4503
291.8,-0.000437584,53.4503
291.85,-0.000438051,53.4503
291.9,-0.000430104,53.4503
291.95,-0.000428334,53.4502
292.0,-0.00043942,53.4502
292.05,-0.000422189,53.4502
292.1,-0.000421087,53.4502
292.15,-0.000435446,53.4501
292.2,-0.000434812,53.4501
292.25,-0.000427365,53.4501
292.3,-0.000438051,53.4501
292.35,-0.000427866,53.4501
292.4,-0.000427465,53.45
292.45,-0.000430137,53.45
292.5,-0.000431239,53.45
292.55,-0.00043007,53.45
292.6,-0.000430938,53.45
292.65,-0.000433777,53.4499
292.7,-0.000431372,53.4499
292.75,-0.000416379,53.4499
292.8,-0.000424761,53.4499
292.85,-0.000432508,53.4498
292.9,-0.000440389,53.4498
292.95,-0.000442693,53.4498
293.0,-0.000444296,53.4498
293.05,-0.000444062,53.4498
293.1,-0.000441457,53.4497
293.15,-0.000449839,53.4497
293.2,-0.000451709,53.4497
293.25,-0.000454915,53.4497
293.3,-0.000451074,53.4496
293.35,-0.000443594,53.4496
293.4,-0.000450841,53.4496
293.45,-0.000439253,53.4496
293.5,-0.000440622,53.4496
293.55,-0.000441056,53.4495
293.6,-0.000444496,53.4495
293.65,-0.000446132,53.4495
293.7,-0.000445331,53.4495
293.75,-0.000438151,53.4494
293.8,-0.000436815,53.4494
293.85,-0.000430104,53.4494
293.9,-0.000427299,53.4494
293.95,-0.00042623,53.4494
294.0,-0.000436649,53.4493
294.05,-0.000430638,53.4493
294.1,-0.000434545,53.4493
294.15,-0.00043725,53.4493
294.2,-0.000433042,53.4492
294.25,-0.000437717,53.4492
294.3,-0.000443728,53.4492
294.35,-0.000441791,53.4492
294.4,-0.000434545,53.4492
294.45,-0.000438018,53.4491
294.5,-0.000445097,53.4491
294.55,-0.000442192,53.4491
294.6,-0.000438418,53.4491
294.65,-0.000432575,53.4491
294.7,-0.000433042,53.449
294.75,-0.000431005,53.449
294.8,-0.000436849,53.449
294.85,-0.000432641,53.449
294.9,-0.000438185,53.4489
294.95,-0.000437817,53.4489
295.0,-0.000441591,53.4489
295.05,-0.000441491,53.4489
295.1,-0.00043538,53.4489
295.15,-0.000430805,53.4488
295.2,-0.000436448,53.4488
295.25,-0.000431172,53.4488
295.3,-0.00043548,53.4488
295.35,-0.000434077,53.4487
295.4,-0.000434177,53.4487
295.45,-0.00043745,53.4487
295.5,-0.000440055,53.4487
295.55,-0.000441658,53.4487
295.6,-0.000440222,53.4486
295.65,-0.000441257,53.4486
295.7,-0.00044326,53.4486
295.75,-0.00043558,53.4486
295.8,-0.000425996,53.4485
295.85,-0.000424994,53.4485
295.9,-0.00042229,53.4485
295.95,-0.000426363,53.4485
296.0,-0.000425095,53.4485
296.05,-0.000420486,53.4484
296.1,-0.000416813,53.4484
296.15,-0.000410769,53.4484
296.2,-0.000407329,53.4484
296.25,-0.00041344,53.4484
296.3,-0.000412539,53.4483
296.35,-0.00040399,53.4483
296.4,-0.00041501,53.4483
296.45,-0.000416412,53.4483
296.5,-0.000412973,53.4483
296.55,-0.000416947,53.4482
296.6,-0.000416546,53.4482
296.65,-0.000413774,53.4482
296.7,-0.000413207,53.4482
296.75,-0.000403523,53.4482
296.8,-0.000396276,53.4481
296.85,-0.000395876,53.4481
296.9,-0.000400217,53.4481
296.95,-0.000313395,53.4481
297.0,-0.000353266,53.4481
297.05,-0.000373001,53.448
297.1,-0.000420687,53.448
297.15,-0.000375172,53.448
297.2,-0.000386893,53.448
297.25,-0.000377409,53.448
297.3,-0.000380214,53.4479
297.35,-0.000406662,53.4479
297.4,-0.000429402,53.4479
297.45,-0.000434244,53.4479
297.5,-0.000429335,53.4479
297.55,-0.000427465,53.4478
297.6,-0.000433276,53.4478
297.65,-0.000438218,53.4478
297.7,-0.000442459,53.4478
297.75,-0.000437149,53.4478
297.8,-0.000436982,53.4477
297.85,-0.000427566,53.4477
297.9,-0.000429536,53.4477
297.95,-0.000429803,53.4477
298.0,-0.000434044,53.4476
298.05,-0.000441991,53.4476
298.1,-0.000440355,53.4476
298.15,-0.000444062,53.4476
298.2,-0.000441524,53.4476
298.25,-0.000444596,53.4475
298.3,-0.000440489,53.4475
298.35,-0.00043725,53.4475
298.4,-0.000435446,53.4475
298.45,-0.000444997,53.4474
298.5,-0.000444696,53.4474
298.55,-0.000446032,53.4474
298.6,-0.000441691,53.4474
298.65,-0.000453646,53.4474
298.7,-0.000458922,53.4473
298.75,-0.000455349,53.4473
298.8,-0.000453646,53.4473
298.85,-0.000454447,53.4473
298.9,-0.000458688,53.4472
298.95,-0.000449405,53.4472
299.0,-0.000448503,53.4472
299.05,-0.000451709,53.4472
299.1,-0.000454481,53.4472
299.15,-0.000447234,53.4471
299.2,-0.000445765,53.4471
299.25,-0.000451241,53.4471
299.3,-0.000445431,53.4471
299.35,-0.000439687,53.447
299.4,-0.000438585,53.447
299.45,-0.000428768,53.447
299.5,-0.000431139,53.447
299.55,-0.000437283,53.447
299.6,-0.000434678,53.4469
299.65,-0.000434712,53.4469
299.7,-0.000432007,53.4469
299.75,-0.000441023,53.4469
299.8,-0.000437116,53.4468
299.85,-0.000445197,53.4468
299.9,-0.000446099,53.4468
299.95,-0.000441491,53.4468
300.0,-0.000442559,53.4468
300.05,-0.000454013,53.4467
300.1,-0.000447768,53.4467
300.15,-0.000440856,53.4467
300.2,-0.00045251,53.4467
300.25,-0.000450574,53.4466
300.3,-0.000441123,53.4466
300.35,-0.00044139,53.4466
300.4,-0.00045261,53.4466
300.45,-0.000447535,53.4466
300.5,-0.000439186,53.4465
300.55,-0.000437316,53.4465
300.6,-0.000451642,53.4465
300.65,-0.000440889,53.4465
300.7,-0.000430838,53.4464
300.75,-0.000445364,53.4464
300.8,-0.000439721,53.4464
300.85,-0.000441223,53.4464
300.9,-0.000445097,53.4464
300.95,-0.00044463,53.4463
301.0,-0.000438585,53.4463
301.05,-0.000431606,53.4463
301.1,-0.000432341,53.4463
301.15,-0.00044139,53.4462
301.2,-0.000437951,53.4462
301.25,-0.000444396,53.4462
301.3,-0.000445364,53.4462
301.35,-0.000448804,53.4462
301.4,-0.00045221,53.4461
301.45,-0.000442426,53.4461
301.5,-0.000440188,53.4461
301.55,-0.000440355,53.4461
301.6,-0.000440222,53.446
301.65,-0.000442125,53.446
301.7,-0.00043381,53.446
301.75,-0.000435947,53.446
301.8,-0.00042633,53.446
301.85,-0.000432608,53.4459
301.9,-0.000433944,53.4459
301.95,-0.000435613,53.4459
302.0,-0.000431372,53.4459
302.05,-0.000433677,53.4459
302.1,-0.000438852,53.4458
302.15,-0.000440622,53.4458
302.2,-0.000432875,53.4458
302.25,-0.000445832,53.4458
302.3,-0.000438118,53.4457
302.35,-0.000433009,53.4457
302.4,-0.00043568,53.4457
302.45,-0.000432641,53.4457
302.5,-0.00043007,53.4457
302.55,-0.00043361,53.4456
302.6,-0.00042987,53.4456
302.65,-0.00042997,53.4456
302.7,-0.000420052,53.4456
302.75,-0.000423759,53.4455
302.8,-0.000434511,53.4455
302.85,-0.000429736,53.4455
302.9,-0.000421622,53.4455
302.95,-0.000426965,53.4455
303.0,-0.000428501,53.4454
303.05,-0.000421321,53.4454
303.1,-0.000431673,53.4454
303.15,-0.000438418,53.4454
303.2,-0.000437049,53.4454
303.25,-0.000432942,53.4453
303.3,-0.000442259,53.4453
303.35,-0.000431573,53.4453
303.4,-0.000426497,53.4453
303.45,-0.000428734,53.4452
303.5,-0.000424794,53.4452
303.55,-0.000425061,53.4452
303.6,-0.000429269,53.4452
303.65,-0.000423558,53.4452
303.7,-0.0004279,53.4451
303.75,-0.000432241,53.4451
303.8,-0.000423993,53.4451
303.85,-0.000430304,53.4451
303.9,-0.000431673,53.4451
303.95,-0.000434177,53.445
304.0,-0.000433743,53.445
304.05,-0.000434011,53.445
304.1,-0.000433576,53.445
304.15,-0.000430204,53.4449
304.2,-0.000424994,53.4449
304.25,-0.000431372,53.4449
304.3,-0.000440856,53.4449
304.35,-0.000441724,53.4449
304.4,-0.000440021,53.4448
304.45,-0.000436916,53.4448
304.5,-0.000434478,53.4448
304.55,-0.000424761,53.4448
304.6,-0.000429569,53.4448
304.65,-0.000434879,53.4447
304.7,-0.000433209,53.4447
304.75,-0.000432374,53.4447
304.8,-0.000426263,53.4447
304.85,-0.000425996,53.4446
304.9,-0.000425028,53.4446
304.95,-0.000430271,53.4446
305.0,-0.000429569,53.4446
305.05,-0.000422056,53.4446
305.1,-0.000433176,53.4445
305.15,-0.000440622,53.4445
305.2,-0.000439253,53.4445
305.25,-0.000427165,53.4445
305.3,-0.000429569,53.4445
305.35,-0.000429836,53.4444
305.4,-0.000428234,53.4444
305.45,-0.000430204,53.4444
305.5,-0.00042082,53.4444
305.55,-0.00042082,53.4443
305.6,-0.000425696,53.4443
305.65,-0.000428868,53.4443
305.7,-0.000439487,53.4443
305.75,-0.000435112,53.4443
305.8,-0.000435179,53.4442
305.85,-0.000430905,53.4442
305.9,-0.000435881,53.4442
305.95,-0.000433777,53.4442
306.0,-0.000435547,53.4441
306.05,-0.000435613,53.4441
306.1,-0.000437984,53.4441
306.15,-0.000432174,53.4441
306.2,-0.000436548,53.4441
306.25,-0.000432675,53.444
306.3,-0.000426831,53.444
306.35,-0.000417715,53.444
306.4,-0.000429068,53.444
306.45,-0.000424627,53.444
306.5,-0.000437851,53.4439
306.55,-0.000433877,53.4439
306.6,-0.000428935,53.4439
306.65,-0.000435346,53.4439
306.7,-0.000429369,53.4438
306.75,-0.000434344,53.4438
306.8,-0.000434779,53.4438
306.85,-0.000433944,53.4438
306.9,-0.000439721,53.4438
306.95,-0.000442526,53.4437
307.0,-0.000440288,53.4437
307.05,-0.000432975,53.4437
307.1,-0.000446566,53.4437
307.15,-0.000451943,53.4436
307.2,-0.000443494,53.4436
307.25,-0.000449238,53.4436
307.3,-0.000450674,53.4436
307.35,-0.000442559,53.4436
307.4,-0.000439153,53.4435
307.45,-0.000441424,53.4435
307.5,-0.000448737,53.4435
307.55,-0.000450273,53.4435
307.6,-0.000449004,53.4434
307.65,-0.000452777,53.4434
307.7,-0.00045398,53.4434
307.75,-0.000457419,53.4434
307.8,-0.000458187,53.4434
307.85,-0.000456184,53.4433
307.9,-0.000454748,53.4433
307.95,-0.000454781,53.4433
308.0,-0.000451876,53.4433
308.05,-0.000448069,53.4432
308.1,-0.000453779,53.4432
308.15,-0.000440121,53.4432
308.2,-0.000447768,53.4432
308.25,-0.000438719,53.4432
308.3,-0.000454481,53.4431
308.35,-0.000454948,53.4431
308.4,-0.000445498,53.4431
308.45,-0.000463129,53.4431
308.5,-0.000460625,53.443
308.55,-0.000449739,53.443
308.6,-0.000449538,53.443
308.65,-0.000441424,53.443
308.7,-0.0004469,53.443
308.75,-0.000444529,53.4429
308.8,-0.000447768,53.4429
308.85,-0.000447935,53.4429
308.9,-0.000449538,53.4429
308.95,-0.000452277,53.4428
309.0,-0.000454915,53.4428
309.05,-0.000456851,53.4428
309.1,-0.000459757,53.4428
309.15,-0.000461927,53.4427
309.2,-0.000455683,53.4427
309.25,-0.000459122,53.4427
309.3,-0.000460291,53.4427
309.35,-0.000458688,53.4427
309.4,-0.000451375,53.4426
309.45,-0.000455683,53.4426
309.5,-0.000465901,53.4426
309.55,-0.000466702,53.4426
309.6,-0.000453378,53.4425
309.65,-0.000463397,53.4425
309.7,-0.000467437,53.4425
309.75,-0.000461426,53.4425
309.8,-0.000468272,53.4424
309.85,-0.00046924,53.4424
309.9,-0.000456484,53.4424
309.95,-0.0004651,53.4424
310.0,-0.000462361,53.4424
310.05,-0.000452811,53.4423
310.1,-0.000440589,53.4423
310.15,-0.000438686,53.4423
310.2,-0.000451308,53.4423
310.25,-0.000449271,53.4422
310.3,-0.000446433,53.4422
310.35,-0.000446433,53.4422
310.4,-0.000441824,53.4422
310.45,-0.000456952,53.4422
310.5,-0.00045812,53.4421
310.55,-0.000456584,53.4421
310.6,-0.000454113,53.4421
310.65,-0.000450874,53.4421
310.7,-0.000449204,53.442
310.75,-0.000458354,53.442
310.8,-0.000449505,53.442
310.85,-0.00045231,53.442
310.9,-0.000446533,53.4419
310.95,-0.000441324,53.4419
311.0,-0.000450106,53.4419
311.05,-0.000449104,53.4419
311.1,-0.000453846,53.4419
311.15,-0.000458054,53.4418
311.2,-0.000459489,53.4418
311.25,-0.000451542,53.4418
311.3,-0.00045221,53.4418
311.35,-0.000453779,53.4417
311.4,-0.000458054,53.4417
311.45,-0.00045772,53.4417
311.5,-0.000450373,53.4417
311.55,-0.000460057,53.4417
311.6,-0.000451809,53.4416
311.65,-0.000448937,53.4416
311.7,-0.000446099,53.4416
311.75,-0.000450974,53.4416
311.8,-0.0004468,53.4415
311.85,-0.000446633,53.4415
311.9,-0.000443962,53.4415
311.95,-0.000450807,53.4415
312.0,-0.000447635,53.4415
312.05,-0.00044857,53.4414
312.1,-0.000450774,53.4414
312.15,-0.000451375,53.4414
312.2,-0.000442826,53.4414
312.25,-0.000444262,53.4413
312.3,-0.00044463,53.4413
312.35,-0.000454915,53.4413
312.4,-0.000449638,53.4413
312.45,-0.000452377,53.4412
312.5,-0.000452377,53.4412
312.55,-0.000450273,53.4412
312.6,-0.000444362,53.4412
312.65,-0.000446333,53.4412
312.7,-0.000443294,53.4411
312.75,-0.000449204,53.4411
312.8,-0.000450306,53.4411
312.85,-0.000444563,53.4411
312.9,-0.000446299,53.4411
312.95,-0.000440322,53.441
313.0,-0.000441691,53.441
313.05,-0.000436982,53.441
313.1,-0.000450139,53.441
313.15,-0.000452577,53.4409
313.2,-0.00044887,53.4409
313.25,-0.000451609,53.4409
313.3,-0.00045615,53.4409
313.35,-0.000454213,53.4408
313.4,-0.000448336,53.4408
313.45,-0.000448436,53.4408
313.5,-0.000451342,53.4408
313.55,-0.000457018,53.4408
313.6,-0.00045605,53.4407
313.65,-0.000455549,53.4407
313.7,-0.000442826,53.4407
313.75,-0.000449805,53.4407
313.8,-0.000453245,53.4406
313.85,-0.000456718,53.4406
313.9,-0.000453913,53.4406
313.95,-0.00045969,53.4406
314.0,-0.000457786,53.4406
314.05,-0.000457085,53.4405
314.1,-0.000462294,53.4405
314.15,-0.000452176,53.4405
314.2,-0.000442158,53.4405
314.25,-0.000446399,53.4404
314.3,-0.000445197,53.4404
314.35,-0.000454547,53.4404
314.4,-0.00045251,53.4404
314.45,-0.000453312,53.4403
314.5,-0.000452143,53.4403
314.55,-0.000449472,53.4403
314.6,-0.000449638,53.4403
314.65,-0.000453612,53.4403
314.7,-0.00045261,53.4402
314.75,-0.000463296,53.4402
314.8,-0.000448737,53.4402
314.85,-0.000449538,53.4402
314.9,-0.00045792,53.4401
314.95,-0.00045044,53.4401
315.0,-0.000454447,53.4401
315.05,-0.000450373,53.4401
315.1,-0.000450006,53.4401
315.15,-0.000442492,53.44
315.2,-0.000450941,53.44
315.25,-0.000445431,53.44
315.3,-0.000445064,53.44
315.35,-0.000445164,53.4399
315.4,-0.000449772,53.4399
315.45,-0.000449371,53.4399
315.5,-0.000444329,53.4399
315.55,-0.000438886,53.4399
315.6,-0.000441591,53.4398
315.65,-0.000434779,53.4398
315.7,-0.000439186,53.4398
315.75,-0.000436248,53.4398
315.8,-0.000440689,53.4397
315.85,-0.000440923,53.4397
315.9,-0.000438519,53.4397
315.95,-0.000447702,53.4397
316.0,-0.000438752,53.4397
316.05,-0.000433777,53.4396
316.1,-0.000432541,53.4396
316.15,-0.000437984,53.4396
316.2,-0.000438886,53.4396
316.25,-0.000430437,53.4395
316.3,-0.000436615,53.4395
316.35,-0.000428668,53.4395
316.4,-0.000428434,53.4395
316.45,-0.000425829,53.4395
316.5,-0.000433877,53.4394
316.55,-0.000437149,53.4394
316.6,-0.000446166,53.4394
316.65,-0.000444563,53.4394
316.7,-0.000439053,53.4394
316.75,-0.000448269,53.4393
316.8,-0.000441123,53.4393
316.85,-0.000447935,53.4393
316.9,-0.00045034,53.4393
316.95,-0.000452777,53.4392
317.0,-0.000452777,53.4392
317.05,-0.000444195,53.4392
317.1,-0.000440656,53.4392
317.15,-0.000445598,53.4392
317.2,-0.000445999,53.4391
317.25,-0.000445999,53.4391
317.3,-0.000445464,53.4391
317.35,-0.000453545,53.4391
317.4,-0.00044316,53.439
317.45,-0.00045261,53.439
317.5,-0.000445798,53.439
317.55,-0.000449171,53.439
317.6,-0.000451275,53.4389
317.65,-0.000451141,53.4389
317.7,-0.000456885,53.4389
317.75,-0.000454581,53.4389
317.8,-0.000458989,53.4389
317.85,-0.000459523,53.4388
317.9,-0.000447601,53.4388
317.95,-0.000445865,53.4388
318.0,-0.000448002,53.4388
318.05,-0.000453913,53.4387
318.1,-0.000449872,53.4387
318.15,-0.000453378,53.4387
318.2,-0.00044306,53.4387
318.25,-0.000453479,53.4387
318.3,-0.000445731,53.4386
318.35,-0.000451475,53.4386
318.4,-0.000458421,53.4386
318.45,-0.000454147,53.4386
318.5,-0.000448136,53.4385
318.55,-0.000446099,53.4385
318.6,-0.000454447,53.4385
318.65,-0.000447768,53.4385
318.7,-0.000449305,53.4385
318.75,-0.000448403,53.4384
318.8,-0.000452644,53.4384
318.85,-0.000448169,53.4384
318.9,-0.000449438,53.4384
318.95,-0.000445965,53.4383
319.0,-0.000442726,53.4383
319.05,-0.000449171,53.4383
319.1,-0.00045211,53.4383
319.15,-0.000450073,53.4383
319.2,-0.000448403,53.4382
319.25,-0.00045054,53.4382
319.3,-0.000448169,53.4382
319.35,-0.00044139,53.4382
319.4,-0.000435146,53.4381
319.45,-0.000444362,53.4381
319.5,-0.000447902,53.4381
319.55,-0.000446633,53.4381
319.6,-0.000443828,53.4381
319.65,-0.00043932,53.438
319.7,-0.000433844,53.438
319.75,-0.000428,53.438
319.8,-0.000433677,53.438
319.85,-0.000432975,53.4379
319.9,-0.000432875,53.4379
319.95,-0.000423959,53.4379
320.0,-0.000426363,53.4379
320.05,-0.000441691,53.4379
320.1,-0.000436348,53.4378
320.15,-0.000436348,53.4378
320.2,-0.000436682,53.4378
320.25,-0.000440455,53.4378
320.3,-0.000438786,53.4377
320.35,-0.000435046,53.4377
320.4,-0.000436415,53.4377
320.45,-0.00043932,53.4377
320.5,-0.000441491,53.4377
320.55,-0.000440489,53.4376
320.6,-0.000442459,53.4376
320.65,-0.000453579,53.4376
320.7,-0.000454347,53.4376
320.75,-0.000443861,53.4375
320.8,-0.000434111,53.4375
320.85,-0.00043538,53.4375
320.9,-0.000436381,53.4375
320.95,-0.000443661,53.4375
321.0,-0.000445164,53.4374
321.05,-0.000444496,53.4374
321.1,-0.000443127,53.4374
321.15,-0.000438452,53.4374
321.2,-0.000450774,53.4374
321.25,-0.000438519,53.4373
321.3,-0.000434712,53.4373
321.35,-0.000434077,53.4373
321.4,-0.000432708,53.4373
321.45,-0.000427666,53.4372
321.5,-0.000433109,53.4372
321.55,-0.000430237,53.4372
321.6,-0.000428067,53.4372
321.65,-0.000435012,53.4372
321.7,-0.000430104,53.4371
321.75,-0.000434111,53.4371
321.8,-0.000436148,53.4371
321.85,-0.000431038,53.4371
321.9,-0.000449939,53.437
321.95,-0.000450106,53.437
322.0,-0.000434745,53.437
322.05,-0.000440155,53.437
322.1,-0.000443427,53.437
322.15,-0.000457987,53.4369
322.2,-0.000445565,53.4369
322.25,-0.000436348,53.4369
322.3,-0.000439587,53.4369
322.35,-0.000440155,53.4368
322.4,-0.000444963,53.4368
322.45,-0.000442092,53.4368
322.5,-0.000449672,53.4368
322.55,-0.000451442,53.4368
322.6,-0.000446333,53.4367
322.65,-0.000452377,53.4367
322.7,-0.000446099,53.4367
322.75,-0.000453212,53.4367
322.8,-0.000454814,53.4366
322.85,-0.000458087,53.4366
322.9,-0.000463797,53.4366
322.95,-0.000467704,53.4366
323.0,-0.000465968,53.4366
323.05,-0.000467771,53.4365
323.1,-0.000458588,53.4365
323.15,-0.000466869,53.4365
323.2,-0.000453378,53.4365
323.25,-0.000456651,53.4364
323.3,-0.000457252,53.4364
323.35,-0.00045585,53.4364
323.4,-0.000465266,53.4364
323.45,-0.000465333,53.4363
323.5,-0.000461193,53.4363
323.55,-0.000458688,53.4363
323.6,-0.000454514,53.4363
323.65,-0.000452677,53.4363
323.7,-0.000462294,53.4362
323.75,-0.000459623,53.4362
323.8,-0.000454113,53.4362
323.85,-0.000451108,53.4362
323.9,-0.000457987,53.4361
323.95,-0.000456351,53.4361
324.0,-0.00045251,53.4361
324.05,-0.000447368,53.4361
324.1,-0.000456284,53.436
324.15,-0.000457452,53.436
324.2,-0.000459757,53.436
324.25,-0.00044473,53.436
324.3,-0.000449972,53.436
324.35,-0.000452043,53.4359
324.4,-0.000449204,53.4359
324.45,-0.000444897,53.4359
324.5,-0.000450907,53.4359
324.55,-0.000445965,53.4358
324.6,-0.000448136,53.4358
324.65,-0.000445832,53.4358
324.7,-0.000437283,53.4358
324.75,-0.000437851,53.4358
324.8,-0.000433944,53.4357
324.85,-0.000435146,53.4357
324.9,-0.00045074,53.4357
324.95,-0.000443494,53.4357
325.0,-0.000438986,53.4356
325.05,-0.000435112,53.4356
325.1,-0.00043568,53.4356
325.15,-0.000431907,53.4356
325.2,-0.000429903,53.4356
325.25,-0.000434912,53.4355
325.3,-0.000431406,53.4355
325.35,-0.000432975,53.4355
325.4,-0.000430037,53.4355
325.45,-0.000440889,53.4355
325.5,-0.00044503,53.4354
325.55,-0.000444362,53.4354
325.6,-0.000449772,53.4354
325.65,-0.000448002,53.4354
325.7,-0.00045398,53.4353
325.75,-0.000446867,53.4353
325.8,-0.000439654,53.4353
325.85,-0.000437984,53.4353
325.9,-0.000441991,53.4352
325.95,-0.000445698,53.4352
326.0,-0.000445531,53.4352
326.05,-0.000441491,53.4352
326.1,-0.000440789,53.4352
326.15,-0.000446166,53.4351
326.2,-0.000434578,53.4351
326.25,-0.000447935,53.4351
326.3,-0.00044326,53.4351
326.35,-0.000438886,53.4351
326.4,-0.000437717,53.435
326.45,-0.000439587,53.435
326.5,-0.000443494,53.435
326.55,-0.00043922,53.435
326.6,-0.000434612,53.4349
326.65,-0.000442459,53.4349
326.7,-0.000435446,53.4349
326.75,-0.000434411,53.4349
326.8,-0.000430771,53.4349
326.85,-0.000435714,53.4348
326.9,-0.000439754,53.4348
326.95,-0.000445898,53.4348
327.0,-0.000439721,53.4348
327.05,-0.000447969,53.4347
327.1,-0.000451408,53.4347
327.15,-0.000453712,53.4347
327.2,-0.000450574,53.4347
327.25,-0.000457085,53.4347
327.3,-0.000449271,53.4346
327.35,-0.000450841,53.4346
327.4,-0.000449472,53.4346
327.45,-0.000444229,53.4346
327.5,-0.000442993,53.4345
327.55,-0.000447334,53.4345
327.6,-0.000441157,53.4345
327.65,-0.000451342,53.4345
327.7,-0.000446065,53.4345
327.75,-0.000451241,53.4344
327.8,-0.000451442,53.4344
327.85,-0.000451509,53.4344
327.9,-0.000444296,53.4344
327.95,-0.000440956,53.4343
328.0,-0.000440422,53.4343
328.05,-0.000442426,53.4343
328.1,-0.000441591,53.4343
328.15,-0.000443995,53.4343
328.2,-0.000439253,53.4342
328.25,-0.000441858,53.4342
328.3,-0.000438552,53.4342
328.35,-0.000433677,53.4342
328.4,-0.000431506,53.4341
328.45,-0.000425595,53.4341
328.5,-0.0004283,53.4341
328.55,-0.000433877,53.4341
328.6,-0.000435346,53.4341
328.65,-0.000437016,53.434
328.7,-0.000438251,53.434
328.75,-0.000431172,53.434
328.8,-0.000431974,53.434
328.85,-0.000438385,53.4339
328.9,-0.000435079,53.4339
328.95,-0.000440322,53.4339
329.0,-0.000433142,53.4339
329.05,-0.000432842,53.4339
329.1,-0.000430404,53.4338
329.15,-0.000438819,53.4338
329.2,-0.000438986,53.4338
329.25,-0.000441023,53.4338
329.3,-0.000439053,53.4338
329.35,-0.000438786,53.4337
329.4,-0.000433076,53.4337
329.45,-0.000439554,53.4337
329.5,-0.00044473,53.4337
329.55,-0.000436248,53.4336
329.6,-0.000443962,53.4336
329.65,-0.000436949,53.4336
329.7,-0.000435914,53.4336
329.75,-0.000437149,53.4336
329.8,-0.000440355,53.4335
329.85,-0.000437116,53.4335
329.9,-0.000441524,53.4335
329.95,-0.000445498,53.4335
330.0,-0.000439721,53.4334
330.05,-0.000435847,53.4334
330.1,-0.000434244,53.4334
330.15,-0.000446666,53.4334
330.2,-0.000442459,53.4334
330.25,-0.000439387,53.4333
330.3,-0.000444897,53.4333
330.35,-0.000453011,53.4333
330.4,-0.000451509,53.4333
330.45,-0.000449605,53.4332
330.5,-0.000443394,53.4332
330.55,-0.000446333,53.4332
330.6,-0.000450874,53.4332
330.65,-0.000455549,53.4332
330.7,-0.000456985,53.4331
330.75,-0.000449037,53.4331
330.8,-0.000445398,53.4331
330.85,-0.000443027,53.4331
330.9,-0.000441424,53.433
330.95,-0.000435179,53.433
331.0,-0.00043912,53.433
331.05,-0.000440188,53.433
331.1,-0.000429569,53.433
331.15,-0.000432241,53.4329
331.2,-0.000430905,53.4329
331.25,-0.000430304,53.4329
331.3,-0.000433977,53.4329
331.35,-0.000432007,53.4328
331.4,-0.000436248,53.4328
331.45,-0.000429369,53.4328
331.5,-0.000436882,53.4328
331.55,-0.000452811,53.4328
331.6,-0.000447368,53.4327
331.65,-0.000435914,53.4327
331.7,-0.000438652,53.4327
331.75,-0.00043361,53.4327
331.8,-0.000436482,53.4327
331.85,-0.000441257,53.4326
331.9,-0.000437584,53.4326
331.95,-0.00044099,53.4326
332.0,-0.000440589,53.4326
332.05,-0.00044129,53.4325
332.1,-0.000436815,53.4325
332.15,-0.000446399,53.4325
332.2,-0.00045241,53.4325
332.25,-0.000448002,53.4324
332.3,-0.000448804,53.4324
332.35,-0.000450574,53.4324
332.4,-0.0004467,53.4324
332.45,-0.000437016,53.4324
332.5,-0.000437216,53.4323
332.55,-0.00044316,53.4323
332.6,-0.000440789,53.4323
332.65,-0.00043548,53.4323
332.7,-0.000437316,53.4323
332.75,-0.000440355,53.4322
332.8,-0.000444429,53.4322
332.85,-0.000447167,53.4322
332.9,-0.000448837,53.4322
332.95,-0.000455482,53.4321
333.0,-0.000454481,53.4321
333.05,-0.000451642,53.4321
333.1,-0.000450774,53.4321
333.15,-0.000447334,53.432
333.2,-0.00044109,53.432
333.25,-0.000443594,53.432
333.3,-0.000440756,53.432
333.35,-0.000448203,53.432
333.4,-0.000452577,53.4319
333.45,-0.000446566,53.4319
333.5,-0.000444129,53.4319
333.55,-0.000440689,53.4319
333.6,-0.000432241,53.4319
333.65,-0.00043755,53.4318
333.7,-0.000439186,53.4318
333.75,-0.000434678,53.4318
333.8,-0.000445231,53.4318
333.85,-0.000442626,53.4317
333.9,-0.000449805,53.4317
333.95,-0.000448837,53.4317
334.0,-0.000450807,53.4317
334.05,-0.000442392,53.4317
334.1,-0.00044109,53.4316
334.15,-0.000436582,53.4316
334.2,-0.00044493,53.4316
334.25,-0.000449672,53.4316
334.3,-0.000454481,53.4315
334.35,-0.000455716,53.4315
334.4,-0.000451175,53.4315
334.45,-0.000446032,53.4315
334.5,-0.000443327,53.4314
334.55,-0.000444563,53.4314
334.6,-0.000449405,53.4314
334.65,-0.00045221,53.4314
334.7,-0.000455916,53.4314
334.75,-0.000454981,53.4313
334.8,-0.000439988,53.4313
334.85,-0.000446433,53.4313
334.9,-0.000457119,53.4313
334.95,-0.000459089,53.4312
335.0,-0.000455983,53.4312
335.05,-0.000452143,53.4312
335.1,-0.000453913,53.4312
335.15,-0.000453612,53.4312
335.2,-0.000444596,53.4311
335.25,-0.000450073,53.4311
335.3,-0.000451776,53.4311
335.35,-0.000450507,53.4311
335.4,-0.000442359,53.431
335.45,-0.00044503,53.431
335.5,-0.000447768,53.431
335.55,-0.000450106,53.431
335.6,-0.00044877,53.431
335.65,-0.00045418,53.4309
335.7,-0.000450774,53.4309
335.75,-0.000441758,53.4309
335.8,-0.000446433,53.4309
335.85,-0.000446399,53.4308
335.9,-0.000445164,53.4308
335.95,-0.000438285,53.4308
336.0,-0.000444162,53.4308
336.05,-0.000448336,53.4308
336.1,-0.000445932,53.4307
336.15,-0.000444329,53.4307
336.2,-0.000445197,53.4307
336.25,-0.000449004,53.4307
336.3,-0.000437016,53.4306
336.35,-0.000438452,53.4306
336.4,-0.000443861,53.4306
336.45,-0.000444496,53.4306
336.5,-0.000440455,53.4306
336.55,-0.000433209,53.4305
336.6,-0.000441891,53.4305
336.65,-0.000437283,53.4305
336.7,-0.00043578,53.4305
336.75,-0.000441624,53.4304
336.8,-0.000446767,53.4304
336.85,-0.000445297,53.4304
336.9,-0.000445798,53.4304
336.95,-0.000445731,53.4304
337.0,-0.000438852,53.4303
337.05,-0.000446867,53.4303
337.1,-0.000441925,53.4303
337.15,-0.000443093,53.4303
337.2,-0.000424861,53.4302
337.25,-0.00043381,53.4302
337.3,-0.000435847,53.4302
337.35,-0.000436849,53.4302
337.4,-0.000440522,53.4302
337.45,-0.000444696,53.4301
337.5,-0.000441591,53.4301
337.55,-0.00044276,53.4301
337.6,-0.000440288,53.4301
337.65,-0.000441858,53.43
337.7,-0.000442492,53.43
337.75,-0.000449939,53.43
337.8,-0.000447535,53.43
337.85,-0.000445565,53.43
337.9,-0.00044139,53.4299
337.95,-0.000443427,53.4299
338.0,-0.00044316,53.4299
338.05,-0.000436081,53.4299
338.1,-0.000440522,53.4298
338.15,-0.000442225,53.4298
338.2,-0.000438185,53.4298
338.25,-0.000449371,53.4298
338.3,-0.000443027,53.4298
338.35,-0.00044867,53.4297
338.4,-0.000449472,53.4297
338.45,-0.000458387,53.4297
338.5,-0.000458187,53.4297
338.55,-0.000454113,53.4296
338.6,-0.000445297,53.4296
338.65,-0.000444396,53.4296
338.7,-0.000439387,53.4296
338.75,-0.000441157,53.4296
338.8,-0.000440923,53.4295
338.85,-0.000443327,53.4295
338.9,-0.000445832,53.4295
338.95,-0.000438118,53.4295
339.0,-0.00043568,53.4294
339.05,-0.000431807,53.4294
339.1,-0.000430938,53.4294
339.15,-0.000440389,53.4294
339.2,-0.000435513,53.4294
339.25,-0.000441357,53.4293
339.3,-0.000435046,53.4293
339.35,-0.000434612,53.4293
339.4,-0.000443628,53.4293
339.45,-0.000442192,53.4292
339.5,-0.000437183,53.4292
339.55,-0.000438852,53.4292
339.6,-0.000444028,53.4292
339.65,-0.000447501,53.4292
339.7,-0.000436448,53.4291
339.75,-0.000438919,53.4291
339.8,-0.000434144,53.4291
339.85,-0.000444062,53.4291
339.9,-0.000445698,53.4291
339.95,-0.000440556,53.429
340.0,-0.00043558,53.429
340.05,-0.000441557,53.429
340.1,-0.000437517,53.429
340.15,-0.000435613,53.4289
340.2,-0.000434111,53.4289
340.25,-0.000438719,53.4289
340.3,-0.000442593,53.4289
340.35,-0.00044129,53.4289
340.4,-0.000431072,53.4288
340.45,-0.000443594,53.4288
340.5,-0.00044463,53.4288
340.55,-0.000437884,53.4288
340.6,-0.000433944,53.4287
340.65,-0.000428734,53.4287
340.7,-0.000431172,53.4287
340.75,-0.000432608,53.4287
340.8,-0.000441324,53.4287
340.85,-0.000434812,53.4286
340.9,-0.000434344,53.4286
340.95,-0.000441324,53.4286
341.0,-0.000442325,53.4286
341.05,-0.000450607,53.4285
341.1,-0.00044887,53.4285
341.15,-0.000442893,53.4285
341.2,-0.00044473,53.4285
341.25,-0.000441424,53.4285
341.3,-0.000442526,53.4284
341.35,-0.000437283,53.4284
341.4,-0.000447067,53.4284
341.45,-0.000446399,53.4284
341.5,-0.000442559,53.4283
341.55,-0.000435714,53.4283
341.6,-0.000441658,53.4283
341.65,-0.000442459,53.4283
341.7,-0.000439287,53.4283
341.75,-0.00043922,53.4282
341.8,-0.000433844,53.4282
341.85,-0.000440522,53.4282
341.9,-0.000438418,53.4282
341.95,-0.000442125,53.4282
342.0,-0.000441123,53.4281
342.05,-0.000447935,53.4281
342.1,-0.000449538,53.4281
342.15,-0.000447368,53.4281
342.2,-0.000440355,53.428
342.25,-0.000451241,53.428
342.3,-0.000447268,53.428
342.35,-0.00045585,53.428
342.4,-0.000442659,53.428
342.45,-0.000451241,53.4279
342.5,-0.000442125,53.4279
342.55,-0.000436248,53.4279
342.6,-0.000443394,53.4279
342.65,-0.000445297,53.4278
342.7,-0.00044847,53.4278
342.75,-0.000450106,53.4278
342.8,-0.000441023,53.4278
342.85,-0.000453011,53.4277
342.9,-0.000454748,53.4277
342.95,-0.000448336,53.4277
343.0,-0.000441591,53.4277
343.05,-0.000443461,53.4277
343.1,-0.000445331,53.4276
343.15,-0.000437817,53.4276
343.2,-0.00043932,53.4276
343.25,-0.000430972,53.4276
343.3,-0.000446666,53.4276
343.35,-0.000432842,53.4275
343.4,-0.000443494,53.4275
343.45,-0.000445264,53.4275
343.5,-0.000443695,53.4275
343.55,-0.000439687,53.4274
343.6,-0.000441958,53.4274
343.65,-0.000436982,53.4274
343.7,-0.000442259,53.4274
343.75,-0.000439353,53.4274
343.8,-0.00044316,53.4273
343.85,-0.00043765,53.4273
343.9,-0.000438585,53.4273
343.95,-0.000439687,53.4273
344.0,-0.000434077,53.4272
344.05,-0.000433142,53.4272
344.1,-0.000437283,53.4272
344.15,-0.000451509,53.4272
344.2,-0.000448637,53.4272
344.25,-0.000441824,53.4271
344.3,-0.000435613,53.4271
344.35,-0.000442459,53.4271
344.4,-0.000434946,53.4271
344.45,-0.000444229,53.427
344.5,-0.000447435,53.427
344.55,-0.000448971,53.427
344.6,-0.000446232,53.427
344.65,-0.000443695,53.427
344.7,-0.00044857,53.4269
344.75,-0.000445431,53.4269
344.8,-0.000451408,53.4269
344.85,-0.000450607,53.4269
344.9,-0.000450206,53.4268
344.95,-0.000458321,53.4268
345.0,-0.000442926,53.4268
345.05,-0.000450373,53.4268
345.1,-0.000453712,53.4268
345.15,-0.000446633,53.4267
345.2,-0.000447201,53.4267
345.25,-0.00044099,53.4267
345.3,-0.000443828,53.4267
345.35,-0.000443361,53.4266
345.4,-0.000446199,53.4266
345.45,-0.000447034,53.4266
345.5,-0.000442726,53.4266
345.55,-0.000439754,53.4266
345.6,-0.000443394,53.4265
345.65,-0.000444496,53.4265
345.7,-0.000451375,53.4265
345.75,-0.000447935,53.4265
345.8,-0.000446867,53.4264
345.85,-0.00044276,53.4264
345.9,-0.000435279,53.4264
345.95,-0.000434712,53.4264
346.0,-0.000442192,53.4264
346.05,-0.000431974,53.4263
346.1,-0.000437717,53.4263
346.15,-0.000434779,53.4263
346.2,-0.000432341,53.4263
346.25,-0.000436448,53.4262
346.3,-0.000438919,53.4262
346.35,-0.00043922,53.4262
346.4,-0.000427699,53.4262
346.45,-0.000434779,53.4262
346.5,-0.000430003,53.4261
346.55,-0.000441958,53.4261
346.6,-0.00044286,53.4261
346.65,-0.000437851,53.4261
346.7,-0.000435914,53.426
346.75,-0.000439754,53.426
346.8,-0.000434812,53.426
346.85,-0.000440121,53.426
346.9,-0.000440355,53.426
346.95,-0.00044286,53.4259
347.0,-0.000440923,53.4259
347.05,-0.000443394,53.4259
347.1,-0.000441658,53.4259
347.15,-0.000443828,53.4258
347.2,-0.000443294,53.4258
347.25,-0.000435881,53.4258
347.3,-0.000437984,53.4258
347.35,-0.000437851,53.4258
347.4,-0.000431473,53.4257
347.45,-0.000444997,53.4257
347.5,-0.000443828,53.4257
347.55,-0.000439387,53.4257
347.6,-0.000442192,53.4257
347.65,-0.000445064,53.4256
347.7,-0.000436081,53.4256
347.75,-0.000422523,53.4256
347.8,-0.000419084,53.4256
347.85,-0.000424727,53.4255
347.9,-0.000435513,53.4255
347.95,-0.000429135,53.4255
348.0,-0.000434912,53.4255
348.05,-0.000435112,53.4255
348.1,-0.000439587,53.4254
348.15,-0.000440723,53.4254
348.2,-0.000440021,53.4254
348.25,-0.000435446,53.4254
348.3,-0.000447735,53.4253
348.35,-0.000449371,53.4253
348.4,-0.000455883,53.4253
348.45,-0.000459456,53.4253
348.5,-0.000457252,53.4253
348.55,-0.000455416,53.4252
348.6,-0.000458421,53.4252
348.65,-0.000459924,53.4252
348.7,-0.000448971,53.4252
348.75,-0.000446032,53.4251
348.8,-0.000446399,53.4251
348.85,-0.000455215,53.4251
348.9,-0.000456851,53.4251
348.95,-0.000450006,53.4251
349.0,-0.000452544,53.425
349.05,-0.000452577,53.425
349.1,-0.00046146,53.425
349.15,-0.000461593,53.425
349.2,-0.000452911,53.4249
349.25,-0.000447234,53.4249
349.3,-0.000455783,53.4249
349.35,-0.000453145,53.4249
349.4,-0.00045585,53.4248
349.45,-0.000449672,53.4248
349.5,-0.000443194,53.4248
349.55,-0.000443995,53.4248
349.6,-0.000441958,53.4248
349.65,-0.000456584,53.4247
349.7,-0.0004655,53.4247
349.75,-0.000455649,53.4247
349.8,-0.000458054,53.4247
349.85,-0.000451776,53.4246
349.9,-0.00046176,53.4246
349.95,-0.000453646,53.4246
350.0,-0.000451642,53.4246
350.05,-0.000451609,53.4246
350.1,-0.000446266,53.4245
350.15,-0.00045261,53.4245
350.2,-0.000446466,53.4245
350.25,-0.000445297,53.4245
350.3,-0.000444496,53.4244
350.35,-0.000453712,53.4244
350.4,-0.000448236,53.4244
350.45,-0.000450106,53.4244
350.5,-0.000448637,53.4244
350.55,-0.000456584,53.4243
350.6,-0.000451442,53.4243
350.65,-0.000444429,53.4243
350.7,-0.000451308,53.4243
350.75,-0.000447,53.4242
350.8,-0.000453646,53.4242
350.85,-0.000456584,53.4242
350.9,-0.000461727,53.4242
350.95,-0.000460258,53.4241
351.0,-0.000452277,53.4241
351.05,-0.000451041,53.4241
351.1,-0.000450106,53.4241
351.15,-0.000441123,53.4241
351.2,-0.000444262,53.424
351.25,-0.000443962,53.424
351.3,-0.000445832,53.424
351.35,-0.000455282,53.424
351.4,-0.000450073,53.4239
351.45,-0.000443227,53.4239
351.5,-0.000440522,53.4239
351.55,-0.000449104,53.4239
351.6,-0.000441491,53.4239
351.65,-0.00044306,53.4238
351.7,-0.000446633,53.4238
351.75,-0.000443861,53.4238
351.8,-0.000440556,53.4238
351.85,-0.000450206,53.4237
351.9,-0.000442392,53.4237
351.95,-0.000435446,53.4237
352.0,-0.000446199,53.4237
352.05,-0.000434912,53.4237
352.1,-0.000451909,53.4236
352.15,-0.000443027,53.4236
352.2,-0.00043558,53.4236
352.25,-0.000435714,53.4236
352.3,-0.000444696,53.4235
352.35,-0.000440823,53.4235
352.4,-0.000439654,53.4235
352.45,-0.000445999,53.4235
352.5,-0.000449171,53.4235
352.55,-0.000449438,53.4234
352.6,-0.000452878,53.4234
352.65,-0.000446132,53.4234
352.7,-0.000446834,53.4234
352.75,-0.000455282,53.4233
352.8,-0.000444429,53.4233
352.85,-0.000453412,53.4233
352.9,-0.000447869,53.4233
352.95,-0.000449839,53.4233
353.0,-0.000447234,53.4232
353.05,-0.000444396,53.4232
353.1,-0.000449472,53.4232
353.15,-0.000441824,53.4232
353.2,-0.000449037,53.4231
353.25,-0.000448002,53.4231
353.3,-0.000443628,53.4231
353.35,-0.000446967,53.4231
353.4,-0.000442359,53.4231
353.45,-0.000445331,53.423
353.5,-0.000443962,53.423
353.55,-0.00043942,53.423
353.6,-0.00043735,53.423
353.65,-0.000441123,53.4229
353.7,-0.000446466,53.4229
353.75,-0.000444095,53.4229
353.8,-0.000446834,53.4229
353.85,-0.000457152,53.4229
353.9,-0.000452677,53.4228
353.95,-0.000454848,53.4228
354.0,-0.000454881,53.4228
354.05,-0.000458922,53.4228
354.1,-0.000462094,53.4227
354.15,-0.000453245,53.4227
354.2,-0.000453512,53.4227
354.25,-0.000452811,53.4227
354.3,-0.000452143,53.4226
354.35,-0.000449071,53.4226
354.4,-0.000451208,53.4226
354.45,-0.000449872,53.4226
354.5,-0.000446065,53.4226
354.55,-0.000448069,53.4225
354.6,-0.000445898,53.4225
354.65,-0.000445331,53.4225
354.7,-0.000444429,53.4225
354.75,-0.0004468,53.4224
354.8,-0.000443361,53.4224
354.85,-0.000450473,53.4224
354.9,-0.000447368,53.4224
354.95,-0.000439654,53.4224
355.0,-0.000433877,53.4223
355.05,-0.000446834,53.4223
355.1,-0.00045261,53.4223
355.15,-0.000447468,53.4223
355.2,-0.000452644,53.4222
355.25,-0.000443528,53.4222
355.3,-0.000444229,53.4222
355.35,-0.000441591,53.4222
355.4,-0.000431606,53.4222
355.45,-0.000436882,53.4221
355.5,-0.000438619,53.4221
355.55,-0.000437517,53.4221
355.6,-0.000431339,53.4221
355.65,-0.000443394,53.4221
355.7,-0.000443962,53.422
355.75,-0.000445665,53.422
355.8,-0.000442492,53.422
355.85,-0.00044503,53.422
355.9,-0.000443628,53.4219
355.95,-0.000451809,53.4219
356.0,-0.000442359,53.4219
356.05,-0.000439053,53.4219
356.1,-0.000440756,53.4219
356.15,-0.000447869,53.4218
356.2,-0.000447668,53.4218
356.25,-0.000449572,53.4218
356.3,-0.000456885,53.4218
356.35,-0.000450907,53.4217
356.4,-0.000437149,53.4217
356.45,-0.000430271,53.4217
356.5,-0.000436715,53.4217
356.55,-0.0004281,53.4216
356.6,-0.000432408,53.4216
356.65,-0.000439654,53.4216
356.7,-0.000439687,53.4216
356.75,-0.000437851,53.4216
356.8,-0.00043568,53.4215
356.85,-0.000448002,53.4215
356.9,-0.000449505,53.4215
356.95,-0.000445698,53.4215
357.0,-0.000443461,53.4215
357.05,-0.000445498,53.4214
357.1,-0.000452844,53.4214
357.15,-0.00045024,53.4214
357.2,-0.000448169,53.4214
357.25,-0.000445097,53.4213
357.3,-0.000434979,53.4213
357.35,-0.000438452,53.4213
357.4,-0.000438452,53.4213
357.45,-0.000434077,53.4213
357.5,-0.000430571,53.4212
357.55,-0.000443895,53.4212
357.6,-0.000446466,53.4212
357.65,-0.000452143,53.4212
357.7,-0.00046333,53.4211
357.75,-0.000460491,53.4211
357.8,-0.000455416,53.4211
357.85,-0.000460625,53.4211
357.9,-0.000460424,53.4211
357.95,-0.000462795,53.421
358.0,-0.000447101,53.421
358.05,-0.000451909,53.421
358.1,-0.00045989,53.421
358.15,-0.000453746,53.4209
358.2,-0.000444897,53.4209
358.25,-0.000446934,53.4209
358.3,-0.000449772,53.4209
358.35,-0.000453412,53.4208
358.4,-0.000458488,53.4208
358.45,-0.000457152,53.4208
358.5,-0.000454881,53.4208
358.55,-0.000459289,53.4208
358.6,-0.000456818,53.4207
358.65,-0.000463229,53.4207
358.7,-0.000465166,53.4207
358.75,-0.000456117,53.4207
358.8,-0.000462261,53.4206
358.85,-0.000459823,53.4206
358.9,-0.000466335,53.4206
358.95,-0.000460124,53.4206
359.0,-0.000453212,53.4205
359.05,-0.000461493,53.4205
359.1,-0.000462128,53.4205
359.15,-0.000452644,53.4205
359.2,-0.000455983,53.4205
359.25,-0.000454347,53.4204
359.3,-0.000459623,53.4204
359.35,-0.000463029,53.4204
359.4,-0.000460925,53.4204
359.45,-0.00045074,53.4203
359.5,-0.000452911,53.4203
359.55,-0.000457553,53.4203
359.6,-0.000458688,53.4203
359.65,-0.000454714,53.4202
359.7,-0.000461259,53.4202
359.75,-0.000471177,53.4202
359.8,-0.000456417,53.4202
359.85,-0.000459289,53.4202
359.9,-0.000465534,53.4201
359.95,-0.000458087,53.4201
360.0,-0.000457452,53.4201
360.05,-0.00045408,53.4201
360.1,-0.000454046,53.42
360.15,-0.000455416,53.42
360.2,-0.000462161,53.42
360.25,-0.000466869,53.42
360.3,-0.0004655,53.42
360.35,-0.000463864,53.4199
360.4,-0.00045772,53.4199
360.45,-0.000458354,53.4199
360.5,-0.00046727,53.4199
360.55,-0.000462628,53.4198
360.6,-0.000463096,53.4198
360.65,-0.000460358,53.4198
360.7,-0.000471177,53.4198
360.75,-0.000458755,53.4197
360.8,-0.000462361,53.4197
360.85,-0.000459156,53.4197
360.9,-0.000454881,53.4197
360.95,-0.000457953,53.4197
361.0,-0.000452644,53.4196
361.05,-0.000451609,53.4196
361.1,-0.000446466,53.4196
361.15,-0.000458221,53.4196
361.2,-0.000449371,53.4195
361.25,-0.000454547,53.4195
361.3,-0.00045398,53.4195
361.35,-0.000460859,53.4195
361.4,-0.000459957,53.4194
361.45,-0.000455449,53.4194
361.5,-0.000460358,53.4194
361.55,-0.000453011,53.4194
361.6,-0.000454147,53.4194
361.65,-0.000451842,53.4193
361.7,-0.000454981,53.4193
361.75,-0.000460892,53.4193
361.8,-0.00046136,53.4193
361.85,-0.000450273,53.4192
361.9,-0.000450674,53.4192
361.95,-0.000448203,53.4192
362.0,-0.000456851,53.4192
362.05,-0.000448303,53.4192
362.1,-0.00045802,53.4191
362.15,-0.000450073,53.4191
362.2,-0.00044286,53.4191
362.25,-0.000450907,53.4191
362.3,-0.000448236,53.419
362.35,-0.000462628,53.419
362.4,-0.000461894,53.419
362.45,-0.000444529,53.419
362.5,-0.000449305,53.4189
362.55,-0.000444963,53.4189
362.6,-0.00045408,53.4189
362.65,-0.000457619,53.4189
362.7,-0.000463764,53.4189
362.75,-0.000458855,53.4188
362.8,-0.000459857,53.4188
362.85,-0.00045428,53.4188
362.9,-0.000453512,53.4188
362.95,-0.000452711,53.4187
363.0,-0.000450907,53.4187
363.05,-0.000454981,53.4187
363.1,-0.00046353,53.4187
363.15,-0.000453111,53.4187
363.2,-0.000458888,53.4186
363.25,-0.0004651,53.4186
363.3,-0.000459055,53.4186
363.35,-0.000459957,53.4186
363.4,-0.000464699,53.4185
363.45,-0.000467571,53.4185
363.5,-0.000459289,53.4185
363.55,-0.000456517,53.4185
363.6,-0.000457619,53.4184
363.65,-0.000456785,53.4184
363.7,-0.000456785,53.4184
363.75,-0.000458688,53.4184
363.8,-0.000462361,53.4184
363.85,-0.000462729,53.4183
363.9,-0.000463163,53.4183
363.95,-0.000456117,53.4183
364.0,-0.000455382,53.4183
364.05,-0.000453879,53.4182
364.1,-0.000457185,53.4182
364.15,-0.000449472,53.4182
364.2,-0.000452243,53.4182
364.25,-0.000448102,53.4181
364.3,-0.000442626,53.4181
364.35,-0.000445898,53.4181
364.4,-0.000441958,53.4181
364.45,-0.000447802,53.4181
364.5,-0.00045438,53.418
364.55,-0.000452343,53.418
364.6,-0.000449104,53.418
364.65,-0.000451475,53.418
364.7,-0.00044276,53.4179
364.75,-0.000443194,53.4179
364.8,-0.000432641,53.4179
364.85,-0.000444997,53.4179
364.9,-0.000443394,53.4179
364.95,-0.000450607,53.4178
365.0,-0.00044887,53.4178
365.05,-0.00044877,53.4178
365.1,-0.00044316,53.4178
365.15,-0.000444763,53.4177
365.2,-0.000456751,53.4177
365.25,-0.000445197,53.4177
365.3,-0.000444362,53.4177
365.35,-0.000456451,53.4177
365.4,-0.000450273,53.4176
365.45,-0.000450774,53.4176
365.5,-0.000459523,53.4176
365.55,-0.000456718,53.4176
365.6,-0.000459356,53.4175
365.65,-0.000462061,53.4175
365.7,-0.000459489,53.4175
365.75,-0.000453512,53.4175
365.8,-0.000449071,53.4174
365.85,-0.00045064,53.4174
365.9,-0.000446733,53.4174
365.95,-0.000447668,53.4174
366.0,-0.000442893,53.4174
366.05,-0.00044483,53.4173
366.1,-0.000457319,53.4173
366.15,-0.000454514,53.4173
366.2,-0.000458788,53.4173
366.25,-0.000451342,53.4172
366.3,-0.000442225,53.4172
366.35,-0.000451375,53.4172
366.4,-0.000445364,53.4172
366.45,-0.00044837,53.4172
366.5,-0.000440556,53.4171
366.55,-0.000445164,53.4171
366.6,-0.000435346,53.4171
366.65,-0.000437684,53.4171
366.7,-0.000440956,53.417
366.75,-0.000448336,53.417
366.8,-0.00043755,53.417
366.85,-0.000435847,53.417
366.9,-0.000437216,53.417
366.95,-0.000441424,53.4169
367.0,-0.000434779,53.4169
367.05,-0.000442726,53.4169
367.1,-0.000441624,53.4169
367.15,-0.0004469,53.4169
367.2,-0.00043932,53.4168
367.25,-0.000449071,53.4168
367.3,-0.000453178,53.4168
367.35,-0.000443027,53.4168
367.4,-0.000454147,53.4167
367.45,-0.00045625,53.4167
367.5,-0.000446934,53.4167
367.55,-0.000452978,53.4167
367.6,-0.000452577,53.4166
367.65,-0.000451141,53.4166
367.7,-0.000450039,53.4166
367.75,-0.000451776,53.4166
367.8,-0.000452944,53.4166
367.85,-0.0004467,53.4165
367.9,-0.000445832,53.4165
367.95,-0.000439988,53.4165
368.0,-0.000447969,53.4165
368.05,-0.000452944,53.4164
368.1,-0.000435413,53.4164
368.15,-0.00045428,53.4164
368.2,-0.000450674,53.4164
368.25,-0.000460424,53.4164
368.3,-0.000453278,53.4163
368.35,-0.000448102,53.4163
368.4,-0.000440222,53.4163
368.45,-0.000447301,53.4163
368.5,-0.00044483,53.4162
368.55,-0.000443561,53.4162
368.6,-0.000440322,53.4162
368.65,-0.000439186,53.4162
368.7,-0.000437584,53.4162
368.75,-0.00044326,53.4161
368.8,-0.000446934,53.4161
368.85,-0.000436982,53.4161
368.9,-0.000430304,53.4161
368.95,-0.000424994,53.416
369.0,-0.000437183,53.416
369.05,-0.000444195,53.416
369.1,-0.000439387,53.416
369.15,-0.000432141,53.416
369.2,-0.000429669,53.4159
369.25,-0.000435213,53.4159
369.3,-0.000443795,53.4159
369.35,-0.000445064,53.4159
369.4,-0.000440756,53.4159
369.45,-0.000433643,53.4158
369.5,-0.000435179,53.4158
369.55,-0.000437316,53.4158
369.6,-0.000440455,53.4158
369.65,-0.000441591,53.4157
369.7,-0.000458154,53.4157
369.75,-0.000447702,53.4157
369.8,-0.000456484,53.4157
369.85,-0.000453913,53.4156
369.9,-0.000453746,53.4156
369.95,-0.000452343,53.4156
370.0,-0.000446065,53.4156
370.05,-0.000452176,53.4156
370.1,-0.000452043,53.4155
370.15,-0.000451709,53.4155
370.2,-0.00045428,53.4155
370.25,-0.000449872,53.4155
370.3,-0.000446466,53.4154
370.35,-0.000449805,53.4154
370.4,-0.000451976,53.4154
370.45,-0.000450473,53.4154
370.5,-0.000450807,53.4154
370.55,-0.000451742,53.4153
370.6,-0.000444563,53.4153
370.65,-0.00045418,53.4153
370.7,-0.000449672,53.4153
370.75,-0.000460859,53.4152
370.8,-0.000460091,53.4152
370.85,-0.000457185,53.4152
370.9,-0.000446199,53.4152
370.95,-0.000452677,53.4152
371.0,-0.000450373,53.4151
371.05,-0.000442025,53.4151
371.1,-0.000451008,53.4151
371.15,-0.000451308,53.4151
371.2,-0.000454881,53.415
371.25,-0.00045782,53.415
371.3,-0.000451475,53.415
371.35,-0.000463263,53.415
371.4,-0.000464365,53.4149
371.45,-0.000462361,53.4149
371.5,-0.000466368,53.4149
371.55,-0.000462962,53.4149
371.6,-0.00046363,53.4149
371.65,-0.000456384,53.4148
371.7,-0.000460057,53.4148
371.75,-0.00046166,53.4148
371.8,-0.000453245,53.4148
371.85,-0.000455649,53.4147
371.9,-0.000466335,53.4147
371.95,-0.000467871,53.4147
372.0,-0.000464599,53.4147
372.05,-0.000457152,53.4146
372.1,-0.000455182,53.4146
372.15,-0.000451742,53.4146
372.2,-0.00045438,53.4146
372.25,-0.000453512,53.4146
372.3,-0.000451208,53.4145
372.35,-0.00045585,53.4145
372.4,-0.000447835,53.4145
372.45,-0.000447435,53.4145
372.5,-0.000454714,53.4144
372.55,-0.00046186,53.4144
372.6,-0.000457052,53.4144
372.65,-0.000452243,53.4144
372.7,-0.000460658,53.4144
372.75,-0.00045408,53.4143
372.8,-0.000453345,53.4143
372.85,-0.000459924,53.4143
372.9,-0.000451675,53.4143
372.95,-0.000438151,53.4142
373.0,-0.000447167,53.4142
373.05,-0.000449939,53.4142
373.1,-0.000448603,53.4142
373.15,-0.000442726,53.4142
373.2,-0.000437918,53.4141
373.25,-0.000443194,53.4141
373.3,-0.000438886,53.4141
373.35,-0.00042987,53.4141
373.4,-0.00043558,53.414
373.45,-0.000432909,53.414
373.5,-0.000428701,53.414
373.55,-0.000425395,53.414
373.6,-0.000426363,53.414
373.65,-0.000425662,53.4139
373.7,-0.000429369,53.4139
373.75,-0.000428835,53.4139
373.8,-0.000425128,53.4139
373.85,-0.000431372,53.4138
373.9,-0.000431272,53.4138
373.95,-0.000437517,53.4138
374.0,-0.000432307,53.4138
374.05,-0.000440155,53.4138
374.1,-0.000439153,53.4137
374.15,-0.000441357,53.4137
374.2,-0.000445197,53.4137
374.25,-0.000435947,53.4137
374.3,-0.000438084,53.4137
374.35,-0.00043755,53.4136
374.4,-0.000440622,53.4136
374.45,-0.00044119,53.4136
374.5,-0.000438218,53.4136
374.55,-0.000439954,53.4135
374.6,-0.000450674,53.4135
374.65,-0.000445464,53.4135
374.7,-0.000440756,53.4135
374.75,-0.000447268,53.4135
374.8,-0.000444296,53.4134
374.85,-0.000446533,53.4134
374.9,-0.000440856,53.4134
374.95,-0.000445731,53.4134
375.0,-0.000437116,53.4133
375.05,-0.000437417,53.4133
375.1,-0.00043942,53.4133
375.15,-0.000447,53.4133
375.2,-0.000455148,53.4133
375.25,-0.000451108,53.4132
375.3,-0.000441257,53.4132
375.35,-0.000441925,53.4132
375.4,-0.000450874,53.4132
375.45,-0.000451208,53.4131
375.5,-0.000451776,53.4131
375.55,-0.000450607,53.4131
375.6,-0.000453445,53.4131
375.65,-0.00045241,53.4131
375.7,-0.000447368,53.413
375.75,-0.00044503,53.413
375.8,-0.000449171,53.413
375.85,-0.000441257,53.413
375.9,-0.000439621,53.4129
375.95,-0.00044129,53.4129
376.0,-0.000446967,53.4129
376.05,-0.000442559,53.4129
376.1,-0.00043578,53.4129
376.15,-0.000440522,53.4128
376.2,-0.000448737,53.4128
376.25,-0.000444329,53.4128
376.3,-0.000444763,53.4128
376.35,-0.000443427,53.4127
376.4,-0.000435079,53.4127
376.45,-0.000449138,53.4127
376.5,-0.000443928,53.4127
376.55,-0.000450907,53.4127
376.6,-0.000449204,53.4126
376.65,-0.000445398,53.4126
376.7,-0.000447601,53.4126
376.75,-0.000441791,53.4126
376.8,-0.0004468,53.4125
376.85,-0.000448069,53.4125
376.9,-0.000435947,53.4125
376.95,-0.000433643,53.4125
377.0,-0.000440222,53.4125
377.05,-0.000439587,53.4124
377.1,-0.00044109,53.4124
377.15,-0.000439086,53.4124
377.2,-0.000441123,53.4124
377.25,-0.000438519,53.4123
377.3,-0.000442092,53.4123
377.35,-0.000440622,53.4123
377.4,-0.000442259,53.4123
377.45,-0.00044503,53.4123
377.5,-0.000445097,53.4122
377.55,-0.000439019,53.4122
377.6,-0.000449171,53.4122
377.65,-0.000445898,53.4122
377.7,-0.000447902,53.4121
377.75,-0.000443594,53.4121
377.8,-0.000448136,53.4121
377.85,-0.000446299,53.4121
377.9,-0.000444963,53.4121
377.95,-0.000452711,53.412
378.0,-0.000456885,53.412
378.05,-0.000450707,53.412
378.1,-0.000447067,53.412
378.15,-0.000443928,53.4119
378.2,-0.000442426,53.4119
378.25,-0.000444329,53.4119
378.3,-0.000446834,53.4119
378.35,-0.000452711,53.4118
378.4,-0.000453946,53.4118
378.45,-0.000456785,53.4118
378.5,-0.000460525,53.4118
378.55,-0.000456417,53.4118
378.6,-0.000454948,53.4117
378.65,-0.000447869,53.4117
378.7,-0.000450507,53.4117
378.75,-0.00045211,53.4117
378.8,-0.000449004,53.4116
378.85,-0.000441891,53.4116
378.9,-0.00044463,53.4116
378.95,-0.000437584,53.4116
379.0,-0.00043912,53.4116
379.05,-0.00044316,53.4115
379.1,-0.000434545,53.4115
379.15,-0.000436682,53.4115
379.2,-0.000445231,53.4115
379.25,-0.000439387,53.4114
379.3,-0.000442325,53.4114
379.35,-0.000425996,53.4114
379.4,-0.000444296,53.4114
379.45,-0.00044316,53.4114
379.5,-0.000432708,53.4113
379.55,-0.000435346,53.4113
379.6,-0.00044857,53.4113
379.65,-0.000433176,53.4113
379.7,-0.000430604,53.4113
379.75,-0.000429536,53.4112
379.8,-0.00042269,53.4112
379.85,-0.000429502,53.4112
379.9,-0.000434044,53.4112
379.95,-0.000438552,53.4111
380.0,-0.000444095,53.4111
380.05,-0.00044139,53.4111
380.1,-0.000444663,53.4111
380.15,-0.000446934,53.4111
380.2,-0.000440889,53.411
380.25,-0.000426831,53.411
380.3,-0.000426397,53.411
380.35,-0.000435112,53.411
380.4,-0.000430304,53.4109
380.45,-0.000443394,53.4109
380.5,-0.000443093,53.4109
380.55,-0.000445865,53.4109
380.6,-0.000439554,53.4109
380.65,-0.000436348,53.4108
380.7,-0.000437316,53.4108
380.75,-0.000445698,53.4108
380.8,-0.000443127,53.4108
380.85,-0.000443594,53.4107
380.9,-0.000455549,53.4107
380.95,-0.000451943,53.4107
381.0,-0.000447301,53.4107
381.05,-0.000454414,53.4107
381.1,-0.000455115,53.4106
381.15,-0.00044877,53.4106
381.2,-0.000453078,53.4106
381.25,-0.000449171,53.4106
381.3,-0.000445264,53.4105
381.35,-0.000447368,53.4105
381.4,-0.000443795,53.4105
381.45,-0.000449104,53.4105
381.5,-0.000449204,53.4105
381.55,-0.000451609,53.4104
381.6,-0.000454714,53.4104
381.65,-0.000445197,53.4104
381.7,-0.000439954,53.4104
381.75,-0.000436381,53.4103
381.8,-0.000438919,53.4103
381.85,-0.000445898,53.4103
381.9,-0.000450841,53.4103
381.95,-0.000449972,53.4103
382.0,-0.000449538,53.4102
382.05,-0.000448537,53.4102
382.1,-0.000451275,53.4102
382.15,-0.00045585,53.4102
382.2,-0.000450974,53.4101
382.25,-0.000440055,53.4101
382.3,-0.000441457,53.4101
382.35,-0.000453612,53.4101
382.4,-0.000448336,53.4101
382.45,-0.000451141,53.41
382.5,-0.000455082,53.41
382.55,-0.000456417,53.41
382.6,-0.00044483,53.41
382.65,-0.000440121,53.4099
382.7,-0.000444429,53.4099
382.75,-0.000452377,53.4099
382.8,-0.000446867,53.4099
382.85,-0.000453579,53.4099
382.9,-0.000439721,53.4098
382.95,-0.000447869,53.4098
383.0,-0.000442693,53.4098
383.05,-0.000433977,53.4098
383.1,-0.00043942,53.4097
383.15,-0.000442926,53.4097
383.2,-0.000442726,53.4097
383.25,-0.000440956,53.4097
383.3,-0.000443327,53.4097
383.35,-0.000437784,53.4096
383.4,-0.000437517,53.4096
383.45,-0.000446767,53.4096
383.5,-0.000446032,53.4096
383.55,-0.000438686,53.4095
383.6,-0.000433777,53.4095
383.65,-0.000443127,53.4095
383.7,-0.000439921,53.4095
383.75,-0.000443227,53.4095
383.8,-0.000447101,53.4094
383.85,-0.00044877,53.4094
383.9,-0.000449338,53.4094
383.95,-0.000446733,53.4094
384.0,-0.000448503,53.4093
384.05,-0.00044139,53.4093
384.1,-0.000441157,53.4093
384.15,-0.000445665,53.4093
384.2,-0.000442926,53.4093
384.25,-0.000438886,53.4092
384.3,-0.000437884,53.4092
384.35,-0.000434144,53.4092
384.4,-0.000439287,53.4092
384.45,-0.000441591,53.4091
384.5,-0.000445965,53.4091
384.55,-0.000440222,53.4091
384.6,-0.000443528,53.4091
384.65,-0.000439153,53.4091
384.7,-0.000443127,53.409
384.75,-0.000451675,53.409
384.8,-0.000458721,53.409
384.85,-0.000449138,53.409
384.9,-0.000452444,53.4089
384.95,-0.000452176,53.4089
385.0,-0.000450807,53.4089
385.05,-0.000451776,53.4089
385.1,-0.000445798,53.4089
385.15,-0.000446032,53.4088
385.2,-0.000451876,53.4088
385.25,-0.00043922,53.4088
385.3,-0.000438585,53.4088
385.35,-0.000444262,53.4087
385.4,-0.000443394,53.4087
385.45,-0.000448036,53.4087
385.5,-0.000446433,53.4087
385.55,-0.000445464,53.4087
385.6,-0.000445498,53.4086
385.65,-0.000443795,53.4086
385.7,-0.000443795,53.4086
385.75,-0.000440021,53.4086
385.8,-0.000434645,53.4085
385.85,-0.000444195,53.4085
385.9,-0.000441491,53.4085
385.95,-0.000446232,53.4085
386.0,-0.000444563,53.4085
386.05,-0.000438251,53.4084
386.1,-0.000443761,53.4084
386.15,-0.000442526,53.4084
386.2,-0.000443795,53.4084
386.25,-0.000438418,53.4083
386.3,-0.000438919,53.4083
386.35,-0.000444095,53.4083
386.4,-0.000444596,53.4083
386.45,-0.000452477,53.4083
386.5,-0.000448102,53.4082
386.55,-0.000445765,53.4082
386.6,-0.000438652,53.4082
386.65,-0.000451442,53.4082
386.7,-0.000441491,53.4081
386.75,-0.000434845,53.4081
386.8,-0.000441724,53.4081
386.85,-0.000432107,53.4081
386.9,-0.000441157,53.4081
386.95,-0.000435079,53.408
387.0,-0.000429436,53.408
387.05,-0.000437283,53.408
387.1,-0.000438652,53.408
387.15,-0.000440823,53.4079
387.2,-0.00045625,53.4079
387.25,-0.000449872,53.4079
387.3,-0.000448537,53.4079
387.35,-0.00044877,53.4079
387.4,-0.000433142,53.4078
387.45,-0.000438285,53.4078
387.5,-0.000446767,53.4078
387.55,-0.000450607,53.4078
387.6,-0.000440556,53.4077
387.65,-0.000439888,53.4077
387.7,-0.000437517,53.4077
387.75,-0.000443427,53.4077
387.8,-0.000448704,53.4077
387.85,-0.000439754,53.4076
387.9,-0.000438118,53.4076
387.95,-0.000445297,53.4076
388.0,-0.000452777,53.4076
388.05,-0.00044316,53.4075
388.1,-0.000438151,53.4075
388.15,-0.000439454,53.4075
388.2,-0.000442025,53.4075
388.25,-0.000442225,53.4075
388.3,-0.000438886,53.4074
388.35,-0.000434177,53.4074
388.4,-0.000432374,53.4074
388.45,-0.000432207,53.4074
388.5,-0.000432207,53.4073
388.55,-0.000440088,53.4073
388.6,-0.000434745,53.4073
388.65,-0.000439954,53.4073
388.7,-0.000444596,53.4073
388.75,-0.000435246,53.4072
388.8,-0.00043932,53.4072
388.85,-0.000437784,53.4072
388.9,-0.000438118,53.4072
388.95,-0.000435279,53.4072
389.0,-0.000440756,53.4071
389.05,-0.000444129,53.4071
389.1,-0.000436081,53.4071
389.15,-0.000433643,53.4071
389.2,-0.000438619,53.407
389.25,-0.000439988,53.407
389.3,-0.000444963,53.407
389.35,-0.000435747,53.407
389.4,-0.000432441,53.407
389.45,-0.000438452,53.4069
389.5,-0.000438786,53.4069
389.55,-0.000439788,53.4069
389.6,-0.000438852,53.4069
389.65,-0.000437316,53.4068
389.7,-0.00043204,53.4068
389.75,-0.000439821,53.4068
389.8,-0.000441324,53.4068
389.85,-0.000434177,53.4068
389.9,-0.000440889,53.4067
389.95,-0.00043725,53.4067
390.0,-0.00042446,53.4067
390.05,-0.000430271,53.4067
390.1,-0.000441257,53.4067
390.15,-0.000434077,53.4066
390.2,-0.000438285,53.4066
390.25,-0.000437316,53.4066
390.3,-0.000441758,53.4066
390.35,-0.000452911,53.4065
390.4,-0.000441123,53.4065
390.45,-0.000447468,53.4065
390.5,-0.000442693,53.4065
390.55,-0.000440723,53.4065
390.6,-0.000442359,53.4064
390.65,-0.000453278,53.4064
390.7,-0.000459924,53.4064
390.75,-0.000460491,53.4064
390.8,-0.000459489,53.4063
390.85,-0.00045064,53.4063
390.9,-0.000453813,53.4063
390.95,-0.000442325,53.4063
391.0,-0.000450106,53.4062
391.05,-0.000445164,53.4062
391.1,-0.000434278,53.4062
391.15,-0.000437517,53.4062
391.2,-0.00044296,53.4062
391.25,-0.00043558,53.4061
391.3,-0.000438018,53.4061
391.35,-0.000439721,53.4061
391.4,-0.000442392,53.4061
391.45,-0.00044326,53.406
391.5,-0.000442225,53.406
391.55,-0.000441824,53.406
391.6,-0.00044099,53.406
391.65,-0.000440889,53.406
391.7,-0.000436649,53.4059
391.75,-0.000434144,53.4059
391.8,-0.000445297,53.4059
391.85,-0.000445631,53.4059
391.9,-0.000449071,53.4058
391.95,-0.000441991,53.4058
392.0,-0.000442225,53.4058
392.05,-0.000442593,53.4058
392.1,-0.000455649,53.4058
392.15,-0.000452811,53.4057
392.2,-0.000452176,53.4057
392.25,-0.000452043,53.4057
392.3,-0.000448169,53.4057
392.35,-0.000445364,53.4057
392.4,-0.000441023,53.4056
392.45,-0.000439721,53.4056
392.5,-0.000449138,53.4056
392.55,-0.00045261,53.4056
392.6,-0.000445999,53.4055
392.65,-0.000446433,53.4055
392.7,-0.000447435,53.4055
392.75,-0.000450907,53.4055
392.8,-0.000457386,53.4054
392.85,-0.000449638,53.4054
392.9,-0.000445064,53.4054
392.95,-0.000465333,53.4054
393.0,-0.000458387,53.4054
393.05,-0.00045625,53.4053
393.1,-0.000448136,53.4053
393.15,-0.000441524,53.4053
393.2,-0.000430304,53.4053
393.25,-0.000440088,53.4052
393.3,-0.000443561,53.4052
393.35,-0.000450841,53.4052
393.4,-0.000447902,53.4052
393.45,-0.000448503,53.4052
393.5,-0.000453412,53.4051
393.55,-0.000451241,53.4051
393.6,-0.00044306,53.4051
393.65,-0.000446566,53.4051
393.7,-0.000449739,53.405
393.75,-0.000452811,53.405
393.8,-0.000446934,53.405
393.85,-0.000451442,53.405
393.9,-0.000448937,53.405
393.95,-0.000442893,53.4049
394.0,-0.000449171,53.4049
394.05,-0.000439854,53.4049
394.1,-0.000442058,53.4049
394.15,-0.000447969,53.4048
394.2,-0.000443962,53.4048
394.25,-0.000443127,53.4048
394.3,-0.00045054,53.4048
394.35,-0.000453011,53.4048
394.4,-0.000447702,53.4047
394.45,-0.000446767,53.4047
394.5,-0.000441824,53.4047
394.55,-0.000441824,53.4047
394.6,-0.000444195,53.4046
394.65,-0.000445498,53.4046
394.7,-0.00044483,53.4046
394.75,-0.00044877,53.4046
394.8,-0.000447435,53.4046
394.85,-0.000444296,53.4045
394.9,-0.000442526,53.4045
394.95,-0.000436782,53.4045
395.0,-0.000432808,53.4045
395.05,-0.000440856,53.4044
395.1,-0.000435647,53.4044
395.15,-0.00044139,53.4044
395.2,-0.00044483,53.4044
395.25,-0.000442893,53.4044
395.3,-0.000450407,53.4043
395.35,-0.000443594,53.4043
395.4,-0.000446733,53.4043
395.45,-0.000443695,53.4043
395.5,-0.000441658,53.4042
395.55,-0.000442325,53.4042
395.6,-0.000442259,53.4042
395.65,-0.000441891,53.4042
395.7,-0.000443027,53.4042
395.75,-0.000446166,53.4041
395.8,-0.000447635,53.4041
395.85,-0.000447401,53.4041
395.9,-0.000445264,53.4041
395.95,-0.000454981,53.404
396.0,-0.000443728,53.404
396.05,-0.000449271,53.404
396.1,-0.000451375,53.404
396.15,-0.000449438,53.404
396.2,-0.000450006,53.4039
396.25,-0.000441691,53.4039
396.3,-0.00045064,53.4039
396.35,-0.000455449,53.4039
396.4,-0.000453746,53.4038
396.45,-0.000449939,53.4038
396.5,-0.000450006,53.4038
396.55,-0.000447768,53.4038
396.6,-0.000448136,53.4038
396.65,-0.000444897,53.4037
396.7,-0.000438619,53.4037
396.75,-0.00045064,53.4037
396.8,-0.000445164,53.4037
396.85,-0.000447635,53.4036
396.9,-0.000456317,53.4036
396.95,-0.000449271,53.4036
397.0,-0.000451709,53.4036
397.05,-0.000445498,53.4035
397.1,-0.000442459,53.4035
397.15,-0.000444195,53.4035
397.2,-0.000451475,53.4035
397.25,-0.000442593,53.4035
397.3,-0.00044867,53.4034
397.35,-0.000442192,53.4034
397.4,-0.000445965,53.4034
397.45,-0.000447735,53.4034
397.5,-0.000449104,53.4033
397.55,-0.00044296,53.4033
397.6,-0.000454113,53.4033
397.65,-0.000453612,53.4033
397.7,-0.000454948,53.4033
397.75,-0.000460525,53.4032
397.8,-0.00045989,53.4032
397.85,-0.000452744,53.4032
397.9,-0.000453879,53.4032
397.95,-0.000449505,53.4031
398.0,-0.000457553,53.4031
398.05,-0.000456985,53.4031
398.1,-0.000457352,53.4031
398.15,-0.000445197,53.4031
398.2,-0.000451876,53.403
398.25,-0.000450039,53.403
398.3,-0.000446633,53.403
398.35,-0.000443427,53.403
398.4,-0.000450574,53.4029
398.45,-0.000440656,53.4029
398.5,-0.000445731,53.4029
398.55,-0.000441424,53.4029
398.6,-0.000450139,53.4029
398.65,-0.000452577,53.4028
398.7,-0.000447301,53.4028
398.75,-0.000444496,53.4028
398.8,-0.000438118,53.4028
398.85,-0.000448737,53.4027
398.9,-0.000436148,53.4027
398.95,-0.000434678,53.4027
399.0,-0.000432808,53.4027
399.05,-0.000447935,53.4027
399.1,-0.000440188,53.4026
399.15,-0.000438118,53.4026
399.2,-0.000440188,53.4026
399.25,-0.000441824,53.4026
399.3,-0.000448937,53.4025
399.35,-0.000446166,53.4025
399.4,-0.000449839,53.4025
399.45,-0.000440689,53.4025
399.5,-0.000438953,53.4025
399.55,-0.000441524,53.4024
399.6,-0.000439353,53.4024
399.65,-0.000441524,53.4024
399.7,-0.000438084,53.4024
399.75,-0.000442559,53.4023
399.8,-0.000433076,53.4023
399.85,-0.000442392,53.4023
399.9,-0.000431773,53.4023
399.95,-0.000425996,53.4023
400.0,-0.000426597,53.4022
400.05,-0.000419818,53.4022
400.1,-0.000424694,53.4022
400.15,-0.000435981,53.4022
400.2,-0.000428567,53.4021
400.25,-0.000432241,53.4021
400.3,-0.000427699,53.4021
400.35,-0.000426397,53.4021
400.4,-0.000429269,53.4021
400.45,-0.00042997,53.402
400.5,-0.000433242,53.402
400.55,-0.000417882,53.402
400.6,-0.000426998,53.402
400.65,-0.000431773,53.402
400.7,-0.00043558,53.4019
400.75,-0.000433009,53.4019
400.8,-0.000429102,53.4019
400.85,-0.000427098,53.4019
400.9,-0.000427065,53.4019
400.95,-0.000426464,53.4018
401.0,-0.000434745,53.4018
401.05,-0.000437016,53.4018
401.1,-0.000448837,53.4018
401.15,-0.000450306,53.4017
401.2,-0.000454481,53.4017
401.25,-0.000449805,53.4017
401.3,-0.000448937,53.4017
401.35,-0.000449472,53.4016
401.4,-0.0004468,53.4016
401.45,-0.000444696,53.4016
401.5,-0.000452176,53.4016
401.55,-0.000450574,53.4016
401.6,-0.000449872,53.4015
401.65,-0.000449371,53.4015
401.7,-0.000450507,53.4015
401.75,-0.000442192,53.4015
401.8,-0.000436982,53.4015
401.85,-0.000436181,53.4014
401.9,-0.000439186,53.4014
401.95,-0.000450173,53.4014
402.0,-0.000447535,53.4014
402.05,-0.000442993,53.4013
402.1,-0.000442526,53.4013
402.15,-0.00044306,53.4013
402.2,-0.000441925,53.4013
402.25,-0.000441457,53.4012
402.3,-0.000439554,53.4012
402.35,-0.000442392,53.4012
402.4,-0.000446065,53.4012
402.45,-0.000452677,53.4012
402.5,-0.000445631,53.4011
402.55,-0.000441223,53.4011
402.6,-0.000451575,53.4011
402.65,-0.000446466,53.4011
402.7,-0.000443928,53.4011
402.75,-0.000447134,53.401
402.8,-0.000441858,53.401
402.85,-0.000434545,53.401
402.9,-0.000441257,53.401
402.95,-0.000440055,53.4009
403.0,-0.000441223,53.4009
403.05,-0.000438652,53.4009
403.1,-0.000435413,53.4009
403.15,-0.000440422,53.4009
403.2,-0.000443294,53.4008
403.25,-0.000451442,53.4008
403.3,-0.000446366,53.4008
403.35,-0.000443628,53.4008
403.4,-0.000453011,53.4007
403.45,-0.000449238,53.4007
403.5,-0.000438852,53.4007
403.55,-0.000449238,53.4007
403.6,-0.000448971,53.4007
403.65,-0.000445297,53.4006
403.7,-0.000448637,53.4006
403.75,-0.000437316,53.4006
403.8,-0.000442793,53.4006
403.85,-0.000438218,53.4005
403.9,-0.000444229,53.4005
403.95,-0.000444997,53.4005
404.0,-0.000442459,53.4005
404.05,-0.000447501,53.4005
404.1,-0.000441491,53.4004
404.15,-0.00043735,53.4004
404.2,-0.000430237,53.4004
404.25,-0.000436548,53.4004
404.3,-0.000431205,53.4003
404.35,-0.000439954,53.4003
404.4,-0.0004281,53.4003
404.45,-0.000433076,53.4003
404.5,-0.00043725,53.4003
404.55,-0.000435079,53.4002
404.6,-0.000442693,53.4002
404.65,-0.000433409,53.4002
404.7,-0.000428267,53.4002
404.75,-0.000440021,53.4001
404.8,-0.000442158,53.4001
404.85,-0.000438151,53.4001
404.9,-0.000437116,53.4001
404.95,-0.000444362,53.4001
405.0,-0.000441424,53.4
405.05,-0.000435346,53.4
405.1,-0.000432909,53.4
405.15,-0.000441257,53.4
405.2,-0.000430604,53.3999
405.25,-0.000429335,53.3999
405.3,-0.000432408,53.3999
405.35,-0.000432641,53.3999
405.4,-0.000432307,53.3999
405.45,-0.000431005,53.3998
405.5,-0.000430471,53.3998
405.55,-0.000429235,53.3998
405.6,-0.000422891,53.3998
405.65,-0.000426864,53.3998
405.7,-0.00042977,53.3997
405.75,-0.000428567,53.3997
405.8,-0.000431539,53.3997
405.85,-0.000431205,53.3997
405.9,-0.000436315,53.3996
405.95,-0.000428668,53.3996
406.0,-0.000430404,53.3996
406.05,-0.000441691,53.3996
406.1,-0.000439988,53.3996
406.15,-0.000441691,53.3995
406.2,-0.000437918,53.3995
406.25,-0.000436715,53.3995
406.3,-0.000436815,53.3995
406.35,-0.00043381,53.3995
406.4,-0.000433376,53.3994
406.45,-0.000431072,53.3994
406.5,-0.00043371,53.3994
406.55,-0.000436315,53.3994
406.6,-0.000437584,53.3993
406.65,-0.00044847,53.3993
406.7,-0.000429803,53.3993
406.75,-0.000429937,53.3993
406.8,-0.000427632,53.3993
406.85,-0.000424093,53.3992
406.9,-0.000418483,53.3992
406.95,-0.000424326,53.3992
407.0,-0.000425061,53.3992
407.05,-0.000417982,53.3992
407.1,-0.000410802,53.3991
407.15,-0.000421221,53.3991
407.2,-0.000423892,53.3991
407.25,-0.000432808,53.3991
407.3,-0.00042416,53.399
407.35,-0.000433476,53.399
407.4,-0.000442125,53.399
407.45,-0.000440222,53.399
407.5,-0.000427833,53.399
407.55,-0.000445598,53.3989
407.6,-0.00043942,53.3989
407.65,-0.000434578,53.3989
407.7,-0.000434378,53.3989
407.75,-0.000440355,53.3988
407.8,-0.000435981,53.3988
407.85,-0.000428768,53.3988
407.9,-0.000444997,53.3988
407.95,-0.000441524,53.3988
408.0,-0.000436749,53.3987
408.05,-0.000444095,53.3987
408.1,-0.000423024,53.3987
408.15,-0.000433944,53.3987
408.2,-0.000432675,53.3987
408.25,-0.000436482,53.3986
408.3,-0.000436882,53.3986
408.35,-0.000433009,53.3986
408.4,-0.000435881,53.3986
408.45,-0.000438619,53.3985
408.5,-0.000439454,53.3985
408.55,-0.00043942,53.3985
408.6,-0.000443795,53.3985
408.65,-0.000431072,53.3985
408.7,-0.000430337,53.3984
408.75,-0.000437984,53.3984
408.8,-0.000434044,53.3984
408.85,-0.000437984,53.3984
408.9,-0.000442359,53.3983
408.95,-0.000441624,53.3983
409.0,-0.000447735,53.3983
409.05,-0.000439721,53.3983
409.1,-0.000438719,53.3983
409.15,-0.000439954,53.3982
409.2,-0.000433543,53.3982
409.25,-0.000436081,53.3982
409.3,-0.000435947,53.3982
409.35,-0.000432074,53.3981
409.4,-0.000429202,53.3981
409.45,-0.000432141,53.3981
409.5,-0.000438452,53.3981
409.55,-0.00045044,53.3981
409.6,-0.000447869,53.398
409.65,-0.000447535,53.398
409.7,-0.000436548,53.398
409.75,-0.000437016,53.398
409.8,-0.000447334,53.3979
409.85,-0.000454147,53.3979
409.9,-0.000450407,53.3979
409.95,-0.000444429,53.3979
410.0,-0.000438018,53.3979
410.05,-0.000445898,53.3978
410.1,-0.000443962,53.3978
410.15,-0.000447234,53.3978
410.2,-0.000449638,53.3978
410.25,-0.000453245,53.3978
410.3,-0.000460057,53.3977
410.35,-0.000461794,53.3977
410.4,-0.00045979,53.3977
410.45,-0.000449605,53.3977
410.5,-0.000449104,53.3976
410.55,-0.000451442,53.3976
410.6,-0.000456484,53.3976
410.65,-0.000453779,53.3976
410.7,-0.000451609,53.3975
410.75,-0.000458922,53.3975
410.8,-0.000447802,53.3975
410.85,-0.00044877,53.3975
410.9,-0.000451542,53.3975
410.95,-0.000449071,53.3974
411.0,-0.000455549,53.3974
411.05,-0.000450306,53.3974
411.1,-0.000447835,53.3974
411.15,-0.000439888,53.3973
411.2,-0.000446867,53.3973
411.25,-0.000435046,53.3973
411.3,-0.000438418,53.3973
411.35,-0.000449972,53.3973
411.4,-0.00045231,53.3972
411.45,-0.000449805,53.3972
411.5,-0.00045251,53.3972
411.55,-0.000452009,53.3972
411.6,-0.000449071,53.3971
411.65,-0.000450373,53.3971
411.7,-0.000450006,53.3971
411.75,-0.000445531,53.3971
411.8,-0.000440689,53.3971
411.85,-0.000442359,53.397
411.9,-0.00044463,53.397
411.95,-0.00044847,53.397
412.0,-0.000444963,53.397
412.05,-0.000456885,53.3969
412.1,-0.000451141,53.3969
412.15,-0.000442926,53.3969
412.2,-0.000445331,53.3969
412.25,-0.000449872,53.3969
412.3,-0.000449104,53.3968
412.35,-0.000442025,53.3968
412.4,-0.000446466,53.3968
412.45,-0.000441925,53.3968
412.5,-0.000451709,53.3967
412.55,-0.000452277,53.3967
412.6,-0.000449505,53.3967
412.65,-0.000443728,53.3967
412.7,-0.000432608,53.3966
412.75,-0.000443394,53.3966
412.8,-0.000436715,53.3966
412.85,-0.000446266,53.3966
412.9,-0.00044483,53.3966
412.95,-0.000439954,53.3965
413.0,-0.00043932,53.3965
413.05,-0.000436548,53.3965
413.1,-0.000434011,53.3965
413.15,-0.000440956,53.3965
413.2,-0.000445731,53.3964
413.25,-0.000445631,53.3964
413.3,-0.000442058,53.3964
413.35,-0.000436582,53.3964
413.4,-0.000446366,53.3963
413.45,-0.00044513,53.3963
413.5,-0.000443661,53.3963
413.55,-0.000450807,53.3963
413.6,-0.000447935,53.3963
413.65,-0.000441457,53.3962
413.7,-0.000447635,53.3962
413.75,-0.000446934,53.3962
413.8,-0.000441457,53.3962
413.85,-0.000445498,53.3961
413.9,-0.000453245,53.3961
413.95,-0.000445798,53.3961
414.0,-0.000445999,53.3961
414.05,-0.000445431,53.396
414.1,-0.00044306,53.396
414.15,-0.000450774,53.396
414.2,-0.000451074,53.396
414.25,-0.000444162,53.396
414.3,-0.000447401,53.3959
414.35,-0.00045054,53.3959
414.4,-0.00044463,53.3959
414.45,-0.000451241,53.3959
414.5,-0.000455115,53.3958
414.55,-0.000452477,53.3958
414.6,-0.00044316,53.3958
414.65,-0.000452677,53.3958
414.7,-0.000451475,53.3958
414.75,-0.00045241,53.3957
414.8,-0.000450039,53.3957
414.85,-0.000438619,53.3957
414.9,-0.0004466,53.3957
414.95,-0.000448303,53.3956
415.0,-0.000431439,53.3956
415.05,-0.000447501,53.3956
415.1,-0.000444262,53.3956
415.15,-0.000447902,53.3956
415.2,-0.000446166,53.3955
415.25,-0.000445999,53.3955
415.3,-0.000441023,53.3955
415.35,-0.000445565,53.3955
415.4,-0.000437984,53.3954
415.45,-0.000439954,53.3954
415.5,-0.000440556,53.3954
415.55,-0.000441891,53.3954
415.6,-0.00043538,53.3954
415.65,-0.000434244,53.3953
415.7,-0.00043558,53.3953
415.75,-0.000439921,53.3953
415.8,-0.000438519,53.3953
415.85,-0.000435079,53.3953
415.9,-0.000428801,53.3952
415.95,-0.000431105,53.3952
416.0,-0.000445865,53.3952
416.05,-0.000437817,53.3952
416.1,-0.000437149,53.3951
416.15,-0.00043568,53.3951
416.2,-0.000432775,53.3951
416.25,-0.000418683,53.3951
416.3,-0.000423725,53.3951
416.35,-0.000433677,53.395
416.4,-0.000434411,53.395
416.45,-0.000439554,53.395
416.5,-0.000436014,53.395
416.55,-0.000446934,53.3949
416.6,-0.000445498,53.3949
416.65,-0.000444396,53.3949
416.7,-0.000449638,53.3949
416.75,-0.00044129,53.3949
416.8,-0.000438686,53.3948
416.85,-0.00044513,53.3948
416.9,-0.000446566,53.3948
416.95,-0.000442593,53.3948
417.0,-0.000439153,53.3947
417.05,-0.000440556,53.3947
417.1,-0.000442559,53.3947
417.15,-0.00043942,53.3947
417.2,-0.000440756,53.3947
417.25,-0.000437016,53.3946
417.3,-0.000448971,53.3946
417.35,-0.000439821,53.3946
417.4,-0.000441658,53.3946
417.45,-0.000443427,53.3945
417.5,-0.000444028,53.3945
417.55,-0.000443828,53.3945
417.6,-0.000452777,53.3945
417.65,-0.000442993,53.3945
417.7,-0.000452978,53.3944
417.75,-0.000448971,53.3944
417.8,-0.000449371,53.3944
417.85,-0.000459222,53.3944
417.9,-0.000449906,53.3943
417.95,-0.000455516,53.3943
418.0,-0.000457953,53.3943
418.05,-0.000450273,53.3943
418.1,-0.000456083,53.3943
418.15,-0.000454247,53.3942
418.2,-0.000442158,53.3942
418.25,-0.000440288,53.3942
418.3,-0.000446533,53.3942
418.35,-0.000448236,53.3941
418.4,-0.000440021,53.3941
418.45,-0.000451208,53.3941
418.5,-0.000436248,53.3941
418.55,-0.000442626,53.3941
418.6,-0.000443761,53.394
418.65,-0.000443528,53.394
418.7,-0.000442893,53.394
418.75,-0.000438919,53.394
418.8,-0.000448737,53.3939
418.85,-0.000442025,53.3939
418.9,-0.000434612,53.3939
418.95,-0.000450039,53.3939
419.0,-0.000440121,53.3939
419.05,-0.000436515,53.3938
419.1,-0.000440889,53.3938
419.15,-0.000434979,53.3938
419.2,-0.000440723,53.3938
419.25,-0.000436181,53.3937
419.3,-0.000449538,53.3937
419.35,-0.000451008,53.3937
419.4,-0.000441791,53.3937
419.45,-0.000445364,53.3937
419.5,-0.000436649,53.3936
419.55,-0.000442058,53.3936
419.6,-0.000452711,53.3936
419.65,-0.000450974,53.3936
419.7,-0.000445331,53.3935
419.75,-0.000440288,53.3935
419.8,-0.000441324,53.3935
419.85,-0.000451776,53.3935
419.9,-0.0004465,53.3935
419.95,-0.000451141,53.3934
420.0,-0.0004467,53.3934
420.05,-0.000442626,53.3934
420.1,-0.000441624,53.3934
420.15,-0.000445231,53.3933
420.2,-0.000442092,53.3933
420.25,-0.000444195,53.3933
420.3,-0.000441257,53.3933
420.35,-0.000443828,53.3933
420.4,-0.000447768,53.3932
420.45,-0.000453445,53.3932
420.5,-0.000443093,53.3932
420.55,-0.000437183,53.3932
420.6,-0.000438084,53.3931
420.65,-0.000440923,53.3931
420.7,-0.000446232,53.3931
420.75,-0.000448603,53.3931
420.8,-0.000447802,53.3931
420.85,-0.000447768,53.393
420.9,-0.000447568,53.393
420.95,-0.000440355,53.393
421.0,-0.000443895,53.393
421.05,-0.00043361,53.3929
421.1,-0.000438151,53.3929
421.15,-0.000439988,53.3929
421.2,-0.000440956,53.3929
421.25,-0.000438919,53.3929
421.3,-0.000429603,53.3928
421.35,-0.000426631,53.3928
421.4,-0.000438084,53.3928
421.45,-0.000442426,53.3928
421.5,-0.000436181,53.3927
421.55,-0.000438352,53.3927
421.6,-0.000431272,53.3927
421.65,-0.000439821,53.3927
421.7,-0.000439454,53.3927
421.75,-0.00043194,53.3926
421.8,-0.000443127,53.3926
421.85,-0.000452577,53.3926
421.9,-0.000451909,53.3926
421.95,-0.000438619,53.3926
422.0,-0.000441724,53.3925
422.05,-0.000448336,53.3925
422.1,-0.000443394,53.3925
422.15,-0.00044513,53.3925
422.2,-0.000432641,53.3924
422.25,-0.000438619,53.3924
422.3,-0.000434979,53.3924
422.35,-0.000439153,53.3924
422.4,-0.000432274,53.3924
422.45,-0.000426631,53.3923
422.5,-0.000437784,53.3923
422.55,-0.000434044,53.3923
422.6,-0.00043568,53.3923
422.65,-0.000433242,53.3922
422.7,-0.000440322,53.3922
422.75,-0.000437283,53.3922
422.8,-0.000433643,53.3922
422.85,-0.000433944,53.3922
422.9,-0.000428935,53.3921
422.95,-0.000438886,53.3921
423.0,-0.000436014,53.3921
423.05,-0.000438686,53.3921
423.1,-0.000437784,53.392
423.15,-0.000429269,53.392
423.2,-0.000429168,53.392
423.25,-0.000427766,53.392
423.3,-0.000433977,53.392
423.35,-0.000432141,53.3919
423.4,-0.000427031,53.3919
423.45,-0.000430938,53.3919
423.5,-0.000427432,53.3919
423.55,-0.000430504,53.3919
423.6,-0.000431005,53.3918
423.65,-0.000434946,53.3918
423.7,-0.000441157,53.3918
423.75,-0.000442092,53.3918
423.8,-0.000434745,53.3917
423.85,-0.000432341,53.3917
423.9,-0.000427599,53.3917
423.95,-0.000440288,53.3917
424.0,-0.00043912,53.3917
424.05,-0.000439721,53.3916
424.1,-0.000445665,53.3916
424.15,-0.000438352,53.3916
424.2,-0.00042643,53.3916
424.25,-0.000424994,53.3915
424.3,-0.000424961,53.3915
424.35,-0.000434578,53.3915
424.4,-0.000438919,53.3915
424.45,-0.000438852,53.3915
424.5,-0.000431539,53.3914
424.55,-0.000423158,53.3914
424.6,-0.000429068,53.3914
424.65,-0.000423058,53.3914
424.7,-0.000421254,53.3914
424.75,-0.000425495,53.3913
424.8,-0.000416145,53.3913
424.85,-0.000422189,53.3913
424.9,-0.000425228,53.3913
424.95,-0.000424126,53.3913
425.0,-0.000431105,53.3912
425.05,-0.000436248,53.3912
425.1,-0.000434378,53.3912
425.15,-0.000431606,53.3912
425.2,-0.000429135,53.3911
425.25,-0.000430838,53.3911
425.3,-0.000440689,53.3911
425.35,-0.000422056,53.3911
425.4,-0.000416913,53.3911
425.45,-0.000427632,53.391
425.5,-0.000435179,53.391
425.55,-0.000431439,53.391
425.6,-0.000425829,53.391
425.65,-0.000429836,53.3909
425.7,-0.000431272,53.3909
425.75,-0.000441257,53.3909
425.8,-0.000436715,53.3909
425.85,-0.00043932,53.3909
425.9,-0.000440622,53.3908
425.95,-0.000439721,53.3908
426.0,-0.000437918,53.3908
426.05,-0.000439654,53.3908
426.1,-0.000443995,53.3908
426.15,-0.000437316,53.3907
426.2,-0.000429369,53.3907
426.25,-0.000433677,53.3907
426.3,-0.000435012,53.3907
426.35,-0.000422757,53.3906
426.4,-0.000423191,53.3906
426.45,-0.000431105,53.3906
426.5,-0.000423058,53.3906
426.55,-0.000426631,53.3906
426.6,-0.000438485,53.3905
426.65,-0.000434511,53.3905
426.7,-0.000427031,53.3905
426.75,-0.000428434,53.3905
426.8,-0.000427132,53.3904
426.85,-0.00042466,53.3904
426.9,-0.00042623,53.3904
426.95,-0.000422323,53.3904
427.0,-0.000423458,53.3904
427.05,-0.000423826,53.3903
427.1,-0.000415845,53.3903
427.15,-0.000422657,53.3903
427.2,-0.000425729,53.3903
427.25,-0.000419384,53.3903
427.3,-0.000414242,53.3902
427.35,-0.000417882,53.3902
427.4,-0.000423826,53.3902
427.45,-0.00042653,53.3902
427.5,-0.000434311,53.3902
427.55,-0.000423291,53.3901
427.6,-0.000421588,53.3901
427.65,-0.000421722,53.3901
427.7,-0.000429502,53.3901
427.75,-0.000430204,53.39
427.8,-0.000428567,53.39
427.85,-0.000430237,53.39
427.9,-0.000421221,53.39
427.95,-0.000427566,53.39
428.0,-0.000431372,53.3899
428.05,-0.000431907,53.3899
428.1,-0.000435881,53.3899
428.15,-0.00043391,53.3899
428.2,-0.000446166,53.3899
428.25,-0.000437517,53.3898
428.3,-0.000427065,53.3898
428.35,-0.000426464,53.3898
428.4,-0.000431038,53.3898
428.45,-0.00042082,53.3897
428.5,-0.000426931,53.3897
428.55,-0.000436315,53.3897
428.6,-0.000443995,53.3897
428.65,-0.000439854,53.3897
428.7,-0.000438886,53.3896
428.75,-0.000437083,53.3896
428.8,-0.000437717,53.3896
428.85,-0.000438418,53.3896
428.9,-0.000438418,53.3895
428.95,-0.000442593,53.3895
429.0,-0.000443728,53.3895
429.05,-0.000446333,53.3895
429.1,-0.000442158,53.3895
429.15,-0.000444863,53.3894
429.2,-0.000434645,53.3894
429.25,-0.00044306,53.3894
429.3,-0.000439754,53.3894
429.35,-0.000436014,53.3894
429.4,-0.000436281,53.3893
429.45,-0.000432341,53.3893
429.5,-0.000438719,53.3893
429.55,-0.00043725,53.3893
429.6,-0.000440956,53.3892
429.65,-0.000446099,53.3892
429.7,-0.000445765,53.3892
429.75,-0.000435046,53.3892
429.8,-0.00043184,53.3892
429.85,-0.00044306,53.3891
429.9,-0.000434712,53.3891
429.95,-0.000434645,53.3891
430.0,-0.000440723,53.3891
430.05,-0.000431306,53.389
430.1,-0.000439821,53.389
430.15,-0.000442492,53.389
430.2,-0.000433844,53.389
430.25,-0.000436482,53.389
430.3,-0.000437784,53.3889
430.35,-0.000447802,53.3889
430.4,-0.000450073,53.3889
430.45,-0.000448804,53.3889
430.5,-0.000452444,53.3888
430.55,-0.00044867,53.3888
430.6,-0.000439888,53.3888
430.65,-0.000450874,53.3888
430.7,-0.000445431,53.3888
430.75,-0.000447334,53.3887
430.8,-0.000439086,53.3887
430.85,-0.000437183,53.3887
430.9,-0.000443795,53.3887
430.95,-0.000446366,53.3886
431.0,-0.000441424,53.3886
431.05,-0.000438619,53.3886
431.1,-0.000445431,53.3886
431.15,-0.000448537,53.3886
431.2,-0.000448837,53.3885
431.25,-0.000452744,53.3885
431.3,-0.000450273,53.3885
431.35,-0.000451642,53.3885
431.4,-0.000443995,53.3884
431.45,-0.000451809,53.3884
431.5,-0.000448637,53.3884
431.55,-0.000451943,53.3884
431.6,-0.000451108,53.3884
431.65,-0.00045398,53.3883
431.7,-0.000452811,53.3883
431.75,-0.000445731,53.3883
431.8,-0.000440489,53.3883
431.85,-0.000439687,53.3882
431.9,-0.000445331,53.3882
431.95,-0.000451308,53.3882
432.0,-0.000446099,53.3882
432.05,-0.000440723,53.3882
432.1,-0.000439353,53.3881
432.15,-0.000445164,53.3881
432.2,-0.000446132,53.3881
432.25,-0.000439186,53.3881
432.3,-0.000441758,53.388
432.35,-0.000444897,53.388
432.4,-0.000446266,53.388
432.45,-0.00045024,53.388
432.5,-0.000441056,53.388
432.55,-0.000443861,53.3879
432.6,-0.000448336,53.3879
432.65,-0.000444296,53.3879
432.7,-0.000442826,53.3879
432.75,-0.000439788,53.3878
432.8,-0.000443127,53.3878
432.85,-0.000439754,53.3878
432.9,-0.000433443,53.3878
432.95,-0.000439654,53.3878
433.0,-0.000440288,53.3877
433.05,-0.000443027,53.3877
433.1,-0.000438786,53.3877
433.15,-0.000439019,53.3877
433.2,-0.000435413,53.3876
433.25,-0.000444229,53.3876
433.3,-0.000438752,53.3876
433.35,-0.000430137,53.3876
433.4,-0.000434578,53.3876
433.45,-0.000437851,53.3875
433.5,-0.000437149,53.3875
433.55,-0.000431907,53.3875
433.6,-0.000432909,53.3875
433.65,-0.000438953,53.3875
433.7,-0.000439687,53.3874
433.75,-0.000441491,53.3874
433.8,-0.000439788,53.3874
433.85,-0.00043361,53.3874
433.9,-0.000425362,53.3873
433.95,-0.000426898,53.3873
434.0,-0.000427566,53.3873
434.05,-0.000430538,53.3873
434.1,-0.000426197,53.3873
434.15,-0.000426664,53.3872
434.2,-0.000428367,53.3872
434.25,-0.000429102,53.3872
434.3,-0.000434511,53.3872
434.35,-0.000443928,53.3871
434.4,-0.000441023,53.3871
434.45,-0.000446199,53.3871
434.5,-0.000439487,53.3871
434.55,-0.000441591,53.3871
434.6,-0.000437283,53.387
434.65,-0.000442058,53.387
434.7,-0.000427666,53.387
434.75,-0.000427566,53.387
434.8,-0.000430938,53.387
434.85,-0.00043548,53.3869
434.9,-0.000431873,53.3869
434.95,-0.000435313,53.3869
435.0,-0.000432875,53.3869
435.05,-0.000429937,53.3868
435.1,-0.000424026,53.3868
435.15,-0.000433543,53.3868
435.2,-0.000432842,53.3868
435.25,-0.000434278,53.3868
435.3,-0.000431907,53.3867
435.35,-0.000440823,53.3867
435.4,-0.000440422,53.3867
435.45,-0.000436148,53.3867
435.5,-0.0004279,53.3866
435.55,-0.000431205,53.3866
435.6,-0.00043391,53.3866
435.65,-0.00042446,53.3866
435.7,-0.000435847,53.3866
435.75,-0.000429569,53.3865
435.8,-0.000433877,53.3865
435.85,-0.000432975,53.3865
435.9,-0.000421989,53.3865
435.95,-0.000429536,53.3865
436.0,-0.000431239,53.3864
436.05,-0.000429669,53.3864
436.1,-0.000442559,53.3864
436.15,-0.000436682,53.3864
436.2,-0.000437383,53.3863
436.25,-0.000443027,53.3863
436.3,-0.000442092,53.3863
436.35,-0.000436815,53.3863
436.4,-0.000438251,53.3863
436.45,-0.000429836,53.3862
436.5,-0.000429536,53.3862
436.55,-0.000430404,53.3862
436.6,-0.000422456,53.3862
436.65,-0.000432374,53.3862
436.7,-0.000443962,53.3861
436.75,-0.000451108,53.3861
436.8,-0.000445898,53.3861
436.85,-0.000449071,53.3861
436.9,-0.000450273,53.386
436.95,-0.000445665,53.386
437.0,-0.000444262,53.386
437.05,-0.000438185,53.386
437.1,-0.000440656,53.3859
437.15,-0.000444095,53.3859
437.2,-0.000448637,53.3859
437.25,-0.000451241,53.3859
437.3,-0.000437016,53.3859
437.35,-0.000438084,53.3858
437.4,-0.000438051,53.3858
437.45,-0.000443695,53.3858
437.5,-0.000442125,53.3858
437.55,-0.000446399,53.3857
437.6,-0.000453679,53.3857
437.65,-0.000448537,53.3857
437.7,-0.000438151,53.3857
437.75,-0.000444763,53.3857
437.8,-0.000448336,53.3856
437.85,-0.000449739,53.3856
437.9,-0.000444429,53.3856
437.95,-0.000449071,53.3856
438.0,-0.000440889,53.3855
438.05,-0.000442893,53.3855
438.1,-0.000435647,53.3855
438.15,-0.000433309,53.3855
438.2,-0.000436482,53.3855
438.25,-0.000430304,53.3854
438.3,-0.000429436,53.3854
438.35,-0.000439086,53.3854
438.4,-0.000430337,53.3854
438.45,-0.000434177,53.3854
438.5,-0.000425529,53.3853
438.55,-0.000432074,53.3853
438.6,-0.000441424,53.3853
438.65,-0.000444797,53.3853
438.7,-0.000446166,53.3852
438.75,-0.000432708,53.3852
438.8,-0.00042643,53.3852
438.85,-0.000433476,53.3852
438.9,-0.000435346,53.3852
438.95,-0.000440422,53.3851
439.0,-0.000435513,53.3851
439.05,-0.000432708,53.3851
439.1,-0.000427599,53.3851
439.15,-0.000425762,53.385
439.2,-0.000432875,53.385
439.25,-0.000434445,53.385
439.3,-0.000437918,53.385
439.35,-0.00043735,53.385
439.4,-0.000439086,53.3849
439.45,-0.000440322,53.3849
439.5,-0.000441357,53.3849
439.55,-0.000432207,53.3849
439.6,-0.000430471,53.3849
439.65,-0.000428901,53.3848
439.7,-0.000428968,53.3848
439.75,-0.000429669,53.3848
439.8,-0.000426631,53.3848
439.85,-0.000430437,53.3847
439.9,-0.000418449,53.3847
439.95,-0.000421822,53.3847
440.0,-0.000423158,53.3847
440.05,-0.000419284,53.3847
440.1,-0.0004283,53.3846
440.15,-0.000426297,53.3846
440.2,-0.000430337,53.3846
440.25,-0.000422356,53.3846
440.3,-0.00042239,53.3846
440.35,-0.000430738,53.3845
440.4,-0.000419451,53.3845
440.45,-0.000424427,53.3845
440.5,-0.000426363,53.3845
440.55,-0.000439854,53.3844
440.6,-0.000425662,53.3844
440.65,-0.000434745,53.3844
440.7,-0.00042623,53.3844
440.75,-0.000424727,53.3844
440.8,-0.000428534,53.3843
440.85,-0.000430872,53.3843
440.9,-0.000432508,53.3843
440.95,-0.00043538,53.3843
441.0,-0.000434177,53.3843
441.05,-0.000439454,53.3842
441.1,-0.000436949,53.3842
441.15,-0.000429603,53.3842
441.2,-0.000434311,53.3842
441.25,-0.000432842,53.3841
441.3,-0.000435012,53.3841
441.35,-0.000430304,53.3841
441.4,-0.000433309,53.3841
441.45,-0.000431907,53.3841
441.5,-0.000424694,53.384
441.55,-0.000429068,53.384
441.6,-0.000431339,53.384
441.65,-0.000420887,53.384
441.7,-0.00042613,53.384
441.75,-0.000428501,53.3839
441.8,-0.000427866,53.3839
441.85,-0.000424026,53.3839
441.9,-0.000423124,53.3839
441.95,-0.000426464,53.3838
442.0,-0.000438018,53.3838
442.05,-0.000442426,53.3838
442.1,-0.00043548,53.3838
442.15,-0.000441524,53.3838
442.2,-0.000427833,53.3837
442.25,-0.000425328,53.3837
442.3,-0.000434712,53.3837
442.35,-0.000434077,53.3837
442.4,-0.000433343,53.3836
442.45,-0.000434011,53.3836
442.5,-0.000427265,53.3836
442.55,-0.000427632,53.3836
442.6,-0.000424861,53.3836
442.65,-0.000421221,53.3835
442.7,-0.000426697,53.3835
442.75,-0.000421054,53.3835
442.8,-0.000434478,53.3835
442.85,-0.000432207,53.3835
442.9,-0.000430003,53.3834
442.95,-0.000430504,53.3834
443.0,-0.00043174,53.3834
443.05,-0.0004283,53.3834
443.1,-0.000435079,53.3834
443.15,-0.000438051,53.3833
443.2,-0.000429102,53.3833
443.25,-0.000428367,53.3833
443.3,-0.000435112,53.3833
443.35,-0.00042446,53.3832
443.4,-0.000424761,53.3832
443.45,-0.00043174,53.3832
443.5,-0.000434812,53.3832
443.55,-0.000436582,53.3832
443.6,-0.000431105,53.3831
443.65,-0.00042643,53.3831
443.7,-0.000431205,53.3831
443.75,-0.000435046,53.3831
443.8,-0.000422022,53.383
443.85,-0.000430237,53.383
443.9,-0.000423124,53.383
443.95,-0.000429903,53.383
444.0,-0.000430271,53.383
444.05,-0.000428033,53.3829
444.1,-0.000419084,53.3829
444.15,-0.000427432,53.3829
444.2,-0.000434545,53.3829
444.25,-0.000436281,53.3829
444.3,-0.000437517,53.3828
444.35,-0.000426731,53.3828
444.4,-0.000426697,53.3828
444.45,-0.000432174,53.3828
444.5,-0.000433409,53.3827
444.55,-0.000434511,53.3827
444.6,-0.000437984,53.3827
444.65,-0.000432742,53.3827
444.7,-0.000430304,53.3827
444.75,-0.000435613,53.3826
444.8,-0.000439487,53.3826
444.85,-0.000439086,53.3826
444.9,-0.000442192,53.3826
444.95,-0.000446065,53.3825
445.0,-0.000441557,53.3825
445.05,-0.00044473,53.3825
445.1,-0.000447935,53.3825
445.15,-0.00044326,53.3825
445.2,-0.00044483,53.3824
445.25,-0.000450206,53.3824
445.3,-0.000445665,53.3824
445.35,-0.000445431,53.3824
445.4,-0.000437483,53.3824
445.45,-0.000434678,53.3823
445.5,-0.000438652,53.3823
445.55,-0.000437984,53.3823
445.6,-0.000440889,53.3823
445.65,-0.00044463,53.3822
445.7,-0.000437183,53.3822
445.75,-0.000441624,53.3822
445.8,-0.00043351,53.3822
445.85,-0.000440455,53.3822
445.9,-0.000442826,53.3821
445.95,-0.000443427,53.3821
446.0,-0.000435513,53.3821
446.05,-0.000434946,53.3821
446.1,-0.000428701,53.382
446.15,-0.000438251,53.382
446.2,-0.000444463,53.382
446.25,-0.00044493,53.382
446.3,-0.000444496,53.382
446.35,-0.000446099,53.3819
446.4,-0.000438953,53.3819
446.45,-0.000428768,53.3819
446.5,-0.000441925,53.3819
446.55,-0.000437183,53.3818
446.6,-0.00043755,53.3818
446.65,-0.000449071,53.3818
446.7,-0.000448069,53.3818
446.75,-0.00044109,53.3818
446.8,-0.000438385,53.3817
446.85,-0.000437283,53.3817
446.9,-0.0004468,53.3817
446.95,-0.000446366,53.3817
447.0,-0.000448436,53.3816
447.05,-0.000450473,53.3816
447.1,-0.000453479,53.3816
447.15,-0.000451842,53.3816
447.2,-0.000445398,53.3816
447.25,-0.000449071,53.3815
447.3,-0.000447101,53.3815
447.35,-0.000445765,53.3815
447.4,-0.000443761,53.3815
447.45,-0.000452143,53.3814
447.5,-0.000439687,53.3814
447.55,-0.000442693,53.3814
447.6,-0.000443995,53.3814
447.65,-0.00045418,53.3814
447.7,-0.000444463,53.3813
447.75,-0.000440121,53.3813
447.8,-0.000451008,53.3813
447.85,-0.000448303,53.3813
447.9,-0.000445464,53.3812
447.95,-0.000437717,53.3812
448.0,-0.000447034,53.3812
448.05,-0.000449538,53.3812
448.1,-0.000450507,53.3812
448.15,-0.000447,53.3811
448.2,-0.000442025,53.3811
448.25,-0.000455015,53.3811
448.3,-0.000462294,53.3811
448.35,-0.00045418,53.381
448.4,-0.000456551,53.381
448.45,-0.000457018,53.381
448.5,-0.000455816,53.381
448.55,-0.000458888,53.381
448.6,-0.000460725,53.3809
448.65,-0.000450273,53.3809
448.7,-0.00045261,53.3809
448.75,-0.000449371,53.3809
448.8,-0.000457753,53.3808
448.85,-0.000452878,53.3808
448.9,-0.000449171,53.3808
448.95,-0.000447334,53.3808
449.0,-0.000450774,53.3807
449.05,-0.000447134,53.3807
449.1,-0.000456985,53.3807
449.15,-0.000456584,53.3807
449.2,-0.000459089,53.3807
449.25,-0.000459122,53.3806
449.3,-0.000470877,53.3806
449.35,-0.000463063,53.3806
449.4,-0.000464966,53.3806
449.45,-0.000456451,53.3805
449.5,-0.000455683,53.3805
449.55,-0.000448236,53.3805
449.6,-0.0004468,53.3805
449.65,-0.00045251,53.3804
449.7,-0.00045999,53.3804
449.75,-0.000453913,53.3804
449.8,-0.000452176,53.3804
449.85,-0.000453946,53.3804
449.9,-0.000445464,53.3803
449.95,-0.000444195,53.3803
450.0,-0.000447401,53.3803
450.05,-0.000448102,53.3803
450.1,-0.000448503,53.3802
450.15,-0.000444396,53.3802
450.2,-0.000447768,53.3802
450.25,-0.000451509,53.3802
450.3,-0.000455416,53.3802
450.35,-0.000456885,53.3801
450.4,-0.000454447,53.3801
450.45,-0.000451008,53.3801
450.5,-0.000455282,53.3801
450.55,-0.000449572,53.38
450.6,-0.000451909,53.38
450.65,-0.000450273,53.38
450.7,-0.000449405,53.38
450.75,-0.000450507,53.38
450.8,-0.000444195,53.3799
450.85,-0.000441925,53.3799
450.9,-0.000447,53.3799
450.95,-0.000449338,53.3799
451.0,-0.00044887,53.3798
451.05,-0.000442158,53.3798
451.1,-0.000446366,53.3798
451.15,-0.00044513,53.3798
451.2,-0.000440556,53.3798
451.25,-0.000435079,53.3797
451.3,-0.000437016,53.3797
451.35,-0.000444596,53.3797
451.4,-0.000447535,53.3797
451.45,-0.000449104,53.3796
451.5,-0.00045231,53.3796
451.55,-0.000448303,53.3796
451.6,-0.000450407,53.3796
451.65,-0.000448102,53.3796
451.7,-0.000455082,53.3795
451.75,-0.00044847,53.3795
451.8,-0.000442092,53.3795
451.85,-0.000440889,53.3795
451.9,-0.000453879,53.3794
451.95,-0.000455249,53.3794
452.0,-0.000452043,53.3794
452.05,-0.000454948,53.3794
452.1,-0.000456851,53.3793
452.15,-0.000450306,53.3793
452.2,-0.00045605,53.3793
452.25,-0.000450173,53.3793
452.3,-0.000447869,53.3793
452.35,-0.000455215,53.3792
452.4,-0.000459289,53.3792
452.45,-0.000456618,53.3792
452.5,-0.00045261,53.3792
452.55,-0.000447635,53.3791
452.6,-0.000442626,53.3791
452.65,-0.000451509,53.3791
452.7,-0.000455482,53.3791
452.75,-0.000451909,53.3791
452.8,-0.000455983,53.379
452.85,-0.000451108,53.379
452.9,-0.000454848,53.379
452.95,-0.000464365,53.379
453.0,-0.000455148,53.3789
453.05,-0.00045241,53.3789
453.1,-0.000449572,53.3789
453.15,-0.000441157,53.3789
453.2,-0.000454581,53.3789
453.25,-0.000456284,53.3788
453.3,-0.000444429,53.3788
453.35,-0.000433376,53.3788
453.4,-0.00044109,53.3788
453.45,-0.000440322,53.3787
453.5,-0.000443494,53.3787
453.55,-0.000440288,53.3787
453.6,-0.000454046,53.3787
453.65,-0.000454848,53.3787
453.7,-0.000446566,53.3786
453.75,-0.000442259,53.3786
453.8,-0.000441591,53.3786
453.85,-0.000448904,53.3786
453.9,-0.0004469,53.3785
453.95,-0.000445531,53.3785
454.0,-0.000446867,53.3785
454.05,-0.000448036,53.3785
454.1,-0.0004465,53.3784
454.15,-0.000435413,53.3784
454.2,-0.000441056,53.3784
454.25,-0.000450073,53.3784
454.3,-0.000445999,53.3784
454.35,-0.000441758,53.3783
454.4,-0.000453378,53.3783
454.45,-0.000453512,53.3783
454.5,-0.000445898,53.3783
454.55,-0.000441858,53.3783
454.6,-0.000448937,53.3782
454.65,-0.000440789,53.3782
454.7,-0.00043725,53.3782
454.75,-0.00044493,53.3782
454.8,-0.00044473,53.3781
454.85,-0.000443661,53.3781
454.9,-0.00044316,53.3781
454.95,-0.000442726,53.3781
455.0,-0.000436982,53.3781
455.05,-0.000440756,53.378
455.1,-0.000447835,53.378
455.15,-0.000439454,53.378
455.2,-0.000441223,53.378
455.25,-0.000446132,53.3779
455.3,-0.000445398,53.3779
455.35,-0.000441457,53.3779
455.4,-0.000446366,53.3779
455.45,-0.000444296,53.3778
455.5,-0.000445765,53.3778
455.55,-0.000439988,53.3778
455.6,-0.000443093,53.3778
455.65,-0.000443561,53.3778
455.7,-0.000439554,53.3777
455.75,-0.000443861,53.3777
455.8,-0.000442392,53.3777
455.85,-0.000455315,53.3777
455.9,-0.000459523,53.3777
455.95,-0.000444696,53.3776
456.0,-0.000442993,53.3776
456.05,-0.000444229,53.3776
456.1,-0.000447668,53.3776
456.15,-0.000446099,53.3775
456.2,-0.000448136,53.3775
456.25,-0.000448603,53.3775
456.3,-0.000434879,53.3775
456.35,-0.000441257,53.3774
456.4,-0.000447869,53.3774
456.45,-0.000443895,53.3774
456.5,-0.00043578,53.3774
456.55,-0.000438886,53.3774
456.6,-0.000445798,53.3773
456.65,-0.000435046,53.3773
456.7,-0.000435747,53.3773
456.75,-0.00043558,53.3773
456.8,-0.00043912,53.3773
456.85,-0.00044129,53.3772
456.9,-0.000438084,53.3772
456.95,-0.000442125,53.3772
457.0,-0.000447902,53.3772
457.05,-0.00044286,53.3771
457.1,-0.000443461,53.3771
457.15,-0.000434211,53.3771
457.2,-0.000445531,53.3771
457.25,-0.000438285,53.3771
457.3,-0.000440088,53.377
457.35,-0.000433009,53.377
457.4,-0.000439454,53.377
457.45,-0.000443528,53.377
457.5,-0.000441424,53.3769
457.55,-0.000440656,53.3769
457.6,-0.000435046,53.3769
457.65,-0.000443795,53.3769
457.7,-0.000453412,53.3769
457.75,-0.000444195,53.3768
457.8,-0.000437049,53.3768
457.85,-0.00044877,53.3768
457.9,-0.000447468,53.3768
457.95,-0.000444062,53.3767
458.0,-0.000440255,53.3767
458.05,-0.000447535,53.3767
458.1,-0.000443861,53.3767
458.15,-0.000450574,53.3767
458.2,-0.000443861,53.3766
458.25,-0.000448169,53.3766
458.3,-0.000448971,53.3766
458.35,-0.000451642,53.3766
458.4,-0.000450941,53.3765
458.45,-0.000444329,53.3765
458.5,-0.000442292,53.3765
458.55,-0.00044473,53.3765
458.6,-0.000445932,53.3765
458.65,-0.000440288,53.3764
458.7,-0.000444596,53.3764
458.75,-0.000437584,53.3764
458.8,-0.000433176,53.3764
458.85,-0.000436181,53.3763
458.9,-0.00043578,53.3763
458.95,-0.000439253,53.3763
459.0,-0.000440489,53.3763
459.05,-0.000433343,53.3763
459.1,-0.000438686,53.3762
459.15,-0.000435279,53.3762
459.2,-0.000442559,53.3762
459.25,-0.000446533,53.3762
459.3,-0.000452143,53.3761
459.35,-0.000440689,53.3761
459.4,-0.000450373,53.3761
459.45,-0.000438084,53.3761
459.5,-0.000447,53.3761
459.55,-0.000449305,53.376
459.6,-0.00044483,53.376
459.65,-0.000434879,53.376
459.7,-0.000439754,53.376
459.75,-0.00045231,53.3759
459.8,-0.000455449,53.3759
459.85,-0.000451208,53.3759
459.9,-0.000445197,53.3759
459.95,-0.00044877,53.3759
460.0,-0.000451442,53.3758
460.05,-0.000453011,53.3758
460.1,-0.000453078,53.3758
460.15,-0.00045408,53.3758
460.2,-0.000450507,53.3757
460.25,-0.000457352,53.3757
460.3,-0.000458588,53.3757
460.35,-0.000452777,53.3757
460.4,-0.000447134,53.3757
460.45,-0.000449638,53.3756
460.5,-0.00045024,53.3756
460.55,-0.000439253,53.3756
460.6,-0.000456184,53.3756
460.65,-0.000455783,53.3755
460.7,-0.000453712,53.3755
460.75,-0.000456684,53.3755
460.8,-0.000455816,53.3755
460.85,-0.000456117,53.3755
460.9,-0.000458755,53.3754
460.95,-0.000463397,53.3754
461.0,-0.000457953,53.3754
461.05,-0.00045772,53.3754
461.1,-0.000452944,53.3753
461.15,-0.000447768,53.3753
461.2,-0.000451542,53.3753
461.25,-0.000455582,53.3753
461.3,-0.000464331,53.3752
461.35,-0.000465233,53.3752
461.4,-0.000458554,53.3752
461.45,-0.000458855,53.3752
461.5,-0.000452009,53.3752
461.55,-0.000451909,53.3751
461.6,-0.000456184,53.3751
461.65,-0.000453145,53.3751
461.7,-0.000444696,53.3751
461.75,-0.000447134,53.375
461.8,-0.000442359,53.375
461.85,-0.000450039,53.375
461.9,-0.000443928,53.375
461.95,-0.000449906,53.375
462.0,-0.000453579,53.3749
462.05,-0.000445297,53.3749
462.1,-0.000449405,53.3749
462.15,-0.000450774,53.3749
462.2,-0.000439687,53.3748
462.25,-0.000442392,53.3748
462.3,-0.000441123,53.3748
462.35,-0.000447835,53.3748
462.4,-0.000443461,53.3747
462.45,-0.000457887,53.3747
462.5,-0.000459556,53.3747
462.55,-0.000443861,53.3747
462.6,-0.000450674,53.3747
462.65,-0.00044837,53.3746
462.7,-0.000459256,53.3746
462.75,-0.000461126,53.3746
462.8,-0.000460892,53.3746
462.85,-0.000457686,53.3745
462.9,-0.000454614,53.3745
462.95,-0.00044306,53.3745
463.0,-0.000440088,53.3745
463.05,-0.000450607,53.3745
463.1,-0.000453011,53.3744
463.15,-0.000449238,53.3744
463.2,-0.000446199,53.3744
463.25,-0.00045812,53.3744
463.3,-0.000447869,53.3743
463.35,-0.000451442,53.3743
463.4,-0.000453646,53.3743
463.45,-0.000457085,53.3743
463.5,-0.000456083,53.3743
463.55,-0.000465901,53.3742
463.6,-0.000458321,53.3742
463.65,-0.000448804,53.3742
463.7,-0.000462027,53.3742
463.75,-0.000460892,53.3741
463.8,-0.000463096,53.3741
463.85,-0.000458788,53.3741
463.9,-0.000451074,53.3741
463.95,-0.000452878,53.374
464.0,-0.000448203,53.374
464.05,-0.000462762,53.374
464.1,-0.000463998,53.374
464.15,-0.000457219,53.374
464.2,-0.00044837,53.3739
464.25,-0.000457352,53.3739
464.3,-0.000462094,53.3739
464.35,-0.000459389,53.3739
464.4,-0.000451008,53.3738
464.45,-0.000453378,53.3738
464.5,-0.000456384,53.3738
464.55,-0.000455215,53.3738
464.6,-0.000457152,53.3737
464.65,-0.000449204,53.3737
464.7,-0.000448436,53.3737
464.75,-0.000439721,53.3737
464.8,-0.000435947,53.3737
464.85,-0.000436482,53.3736
464.9,-0.000429603,53.3736
464.95,-0.000432007,53.3736
465.0,-0.000445164,53.3736
465.05,-0.000444897,53.3736
465.1,-0.000443494,53.3735
465.15,-0.000440589,53.3735
465.2,-0.000449805,53.3735
465.25,-0.000450674,53.3735
465.3,-0.000456818,53.3734
465.35,-0.000444028,53.3734
465.4,-0.00044473,53.3734
465.45,-0.000443194,53.3734
465.5,-0.000448804,53.3733
465.55,-0.000438485,53.3733
465.6,-0.000435547,53.3733
465.65,-0.00043932,53.3733
465.7,-0.000447468,53.3733
465.75,-0.000446199,53.3732
465.8,-0.000449438,53.3732
465.85,-0.000453245,53.3732
465.9,-0.000451308,53.3732
465.95,-0.00044867,53.3731
466.0,-0.000442158,53.3731
466.05,-0.000432074,53.3731
466.1,-0.00044326,53.3731
466.15,-0.000458721,53.3731
466.2,-0.00044867,53.373
466.25,-0.000457786,53.373
466.3,-0.00044493,53.373
466.35,-0.000455816,53.373
466.4,-0.000466201,53.3729
466.45,-0.000462562,53.3729
466.5,-0.00046894,53.3729
466.55,-0.00047091,53.3729
466.6,-0.000462294,53.3729
466.65,-0.000463397,53.3728
466.7,-0.000460391,53.3728
466.75,-0.000458755,53.3728
466.8,-0.000451842,53.3728
466.85,-0.00045782,53.3727
466.9,-0.000448136,53.3727
466.95,-0.000449772,53.3727
467.0,-0.0004469,53.3727
467.05,-0.000449037,53.3727
467.1,-0.000449472,53.3726
467.15,-0.00045054,53.3726
467.2,-0.000455015,53.3726
467.25,-0.000455015,53.3726
467.3,-0.000458721,53.3725
467.35,-0.000451809,53.3725
467.4,-0.000444696,53.3725
467.45,-0.000449638,53.3725
467.5,-0.000455582,53.3724
467.55,-0.00046353,53.3724
467.6,-0.000462896,53.3724
467.65,-0.000462495,53.3724
467.7,-0.000458788,53.3724
467.75,-0.000454514,53.3723
467.8,-0.000458554,53.3723
467.85,-0.000462695,53.3723
467.9,-0.000460658,53.3723
467.95,-0.000450507,53.3722
468.0,-0.000441991,53.3722
468.05,-0.000452076,53.3722
468.1,-0.00044867,53.3722
468.15,-0.00044316,53.3722
468.2,-0.000447969,53.3721
468.25,-0.0004466,53.3721
468.3,-0.000448236,53.3721
468.35,-0.00044503,53.3721
468.4,-0.000439587,53.372
468.45,-0.000447468,53.372
468.5,-0.000451709,53.372
468.55,-0.000445865,53.372
468.6,-0.000443761,53.3719
468.65,-0.000441524,53.3719
468.7,-0.000444329,53.3719
468.75,-0.000447601,53.3719
468.8,-0.000455482,53.3719
468.85,-0.000441357,53.3718
468.9,-0.000450707,53.3718
468.95,-0.000443227,53.3718
469.0,-0.000449472,53.3718
469.05,-0.000451041,53.3717
469.1,-0.000446533,53.3717
469.15,-0.000450974,53.3717
469.2,-0.00045625,53.3717
469.25,-0.000452477,53.3717
469.3,-0.000456083,53.3716
469.35,-0.000450607,53.3716
469.4,-0.000461693,53.3716
469.45,-0.000455115,53.3716
469.5,-0.000449572,53.3715
469.55,-0.000448169,53.3715
469.6,-0.000454414,53.3715
469.65,-0.000457286,53.3715
469.7,-0.000454748,53.3715
469.75,-0.000460191,53.3714
469.8,-0.000457219,53.3714
469.85,-0.000458421,53.3714
469.9,-0.000460391,53.3714
469.95,-0.000453045,53.3713
470.0,-0.000452711,53.3713
470.05,-0.000457052,53.3713
470.1,-0.000457386,53.3713
470.15,-0.000453378,53.3712
470.2,-0.000450574,53.3712
470.25,-0.000451141,53.3712
470.3,-0.000459189,53.3712
470.35,-0.000448203,53.3712
470.4,-0.000448937,53.3711
470.45,-0.000451175,53.3711
470.5,-0.000450807,53.3711
470.55,-0.000456818,53.3711
470.6,-0.000460258,53.371
470.65,-0.000460758,53.371
470.7,-0.000457953,53.371
470.75,-0.000463797,53.371
470.8,-0.000452577,53.371
470.85,-0.000446466,53.3709
470.9,-0.000452243,53.3709
470.95,-0.000456718,53.3709
471.0,-0.00044473,53.3709
471.05,-0.000449538,53.3708
471.1,-0.000454948,53.3708
471.15,-0.000447034,53.3708
471.2,-0.000444997,53.3708
471.25,-0.000444396,53.3708
471.3,-0.00044877,53.3707
471.35,-0.000443861,53.3707
471.4,-0.000446867,53.3707
471.45,-0.000445598,53.3707
471.5,-0.000443461,53.3706
471.55,-0.000451008,53.3706
471.6,-0.000444162,53.3706
471.65,-0.00044119,53.3706
471.7,-0.000443995,53.3705
471.75,-0.000454514,53.3705
471.8,-0.000449271,53.3705
471.85,-0.000450907,53.3705
471.9,-0.000453679,53.3705
471.95,-0.000453445,53.3704
472.0,-0.000451108,53.3704
472.05,-0.000452043,53.3704
472.1,-0.000451609,53.3704
472.15,-0.000450273,53.3703
472.2,-0.000450674,53.3703
472.25,-0.000444195,53.3703
472.3,-0.000443728,53.3703
472.35,-0.000446266,53.3703
472.4,-0.000441491,53.3702
472.45,-0.000448603,53.3702
472.5,-0.000439654,53.3702
472.55,-0.0004466,53.3702
472.6,-0.000428668,53.3701
472.65,-0.000436849,53.3701
472.7,-0.000441457,53.3701
472.75,-0.000447902,53.3701
472.8,-0.000449939,53.3701
472.85,-0.000452377,53.37
472.9,-0.000449472,53.37
472.95,-0.000448904,53.37
473.0,-0.000442826,53.37
473.05,-0.000441457,53.3699
473.1,-0.000446733,53.3699
473.15,-0.000445731,53.3699
473.2,-0.000450006,53.3699
473.25,-0.000448169,53.3699
473.3,-0.000449572,53.3698
473.35,-0.000447268,53.3698
473.4,-0.000441791,53.3698
473.45,-0.000452444,53.3698
473.5,-0.000449405,53.3697
473.55,-0.000442726,53.3697
473.6,-0.000456584,53.3697
473.65,-0.000461827,53.3697
473.7,-0.000456417,53.3697
473.75,-0.000451141,53.3696
473.8,-0.000448269,53.3696
473.85,-0.000458755,53.3696
473.9,-0.000457085,53.3696
473.95,-0.00045221,53.3695
474.0,-0.000450707,53.3695
474.05,-0.000445631,53.3695
474.1,-0.000446934,53.3695
474.15,-0.000448603,53.3694
474.2,-0.0004468,53.3694
474.25,-0.000446199,53.3694
474.3,-0.000447468,53.3694
474.35,-0.000451442,53.3694
474.4,-0.000455382,53.3693
474.45,-0.000452744,53.3693
474.5,-0.000436882,53.3693
474.55,-0.000445631,53.3693
474.6,-0.000446466,53.3692
474.65,-0.000454247,53.3692
474.7,-0.000447902,53.3692
474.75,-0.000452243,53.3692
474.8,-0.000454581,53.3692
474.85,-0.000444763,53.3691
474.9,-0.000450907,53.3691
474.95,-0.00045408,53.3691
475.0,-0.000447167,53.3691
475.05,-0.000446099,53.369
475.1,-0.000437984,53.369
475.15,-0.000443628,53.369
475.2,-0.000443962,53.369
475.25,-0.000437483,53.369
475.3,-0.000436782,53.3689
475.35,-0.000444763,53.3689
475.4,-0.000450106,53.3689
475.45,-0.000454915,53.3689
475.5,-0.000457686,53.3688
475.55,-0.000449538,53.3688
475.6,-0.000458621,53.3688
475.65,-0.000459456,53.3688
475.7,-0.000453879,53.3688
475.75,-0.000457185,53.3687
475.8,-0.000451241,53.3687
475.85,-0.000445598,53.3687
475.9,-0.000447635,53.3687
475.95,-0.000454314,53.3686
476.0,-0.000459423,53.3686
476.05,-0.0004469,53.3686
476.1,-0.000445364,53.3686
476.15,-0.000453913,53.3685
476.2,-0.000455749,53.3685
476.25,-0.000457486,53.3685
476.3,-0.000454147,53.3685
476.35,-0.000455549,53.3685
476.4,-0.000451108,53.3684
476.45,-0.000453579,53.3684
476.5,-0.000446566,53.3684
476.55,-0.000446065,53.3684
476.6,-0.000458154,53.3683
476.65,-0.000453178,53.3683
476.7,-0.000442593,53.3683
476.75,-0.000451008,53.3683
476.8,-0.000456818,53.3683
476.85,-0.000451675,53.3682
476.9,-0.000458187,53.3682
476.95,-0.000458855,53.3682
477.0,-0.000455215,53.3682
477.05,-0.000463697,53.3681
477.1,-0.000460658,53.3681
477.15,-0.000451909,53.3681
477.2,-0.000456818,53.3681
477.25,-0.000455482,53.368
477.3,-0.000453746,53.368
477.35,-0.000454046,53.368
477.4,-0.0004469,53.368
477.45,-0.000444696,53.368
477.5,-0.000445765,53.3679
477.55,-0.000442659,53.3679
477.6,-0.000453111,53.3679
477.65,-0.000452009,53.3679
477.7,-0.000457085,53.3678
477.75,-0.000445531,53.3678
477.8,-0.000437784,53.3678
477.85,-0.000448136,53.3678
477.9,-0.000448036,53.3678
477.95,-0.000455048,53.3677
478.0,-0.000463463,53.3677
478.05,-0.000461927,53.3677
478.1,-0.000451175,53.3677
478.15,-0.00045792,53.3676
478.2,-0.000457119,53.3676
478.25,-0.00045772,53.3676
478.3,-0.000457018,53.3676
478.35,-0.000467203,53.3676
478.4,-0.000457119,53.3675
478.45,-0.000457853,53.3675
478.5,-0.000466001,53.3675
478.55,-0.00046737,53.3675
478.6,-0.000467771,53.3674
478.65,-0.000466335,53.3674
478.7,-0.0004653,53.3674
478.75,-0.000460258,53.3674
478.8,-0.000460424,53.3673
478.85,-0.000460825,53.3673
478.9,-0.000462896,53.3673
478.95,-0.00045261,53.3673
479.0,-0.000450774,53.3673
479.05,-0.000460358,53.3672
479.1,-0.000456417,53.3672
479.15,-0.000454981,53.3672
479.2,-0.000459122,53.3672
479.25,-0.000453212,53.3671
479.3,-0.000448069,53.3671
479.35,-0.000452544,53.3671
479.4,-0.000452944,53.3671
479.45,-0.000453512,53.3671
479.5,-0.000452911,53.367
479.55,-0.00045064,53.367
479.6,-0.000459857,53.367
479.65,-0.000460157,53.367
479.7,-0.000465701,53.3669
479.75,-0.000459356,53.3669
479.8,-0.000467838,53.3669
479.85,-0.000465467,53.3669
479.9,-0.000468639,53.3668
479.95,-0.00046707,53.3668
480.0,-0.000469507,53.3668
480.05,-0.000473014,53.3668
480.1,-0.000465534,53.3667
480.15,-0.000467137,53.3667
480.2,-0.000465333,53.3667
480.25,-0.000463096,53.3667
480.3,-0.00046136,53.3667
480.35,-0.000458888,53.3666
480.4,-0.000466936,53.3666
480.45,-0.000459055,53.3666
480.5,-0.000462628,53.3666
480.55,-0.000460558,53.3665
480.6,-0.000464565,53.3665
480.65,-0.000473014,53.3665
480.7,-0.000468205,53.3665
480.75,-0.000459089,53.3664
480.8,-0.000464866,53.3664
480.85,-0.000470943,53.3664
480.9,-0.000470042,53.3664
480.95,-0.000471077,53.3664
481.0,-0.000468405,53.3663
481.05,-0.000483432,53.3663
481.1,-0.000485503,53.3663
481.15,-0.000475318,53.3663
481.2,-0.000475017,53.3662
481.25,-0.000478757,53.3662
481.3,-0.00046884,53.3662
481.35,-0.000468305,53.3662
481.4,-0.000464732,53.3661
481.45,-0.000466302,53.3661
481.5,-0.000465701,53.3661
481.55,-0.000471678,53.3661
481.6,-0.000469007,53.366
481.65,-0.00046166,53.366
481.7,-0.000466569,53.366
481.75,-0.000467771,53.366
481.8,-0.00046363,53.366
481.85,-0.000462962,53.3659
481.9,-0.000473247,53.3659
481.95,-0.000468873,53.3659
482.0,-0.000479258,53.3659
482.05,-0.000469207,53.3658
482.1,-0.000465567,53.3658
482.15,-0.000462294,53.3658
482.2,-0.000470275,53.3658
482.25,-0.000462562,53.3657
482.3,-0.000461727,53.3657
482.35,-0.000456384,53.3657
482.4,-0.000455115,53.3657
482.45,-0.000457653,53.3657
482.5,-0.000459156,53.3656
482.55,-0.000453679,53.3656
482.6,-0.000461593,53.3656
482.65,-0.00045625,53.3656
482.7,-0.000462128,53.3655
482.75,-0.000461493,53.3655
482.8,-0.000462461,53.3655
482.85,-0.000460491,53.3655
482.9,-0.000459556,53.3654
482.95,-0.000469674,53.3654
483.0,-0.000467938,53.3654
483.05,-0.00047662,53.3654
483.1,-0.000473481,53.3653
483.15,-0.00046934,53.3653
483.2,-0.000467838,53.3653
483.25,-0.000461293,53.3653
483.3,-0.000457152,53.3653
483.35,-0.000459289,53.3652
483.4,-0.000459323,53.3652
483.45,-0.000454447,53.3652
483.5,-0.000457786,53.3652
483.55,-0.000457987,53.3651
483.6,-0.000453545,53.3651
483.65,-0.000459055,53.3651
483.7,-0.000449338,53.3651
483.75,-0.000455783,53.3651
483.8,-0.00045054,53.365
483.85,-0.000458888,53.365
483.9,-0.000467938,53.365
483.95,-0.000463931,53.365
484.0,-0.000455683,53.3649
484.05,-0.000458855,53.3649
484.1,-0.000456851,53.3649
484.15,-0.000454113,53.3649
484.2,-0.000453679,53.3648
484.25,-0.000451408,53.3648
484.3,-0.000449438,53.3648
484.35,-0.000441424,53.3648
484.4,-0.000440856,53.3648
484.45,-0.000442192,53.3647
484.5,-0.000444062,53.3647
484.55,-0.000438418,53.3647
484.6,-0.000444095,53.3647
484.65,-0.000441824,53.3646
484.7,-0.00044463,53.3646
484.75,-0.000436582,53.3646
484.8,-0.000445999,53.3646
484.85,-0.000450073,53.3646
484.9,-0.000454147,53.3645
484.95,-0.000443194,53.3645
485.0,-0.000457419,53.3645
485.05,-0.000451976,53.3645
485.1,-0.000445431,53.3644
485.15,-0.000447902,53.3644
485.2,-0.000449271,53.3644
485.25,-0.000453345,53.3644
485.3,-0.000450574,53.3644
485.35,-0.000450106,53.3643
485.4,-0.000456117,53.3643
485.45,-0.000451976,53.3643
485.5,-0.000447735,53.3643
485.55,-0.000451542,53.3642
485.6,-0.000443695,53.3642
485.65,-0.000440455,53.3642
485.7,-0.000448336,53.3642
485.75,-0.000449572,53.3642
485.8,-0.000448603,53.3641
485.85,-0.000449739,53.3641
485.9,-0.000445832,53.3641
485.95,-0.000440956,53.3641
486.0,-0.000447334,53.364
486.05,-0.000449071,53.364
486.1,-0.00044887,53.364
486.15,-0.000442926,53.364
486.2,-0.000443828,53.364
486.25,-0.000444596,53.3639
486.3,-0.000434144,53.3639
486.35,-0.000442826,53.3639
486.4,-0.000437049,53.3639
486.45,-0.000436682,53.3638
486.5,-0.000437918,53.3638
486.55,-0.000437751,53.3638
486.6,-0.000441223,53.3638
486.65,-0.000435513,53.3638
486.7,-0.000430003,53.3637
486.75,-0.000432942,53.3637
486.8,-0.000438452,53.3637
486.85,-0.000442192,53.3637
486.9,-0.000437417,53.3636
486.95,-0.000435146,53.3636
487.0,-0.000439153,53.3636
487.05,-0.000438318,53.3636
487.1,-0.00043922,53.3636
487.15,-0.000447101,53.3635
487.2,-0.000450907,53.3635
487.25,-0.000449037,53.3635
487.3,-0.000447167,53.3635
487.35,-0.000448436,53.3634
487.4,-0.000452677,53.3634
487.45,-0.000451943,53.3634
487.5,-0.000444162,53.3634
487.55,-0.000443494,53.3634
487.6,-0.000446433,53.3633
487.65,-0.000445865,53.3633
487.7,-0.00044473,53.3633
487.75,-0.00045044,53.3633
487.8,-0.000442225,53.3632
487.85,-0.000441056,53.3632
487.9,-0.000444463,53.3632
487.95,-0.000449071,53.3632
488.0,-0.000448236,53.3632
488.05,-0.000449839,53.3631
488.1,-0.000446099,53.3631
488.15,-0.00044463,53.3631
488.2,-0.000441891,53.3631
488.25,-0.000439621,53.363
488.3,-0.00045024,53.363
488.35,-0.000457553,53.363
488.4,-0.000443628,53.363
488.45,-0.000446299,53.363
488.5,-0.000449004,53.3629
488.55,-0.00045585,53.3629
488.6,-0.000443227,53.3629
488.65,-0.000448537,53.3629
488.7,-0.000446533,53.3628
488.75,-0.000443427,53.3628
488.8,-0.000440121,53.3628
488.85,-0.000438318,53.3628
488.9,-0.000447,53.3628
488.95,-0.000441724,53.3627
489.0,-0.000453746,53.3627
489.05,-0.00045044,53.3627
489.1,-0.000447702,53.3627
489.15,-0.000447134,53.3626
489.2,-0.000447301,53.3626
489.25,-0.000450006,53.3626
489.3,-0.00044877,53.3626
489.35,-0.000457018,53.3625
489.4,-0.00046146,53.3625
489.45,-0.000456517,53.3625
489.5,-0.000455983,53.3625
489.55,-0.000452777,53.3625
489.6,-0.000457052,53.3624
489.65,-0.000457185,53.3624
489.7,-0.000450206,53.3624
489.75,-0.000456785,53.3624
489.8,-0.000454447,53.3623
489.85,-0.000458287,53.3623
489.9,-0.00045261,53.3623
489.95,-0.000456618,53.3623
490.0,-0.000454447,53.3623
490.05,-0.000453245,53.3622
490.1,-0.000454848,53.3622
490.15,-0.000454113,53.3622
490.2,-0.000454714,53.3622
490.25,-0.000447535,53.3621
490.3,-0.000449371,53.3621
490.35,-0.00045615,53.3621
490.4,-0.000453445,53.3621
490.45,-0.000454447,53.362
490.5,-0.000450273,53.362
490.55,-0.000442926,53.362
490.6,-0.000449271,53.362
490.65,-0.000443928,53.362
490.7,-0.000447234,53.3619
490.75,-0.000447902,53.3619
490.8,-0.000443995,53.3619
490.85,-0.000446399,53.3619
490.9,-0.000451675,53.3619
490.95,-0.000454481,53.3618
491.0,-0.000454547,53.3618
491.05,-0.000447735,53.3618
491.1,-0.000442225,53.3618
491.15,-0.000452811,53.3617
491.2,-0.00045054,53.3617
491.25,-0.000447802,53.3617
491.3,-0.0004469,53.3617
491.35,-0.000445999,53.3616
491.4,-0.000455516,53.3616
491.45,-0.000452043,53.3616
491.5,-0.000441223,53.3616
491.55,-0.000443928,53.3616
491.6,-0.000454948,53.3615
491.65,-0.000455616,53.3615
491.7,-0.00045064,53.3615
491.75,-0.000447969,53.3615
491.8,-0.000452477,53.3614
491.85,-0.00045054,53.3614
491.9,-0.000449004,53.3614
491.95,-0.000444262,53.3614
492.0,-0.00045261,53.3614
492.05,-0.000460591,53.3613
492.1,-0.000457686,53.3613
492.15,-0.000457352,53.3613
492.2,-0.000471645,53.3613
492.25,-0.000462896,53.3612
492.3,-0.000463563,53.3612
492.35,-0.000465367,53.3612
492.4,-0.000464031,53.3612
492.45,-0.000462495,53.3611
492.5,-0.000459924,53.3611
492.55,-0.000464164,53.3611
492.6,-0.000464465,53.3611
492.65,-0.000457987,53.3611
492.7,-0.000462461,53.361
492.75,-0.000468606,53.361
492.8,-0.00046373,53.361
492.85,-0.000463029,53.361
492.9,-0.000463964,53.3609
492.95,-0.000461126,53.3609
493.0,-0.000460324,53.3609
493.05,-0.000463864,53.3609
493.1,-0.00045782,53.3608
493.15,-0.000454581,53.3608
493.2,-0.000455215,53.3608
493.25,-0.000458855,53.3608
493.3,-0.000459556,53.3608
493.35,-0.000463163,53.3607
493.4,-0.000458888,53.3607
493.45,-0.000459656,53.3607
493.5,-0.000456117,53.3607
493.55,-0.000455616,53.3606
493.6,-0.000458187,53.3606
493.65,-0.00045241,53.3606
493.7,-0.000456985,53.3606
493.75,-0.00045792,53.3605
493.8,-0.00045802,53.3605
493.85,-0.000462862,53.3605
493.9,-0.000449572,53.3605
493.95,-0.000446032,53.3605
494.0,-0.000457052,53.3604
494.05,-0.000458287,53.3604
494.1,-0.000456551,53.3604
494.15,-0.000449805,53.3604
494.2,-0.000458788,53.3603
494.25,-0.000463864,53.3603
494.3,-0.000462194,53.3603
494.35,-0.000452978,53.3603
494.4,-0.000451375,53.3603
494.45,-0.000457185,53.3602
494.5,-0.000454113,53.3602
494.55,-0.000462027,53.3602
494.6,-0.000459757,53.3602
494.65,-0.000455516,53.3601
494.7,-0.000458354,53.3601
494.75,-0.00046333,53.3601
494.8,-0.00045959,53.3601
494.85,-0.000468606,53.36
494.9,-0.000460758,53.36
494.95,-0.000458354,53.36
495.0,-0.000467537,53.36
495.05,-0.000468472,53.36
495.1,-0.000469407,53.3599
495.15,-0.000456651,53.3599
495.2,-0.00046363,53.3599
495.25,-0.000463697,53.3599
495.3,-0.000462361,53.3598
495.35,-0.00046333,53.3598
495.4,-0.000458187,53.3598
495.45,-0.000445832,53.3598
495.5,-0.000457553,53.3597
495.55,-0.000458254,53.3597
495.6,-0.000458521,53.3597
495.65,-0.000460658,53.3597
495.7,-0.000459656,53.3597
495.75,-0.000460391,53.3596
495.8,-0.000460091,53.3596
495.85,-0.00045999,53.3596
495.9,-0.00046353,53.3596
495.95,-0.000457586,53.3595
496.0,-0.000460124,53.3595
496.05,-0.000459489,53.3595
496.1,-0.00045772,53.3595
496.15,-0.000454981,53.3594
496.2,-0.000454647,53.3594
496.25,-0.000458788,53.3594
496.3,-0.000463363,53.3594
496.35,-0.000454714,53.3594
496.4,-0.000454915,53.3593
496.45,-0.00045241,53.3593
496.5,-0.000449906,53.3593
496.55,-0.000451408,53.3593
496.6,-0.000448336,53.3592
496.65,-0.000453479,53.3592
496.7,-0.000453512,53.3592
496.75,-0.000457486,53.3592
496.8,-0.000462862,53.3591
496.85,-0.000460992,53.3591
496.9,-0.00046717,53.3591
496.95,-0.000461092,53.3591
497.0,-0.000453946,53.3591
497.05,-0.000460525,53.359
497.1,-0.000458321,53.359
497.15,-0.000454614,53.359
497.2,-0.000453212,53.359
497.25,-0.000453378,53.3589
497.3,-0.000460258,53.3589
497.35,-0.000455182,53.3589
497.4,-0.000441858,53.3589
497.45,-0.000443828,53.3589
497.5,-0.000456651,53.3588
497.55,-0.000450941,53.3588
497.6,-0.000457753,53.3588
497.65,-0.000464899,53.3588
497.7,-0.000467303,53.3587
497.75,-0.000470609,53.3587
497.8,-0.000468105,53.3587
497.85,-0.000464498,53.3587
497.9,-0.000464265,53.3586
497.95,-0.000458688,53.3586
498.0,-0.000461693,53.3586
498.05,-0.000456684,53.3586
498.1,-0.00045221,53.3586
498.15,-0.000460992,53.3585
498.2,-0.000457686,53.3585
498.25,-0.000462795,53.3585
498.3,-0.000458788,53.3585
498.35,-0.000460057,53.3584
498.4,-0.000459089,53.3584
498.45,-0.000460191,53.3584
498.5,-0.000462929,53.3584
498.55,-0.000458989,53.3583
498.6,-0.000451509,53.3583
498.65,-0.000453145,53.3583
498.7,-0.000447334,53.3583
498.75,-0.000453679,53.3583
498.8,-0.000449037,53.3582
498.85,-0.000449906,53.3582
498.9,-0.000456451,53.3582
498.95,-0.000449705,53.3582
499.0,-0.000442459,53.3581
499.05,-0.000456451,53.3581
499.1,-0.000458321,53.3581
499.15,-0.000454147,53.3581
499.2,-0.000453813,53.3581
499.25,-0.000463196,53.358
499.3,-0.00046166,53.358
499.35,-0.000456885,53.358
499.4,-0.00044847,53.358
499.45,-0.000452944,53.3579
499.5,-0.000446934,53.3579
499.55,-0.000452577,53.3579
499.6,-0.000448303,53.3579
499.65,-0.000460157,53.3578
499.7,-0.000453345,53.3578
499.75,-0.000456517,53.3578
499.8,-0.000452577,53.3578
499.85,-0.000450941,53.3578
499.9,-0.000450407,53.3577
499.95,-0.000455883,53.3577
500.0,-0.000459957,53.3577
500.05,-0.000455048,53.3577
500.1,-0.000462595,53.3576
500.15,-0.000453378,53.3576
500.2,-0.000447768,53.3576
500.25,-0.000456351,53.3576
500.3,-0.000452878,53.3576
500.35,-0.000458922,53.3575
500.4,-0.000459389,53.3575
500.45,-0.000459857,53.3575
500.5,-0.000460491,53.3575
500.55,-0.00046186,53.3574
500.6,-0.000459723,53.3574
500.65,-0.000458387,53.3574
500.7,-0.000458688,53.3574
500.75,-0.000455716,53.3573
500.8,-0.00045585,53.3573
500.85,-0.000458588,53.3573
500.9,-0.000451842,53.3573
500.95,-0.000456117,53.3573
501.0,-0.000462261,53.3572
501.05,-0.00045812,53.3572
501.1,-0.000462128,53.3572
501.15,-0.000452043,53.3572
501.2,-0.000454647,53.3571
501.25,-0.000451375,53.3571
501.3,-0.000458154,53.3571
501.35,-0.000450473,53.3571
501.4,-0.000458989,53.3571
501.45,-0.000458488,53.357
501.5,-0.000458087,53.357
501.55,-0.000463129,53.357
501.6,-0.000464732,53.357
501.65,-0.00046727,53.3569
501.7,-0.000466602,53.3569
501.75,-0.000471845,53.3569
501.8,-0.000462662,53.3569
501.85,-0.000469608,53.3568
501.9,-0.000470776,53.3568
501.95,-0.000457753,53.3568
502.0,-0.000453946,53.3568
502.05,-0.00046156,53.3568
502.1,-0.000453445,53.3567
502.15,-0.000455883,53.3567
502.2,-0.00045408,53.3567
502.25,-0.000464331,53.3567
502.3,-0.000470676,53.3566
502.35,-0.000471611,53.3566
502.4,-0.000472346,53.3566
502.45,-0.000457586,53.3566
502.5,-0.000463563,53.3565
502.55,-0.000458521,53.3565
502.6,-0.00045398,53.3565
502.65,-0.000457553,53.3565
502.7,-0.000452911,53.3564
502.75,-0.000454781,53.3564
502.8,-0.000460224,53.3564
502.85,-0.000456083,53.3564
502.9,-0.000450907,53.3564
502.95,-0.000450139,53.3563
503.0,-0.000457853,53.3563
503.05,-0.000460859,53.3563
503.1,-0.000466001,53.3563
503.15,-0.000470877,53.3562
503.2,-0.000461026,53.3562
503.25,-0.000458655,53.3562
503.3,-0.000466035,53.3562
503.35,-0.000449638,53.3562
503.4,-0.000455315,53.3561
503.45,-0.000456785,53.3561
503.5,-0.000462094,53.3561
503.55,-0.000461193,53.3561
503.6,-0.000458655,53.356
503.65,-0.000461426,53.356
503.7,-0.000464866,53.356
503.75,-0.00046146,53.356
503.8,-0.000468873,53.3559
503.85,-0.00045802,53.3559
503.9,-0.000455416,53.3559
503.95,-0.000456651,53.3559
504.0,-0.000456451,53.3559
504.05,-0.000463163,53.3558
504.1,-0.000449538,53.3558
504.15,-0.000452243,53.3558
504.2,-0.000454748,53.3558
504.25,-0.000462695,53.3557
504.3,-0.000453212,53.3557
504.35,-0.000459456,53.3557
504.4,-0.000448804,53.3557
504.45,-0.000455983,53.3556
504.5,-0.000446065,53.3556
504.55,-0.000453345,53.3556
504.6,-0.000453913,53.3556
504.65,-0.000461593,53.3556
504.7,-0.000458254,53.3555
504.75,-0.000451575,53.3555
504.8,-0.000460291,53.3555
504.85,-0.000461326,53.3555
504.9,-0.000465367,53.3554
504.95,-0.00047091,53.3554
505.0,-0.000460391,53.3554
505.05,-0.000459823,53.3554
505.1,-0.000456451,53.3554
505.15,-0.000457286,53.3553
505.2,-0.000461326,53.3553
505.25,-0.000469674,53.3553
505.3,-0.000455449,53.3553
505.35,-0.000455916,53.3552
505.4,-0.000459222,53.3552
505.45,-0.000460925,53.3552
505.5,-0.000451809,53.3552
505.55,-0.000453545,53.3551
505.6,-0.000458387,53.3551
505.65,-0.000446466,53.3551
505.7,-0.000443895,53.3551
505.75,-0.000438418,53.3551
505.8,-0.000440455,53.355
505.85,-0.000446633,53.355
505.9,-0.000448403,53.355
505.95,-0.000443661,53.355
506.0,-0.000446967,53.3549
506.05,-0.000447268,53.3549
506.1,-0.00044296,53.3549
506.15,-0.000447034,53.3549
506.2,-0.000445798,53.3549
506.25,-0.000444897,53.3548
506.3,-0.000446433,53.3548
506.35,-0.000445865,53.3548
506.4,-0.000446867,53.3548
506.45,-0.000440088,53.3547
506.5,-0.000444797,53.3547
506.55,-0.000453178,53.3547
506.6,-0.000454814,53.3547
506.65,-0.000457185,53.3547
506.7,-0.000458054,53.3546
506.75,-0.000456217,53.3546
506.8,-0.000456551,53.3546
506.85,-0.000460024,53.3546
506.9,-0.000455582,53.3545
506.95,-0.000450373,53.3545
507.0,-0.000458955,53.3545
507.05,-0.000459389,53.3545
507.1,-0.000450407,53.3544
507.15,-0.000450407,53.3544
507.2,-0.000443528,53.3544
507.25,-0.00045044,53.3544
507.3,-0.0004465,53.3544
507.35,-0.000446299,53.3543
507.4,-0.00044473,53.3543
507.45,-0.000449338,53.3543
507.5,-0.000448937,53.3543
507.55,-0.000453245,53.3542
507.6,-0.000459857,53.3542
507.65,-0.00044286,53.3542
507.7,-0.000449271,53.3542
507.75,-0.000447969,53.3542
507.8,-0.000442459,53.3541
507.85,-0.000445164,53.3541
507.9,-0.000454447,53.3541
507.95,-0.000455282,53.3541
508.0,-0.000457152,53.354
508.05,-0.000455616,53.354
508.1,-0.000458454,53.354
508.15,-0.000457686,53.354
508.2,-0.000463864,53.354
508.25,-0.000462194,53.3539
508.3,-0.000460091,53.3539
508.35,-0.000456184,53.3539
508.4,-0.000453612,53.3539
508.45,-0.000453479,53.3538
508.5,-0.000454347,53.3538
508.55,-0.000453445,53.3538
508.6,-0.000456818,53.3538
508.65,-0.000459423,53.3537
508.7,-0.000458454,53.3537
508.75,-0.000451742,53.3537
508.8,-0.000460758,53.3537
508.85,-0.000454147,53.3537
508.9,-0.000462729,53.3536
508.95,-0.000454481,53.3536
509.0,-0.000451976,53.3536
509.05,-0.0004468,53.3536
509.1,-0.000453913,53.3535
509.15,-0.000457619,53.3535
509.2,-0.000466903,53.3535
509.25,-0.000465166,53.3535
509.3,-0.000462662,53.3534
509.35,-0.000467404,53.3534
509.4,-0.000457252,53.3534
509.45,-0.000452176,53.3534
509.5,-0.000458655,53.3534
509.55,-0.000453245,53.3533
509.6,-0.000452911,53.3533
509.65,-0.00045418,53.3533
509.7,-0.000460124,53.3533
509.75,-0.000467404,53.3532
509.8,-0.000464498,53.3532
509.85,-0.000462228,53.3532
509.9,-0.000460925,53.3532
509.95,-0.00046717,53.3531
510.0,-0.000458621,53.3531
510.05,-0.000465901,53.3531
510.1,-0.000457018,53.3531
510.15,-0.000458087,53.3531
510.2,-0.00046717,53.353
510.25,-0.000464632,53.353
510.3,-0.000470643,53.353
510.35,-0.000470843,53.353
510.4,-0.000468305,53.3529
510.45,-0.000466035,53.3529
510.5,-0.000460658,53.3529
510.55,-0.000464164,53.3529
510.6,-0.000463563,53.3528
510.65,-0.000460391,53.3528
510.7,-0.000467637,53.3528
510.75,-0.000470643,53.3528
510.8,-0.000466903,53.3528
510.85,-0.000468071,53.3527
510.9,-0.00046353,53.3527
510.95,-0.000462061,53.3527
511.0,-0.000457953,53.3527
511.05,-0.00045979,53.3526
511.1,-0.000455048,53.3526
511.15,-0.00046136,53.3526
511.2,-0.000455883,53.3526
511.25,-0.000463998,53.3525
511.3,-0.000455516,53.3525
511.35,-0.00045418,53.3525
511.4,-0.000456584,53.3525
511.45,-0.000459289,53.3525
511.5,-0.000458788,53.3524
511.55,-0.000463463,53.3524
511.6,-0.000455249,53.3524
511.65,-0.00044887,53.3524
511.7,-0.000466335,53.3523
511.75,-0.000458054,53.3523
511.8,-0.000452878,53.3523
511.85,-0.000447935,53.3523
511.9,-0.000456885,53.3522
511.95,-0.000458387,53.3522
512.0,-0.000466435,53.3522
512.05,-0.000460892,53.3522
512.1,-0.000457753,53.3522
512.15,-0.000464432,53.3521
512.2,-0.000461727,53.3521
512.25,-0.000456985,53.3521
512.3,-0.000458822,53.3521
512.35,-0.000456317,53.352
512.4,-0.000452878,53.352
512.45,-0.000462628,53.352
512.5,-0.000467303,53.352
512.55,-0.000462962,53.352
512.6,-0.000462528,53.3519
512.65,-0.000456851,53.3519
512.7,-0.000448503,53.3519
512.75,-0.000458888,53.3519
512.8,-0.000454247,53.3518
512.85,-0.000454481,53.3518
512.9,-0.000457252,53.3518
512.95,-0.000459623,53.3518
513.0,-0.000456818,53.3517
513.05,-0.000462628,53.3517
513.1,-0.000460625,53.3517
513.15,-0.000460692,53.3517
513.2,-0.000459957,53.3517
513.25,-0.000462829,53.3516
513.3,-0.000456818,53.3516
513.35,-0.000452143,53.3516
513.4,-0.00045792,53.3516
513.45,-0.000458154,53.3515
513.5,-0.000449204,53.3515
513.55,-0.000454213,53.3515
513.6,-0.000453312,53.3515
513.65,-0.000448069,53.3514
513.7,-0.00045044,53.3514
513.75,-0.000455916,53.3514
513.8,-0.000458588,53.3514
513.85,-0.000454647,53.3514
513.9,-0.000450173,53.3513
513.95,-0.000441357,53.3513
514.0,-0.000452176,53.3513
514.05,-0.00044473,53.3513
514.1,-0.000454614,53.3512
514.15,-0.000454848,53.3512
514.2,-0.000455716,53.3512
514.25,-0.000461393,53.3512
514.3,-0.00045428,53.3512
514.35,-0.000449805,53.3511
514.4,-0.000460157,53.3511
514.45,-0.000461059,53.3511
514.5,-0.00046343,53.3511
514.55,-0.000462261,53.351
514.6,-0.00045979,53.351
514.65,-0.000454213,53.351
514.7,-0.000456885,53.351
514.75,-0.000460658,53.3509
514.8,-0.000466469,53.3509
514.85,-0.000456517,53.3509
514.9,-0.000457152,53.3509
514.95,-0.000445464,53.3509
515.0,-0.000453178,53.3508
515.05,-0.000449705,53.3508
515.1,-0.000450206,53.3508
515.15,-0.000456818,53.3508
515.2,-0.000447067,53.3507
515.25,-0.000444229,53.3507
515.3,-0.000447702,53.3507
515.35,-0.000456985,53.3507
515.4,-0.000457753,53.3507
515.45,-0.000455582,53.3506
515.5,-0.000449939,53.3506
515.55,-0.000459623,53.3506
515.6,-0.000451241,53.3506
515.65,-0.000462261,53.3505
515.7,-0.000463697,53.3505
515.75,-0.000459089,53.3505
515.8,-0.000452544,53.3505
515.85,-0.000464999,53.3504
515.9,-0.000469641,53.3504
515.95,-0.000467237,53.3504
516.0,-0.000470242,53.3504
516.05,-0.000465868,53.3504
516.1,-0.000460558,53.3503
516.15,-0.000461526,53.3503
516.2,-0.000467437,53.3503
516.25,-0.000463096,53.3503
516.3,-0.000465333,53.3502
516.35,-0.000461259,53.3502
516.4,-0.00046727,53.3502
516.45,-0.000473949,53.3502
516.5,-0.000464432,53.3501
516.55,-0.00046717,53.3501
516.6,-0.000467003,53.3501
516.65,-0.000469674,53.3501
516.7,-0.000470442,53.3501
516.75,-0.000469808,53.35
516.8,-0.000464899,53.35
516.85,-0.000469875,53.35
516.9,-0.000467804,53.35
516.95,-0.000471611,53.3499
517.0,-0.000462461,53.3499
517.05,-0.000464999,53.3499
517.1,-0.000469307,53.3499
517.15,-0.000475284,53.3498
517.2,-0.000473748,53.3498
517.25,-0.000467738,53.3498
517.3,-0.000472413,53.3498
517.35,-0.000477789,53.3497
517.4,-0.000466302,53.3497
517.45,-0.000470643,53.3497
517.5,-0.000469775,53.3497
517.55,-0.000474917,53.3497
517.6,-0.000465534,53.3496
517.65,-0.000475051,53.3496
517.7,-0.000471177,53.3496
517.75,-0.00047298,53.3496
517.8,-0.000463664,53.3495
517.85,-0.000465701,53.3495
517.9,-0.000469173,53.3495
517.95,-0.000464565,53.3495
518.0,-0.000462094,53.3494
518.05,-0.000453378,53.3494
518.1,-0.000456184,53.3494
518.15,-0.000457219,53.3494
518.2,-0.000470209,53.3493
518.25,-0.000458989,53.3493
518.3,-0.00045959,53.3493
518.35,-0.000457686,53.3493
518.4,-0.00046176,53.3493
518.45,-0.000452677,53.3492
518.5,-0.000462328,53.3492
518.55,-0.000454915,53.3492
518.6,-0.000450039,53.3492
518.65,-0.000452243,53.3491
518.7,-0.000457352,53.3491
518.75,-0.000443194,53.3491
518.8,-0.000449271,53.3491
518.85,-0.000449839,53.3491
518.9,-0.000447902,53.349
518.95,-0.000449739,53.349
519.0,-0.000460157,53.349
519.05,-0.00046894,53.349
519.1,-0.000465934,53.3489
519.15,-0.00045969,53.3489
519.2,-0.000465701,53.3489
519.25,-0.000458187,53.3489
519.3,-0.000451308,53.3488
519.35,-0.0004654,53.3488
519.4,-0.00046727,53.3488
519.45,-0.00046707,53.3488
519.5,-0.000464365,53.3488
519.55,-0.000459656,53.3487
519.6,-0.000458655,53.3487
519.65,-0.0004654,53.3487
519.7,-0.000449906,53.3487
519.75,-0.000458387,53.3486
519.8,-0.000455382,53.3486
519.85,-0.000456651,53.3486
519.9,-0.000456818,53.3486
519.95,-0.000450407,53.3485
520.0,-0.000471044,53.3485
520.05,-0.000463697,53.3485
520.1,-0.000466569,53.3485
520.15,-0.000465934,53.3485
520.2,-0.00047268,53.3484
520.25,-0.000459122,53.3484
520.3,-0.000450039,53.3484
520.35,-0.000454848,53.3484
520.4,-0.000459122,53.3483
520.45,-0.000460358,53.3483
520.5,-0.000464198,53.3483
520.55,-0.000466402,53.3483
520.6,-0.000451375,53.3482
520.65,-0.000450574,53.3482
520.7,-0.000459356,53.3482
520.75,-0.000454314,53.3482
520.8,-0.000462595,53.3482
520.85,-0.000461092,53.3481
520.9,-0.000468572,53.3481
520.95,-0.000460124,53.3481
521.0,-0.000458254,53.3481
521.05,-0.000460959,53.348
521.1,-0.000455115,53.348
521.15,-0.000453913,53.348
521.2,-0.000460324,53.348
521.25,-0.000464599,53.3479
521.3,-0.000451575,53.3479
521.35,-0.000453479,53.3479
521.4,-0.000468906,53.3479
521.45,-0.000449839,53.3479
521.5,-0.000457887,53.3478
521.55,-0.000458087,53.3478
521.6,-0.000457553,53.3478
521.65,-0.000462194,53.3478
521.7,-0.00046166,53.3477
521.75,-0.000463797,53.3477
521.8,-0.000457786,53.3477
521.85,-0.00045959,53.3477
521.9,-0.00045054,53.3477
521.95,-0.000447,53.3476
522.0,-0.000451742,53.3476
522.05,-0.000456484,53.3476
522.1,-0.000458621,53.3476
522.15,-0.000458488,53.3475
522.2,-0.000462729,53.3475
522.25,-0.000461994,53.3475
522.3,-0.000460758,53.3475
522.35,-0.000458354,53.3474
522.4,-0.000461693,53.3474
522.45,-0.000464498,53.3474
522.5,-0.000467771,53.3474
522.55,-0.000471344,53.3474
522.6,-0.000461827,53.3473
522.65,-0.000461326,53.3473
522.7,-0.00046363,53.3473
522.75,-0.000461894,53.3473
522.8,-0.0004653,53.3472
522.85,-0.000462428,53.3472
522.9,-0.000464665,53.3472
522.95,-0.00045782,53.3472
523.0,-0.000457887,53.3471
523.05,-0.000460424,53.3471
523.1,-0.000467237,53.3471
523.15,-0.000466135,53.3471
523.2,-0.000462461,53.3471
523.25,-0.00045398,53.347
523.3,-0.000453646,53.347
523.35,-0.000447635,53.347
523.4,-0.000441491,53.347
523.45,-0.000451943,53.3469
523.5,-0.000451776,53.3469
523.55,-0.000448269,53.3469
523.6,-0.000453879,53.3469
523.65,-0.000452944,53.3469
523.7,-0.000459456,53.3468
523.75,-0.000460391,53.3468
523.8,-0.000455749,53.3468
523.85,-0.000454514,53.3468
523.9,-0.000451141,53.3467
523.95,-0.000452878,53.3467
524.0,-0.000452944,53.3467
524.05,-0.000456618,53.3467
524.1,-0.000448537,53.3466
524.15,-0.000453111,53.3466
524.2,-0.000445531,53.3466
524.25,-0.00044857,53.3466
524.3,-0.000438519,53.3466
524.35,-0.000446266,53.3465
524.4,-0.000443728,53.3465
524.45,-0.00043538,53.3465
524.5,-0.000444663,53.3465
524.55,-0.0004468,53.3464
524.6,-0.000444529,53.3464
524.65,-0.000446466,53.3464
524.7,-0.000456284,53.3464
524.75,-0.000455516,53.3464
524.8,-0.000458855,53.3463
524.85,-0.000453846,53.3463
524.9,-0.00045782,53.3463
524.95,-0.000460725,53.3463
525.0,-0.000467537,53.3462
525.05,-0.000463764,53.3462
525.1,-0.000466636,53.3462
525.15,-0.000461794,53.3462
525.2,-0.000459356,53.3461
525.25,-0.000462996,53.3461
525.3,-0.000456785,53.3461
525.35,-0.000457286,53.3461
525.4,-0.000450607,53.3461
525.45,-0.000452444,53.346
525.5,-0.000448603,53.346
525.55,-0.000454681,53.346
525.6,-0.000455115,53.346
525.65,-0.000445498,53.3459
525.7,-0.000457018,53.3459
525.75,-0.000465934,53.3459
525.8,-0.000462562,53.3459
525.85,-0.000459924,53.3459
525.9,-0.000458154,53.3458
525.95,-0.000457152,53.3458
526.0,-0.000457052,53.3458
526.05,-0.000459556,53.3458
526.1,-0.000459323,53.3457
526.15,-0.000461226,53.3457
526.2,-0.000457953,53.3457
526.25,-0.00045241,53.3457
526.3,-0.000460024,53.3456
526.35,-0.000465033,53.3456
526.4,-0.000463196,53.3456
526.45,-0.000467437,53.3456
526.5,-0.000466135,53.3456
526.55,-0.000467738,53.3455
526.6,-0.000475752,53.3455
526.65,-0.000481963,53.3455
526.7,-0.000476186,53.3455
526.75,-0.000471444,53.3454
526.8,-0.000468706,53.3454
526.85,-0.000467971,53.3454
526.9,-0.000469808,53.3454
526.95,-0.00046934,53.3453
527.0,-0.000458755,53.3453
527.05,-0.000468739,53.3453
527.1,-0.000466803,53.3453
527.15,-0.000468706,53.3452
527.2,-0.000466035,53.3452
527.25,-0.00046166,53.3452
527.3,-0.000473849,53.3452
527.35,-0.000466135,53.3452
527.4,-0.00046146,53.3451
527.45,-0.000471611,53.3451
527.5,-0.000451308,53.3451
527.55,-0.00045261,53.3451
527.6,-0.000450473,53.345
527.65,-0.000456551,53.345
527.7,-0.000464064,53.345
527.75,-0.000469942,53.345
527.8,-0.000458822,53.3449
527.85,-0.000467303,53.3449
527.9,-0.000466001,53.3449
527.95,-0.000467137,53.3449
528.0,-0.000469407,53.3449
528.05,-0.000467905,53.3448
528.1,-0.000461159,53.3448
528.15,-0.000461894,53.3448
528.2,-0.000452444,53.3448
528.25,-0.000446767,53.3447
528.3,-0.000451275,53.3447
528.35,-0.000451675,53.3447
528.4,-0.000456083,53.3447
528.45,-0.00044847,53.3446
528.5,-0.000452644,53.3446
528.55,-0.000455449,53.3446
528.6,-0.000453646,53.3446
528.65,-0.000449906,53.3446
528.7,-0.000454414,53.3445
528.75,-0.000453011,53.3445
528.8,-0.000440689,53.3445
528.85,-0.000455582,53.3445
528.9,-0.000446399,53.3444
528.95,-0.000454881,53.3444
529.0,-0.000454981,53.3444
529.05,-0.00044877,53.3444
529.1,-0.000453779,53.3444
529.15,-0.000459423,53.3443
529.2,-0.000455249,53.3443
529.25,-0.000454213,53.3443
529.3,-0.00045044,53.3443
529.35,-0.000451943,53.3442
529.4,-0.000457386,53.3442
529.45,-0.000453813,53.3442
529.5,-0.000452477,53.3442
529.55,-0.000448136,53.3442
529.6,-0.0004467,53.3441
529.65,-0.000450473,53.3441
529.7,-0.000454447,53.3441
529.75,-0.000462528,53.3441
529.8,-0.000462194,53.344
529.85,-0.000456284,53.344
529.9,-0.000455082,53.344
529.95,-0.000460992,53.344
530.0,-0.000457653,53.3439
530.05,-0.000464131,53.3439
530.1,-0.000466101,53.3439
530.15,-0.000463931,53.3439
530.2,-0.000466201,53.3438
530.25,-0.000471478,53.3438
530.3,-0.000474817,53.3438
530.35,-0.000463129,53.3438
530.4,-0.000463563,53.3438
530.45,-0.000461426,53.3437
530.5,-0.00046737,53.3437
530.55,-0.00047298,53.3437
530.6,-0.000480661,53.3437
530.65,-0.000470743,53.3436
530.7,-0.000472913,53.3436
530.75,-0.000476386,53.3436
530.8,-0.000480928,53.3436
530.85,-0.000475084,53.3435
530.9,-0.000475084,53.3435
530.95,-0.000475952,53.3435
531.0,-0.000468071,53.3435
531.05,-0.000476453,53.3434
531.1,-0.000468405,53.3434
531.15,-0.000471244,53.3434
531.2,-0.000469541,53.3434
531.25,-0.000469942,53.3434
531.3,-0.000467504,53.3433
531.35,-0.000473481,53.3433
531.4,-0.000475485,53.3433
531.45,-0.000473348,53.3433
531.5,-0.000474015,53.3432
531.55,-0.000476286,53.3432
531.6,-0.000473014,53.3432
531.65,-0.000467637,53.3432
531.7,-0.000467804,53.3431
531.75,-0.000463263,53.3431
531.8,-0.000456551,53.3431
531.85,-0.000461026,53.3431
531.9,-0.000459055,53.3431
531.95,-0.000464131,53.343
532.0,-0.000457152,53.343
532.05,-0.000452577,53.343
532.1,-0.000453479,53.343
532.15,-0.000447234,53.3429
532.2,-0.000456083,53.3429
532.25,-0.000456584,53.3429
532.3,-0.000459656,53.3429
532.35,-0.000459189,53.3428
532.4,-0.000453579,53.3428
532.45,-0.000456484,53.3428
532.5,-0.000459723,53.3428
532.55,-0.00046146,53.3428
532.6,-0.000466502,53.3427
532.65,-0.000460224,53.3427
532.7,-0.00046166,53.3427
532.75,-0.000456351,53.3427
532.8,-0.000457753,53.3426
532.85,-0.000454447,53.3426
532.9,-0.000461961,53.3426
532.95,-0.000459022,53.3426
533.0,-0.000461794,53.3425
533.05,-0.000457219,53.3425
533.1,-0.000457219,53.3425
533.15,-0.000457853,53.3425
533.2,-0.000456451,53.3425
533.25,-0.000452143,53.3424
533.3,-0.000449572,53.3424
533.35,-0.000453846,53.3424
533.4,-0.000458922,53.3424
533.45,-0.000462128,53.3423
533.5,-0.000467571,53.3423
533.55,-0.000468238,53.3423
533.6,-0.0004651,53.3423
533.65,-0.0004653,53.3422
533.7,-0.000466535,53.3422
533.75,-0.000469007,53.3422
533.8,-0.000464999,53.3422
533.85,-0.000471578,53.3422
533.9,-0.000466268,53.3421
533.95,-0.000458488,53.3421
534.0,-0.000466001,53.3421
534.05,-0.000462795,53.3421
534.1,-0.000460658,53.342
534.15,-0.000461894,53.342
534.2,-0.000473581,53.342
534.25,-0.000471611,53.342
534.3,-0.000478089,53.3419
534.35,-0.000470075,53.3419
534.4,-0.000467036,53.3419
534.45,-0.000467704,53.3419
534.5,-0.000465333,53.3419
534.55,-0.000462128,53.3418
534.6,-0.000466001,53.3418
534.65,-0.000468506,53.3418
534.7,-0.0004654,53.3418
534.75,-0.000462996,53.3417
534.8,-0.000463296,53.3417
534.85,-0.000470409,53.3417
534.9,-0.000459857,53.3417
534.95,-0.000462328,53.3416
535.0,-0.000470877,53.3416
535.05,-0.0004651,53.3416
535.1,-0.000453345,53.3416
535.15,-0.000451241,53.3415
535.2,-0.000461259,53.3415
535.25,-0.000462595,53.3415
535.3,-0.000471544,53.3415
535.35,-0.000464031,53.3415
535.4,-0.000468739,53.3414
535.45,-0.0004652,53.3414
535.5,-0.000463129,53.3414
535.55,-0.000467337,53.3414
535.6,-0.000463964,53.3413
535.65,-0.000469507,53.3413
535.7,-0.000469407,53.3413
535.75,-0.000474884,53.3413
535.8,-0.000471778,53.3412
535.85,-0.000473815,53.3412
535.9,-0.000475952,53.3412
535.95,-0.000468472,53.3412
536.0,-0.000472045,53.3412
536.05,-0.000475084,53.3411
536.1,-0.000478423,53.3411
536.15,-0.000465166,53.3411
536.2,-0.000469608,53.3411
536.25,-0.000462461,53.341
536.3,-0.000472913,53.341
536.35,-0.000473414,53.341
536.4,-0.000476787,53.341
536.45,-0.000480594,53.3409
536.5,-0.000476086,53.3409
536.55,-0.000464699,53.3409
536.6,-0.000465033,53.3409
536.65,-0.000456818,53.3408
536.7,-0.000461226,53.3408
536.75,-0.000472847,53.3408
536.8,-0.000474984,53.3408
536.85,-0.000470943,53.3408
536.9,-0.000469775,53.3407
536.95,-0.000474082,53.3407
537.0,-0.000476987,53.3407
537.05,-0.000474249,53.3407
537.1,-0.000469908,53.3406
537.15,-0.000471845,53.3406
537.2,-0.000473181,53.3406
537.25,-0.000472847,53.3406
537.3,-0.000475952,53.3405
537.35,-0.000469541,53.3405
537.4,-0.000472747,53.3405
537.45,-0.000482631,53.3405
537.5,-0.000471544,53.3404
537.55,-0.00047445,53.3404
537.6,-0.000470743,53.3404
537.65,-0.000470609,53.3404
537.7,-0.000461593,53.3404
537.75,-0.000465367,53.3403
537.8,-0.000463563,53.3403
537.85,-0.000468305,53.3403
537.9,-0.000473014,53.3403
537.95,-0.00047672,53.3402
538.0,-0.00047081,53.3402
538.05,-0.000479058,53.3402
538.1,-0.00047298,53.3402
538.15,-0.000476186,53.3401
538.2,-0.000484701,53.3401
538.25,-0.000479325,53.3401
538.3,-0.000477255,53.3401
538.35,-0.000475351,53.34
538.4,-0.000469875,53.34
538.45,-0.00047091,53.34
538.5,-0.000469841,53.34
538.55,-0.000473214,53.34
538.6,-0.000484568,53.3399
538.65,-0.000474249,53.3399
538.7,-0.000468673,53.3399
538.75,-0.000467637,53.3399
538.8,-0.000468439,53.3398
538.85,-0.000476353,53.3398
538.9,-0.000466302,53.3398
538.95,-0.00047308,53.3398
539.0,-0.000470643,53.3397
539.05,-0.000464465,53.3397
539.1,-0.000470309,53.3397
539.15,-0.000483165,53.3397
539.2,-0.000480193,53.3396
539.25,-0.00048203,53.3396
539.3,-0.000480594,53.3396
539.35,-0.000486571,53.3396
539.4,-0.000482731,53.3395
539.45,-0.000482698,53.3395
539.5,-0.000482865,53.3395
539.55,-0.000485069,53.3395
539.6,-0.000484534,53.3394
539.65,-0.000488775,53.3394
539.7,-0.000475919,53.3394
539.75,-0.000470476,53.3394
539.8,-0.000478657,53.3394
539.85,-0.000478357,53.3393
539.9,-0.000479258,53.3393
539.95,-0.000484167,53.3393
540.0,-0.000479525,53.3393
540.05,-0.000480995,53.3392
540.1,-0.000476987,53.3392
540.15,-0.000478023,53.3392
540.2,-0.000480026,53.3392
540.25,-0.000479325,53.3391
540.3,-0.000464899,53.3391
540.35,-0.000474516,53.3391
540.4,-0.000476754,53.3391
540.45,-0.000474216,53.339
540.5,-0.00047455,53.339
540.55,-0.000467437,53.339
540.6,-0.000478123,53.339
540.65,-0.00047101,53.3389
540.7,-0.00047111,53.3389
540.75,-0.000479358,53.3389
540.8,-0.000478423,53.3389
540.85,-0.00047495,53.3389
540.9,-0.000472913,53.3388
540.95,-0.000463797,53.3388
541.0,-0.000467671,53.3388
541.05,-0.000472613,53.3388
541.1,-0.000477154,53.3387
541.15,-0.000475618,53.3387
541.2,-0.000468506,53.3387
541.25,-0.000473982,53.3387
541.3,-0.000475251,53.3386
541.35,-0.000474583,53.3386
541.4,-0.000478323,53.3386
541.45,-0.000471778,53.3386
541.5,-0.000469441,53.3385
541.55,-0.000466903,53.3385
541.6,-0.000462395,53.3385
541.65,-0.0004655,53.3385
541.7,-0.000466368,53.3385
541.75,-0.000468906,53.3384
541.8,-0.000466702,53.3384
541.85,-0.000464632,53.3384
541.9,-0.000461326,53.3384
541.95,-0.000458488,53.3383
542.0,-0.000460925,53.3383
542.05,-0.000456117,53.3383
542.1,-0.000457352,53.3383
542.15,-0.000460658,53.3382
542.2,-0.000458287,53.3382
542.25,-0.000462128,53.3382
542.3,-0.000457185,53.3382
542.35,-0.000465133,53.3382
542.4,-0.000459489,53.3381
542.45,-0.000463229,53.3381
542.5,-0.000455683,53.3381
542.55,-0.000464866,53.3381
542.6,-0.000464699,53.338
542.65,-0.000458387,53.338
542.7,-0.00046717,53.338
542.75,-0.000473849,53.338
542.8,-0.000467237,53.3379
542.85,-0.000455983,53.3379
542.9,-0.000458087,53.3379
542.95,-0.000461293,53.3379
543.0,-0.000451475,53.3379
543.05,-0.000460391,53.3378
543.1,-0.000464966,53.3378
543.15,-0.000458421,53.3378
543.2,-0.000456618,53.3378
543.25,-0.000452577,53.3377
543.3,-0.000458387,53.3377
543.35,-0.000457586,53.3377
543.4,-0.000453445,53.3377
543.45,-0.00046373,53.3376
543.5,-0.000460424,53.3376
543.55,-0.000457586,53.3376
543.6,-0.000455215,53.3376
543.65,-0.000445498,53.3376
543.7,-0.000441424,53.3375
543.75,-0.000449605,53.3375
543.8,-0.000459323,53.3375
543.85,-0.000458989,53.3375
543.9,-0.000457085,53.3374
543.95,-0.000456851,53.3374
544.0,-0.000464799,53.3374
544.05,-0.000460992,53.3374
544.1,-0.000467537,53.3373
544.15,-0.000466335,53.3373
544.2,-0.00046166,53.3373
544.25,-0.000464131,53.3373
544.3,-0.000458755,53.3373
544.35,-0.000464632,53.3372
544.4,-0.000465467,53.3372
544.45,-0.000462695,53.3372
544.5,-0.000458721,53.3372
544.55,-0.000460324,53.3371
544.6,-0.000460859,53.3371
544.65,-0.000461226,53.3371
544.7,-0.000462829,53.3371
544.75,-0.00045969,53.337
544.8,-0.000457352,53.337
544.85,-0.00045782,53.337
544.9,-0.000465767,53.337
544.95,-0.000467738,53.337
545.0,-0.000467971,53.3369
545.05,-0.000456451,53.3369
545.1,-0.000450473,53.3369
545.15,-0.000456117,53.3369
545.2,-0.000455115,53.3368
545.25,-0.000463163,53.3368
545.3,-0.00046934,53.3368
545.35,-0.00046707,53.3368
545.4,-0.000457152,53.3368
545.45,-0.000466569,53.3367
545.5,-0.000467036,53.3367
545.55,-0.00046363,53.3367
545.6,-0.00046353,53.3367
545.65,-0.000473247,53.3366
545.7,-0.000476019,53.3366
545.75,-0.000470175,53.3366
545.8,-0.000469274,53.3366
545.85,-0.000462962,53.3365
545.9,-0.000470342,53.3365
545.95,-0.000473348,53.3365
546.0,-0.000471979,53.3365
546.05,-0.000472613,53.3364
546.1,-0.000472212,53.3364
546.15,-0.000466736,53.3364
546.2,-0.000466235,53.3364
546.25,-0.000468372,53.3363
546.3,-0.000461627,53.3363
546.35,-0.000460959,53.3363
546.4,-0.000472112,53.3363
546.45,-0.000463931,53.3363
546.5,-0.000462829,53.3362
546.55,-0.000471979,53.3362
546.6,-0.000466502,53.3362
546.65,-0.000466936,53.3362
546.7,-0.000468339,53.3361
546.75,-0.000465667,53.3361
546.8,-0.000465534,53.3361
546.85,-0.000464398,53.3361
546.9,-0.000460925,53.336
546.95,-0.000460458,53.336
547.0,-0.000466068,53.336
547.05,-0.00046924,53.336
547.1,-0.000467905,53.336
547.15,-0.000465834,53.3359
547.2,-0.000468439,53.3359
547.25,-0.000462161,53.3359
547.3,-0.00046894,53.3359
547.35,-0.000463664,53.3358
547.4,-0.00046737,53.3358
547.45,-0.00046884,53.3358
547.5,-0.000468572,53.3358
547.55,-0.000462395,53.3357
547.6,-0.000472513,53.3357
547.65,-0.000482998,53.3357
547.7,-0.000477154,53.3357
547.75,-0.000476987,53.3356
547.8,-0.000472413,53.3356
547.85,-0.000482598,53.3356
547.9,-0.000476086,53.3356
547.95,-0.000472413,53.3356
548.0,-0.000466535,53.3355
548.05,-0.000464899,53.3355
548.1,-0.000469207,53.3355
548.15,-0.000475919,53.3355
548.2,-0.000472145,53.3354
548.25,-0.000474082,53.3354
548.3,-0.000473214,53.3354
548.35,-0.000462628,53.3354
548.4,-0.000470142,53.3353
548.45,-0.000468005,53.3353
548.5,-0.000472546,53.3353
548.55,-0.000469674,53.3353
548.6,-0.000455616,53.3353
548.65,-0.000464398,53.3352
548.7,-0.000467604,53.3352
548.75,-0.000471812,53.3352
548.8,-0.00046737,53.3352
548.85,-0.000462361,53.3351
548.9,-0.000465166,53.3351
548.95,-0.000465968,53.3351
549.0,-0.000472379,53.3351
549.05,-0.000467905,53.335
549.1,-0.000471778,53.335
549.15,-0.000465667,53.335
549.2,-0.000466569,53.335
549.25,-0.000460525,53.3349
549.3,-0.000467137,53.3349
549.35,-0.000457352,53.3349
549.4,-0.000462261,53.3349
549.45,-0.000469775,53.3349
549.5,-0.000460591,53.3348
549.55,-0.000472312,53.3348
549.6,-0.000467404,53.3348
549.65,-0.000461259,53.3348
549.7,-0.0004652,53.3347
549.75,-0.000460191,53.3347
549.8,-0.000464632,53.3347
549.85,-0.00046884,53.3347
549.9,-0.000467738,53.3346
549.95,-0.000466335,53.3346
550.0,-0.00046697,53.3346
550.05,-0.000453078,53.3346
550.1,-0.00045782,53.3346
550.15,-0.000458054,53.3345
550.2,-0.000453011,53.3345
550.25,-0.000455182,53.3345
550.3,-0.000462829,53.3345
550.35,-0.000462562,53.3344
550.4,-0.000449405,53.3344
550.45,-0.000460792,53.3344
550.5,-0.000454414,53.3344
550.55,-0.000462128,53.3343
550.6,-0.000461493,53.3343
550.65,-0.000472646,53.3343
550.7,-0.000466936,53.3343
550.75,-0.000465834,53.3343
550.8,-0.000467804,53.3342
550.85,-0.000473247,53.3342
550.9,-0.000467437,53.3342
550.95,-0.000460558,53.3342
551.0,-0.000458087,53.3341
551.05,-0.000462962,53.3341
551.1,-0.000464966,53.3341
551.15,-0.000467738,53.3341
551.2,-0.000464599,53.334
551.25,-0.000466469,53.334
551.3,-0.000464365,53.334
551.35,-0.000464432,53.334
551.4,-0.000467003,53.334
551.45,-0.000462395,53.3339
551.5,-0.000464164,53.3339
551.55,-0.00046166,53.3339
551.6,-0.000460458,53.3339
551.65,-0.000453145,53.3338
551.7,-0.000451008,53.3338
551.75,-0.000449338,53.3338
551.8,-0.000454681,53.3338
551.85,-0.000449138,53.3337
551.9,-0.000448236,53.3337
551.95,-0.000453946,53.3337
552.0,-0.000451742,53.3337
552.05,-0.000458688,53.3337
552.1,-0.000465467,53.3336
552.15,-0.000463463,53.3336
552.2,-0.000465367,53.3336
552.25,-0.000467337,53.3336
552.3,-0.000451308,53.3335
552.35,-0.00045428,53.3335
552.4,-0.000458554,53.3335
552.45,-0.000451876,53.3335
552.5,-0.000458588,53.3334
552.55,-0.000453846,53.3334
552.6,-0.000447802,53.3334
552.65,-0.00045398,53.3334
552.7,-0.000443194,53.3334
552.75,-0.000451408,53.3333
552.8,-0.000445197,53.3333
552.85,-0.000451308,53.3333
552.9,-0.000451342,53.3333
552.95,-0.00044493,53.3332
553.0,-0.000457152,53.3332
553.05,-0.000451709,53.3332
553.1,-0.000450907,53.3332
553.15,-0.000446566,53.3332
553.2,-0.000454981,53.3331
553.25,-0.000453746,53.3331
553.3,-0.000448236,53.3331
553.35,-0.000443494,53.3331
553.4,-0.000455983,53.333
553.45,-0.000457887,53.333
553.5,-0.000449405,53.333
553.55,-0.000444162,53.333
553.6,-0.000450473,53.333
553.65,-0.00045261,53.3329
553.7,-0.000439253,53.3329
553.75,-0.000443127,53.3329
553.8,-0.000456751,53.3329
553.85,-0.000455349,53.3328
553.9,-0.000458354,53.3328
553.95,-0.000458421,53.3328
554.0,-0.00045428,53.3328
554.05,-0.000462361,53.3327
554.1,-0.000467137,53.3327
554.15,-0.000461627,53.3327
554.2,-0.000469608,53.3327
554.25,-0.000470008,53.3327
554.3,-0.000465968,53.3326
554.35,-0.000465467,53.3326
554.4,-0.00046747,53.3326
554.45,-0.0004656,53.3326
554.5,-0.000467938,53.3325
554.55,-0.00046884,53.3325
554.6,-0.000474182,53.3325
554.65,-0.000464766,53.3325
554.7,-0.000466435,53.3324
554.75,-0.000471945,53.3324
554.8,-0.000473748,53.3324
554.85,-0.000476921,53.3324
554.9,-0.000471077,53.3323
554.95,-0.000466402,53.3323
555.0,-0.000468739,53.3323
555.05,-0.000471544,53.3323
555.1,-0.00046924,53.3323
555.15,-0.000478357,53.3322
555.2,-0.000473114,53.3322
555.25,-0.00047475,53.3322
555.3,-0.000473448,53.3322
555.35,-0.000477655,53.3321
555.4,-0.000470042,53.3321
555.45,-0.000473481,53.3321
555.5,-0.000470442,53.3321
555.55,-0.000468238,53.332
555.6,-0.000471344,53.332
555.65,-0.000471177,53.332
555.7,-0.000475719,53.332
555.75,-0.000464331,53.3319
555.8,-0.000462829,53.3319
555.85,-0.000472312,53.3319
555.9,-0.000480126,53.3319
555.95,-0.000468906,53.3319
556.0,-0.000477422,53.3318
556.05,-0.000480894,53.3318
556.1,-0.000470209,53.3318
556.15,-0.000473849,53.3318
556.2,-0.000479826,53.3317
556.25,-0.000480126,53.3317
556.3,-0.000477922,53.3317
556.35,-0.000482297,53.3317
556.4,-0.000483265,53.3316
556.45,-0.000465667,53.3316
556.5,-0.000480427,53.3316
556.55,-0.000477522,53.3316
556.6,-0.000468606,53.3315
556.65,-0.000475618,53.3315
556.7,-0.00047662,53.3315
556.75,-0.000474717,53.3315
556.8,-0.000466602,53.3314
556.85,-0.000467871,53.3314
556.9,-0.000464031,53.3314
556.95,-0.000463229,53.3314
557.0,-0.000470275,53.3314
557.05,-0.000469274,53.3313
557.1,-0.000469708,53.3313
557.15,-0.00047859,53.3313
557.2,-0.000473615,53.3313
557.25,-0.000477522,53.3312
557.3,-0.000476186,53.3312
557.35,-0.000470843,53.3312
557.4,-0.000472546,53.3312
557.45,-0.000475184,53.3311
557.5,-0.000469674,53.3311
557.55,-0.000464365,53.3311
557.6,-0.000473682,53.3311
557.65,-0.000471311,53.3311
557.7,-0.000468806,53.331
557.75,-0.000471979,53.331
557.8,-0.000467905,53.331
557.85,-0.000468906,53.331
557.9,-0.000471144,53.3309
557.95,-0.000469674,53.3309
558.0,-0.000472479,53.3309
558.05,-0.000478924,53.3309
558.1,-0.000467704,53.3308
558.15,-0.000472813,53.3308
558.2,-0.000470309,53.3308
558.25,-0.000471778,53.3308
558.3,-0.000475652,53.3307
558.35,-0.000474416,53.3307
558.4,-0.000477789,53.3307
558.45,-0.000477255,53.3307
558.5,-0.000471444,53.3306
558.55,-0.000467804,53.3306
558.6,-0.000473247,53.3306
558.65,-0.00046934,53.3306
558.7,-0.000471177,53.3306
558.75,-0.000473247,53.3305
558.8,-0.000462662,53.3305
558.85,-0.000471912,53.3305
558.9,-0.000470275,53.3305
558.95,-0.000462729,53.3304
559.0,-0.000471344,53.3304
559.05,-0.00047268,53.3304
559.1,-0.000466201,53.3304
559.15,-0.000476654,53.3303
559.2,-0.000476119,53.3303
559.25,-0.000463229,53.3303
559.3,-0.000470776,53.3303
559.35,-0.000460859,53.3302
559.4,-0.000466769,53.3302
559.45,-0.000466836,53.3302
559.5,-0.000452844,53.3302
559.55,-0.000458187,53.3302
559.6,-0.000468639,53.3301
559.65,-0.00047268,53.3301
559.7,-0.000468906,53.3301
559.75,-0.000469975,53.3301
559.8,-0.000475318,53.33
559.85,-0.000478423,53.33
559.9,-0.000482631,53.33
559.95,-0.000480026,53.33
560.0,-0.000479559,53.3299
560.05,-0.000476086,53.3299
560.1,-0.000475552,53.3299
560.15,-0.000468639,53.3299
560.2,-0.000465567,53.3298
560.25,-0.000473915,53.3298
560.3,-0.000475552,53.3298
560.35,-0.000474116,53.3298
560.4,-0.000474516,53.3298
560.45,-0.000470943,53.3297
560.5,-0.000460191,53.3297
560.55,-0.000458922,53.3297
560.6,-0.000468739,53.3297
560.65,-0.000469107,53.3296
560.7,-0.000474249,53.3296
560.75,-0.000479125,53.3296
560.8,-0.000479225,53.3296
560.85,-0.000470309,53.3295
560.9,-0.000474015,53.3295
560.95,-0.000466235,53.3295
561.0,-0.000458788,53.3295
561.05,-0.000461293,53.3294
561.1,-0.000472145,53.3294
561.15,-0.000460157,53.3294
561.2,-0.000472513,53.3294
561.25,-0.000476854,53.3294
561.3,-0.000473581,53.3293
561.35,-0.000465066,53.3293
561.4,-0.000470342,53.3293
561.45,-0.000464131,53.3293
561.5,-0.000463096,53.3292
561.55,-0.000472212,53.3292
561.6,-0.000467671,53.3292
561.65,-0.000459256,53.3292
561.7,-0.000465934,53.3291
561.75,-0.000468639,53.3291
561.8,-0.000464465,53.3291
561.85,-0.000468038,53.3291
561.9,-0.000471845,53.3291
561.95,-0.000458655,53.329
562.0,-0.000466702,53.329
562.05,-0.000464866,53.329
562.1,-0.000457686,53.329
562.15,-0.000466702,53.3289
562.2,-0.000473314,53.3289
562.25,-0.000473314,53.3289
562.3,-0.000476119,53.3289
562.35,-0.000469007,53.3288
562.4,-0.00047071,53.3288
562.45,-0.000463964,53.3288
562.5,-0.00045979,53.3288
562.55,-0.000463096,53.3287
562.6,-0.000465467,53.3287
562.65,-0.000463296,53.3287
562.7,-0.000476386,53.3287
562.75,-0.000456618,53.3287
562.8,-0.000455749,53.3286
562.85,-0.000463463,53.3286
562.9,-0.000474683,53.3286
562.95,-0.000474149,53.3286
563.0,-0.000476186,53.3285
563.05,-0.000475919,53.3285
563.1,-0.000466168,53.3285
563.15,-0.00046924,53.3285
563.2,-0.000474216,53.3284
563.25,-0.000477756,53.3284
563.3,-0.000477589,53.3284
563.35,-0.000475785,53.3284
563.4,-0.000474015,53.3283
563.45,-0.00047071,53.3283
563.5,-0.000472646,53.3283
563.55,-0.000468673,53.3283
563.6,-0.000466836,53.3283
563.65,-0.000474483,53.3282
563.7,-0.000475585,53.3282
563.75,-0.000471311,53.3282
563.8,-0.000468906,53.3282
563.85,-0.000463764,53.3281
563.9,-0.000473014,53.3281
563.95,-0.000476353,53.3281
564.0,-0.000468405,53.3281
564.05,-0.00047091,53.328
564.1,-0.00047091,53.328
564.15,-0.000471411,53.328
564.2,-0.000470409,53.328
564.25,-0.000476453,53.3279
564.3,-0.000469574,53.3279
564.35,-0.000459389,53.3279
564.4,-0.000470643,53.3279
564.45,-0.000466168,53.3279
564.5,-0.000469374,53.3278
564.55,-0.000469507,53.3278
564.6,-0.000479759,53.3278
564.65,-0.000479091,53.3278
564.7,-0.000491213,53.3277
564.75,-0.000488475,53.3277
564.8,-0.000477422,53.3277
564.85,-0.000468572,53.3277
564.9,-0.00047278,53.3276
564.95,-0.000479559,53.3276
565.0,-0.000474383,53.3276
565.05,-0.000471745,53.3276
565.1,-0.000470142,53.3275
565.15,-0.000468973,53.3275
565.2,-0.000470209,53.3275
565.25,-0.000472312,53.3275
565.3,-0.000465868,53.3274
565.35,-0.000459656,53.3274
565.4,-0.000460992,53.3274
565.45,-0.000462695,53.3274
565.5,-0.000464331,53.3274
565.55,-0.00046186,53.3273
565.6,-0.00047278,53.3273
565.65,-0.000460591,53.3273
565.7,-0.000458822,53.3273
565.75,-0.000460725,53.3272
565.8,-0.000462395,53.3272
565.85,-0.000465233,53.3272
565.9,-0.000453612,53.3272
565.95,-0.00046186,53.3272
566.0,-0.000460625,53.3271
566.05,-0.000473314,53.3271
566.1,-0.00046353,53.3271
566.15,-0.000458154,53.3271
566.2,-0.000455315,53.327
566.25,-0.000462495,53.327
566.3,-0.000461693,53.327
566.35,-0.000460424,53.327
566.4,-0.000456417,53.3269
566.45,-0.000450006,53.3269
566.5,-0.000460191,53.3269
566.55,-0.000455282,53.3269
566.6,-0.000457252,53.3269
566.65,-0.000447635,53.3268
566.7,-0.000459957,53.3268
566.75,-0.000458554,53.3268
566.8,-0.000461126,53.3268
566.85,-0.000456384,53.3267
566.9,-0.000466469,53.3267
566.95,-0.000464331,53.3267
567.0,-0.000461961,53.3267
567.05,-0.000467337,53.3266
567.1,-0.000470376,53.3266
567.15,-0.000472145,53.3266
567.2,-0.0004651,53.3266
567.25,-0.00047298,53.3265
567.3,-0.000475017,53.3265
567.35,-0.000466569,53.3265
567.4,-0.000467804,53.3265
567.45,-0.000469173,53.3265
567.5,-0.00046914,53.3264
567.55,-0.000467804,53.3264
567.6,-0.000465467,53.3264
567.65,-0.000465367,53.3264
567.7,-0.000473581,53.3263
567.75,-0.00047455,53.3263
567.8,-0.000475886,53.3263
567.85,-0.00046934,53.3263
567.9,-0.000467804,53.3262
567.95,-0.000461493,53.3262
568.0,-0.000466836,53.3262
568.05,-0.000471979,53.3262
568.1,-0.000469274,53.3262
568.15,-0.000475952,53.3261
568.2,-0.000470042,53.3261
568.25,-0.000466001,53.3261
568.3,-0.000472813,53.3261
568.35,-0.000468739,53.326
568.4,-0.0004653,53.326
568.45,-0.000477722,53.326
568.5,-0.00047288,53.326
568.55,-0.000472246,53.3259
568.6,-0.000474182,53.3259
568.65,-0.000465968,53.3259
568.7,-0.000466435,53.3259
568.75,-0.000468773,53.3258
568.8,-0.000472613,53.3258
568.85,-0.000477488,53.3258
568.9,-0.000472012,53.3258
568.95,-0.000467671,53.3258
569.0,-0.000468739,53.3257
569.05,-0.000470843,53.3257
569.1,-0.000472813,53.3257
569.15,-0.000463363,53.3257
569.2,-0.000455249,53.3256
569.25,-0.000461727,53.3256
569.3,-0.000461193,53.3256
569.35,-0.000464933,53.3256
569.4,-0.000468038,53.3255
569.45,-0.000466502,53.3255
569.5,-0.000458254,53.3255
569.55,-0.000453278,53.3255
569.6,-0.000460525,53.3255
569.65,-0.000468773,53.3254
569.7,-0.000462862,53.3254
569.75,-0.00045802,53.3254
569.8,-0.000455148,53.3254
569.85,-0.000448303,53.3253
569.9,-0.000457185,53.3253
569.95,-0.000455983,53.3253
570.0,-0.000463163,53.3253
570.05,-0.000456551,53.3252
570.1,-0.000457085,53.3252
570.15,-0.000458488,53.3252
570.2,-0.000453813,53.3252
570.25,-0.00046156,53.3252
570.3,-0.000459623,53.3251
570.35,-0.000456451,53.3251
570.4,-0.000464999,53.3251
570.45,-0.000452076,53.3251
570.5,-0.000458321,53.325
570.55,-0.000459623,53.325
570.6,-0.000457786,53.325
570.65,-0.000455015,53.325
570.7,-0.000453479,53.3249
570.75,-0.000453913,53.3249
570.8,-0.000452777,53.3249
570.85,-0.000450941,53.3249
570.9,-0.000447768,53.3249
570.95,-0.000448937,53.3248
571.0,-0.000445765,53.3248
571.05,-0.000444763,53.3248
571.1,-0.000446333,53.3248
571.15,-0.000449805,53.3247
571.2,-0.0004468,53.3247
571.25,-0.000443194,53.3247
571.3,-0.000441424,53.3247
571.35,-0.000443962,53.3247
571.4,-0.000446032,53.3246
571.45,-0.000449405,53.3246
571.5,-0.000451108,53.3246
571.55,-0.000450273,53.3246
571.6,-0.000447134,53.3245
571.65,-0.000452444,53.3245
571.7,-0.000464365,53.3245
571.75,-0.000457052,53.3245
571.8,-0.000451909,53.3245
571.85,-0.000448203,53.3244
571.9,-0.000459456,53.3244
571.95,-0.000470075,53.3244
572.0,-0.000460291,53.3244
572.05,-0.000457286,53.3243
572.1,-0.000460291,53.3243
572.15,-0.000457953,53.3243
572.2,-0.000447702,53.3243
572.25,-0.000453646,53.3242
572.3,-0.000453378,53.3242
572.35,-0.000458922,53.3242
572.4,-0.000462027,53.3242
572.45,-0.000445064,53.3242
572.5,-0.000454781,53.3241
572.55,-0.000462361,53.3241
572.6,-0.000460124,53.3241
572.65,-0.000451642,53.3241
572.7,-0.000451442,53.324
572.75,-0.000463096,53.324
572.8,-0.000457586,53.324
572.85,-0.000451442,53.324
572.9,-0.000455516,53.3239
572.95,-0.000447768,53.3239
573.0,-0.000455382,53.3239
573.05,-0.000458054,53.3239
573.1,-0.000454915,53.3239
573.15,-0.000448837,53.3238
573.2,-0.000458454,53.3238
573.25,-0.000450173,53.3238
573.3,-0.000448737,53.3238
573.35,-0.000449405,53.3237
573.4,-0.000458721,53.3237
573.45,-0.000457553,53.3237
573.5,-0.000454581,53.3237
573.55,-0.00045438,53.3237
573.6,-0.000453445,53.3236
573.65,-0.000453913,53.3236
573.7,-0.000456885,53.3236
573.75,-0.000452076,53.3236
573.8,-0.000450507,53.3235
573.85,-0.000441557,53.3235
573.9,-0.00044493,53.3235
573.95,-0.000456117,53.3235
574.0,-0.000447268,53.3235
574.05,-0.000444496,53.3234
574.1,-0.000443327,53.3234
574.15,-0.000438285,53.3234
574.2,-0.000442693,53.3234
574.25,-0.00044503,53.3233
574.3,-0.000443628,53.3233
574.35,-0.000444563,53.3233
574.4,-0.000446099,53.3233
574.45,-0.000448804,53.3233
574.5,-0.000446299,53.3232
574.55,-0.000454814,53.3232
574.6,-0.000455683,53.3232
574.65,-0.000453011,53.3232
574.7,-0.000448102,53.3231
574.75,-0.000441157,53.3231
574.8,-0.000447234,53.3231
574.85,-0.000445565,53.3231
574.9,-0.000447167,53.3231
574.95,-0.000444396,53.323
575.0,-0.00044326,53.323
575.05,-0.000454948,53.323
575.1,-0.000454347,53.323
575.15,-0.000451141,53.3229
575.2,-0.000449037,53.3229
575.25,-0.000455282,53.3229
575.3,-0.000458688,53.3229
575.35,-0.000457553,53.3228
575.4,-0.000459089,53.3228
575.45,-0.000458454,53.3228
575.5,-0.000458187,53.3228
575.55,-0.000470576,53.3228
575.6,-0.000466502,53.3227
575.65,-0.000468539,53.3227
575.7,-0.000460658,53.3227
575.75,-0.000454915,53.3227
575.8,-0.000441991,53.3226
575.85,-0.000448136,53.3226
575.9,-0.000446466,53.3226
575.95,-0.000444095,53.3226
576.0,-0.000445698,53.3226
576.05,-0.000437216,53.3225
576.1,-0.000438084,53.3225
576.15,-0.000447835,53.3225
576.2,-0.000444095,53.3225
576.25,-0.000450373,53.3224
576.3,-0.000449171,53.3224
576.35,-0.000448069,53.3224
576.4,-0.000452844,53.3224
576.45,-0.000459523,53.3223
576.5,-0.000450607,53.3223
576.55,-0.000449338,53.3223
576.6,-0.000451208,53.3223
576.65,-0.000450874,53.3223
576.7,-0.0004465,53.3222
576.75,-0.000444997,53.3222
576.8,-0.000455082,53.3222
576.85,-0.000450106,53.3222
576.9,-0.000452243,53.3221
576.95,-0.000455883,53.3221
577.0,-0.000452477,53.3221
577.05,-0.000458087,53.3221
577.1,-0.000452343,53.3221
577.15,-0.000456551,53.322
577.2,-0.000464565,53.322
577.25,-0.000470175,53.322
577.3,-0.000456451,53.322
577.35,-0.000460591,53.3219
577.4,-0.000453512,53.3219
577.45,-0.000451241,53.3219
577.5,-0.000464331,53.3219
577.55,-0.00046717,53.3218
577.6,-0.000458354,53.3218
577.65,-0.000461894,53.3218
577.7,-0.000464098,53.3218
577.75,-0.000461026,53.3218
577.8,-0.0004655,53.3217
577.85,-0.000471945,53.3217
577.9,-0.000461627,53.3217
577.95,-0.0004656,53.3217
578.0,-0.000460992,53.3216
578.05,-0.000457185,53.3216
578.1,-0.000456985,53.3216
578.15,-0.000454814,53.3216
578.2,-0.000455015,53.3215
578.25,-0.000450507,53.3215
578.3,-0.000454614,53.3215
578.35,-0.000452944,53.3215
578.4,-0.000457753,53.3215
578.45,-0.000455716,53.3214
578.5,-0.000458287,53.3214
578.55,-0.000451943,53.3214
578.6,-0.000457619,53.3214
578.65,-0.000454013,53.3213
578.7,-0.00045959,53.3213
578.75,-0.000464164,53.3213
578.8,-0.000466235,53.3213
578.85,-0.000471377,53.3213
578.9,-0.000461727,53.3212
578.95,-0.000457887,53.3212
579.0,-0.000466803,53.3212
579.05,-0.000464432,53.3212
579.1,-0.000474817,53.3211
579.15,-0.000469574,53.3211
579.2,-0.000477321,53.3211
579.25,-0.000470075,53.3211
579.3,-0.000468071,53.321
579.35,-0.000469875,53.321
579.4,-0.000465901,53.321
579.45,-0.000462294,53.321
579.5,-0.000462962,53.3209
579.55,-0.000465534,53.3209
579.6,-0.000466502,53.3209
579.65,-0.000456017,53.3209
579.7,-0.000457786,53.3209
579.75,-0.000456017,53.3208
579.8,-0.000450206,53.3208
579.85,-0.000445231,53.3208
579.9,-0.000454447,53.3208
579.95,-0.000453111,53.3207
580.0,-0.000453746,53.3207
580.05,-0.000455349,53.3207
580.1,-0.000458989,53.3207
580.15,-0.00046333,53.3207
580.2,-0.000457653,53.3206
580.25,-0.000455015,53.3206
580.3,-0.00045074,53.3206
580.35,-0.000460291,53.3206
580.4,-0.000462261,53.3205
580.45,-0.000449572,53.3205
580.5,-0.000452009,53.3205
580.55,-0.00045969,53.3205
580.6,-0.000462395,53.3204
580.65,-0.000460124,53.3204
580.7,-0.000467571,53.3204
580.75,-0.000461593,53.3204
580.8,-0.000460992,53.3204
580.85,-0.000451408,53.3203
580.9,-0.000454547,53.3203
580.95,-0.000458688,53.3203
581.0,-0.000457486,53.3203
581.05,-0.000451308,53.3202
581.1,-0.000460291,53.3202
581.15,-0.000458087,53.3202
581.2,-0.00045428,53.3202
581.25,-0.000455382,53.3201
581.3,-0.000464031,53.3201
581.35,-0.000460324,53.3201
581.4,-0.000450206,53.3201
581.45,-0.000453278,53.3201
581.5,-0.000449338,53.32
581.55,-0.00045585,53.32
581.6,-0.000458688,53.32
581.65,-0.000459289,53.32
581.7,-0.000462762,53.3199
581.75,-0.000457219,53.3199
581.8,-0.000459924,53.3199
581.85,-0.000464164,53.3199
581.9,-0.000460859,53.3199
581.95,-0.000465567,53.3198
582.0,-0.00047485,53.3198
582.05,-0.000469374,53.3198
582.1,-0.000453078,53.3198
582.15,-0.000459055,53.3197
582.2,-0.00045782,53.3197
582.25,-0.000449171,53.3197
582.3,-0.000447969,53.3197
582.35,-0.000453445,53.3196
582.4,-0.000450273,53.3196
582.45,-0.000465033,53.3196
582.5,-0.000464164,53.3196
582.55,-0.000460625,53.3195
582.6,-0.000473915,53.3195
582.65,-0.000473214,53.3195
582.7,-0.000472947,53.3195
582.75,-0.000467337,53.3195
582.8,-0.000467571,53.3194
582.85,-0.000459022,53.3194
582.9,-0.000466869,53.3194
582.95,-0.00046904,53.3194
583.0,-0.000473849,53.3193
583.05,-0.000463029,53.3193
583.1,-0.000460992,53.3193
583.15,-0.000462762,53.3193
583.2,-0.000465333,53.3192
583.25,-0.000464231,53.3192
583.3,-0.000457386,53.3192
583.35,-0.00044306,53.3192
583.4,-0.000463296,53.3192
583.45,-0.000469107,53.3191
583.5,-0.000467771,53.3191
583.55,-0.000464699,53.3191
583.6,-0.000454848,53.3191
583.65,-0.000462428,53.319
583.7,-0.000460558,53.319
583.75,-0.000455015,53.319
583.8,-0.000464432,53.319
583.85,-0.000462461,53.3189
583.9,-0.000459723,53.3189
583.95,-0.000456651,53.3189
584.0,-0.000458788,53.3189
584.05,-0.000447201,53.3189
584.1,-0.000455048,53.3188
584.15,-0.000453612,53.3188
584.2,-0.00045605,53.3188
584.25,-0.00045812,53.3188
584.3,-0.000452777,53.3187
584.35,-0.000447301,53.3187
584.4,-0.000446299,53.3187
584.45,-0.000453078,53.3187
584.5,-0.000451809,53.3187
584.55,-0.000453445,53.3186
584.6,-0.000445531,53.3186
584.65,-0.000444663,53.3186
584.7,-0.000458922,53.3186
584.75,-0.000457119,53.3185
584.8,-0.000458788,53.3185
584.85,-0.000461693,53.3185
584.9,-0.000460959,53.3185
584.95,-0.000461927,53.3184
585.0,-0.000460024,53.3184
585.05,-0.000469674,53.3184
585.1,-0.000456384,53.3184
585.15,-0.000451475,53.3184
585.2,-0.00045792,53.3183
585.25,-0.000461927,53.3183
585.3,-0.000454447,53.3183
585.35,-0.000448937,53.3183
585.4,-0.000450974,53.3182
585.45,-0.000448303,53.3182
585.5,-0.000450273,53.3182
585.55,-0.000451074,53.3182
585.6,-0.000449772,53.3182
585.65,-0.000454013,53.3181
585.7,-0.000449238,53.3181
585.75,-0.000459356,53.3181
585.8,-0.000450273,53.3181
585.85,-0.000451809,53.318
585.9,-0.000452076,53.318
585.95,-0.000453445,53.318
586.0,-0.000458454,53.318
586.05,-0.00045231,53.3179
586.1,-0.000442659,53.3179
586.15,-0.000450273,53.3179
586.2,-0.000440789,53.3179
586.25,-0.000452009,53.3179
586.3,-0.000449705,53.3178
586.35,-0.000456484,53.3178
586.4,-0.000460725,53.3178
586.45,-0.000451008,53.3178
586.5,-0.000460525,53.3177
586.55,-0.000449271,53.3177
586.6,-0.000447601,53.3177
586.65,-0.00045241,53.3177
586.7,-0.000452043,53.3177
586.75,-0.000456851,53.3176
586.8,-0.000449338,53.3176
586.85,-0.000445932,53.3176
586.9,-0.000447435,53.3176
586.95,-0.000461827,53.3175
587.0,-0.000457085,53.3175
587.05,-0.000448002,53.3175
587.1,-0.000447368,53.3175
587.15,-0.000455249,53.3175
587.2,-0.000456785,53.3174
587.25,-0.000460892,53.3174
587.3,-0.000465534,53.3174
587.35,-0.000459356,53.3174
587.4,-0.00045054,53.3173
587.45,-0.000456818,53.3173
587.5,-0.000459857,53.3173
587.55,-0.000451776,53.3173
587.6,-0.00045408,53.3172
587.65,-0.000451876,53.3172
587.7,-0.000456684,53.3172
587.75,-0.000458488,53.3172
587.8,-0.000449171,53.3172
587.85,-0.000456184,53.3171
587.9,-0.000459723,53.3171
587.95,-0.00045772,53.3171
588.0,-0.000446967,53.3171
588.05,-0.000442526,53.317
588.1,-0.000450941,53.317
588.15,-0.000455115,53.317
588.2,-0.000462061,53.317
588.25,-0.000469007,53.317
588.3,-0.00046343,53.3169
588.35,-0.000464164,53.3169
588.4,-0.000462094,53.3169
588.45,-0.000467738,53.3169
588.5,-0.000462461,53.3168
588.55,-0.000459656,53.3168
588.6,-0.000457686,53.3168
588.65,-0.000462094,53.3168
588.7,-0.000458989,53.3167
588.75,-0.000462829,53.3167
588.8,-0.000457786,53.3167
588.85,-0.000461293,53.3167
588.9,-0.00045812,53.3167
588.95,-0.000451842,53.3166
589.0,-0.00045812,53.3166
589.05,-0.000451442,53.3166
589.1,-0.000453612,53.3166
589.15,-0.000460057,53.3165
589.2,-0.000457753,53.3165
589.25,-0.000449972,53.3165
589.3,-0.00044513,53.3165
589.35,-0.000449638,53.3164
589.4,-0.000450941,53.3164
589.45,-0.00045418,53.3164
589.5,-0.00044483,53.3164
589.55,-0.000454681,53.3164
589.6,-0.000451842,53.3163
589.65,-0.00045221,53.3163
589.7,-0.000451742,53.3163
589.75,-0.000451408,53.3163
589.8,-0.000460324,53.3162
589.85,-0.000455482,53.3162
589.9,-0.000468706,53.3162
589.95,-0.00045989,53.3162
590.0,-0.000451542,53.3162
590.05,-0.000448203,53.3161
590.1,-0.000455649,53.3161
590.15,-0.000447,53.3161
590.2,-0.000454848,53.3161
590.25,-0.000452577,53.316
590.3,-0.00045625,53.316
590.35,-0.000446099,53.316
590.4,-0.000447201,53.316
590.45,-0.000452076,53.3159
590.5,-0.000448737,53.3159
590.55,-0.000453813,53.3159
590.6,-0.000459022,53.3159
590.65,-0.000460525,53.3159
590.7,-0.000456918,53.3158
590.75,-0.000458488,53.3158
590.8,-0.000459122,53.3158
590.85,-0.000466535,53.3158
590.9,-0.000464064,53.3157
590.95,-0.000456718,53.3157
591.0,-0.000461059,53.3157
591.05,-0.00046373,53.3157
591.1,-0.000453579,53.3157
591.15,-0.000454013,53.3156
591.2,-0.000468572,53.3156
591.25,-0.000457987,53.3156
591.3,-0.000452076,53.3156
591.35,-0.000450173,53.3155
591.4,-0.000454481,53.3155
591.45,-0.00045231,53.3155
591.5,-0.00045231,53.3155
591.55,-0.000463029,53.3154
591.6,-0.000468272,53.3154
591.65,-0.00045615,53.3154
591.7,-0.000449705,53.3154
591.75,-0.000454547,53.3154
591.8,-0.000449271,53.3153
591.85,-0.000450073,53.3153
591.9,-0.000452844,53.3153
591.95,-0.000451375,53.3153
592.0,-0.000453412,53.3152
592.05,-0.000451542,53.3152
592.1,-0.000460792,53.3152
592.15,-0.000454147,53.3152
592.2,-0.000458755,53.3151
592.25,-0.000465233,53.3151
592.3,-0.000455148,53.3151
592.35,-0.000458721,53.3151
592.4,-0.000456484,53.3151
592.45,-0.000457653,53.315
592.5,-0.000460625,53.315
592.55,-0.00045211,53.315
592.6,-0.000457119,53.315
592.65,-0.000452878,53.3149
592.7,-0.000451509,53.3149
592.75,-0.000455048,53.3149
592.8,-0.000450373,53.3149
592.85,-0.000457786,53.3149
592.9,-0.000444463,53.3148
592.95,-0.000450674,53.3148
593.0,-0.000455816,53.3148
593.05,-0.000451542,53.3148
593.1,-0.000454414,53.3147
593.15,-0.000455582,53.3147
593.2,-0.000462395,53.3147
593.25,-0.000455549,53.3147
593.3,-0.000464131,53.3146
593.35,-0.000452744,53.3146
593.4,-0.000453846,53.3146
593.45,-0.000456785,53.3146
593.5,-0.000462896,53.3146
593.55,-0.000455783,53.3145
593.6,-0.00046136,53.3145
593.65,-0.000462896,53.3145
593.7,-0.000464999,53.3145
593.75,-0.000456184,53.3144
593.8,-0.000449972,53.3144
593.85,-0.000462829,53.3144
593.9,-0.000455315,53.3144
593.95,-0.000444296,53.3144
594.0,-0.000451742,53.3143
594.05,-0.000451542,53.3143
594.1,-0.000455282,53.3143
594.15,-0.000459389,53.3143
594.2,-0.000467003,53.3142
594.25,-0.000465066,53.3142
594.3,-0.00045812,53.3142
594.35,-0.000458888,53.3142
594.4,-0.000457853,53.3141
594.45,-0.000460258,53.3141
594.5,-0.000467671,53.3141
594.55,-0.000460825,53.3141
594.6,-0.000461193,53.3141
594.65,-0.000464265,53.314
594.7,-0.000459323,53.314
594.75,-0.000461493,53.314
594.8,-0.000466903,53.314
594.85,-0.000453278,53.3139
594.9,-0.000462061,53.3139
594.95,-0.000456484,53.3139
595.0,-0.000455082,53.3139
595.05,-0.000448804,53.3138
595.1,-0.000453946,53.3138
595.15,-0.000463797,53.3138
595.2,-0.000453412,53.3138
595.25,-0.000455816,53.3138
595.3,-0.000452644,53.3137
595.35,-0.000455916,53.3137
595.4,-0.000463163,53.3137
595.45,-0.000454147,53.3137
595.5,-0.000448436,53.3136
595.55,-0.000458788,53.3136
595.6,-0.00045024,53.3136
595.65,-0.000461493,53.3136
595.7,-0.000460157,53.3135
595.75,-0.000456217,53.3135
595.8,-0.000461393,53.3135
595.85,-0.000460191,53.3135
595.9,-0.000462695,53.3135
595.95,-0.000462495,53.3134
596.0,-0.000455916,53.3134
596.05,-0.000448203,53.3134
596.1,-0.000459189,53.3134
596.15,-0.000451208,53.3133
596.2,-0.000459222,53.3133
596.25,-0.000457119,53.3133
596.3,-0.000448069,53.3133
596.35,-0.000454881,53.3133
596.4,-0.000449405,53.3132
596.45,-0.000439253,53.3132
596.5,-0.000445932,53.3132
596.55,-0.000457586,53.3132
596.6,-0.000453111,53.3131
596.65,-0.000455616,53.3131
596.7,-0.000456651,53.3131
596.75,-0.000458287,53.3131
596.8,-0.000454748,53.313
596.85,-0.000455916,53.313
596.9,-0.000457052,53.313
596.95,-0.00045074,53.313
597.0,-0.000450407,53.313
597.05,-0.0004467,53.3129
597.1,-0.000444997,53.3129
597.15,-0.00045034,53.3129
597.2,-0.000453078,53.3129
597.25,-0.000453879,53.3128
597.3,-0.000448503,53.3128
597.35,-0.000445531,53.3128
597.4,-0.000446867,53.3128
597.45,-0.000451008,53.3128
597.5,-0.000436815,53.3127
597.55,-0.000443795,53.3127
597.6,-0.000444362,53.3127
597.65,-0.000448036,53.3127
597.7,-0.000452577,53.3126
597.75,-0.000438118,53.3126
597.8,-0.000439721,53.3126
597.85,-0.000449906,53.3126
597.9,-0.000443394,53.3126
597.95,-0.000439053,53.3125
598.0,-0.000440689,53.3125
598.05,-0.000447501,53.3125
598.1,-0.000442025,53.3125
598.15,-0.000447201,53.3124
598.2,-0.000450507,53.3124
598.25,-0.000446032,53.3124
598.3,-0.000444797,53.3124
598.35,-0.000439019,53.3124
598.4,-0.000438285,53.3123
598.45,-0.000444396,53.3123
598.5,-0.00043351,53.3123
598.55,-0.000439687,53.3123
598.6,-0.000439954,53.3122
598.65,-0.000448169,53.3122
598.7,-0.000449305,53.3122
598.75,-0.000438552,53.3122
598.8,-0.000438084,53.3122
598.85,-0.000438352,53.3121
598.9,-0.000440222,53.3121
598.95,-0.00043922,53.3121
599.0,-0.000443561,53.3121
599.05,-0.000443528,53.312
599.1,-0.000443928,53.312
599.15,-0.000445398,53.312
599.2,-0.000444229,53.312
599.25,-0.000449538,53.312
599.3,-0.00044877,53.3119
599.35,-0.000456184,53.3119
599.4,-0.000455549,53.3119
599.45,-0.000454647,53.3119
599.5,-0.000445898,53.3118
599.55,-0.000440923,53.3118
599.6,-0.00045211,53.3118
599.65,-0.000452544,53.3118
599.7,-0.000451442,53.3118
599.75,-0.000454848,53.3117
599.8,-0.000446399,53.3117
599.85,-0.000445364,53.3117
599.9,-0.000435881,53.3117
599.95,-0.000443227,53.3116
600.0,-0.000444195,53.3116
