CCStrip-at Ep-240C,VSTEP1,-1.395,TSTEP1,600.0,QLIMIT,240000.0
T,Im,Q
0.0,3.2782,0.16391
0.05,0.502105,0.189015
0.1,0.532228,0.215627
0.15,0.549639,0.243109
0.2,0.556668,0.270942
0.25,0.559468,0.298915
0.3,0.559869,0.326909
0.35,0.559233,0.354871
0.4,0.55817,0.382779
0.45,0.556918,0.410625
0.5,0.555587,0.438404
0.55,0.554239,0.466116
0.6,0.552891,0.493761
0.65,0.551564,0.521339
0.7,0.550262,0.548852
0.75,0.548985,0.576301
0.8,0.547741,0.603688
0.85,0.546557,0.631016
0.9,0.545407,0.658287
0.95,0.544292,0.685501
1.0,0.54321,0.712662
1.05,0.542169,0.73977
1.1,0.541151,0.766828
1.15,0.540155,0.793835
1.2,0.539188,0.820795
1.25,0.538268,0.847708
1.3,0.537426,0.874579
1.35,0.536542,0.901407
1.4,0.535706,0.928192
1.45,0.534867,0.954935
1.5,0.534078,0.981639
1.55,0.533284,1.0083
1.6,0.532529,1.03493
1.65,0.531787,1.06152
1.7,0.531084,1.08807
1.75,0.530373,1.11459
1.8,0.529685,1.14108
1.85,0.529022,1.16753
1.9,0.52837,1.19395
1.95,0.527732,1.22033
2.0,0.527105,1.24669
2.05,0.526479,1.27301
2.1,0.525883,1.29931
2.15,0.525287,1.32557
2.2,0.524715,1.35181
2.25,0.52417,1.37801
2.3,0.523586,1.40419
2.35,0.52305,1.43035
2.4,0.522512,1.45647
2.45,0.521975,1.48257
2.5,0.521474,1.50864
2.55,0.520969,1.53469
2.6,0.520468,1.56072
2.65,0.519971,1.58671
2.7,0.51951,1.61269
2.75,0.519025,1.63864
2.8,0.518562,1.66457
2.85,0.518108,1.69047
2.9,0.517657,1.71636
2.95,0.517188,1.74222
3.0,0.51677,1.76806
3.05,0.516342,1.79387
3.1,0.515915,1.81967
3.15,0.515493,1.84544
3.2,0.515096,1.8712
3.25,0.51469,1.89693
3.3,0.514269,1.92265
3.35,0.513858,1.94834
3.4,0.51348,1.97401
3.45,0.513081,1.99967
3.5,0.512703,2.0253
3.55,0.512322,2.05092
3.6,0.512001,2.07652
3.65,0.511653,2.1021
3.7,0.511288,2.12767
3.75,0.510923,2.15321
3.8,0.510558,2.17874
3.85,0.510228,2.20425
3.9,0.509877,2.22974
3.95,0.509558,2.25522
4.0,0.509222,2.28068
4.05,0.508886,2.30613
4.1,0.508551,2.33156
4.15,0.508236,2.35697
4.2,0.507906,2.38236
4.25,0.507595,2.40774
4.3,0.507273,2.43311
4.35,0.506955,2.45845
4.4,0.506628,2.48379
4.45,0.506339,2.5091
4.5,0.506043,2.5344
4.55,0.505734,2.55969
4.6,0.505446,2.58496
4.65,0.505138,2.61022
4.7,0.504842,2.63546
4.75,0.504539,2.66069
4.8,0.504262,2.6859
4.85,0.503954,2.7111
4.9,0.503675,2.73628
4.95,0.503393,2.76145
5.0,0.503118,2.78661
5.05,0.502848,2.81175
5.1,0.502554,2.83688
5.15,0.502289,2.86199
5.2,0.502032,2.8871
5.25,0.501763,2.91218
5.3,0.501485,2.93726
5.35,0.501213,2.96232
5.4,0.500957,2.98737
5.45,0.500691,3.0124
5.5,0.500442,3.03742
5.55,0.500193,3.06243
5.6,0.499944,3.08743
5.65,0.499687,3.11241
5.7,0.499435,3.13739
5.75,0.499198,3.16235
5.8,0.498944,3.18729
5.85,0.498695,3.21223
5.9,0.49846,3.23715
5.95,0.498207,3.26206
6.0,0.497972,3.28696
6.05,0.497742,3.31185
6.1,0.497539,3.33672
6.15,0.497299,3.36159
6.2,0.497072,3.38644
6.25,0.496843,3.41128
6.3,0.496618,3.43612
6.35,0.496393,3.46093
6.4,0.496143,3.48574
6.45,0.495955,3.51054
6.5,0.495732,3.53533
6.55,0.495584,3.56011
6.6,0.495388,3.58488
6.65,0.495188,3.60963
6.7,0.494977,3.63438
6.75,0.494778,3.65912
6.8,0.494566,3.68385
6.85,0.494387,3.70857
6.9,0.494174,3.73328
6.95,0.493976,3.75798
7.0,0.493793,3.78267
7.05,0.493602,3.80735
7.1,0.493416,3.83202
7.15,0.493229,3.85668
7.2,0.49301,3.88133
7.25,0.492839,3.90597
7.3,0.492653,3.9306
7.35,0.49247,3.95523
7.4,0.492309,3.97984
7.45,0.492128,4.00445
7.5,0.491942,4.02905
7.55,0.491758,4.05364
7.6,0.491569,4.07821
7.65,0.491386,4.10278
7.7,0.491217,4.12734
7.75,0.491052,4.1519
7.8,0.490868,4.17644
7.85,0.490717,4.20098
7.9,0.490549,4.2255
7.95,0.490384,4.25002
8.0,0.490231,4.27453
8.05,0.490087,4.29904
8.1,0.489925,4.32353
8.15,0.48979,4.34802
8.2,0.489645,4.37251
8.25,0.489495,4.39698
8.3,0.489358,4.42145
8.35,0.489218,4.44591
8.4,0.489061,4.47036
8.45,0.488932,4.49481
8.5,0.488811,4.51925
8.55,0.488637,4.54368
8.6,0.48851,4.56811
8.65,0.488369,4.59253
8.7,0.488227,4.61694
8.75,0.488119,4.64134
8.8,0.488,4.66574
8.85,0.487868,4.69014
8.9,0.487752,4.71452
8.95,0.487621,4.7389
9.0,0.487492,4.76328
9.05,0.487374,4.78765
9.1,0.487265,4.81201
9.15,0.48716,4.83637
9.2,0.487042,4.86072
9.25,0.486911,4.88507
9.3,0.486789,4.90941
9.35,0.48667,4.93374
9.4,0.486583,4.95807
9.45,0.486485,4.98239
9.5,0.486419,5.00671
9.55,0.486343,5.03103
9.6,0.48624,5.05534
9.65,0.486133,5.07965
9.7,0.486044,5.10395
9.75,0.485955,5.12825
9.8,0.485868,5.15254
9.85,0.485763,5.17683
9.9,0.485676,5.20112
9.95,0.485595,5.2254
10.0,0.48551,5.24967
10.05,0.48543,5.27394
10.1,0.485362,5.29821
10.15,0.485284,5.32247
10.2,0.485204,5.34673
10.25,0.485127,5.37099
10.3,0.485031,5.39524
10.35,0.484966,5.41949
10.4,0.484903,5.44374
10.45,0.484828,5.46798
10.5,0.484774,5.49222
10.55,0.484709,5.51645
10.6,0.484631,5.54068
10.65,0.48458,5.56491
10.7,0.48453,5.58914
10.75,0.484457,5.61336
10.8,0.484408,5.63758
10.85,0.484357,5.6618
10.9,0.484319,5.68602
10.95,0.484265,5.71023
11.0,0.484222,5.73444
11.05,0.484151,5.75865
11.1,0.484125,5.78285
11.15,0.484071,5.80706
11.2,0.484037,5.83126
11.25,0.484001,5.85546
11.3,0.483957,5.87966
11.35,0.483914,5.90385
11.4,0.483874,5.92805
11.45,0.483833,5.95224
11.5,0.483808,5.97643
11.55,0.483771,6.00062
11.6,0.483716,6.0248
11.65,0.483678,6.04899
11.7,0.483643,6.07317
11.75,0.483602,6.09735
11.8,0.48358,6.12153
11.85,0.483541,6.14571
11.9,0.483519,6.16988
11.95,0.483509,6.19406
12.0,0.483493,6.21823
12.05,0.483471,6.2424
12.1,0.483459,6.26658
12.15,0.483445,6.29075
12.2,0.483425,6.31492
12.25,0.483404,6.33909
12.3,0.483405,6.36326
12.35,0.483407,6.38743
12.4,0.483391,6.4116
12.45,0.483385,6.43577
12.5,0.483394,6.45994
12.55,0.4834,6.48411
12.6,0.483397,6.50828
12.65,0.483407,6.53245
12.7,0.483429,6.55662
12.75,0.483408,6.58079
12.8,0.483424,6.60496
12.85,0.483433,6.62914
12.9,0.483434,6.65331
12.95,0.483444,6.67748
13.0,0.483458,6.70165
13.05,0.483478,6.72583
13.1,0.483478,6.75
13.15,0.483504,6.77418
13.2,0.483516,6.79835
13.25,0.483532,6.82253
13.3,0.483553,6.8467
13.35,0.483565,6.87088
13.4,0.483589,6.89506
13.45,0.483617,6.91924
13.5,0.483623,6.94342
13.55,0.48364,6.96761
13.6,0.483668,6.99179
13.65,0.483701,7.01598
13.7,0.48372,7.04016
13.75,0.483739,7.06435
13.8,0.483766,7.08854
13.85,0.483789,7.11273
13.9,0.48381,7.13692
13.95,0.483857,7.16111
14.0,0.483882,7.1853
14.05,0.483911,7.2095
14.1,0.483946,7.2337
14.15,0.483981,7.2579
14.2,0.484,7.2821
14.25,0.48404,7.3063
14.3,0.484065,7.3305
14.35,0.484117,7.35471
14.4,0.484156,7.37891
14.45,0.484178,7.40312
14.5,0.484204,7.42733
14.55,0.484257,7.45155
14.6,0.484289,7.47576
14.65,0.484337,7.49998
14.7,0.484413,7.5242
14.75,0.484466,7.54842
14.8,0.484506,7.57265
14.85,0.48454,7.59687
14.9,0.484579,7.6211
14.95,0.48464,7.64533
15.0,0.484687,7.66957
15.05,0.484739,7.69381
15.1,0.484783,7.71805
15.15,0.484824,7.74229
15.2,0.484856,7.76653
15.25,0.484894,7.79077
15.3,0.48494,7.81502
15.35,0.484977,7.83927
15.4,0.48505,7.86352
15.45,0.48509,7.88778
15.5,0.485138,7.91203
15.55,0.485192,7.93629
15.6,0.485252,7.96056
15.65,0.485286,7.98482
15.7,0.485325,8.00909
15.75,0.485361,8.03335
15.8,0.485419,8.05763
15.85,0.485468,8.0819
15.9,0.485521,8.10617
15.95,0.485571,8.13045
16.0,0.485625,8.15473
16.05,0.485681,8.17902
16.1,0.485723,8.20331
16.15,0.485776,8.22759
16.2,0.485815,8.25188
16.25,0.48586,8.27618
16.3,0.485901,8.30047
16.35,0.485942,8.32477
16.4,0.485993,8.34907
16.45,0.486034,8.37337
16.5,0.486085,8.39768
16.55,0.48614,8.42198
16.6,0.486192,8.44629
16.65,0.486234,8.4706
16.7,0.486288,8.49492
16.75,0.486351,8.51924
16.8,0.486393,8.54356
16.85,0.486433,8.56788
16.9,0.486479,8.5922
16.95,0.486499,8.61653
17.0,0.486541,8.64085
17.05,0.486584,8.66518
17.1,0.486623,8.68951
17.15,0.486688,8.71385
17.2,0.486719,8.73818
17.25,0.486801,8.76252
17.3,0.486834,8.78687
17.35,0.486882,8.81121
17.4,0.486935,8.83556
17.45,0.486969,8.8599
17.5,0.487007,8.88425
17.55,0.487047,8.90861
17.6,0.487092,8.93296
17.65,0.48714,8.95732
17.7,0.48718,8.98168
17.75,0.487208,9.00604
17.8,0.487248,9.0304
17.85,0.487292,9.05476
17.9,0.487321,9.07913
17.95,0.487365,9.1035
18.0,0.487395,9.12787
18.05,0.487438,9.15224
18.1,0.487477,9.17661
18.15,0.487533,9.20099
18.2,0.487568,9.22537
18.25,0.487613,9.24975
18.3,0.48763,9.27413
18.35,0.487669,9.29852
18.4,0.487714,9.3229
18.45,0.48774,9.34729
18.5,0.487778,9.37168
18.55,0.487809,9.39607
18.6,0.487846,9.42046
18.65,0.48787,9.44485
18.7,0.487914,9.46925
18.75,0.48796,9.49365
18.8,0.487982,9.51805
18.85,0.488017,9.54245
18.9,0.488036,9.56685
18.95,0.48807,9.59125
19.0,0.488101,9.61566
19.05,0.488109,9.64006
19.1,0.488124,9.66447
19.15,0.488154,9.68888
19.2,0.488184,9.71329
19.25,0.488207,9.7377
19.3,0.488228,9.76211
19.35,0.488238,9.78652
19.4,0.488252,9.81093
19.45,0.488272,9.83535
19.5,0.488294,9.85976
19.55,0.488322,9.88418
19.6,0.488367,9.9086
19.65,0.488381,9.93301
19.7,0.488414,9.95743
19.75,0.488438,9.98186
19.8,0.488439,10.0063
19.85,0.488448,10.0307
19.9,0.488472,10.0551
19.95,0.488483,10.0795
20.0,0.488508,10.104
20.05,0.488505,10.1284
20.1,0.48854,10.1528
20.15,0.488567,10.1773
20.2,0.488566,10.2017
20.25,0.488574,10.2261
20.3,0.488589,10.2505
20.35,0.488607,10.275
20.4,0.488611,10.2994
20.45,0.488618,10.3238
20.5,0.488618,10.3483
20.55,0.488626,10.3727
20.6,0.488631,10.3971
20.65,0.488633,10.4216
20.7,0.488639,10.446
20.75,0.488646,10.4704
20.8,0.488625,10.4949
20.85,0.488649,10.5193
20.9,0.488671,10.5437
20.95,0.488676,10.5682
21.0,0.48869,10.5926
21.05,0.488697,10.617
21.1,0.488721,10.6415
21.15,0.488721,10.6659
21.2,0.48874,10.6903
21.25,0.488732,10.7148
21.3,0.488743,10.7392
21.35,0.488752,10.7636
21.4,0.488756,10.7881
21.45,0.488768,10.8125
21.5,0.488772,10.837
21.55,0.488762,10.8614
21.6,0.488787,10.8858
21.65,0.488791,10.9103
21.7,0.488802,10.9347
21.75,0.488807,10.9592
21.8,0.488791,10.9836
21.85,0.488789,11.008
21.9,0.488805,11.0325
21.95,0.488802,11.0569
22.0,0.488808,11.0814
22.05,0.4888,11.1058
22.1,0.488806,11.1302
22.15,0.488811,11.1547
22.2,0.4888,11.1791
22.25,0.488809,11.2036
22.3,0.48882,11.228
22.35,0.488829,11.2524
22.4,0.488823,11.2769
22.45,0.488819,11.3013
22.5,0.488827,11.3258
22.55,0.488817,11.3502
22.6,0.488818,11.3746
22.65,0.488814,11.3991
22.7,0.488819,11.4235
22.75,0.488831,11.448
22.8,0.488815,11.4724
22.85,0.488803,11.4968
22.9,0.48879,11.5213
22.95,0.48879,11.5457
23.0,0.488786,11.5702
23.05,0.488786,11.5946
23.1,0.488796,11.619
23.15,0.488818,11.6435
23.2,0.48881,11.6679
23.25,0.488799,11.6924
23.3,0.4888,11.7168
23.35,0.488797,11.7412
23.4,0.488792,11.7657
23.45,0.488792,11.7901
23.5,0.48878,11.8146
23.55,0.488778,11.839
23.6,0.488769,11.8634
23.65,0.488755,11.8879
23.7,0.488744,11.9123
23.75,0.488764,11.9368
23.8,0.488737,11.9612
23.85,0.488744,11.9856
23.9,0.488746,12.0101
23.95,0.488738,12.0345
24.0,0.488735,12.0589
24.05,0.488719,12.0834
24.1,0.488701,12.1078
24.15,0.488704,12.1322
24.2,0.48869,12.1567
24.25,0.488676,12.1811
24.3,0.488662,12.2055
24.35,0.488675,12.23
24.4,0.488675,12.2544
24.45,0.488685,12.2789
24.5,0.488684,12.3033
24.55,0.488668,12.3277
24.6,0.488666,12.3522
24.65,0.488653,12.3766
24.7,0.488641,12.401
24.75,0.488648,12.4254
24.8,0.48864,12.4499
24.85,0.488628,12.4743
24.9,0.488613,12.4987
24.95,0.488621,12.5232
25.0,0.488605,12.5476
25.05,0.488603,12.572
25.1,0.488579,12.5965
25.15,0.488568,12.6209
25.2,0.488505,12.6453
25.25,0.488505,12.6697
25.3,0.488484,12.6942
25.35,0.488484,12.7186
25.4,0.488466,12.743
25.45,0.488471,12.7674
25.5,0.488489,12.7919
25.55,0.488474,12.8163
25.6,0.488453,12.8407
25.65,0.488463,12.8651
25.7,0.488441,12.8896
25.75,0.488431,12.914
25.8,0.488394,12.9384
25.85,0.488382,12.9628
25.9,0.488364,12.9872
25.95,0.488349,13.0116
26.0,0.488339,13.0361
26.05,0.488317,13.0605
26.1,0.488285,13.0849
26.15,0.488273,13.1093
26.2,0.488256,13.1337
26.25,0.488255,13.1581
26.3,0.488237,13.1825
26.35,0.488207,13.207
26.4,0.488208,13.2314
26.45,0.488186,13.2558
26.5,0.488168,13.2802
26.55,0.488151,13.3046
26.6,0.488144,13.329
26.65,0.48811,13.3534
26.7,0.488102,13.3778
26.75,0.488093,13.4022
26.8,0.488075,13.4266
26.85,0.488067,13.451
26.9,0.488065,13.4754
26.95,0.488034,13.4998
27.0,0.488023,13.5242
27.05,0.488008,13.5486
27.1,0.487988,13.573
27.15,0.487972,13.5974
27.2,0.487951,13.6218
27.25,0.487935,13.6462
27.3,0.487904,13.6706
27.35,0.487897,13.695
27.4,0.48787,13.7194
27.45,0.487836,13.7438
27.5,0.487815,13.7682
27.55,0.487804,13.7926
27.6,0.487785,13.817
27.65,0.487748,13.8414
27.7,0.487728,13.8657
27.75,0.48768,13.8901
27.8,0.487672,13.9145
27.85,0.487644,13.9389
27.9,0.487619,13.9633
27.95,0.487591,13.9877
28.0,0.487586,14.012
28.05,0.487572,14.0364
28.1,0.487553,14.0608
28.15,0.487543,14.0852
28.2,0.487566,14.1095
28.25,0.487548,14.1339
28.3,0.487526,14.1583
28.35,0.487522,14.1827
28.4,0.487499,14.207
28.45,0.487507,14.2314
28.5,0.487491,14.2558
28.55,0.487483,14.2802
28.6,0.487478,14.3045
28.65,0.487433,14.3289
28.7,0.487301,14.3533
28.75,0.487281,14.3776
28.8,0.487254,14.402
28.85,0.487244,14.4264
28.9,0.487226,14.4507
28.95,0.487193,14.4751
29.0,0.487193,14.4995
29.05,0.487169,14.5238
29.1,0.487153,14.5482
29.15,0.487141,14.5725
29.2,0.487118,14.5969
29.25,0.48709,14.6212
29.3,0.487051,14.6456
29.35,0.487036,14.6699
29.4,0.487037,14.6943
29.45,0.487007,14.7186
29.5,0.486974,14.743
29.55,0.486959,14.7673
29.6,0.486942,14.7917
29.65,0.486915,14.816
29.7,0.486897,14.8404
29.75,0.486883,14.8647
29.8,0.486852,14.8891
29.85,0.486823,14.9134
29.9,0.486814,14.9377
29.95,0.486783,14.9621
30.0,0.486769,14.9864
30.05,0.48676,15.0108
30.1,0.486732,15.0351
30.15,0.486725,15.0594
30.2,0.4867,15.0838
30.25,0.486694,15.1081
30.3,0.486671,15.1324
30.35,0.486653,15.1568
30.4,0.48661,15.1811
30.45,0.486591,15.2054
30.5,0.486588,15.2298
30.55,0.486571,15.2541
30.6,0.486548,15.2784
30.65,0.486529,15.3027
30.7,0.486523,15.3271
30.75,0.486501,15.3514
30.8,0.486487,15.3757
30.85,0.486481,15.4
30.9,0.48646,15.4244
30.95,0.486437,15.4487
31.0,0.486414,15.473
31.05,0.486418,15.4973
31.1,0.486342,15.5216
31.15,0.486292,15.546
31.2,0.486266,15.5703
31.25,0.486249,15.5946
31.3,0.486224,15.6189
31.35,0.48621,15.6432
31.4,0.486184,15.6675
31.45,0.48618,15.6918
31.5,0.48615,15.7161
31.55,0.48614,15.7404
31.6,0.486124,15.7647
31.65,0.48612,15.7891
31.7,0.486125,15.8134
31.75,0.486099,15.8377
31.8,0.486111,15.862
31.85,0.486088,15.8863
31.9,0.486088,15.9106
31.95,0.486117,15.9349
32.0,0.486116,15.9592
32.05,0.486082,15.9835
32.1,0.486096,16.0078
32.15,0.486122,16.0321
32.2,0.486191,16.0564
32.25,0.48618,16.0807
32.3,0.486158,16.105
32.35,0.486124,16.1293
32.4,0.486121,16.1536
32.45,0.486093,16.1779
32.5,0.486079,16.2022
32.55,0.486062,16.2266
32.6,0.486041,16.2509
32.65,0.486005,16.2752
32.7,0.485996,16.2995
32.75,0.485988,16.3238
32.8,0.485959,16.3481
32.85,0.485945,16.3723
32.9,0.485921,16.3966
32.95,0.485907,16.4209
33.0,0.485894,16.4452
33.05,0.485865,16.4695
33.1,0.485846,16.4938
33.15,0.485826,16.5181
33.2,0.485821,16.5424
33.25,0.485809,16.5667
33.3,0.485793,16.591
33.35,0.485756,16.6153
33.4,0.485729,16.6396
33.45,0.485698,16.6638
33.5,0.485711,16.6881
33.55,0.48573,16.7124
33.6,0.485717,16.7367
33.65,0.4857,16.761
33.7,0.485678,16.7853
33.75,0.485654,16.8096
33.8,0.485635,16.8338
33.85,0.485631,16.8581
33.9,0.485621,16.8824
33.95,0.485596,16.9067
34.0,0.485587,16.931
34.05,0.485553,16.9552
34.1,0.485541,16.9795
34.15,0.48551,17.0038
34.2,0.485469,17.0281
34.25,0.485457,17.0523
34.3,0.48543,17.0766
34.35,0.485408,17.1009
34.4,0.485394,17.1251
34.45,0.485355,17.1494
34.5,0.485325,17.1737
34.55,0.4853,17.1979
34.6,0.485271,17.2222
34.65,0.485245,17.2465
34.7,0.485233,17.2707
34.75,0.485197,17.295
34.8,0.485151,17.3192
34.85,0.485111,17.3435
34.9,0.485077,17.3678
34.95,0.485049,17.392
35.0,0.485043,17.4163
35.05,0.485028,17.4405
35.1,0.484993,17.4648
35.15,0.484974,17.489
35.2,0.484937,17.5133
35.25,0.484911,17.5375
35.3,0.484904,17.5617
35.35,0.484904,17.586
35.4,0.4849,17.6102
35.45,0.484876,17.6345
35.5,0.484852,17.6587
35.55,0.484826,17.683
35.6,0.484838,17.7072
35.65,0.48483,17.7315
35.7,0.484793,17.7557
35.75,0.484784,17.7799
35.8,0.484758,17.8042
35.85,0.484728,17.8284
35.9,0.484707,17.8526
35.95,0.484689,17.8769
36.0,0.484667,17.9011
36.05,0.484644,17.9253
36.1,0.484653,17.9496
36.15,0.484631,17.9738
36.2,0.48462,17.998
36.25,0.484581,18.0223
36.3,0.484537,18.0465
36.35,0.48452,18.0707
36.4,0.484514,18.0949
36.45,0.484482,18.1192
36.5,0.484452,18.1434
36.55,0.484418,18.1676
36.6,0.484396,18.1918
36.65,0.48439,18.216
36.7,0.484378,18.2403
36.75,0.48435,18.2645
36.8,0.484336,18.2887
36.85,0.484308,18.3129
36.9,0.484279,18.3371
36.95,0.484257,18.3613
37.0,0.484227,18.3856
37.05,0.484216,18.4098
37.1,0.484186,18.434
37.15,0.484146,18.4582
37.2,0.48412,18.4824
37.25,0.484095,18.5066
37.3,0.484069,18.5308
37.35,0.48404,18.555
37.4,0.484028,18.5792
37.45,0.483995,18.6034
37.5,0.48395,18.6276
37.55,0.483929,18.6518
37.6,0.483914,18.676
37.65,0.483895,18.7002
37.7,0.483883,18.7244
37.75,0.483855,18.7486
37.8,0.483843,18.7728
37.85,0.483835,18.797
37.9,0.483782,18.8211
37.95,0.483773,18.8453
38.0,0.483757,18.8695
38.05,0.483711,18.8937
38.1,0.4837,18.9179
38.15,0.483684,18.9421
38.2,0.483679,18.9663
38.25,0.483656,18.9904
38.3,0.483625,19.0146
38.35,0.483612,19.0388
38.4,0.483588,19.063
38.45,0.483566,19.0872
38.5,0.483525,19.1113
38.55,0.483536,19.1355
38.6,0.483513,19.1597
38.65,0.483483,19.1839
38.7,0.483458,19.208
38.75,0.483437,19.2322
38.8,0.483421,19.2564
38.85,0.483404,19.2806
38.9,0.483368,19.3047
38.95,0.483364,19.3289
39.0,0.483326,19.3531
39.05,0.48329,19.3772
39.1,0.483277,19.4014
39.15,0.483265,19.4255
39.2,0.483246,19.4497
39.25,0.48323,19.4739
39.3,0.483198,19.498
39.35,0.483186,19.5222
39.4,0.483181,19.5463
39.45,0.483179,19.5705
39.5,0.483135,19.5947
39.55,0.483106,19.6188
39.6,0.482981,19.643
39.65,0.482915,19.6671
39.7,0.482878,19.6913
39.75,0.48286,19.7154
39.8,0.482849,19.7395
39.85,0.482839,19.7637
39.9,0.482809,19.7878
39.95,0.482784,19.812
40.0,0.482761,19.8361
40.05,0.482729,19.8602
40.1,0.48271,19.8844
40.15,0.482693,19.9085
40.2,0.482677,19.9326
40.25,0.482656,19.9568
40.3,0.482629,19.9809
40.35,0.482581,20.005
40.4,0.482549,20.0292
40.45,0.482534,20.0533
40.5,0.482512,20.0774
40.55,0.482497,20.1015
40.6,0.48248,20.1257
40.65,0.482447,20.1498
40.7,0.482433,20.1739
40.75,0.482426,20.198
40.8,0.482419,20.2222
40.85,0.482384,20.2463
40.9,0.482387,20.2704
40.95,0.482347,20.2945
41.0,0.482314,20.3186
41.05,0.482298,20.3427
41.1,0.482249,20.3668
41.15,0.482222,20.391
41.2,0.482186,20.4151
41.25,0.482178,20.4392
41.3,0.482159,20.4633
41.35,0.482128,20.4874
41.4,0.482094,20.5115
41.45,0.482083,20.5356
41.5,0.48204,20.5597
41.55,0.482012,20.5838
41.6,0.481977,20.6079
41.65,0.481963,20.632
41.7,0.481934,20.6561
41.75,0.481897,20.6802
41.8,0.481873,20.7043
41.85,0.481843,20.7284
41.9,0.481817,20.7525
41.95,0.481794,20.7766
42.0,0.481781,20.8006
42.05,0.481762,20.8247
42.1,0.481729,20.8488
42.15,0.481704,20.8729
42.2,0.481677,20.897
42.25,0.481659,20.9211
42.3,0.481643,20.9452
42.35,0.481612,20.9692
42.4,0.481587,20.9933
42.45,0.481559,21.0174
42.5,0.481487,21.0415
42.55,0.481425,21.0655
42.6,0.481384,21.0896
42.65,0.481352,21.1137
42.7,0.481264,21.1377
42.75,0.481243,21.1618
42.8,0.481212,21.1859
42.85,0.481165,21.2099
42.9,0.481138,21.234
42.95,0.481111,21.258
43.0,0.481086,21.2821
43.05,0.481052,21.3061
43.1,0.481017,21.3302
43.15,0.480986,21.3542
43.2,0.480954,21.3783
43.25,0.480931,21.4023
43.3,0.480907,21.4264
43.35,0.480881,21.4504
43.4,0.480777,21.4745
43.45,0.480697,21.4985
43.5,0.480658,21.5225
43.55,0.480632,21.5466
43.6,0.480597,21.5706
43.65,0.480577,21.5946
43.7,0.480549,21.6186
43.75,0.480518,21.6427
43.8,0.480495,21.6667
43.85,0.480472,21.6907
43.9,0.480446,21.7147
43.95,0.480415,21.7388
44.0,0.480385,21.7628
44.05,0.480359,21.7868
44.1,0.480329,21.8108
44.15,0.480294,21.8348
44.2,0.480261,21.8588
44.25,0.480223,21.8829
44.3,0.480196,21.9069
44.35,0.480177,21.9309
44.4,0.480169,21.9549
44.45,0.480147,21.9789
44.5,0.480127,22.0029
44.55,0.480115,22.0269
44.6,0.480072,22.0509
44.65,0.480062,22.0749
44.7,0.480035,22.0989
44.75,0.480009,22.1229
44.8,0.479987,22.1469
44.85,0.479956,22.1709
44.9,0.479921,22.1949
44.95,0.479879,22.2189
45.0,0.479683,22.2429
45.05,0.479349,22.2669
45.1,0.479287,22.2908
45.15,0.479277,22.3148
45.2,0.479242,22.3387
45.25,0.479221,22.3627
45.3,0.479192,22.3867
45.35,0.479159,22.4106
45.4,0.479118,22.4346
45.45,0.479112,22.4585
45.5,0.479097,22.4825
45.55,0.479067,22.5064
45.6,0.479021,22.5304
45.65,0.478999,22.5543
45.7,0.478991,22.5783
45.75,0.478948,22.6022
45.8,0.478927,22.6262
45.85,0.478909,22.6501
45.9,0.478888,22.6741
45.95,0.478855,22.698
46.0,0.478834,22.722
46.05,0.478821,22.7459
46.1,0.47879,22.7698
46.15,0.478762,22.7938
46.2,0.47873,22.8177
46.25,0.4787,22.8417
46.3,0.478679,22.8656
46.35,0.478642,22.8895
46.4,0.478612,22.9134
46.45,0.478591,22.9374
46.5,0.478549,22.9613
46.55,0.47851,22.9852
46.6,0.478482,23.0092
46.65,0.47846,23.0331
46.7,0.478418,23.057
46.75,0.478409,23.0809
46.8,0.47838,23.1048
46.85,0.478366,23.1288
46.9,0.478335,23.1527
46.95,0.47831,23.1766
47.0,0.478288,23.2005
47.05,0.47826,23.2244
47.1,0.47823,23.2483
47.15,0.478215,23.2722
47.2,0.478215,23.2961
47.25,0.478213,23.3201
47.3,0.478186,23.344
47.35,0.478161,23.3679
47.4,0.478137,23.3918
47.45,0.478125,23.4157
47.5,0.478104,23.4396
47.55,0.478087,23.4635
47.6,0.47807,23.4874
47.65,0.478047,23.5113
47.7,0.478028,23.5352
47.75,0.47802,23.5591
47.8,0.478003,23.583
47.85,0.477975,23.6069
47.9,0.477974,23.6308
47.95,0.477948,23.6547
48.0,0.477921,23.6786
48.05,0.477904,23.7025
48.1,0.477872,23.7264
48.15,0.477851,23.7503
48.2,0.477822,23.7742
48.25,0.477805,23.7981
48.3,0.477783,23.822
48.35,0.47775,23.8458
48.4,0.47773,23.8697
48.45,0.477707,23.8936
48.5,0.477679,23.9175
48.55,0.477658,23.9414
48.6,0.477633,23.9653
48.65,0.477592,23.9891
48.7,0.47754,24.013
48.75,0.477516,24.0369
48.8,0.477503,24.0608
48.85,0.477482,24.0846
48.9,0.477464,24.1085
48.95,0.47745,24.1324
49.0,0.477411,24.1563
49.05,0.477412,24.1801
49.1,0.477376,24.204
49.15,0.477351,24.2279
49.2,0.477335,24.2517
49.25,0.477319,24.2756
49.3,0.477301,24.2995
49.35,0.477274,24.3233
49.4,0.477252,24.3472
49.45,0.47723,24.371
49.5,0.477208,24.3949
49.55,0.477175,24.4188
49.6,0.477154,24.4426
49.65,0.477133,24.4665
49.7,0.477088,24.4903
49.75,0.477061,24.5142
49.8,0.47703,24.538
49.85,0.476993,24.5619
49.9,0.476963,24.5857
49.95,0.476949,24.6096
50.0,0.476919,24.6334
50.05,0.476886,24.6573
50.1,0.476859,24.6811
50.15,0.47684,24.705
50.2,0.476788,24.7288
50.25,0.476779,24.7526
50.3,0.476742,24.7765
50.35,0.476695,24.8003
50.4,0.476659,24.8241
50.45,0.476644,24.848
50.5,0.476602,24.8718
50.55,0.47659,24.8956
50.6,0.476563,24.9195
50.65,0.476527,24.9433
50.7,0.476494,24.9671
50.75,0.476455,24.9909
50.8,0.476435,25.0148
50.85,0.476409,25.0386
50.9,0.476384,25.0624
50.95,0.47635,25.0862
51.0,0.476338,25.11
51.05,0.476318,25.1339
51.1,0.476304,25.1577
51.15,0.476286,25.1815
51.2,0.476252,25.2053
51.25,0.476233,25.2291
51.3,0.476202,25.2529
51.35,0.476189,25.2767
51.4,0.476192,25.3005
51.45,0.476164,25.3243
51.5,0.476145,25.3481
51.55,0.476114,25.372
51.6,0.476099,25.3958
51.65,0.476083,25.4196
51.7,0.476083,25.4434
51.75,0.476058,25.4672
51.8,0.476038,25.491
51.85,0.47601,25.5148
51.9,0.475995,25.5386
51.95,0.475959,25.5624
52.0,0.475925,25.5862
52.05,0.47578,25.61
52.1,0.475734,25.6337
52.15,0.475721,25.6575
52.2,0.475705,25.6813
52.25,0.475665,25.7051
52.3,0.475644,25.7289
52.35,0.475609,25.7527
52.4,0.475591,25.7764
52.45,0.475569,25.8002
52.5,0.475561,25.824
52.55,0.475519,25.8478
52.6,0.475493,25.8715
52.65,0.475463,25.8953
52.7,0.475434,25.9191
52.75,0.475414,25.9429
52.8,0.4754,25.9666
52.85,0.475389,25.9904
52.9,0.475355,26.0142
52.95,0.475345,26.0379
53.0,0.475333,26.0617
53.05,0.475308,26.0855
53.1,0.475284,26.1092
53.15,0.475273,26.133
53.2,0.475251,26.1568
53.25,0.475228,26.1805
53.3,0.475195,26.2043
53.35,0.475178,26.228
53.4,0.475145,26.2518
53.45,0.474679,26.2755
53.5,0.474578,26.2993
53.55,0.474541,26.323
53.6,0.474512,26.3467
53.65,0.474485,26.3704
53.7,0.474457,26.3942
53.75,0.474433,26.4179
53.8,0.474414,26.4416
53.85,0.4744,26.4653
53.9,0.474382,26.489
53.95,0.474356,26.5128
54.0,0.47433,26.5365
54.05,0.474297,26.5602
54.1,0.474265,26.5839
54.15,0.474266,26.6076
54.2,0.474253,26.6313
54.25,0.47422,26.655
54.3,0.474213,26.6787
54.35,0.474183,26.7025
54.4,0.474162,26.7262
54.45,0.474128,26.7499
54.5,0.47412,26.7736
54.55,0.474093,26.7973
54.6,0.474081,26.821
54.65,0.474059,26.8447
54.7,0.47403,26.8684
54.75,0.47401,26.8921
54.8,0.473993,26.9158
54.85,0.473971,26.9395
54.9,0.473941,26.9632
54.95,0.473903,26.9869
55.0,0.473883,27.0106
55.05,0.473835,27.0343
55.1,0.473808,27.058
55.15,0.473776,27.0816
55.2,0.473761,27.1053
55.25,0.473724,27.129
55.3,0.473697,27.1527
55.35,0.473669,27.1764
55.4,0.473647,27.2001
55.45,0.473624,27.2238
55.5,0.473611,27.2474
55.55,0.473598,27.2711
55.6,0.473575,27.2948
55.65,0.473564,27.3185
55.7,0.473528,27.3421
55.75,0.473486,27.3658
55.8,0.473462,27.3895
55.85,0.473443,27.4132
55.9,0.473396,27.4368
55.95,0.473371,27.4605
56.0,0.473164,27.4842
56.05,0.472712,27.5078
56.1,0.472637,27.5314
56.15,0.472604,27.5551
56.2,0.472573,27.5787
56.25,0.472549,27.6023
56.3,0.472517,27.6259
56.35,0.472477,27.6496
56.4,0.472447,27.6732
56.45,0.47242,27.6968
56.5,0.472407,27.7204
56.55,0.472365,27.7441
56.6,0.472316,27.7677
56.65,0.472303,27.7913
56.7,0.472279,27.8149
56.75,0.472235,27.8385
56.8,0.472187,27.8621
56.85,0.472162,27.8857
56.9,0.472131,27.9093
56.95,0.472123,27.9329
57.0,0.472089,27.9565
57.05,0.472072,27.9801
57.1,0.472038,28.0037
57.15,0.472025,28.0273
57.2,0.47199,28.0509
57.25,0.471984,28.0745
57.3,0.471957,28.0981
57.35,0.471921,28.1217
57.4,0.471898,28.1453
57.45,0.471854,28.1689
57.5,0.471785,28.1925
57.55,0.471727,28.2161
57.6,0.471698,28.2397
57.65,0.471682,28.2633
57.7,0.471652,28.2869
57.75,0.471626,28.3104
57.8,0.471606,28.334
57.85,0.471577,28.3576
57.9,0.471546,28.3812
57.95,0.471537,28.4048
58.0,0.471526,28.4283
58.05,0.471497,28.4519
58.1,0.471462,28.4755
58.15,0.47144,28.499
58.2,0.471411,28.5226
58.25,0.47139,28.5462
58.3,0.471376,28.5698
58.35,0.471344,28.5933
58.4,0.471312,28.6169
58.45,0.471305,28.6405
58.5,0.471276,28.664
58.55,0.471239,28.6876
58.6,0.471201,28.7111
58.65,0.471155,28.7347
58.7,0.471117,28.7583
58.75,0.471108,28.7818
58.8,0.471056,28.8054
58.85,0.471034,28.8289
58.9,0.470999,28.8525
58.95,0.470954,28.876
59.0,0.470929,28.8996
59.05,0.470913,28.9231
59.1,0.470897,28.9466
59.15,0.470879,28.9702
59.2,0.470848,28.9937
59.25,0.470817,29.0173
59.3,0.470801,29.0408
59.35,0.470795,29.0644
59.4,0.470757,29.0879
59.45,0.470743,29.1114
59.5,0.470715,29.135
59.55,0.470691,29.1585
59.6,0.470653,29.182
59.65,0.470622,29.2056
59.7,0.47061,29.2291
59.75,0.470586,29.2526
59.8,0.470573,29.2762
59.85,0.47056,29.2997
59.9,0.47053,29.3232
59.95,0.470493,29.3467
60.0,0.470486,29.3703
60.05,0.470471,29.3938
60.1,0.470442,29.4173
60.15,0.470436,29.4408
60.2,0.47041,29.4643
60.25,0.470379,29.4879
60.3,0.470337,29.5114
60.35,0.470277,29.5349
60.4,0.470238,29.5584
60.45,0.470176,29.5819
60.5,0.47015,29.6054
60.55,0.47014,29.6289
60.6,0.470092,29.6524
60.65,0.470039,29.6759
60.7,0.470029,29.6994
60.75,0.470012,29.7229
60.8,0.469996,29.7464
60.85,0.469981,29.7699
60.9,0.469944,29.7934
60.95,0.469928,29.8169
61.0,0.469882,29.8404
61.05,0.469871,29.8639
61.1,0.469829,29.8874
61.15,0.469824,29.9109
61.2,0.469825,29.9344
61.25,0.469799,29.9579
61.3,0.469758,29.9814
61.35,0.469721,30.0049
61.4,0.469703,30.0283
61.45,0.469713,30.0518
61.5,0.469702,30.0753
61.55,0.469687,30.0988
61.6,0.469645,30.1223
61.65,0.469622,30.1458
61.7,0.469597,30.1692
61.75,0.46958,30.1927
61.8,0.469565,30.2162
61.85,0.469542,30.2397
61.9,0.469513,30.2631
61.95,0.469478,30.2866
62.0,0.469427,30.3101
62.05,0.469401,30.3336
62.1,0.469382,30.357
62.15,0.469357,30.3805
62.2,0.469322,30.404
62.25,0.469313,30.4274
62.3,0.469281,30.4509
62.35,0.469254,30.4744
62.4,0.469208,30.4978
62.45,0.46919,30.5213
62.5,0.469185,30.5447
62.55,0.469204,30.5682
62.6,0.469173,30.5917
62.65,0.469151,30.6151
62.7,0.469115,30.6386
62.75,0.469076,30.662
62.8,0.469053,30.6855
62.85,0.469021,30.7089
62.9,0.468986,30.7324
62.95,0.468963,30.7558
63.0,0.468935,30.7793
63.05,0.46891,30.8027
63.1,0.468891,30.8262
63.15,0.468857,30.8496
63.2,0.468831,30.873
63.25,0.468811,30.8965
63.3,0.468791,30.9199
63.35,0.468762,30.9434
63.4,0.468735,30.9668
63.45,0.468688,30.9902
63.5,0.468684,31.0137
63.55,0.468655,31.0371
63.6,0.468608,31.0605
63.65,0.468579,31.084
63.7,0.46855,31.1074
63.75,0.468533,31.1308
63.8,0.468505,31.1542
63.85,0.468523,31.1777
63.9,0.468487,31.2011
63.95,0.468462,31.2245
64.0,0.468441,31.2479
64.05,0.468421,31.2714
64.1,0.468407,31.2948
64.15,0.46837,31.3182
64.2,0.468331,31.3416
64.25,0.468304,31.365
64.3,0.468271,31.3884
64.35,0.468246,31.4119
64.4,0.468213,31.4353
64.45,0.468193,31.4587
64.5,0.468154,31.4821
64.55,0.468131,31.5055
64.6,0.468107,31.5289
64.65,0.468083,31.5523
64.7,0.468063,31.5757
64.75,0.468052,31.5991
64.8,0.468018,31.6225
64.85,0.467995,31.6459
64.9,0.467974,31.6693
64.95,0.467945,31.6927
65.0,0.467911,31.7161
65.05,0.467909,31.7395
65.1,0.467714,31.7629
65.15,0.467412,31.7862
65.2,0.467381,31.8096
65.25,0.467338,31.833
65.3,0.467312,31.8563
65.35,0.467286,31.8797
65.4,0.467267,31.9031
65.45,0.467252,31.9264
65.5,0.467236,31.9498
65.55,0.46721,31.9732
65.6,0.467187,31.9965
65.65,0.46716,32.0199
65.7,0.467149,32.0432
65.75,0.467126,32.0666
65.8,0.467093,32.0899
65.85,0.467067,32.1133
65.9,0.467035,32.1367
65.95,0.467019,32.16
66.0,0.46698,32.1834
66.05,0.46696,32.2067
66.1,0.466945,32.23
66.15,0.466932,32.2534
66.2,0.466889,32.2767
66.25,0.466856,32.3001
66.3,0.46683,32.3234
66.35,0.466795,32.3468
66.4,0.466772,32.3701
66.45,0.466733,32.3934
66.5,0.466702,32.4168
66.55,0.466654,32.4401
66.6,0.466615,32.4634
66.65,0.466578,32.4868
66.7,0.466537,32.5101
66.75,0.466519,32.5334
66.8,0.46649,32.5567
66.85,0.466448,32.5801
66.9,0.466423,32.6034
66.95,0.466387,32.6267
67.0,0.46637,32.65
67.05,0.466351,32.6733
67.1,0.46631,32.6967
67.15,0.466285,32.72
67.2,0.466248,32.7433
67.25,0.466207,32.7666
67.3,0.466162,32.7899
67.35,0.466138,32.8132
67.4,0.466104,32.8365
67.45,0.466088,32.8598
67.5,0.46607,32.8831
67.55,0.466025,32.9064
67.6,0.465985,32.9297
67.65,0.46594,32.953
67.7,0.465879,32.9763
67.75,0.465846,32.9996
67.8,0.465845,33.0229
67.85,0.465833,33.0462
67.9,0.465809,33.0695
67.95,0.465768,33.0928
68.0,0.465741,33.1161
68.05,0.465695,33.1393
68.1,0.465504,33.1626
68.15,0.46543,33.1859
68.2,0.465407,33.2092
68.25,0.465391,33.2324
68.3,0.465362,33.2557
68.35,0.465328,33.279
68.4,0.465298,33.3022
68.45,0.465272,33.3255
68.5,0.465245,33.3488
68.55,0.465216,33.372
68.6,0.465191,33.3953
68.65,0.465142,33.4185
68.7,0.46511,33.4418
68.75,0.46511,33.465
68.8,0.465093,33.4883
68.85,0.465146,33.5116
68.9,0.465138,33.5348
68.95,0.465109,33.5581
69.0,0.465057,33.5813
69.05,0.465021,33.6046
69.1,0.465004,33.6278
69.15,0.464985,33.6511
69.2,0.464971,33.6743
69.25,0.464953,33.6976
69.3,0.464934,33.7208
69.35,0.464911,33.7441
69.4,0.4649,33.7673
69.45,0.464895,33.7905
69.5,0.464828,33.8138
69.55,0.464309,33.837
69.6,0.464117,33.8602
69.65,0.464111,33.8834
69.7,0.464095,33.9066
69.75,0.464068,33.9298
69.8,0.464051,33.953
69.85,0.464009,33.9762
69.9,0.463977,33.9994
69.95,0.463895,34.0226
70.0,0.463726,34.0458
70.05,0.463671,34.069
70.1,0.463624,34.0922
70.15,0.463596,34.1154
70.2,0.463568,34.1385
70.25,0.463536,34.1617
70.3,0.463505,34.1849
70.35,0.463469,34.2081
70.4,0.463431,34.2312
70.45,0.463388,34.2544
70.5,0.463361,34.2776
70.55,0.463322,34.3007
70.6,0.463304,34.3239
70.65,0.463261,34.3471
70.7,0.463229,34.3702
70.75,0.463212,34.3934
70.8,0.463162,34.4165
70.85,0.463136,34.4397
70.9,0.463099,34.4628
70.95,0.46307,34.486
71.0,0.463037,34.5092
71.05,0.463003,34.5323
71.1,0.462916,34.5555
71.15,0.462858,34.5786
71.2,0.462807,34.6017
71.25,0.462785,34.6249
71.3,0.462754,34.648
71.35,0.462732,34.6712
71.4,0.462696,34.6943
71.45,0.462663,34.7174
71.5,0.462618,34.7405
71.55,0.462603,34.7637
71.6,0.462569,34.7868
71.65,0.462542,34.8099
71.7,0.462501,34.8331
71.75,0.46242,34.8562
71.8,0.462376,34.8793
71.85,0.462343,34.9024
71.9,0.462277,34.9255
71.95,0.462245,34.9486
72.0,0.462241,34.9718
72.05,0.462192,34.9949
72.1,0.462182,35.018
72.15,0.46215,35.0411
72.2,0.462121,35.0642
72.25,0.462082,35.0873
72.3,0.462057,35.1104
72.35,0.462044,35.1335
72.4,0.462003,35.1566
72.45,0.46195,35.1797
72.5,0.461918,35.2028
72.55,0.461873,35.2259
72.6,0.461824,35.249
72.65,0.461804,35.2721
72.7,0.461739,35.2952
72.75,0.46171,35.3182
72.8,0.461665,35.3413
72.85,0.461603,35.3644
72.9,0.461535,35.3875
72.95,0.461452,35.4105
73.0,0.461114,35.4336
73.05,0.46083,35.4566
73.1,0.460771,35.4797
73.15,0.460659,35.5027
73.2,0.460607,35.5257
73.25,0.460556,35.5488
73.3,0.460502,35.5718
73.35,0.460464,35.5948
73.4,0.460457,35.6178
73.45,0.460425,35.6409
73.5,0.460384,35.6639
73.55,0.460363,35.6869
73.6,0.460303,35.7099
73.65,0.460282,35.7329
73.7,0.460256,35.7559
73.75,0.460236,35.779
73.8,0.460183,35.802
73.85,0.460152,35.825
73.9,0.460126,35.848
73.95,0.460078,35.871
74.0,0.459824,35.894
74.05,0.459748,35.917
74.1,0.459713,35.9399
74.15,0.459704,35.9629
74.2,0.459677,35.9859
74.25,0.459654,36.0089
74.3,0.459614,36.0319
74.35,0.459582,36.0549
74.4,0.459551,36.0778
74.45,0.459515,36.1008
74.5,0.459489,36.1238
74.55,0.45947,36.1468
74.6,0.459449,36.1697
74.65,0.459411,36.1927
74.7,0.459384,36.2157
74.75,0.459361,36.2386
74.8,0.459321,36.2616
74.85,0.45931,36.2846
74.9,0.45928,36.3075
74.95,0.459236,36.3305
75.0,0.459209,36.3535
75.05,0.459167,36.3764
75.1,0.459149,36.3994
75.15,0.459106,36.4223
75.2,0.459085,36.4453
75.25,0.459065,36.4682
75.3,0.459021,36.4912
75.35,0.458994,36.5141
75.4,0.458958,36.5371
75.45,0.458949,36.56
75.5,0.458916,36.583
75.55,0.458905,36.6059
75.6,0.458872,36.6289
75.65,0.458841,36.6518
75.7,0.4588,36.6748
75.75,0.458761,36.6977
75.8,0.458748,36.7206
75.85,0.458736,36.7436
75.9,0.458697,36.7665
75.95,0.45867,36.7894
76.0,0.45864,36.8124
76.05,0.45861,36.8353
76.1,0.458576,36.8582
76.15,0.458546,36.8812
76.2,0.458525,36.9041
76.25,0.458492,36.927
76.3,0.458468,36.9499
76.35,0.458449,36.9728
76.4,0.458409,36.9958
76.45,0.458381,37.0187
76.5,0.45834,37.0416
76.55,0.458305,37.0645
76.6,0.458274,37.0874
76.65,0.458247,37.1103
76.7,0.458209,37.1333
76.75,0.458085,37.1562
76.8,0.457903,37.1791
76.85,0.457872,37.202
76.9,0.457859,37.2248
76.95,0.457812,37.2477
77.0,0.457803,37.2706
77.05,0.457769,37.2935
77.1,0.457741,37.3164
77.15,0.457709,37.3393
77.2,0.457687,37.3622
77.25,0.457672,37.3851
77.3,0.457641,37.4079
77.35,0.457612,37.4308
77.4,0.457593,37.4537
77.45,0.457562,37.4766
77.5,0.457551,37.4995
77.55,0.457513,37.5223
77.6,0.457501,37.5452
77.65,0.457464,37.5681
77.7,0.457432,37.5909
77.75,0.457419,37.6138
77.8,0.457369,37.6367
77.85,0.457332,37.6595
77.9,0.457297,37.6824
77.95,0.457263,37.7053
78.0,0.457231,37.7281
78.05,0.4572,37.751
78.1,0.457165,37.7739
78.15,0.457133,37.7967
78.2,0.457098,37.8196
78.25,0.45706,37.8424
78.3,0.457043,37.8653
78.35,0.457012,37.8881
78.4,0.45696,37.911
78.45,0.456905,37.9338
78.5,0.456713,37.9567
78.55,0.456672,37.9795
78.6,0.456616,38.0023
78.65,0.456586,38.0252
78.7,0.456554,38.048
78.75,0.456499,38.0708
78.8,0.456467,38.0936
78.85,0.45643,38.1164
78.9,0.456389,38.1393
78.95,0.456357,38.1621
79.0,0.456314,38.1849
79.05,0.456275,38.2077
79.1,0.45623,38.2305
79.15,0.456171,38.2533
79.2,0.456114,38.2761
79.25,0.456086,38.2989
79.3,0.456072,38.3217
79.35,0.456023,38.3445
79.4,0.456021,38.3673
79.45,0.456173,38.3902
79.5,0.456137,38.413
79.55,0.456108,38.4358
79.6,0.45607,38.4586
79.65,0.456023,38.4814
79.7,0.455975,38.5042
79.75,0.455924,38.527
79.8,0.455972,38.5498
79.85,0.455973,38.5726
79.9,0.455928,38.5954
79.95,0.45587,38.6182
80.0,0.455818,38.6409
80.05,0.455738,38.6637
80.1,0.455662,38.6865
80.15,0.455622,38.7093
80.2,0.455568,38.7321
80.25,0.455523,38.7549
80.3,0.455475,38.7776
80.35,0.455398,38.8004
80.4,0.45534,38.8232
80.45,0.455256,38.8459
80.5,0.455196,38.8687
80.55,0.455147,38.8914
80.6,0.455117,38.9142
80.65,0.455082,38.937
80.7,0.455035,38.9597
80.75,0.455,38.9825
80.8,0.454963,39.0052
80.85,0.454909,39.028
80.9,0.454848,39.0507
80.95,0.454887,39.0734
81.0,0.454984,39.0962
81.05,0.454939,39.1189
81.1,0.454897,39.1417
81.15,0.454896,39.1644
81.2,0.454843,39.1872
81.25,0.455009,39.2099
81.3,0.455862,39.2327
81.35,0.45581,39.2555
81.4,0.455915,39.2783
81.45,0.455783,39.3011
81.5,0.455857,39.3239
81.55,0.455939,39.3467
81.6,0.455905,39.3695
81.65,0.455853,39.3923
81.7,0.455683,39.415
81.75,0.455658,39.4378
81.8,0.455723,39.4606
81.85,0.455796,39.4834
81.9,0.455783,39.5062
81.95,0.455736,39.529
82.0,0.455734,39.5518
82.05,0.455726,39.5746
82.1,0.455712,39.5973
82.15,0.455683,39.6201
82.2,0.455628,39.6429
82.25,0.455553,39.6657
82.3,0.455521,39.6885
82.35,0.455499,39.7112
82.4,0.455463,39.734
82.45,0.455411,39.7568
82.5,0.455383,39.7795
82.55,0.455328,39.8023
82.6,0.455264,39.8251
82.65,0.455222,39.8478
82.7,0.455192,39.8706
82.75,0.455149,39.8934
82.8,0.455115,39.9161
82.85,0.455107,39.9389
82.9,0.455063,39.9616
82.95,0.455025,39.9844
83.0,0.455003,40.0071
83.05,0.45497,40.0299
83.1,0.454947,40.0526
83.15,0.454906,40.0754
83.2,0.454865,40.0981
83.25,0.454828,40.1208
83.3,0.454799,40.1436
83.35,0.454772,40.1663
83.4,0.454732,40.1891
83.45,0.454691,40.2118
83.5,0.454652,40.2345
83.55,0.454606,40.2573
83.6,0.454536,40.28
83.65,0.45451,40.3027
83.7,0.454481,40.3254
83.75,0.454451,40.3482
83.8,0.454426,40.3709
83.85,0.454395,40.3936
83.9,0.454368,40.4163
83.95,0.454326,40.439
84.0,0.454301,40.4617
84.05,0.454488,40.4845
84.1,0.454489,40.5072
84.15,0.454472,40.5299
84.2,0.454452,40.5526
84.25,0.454429,40.5754
84.3,0.4544,40.5981
84.35,0.454371,40.6208
84.4,0.45434,40.6435
84.45,0.454309,40.6662
84.5,0.454271,40.6889
84.55,0.45424,40.7117
84.6,0.454199,40.7344
84.65,0.454156,40.7571
84.7,0.454117,40.7798
84.75,0.454069,40.8025
84.8,0.454029,40.8252
84.85,0.453978,40.8479
84.9,0.453941,40.8706
84.95,0.453894,40.8933
85.0,0.453847,40.916
85.05,0.453802,40.9387
85.1,0.45375,40.9613
85.15,0.453707,40.984
85.2,0.45365,41.0067
85.25,0.453624,41.0294
85.3,0.453594,41.0521
85.35,0.453561,41.0748
85.4,0.453511,41.0974
85.45,0.453473,41.1201
85.5,0.453435,41.1428
85.55,0.453401,41.1654
85.6,0.453341,41.1881
85.65,0.453311,41.2108
85.7,0.453283,41.2334
85.75,0.453234,41.2561
85.8,0.45318,41.2788
85.85,0.453129,41.3014
85.9,0.453074,41.3241
85.95,0.453003,41.3467
86.0,0.452963,41.3694
86.05,0.452908,41.392
86.1,0.452871,41.4147
86.15,0.45282,41.4373
86.2,0.45276,41.4599
86.25,0.452717,41.4826
86.3,0.452688,41.5052
86.35,0.452648,41.5278
86.4,0.452607,41.5505
86.45,0.452557,41.5731
86.5,0.452498,41.5957
86.55,0.452358,41.6183
86.6,0.452238,41.641
86.65,0.452178,41.6636
86.7,0.45213,41.6862
86.75,0.452096,41.7088
86.8,0.452057,41.7314
86.85,0.451991,41.754
86.9,0.451949,41.7766
86.95,0.451892,41.7992
87.0,0.451812,41.8218
87.05,0.451802,41.8444
87.1,0.451764,41.8669
87.15,0.451724,41.8895
87.2,0.451674,41.9121
87.25,0.451627,41.9347
87.3,0.451585,41.9573
87.35,0.451522,41.9798
87.4,0.451461,42.0024
87.45,0.451404,42.025
87.5,0.451354,42.0476
87.55,0.451304,42.0701
87.6,0.451243,42.0927
87.65,0.451229,42.1152
87.7,0.451195,42.1378
87.75,0.451158,42.1604
87.8,0.451127,42.1829
87.85,0.451069,42.2055
87.9,0.451008,42.228
87.95,0.450933,42.2506
88.0,0.450781,42.2731
88.05,0.450673,42.2956
88.1,0.450612,42.3182
88.15,0.450554,42.3407
88.2,0.450448,42.3632
88.25,0.450385,42.3857
88.3,0.450325,42.4083
88.35,0.450248,42.4308
88.4,0.45019,42.4533
88.45,0.450125,42.4758
88.5,0.450054,42.4983
88.55,0.449976,42.5208
88.6,0.449922,42.5433
88.65,0.449865,42.5658
88.7,0.449906,42.5883
88.75,0.449908,42.6108
88.8,0.44989,42.6333
88.85,0.449849,42.6558
88.9,0.449791,42.6782
88.95,0.449754,42.7007
89.0,0.44972,42.7232
89.05,0.449679,42.7457
89.1,0.44965,42.7682
89.15,0.449601,42.7907
89.2,0.449548,42.8131
89.25,0.449445,42.8356
89.3,0.449349,42.8581
89.35,0.449272,42.8805
89.4,0.449248,42.903
89.45,0.449233,42.9255
89.5,0.449177,42.9479
89.55,0.449111,42.9704
89.6,0.449059,42.9928
89.65,0.44902,43.0153
89.7,0.449019,43.0377
89.75,0.448976,43.0602
89.8,0.448924,43.0826
89.85,0.4489,43.1051
89.9,0.448831,43.1275
89.95,0.448786,43.15
90.0,0.448811,43.1724
90.05,0.448916,43.1948
90.1,0.448905,43.2173
90.15,0.448877,43.2397
90.2,0.448863,43.2622
90.25,0.448802,43.2846
90.3,0.448775,43.3071
90.35,0.448733,43.3295
90.4,0.448704,43.3519
90.45,0.448666,43.3744
90.5,0.448639,43.3968
90.55,0.448618,43.4192
90.6,0.448589,43.4417
90.65,0.448514,43.4641
90.7,0.448131,43.4865
90.75,0.448105,43.5089
90.8,0.448062,43.5313
90.85,0.447969,43.5537
90.9,0.447938,43.5761
90.95,0.447868,43.5985
91.0,0.447819,43.6209
91.05,0.447808,43.6433
91.1,0.447906,43.6657
91.15,0.44789,43.6881
91.2,0.447869,43.7104
91.25,0.447843,43.7328
91.3,0.447807,43.7552
91.35,0.44778,43.7776
91.4,0.447766,43.8
91.45,0.447706,43.8224
91.5,0.447676,43.8448
91.55,0.447609,43.8672
91.6,0.447059,43.8895
91.65,0.447057,43.9119
91.7,0.446984,43.9342
91.75,0.446905,43.9566
91.8,0.446887,43.9789
91.85,0.446852,44.0012
91.9,0.446808,44.0236
91.95,0.446741,44.0459
92.0,0.446624,44.0683
92.05,0.446538,44.0906
92.1,0.446574,44.1129
92.15,0.446533,44.1352
92.2,0.446491,44.1576
92.25,0.446465,44.1799
92.3,0.446404,44.2022
92.35,0.446327,44.2245
92.4,0.446259,44.2468
92.45,0.446129,44.2691
92.5,0.446006,44.2914
92.55,0.445924,44.3137
92.6,0.445883,44.336
92.65,0.446041,44.3583
92.7,0.446028,44.3806
92.75,0.445985,44.4029
92.8,0.445939,44.4252
92.85,0.445885,44.4475
92.9,0.44585,44.4698
92.95,0.44573,44.4921
93.0,0.445513,44.5144
93.05,0.445435,44.5367
93.1,0.44536,44.5589
93.15,0.445436,44.5812
93.2,0.445461,44.6035
93.25,0.445415,44.6257
93.3,0.445372,44.648
93.35,0.445306,44.6703
93.4,0.445211,44.6925
93.45,0.444976,44.7148
93.5,0.445012,44.737
93.55,0.444973,44.7593
93.6,0.444941,44.7815
93.65,0.444924,44.8038
93.7,0.44488,44.826
93.75,0.444768,44.8483
93.8,0.444799,44.8705
93.85,0.444763,44.8927
93.9,0.444708,44.915
93.95,0.444642,44.9372
94.0,0.444529,44.9594
94.05,0.444437,44.9816
94.1,0.444359,45.0039
94.15,0.444222,45.0261
94.2,0.444117,45.0483
94.25,0.444112,45.0705
94.3,0.4441,45.0927
94.35,0.444094,45.1149
94.4,0.444107,45.1371
94.45,0.444078,45.1593
94.5,0.444029,45.1815
94.55,0.443951,45.2037
94.6,0.44395,45.2259
94.65,0.443932,45.2481
94.7,0.44389,45.2703
94.75,0.443815,45.2925
94.8,0.44371,45.3147
94.85,0.443653,45.3369
94.9,0.443585,45.359
94.95,0.443538,45.3812
95.0,0.443429,45.4034
95.05,0.443358,45.4255
95.1,0.443299,45.4477
95.15,0.443235,45.4699
95.2,0.443179,45.492
95.25,0.443123,45.5142
95.3,0.443105,45.5363
95.35,0.443049,45.5585
95.4,0.442956,45.5806
95.45,0.442882,45.6028
95.5,0.44282,45.6249
95.55,0.44278,45.6471
95.6,0.442694,45.6692
95.65,0.442592,45.6913
95.7,0.442499,45.7135
95.75,0.442404,45.7356
95.8,0.442284,45.7577
95.85,0.4422,45.7798
95.9,0.442227,45.8019
95.95,0.442146,45.824
96.0,0.442086,45.8461
96.05,0.442025,45.8682
96.1,0.441962,45.8903
96.15,0.441874,45.9124
96.2,0.441807,45.9345
96.25,0.441719,45.9566
96.3,0.441648,45.9787
96.35,0.441599,46.0008
96.4,0.441542,46.0228
96.45,0.44147,46.0449
96.5,0.441397,46.067
96.55,0.441311,46.089
96.6,0.441263,46.1111
96.65,0.441214,46.1332
96.7,0.441139,46.1552
96.75,0.441068,46.1773
96.8,0.440967,46.1993
96.85,0.440846,46.2214
96.9,0.440747,46.2434
96.95,0.440641,46.2654
97.0,0.440586,46.2875
97.05,0.440472,46.3095
97.1,0.440368,46.3315
97.15,0.440244,46.3535
97.2,0.440105,46.3755
97.25,0.440011,46.3975
97.3,0.439914,46.4195
97.35,0.439812,46.4415
97.4,0.439814,46.4635
97.45,0.439782,46.4855
97.5,0.439732,46.5075
97.55,0.439665,46.5295
97.6,0.439543,46.5514
97.65,0.439409,46.5734
97.7,0.439237,46.5954
97.75,0.439122,46.6173
97.8,0.438782,46.6393
97.85,0.438643,46.6612
97.9,0.438563,46.6831
97.95,0.43849,46.7051
98.0,0.438411,46.727
98.05,0.438286,46.7489
98.1,0.438186,46.7708
98.15,0.438054,46.7927
98.2,0.437875,46.8146
98.25,0.4376,46.8365
98.3,0.437514,46.8583
98.35,0.437448,46.8802
98.4,0.437301,46.9021
98.45,0.437226,46.924
98.5,0.437149,46.9458
98.55,0.436921,46.9677
98.6,0.436543,46.9895
98.65,0.436028,47.0113
98.7,0.435905,47.0331
98.75,0.435856,47.0549
98.8,0.435715,47.0767
98.85,0.435538,47.0984
98.9,0.435513,47.1202
98.95,0.435394,47.142
99.0,0.435419,47.1637
99.05,0.435546,47.1855
99.1,0.435673,47.2073
99.15,0.435717,47.2291
99.2,0.435666,47.2509
99.25,0.435766,47.2727
99.3,0.435756,47.2945
99.35,0.436546,47.3163
99.4,0.435847,47.3381
99.45,0.436164,47.3599
99.5,0.435959,47.3817
99.55,0.435969,47.4035
99.6,0.436127,47.4253
99.65,0.436662,47.4471
99.7,0.43656,47.4689
99.75,0.436155,47.4908
99.8,0.436337,47.5126
99.85,0.436327,47.5344
99.9,0.43636,47.5562
99.95,0.436299,47.578
100.0,0.43622,47.5998
100.05,0.436199,47.6216
100.1,0.436046,47.6434
100.15,0.436138,47.6652
100.2,0.436274,47.6871
100.25,0.436259,47.7089
100.3,0.436374,47.7307
100.35,0.436338,47.7525
100.4,0.436324,47.7743
100.45,0.43619,47.7961
100.5,0.436154,47.8179
100.55,0.436189,47.8398
100.6,0.436213,47.8616
100.65,0.436167,47.8834
100.7,0.436144,47.9052
100.75,0.436087,47.927
100.8,0.436072,47.9488
100.85,0.435903,47.9706
100.9,0.435832,47.9924
100.95,0.435821,48.0142
101.0,0.435836,48.036
101.05,0.436003,48.0578
101.1,0.43596,48.0796
101.15,0.435955,48.1014
101.2,0.435828,48.1231
101.25,0.435684,48.1449
101.3,0.435562,48.1667
101.35,0.435534,48.1885
101.4,0.435434,48.2103
101.45,0.435371,48.232
101.5,0.435362,48.2538
101.55,0.435329,48.2756
101.6,0.435298,48.2973
101.65,0.435225,48.3191
101.7,0.435249,48.3408
101.75,0.435235,48.3626
101.8,0.434603,48.3843
101.85,0.434493,48.4061
101.9,0.434401,48.4278
101.95,0.434369,48.4495
102.0,0.434312,48.4712
102.05,0.434218,48.4929
102.1,0.434111,48.5146
102.15,0.434027,48.5363
102.2,0.433946,48.558
102.25,0.433859,48.5797
102.3,0.433781,48.6014
102.35,0.43371,48.6231
102.4,0.433628,48.6448
102.45,0.43358,48.6665
102.5,0.433548,48.6881
102.55,0.43351,48.7098
102.6,0.433527,48.7315
102.65,0.433536,48.7532
102.7,0.433482,48.7748
102.75,0.433449,48.7965
102.8,0.43339,48.8182
102.85,0.433319,48.8399
102.9,0.433198,48.8615
102.95,0.433158,48.8832
103.0,0.433137,48.9048
103.05,0.433061,48.9265
103.1,0.432987,48.9481
103.15,0.432922,48.9698
103.2,0.432922,48.9914
103.25,0.432966,49.0131
103.3,0.432782,49.0347
103.35,0.432519,49.0563
103.4,0.432452,49.078
103.45,0.432367,49.0996
103.5,0.43227,49.1212
103.55,0.4322,49.1428
103.6,0.432118,49.1644
103.65,0.432046,49.186
103.7,0.431977,49.2076
103.75,0.431914,49.2292
103.8,0.431848,49.2508
103.85,0.431787,49.2724
103.9,0.431687,49.294
103.95,0.431611,49.3155
104.0,0.431497,49.3371
104.05,0.431426,49.3587
104.1,0.431357,49.3803
104.15,0.431276,49.4018
104.2,0.431207,49.4234
104.25,0.43112,49.4449
104.3,0.431019,49.4665
104.35,0.430958,49.488
104.4,0.430922,49.5096
104.45,0.430943,49.5311
104.5,0.430887,49.5527
104.55,0.43082,49.5742
104.6,0.430793,49.5958
104.65,0.430766,49.6173
104.7,0.430694,49.6388
104.75,0.43056,49.6604
104.8,0.430525,49.6819
104.85,0.430546,49.7034
104.9,0.430619,49.7249
104.95,0.43058,49.7465
105.0,0.43054,49.768
105.05,0.430496,49.7895
105.1,0.43046,49.811
105.15,0.430394,49.8326
105.2,0.430306,49.8541
105.25,0.430254,49.8756
105.3,0.43023,49.8971
105.35,0.430128,49.9186
105.4,0.430059,49.9401
105.45,0.430012,49.9616
105.5,0.429925,49.9831
105.55,0.429855,50.0046
105.6,0.4298,50.0261
105.65,0.429728,50.0476
105.7,0.429646,50.0691
105.75,0.429585,50.0905
105.8,0.429521,50.112
105.85,0.429473,50.1335
105.9,0.429417,50.155
105.95,0.429366,50.1764
106.0,0.429341,50.1979
106.05,0.429262,50.2194
106.1,0.429195,50.2408
106.15,0.429099,50.2623
106.2,0.429008,50.2837
106.25,0.42894,50.3052
106.3,0.428883,50.3266
106.35,0.428856,50.3481
106.4,0.42887,50.3695
106.45,0.428772,50.3909
106.5,0.428705,50.4124
106.55,0.428623,50.4338
106.6,0.428604,50.4552
106.65,0.428558,50.4767
106.7,0.428474,50.4981
106.75,0.428382,50.5195
106.8,0.428297,50.5409
106.85,0.42821,50.5623
106.9,0.428101,50.5837
106.95,0.428078,50.6051
107.0,0.427985,50.6265
107.05,0.427884,50.6479
107.1,0.427748,50.6693
107.15,0.427607,50.6907
107.2,0.427484,50.7121
107.25,0.427365,50.7334
107.3,0.427236,50.7548
107.35,0.427058,50.7762
107.4,0.426859,50.7975
107.45,0.426748,50.8188
107.5,0.426763,50.8402
107.55,0.426571,50.8615
107.6,0.426457,50.8828
107.65,0.42664,50.9042
107.7,0.42669,50.9255
107.75,0.426735,50.9468
107.8,0.426754,50.9682
107.85,0.426718,50.9895
107.9,0.426687,51.0108
107.95,0.426664,51.0322
108.0,0.426653,51.0535
108.05,0.426601,51.0748
108.1,0.426562,51.0962
108.15,0.426517,51.1175
108.2,0.426459,51.1388
108.25,0.426406,51.1601
108.3,0.426343,51.1815
108.35,0.42627,51.2028
108.4,0.426185,51.2241
108.45,0.426126,51.2454
108.5,0.426054,51.2667
108.55,0.425987,51.288
108.6,0.425918,51.3093
108.65,0.425844,51.3306
108.7,0.425762,51.3519
108.75,0.425677,51.3731
108.8,0.425635,51.3944
108.85,0.425567,51.4157
108.9,0.425507,51.437
108.95,0.425425,51.4583
109.0,0.425324,51.4795
109.05,0.425223,51.5008
109.1,0.425131,51.522
109.15,0.425108,51.5433
109.2,0.425051,51.5645
109.25,0.424988,51.5858
109.3,0.424913,51.607
109.35,0.424827,51.6283
109.4,0.424751,51.6495
109.45,0.424678,51.6708
109.5,0.424586,51.692
109.55,0.424506,51.7132
109.6,0.424402,51.7344
109.65,0.424318,51.7556
109.7,0.424219,51.7769
109.75,0.424233,51.7981
109.8,0.424193,51.8193
109.85,0.424111,51.8405
109.9,0.424003,51.8617
109.95,0.4239,51.8829
110.0,0.423742,51.9041
110.05,0.423686,51.9252
110.1,0.423666,51.9464
110.15,0.423608,51.9676
110.2,0.423522,51.9888
110.25,0.423439,52.01
110.3,0.42339,52.0311
110.35,0.423349,52.0523
110.4,0.423299,52.0735
110.45,0.423227,52.0946
110.5,0.423145,52.1158
110.55,0.423021,52.1369
110.6,0.42292,52.1581
110.65,0.422806,52.1792
110.7,0.422556,52.2003
110.75,0.422386,52.2215
110.8,0.422226,52.2426
110.85,0.422072,52.2637
110.9,0.421997,52.2848
110.95,0.421906,52.3059
111.0,0.421818,52.327
111.05,0.421768,52.3481
111.1,0.421741,52.3691
111.15,0.421659,52.3902
111.2,0.421572,52.4113
111.25,0.421418,52.4324
111.3,0.421102,52.4534
111.35,0.420087,52.4744
111.4,0.419903,52.4954
111.45,0.4198,52.5164
111.5,0.419682,52.5374
111.55,0.419501,52.5584
111.6,0.41931,52.5793
111.65,0.419181,52.6003
111.7,0.419069,52.6213
111.75,0.418953,52.6422
111.8,0.418794,52.6631
111.85,0.41867,52.6841
111.9,0.418524,52.705
111.95,0.418642,52.7259
112.0,0.418629,52.7469
112.05,0.418608,52.7678
112.1,0.418598,52.7887
112.15,0.418482,52.8097
112.2,0.418313,52.8306
112.25,0.418131,52.8515
112.3,0.418094,52.8724
112.35,0.417963,52.8933
112.4,0.417851,52.9142
112.45,0.417864,52.9351
112.5,0.417908,52.956
112.55,0.417751,52.9768
112.6,0.417752,52.9977
112.65,0.417677,53.0186
112.7,0.417585,53.0395
112.75,0.41755,53.0604
112.8,0.417493,53.0812
112.85,0.417343,53.1021
112.9,0.417375,53.123
112.95,0.417284,53.1438
113.0,0.417125,53.1647
113.05,0.417069,53.1856
113.1,0.416969,53.2064
113.15,0.416891,53.2272
113.2,0.416837,53.2481
113.25,0.416761,53.2689
113.3,0.416683,53.2898
113.35,0.416608,53.3106
113.4,0.416541,53.3314
113.45,0.416431,53.3522
113.5,0.416333,53.3731
113.55,0.416232,53.3939
113.6,0.416118,53.4147
113.65,0.416035,53.4355
113.7,0.415953,53.4563
113.75,0.415862,53.4771
113.8,0.415718,53.4979
113.85,0.415567,53.5186
113.9,0.415454,53.5394
113.95,0.415398,53.5602
114.0,0.415303,53.5809
114.05,0.415259,53.6017
114.1,0.415228,53.6225
114.15,0.415141,53.6432
114.2,0.415001,53.664
114.25,0.414841,53.6847
114.3,0.414725,53.7055
114.35,0.414545,53.7262
114.4,0.412304,53.7468
114.45,0.410406,53.7673
114.5,0.410193,53.7878
114.55,0.410143,53.8083
114.6,0.410089,53.8288
114.65,0.409976,53.8493
114.7,0.409953,53.8698
114.75,0.4099,53.8903
114.8,0.410046,53.9108
114.85,0.409852,53.9313
114.9,0.409454,53.9518
114.95,0.409402,53.9723
115.0,0.409321,53.9927
115.05,0.409011,54.0132
115.1,0.408804,54.0336
115.15,0.408833,54.0541
115.2,0.408949,54.0745
115.25,0.408535,54.0949
115.3,0.408443,54.1154
115.35,0.408725,54.1358
115.4,0.408608,54.1562
115.45,0.408297,54.1766
115.5,0.407792,54.197
115.55,0.407541,54.2174
115.6,0.407309,54.2378
115.65,0.407669,54.2582
115.7,0.407421,54.2785
115.75,0.407458,54.2989
115.8,0.407454,54.3193
115.85,0.407333,54.3396
115.9,0.407196,54.36
115.95,0.407058,54.3804
116.0,0.407101,54.4007
116.05,0.407042,54.4211
116.1,0.407061,54.4414
116.15,0.407077,54.4618
116.2,0.40696,54.4821
116.25,0.406867,54.5025
116.3,0.406709,54.5228
116.35,0.406574,54.5431
116.4,0.406483,54.5634
116.45,0.40635,54.5838
116.5,0.406275,54.6041
116.55,0.406192,54.6244
116.6,0.406087,54.6447
116.65,0.406095,54.665
116.7,0.406302,54.6853
116.75,0.406238,54.7056
116.8,0.405826,54.7259
116.85,0.405721,54.7462
116.9,0.405545,54.7665
116.95,0.405429,54.7867
117.0,0.405429,54.807
117.05,0.40513,54.8273
117.1,0.40492,54.8475
117.15,0.404847,54.8678
117.2,0.40454,54.888
117.25,0.404444,54.9082
117.3,0.404413,54.9284
117.35,0.404426,54.9487
117.4,0.404745,54.9689
117.45,0.404806,54.9891
117.5,0.404742,55.0094
117.55,0.404629,55.0296
117.6,0.404577,55.0498
117.65,0.404336,55.07
117.7,0.404078,55.0903
117.75,0.404038,55.1105
117.8,0.40366,55.1306
117.85,0.403516,55.1508
117.9,0.40339,55.171
117.95,0.403346,55.1912
118.0,0.403396,55.2113
118.05,0.403354,55.2315
118.1,0.403668,55.2517
118.15,0.403582,55.2719
118.2,0.403106,55.292
118.25,0.402874,55.3121
118.3,0.402676,55.3323
118.35,0.402555,55.3524
118.4,0.402519,55.3725
118.45,0.402445,55.3927
118.5,0.402347,55.4128
118.55,0.402302,55.4329
118.6,0.40203,55.453
118.65,0.40197,55.4731
118.7,0.402021,55.4932
118.75,0.402005,55.5133
118.8,0.402024,55.5334
118.85,0.401991,55.5535
118.9,0.401956,55.5736
118.95,0.402003,55.5937
119.0,0.402002,55.6138
119.05,0.402019,55.6339
119.1,0.40199,55.654
119.15,0.401945,55.6741
119.2,0.401892,55.6942
119.25,0.401786,55.7143
119.3,0.401755,55.7344
119.35,0.401742,55.7544
119.4,0.401696,55.7745
119.45,0.401664,55.7946
119.5,0.401589,55.8147
119.55,0.401509,55.8348
119.6,0.401527,55.8548
119.65,0.401526,55.8749
119.7,0.401444,55.895
119.75,0.401594,55.9151
119.8,0.40157,55.9352
119.85,0.401662,55.9552
119.9,0.401826,55.9753
119.95,0.401719,55.9954
120.0,0.401576,56.0155
120.05,0.401421,56.0356
120.1,0.401515,56.0556
120.15,0.401558,56.0757
120.2,0.401534,56.0958
120.25,0.401414,56.1159
120.3,0.401352,56.1359
120.35,0.40132,56.156
120.4,0.401182,56.1761
120.45,0.400809,56.1961
120.5,0.400623,56.2161
120.55,0.400611,56.2362
120.6,0.400917,56.2562
120.65,0.400893,56.2762
120.7,0.400719,56.2963
120.75,0.400452,56.3163
120.8,0.400257,56.3363
120.85,0.400258,56.3563
120.9,0.400304,56.3764
120.95,0.400303,56.3964
121.0,0.400335,56.4164
121.05,0.40032,56.4364
121.1,0.400258,56.4564
121.15,0.400139,56.4764
121.2,0.400028,56.4964
121.25,0.399846,56.5164
121.3,0.399734,56.5364
121.35,0.399605,56.5564
121.4,0.399602,56.5764
121.45,0.399624,56.5963
121.5,0.399502,56.6163
121.55,0.399392,56.6363
121.6,0.399263,56.6562
121.65,0.399101,56.6762
121.7,0.39836,56.6961
121.75,0.398746,56.7161
121.8,0.39863,56.736
121.85,0.398478,56.7559
121.9,0.398325,56.7758
121.95,0.398344,56.7957
122.0,0.398228,56.8157
122.05,0.397961,56.8356
122.1,0.39775,56.8554
122.15,0.397638,56.8753
122.2,0.397462,56.8952
122.25,0.39736,56.9151
122.3,0.397357,56.9349
122.35,0.397307,56.9548
122.4,0.397004,56.9746
122.45,0.397034,56.9945
122.5,0.397063,57.0144
122.55,0.396951,57.0342
122.6,0.396834,57.054
122.65,0.396771,57.0739
122.7,0.396891,57.0937
122.75,0.396752,57.1136
122.8,0.39641,57.1334
122.85,0.396229,57.1532
122.9,0.396065,57.173
122.95,0.395919,57.1928
123.0,0.395718,57.2126
123.05,0.395616,57.2324
123.1,0.39557,57.2521
123.15,0.395463,57.2719
123.2,0.395349,57.2917
123.25,0.395226,57.3114
123.3,0.395083,57.3312
123.35,0.394923,57.3509
123.4,0.394799,57.3707
123.45,0.394638,57.3904
123.5,0.393839,57.4101
123.55,0.393663,57.4298
123.6,0.39357,57.4495
123.65,0.393232,57.4691
123.7,0.392666,57.4888
123.75,0.392363,57.5084
123.8,0.392826,57.528
123.85,0.392532,57.5476
123.9,0.392751,57.5673
123.95,0.392622,57.5869
124.0,0.392465,57.6065
124.05,0.392435,57.6262
124.1,0.392455,57.6458
124.15,0.39245,57.6654
124.2,0.391458,57.685
124.25,0.390276,57.7045
124.3,0.388813,57.7239
124.35,0.388438,57.7434
124.4,0.388475,57.7628
124.45,0.388356,57.7822
124.5,0.387838,57.8016
124.55,0.388203,57.821
124.6,0.388268,57.8404
124.65,0.387922,57.8598
124.7,0.387873,57.8792
124.75,0.387855,57.8986
124.8,0.387822,57.918
124.85,0.38796,57.9374
124.9,0.388068,57.9568
124.95,0.388243,57.9762
125.0,0.388448,57.9956
125.05,0.388381,58.015
125.1,0.38915,58.0345
125.15,0.389385,58.054
125.2,0.389259,58.0734
125.25,0.388859,58.0929
125.3,0.388726,58.1123
125.35,0.388965,58.1318
125.4,0.388985,58.1512
125.45,0.38882,58.1707
125.5,0.388924,58.1901
125.55,0.38849,58.2095
125.6,0.388924,58.229
125.65,0.389023,58.2484
125.7,0.3888,58.2679
125.75,0.388749,58.2873
125.8,0.388816,58.3067
125.85,0.388793,58.3262
125.9,0.388735,58.3456
125.95,0.388819,58.3651
126.0,0.388823,58.3845
126.05,0.388788,58.4039
126.1,0.388911,58.4234
126.15,0.388799,58.4428
126.2,0.388526,58.4622
126.25,0.38934,58.4817
126.3,0.38899,58.5012
126.35,0.389861,58.5207
126.4,0.38923,58.5401
126.45,0.389381,58.5596
126.5,0.38894,58.579
126.55,0.388418,58.5985
126.6,0.388315,58.6179
126.65,0.387359,58.6372
126.7,0.387597,58.6566
126.75,0.38793,58.676
126.8,0.387929,58.6954
126.85,0.388438,58.7148
126.9,0.389363,58.7343
126.95,0.389481,58.7538
127.0,0.388938,58.7732
127.05,0.388553,58.7926
127.1,0.388516,58.8121
127.15,0.388472,58.8315
127.2,0.388704,58.8509
127.25,0.388668,58.8704
127.3,0.387879,58.8898
127.35,0.386681,58.9091
127.4,0.386486,58.9284
127.45,0.387128,58.9478
127.5,0.387358,58.9671
127.55,0.387553,58.9865
127.6,0.387351,59.0059
127.65,0.387255,59.0253
127.7,0.387253,59.0446
127.75,0.386701,59.0639
127.8,0.386537,59.0833
127.85,0.386286,59.1026
127.9,0.386003,59.1219
127.95,0.385852,59.1412
128.0,0.385316,59.1604
128.05,0.386438,59.1798
128.1,0.386278,59.1991
128.15,0.386101,59.2184
128.2,0.386043,59.2377
128.25,0.385981,59.257
128.3,0.385784,59.2763
128.35,0.385609,59.2956
128.4,0.385392,59.3148
128.45,0.385,59.3341
128.5,0.385053,59.3533
128.55,0.384696,59.3726
128.6,0.384575,59.3918
128.65,0.384306,59.411
128.7,0.384007,59.4302
128.75,0.383729,59.4494
128.8,0.383703,59.4686
128.85,0.383649,59.4878
128.9,0.384134,59.507
128.95,0.383901,59.5262
129.0,0.383408,59.5453
129.05,0.383332,59.5645
129.1,0.383247,59.5837
129.15,0.383358,59.6028
129.2,0.383678,59.622
129.25,0.383933,59.6412
129.3,0.384054,59.6604
129.35,0.383954,59.6796
129.4,0.382516,59.6987
129.45,0.376102,59.7175
129.5,0.376108,59.7364
129.55,0.377758,59.7552
129.6,0.377968,59.7741
129.65,0.378649,59.7931
129.7,0.378993,59.812
129.75,0.380636,59.8311
129.8,0.380668,59.8501
129.85,0.380608,59.8691
129.9,0.380418,59.8881
129.95,0.381038,59.9072
130.0,0.380512,59.9262
130.05,0.380394,59.9452
130.1,0.380144,59.9642
130.15,0.380251,59.9833
130.2,0.38084,60.0023
130.25,0.380579,60.0213
130.3,0.380717,60.0404
130.35,0.380681,60.0594
130.4,0.380818,60.0784
130.45,0.38083,60.0975
130.5,0.380699,60.1165
130.55,0.380655,60.1355
130.6,0.381687,60.1546
130.65,0.383266,60.1738
130.7,0.382954,60.1929
130.75,0.382352,60.2121
130.8,0.382023,60.2312
130.85,0.382071,60.2503
130.9,0.381846,60.2694
130.95,0.381599,60.2884
131.0,0.381297,60.3075
131.05,0.381233,60.3266
131.1,0.381001,60.3456
131.15,0.380883,60.3647
131.2,0.380916,60.3837
131.25,0.381108,60.4028
131.3,0.380865,60.4218
131.35,0.381123,60.4409
131.4,0.381149,60.4599
131.45,0.381085,60.479
131.5,0.381149,60.498
131.55,0.381103,60.5171
131.6,0.38095,60.5361
131.65,0.380728,60.5552
131.7,0.380124,60.5742
131.75,0.379912,60.5932
131.8,0.379444,60.6121
131.85,0.379692,60.6311
131.9,0.379383,60.6501
131.95,0.379152,60.669
132.0,0.378759,60.688
132.05,0.378515,60.7069
132.1,0.378295,60.7258
132.15,0.377671,60.7447
132.2,0.376344,60.7635
132.25,0.376255,60.7823
132.3,0.376121,60.8011
132.35,0.37692,60.82
132.4,0.377264,60.8389
132.45,0.377211,60.8577
132.5,0.376883,60.8766
132.55,0.376471,60.8954
132.6,0.37659,60.9142
132.65,0.376677,60.933
132.7,0.376624,60.9519
132.75,0.376225,60.9707
132.8,0.376016,60.9895
132.85,0.375798,61.0083
132.9,0.375433,61.0271
132.95,0.375117,61.0458
133.0,0.375625,61.0646
133.05,0.375964,61.0834
133.1,0.375956,61.1022
133.15,0.375861,61.121
133.2,0.375687,61.1398
133.25,0.375454,61.1585
133.3,0.374986,61.1773
133.35,0.374806,61.196
133.4,0.374848,61.2148
133.45,0.374268,61.2335
133.5,0.37415,61.2522
133.55,0.374085,61.2709
133.6,0.374207,61.2896
133.65,0.374117,61.3083
133.7,0.374126,61.327
133.75,0.37421,61.3457
133.8,0.374093,61.3644
133.85,0.373911,61.3831
133.9,0.373843,61.4018
133.95,0.373998,61.4205
134.0,0.374333,61.4392
134.05,0.37415,61.4579
134.1,0.374115,61.4767
134.15,0.373974,61.4953
134.2,0.37384,61.514
134.25,0.373664,61.5327
134.3,0.37353,61.5514
134.35,0.373356,61.5701
134.4,0.373279,61.5887
134.45,0.373289,61.6074
134.5,0.373364,61.6261
134.55,0.37307,61.6447
134.6,0.373427,61.6634
134.65,0.373302,61.6821
134.7,0.373296,61.7007
134.75,0.374753,61.7195
134.8,0.375598,61.7382
134.85,0.375546,61.757
134.9,0.37428,61.7757
134.95,0.373819,61.7944
135.0,0.373784,61.8131
135.05,0.373539,61.8318
135.1,0.373481,61.8505
135.15,0.373318,61.8691
135.2,0.373232,61.8878
135.25,0.373208,61.9064
135.3,0.373053,61.9251
135.35,0.372649,61.9437
135.4,0.372613,61.9624
135.45,0.37232,61.981
135.5,0.372007,61.9996
135.55,0.3715,62.0182
135.6,0.370893,62.0367
135.65,0.370559,62.0552
135.7,0.370418,62.0737
135.75,0.370057,62.0923
135.8,0.370035,62.1108
135.85,0.369473,62.1292
135.9,0.369081,62.1477
135.95,0.368175,62.1661
136.0,0.367218,62.1844
136.05,0.366218,62.2028
136.1,0.366813,62.2211
136.15,0.366208,62.2394
136.2,0.366284,62.2577
136.25,0.366845,62.2761
136.3,0.366561,62.2944
136.35,0.366421,62.3127
136.4,0.366679,62.3311
136.45,0.367865,62.3494
136.5,0.368862,62.3679
136.55,0.368718,62.3863
136.6,0.367204,62.4047
136.65,0.367151,62.423
136.7,0.366978,62.4414
136.75,0.366766,62.4597
136.8,0.36666,62.4781
136.85,0.366627,62.4964
136.9,0.366921,62.5147
136.95,0.366018,62.533
137.0,0.366604,62.5514
137.05,0.366108,62.5697
137.1,0.365723,62.588
137.15,0.367413,62.6063
137.2,0.368189,62.6247
137.25,0.368479,62.6432
137.3,0.368685,62.6616
137.35,0.368814,62.68
137.4,0.368822,62.6985
137.45,0.368733,62.7169
137.5,0.368719,62.7354
137.55,0.368656,62.7538
137.6,0.368574,62.7722
137.65,0.368657,62.7906
137.7,0.368814,62.8091
137.75,0.368839,62.8275
137.8,0.368758,62.846
137.85,0.367895,62.8644
137.9,0.367427,62.8827
137.95,0.36733,62.9011
138.0,0.36767,62.9195
138.05,0.3675,62.9379
138.1,0.366463,62.9562
138.15,0.36469,62.9744
138.2,0.365169,62.9927
138.25,0.364889,63.0109
138.3,0.364475,63.0291
138.35,0.364467,63.0474
138.4,0.364465,63.0656
138.45,0.364028,63.0838
138.5,0.363642,63.102
138.55,0.362778,63.1201
138.6,0.362852,63.1383
138.65,0.363436,63.1564
138.7,0.363856,63.1746
138.75,0.36358,63.1928
138.8,0.363211,63.211
138.85,0.363169,63.2291
138.9,0.362978,63.2473
138.95,0.362812,63.2654
139.0,0.362878,63.2836
139.05,0.362996,63.3017
139.1,0.362979,63.3199
139.15,0.362909,63.338
139.2,0.36291,63.3561
139.25,0.362727,63.3743
139.3,0.362496,63.3924
139.35,0.362244,63.4105
139.4,0.362153,63.4286
139.45,0.361986,63.4467
139.5,0.36195,63.4648
139.55,0.362346,63.4829
139.6,0.363119,63.5011
139.65,0.362829,63.5192
139.7,0.362365,63.5374
139.75,0.362366,63.5555
139.8,0.362204,63.5736
139.85,0.361731,63.5917
139.9,0.360729,63.6097
139.95,0.360991,63.6278
140.0,0.36085,63.6458
140.05,0.361197,63.6639
140.1,0.361142,63.6819
140.15,0.360381,63.6999
140.2,0.360296,63.7179
140.25,0.359018,63.7359
140.3,0.356381,63.7537
140.35,0.355607,63.7715
140.4,0.354224,63.7892
140.45,0.354491,63.8069
140.5,0.354305,63.8246
140.55,0.352132,63.8423
140.6,0.352442,63.8599
140.65,0.353914,63.8776
140.7,0.355666,63.8954
140.75,0.355924,63.9132
140.8,0.354544,63.9309
140.85,0.352128,63.9485
140.9,0.352178,63.9661
140.95,0.35234,63.9837
141.0,0.352501,64.0013
141.05,0.352548,64.019
141.1,0.352405,64.0366
141.15,0.352019,64.0542
141.2,0.350815,64.0717
141.25,0.349945,64.0892
141.3,0.349575,64.1067
141.35,0.349213,64.1242
141.4,0.348776,64.1416
141.45,0.348566,64.159
141.5,0.348705,64.1765
141.55,0.349561,64.1939
141.6,0.349859,64.2114
141.65,0.349253,64.2289
141.7,0.348988,64.2463
141.75,0.348755,64.2638
141.8,0.348414,64.2812
141.85,0.3486,64.2986
141.9,0.348842,64.3161
141.95,0.349198,64.3335
142.0,0.348197,64.3509
142.05,0.347878,64.3683
142.1,0.348694,64.3858
142.15,0.349504,64.4033
142.2,0.349592,64.4207
142.25,0.349556,64.4382
142.3,0.349573,64.4557
142.35,0.349813,64.4732
142.4,0.350006,64.4907
142.45,0.350322,64.5082
142.5,0.350086,64.5257
142.55,0.349437,64.5432
142.6,0.349329,64.5606
142.65,0.349116,64.5781
142.7,0.349232,64.5956
142.75,0.349188,64.613
142.8,0.349636,64.6305
142.85,0.349784,64.648
142.9,0.349781,64.6655
142.95,0.349774,64.683
143.0,0.349952,64.7005
143.05,0.349526,64.7179
143.1,0.349252,64.7354
143.15,0.349045,64.7529
143.2,0.348793,64.7703
143.25,0.34858,64.7877
143.3,0.348687,64.8052
143.35,0.348688,64.8226
143.4,0.348615,64.84
143.45,0.352145,64.8576
143.5,0.35314,64.8753
143.55,0.353161,64.8929
143.6,0.353567,64.9106
143.65,0.353659,64.9283
143.7,0.353701,64.946
143.75,0.353636,64.9637
143.8,0.353527,64.9813
143.85,0.353425,64.999
143.9,0.353297,65.0167
143.95,0.351692,65.0343
144.0,0.351305,65.0518
144.05,0.351755,65.0694
144.1,0.351496,65.087
144.15,0.351051,65.1045
144.2,0.351303,65.1221
144.25,0.350735,65.1396
144.3,0.350528,65.1572
144.35,0.350882,65.1747
144.4,0.351358,65.1923
144.45,0.351384,65.2099
144.5,0.351259,65.2274
144.55,0.351681,65.245
144.6,0.352462,65.2626
144.65,0.352622,65.2803
144.7,0.352509,65.2979
144.75,0.352145,65.3155
144.8,0.352268,65.3331
144.85,0.352377,65.3507
144.9,0.352247,65.3683
144.95,0.352327,65.386
145.0,0.352906,65.4036
145.05,0.352987,65.4212
145.1,0.352751,65.4389
145.15,0.35269,65.4565
145.2,0.352919,65.4742
145.25,0.353044,65.4918
145.3,0.35303,65.5095
145.35,0.353037,65.5271
145.4,0.352896,65.5448
145.45,0.352907,65.5624
145.5,0.352802,65.58
145.55,0.352862,65.5977
145.6,0.353004,65.6153
145.65,0.35291,65.633
145.7,0.352954,65.6506
145.75,0.353093,65.6683
145.8,0.353043,65.6859
145.85,0.353151,65.7036
145.9,0.353053,65.7213
145.95,0.352887,65.7389
146.0,0.352976,65.7565
146.05,0.352662,65.7742
146.1,0.352301,65.7918
146.15,0.352289,65.8094
146.2,0.352362,65.827
146.25,0.352179,65.8446
146.3,0.352042,65.8622
146.35,0.351483,65.8798
146.4,0.350946,65.8974
146.45,0.351217,65.9149
146.5,0.351087,65.9325
146.55,0.351296,65.95
146.6,0.350677,65.9676
146.65,0.350578,65.9851
146.7,0.350362,66.0026
146.75,0.350764,66.0202
146.8,0.351222,66.0377
146.85,0.351826,66.0553
146.9,0.351691,66.0729
146.95,0.351763,66.0905
147.0,0.351623,66.1081
147.05,0.351423,66.1256
147.1,0.351308,66.1432
147.15,0.351037,66.1608
147.2,0.350911,66.1783
147.25,0.35086,66.1958
147.3,0.350641,66.2134
147.35,0.35047,66.2309
147.4,0.350222,66.2484
147.45,0.350263,66.2659
147.5,0.349869,66.2834
147.55,0.349173,66.3009
147.6,0.34964,66.3184
147.65,0.349594,66.3358
147.7,0.34972,66.3533
147.75,0.350011,66.3708
147.8,0.349911,66.3883
147.85,0.350117,66.4058
147.9,0.349923,66.4233
147.95,0.34963,66.4408
148.0,0.348893,66.4582
148.05,0.348457,66.4757
148.1,0.348741,66.4931
148.15,0.348609,66.5105
148.2,0.348929,66.528
148.25,0.348885,66.5454
148.3,0.348693,66.5629
148.35,0.348729,66.5803
148.4,0.348541,66.5977
148.45,0.348436,66.6152
148.5,0.34831,66.6326
148.55,0.348394,66.65
148.6,0.348731,66.6674
148.65,0.348562,66.6848
148.7,0.348246,66.7023
148.75,0.348116,66.7197
148.8,0.347808,66.7371
148.85,0.347453,66.7544
148.9,0.347318,66.7718
148.95,0.346829,66.7891
149.0,0.346388,66.8065
149.05,0.346382,66.8238
149.1,0.346442,66.8411
149.15,0.346588,66.8584
149.2,0.345934,66.8757
149.25,0.34611,66.893
149.3,0.347054,66.9104
149.35,0.347081,66.9277
149.4,0.346304,66.9451
149.45,0.346397,66.9624
149.5,0.346158,66.9797
149.55,0.347192,66.997
149.6,0.347214,67.0144
149.65,0.346937,67.0317
149.7,0.346305,67.0491
149.75,0.346035,67.0664
149.8,0.345843,67.0837
149.85,0.345969,67.101
149.9,0.345937,67.1182
149.95,0.346365,67.1356
150.0,0.346723,67.1529
150.05,0.346719,67.1702
150.1,0.346592,67.1876
150.15,0.343913,67.2048
150.2,0.343167,67.2219
150.25,0.343667,67.2391
150.3,0.343027,67.2563
150.35,0.343257,67.2734
150.4,0.344233,67.2906
150.45,0.344636,67.3079
150.5,0.34486,67.3251
150.55,0.34593,67.3424
150.6,0.347083,67.3598
150.65,0.345023,67.377
150.7,0.346673,67.3943
150.75,0.3473,67.4117
150.8,0.34755,67.4291
150.85,0.34829,67.4465
150.9,0.348337,67.4639
150.95,0.347573,67.4813
151.0,0.346357,67.4986
151.05,0.346825,67.516
151.1,0.344691,67.5332
151.15,0.344352,67.5504
151.2,0.34326,67.5676
151.25,0.342333,67.5847
151.3,0.342407,67.6018
151.35,0.34275,67.6189
151.4,0.34245,67.6361
151.45,0.342372,67.6532
151.5,0.342994,67.6703
151.55,0.34314,67.6875
151.6,0.343188,67.7047
151.65,0.343736,67.7218
151.7,0.34422,67.7391
151.75,0.344682,67.7563
151.8,0.345005,67.7735
151.85,0.344439,67.7908
151.9,0.344233,67.808
151.95,0.344826,67.8252
152.0,0.345346,67.8425
152.05,0.345647,67.8598
152.1,0.345112,67.877
152.15,0.344968,67.8943
152.2,0.34548,67.9115
152.25,0.345778,67.9288
152.3,0.345806,67.9461
152.35,0.345978,67.9634
152.4,0.346096,67.9807
152.45,0.345856,67.998
152.5,0.345513,68.0153
152.55,0.345002,68.0325
152.6,0.344456,68.0498
152.65,0.343652,68.0669
152.7,0.342378,68.0841
152.75,0.342698,68.1012
152.8,0.342913,68.1183
152.85,0.343112,68.1355
152.9,0.342833,68.1526
152.95,0.342455,68.1698
153.0,0.342062,68.1869
153.05,0.343165,68.204
153.1,0.343402,68.2212
153.15,0.343584,68.2384
153.2,0.343762,68.2556
153.25,0.343277,68.2727
153.3,0.342998,68.2899
153.35,0.343669,68.3071
153.4,0.344079,68.3243
153.45,0.344,68.3415
153.5,0.344203,68.3587
153.55,0.344307,68.3759
153.6,0.344111,68.3931
153.65,0.344069,68.4103
153.7,0.343948,68.4275
153.75,0.343551,68.4447
153.8,0.342906,68.4618
153.85,0.342432,68.4789
153.9,0.341052,68.496
153.95,0.34181,68.5131
154.0,0.342531,68.5302
154.05,0.342035,68.5473
154.1,0.341902,68.5644
154.15,0.341371,68.5815
154.2,0.340763,68.5985
154.25,0.339933,68.6155
154.3,0.339992,68.6325
154.35,0.339181,68.6495
154.4,0.338809,68.6664
154.45,0.339956,68.6834
154.5,0.339877,68.7004
154.55,0.339697,68.7174
154.6,0.339749,68.7344
154.65,0.339471,68.7513
154.7,0.339444,68.7683
154.75,0.339225,68.7853
154.8,0.338777,68.8022
154.85,0.338672,68.8192
154.9,0.338242,68.8361
154.95,0.338841,68.853
155.0,0.339358,68.87
155.05,0.340178,68.887
155.1,0.339912,68.904
155.15,0.339825,68.921
155.2,0.340431,68.938
155.25,0.340062,68.955
155.3,0.339956,68.972
155.35,0.339072,68.9889
155.4,0.336802,69.0058
155.45,0.336522,69.0226
155.5,0.335064,69.0394
155.55,0.333741,69.0561
155.6,0.333336,69.0727
155.65,0.333593,69.0894
155.7,0.333785,69.1061
155.75,0.333089,69.1227
155.8,0.332352,69.1394
155.85,0.331803,69.156
155.9,0.33101,69.1725
155.95,0.33064,69.189
156.0,0.330316,69.2056
156.05,0.33331,69.2222
156.1,0.333183,69.2389
156.15,0.332762,69.2555
156.2,0.332476,69.2721
156.25,0.332522,69.2888
156.3,0.33375,69.3055
156.35,0.334163,69.3222
156.4,0.334167,69.3389
156.45,0.335032,69.3556
156.5,0.334198,69.3723
156.55,0.33425,69.389
156.6,0.334337,69.4058
156.65,0.335025,69.4225
156.7,0.335133,69.4393
156.75,0.334533,69.456
156.8,0.334356,69.4727
156.85,0.332628,69.4893
156.9,0.334198,69.5061
156.95,0.335723,69.5228
157.0,0.33736,69.5397
157.05,0.336694,69.5565
157.1,0.336576,69.5734
157.15,0.337249,69.5902
157.2,0.337717,69.6071
157.25,0.337401,69.624
157.3,0.337234,69.6408
157.35,0.337346,69.6577
157.4,0.337588,69.6746
157.45,0.337108,69.6915
157.5,0.335998,69.7083
157.55,0.336268,69.7251
157.6,0.336097,69.7419
157.65,0.334335,69.7586
157.7,0.335596,69.7754
157.75,0.336449,69.7922
157.8,0.336577,69.809
157.85,0.335508,69.8258
157.9,0.335158,69.8425
157.95,0.336289,69.8594
158.0,0.336226,69.8762
158.05,0.336239,69.893
158.1,0.336347,69.9098
158.15,0.335819,69.9266
158.2,0.334277,69.9433
158.25,0.333692,69.96
158.3,0.333668,69.9767
158.35,0.334474,69.9934
158.4,0.334558,70.0101
158.45,0.334505,70.0269
158.5,0.33297,70.0435
158.55,0.329634,70.06
158.6,0.328886,70.0764
158.65,0.329989,70.0929
158.7,0.329778,70.1094
158.75,0.330836,70.126
158.8,0.33139,70.1425
158.85,0.332786,70.1592
158.9,0.333817,70.1759
158.95,0.334008,70.1926
159.0,0.334798,70.2093
159.05,0.334731,70.226
159.1,0.333919,70.2427
159.15,0.334455,70.2595
159.2,0.334908,70.2762
159.25,0.334325,70.2929
159.3,0.33487,70.3097
159.35,0.336736,70.3265
159.4,0.338287,70.3434
159.45,0.337749,70.3603
159.5,0.334738,70.377
159.55,0.334554,70.3938
159.6,0.334535,70.4105
159.65,0.33425,70.4272
159.7,0.336794,70.444
159.75,0.336653,70.4609
159.8,0.335966,70.4777
159.85,0.334627,70.4944
159.9,0.332423,70.511
159.95,0.333546,70.5277
160.0,0.332447,70.5443
160.05,0.331476,70.5609
160.1,0.330372,70.5774
160.15,0.332024,70.594
160.2,0.331687,70.6106
160.25,0.331101,70.6272
160.3,0.331459,70.6437
160.35,0.333233,70.6604
160.4,0.333233,70.6771
160.45,0.332363,70.6937
160.5,0.331699,70.7103
160.55,0.331492,70.7268
160.6,0.330525,70.7434
160.65,0.326345,70.7597
160.7,0.331439,70.7762
160.75,0.332707,70.7929
160.8,0.332249,70.8095
160.85,0.331549,70.8261
160.9,0.332328,70.8427
160.95,0.332263,70.8593
161.0,0.332544,70.8759
161.05,0.333417,70.8926
161.1,0.333979,70.9093
161.15,0.334674,70.926
161.2,0.334227,70.9427
161.25,0.333314,70.9594
161.3,0.334132,70.9761
161.35,0.334733,70.9929
161.4,0.334104,71.0096
161.45,0.333412,71.0262
161.5,0.332985,71.0429
161.55,0.332694,71.0595
161.6,0.332506,71.0761
161.65,0.333274,71.0928
161.7,0.333573,71.1095
161.75,0.332884,71.1261
161.8,0.332048,71.1427
161.85,0.331903,71.1593
161.9,0.332547,71.1759
161.95,0.331775,71.1925
162.0,0.331732,71.2091
162.05,0.332172,71.2257
162.1,0.332654,71.2424
162.15,0.33262,71.259
162.2,0.332233,71.2756
162.25,0.332528,71.2922
162.3,0.331934,71.3088
162.35,0.331627,71.3254
162.4,0.33184,71.342
162.45,0.331933,71.3586
162.5,0.332336,71.3752
162.55,0.332659,71.3919
162.6,0.334037,71.4086
162.65,0.335153,71.4253
162.7,0.334929,71.4421
162.75,0.334777,71.4588
162.8,0.334429,71.4755
162.85,0.33457,71.4922
162.9,0.334917,71.509
162.95,0.335808,71.5258
163.0,0.335402,71.5425
163.05,0.334786,71.5593
163.1,0.334867,71.576
163.15,0.334754,71.5928
163.2,0.334782,71.6095
163.25,0.334788,71.6263
163.3,0.334636,71.643
163.35,0.334215,71.6597
163.4,0.334084,71.6764
163.45,0.333266,71.6931
163.5,0.332867,71.7097
163.55,0.332865,71.7263
163.6,0.332507,71.743
163.65,0.332658,71.7596
163.7,0.332665,71.7762
163.75,0.332982,71.7929
163.8,0.334833,71.8096
163.85,0.33463,71.8264
163.9,0.332503,71.843
163.95,0.332238,71.8596
164.0,0.331691,71.8762
164.05,0.331673,71.8928
164.1,0.332295,71.9094
164.15,0.332259,71.926
164.2,0.333055,71.9426
164.25,0.334022,71.9594
164.3,0.333379,71.976
164.35,0.333787,71.9927
164.4,0.333455,72.0094
164.45,0.333256,72.026
164.5,0.334065,72.0427
164.55,0.334526,72.0595
164.6,0.334622,72.0762
164.65,0.334577,72.0929
164.7,0.335133,72.1097
164.75,0.334839,72.1264
164.8,0.334554,72.1432
164.85,0.334796,72.1599
164.9,0.333849,72.1766
164.95,0.332913,72.1932
165.0,0.33273,72.2099
165.05,0.333438,72.2265
165.1,0.332322,72.2432
165.15,0.331451,72.2597
165.2,0.33262,72.2764
165.25,0.33297,72.293
165.3,0.333742,72.3097
165.35,0.33266,72.3263
165.4,0.332672,72.343
165.45,0.332514,72.3596
165.5,0.332387,72.3762
165.55,0.332382,72.3928
165.6,0.331233,72.4094
165.65,0.331793,72.426
165.7,0.332733,72.4426
165.75,0.331917,72.4592
165.8,0.332112,72.4758
165.85,0.333099,72.4925
165.9,0.332478,72.5091
165.95,0.333121,72.5258
166.0,0.33375,72.5424
166.05,0.339926,72.5594
166.1,0.340938,72.5765
166.15,0.340419,72.5935
166.2,0.341152,72.6106
166.25,0.34125,72.6276
166.3,0.341219,72.6447
166.35,0.341537,72.6618
166.4,0.341135,72.6788
166.45,0.340171,72.6958
166.5,0.339253,72.7128
166.55,0.339112,72.7297
166.6,0.339054,72.7467
166.65,0.338287,72.7636
166.7,0.337832,72.7805
166.75,0.337331,72.7974
166.8,0.337105,72.8142
166.85,0.337176,72.8311
166.9,0.336591,72.8479
166.95,0.33526,72.8647
167.0,0.33474,72.8814
167.05,0.335148,72.8982
167.1,0.336084,72.915
167.15,0.336765,72.9318
167.2,0.335343,72.9486
167.25,0.335743,72.9654
167.3,0.33607,72.9822
167.35,0.336038,72.999
167.4,0.335583,73.0158
167.45,0.335427,73.0325
167.5,0.333927,73.0492
167.55,0.332735,73.0659
167.6,0.332028,73.0825
167.65,0.331529,73.099
167.7,0.330582,73.1156
167.75,0.33016,73.1321
167.8,0.330821,73.1486
167.85,0.330918,73.1652
167.9,0.32933,73.1816
167.95,0.328662,73.1981
168.0,0.329528,73.2145
168.05,0.328355,73.231
168.1,0.329888,73.2475
168.15,0.329874,73.2639
168.2,0.329748,73.2804
168.25,0.329191,73.2969
168.3,0.328217,73.3133
168.35,0.328817,73.3297
168.4,0.329235,73.3462
168.45,0.329051,73.3627
168.5,0.329662,73.3791
168.55,0.330097,73.3956
168.6,0.330296,73.4122
168.65,0.33068,73.4287
168.7,0.329649,73.4452
168.75,0.329458,73.4616
168.8,0.329271,73.4781
168.85,0.33098,73.4947
168.9,0.331427,73.5112
168.95,0.331321,73.5278
169.0,0.331482,73.5444
169.05,0.330527,73.5609
169.1,0.327513,73.5773
169.15,0.327003,73.5936
169.2,0.328287,73.61
169.25,0.32715,73.6264
169.3,0.327829,73.6428
169.35,0.327565,73.6592
169.4,0.326758,73.6755
169.45,0.32587,73.6918
169.5,0.327448,73.7082
169.55,0.327581,73.7245
169.6,0.325971,73.7408
169.65,0.326285,73.7572
169.7,0.326007,73.7735
169.75,0.327206,73.7898
169.8,0.326438,73.8061
169.85,0.324972,73.8224
169.9,0.324026,73.8386
169.95,0.323586,73.8548
170.0,0.32466,73.871
170.05,0.324587,73.8872
170.1,0.324924,73.9035
170.15,0.32508,73.9197
170.2,0.326637,73.9361
170.25,0.326332,73.9524
170.3,0.326884,73.9687
170.35,0.327384,73.9851
170.4,0.327533,74.0015
170.45,0.325049,74.0177
170.5,0.324476,74.034
170.55,0.325443,74.0502
170.6,0.325123,74.0665
170.65,0.325801,74.0828
170.7,0.328113,74.0992
170.75,0.32632,74.1155
170.8,0.327319,74.1319
170.85,0.327081,74.1482
170.9,0.328434,74.1646
170.95,0.327066,74.181
171.0,0.326464,74.1973
171.05,0.327004,74.2137
171.1,0.32562,74.2299
171.15,0.324377,74.2462
171.2,0.321509,74.2622
171.25,0.323235,74.2784
171.3,0.322207,74.2945
171.35,0.322983,74.3107
171.4,0.322532,74.3268
171.45,0.322713,74.3429
171.5,0.325634,74.3592
171.55,0.324037,74.3754
171.6,0.322413,74.3915
171.65,0.321407,74.4076
171.7,0.32504,74.4238
171.75,0.324374,74.4401
171.8,0.325184,74.4563
171.85,0.326551,74.4726
171.9,0.327399,74.489
171.95,0.325569,74.5053
172.0,0.324981,74.5215
172.05,0.326312,74.5379
172.1,0.324817,74.5541
172.15,0.324827,74.5703
172.2,0.326401,74.5867
172.25,0.328992,74.6031
172.3,0.328868,74.6196
172.35,0.326853,74.6359
172.4,0.327063,74.6523
172.45,0.326256,74.6686
172.5,0.326683,74.6849
172.55,0.325425,74.7012
172.6,0.323477,74.7173
172.65,0.323815,74.7335
172.7,0.327782,74.7499
172.75,0.328651,74.7664
172.8,0.324945,74.7826
172.85,0.323474,74.7988
172.9,0.323751,74.815
172.95,0.323098,74.8311
173.0,0.323831,74.8473
173.05,0.324189,74.8635
173.1,0.323663,74.8797
173.15,0.324544,74.8959
173.2,0.323783,74.9121
173.25,0.323544,74.9283
173.3,0.325287,74.9446
173.35,0.327121,74.9609
173.4,0.325494,74.9772
173.45,0.325741,74.9935
173.5,0.326917,75.0098
173.55,0.327989,75.0262
173.6,0.327703,75.0426
173.65,0.326782,75.059
173.7,0.327107,75.0753
173.75,0.32752,75.0917
173.8,0.326918,75.108
173.85,0.326598,75.1244
173.9,0.326756,75.1407
173.95,0.326211,75.157
174.0,0.32509,75.1733
174.05,0.324055,75.1895
174.1,0.324621,75.2057
174.15,0.325621,75.222
174.2,0.32494,75.2382
174.25,0.324939,75.2545
174.3,0.323574,75.2706
174.35,0.323527,75.2868
174.4,0.322698,75.303
174.45,0.322494,75.3191
174.5,0.322576,75.3352
174.55,0.32252,75.3513
174.6,0.322868,75.3675
174.65,0.323411,75.3837
174.7,0.322936,75.3998
174.75,0.323004,75.4159
174.8,0.323172,75.4321
174.85,0.321914,75.4482
174.9,0.321362,75.4643
174.95,0.319982,75.4803
175.0,0.320546,75.4963
175.05,0.320486,75.5123
175.1,0.320001,75.5283
175.15,0.319322,75.5443
175.2,0.318609,75.5602
175.25,0.318987,75.5762
175.3,0.319513,75.5921
175.35,0.319063,75.6081
175.4,0.318216,75.624
175.45,0.319227,75.64
175.5,0.318773,75.6559
175.55,0.318525,75.6718
175.6,0.316187,75.6876
175.65,0.315728,75.7034
175.7,0.316793,75.7193
175.75,0.316749,75.7351
175.8,0.31634,75.7509
175.85,0.315072,75.7667
175.9,0.313406,75.7823
175.95,0.314191,75.7981
176.0,0.315748,75.8138
176.05,0.316176,75.8297
176.1,0.317091,75.8455
176.15,0.317735,75.8614
176.2,0.317463,75.8773
176.25,0.318492,75.8932
176.3,0.318846,75.9091
176.35,0.319828,75.9251
176.4,0.320531,75.9412
176.45,0.320031,75.9572
176.5,0.320243,75.9732
176.55,0.318813,75.9891
176.6,0.319056,76.0051
176.65,0.320701,76.0211
176.7,0.31724,76.037
176.75,0.316311,76.0528
176.8,0.319068,76.0687
176.85,0.32051,76.0848
176.9,0.321558,76.1008
176.95,0.320655,76.1169
177.0,0.320667,76.1329
177.05,0.320363,76.1489
177.1,0.320299,76.1649
177.15,0.318734,76.1809
177.2,0.317541,76.1967
177.25,0.318466,76.2127
177.3,0.318472,76.2286
177.35,0.316793,76.2444
177.4,0.315867,76.2602
177.45,0.315296,76.276
177.5,0.313902,76.2917
177.55,0.31711,76.3075
177.6,0.318358,76.3235
177.65,0.319255,76.3394
177.7,0.319603,76.3554
177.75,0.319079,76.3714
177.8,0.320006,76.3874
177.85,0.322114,76.4035
177.9,0.321028,76.4195
177.95,0.319581,76.4355
178.0,0.318441,76.4514
178.05,0.318935,76.4674
178.1,0.317046,76.4832
178.15,0.318423,76.4991
178.2,0.318387,76.5151
178.25,0.316192,76.5309
178.3,0.316212,76.5467
178.35,0.318046,76.5626
178.4,0.317632,76.5785
178.45,0.316694,76.5943
178.5,0.314557,76.61
178.55,0.312489,76.6256
178.6,0.31614,76.6414
178.65,0.317768,76.6573
178.7,0.318716,76.6733
178.75,0.317719,76.6892
178.8,0.315438,76.7049
178.85,0.31575,76.7207
178.9,0.314542,76.7364
178.95,0.314793,76.7522
179.0,0.312166,76.7678
179.05,0.31385,76.7835
179.1,0.313856,76.7992
179.15,0.312547,76.8148
179.2,0.315035,76.8306
179.25,0.317742,76.8464
179.3,0.317856,76.8623
179.35,0.31613,76.8781
179.4,0.318703,76.8941
179.45,0.318876,76.91
179.5,0.317843,76.9259
179.55,0.317718,76.9418
179.6,0.317372,76.9577
179.65,0.316875,76.9735
179.7,0.316788,76.9893
179.75,0.309336,77.0048
179.8,0.309194,77.0203
179.85,0.310413,77.0358
179.9,0.30864,77.0512
179.95,0.309695,77.0667
180.0,0.309544,77.0822
180.05,0.308008,77.0976
180.1,0.307885,77.113
180.15,0.306468,77.1283
180.2,0.305985,77.1436
180.25,0.30581,77.1589
180.3,0.305111,77.1742
180.35,0.304569,77.1894
180.4,0.304698,77.2046
180.45,0.303742,77.2198
180.5,0.303565,77.235
180.55,0.302821,77.2501
180.6,0.299217,77.2651
180.65,0.298388,77.28
180.7,0.294106,77.2947
180.75,0.282838,77.3089
180.8,0.288851,77.3233
180.85,0.297589,77.3382
180.9,0.295283,77.3529
180.95,0.296042,77.3677
181.0,0.297254,77.3826
181.05,0.296467,77.3974
181.1,0.296044,77.4122
181.15,0.294771,77.427
181.2,0.293391,77.4416
181.25,0.292438,77.4563
181.3,0.294431,77.471
181.35,0.293522,77.4857
181.4,0.292345,77.5003
181.45,0.288958,77.5147
181.5,0.287972,77.5291
181.55,0.287572,77.5435
181.6,0.281,77.5575
181.65,0.282701,77.5717
181.7,0.282308,77.5858
181.75,0.281443,77.5999
181.8,0.27937,77.6138
181.85,0.274873,77.6276
181.9,0.275866,77.6414
181.95,0.274307,77.6551
182.0,0.275345,77.6689
182.05,0.276492,77.6827
182.1,0.277352,77.6966
182.15,0.279818,77.7105
182.2,0.278643,77.7245
182.25,0.275735,77.7383
182.3,0.277332,77.7521
182.35,0.275471,77.7659
182.4,0.277398,77.7798
182.45,0.278878,77.7937
182.5,0.275205,77.8075
182.55,0.27943,77.8214
182.6,0.278607,77.8354
182.65,0.278136,77.8493
182.7,0.275967,77.8631
182.75,0.277164,77.8769
182.8,0.274032,77.8906
182.85,0.273441,77.9043
182.9,0.271799,77.9179
182.95,0.275803,77.9317
183.0,0.281841,77.9458
183.05,0.283753,77.96
183.1,0.281274,77.974
183.15,0.279435,77.988
183.2,0.28036,78.002
183.25,0.282939,78.0162
183.3,0.284137,78.0304
183.35,0.287528,78.0448
183.4,0.288331,78.0592
183.45,0.28376,78.0734
183.5,0.283065,78.0875
183.55,0.280366,78.1015
183.6,0.278124,78.1154
183.65,0.27789,78.1293
183.7,0.281238,78.1434
183.75,0.277223,78.1573
183.8,0.273139,78.1709
183.85,0.276005,78.1847
183.9,0.274142,78.1984
183.95,0.274415,78.2121
184.0,0.273102,78.2258
184.05,0.271586,78.2394
184.1,0.272163,78.253
184.15,0.269585,78.2665
184.2,0.26538,78.2797
184.25,0.265363,78.293
184.3,0.262754,78.3061
184.35,0.264753,78.3194
184.4,0.26638,78.3327
184.45,0.268063,78.3461
184.5,0.267722,78.3595
184.55,0.271555,78.3731
184.6,0.268948,78.3865
184.65,0.268804,78.4
184.7,0.268712,78.4134
184.75,0.267222,78.4268
184.8,0.266233,78.4401
184.85,0.269314,78.4535
184.9,0.271258,78.4671
184.95,0.262879,78.4802
185.0,0.257418,78.4931
185.05,0.257455,78.506
185.1,0.257207,78.5188
185.15,0.259583,78.5318
185.2,0.260898,78.5449
185.25,0.257841,78.5578
185.3,0.256423,78.5706
185.35,0.249848,78.5831
185.4,0.238375,78.595
185.45,0.244051,78.6072
185.5,0.247268,78.6196
185.55,0.238838,78.6315
185.6,0.238426,78.6434
185.65,0.242198,78.6555
185.7,0.243718,78.6677
185.75,0.260411,78.6807
185.8,0.248546,78.6932
185.85,0.240139,78.7052
185.9,0.25473,78.7179
185.95,0.254921,78.7307
186.0,0.255827,78.7434
186.05,0.255311,78.7562
186.1,0.252695,78.7688
186.15,0.255429,78.7816
186.2,0.254953,78.7944
186.25,0.252667,78.807
186.3,0.25077,78.8195
186.35,0.249882,78.832
186.4,0.252719,78.8447
186.45,0.256275,78.8575
186.5,0.256002,78.8703
186.55,0.254195,78.883
186.6,0.256803,78.8958
186.65,0.255301,78.9086
186.7,0.255623,78.9214
186.75,0.257229,78.9342
186.8,0.260015,78.9472
186.85,0.259829,78.9602
186.9,0.261103,78.9733
186.95,0.254935,78.986
187.0,0.255784,78.9988
187.05,0.255395,79.0116
187.1,0.253505,79.0243
187.15,0.261402,79.0373
187.2,0.260343,79.0503
187.25,0.258592,79.0633
187.3,0.25914,79.0762
187.35,0.265566,79.0895
187.4,0.265727,79.1028
187.45,0.265134,79.1161
187.5,0.267005,79.1294
187.55,0.263292,79.1426
187.6,0.262782,79.1557
187.65,0.266175,79.169
187.7,0.264735,79.1823
187.75,0.264852,79.1955
187.8,0.265034,79.2087
187.85,0.259986,79.2217
187.9,0.257818,79.2346
187.95,0.256046,79.2474
188.0,0.260265,79.2605
188.05,0.257786,79.2733
188.1,0.252088,79.2859
188.15,0.26937,79.2994
188.2,0.268321,79.3128
188.25,0.267777,79.3262
188.3,0.269701,79.3397
188.35,0.268539,79.3531
188.4,0.268934,79.3666
188.45,0.268491,79.38
188.5,0.266068,79.3933
188.55,0.265098,79.4066
188.6,0.265453,79.4198
188.65,0.266551,79.4332
188.7,0.263913,79.4464
188.75,0.262761,79.4595
188.8,0.260687,79.4725
188.85,0.261463,79.4856
188.9,0.261313,79.4987
188.95,0.262807,79.5118
189.0,0.262507,79.5249
189.05,0.260298,79.5379
189.1,0.260789,79.551
189.15,0.264278,79.5642
189.2,0.267364,79.5776
189.25,0.267416,79.5909
189.3,0.264933,79.6042
189.35,0.262338,79.6173
189.4,0.262046,79.6304
189.45,0.261226,79.6435
189.5,0.257437,79.6563
189.55,0.259664,79.6693
189.6,0.256225,79.6821
189.65,0.257669,79.695
189.7,0.257999,79.7079
189.75,0.257459,79.7208
189.8,0.258033,79.7337
189.85,0.258563,79.7466
189.9,0.260051,79.7596
189.95,0.260456,79.7727
190.0,0.258191,79.7856
190.05,0.256341,79.7984
190.1,0.23745,79.8102
190.15,0.236937,79.8221
190.2,0.228396,79.8335
190.25,0.221112,79.8446
190.3,0.244219,79.8568
190.35,0.259335,79.8698
190.4,0.251069,79.8823
190.45,0.245708,79.8946
190.5,0.239746,79.9066
190.55,0.23884,79.9185
190.6,0.237553,79.9304
190.65,0.237165,79.9423
190.7,0.235429,79.954
190.75,0.232491,79.9656
190.8,0.230456,79.9772
190.85,0.228789,79.9886
190.9,0.228832,80.0001
190.95,0.228599,80.0115
191.0,0.228133,80.0229
191.05,0.23217,80.0345
191.1,0.235568,80.0463
191.15,0.231925,80.0579
191.2,0.238567,80.0698
191.25,0.237906,80.0817
191.3,0.23391,80.0934
191.35,0.230909,80.1049
191.4,0.220659,80.116
191.45,0.221078,80.127
191.5,0.224728,80.1383
191.55,0.226639,80.1496
191.6,0.226792,80.1609
191.65,0.226459,80.1723
191.7,0.223363,80.1834
191.75,0.2195,80.1944
191.8,0.216094,80.2052
191.85,0.215653,80.216
191.9,0.211554,80.2266
191.95,0.213069,80.2372
192.0,0.208309,80.2476
192.05,0.208237,80.258
192.1,0.20925,80.2685
192.15,0.20518,80.2788
192.2,0.214581,80.2895
192.25,0.212436,80.3001
192.3,0.21148,80.3107
192.35,0.21183,80.3213
192.4,0.2119,80.3319
192.45,0.208278,80.3423
192.5,0.207961,80.3527
192.55,0.205814,80.363
192.6,0.21333,80.3736
192.65,0.212474,80.3843
192.7,0.216979,80.3951
192.75,0.217011,80.406
192.8,0.220354,80.417
192.85,0.217315,80.4278
192.9,0.215192,80.4386
192.95,0.216362,80.4494
193.0,0.218627,80.4604
193.05,0.227917,80.4718
193.1,0.230271,80.4833
193.15,0.235145,80.495
193.2,0.237245,80.5069
193.25,0.234298,80.5186
193.3,0.233761,80.5303
193.35,0.23049,80.5418
193.4,0.231871,80.5534
193.45,0.232013,80.565
193.5,0.222544,80.5761
193.55,0.216259,80.587
193.6,0.188623,80.5964
193.65,0.105887,80.6017
193.7,0.109339,80.6071
193.75,0.119882,80.6131
193.8,0.129765,80.6196
193.85,0.14335,80.6268
193.9,0.144562,80.634
193.95,0.132159,80.6406
194.0,0.131104,80.6472
194.05,0.129409,80.6537
194.1,0.128825,80.6601
194.15,0.127858,80.6665
194.2,0.126799,80.6728
194.25,0.1275,80.6792
194.3,0.128977,80.6857
194.35,0.127058,80.692
194.4,0.12476,80.6982
194.45,0.123523,80.7044
194.5,0.125625,80.7107
194.55,0.125968,80.717
194.6,0.125667,80.7233
194.65,0.121971,80.7294
194.7,0.121283,80.7354
194.75,0.118675,80.7414
194.8,0.106315,80.7467
194.85,0.072369,80.7503
194.9,0.0655843,80.7536
194.95,0.0649683,80.7568
195.0,0.0642121,80.7601
195.05,0.0635599,80.7632
195.1,0.062058,80.7663
195.15,0.0291572,80.7678
195.2,0.02307,80.7689
195.25,0.0020851,80.7691
195.3,0.00156236,80.7691
195.35,0.00127482,80.7692
195.4,0.00106013,80.7692
195.45,0.000921884,80.7693
195.5,0.000806845,80.7693
195.55,0.000695479,80.7694
195.6,0.000606453,80.7694
195.65,0.00046904,80.7694
195.7,0.000346754,80.7694
195.75,0.00028304,80.7694
195.8,0.000258496,80.7695
195.85,0.000203364,80.7695
195.9,1.16542e-05,80.7695
195.95,-6.84225e-05,80.7695
196.0,-0.000123321,80.7695
196.05,-0.000137379,80.7695
196.1,-0.000129465,80.7694
196.15,-0.00013985,80.7694
196.2,-0.00013384,80.7694
196.25,-0.000114605,80.7694
196.3,-0.000119748,80.7694
196.35,-0.000127361,80.7694
196.4,-0.000126259,80.7694
196.45,-0.000118445,80.7694
196.5,-4.86872e-05,80.7694
196.55,-0.000145794,80.7694
196.6,-0.000113503,80.7694
196.65,-0.000110531,80.7694
196.7,-0.000128463,80.7694
196.75,-0.000115807,80.7694
196.8,-0.000158083,80.7694
196.85,-0.000164962,80.7694
196.9,-0.000147397,80.7693
196.95,-0.000152106,80.7693
197.0,-0.000172709,80.7693
197.05,-0.00018974,80.7693
197.1,-0.000175815,80.7693
197.15,-0.000159686,80.7693
197.2,-0.000145828,80.7693
197.25,-0.000145394,80.7693
197.3,-0.0001676,80.7693
197.35,-0.000177585,80.7693
197.4,-0.000188504,80.7693
197.45,-0.000270317,80.7693
197.5,-0.000325383,80.7692
197.55,-0.000324347,80.7692
197.6,-0.00029593,80.7692
197.65,-0.000306215,80.7692
197.7,-0.000312126,80.7692
197.75,-0.000319105,80.7692
197.8,-0.000315699,80.7691
197.85,-0.000315799,80.7691
197.9,-0.000320941,80.7691
197.95,-0.000320941,80.7691
198.0,-0.000323746,80.7691
198.05,-0.000329657,80.7691
198.1,-0.000323246,80.769
198.15,-0.000316333,80.769
198.2,-0.000328922,80.769
198.25,-0.000314697,80.769
198.3,-0.000310923,80.769
198.35,-0.000317402,80.769
198.4,-0.000323713,80.769
198.45,-0.000319071,80.7689
198.5,-0.000314997,80.7689
198.55,-0.000292891,80.7689
198.6,-0.00029032,80.7689
198.65,-0.000329089,80.7689
198.7,-0.000332763,80.7689
198.75,-0.000346888,80.7688
198.8,-0.000217857,80.7688
198.85,-0.000149635,80.7688
198.9,-0.000242601,80.7688
198.95,-0.000223834,80.7688
199.0,-0.000244705,80.7688
199.05,-0.000295195,80.7688
199.1,-0.000302709,80.7688
199.15,-0.000305647,80.7687
199.2,-0.000296798,80.7687
199.25,-0.000293492,80.7687
199.3,-0.000277764,80.7687
199.35,-0.000270585,80.7687
199.4,-0.000293125,80.7687
199.45,-0.000254222,80.7687
199.5,-0.000272488,80.7686
199.55,-0.00027733,80.7686
199.6,-0.000268347,80.7686
199.65,-0.000294928,80.7686
199.7,-0.00029032,80.7686
199.75,-0.000294761,80.7686
199.8,-0.000278799,80.7686
199.85,-0.00029052,80.7685
199.9,-0.000281972,80.7685
199.95,-0.000277564,80.7685
200.0,-0.000284409,80.7685
200.05,-0.000282873,80.7685
200.1,-0.000279334,80.7685
200.15,-0.000266544,80.7685
200.2,-0.000256526,80.7684
200.25,-0.000274191,80.7684
200.3,-0.000319973,80.7684
200.35,-0.000322578,80.7684
200.4,-0.00033156,80.7684
200.45,-0.000337738,80.7684
200.5,-0.000327987,80.7683
200.55,-0.000324715,80.7683
200.6,-0.000333564,80.7683
200.65,-0.000327653,80.7683
200.7,-0.000324715,80.7683
200.75,-0.000330058,80.7683
200.8,-0.000153809,80.7683
200.85,-0.00023098,80.7682
200.9,-0.000285144,80.7682
200.95,-0.000303711,80.7682
201.0,-0.000306081,80.7682
201.05,-0.000312894,80.7682
201.1,-0.000322177,80.7682
201.15,-0.000339007,80.7682
201.2,-0.000337037,80.7681
201.25,-0.000337538,80.7681
201.3,-0.000337271,80.7681
201.35,-0.000353199,80.7681
201.4,-0.00035764,80.7681
201.45,-0.000349259,80.7681
201.5,-0.000336302,80.768
201.55,-0.000320207,80.768
201.6,-0.000272455,80.768
201.65,-0.00030154,80.768
201.7,-0.000215987,80.768
201.75,-0.000177151,80.768
201.8,-0.000285044,80.768
201.85,-0.000348624,80.7679
201.9,-0.00034789,80.7679
201.95,-0.000346287,80.7679
202.0,-0.000332262,80.7679
202.05,-0.00034799,80.7679
202.1,-0.000355169,80.7679
202.15,-0.000358241,80.7678
202.2,-0.000343148,80.7678
202.25,-0.000340877,80.7678
202.3,-0.000348791,80.7678
202.35,-0.000344216,80.7678
202.4,-0.000288083,80.7678
202.45,-0.000299436,80.7677
202.5,-0.000298802,80.7677
202.55,-0.000315665,80.7677
202.6,-0.000333664,80.7677
202.65,-0.000346387,80.7677
202.7,-0.000344283,80.7677
202.75,-0.000259498,80.7676
202.8,-0.000296331,80.7676
202.85,-0.000296498,80.7676
202.9,-0.000297767,80.7676
202.95,-0.000309053,80.7676
203.0,-0.00031286,80.7676
203.05,-0.000327353,80.7675
203.1,-0.000326184,80.7675
203.15,-0.000332128,80.7675
203.2,-0.000335735,80.7675
203.25,-0.000340476,80.7675
203.3,-0.000336436,80.7675
203.35,-0.000345318,80.7674
203.4,-0.000356973,80.7674
203.45,-0.000353967,80.7674
203.5,-0.000357006,80.7674
203.55,-0.000360679,80.7674
203.6,-0.000346821,80.7674
203.65,-0.000337671,80.7673
203.7,-0.000365989,80.7673
203.75,-0.000375272,80.7673
203.8,-0.000361848,80.7673
203.85,-0.000361714,80.7673
203.9,-0.00036275,80.7673
203.95,-0.000364586,80.7672
204.0,-0.000366623,80.7672
204.05,-0.000362048,80.7672
204.1,-0.000360011,80.7672
204.15,-0.000354602,80.7672
204.2,-0.000363584,80.7671
204.25,-0.000355303,80.7671
204.3,-0.000355103,80.7671
204.35,-0.000360579,80.7671
204.4,-0.000362716,80.7671
204.45,-0.000361213,80.7671
204.5,-0.000357307,80.767
204.55,-0.000360646,80.767
204.6,-0.000368627,80.767
204.65,-0.000365755,80.767
204.7,-0.000363117,80.767
204.75,-0.000365087,80.7669
204.8,-0.00035901,80.7669
204.85,-0.000365354,80.7669
204.9,-0.000361213,80.7669
204.95,-0.000363384,80.7669
205.0,-0.000361848,80.7669
205.05,-0.000362816,80.7668
205.1,-0.000373669,80.7668
205.15,-0.000374237,80.7668
205.2,-0.000379246,80.7668
205.25,-0.000363184,80.7668
205.3,-0.000360612,80.7667
205.35,-0.0003721,80.7667
205.4,-0.000367191,80.7667
205.45,-0.000361347,80.7667
205.5,-0.000360045,80.7667
205.55,-0.000372634,80.7667
205.6,-0.000377109,80.7666
205.65,-0.00037801,80.7666
205.7,-0.000373168,80.7666
205.75,-0.000372367,80.7666
205.8,-0.000376374,80.7666
205.85,-0.000366189,80.7665
205.9,-0.000366456,80.7665
205.95,-0.000364453,80.7665
206.0,-0.000358642,80.7665
206.05,-0.000364653,80.7665
206.1,-0.000368694,80.7664
206.15,-0.000367391,80.7664
206.2,-0.000371599,80.7664
206.25,-0.000335801,80.7664
206.3,-0.000318871,80.7664
206.35,-0.000320774,80.7664
206.4,-0.000314263,80.7663
206.45,-0.000326451,80.7663
206.5,-0.000349826,80.7663
206.55,-0.000361815,80.7663
206.6,-0.000345853,80.7663
206.65,-0.000340844,80.7663
206.7,-0.000358241,80.7662
206.75,-0.000361414,80.7662
206.8,-0.000356772,80.7662
206.85,-0.000285879,80.7662
206.9,-0.000327186,80.7662
206.95,-0.000334299,80.7662
207.0,-0.000347255,80.7661
207.05,-0.000344283,80.7661
207.1,-0.000376174,80.7661
207.15,-0.000382585,80.7661
207.2,-0.000385123,80.7661
207.25,-0.000385657,80.766
207.3,-0.000386759,80.766
207.35,-0.000386125,80.766
207.4,-0.000383554,80.766
207.45,-0.00037988,80.766
207.5,-0.000377676,80.766
207.55,-0.00037604,80.7659
207.6,-0.000369428,80.7659
207.65,-0.000367525,80.7659
207.7,-0.000376708,80.7659
207.75,-0.000372233,80.7659
207.8,-0.000383821,80.7658
207.85,-0.000387594,80.7658
207.9,-0.000381516,80.7658
207.95,-0.000386893,80.7658
208.0,-0.000386225,80.7658
208.05,-0.00038362,80.7657
208.1,-0.00037407,80.7657
208.15,-0.000386225,80.7657
208.2,-0.000380448,80.7657
208.25,-0.000379313,80.7657
208.3,-0.000377342,80.7656
208.35,-0.000379045,80.7656
208.4,-0.000380348,80.7656
208.45,-0.000386592,80.7656
208.5,-0.000387394,80.7656
208.55,-0.000390867,80.7656
208.6,-0.000391234,80.7655
208.65,-0.000385924,80.7655
208.7,-0.000384956,80.7655
208.75,-0.000382585,80.7655
208.8,-0.000382986,80.7655
208.85,-0.000395675,80.7654
208.9,-0.000382251,80.7654
208.95,-0.000344116,80.7654
209.0,-0.000300304,80.7654
209.05,-0.000345051,80.7654
209.1,-0.000373335,80.7654
209.15,-0.000369896,80.7653
209.2,-0.000371332,80.7653
209.25,-0.000370564,80.7653
209.3,-0.000371098,80.7653
209.35,-0.000371666,80.7653
209.4,-0.000384021,80.7652
209.45,-0.000387026,80.7652
209.5,-0.000386659,80.7652
209.55,-0.00038155,80.7652
209.6,-0.000399816,80.7652
209.65,-0.000387895,80.7651
209.7,-0.000391401,80.7651
209.75,-0.000393104,80.7651
209.8,-0.000387828,80.7651
209.85,-0.000387895,80.7651
209.9,-0.000388796,80.765
209.95,-0.0003909,80.765
210.0,-0.000392069,80.765
210.05,-0.000390032,80.765
210.1,-0.000380448,80.765
210.15,-0.000391301,80.7649
210.2,-0.000388496,80.7649
210.25,-0.000381416,80.7649
210.3,-0.000379446,80.7649
210.35,-0.000381049,80.7649
210.4,-0.00038145,80.7648
210.45,-0.000384956,80.7648
210.5,-0.000387193,80.7648
210.55,-0.000396376,80.7648
210.6,-0.000386359,80.7648
210.65,-0.00037791,80.7648
210.7,-0.000378711,80.7647
210.75,-0.000392603,80.7647
210.8,-0.000385357,80.7647
210.85,-0.000382552,80.7647
210.9,-0.0003907,80.7647
210.95,-0.000385657,80.7646
211.0,-0.000389197,80.7646
211.05,-0.000391434,80.7646
211.1,-0.000383988,80.7646
211.15,-0.000392603,80.7646
211.2,-0.0003907,80.7645
211.25,-0.000388095,80.7645
211.3,-0.000389865,80.7645
211.35,-0.000382452,80.7645
211.4,-0.000385924,80.7645
211.45,-0.000394406,80.7644
211.5,-0.000397946,80.7644
211.55,-0.000391301,80.7644
211.6,-0.000392937,80.7644
211.65,-0.000387093,80.7644
211.7,-0.000382886,80.7643
211.75,-0.000378678,80.7643
211.8,-0.000382017,80.7643
211.85,-0.000387928,80.7643
211.9,-0.000376174,80.7643
211.95,-0.000378478,80.7643
212.0,-0.00038893,80.7642
212.05,-0.000392636,80.7642
212.1,-0.000391701,80.7642
212.15,-0.000396644,80.7642
212.2,-0.000397579,80.7642
212.25,-0.000396644,80.7641
212.3,-0.000395909,80.7641
212.35,-0.000396176,80.7641
212.4,-0.000413607,80.7641
212.45,-0.000406227,80.7641
212.5,-0.000399649,80.764
212.55,-0.000395575,80.764
212.6,-0.00039454,80.764
212.65,-0.000394907,80.764
212.7,-0.00040015,80.764
212.75,-0.000403823,80.7639
212.8,-0.000400283,80.7639
212.85,-0.000410268,80.7639
212.9,-0.000401152,80.7639
212.95,-0.000394807,80.7639
213.0,-0.000392937,80.7638
213.05,-0.000396978,80.7638
213.1,-0.000401285,80.7638
213.15,-0.000400818,80.7638
213.2,-0.000398814,80.7638
213.25,-0.000402153,80.7637
213.3,-0.00041334,80.7637
213.35,-0.000400484,80.7637
213.4,-0.000395809,80.7637
213.45,-0.000390132,80.7636
213.5,-0.000386793,80.7636
213.55,-0.000388796,80.7636
213.6,-0.000390099,80.7636
213.65,-0.000391835,80.7636
213.7,-0.000389898,80.7636
213.75,-0.000380715,80.7635
213.8,-0.000394373,80.7635
213.85,-0.000393371,80.7635
213.9,-0.000392403,80.7635
213.95,-0.000391034,80.7635
214.0,-0.00039267,80.7634
214.05,-0.000407697,80.7634
214.1,-0.000405994,80.7634
214.15,-0.000400116,80.7634
214.2,-0.000398547,80.7634
214.25,-0.000398781,80.7633
214.3,-0.000400083,80.7633
214.35,-0.000391935,80.7633
214.4,-0.000384188,80.7633
214.45,-0.000382017,80.7633
214.5,-0.000382351,80.7632
214.55,-0.000388262,80.7632
214.6,-0.000385023,80.7632
214.65,-0.000387193,80.7632
214.7,-0.000386459,80.7632
214.75,-0.000379947,80.7631
214.8,-0.000388028,80.7631
214.85,-0.000397645,80.7631
214.9,-0.000407864,80.7631
214.95,-0.000395475,80.7631
215.0,-0.000393037,80.763
215.05,-0.000395842,80.763
215.1,-0.000388529,80.763
215.15,-0.000387895,80.763
215.2,-0.000389765,80.763
215.25,-0.00038352,80.7629
215.3,-0.000377008,80.7629
215.35,-0.000376641,80.7629
215.4,-0.000376841,80.7629
215.45,-0.000378444,80.7629
215.5,-0.000381316,80.7629
215.55,-0.000377643,80.7628
215.6,-0.000375506,80.7628
215.65,-0.000373268,80.7628
215.7,-0.000371866,80.7628
215.75,-0.000362416,80.7628
215.8,-0.000373335,80.7627
215.85,-0.00037033,80.7627
215.9,-0.000386258,80.7627
215.95,-0.000376374,80.7627
216.0,-0.000381683,80.7627
216.05,-0.00038736,80.7626
216.1,-0.000388696,80.7626
216.15,-0.000395308,80.7626
216.2,-0.000390599,80.7626
216.25,-0.000382151,80.7626
216.3,-0.000392202,80.7626
216.35,-0.000401753,80.7625
216.4,-0.000395508,80.7625
216.45,-0.000393672,80.7625
216.5,-0.000394473,80.7625
216.55,-0.000391668,80.7625
216.6,-0.000397779,80.7624
216.65,-0.000395174,80.7624
216.7,-0.000394506,80.7624
216.75,-0.00039818,80.7624
216.8,-0.000384155,80.7624
216.85,-0.000379613,80.7623
216.9,-0.000379513,80.7623
216.95,-0.00038509,80.7623
217.0,-0.000388028,80.7623
217.05,-0.000399783,80.7623
217.1,-0.000386325,80.7622
217.15,-0.00039257,80.7622
217.2,-0.000389264,80.7622
217.25,-0.000398447,80.7622
217.3,-0.000392603,80.7622
217.35,-0.000385858,80.7621
217.4,-0.000379179,80.7621
217.45,-0.000377543,80.7621
217.5,-0.000380381,80.7621
217.55,-0.000370196,80.7621
217.6,-0.000373402,80.762
217.65,-0.000377142,80.762
217.7,-0.000382318,80.762
217.75,-0.000390666,80.762
217.8,-0.000394039,80.762
217.85,-0.000391768,80.7619
217.9,-0.000388028,80.7619
217.95,-0.000392536,80.7619
218.0,-0.000400951,80.7619
218.05,-0.000392536,80.7619
218.1,-0.000393037,80.7618
218.15,-0.000387627,80.7618
218.2,-0.000383754,80.7618
218.25,-0.000387561,80.7618
218.3,-0.000382585,80.7618
218.35,-0.000384689,80.7617
218.4,-0.000391768,80.7617
218.45,-0.000389965,80.7617
218.5,-0.000393171,80.7617
218.55,-0.000385724,80.7617
218.6,-0.00038332,80.7617
218.65,-0.000386425,80.7616
218.7,-0.000398647,80.7616
218.75,-0.000396243,80.7616
218.8,-0.000395675,80.7616
218.85,-0.000394373,80.7616
218.9,-0.000388596,80.7615
218.95,-0.000393071,80.7615
219.0,-0.0003909,80.7615
219.05,-0.000393571,80.7615
219.1,-0.000391401,80.7615
219.15,-0.000393872,80.7614
219.2,-0.00040212,80.7614
219.25,-0.000384355,80.7614
219.3,-0.000393939,80.7614
219.35,-0.00039631,80.7614
219.4,-0.000390165,80.7613
219.45,-0.000386893,80.7613
219.5,-0.000386392,80.7613
219.55,-0.000386525,80.7613
219.6,-0.000386659,80.7613
219.65,-0.000393471,80.7612
219.7,-0.000391401,80.7612
219.75,-0.000390833,80.7612
219.8,-0.000394339,80.7612
219.85,-0.000385424,80.7612
219.9,-0.000389397,80.7611
219.95,-0.000401285,80.7611
220.0,-0.000400584,80.7611
220.05,-0.000397144,80.7611
220.1,-0.000395542,80.7611
220.15,-0.000387661,80.761
220.2,-0.000395942,80.761
220.25,-0.000403857,80.761
220.3,-0.000393772,80.761
220.35,-0.000390633,80.761
220.4,-0.000389197,80.7609
220.45,-0.000384388,80.7609
220.5,-0.0003911,80.7609
220.55,-0.000393505,80.7609
220.6,-0.000388429,80.7609
220.65,-0.000390733,80.7608
220.7,-0.000385891,80.7608
220.75,-0.000376908,80.7608
220.8,-0.000378444,80.7608
220.85,-0.000388496,80.7608
220.9,-0.000383921,80.7608
220.95,-0.000376007,80.7607
221.0,-0.000373903,80.7607
221.05,-0.000375673,80.7607
221.1,-0.000363184,80.7607
221.15,-0.000370764,80.7607
221.2,-0.000372033,80.7606
221.25,-0.000370998,80.7606
221.3,-0.000368126,80.7606
221.35,-0.000377276,80.7606
221.4,-0.000383954,80.7606
221.45,-0.000374804,80.7606
221.5,-0.00037761,80.7605
221.55,-0.000379045,80.7605
221.6,-0.000377443,80.7605
221.65,-0.000384689,80.7605
221.7,-0.000388262,80.7605
221.75,-0.000376374,80.7604
221.8,-0.000381082,80.7604
221.85,-0.00037023,80.7604
221.9,-0.000383186,80.7604
221.95,-0.00037624,80.7604
222.0,-0.0003721,80.7603
222.05,-0.00037063,80.7603
222.1,-0.000376674,80.7603
222.15,-0.000375806,80.7603
222.2,-0.000374137,80.7603
222.25,-0.000374838,80.7602
222.3,-0.000362917,80.7602
222.35,-0.000368059,80.7602
222.4,-0.000369896,80.7602
222.45,-0.000367859,80.7602
222.5,-0.000364987,80.7602
222.55,-0.000371398,80.7601
222.6,-0.000366423,80.7601
222.65,-0.000368092,80.7601
222.7,-0.000371699,80.7601
222.75,-0.000370363,80.7601
222.8,-0.000366757,80.76
222.85,-0.000373101,80.76
222.9,-0.000370397,80.76
222.95,-0.00037594,80.76
223.0,-0.000374103,80.76
223.05,-0.000371666,80.7599
223.1,-0.000378244,80.7599
223.15,-0.000369094,80.7599
223.2,-0.00036128,80.7599
223.25,-0.000354368,80.7599
223.3,-0.000335701,80.7599
223.35,-0.0003352,80.7598
223.4,-0.000339174,80.7598
223.45,-0.000358542,80.7598
223.5,-0.000356438,80.7598
223.55,-0.000358208,80.7598
223.6,-0.000347389,80.7598
223.65,-0.000343682,80.7597
223.7,-0.000297065,80.7597
223.75,-0.000220094,80.7597
223.8,-0.000230713,80.7597
223.85,-0.000247911,80.7597
223.9,-0.000334365,80.7597
223.95,-0.000328021,80.7597
224.0,-0.000345552,80.7596
224.05,-0.000333597,80.7596
224.1,-0.000335735,80.7596
224.15,-0.000331694,80.7596
224.2,-0.000321476,80.7596
224.25,-0.000291555,80.7596
224.3,-0.000299002,80.7595
224.35,-0.000321476,80.7595
224.4,-0.00034425,80.7595
224.45,-0.000357674,80.7595
224.5,-0.000365655,80.7595
224.55,-0.000359878,80.7595
224.6,-0.000381617,80.7594
224.65,-0.00040035,80.7594
224.7,-0.000405059,80.7594
224.75,-0.000399015,80.7594
224.8,-0.000393905,80.7594
224.85,-0.000388329,80.7593
224.9,-0.000397545,80.7593
224.95,-0.000392436,80.7593
225.0,-0.000389932,80.7593
225.05,-0.000404892,80.7593
225.1,-0.00040035,80.7592
225.15,-0.000393304,80.7592
225.2,-0.000403489,80.7592
225.25,-0.000394707,80.7592
225.3,-0.000398948,80.7592
225.35,-0.000401619,80.7591
225.4,-0.000404491,80.7591
225.45,-0.000406495,80.7591
225.5,-0.000412706,80.7591
225.55,-0.000414809,80.7591
225.6,-0.000394607,80.759
225.65,-0.00040596,80.759
225.7,-0.000415043,80.759
225.75,-0.000402888,80.759
225.8,-0.000412906,80.759
225.85,-0.000404324,80.7589
225.9,-0.000396043,80.7589
225.95,-0.000399983,80.7589
226.0,-0.000401218,80.7589
226.05,-0.000411938,80.7589
226.1,-0.000410802,80.7588
226.15,-0.000414876,80.7588
226.2,-0.000400183,80.7588
226.25,-0.00039848,80.7588
226.3,-0.000317535,80.7588
226.35,-0.000229311,80.7587
226.4,-0.000221764,80.7587
226.45,-0.000230613,80.7587
226.5,-0.000243369,80.7587
226.55,-0.000234052,80.7587
226.6,-0.000253053,80.7587
226.65,-0.000258797,80.7587
226.7,-0.000279167,80.7587
226.75,-0.000279167,80.7586
226.8,-0.000279968,80.7586
226.85,-0.00028304,80.7586
226.9,-0.000280936,80.7586
226.95,-0.000279801,80.7586
227.0,-0.000287749,80.7586
227.05,-0.000290253,80.7586
227.1,-0.000287682,80.7585
227.15,-0.000290253,80.7585
227.2,-0.000293258,80.7585
227.25,-0.000290453,80.7585
227.3,-0.000285077,80.7585
227.35,-0.000293492,80.7585
227.4,-0.000288483,80.7585
227.45,-0.000295028,80.7584
227.5,-0.000296564,80.7584
227.55,-0.000283842,80.7584
227.6,-0.000287214,80.7584
227.65,-0.00029032,80.7584
227.7,-0.00029052,80.7584
227.75,-0.00029386,80.7584
227.8,-0.000285678,80.7583
227.85,-0.000287782,80.7583
227.9,-0.000288851,80.7583
227.95,-0.000303009,80.7583
228.0,-0.000294928,80.7583
228.05,-0.000290387,80.7583
228.1,-0.000287515,80.7583
228.15,-0.000296731,80.7582
228.2,-0.000303076,80.7582
228.25,-0.000302074,80.7582
228.3,-0.000291555,80.7582
228.35,-0.000293459,80.7582
228.4,-0.000291956,80.7582
228.45,-0.000289719,80.7582
228.5,-0.000292891,80.7581
228.55,-0.000299169,80.7581
228.6,-0.000300037,80.7581
228.65,-0.000319639,80.7581
228.7,-0.000316366,80.7581
228.75,-0.000294394,80.7581
228.8,-0.000306816,80.758
228.85,-0.000310155,80.758
228.9,-0.000307484,80.758
228.95,-0.000305313,80.758
229.0,-0.00030725,80.758
229.05,-0.000305714,80.758
229.1,-0.000258062,80.758
229.15,-0.000298034,80.7579
229.2,-0.000323212,80.7579
229.25,-0.000328555,80.7579
229.3,-0.000339742,80.7579
229.35,-0.000341244,80.7579
229.4,-0.000355503,80.7579
229.45,-0.000354468,80.7578
229.5,-0.00034071,80.7578
229.55,-0.000348391,80.7578
229.6,-0.000346153,80.7578
229.65,-0.000348424,80.7578
229.7,-0.000375038,80.7578
229.75,-0.000385323,80.7577
229.8,-0.000394874,80.7577
229.85,-0.000388796,80.7577
229.9,-0.000389097,80.7577
229.95,-0.000397211,80.7577
230.0,-0.000402721,80.7576
230.05,-0.000402421,80.7576
230.1,-0.000393972,80.7576
230.15,-0.000382952,80.7576
230.2,-0.000386258,80.7576
230.25,-0.000392136,80.7575
230.3,-0.000390299,80.7575
230.35,-0.000389932,80.7575
230.4,-0.000397679,80.7575
230.45,-0.00038342,80.7575
230.5,-0.000384088,80.7574
230.55,-0.00040182,80.7574
230.6,-0.000395942,80.7574
230.65,-0.000349292,80.7574
230.7,-0.000337471,80.7574
230.75,-0.000391635,80.7573
230.8,-0.000386993,80.7573
230.85,-0.000378678,80.7573
230.9,-0.000379546,80.7573
230.95,-0.000379713,80.7573
231.0,-0.000379513,80.7572
231.05,-0.00038519,80.7572
231.1,-0.000381116,80.7572
231.15,-0.000386726,80.7572
231.2,-0.000389097,80.7572
231.25,-0.000372901,80.7572
231.3,-0.000372601,80.7571
231.35,-0.000371999,80.7571
231.4,-0.000370831,80.7571
231.45,-0.000370263,80.7571
231.5,-0.000366122,80.7571
231.55,-0.00037063,80.757
231.6,-0.000367792,80.757
231.65,-0.000362683,80.757
231.7,-0.000382652,80.757
231.75,-0.000376541,80.757
231.8,-0.000374571,80.757
231.85,-0.000376975,80.7569
231.9,-0.000267813,80.7569
231.95,-0.000330291,80.7569
232.0,-0.000220795,80.7569
232.05,-0.000321576,80.7569
232.1,-0.000381784,80.7569
232.15,-0.00035734,80.7568
232.2,-0.000287214,80.7568
232.25,-0.000291756,80.7568
232.3,-0.000297933,80.7568
232.35,-0.000312359,80.7568
232.4,-0.000333865,80.7568
232.45,-0.000352364,80.7567
232.5,-0.000355236,80.7567
232.55,-0.000360345,80.7567
232.6,-0.000350327,80.7567
232.65,-0.000356405,80.7567
232.7,-0.000382552,80.7567
232.75,-0.000390266,80.7566
232.8,-0.000386859,80.7566
232.85,-0.00038903,80.7566
232.9,-0.000387794,80.7566
232.95,-0.000401052,80.7566
233.0,-0.000404992,80.7565
233.05,-0.000396844,80.7565
233.1,-0.000398614,80.7565
233.15,-0.000402387,80.7565
233.2,-0.000409333,80.7565
233.25,-0.000399616,80.7564
233.3,-0.000406495,80.7564
233.35,-0.000400885,80.7564
233.4,-0.000398747,80.7564
233.45,-0.000394006,80.7564
233.5,-0.000391401,80.7563
233.55,-0.000388429,80.7563
233.6,-0.000395775,80.7563
233.65,-0.000398747,80.7563
233.7,-0.000394339,80.7563
233.75,-0.000403756,80.7562
233.8,-0.000408832,80.7562
233.85,-0.000415544,80.7562
233.9,-0.000406695,80.7562
233.95,-0.000397445,80.7562
234.0,-0.000400417,80.7561
234.05,-0.000394339,80.7561
234.1,-0.000388796,80.7561
234.15,-0.00039818,80.7561
234.2,-0.000404625,80.7561
234.25,-0.000409199,80.756
234.3,-0.000407229,80.756
234.35,-0.000420453,80.756
234.4,-0.000407363,80.756
234.45,-0.000397579,80.756
234.5,-0.000392603,80.7559
234.55,-0.000396109,80.7559
234.6,-0.00039818,80.7559
234.65,-0.000401218,80.7559
234.7,-0.000399081,80.7559
234.75,-0.000401018,80.7558
234.8,-0.000408198,80.7558
234.85,-0.00040586,80.7558
234.9,-0.000399148,80.7558
234.95,-0.00040566,80.7558
235.0,-0.000390266,80.7557
235.05,-0.000396009,80.7557
235.1,-0.000391434,80.7557
235.15,-0.000386592,80.7557
235.2,-0.000393571,80.7557
235.25,-0.000391367,80.7556
235.3,-0.000396443,80.7556
235.35,-0.000395375,80.7556
235.4,-0.00040419,80.7556
235.45,-0.000406662,80.7556
235.5,-0.000406294,80.7555
235.55,-0.000394139,80.7555
235.6,-0.000396276,80.7555
235.65,-0.000396276,80.7555
235.7,-0.000389731,80.7555
235.75,-0.000393738,80.7554
235.8,-0.000394006,80.7554
235.85,-0.000399315,80.7554
235.9,-0.00040743,80.7554
235.95,-0.000408799,80.7554
236.0,-0.000407496,80.7553
236.05,-0.000399549,80.7553
236.1,-0.000397144,80.7553
236.15,-0.000354435,80.7553
236.2,-0.000386926,80.7553
236.25,-0.000393705,80.7552
236.3,-0.000384722,80.7552
236.35,-0.000384488,80.7552
236.4,-0.000396443,80.7552
236.45,-0.000401285,80.7552
236.5,-0.000396911,80.7551
236.55,-0.000401719,80.7551
236.6,-0.000407129,80.7551
236.65,-0.000404658,80.7551
236.7,-0.000400484,80.7551
236.75,-0.000401018,80.755
236.8,-0.000395909,80.755
236.85,-0.000403456,80.755
236.9,-0.000409433,80.755
236.95,-0.000409199,80.755
237.0,-0.000409567,80.7549
237.05,-0.000406595,80.7549
237.1,-0.000414876,80.7549
237.15,-0.000406094,80.7549
237.2,-0.000403923,80.7549
237.25,-0.000408865,80.7548
237.3,-0.000398814,80.7548
237.35,-0.000395508,80.7548
237.4,-0.000397579,80.7548
237.45,-0.000395575,80.7548
237.5,-0.000391167,80.7547
237.55,-0.000402721,80.7547
237.6,-0.00039464,80.7547
237.65,-0.000387494,80.7547
237.7,-0.000391468,80.7547
237.75,-0.000400818,80.7546
237.8,-0.000388028,80.7546
237.85,-0.000380248,80.7546
237.9,-0.000380214,80.7546
237.95,-0.000385958,80.7546
238.0,-0.000392469,80.7545
238.05,-0.000396677,80.7545
238.1,-0.00039287,80.7545
238.15,-0.000392336,80.7545
238.2,-0.000394006,80.7545
238.25,-0.000388629,80.7544
238.3,-0.000393872,80.7544
238.35,-0.000394339,80.7544
238.4,-0.000403623,80.7544
238.45,-0.000407329,80.7544
238.5,-0.000399716,80.7543
238.55,-0.00040379,80.7543
238.6,-0.000404958,80.7543
238.65,-0.000402521,80.7543
238.7,-0.000398681,80.7543
238.75,-0.000401519,80.7542
238.8,-0.00040399,80.7542
238.85,-0.000402621,80.7542
238.9,-0.000410301,80.7542
238.95,-0.000411604,80.7542
239.0,-0.000415511,80.7541
239.05,-0.0004098,80.7541
239.1,-0.000409233,80.7541
239.15,-0.000408765,80.7541
239.2,-0.000403623,80.7541
239.25,-0.000401987,80.754
239.3,-0.000397612,80.754
239.35,-0.000401352,80.754
239.4,-0.000391468,80.754
239.45,-0.000397746,80.754
239.5,-0.000404858,80.7539
239.55,-0.000396844,80.7539
239.6,-0.000395074,80.7539
239.65,-0.000406829,80.7539
239.7,-0.000402888,80.7539
239.75,-0.000404424,80.7538
239.8,-0.000405893,80.7538
239.85,-0.000406728,80.7538
239.9,-0.000404524,80.7538
239.95,-0.000410535,80.7538
240.0,-0.000410736,80.7537
240.05,-0.000411036,80.7537
240.1,-0.000412505,80.7537
240.15,-0.0004095,80.7537
240.2,-0.000420019,80.7537
240.25,-0.000419852,80.7536
240.3,-0.000416713,80.7536
240.35,-0.000416613,80.7536
240.4,-0.00041698,80.7536
240.45,-0.000421121,80.7535
240.5,-0.000419585,80.7535
240.55,-0.000405393,80.7535
240.6,-0.000412272,80.7535
240.65,-0.000409867,80.7535
240.7,-0.000415878,80.7534
240.75,-0.000411136,80.7534
240.8,-0.000417414,80.7534
240.85,-0.000410468,80.7534
240.9,-0.000422156,80.7534
240.95,-0.000420419,80.7533
241.0,-0.00041678,80.7533
241.05,-0.000420954,80.7533
241.1,-0.000413941,80.7533
241.15,-0.0004095,80.7533
241.2,-0.000421021,80.7532
241.25,-0.000408765,80.7532
241.3,-0.000415778,80.7532
241.35,-0.000410468,80.7532
241.4,-0.000413774,80.7532
241.45,-0.000418282,80.7531
241.5,-0.000417882,80.7531
241.55,-0.000416279,80.7531
241.6,-0.000408198,80.7531
241.65,-0.000407029,80.7531
241.7,-0.000414175,80.753
241.75,-0.000414275,80.753
241.8,-0.00041304,80.753
241.85,-0.000411871,80.753
241.9,-0.000408765,80.753
241.95,-0.000414008,80.7529
242.0,-0.000408765,80.7529
242.05,-0.000404992,80.7529
242.1,-0.000408465,80.7529
242.15,-0.000414542,80.7528
242.2,-0.000415444,80.7528
242.25,-0.000418049,80.7528
242.3,-0.000418883,80.7528
242.35,-0.000413841,80.7528
242.4,-0.000414509,80.7527
242.45,-0.000409767,80.7527
242.5,-0.0004096,80.7527
242.55,-0.000405292,80.7527
242.6,-0.000403923,80.7527
242.65,-0.000398013,80.7526
242.7,-0.000407663,80.7526
242.75,-0.000397144,80.7526
242.8,-0.000407196,80.7526
242.85,-0.00040389,80.7526
242.9,-0.000406561,80.7525
242.95,-0.000402521,80.7525
243.0,-0.000386058,80.7525
243.05,-0.000380214,80.7525
243.1,-0.000391367,80.7525
243.15,-0.000391367,80.7524
243.2,-0.00039631,80.7524
243.25,-0.000400751,80.7524
243.3,-0.000410168,80.7524
243.35,-0.000399348,80.7524
243.4,-0.000405793,80.7523
243.45,-0.000405393,80.7523
243.5,-0.000410301,80.7523
243.55,-0.000399348,80.7523
243.6,-0.00040409,80.7523
243.65,-0.000410168,80.7522
243.7,-0.000404458,80.7522
243.75,-0.000400784,80.7522
243.8,-0.000406495,80.7522
243.85,-0.000409333,80.7522
243.9,-0.000404357,80.7521
243.95,-0.000408097,80.7521
244.0,-0.000403255,80.7521
244.05,-0.00040045,80.7521
244.1,-0.000404658,80.7521
244.15,-0.000392269,80.752
244.2,-0.000382719,80.752
244.25,-0.000380882,80.752
244.3,-0.000396543,80.752
244.35,-0.000390766,80.752
244.4,-0.000393171,80.7519
244.45,-0.000404157,80.7519
244.5,-0.00040419,80.7519
244.55,-0.000398547,80.7519
244.6,-0.000396811,80.7519
244.65,-0.000400517,80.7518
244.7,-0.00039848,80.7518
244.75,-0.00039474,80.7518
244.8,-0.000390599,80.7518
244.85,-0.000396443,80.7518
244.9,-0.000392102,80.7517
244.95,-0.000393404,80.7517
245.0,-0.000394239,80.7517
245.05,-0.000391267,80.7517
245.1,-0.000394874,80.7517
245.15,-0.000399916,80.7516
245.2,-0.000405192,80.7516
245.25,-0.000406328,80.7516
245.3,-0.000401719,80.7516
245.35,-0.000402387,80.7516
245.4,-0.000396944,80.7515
245.45,-0.000394974,80.7515
245.5,-0.00038923,80.7515
245.55,-0.000394473,80.7515
245.6,-0.000394273,80.7515
245.65,-0.000395508,80.7514
245.7,-0.000401519,80.7514
245.75,-0.000395742,80.7514
245.8,-0.000409166,80.7514
245.85,-0.000413841,80.7514
245.9,-0.0004097,80.7513
245.95,-0.000401953,80.7513
246.0,-0.000406461,80.7513
246.05,-0.000405727,80.7513
246.1,-0.000398781,80.7513
246.15,-0.00040763,80.7512
246.2,-0.000401152,80.7512
246.25,-0.000407763,80.7512
246.3,-0.000401118,80.7512
246.35,-0.000397078,80.7512
246.4,-0.000392136,80.7511
246.45,-0.00039828,80.7511
246.5,-0.000398013,80.7511
246.55,-0.000402254,80.7511
246.6,-0.000400918,80.7511
246.65,-0.000405459,80.751
246.7,-0.000403957,80.751
246.75,-0.000408365,80.751
246.8,-0.000412071,80.751
246.85,-0.000403489,80.751
246.9,-0.000414208,80.7509
246.95,-0.000410736,80.7509
247.0,-0.000414409,80.7509
247.05,-0.000410569,80.7509
247.1,-0.00040586,80.7509
247.15,-0.000402187,80.7508
247.2,-0.000393505,80.7508
247.25,-0.000402087,80.7508
247.3,-0.000399482,80.7508
247.35,-0.000395642,80.7508
247.4,-0.000390399,80.7507
247.45,-0.000382218,80.7507
247.5,-0.000393972,80.7507
247.55,-0.000395375,80.7507
247.6,-0.000386659,80.7507
247.65,-0.000385357,80.7506
247.7,-0.000390633,80.7506
247.75,-0.000384355,80.7506
247.8,-0.000386859,80.7506
247.85,-0.000377075,80.7506
247.9,-0.000393037,80.7505
247.95,-0.000382351,80.7505
248.0,-0.000377576,80.7505
248.05,-0.000386025,80.7505
248.1,-0.000388329,80.7505
248.15,-0.000393304,80.7505
248.2,-0.000393237,80.7504
248.25,-0.000398046,80.7504
248.3,-0.000408832,80.7504
248.35,-0.000399015,80.7504
248.4,-0.000398413,80.7504
248.45,-0.000401085,80.7503
248.5,-0.000394373,80.7503
248.55,-0.000394239,80.7503
248.6,-0.000393004,80.7503
248.65,-0.000387694,80.7503
248.7,-0.000393705,80.7502
248.75,-0.000391969,80.7502
248.8,-0.000401686,80.7502
248.85,-0.000401319,80.7502
248.9,-0.000408465,80.7502
248.95,-0.000407129,80.7501
249.0,-0.000403255,80.7501
249.05,-0.000405994,80.7501
249.1,-0.000415778,80.7501
249.15,-0.000409767,80.7501
249.2,-0.0004093,80.75
249.25,-0.000410569,80.75
249.3,-0.000405326,80.75
249.35,-0.000410969,80.75
249.4,-0.0004098,80.7499
249.45,-0.000415511,80.7499
249.5,-0.00041708,80.7499
249.55,-0.000413106,80.7499
249.6,-0.000415411,80.7499
249.65,-0.000412706,80.7498
249.7,-0.000402554,80.7498
249.75,-0.000413374,80.7498
249.8,-0.000399916,80.7498
249.85,-0.000404892,80.7498
249.9,-0.000408331,80.7497
249.95,-0.00040399,80.7497
250.0,-0.000400217,80.7497
250.05,-0.000406862,80.7497
250.1,-0.000403923,80.7497
250.15,-0.000410969,80.7496
250.2,-0.000415377,80.7496
250.25,-0.000414876,80.7496
250.3,-0.000408932,80.7496
250.35,-0.000404023,80.7496
250.4,-0.000404391,80.7495
250.45,-0.000397178,80.7495
250.5,-0.00040025,80.7495
250.55,-0.00040606,80.7495
250.6,-0.000410301,80.7495
250.65,-0.00040389,80.7494
250.7,-0.000401953,80.7494
250.75,-0.000403088,80.7494
250.8,-0.000407263,80.7494
250.85,-0.00041147,80.7494
250.9,-0.000409867,80.7493
250.95,-0.000404925,80.7493
251.0,-0.000406795,80.7493
251.05,-0.000417681,80.7493
251.1,-0.000412672,80.7493
251.15,-0.000399415,80.7492
251.2,-0.000404124,80.7492
251.25,-0.000406495,80.7492
251.3,-0.000401452,80.7492
251.35,-0.000405059,80.7492
251.4,-0.00040025,80.7491
251.45,-0.000401653,80.7491
251.5,-0.000395775,80.7491
251.55,-0.000395842,80.7491
251.6,-0.000401987,80.7491
251.65,-0.00040389,80.749
251.7,-0.000405125,80.749
251.75,-0.000402053,80.749
251.8,-0.000402855,80.749
251.85,-0.000399816,80.749
251.9,-0.000405326,80.7489
251.95,-0.000407797,80.7489
252.0,-0.000409967,80.7489
252.05,-0.000410936,80.7489
252.1,-0.0004096,80.7488
252.15,-0.000408699,80.7488
252.2,-0.000418349,80.7488
252.25,-0.000425495,80.7488
252.3,-0.000419384,80.7488
252.35,-0.000418182,80.7487
252.4,-0.00041875,80.7487
252.45,-0.000413641,80.7487
252.5,-0.000408131,80.7487
252.55,-0.000410736,80.7487
252.6,-0.000406328,80.7486
252.65,-0.000401319,80.7486
252.7,-0.000399482,80.7486
252.75,-0.000413674,80.7486
252.8,-0.000421588,80.7486
252.85,-0.000414175,80.7485
252.9,-0.000414175,80.7485
252.95,-0.000411904,80.7485
253.0,-0.000417281,80.7485
253.05,-0.000406929,80.7485
253.1,-0.000400016,80.7484
253.15,-0.000410602,80.7484
253.2,-0.000412171,80.7484
253.25,-0.000408264,80.7484
253.3,-0.000414642,80.7484
253.35,-0.000415945,80.7483
253.4,-0.000420353,80.7483
253.45,-0.000415077,80.7483
253.5,-0.000410101,80.7483
253.55,-0.000405125,80.7483
253.6,-0.00040606,80.7482
253.65,-0.000406428,80.7482
253.7,-0.000411837,80.7482
253.75,-0.000406929,80.7482
253.8,-0.000420186,80.7481
253.85,-0.000406328,80.7481
253.9,-0.00040743,80.7481
253.95,-0.000398146,80.7481
254.0,-0.000408565,80.7481
254.05,-0.000409199,80.748
254.1,-0.000408264,80.748
254.15,-0.000412071,80.748
254.2,-0.000412439,80.748
254.25,-0.000417347,80.748
254.3,-0.000410836,80.7479
254.35,-0.000408031,80.7479
254.4,-0.000406227,80.7479
254.45,-0.000408465,80.7479
254.5,-0.000408164,80.7479
254.55,-0.000395842,80.7478
254.6,-0.000407997,80.7478
254.65,-0.000408164,80.7478
254.7,-0.000406561,80.7478
254.75,-0.000409433,80.7478
254.8,-0.000410836,80.7477
254.85,-0.00040419,80.7477
254.9,-0.000401953,80.7477
254.95,-0.00041147,80.7477
255.0,-0.000413106,80.7477
255.05,-0.000414442,80.7476
255.1,-0.000417648,80.7476
255.15,-0.000407864,80.7476
255.2,-0.000403456,80.7476
255.25,-0.000415711,80.7476
255.3,-0.000421488,80.7475
255.35,-0.000419251,80.7475
255.4,-0.000408031,80.7475
255.45,-0.000413173,80.7475
255.5,-0.000409166,80.7475
255.55,-0.000410669,80.7474
255.6,-0.000407697,80.7474
255.65,-0.000405526,80.7474
255.7,-0.000404391,80.7474
255.75,-0.000413841,80.7474
255.8,-0.00041314,80.7473
255.85,-0.000421521,80.7473
255.9,-0.000410034,80.7473
255.95,-0.000408799,80.7473
256.0,-0.000406929,80.7472
256.05,-0.000411971,80.7472
256.1,-0.000409166,80.7472
256.15,-0.000409133,80.7472
256.2,-0.000415644,80.7472
256.25,-0.000415244,80.7471
256.3,-0.000410101,80.7471
256.35,-0.000409032,80.7471
256.4,-0.000414242,80.7471
256.45,-0.000412839,80.7471
256.5,-0.000410134,80.747
256.55,-0.00041167,80.747
256.6,-0.000408832,80.747
256.65,-0.000400885,80.747
256.7,-0.000408865,80.747
256.75,-0.000414843,80.7469
256.8,-0.00042436,80.7469
256.85,-0.000416379,80.7469
256.9,-0.000421021,80.7469
256.95,-0.000417514,80.7469
257.0,-0.000423859,80.7468
257.05,-0.000419718,80.7468
257.1,-0.000413774,80.7468
257.15,-0.000413307,80.7468
257.2,-0.000408064,80.7467
257.25,-0.000415611,80.7467
257.3,-0.00042623,80.7467
257.35,-0.000420553,80.7467
257.4,-0.000423492,80.7467
257.45,-0.000424026,80.7467
257.5,-0.000419117,80.7466
257.55,-0.000406094,80.7466
257.6,-0.000412004,80.7466
257.65,-0.00040379,80.7466
257.7,-0.000414876,80.7465
257.75,-0.000402421,80.7465
257.8,-0.000403456,80.7465
257.85,-0.000409634,80.7465
257.9,-0.000414142,80.7465
257.95,-0.000412973,80.7464
258.0,-0.000405893,80.7464
258.05,-0.000414776,80.7464
258.1,-0.000408231,80.7464
258.15,-0.000411737,80.7464
258.2,-0.000413374,80.7463
258.25,-0.000408532,80.7463
258.3,-0.00042052,80.7463
258.35,-0.00041708,80.7463
258.4,-0.000413874,80.7463
258.45,-0.000410602,80.7462
258.5,-0.000409099,80.7462
258.55,-0.000408565,80.7462
258.6,-0.000411837,80.7462
258.65,-0.000413708,80.7462
258.7,-0.000410902,80.7461
258.75,-0.000408932,80.7461
258.8,-0.000410201,80.7461
258.85,-0.000416078,80.7461
258.9,-0.000418984,80.746
258.95,-0.00041688,80.746
259.0,-0.00041137,80.746
259.05,-0.000419752,80.746
259.1,-0.000425595,80.746
259.15,-0.000425662,80.7459
259.2,-0.000426664,80.7459
259.25,-0.000421722,80.7459
259.3,-0.000416613,80.7459
259.35,-0.000427465,80.7459
259.4,-0.000426764,80.7458
259.45,-0.000433977,80.7458
259.5,-0.000424493,80.7458
259.55,-0.000424694,80.7458
259.6,-0.000417882,80.7458
259.65,-0.000411003,80.7457
259.7,-0.000404992,80.7457
259.75,-0.000411637,80.7457
259.8,-0.000416212,80.7457
259.85,-0.000412706,80.7457
259.9,-0.00040182,80.7456
259.95,-0.000410502,80.7456
260.0,-0.000410969,80.7456
260.05,-0.000412973,80.7456
260.1,-0.000408966,80.7456
260.15,-0.000408264,80.7455
260.2,-0.000408198,80.7455
260.25,-0.000414743,80.7455
260.3,-0.000408799,80.7455
260.35,-0.000416312,80.7454
260.4,-0.000407663,80.7454
260.45,-0.000401953,80.7454
260.5,-0.000401352,80.7454
260.55,-0.000400718,80.7454
260.6,-0.000415678,80.7453
260.65,-0.000405693,80.7453
260.7,-0.000412639,80.7453
260.75,-0.000401853,80.7453
260.8,-0.00039818,80.7453
260.85,-0.000399783,80.7452
260.9,-0.0004095,80.7452
260.95,-0.000408298,80.7452
261.0,-0.00041117,80.7452
261.05,-0.000410769,80.7452
261.1,-0.000404691,80.7451
261.15,-0.000401018,80.7451
261.2,-0.000393738,80.7451
261.25,-0.000409099,80.7451
261.3,-0.000405827,80.7451
261.35,-0.00040202,80.745
261.4,-0.000406394,80.745
261.45,-0.000410168,80.745
261.5,-0.000405226,80.745
261.55,-0.000401152,80.745
261.6,-0.000404792,80.7449
261.65,-0.000397412,80.7449
261.7,-0.000400651,80.7449
261.75,-0.000394974,80.7449
261.8,-0.000404124,80.7449
261.85,-0.000406161,80.7448
261.9,-0.000399883,80.7448
261.95,-0.000395709,80.7448
262.0,-0.000381984,80.7448
262.05,-0.000385457,80.7448
262.1,-0.000400183,80.7447
262.15,-0.000407897,80.7447
262.2,-0.000413741,80.7447
262.25,-0.000410335,80.7447
262.3,-0.000410535,80.7447
262.35,-0.000410902,80.7446
262.4,-0.000400116,80.7446
262.45,-0.000410669,80.7446
262.5,-0.000408532,80.7446
262.55,-0.000414743,80.7446
262.6,-0.000411003,80.7445
262.65,-0.000401953,80.7445
262.7,-0.000399015,80.7445
262.75,-0.000395842,80.7445
262.8,-0.000400016,80.7445
262.85,-0.000398213,80.7444
262.9,-0.000399649,80.7444
262.95,-0.000398848,80.7444
263.0,-0.000406595,80.7444
263.05,-0.000406027,80.7444
263.1,-0.000415544,80.7443
263.15,-0.000417414,80.7443
263.2,-0.000430471,80.7443
263.25,-0.00042072,80.7443
263.3,-0.000417314,80.7443
263.35,-0.000371799,80.7442
263.4,-0.000350127,80.7442
263.45,-0.000330091,80.7442
263.5,-0.000336903,80.7442
263.55,-0.000349292,80.7442
263.6,-0.000355904,80.7441
263.65,-0.000366289,80.7441
263.7,-0.000371031,80.7441
263.75,-0.000373202,80.7441
263.8,-0.00036856,80.7441
263.85,-0.000342981,80.7441
263.9,-0.000337271,80.744
263.95,-0.000339642,80.744
264.0,-0.000341745,80.744
264.05,-0.000339308,80.744
264.1,-0.000358776,80.744
264.15,-0.000357574,80.7439
264.2,-0.000357974,80.7439
264.25,-0.000363785,80.7439
264.3,-0.000360112,80.7439
264.35,-0.000365955,80.7439
264.4,-0.000363518,80.7439
264.45,-0.000366991,80.7438
264.5,-0.00035764,80.7438
264.55,-0.000343415,80.7438
264.6,-0.000353132,80.7438
264.65,-0.000365621,80.7438
264.7,-0.000356071,80.7438
264.75,-0.000367792,80.7437
264.8,-0.00038519,80.7437
264.85,-0.000387761,80.7437
264.9,-0.00039444,80.7437
264.95,-0.000399883,80.7437
265.0,-0.000380849,80.7436
265.05,-0.000383954,80.7436
265.1,-0.000380748,80.7436
265.15,-0.000386392,80.7436
265.2,-0.00038696,80.7436
265.25,-0.000380481,80.7435
265.3,-0.000381049,80.7435
265.35,-0.000374437,80.7435
265.4,-0.000392603,80.7435
265.45,-0.000395575,80.7435
265.5,-0.000393638,80.7434
265.55,-0.000387127,80.7434
265.6,-0.000395408,80.7434
265.65,-0.000381717,80.7434
265.7,-0.000370764,80.7434
265.75,-0.000374304,80.7433
265.8,-0.000367525,80.7433
265.85,-0.000374437,80.7433
265.9,-0.000375005,80.7433
265.95,-0.000375506,80.7433
266.0,-0.000381951,80.7433
266.05,-0.000348357,80.7432
266.1,-0.000386392,80.7432
266.15,-0.000405326,80.7432
266.2,-0.000404224,80.7432
266.25,-0.00040576,80.7432
266.3,-0.000363751,80.7431
266.35,-0.000387861,80.7431
266.4,-0.000398747,80.7431
266.45,-0.000405526,80.7431
266.5,-0.000401886,80.7431
266.55,-0.000408031,80.743
266.6,-0.000405125,80.743
266.65,-0.000416746,80.743
266.7,-0.000419885,80.743
266.75,-0.000413507,80.743
266.8,-0.000418349,80.7429
266.85,-0.00041688,80.7429
266.9,-0.000416179,80.7429
266.95,-0.000417414,80.7429
267.0,-0.000420987,80.7429
267.05,-0.000427866,80.7428
267.1,-0.000427499,80.7428
267.15,-0.000428601,80.7428
267.2,-0.000430137,80.7428
267.25,-0.000423458,80.7427
267.3,-0.00043351,80.7427
267.35,-0.000424493,80.7427
267.4,-0.000414409,80.7427
267.45,-0.000387895,80.7427
267.5,-0.000395174,80.7426
267.55,-0.000391601,80.7426
267.6,-0.00039484,80.7426
267.65,-0.000402922,80.7426
267.7,-0.000419184,80.7426
267.75,-0.000425562,80.7425
267.8,-0.00042446,80.7425
267.85,-0.000422623,80.7425
267.9,-0.000423859,80.7425
267.95,-0.000430972,80.7425
268.0,-0.000427265,80.7424
268.05,-0.000418984,80.7424
268.1,-0.00042249,80.7424
268.15,-0.000416312,80.7424
268.2,-0.000415811,80.7424
268.25,-0.000426063,80.7423
268.3,-0.000431406,80.7423
268.35,-0.000428234,80.7423
268.4,-0.000429402,80.7423
268.45,-0.000429669,80.7422
268.5,-0.000426864,80.7422
268.55,-0.000426363,80.7422
268.6,-0.000425963,80.7422
268.65,-0.000428567,80.7422
268.7,-0.000424794,80.7421
268.75,-0.000427666,80.7421
268.8,-0.000433409,80.7421
268.85,-0.000440756,80.7421
268.9,-0.000436014,80.7421
268.95,-0.000436715,80.742
269.0,-0.000426697,80.742
269.05,-0.0004281,80.742
269.1,-0.000434545,80.742
269.15,-0.000426397,80.7419
269.2,-0.000429937,80.7419
269.25,-0.0004284,80.7419
269.3,-0.000430404,80.7419
269.35,-0.00043194,80.7419
269.4,-0.000430237,80.7418
269.45,-0.000425061,80.7418
269.5,-0.000432575,80.7418
269.55,-0.000432508,80.7418
269.6,-0.000430137,80.7418
269.65,-0.000428567,80.7417
269.7,-0.000426998,80.7417
269.75,-0.000437784,80.7417
269.8,-0.000428734,80.7417
269.85,-0.000426697,80.7416
269.9,-0.000428067,80.7416
269.95,-0.000422657,80.7416
270.0,-0.000417882,80.7416
270.05,-0.000425562,80.7416
270.1,-0.000418082,80.7415
270.15,-0.000417414,80.7415
270.2,-0.000420319,80.7415
270.25,-0.00042062,80.7415
270.3,-0.00042072,80.7415
270.35,-0.000414041,80.7414
270.4,-0.000422022,80.7414
270.45,-0.000425963,80.7414
270.5,-0.000432341,80.7414
270.55,-0.00043194,80.7413
270.6,-0.000430604,80.7413
270.65,-0.000430504,80.7413
270.7,-0.000439554,80.7413
270.75,-0.000434912,80.7413
270.8,-0.00043174,80.7412
270.85,-0.00043391,80.7412
270.9,-0.000432975,80.7412
270.95,-0.000427165,80.7412
271.0,-0.000435747,80.7411
271.05,-0.000432975,80.7411
271.1,-0.00043174,80.7411
271.15,-0.000432909,80.7411
271.2,-0.000432909,80.7411
271.25,-0.000427632,80.741
271.3,-0.000428133,80.741
271.35,-0.000429669,80.741
271.4,-0.000429703,80.741
271.45,-0.000425829,80.741
271.5,-0.000422557,80.7409
271.55,-0.000420086,80.7409
271.6,-0.000405727,80.7409
271.65,-0.000418549,80.7409
271.7,-0.000424627,80.7409
271.75,-0.000416279,80.7408
271.8,-0.000410769,80.7408
271.85,-0.000417047,80.7408
271.9,-0.00042653,80.7408
271.95,-0.000425362,80.7407
272.0,-0.000425963,80.7407
272.05,-0.000427265,80.7407
272.1,-0.00043007,80.7407
272.15,-0.00043942,80.7407
272.2,-0.00043952,80.7406
272.25,-0.000432842,80.7406
272.3,-0.000437383,80.7406
272.35,-0.000438051,80.7406
272.4,-0.000427666,80.7406
272.45,-0.00043007,80.7405
272.5,-0.000414242,80.7405
272.55,-0.000420219,80.7405
272.6,-0.000428868,80.7405
272.65,-0.000429669,80.7404
272.7,-0.000429469,80.7404
272.75,-0.000435279,80.7404
272.8,-0.000428567,80.7404
272.85,-0.000428334,80.7404
272.9,-0.000428801,80.7403
272.95,-0.000419151,80.7403
273.0,-0.000419217,80.7403
273.05,-0.000423759,80.7403
273.1,-0.000423926,80.7403
273.15,-0.000410502,80.7402
273.2,-0.000423391,80.7402
273.25,-0.000419384,80.7402
273.3,-0.000422156,80.7402
273.35,-0.000416713,80.7402
273.4,-0.000428534,80.7401
273.45,-0.000426931,80.7401
273.5,-0.000424928,80.7401
273.55,-0.000424326,80.7401
273.6,-0.000424694,80.74
273.65,-0.00042436,80.74
273.7,-0.000423926,80.74
273.75,-0.000429302,80.74
273.8,-0.000423225,80.74
273.85,-0.000425529,80.7399
273.9,-0.000422189,80.7399
273.95,-0.000422623,80.7399
274.0,-0.000416913,80.7399
274.05,-0.000410235,80.7399
274.1,-0.000412405,80.7398
274.15,-0.000414576,80.7398
274.2,-0.000415411,80.7398
274.25,-0.000419151,80.7398
274.3,-0.000421388,80.7398
274.35,-0.000415911,80.7397
274.4,-0.000416846,80.7397
274.45,-0.00041865,80.7397
274.5,-0.00041511,80.7397
274.55,-0.000425462,80.7396
274.6,-0.000414275,80.7396
274.65,-0.000417915,80.7396
274.7,-0.000422022,80.7396
274.75,-0.000424794,80.7396
274.8,-0.000423458,80.7395
274.85,-0.000421956,80.7395
274.9,-0.000418416,80.7395
274.95,-0.000428835,80.7395
275.0,-0.000418817,80.7395
275.05,-0.000415611,80.7394
275.1,-0.000422423,80.7394
275.15,-0.00043184,80.7394
275.2,-0.000415778,80.7394
275.25,-0.000424928,80.7393
275.3,-0.000422824,80.7393
275.35,-0.000423024,80.7393
275.4,-0.000422456,80.7393
275.45,-0.000412672,80.7393
275.5,-0.000411236,80.7393
275.55,-0.000422056,80.7392
275.6,-0.000423792,80.7392
275.65,-0.000428935,80.7392
275.7,-0.000410335,80.7392
275.75,-0.000416145,80.7391
275.8,-0.000431172,80.7391
275.85,-0.000417514,80.7391
275.9,-0.000417615,80.7391
275.95,-0.000420553,80.7391
276.0,-0.000416412,80.739
276.05,-0.000427966,80.739
276.1,-0.000426497,80.739
276.15,-0.000418082,80.739
276.2,-0.000415911,80.739
276.25,-0.00042269,80.7389
276.3,-0.000428968,80.7389
276.35,-0.000427632,80.7389
276.4,-0.000425161,80.7389
276.45,-0.000430905,80.7388
276.5,-0.000425195,80.7388
276.55,-0.000430437,80.7388
276.6,-0.000438652,80.7388
276.65,-0.000438719,80.7388
276.7,-0.000440455,80.7387
276.75,-0.000441056,80.7387
276.8,-0.000430037,80.7387
276.85,-0.000431005,80.7387
276.9,-0.000431139,80.7386
276.95,-0.000431306,80.7386
277.0,-0.000427799,80.7386
277.05,-0.00042082,80.7386
277.1,-0.000434645,80.7386
277.15,-0.000437918,80.7385
277.2,-0.000431372,80.7385
277.25,-0.000436515,80.7385
277.3,-0.000434979,80.7385
277.35,-0.000438285,80.7385
277.4,-0.00043164,80.7384
277.45,-0.000438886,80.7384
277.5,-0.000446166,80.7384
277.55,-0.000437316,80.7384
277.6,-0.000434645,80.7383
277.65,-0.000430371,80.7383
277.7,-0.000421755,80.7383
277.75,-0.000420787,80.7383
277.8,-0.000429636,80.7383
277.85,-0.000437283,80.7382
277.9,-0.00044483,80.7382
277.95,-0.000440455,80.7382
278.0,-0.000436715,80.7382
278.05,-0.000440021,80.7382
278.1,-0.00043952,80.7381
278.15,-0.000442459,80.7381
278.2,-0.000444763,80.7381
278.25,-0.000443528,80.7381
278.3,-0.000434712,80.738
278.35,-0.000427933,80.738
278.4,-0.000427265,80.738
278.45,-0.000432307,80.738
278.5,-0.000432341,80.738
278.55,-0.000434578,80.7379
278.6,-0.000433109,80.7379
278.65,-0.000435046,80.7379
278.7,-0.000431506,80.7379
278.75,-0.000440255,80.7378
278.8,-0.000442559,80.7378
278.85,-0.00044326,80.7378
278.9,-0.000436047,80.7378
278.95,-0.000435146,80.7378
279.0,-0.00044099,80.7377
279.05,-0.000441958,80.7377
279.1,-0.000436815,80.7377
279.15,-0.000438552,80.7377
279.2,-0.000435847,80.7376
279.25,-0.000435947,80.7376
279.3,-0.000429035,80.7376
279.35,-0.000437483,80.7376
279.4,-0.000426731,80.7376
279.45,-0.00042426,80.7375
279.5,-0.000431205,80.7375
279.55,-0.000431473,80.7375
279.6,-0.000426063,80.7375
279.65,-0.000434545,80.7375
279.7,-0.000437918,80.7374
279.75,-0.000427031,80.7374
279.8,-0.000433309,80.7374
279.85,-0.000437016,80.7374
279.9,-0.000431439,80.7373
279.95,-0.000426931,80.7373
280.0,-0.000429836,80.7373
280.05,-0.000433443,80.7373
280.1,-0.000439253,80.7373
280.15,-0.000430905,80.7372
280.2,-0.000429235,80.7372
280.25,-0.000429168,80.7372
280.3,-0.000438318,80.7372
280.35,-0.000434845,80.7372
280.4,-0.000437584,80.7371
280.45,-0.000442392,80.7371
280.5,-0.000438552,80.7371
280.55,-0.000436982,80.7371
280.6,-0.000435279,80.737
280.65,-0.000438118,80.737
280.7,-0.000437316,80.737
280.75,-0.000442626,80.737
280.8,-0.000438018,80.737
280.85,-0.000433944,80.7369
280.9,-0.000433576,80.7369
280.95,-0.000431907,80.7369
281.0,-0.000430437,80.7369
281.05,-0.00043932,80.7368
281.1,-0.000438652,80.7368
281.15,-0.00042977,80.7368
281.2,-0.000438519,80.7368
281.25,-0.000440556,80.7368
281.3,-0.000434912,80.7367
281.35,-0.000439153,80.7367
281.4,-0.000433643,80.7367
281.45,-0.000430437,80.7367
281.5,-0.000424326,80.7366
281.55,-0.000427332,80.7366
281.6,-0.000426697,80.7366
281.65,-0.000440422,80.7366
281.7,-0.00043017,80.7366
281.75,-0.000431105,80.7365
281.8,-0.000426197,80.7365
281.85,-0.000433643,80.7365
281.9,-0.000438084,80.7365
281.95,-0.000432207,80.7365
282.0,-0.000429035,80.7364
282.05,-0.000429068,80.7364
282.1,-0.000432107,80.7364
282.15,-0.00042623,80.7364
282.2,-0.000440021,80.7364
282.25,-0.000439086,80.7363
282.3,-0.000432207,80.7363
282.35,-0.000428734,80.7363
282.4,-0.000436882,80.7363
282.45,-0.000440155,80.7362
282.5,-0.00043912,80.7362
282.55,-0.000443494,80.7362
282.6,-0.000445231,80.7362
282.65,-0.00043371,80.7362
282.7,-0.00043578,80.7361
282.75,-0.000438585,80.7361
282.8,-0.000436982,80.7361
282.85,-0.000431873,80.7361
282.9,-0.000429502,80.736
282.95,-0.000431807,80.736
283.0,-0.000433476,80.736
283.05,-0.000435213,80.736
283.1,-0.000428467,80.736
283.15,-0.000431673,80.7359
283.2,-0.000432742,80.7359
283.25,-0.000427031,80.7359
283.3,-0.000419284,80.7359
283.35,-0.000419418,80.7358
283.4,-0.000422724,80.7358
283.45,-0.000421221,80.7358
283.5,-0.000425362,80.7358
283.55,-0.000420286,80.7358
283.6,-0.000421789,80.7357
283.65,-0.000418082,80.7357
283.7,-0.000436849,80.7357
283.75,-0.000434378,80.7357
283.8,-0.00042466,80.7357
283.85,-0.00042239,80.7356
283.9,-0.000427766,80.7356
283.95,-0.00042466,80.7356
284.0,-0.000428901,80.7356
284.05,-0.000421188,80.7355
284.1,-0.000423425,80.7355
284.15,-0.000427198,80.7355
284.2,-0.000428501,80.7355
284.25,-0.000427198,80.7355
284.3,-0.00042997,80.7354
284.35,-0.00042456,80.7354
284.4,-0.000428501,80.7354
284.45,-0.000423959,80.7354
284.5,-0.000428835,80.7354
284.55,-0.000424627,80.7353
284.6,-0.000423158,80.7353
284.65,-0.000432575,80.7353
284.7,-0.000420386,80.7353
284.75,-0.000425362,80.7353
284.8,-0.00041501,80.7352
284.85,-0.000404558,80.7352
284.9,-0.00040606,80.7352
284.95,-0.000398013,80.7352
285.0,-0.000389097,80.7352
285.05,-0.000393905,80.7351
285.1,-0.000403523,80.7351
285.15,-0.000405326,80.7351
285.2,-0.000403022,80.7351
285.25,-0.00042279,80.7351
285.3,-0.000413474,80.735
285.35,-0.000404257,80.735
285.4,-0.000414576,80.735
285.45,-0.000416846,80.735
285.5,-0.000412873,80.7349
285.55,-0.000405459,80.7349
285.6,-0.000411504,80.7349
285.65,-0.000407463,80.7349
285.7,-0.000410268,80.7349
285.75,-0.000412405,80.7348
285.8,-0.000417948,80.7348
285.85,-0.000429603,80.7348
285.9,-0.000425762,80.7348
285.95,-0.000420086,80.7348
286.0,-0.000417648,80.7347
286.05,-0.000414242,80.7347
286.1,-0.000414676,80.7347
286.15,-0.000406127,80.7347
286.2,-0.000411771,80.7347
286.25,-0.000420286,80.7346
286.3,-0.000416312,80.7346
286.35,-0.000424894,80.7346
286.4,-0.000427465,80.7346
286.45,-0.000416579,80.7346
286.5,-0.000420887,80.7345
286.55,-0.000420319,80.7345
286.6,-0.000416212,80.7345
286.65,-0.000405326,80.7345
286.7,-0.000403756,80.7345
286.75,-0.000408966,80.7344
286.8,-0.000404324,80.7344
286.85,-0.000404491,80.7344
286.9,-0.000410836,80.7344
286.95,-0.000421722,80.7343
287.0,-0.000414075,80.7343
287.05,-0.000416379,80.7343
287.1,-0.000414442,80.7343
287.15,-0.000412906,80.7343
287.2,-0.00041127,80.7342
287.25,-0.000412906,80.7342
287.3,-0.000412706,80.7342
287.35,-0.000406528,80.7342
287.4,-0.000400116,80.7342
287.45,-0.000403723,80.7341
287.5,-0.000411303,80.7341
287.55,-0.00040389,80.7341
287.6,-0.00039858,80.7341
287.65,-0.000409433,80.7341
287.7,-0.000404291,80.734
287.75,-0.000411504,80.734
287.8,-0.00041314,80.734
287.85,-0.000408732,80.734
287.9,-0.000400484,80.734
287.95,-0.000396243,80.7339
288.0,-0.000389097,80.7339
288.05,-0.000397579,80.7339
288.1,-0.000395007,80.7339
288.15,-0.00039661,80.7339
288.2,-0.000391969,80.7338
288.25,-0.000394673,80.7338
288.3,-0.000398714,80.7338
288.35,-0.000398914,80.7338
288.4,-0.00040222,80.7338
288.45,-0.00041127,80.7337
288.5,-0.000410168,80.7337
288.55,-0.000415143,80.7337
288.6,-0.000395341,80.7337
288.65,-0.000397345,80.7337
288.7,-0.000407997,80.7336
288.75,-0.000406628,80.7336
288.8,-0.000413106,80.7336
288.85,-0.000410535,80.7336
288.9,-0.000407162,80.7336
288.95,-0.000414943,80.7335
289.0,-0.000411537,80.7335
289.05,-0.000419718,80.7335
289.1,-0.000416913,80.7335
289.15,-0.00041324,80.7335
289.2,-0.000425228,80.7334
289.25,-0.000431773,80.7334
289.3,-0.000426497,80.7334
289.35,-0.000430204,80.7334
289.4,-0.000418483,80.7333
289.45,-0.000417915,80.7333
289.5,-0.000418883,80.7333
289.55,-0.000420253,80.7333
289.6,-0.000427866,80.7333
289.65,-0.000433142,80.7332
289.7,-0.000431306,80.7332
289.75,-0.000423158,80.7332
289.8,-0.000419485,80.7332
289.85,-0.000423592,80.7332
289.9,-0.000430538,80.7331
289.95,-0.000420219,80.7331
290.0,-0.000428901,80.7331
290.05,-0.000425128,80.7331
290.1,-0.000421388,80.733
290.15,-0.000416479,80.733
290.2,-0.000411003,80.733
290.25,-0.000411069,80.733
290.3,-0.000411036,80.733
290.35,-0.00040566,80.7329
290.4,-0.000399148,80.7329
290.45,-0.000401586,80.7329
290.5,-0.000405493,80.7329
290.55,-0.000405893,80.7329
290.6,-0.000395241,80.7328
290.65,-0.000408498,80.7328
290.7,-0.000404825,80.7328
290.75,-0.000419351,80.7328
290.8,-0.000415043,80.7328
290.85,-0.000410702,80.7327
290.9,-0.000400885,80.7327
290.95,-0.000412238,80.7327
291.0,-0.000417548,80.7327
291.05,-0.000414809,80.7327
291.1,-0.000407597,80.7326
291.15,-0.000402788,80.7326
291.2,-0.000408999,80.7326
291.25,-0.000410335,80.7326
291.3,-0.000412939,80.7326
291.35,-0.000406895,80.7325
291.4,-0.000414843,80.7325
291.45,-0.00041875,80.7325
291.5,-0.000413774,80.7325
291.55,-0.000416846,80.7325
291.6,-0.000416846,80.7324
291.65,-0.000424393,80.7324
291.7,-0.000421154,80.7324
291.75,-0.000416746,80.7324
291.8,-0.000420253,80.7324
291.85,-0.000424226,80.7323
291.9,-0.000422123,80.7323
291.95,-0.000417281,80.7323
292.0,-0.000418917,80.7323
292.05,-0.000415544,80.7322
292.1,-0.000418616,80.7322
292.15,-0.000412505,80.7322
292.2,-0.000412205,80.7322
292.25,-0.000406194,80.7322
292.3,-0.000405459,80.7321
292.35,-0.00040596,80.7321
292.4,-0.000408298,80.7321
292.45,-0.000410268,80.7321
292.5,-0.000406495,80.7321
292.55,-0.000405393,80.732
292.6,-0.000410602,80.732
292.65,-0.000416012,80.732
292.7,-0.000418249,80.732
292.75,-0.000419585,80.732
292.8,-0.000410168,80.7319
292.85,-0.000416078,80.7319
292.9,-0.000411403,80.7319
292.95,-0.000414275,80.7319
293.0,-0.000412939,80.7319
293.05,-0.0004096,80.7318
293.1,-0.000409066,80.7318
293.15,-0.000396811,80.7318
293.2,-0.000412138,80.7318
293.25,-0.000415611,80.7318
293.3,-0.000411337,80.7317
293.35,-0.000407296,80.7317
293.4,-0.000413841,80.7317
293.45,-0.000413541,80.7317
293.5,-0.00041304,80.7317
293.55,-0.00042426,80.7316
293.6,-0.00042259,80.7316
293.65,-0.000418683,80.7316
293.7,-0.000425061,80.7316
293.75,-0.00042052,80.7315
293.8,-0.000418383,80.7315
293.85,-0.000419117,80.7315
293.9,-0.000419685,80.7315
293.95,-0.000413808,80.7315
294.0,-0.000413674,80.7314
294.05,-0.000408765,80.7314
294.1,-0.000411604,80.7314
294.15,-0.000415511,80.7314
294.2,-0.000409099,80.7314
294.25,-0.000415143,80.7313
294.3,-0.000408799,80.7313
294.35,-0.000401786,80.7313
294.4,-0.000401886,80.7313
294.45,-0.000401987,80.7313
294.5,-0.000404491,80.7312
294.55,-0.000396009,80.7312
294.6,-0.000397779,80.7312
294.65,-0.000407663,80.7312
294.7,-0.000406561,80.7312
294.75,-0.000410402,80.7311
294.8,-0.000399816,80.7311
294.85,-0.000402621,80.7311
294.9,-0.000404157,80.7311
294.95,-0.000406094,80.7311
295.0,-0.000397979,80.731
295.05,-0.000403389,80.731
295.1,-0.000399182,80.731
295.15,-0.000408231,80.731
295.2,-0.000416245,80.7309
295.25,-0.000412505,80.7309
295.3,-0.000411938,80.7309
295.35,-0.00041491,80.7309
295.4,-0.000408665,80.7309
295.45,-0.000411103,80.7309
295.5,-0.000407563,80.7308
295.55,-0.00041304,80.7308
295.6,-0.000413741,80.7308
295.65,-0.000415444,80.7308
295.7,-0.00041117,80.7307
295.75,-0.000412171,80.7307
295.8,-0.000418316,80.7307
295.85,-0.00041708,80.7307
295.9,-0.000415878,80.7307
295.95,-0.00042249,80.7306
296.0,-0.000408298,80.7306
296.05,-0.000413674,80.7306
296.1,-0.000411804,80.7306
296.15,-0.000430204,80.7306
296.2,-0.000421087,80.7305
296.25,-0.000420954,80.7305
296.3,-0.000431372,80.7305
296.35,-0.000413073,80.7305
296.4,-0.00041501,80.7305
296.45,-0.000418483,80.7304
296.5,-0.000409366,80.7304
296.55,-0.000414208,80.7304
296.6,-0.000423458,80.7304
296.65,-0.000412939,80.7303
296.7,-0.000419952,80.7303
296.75,-0.000418282,80.7303
296.8,-0.000415945,80.7303
296.85,-0.00040222,80.7303
296.9,-0.000409634,80.7302
296.95,-0.000418516,80.7302
297.0,-0.00041521,80.7302
297.05,-0.000415678,80.7302
297.1,-0.000409901,80.7302
297.15,-0.000402621,80.7301
297.2,-0.000402153,80.7301
297.25,-0.000401853,80.7301
297.3,-0.000370864,80.7301
297.35,-0.000392536,80.7301
297.4,-0.000412138,80.73
297.45,-0.000398547,80.73
297.5,-0.000399549,80.73
297.55,-0.00019181,80.73
297.6,-0.000193079,80.73
297.65,-0.00019712,80.73
297.7,-0.000193947,80.73
297.75,-0.000205969,80.73
297.8,-0.000153041,80.7299
297.85,-0.000160387,80.7299
297.9,-0.000153942,80.7299
297.95,-0.000229778,80.7299
298.0,-0.000280469,80.7299
298.05,-0.000415277,80.7299
298.1,-0.000415978,80.7299
298.15,-0.000416679,80.7298
298.2,-0.000415143,80.7298
298.25,-0.000417648,80.7298
298.3,-0.00042653,80.7298
298.35,-0.000419284,80.7298
298.4,-0.000416546,80.7297
298.45,-0.000414208,80.7297
298.5,-0.000416713,80.7297
298.55,-0.000406127,80.7297
298.6,-0.000408665,80.7297
298.65,-0.000410635,80.7296
298.7,-0.000412171,80.7296
298.75,-0.000406929,80.7296
298.8,-0.000410301,80.7296
298.85,-0.000407229,80.7296
298.9,-0.000404291,80.7295
298.95,-0.000400317,80.7295
299.0,-0.000406261,80.7295
299.05,-0.000404257,80.7295
299.1,-0.000405459,80.7295
299.15,-0.0004094,80.7294
299.2,-0.000417214,80.7294
299.25,-0.000409199,80.7294
299.3,-0.00041875,80.7294
299.35,-0.000415878,80.7293
299.4,-0.00040773,80.7293
299.45,-0.000399816,80.7293
299.5,-0.000411971,80.7293
299.55,-0.00042239,80.7293
299.6,-0.000417815,80.7292
299.65,-0.000418883,80.7292
299.7,-0.000408064,80.7292
299.75,-0.000411837,80.7292
299.8,-0.00041147,80.7292
299.85,-0.000405059,80.7291
299.9,-0.000418416,80.7291
299.95,-0.000418583,80.7291
300.0,-0.000419151,80.7291
300.05,-0.000408498,80.7291
300.1,-0.000411069,80.729
300.15,-0.000419718,80.729
300.2,-0.000416513,80.729
300.25,-0.000410802,80.729
300.3,-0.000409133,80.729
300.35,-0.000419785,80.7289
300.4,-0.000411103,80.7289
300.45,-0.000417214,80.7289
300.5,-0.00041521,80.7289
300.55,-0.000414743,80.7289
300.6,-0.000415778,80.7288
300.65,-0.00042269,80.7288
300.7,-0.000420186,80.7288
300.75,-0.000426063,80.7288
300.8,-0.000424727,80.7288
300.85,-0.000425161,80.7287
300.9,-0.0004281,80.7287
300.95,-0.000431573,80.7287
301.0,-0.000425095,80.7287
301.05,-0.000423592,80.7286
301.1,-0.000427065,80.7286
301.15,-0.000426297,80.7286
301.2,-0.000417214,80.7286
301.25,-0.000423959,80.7286
301.3,-0.000419852,80.7285
301.35,-0.000425996,80.7285
301.4,-0.000418182,80.7285
301.45,-0.000419184,80.7285
301.5,-0.000416613,80.7285
301.55,-0.000421688,80.7284
301.6,-0.000420319,80.7284
301.65,-0.000422757,80.7284
301.7,-0.000420152,80.7284
301.75,-0.000412071,80.7283
301.8,-0.000414843,80.7283
301.85,-0.000417715,80.7283
301.9,-0.000414008,80.7283
301.95,-0.000428334,80.7283
302.0,-0.000418449,80.7282
302.05,-0.000410301,80.7282
302.1,-0.000413808,80.7282
302.15,-0.000404691,80.7282
302.2,-0.000406995,80.7282
302.25,-0.000409166,80.7281
302.3,-0.000407763,80.7281
302.35,-0.0004094,80.7281
302.4,-0.00041531,80.7281
302.45,-0.000412004,80.7281
302.5,-0.000413908,80.728
302.55,-0.000407897,80.728
302.6,-0.000400283,80.728
302.65,-0.000407496,80.728
302.7,-0.000406995,80.728
302.75,-0.000413374,80.7279
302.8,-0.000411069,80.7279
302.85,-0.00041167,80.7279
302.9,-0.000406161,80.7279
302.95,-0.000405393,80.7279
303.0,-0.000407797,80.7278
303.05,-0.000411103,80.7278
303.1,-0.000406127,80.7278
303.15,-0.000405459,80.7278
303.2,-0.000406461,80.7278
303.25,-0.000415244,80.7277
303.3,-0.00040606,80.7277
303.35,-0.000407229,80.7277
303.4,-0.000415778,80.7277
303.45,-0.000410836,80.7276
303.5,-0.000410702,80.7276
303.55,-0.000412038,80.7276
303.6,-0.000411337,80.7276
303.65,-0.000403422,80.7276
303.7,-0.000413774,80.7275
303.75,-0.000418483,80.7275
303.8,-0.00041127,80.7275
303.85,-0.000408732,80.7275
303.9,-0.000414743,80.7275
303.95,-0.00041521,80.7274
304.0,-0.000410502,80.7274
304.05,-0.000405827,80.7274
304.1,-0.000402888,80.7274
304.15,-0.000397979,80.7274
304.2,-0.000395775,80.7273
304.25,-0.000394707,80.7273
304.3,-0.000393171,80.7273
304.35,-0.000408398,80.7273
304.4,-0.00039828,80.7273
304.45,-0.0004097,80.7272
304.5,-0.00040596,80.7272
304.55,-0.000412672,80.7272
304.6,-0.000410936,80.7272
304.65,-0.000403022,80.7272
304.7,-0.000401719,80.7271
304.75,-0.00040576,80.7271
304.8,-0.00042062,80.7271
304.85,-0.000418383,80.7271
304.9,-0.000404691,80.7271
304.95,-0.000402421,80.727
305.0,-0.000411737,80.727
305.05,-0.000408298,80.727
305.1,-0.000406194,80.727
305.15,-0.000411403,80.727
305.2,-0.000421889,80.7269
305.25,-0.000415477,80.7269
305.3,-0.000411403,80.7269
305.35,-0.000414876,80.7269
305.4,-0.000414809,80.7269
305.45,-0.000417481,80.7268
305.5,-0.000415544,80.7268
305.55,-0.000417114,80.7268
305.6,-0.000414409,80.7268
305.65,-0.00041708,80.7267
305.7,-0.000425662,80.7267
305.75,-0.000422924,80.7267
305.8,-0.000427465,80.7267
305.85,-0.000428133,80.7267
305.9,-0.000433677,80.7266
305.95,-0.000420653,80.7266
306.0,-0.000424059,80.7266
306.05,-0.000412405,80.7266
306.1,-0.000417448,80.7266
306.15,-0.000418249,80.7265
306.2,-0.000422523,80.7265
306.25,-0.000421154,80.7265
306.3,-0.000412906,80.7265
306.35,-0.000413574,80.7265
306.4,-0.000404291,80.7264
306.45,-0.000417982,80.7264
306.5,-0.000417214,80.7264
306.55,-0.000419852,80.7264
306.6,-0.000411337,80.7263
306.65,-0.000412004,80.7263
306.7,-0.000413641,80.7263
306.75,-0.000412071,80.7263
306.8,-0.000410736,80.7263
306.85,-0.000408732,80.7262
306.9,-0.000407096,80.7262
306.95,-0.00041157,80.7262
307.0,-0.000407697,80.7262
307.05,-0.000403489,80.7262
307.1,-0.000407496,80.7261
307.15,-0.000406227,80.7261
307.2,-0.000406261,80.7261
307.25,-0.000409867,80.7261
307.3,-0.000404424,80.7261
307.35,-0.000418015,80.726
307.4,-0.000408198,80.726
307.45,-0.000414342,80.726
307.5,-0.000415611,80.726
307.55,-0.000417314,80.726
307.6,-0.000411236,80.7259
307.65,-0.000411804,80.7259
307.7,-0.000415744,80.7259
307.75,-0.000409934,80.7259
307.8,-0.000407129,80.7259
307.85,-0.000412004,80.7258
307.9,-0.000418015,80.7258
307.95,-0.00042092,80.7258
308.0,-0.000408264,80.7258
308.05,-0.000407196,80.7258
308.1,-0.000398848,80.7257
308.15,-0.000401886,80.7257
308.2,-0.000404057,80.7257
308.25,-0.000403356,80.7257
308.3,-0.000403389,80.7257
308.35,-0.000408198,80.7256
308.4,-0.000416145,80.7256
308.45,-0.000423558,80.7256
308.5,-0.000415377,80.7256
308.55,-0.000417715,80.7255
308.6,-0.000421622,80.7255
308.65,-0.000409199,80.7255
308.7,-0.000418349,80.7255
308.75,-0.000419318,80.7255
308.8,-0.000410335,80.7254
308.85,-0.000409199,80.7254
308.9,-0.00041137,80.7254
308.95,-0.000412539,80.7254
309.0,-0.000412004,80.7254
309.05,-0.000406528,80.7253
309.1,-0.000410936,80.7253
309.15,-0.000413207,80.7253
309.2,-0.000413207,80.7253
309.25,-0.000412105,80.7253
309.3,-0.000414509,80.7252
309.35,-0.000409567,80.7252
309.4,-0.000407162,80.7252
309.45,-0.000407797,80.7252
309.5,-0.000421021,80.7252
309.55,-0.000418216,80.7251
309.6,-0.00041688,80.7251
309.65,-0.000426864,80.7251
309.7,-0.000412272,80.7251
309.75,-0.000413507,80.7251
309.8,-0.000412806,80.725
309.85,-0.000421688,80.725
309.9,-0.000408765,80.725
309.95,-0.000409967,80.725
310.0,-0.000399716,80.725
310.05,-0.000411203,80.7249
310.1,-0.00041127,80.7249
310.15,-0.00041531,80.7249
310.2,-0.0004096,80.7249
310.25,-0.000413207,80.7248
310.3,-0.0004094,80.7248
310.35,-0.00042426,80.7248
310.4,-0.000411203,80.7248
310.45,-0.000412372,80.7248
310.5,-0.000423258,80.7247
310.55,-0.000422256,80.7247
310.6,-0.000413874,80.7247
310.65,-0.000407997,80.7247
310.7,-0.000421188,80.7247
310.75,-0.000414509,80.7246
310.8,-0.000407997,80.7246
310.85,-0.000397144,80.7246
310.9,-0.000402254,80.7246
310.95,-0.000403122,80.7246
311.0,-0.000392102,80.7245
311.05,-0.000402988,80.7245
311.1,-0.000406127,80.7245
311.15,-0.000409734,80.7245
311.2,-0.000411036,80.7245
311.25,-0.000417581,80.7244
311.3,-0.000407697,80.7244
311.35,-0.000400384,80.7244
311.4,-0.000399549,80.7244
311.45,-0.000405893,80.7244
311.5,-0.000399048,80.7243
311.55,-0.000390566,80.7243
311.6,-0.000404257,80.7243
311.65,-0.000399983,80.7243
311.7,-0.00040222,80.7243
311.75,-0.00040192,80.7242
311.8,-0.000395108,80.7242
311.85,-0.000401519,80.7242
311.9,-0.000405994,80.7242
311.95,-0.000396944,80.7242
312.0,-0.000403656,80.7241
312.05,-0.000400584,80.7241
312.1,-0.000391969,80.7241
312.15,-0.000398714,80.7241
312.2,-0.000398714,80.7241
312.25,-0.000402053,80.724
312.3,-0.000402788,80.724
312.35,-0.000391668,80.724
312.4,-0.00039661,80.724
312.45,-0.00039671,80.724
312.5,-0.000390099,80.7239
312.55,-0.000403189,80.7239
312.6,-0.000403022,80.7239
312.65,-0.00039621,80.7239
312.7,-0.000401786,80.7239
312.75,-0.000397812,80.7238
312.8,-0.000402421,80.7238
312.85,-0.000392536,80.7238
312.9,-0.000395274,80.7238
312.95,-0.000390766,80.7238
313.0,-0.000389063,80.7237
313.05,-0.000395208,80.7237
313.1,-0.000408732,80.7237
313.15,-0.00040409,80.7237
313.2,-0.000407997,80.7237
313.25,-0.000399916,80.7236
313.3,-0.000401719,80.7236
313.35,-0.000395141,80.7236
313.4,-0.000398547,80.7236
313.45,-0.000395742,80.7236
313.5,-0.000403022,80.7235
313.55,-0.000403556,80.7235
313.6,-0.00040222,80.7235
313.65,-0.000398714,80.7235
313.7,-0.000401052,80.7235
313.75,-0.00039621,80.7234
313.8,-0.00038883,80.7234
313.85,-0.000395007,80.7234
313.9,-0.000398079,80.7234
313.95,-0.000398514,80.7234
314.0,-0.000398146,80.7233
314.05,-0.00040369,80.7233
314.1,-0.000402087,80.7233
314.15,-0.000398447,80.7233
314.2,-0.000402421,80.7233
314.25,-0.000397679,80.7232
314.3,-0.000406695,80.7232
314.35,-0.000410669,80.7232
314.4,-0.00040586,80.7232
314.45,-0.000404424,80.7232
314.5,-0.000396577,80.7231
314.55,-0.000387494,80.7231
314.6,-0.000397645,80.7231
314.65,-0.000397078,80.7231
314.7,-0.000413908,80.7231
314.75,-0.000400784,80.723
314.8,-0.000400784,80.723
314.85,-0.000385891,80.723
314.9,-0.000392236,80.723
314.95,-0.000390566,80.723
315.0,-0.000396777,80.7229
315.05,-0.00039671,80.7229
315.1,-0.000392336,80.7229
315.15,-0.000388028,80.7229
315.2,-0.000391969,80.7229
315.25,-0.000392403,80.7228
315.3,-0.00039464,80.7228
315.35,-0.000395341,80.7228
315.4,-0.000401452,80.7228
315.45,-0.000400384,80.7228
315.5,-0.000397645,80.7227
315.55,-0.000397879,80.7227
315.6,-0.000401218,80.7227
315.65,-0.000397044,80.7227
315.7,-0.00039828,80.7227
315.75,-0.000411003,80.7226
315.8,-0.000393772,80.7226
315.85,-0.000399282,80.7226
315.9,-0.000403489,80.7226
315.95,-0.00040586,80.7226
316.0,-0.000412672,80.7225
316.05,-0.000410869,80.7225
316.1,-0.000422156,80.7225
316.15,-0.000416613,80.7225
316.2,-0.000415077,80.7225
316.25,-0.000411537,80.7224
316.3,-0.000410502,80.7224
316.35,-0.000412138,80.7224
316.4,-0.000406895,80.7224
316.45,-0.000417013,80.7224
316.5,-0.00042229,80.7223
316.55,-0.000422189,80.7223
316.6,-0.00042062,80.7223
316.65,-0.000422924,80.7223
316.7,-0.000412806,80.7223
316.75,-0.000407296,80.7222
316.8,-0.000413708,80.7222
316.85,-0.000410435,80.7222
316.9,-0.000420987,80.7222
316.95,-0.000424894,80.7221
317.0,-0.000419752,80.7221
317.05,-0.000424026,80.7221
317.1,-0.00042269,80.7221
317.15,-0.000422256,80.7221
317.2,-0.000420887,80.722
317.25,-0.000418082,80.722
317.3,-0.000415477,80.722
317.35,-0.000425929,80.722
317.4,-0.000435246,80.722
317.45,-0.000427098,80.7219
317.5,-0.000421989,80.7219
317.55,-0.000418984,80.7219
317.6,-0.000418683,80.7219
317.65,-0.000410034,80.7219
317.7,-0.000418216,80.7218
317.75,-0.000416412,80.7218
317.8,-0.000419351,80.7218
317.85,-0.000420586,80.7218
317.9,-0.000421488,80.7217
317.95,-0.000420186,80.7217
318.0,-0.000421388,80.7217
318.05,-0.000419117,80.7217
318.1,-0.000419618,80.7217
318.15,-0.00040212,80.7216
318.2,-0.000416045,80.7216
318.25,-0.000420687,80.7216
318.3,-0.000423458,80.7216
318.35,-0.000422056,80.7216
318.4,-0.000415878,80.7215
318.45,-0.000420253,80.7215
318.5,-0.000429803,80.7215
318.55,-0.000432608,80.7215
318.6,-0.000428634,80.7215
318.65,-0.000427766,80.7214
318.7,-0.000426063,80.7214
318.75,-0.00042052,80.7214
318.8,-0.000425562,80.7214
318.85,-0.000430271,80.7213
318.9,-0.000430404,80.7213
318.95,-0.000434044,80.7213
319.0,-0.000427365,80.7213
319.05,-0.000422123,80.7213
319.1,-0.0004279,80.7212
319.15,-0.000436081,80.7212
319.2,-0.000422423,80.7212
319.25,-0.000425428,80.7212
319.3,-0.000422423,80.7212
319.35,-0.000429335,80.7211
319.4,-0.000426631,80.7211
319.45,-0.000422223,80.7211
319.5,-0.000419651,80.7211
319.55,-0.00042623,80.721
319.6,-0.000422189,80.721
319.65,-0.000418115,80.721
319.7,-0.000420787,80.721
319.75,-0.000414876,80.721
319.8,-0.000417648,80.7209
319.85,-0.00041885,80.7209
319.9,-0.000413474,80.7209
319.95,-0.000416145,80.7209
320.0,-0.000418316,80.7209
320.05,-0.000419518,80.7208
320.1,-0.000423158,80.7208
320.15,-0.000418716,80.7208
320.2,-0.000422957,80.7208
320.25,-0.000420586,80.7208
320.3,-0.000425362,80.7207
320.35,-0.000419985,80.7207
320.4,-0.000421488,80.7207
320.45,-0.000424894,80.7207
320.5,-0.000432474,80.7206
320.55,-0.000415477,80.7206
320.6,-0.000413173,80.7206
320.65,-0.000415978,80.7206
320.7,-0.000415043,80.7206
320.75,-0.000417514,80.7205
320.8,-0.000422991,80.7205
320.85,-0.000414409,80.7205
320.9,-0.000414509,80.7205
320.95,-0.000401653,80.7205
321.0,-0.00041157,80.7204
321.05,-0.000406428,80.7204
321.1,-0.000409634,80.7204
321.15,-0.000416346,80.7204
321.2,-0.000413774,80.7204
321.25,-0.000411804,80.7203
321.3,-0.000412806,80.7203
321.35,-0.000399382,80.7203
321.4,-0.000404257,80.7203
321.45,-0.000406461,80.7203
321.5,-0.000405025,80.7202
321.55,-0.000405125,80.7202
321.6,-0.000414041,80.7202
321.65,-0.000407964,80.7202
321.7,-0.000401052,80.7202
321.75,-0.000394106,80.7201
321.8,-0.000402254,80.7201
321.85,-0.000401319,80.7201
321.9,-0.000401352,80.7201
321.95,-0.000401385,80.7201
322.0,-0.000405793,80.72
322.05,-0.000401052,80.72
322.1,-0.000403022,80.72
322.15,-0.00040192,80.72
322.2,-0.000410001,80.72
322.25,-0.000404291,80.7199
322.3,-0.000401619,80.7199
322.35,-0.000393571,80.7199
322.4,-0.000385691,80.7199
322.45,-0.000397445,80.7199
322.5,-0.000408598,80.7198
322.55,-0.000422123,80.7198
322.6,-0.000421989,80.7198
322.65,-0.000411003,80.7198
322.7,-0.000412105,80.7197
322.75,-0.000412272,80.7197
322.8,-0.000404658,80.7197
322.85,-0.000401252,80.7197
322.9,-0.000412572,80.7197
322.95,-0.0004095,80.7197
323.0,-0.000411036,80.7196
323.05,-0.000408765,80.7196
323.1,-0.000411403,80.7196
323.15,-0.000409199,80.7196
323.2,-0.00041304,80.7195
323.25,-0.000417347,80.7195
323.3,-0.000417748,80.7195
323.35,-0.000425061,80.7195
323.4,-0.000410869,80.7195
323.45,-0.000399749,80.7194
323.5,-0.000407964,80.7194
323.55,-0.000413407,80.7194
323.6,-0.000422022,80.7194
323.65,-0.000416579,80.7194
323.7,-0.000414008,80.7193
323.75,-0.000416713,80.7193
323.8,-0.000412939,80.7193
323.85,-0.000414442,80.7193
323.9,-0.000419351,80.7193
323.95,-0.000430437,80.7192
324.0,-0.000422523,80.7192
324.05,-0.000419418,80.7192
324.1,-0.000406027,80.7192
324.15,-0.000413574,80.7192
324.2,-0.000417314,80.7191
324.25,-0.000415444,80.7191
324.3,-0.000413975,80.7191
324.35,-0.000429035,80.7191
324.4,-0.000414709,80.719
324.45,-0.00041334,80.719
324.5,-0.000417748,80.719
324.55,-0.000415511,80.719
324.6,-0.00040409,80.719
324.65,-0.000408799,80.7189
324.7,-0.00041865,80.7189
324.75,-0.000418383,80.7189
324.8,-0.000411303,80.7189
324.85,-0.000418883,80.7189
324.9,-0.000421588,80.7188
324.95,-0.000411236,80.7188
325.0,-0.000407797,80.7188
325.05,-0.000422991,80.7188
325.1,-0.00042436,80.7188
325.15,-0.000424093,80.7187
325.2,-0.000413941,80.7187
325.25,-0.000409166,80.7187
325.3,-0.000419952,80.7187
325.35,-0.000409734,80.7187
325.4,-0.000415678,80.7186
325.45,-0.000413073,80.7186
325.5,-0.000419752,80.7186
325.55,-0.000415811,80.7186
325.6,-0.000419217,80.7185
325.65,-0.00042239,80.7185
325.7,-0.000421054,80.7185
325.75,-0.000428167,80.7185
325.8,-0.000419017,80.7185
325.85,-0.000432207,80.7184
325.9,-0.000426631,80.7184
325.95,-0.000423158,80.7184
326.0,-0.00042603,80.7184
326.05,-0.000421922,80.7184
326.1,-0.000420052,80.7183
326.15,-0.000427132,80.7183
326.2,-0.000421121,80.7183
326.25,-0.000431038,80.7183
326.3,-0.000426931,80.7182
326.35,-0.000431606,80.7182
326.4,-0.000432241,80.7182
326.45,-0.000431038,80.7182
326.5,-0.000441758,80.7182
326.55,-0.000441658,80.7181
326.6,-0.000435981,80.7181
326.65,-0.000431506,80.7181
326.7,-0.000425395,80.7181
326.75,-0.0004284,80.7181
326.8,-0.000413908,80.718
326.85,-0.0004093,80.718
326.9,-0.000413273,80.718
326.95,-0.000408598,80.718
327.0,-0.000411069,80.7179
327.05,-0.000429302,80.7179
327.1,-0.000421688,80.7179
327.15,-0.000421822,80.7179
327.2,-0.000434111,80.7179
327.25,-0.000436047,80.7178
327.3,-0.000428668,80.7178
327.35,-0.000421789,80.7178
327.4,-0.000419651,80.7178
327.45,-0.000425696,80.7178
327.5,-0.000417514,80.7177
327.55,-0.000418483,80.7177
327.6,-0.000420586,80.7177
327.65,-0.000419885,80.7177
327.7,-0.00042633,80.7177
327.75,-0.000423959,80.7176
327.8,-0.000419952,80.7176
327.85,-0.000417781,80.7176
327.9,-0.000421054,80.7176
327.95,-0.000412806,80.7176
328.0,-0.000416312,80.7175
328.05,-0.000436214,80.7175
328.1,-0.000432174,80.7175
328.15,-0.000433343,80.7175
328.2,-0.000431807,80.7174
328.25,-0.00042259,80.7174
328.3,-0.00042249,80.7174
328.35,-0.000421588,80.7174
328.4,-0.000423124,80.7174
328.45,-0.00043381,80.7173
328.5,-0.000429102,80.7173
328.55,-0.000424727,80.7173
328.6,-0.000424761,80.7173
328.65,-0.000419485,80.7173
328.7,-0.000422223,80.7172
328.75,-0.00042416,80.7172
328.8,-0.00040763,80.7172
328.85,-0.000414876,80.7172
328.9,-0.000415377,80.7171
328.95,-0.00042072,80.7171
329.0,-0.000423659,80.7171
329.05,-0.000431773,80.7171
329.1,-0.000427399,80.7171
329.15,-0.00043381,80.717
329.2,-0.000433109,80.717
329.25,-0.000431773,80.717
329.3,-0.000426564,80.717
329.35,-0.000426263,80.717
329.4,-0.000420386,80.7169
329.45,-0.000421321,80.7169
329.5,-0.000421154,80.7169
329.55,-0.00042082,80.7169
329.6,-0.000423325,80.7169
329.65,-0.000420319,80.7168
329.7,-0.000419117,80.7168
329.75,-0.00041521,80.7168
329.8,-0.000412873,80.7168
329.85,-0.000410034,80.7167
329.9,-0.000407563,80.7167
329.95,-0.000420887,80.7167
330.0,-0.000423058,80.7167
330.05,-0.000417748,80.7167
330.1,-0.000427198,80.7166
330.15,-0.000421388,80.7166
330.2,-0.000421288,80.7166
330.25,-0.000421722,80.7166
330.3,-0.00042082,80.7166
330.35,-0.000420386,80.7165
330.4,-0.000429937,80.7165
330.45,-0.000426564,80.7165
330.5,-0.000417514,80.7165
330.55,-0.000406929,80.7165
330.6,-0.000417648,80.7164
330.65,-0.000426664,80.7164
330.7,-0.000428033,80.7164
330.75,-0.000427065,80.7164
330.8,-0.00041137,80.7163
330.85,-0.000428367,80.7163
330.9,-0.000419952,80.7163
330.95,-0.000424827,80.7163
331.0,-0.000421054,80.7163
331.05,-0.000428,80.7162
331.1,-0.000430003,80.7162
331.15,-0.000424794,80.7162
331.2,-0.000422724,80.7162
331.25,-0.000429636,80.7162
331.3,-0.000425896,80.7161
331.35,-0.00043007,80.7161
331.4,-0.000432341,80.7161
331.45,-0.00043725,80.7161
331.5,-0.000437016,80.716
331.55,-0.000433643,80.716
331.6,-0.000427432,80.716
331.65,-0.000426063,80.716
331.7,-0.000430104,80.716
331.75,-0.000420253,80.7159
331.8,-0.000423058,80.7159
331.85,-0.00043164,80.7159
331.9,-0.000426263,80.7159
331.95,-0.00041895,80.7159
332.0,-0.0004282,80.7158
332.05,-0.000428634,80.7158
332.1,-0.000422857,80.7158
332.15,-0.000424326,80.7158
332.2,-0.00042426,80.7158
332.25,-0.000429836,80.7157
332.3,-0.000430304,80.7157
332.35,-0.000426831,80.7157
332.4,-0.000412839,80.7157
332.45,-0.00041304,80.7156
332.5,-0.000424794,80.7156
332.55,-0.000415978,80.7156
332.6,-0.000421588,80.7156
332.65,-0.00041718,80.7156
332.7,-0.000410335,80.7155
332.75,-0.000417715,80.7155
332.8,-0.000421054,80.7155
332.85,-0.000411637,80.7155
332.9,-0.000422056,80.7155
332.95,-0.000421188,80.7154
333.0,-0.000422156,80.7154
333.05,-0.000417013,80.7154
333.1,-0.000419952,80.7154
333.15,-0.000420119,80.7153
333.2,-0.000423024,80.7153
333.25,-0.000416412,80.7153
333.3,-0.000416045,80.7153
333.35,-0.000410201,80.7153
333.4,-0.000406528,80.7152
333.45,-0.000409333,80.7152
333.5,-0.000405493,80.7152
333.55,-0.000412439,80.7152
333.6,-0.000410134,80.7152
333.65,-0.000416412,80.7151
333.7,-0.000414943,80.7151
333.75,-0.000410535,80.7151
333.8,-0.000414075,80.7151
333.85,-0.000405192,80.7151
333.9,-0.000405393,80.715
333.95,-0.000408899,80.715
334.0,-0.000414075,80.715
334.05,-0.000415244,80.715
334.1,-0.00041718,80.715
334.15,-0.000423659,80.7149
334.2,-0.000415043,80.7149
334.25,-0.000414709,80.7149
334.3,-0.000421054,80.7149
334.35,-0.000424427,80.7149
334.4,-0.000418917,80.7148
334.45,-0.000412572,80.7148
334.5,-0.000421221,80.7148
334.55,-0.000414843,80.7148
334.6,-0.000417514,80.7148
334.65,-0.000422223,80.7147
334.7,-0.000424326,80.7147
334.75,-0.000419318,80.7147
334.8,-0.000419885,80.7147
334.85,-0.000418316,80.7146
334.9,-0.000416713,80.7146
334.95,-0.00042072,80.7146
335.0,-0.000411971,80.7146
335.05,-0.000407096,80.7146
335.1,-0.000412171,80.7145
335.15,-0.000402187,80.7145
335.2,-0.000403322,80.7145
335.25,-0.000411437,80.7145
335.3,-0.000405493,80.7145
335.35,-0.000410535,80.7144
335.4,-0.00041895,80.7144
335.45,-0.000421455,80.7144
335.5,-0.000414743,80.7144
335.55,-0.000415143,80.7144
335.6,-0.000410702,80.7143
335.65,-0.000416579,80.7143
335.7,-0.000414576,80.7143
335.75,-0.000420052,80.7143
335.8,-0.000419685,80.7142
335.85,-0.000408899,80.7142
335.9,-0.000412739,80.7142
335.95,-0.000418249,80.7142
336.0,-0.000419752,80.7142
336.05,-0.000412071,80.7141
336.1,-0.000395274,80.7141
336.15,-0.000404558,80.7141
336.2,-0.000399983,80.7141
336.25,-0.000398213,80.7141
336.3,-0.00039464,80.7141
336.35,-0.000405927,80.714
336.4,-0.000409199,80.714
336.45,-0.000411136,80.714
336.5,-0.000405125,80.714
336.55,-0.000398146,80.7139
336.6,-0.000393939,80.7139
336.65,-0.000396777,80.7139
336.7,-0.000402354,80.7139
336.75,-0.000408999,80.7139
336.8,-0.000408231,80.7138
336.85,-0.000411604,80.7138
336.9,-0.000415911,80.7138
336.95,-0.000409333,80.7138
337.0,-0.000400885,80.7138
337.05,-0.000401486,80.7137
337.1,-0.00039621,80.7137
337.15,-0.000406695,80.7137
337.2,-0.000406361,80.7137
337.25,-0.000412605,80.7137
337.3,-0.000413507,80.7136
337.35,-0.000409366,80.7136
337.4,-0.000404658,80.7136
337.45,-0.000400417,80.7136
337.5,-0.000411069,80.7136
337.55,-0.000408398,80.7135
337.6,-0.000409901,80.7135
337.65,-0.000413541,80.7135
337.7,-0.000414342,80.7135
337.75,-0.000419718,80.7135
337.8,-0.00040773,80.7134
337.85,-0.000402421,80.7134
337.9,-0.000409133,80.7134
337.95,-0.000404157,80.7134
338.0,-0.000409934,80.7134
338.05,-0.000410301,80.7133
338.1,-0.000415444,80.7133
338.15,-0.0004095,80.7133
338.2,-0.000414843,80.7133
338.25,-0.000408865,80.7132
338.3,-0.000406461,80.7132
338.35,-0.000413541,80.7132
338.4,-0.000420186,80.7132
338.45,-0.000413674,80.7132
338.5,-0.000413273,80.7132
338.55,-0.000409667,80.7131
338.6,-0.000407363,80.7131
338.65,-0.000415744,80.7131
338.7,-0.000408198,80.7131
338.75,-0.000403756,80.7131
338.8,-0.000404658,80.713
338.85,-0.000414943,80.713
338.9,-0.000416947,80.713
338.95,-0.000414542,80.713
339.0,-0.000411537,80.7129
339.05,-0.000414876,80.7129
339.1,-0.000418416,80.7129
339.15,-0.00042052,80.7129
339.2,-0.00041708,80.7129
339.25,-0.000419451,80.7128
339.3,-0.000416546,80.7128
339.35,-0.000415945,80.7128
339.4,-0.000420753,80.7128
339.45,-0.000417915,80.7128
339.5,-0.000415811,80.7127
339.55,-0.00041718,80.7127
339.6,-0.000417615,80.7127
339.65,-0.000407396,80.7127
339.7,-0.000405292,80.7127
339.75,-0.000412338,80.7126
339.8,-0.000413006,80.7126
339.85,-0.000412939,80.7126
339.9,-0.000419251,80.7126
339.95,-0.000414609,80.7125
340.0,-0.000418249,80.7125
340.05,-0.000419852,80.7125
340.1,-0.000418082,80.7125
340.15,-0.00042229,80.7125
340.2,-0.000417381,80.7124
340.25,-0.000416346,80.7124
340.3,-0.000416279,80.7124
340.35,-0.000422857,80.7124
340.4,-0.000421956,80.7124
340.45,-0.000431873,80.7123
340.5,-0.00041511,80.7123
340.55,-0.000420486,80.7123
340.6,-0.000417982,80.7123
340.65,-0.000415711,80.7123
340.7,-0.000419651,80.7122
340.75,-0.000417948,80.7122
340.8,-0.000423425,80.7122
340.85,-0.000409366,80.7122
340.9,-0.000402354,80.7122
340.95,-0.000396543,80.7121
341.0,-0.000402955,80.7121
341.05,-0.000401987,80.7121
341.1,-0.000402688,80.7121
341.15,-0.000411069,80.7121
341.2,-0.000402654,80.712
341.25,-0.00041137,80.712
341.3,-0.000408498,80.712
341.35,-0.000411069,80.712
341.4,-0.000402521,80.712
341.45,-0.00039848,80.7119
341.5,-0.000408832,80.7119
341.55,-0.00040005,80.7119
341.6,-0.000404291,80.7119
341.65,-0.000414809,80.7118
341.7,-0.000402454,80.7118
341.75,-0.000403623,80.7118
341.8,-0.000398447,80.7118
341.85,-0.000401052,80.7118
341.9,-0.000408498,80.7117
341.95,-0.000411938,80.7117
342.0,-0.0004096,80.7117
342.05,-0.000408398,80.7117
342.1,-0.000415578,80.7117
342.15,-0.000418383,80.7116
342.2,-0.000409767,80.7116
342.25,-0.000409333,80.7116
342.3,-0.000403723,80.7116
342.35,-0.000418082,80.7116
342.4,-0.000414375,80.7115
342.45,-0.000410902,80.7115
342.5,-0.000398848,80.7115
342.55,-0.000396877,80.7115
342.6,-0.000401185,80.7115
342.65,-0.000402254,80.7114
342.7,-0.000406929,80.7114
342.75,-0.000400951,80.7114
342.8,-0.000402855,80.7114
342.85,-0.000406495,80.7114
342.9,-0.000399182,80.7113
342.95,-0.000400684,80.7113
343.0,-0.000401018,80.7113
343.05,-0.000398814,80.7113
343.1,-0.000406628,80.7113
343.15,-0.000395976,80.7112
343.2,-0.000408064,80.7112
343.25,-0.000405059,80.7112
343.3,-0.000403055,80.7112
343.35,-0.000418716,80.7112
343.4,-0.000419318,80.7111
343.45,-0.000410769,80.7111
343.5,-0.000413474,80.7111
343.55,-0.000413374,80.7111
343.6,-0.000401252,80.7111
343.65,-0.00041137,80.711
343.7,-0.000406127,80.711
343.75,-0.000416179,80.711
343.8,-0.000415544,80.711
343.85,-0.000401886,80.711
343.9,-0.000418683,80.7109
343.95,-0.000415477,80.7109
344.0,-0.000420119,80.7109
344.05,-0.000411704,80.7109
344.1,-0.000417982,80.7108
344.15,-0.000412472,80.7108
344.2,-0.000412439,80.7108
344.25,-0.000409934,80.7108
344.3,-0.000413006,80.7108
344.35,-0.000411904,80.7107
344.4,-0.000405727,80.7107
344.45,-0.000405025,80.7107
344.5,-0.000415744,80.7107
344.55,-0.000410736,80.7107
344.6,-0.000414242,80.7106
344.65,-0.000413073,80.7106
344.7,-0.000416145,80.7106
344.75,-0.00041531,80.7106
344.8,-0.000413641,80.7106
344.85,-0.000408865,80.7105
344.9,-0.000414409,80.7105
344.95,-0.000422189,80.7105
345.0,-0.000417448,80.7105
345.05,-0.000424627,80.7105
345.1,-0.000429603,80.7104
345.15,-0.000421087,80.7104
345.2,-0.000425929,80.7104
345.25,-0.000412105,80.7104
345.3,-0.000409266,80.7104
345.35,-0.000413841,80.7103
345.4,-0.000413607,80.7103
345.45,-0.000416546,80.7103
345.5,-0.000404658,80.7103
345.55,-0.000397712,80.7103
345.6,-0.000393071,80.7102
345.65,-0.000409133,80.7102
345.7,-0.0004097,80.7102
345.75,-0.000416546,80.7102
345.8,-0.000406762,80.7101
345.85,-0.00041127,80.7101
345.9,-0.000415344,80.7101
345.95,-0.000406261,80.7101
346.0,-0.000412205,80.7101
346.05,-0.000401385,80.71
346.1,-0.000394506,80.71
346.15,-0.000400818,80.71
346.2,-0.000413273,80.71
346.25,-0.000410301,80.71
346.3,-0.000403523,80.7099
346.35,-0.000408565,80.7099
346.4,-0.000405927,80.7099
346.45,-0.000405326,80.7099
346.5,-0.000400217,80.7099
346.55,-0.000397679,80.7098
346.6,-0.000396944,80.7098
346.65,-0.000389397,80.7098
346.7,-0.000391434,80.7098
346.75,-0.000405259,80.7098
346.8,-0.000397445,80.7097
346.85,-0.000404357,80.7097
346.9,-0.000404625,80.7097
346.95,-0.000402521,80.7097
347.0,-0.000407563,80.7097
347.05,-0.000395876,80.7096
347.1,-0.00039818,80.7096
347.15,-0.000400016,80.7096
347.2,-0.00040556,80.7096
347.25,-0.000396043,80.7096
347.3,-0.00039484,80.7095
347.35,-0.000393538,80.7095
347.4,-0.000391201,80.7095
347.45,-0.000386893,80.7095
347.5,-0.000388162,80.7095
347.55,-0.000394373,80.7094
347.6,-0.000407897,80.7094
347.65,-0.000405393,80.7094
347.7,-0.000391367,80.7094
347.75,-0.00039257,80.7094
347.8,-0.000388997,80.7093
347.85,-0.000382118,80.7093
347.9,-0.000388128,80.7093
347.95,-0.000385123,80.7093
348.0,-0.000387828,80.7093
348.05,-0.000394473,80.7093
348.1,-0.000397779,80.7092
348.15,-0.00039444,80.7092
348.2,-0.000396176,80.7092
348.25,-0.000407129,80.7092
348.3,-0.000405893,80.7092
348.35,-0.000393004,80.7091
348.4,-0.00039257,80.7091
348.45,-0.000391568,80.7091
348.5,-0.000394406,80.7091
348.55,-0.000396644,80.7091
348.6,-0.000398881,80.709
348.65,-0.000386926,80.709
348.7,-0.000409133,80.709
348.75,-0.000399716,80.709
348.8,-0.000394473,80.709
348.85,-0.0003911,80.7089
348.9,-0.000389598,80.7089
348.95,-0.000391501,80.7089
349.0,-0.000397846,80.7089
349.05,-0.000399148,80.7089
349.1,-0.000403389,80.7088
349.15,-0.000401018,80.7088
349.2,-0.000399716,80.7088
349.25,-0.000395274,80.7088
349.3,-0.000394807,80.7088
349.35,-0.000392803,80.7087
349.4,-0.000398213,80.7087
349.45,-0.000396777,80.7087
349.5,-0.000393939,80.7087
349.55,-0.000395876,80.7087
349.6,-0.000386492,80.7086
349.65,-0.000398681,80.7086
349.7,-0.000391434,80.7086
349.75,-0.000394039,80.7086
349.8,-0.000393304,80.7086
349.85,-0.000385757,80.7085
349.9,-0.000397979,80.7085
349.95,-0.000399015,80.7085
350.0,-0.000398948,80.7085
350.05,-0.000395942,80.7085
350.1,-0.000396443,80.7084
350.15,-0.000402521,80.7084
350.2,-0.000404892,80.7084
350.25,-0.00040606,80.7084
350.3,-0.000403189,80.7084
350.35,-0.000402153,80.7083
350.4,-0.000401519,80.7083
350.45,-0.00040202,80.7083
350.5,-0.000396143,80.7083
350.55,-0.000403823,80.7083
350.6,-0.000399916,80.7082
350.65,-0.000402788,80.7082
350.7,-0.000399215,80.7082
350.75,-0.000399649,80.7082
350.8,-0.000406895,80.7082
350.85,-0.000412071,80.7081
350.9,-0.00040202,80.7081
350.95,-0.000397111,80.7081
351.0,-0.00040753,80.7081
351.05,-0.000404023,80.7081
351.1,-0.000400651,80.708
351.15,-0.000404124,80.708
351.2,-0.0004094,80.708
351.25,-0.000406227,80.708
351.3,-0.000413006,80.708
351.35,-0.000418616,80.7079
351.4,-0.000419284,80.7079
351.45,-0.000411069,80.7079
351.5,-0.000405326,80.7079
351.55,-0.000404023,80.7078
351.6,-0.000415511,80.7078
351.65,-0.000414142,80.7078
351.7,-0.000423592,80.7078
351.75,-0.000423558,80.7078
351.8,-0.000425362,80.7077
351.85,-0.00041491,80.7077
351.9,-0.00041127,80.7077
351.95,-0.000419217,80.7077
352.0,-0.000417982,80.7077
352.05,-0.000406995,80.7076
352.1,-0.000406194,80.7076
352.15,-0.000405526,80.7076
352.2,-0.000407897,80.7076
352.25,-0.00040419,80.7076
352.3,-0.000410468,80.7075
352.35,-0.000405025,80.7075
352.4,-0.000407964,80.7075
352.45,-0.000395208,80.7075
352.5,-0.000381583,80.7075
352.55,-0.000392503,80.7074
352.6,-0.000400885,80.7074
352.65,-0.00039651,80.7074
352.7,-0.0004098,80.7074
352.75,-0.000409099,80.7074
352.8,-0.000405393,80.7073
352.85,-0.000405593,80.7073
352.9,-0.000398413,80.7073
352.95,-0.000401452,80.7073
353.0,-0.000403022,80.7073
353.05,-0.00040379,80.7072
353.1,-0.000404391,80.7072
353.15,-0.000388729,80.7072
353.2,-0.000403389,80.7072
353.25,-0.000393939,80.7072
353.3,-0.000389364,80.7071
353.35,-0.000394006,80.7071
353.4,-0.00038913,80.7071
353.45,-0.00038696,80.7071
353.5,-0.000393738,80.7071
353.55,-0.000400818,80.707
353.6,-0.000398614,80.707
353.65,-0.000399282,80.707
353.7,-0.000403155,80.707
353.75,-0.00039651,80.707
353.8,-0.000402888,80.7069
353.85,-0.000402588,80.7069
353.9,-0.000400885,80.7069
353.95,-0.000415544,80.7069
354.0,-0.000414041,80.7069
354.05,-0.000408031,80.7068
354.1,-0.000399783,80.7068
354.15,-0.00039995,80.7068
354.2,-0.000409333,80.7068
354.25,-0.000414709,80.7068
354.3,-0.000402788,80.7067
354.35,-0.000402087,80.7067
354.4,-0.000397946,80.7067
354.45,-0.000404892,80.7067
354.5,-0.000401452,80.7067
354.55,-0.000396276,80.7066
354.6,-0.000401252,80.7066
354.65,-0.000401653,80.7066
354.7,-0.000409433,80.7066
354.75,-0.000405292,80.7066
354.8,-0.000406161,80.7065
354.85,-0.000404023,80.7065
354.9,-0.00040606,80.7065
354.95,-0.000410268,80.7065
355.0,-0.000411604,80.7065
355.05,-0.000409099,80.7064
355.1,-0.00041127,80.7064
355.15,-0.000412572,80.7064
355.2,-0.000413841,80.7064
355.25,-0.000408398,80.7064
355.3,-0.000409099,80.7063
355.35,-0.000404758,80.7063
355.4,-0.000407296,80.7063
355.45,-0.000410669,80.7063
355.5,-0.000408999,80.7063
355.55,-0.000406895,80.7062
355.6,-0.000391034,80.7062
355.65,-0.00039444,80.7062
355.7,-0.000390499,80.7062
355.75,-0.000398013,80.7062
355.8,-0.000411136,80.7061
355.85,-0.000412873,80.7061
355.9,-0.000411203,80.7061
355.95,-0.00041905,80.7061
356.0,-0.000410435,80.706
356.05,-0.000413207,80.706
356.1,-0.000418683,80.706
356.15,-0.00042092,80.706
356.2,-0.000427632,80.706
356.25,-0.000422256,80.7059
356.3,-0.000432141,80.7059
356.35,-0.000420887,80.7059
356.4,-0.000418917,80.7059
356.45,-0.000415678,80.7059
356.5,-0.000426664,80.7058
356.55,-0.000410301,80.7058
356.6,-0.00041334,80.7058
356.65,-0.000416746,80.7058
356.7,-0.000415344,80.7058
356.75,-0.000413908,80.7057
356.8,-0.000424293,80.7057
356.85,-0.00042633,80.7057
356.9,-0.000421154,80.7057
356.95,-0.00042466,80.7057
357.0,-0.00042072,80.7056
357.05,-0.000414776,80.7056
357.1,-0.000423158,80.7056
357.15,-0.000415878,80.7056
357.2,-0.000420753,80.7055
357.25,-0.000407697,80.7055
357.3,-0.000411537,80.7055
357.35,-0.000399716,80.7055
357.4,-0.000401786,80.7055
357.45,-0.000406528,80.7054
357.5,-0.000413741,80.7054
357.55,-0.000414509,80.7054
357.6,-0.00040576,80.7054
357.65,-0.000401619,80.7054
357.7,-0.000403022,80.7053
357.75,-0.000405693,80.7053
357.8,-0.000399783,80.7053
357.85,-0.000407864,80.7053
357.9,-0.000403289,80.7053
357.95,-0.000392403,80.7052
358.0,-0.000396543,80.7052
358.05,-0.000395375,80.7052
358.1,-0.000396543,80.7052
358.15,-0.000388496,80.7052
358.2,-0.000398013,80.7051
358.25,-0.000398514,80.7051
358.3,-0.000404625,80.7051
358.35,-0.000396644,80.7051
358.4,-0.000381316,80.7051
358.45,-0.000385023,80.705
358.5,-0.000383286,80.705
358.55,-0.000385924,80.705
358.6,-0.000382552,80.705
358.65,-0.000376975,80.705
358.7,-0.000381917,80.7049
358.75,-0.000394941,80.7049
358.8,-0.00039257,80.7049
358.85,-0.000394139,80.7049
358.9,-0.000384555,80.7049
358.95,-0.000381016,80.7048
359.0,-0.000393571,80.7048
359.05,-0.000389831,80.7048
359.1,-0.000390065,80.7048
359.15,-0.000393505,80.7048
359.2,-0.000398413,80.7048
359.25,-0.000395508,80.7047
359.3,-0.000385557,80.7047
359.35,-0.00038893,80.7047
359.4,-0.000398981,80.7047
359.45,-0.000390132,80.7047
359.5,-0.000390266,80.7046
359.55,-0.000390466,80.7046
359.6,-0.000401753,80.7046
359.65,-0.000394106,80.7046
359.7,-0.000398647,80.7046
359.75,-0.000388329,80.7045
359.8,-0.000391334,80.7045
359.85,-0.000388462,80.7045
359.9,-0.000389798,80.7045
359.95,-0.000392403,80.7045
360.0,-0.000387127,80.7044
360.05,-0.000390099,80.7044
360.1,-0.000401586,80.7044
360.15,-0.000399182,80.7044
360.2,-0.000394173,80.7044
360.25,-0.000382952,80.7043
360.3,-0.000395375,80.7043
360.35,-0.000400751,80.7043
360.4,-0.000393304,80.7043
360.45,-0.000412906,80.7043
360.5,-0.000399482,80.7042
360.55,-0.000396911,80.7042
360.6,-0.000408164,80.7042
360.65,-0.000413607,80.7042
360.7,-0.000411236,80.7042
360.75,-0.000405292,80.7041
360.8,-0.000408832,80.7041
360.85,-0.000412205,80.7041
360.9,-0.000395942,80.7041
360.95,-0.000387661,80.7041
361.0,-0.0003909,80.704
361.05,-0.000397913,80.704
361.1,-0.00040212,80.704
361.15,-0.000398814,80.704
361.2,-0.000399515,80.704
361.25,-0.000400951,80.7039
361.3,-0.000412071,80.7039
361.35,-0.000407763,80.7039
361.4,-0.000403122,80.7039
361.45,-0.00041334,80.7039
361.5,-0.000408398,80.7038
361.55,-0.000408164,80.7038
361.6,-0.000404324,80.7038
361.65,-0.00040389,80.7038
361.7,-0.000401619,80.7038
361.75,-0.000386258,80.7037
361.8,-0.000384054,80.7037
361.85,-0.000390366,80.7037
361.9,-0.000400885,80.7037
361.95,-0.00039474,80.7037
362.0,-0.000390733,80.7036
362.05,-0.00038509,80.7036
362.1,-0.000398747,80.7036
362.15,-0.000402888,80.7036
362.2,-0.000399649,80.7036
362.25,-0.00038716,80.7035
362.3,-0.00039257,80.7035
362.35,-0.000392636,80.7035
362.4,-0.000398714,80.7035
362.45,-0.000398514,80.7035
362.5,-0.000407597,80.7034
362.55,-0.000408865,80.7034
362.6,-0.000398714,80.7034
362.65,-0.000400784,80.7034
362.7,-0.000394339,80.7034
362.75,-0.000401753,80.7033
362.8,-0.000403489,80.7033
362.85,-0.000408865,80.7033
362.9,-0.000418516,80.7033
362.95,-0.000408832,80.7033
363.0,-0.000417548,80.7032
363.05,-0.000413273,80.7032
363.1,-0.000409967,80.7032
363.15,-0.000405459,80.7032
363.2,-0.000404825,80.7032
363.25,-0.000398013,80.7031
363.3,-0.000395375,80.7031
363.35,-0.000395074,80.7031
363.4,-0.000391367,80.7031
363.45,-0.00039474,80.7031
363.5,-0.000397178,80.703
363.55,-0.000402287,80.703
363.6,-0.000404357,80.703
363.65,-0.000391868,80.703
363.7,-0.000393538,80.703
363.75,-0.000397412,80.7029
363.8,-0.000397846,80.7029
363.85,-0.000389097,80.7029
363.9,-0.000381149,80.7029
363.95,-0.000377109,80.7029
364.0,-0.000382852,80.7028
364.05,-0.000392069,80.7028
364.1,-0.000400784,80.7028
364.15,-0.00039671,80.7028
364.2,-0.000388963,80.7028
364.25,-0.00037791,80.7027
364.3,-0.000388529,80.7027
364.35,-0.00038736,80.7027
364.4,-0.000383754,80.7027
364.45,-0.000382552,80.7027
364.5,-0.000385323,80.7026
364.55,-0.000393237,80.7026
364.6,-0.000393939,80.7026
364.65,-0.000392336,80.7026
364.7,-0.000386626,80.7026
364.75,-0.000390165,80.7025
364.8,-0.000389164,80.7025
364.85,-0.000388229,80.7025
364.9,-0.000383487,80.7025
364.95,-0.000392102,80.7025
365.0,-0.000382852,80.7025
365.05,-0.000380448,80.7024
365.1,-0.000382051,80.7024
365.15,-0.000390599,80.7024
365.2,-0.000393037,80.7024
365.25,-0.000392336,80.7024
365.3,-0.000384021,80.7023
365.35,-0.000373235,80.7023
365.4,-0.000365588,80.7023
365.45,-0.000375205,80.7023
365.5,-0.000386091,80.7023
365.55,-0.000383921,80.7022
365.6,-0.000393204,80.7022
365.65,-0.000391134,80.7022
365.7,-0.000392102,80.7022
365.75,-0.000392803,80.7022
365.8,-0.000400684,80.7021
365.85,-0.000396477,80.7021
365.9,-0.000396744,80.7021
365.95,-0.000396009,80.7021
366.0,-0.000404124,80.7021
366.05,-0.000408632,80.702
366.1,-0.000394139,80.702
366.15,-0.000393071,80.702
366.2,-0.00039671,80.702
366.25,-0.000385323,80.702
366.3,-0.000396076,80.7019
366.35,-0.000410802,80.7019
366.4,-0.000402554,80.7019
366.45,-0.000394673,80.7019
366.5,-0.000391267,80.7019
366.55,-0.000393571,80.7018
366.6,-0.000393237,80.7018
366.65,-0.000384255,80.7018
366.7,-0.000393839,80.7018
366.75,-0.000394206,80.7018
366.8,-0.0004095,80.7017
366.85,-0.000407763,80.7017
366.9,-0.000412472,80.7017
366.95,-0.000411003,80.7017
367.0,-0.00040409,80.7017
367.05,-0.000399549,80.7016
367.1,-0.000408498,80.7016
367.15,-0.00040606,80.7016
367.2,-0.000407029,80.7016
367.25,-0.000395809,80.7016
367.3,-0.000404057,80.7015
367.35,-0.00040182,80.7015
367.4,-0.000403923,80.7015
367.45,-0.000399616,80.7015
367.5,-0.000399048,80.7015
367.55,-0.000393805,80.7014
367.6,-0.000399849,80.7014
367.65,-0.000401252,80.7014
367.7,-0.000405426,80.7014
367.75,-0.000406728,80.7014
367.8,-0.000402053,80.7013
367.85,-0.000401018,80.7013
367.9,-0.000411236,80.7013
367.95,-0.00041157,80.7013
368.0,-0.0004095,80.7013
368.05,-0.000414976,80.7012
368.1,-0.000415711,80.7012
368.15,-0.000410802,80.7012
368.2,-0.000403556,80.7012
368.25,-0.000406929,80.7012
368.3,-0.000398313,80.7011
368.35,-0.000404892,80.7011
368.4,-0.000397879,80.7011
368.45,-0.00040763,80.7011
368.5,-0.000403923,80.7011
368.55,-0.000403456,80.701
368.6,-0.000409133,80.701
368.65,-0.000397278,80.701
368.7,-0.000401252,80.701
368.75,-0.000394306,80.701
368.8,-0.00039257,80.7009
368.85,-0.000408198,80.7009
368.9,-0.000401619,80.7009
368.95,-0.000401085,80.7009
369.0,-0.000403322,80.7009
369.05,-0.000403823,80.7008
369.1,-0.000401052,80.7008
369.15,-0.000402387,80.7008
369.2,-0.000396076,80.7008
369.25,-0.000394173,80.7008
369.3,-0.000393137,80.7007
369.35,-0.000397144,80.7007
369.4,-0.000408131,80.7007
369.45,-0.00040015,80.7007
369.5,-0.000407129,80.7007
369.55,-0.000402387,80.7006
369.6,-0.000400885,80.7006
369.65,-0.00039848,80.7006
369.7,-0.000393872,80.7006
369.75,-0.000396477,80.7006
369.8,-0.000403255,80.7005
369.85,-0.000397345,80.7005
369.9,-0.000413574,80.7005
369.95,-0.00039631,80.7005
370.0,-0.000398781,80.7005
370.05,-0.000401285,80.7004
370.1,-0.000402621,80.7004
370.15,-0.000404424,80.7004
370.2,-0.000400551,80.7004
370.25,-0.000401753,80.7004
370.3,-0.000400317,80.7003
370.35,-0.000404424,80.7003
370.4,-0.000409032,80.7003
370.45,-0.000406561,80.7003
370.5,-0.000410335,80.7003
370.55,-0.00041334,80.7002
370.6,-0.000405426,80.7002
370.65,-0.000402755,80.7002
370.7,-0.000413541,80.7002
370.75,-0.000414642,80.7001
370.8,-0.000416245,80.7001
370.85,-0.000418383,80.7001
370.9,-0.000414309,80.7001
370.95,-0.000412973,80.7001
371.0,-0.000401753,80.7001
371.05,-0.000419618,80.7
371.1,-0.000422156,80.7
371.15,-0.000421922,80.7
371.2,-0.000418549,80.7
371.25,-0.00042426,80.6999
371.3,-0.000423091,80.6999
371.35,-0.000417781,80.6999
371.4,-0.000414309,80.6999
371.45,-0.000409233,80.6999
371.5,-0.000414409,80.6998
371.55,-0.000417481,80.6998
371.6,-0.000405226,80.6998
371.65,-0.000406094,80.6998
371.7,-0.000411504,80.6998
371.75,-0.000413674,80.6997
371.8,-0.000413708,80.6997
371.85,-0.000401719,80.6997
371.9,-0.00040606,80.6997
371.95,-0.000402721,80.6997
372.0,-0.000407964,80.6996
372.05,-0.000396009,80.6996
372.1,-0.000391067,80.6996
372.15,-0.000399315,80.6996
372.2,-0.000399716,80.6996
372.25,-0.000413173,80.6995
372.3,-0.000415578,80.6995
372.35,-0.000417214,80.6995
372.4,-0.000410635,80.6995
372.45,-0.000415845,80.6995
372.5,-0.000413741,80.6994
372.55,-0.000412706,80.6994
372.6,-0.000415244,80.6994
372.65,-0.000409366,80.6994
372.7,-0.000416312,80.6993
372.75,-0.000422557,80.6993
372.8,-0.000426798,80.6993
372.85,-0.000419685,80.6993
372.9,-0.000419318,80.6993
372.95,-0.000423458,80.6992
373.0,-0.000415778,80.6992
373.05,-0.000420152,80.6992
373.1,-0.000417414,80.6992
373.15,-0.000414743,80.6992
373.2,-0.000418716,80.6991
373.25,-0.000416012,80.6991
373.3,-0.000411437,80.6991
373.35,-0.000416513,80.6991
373.4,-0.000419084,80.6991
373.45,-0.000416479,80.699
373.5,-0.00042072,80.699
373.55,-0.000415277,80.699
373.6,-0.000418783,80.699
373.65,-0.00042653,80.699
373.7,-0.000430538,80.6989
373.75,-0.00042229,80.6989
373.8,-0.000415177,80.6989
373.85,-0.000423692,80.6989
373.9,-0.000412439,80.6988
373.95,-0.00040586,80.6988
374.0,-0.000406829,80.6988
374.05,-0.000410602,80.6988
374.1,-0.00040379,80.6988
374.15,-0.000411537,80.6987
374.2,-0.000408832,80.6987
374.25,-0.000392937,80.6987
374.3,-0.000410402,80.6987
374.35,-0.000399248,80.6987
374.4,-0.000403523,80.6986
374.45,-0.000402254,80.6986
374.5,-0.000405025,80.6986
374.55,-0.00041304,80.6986
374.6,-0.000406094,80.6986
374.65,-0.00040596,80.6985
374.7,-0.000408632,80.6985
374.75,-0.000405793,80.6985
374.8,-0.000401552,80.6985
374.85,-0.000396176,80.6985
374.9,-0.000396243,80.6984
374.95,-0.000400684,80.6984
375.0,-0.000396877,80.6984
375.05,-0.00040566,80.6984
375.1,-0.000397946,80.6984
375.15,-0.000395876,80.6983
375.2,-0.000394941,80.6983
375.25,-0.00040045,80.6983
375.3,-0.000400417,80.6983
375.35,-0.000394974,80.6983
375.4,-0.000413407,80.6982
375.45,-0.000408331,80.6982
375.5,-0.000407797,80.6982
375.55,-0.000400551,80.6982
375.6,-0.000396076,80.6982
375.65,-0.000403356,80.6981
375.7,-0.000403656,80.6981
375.75,-0.000401853,80.6981
375.8,-0.000403723,80.6981
375.85,-0.000410402,80.6981
375.9,-0.00040379,80.698
375.95,-0.000397378,80.698
376.0,-0.000384989,80.698
376.05,-0.000401619,80.698
376.1,-0.000405727,80.698
376.15,-0.00040182,80.6979
376.2,-0.000399649,80.6979
376.25,-0.000409767,80.6979
376.3,-0.000400016,80.6979
376.35,-0.000405927,80.6979
376.4,-0.000400584,80.6978
376.45,-0.000404558,80.6978
376.5,-0.000420887,80.6978
376.55,-0.000416312,80.6978
376.6,-0.000414375,80.6978
376.65,-0.000418549,80.6977
376.7,-0.000419351,80.6977
376.75,-0.000414542,80.6977
376.8,-0.000411837,80.6977
376.85,-0.000415244,80.6977
376.9,-0.000415678,80.6976
376.95,-0.000412238,80.6976
377.0,-0.000421455,80.6976
377.05,-0.00042416,80.6976
377.1,-0.00042092,80.6975
377.15,-0.000419752,80.6975
377.2,-0.000406862,80.6975
377.25,-0.000405793,80.6975
377.3,-0.000414542,80.6975
377.35,-0.000420653,80.6974
377.4,-0.000421021,80.6974
377.45,-0.000416112,80.6974
377.5,-0.000414008,80.6974
377.55,-0.00040566,80.6974
377.6,-0.000404291,80.6973
377.65,-0.000408465,80.6973
377.7,-0.000417848,80.6973
377.75,-0.000420119,80.6973
377.8,-0.000419651,80.6973
377.85,-0.00041511,80.6972
377.9,-0.000421855,80.6972
377.95,-0.000416112,80.6972
378.0,-0.000423358,80.6972
378.05,-0.000414609,80.6972
378.1,-0.000418383,80.6971
378.15,-0.000410301,80.6971
378.2,-0.000418483,80.6971
378.25,-0.00040596,80.6971
378.3,-0.000405927,80.6971
378.35,-0.000412539,80.697
378.4,-0.000414075,80.697
378.45,-0.000423425,80.697
378.5,-0.000414208,80.697
378.55,-0.000423124,80.6969
378.6,-0.000423291,80.6969
378.65,-0.000412205,80.6969
378.7,-0.000415744,80.6969
378.75,-0.000419351,80.6969
378.8,-0.00041157,80.6968
378.85,-0.000417748,80.6968
378.9,-0.000414375,80.6968
378.95,-0.000422957,80.6968
379.0,-0.000421622,80.6968
379.05,-0.000422056,80.6967
379.1,-0.000418082,80.6967
379.15,-0.000411837,80.6967
379.2,-0.000417013,80.6967
379.25,-0.000411437,80.6967
379.3,-0.000419184,80.6966
379.35,-0.000416579,80.6966
379.4,-0.000424226,80.6966
379.45,-0.000432207,80.6966
379.5,-0.000434278,80.6965
379.55,-0.00042643,80.6965
379.6,-0.000411604,80.6965
379.65,-0.000410368,80.6965
379.7,-0.000414609,80.6965
379.75,-0.000422256,80.6964
379.8,-0.000426731,80.6964
379.85,-0.000420954,80.6964
379.9,-0.000416546,80.6964
379.95,-0.000416012,80.6964
380.0,-0.000420186,80.6963
380.05,-0.000423058,80.6963
380.1,-0.000423258,80.6963
380.15,-0.000412338,80.6963
380.2,-0.000417114,80.6963
380.25,-0.000417915,80.6962
380.3,-0.000423391,80.6962
380.35,-0.000423926,80.6962
380.4,-0.000427365,80.6962
380.45,-0.000428701,80.6962
380.5,-0.000423225,80.6961
380.55,-0.000414208,80.6961
380.6,-0.000416846,80.6961
380.65,-0.000405493,80.6961
380.7,-0.000414142,80.696
380.75,-0.000420419,80.696
380.8,-0.000413006,80.696
380.85,-0.00041511,80.696
380.9,-0.000417982,80.696
380.95,-0.000420486,80.6959
381.0,-0.000417548,80.6959
381.05,-0.000415945,80.6959
381.1,-0.000419284,80.6959
381.15,-0.00040793,80.6959
381.2,-0.000423091,80.6958
381.25,-0.00040025,80.6958
381.3,-0.000408966,80.6958
381.35,-0.000403122,80.6958
381.4,-0.000406995,80.6958
381.45,-0.000407229,80.6957
381.5,-0.000408231,80.6957
381.55,-0.000414876,80.6957
381.6,-0.000407162,80.6957
381.65,-0.000402855,80.6957
381.7,-0.000410869,80.6956
381.75,-0.00040793,80.6956
381.8,-0.000410101,80.6956
381.85,-0.000402521,80.6956
381.9,-0.000408498,80.6955
381.95,-0.000412839,80.6955
382.0,-0.000406094,80.6955
382.05,-0.000416179,80.6955
382.1,-0.000406094,80.6955
382.15,-0.00041157,80.6954
382.2,-0.000420253,80.6954
382.25,-0.000417615,80.6954
382.3,-0.000409166,80.6954
382.35,-0.000401786,80.6954
382.4,-0.000400417,80.6953
382.45,-0.000413808,80.6953
382.5,-0.000410535,80.6953
382.55,-0.000410368,80.6953
382.6,-0.000414375,80.6953
382.65,-0.000413975,80.6952
382.7,-0.000404825,80.6952
382.75,-0.000408365,80.6952
382.8,-0.000407229,80.6952
382.85,-0.000410134,80.6952
382.9,-0.000406695,80.6951
382.95,-0.000410869,80.6951
383.0,-0.000410602,80.6951
383.05,-0.000414409,80.6951
383.1,-0.000404491,80.6951
383.15,-0.000419818,80.695
383.2,-0.000416579,80.695
383.25,-0.000409233,80.695
383.3,-0.00041344,80.695
383.35,-0.00041678,80.695
383.4,-0.000415711,80.6949
383.45,-0.000410201,80.6949
383.5,-0.000414576,80.6949
383.55,-0.000412038,80.6949
383.6,-0.000412038,80.6949
383.65,-0.000423759,80.6948
383.7,-0.000422256,80.6948
383.75,-0.000426397,80.6948
383.8,-0.000422456,80.6948
383.85,-0.000420086,80.6947
383.9,-0.000424694,80.6947
383.95,-0.000418316,80.6947
384.0,-0.000429068,80.6947
384.05,-0.000419685,80.6947
384.1,-0.000409567,80.6946
384.15,-0.00041137,80.6946
384.2,-0.000412238,80.6946
384.25,-0.00041511,80.6946
384.3,-0.00040369,80.6946
384.35,-0.000412839,80.6945
384.4,-0.000412439,80.6945
384.45,-0.000413173,80.6945
384.5,-0.000410902,80.6945
384.55,-0.000413708,80.6945
384.6,-0.00042052,80.6944
384.65,-0.000413774,80.6944
384.7,-0.000421889,80.6944
384.75,-0.000418449,80.6944
384.8,-0.000410201,80.6944
384.85,-0.000408865,80.6943
384.9,-0.000416947,80.6943
384.95,-0.000424059,80.6943
385.0,-0.0004281,80.6943
385.05,-0.000412973,80.6942
385.1,-0.000427699,80.6942
385.15,-0.00041521,80.6942
385.2,-0.00040399,80.6942
385.25,-0.000414743,80.6942
385.3,-0.000412639,80.6941
385.35,-0.000405025,80.6941
385.4,-0.000410769,80.6941
385.45,-0.000413006,80.6941
385.5,-0.000407964,80.6941
385.55,-0.000410068,80.694
385.6,-0.000413908,80.694
385.65,-0.000416212,80.694
385.7,-0.000409834,80.694
385.75,-0.000410569,80.694
385.8,-0.000414242,80.6939
385.85,-0.000408164,80.6939
385.9,-0.000396109,80.6939
385.95,-0.000404792,80.6939
386.0,-0.000413073,80.6939
386.05,-0.000414175,80.6938
386.1,-0.00041491,80.6938
386.15,-0.000410435,80.6938
386.2,-0.000410936,80.6938
386.25,-0.000407396,80.6938
386.3,-0.000409366,80.6937
386.35,-0.000416346,80.6937
386.4,-0.000415277,80.6937
386.45,-0.000421822,80.6937
386.5,-0.000425095,80.6936
386.55,-0.000412639,80.6936
386.6,-0.00042456,80.6936
386.65,-0.000422456,80.6936
386.7,-0.000433009,80.6936
386.75,-0.000431072,80.6935
386.8,-0.000424994,80.6935
386.85,-0.000426664,80.6935
386.9,-0.000423191,80.6935
386.95,-0.000430304,80.6935
387.0,-0.000420887,80.6934
387.05,-0.000428067,80.6934
387.1,-0.000426163,80.6934
387.15,-0.000429168,80.6934
387.2,-0.000427632,80.6934
387.25,-0.000433009,80.6933
387.3,-0.000422156,80.6933
387.35,-0.00042072,80.6933
387.4,-0.000426163,80.6933
387.45,-0.00042623,80.6932
387.5,-0.000422924,80.6932
387.55,-0.000424493,80.6932
387.6,-0.000423425,80.6932
387.65,-0.000412105,80.6932
387.7,-0.000416746,80.6931
387.75,-0.000410235,80.6931
387.8,-0.000406628,80.6931
387.85,-0.000414275,80.6931
387.9,-0.000414375,80.6931
387.95,-0.000411136,80.693
388.0,-0.000408365,80.693
388.05,-0.000409533,80.693
388.1,-0.000412138,80.693
388.15,-0.000412038,80.693
388.2,-0.000417815,80.6929
388.25,-0.000418984,80.6929
388.3,-0.000413006,80.6929
388.35,-0.000422857,80.6929
388.4,-0.000420653,80.6928
388.45,-0.000410702,80.6928
388.5,-0.000422757,80.6928
388.55,-0.00042072,80.6928
388.6,-0.000416112,80.6928
388.65,-0.000411337,80.6927
388.7,-0.000412739,80.6927
388.75,-0.000421421,80.6927
388.8,-0.000411704,80.6927
388.85,-0.000418349,80.6927
388.9,-0.000420119,80.6926
388.95,-0.000425929,80.6926
389.0,-0.000409133,80.6926
389.05,-0.00042082,80.6926
389.1,-0.000408765,80.6926
389.15,-0.000414609,80.6925
389.2,-0.000410468,80.6925
389.25,-0.000410235,80.6925
389.3,-0.000402855,80.6925
389.35,-0.00041344,80.6925
389.4,-0.000413741,80.6924
389.45,-0.000414542,80.6924
389.5,-0.000408097,80.6924
389.55,-0.000410034,80.6924
389.6,-0.000402922,80.6924
389.65,-0.000406294,80.6923
389.7,-0.000406461,80.6923
389.75,-0.00041334,80.6923
389.8,-0.000412639,80.6923
389.85,-0.000411136,80.6923
389.9,-0.000412472,80.6922
389.95,-0.000416379,80.6922
390.0,-0.000406561,80.6922
390.05,-0.000410402,80.6922
390.1,-0.000414542,80.6921
390.15,-0.000404992,80.6921
390.2,-0.000404558,80.6921
390.25,-0.000408665,80.6921
390.3,-0.000405626,80.6921
390.35,-0.000409467,80.692
390.4,-0.000418216,80.692
390.45,-0.000405893,80.692
390.5,-0.000405793,80.692
390.55,-0.000410702,80.692
390.6,-0.000410001,80.6919
390.65,-0.000395842,80.6919
390.7,-0.000398146,80.6919
390.75,-0.000414108,80.6919
390.8,-0.000411203,80.6919
390.85,-0.000410235,80.6918
390.9,-0.000421755,80.6918
390.95,-0.000418917,80.6918
391.0,-0.000413173,80.6918
391.05,-0.000427532,80.6918
391.1,-0.000422089,80.6917
391.15,-0.00042653,80.6917
391.2,-0.000416579,80.6917
391.25,-0.000420319,80.6917
391.3,-0.000420887,80.6917
391.35,-0.00042456,80.6916
391.4,-0.000420086,80.6916
391.45,-0.000421455,80.6916
391.5,-0.000418716,80.6916
391.55,-0.000425562,80.6916
391.6,-0.00043204,80.6915
391.65,-0.00043361,80.6915
391.7,-0.000418349,80.6915
391.75,-0.000411837,80.6915
391.8,-0.000423258,80.6914
391.85,-0.00042466,80.6914
391.9,-0.000412038,80.6914
391.95,-0.000416479,80.6914
392.0,-0.000418817,80.6914
392.05,-0.00042269,80.6913
392.1,-0.000418182,80.6913
392.15,-0.000410869,80.6913
392.2,-0.000408164,80.6913
392.25,-0.000409099,80.6913
392.3,-0.000423592,80.6912
392.35,-0.000412238,80.6912
392.4,-0.000410836,80.6912
392.45,-0.000410736,80.6912
392.5,-0.000416145,80.6912
392.55,-0.000410235,80.6911
392.6,-0.000411069,80.6911
392.65,-0.000419318,80.6911
392.7,-0.000416713,80.6911
392.75,-0.000409901,80.691
392.8,-0.000408932,80.691
392.85,-0.000408431,80.691
392.9,-0.00040212,80.691
392.95,-0.000411069,80.691
393.0,-0.000402354,80.6909
393.05,-0.000408064,80.6909
393.1,-0.000404291,80.6909
393.15,-0.000413307,80.6909
393.2,-0.000418149,80.6909
393.25,-0.000426564,80.6908
393.3,-0.000418917,80.6908
393.35,-0.000428033,80.6908
393.4,-0.000418249,80.6908
393.45,-0.000415578,80.6908
393.5,-0.000416813,80.6907
393.55,-0.000424928,80.6907
393.6,-0.000412605,80.6907
393.65,-0.000414976,80.6907
393.7,-0.000406595,80.6907
393.75,-0.000412639,80.6906
393.8,-0.000409934,80.6906
393.85,-0.000414142,80.6906
393.9,-0.000417281,80.6906
393.95,-0.000417247,80.6906
394.0,-0.000408865,80.6905
394.05,-0.000413106,80.6905
394.1,-0.000411804,80.6905
394.15,-0.000410635,80.6905
394.2,-0.00040606,80.6904
394.25,-0.000410335,80.6904
394.3,-0.000400651,80.6904
394.35,-0.000407463,80.6904
394.4,-0.000409366,80.6904
394.45,-0.00040783,80.6903
394.5,-0.000406995,80.6903
394.55,-0.000408398,80.6903
394.6,-0.000403857,80.6903
394.65,-0.000406895,80.6903
394.7,-0.000409567,80.6902
394.75,-0.000422189,80.6902
394.8,-0.000418015,80.6902
394.85,-0.000411136,80.6902
394.9,-0.000407663,80.6902
394.95,-0.000403656,80.6901
395.0,-0.000411437,80.6901
395.05,-0.000426697,80.6901
395.1,-0.000424059,80.6901
395.15,-0.000417314,80.6901
395.2,-0.00040399,80.69
395.25,-0.000416646,80.69
395.3,-0.000421054,80.69
395.35,-0.000418082,80.69
395.4,-0.00041678,80.69
395.45,-0.000425195,80.6899
395.5,-0.000420253,80.6899
395.55,-0.000415711,80.6899
395.6,-0.000408198,80.6899
395.65,-0.000407864,80.6898
395.7,-0.000410468,80.6898
395.75,-0.000413741,80.6898
395.8,-0.000416579,80.6898
395.85,-0.000429569,80.6898
395.9,-0.000417114,80.6897
395.95,-0.00040793,80.6897
396.0,-0.000412906,80.6897
396.05,-0.000404591,80.6897
396.1,-0.00041157,80.6897
396.15,-0.00041304,80.6896
396.2,-0.000412572,80.6896
396.25,-0.00040793,80.6896
396.3,-0.000413774,80.6896
396.35,-0.000407663,80.6896
396.4,-0.00040232,80.6895
396.45,-0.000397211,80.6895
396.5,-0.00040232,80.6895
396.55,-0.000400684,80.6895
396.6,-0.00040596,80.6895
396.65,-0.000405025,80.6894
396.7,-0.000415043,80.6894
396.75,-0.000423558,80.6894
396.8,-0.000417247,80.6894
396.85,-0.000421688,80.6894
396.9,-0.000415177,80.6893
396.95,-0.000399081,80.6893
397.0,-0.000404458,80.6893
397.05,-0.00040182,80.6893
397.1,-0.000419084,80.6893
397.15,-0.000418917,80.6892
397.2,-0.000415878,80.6892
397.25,-0.000401385,80.6892
397.3,-0.000404124,80.6892
397.35,-0.000398614,80.6892
397.4,-0.000404391,80.6891
397.45,-0.000404992,80.6891
397.5,-0.000413507,80.6891
397.55,-0.000408532,80.6891
397.6,-0.000411103,80.689
397.65,-0.000407797,80.689
397.7,-0.000404023,80.689
397.75,-0.000408832,80.689
397.8,-0.000415043,80.689
397.85,-0.000407763,80.6889
397.9,-0.000413774,80.6889
397.95,-0.000414676,80.6889
398.0,-0.000418383,80.6889
398.05,-0.000415411,80.6889
398.1,-0.000417448,80.6888
398.15,-0.000407196,80.6888
398.2,-0.000410869,80.6888
398.25,-0.000410001,80.6888
398.3,-0.000393738,80.6888
398.35,-0.000385257,80.6887
398.4,-0.000394373,80.6887
398.45,-0.000416412,80.6887
398.5,-0.000407029,80.6887
398.55,-0.000428,80.6887
398.6,-0.000429736,80.6886
398.65,-0.000427866,80.6886
398.7,-0.000414175,80.6886
398.75,-0.000417948,80.6886
398.8,-0.000410569,80.6886
398.85,-0.000416212,80.6885
398.9,-0.000411504,80.6885
398.95,-0.000415043,80.6885
399.0,-0.000421455,80.6885
399.05,-0.000419017,80.6885
399.1,-0.000424827,80.6884
399.15,-0.000418883,80.6884
399.2,-0.000419384,80.6884
399.25,-0.000414709,80.6884
399.3,-0.0004282,80.6883
399.35,-0.000423325,80.6883
399.4,-0.000419251,80.6883
399.45,-0.000420086,80.6883
399.5,-0.00041708,80.6883
399.55,-0.000418683,80.6882
399.6,-0.000421154,80.6882
399.65,-0.000418917,80.6882
399.7,-0.000419752,80.6882
399.75,-0.000413774,80.6882
399.8,-0.000408064,80.6881
399.85,-0.00042052,80.6881
399.9,-0.000417314,80.6881
399.95,-0.000415978,80.6881
400.0,-0.000415411,80.6881
400.05,-0.00040566,80.688
400.1,-0.000398146,80.688
400.15,-0.000401352,80.688
400.2,-0.00040419,80.688
400.25,-0.000415845,80.688
400.3,-0.000413374,80.6879
400.35,-0.000412004,80.6879
400.4,-0.000413006,80.6879
400.45,-0.000400784,80.6879
400.5,-0.000405727,80.6879
400.55,-0.000397879,80.6878
400.6,-0.000403589,80.6878
400.65,-0.000410168,80.6878
400.7,-0.000410502,80.6878
400.75,-0.000408999,80.6878
400.8,-0.000413507,80.6877
400.85,-0.000417848,80.6877
400.9,-0.00041698,80.6877
400.95,-0.000407997,80.6877
401.0,-0.000412405,80.6876
401.05,-0.000416145,80.6876
401.1,-0.000420253,80.6876
401.15,-0.000423024,80.6876
401.2,-0.000418716,80.6876
401.25,-0.000421789,80.6875
401.3,-0.000421488,80.6875
401.35,-0.000413708,80.6875
401.4,-0.000419685,80.6875
401.45,-0.000422156,80.6875
401.5,-0.000416579,80.6874
401.55,-0.000415377,80.6874
401.6,-0.000413374,80.6874
401.65,-0.000409834,80.6874
401.7,-0.000414175,80.6874
401.75,-0.000419451,80.6873
401.8,-0.000412472,80.6873
401.85,-0.000415611,80.6873
401.9,-0.000417114,80.6873
401.95,-0.000412038,80.6872
402.0,-0.000410902,80.6872
402.05,-0.000420152,80.6872
402.1,-0.000415277,80.6872
402.15,-0.000420854,80.6872
402.2,-0.000425128,80.6871
402.25,-0.000405927,80.6871
402.3,-0.00041304,80.6871
402.35,-0.000417514,80.6871
402.4,-0.000421789,80.6871
402.45,-0.000415678,80.687
402.5,-0.000416947,80.687
402.55,-0.000406662,80.687
402.6,-0.000413975,80.687
402.65,-0.000410435,80.687
402.7,-0.00040753,80.6869
402.75,-0.000405893,80.6869
402.8,-0.000401285,80.6869
402.85,-0.000391735,80.6869
402.9,-0.000400818,80.6869
402.95,-0.000406929,80.6868
403.0,-0.000395208,80.6868
403.05,-0.000401519,80.6868
403.1,-0.000399515,80.6868
403.15,-0.000404324,80.6868
403.2,-0.000408665,80.6867
403.25,-0.000415077,80.6867
403.3,-0.000414442,80.6867
403.35,-0.000422156,80.6867
403.4,-0.000415077,80.6867
403.45,-0.000422089,80.6866
403.5,-0.000414175,80.6866
403.55,-0.000418817,80.6866
403.6,-0.000418182,80.6866
403.65,-0.000418516,80.6866
403.7,-0.000419551,80.6865
403.75,-0.000416646,80.6865
403.8,-0.000428334,80.6865
403.85,-0.00043765,80.6865
403.9,-0.000437617,80.6864
403.95,-0.000422022,80.6864
404.0,-0.000421121,80.6864
404.05,-0.000423725,80.6864
404.1,-0.000419184,80.6864
404.15,-0.000430638,80.6863
404.2,-0.000427031,80.6863
404.25,-0.000433376,80.6863
404.3,-0.000431139,80.6863
404.35,-0.00042997,80.6862
404.4,-0.000423191,80.6862
404.45,-0.000429002,80.6862
404.5,-0.000428801,80.6862
404.55,-0.000428234,80.6862
404.6,-0.000426497,80.6861
404.65,-0.000426864,80.6861
404.7,-0.000421154,80.6861
404.75,-0.000417548,80.6861
404.8,-0.000419384,80.6861
404.85,-0.000426831,80.686
404.9,-0.000427866,80.686
404.95,-0.000428367,80.686
405.0,-0.00042229,80.686
405.05,-0.000427165,80.686
405.1,-0.000429335,80.6859
405.15,-0.000429636,80.6859
405.2,-0.000423659,80.6859
405.25,-0.000416613,80.6859
405.3,-0.000408565,80.6859
405.35,-0.000415611,80.6858
405.4,-0.000428334,80.6858
405.45,-0.000423659,80.6858
405.5,-0.000419651,80.6858
405.55,-0.00042456,80.6857
405.6,-0.000426197,80.6857
405.65,-0.000416646,80.6857
405.7,-0.000415978,80.6857
405.75,-0.000417915,80.6857
405.8,-0.0004094,80.6856
405.85,-0.000407396,80.6856
405.9,-0.000406261,80.6856
405.95,-0.000408331,80.6856
406.0,-0.000415143,80.6856
406.05,-0.000414375,80.6855
406.1,-0.00041147,80.6855
406.15,-0.000409667,80.6855
406.2,-0.000412772,80.6855
406.25,-0.000421455,80.6855
406.3,-0.000412505,80.6854
406.35,-0.000403356,80.6854
406.4,-0.000419752,80.6854
406.45,-0.000417748,80.6854
406.5,-0.000424961,80.6853
406.55,-0.000425996,80.6853
406.6,-0.000417013,80.6853
406.65,-0.000414041,80.6853
406.7,-0.000417147,80.6853
406.75,-0.000420019,80.6852
406.8,-0.000416279,80.6852
406.85,-0.000415511,80.6852
406.9,-0.000424727,80.6852
406.95,-0.000416913,80.6852
407.0,-0.000421355,80.6851
407.05,-0.000424627,80.6851
407.1,-0.000421855,80.6851
407.15,-0.00041334,80.6851
407.2,-0.000403356,80.6851
407.25,-0.000411337,80.685
407.3,-0.000415578,80.685
407.35,-0.000418817,80.685
407.4,-0.000417681,80.685
407.45,-0.000423725,80.685
407.5,-0.000430671,80.6849
407.55,-0.000417681,80.6849
407.6,-0.000427532,80.6849
407.65,-0.000429369,80.6849
407.7,-0.000417681,80.6848
407.75,-0.000428067,80.6848
407.8,-0.000419451,80.6848
407.85,-0.000423725,80.6848
407.9,-0.00043184,80.6848
407.95,-0.000430638,80.6847
408.0,-0.00042229,80.6847
408.05,-0.000431807,80.6847
408.1,-0.000416145,80.6847
408.15,-0.000420486,80.6847
408.2,-0.000413106,80.6846
408.25,-0.000417047,80.6846
408.3,-0.000417013,80.6846
408.35,-0.000414776,80.6846
408.4,-0.00041531,80.6845
408.45,-0.000411337,80.6845
408.5,-0.000408198,80.6845
408.55,-0.000424393,80.6845
408.6,-0.000411437,80.6845
408.65,-0.000417648,80.6844
408.7,-0.000420119,80.6844
408.75,-0.000421789,80.6844
408.8,-0.000412338,80.6844
408.85,-0.000417648,80.6844
408.9,-0.000418917,80.6843
408.95,-0.000415678,80.6843
409.0,-0.000418383,80.6843
409.05,-0.00041521,80.6843
409.1,-0.000410034,80.6843
409.15,-0.000409032,80.6842
409.2,-0.000411136,80.6842
409.25,-0.000412772,80.6842
409.3,-0.000417047,80.6842
409.35,-0.000416346,80.6842
409.4,-0.000409467,80.6841
409.45,-0.000408799,80.6841
409.5,-0.000423792,80.6841
409.55,-0.000412639,80.6841
409.6,-0.000414108,80.6841
409.65,-0.000417681,80.684
409.7,-0.000415845,80.684
409.75,-0.000411504,80.684
409.8,-0.000413106,80.684
409.85,-0.00040783,80.684
409.9,-0.000415945,80.6839
409.95,-0.000422356,80.6839
410.0,-0.000420687,80.6839
410.05,-0.000417915,80.6839
410.1,-0.000414743,80.6838
410.15,-0.000413975,80.6838
410.2,-0.000410702,80.6838
410.25,-0.000415811,80.6838
410.3,-0.000416279,80.6838
410.35,-0.000416947,80.6837
410.4,-0.000413207,80.6837
410.45,-0.000423859,80.6837
410.5,-0.000420586,80.6837
410.55,-0.000420753,80.6837
410.6,-0.000422223,80.6836
410.65,-0.000420152,80.6836
410.7,-0.000423492,80.6836
410.75,-0.000422724,80.6836
410.8,-0.000414676,80.6836
410.85,-0.000401085,80.6835
410.9,-0.000407964,80.6835
410.95,-0.00040576,80.6835
411.0,-0.000408365,80.6835
411.05,-0.000417615,80.6834
411.1,-0.000419651,80.6834
411.15,-0.000413307,80.6834
411.2,-0.000415911,80.6834
411.25,-0.000409233,80.6834
411.3,-0.000405192,80.6833
411.35,-0.00041521,80.6833
411.4,-0.000404257,80.6833
411.45,-0.000399482,80.6833
411.5,-0.000415477,80.6833
411.55,-0.000421288,80.6832
411.6,-0.000416813,80.6832
411.65,-0.000410168,80.6832
411.7,-0.000407363,80.6832
411.75,-0.000416279,80.6832
411.8,-0.000412605,80.6831
411.85,-0.00041531,80.6831
411.9,-0.000406161,80.6831
411.95,-0.000414809,80.6831
412.0,-0.00041678,80.6831
412.05,-0.000414342,80.683
412.1,-0.000411837,80.683
412.15,-0.000420553,80.683
412.2,-0.000413741,80.683
412.25,-0.000423725,80.683
412.3,-0.00041117,80.6829
412.35,-0.000408899,80.6829
412.4,-0.000408198,80.6829
412.45,-0.000409967,80.6829
412.5,-0.000412405,80.6829
412.55,-0.000418216,80.6828
412.6,-0.000406628,80.6828
412.65,-0.000401052,80.6828
412.7,-0.000398647,80.6828
412.75,-0.000402254,80.6827
412.8,-0.000401252,80.6827
412.85,-0.000404491,80.6827
412.9,-0.00040773,80.6827
412.95,-0.000400885,80.6827
413.0,-0.000404792,80.6826
413.05,-0.000405459,80.6826
413.1,-0.000407897,80.6826
413.15,-0.000403923,80.6826
413.2,-0.000398647,80.6826
413.25,-0.000403823,80.6825
413.3,-0.000403723,80.6825
413.35,-0.000408532,80.6825
413.4,-0.00042082,80.6825
413.45,-0.000418883,80.6825
413.5,-0.000409967,80.6824
413.55,-0.000404725,80.6824
413.6,-0.000399582,80.6824
413.65,-0.000399081,80.6824
413.7,-0.000397144,80.6824
413.75,-0.000393471,80.6823
413.8,-0.000401653,80.6823
413.85,-0.000404524,80.6823
413.9,-0.000408131,80.6823
413.95,-0.000410034,80.6823
414.0,-0.000408598,80.6822
414.05,-0.000409967,80.6822
414.1,-0.000411236,80.6822
414.15,-0.000401085,80.6822
414.2,-0.000393204,80.6822
414.25,-0.000393204,80.6821
414.3,-0.000406662,80.6821
414.35,-0.000398146,80.6821
414.4,-0.000398347,80.6821
414.45,-0.000394473,80.6821
414.5,-0.000401218,80.682
414.55,-0.000410201,80.682
414.6,-0.00040419,80.682
414.65,-0.000400016,80.682
414.7,-0.000392536,80.682
414.75,-0.000390199,80.6819
414.8,-0.000388295,80.6819
414.85,-0.000388796,80.6819
414.9,-0.000381683,80.6819
414.95,-0.000386926,80.6819
415.0,-0.000395408,80.6818
415.05,-0.000397011,80.6818
415.1,-0.000400617,80.6818
415.15,-0.000393271,80.6818
415.2,-0.000387761,80.6818
415.25,-0.000385891,80.6817
415.3,-0.000385123,80.6817
415.35,-0.000390032,80.6817
415.4,-0.000387961,80.6817
415.45,-0.000390432,80.6817
415.5,-0.000392102,80.6816
415.55,-0.000398447,80.6816
415.6,-0.000409233,80.6816
415.65,-0.000393839,80.6816
415.7,-0.000399081,80.6816
415.75,-0.000398714,80.6815
415.8,-0.00039621,80.6815
415.85,-0.000400684,80.6815
415.9,-0.00039838,80.6815
415.95,-0.000405727,80.6815
416.0,-0.000413006,80.6814
416.05,-0.000405827,80.6814
416.1,-0.000401953,80.6814
416.15,-0.000409233,80.6814
416.2,-0.000404758,80.6814
416.25,-0.000402855,80.6814
416.3,-0.000403523,80.6813
416.35,-0.000397445,80.6813
416.4,-0.000404357,80.6813
416.45,-0.000407296,80.6813
416.5,-0.000399783,80.6813
416.55,-0.000398013,80.6812
416.6,-0.000396944,80.6812
416.65,-0.000403255,80.6812
416.7,-0.00039818,80.6812
416.75,-0.000396744,80.6812
416.8,-0.000387627,80.6811
416.85,-0.000384155,80.6811
416.9,-0.000384488,80.6811
416.95,-0.00038539,80.6811
417.0,-0.000387327,80.6811
417.05,-0.000393438,80.681
417.1,-0.000399282,80.681
417.15,-0.00039671,80.681
417.2,-0.000398514,80.681
417.25,-0.000394072,80.681
417.3,-0.000393905,80.6809
417.35,-0.00039267,80.6809
417.4,-0.000381049,80.6809
417.45,-0.000388095,80.6809
417.5,-0.000393104,80.6809
417.55,-0.000399582,80.6808
417.6,-0.00040192,80.6808
417.65,-0.000402387,80.6808
417.7,-0.000395608,80.6808
417.75,-0.000398447,80.6808
417.8,-0.000403122,80.6807
417.85,-0.000402721,80.6807
417.9,-0.000399616,80.6807
417.95,-0.000402354,80.6807
418.0,-0.000419718,80.6807
418.05,-0.000414542,80.6806
418.1,-0.000404357,80.6806
418.15,-0.00039848,80.6806
418.2,-0.00039828,80.6806
418.25,-0.000401285,80.6806
418.3,-0.000406328,80.6805
418.35,-0.000397111,80.6805
418.4,-0.000401185,80.6805
418.45,-0.000401486,80.6805
418.5,-0.000412472,80.6805
418.55,-0.000405693,80.6804
418.6,-0.000411871,80.6804
418.65,-0.000405125,80.6804
418.7,-0.000404124,80.6804
418.75,-0.000405226,80.6804
418.8,-0.000398514,80.6803
418.85,-0.000411437,80.6803
418.9,-0.000411871,80.6803
418.95,-0.000408632,80.6803
419.0,-0.00041157,80.6803
419.05,-0.000413708,80.6802
419.1,-0.000418783,80.6802
419.15,-0.000416546,80.6802
419.2,-0.000404625,80.6802
419.25,-0.000407797,80.6801
419.3,-0.000404691,80.6801
419.35,-0.000405059,80.6801
419.4,-0.000405259,80.6801
419.45,-0.000409233,80.6801
419.5,-0.000405526,80.68
419.55,-0.0004093,80.68
419.6,-0.000406962,80.68
419.65,-0.000406528,80.68
419.7,-0.000403055,80.68
419.75,-0.000404458,80.6799
419.8,-0.000403422,80.6799
419.85,-0.000397679,80.6799
419.9,-0.000393171,80.6799
419.95,-0.00040212,80.6799
420.0,-0.000400551,80.6798
420.05,-0.000405994,80.6798
420.1,-0.000402454,80.6798
420.15,-0.000401586,80.6798
420.2,-0.000412505,80.6798
420.25,-0.000408532,80.6797
420.3,-0.000414843,80.6797
420.35,-0.000412439,80.6797
420.4,-0.000401018,80.6797
420.45,-0.000403823,80.6797
420.5,-0.000402821,80.6796
420.55,-0.000404391,80.6796
420.6,-0.000409901,80.6796
420.65,-0.000401285,80.6796
420.7,-0.00039848,80.6796
420.75,-0.00039651,80.6795
420.8,-0.000398747,80.6795
420.85,-0.000403957,80.6795
420.9,-0.000401152,80.6795
420.95,-0.000398514,80.6795
421.0,-0.00039454,80.6794
421.05,-0.000393471,80.6794
421.1,-0.000393505,80.6794
421.15,-0.000403088,80.6794
421.2,-0.000414609,80.6794
421.25,-0.000415544,80.6793
421.3,-0.000422356,80.6793
421.35,-0.000423659,80.6793
421.4,-0.000433009,80.6793
421.45,-0.000434077,80.6793
421.5,-0.00043007,80.6792
421.55,-0.000422223,80.6792
421.6,-0.000414776,80.6792
421.65,-0.000417781,80.6792
421.7,-0.000414676,80.6791
421.75,-0.000414275,80.6791
421.8,-0.000416012,80.6791
421.85,-0.000418316,80.6791
421.9,-0.000422123,80.6791
421.95,-0.000422557,80.679
422.0,-0.000409032,80.679
422.05,-0.000412639,80.679
422.1,-0.00041137,80.679
422.15,-0.000411604,80.679
422.2,-0.000401719,80.6789
422.25,-0.000412706,80.6789
422.3,-0.000412706,80.6789
422.35,-0.000416446,80.6789
422.4,-0.000421789,80.6789
422.45,-0.000424761,80.6788
422.5,-0.000430337,80.6788
422.55,-0.000434311,80.6788
422.6,-0.000429937,80.6788
422.65,-0.000429202,80.6787
422.7,-0.00042269,80.6787
422.75,-0.000424126,80.6787
422.8,-0.000417648,80.6787
422.85,-0.000410702,80.6787
422.9,-0.000423959,80.6786
422.95,-0.000414075,80.6786
423.0,-0.000412839,80.6786
423.05,-0.000419318,80.6786
423.1,-0.000419451,80.6786
423.15,-0.00040793,80.6785
423.2,-0.000414208,80.6785
423.25,-0.00041501,80.6785
423.3,-0.000423291,80.6785
423.35,-0.000413307,80.6785
423.4,-0.000419485,80.6784
423.45,-0.000419585,80.6784
423.5,-0.000419885,80.6784
423.55,-0.000418783,80.6784
423.6,-0.000409934,80.6784
423.65,-0.000424126,80.6783
423.7,-0.00041708,80.6783
423.75,-0.000417448,80.6783
423.8,-0.000411971,80.6783
423.85,-0.000411036,80.6783
423.9,-0.000409634,80.6782
423.95,-0.000409667,80.6782
424.0,-0.000410802,80.6782
424.05,-0.000416045,80.6782
424.1,-0.000410068,80.6781
424.15,-0.000411136,80.6781
424.2,-0.00041531,80.6781
424.25,-0.000423625,80.6781
424.3,-0.000422156,80.6781
424.35,-0.000415444,80.678
424.4,-0.000417514,80.678
424.45,-0.000423759,80.678
424.5,-0.000420353,80.678
424.55,-0.00041147,80.678
424.6,-0.000423625,80.6779
424.65,-0.000423225,80.6779
424.7,-0.000426664,80.6779
424.75,-0.000424861,80.6779
424.8,-0.000412973,80.6779
424.85,-0.000411103,80.6778
424.9,-0.000398981,80.6778
424.95,-0.000416045,80.6778
425.0,-0.000407129,80.6778
425.05,-0.000413741,80.6777
425.1,-0.000402454,80.6777
425.15,-0.000406929,80.6777
425.2,-0.000415744,80.6777
425.25,-0.000412272,80.6777
425.3,-0.000417882,80.6777
425.35,-0.000415845,80.6776
425.4,-0.000411938,80.6776
425.45,-0.000404758,80.6776
425.5,-0.000417581,80.6776
425.55,-0.00041531,80.6775
425.6,-0.000415411,80.6775
425.65,-0.000415911,80.6775
425.7,-0.000416145,80.6775
425.75,-0.000418716,80.6775
425.8,-0.000427933,80.6774
425.85,-0.000418783,80.6774
425.9,-0.000412672,80.6774
425.95,-0.000415744,80.6774
426.0,-0.000410569,80.6774
426.05,-0.000401018,80.6773
426.1,-0.000403723,80.6773
426.15,-0.00040596,80.6773
426.2,-0.000408031,80.6773
426.25,-0.00041147,80.6773
426.3,-0.000417815,80.6772
426.35,-0.000425562,80.6772
426.4,-0.000425996,80.6772
426.45,-0.000419351,80.6772
426.5,-0.00041344,80.6772
426.55,-0.000406227,80.6771
426.6,-0.00041905,80.6771
426.65,-0.000417915,80.6771
426.7,-0.000413207,80.6771
426.75,-0.00041688,80.677
426.8,-0.000418449,80.677
426.85,-0.000408765,80.677
426.9,-0.000412672,80.677
426.95,-0.00041147,80.677
427.0,-0.000408799,80.6769
427.05,-0.000409366,80.6769
427.1,-0.000412739,80.6769
427.15,-0.000414743,80.6769
427.2,-0.000411236,80.6769
427.25,-0.000416513,80.6768
427.3,-0.000414476,80.6768
427.35,-0.000422991,80.6768
427.4,-0.000417882,80.6768
427.45,-0.000417715,80.6768
427.5,-0.000414041,80.6767
427.55,-0.000413273,80.6767
427.6,-0.000405927,80.6767
427.65,-0.000404758,80.6767
427.7,-0.000412105,80.6767
427.75,-0.000410301,80.6766
427.8,-0.000411771,80.6766
427.85,-0.00041127,80.6766
427.9,-0.00040763,80.6766
427.95,-0.000405393,80.6766
428.0,-0.000405125,80.6765
428.05,-0.000416212,80.6765
428.1,-0.000416479,80.6765
428.15,-0.000415077,80.6765
428.2,-0.000416346,80.6765
428.25,-0.000412105,80.6764
428.3,-0.000412672,80.6764
428.35,-0.000414075,80.6764
428.4,-0.000408198,80.6764
428.45,-0.000417948,80.6763
428.5,-0.000422857,80.6763
428.55,-0.000415978,80.6763
428.6,-0.000407496,80.6763
428.65,-0.000412973,80.6763
428.7,-0.000414509,80.6762
428.75,-0.00040773,80.6762
428.8,-0.000407597,80.6762
428.85,-0.00040576,80.6762
428.9,-0.000411837,80.6762
428.95,-0.000404023,80.6761
429.0,-0.000415377,80.6761
429.05,-0.000408865,80.6761
429.1,-0.000412105,80.6761
429.15,-0.00042446,80.6761
429.2,-0.000424961,80.676
429.25,-0.000420787,80.676
429.3,-0.00042456,80.676
429.35,-0.000422356,80.676
429.4,-0.000412939,80.6759
429.45,-0.000414809,80.6759
429.5,-0.00041127,80.6759
429.55,-0.000412639,80.6759
429.6,-0.000406227,80.6759
429.65,-0.000402688,80.6758
429.7,-0.00041127,80.6758
429.75,-0.000405493,80.6758
429.8,-0.000405025,80.6758
429.85,-0.000409133,80.6758
429.9,-0.000419485,80.6758
429.95,-0.000417481,80.6757
430.0,-0.000415811,80.6757
430.05,-0.000412004,80.6757
430.1,-0.000416546,80.6757
430.15,-0.000426597,80.6756
430.2,-0.000426697,80.6756
430.25,-0.000421855,80.6756
430.3,-0.00041698,80.6756
430.35,-0.000424326,80.6756
430.4,-0.000423859,80.6755
430.45,-0.000415945,80.6755
430.5,-0.000418015,80.6755
430.55,-0.000421388,80.6755
430.6,-0.000427299,80.6755
430.65,-0.000429068,80.6754
430.7,-0.00042603,80.6754
430.75,-0.000420653,80.6754
430.8,-0.000419885,80.6754
430.85,-0.000420753,80.6753
430.9,-0.000426363,80.6753
430.95,-0.000425095,80.6753
431.0,-0.000427933,80.6753
431.05,-0.000423024,80.6753
431.1,-0.000416613,80.6752
431.15,-0.00042436,80.6752
431.2,-0.000417815,80.6752
431.25,-0.000423425,80.6752
431.3,-0.000431339,80.6752
431.35,-0.000433877,80.6751
431.4,-0.000429202,80.6751
431.45,-0.000418549,80.6751
431.5,-0.000419251,80.6751
431.55,-0.000418115,80.675
431.6,-0.000419451,80.675
431.65,-0.000439186,80.675
431.7,-0.000431773,80.675
431.75,-0.00043017,80.675
431.8,-0.000427232,80.6749
431.85,-0.000441056,80.6749
431.9,-0.000435814,80.6749
431.95,-0.000425762,80.6749
432.0,-0.000426564,80.6749
432.05,-0.000431506,80.6748
432.1,-0.000425529,80.6748
432.15,-0.000429937,80.6748
432.2,-0.000433142,80.6748
432.25,-0.000432007,80.6748
432.3,-0.000436515,80.6747
432.35,-0.000432808,80.6747
432.4,-0.000430337,80.6747
432.45,-0.000423191,80.6747
432.5,-0.000422456,80.6746
432.55,-0.000434211,80.6746
432.6,-0.000434044,80.6746
432.65,-0.000429502,80.6746
432.7,-0.000429402,80.6746
432.75,-0.000425963,80.6745
432.8,-0.000425095,80.6745
432.85,-0.000423525,80.6745
432.9,-0.000422056,80.6745
432.95,-0.000429736,80.6744
433.0,-0.000424794,80.6744
433.05,-0.000431139,80.6744
433.1,-0.000416679,80.6744
433.15,-0.000422957,80.6744
433.2,-0.000421789,80.6743
433.25,-0.000417548,80.6743
433.3,-0.000418817,80.6743
433.35,-0.000417915,80.6743
433.4,-0.000426497,80.6743
433.45,-0.000430237,80.6742
433.5,-0.000426898,80.6742
433.55,-0.000418616,80.6742
433.6,-0.000411871,80.6742
433.65,-0.000410736,80.6742
433.7,-0.000407763,80.6741
433.75,-0.000417681,80.6741
433.8,-0.000419618,80.6741
433.85,-0.000423291,80.6741
433.9,-0.000418383,80.674
433.95,-0.000422623,80.674
434.0,-0.000416145,80.674
434.05,-0.000422056,80.674
434.1,-0.000424627,80.674
434.15,-0.000421221,80.6739
434.2,-0.000423592,80.6739
434.25,-0.000418416,80.6739
434.3,-0.000426697,80.6739
434.35,-0.000426163,80.6739
434.4,-0.00042092,80.6738
434.45,-0.000430972,80.6738
434.5,-0.00043558,80.6738
434.55,-0.000425963,80.6738
434.6,-0.000437083,80.6738
434.65,-0.000421121,80.6737
434.7,-0.000424427,80.6737
434.75,-0.000432007,80.6737
434.8,-0.000427198,80.6737
434.85,-0.000425896,80.6736
434.9,-0.000429469,80.6736
434.95,-0.000432975,80.6736
435.0,-0.00043194,80.6736
435.05,-0.000423191,80.6736
435.1,-0.000427566,80.6735
435.15,-0.000425529,80.6735
435.2,-0.000431573,80.6735
435.25,-0.000441891,80.6735
435.3,-0.000433877,80.6735
435.35,-0.000428334,80.6734
435.4,-0.000434612,80.6734
435.45,-0.000429603,80.6734
435.5,-0.000435714,80.6734
435.55,-0.000433109,80.6733
435.6,-0.000434578,80.6733
435.65,-0.000427532,80.6733
435.7,-0.000420553,80.6733
435.75,-0.000427031,80.6733
435.8,-0.000423725,80.6732
435.85,-0.000429302,80.6732
435.9,-0.000431205,80.6732
435.95,-0.000426965,80.6732
436.0,-0.000435112,80.6731
436.05,-0.000437149,80.6731
436.1,-0.00043361,80.6731
436.15,-0.000431272,80.6731
436.2,-0.000425696,80.6731
436.25,-0.000432207,80.673
436.3,-0.000431205,80.673
436.35,-0.000433109,80.673
436.4,-0.000421755,80.673
436.45,-0.000424493,80.673
436.5,-0.000432675,80.6729
436.55,-0.000433343,80.6729
436.6,-0.000430872,80.6729
436.65,-0.000428,80.6729
436.7,-0.000434411,80.6729
436.75,-0.00042977,80.6728
436.8,-0.000432207,80.6728
436.85,-0.000438018,80.6728
436.9,-0.000432909,80.6728
436.95,-0.000432207,80.6727
437.0,-0.000431773,80.6727
437.05,-0.000428267,80.6727
437.1,-0.000431606,80.6727
437.15,-0.000428935,80.6727
437.2,-0.000425061,80.6726
437.25,-0.000434578,80.6726
437.3,-0.000435547,80.6726
437.35,-0.000419451,80.6726
437.4,-0.000418783,80.6725
437.45,-0.000418383,80.6725
437.5,-0.000419485,80.6725
437.55,-0.000416312,80.6725
437.6,-0.000423625,80.6725
437.65,-0.000420954,80.6724
437.7,-0.000414809,80.6724
437.75,-0.000421588,80.6724
437.8,-0.000412105,80.6724
437.85,-0.00041117,80.6724
437.9,-0.000411871,80.6723
437.95,-0.000411236,80.6723
438.0,-0.000410769,80.6723
438.05,-0.000418082,80.6723
438.1,-0.000407763,80.6723
438.15,-0.00040409,80.6722
438.2,-0.000403122,80.6722
438.25,-0.000404257,80.6722
438.3,-0.000405593,80.6722
438.35,-0.000413006,80.6722
438.4,-0.000422089,80.6721
438.45,-0.000426631,80.6721
438.5,-0.000424293,80.6721
438.55,-0.000422022,80.6721
438.6,-0.000420553,80.6721
438.65,-0.000424427,80.672
438.7,-0.000418984,80.672
438.75,-0.000429168,80.672
438.8,-0.000421455,80.672
438.85,-0.000415611,80.6719
438.9,-0.000415644,80.6719
438.95,-0.000404892,80.6719
439.0,-0.000417815,80.6719
439.05,-0.0004095,80.6719
439.1,-0.000417347,80.6718
439.15,-0.000418549,80.6718
439.2,-0.000422724,80.6718
439.25,-0.000422924,80.6718
439.3,-0.000421989,80.6718
439.35,-0.000417514,80.6717
439.4,-0.000418015,80.6717
439.45,-0.000422356,80.6717
439.5,-0.000420854,80.6717
439.55,-0.000421855,80.6717
439.6,-0.000415277,80.6716
439.65,-0.000415744,80.6716
439.7,-0.000415244,80.6716
439.75,-0.000412672,80.6716
439.8,-0.000411837,80.6715
439.85,-0.00041531,80.6715
439.9,-0.000422022,80.6715
439.95,-0.000423759,80.6715
440.0,-0.000421855,80.6715
440.05,-0.000433543,80.6714
440.1,-0.000415845,80.6714
440.15,-0.000419785,80.6714
440.2,-0.000415043,80.6714
440.25,-0.000411837,80.6714
440.3,-0.000410301,80.6713
440.35,-0.00040793,80.6713
440.4,-0.000406161,80.6713
440.45,-0.000399716,80.6713
440.5,-0.000404124,80.6713
440.55,-0.000408198,80.6712
440.6,-0.000410235,80.6712
440.65,-0.000405693,80.6712
440.7,-0.000405459,80.6712
440.75,-0.000411537,80.6712
440.8,-0.000405693,80.6711
440.85,-0.000416212,80.6711
440.9,-0.000417648,80.6711
440.95,-0.000419184,80.6711
441.0,-0.000409467,80.6711
441.05,-0.000419651,80.671
441.1,-0.000422156,80.671
441.15,-0.000420286,80.671
441.2,-0.00042653,80.671
441.25,-0.000423225,80.6709
441.3,-0.000418416,80.6709
441.35,-0.000408298,80.6709
441.4,-0.000408632,80.6709
441.45,-0.000399883,80.6709
441.5,-0.000414142,80.6708
441.55,-0.000411938,80.6708
441.6,-0.000405092,80.6708
441.65,-0.000403556,80.6708
441.7,-0.000398747,80.6708
441.75,-0.000414409,80.6707
441.8,-0.000403422,80.6707
441.85,-0.000408365,80.6707
441.9,-0.00041885,80.6707
441.95,-0.000412238,80.6707
442.0,-0.000408097,80.6706
442.05,-0.000410836,80.6706
442.1,-0.000418015,80.6706
442.15,-0.000414242,80.6706
442.2,-0.00042239,80.6706
442.25,-0.000411537,80.6705
442.3,-0.000412272,80.6705
442.35,-0.000415644,80.6705
442.4,-0.00042092,80.6705
442.45,-0.000422189,80.6705
442.5,-0.000416179,80.6704
442.55,-0.000411637,80.6704
442.6,-0.000415477,80.6704
442.65,-0.000407196,80.6704
442.7,-0.000412272,80.6703
442.75,-0.000424894,80.6703
442.8,-0.000419151,80.6703
442.85,-0.000419485,80.6703
442.9,-0.000425829,80.6703
442.95,-0.000421288,80.6702
443.0,-0.000434311,80.6702
443.05,-0.000434278,80.6702
443.1,-0.000428901,80.6702
443.15,-0.000440222,80.6702
443.2,-0.000432107,80.6701
443.25,-0.000436515,80.6701
443.3,-0.000435747,80.6701
443.35,-0.000440723,80.6701
443.4,-0.000439921,80.6701
443.45,-0.000425028,80.67
443.5,-0.000420119,80.67
443.55,-0.000426464,80.67
443.6,-0.000420787,80.67
443.65,-0.000416479,80.6699
443.7,-0.000413841,80.6699
443.75,-0.000417882,80.6699
443.8,-0.000416212,80.6699
443.85,-0.000423959,80.6699
443.9,-0.000422123,80.6698
443.95,-0.000418683,80.6698
444.0,-0.000415143,80.6698
444.05,-0.000418583,80.6698
444.1,-0.000415244,80.6698
444.15,-0.000423826,80.6697
444.2,-0.000419084,80.6697
444.25,-0.000419217,80.6697
444.3,-0.000419351,80.6697
444.35,-0.000417715,80.6696
444.4,-0.00042436,80.6696
444.45,-0.000415878,80.6696
444.5,-0.000411103,80.6696
444.55,-0.000418115,80.6696
444.6,-0.000414342,80.6695
444.65,-0.000417648,80.6695
444.7,-0.000418683,80.6695
444.75,-0.000430604,80.6695
444.8,-0.000436348,80.6695
444.85,-0.000436649,80.6694
444.9,-0.000427699,80.6694
444.95,-0.000427299,80.6694
445.0,-0.000429803,80.6694
445.05,-0.000431239,80.6693
445.1,-0.000433877,80.6693
445.15,-0.00043204,80.6693
445.2,-0.00043578,80.6693
445.25,-0.000425328,80.6693
445.3,-0.00042436,80.6692
445.35,-0.000430137,80.6692
445.4,-0.000418249,80.6692
445.45,-0.000415811,80.6692
445.5,-0.000419217,80.6692
445.55,-0.000421154,80.6691
445.6,-0.000419318,80.6691
445.65,-0.000418282,80.6691
445.7,-0.000423926,80.6691
445.75,-0.0004094,80.6691
445.8,-0.000414476,80.669
445.85,-0.0004095,80.669
445.9,-0.000411103,80.669
445.95,-0.000412772,80.669
446.0,-0.000414476,80.669
446.05,-0.000415477,80.6689
446.1,-0.000408365,80.6689
446.15,-0.000410201,80.6689
446.2,-0.000405827,80.6689
446.25,-0.000411437,80.6689
446.3,-0.000408632,80.6688
446.35,-0.000414609,80.6688
446.4,-0.000420253,80.6688
446.45,-0.000411871,80.6688
446.5,-0.000419818,80.6687
446.55,-0.000411804,80.6687
446.6,-0.000402421,80.6687
446.65,-0.0004098,80.6687
446.7,-0.000409266,80.6687
446.75,-0.00040793,80.6686
446.8,-0.000413541,80.6686
446.85,-0.00042072,80.6686
446.9,-0.000417247,80.6686
446.95,-0.000419952,80.6686
447.0,-0.000421188,80.6685
447.05,-0.000416112,80.6685
447.1,-0.000411904,80.6685
447.15,-0.000413975,80.6685
447.2,-0.000415077,80.6685
447.25,-0.000420553,80.6684
447.3,-0.000421655,80.6684
447.35,-0.000417114,80.6684
447.4,-0.000408498,80.6684
447.45,-0.000405393,80.6684
447.5,-0.000398213,80.6683
447.55,-0.000402153,80.6683
447.6,-0.000397846,80.6683
447.65,-0.000407363,80.6683
447.7,-0.000405025,80.6683
447.75,-0.000405192,80.6682
447.8,-0.000403556,80.6682
447.85,-0.000413908,80.6682
447.9,-0.000418182,80.6682
447.95,-0.00041865,80.6682
448.0,-0.000417648,80.6681
448.05,-0.000415544,80.6681
448.1,-0.000417615,80.6681
448.15,-0.000419919,80.6681
448.2,-0.000413507,80.668
448.25,-0.000410368,80.668
448.3,-0.000409066,80.668
448.35,-0.000412138,80.668
448.4,-0.000413774,80.668
448.45,-0.000410869,80.6679
448.5,-0.000417848,80.6679
448.55,-0.000415411,80.6679
448.6,-0.000419217,80.6679
448.65,-0.000416078,80.6679
448.7,-0.000409567,80.6678
448.75,-0.000414242,80.6678
448.8,-0.000408532,80.6678
448.85,-0.000402721,80.6678
448.9,-0.000406995,80.6678
448.95,-0.000401719,80.6677
449.0,-0.000399816,80.6677
449.05,-0.00040556,80.6677
449.1,-0.000406495,80.6677
449.15,-0.000406094,80.6677
449.2,-0.000406528,80.6676
449.25,-0.000407563,80.6676
449.3,-0.000395542,80.6676
449.35,-0.000400818,80.6676
449.4,-0.000397044,80.6676
449.45,-0.000397913,80.6675
449.5,-0.000395475,80.6675
449.55,-0.000397779,80.6675
449.6,-0.000397412,80.6675
449.65,-0.000398614,80.6675
449.7,-0.000401619,80.6674
449.75,-0.000391601,80.6674
449.8,-0.000393705,80.6674
449.85,-0.000396477,80.6674
449.9,-0.00039858,80.6674
449.95,-0.000394306,80.6673
450.0,-0.000396276,80.6673
450.05,-0.000402087,80.6673
450.1,-0.000407763,80.6673
450.15,-0.000406895,80.6673
450.2,-0.000406428,80.6672
450.25,-0.000403356,80.6672
450.3,-0.000406161,80.6672
450.35,-0.00040419,80.6672
450.4,-0.000407029,80.6672
450.45,-0.000412238,80.6671
450.5,-0.000406662,80.6671
450.55,-0.0004098,80.6671
450.6,-0.000410368,80.6671
450.65,-0.0004095,80.6671
450.7,-0.000414809,80.667
450.75,-0.000414542,80.667
450.8,-0.000414008,80.667
450.85,-0.000406829,80.667
450.9,-0.000411771,80.667
450.95,-0.00041117,80.6669
451.0,-0.000404524,80.6669
451.05,-0.000400484,80.6669
451.1,-0.00040399,80.6669
451.15,-0.000410268,80.6668
451.2,-0.000417648,80.6668
451.25,-0.000412505,80.6668
451.3,-0.000402988,80.6668
451.35,-0.000397979,80.6668
451.4,-0.000412672,80.6667
451.45,-0.00041491,80.6667
451.5,-0.000411036,80.6667
451.55,-0.000411003,80.6667
451.6,-0.000416045,80.6667
451.65,-0.000408532,80.6666
451.7,-0.0004096,80.6666
451.75,-0.00042259,80.6666
451.8,-0.000423024,80.6666
451.85,-0.000415043,80.6666
451.9,-0.000421021,80.6665
451.95,-0.000419919,80.6665
452.0,-0.000422423,80.6665
452.05,-0.000425161,80.6665
452.1,-0.000420787,80.6665
452.15,-0.000421688,80.6664
452.2,-0.000423525,80.6664
452.25,-0.000425228,80.6664
452.3,-0.000408966,80.6664
452.35,-0.000410635,80.6664
452.4,-0.000421922,80.6663
452.45,-0.000419551,80.6663
452.5,-0.000432274,80.6663
452.55,-0.000421188,80.6663
452.6,-0.000425595,80.6662
452.65,-0.000423592,80.6662
452.7,-0.000425362,80.6662
452.75,-0.000423391,80.6662
452.8,-0.000417982,80.6662
452.85,-0.000416913,80.6661
452.9,-0.000401052,80.6661
452.95,-0.000402454,80.6661
453.0,-0.000407129,80.6661
453.05,-0.000404524,80.6661
453.1,-0.000408632,80.666
453.15,-0.000412205,80.666
453.2,-0.000411203,80.666
453.25,-0.000408164,80.666
453.3,-0.000408031,80.666
453.35,-0.000402153,80.6659
453.4,-0.000418483,80.6659
453.45,-0.000424293,80.6659
453.5,-0.0004094,80.6659
453.55,-0.000408699,80.6659
453.6,-0.000403389,80.6658
453.65,-0.000402654,80.6658
453.7,-0.000410802,80.6658
453.75,-0.000397979,80.6658
453.8,-0.000397144,80.6658
453.85,-0.000406995,80.6657
453.9,-0.000403322,80.6657
453.95,-0.000401719,80.6657
454.0,-0.000400484,80.6657
454.05,-0.000397245,80.6656
454.1,-0.000400751,80.6656
454.15,-0.000392002,80.6656
454.2,-0.000407229,80.6656
454.25,-0.000405159,80.6656
454.3,-0.000415811,80.6656
454.35,-0.000404992,80.6655
454.4,-0.000410001,80.6655
454.45,-0.0004093,80.6655
454.5,-0.000409333,80.6655
454.55,-0.000401853,80.6655
454.6,-0.000406962,80.6654
454.65,-0.000405426,80.6654
454.7,-0.000404124,80.6654
454.75,-0.000410001,80.6654
454.8,-0.000405593,80.6653
454.85,-0.00042062,80.6653
454.9,-0.000417214,80.6653
454.95,-0.000407663,80.6653
455.0,-0.000412038,80.6653
455.05,-0.000413908,80.6652
455.1,-0.00041314,80.6652
455.15,-0.000396376,80.6652
455.2,-0.0003911,80.6652
455.25,-0.000395074,80.6652
455.3,-0.000391334,80.6651
455.35,-0.000401319,80.6651
455.4,-0.000386726,80.6651
455.45,-0.000399449,80.6651
455.5,-0.000397144,80.6651
455.55,-0.000397746,80.665
455.6,-0.00039267,80.665
455.65,-0.000401385,80.665
455.7,-0.000397779,80.665
455.75,-0.000408598,80.665
455.8,-0.000410502,80.6649
455.85,-0.000412372,80.6649
455.9,-0.000410001,80.6649
455.95,-0.00041117,80.6649
456.0,-0.000408598,80.6649
456.05,-0.000402888,80.6648
456.1,-0.00040596,80.6648
456.15,-0.00040015,80.6648
456.2,-0.000395341,80.6648
456.25,-0.000402654,80.6648
456.3,-0.000401352,80.6647
456.35,-0.00039641,80.6647
456.4,-0.000398547,80.6647
456.45,-0.00040379,80.6647
456.5,-0.000399783,80.6647
456.55,-0.000369829,80.6646
456.6,-0.000379847,80.6646
456.65,-0.000400985,80.6646
456.7,-0.000398113,80.6646
456.75,-0.000401218,80.6646
456.8,-0.000401385,80.6645
456.85,-0.000396477,80.6645
456.9,-0.000381951,80.6645
456.95,-0.000383353,80.6645
457.0,-0.000387394,80.6645
457.05,-0.000392403,80.6645
457.1,-0.000393171,80.6644
457.15,-0.000399148,80.6644
457.2,-0.000395508,80.6644
457.25,-0.000388262,80.6644
457.3,-0.000394039,80.6644
457.35,-0.000396911,80.6643
457.4,-0.000395041,80.6643
457.45,-0.000396944,80.6643
457.5,-0.00039828,80.6643
457.55,-0.000394373,80.6643
457.6,-0.000383453,80.6642
457.65,-0.000396076,80.6642
457.7,-0.000394106,80.6642
457.75,-0.000388963,80.6642
457.8,-0.000384188,80.6642
457.85,-0.000393104,80.6641
457.9,-0.000395475,80.6641
457.95,-0.000396877,80.6641
458.0,-0.000401552,80.6641
458.05,-0.000395909,80.6641
458.1,-0.000388562,80.664
458.15,-0.000388229,80.664
458.2,-0.000387794,80.664
458.25,-0.000392603,80.664
458.3,-0.000394974,80.664
458.35,-0.000395108,80.6639
458.4,-0.000399816,80.6639
458.45,-0.000406728,80.6639
458.5,-0.000415043,80.6639
458.55,-0.000414776,80.6639
458.6,-0.000404925,80.6638
458.65,-0.000408465,80.6638
458.7,-0.000398981,80.6638
458.75,-0.000399616,80.6638
458.8,-0.000399582,80.6638
458.85,-0.000393304,80.6637
458.9,-0.000405159,80.6637
458.95,-0.000387895,80.6637
459.0,-0.000393939,80.6637
459.05,-0.000412004,80.6637
459.1,-0.00039828,80.6636
459.15,-0.000392136,80.6636
459.2,-0.000394239,80.6636
459.25,-0.000396076,80.6636
459.3,-0.000391568,80.6636
459.35,-0.00038933,80.6635
459.4,-0.000391134,80.6635
459.45,-0.000386091,80.6635
459.5,-0.000393438,80.6635
459.55,-0.000391568,80.6635
459.6,-0.000406027,80.6634
459.65,-0.00040369,80.6634
459.7,-0.00040045,80.6634
459.75,-0.000417982,80.6634
459.8,-0.000420152,80.6634
459.85,-0.000412205,80.6633
459.9,-0.000416279,80.6633
459.95,-0.000430571,80.6633
460.0,-0.000418683,80.6633
460.05,-0.000419518,80.6633
460.1,-0.000416646,80.6632
460.15,-0.000411737,80.6632
460.2,-0.000412305,80.6632
460.25,-0.00041501,80.6632
460.3,-0.000407463,80.6631
460.35,-0.000404324,80.6631
460.4,-0.00040783,80.6631
460.45,-0.000401218,80.6631
460.5,-0.000411837,80.6631
460.55,-0.000405059,80.663
460.6,-0.00040743,80.663
460.65,-0.000403422,80.663
460.7,-0.000406795,80.663
460.75,-0.000409533,80.663
460.8,-0.000410569,80.6629
460.85,-0.000413173,80.6629
460.9,-0.000414843,80.6629
460.95,-0.000410034,80.6629
461.0,-0.000406094,80.6629
461.05,-0.000414509,80.6628
461.1,-0.000416746,80.6628
461.15,-0.000413374,80.6628
461.2,-0.000420286,80.6628
461.25,-0.000426597,80.6628
461.3,-0.00042279,80.6627
461.35,-0.000425161,80.6627
461.4,-0.000418149,80.6627
461.45,-0.000410802,80.6627
461.5,-0.000411136,80.6627
461.55,-0.000414409,80.6626
461.6,-0.000413708,80.6626
461.65,-0.000408532,80.6626
461.7,-0.000408298,80.6626
461.75,-0.000411904,80.6626
461.8,-0.000407463,80.6625
461.85,-0.000415244,80.6625
461.9,-0.00041117,80.6625
461.95,-0.000414242,80.6625
462.0,-0.000408498,80.6624
462.05,-0.00041905,80.6624
462.1,-0.000415578,80.6624
462.15,-0.000404658,80.6624
462.2,-0.000416312,80.6624
462.25,-0.00042082,80.6623
462.3,-0.000429502,80.6623
462.35,-0.000424894,80.6623
462.4,-0.000415611,80.6623
462.45,-0.000421221,80.6623
462.5,-0.00042092,80.6622
462.55,-0.000419151,80.6622
462.6,-0.000417781,80.6622
462.65,-0.000427299,80.6622
462.7,-0.000428367,80.6622
462.75,-0.000433543,80.6621
462.8,-0.000424193,80.6621
462.85,-0.00042416,80.6621
462.9,-0.000432341,80.6621
462.95,-0.000433242,80.662
463.0,-0.000429603,80.662
463.05,-0.000424894,80.662
463.1,-0.000425896,80.662
463.15,-0.000424293,80.662
463.2,-0.000416045,80.6619
463.25,-0.000419151,80.6619
463.3,-0.000418917,80.6619
463.35,-0.000427232,80.6619
463.4,-0.000427332,80.6619
463.45,-0.000425762,80.6618
463.5,-0.000419785,80.6618
463.55,-0.000417948,80.6618
463.6,-0.000425328,80.6618
463.65,-0.000423325,80.6618
463.7,-0.000433176,80.6617
463.75,-0.000434678,80.6617
463.8,-0.000423492,80.6617
463.85,-0.000418349,80.6617
463.9,-0.000426497,80.6616
463.95,-0.000422924,80.6616
464.0,-0.000423325,80.6616
464.05,-0.00041324,80.6616
464.1,-0.000416713,80.6616
464.15,-0.000424427,80.6615
464.2,-0.000408966,80.6615
464.25,-0.000410435,80.6615
464.3,-0.000417715,80.6615
464.35,-0.000415244,80.6615
464.4,-0.000419685,80.6614
464.45,-0.00043174,80.6614
464.5,-0.000428835,80.6614
464.55,-0.000433042,80.6614
464.6,-0.000430104,80.6613
464.65,-0.000428868,80.6613
464.7,-0.000426597,80.6613
464.75,-0.000426697,80.6613
464.8,-0.000423158,80.6613
464.85,-0.000422056,80.6612
464.9,-0.000407663,80.6612
464.95,-0.000418683,80.6612
465.0,-0.000422456,80.6612
465.05,-0.000419451,80.6612
465.1,-0.000408765,80.6611
465.15,-0.000425161,80.6611
465.2,-0.000419885,80.6611
465.25,-0.000418316,80.6611
465.3,-0.000412572,80.6611
465.35,-0.000423826,80.661
465.4,-0.000424861,80.661
465.45,-0.000417681,80.661
465.5,-0.000417648,80.661
465.55,-0.0004284,80.6609
465.6,-0.000419752,80.6609
465.65,-0.000419485,80.6609
465.7,-0.000417848,80.6609
465.75,-0.000410335,80.6609
465.8,-0.000417648,80.6608
465.85,-0.00042239,80.6608
465.9,-0.00041895,80.6608
465.95,-0.000417147,80.6608
466.0,-0.000412505,80.6608
466.05,-0.000424226,80.6607
466.1,-0.000428267,80.6607
466.15,-0.000428734,80.6607
466.2,-0.000425863,80.6607
466.25,-0.000433176,80.6607
466.3,-0.00042997,80.6606
466.35,-0.000432274,80.6606
466.4,-0.000430671,80.6606
466.45,-0.000428167,80.6606
466.5,-0.000423592,80.6605
466.55,-0.000427933,80.6605
466.6,-0.000425428,80.6605
466.65,-0.000428768,80.6605
466.7,-0.000425562,80.6605
466.75,-0.000424794,80.6604
466.8,-0.000425228,80.6604
466.85,-0.000421822,80.6604
466.9,-0.000435446,80.6604
466.95,-0.000433409,80.6604
467.0,-0.000433543,80.6603
467.05,-0.000432174,80.6603
467.1,-0.000436415,80.6603
467.15,-0.000440856,80.6603
467.2,-0.000440923,80.6602
467.25,-0.000433343,80.6602
467.3,-0.000435947,80.6602
467.35,-0.000432007,80.6602
467.4,-0.000432107,80.6602
467.45,-0.000437684,80.6601
467.5,-0.000443995,80.6601
467.55,-0.000431139,80.6601
467.6,-0.000431606,80.6601
467.65,-0.000431272,80.66
467.7,-0.000437149,80.66
467.75,-0.000437684,80.66
467.8,-0.000430571,80.66
467.85,-0.000436047,80.66
467.9,-0.000437483,80.6599
467.95,-0.000436982,80.6599
468.0,-0.000437216,80.6599
468.05,-0.000434144,80.6599
468.1,-0.000429269,80.6599
468.15,-0.000426898,80.6598
468.2,-0.000434344,80.6598
468.25,-0.000434612,80.6598
468.3,-0.000429937,80.6598
468.35,-0.000430972,80.6597
468.4,-0.000429736,80.6597
468.45,-0.000425729,80.6597
468.5,-0.000429135,80.6597
468.55,-0.000423391,80.6597
468.6,-0.000419551,80.6596
468.65,-0.000412405,80.6596
468.7,-0.000417615,80.6596
468.75,-0.000427132,80.6596
468.8,-0.0004284,80.6596
468.85,-0.00042229,80.6595
468.9,-0.000426631,80.6595
468.95,-0.000430838,80.6595
469.0,-0.00042229,80.6595
469.05,-0.00042603,80.6594
469.1,-0.000417047,80.6594
469.15,-0.000414175,80.6594
469.2,-0.000414943,80.6594
469.25,-0.000423325,80.6594
469.3,-0.000419651,80.6593
469.35,-0.000431606,80.6593
469.4,-0.000425362,80.6593
469.45,-0.000411069,80.6593
469.5,-0.000412205,80.6593
469.55,-0.000419151,80.6592
469.6,-0.00043007,80.6592
469.65,-0.000425662,80.6592
469.7,-0.000424093,80.6592
469.75,-0.000426965,80.6592
469.8,-0.000432141,80.6591
469.85,-0.000432541,80.6591
469.9,-0.000430037,80.6591
469.95,-0.000423492,80.6591
470.0,-0.00042603,80.659
470.05,-0.000419618,80.659
470.1,-0.000418549,80.659
470.15,-0.000427365,80.659
470.2,-0.00042643,80.659
470.25,-0.000429669,80.6589
470.3,-0.000424994,80.6589
470.35,-0.000425796,80.6589
470.4,-0.000423625,80.6589
470.45,-0.000434779,80.6589
470.5,-0.000435313,80.6588
470.55,-0.000428067,80.6588
470.6,-0.000408865,80.6588
470.65,-0.000373402,80.6588
470.7,-0.00032959,80.6588
470.75,-0.000351262,80.6587
470.8,-0.000349192,80.6587
470.85,-0.000348624,80.6587
470.9,-0.000337037,80.6587
470.95,-0.000332996,80.6587
471.0,-0.000354969,80.6587
471.05,-0.00036482,80.6586
471.1,-0.00036325,80.6586
471.15,-0.000360746,80.6586
471.2,-0.000362616,80.6586
471.25,-0.000365955,80.6586
471.3,-0.000385657,80.6585
471.35,-0.000376207,80.6585
471.4,-0.00038135,80.6585
471.45,-0.000391034,80.6585
471.5,-0.000399716,80.6585
471.55,-0.000403022,80.6584
471.6,-0.000408832,80.6584
471.65,-0.000406895,80.6584
471.7,-0.00041127,80.6584
471.75,-0.000394206,80.6584
471.8,-0.00039671,80.6583
471.85,-0.000374437,80.6583
471.9,-0.000160688,80.6583
471.95,-0.000222432,80.6583
472.0,-0.000219159,80.6583
472.05,-0.000235422,80.6583
472.1,-0.000232049,80.6583
472.15,-0.000240798,80.6583
472.2,-0.000238193,80.6582
472.25,-0.000276529,80.6582
472.3,-0.000326652,80.6582
472.35,-0.000355436,80.6582
472.4,-0.000341879,80.6582
472.45,-0.000330859,80.6582
472.5,-0.000323312,80.6581
472.55,-0.000316333,80.6581
472.6,-0.00031837,80.6581
472.65,-0.000330124,80.6581
472.7,-0.000322411,80.6581
472.75,-0.000330225,80.6581
472.8,-0.000332161,80.6581
472.85,-0.000337037,80.658
472.9,-0.000328588,80.658
472.95,-0.000305848,80.658
473.0,-0.000308653,80.658
473.05,-0.000320908,80.658
473.1,-0.000324681,80.658
473.15,-0.000319806,80.6579
473.2,-0.000324181,80.6579
473.25,-0.000330959,80.6579
473.3,-0.000345752,80.6579
473.35,-0.000233819,80.6579
473.4,-0.000317903,80.6579
473.45,-0.000331727,80.6578
473.5,-0.000338105,80.6578
473.55,-0.000328021,80.6578
473.6,-0.00034248,80.6578
473.65,-0.000339975,80.6578
473.7,-0.000330024,80.6578
473.75,-0.000327787,80.6577
473.8,-0.000333197,80.6577
473.85,-0.000324347,80.6577
473.9,-0.000326251,80.6577
473.95,-0.000328722,80.6577
474.0,-0.000344317,80.6577
474.05,-0.000347122,80.6576
474.1,-0.000334499,80.6576
474.15,-0.00034081,80.6576
474.2,-0.000349225,80.6576
474.25,-0.000352431,80.6576
474.3,-0.000359243,80.6576
474.35,-0.000354802,80.6575
474.4,-0.000352698,80.6575
474.45,-0.000360445,80.6575
474.5,-0.000350094,80.6575
474.55,-0.000352565,80.6575
474.6,-0.000363818,80.6575
474.65,-0.000347789,80.6574
474.7,-0.000358609,80.6574
474.75,-0.000360579,80.6574
474.8,-0.000353934,80.6574
474.85,-0.000352164,80.6574
474.9,-0.000364453,80.6573
474.95,-0.000361247,80.6573
475.0,-0.00034612,80.6573
475.05,-0.000331393,80.6573
475.1,-0.000335601,80.6573
475.15,-0.000327052,80.6573
475.2,-0.000335701,80.6572
475.25,-0.000343348,80.6572
475.3,-0.000376174,80.6572
475.35,-0.000376808,80.6572
475.4,-0.000376808,80.6572
475.45,-0.000369896,80.6572
475.5,-0.000352598,80.6571
475.55,-0.000365521,80.6571
475.6,-0.000364453,80.6571
475.65,-0.000370063,80.6571
475.7,-0.000370363,80.6571
475.75,-0.000370096,80.657
475.8,-0.000373602,80.657
475.85,-0.000369061,80.657
475.9,-0.000375906,80.657
475.95,-0.000389798,80.657
476.0,-0.000374838,80.6569
476.05,-0.000374804,80.6569
476.1,-0.000390165,80.6569
476.15,-0.000384956,80.6569
476.2,-0.000392269,80.6569
476.25,-0.0003909,80.6569
476.3,-0.000375205,80.6568
476.35,-0.000388028,80.6568
476.4,-0.000387961,80.6568
476.45,-0.000392937,80.6568
476.5,-0.000405593,80.6568
476.55,-0.000403823,80.6567
476.6,-0.000397311,80.6567
476.65,-0.000408665,80.6567
476.7,-0.000398347,80.6567
476.75,-0.000404524,80.6567
476.8,-0.000407496,80.6566
476.85,-0.000408999,80.6566
476.9,-0.000404524,80.6566
476.95,-0.000406628,80.6566
477.0,-0.000409233,80.6565
477.05,-0.00040192,80.6565
477.1,-0.000403322,80.6565
477.15,-0.000412605,80.6565
477.2,-0.000411236,80.6565
477.25,-0.00041698,80.6564
477.3,-0.000421388,80.6564
477.35,-0.000416145,80.6564
477.4,-0.000418216,80.6564
477.45,-0.000429235,80.6564
477.5,-0.000427165,80.6563
477.55,-0.00043007,80.6563
477.6,-0.000432474,80.6563
477.65,-0.000423959,80.6563
477.7,-0.000421254,80.6563
477.75,-0.000421388,80.6562
477.8,-0.000427232,80.6562
477.85,-0.000425662,80.6562
477.9,-0.000415778,80.6562
477.95,-0.000416212,80.6562
478.0,-0.000423024,80.6561
478.05,-0.000425061,80.6561
478.1,-0.000417615,80.6561
478.15,-0.000423391,80.6561
478.2,-0.000417481,80.656
478.25,-0.000417314,80.656
478.3,-0.000420052,80.656
478.35,-0.000423892,80.656
478.4,-0.000427232,80.656
478.45,-0.000433977,80.6559
478.5,-0.000427098,80.6559
478.55,-0.000420019,80.6559
478.6,-0.00042269,80.6559
478.65,-0.00042082,80.6559
478.7,-0.000426297,80.6558
478.75,-0.000421822,80.6558
478.8,-0.000416546,80.6558
478.85,-0.000415845,80.6558
478.9,-0.000410502,80.6558
478.95,-0.000408465,80.6557
479.0,-0.000411337,80.6557
479.05,-0.000408465,80.6557
479.1,-0.000398013,80.6557
479.15,-0.000407663,80.6556
479.2,-0.000408565,80.6556
479.25,-0.000408198,80.6556
479.3,-0.000410402,80.6556
479.35,-0.000415945,80.6556
479.4,-0.000421588,80.6555
479.45,-0.000415177,80.6555
479.5,-0.000414309,80.6555
479.55,-0.000418783,80.6555
479.6,-0.000412439,80.6555
479.65,-0.000410301,80.6554
479.7,-0.000410902,80.6554
479.75,-0.000414509,80.6554
479.8,-0.000423425,80.6554
479.85,-0.000425462,80.6554
479.9,-0.000419351,80.6553
479.95,-0.000408966,80.6553
480.0,-0.000416913,80.6553
480.05,-0.000423358,80.6553
480.1,-0.00042082,80.6553
480.15,-0.000415978,80.6552
480.2,-0.000409032,80.6552
480.25,-0.000407263,80.6552
480.3,-0.000423258,80.6552
480.35,-0.000411771,80.6552
480.4,-0.000419685,80.6551
480.45,-0.000417047,80.6551
480.5,-0.00042416,80.6551
480.55,-0.000422156,80.6551
480.6,-0.000422456,80.655
480.65,-0.00043548,80.655
480.7,-0.000431239,80.655
480.75,-0.000424427,80.655
480.8,-0.000420854,80.655
480.85,-0.00042239,80.6549
480.9,-0.00042643,80.6549
480.95,-0.000434011,80.6549
481.0,-0.000430137,80.6549
481.05,-0.000423926,80.6549
481.1,-0.000427933,80.6548
481.15,-0.000423926,80.6548
481.2,-0.000430638,80.6548
481.25,-0.000423592,80.6548
481.3,-0.00043361,80.6547
481.35,-0.000434111,80.6547
481.4,-0.000423859,80.6547
481.45,-0.000433944,80.6547
481.5,-0.000432474,80.6547
481.55,-0.000419084,80.6546
481.6,-0.000436548,80.6546
481.65,-0.000428701,80.6546
481.7,-0.000424226,80.6546
481.75,-0.000429335,80.6546
481.8,-0.00042416,80.6545
481.85,-0.000429836,80.6545
481.9,-0.000419117,80.6545
481.95,-0.000419151,80.6545
482.0,-0.000428668,80.6544
482.05,-0.000430972,80.6544
482.1,-0.000426096,80.6544
482.15,-0.000417147,80.6544
482.2,-0.000419217,80.6544
482.25,-0.000419084,80.6543
482.3,-0.000427866,80.6543
482.35,-0.00042239,80.6543
482.4,-0.000428,80.6543
482.45,-0.000421989,80.6543
482.5,-0.000423859,80.6542
482.55,-0.000420086,80.6542
482.6,-0.000416012,80.6542
482.65,-0.000425796,80.6542
482.7,-0.000425095,80.6542
482.75,-0.000429402,80.6541
482.8,-0.000426898,80.6541
482.85,-0.000426397,80.6541
482.9,-0.000433076,80.6541
482.95,-0.000422757,80.654
483.0,-0.000425128,80.654
483.05,-0.000426096,80.654
483.1,-0.000414242,80.654
483.15,-0.000416279,80.654
483.2,-0.000419418,80.6539
483.25,-0.00042249,80.6539
483.3,-0.000426898,80.6539
483.35,-0.000421188,80.6539
483.4,-0.000426631,80.6539
483.45,-0.000425161,80.6538
483.5,-0.00044109,80.6538
483.55,-0.000437884,80.6538
483.6,-0.000429369,80.6538
483.65,-0.000435914,80.6537
483.7,-0.000430905,80.6537
483.75,-0.000422523,80.6537
483.8,-0.000432608,80.6537
483.85,-0.000433409,80.6537
483.9,-0.000427966,80.6536
483.95,-0.000431339,80.6536
484.0,-0.000425362,80.6536
484.05,-0.00042446,80.6536
484.1,-0.000423358,80.6536
484.15,-0.000421855,80.6535
484.2,-0.000431907,80.6535
484.25,-0.000433643,80.6535
484.3,-0.000432541,80.6535
484.35,-0.000434278,80.6534
484.4,-0.000432842,80.6534
484.45,-0.000438953,80.6534
484.5,-0.000442259,80.6534
484.55,-0.000440656,80.6534
484.6,-0.000446533,80.6533
484.65,-0.000441056,80.6533
484.7,-0.000450139,80.6533
484.75,-0.000451375,80.6533
484.8,-0.000441991,80.6532
484.85,-0.000446466,80.6532
484.9,-0.000435112,80.6532
484.95,-0.000447101,80.6532
485.0,-0.000433176,80.6532
485.05,-0.000436849,80.6531
485.1,-0.000438185,80.6531
485.15,-0.000441658,80.6531
485.2,-0.000442993,80.6531
485.25,-0.000425495,80.653
485.3,-0.00043755,80.653
485.35,-0.00044316,80.653
485.4,-0.000437517,80.653
485.45,-0.000436315,80.653
485.5,-0.00043558,80.6529
485.55,-0.000430805,80.6529
485.6,-0.000434111,80.6529
485.65,-0.000424894,80.6529
485.7,-0.000422824,80.6529
485.75,-0.000436649,80.6528
485.8,-0.00043568,80.6528
485.85,-0.000438919,80.6528
485.9,-0.000435313,80.6528
485.95,-0.0004281,80.6527
486.0,-0.000429803,80.6527
486.05,-0.000429402,80.6527
486.1,-0.000419418,80.6527
486.15,-0.000430037,80.6527
486.2,-0.000430838,80.6526
486.25,-0.000436982,80.6526
486.3,-0.000443427,80.6526
486.35,-0.000432474,80.6526
486.4,-0.000433209,80.6525
486.45,-0.000427933,80.6525
486.5,-0.000423258,80.6525
486.55,-0.000427098,80.6525
486.6,-0.000428467,80.6525
486.65,-0.000428267,80.6524
486.7,-0.000431139,80.6524
486.75,-0.000432909,80.6524
486.8,-0.000421388,80.6524
486.85,-0.000417581,80.6524
486.9,-0.000414142,80.6523
486.95,-0.000413307,80.6523
487.0,-0.000414876,80.6523
487.05,-0.000407964,80.6523
487.1,-0.000413307,80.6523
487.15,-0.000408031,80.6522
487.2,-0.000408966,80.6522
487.25,-0.000416379,80.6522
487.3,-0.000405025,80.6522
487.35,-0.000416412,80.6522
487.4,-0.000414576,80.6521
487.45,-0.000410402,80.6521
487.5,-0.000405426,80.6521
487.55,-0.000402821,80.6521
487.6,-0.000419885,80.6521
487.65,-0.000425428,80.652
487.7,-0.000415878,80.652
487.75,-0.000420386,80.652
487.8,-0.000426464,80.652
487.85,-0.000424493,80.6519
487.9,-0.000428634,80.6519
487.95,-0.000424961,80.6519
488.0,-0.000426497,80.6519
488.05,-0.000421555,80.6519
488.1,-0.00042977,80.6518
488.15,-0.000418984,80.6518
488.2,-0.000414476,80.6518
488.25,-0.000426163,80.6518
488.3,-0.000417748,80.6518
488.35,-0.000415477,80.6517
488.4,-0.000419518,80.6517
488.45,-0.000423826,80.6517
488.5,-0.000425595,80.6517
488.55,-0.00042269,80.6516
488.6,-0.000418583,80.6516
488.65,-0.000421956,80.6516
488.7,-0.000422724,80.6516
488.75,-0.000424393,80.6516
488.8,-0.000426831,80.6515
488.85,-0.000434712,80.6515
488.9,-0.00044276,80.6515
488.95,-0.000430304,80.6515
489.0,-0.000425595,80.6515
489.05,-0.000433576,80.6514
489.1,-0.000430204,80.6514
489.15,-0.000433476,80.6514
489.2,-0.000429603,80.6514
489.25,-0.000443461,80.6514
489.3,-0.000437784,80.6513
489.35,-0.000430337,80.6513
489.4,-0.000420987,80.6513
489.45,-0.000430504,80.6513
489.5,-0.000428434,80.6512
489.55,-0.000425629,80.6512
489.6,-0.000438418,80.6512
489.65,-0.000427799,80.6512
489.7,-0.000442426,80.6512
489.75,-0.000436448,80.6511
489.8,-0.000435313,80.6511
489.85,-0.000435547,80.6511
489.9,-0.000429302,80.6511
489.95,-0.000427833,80.651
490.0,-0.000428434,80.651
490.05,-0.000427165,80.651
490.1,-0.000430805,80.651
490.15,-0.000433844,80.651
490.2,-0.00043922,80.6509
490.25,-0.000432742,80.6509
490.3,-0.000436882,80.6509
490.35,-0.00043932,80.6509
490.4,-0.000426297,80.6508
490.45,-0.000439353,80.6508
490.5,-0.00042613,80.6508
490.55,-0.000429168,80.6508
490.6,-0.000431306,80.6508
490.65,-0.00043174,80.6507
490.7,-0.000426664,80.6507
490.75,-0.000429736,80.6507
490.8,-0.000428567,80.6507
490.85,-0.000419217,80.6507
490.9,-0.000431339,80.6506
490.95,-0.000434044,80.6506
491.0,-0.000425295,80.6506
491.05,-0.000426965,80.6506
491.1,-0.000433844,80.6506
491.15,-0.000436916,80.6505
491.2,-0.000438485,80.6505
491.25,-0.000440121,80.6505
491.3,-0.000437316,80.6505
491.35,-0.000443594,80.6504
491.4,-0.000438886,80.6504
491.45,-0.000441023,80.6504
491.5,-0.000421455,80.6504
491.55,-0.00043381,80.6504
491.6,-0.000425696,80.6503
491.65,-0.000428167,80.6503
491.7,-0.000435947,80.6503
491.75,-0.00042416,80.6503
491.8,-0.000430003,80.6502
491.85,-0.000429135,80.6502
491.9,-0.000431439,80.6502
491.95,-0.000422323,80.6502
492.0,-0.00042997,80.6502
492.05,-0.00042456,80.6501
492.1,-0.000429636,80.6501
492.15,-0.000436815,80.6501
492.2,-0.000431406,80.6501
492.25,-0.000422523,80.6501
492.3,-0.000425963,80.65
492.35,-0.000420987,80.65
492.4,-0.000423358,80.65
492.45,-0.000414242,80.65
492.5,-0.00040566,80.6499
492.55,-0.000408732,80.6499
492.6,-0.000417013,80.6499
492.65,-0.000416412,80.6499
492.7,-0.00041531,80.6499
492.75,-0.000405025,80.6498
492.8,-0.00040596,80.6498
492.85,-0.000395174,80.6498
492.9,-0.000399081,80.6498
492.95,-0.000407329,80.6498
493.0,-0.00041531,80.6497
493.05,-0.000424093,80.6497
493.1,-0.000416078,80.6497
493.15,-0.000423358,80.6497
493.2,-0.000414809,80.6497
493.25,-0.000418316,80.6496
493.3,-0.000420586,80.6496
493.35,-0.000424126,80.6496
493.4,-0.000418549,80.6496
493.45,-0.000410635,80.6496
493.5,-0.000415511,80.6495
493.55,-0.000422456,80.6495
493.6,-0.000421922,80.6495
493.65,-0.000429068,80.6495
493.7,-0.000423826,80.6495
493.75,-0.000420319,80.6494
493.8,-0.000425061,80.6494
493.85,-0.000426697,80.6494
493.9,-0.000425262,80.6494
493.95,-0.000428367,80.6493
494.0,-0.000420186,80.6493
494.05,-0.000432341,80.6493
494.1,-0.000432909,80.6493
494.15,-0.000422924,80.6493
494.2,-0.000412873,80.6492
494.25,-0.000415411,80.6492
494.3,-0.000412138,80.6492
494.35,-0.000423258,80.6492
494.4,-0.000417247,80.6492
494.45,-0.000411437,80.6491
494.5,-0.000412272,80.6491
494.55,-0.000407663,80.6491
494.6,-0.00040743,80.6491
494.65,-0.000408732,80.6491
494.7,-0.000407763,80.649
494.75,-0.000397211,80.649
494.8,-0.000408264,80.649
494.85,-0.000409333,80.649
494.9,-0.000412806,80.6489
494.95,-0.00041718,80.6489
495.0,-0.000417347,80.6489
495.05,-0.000396477,80.6489
495.1,-0.00040399,80.6489
495.15,-0.000403857,80.6488
495.2,-0.000403589,80.6488
495.25,-0.000400217,80.6488
495.3,-0.00040419,80.6488
495.35,-0.000416312,80.6488
495.4,-0.00041718,80.6488
495.45,-0.000418483,80.6487
495.5,-0.000413975,80.6487
495.55,-0.000421655,80.6487
495.6,-0.00042426,80.6487
495.65,-0.00041344,80.6486
495.7,-0.000416112,80.6486
495.75,-0.000405393,80.6486
495.8,-0.000410201,80.6486
495.85,-0.000422022,80.6486
495.9,-0.000416112,80.6485
495.95,-0.000414309,80.6485
496.0,-0.000416145,80.6485
496.05,-0.000417514,80.6485
496.1,-0.000412105,80.6485
496.15,-0.00042279,80.6484
496.2,-0.000430571,80.6484
496.25,-0.000421021,80.6484
496.3,-0.000420586,80.6484
496.35,-0.000424026,80.6484
496.4,-0.000413541,80.6483
496.45,-0.000436415,80.6483
496.5,-0.000428601,80.6483
496.55,-0.000431907,80.6483
496.6,-0.000428067,80.6482
496.65,-0.000430304,80.6482
496.7,-0.000423659,80.6482
496.75,-0.000422056,80.6482
496.8,-0.000419217,80.6482
496.85,-0.000428067,80.6481
496.9,-0.000428801,80.6481
496.95,-0.000421555,80.6481
497.0,-0.000422757,80.6481
497.05,-0.000423058,80.6481
497.1,-0.000415544,80.648
497.15,-0.000429035,80.648
497.2,-0.000431306,80.648
497.25,-0.000430437,80.648
497.3,-0.00042653,80.6479
497.35,-0.000429603,80.6479
497.4,-0.0004282,80.6479
497.45,-0.000422456,80.6479
497.5,-0.000412138,80.6479
497.55,-0.000417915,80.6478
497.6,-0.000419117,80.6478
497.65,-0.000424627,80.6478
497.7,-0.000401552,80.6478
497.75,-0.000419718,80.6478
497.8,-0.000420854,80.6477
497.85,-0.000415511,80.6477
497.9,-0.000425262,80.6477
497.95,-0.000430271,80.6477
498.0,-0.000430938,80.6477
498.05,-0.000419685,80.6476
498.1,-0.000430337,80.6476
498.15,-0.000422223,80.6476
498.2,-0.000426363,80.6476
498.25,-0.000425161,80.6475
498.3,-0.000429937,80.6475
498.35,-0.000433242,80.6475
498.4,-0.000430972,80.6475
498.45,-0.000425963,80.6475
498.5,-0.000424126,80.6474
498.55,-0.000424126,80.6474
498.6,-0.000434779,80.6474
498.65,-0.000422824,80.6474
498.7,-0.00042446,80.6474
498.75,-0.00042062,80.6473
498.8,-0.000421555,80.6473
498.85,-0.000422623,80.6473
498.9,-0.000425696,80.6473
498.95,-0.000420753,80.6472
499.0,-0.000417681,80.6472
499.05,-0.000424861,80.6472
499.1,-0.000430671,80.6472
499.15,-0.000426297,80.6472
499.2,-0.000412873,80.6471
499.25,-0.00041147,80.6471
499.3,-0.000412238,80.6471
499.35,-0.000411236,80.6471
499.4,-0.000415544,80.6471
499.45,-0.000412372,80.647
499.5,-0.000421054,80.647
499.55,-0.000410802,80.647
499.6,-0.00040596,80.647
499.65,-0.000405125,80.647
499.7,-0.000412706,80.6469
499.75,-0.000424861,80.6469
499.8,-0.000420453,80.6469
499.85,-0.000422089,80.6469
499.9,-0.000418883,80.6469
499.95,-0.000416679,80.6468
500.0,-0.000410168,80.6468
500.05,-0.000405526,80.6468
500.1,-0.000414743,80.6468
500.15,-0.000412004,80.6467
500.2,-0.00041157,80.6467
500.25,-0.000418282,80.6467
500.3,-0.000418449,80.6467
500.35,-0.000422824,80.6467
500.4,-0.000421121,80.6466
500.45,-0.000420586,80.6466
500.5,-0.00042456,80.6466
500.55,-0.00042239,80.6466
500.6,-0.000424093,80.6466
500.65,-0.000420586,80.6465
500.7,-0.000427365,80.6465
500.75,-0.000415411,80.6465
500.8,-0.000424427,80.6465
500.85,-0.000423892,80.6465
500.9,-0.000420353,80.6464
500.95,-0.000414375,80.6464
501.0,-0.000417781,80.6464
501.05,-0.000420186,80.6464
501.1,-0.000417848,80.6463
501.15,-0.000424226,80.6463
501.2,-0.000411771,80.6463
501.25,-0.000409133,80.6463
501.3,-0.000413173,80.6463
501.35,-0.000411737,80.6462
501.4,-0.000421421,80.6462
501.45,-0.000414609,80.6462
501.5,-0.000416112,80.6462
501.55,-0.00041137,80.6462
501.6,-0.000401719,80.6461
501.65,-0.00041157,80.6461
501.7,-0.000417247,80.6461
501.75,-0.00041718,80.6461
501.8,-0.000419919,80.6461
501.85,-0.000418149,80.646
501.9,-0.000420386,80.646
501.95,-0.000409667,80.646
502.0,-0.000415177,80.646
502.05,-0.000411804,80.646
502.1,-0.000405359,80.6459
502.15,-0.000404892,80.6459
502.2,-0.000402187,80.6459
502.25,-0.000404357,80.6459
502.3,-0.000402588,80.6459
502.35,-0.00040783,80.6458
502.4,-0.00039858,80.6458
502.45,-0.000387494,80.6458
502.5,-0.000397712,80.6458
502.55,-0.000410034,80.6458
502.6,-0.000417481,80.6457
502.65,-0.000414142,80.6457
502.7,-0.000416513,80.6457
502.75,-0.000411403,80.6457
502.8,-0.000412772,80.6457
502.85,-0.00040783,80.6456
502.9,-0.000407229,80.6456
502.95,-0.000408999,80.6456
503.0,-0.000401987,80.6456
503.05,-0.000395876,80.6455
503.1,-0.000402621,80.6455
503.15,-0.000415043,80.6455
503.2,-0.000409366,80.6455
503.25,-0.000420586,80.6455
503.3,-0.000416713,80.6454
503.35,-0.000410702,80.6454
503.4,-0.000413507,80.6454
503.45,-0.000416613,80.6454
503.5,-0.000414175,80.6454
503.55,-0.000415744,80.6453
503.6,-0.000421655,80.6453
503.65,-0.00041334,80.6453
503.7,-0.000412238,80.6453
503.75,-0.000413006,80.6453
503.8,-0.00040763,80.6452
503.85,-0.000415511,80.6452
503.9,-0.000418483,80.6452
503.95,-0.000406862,80.6452
504.0,-0.000416579,80.6452
504.05,-0.000403189,80.6451
504.1,-0.000421822,80.6451
504.15,-0.000415811,80.6451
504.2,-0.000407663,80.6451
504.25,-0.000413574,80.6451
504.3,-0.000424427,80.645
504.35,-0.000420253,80.645
504.4,-0.000418149,80.645
504.45,-0.000413474,80.645
504.5,-0.000409567,80.645
504.55,-0.000407697,80.6449
504.6,-0.000423892,80.6449
504.65,-0.000423993,80.6449
504.7,-0.000423024,80.6449
504.75,-0.000417448,80.6448
504.8,-0.000415811,80.6448
504.85,-0.000423959,80.6448
504.9,-0.000421455,80.6448
504.95,-0.000419318,80.6448
505.0,-0.000419384,80.6447
505.05,-0.000425796,80.6447
505.1,-0.000415143,80.6447
505.15,-0.000413908,80.6447
505.2,-0.000421588,80.6447
505.25,-0.000417548,80.6446
505.3,-0.000408365,80.6446
505.35,-0.000419919,80.6446
505.4,-0.000412272,80.6446
505.45,-0.000413574,80.6446
505.5,-0.000423391,80.6445
505.55,-0.000416613,80.6445
505.6,-0.000413641,80.6445
505.65,-0.000403857,80.6445
505.7,-0.000402955,80.6444
505.75,-0.000403556,80.6444
505.8,-0.000404958,80.6444
505.85,-0.000400083,80.6444
505.9,-0.000407363,80.6444
505.95,-0.000403356,80.6443
506.0,-0.00040556,80.6443
506.05,-0.000402821,80.6443
506.1,-0.00040763,80.6443
506.15,-0.000415277,80.6443
506.2,-0.000415678,80.6442
506.25,-0.000408064,80.6442
506.3,-0.000410836,80.6442
506.35,-0.000411303,80.6442
506.4,-0.000410936,80.6442
506.45,-0.0004096,80.6441
506.5,-0.000407196,80.6441
506.55,-0.000414709,80.6441
506.6,-0.000408966,80.6441
506.65,-0.000417581,80.6441
506.7,-0.000414809,80.644
506.75,-0.000410936,80.644
506.8,-0.000412739,80.644
506.85,-0.000412839,80.644
506.9,-0.00040586,80.644
506.95,-0.000412472,80.6439
507.0,-0.000413273,80.6439
507.05,-0.000412505,80.6439
507.1,-0.000412839,80.6439
507.15,-0.000409333,80.6439
507.2,-0.000413407,80.6438
507.25,-0.000417381,80.6438
507.3,-0.000409901,80.6438
507.35,-0.000405793,80.6438
507.4,-0.000416078,80.6438
507.45,-0.000417648,80.6437
507.5,-0.000408398,80.6437
507.55,-0.00041698,80.6437
507.6,-0.000426798,80.6437
507.65,-0.000424861,80.6436
507.7,-0.000423625,80.6436
507.75,-0.000415411,80.6436
507.8,-0.00041344,80.6436
507.85,-0.000415911,80.6436
507.9,-0.000416646,80.6435
507.95,-0.000416012,80.6435
508.0,-0.000414075,80.6435
508.05,-0.000413908,80.6435
508.1,-0.000414609,80.6435
508.15,-0.000405593,80.6434
508.2,-0.000412806,80.6434
508.25,-0.000410468,80.6434
508.3,-0.000407463,80.6434
508.35,-0.000410402,80.6434
508.4,-0.00041511,80.6433
508.45,-0.000412973,80.6433
508.5,-0.000403456,80.6433
508.55,-0.000411437,80.6433
508.6,-0.000418383,80.6433
508.65,-0.000408999,80.6432
508.7,-0.000402788,80.6432
508.75,-0.000401486,80.6432
508.8,-0.000404023,80.6432
508.85,-0.0004094,80.6432
508.9,-0.000414075,80.6431
508.95,-0.000410635,80.6431
509.0,-0.000410802,80.6431
509.05,-0.000407897,80.6431
509.1,-0.000406929,80.6431
509.15,-0.00041334,80.643
509.2,-0.000420787,80.643
509.25,-0.000412205,80.643
509.3,-0.000418883,80.643
509.35,-0.000412004,80.6429
509.4,-0.000416513,80.6429
509.45,-0.000410068,80.6429
509.5,-0.000400116,80.6429
509.55,-0.000409233,80.6429
509.6,-0.0004097,80.6428
509.65,-0.00040556,80.6428
509.7,-0.000405526,80.6428
509.75,-0.000404858,80.6428
509.8,-0.00040035,80.6428
509.85,-0.000394874,80.6427
509.9,-0.000405793,80.6427
509.95,-0.000401786,80.6427
510.0,-0.000407463,80.6427
510.05,-0.000403623,80.6427
510.1,-0.000402287,80.6426
510.15,-0.00040596,80.6426
510.2,-0.000398347,80.6426
510.25,-0.000401252,80.6426
510.3,-0.000407129,80.6426
510.35,-0.000410502,80.6425
510.4,-0.000407329,80.6425
510.45,-0.000414108,80.6425
510.5,-0.000421622,80.6425
510.55,-0.000402688,80.6425
510.6,-0.000404558,80.6424
510.65,-0.000399616,80.6424
510.7,-0.000415578,80.6424
510.75,-0.000404458,80.6424
510.8,-0.000414609,80.6424
510.85,-0.000413574,80.6423
510.9,-0.000413006,80.6423
510.95,-0.000416212,80.6423
511.0,-0.000417681,80.6423
511.05,-0.000419651,80.6423
511.1,-0.000418516,80.6422
511.15,-0.000413941,80.6422
511.2,-0.000422957,80.6422
511.25,-0.000424694,80.6422
511.3,-0.000420753,80.6422
511.35,-0.000422456,80.6421
511.4,-0.00042456,80.6421
511.45,-0.000421789,80.6421
511.5,-0.000411337,80.6421
511.55,-0.000409133,80.642
511.6,-0.0004095,80.642
511.65,-0.000410335,80.642
511.7,-0.000412472,80.642
511.75,-0.000418683,80.642
511.8,-0.00040566,80.6419
511.85,-0.000397846,80.6419
511.9,-0.000409901,80.6419
511.95,-0.000405459,80.6419
512.0,-0.000397144,80.6419
512.05,-0.000407897,80.6418
512.1,-0.000406795,80.6418
512.15,-0.000412004,80.6418
512.2,-0.000405125,80.6418
512.25,-0.000409266,80.6418
512.3,-0.00040379,80.6417
512.35,-0.000408932,80.6417
512.4,-0.000406929,80.6417
512.45,-0.000404925,80.6417
512.5,-0.000408264,80.6417
512.55,-0.000417915,80.6416
512.6,-0.000415244,80.6416
512.65,-0.000404691,80.6416
512.7,-0.000402087,80.6416
512.75,-0.000403723,80.6416
512.8,-0.00041147,80.6415
512.85,-0.000409934,80.6415
512.9,-0.000410869,80.6415
512.95,-0.000399215,80.6415
513.0,-0.000406762,80.6414
513.05,-0.000395842,80.6414
513.1,-0.000403523,80.6414
513.15,-0.000403088,80.6414
513.2,-0.000398313,80.6414
513.25,-0.000388729,80.6413
513.3,-0.000400183,80.6413
513.35,-0.000398547,80.6413
513.4,-0.000398914,80.6413
513.45,-0.000390466,80.6413
513.5,-0.000394173,80.6413
513.55,-0.000401719,80.6412
513.6,-0.000405226,80.6412
513.65,-0.000411737,80.6412
513.7,-0.000412572,80.6412
513.75,-0.000406461,80.6412
513.8,-0.000409166,80.6411
513.85,-0.000405526,80.6411
513.9,-0.000401886,80.6411
513.95,-0.000403289,80.6411
514.0,-0.000414175,80.6411
514.05,-0.000420954,80.641
514.1,-0.000425428,80.641
514.15,-0.000418483,80.641
514.2,-0.000417681,80.641
514.25,-0.00042259,80.6409
514.3,-0.000417748,80.6409
514.35,-0.000410535,80.6409
514.4,-0.000405025,80.6409
514.45,-0.00040399,80.6409
514.5,-0.000414041,80.6408
514.55,-0.000406127,80.6408
514.6,-0.00040606,80.6408
514.65,-0.0004098,80.6408
514.7,-0.000411003,80.6408
514.75,-0.00040025,80.6407
514.8,-0.000398413,80.6407
514.85,-0.000400885,80.6407
514.9,-0.000405092,80.6407
514.95,-0.000401552,80.6407
515.0,-0.000399649,80.6406
515.05,-0.000404992,80.6406
515.1,-0.000404458,80.6406
515.15,-0.000410802,80.6406
515.2,-0.000408164,80.6406
515.25,-0.000408765,80.6405
515.3,-0.000411704,80.6405
515.35,-0.000406762,80.6405
515.4,-0.000412839,80.6405
515.45,-0.000406728,80.6405
515.5,-0.00040399,80.6404
515.55,-0.000401452,80.6404
515.6,-0.000411236,80.6404
515.65,-0.00041865,80.6404
515.7,-0.000410068,80.6404
515.75,-0.000413708,80.6403
515.8,-0.000402588,80.6403
515.85,-0.000415077,80.6403
515.9,-0.000413307,80.6403
515.95,-0.0004097,80.6403
516.0,-0.00040753,80.6402
516.05,-0.00040556,80.6402
516.1,-0.000411637,80.6402
516.15,-0.000417147,80.6402
516.2,-0.000405192,80.6402
516.25,-0.000405426,80.6401
516.3,-0.000412772,80.6401
516.35,-0.000410268,80.6401
516.4,-0.000411003,80.6401
516.45,-0.000414876,80.64
516.5,-0.000417381,80.64
516.55,-0.000423091,80.64
516.6,-0.000419485,80.64
516.65,-0.000420186,80.64
516.7,-0.000419284,80.6399
516.75,-0.00041531,80.6399
516.8,-0.000414976,80.6399
516.85,-0.000413908,80.6399
516.9,-0.000403122,80.6399
516.95,-0.000400985,80.6398
517.0,-0.000397879,80.6398
517.05,-0.00040389,80.6398
517.1,-0.000411337,80.6398
517.15,-0.000406595,80.6398
517.2,-0.000412605,80.6397
517.25,-0.000411804,80.6397
517.3,-0.000416179,80.6397
517.35,-0.000413641,80.6397
517.4,-0.000413474,80.6397
517.45,-0.000408732,80.6396
517.5,-0.000409901,80.6396
517.55,-0.000416346,80.6396
517.6,-0.000413541,80.6396
517.65,-0.000415544,80.6395
517.7,-0.000416212,80.6395
517.75,-0.000418817,80.6395
517.8,-0.000407563,80.6395
517.85,-0.000412405,80.6395
517.9,-0.000415477,80.6395
517.95,-0.000410535,80.6394
518.0,-0.000414275,80.6394
518.05,-0.000411036,80.6394
518.1,-0.000415711,80.6394
518.15,-0.000414776,80.6393
518.2,-0.000402888,80.6393
518.25,-0.00041501,80.6393
518.3,-0.000411504,80.6393
518.35,-0.000408765,80.6393
518.4,-0.000423191,80.6392
518.45,-0.000419818,80.6392
518.5,-0.00041698,80.6392
518.55,-0.000425829,80.6392
518.6,-0.00042466,80.6392
518.65,-0.000414876,80.6391
518.7,-0.000418316,80.6391
518.75,-0.000410902,80.6391
518.8,-0.000415077,80.6391
518.85,-0.000419551,80.6391
518.9,-0.000412605,80.639
518.95,-0.000418616,80.639
519.0,-0.000417882,80.639
519.05,-0.000426631,80.639
519.1,-0.000416446,80.6389
519.15,-0.000410235,80.6389
519.2,-0.000419952,80.6389
519.25,-0.000417581,80.6389
519.3,-0.000432241,80.6389
519.35,-0.000431406,80.6388
519.4,-0.000421355,80.6388
519.45,-0.000426263,80.6388
519.5,-0.000419184,80.6388
519.55,-0.000419485,80.6388
519.6,-0.000416012,80.6387
519.65,-0.000412572,80.6387
519.7,-0.000420887,80.6387
519.75,-0.000423458,80.6387
519.8,-0.000410001,80.6387
519.85,-0.000412672,80.6386
519.9,-0.000421822,80.6386
519.95,-0.000414008,80.6386
520.0,-0.000414075,80.6386
520.05,-0.000421188,80.6385
520.1,-0.000421355,80.6385
520.15,-0.000412706,80.6385
520.2,-0.000419518,80.6385
520.25,-0.00042052,80.6385
520.3,-0.000430371,80.6384
520.35,-0.000428033,80.6384
520.4,-0.00041501,80.6384
520.45,-0.000418082,80.6384
520.5,-0.000417648,80.6384
520.55,-0.000415678,80.6383
520.6,-0.000419985,80.6383
520.65,-0.000413874,80.6383
520.7,-0.000418349,80.6383
520.75,-0.000397779,80.6383
520.8,-0.000401686,80.6382
520.85,-0.000385824,80.6382
520.9,-0.00041511,80.6382
520.95,-0.000417548,80.6382
521.0,-0.000418984,80.6382
521.05,-0.000428467,80.6381
521.1,-0.000427499,80.6381
521.15,-0.000423792,80.6381
521.2,-0.000429135,80.6381
521.25,-0.000431105,80.638
521.3,-0.000428133,80.638
521.35,-0.000427399,80.638
521.4,-0.000424861,80.638
521.45,-0.000420887,80.638
521.5,-0.000422356,80.6379
521.55,-0.000415678,80.6379
521.6,-0.000411737,80.6379
521.65,-0.00042633,80.6379
521.7,-0.000418416,80.6379
521.75,-0.000423158,80.6378
521.8,-0.000414642,80.6378
521.85,-0.000422189,80.6378
521.9,-0.000416947,80.6378
521.95,-0.000421221,80.6378
522.0,-0.00041314,80.6377
522.05,-0.000420753,80.6377
522.1,-0.000412539,80.6377
522.15,-0.000418583,80.6377
522.2,-0.000416813,80.6376
522.25,-0.000411971,80.6376
522.3,-0.000397879,80.6376
522.35,-0.00040045,80.6376
522.4,-0.000415511,80.6376
522.45,-0.000414876,80.6376
522.5,-0.000416646,80.6375
522.55,-0.000418716,80.6375
522.6,-0.000429803,80.6375
522.65,-0.000427799,80.6375
522.7,-0.00042416,80.6374
522.75,-0.000417247,80.6374
522.8,-0.000412171,80.6374
522.85,-0.000409667,80.6374
522.9,-0.000414509,80.6374
522.95,-0.000410268,80.6373
523.0,-0.00041127,80.6373
523.05,-0.000417815,80.6373
523.1,-0.000409166,80.6373
523.15,-0.000410736,80.6373
523.2,-0.00041167,80.6372
523.25,-0.000414542,80.6372
523.3,-0.000419117,80.6372
523.35,-0.000414776,80.6372
523.4,-0.000412171,80.6372
523.45,-0.000412806,80.6371
523.5,-0.000418817,80.6371
523.55,-0.000415811,80.6371
523.6,-0.000412539,80.6371
523.65,-0.000416913,80.637
523.7,-0.000417314,80.637
523.75,-0.000416646,80.637
523.8,-0.000418883,80.637
523.85,-0.00041304,80.637
523.9,-0.000407396,80.6369
523.95,-0.000410569,80.6369
524.0,-0.000416412,80.6369
524.05,-0.000418549,80.6369
524.1,-0.000410468,80.6369
524.15,-0.000419919,80.6368
524.2,-0.000427299,80.6368
524.25,-0.000416679,80.6368
524.3,-0.000416913,80.6368
524.35,-0.000427632,80.6368
524.4,-0.000420753,80.6367
524.45,-0.000412939,80.6367
524.5,-0.000408765,80.6367
524.55,-0.000409366,80.6367
524.6,-0.000419718,80.6367
524.65,-0.000425061,80.6366
524.7,-0.000427031,80.6366
524.75,-0.000422557,80.6366
524.8,-0.000411938,80.6366
524.85,-0.000422056,80.6366
524.9,-0.000421889,80.6365
524.95,-0.000417648,80.6365
525.0,-0.000412272,80.6365
525.05,-0.000412105,80.6365
525.1,-0.000417414,80.6364
525.15,-0.000421855,80.6364
525.2,-0.000420787,80.6364
525.25,-0.000434745,80.6364
525.3,-0.000430437,80.6364
525.35,-0.000422924,80.6363
525.4,-0.000429903,80.6363
525.45,-0.000416746,80.6363
525.5,-0.000423291,80.6363
525.55,-0.000425595,80.6363
525.6,-0.000420052,80.6362
525.65,-0.000421622,80.6362
525.7,-0.000433443,80.6362
525.75,-0.000428935,80.6362
525.8,-0.000428501,80.6361
525.85,-0.000425996,80.6361
525.9,-0.000419451,80.6361
525.95,-0.00042229,80.6361
526.0,-0.000424126,80.6361
526.05,-0.000421288,80.636
526.1,-0.000413741,80.636
526.15,-0.000421488,80.636
526.2,-0.000423759,80.636
526.25,-0.000421388,80.636
526.3,-0.000416646,80.6359
526.35,-0.000420353,80.6359
526.4,-0.000426063,80.6359
526.45,-0.000421288,80.6359
526.5,-0.00042269,80.6358
526.55,-0.000424794,80.6358
526.6,-0.000426197,80.6358
526.65,-0.000428601,80.6358
526.7,-0.000426764,80.6358
526.75,-0.000425395,80.6357
526.8,-0.000426798,80.6357
526.85,-0.000428935,80.6357
526.9,-0.000428734,80.6357
526.95,-0.000425228,80.6357
527.0,-0.000416245,80.6356
527.05,-0.000417047,80.6356
527.1,-0.000416179,80.6356
527.15,-0.000417414,80.6356
527.2,-0.000422456,80.6356
527.25,-0.000430104,80.6355
527.3,-0.000425963,80.6355
527.35,-0.000425796,80.6355
527.4,-0.000420987,80.6355
527.45,-0.000418416,80.6354
527.5,-0.000410869,80.6354
527.55,-0.000406795,80.6354
527.6,-0.000412338,80.6354
527.65,-0.000419017,80.6354
527.7,-0.000432241,80.6353
527.75,-0.00041875,80.6353
527.8,-0.000429636,80.6353
527.85,-0.000435179,80.6353
527.9,-0.000428868,80.6353
527.95,-0.000432575,80.6352
528.0,-0.000427031,80.6352
528.05,-0.000423625,80.6352
528.1,-0.000418282,80.6352
528.15,-0.000411971,80.6352
528.2,-0.000417247,80.6351
528.25,-0.000424527,80.6351
528.3,-0.000427332,80.6351
528.35,-0.000425595,80.6351
528.4,-0.000426197,80.635
528.45,-0.000426664,80.635
528.5,-0.000430003,80.635
528.55,-0.000418716,80.635
528.6,-0.000427699,80.635
528.65,-0.000429269,80.6349
528.7,-0.000415945,80.6349
528.75,-0.000420453,80.6349
528.8,-0.000418683,80.6349
528.85,-0.000416245,80.6349
528.9,-0.000414108,80.6348
528.95,-0.000412338,80.6348
529.0,-0.000409567,80.6348
529.05,-0.000410836,80.6348
529.1,-0.000414843,80.6348
529.15,-0.000415878,80.6347
529.2,-0.000417581,80.6347
529.25,-0.000426798,80.6347
529.3,-0.000422423,80.6347
529.35,-0.000421521,80.6347
529.4,-0.000413607,80.6346
529.45,-0.000416279,80.6346
529.5,-0.000425095,80.6346
529.55,-0.000416145,80.6346
529.6,-0.00040586,80.6345
529.65,-0.000409634,80.6345
529.7,-0.000405259,80.6345
529.75,-0.000414008,80.6345
529.8,-0.000402053,80.6345
529.85,-0.000414309,80.6344
529.9,-0.000413073,80.6344
529.95,-0.000413541,80.6344
530.0,-0.000414709,80.6344
530.05,-0.000413273,80.6344
530.1,-0.000417047,80.6343
530.15,-0.000414642,80.6343
530.2,-0.000403456,80.6343
530.25,-0.000408097,80.6343
530.3,-0.000402421,80.6343
530.35,-0.000399816,80.6342
530.4,-0.000398914,80.6342
530.45,-0.000405292,80.6342
530.5,-0.000401519,80.6342
530.55,-0.000402955,80.6342
530.6,-0.000409734,80.6341
530.65,-0.000412405,80.6341
530.7,-0.000412205,80.6341
530.75,-0.000405927,80.6341
530.8,-0.000403155,80.6341
530.85,-0.000411837,80.634
530.9,-0.000408498,80.634
530.95,-0.000396577,80.634
531.0,-0.000403356,80.634
531.05,-0.000404424,80.634
531.1,-0.000406261,80.6339
531.15,-0.000408164,80.6339
531.2,-0.00040566,80.6339
531.25,-0.000416479,80.6339
531.3,-0.000410435,80.6339
531.35,-0.000426864,80.6338
531.4,-0.000422957,80.6338
531.45,-0.000420586,80.6338
531.5,-0.000422356,80.6338
531.55,-0.000419985,80.6337
531.6,-0.000424928,80.6337
531.65,-0.000415444,80.6337
531.7,-0.00042279,80.6337
531.75,-0.000419117,80.6337
531.8,-0.000411904,80.6336
531.85,-0.000411971,80.6336
531.9,-0.000412906,80.6336
531.95,-0.000417414,80.6336
532.0,-0.000423926,80.6336
532.05,-0.000422156,80.6335
532.1,-0.000424594,80.6335
532.15,-0.00042466,80.6335
532.2,-0.000430437,80.6335
532.25,-0.000419885,80.6335
532.3,-0.00041511,80.6334
532.35,-0.000415244,80.6334
532.4,-0.000421822,80.6334
532.45,-0.000423592,80.6334
532.5,-0.000415611,80.6333
532.55,-0.000418917,80.6333
532.6,-0.00041127,80.6333
532.65,-0.000412338,80.6333
532.7,-0.000417581,80.6333
532.75,-0.000420086,80.6332
532.8,-0.000419084,80.6332
532.85,-0.000419284,80.6332
532.9,-0.000417882,80.6332
532.95,-0.000422523,80.6332
533.0,-0.000421054,80.6331
533.05,-0.000415878,80.6331
533.1,-0.000415711,80.6331
533.15,-0.000424861,80.6331
533.2,-0.000421054,80.6331
533.25,-0.000417381,80.633
533.3,-0.000416746,80.633
533.35,-0.000423258,80.633
533.4,-0.000419952,80.633
533.45,-0.000404257,80.6329
533.5,-0.000416012,80.6329
533.55,-0.000421288,80.6329
533.6,-0.000429803,80.6329
533.65,-0.000417281,80.6329
533.7,-0.000423892,80.6328
533.75,-0.00042456,80.6328
533.8,-0.000417815,80.6328
533.85,-0.000412906,80.6328
533.9,-0.00041718,80.6328
533.95,-0.000427031,80.6327
534.0,-0.000422356,80.6327
534.05,-0.000412071,80.6327
534.1,-0.000409366,80.6327
534.15,-0.000420253,80.6327
534.2,-0.000421521,80.6326
534.25,-0.000415644,80.6326
534.3,-0.000417314,80.6326
534.35,-0.000424293,80.6326
534.4,-0.00042062,80.6326
534.45,-0.000419318,80.6325
534.5,-0.000427833,80.6325
534.55,-0.00042446,80.6325
534.6,-0.000417948,80.6325
534.65,-0.000417481,80.6324
534.7,-0.000414709,80.6324
534.75,-0.000412505,80.6324
534.8,-0.000417114,80.6324
534.85,-0.000413474,80.6324
534.9,-0.000411437,80.6323
534.95,-0.000416379,80.6323
535.0,-0.000417147,80.6323
535.05,-0.000414142,80.6323
535.1,-0.000415778,80.6323
535.15,-0.000409867,80.6322
535.2,-0.000416679,80.6322
535.25,-0.000410068,80.6322
535.3,-0.000407496,80.6322
535.35,-0.000408198,80.6322
535.4,-0.000416078,80.6321
535.45,-0.000409734,80.6321
535.5,-0.000419985,80.6321
535.55,-0.000415711,80.6321
535.6,-0.000420954,80.632
535.65,-0.000420119,80.632
535.7,-0.000416646,80.632
535.75,-0.000424126,80.632
535.8,-0.00041521,80.632
535.85,-0.000423124,80.632
535.9,-0.000420253,80.6319
535.95,-0.000422757,80.6319
536.0,-0.000424326,80.6319
536.05,-0.000421054,80.6319
536.1,-0.000421722,80.6318
536.15,-0.000423492,80.6318
536.2,-0.000422323,80.6318
536.25,-0.000428835,80.6318
536.3,-0.000420286,80.6318
536.35,-0.000427933,80.6317
536.4,-0.000429903,80.6317
536.45,-0.000433844,80.6317
536.5,-0.000428734,80.6317
536.55,-0.000421221,80.6317
536.6,-0.000421421,80.6316
536.65,-0.000424493,80.6316
536.7,-0.000435012,80.6316
536.75,-0.000440389,80.6316
536.8,-0.000435246,80.6315
536.85,-0.000441758,80.6315
536.9,-0.000433643,80.6315
536.95,-0.000430371,80.6315
537.0,-0.000425395,80.6315
537.05,-0.000432675,80.6314
537.1,-0.000440288,80.6314
537.15,-0.000449672,80.6314
537.2,-0.000447835,80.6314
537.25,-0.000449338,80.6313
537.3,-0.000453846,80.6313
537.35,-0.000447969,80.6313
537.4,-0.000438552,80.6313
537.45,-0.000442192,80.6313
537.5,-0.000438852,80.6312
537.55,-0.000436815,80.6312
537.6,-0.000444129,80.6312
537.65,-0.000444696,80.6312
537.7,-0.000439487,80.6311
537.75,-0.000435046,80.6311
537.8,-0.000434478,80.6311
537.85,-0.000436715,80.6311
537.9,-0.000435213,80.6311
537.95,-0.000435046,80.631
538.0,-0.000436715,80.631
538.05,-0.000435647,80.631
538.1,-0.000437918,80.631
538.15,-0.000429669,80.631
538.2,-0.000428167,80.6309
538.25,-0.000430738,80.6309
538.3,-0.00042229,80.6309
538.35,-0.000434411,80.6309
538.4,-0.000436916,80.6308
538.45,-0.000435847,80.6308
538.5,-0.000435313,80.6308
538.55,-0.000444797,80.6308
538.6,-0.000429836,80.6308
538.65,-0.000422724,80.6307
538.7,-0.000425428,80.6307
538.75,-0.000434879,80.6307
538.8,-0.00042653,80.6307
538.85,-0.000429135,80.6306
538.9,-0.000435279,80.6306
538.95,-0.000439019,80.6306
539.0,-0.000436214,80.6306
539.05,-0.000439387,80.6306
539.1,-0.000431406,80.6305
539.15,-0.000433276,80.6305
539.2,-0.000436882,80.6305
539.25,-0.000432942,80.6305
539.3,-0.000421388,80.6305
539.35,-0.000426464,80.6304
539.4,-0.000432474,80.6304
539.45,-0.000429402,80.6304
539.5,-0.000428835,80.6304
539.55,-0.000433777,80.6303
539.6,-0.000442659,80.6303
539.65,-0.000444362,80.6303
539.7,-0.00043568,80.6303
539.75,-0.000429369,80.6303
539.8,-0.000425395,80.6302
539.85,-0.000433677,80.6302
539.9,-0.000437183,80.6302
539.95,-0.000437216,80.6302
540.0,-0.00043558,80.6301
540.05,-0.000440522,80.6301
540.1,-0.000439454,80.6301
540.15,-0.00044129,80.6301
540.2,-0.000438519,80.6301
540.25,-0.000427833,80.63
540.3,-0.000427165,80.63
540.35,-0.000427432,80.63
540.4,-0.000430271,80.63
540.45,-0.000438619,80.63
540.5,-0.000431139,80.6299
540.55,-0.000424794,80.6299
540.6,-0.000418817,80.6299
540.65,-0.000425696,80.6299
540.7,-0.000415911,80.6298
540.75,-0.000417347,80.6298
540.8,-0.00041688,80.6298
540.85,-0.000419418,80.6298
540.9,-0.000417982,80.6298
540.95,-0.000415344,80.6297
541.0,-0.000418416,80.6297
541.05,-0.000423759,80.6297
541.1,-0.000423826,80.6297
541.15,-0.00042249,80.6297
541.2,-0.000436849,80.6296
541.25,-0.000437918,80.6296
541.3,-0.000430371,80.6296
541.35,-0.000423158,80.6296
541.4,-0.000432541,80.6295
541.45,-0.000416145,80.6295
541.5,-0.000427766,80.6295
541.55,-0.000424994,80.6295
541.6,-0.000429937,80.6295
541.65,-0.000431673,80.6294
541.7,-0.000438051,80.6294
541.75,-0.000430604,80.6294
541.8,-0.000438819,80.6294
541.85,-0.000428901,80.6294
541.9,-0.000430604,80.6293
541.95,-0.000416679,80.6293
542.0,-0.000415845,80.6293
542.05,-0.000426163,80.6293
542.1,-0.000425128,80.6292
542.15,-0.000432441,80.6292
542.2,-0.000425095,80.6292
542.25,-0.000420954,80.6292
542.3,-0.000422557,80.6292
542.35,-0.000432975,80.6291
542.4,-0.000432675,80.6291
542.45,-0.000429369,80.6291
542.5,-0.000434144,80.6291
542.55,-0.000437283,80.6291
542.6,-0.000436515,80.629
542.65,-0.000434779,80.629
542.7,-0.000422724,80.629
542.75,-0.000431473,80.629
542.8,-0.000425829,80.629
542.85,-0.000418616,80.6289
542.9,-0.000418984,80.6289
542.95,-0.00042249,80.6289
543.0,-0.000425462,80.6289
543.05,-0.000427532,80.6288
543.1,-0.000430938,80.6288
543.15,-0.000427733,80.6288
543.2,-0.000421021,80.6288
543.25,-0.000427733,80.6288
543.3,-0.000435547,80.6287
543.35,-0.000432408,80.6287
543.4,-0.000429402,80.6287
543.45,-0.000432141,80.6287
543.5,-0.000432107,80.6287
543.55,-0.000431239,80.6286
543.6,-0.000424827,80.6286
543.65,-0.000424761,80.6286
543.7,-0.000422123,80.6286
543.75,-0.00042052,80.6285
543.8,-0.000410969,80.6285
543.85,-0.000420453,80.6285
543.9,-0.000420753,80.6285
543.95,-0.00042623,80.6285
544.0,-0.00042416,80.6284
544.05,-0.000413607,80.6284
544.1,-0.000424293,80.6284
544.15,-0.000424193,80.6284
544.2,-0.000427632,80.6284
544.25,-0.000430204,80.6283
544.3,-0.000430003,80.6283
544.35,-0.000422991,80.6283
544.4,-0.000435981,80.6283
544.45,-0.000436982,80.6283
544.5,-0.000434278,80.6282
544.55,-0.000431439,80.6282
544.6,-0.000441824,80.6282
544.65,-0.000442926,80.6282
544.7,-0.000445731,80.6281
544.75,-0.000434812,80.6281
544.8,-0.000440556,80.6281
544.85,-0.000434478,80.6281
544.9,-0.000436548,80.6281
544.95,-0.000440389,80.628
545.0,-0.000440255,80.628
545.05,-0.000439921,80.628
545.1,-0.000437584,80.628
545.15,-0.000434845,80.6279
545.2,-0.000433209,80.6279
545.25,-0.000421989,80.6279
545.3,-0.000427566,80.6279
545.35,-0.000429436,80.6279
545.4,-0.000425796,80.6278
545.45,-0.000423759,80.6278
545.5,-0.000419217,80.6278
545.55,-0.000423091,80.6278
545.6,-0.000430738,80.6277
545.65,-0.000430504,80.6277
545.7,-0.000432141,80.6277
545.75,-0.000424694,80.6277
545.8,-0.000423959,80.6277
545.85,-0.000433343,80.6276
545.9,-0.000426163,80.6276
545.95,-0.000418783,80.6276
546.0,-0.000419284,80.6276
546.05,-0.000424694,80.6276
546.1,-0.000421989,80.6275
546.15,-0.000417648,80.6275
546.2,-0.000422022,80.6275
546.25,-0.000423024,80.6275
546.3,-0.000418817,80.6274
546.35,-0.000412572,80.6274
546.4,-0.000412906,80.6274
546.45,-0.000423759,80.6274
546.5,-0.000422924,80.6274
546.55,-0.000418549,80.6273
546.6,-0.000423024,80.6273
546.65,-0.000415778,80.6273
546.7,-0.000422857,80.6273
546.75,-0.000423058,80.6273
546.8,-0.000428935,80.6272
546.85,-0.000413541,80.6272
546.9,-0.000412472,80.6272
546.95,-0.000414609,80.6272
547.0,-0.000420253,80.6272
547.05,-0.000412706,80.6271
547.1,-0.000421221,80.6271
547.15,-0.000423191,80.6271
547.2,-0.000427933,80.6271
547.25,-0.00042239,80.6271
547.3,-0.000419017,80.627
547.35,-0.000410201,80.627
547.4,-0.000409233,80.627
547.45,-0.000415644,80.627
547.5,-0.000419585,80.627
547.55,-0.000412839,80.6269
547.6,-0.000420687,80.6269
547.65,-0.000415878,80.6269
547.7,-0.000411871,80.6269
547.75,-0.000413374,80.6268
547.8,-0.000418449,80.6268
547.85,-0.000424193,80.6268
547.9,-0.000423892,80.6268
547.95,-0.000422857,80.6268
548.0,-0.000419618,80.6267
548.05,-0.000423492,80.6267
548.1,-0.000405259,80.6267
548.15,-0.000419384,80.6267
548.2,-0.000433743,80.6267
548.25,-0.000421622,80.6266
548.3,-0.000416713,80.6266
548.35,-0.000418716,80.6266
548.4,-0.000429603,80.6266
548.45,-0.000427365,80.6265
548.5,-0.000405727,80.6265
548.55,-0.000411437,80.6265
548.6,-0.000414542,80.6265
548.65,-0.000425095,80.6265
548.7,-0.000422156,80.6264
548.75,-0.000404324,80.6264
548.8,-0.000390833,80.6264
548.85,-0.000398814,80.6264
548.9,-0.000406428,80.6264
548.95,-0.000412305,80.6264
549.0,-0.000421421,80.6263
549.05,-0.000430504,80.6263
549.1,-0.000423425,80.6263
549.15,-0.000437584,80.6263
549.2,-0.000436014,80.6262
549.25,-0.000429536,80.6262
549.3,-0.000426397,80.6262
549.35,-0.000425762,80.6262
549.4,-0.000436916,80.6262
549.45,-0.000433309,80.6261
549.5,-0.000435279,80.6261
549.55,-0.000431473,80.6261
549.6,-0.000421455,80.6261
549.65,-0.000432575,80.626
549.7,-0.00043351,80.626
549.75,-0.000428668,80.626
549.8,-0.000427632,80.626
549.85,-0.000427332,80.626
549.9,-0.000426297,80.6259
549.95,-0.000434578,80.6259
550.0,-0.000423759,80.6259
550.05,-0.00042092,80.6259
550.1,-0.000422857,80.6259
550.15,-0.000425195,80.6258
550.2,-0.000421154,80.6258
550.25,-0.000423258,80.6258
550.3,-0.000417047,80.6258
550.35,-0.000420086,80.6257
550.4,-0.00043558,80.6257
550.45,-0.000425529,80.6257
550.5,-0.000425729,80.6257
550.55,-0.000423258,80.6257
550.6,-0.000419785,80.6256
550.65,-0.000422223,80.6256
550.7,-0.00042072,80.6256
550.75,-0.000421922,80.6256
550.8,-0.000410969,80.6256
550.85,-0.000413073,80.6255
550.9,-0.000422623,80.6255
550.95,-0.000421588,80.6255
551.0,-0.000418783,80.6255
551.05,-0.00041127,80.6255
551.1,-0.000414342,80.6254
551.15,-0.000417214,80.6254
551.2,-0.000421922,80.6254
551.25,-0.000424761,80.6254
551.3,-0.000422022,80.6254
551.35,-0.000423759,80.6253
551.4,-0.000426163,80.6253
551.45,-0.000425529,80.6253
551.5,-0.000416245,80.6253
551.55,-0.000417314,80.6252
551.6,-0.000410902,80.6252
551.65,-0.000427733,80.6252
551.7,-0.000417948,80.6252
551.75,-0.000421722,80.6252
551.8,-0.000428501,80.6251
551.85,-0.000425696,80.6251
551.9,-0.000426263,80.6251
551.95,-0.00042416,80.6251
552.0,-0.000417882,80.6251
552.05,-0.000417815,80.625
552.1,-0.000423225,80.625
552.15,-0.000425228,80.625
552.2,-0.000418483,80.625
552.25,-0.000414876,80.6249
552.3,-0.000422991,80.6249
552.35,-0.000417915,80.6249
552.4,-0.000423525,80.6249
552.45,-0.000419852,80.6249
552.5,-0.000423792,80.6248
552.55,-0.000417715,80.6248
552.6,-0.000410335,80.6248
552.65,-0.000409467,80.6248
552.7,-0.000412305,80.6248
552.75,-0.000406294,80.6247
552.8,-0.000406862,80.6247
552.85,-0.000410335,80.6247
552.9,-0.000409567,80.6247
552.95,-0.000417314,80.6247
553.0,-0.000411904,80.6246
553.05,-0.000408932,80.6246
553.1,-0.000413708,80.6246
553.15,-0.000414208,80.6246
553.2,-0.000412238,80.6246
553.25,-0.000428768,80.6245
553.3,-0.00042426,80.6245
553.35,-0.000420152,80.6245
553.4,-0.000421254,80.6245
553.45,-0.000418115,80.6245
553.5,-0.000411804,80.6244
553.55,-0.000426263,80.6244
553.6,-0.000426197,80.6244
553.65,-0.000422056,80.6244
553.7,-0.000425428,80.6243
553.75,-0.000425829,80.6243
553.8,-0.000432207,80.6243
553.85,-0.000427132,80.6243
553.9,-0.000431072,80.6243
553.95,-0.000433109,80.6242
554.0,-0.000416613,80.6242
554.05,-0.000416346,80.6242
554.1,-0.000413741,80.6242
554.15,-0.000413374,80.6242
554.2,-0.000413708,80.6241
554.25,-0.000415911,80.6241
554.3,-0.000413474,80.6241
554.35,-0.000413374,80.6241
554.4,-0.000420787,80.624
554.45,-0.000416045,80.624
554.5,-0.000424727,80.624
554.55,-0.000408765,80.624
554.6,-0.000415077,80.624
554.65,-0.000413941,80.6239
554.7,-0.000412138,80.6239
554.75,-0.000411837,80.6239
554.8,-0.00040566,80.6239
554.85,-0.000405226,80.6239
554.9,-0.000408331,80.6238
554.95,-0.000409266,80.6238
555.0,-0.000406261,80.6238
555.05,-0.000403556,80.6238
555.1,-0.000408031,80.6238
555.15,-0.000398814,80.6237
555.2,-0.000402654,80.6237
555.25,-0.00040182,80.6237
555.3,-0.000406194,80.6237
555.35,-0.000405727,80.6237
555.4,-0.000395642,80.6236
555.45,-0.000400551,80.6236
555.5,-0.000398781,80.6236
555.55,-0.000405192,80.6236
555.6,-0.000407897,80.6236
555.65,-0.00040222,80.6235
555.7,-0.000404558,80.6235
555.75,-0.000406361,80.6235
555.8,-0.00040773,80.6235
555.85,-0.000409333,80.6235
555.9,-0.000411904,80.6234
555.95,-0.000411938,80.6234
556.0,-0.000392436,80.6234
556.05,-0.000402922,80.6234
556.1,-0.000404825,80.6234
556.15,-0.000398681,80.6233
556.2,-0.000402721,80.6233
556.25,-0.000401218,80.6233
556.3,-0.000391868,80.6233
556.35,-0.000407062,80.6233
556.4,-0.000400784,80.6232
556.45,-0.000398914,80.6232
556.5,-0.000401185,80.6232
556.55,-0.000407162,80.6232
556.6,-0.000398948,80.6232
556.65,-0.000405693,80.6231
556.7,-0.000404224,80.6231
556.75,-0.000402487,80.6231
556.8,-0.00041344,80.6231
556.85,-0.000410301,80.6231
556.9,-0.000409066,80.623
556.95,-0.000405059,80.623
557.0,-0.000398313,80.623
557.05,-0.000394874,80.623
557.1,-0.0003908,80.623
557.15,-0.000390967,80.6229
557.2,-0.000383921,80.6229
557.25,-0.000394807,80.6229
557.3,-0.000393171,80.6229
557.35,-0.000398547,80.6229
557.4,-0.000396143,80.6228
557.45,-0.000405192,80.6228
557.5,-0.000406027,80.6228
557.55,-0.000390933,80.6228
557.6,-0.000390633,80.6228
557.65,-0.000383821,80.6227
557.7,-0.000401786,80.6227
557.75,-0.000397812,80.6227
557.8,-0.000406795,80.6227
557.85,-0.000410235,80.6227
557.9,-0.000404491,80.6226
557.95,-0.000401352,80.6226
558.0,-0.000412539,80.6226
558.05,-0.000406795,80.6226
558.1,-0.000403523,80.6226
558.15,-0.00040232,80.6225
558.2,-0.000404124,80.6225
558.25,-0.000413641,80.6225
558.3,-0.000408498,80.6225
558.35,-0.000406161,80.6225
558.4,-0.000401352,80.6224
558.45,-0.000396577,80.6224
558.5,-0.000397579,80.6224
558.55,-0.000405226,80.6224
558.6,-0.000401653,80.6224
558.65,-0.000403155,80.6223
558.7,-0.000399115,80.6223
558.75,-0.000404524,80.6223
558.8,-0.000406027,80.6223
558.85,-0.00040763,80.6223
558.9,-0.000418349,80.6222
558.95,-0.000426697,80.6222
559.0,-0.000407263,80.6222
559.05,-0.000415945,80.6222
559.1,-0.000417882,80.6221
559.15,-0.000417114,80.6221
559.2,-0.00041501,80.6221
559.25,-0.000411103,80.6221
559.3,-0.00041314,80.6221
559.35,-0.000414242,80.622
559.4,-0.000404057,80.622
559.45,-0.000416078,80.622
559.5,-0.00040783,80.622
559.55,-0.000408899,80.622
559.6,-0.0004098,80.6219
559.65,-0.000411837,80.6219
559.7,-0.00041344,80.6219
559.75,-0.000423458,80.6219
559.8,-0.000430738,80.6219
559.85,-0.000423258,80.6218
559.9,-0.000417581,80.6218
559.95,-0.000413474,80.6218
560.0,-0.000413774,80.6218
560.05,-0.00041117,80.6218
560.1,-0.000421154,80.6217
560.15,-0.000421655,80.6217
560.2,-0.00042643,80.6217
560.25,-0.000417915,80.6217
560.3,-0.000415544,80.6217
560.35,-0.000410836,80.6216
560.4,-0.000418716,80.6216
560.45,-0.000411971,80.6216
560.5,-0.000417982,80.6216
560.55,-0.000409133,80.6215
560.6,-0.00040409,80.6215
560.65,-0.000404858,80.6215
560.7,-0.000407463,80.6215
560.75,-0.000402287,80.6215
560.8,-0.000406528,80.6214
560.85,-0.000420987,80.6214
560.9,-0.000412539,80.6214
560.95,-0.000418917,80.6214
561.0,-0.000420453,80.6214
561.05,-0.000417581,80.6213
561.1,-0.000417414,80.6213
561.15,-0.000383554,80.6213
561.2,-0.000403723,80.6213
561.25,-0.000406762,80.6213
561.3,-0.000413574,80.6212
561.35,-0.000412505,80.6212
561.4,-0.000416713,80.6212
561.45,-0.000410468,80.6212
561.5,-0.000410435,80.6212
561.55,-0.000408732,80.6211
561.6,-0.000411236,80.6211
561.65,-0.000408632,80.6211
561.7,-0.000407864,80.6211
561.75,-0.000414375,80.6211
561.8,-0.000411904,80.621
561.85,-0.000423592,80.621
561.9,-0.000427866,80.621
561.95,-0.000416379,80.621
562.0,-0.000424794,80.6209
562.05,-0.000425896,80.6209
562.1,-0.000423158,80.6209
562.15,-0.000423492,80.6209
562.2,-0.000428534,80.6209
562.25,-0.000416813,80.6208
562.3,-0.00042466,80.6208
562.35,-0.000421388,80.6208
562.4,-0.000410836,80.6208
562.45,-0.000408131,80.6208
562.5,-0.000419518,80.6207
562.55,-0.000409233,80.6207
562.6,-0.000408298,80.6207
562.65,-0.000413273,80.6207
562.7,-0.000411003,80.6207
562.75,-0.000416179,80.6206
562.8,-0.000419284,80.6206
562.85,-0.000417381,80.6206
562.9,-0.000421221,80.6206
562.95,-0.000425595,80.6206
563.0,-0.000427599,80.6205
563.05,-0.000423592,80.6205
563.1,-0.000421889,80.6205
563.15,-0.000428567,80.6205
563.2,-0.000426464,80.6204
563.25,-0.000426096,80.6204
563.3,-0.000428467,80.6204
563.35,-0.000431439,80.6204
563.4,-0.000434378,80.6204
563.45,-0.000430437,80.6203
563.5,-0.000437684,80.6203
563.55,-0.000429703,80.6203
563.6,-0.000426096,80.6203
563.65,-0.000425729,80.6203
563.7,-0.000423024,80.6202
563.75,-0.000414943,80.6202
563.8,-0.000416813,80.6202
563.85,-0.000425929,80.6202
563.9,-0.000426664,80.6201
563.95,-0.000428768,80.6201
564.0,-0.000415244,80.6201
564.05,-0.000414342,80.6201
564.1,-0.000418249,80.6201
564.15,-0.000421521,80.62
564.2,-0.00043174,80.62
564.25,-0.000428601,80.62
564.3,-0.000425195,80.62
564.35,-0.000422456,80.62
564.4,-0.000420787,80.6199
564.45,-0.000421722,80.6199
564.5,-0.000421087,80.6199
564.55,-0.000429369,80.6199
564.6,-0.000416379,80.6199
564.65,-0.000408966,80.6198
564.7,-0.000422223,80.6198
564.75,-0.00042082,80.6198
564.8,-0.000421321,80.6198
564.85,-0.000415644,80.6197
564.9,-0.000422189,80.6197
564.95,-0.000431038,80.6197
565.0,-0.000422156,80.6197
565.05,-0.000413073,80.6197
565.1,-0.000418616,80.6196
565.15,-0.000417013,80.6196
565.2,-0.000425829,80.6196
565.25,-0.000423892,80.6196
565.3,-0.000420987,80.6196
565.35,-0.000421488,80.6195
565.4,-0.000429536,80.6195
565.45,-0.000427699,80.6195
565.5,-0.00041708,80.6195
565.55,-0.000420152,80.6195
565.6,-0.000416513,80.6194
565.65,-0.000414108,80.6194
565.7,-0.000419485,80.6194
565.75,-0.000409834,80.6194
565.8,-0.000425896,80.6193
565.85,-0.000422323,80.6193
565.9,-0.00041324,80.6193
565.95,-0.000417848,80.6193
566.0,-0.000415143,80.6193
566.05,-0.000426363,80.6192
566.1,-0.000428734,80.6192
566.15,-0.000431005,80.6192
566.2,-0.000438686,80.6192
566.25,-0.000429937,80.6192
566.3,-0.00042987,80.6191
566.35,-0.000432975,80.6191
566.4,-0.000440222,80.6191
566.45,-0.000430104,80.6191
566.5,-0.000434177,80.619
566.55,-0.000434979,80.619
566.6,-0.000427432,80.619
566.65,-0.000416145,80.619
566.7,-0.000423592,80.619
566.75,-0.000425696,80.6189
566.8,-0.000433543,80.6189
566.85,-0.000428768,80.6189
566.9,-0.000430571,80.6189
566.95,-0.000427699,80.6189
567.0,-0.000423558,80.6188
567.05,-0.000421421,80.6188
567.1,-0.000417748,80.6188
567.15,-0.000427165,80.6188
567.2,-0.000421855,80.6188
567.25,-0.000425796,80.6187
567.3,-0.000430638,80.6187
567.35,-0.000425929,80.6187
567.4,-0.000435346,80.6187
567.45,-0.00043194,80.6186
567.5,-0.0004283,80.6186
567.55,-0.000422356,80.6186
567.6,-0.00043174,80.6186
567.65,-0.000427198,80.6186
567.7,-0.000426898,80.6185
567.75,-0.000428935,80.6185
567.8,-0.000434712,80.6185
567.85,-0.000424761,80.6185
567.9,-0.000427699,80.6184
567.95,-0.000433176,80.6184
568.0,-0.000432174,80.6184
568.05,-0.000436415,80.6184
568.1,-0.000435079,80.6184
568.15,-0.000427031,80.6183
568.2,-0.000427031,80.6183
568.25,-0.000426363,80.6183
568.3,-0.000425061,80.6183
568.35,-0.000418282,80.6183
568.4,-0.000419251,80.6182
568.45,-0.000417347,80.6182
568.5,-0.000420052,80.6182
568.55,-0.000419217,80.6182
568.6,-0.000418917,80.6181
568.65,-0.000426664,80.6181
568.7,-0.000419718,80.6181
568.75,-0.000416646,80.6181
568.8,-0.00042653,80.6181
568.85,-0.000430705,80.618
568.9,-0.000431539,80.618
568.95,-0.000420286,80.618
569.0,-0.00042269,80.618
569.05,-0.000422757,80.618
569.1,-0.000422924,80.6179
569.15,-0.000429002,80.6179
569.2,-0.000433376,80.6179
569.25,-0.000429536,80.6179
569.3,-0.000438986,80.6179
569.35,-0.000431974,80.6178
569.4,-0.000431406,80.6178
569.45,-0.000432408,80.6178
569.5,-0.00043578,80.6178
569.55,-0.000432007,80.6177
569.6,-0.00043204,80.6177
569.65,-0.000430872,80.6177
569.7,-0.000425595,80.6177
569.75,-0.000433209,80.6177
569.8,-0.00043204,80.6176
569.85,-0.000429068,80.6176
569.9,-0.000415678,80.6176
569.95,-0.000424861,80.6176
570.0,-0.000428868,80.6176
570.05,-0.000421355,80.6175
570.1,-0.000425128,80.6175
570.15,-0.000426831,80.6175
570.2,-0.000416646,80.6175
570.25,-0.000413908,80.6174
570.3,-0.000422657,80.6174
570.35,-0.000423692,80.6174
570.4,-0.000427632,80.6174
570.45,-0.000423058,80.6174
570.5,-0.000428067,80.6173
570.55,-0.000439821,80.6173
570.6,-0.000437049,80.6173
570.65,-0.000442893,80.6173
570.7,-0.000430805,80.6173
570.75,-0.000429068,80.6172
570.8,-0.000421622,80.6172
570.85,-0.000414509,80.6172
570.9,-0.000423692,80.6172
570.95,-0.000419518,80.6171
571.0,-0.000416713,80.6171
571.05,-0.000417781,80.6171
571.1,-0.000420086,80.6171
571.15,-0.000429035,80.6171
571.2,-0.000428434,80.617
571.25,-0.000426197,80.617
571.3,-0.000425428,80.617
571.35,-0.000433643,80.617
571.4,-0.000431038,80.617
571.45,-0.000425195,80.6169
571.5,-0.00042613,80.6169
571.55,-0.000434478,80.6169
571.6,-0.000435547,80.6169
571.65,-0.000434979,80.6169
571.7,-0.000430471,80.6168
571.75,-0.00043558,80.6168
571.8,-0.000419418,80.6168
571.85,-0.000423859,80.6168
571.9,-0.000432241,80.6167
571.95,-0.000424694,80.6167
572.0,-0.000429135,80.6167
572.05,-0.000433176,80.6167
572.1,-0.000429002,80.6167
572.15,-0.000424794,80.6166
572.2,-0.000427833,80.6166
572.25,-0.000433176,80.6166
572.3,-0.000433476,80.6166
572.35,-0.000423659,80.6165
572.4,-0.000424928,80.6165
572.45,-0.00042643,80.6165
572.5,-0.000427799,80.6165
572.55,-0.000428968,80.6165
572.6,-0.000421588,80.6164
572.65,-0.00042082,80.6164
572.7,-0.000431606,80.6164
572.75,-0.000430805,80.6164
572.8,-0.000429937,80.6164
572.85,-0.000438418,80.6163
572.9,-0.000427933,80.6163
572.95,-0.000432875,80.6163
573.0,-0.00043558,80.6163
573.05,-0.000428167,80.6162
573.1,-0.000433309,80.6162
573.15,-0.000435547,80.6162
573.2,-0.000431473,80.6162
573.25,-0.000440088,80.6162
573.3,-0.000442125,80.6161
573.35,-0.000432975,80.6161
573.4,-0.000425195,80.6161
573.45,-0.00043558,80.6161
573.5,-0.000438185,80.6161
573.55,-0.000434044,80.616
573.6,-0.000434344,80.616
573.65,-0.000427766,80.616
573.7,-0.000425629,80.616
573.75,-0.000428601,80.6159
573.8,-0.000429669,80.6159
573.85,-0.000421355,80.6159
573.9,-0.000433977,80.6159
573.95,-0.000434912,80.6159
574.0,-0.000431573,80.6158
574.05,-0.000434077,80.6158
574.1,-0.000434111,80.6158
574.15,-0.000448136,80.6158
574.2,-0.000442092,80.6158
574.25,-0.000450607,80.6157
574.3,-0.000441223,80.6157
574.35,-0.000427432,80.6157
574.4,-0.000436782,80.6157
574.45,-0.000445999,80.6156
574.5,-0.000432241,80.6156
574.55,-0.000433309,80.6156
574.6,-0.000438619,80.6156
574.65,-0.000442125,80.6156
574.7,-0.000438118,80.6155
574.75,-0.00044887,80.6155
574.8,-0.000439821,80.6155
574.85,-0.000432541,80.6155
574.9,-0.000439253,80.6154
574.95,-0.000436515,80.6154
575.0,-0.000436281,80.6154
575.05,-0.000432141,80.6154
575.1,-0.000429569,80.6154
575.15,-0.000430638,80.6153
575.2,-0.000434979,80.6153
575.25,-0.000440155,80.6153
575.3,-0.000435613,80.6153
575.35,-0.000448503,80.6152
575.4,-0.000446199,80.6152
575.45,-0.000441958,80.6152
575.5,-0.000448704,80.6152
575.55,-0.000442192,80.6152
575.6,-0.000441157,80.6151
575.65,-0.000438051,80.6151
575.7,-0.000442893,80.6151
575.75,-0.000435446,80.6151
575.8,-0.000450974,80.615
575.85,-0.000444997,80.615
575.9,-0.000444763,80.615
575.95,-0.000439554,80.615
576.0,-0.000435179,80.615
576.05,-0.000438552,80.6149
576.1,-0.00045585,80.6149
576.15,-0.000447268,80.6149
576.2,-0.000436815,80.6149
576.25,-0.000434645,80.6148
576.3,-0.000432575,80.6148
576.35,-0.000442125,80.6148
576.4,-0.000442058,80.6148
576.45,-0.000434278,80.6148
576.5,-0.000432307,80.6147
576.55,-0.000435847,80.6147
576.6,-0.00044119,80.6147
576.65,-0.00043204,80.6147
576.7,-0.000433543,80.6147
576.75,-0.000426898,80.6146
576.8,-0.000426898,80.6146
576.85,-0.000430571,80.6146
576.9,-0.000435647,80.6146
576.95,-0.000436448,80.6145
577.0,-0.000424527,80.6145
577.05,-0.00042653,80.6145
577.1,-0.000425095,80.6145
577.15,-0.000419117,80.6145
577.2,-0.000426397,80.6144
577.25,-0.000428634,80.6144
577.3,-0.000433142,80.6144
577.35,-0.000428768,80.6144
577.4,-0.000425963,80.6143
577.45,-0.000424026,80.6143
577.5,-0.000424493,80.6143
577.55,-0.000428501,80.6143
577.6,-0.000433643,80.6143
577.65,-0.000430805,80.6142
577.7,-0.000424928,80.6142
577.75,-0.000427833,80.6142
577.8,-0.000424861,80.6142
577.85,-0.000426363,80.6142
577.9,-0.000421789,80.6141
577.95,-0.000426363,80.6141
578.0,-0.000427432,80.6141
578.05,-0.000434411,80.6141
578.1,-0.000439587,80.6141
578.15,-0.00044139,80.614
578.2,-0.000434979,80.614
578.25,-0.000438852,80.614
578.3,-0.000445698,80.614
578.35,-0.000441557,80.6139
578.4,-0.000443361,80.6139
578.45,-0.000437116,80.6139
578.5,-0.000433276,80.6139
578.55,-0.000439687,80.6139
578.6,-0.000442426,80.6138
578.65,-0.00044119,80.6138
578.7,-0.000439253,80.6138
578.75,-0.000432307,80.6138
578.8,-0.000435346,80.6137
578.85,-0.000438886,80.6137
578.9,-0.000432541,80.6137
578.95,-0.000428567,80.6137
579.0,-0.000426998,80.6137
579.05,-0.000428167,80.6136
579.1,-0.000429903,80.6136
579.15,-0.000425462,80.6136
579.2,-0.000423258,80.6136
579.25,-0.000424594,80.6135
579.3,-0.000415744,80.6135
579.35,-0.000416012,80.6135
579.4,-0.000414743,80.6135
579.45,-0.000424727,80.6135
579.5,-0.000426965,80.6134
579.55,-0.000430938,80.6134
579.6,-0.00043007,80.6134
579.65,-0.000433743,80.6134
579.7,-0.000435914,80.6134
579.75,-0.00043735,80.6133
579.8,-0.000428968,80.6133
579.85,-0.000429937,80.6133
579.9,-0.000427165,80.6133
579.95,-0.000432942,80.6133
580.0,-0.000433276,80.6132
580.05,-0.000438218,80.6132
580.1,-0.000426731,80.6132
580.15,-0.000427933,80.6132
580.2,-0.000433543,80.6131
580.25,-0.000436615,80.6131
580.3,-0.000436649,80.6131
580.35,-0.000430304,80.6131
580.4,-0.000424694,80.6131
580.45,-0.000425395,80.613
580.5,-0.000430371,80.613
580.55,-0.000429603,80.613
580.6,-0.00043381,80.613
580.65,-0.000432608,80.613
580.7,-0.000431372,80.6129
580.75,-0.000429035,80.6129
580.8,-0.000441056,80.6129
580.85,-0.000437383,80.6129
580.9,-0.000440923,80.6128
580.95,-0.000446566,80.6128
581.0,-0.000441591,80.6128
581.05,-0.000443093,80.6128
581.1,-0.000440455,80.6128
581.15,-0.000434578,80.6127
581.2,-0.000441824,80.6127
581.25,-0.000438919,80.6127
581.3,-0.000438819,80.6127
581.35,-0.00043184,80.6126
581.4,-0.000445765,80.6126
581.45,-0.000442058,80.6126
581.5,-0.000449405,80.6126
581.55,-0.000456184,80.6126
581.6,-0.000440422,80.6125
581.65,-0.000444095,80.6125
581.7,-0.000439921,80.6125
581.75,-0.000454481,80.6125
581.8,-0.000450373,80.6124
581.85,-0.000434979,80.6124
581.9,-0.00044837,80.6124
581.95,-0.000439587,80.6124
582.0,-0.000450139,80.6124
582.05,-0.000446299,80.6123
582.1,-0.000442726,80.6123
582.15,-0.000436548,80.6123
582.2,-0.000448837,80.6123
582.25,-0.00044099,80.6122
582.3,-0.000443294,80.6122
582.35,-0.000426998,80.6122
582.4,-0.000440188,80.6122
582.45,-0.000435613,80.6122
582.5,-0.000443995,80.6121
582.55,-0.000442025,80.6121
582.6,-0.000441591,80.6121
582.65,-0.000444663,80.6121
582.7,-0.000452744,80.612
582.75,-0.000441958,80.612
582.8,-0.000440155,80.612
582.85,-0.000448603,80.612
582.9,-0.00045428,80.612
582.95,-0.000454481,80.6119
583.0,-0.000439019,80.6119
583.05,-0.000442993,80.6119
583.1,-0.000436649,80.6119
583.15,-0.000452343,80.6118
583.2,-0.000449505,80.6118
583.25,-0.000455349,80.6118
583.3,-0.000445498,80.6118
583.35,-0.000446934,80.6118
583.4,-0.000444195,80.6117
583.45,-0.000451442,80.6117
583.5,-0.000450473,80.6117
583.55,-0.000454013,80.6117
583.6,-0.00044857,80.6116
583.65,-0.000452644,80.6116
583.7,-0.000449805,80.6116
583.75,-0.000448136,80.6116
583.8,-0.000447034,80.6115
583.85,-0.000446399,80.6115
583.9,-0.000439988,80.6115
583.95,-0.000447334,80.6115
584.0,-0.000437684,80.6115
584.05,-0.000445097,80.6114
584.1,-0.000443962,80.6114
584.15,-0.0004465,80.6114
584.2,-0.000450807,80.6114
584.25,-0.000439253,80.6114
584.3,-0.000436248,80.6113
584.35,-0.000440155,80.6113
584.4,-0.000433977,80.6113
584.45,-0.000428868,80.6113
584.5,-0.000429335,80.6112
584.55,-0.000426898,80.6112
584.6,-0.000435847,80.6112
584.65,-0.000435079,80.6112
584.7,-0.000436815,80.6112
584.75,-0.000438652,80.6111
584.8,-0.000444663,80.6111
584.85,-0.00045428,80.6111
584.9,-0.000434044,80.6111
584.95,-0.000431172,80.611
585.0,-0.000428668,80.611
585.05,-0.000434879,80.611
585.1,-0.000437817,80.611
585.15,-0.000441858,80.611
585.2,-0.000441824,80.6109
585.25,-0.000446399,80.6109
585.3,-0.000451008,80.6109
585.35,-0.000446333,80.6109
585.4,-0.000454814,80.6108
585.45,-0.000450473,80.6108
585.5,-0.000451408,80.6108
585.55,-0.000444863,80.6108
585.6,-0.000442058,80.6108
585.65,-0.000436515,80.6107
585.7,-0.000446666,80.6107
585.75,-0.000440522,80.6107
585.8,-0.000435413,80.6107
585.85,-0.000438118,80.6106
585.9,-0.000434445,80.6106
585.95,-0.000439888,80.6106
586.0,-0.000441524,80.6106
586.05,-0.000441691,80.6106
586.1,-0.000437016,80.6105
586.15,-0.000443294,80.6105
586.2,-0.000441991,80.6105
586.25,-0.000439587,80.6105
586.3,-0.000432808,80.6105
586.35,-0.000439754,80.6104
586.4,-0.000431339,80.6104
586.45,-0.000437183,80.6104
586.5,-0.000436214,80.6104
586.55,-0.000433109,80.6103
586.6,-0.000438719,80.6103
586.65,-0.00043361,80.6103
586.7,-0.000434144,80.6103
586.75,-0.000439186,80.6103
586.8,-0.000441324,80.6102
586.85,-0.000445531,80.6102
586.9,-0.000449271,80.6102
586.95,-0.000447201,80.6102
587.0,-0.000448269,80.6101
587.05,-0.000447234,80.6101
587.1,-0.000452878,80.6101
587.15,-0.000450006,80.6101
587.2,-0.000441824,80.6101
587.25,-0.000446099,80.61
587.3,-0.000454247,80.61
587.35,-0.000453111,80.61
587.4,-0.00045969,80.61
587.45,-0.000460692,80.6099
587.5,-0.000454414,80.6099
587.55,-0.000450907,80.6099
587.6,-0.000450273,80.6099
587.65,-0.000446333,80.6098
587.7,-0.000451074,80.6098
587.75,-0.000445965,80.6098
587.8,-0.000452777,80.6098
587.85,-0.000443461,80.6098
587.9,-0.000446132,80.6097
587.95,-0.000442492,80.6097
588.0,-0.000443828,80.6097
588.05,-0.000450473,80.6097
588.1,-0.000448336,80.6096
588.15,-0.000445331,80.6096
588.2,-0.000442192,80.6096
588.25,-0.000445531,80.6096
588.3,-0.000445297,80.6096
588.35,-0.00044099,80.6095
588.4,-0.000442426,80.6095
588.45,-0.00044857,80.6095
588.5,-0.000441925,80.6095
588.55,-0.000440155,80.6095
588.6,-0.000444563,80.6094
588.65,-0.00044316,80.6094
588.7,-0.000450206,80.6094
588.75,-0.000445565,80.6094
588.8,-0.000435981,80.6093
588.85,-0.000437884,80.6093
588.9,-0.000447468,80.6093
588.95,-0.000441791,80.6093
589.0,-0.000440589,80.6093
589.05,-0.000440255,80.6092
589.1,-0.0004469,80.6092
589.15,-0.00044139,80.6092
589.2,-0.000437183,80.6092
589.25,-0.000437751,80.6091
589.3,-0.000443628,80.6091
589.35,-0.000447501,80.6091
589.4,-0.000434111,80.6091
589.45,-0.000447334,80.609
589.5,-0.000442926,80.609
589.55,-0.000436047,80.609
589.6,-0.000439353,80.609
589.65,-0.000434077,80.609
589.7,-0.000433042,80.6089
589.75,-0.000428434,80.6089
589.8,-0.00043194,80.6089
589.85,-0.000427733,80.6089
589.9,-0.000433677,80.6089
589.95,-0.000428133,80.6088
590.0,-0.000426297,80.6088
590.05,-0.000431606,80.6088
590.1,-0.000435513,80.6088
590.15,-0.000421956,80.6087
590.2,-0.000432742,80.6087
590.25,-0.000431239,80.6087
590.3,-0.000428467,80.6087
590.35,-0.00043351,80.6087
590.4,-0.000438485,80.6086
590.45,-0.000430404,80.6086
590.5,-0.000432608,80.6086
590.55,-0.000436148,80.6086
590.6,-0.000437584,80.6086
590.65,-0.000438084,80.6085
590.7,-0.000438118,80.6085
590.75,-0.000442225,80.6085
590.8,-0.000440656,80.6085
590.85,-0.000446733,80.6084
590.9,-0.000440823,80.6084
590.95,-0.000443294,80.6084
591.0,-0.000438919,80.6084
591.05,-0.000436081,80.6084
591.1,-0.000437584,80.6083
591.15,-0.000428167,80.6083
591.2,-0.000432141,80.6083
591.25,-0.000429202,80.6083
591.3,-0.000430104,80.6082
591.35,-0.00044129,80.6082
591.4,-0.000442192,80.6082
591.45,-0.00043952,80.6082
591.5,-0.000430003,80.6082
591.55,-0.000430104,80.6081
591.6,-0.000427699,80.6081
591.65,-0.000423525,80.6081
591.7,-0.00042623,80.6081
591.75,-0.000428768,80.6081
591.8,-0.000430671,80.608
591.85,-0.000415077,80.608
591.9,-0.000425896,80.608
591.95,-0.00042643,80.608
592.0,-0.000430271,80.6079
592.05,-0.000438018,80.6079
592.1,-0.000434044,80.6079
592.15,-0.000445765,80.6079
592.2,-0.000436014,80.6079
592.25,-0.000426664,80.6078
592.3,-0.000431272,80.6078
592.35,-0.000430204,80.6078
592.4,-0.00043538,80.6078
592.45,-0.000422523,80.6077
592.5,-0.000419418,80.6077
592.55,-0.000428133,80.6077
592.6,-0.000417414,80.6077
592.65,-0.000423458,80.6077
592.7,-0.000425796,80.6076
592.75,-0.000413474,80.6076
592.8,-0.000424093,80.6076
592.85,-0.000423625,80.6076
592.9,-0.00042229,80.6076
592.95,-0.000416045,80.6075
593.0,-0.000411036,80.6075
593.05,-0.000414676,80.6075
593.1,-0.000419885,80.6075
593.15,-0.000421154,80.6075
593.2,-0.000423926,80.6074
593.25,-0.000423091,80.6074
593.3,-0.000418015,80.6074
593.35,-0.000425629,80.6074
593.4,-0.000430271,80.6074
593.45,-0.000432307,80.6073
593.5,-0.000430003,80.6073
593.55,-0.000423425,80.6073
593.6,-0.000435346,80.6073
593.65,-0.000442292,80.6072
593.7,-0.000436148,80.6072
593.75,-0.000438118,80.6072
593.8,-0.000423091,80.6072
593.85,-0.000416212,80.6072
593.9,-0.000429402,80.6071
593.95,-0.000427766,80.6071
594.0,-0.000427332,80.6071
594.05,-0.000426697,80.6071
594.1,-0.000416245,80.607
594.15,-0.000414709,80.607
594.2,-0.000409867,80.607
594.25,-0.000412472,80.607
594.3,-0.000417114,80.607
594.35,-0.000415678,80.6069
594.4,-0.000421221,80.6069
594.45,-0.000419485,80.6069
594.5,-0.000427332,80.6069
594.55,-0.000430938,80.6069
594.6,-0.000420319,80.6068
594.65,-0.000413874,80.6068
594.7,-0.000423926,80.6068
594.75,-0.00043164,80.6068
594.8,-0.000424226,80.6068
594.85,-0.000424694,80.6067
594.9,-0.00042229,80.6067
594.95,-0.000421521,80.6067
595.0,-0.000422891,80.6067
595.05,-0.000417314,80.6067
595.1,-0.000424193,80.6066
595.15,-0.00041531,80.6066
595.2,-0.000422991,80.6066
595.25,-0.000427399,80.6066
595.3,-0.000427399,80.6065
595.35,-0.000430104,80.6065
595.4,-0.000426831,80.6065
595.45,-0.000429168,80.6065
595.5,-0.000423391,80.6065
595.55,-0.000412238,80.6064
595.6,-0.000421555,80.6064
595.65,-0.000423625,80.6064
595.7,-0.000418549,80.6064
595.75,-0.000415277,80.6064
595.8,-0.000413574,80.6063
595.85,-0.000410802,80.6063
595.9,-0.000413374,80.6063
595.95,-0.000422623,80.6063
596.0,-0.000411403,80.6063
596.05,-0.000413073,80.6062
596.1,-0.000421855,80.6062
596.15,-0.000421655,80.6062
596.2,-0.000427599,80.6062
596.25,-0.000424193,80.6061
596.3,-0.000431239,80.6061
596.35,-0.000428534,80.6061
596.4,-0.000422523,80.6061
596.45,-0.00042633,80.6061
596.5,-0.000423558,80.606
596.55,-0.000425762,80.606
596.6,-0.000431807,80.606
596.65,-0.000417314,80.606
596.7,-0.000425929,80.606
596.75,-0.000427165,80.6059
596.8,-0.000440689,80.6059
596.85,-0.000426297,80.6059
596.9,-0.000425929,80.6059
596.95,-0.000424928,80.6059
597.0,-0.000418984,80.6058
597.05,-0.000423258,80.6058
597.1,-0.000424894,80.6058
597.15,-0.000413641,80.6058
597.2,-0.000415444,80.6057
597.25,-0.000424026,80.6057
597.3,-0.000425696,80.6057
597.35,-0.000425929,80.6057
597.4,-0.000423558,80.6057
597.45,-0.000418182,80.6056
597.5,-0.000414342,80.6056
597.55,-0.000419217,80.6056
597.6,-0.000421956,80.6056
597.65,-0.00042229,80.6056
597.7,-0.000423492,80.6055
597.75,-0.000423091,80.6055
597.8,-0.000431205,80.6055
597.85,-0.000428267,80.6055
597.9,-0.000432107,80.6054
597.95,-0.000418516,80.6054
598.0,-0.000421956,80.6054
598.05,-0.000420553,80.6054
598.1,-0.000417982,80.6054
598.15,-0.000415811,80.6053
598.2,-0.000427766,80.6053
598.25,-0.00042279,80.6053
598.3,-0.000422423,80.6053
598.35,-0.000424727,80.6053
598.4,-0.000418917,80.6052
598.45,-0.000408665,80.6052
598.5,-0.000418449,80.6052
598.55,-0.000415177,80.6052
598.6,-0.000424493,80.6051
598.65,-0.000428067,80.6051
598.7,-0.000423291,80.6051
598.75,-0.000423058,80.6051
598.8,-0.000423458,80.6051
598.85,-0.000429603,80.605
598.9,-0.000427833,80.605
598.95,-0.00042987,80.605
599.0,-0.000419318,80.605
599.05,-0.000425161,80.605
599.1,-0.000425195,80.6049
599.15,-0.000429469,80.6049
599.2,-0.000426564,80.6049
599.25,-0.00042987,80.6049
599.3,-0.000422056,80.6049
599.35,-0.000430437,80.6048
599.4,-0.000430538,80.6048
599.45,-0.000424059,80.6048
599.5,-0.000430371,80.6048
599.55,-0.000429369,80.6047
599.6,-0.00043568,80.6047
599.65,-0.000441824,80.6047
599.7,-0.000447067,80.6047
599.75,-0.000443594,80.6047
599.8,-0.000444396,80.6046
599.85,-0.000444663,80.6046
599.9,-0.000438218,80.6046
599.95,-0.000432942,80.6046
600.0,-0.000432274,80.6045
